# OBJ file
mtllib default.ico.mtl
v -0.004639 2.701416 -1.555908 0.290196 0.290196 0.290196 #0.000000
v -0.188965 2.225830 -1.460449 0.290196 0.290196 0.290196 #0.000000
v -0.512695 2.654541 -1.460205 0.290196 0.290196 0.290196 #0.000000
v -0.004639 2.701416 -1.555908 0.290196 0.290196 0.290196 #0.000000
v -0.512695 2.654541 -1.460205 0.290196 0.290196 0.290196 #0.000000
v -0.273193 3.135254 -1.460449 0.290196 0.290196 0.290196 #0.000000
v -0.004639 2.701416 -1.555908 0.290196 0.290196 0.290196 #0.000000
v -0.273193 3.135254 -1.460449 0.290196 0.290196 0.290196 #0.000000
v 0.263672 3.135254 -1.460693 0.290196 0.290196 0.290196 #0.000000
v -0.004639 2.701416 -1.555908 0.290196 0.290196 0.290196 #0.000000
v 0.263672 3.135254 -1.460693 0.290196 0.290196 0.290196 #0.000000
v 0.503174 2.654541 -1.460693 0.290196 0.290196 0.290196 #0.000000
v -0.004639 2.701416 -1.555908 0.290196 0.290196 0.290196 #0.000000
v 0.503174 2.654541 -1.460693 0.290196 0.290196 0.290196 #0.000000
v 0.179443 2.225830 -1.460449 0.290196 0.290196 0.290196 #0.000000
v -0.004639 2.701416 -1.555908 0.290196 0.290196 0.290196 #0.000000
v 0.179443 2.225830 -1.460449 0.290196 0.290196 0.290196 #0.000000
v -0.188965 2.225830 -1.460449 0.290196 0.290196 0.290196 #0.000000
v -0.188965 2.225830 -1.460449 0.290196 0.290196 0.290196 #0.000000
v -0.004395 1.750000 -1.187256 0.290196 0.290196 0.290196 #0.000000
v -0.348145 1.814209 -1.187012 0.290196 0.290196 0.290196 #0.000000
v -0.188965 2.225830 -1.460449 0.290196 0.290196 0.290196 #0.000000
v -0.348145 1.814209 -1.187012 0.290196 0.290196 0.290196 #0.000000
v -0.645508 1.998291 -1.186768 0.290196 0.290196 0.290196 #0.000000
v -0.188965 2.225830 -1.460449 0.290196 0.290196 0.290196 #0.000000
v -0.645508 1.998291 -1.186768 0.290196 0.290196 0.290196 #0.000000
v -0.856201 2.277344 -1.186768 0.290196 0.290196 0.290196 #0.000000
v -0.188965 2.225830 -1.460449 0.290196 0.290196 0.290196 #0.000000
v -0.856201 2.277344 -1.186768 0.290196 0.290196 0.290196 #0.000000
v -0.512695 2.654541 -1.460205 0.290196 0.290196 0.290196 #0.000000
v -0.512695 2.654541 -1.460205 0.290196 0.290196 0.290196 #0.000000
v -0.856201 2.277344 -1.186768 0.290196 0.290196 0.290196 #0.000000
v -0.951904 2.613770 -1.186768 0.290196 0.290196 0.290196 #0.000000
v -0.512695 2.654541 -1.460205 0.290196 0.290196 0.290196 #0.000000
v -0.951904 2.613770 -1.186768 0.290196 0.290196 0.290196 #0.000000
v -0.919678 2.961914 -1.186768 0.290196 0.290196 0.290196 #0.000000
v -0.512695 2.654541 -1.460205 0.290196 0.290196 0.290196 #0.000000
v -0.919678 2.961914 -1.186768 0.290196 0.290196 0.290196 #0.000000
v -0.763916 3.274902 -1.186768 0.290196 0.290196 0.290196 #0.000000
v -0.512695 2.654541 -1.460205 0.290196 0.290196 0.290196 #0.000000
v -0.763916 3.274902 -1.186768 0.290196 0.290196 0.290196 #0.000000
v -0.273193 3.135254 -1.460449 0.290196 0.290196 0.290196 #0.000000
v -0.273193 3.135254 -1.460449 0.290196 0.290196 0.290196 #0.000000
v -0.763916 3.274902 -1.186768 0.290196 0.290196 0.290196 #0.000000
v -0.505371 3.510498 -1.187012 0.290196 0.290196 0.290196 #0.000000
v -0.273193 3.135254 -1.460449 0.290196 0.290196 0.290196 #0.000000
v -0.505371 3.510498 -1.187012 0.290196 0.290196 0.290196 #0.000000
v -0.179443 3.636963 -1.187012 0.290196 0.290196 0.290196 #0.000000
v -0.273193 3.135254 -1.460449 0.290196 0.290196 0.290196 #0.000000
v -0.179443 3.636963 -1.187012 0.290196 0.290196 0.290196 #0.000000
v 0.170166 3.636963 -1.187256 0.290196 0.290196 0.290196 #0.000000
v -0.273193 3.135254 -1.460449 0.290196 0.290196 0.290196 #0.000000
v 0.170166 3.636963 -1.187256 0.290196 0.290196 0.290196 #0.000000
v 0.263672 3.135254 -1.460693 0.290196 0.290196 0.290196 #0.000000
v 0.263672 3.135254 -1.460693 0.290196 0.290196 0.290196 #0.000000
v 0.170166 3.636963 -1.187256 0.290196 0.290196 0.290196 #0.000000
v 0.496094 3.510498 -1.187500 0.290196 0.290196 0.290196 #0.000000
v 0.263672 3.135254 -1.460693 0.290196 0.290196 0.290196 #0.000000
v 0.496094 3.510498 -1.187500 0.290196 0.290196 0.290196 #0.000000
v 0.754639 3.274902 -1.187500 0.290196 0.290196 0.290196 #0.000000
v 0.263672 3.135254 -1.460693 0.290196 0.290196 0.290196 #0.000000
v 0.754639 3.274902 -1.187500 0.290196 0.290196 0.290196 #0.000000
v 0.910400 2.961914 -1.187744 0.290196 0.290196 0.290196 #0.000000
v 0.263672 3.135254 -1.460693 0.290196 0.290196 0.290196 #0.000000
v 0.910400 2.961914 -1.187744 0.290196 0.290196 0.290196 #0.000000
v 0.503174 2.654541 -1.460693 0.290196 0.290196 0.290196 #0.000000
v 0.503174 2.654541 -1.460693 0.290196 0.290196 0.290196 #0.000000
v 0.910400 2.961914 -1.187744 0.290196 0.290196 0.290196 #0.000000
v 0.942871 2.613770 -1.187744 0.290196 0.290196 0.290196 #0.000000
v 0.503174 2.654541 -1.460693 0.290196 0.290196 0.290196 #0.000000
v 0.942871 2.613770 -1.187744 0.290196 0.290196 0.290196 #0.000000
v 0.847168 2.277344 -1.187744 0.290196 0.290196 0.290196 #0.000000
v 0.503174 2.654541 -1.460693 0.290196 0.290196 0.290196 #0.000000
v 0.847168 2.277344 -1.187744 0.290196 0.290196 0.290196 #0.000000
v 0.636230 1.998291 -1.187500 0.290196 0.290196 0.290196 #0.000000
v 0.503174 2.654541 -1.460693 0.290196 0.290196 0.290196 #0.000000
v 0.636230 1.998291 -1.187500 0.290196 0.290196 0.290196 #0.000000
v 0.179443 2.225830 -1.460449 0.290196 0.290196 0.290196 #0.000000
v 0.179443 2.225830 -1.460449 0.290196 0.290196 0.290196 #0.000000
v 0.636230 1.998291 -1.187500 0.290196 0.290196 0.290196 #0.000000
v 0.339111 1.814209 -1.187256 0.290196 0.290196 0.290196 #0.000000
v 0.179443 2.225830 -1.460449 0.290196 0.290196 0.290196 #0.000000
v 0.339111 1.814209 -1.187256 0.290196 0.290196 0.290196 #0.000000
v -0.004395 1.750000 -1.187256 0.290196 0.290196 0.290196 #0.000000
v 0.179443 2.225830 -1.460449 0.290196 0.290196 0.290196 #0.000000
v -0.004395 1.750000 -1.187256 0.290196 0.290196 0.290196 #0.000000
v -0.188965 2.225830 -1.460449 0.290196 0.290196 0.290196 #0.000000
v -0.004395 1.750000 -1.187256 0.290196 0.290196 0.290196 #0.000000
v -0.004395 1.437256 -0.772949 0.290196 0.290196 0.290196 #0.000000
v -0.460938 1.522461 -0.772705 0.290196 0.290196 0.290196 #0.000000
v -0.004395 1.750000 -1.187256 0.290196 0.290196 0.290196 #0.000000
v -0.460938 1.522461 -0.772705 0.290196 0.290196 0.290196 #0.000000
v -0.348145 1.814209 -1.187012 0.290196 0.290196 0.290196 #0.000000
v -0.348145 1.814209 -1.187012 0.290196 0.290196 0.290196 #0.000000
v -0.460938 1.522461 -0.772705 0.290196 0.290196 0.290196 #0.000000
v -0.856201 1.767090 -0.772461 0.290196 0.290196 0.290196 #0.000000
v -0.348145 1.814209 -1.187012 0.290196 0.290196 0.290196 #0.000000
v -0.856201 1.767090 -0.772461 0.290196 0.290196 0.290196 #0.000000
v -0.645508 1.998291 -1.186768 0.290196 0.290196 0.290196 #0.000000
v -0.645508 1.998291 -1.186768 0.290196 0.290196 0.290196 #0.000000
v -0.856201 1.767090 -0.772461 0.290196 0.290196 0.290196 #0.000000
v -1.136230 2.137939 -0.772461 0.290196 0.290196 0.290196 #0.000000
v -0.645508 1.998291 -1.186768 0.290196 0.290196 0.290196 #0.000000
v -1.136230 2.137939 -0.772461 0.290196 0.290196 0.290196 #0.000000
v -0.856201 2.277344 -1.186768 0.290196 0.290196 0.290196 #0.000000
v -0.856201 2.277344 -1.186768 0.290196 0.290196 0.290196 #0.000000
v -1.136230 2.137939 -0.772461 0.290196 0.290196 0.290196 #0.000000
v -1.263184 2.584961 -0.772461 0.290196 0.290196 0.290196 #0.000000
v -0.856201 2.277344 -1.186768 0.290196 0.290196 0.290196 #0.000000
v -1.263184 2.584961 -0.772461 0.290196 0.290196 0.290196 #0.000000
v -0.951904 2.613770 -1.186768 0.290196 0.290196 0.290196 #0.000000
v -0.951904 2.613770 -1.186768 0.290196 0.290196 0.290196 #0.000000
v -1.263184 2.584961 -0.772461 0.290196 0.290196 0.290196 #0.000000
v -1.220459 3.047607 -0.772461 0.290196 0.290196 0.290196 #0.000000
v -0.951904 2.613770 -1.186768 0.290196 0.290196 0.290196 #0.000000
v -1.220459 3.047607 -0.772461 0.290196 0.290196 0.290196 #0.000000
v -0.919678 2.961914 -1.186768 0.290196 0.290196 0.290196 #0.000000
v -0.919678 2.961914 -1.186768 0.290196 0.290196 0.290196 #0.000000
v -1.220459 3.047607 -0.772461 0.290196 0.290196 0.290196 #0.000000
v -1.013184 3.463379 -0.772461 0.290196 0.290196 0.290196 #0.000000
v -0.919678 2.961914 -1.186768 0.290196 0.290196 0.290196 #0.000000
v -1.013184 3.463379 -0.772461 0.290196 0.290196 0.290196 #0.000000
v -0.763916 3.274902 -1.186768 0.290196 0.290196 0.290196 #0.000000
v -0.763916 3.274902 -1.186768 0.290196 0.290196 0.290196 #0.000000
v -1.013184 3.463379 -0.772461 0.290196 0.290196 0.290196 #0.000000
v -0.669922 3.776611 -0.772705 0.290196 0.290196 0.290196 #0.000000
v -0.763916 3.274902 -1.186768 0.290196 0.290196 0.290196 #0.000000
v -0.669922 3.776611 -0.772705 0.290196 0.290196 0.290196 #0.000000
v -0.505371 3.510498 -1.187012 0.290196 0.290196 0.290196 #0.000000
v -0.505371 3.510498 -1.187012 0.290196 0.290196 0.290196 #0.000000
v -0.669922 3.776611 -0.772705 0.290196 0.290196 0.290196 #0.000000
v -0.236572 3.944336 -0.772949 0.290196 0.290196 0.290196 #0.000000
v -0.505371 3.510498 -1.187012 0.290196 0.290196 0.290196 #0.000000
v -0.236572 3.944336 -0.772949 0.290196 0.290196 0.290196 #0.000000
v -0.179443 3.636963 -1.187012 0.290196 0.290196 0.290196 #0.000000
v -0.179443 3.636963 -1.187012 0.290196 0.290196 0.290196 #0.000000
v -0.236572 3.944336 -0.772949 0.290196 0.290196 0.290196 #0.000000
v 0.227783 3.944336 -0.773193 0.290196 0.290196 0.290196 #0.000000
v -0.179443 3.636963 -1.187012 0.290196 0.290196 0.290196 #0.000000
v 0.227783 3.944336 -0.773193 0.290196 0.290196 0.290196 #0.000000
v 0.170166 3.636963 -1.187256 0.290196 0.290196 0.290196 #0.000000
v 0.170166 3.636963 -1.187256 0.290196 0.290196 0.290196 #0.000000
v 0.227783 3.944336 -0.773193 0.290196 0.290196 0.290196 #0.000000
v 0.661133 3.776611 -0.773193 0.290196 0.290196 0.290196 #0.000000
v 0.170166 3.636963 -1.187256 0.290196 0.290196 0.290196 #0.000000
v 0.661133 3.776611 -0.773193 0.290196 0.290196 0.290196 #0.000000
v 0.496094 3.510498 -1.187500 0.290196 0.290196 0.290196 #0.000000
v 0.496094 3.510498 -1.187500 0.290196 0.290196 0.290196 #0.000000
v 0.661133 3.776611 -0.773193 0.290196 0.290196 0.290196 #0.000000
v 1.004395 3.463379 -0.773438 0.290196 0.290196 0.290196 #0.000000
v 0.496094 3.510498 -1.187500 0.290196 0.290196 0.290196 #0.000000
v 1.004395 3.463379 -0.773438 0.290196 0.290196 0.290196 #0.000000
v 0.754639 3.274902 -1.187500 0.290196 0.290196 0.290196 #0.000000
v 0.754639 3.274902 -1.187500 0.290196 0.290196 0.290196 #0.000000
v 1.004395 3.463379 -0.773438 0.290196 0.290196 0.290196 #0.000000
v 1.211670 3.047607 -0.773682 0.290196 0.290196 0.290196 #0.000000
v 0.754639 3.274902 -1.187500 0.290196 0.290196 0.290196 #0.000000
v 1.211670 3.047607 -0.773682 0.290196 0.290196 0.290196 #0.000000
v 0.910400 2.961914 -1.187744 0.290196 0.290196 0.290196 #0.000000
v 0.910400 2.961914 -1.187744 0.290196 0.290196 0.290196 #0.000000
v 1.211670 3.047607 -0.773682 0.290196 0.290196 0.290196 #0.000000
v 1.254395 2.584961 -0.773682 0.290196 0.290196 0.290196 #0.000000
v 0.910400 2.961914 -1.187744 0.290196 0.290196 0.290196 #0.000000
v 1.254395 2.584961 -0.773682 0.290196 0.290196 0.290196 #0.000000
v 0.942871 2.613770 -1.187744 0.290196 0.290196 0.290196 #0.000000
v 0.942871 2.613770 -1.187744 0.290196 0.290196 0.290196 #0.000000
v 1.254395 2.584961 -0.773682 0.290196 0.290196 0.290196 #0.000000
v 1.127197 2.137939 -0.773438 0.290196 0.290196 0.290196 #0.000000
v 0.942871 2.613770 -1.187744 0.290196 0.290196 0.290196 #0.000000
v 1.127197 2.137939 -0.773438 0.290196 0.290196 0.290196 #0.000000
v 0.847168 2.277344 -1.187744 0.290196 0.290196 0.290196 #0.000000
v 0.847168 2.277344 -1.187744 0.290196 0.290196 0.290196 #0.000000
v 1.127197 2.137939 -0.773438 0.290196 0.290196 0.290196 #0.000000
v 0.847168 1.767090 -0.773438 0.290196 0.290196 0.290196 #0.000000
v 0.847168 2.277344 -1.187744 0.290196 0.290196 0.290196 #0.000000
v 0.847168 1.767090 -0.773438 0.290196 0.290196 0.290196 #0.000000
v 0.636230 1.998291 -1.187500 0.290196 0.290196 0.290196 #0.000000
v 0.636230 1.998291 -1.187500 0.290196 0.290196 0.290196 #0.000000
v 0.847168 1.767090 -0.773438 0.290196 0.290196 0.290196 #0.000000
v 0.452148 1.522461 -0.773193 0.290196 0.290196 0.290196 #0.000000
v 0.636230 1.998291 -1.187500 0.290196 0.290196 0.290196 #0.000000
v 0.452148 1.522461 -0.773193 0.290196 0.290196 0.290196 #0.000000
v 0.339111 1.814209 -1.187256 0.290196 0.290196 0.290196 #0.000000
v 0.339111 1.814209 -1.187256 0.290196 0.290196 0.290196 #0.000000
v 0.452148 1.522461 -0.773193 0.290196 0.290196 0.290196 #0.000000
v -0.004395 1.437256 -0.772949 0.290196 0.290196 0.290196 #0.000000
v 0.339111 1.814209 -1.187256 0.290196 0.290196 0.290196 #0.000000
v -0.004395 1.437256 -0.772949 0.290196 0.290196 0.290196 #0.000000
v -0.004395 1.750000 -1.187256 0.290196 0.290196 0.290196 #0.000000
v -0.004395 1.437256 -0.772949 0.290196 0.290196 0.290196 #0.000000
v -0.004150 1.295166 -0.273682 0.290196 0.290196 0.290196 #0.000000
v -0.512207 1.390137 -0.273438 0.290196 0.290196 0.290196 #0.000000
v -0.004395 1.437256 -0.772949 0.290196 0.290196 0.290196 #0.000000
v -0.512207 1.390137 -0.273438 0.290196 0.290196 0.290196 #0.000000
v -0.460938 1.522461 -0.772705 0.290196 0.290196 0.290196 #0.000000
v -0.460938 1.522461 -0.772705 0.290196 0.290196 0.290196 #0.000000
v -0.512207 1.390137 -0.273438 0.290196 0.290196 0.290196 #0.000000
v -0.951660 1.662109 -0.273193 0.290196 0.290196 0.290196 #0.000000
v -0.460938 1.522461 -0.772705 0.290196 0.290196 0.290196 #0.000000
v -0.951660 1.662109 -0.273193 0.290196 0.290196 0.290196 #0.000000
v -0.856201 1.767090 -0.772461 0.290196 0.290196 0.290196 #0.000000
v -0.856201 1.767090 -0.772461 0.290196 0.290196 0.290196 #0.000000
v -0.951660 1.662109 -0.273193 0.290196 0.290196 0.290196 #0.000000
v -1.262939 2.074707 -0.273193 0.290196 0.290196 0.290196 #0.000000
v -0.856201 1.767090 -0.772461 0.290196 0.290196 0.290196 #0.000000
v -1.262939 2.074707 -0.273193 0.290196 0.290196 0.290196 #0.000000
v -1.136230 2.137939 -0.772461 0.290196 0.290196 0.290196 #0.000000
v -1.136230 2.137939 -0.772461 0.290196 0.290196 0.290196 #0.000000
v -1.262939 2.074707 -0.273193 0.290196 0.290196 0.290196 #0.000000
v -1.404541 2.571777 -0.272949 0.290196 0.290196 0.290196 #0.000000
v -1.136230 2.137939 -0.772461 0.290196 0.290196 0.290196 #0.000000
v -1.404541 2.571777 -0.272949 0.290196 0.290196 0.290196 #0.000000
v -1.263184 2.584961 -0.772461 0.290196 0.290196 0.290196 #0.000000
v -1.263184 2.584961 -0.772461 0.290196 0.290196 0.290196 #0.000000
v -1.404541 2.571777 -0.272949 0.290196 0.290196 0.290196 #0.000000
v -1.356689 3.086426 -0.272949 0.290196 0.290196 0.290196 #0.000000
v -1.263184 2.584961 -0.772461 0.290196 0.290196 0.290196 #0.000000
v -1.356689 3.086426 -0.272949 0.290196 0.290196 0.290196 #0.000000
v -1.220459 3.047607 -0.772461 0.290196 0.290196 0.290196 #0.000000
v -1.220459 3.047607 -0.772461 0.290196 0.290196 0.290196 #0.000000
v -1.356689 3.086426 -0.272949 0.290196 0.290196 0.290196 #0.000000
v -1.126465 3.549072 -0.273193 0.290196 0.290196 0.290196 #0.000000
v -1.220459 3.047607 -0.772461 0.290196 0.290196 0.290196 #0.000000
v -1.126465 3.549072 -0.273193 0.290196 0.290196 0.290196 #0.000000
v -1.013184 3.463379 -0.772461 0.290196 0.290196 0.290196 #0.000000
v -1.013184 3.463379 -0.772461 0.290196 0.290196 0.290196 #0.000000
v -1.126465 3.549072 -0.273193 0.290196 0.290196 0.290196 #0.000000
v -0.744385 3.897217 -0.273438 0.290196 0.290196 0.290196 #0.000000
v -1.013184 3.463379 -0.772461 0.290196 0.290196 0.290196 #0.000000
v -0.744385 3.897217 -0.273438 0.290196 0.290196 0.290196 #0.000000
v -0.669922 3.776611 -0.772705 0.290196 0.290196 0.290196 #0.000000
v -0.669922 3.776611 -0.772705 0.290196 0.290196 0.290196 #0.000000
v -0.744385 3.897217 -0.273438 0.290196 0.290196 0.290196 #0.000000
v -0.262451 4.083984 -0.273682 0.290196 0.290196 0.290196 #0.000000
v -0.669922 3.776611 -0.772705 0.290196 0.290196 0.290196 #0.000000
v -0.262451 4.083984 -0.273682 0.290196 0.290196 0.290196 #0.000000
v -0.236572 3.944336 -0.772949 0.290196 0.290196 0.290196 #0.000000
v -0.236572 3.944336 -0.772949 0.290196 0.290196 0.290196 #0.000000
v -0.262451 4.083984 -0.273682 0.290196 0.290196 0.290196 #0.000000
v 0.254150 4.083984 -0.273926 0.290196 0.290196 0.290196 #0.000000
v -0.236572 3.944336 -0.772949 0.290196 0.290196 0.290196 #0.000000
v 0.254150 4.083984 -0.273926 0.290196 0.290196 0.290196 #0.000000
v 0.227783 3.944336 -0.773193 0.290196 0.290196 0.290196 #0.000000
v 0.227783 3.944336 -0.773193 0.290196 0.290196 0.290196 #0.000000
v 0.254150 4.083984 -0.273926 0.290196 0.290196 0.290196 #0.000000
v 0.736084 3.897217 -0.274170 0.290196 0.290196 0.290196 #0.000000
v 0.227783 3.944336 -0.773193 0.290196 0.290196 0.290196 #0.000000
v 0.736084 3.897217 -0.274170 0.290196 0.290196 0.290196 #0.000000
v 0.661133 3.776611 -0.773193 0.290196 0.290196 0.290196 #0.000000
v 0.661133 3.776611 -0.773193 0.290196 0.290196 0.290196 #0.000000
v 0.736084 3.897217 -0.274170 0.290196 0.290196 0.290196 #0.000000
v 1.118164 3.549072 -0.274170 0.290196 0.290196 0.290196 #0.000000
v 0.661133 3.776611 -0.773193 0.290196 0.290196 0.290196 #0.000000
v 1.118164 3.549072 -0.274170 0.290196 0.290196 0.290196 #0.000000
v 1.004395 3.463379 -0.773438 0.290196 0.290196 0.290196 #0.000000
v 1.004395 3.463379 -0.773438 0.290196 0.290196 0.290196 #0.000000
v 1.118164 3.549072 -0.274170 0.290196 0.290196 0.290196 #0.000000
v 1.348389 3.086426 -0.274414 0.290196 0.290196 0.290196 #0.000000
v 1.004395 3.463379 -0.773438 0.290196 0.290196 0.290196 #0.000000
v 1.348389 3.086426 -0.274414 0.290196 0.290196 0.290196 #0.000000
v 1.211670 3.047607 -0.773682 0.290196 0.290196 0.290196 #0.000000
v 1.211670 3.047607 -0.773682 0.290196 0.290196 0.290196 #0.000000
v 1.348389 3.086426 -0.274414 0.290196 0.290196 0.290196 #0.000000
v 1.396240 2.571777 -0.274414 0.290196 0.290196 0.290196 #0.000000
v 1.211670 3.047607 -0.773682 0.290196 0.290196 0.290196 #0.000000
v 1.396240 2.571777 -0.274414 0.290196 0.290196 0.290196 #0.000000
v 1.254395 2.584961 -0.773682 0.290196 0.290196 0.290196 #0.000000
v 1.254395 2.584961 -0.773682 0.290196 0.290196 0.290196 #0.000000
v 1.396240 2.571777 -0.274414 0.290196 0.290196 0.290196 #0.000000
v 1.254639 2.074707 -0.274414 0.290196 0.290196 0.290196 #0.000000
v 1.254395 2.584961 -0.773682 0.290196 0.290196 0.290196 #0.000000
v 1.254639 2.074707 -0.274414 0.290196 0.290196 0.290196 #0.000000
v 1.127197 2.137939 -0.773438 0.290196 0.290196 0.290196 #0.000000
v 1.127197 2.137939 -0.773438 0.290196 0.290196 0.290196 #0.000000
v 1.254639 2.074707 -0.274414 0.290196 0.290196 0.290196 #0.000000
v 0.943115 1.662109 -0.274170 0.290196 0.290196 0.290196 #0.000000
v 1.127197 2.137939 -0.773438 0.290196 0.290196 0.290196 #0.000000
v 0.943115 1.662109 -0.274170 0.290196 0.290196 0.290196 #0.000000
v 0.847168 1.767090 -0.773438 0.290196 0.290196 0.290196 #0.000000
v 0.847168 1.767090 -0.773438 0.290196 0.290196 0.290196 #0.000000
v 0.943115 1.662109 -0.274170 0.290196 0.290196 0.290196 #0.000000
v 0.503662 1.390137 -0.273926 0.290196 0.290196 0.290196 #0.000000
v 0.847168 1.767090 -0.773438 0.290196 0.290196 0.290196 #0.000000
v 0.503662 1.390137 -0.273926 0.290196 0.290196 0.290196 #0.000000
v 0.452148 1.522461 -0.773193 0.290196 0.290196 0.290196 #0.000000
v 0.452148 1.522461 -0.773193 0.290196 0.290196 0.290196 #0.000000
v 0.503662 1.390137 -0.273926 0.290196 0.290196 0.290196 #0.000000
v -0.004150 1.295166 -0.273682 0.290196 0.290196 0.290196 #0.000000
v 0.452148 1.522461 -0.773193 0.290196 0.290196 0.290196 #0.000000
v -0.004150 1.295166 -0.273682 0.290196 0.290196 0.290196 #0.000000
v -0.004395 1.437256 -0.772949 0.290196 0.290196 0.290196 #0.000000
v -0.004150 1.295166 -0.273682 0.290196 0.290196 0.290196 #0.000000
v -0.003906 1.343018 0.242920 0.290196 0.290196 0.290196 #0.000000
v -0.494629 1.434814 0.243164 0.290196 0.290196 0.290196 #0.000000
v -0.004150 1.295166 -0.273682 0.290196 0.290196 0.290196 #0.000000
v -0.494629 1.434814 0.243164 0.290196 0.290196 0.290196 #0.000000
v -0.512207 1.390137 -0.273438 0.290196 0.290196 0.290196 #0.000000
v -0.512207 1.390137 -0.273438 0.290196 0.290196 0.290196 #0.000000
v -0.494629 1.434814 0.243164 0.290196 0.290196 0.290196 #0.000000
v -0.918945 1.697510 0.243408 0.290196 0.290196 0.290196 #0.000000
v -0.512207 1.390137 -0.273438 0.290196 0.290196 0.290196 #0.000000
v -0.918945 1.697510 0.243408 0.290196 0.290196 0.290196 #0.000000
v -0.951660 1.662109 -0.273193 0.290196 0.290196 0.290196 #0.000000
v -0.951660 1.662109 -0.273193 0.290196 0.290196 0.290196 #0.000000
v -0.918945 1.697510 0.243408 0.290196 0.290196 0.290196 #0.000000
v -1.219971 2.095947 0.243408 0.290196 0.290196 0.290196 #0.000000
v -0.951660 1.662109 -0.273193 0.290196 0.290196 0.290196 #0.000000
v -1.219971 2.095947 0.243408 0.290196 0.290196 0.290196 #0.000000
v -1.262939 2.074707 -0.273193 0.290196 0.290196 0.290196 #0.000000
v -1.262939 2.074707 -0.273193 0.290196 0.290196 0.290196 #0.000000
v -1.219971 2.095947 0.243408 0.290196 0.290196 0.290196 #0.000000
v -1.356445 2.576172 0.243652 0.290196 0.290196 0.290196 #0.000000
v -1.262939 2.074707 -0.273193 0.290196 0.290196 0.290196 #0.000000
v -1.356445 2.576172 0.243652 0.290196 0.290196 0.290196 #0.000000
v -1.404541 2.571777 -0.272949 0.290196 0.290196 0.290196 #0.000000
v -1.404541 2.571777 -0.272949 0.290196 0.290196 0.290196 #0.000000
v -1.356445 2.576172 0.243652 0.290196 0.290196 0.290196 #0.000000
v -1.310547 3.073242 0.243652 0.290196 0.290196 0.290196 #0.000000
v -1.404541 2.571777 -0.272949 0.290196 0.290196 0.290196 #0.000000
v -1.310547 3.073242 0.243652 0.290196 0.290196 0.290196 #0.000000
v -1.356689 3.086426 -0.272949 0.290196 0.290196 0.290196 #0.000000
v -1.356689 3.086426 -0.272949 0.290196 0.290196 0.290196 #0.000000
v -1.310547 3.073242 0.243652 0.290196 0.290196 0.290196 #0.000000
v -1.087891 3.520264 0.243408 0.290196 0.290196 0.290196 #0.000000
v -1.356689 3.086426 -0.272949 0.290196 0.290196 0.290196 #0.000000
v -1.087891 3.520264 0.243408 0.290196 0.290196 0.290196 #0.000000
v -1.126465 3.549072 -0.273193 0.290196 0.290196 0.290196 #0.000000
v -1.126465 3.549072 -0.273193 0.290196 0.290196 0.290196 #0.000000
v -1.087891 3.520264 0.243408 0.290196 0.290196 0.290196 #0.000000
v -0.718994 3.856689 0.243164 0.290196 0.290196 0.290196 #0.000000
v -1.126465 3.549072 -0.273193 0.290196 0.290196 0.290196 #0.000000
v -0.718994 3.856689 0.243164 0.290196 0.290196 0.290196 #0.000000
v -0.744385 3.897217 -0.273438 0.290196 0.290196 0.290196 #0.000000
v -0.744385 3.897217 -0.273438 0.290196 0.290196 0.290196 #0.000000
v -0.718994 3.856689 0.243164 0.290196 0.290196 0.290196 #0.000000
v -0.253418 4.036865 0.242920 0.290196 0.290196 0.290196 #0.000000
v -0.744385 3.897217 -0.273438 0.290196 0.290196 0.290196 #0.000000
v -0.253418 4.036865 0.242920 0.290196 0.290196 0.290196 #0.000000
v -0.262451 4.083984 -0.273682 0.290196 0.290196 0.290196 #0.000000
v -0.262451 4.083984 -0.273682 0.290196 0.290196 0.290196 #0.000000
v -0.253418 4.036865 0.242920 0.290196 0.290196 0.290196 #0.000000
v 0.245605 4.036865 0.242676 0.290196 0.290196 0.290196 #0.000000
v -0.262451 4.083984 -0.273682 0.290196 0.290196 0.290196 #0.000000
v 0.245605 4.036865 0.242676 0.290196 0.290196 0.290196 #0.000000
v 0.254150 4.083984 -0.273926 0.290196 0.290196 0.290196 #0.000000
v 0.254150 4.083984 -0.273926 0.290196 0.290196 0.290196 #0.000000
v 0.245605 4.036865 0.242676 0.290196 0.290196 0.290196 #0.000000
v 0.711182 3.856689 0.242676 0.290196 0.290196 0.290196 #0.000000
v 0.254150 4.083984 -0.273926 0.290196 0.290196 0.290196 #0.000000
v 0.711182 3.856689 0.242676 0.290196 0.290196 0.290196 #0.000000
v 0.736084 3.897217 -0.274170 0.290196 0.290196 0.290196 #0.000000
v 0.736084 3.897217 -0.274170 0.290196 0.290196 0.290196 #0.000000
v 0.711182 3.856689 0.242676 0.290196 0.290196 0.290196 #0.000000
v 1.080078 3.520264 0.242432 0.290196 0.290196 0.290196 #0.000000
v 0.736084 3.897217 -0.274170 0.290196 0.290196 0.290196 #0.000000
v 1.080078 3.520264 0.242432 0.290196 0.290196 0.290196 #0.000000
v 1.118164 3.549072 -0.274170 0.290196 0.290196 0.290196 #0.000000
v 1.118164 3.549072 -0.274170 0.290196 0.290196 0.290196 #0.000000
v 1.080078 3.520264 0.242432 0.290196 0.290196 0.290196 #0.000000
v 1.302734 3.073242 0.242188 0.290196 0.290196 0.290196 #0.000000
v 1.118164 3.549072 -0.274170 0.290196 0.290196 0.290196 #0.000000
v 1.302734 3.073242 0.242188 0.290196 0.290196 0.290196 #0.000000
v 1.348389 3.086426 -0.274414 0.290196 0.290196 0.290196 #0.000000
v 1.348389 3.086426 -0.274414 0.290196 0.290196 0.290196 #0.000000
v 1.302734 3.073242 0.242188 0.290196 0.290196 0.290196 #0.000000
v 1.348633 2.576172 0.242188 0.290196 0.290196 0.290196 #0.000000
v 1.348389 3.086426 -0.274414 0.290196 0.290196 0.290196 #0.000000
v 1.348633 2.576172 0.242188 0.290196 0.290196 0.290196 #0.000000
v 1.396240 2.571777 -0.274414 0.290196 0.290196 0.290196 #0.000000
v 1.396240 2.571777 -0.274414 0.290196 0.290196 0.290196 #0.000000
v 1.348633 2.576172 0.242188 0.290196 0.290196 0.290196 #0.000000
v 1.212158 2.095947 0.242188 0.290196 0.290196 0.290196 #0.000000
v 1.396240 2.571777 -0.274414 0.290196 0.290196 0.290196 #0.000000
v 1.212158 2.095947 0.242188 0.290196 0.290196 0.290196 #0.000000
v 1.254639 2.074707 -0.274414 0.290196 0.290196 0.290196 #0.000000
v 1.254639 2.074707 -0.274414 0.290196 0.290196 0.290196 #0.000000
v 1.212158 2.095947 0.242188 0.290196 0.290196 0.290196 #0.000000
v 0.911133 1.697510 0.242432 0.290196 0.290196 0.290196 #0.000000
v 1.254639 2.074707 -0.274414 0.290196 0.290196 0.290196 #0.000000
v 0.911133 1.697510 0.242432 0.290196 0.290196 0.290196 #0.000000
v 0.943115 1.662109 -0.274170 0.290196 0.290196 0.290196 #0.000000
v 0.943115 1.662109 -0.274170 0.290196 0.290196 0.290196 #0.000000
v 0.911133 1.697510 0.242432 0.290196 0.290196 0.290196 #0.000000
v 0.486816 1.434814 0.242676 0.290196 0.290196 0.290196 #0.000000
v 0.943115 1.662109 -0.274170 0.290196 0.290196 0.290196 #0.000000
v 0.486816 1.434814 0.242676 0.290196 0.290196 0.290196 #0.000000
v 0.503662 1.390137 -0.273926 0.290196 0.290196 0.290196 #0.000000
v 0.503662 1.390137 -0.273926 0.290196 0.290196 0.290196 #0.000000
v 0.486816 1.434814 0.242676 0.290196 0.290196 0.290196 #0.000000
v -0.003906 1.343018 0.242920 0.290196 0.290196 0.290196 #0.000000
v 0.503662 1.390137 -0.273926 0.290196 0.290196 0.290196 #0.000000
v -0.003906 1.343018 0.242920 0.290196 0.290196 0.290196 #0.000000
v -0.004150 1.295166 -0.273682 0.290196 0.290196 0.290196 #0.000000
v -0.003906 1.343018 0.242920 0.290196 0.290196 0.290196 #0.000000
v -0.003662 1.574463 0.707520 0.290196 0.290196 0.290196 #0.000000
v -0.410645 1.650391 0.707764 0.290196 0.290196 0.290196 #0.000000
v -0.003906 1.343018 0.242920 0.290196 0.290196 0.290196 #0.000000
v -0.410645 1.650391 0.707764 0.290196 0.290196 0.290196 #0.000000
v -0.494629 1.434814 0.243164 0.290196 0.290196 0.290196 #0.000000
v -0.494629 1.434814 0.243164 0.290196 0.290196 0.290196 #0.000000
v -0.410645 1.650391 0.707764 0.290196 0.290196 0.290196 #0.000000
v -0.762939 1.868652 0.708008 0.290196 0.290196 0.290196 #0.000000
v -0.494629 1.434814 0.243164 0.290196 0.290196 0.290196 #0.000000
v -0.762939 1.868652 0.708008 0.290196 0.290196 0.290196 #0.000000
v -0.918945 1.697510 0.243408 0.290196 0.290196 0.290196 #0.000000
v -0.918945 1.697510 0.243408 0.290196 0.290196 0.290196 #0.000000
v -0.762939 1.868652 0.708008 0.290196 0.290196 0.290196 #0.000000
v -1.012451 2.199219 0.708008 0.290196 0.290196 0.290196 #0.000000
v -0.918945 1.697510 0.243408 0.290196 0.290196 0.290196 #0.000000
v -1.012451 2.199219 0.708008 0.290196 0.290196 0.290196 #0.000000
v -1.219971 2.095947 0.243408 0.290196 0.290196 0.290196 #0.000000
v -1.219971 2.095947 0.243408 0.290196 0.290196 0.290196 #0.000000
v -1.012451 2.199219 0.708008 0.290196 0.290196 0.290196 #0.000000
v -1.125977 2.597412 0.708008 0.290196 0.290196 0.290196 #0.000000
v -1.219971 2.095947 0.243408 0.290196 0.290196 0.290196 #0.000000
v -1.125977 2.597412 0.708008 0.290196 0.290196 0.290196 #0.000000
v -1.356445 2.576172 0.243652 0.290196 0.290196 0.290196 #0.000000
v -1.356445 2.576172 0.243652 0.290196 0.290196 0.290196 #0.000000
v -1.125977 2.597412 0.708008 0.290196 0.290196 0.290196 #0.000000
v -1.087646 3.010010 0.708008 0.290196 0.290196 0.290196 #0.000000
v -1.356445 2.576172 0.243652 0.290196 0.290196 0.290196 #0.000000
v -1.087646 3.010010 0.708008 0.290196 0.290196 0.290196 #0.000000
v -1.310547 3.073242 0.243652 0.290196 0.290196 0.290196 #0.000000
v -1.310547 3.073242 0.243652 0.290196 0.290196 0.290196 #0.000000
v -1.087646 3.010010 0.708008 0.290196 0.290196 0.290196 #0.000000
v -0.903076 3.380859 0.708008 0.290196 0.290196 0.290196 #0.000000
v -1.310547 3.073242 0.243652 0.290196 0.290196 0.290196 #0.000000
v -0.903076 3.380859 0.708008 0.290196 0.290196 0.290196 #0.000000
v -1.087891 3.520264 0.243408 0.290196 0.290196 0.290196 #0.000000
v -1.087891 3.520264 0.243408 0.290196 0.290196 0.290196 #0.000000
v -0.903076 3.380859 0.708008 0.290196 0.290196 0.290196 #0.000000
v -0.596924 3.659912 0.707764 0.290196 0.290196 0.290196 #0.000000
v -1.087891 3.520264 0.243408 0.290196 0.290196 0.290196 #0.000000
v -0.596924 3.659912 0.707764 0.290196 0.290196 0.290196 #0.000000
v -0.718994 3.856689 0.243164 0.290196 0.290196 0.290196 #0.000000
v -0.718994 3.856689 0.243164 0.290196 0.290196 0.290196 #0.000000
v -0.596924 3.659912 0.707764 0.290196 0.290196 0.290196 #0.000000
v -0.210693 3.809570 0.707764 0.290196 0.290196 0.290196 #0.000000
v -0.718994 3.856689 0.243164 0.290196 0.290196 0.290196 #0.000000
v -0.210693 3.809570 0.707764 0.290196 0.290196 0.290196 #0.000000
v -0.253418 4.036865 0.242920 0.290196 0.290196 0.290196 #0.000000
v -0.253418 4.036865 0.242920 0.290196 0.290196 0.290196 #0.000000
v -0.210693 3.809570 0.707764 0.290196 0.290196 0.290196 #0.000000
v 0.203369 3.809570 0.707520 0.290196 0.290196 0.290196 #0.000000
v -0.253418 4.036865 0.242920 0.290196 0.290196 0.290196 #0.000000
v 0.203369 3.809570 0.707520 0.290196 0.290196 0.290196 #0.000000
v 0.245605 4.036865 0.242676 0.290196 0.290196 0.290196 #0.000000
v 0.245605 4.036865 0.242676 0.290196 0.290196 0.290196 #0.000000
v 0.203369 3.809570 0.707520 0.290196 0.290196 0.290196 #0.000000
v 0.589600 3.659912 0.707275 0.290196 0.290196 0.290196 #0.000000
v 0.245605 4.036865 0.242676 0.290196 0.290196 0.290196 #0.000000
v 0.589600 3.659912 0.707275 0.290196 0.290196 0.290196 #0.000000
v 0.711182 3.856689 0.242676 0.290196 0.290196 0.290196 #0.000000
v 0.711182 3.856689 0.242676 0.290196 0.290196 0.290196 #0.000000
v 0.589600 3.659912 0.707275 0.290196 0.290196 0.290196 #0.000000
v 0.895752 3.380859 0.707031 0.290196 0.290196 0.290196 #0.000000
v 0.711182 3.856689 0.242676 0.290196 0.290196 0.290196 #0.000000
v 0.895752 3.380859 0.707031 0.290196 0.290196 0.290196 #0.000000
v 1.080078 3.520264 0.242432 0.290196 0.290196 0.290196 #0.000000
v 1.080078 3.520264 0.242432 0.290196 0.290196 0.290196 #0.000000
v 0.895752 3.380859 0.707031 0.290196 0.290196 0.290196 #0.000000
v 1.080322 3.010010 0.707031 0.290196 0.290196 0.290196 #0.000000
v 1.080078 3.520264 0.242432 0.290196 0.290196 0.290196 #0.000000
v 1.080322 3.010010 0.707031 0.290196 0.290196 0.290196 #0.000000
v 1.302734 3.073242 0.242188 0.290196 0.290196 0.290196 #0.000000
v 1.302734 3.073242 0.242188 0.290196 0.290196 0.290196 #0.000000
v 1.080322 3.010010 0.707031 0.290196 0.290196 0.290196 #0.000000
v 1.118652 2.597412 0.707031 0.290196 0.290196 0.290196 #0.000000
v 1.302734 3.073242 0.242188 0.290196 0.290196 0.290196 #0.000000
v 1.118652 2.597412 0.707031 0.290196 0.290196 0.290196 #0.000000
v 1.348633 2.576172 0.242188 0.290196 0.290196 0.290196 #0.000000
v 1.348633 2.576172 0.242188 0.290196 0.290196 0.290196 #0.000000
v 1.118652 2.597412 0.707031 0.290196 0.290196 0.290196 #0.000000
v 1.005127 2.199219 0.707031 0.290196 0.290196 0.290196 #0.000000
v 1.348633 2.576172 0.242188 0.290196 0.290196 0.290196 #0.000000
v 1.005127 2.199219 0.707031 0.290196 0.290196 0.290196 #0.000000
v 1.212158 2.095947 0.242188 0.290196 0.290196 0.290196 #0.000000
v 1.212158 2.095947 0.242188 0.290196 0.290196 0.290196 #0.000000
v 1.005127 2.199219 0.707031 0.290196 0.290196 0.290196 #0.000000
v 0.755615 1.868652 0.707275 0.290196 0.290196 0.290196 #0.000000
v 1.212158 2.095947 0.242188 0.290196 0.290196 0.290196 #0.000000
v 0.755615 1.868652 0.707275 0.290196 0.290196 0.290196 #0.000000
v 0.911133 1.697510 0.242432 0.290196 0.290196 0.290196 #0.000000
v 0.911133 1.697510 0.242432 0.290196 0.290196 0.290196 #0.000000
v 0.755615 1.868652 0.707275 0.290196 0.290196 0.290196 #0.000000
v 0.403320 1.650391 0.707275 0.290196 0.290196 0.290196 #0.000000
v 0.911133 1.697510 0.242432 0.290196 0.290196 0.290196 #0.000000
v 0.403320 1.650391 0.707275 0.290196 0.290196 0.290196 #0.000000
v 0.486816 1.434814 0.242676 0.290196 0.290196 0.290196 #0.000000
v 0.486816 1.434814 0.242676 0.290196 0.290196 0.290196 #0.000000
v 0.403320 1.650391 0.707275 0.290196 0.290196 0.290196 #0.000000
v -0.003662 1.574463 0.707520 0.290196 0.290196 0.290196 #0.000000
v 0.486816 1.434814 0.242676 0.290196 0.290196 0.290196 #0.000000
v -0.003662 1.574463 0.707520 0.290196 0.290196 0.290196 #0.000000
v -0.003906 1.343018 0.242920 0.290196 0.290196 0.290196 #0.000000
v -0.003662 1.574463 0.707520 0.290196 0.290196 0.290196 #0.000000
v -0.003418 1.958008 1.057373 0.290196 0.290196 0.290196 #0.000000
v -0.271973 2.008057 1.057373 0.290196 0.290196 0.290196 #0.000000
v -0.003662 1.574463 0.707520 0.290196 0.290196 0.290196 #0.000000
v -0.271973 2.008057 1.057373 0.290196 0.290196 0.290196 #0.000000
v -0.410645 1.650391 0.707764 0.290196 0.290196 0.290196 #0.000000
v -0.410645 1.650391 0.707764 0.290196 0.290196 0.290196 #0.000000
v -0.271973 2.008057 1.057373 0.290196 0.290196 0.290196 #0.000000
v -0.504395 2.152100 1.057617 0.290196 0.290196 0.290196 #0.000000
v -0.410645 1.650391 0.707764 0.290196 0.290196 0.290196 #0.000000
v -0.504395 2.152100 1.057617 0.290196 0.290196 0.290196 #0.000000
v -0.762939 1.868652 0.708008 0.290196 0.290196 0.290196 #0.000000
v -0.762939 1.868652 0.708008 0.290196 0.290196 0.290196 #0.000000
v -0.504395 2.152100 1.057617 0.290196 0.290196 0.290196 #0.000000
v -0.668945 2.370117 1.057617 0.290196 0.290196 0.290196 #0.000000
v -0.762939 1.868652 0.708008 0.290196 0.290196 0.290196 #0.000000
v -0.668945 2.370117 1.057617 0.290196 0.290196 0.290196 #0.000000
v -1.012451 2.199219 0.708008 0.290196 0.290196 0.290196 #0.000000
v -1.012451 2.199219 0.708008 0.290196 0.290196 0.290196 #0.000000
v -0.668945 2.370117 1.057617 0.290196 0.290196 0.290196 #0.000000
v -0.743652 2.632813 1.057617 0.290196 0.290196 0.290196 #0.000000
v -1.012451 2.199219 0.708008 0.290196 0.290196 0.290196 #0.000000
v -0.743652 2.632813 1.057617 0.290196 0.290196 0.290196 #0.000000
v -1.125977 2.597412 0.708008 0.290196 0.290196 0.290196 #0.000000
v -1.125977 2.597412 0.708008 0.290196 0.290196 0.290196 #0.000000
v -0.743652 2.632813 1.057617 0.290196 0.290196 0.290196 #0.000000
v -0.718506 2.905029 1.057617 0.290196 0.290196 0.290196 #0.000000
v -1.125977 2.597412 0.708008 0.290196 0.290196 0.290196 #0.000000
v -0.718506 2.905029 1.057617 0.290196 0.290196 0.290196 #0.000000
v -1.087646 3.010010 0.708008 0.290196 0.290196 0.290196 #0.000000
v -1.087646 3.010010 0.708008 0.290196 0.290196 0.290196 #0.000000
v -0.718506 2.905029 1.057617 0.290196 0.290196 0.290196 #0.000000
v -0.596680 3.149658 1.057617 0.290196 0.290196 0.290196 #0.000000
v -1.087646 3.010010 0.708008 0.290196 0.290196 0.290196 #0.000000
v -0.596680 3.149658 1.057617 0.290196 0.290196 0.290196 #0.000000
v -0.903076 3.380859 0.708008 0.290196 0.290196 0.290196 #0.000000
v -0.903076 3.380859 0.708008 0.290196 0.290196 0.290196 #0.000000
v -0.596680 3.149658 1.057617 0.290196 0.290196 0.290196 #0.000000
v -0.394775 3.333740 1.057373 0.290196 0.290196 0.290196 #0.000000
v -0.903076 3.380859 0.708008 0.290196 0.290196 0.290196 #0.000000
v -0.394775 3.333740 1.057373 0.290196 0.290196 0.290196 #0.000000
v -0.596924 3.659912 0.707764 0.290196 0.290196 0.290196 #0.000000
v -0.596924 3.659912 0.707764 0.290196 0.290196 0.290196 #0.000000
v -0.394775 3.333740 1.057373 0.290196 0.290196 0.290196 #0.000000
v -0.139893 3.432373 1.057373 0.290196 0.290196 0.290196 #0.000000
v -0.596924 3.659912 0.707764 0.290196 0.290196 0.290196 #0.000000
v -0.139893 3.432373 1.057373 0.290196 0.290196 0.290196 #0.000000
v -0.210693 3.809570 0.707764 0.290196 0.290196 0.290196 #0.000000
v -0.210693 3.809570 0.707764 0.290196 0.290196 0.290196 #0.000000
v -0.139893 3.432373 1.057373 0.290196 0.290196 0.290196 #0.000000
v 0.133057 3.432373 1.057129 0.290196 0.290196 0.290196 #0.000000
v -0.210693 3.809570 0.707764 0.290196 0.290196 0.290196 #0.000000
v 0.133057 3.432373 1.057129 0.290196 0.290196 0.290196 #0.000000
v 0.203369 3.809570 0.707520 0.290196 0.290196 0.290196 #0.000000
v 0.203369 3.809570 0.707520 0.290196 0.290196 0.290196 #0.000000
v 0.133057 3.432373 1.057129 0.290196 0.290196 0.290196 #0.000000
v 0.387695 3.333740 1.057129 0.290196 0.290196 0.290196 #0.000000
v 0.203369 3.809570 0.707520 0.290196 0.290196 0.290196 #0.000000
v 0.387695 3.333740 1.057129 0.290196 0.290196 0.290196 #0.000000
v 0.589600 3.659912 0.707275 0.290196 0.290196 0.290196 #0.000000
v 0.589600 3.659912 0.707275 0.290196 0.290196 0.290196 #0.000000
v 0.387695 3.333740 1.057129 0.290196 0.290196 0.290196 #0.000000
v 0.589844 3.149658 1.056885 0.290196 0.290196 0.290196 #0.000000
v 0.589600 3.659912 0.707275 0.290196 0.290196 0.290196 #0.000000
v 0.589844 3.149658 1.056885 0.290196 0.290196 0.290196 #0.000000
v 0.895752 3.380859 0.707031 0.290196 0.290196 0.290196 #0.000000
v 0.895752 3.380859 0.707031 0.290196 0.290196 0.290196 #0.000000
v 0.589844 3.149658 1.056885 0.290196 0.290196 0.290196 #0.000000
v 0.711670 2.905029 1.056885 0.290196 0.290196 0.290196 #0.000000
v 0.895752 3.380859 0.707031 0.290196 0.290196 0.290196 #0.000000
v 0.711670 2.905029 1.056885 0.290196 0.290196 0.290196 #0.000000
v 1.080322 3.010010 0.707031 0.290196 0.290196 0.290196 #0.000000
v 1.080322 3.010010 0.707031 0.290196 0.290196 0.290196 #0.000000
v 0.711670 2.905029 1.056885 0.290196 0.290196 0.290196 #0.000000
v 0.736816 2.632813 1.056885 0.290196 0.290196 0.290196 #0.000000
v 1.080322 3.010010 0.707031 0.290196 0.290196 0.290196 #0.000000
v 0.736816 2.632813 1.056885 0.290196 0.290196 0.290196 #0.000000
v 1.118652 2.597412 0.707031 0.290196 0.290196 0.290196 #0.000000
v 1.118652 2.597412 0.707031 0.290196 0.290196 0.290196 #0.000000
v 0.736816 2.632813 1.056885 0.290196 0.290196 0.290196 #0.000000
v 0.661865 2.370117 1.056885 0.290196 0.290196 0.290196 #0.000000
v 1.118652 2.597412 0.707031 0.290196 0.290196 0.290196 #0.000000
v 0.661865 2.370117 1.056885 0.290196 0.290196 0.290196 #0.000000
v 1.005127 2.199219 0.707031 0.290196 0.290196 0.290196 #0.000000
v 1.005127 2.199219 0.707031 0.290196 0.290196 0.290196 #0.000000
v 0.661865 2.370117 1.056885 0.290196 0.290196 0.290196 #0.000000
v 0.497314 2.152100 1.057129 0.290196 0.290196 0.290196 #0.000000
v 1.005127 2.199219 0.707031 0.290196 0.290196 0.290196 #0.000000
v 0.497314 2.152100 1.057129 0.290196 0.290196 0.290196 #0.000000
v 0.755615 1.868652 0.707275 0.290196 0.290196 0.290196 #0.000000
v 0.755615 1.868652 0.707275 0.290196 0.290196 0.290196 #0.000000
v 0.497314 2.152100 1.057129 0.290196 0.290196 0.290196 #0.000000
v 0.264893 2.008057 1.057129 0.290196 0.290196 0.290196 #0.000000
v 0.755615 1.868652 0.707275 0.290196 0.290196 0.290196 #0.000000
v 0.264893 2.008057 1.057129 0.290196 0.290196 0.290196 #0.000000
v 0.403320 1.650391 0.707275 0.290196 0.290196 0.290196 #0.000000
v 0.403320 1.650391 0.707275 0.290196 0.290196 0.290196 #0.000000
v 0.264893 2.008057 1.057129 0.290196 0.290196 0.290196 #0.000000
v -0.003418 1.958008 1.057373 0.290196 0.290196 0.290196 #0.000000
v 0.403320 1.650391 0.707275 0.290196 0.290196 0.290196 #0.000000
v -0.003418 1.958008 1.057373 0.290196 0.290196 0.290196 #0.000000
v -0.003662 1.574463 0.707520 0.290196 0.290196 0.290196 #0.000000
v -0.003174 2.701416 1.268799 0.290196 0.290196 0.290196 #0.000000
v -0.271973 2.008057 1.057373 0.290196 0.290196 0.290196 #0.000000
v -0.003418 1.958008 1.057373 0.290196 0.290196 0.290196 #0.000000
v -0.003174 2.701416 1.268799 0.290196 0.290196 0.290196 #0.000000
v -0.504395 2.152100 1.057617 0.290196 0.290196 0.290196 #0.000000
v -0.271973 2.008057 1.057373 0.290196 0.290196 0.290196 #0.000000
v -0.003174 2.701416 1.268799 0.290196 0.290196 0.290196 #0.000000
v -0.668945 2.370117 1.057617 0.290196 0.290196 0.290196 #0.000000
v -0.504395 2.152100 1.057617 0.290196 0.290196 0.290196 #0.000000
v -0.003174 2.701416 1.268799 0.290196 0.290196 0.290196 #0.000000
v -0.743652 2.632813 1.057617 0.290196 0.290196 0.290196 #0.000000
v -0.668945 2.370117 1.057617 0.290196 0.290196 0.290196 #0.000000
v -0.003174 2.701416 1.268799 0.290196 0.290196 0.290196 #0.000000
v -0.718506 2.905029 1.057617 0.290196 0.290196 0.290196 #0.000000
v -0.743652 2.632813 1.057617 0.290196 0.290196 0.290196 #0.000000
v -0.003174 2.701416 1.268799 0.290196 0.290196 0.290196 #0.000000
v -0.596680 3.149658 1.057617 0.290196 0.290196 0.290196 #0.000000
v -0.718506 2.905029 1.057617 0.290196 0.290196 0.290196 #0.000000
v -0.003174 2.701416 1.268799 0.290196 0.290196 0.290196 #0.000000
v -0.394775 3.333740 1.057373 0.290196 0.290196 0.290196 #0.000000
v -0.596680 3.149658 1.057617 0.290196 0.290196 0.290196 #0.000000
v -0.003174 2.701416 1.268799 0.290196 0.290196 0.290196 #0.000000
v -0.139893 3.432373 1.057373 0.290196 0.290196 0.290196 #0.000000
v -0.394775 3.333740 1.057373 0.290196 0.290196 0.290196 #0.000000
v -0.003174 2.701416 1.268799 0.290196 0.290196 0.290196 #0.000000
v 0.133057 3.432373 1.057129 0.290196 0.290196 0.290196 #0.000000
v -0.139893 3.432373 1.057373 0.290196 0.290196 0.290196 #0.000000
v -0.003174 2.701416 1.268799 0.290196 0.290196 0.290196 #0.000000
v 0.387695 3.333740 1.057129 0.290196 0.290196 0.290196 #0.000000
v 0.133057 3.432373 1.057129 0.290196 0.290196 0.290196 #0.000000
v -0.003174 2.701416 1.268799 0.290196 0.290196 0.290196 #0.000000
v 0.589844 3.149658 1.056885 0.290196 0.290196 0.290196 #0.000000
v 0.387695 3.333740 1.057129 0.290196 0.290196 0.290196 #0.000000
v -0.003174 2.701416 1.268799 0.290196 0.290196 0.290196 #0.000000
v 0.711670 2.905029 1.056885 0.290196 0.290196 0.290196 #0.000000
v 0.589844 3.149658 1.056885 0.290196 0.290196 0.290196 #0.000000
v -0.003174 2.701416 1.268799 0.290196 0.290196 0.290196 #0.000000
v 0.736816 2.632813 1.056885 0.290196 0.290196 0.290196 #0.000000
v 0.711670 2.905029 1.056885 0.290196 0.290196 0.290196 #0.000000
v -0.003174 2.701416 1.268799 0.290196 0.290196 0.290196 #0.000000
v 0.661865 2.370117 1.056885 0.290196 0.290196 0.290196 #0.000000
v 0.736816 2.632813 1.056885 0.290196 0.290196 0.290196 #0.000000
v -0.003174 2.701416 1.268799 0.290196 0.290196 0.290196 #0.000000
v 0.497314 2.152100 1.057129 0.290196 0.290196 0.290196 #0.000000
v 0.661865 2.370117 1.056885 0.290196 0.290196 0.290196 #0.000000
v -0.003174 2.701416 1.268799 0.290196 0.290196 0.290196 #0.000000
v 0.264893 2.008057 1.057129 0.290196 0.290196 0.290196 #0.000000
v 0.497314 2.152100 1.057129 0.290196 0.290196 0.290196 #0.000000
v -0.003174 2.701416 1.268799 0.290196 0.290196 0.290196 #0.000000
v -0.003418 1.958008 1.057373 0.290196 0.290196 0.290196 #0.000000
v 0.264893 2.008057 1.057129 0.290196 0.290196 0.290196 #0.000000
v 0.424561 3.030762 1.462158 0.290196 0.290196 0.290196 #0.000000
v 0.405762 3.295898 1.462158 0.290196 0.290196 0.290196 #0.000000
v 0.601563 3.254883 1.462158 0.290196 0.290196 0.290196 #0.000000
v 0.424561 3.030762 1.462158 0.290196 0.290196 0.290196 #0.000000
v 0.601563 3.254883 1.462158 0.290196 0.290196 0.290196 #0.000000
v 0.578613 3.056152 1.462158 0.290196 0.290196 0.290196 #0.000000
v 0.424561 3.030762 1.462158 0.290196 0.290196 0.290196 #0.000000
v 0.230713 3.050049 1.541504 0.290196 0.290196 0.290196 #0.000000
v 0.263916 3.339600 1.541504 0.290196 0.290196 0.290196 #0.000000
v 0.424561 3.030762 1.462158 0.290196 0.290196 0.290196 #0.000000
v 0.263916 3.339600 1.541504 0.290196 0.290196 0.290196 #0.000000
v 0.405762 3.295898 1.462158 0.290196 0.290196 0.290196 #0.000000
v 0.405762 3.295898 1.462158 0.290196 0.290196 0.290196 #0.000000
v 0.263916 3.339600 1.541504 0.290196 0.290196 0.290196 #0.000000
v 0.537842 3.438965 1.541504 0.290196 0.290196 0.290196 #0.000000
v 0.405762 3.295898 1.462158 0.290196 0.290196 0.290196 #0.000000
v 0.537842 3.438965 1.541504 0.290196 0.290196 0.290196 #0.000000
v 0.601563 3.254883 1.462158 0.290196 0.290196 0.290196 #0.000000
v 0.601563 3.254883 1.462158 0.290196 0.290196 0.290196 #0.000000
v 0.537842 3.438965 1.541504 0.290196 0.290196 0.290196 #0.000000
v 0.749023 3.238037 1.541504 0.290196 0.290196 0.290196 #0.000000
v 0.601563 3.254883 1.462158 0.290196 0.290196 0.290196 #0.000000
v 0.749023 3.238037 1.541504 0.290196 0.290196 0.290196 #0.000000
v 0.578613 3.056152 1.462158 0.290196 0.290196 0.290196 #0.000000
v 0.578613 3.056152 1.462158 0.290196 0.290196 0.290196 #0.000000
v 0.749023 3.238037 1.541504 0.290196 0.290196 0.290196 #0.000000
v 0.663086 2.959473 1.541504 0.290196 0.290196 0.290196 #0.000000
v 0.578613 3.056152 1.462158 0.290196 0.290196 0.290196 #0.000000
v 0.663086 2.959473 1.541504 0.290196 0.290196 0.290196 #0.000000
v 0.375488 2.912109 1.541504 0.290196 0.290196 0.290196 #0.000000
v 0.578613 3.056152 1.462158 0.290196 0.290196 0.290196 #0.000000
v 0.375488 2.912109 1.541504 0.290196 0.290196 0.290196 #0.000000
v 0.424561 3.030762 1.462158 0.290196 0.290196 0.290196 #0.000000
v 0.424561 3.030762 1.462158 0.290196 0.290196 0.290196 #0.000000
v 0.375488 2.912109 1.541504 0.290196 0.290196 0.290196 #0.000000
v 0.230713 3.050049 1.541504 0.290196 0.290196 0.290196 #0.000000
v 0.230713 3.050049 1.541504 0.290196 0.290196 0.290196 #0.000000
v 0.227539 2.901611 1.662109 0.290196 0.290196 0.290196 #0.000000
v 0.148438 3.011230 1.662109 0.290196 0.290196 0.290196 #0.000000
v 0.230713 3.050049 1.541504 0.290196 0.290196 0.290196 #0.000000
v 0.148438 3.011230 1.662109 0.290196 0.290196 0.290196 #0.000000
v 0.114258 3.142090 1.662109 0.290196 0.290196 0.290196 #0.000000
v 0.230713 3.050049 1.541504 0.290196 0.290196 0.290196 #0.000000
v 0.114258 3.142090 1.662109 0.290196 0.290196 0.290196 #0.000000
v 0.129639 3.276367 1.662109 0.290196 0.290196 0.290196 #0.000000
v 0.230713 3.050049 1.541504 0.290196 0.290196 0.290196 #0.000000
v 0.129639 3.276367 1.662109 0.290196 0.290196 0.290196 #0.000000
v 0.263916 3.339600 1.541504 0.290196 0.290196 0.290196 #0.000000
v 0.263916 3.339600 1.541504 0.290196 0.290196 0.290196 #0.000000
v 0.129639 3.276367 1.662109 0.290196 0.290196 0.290196 #0.000000
v 0.192627 3.395996 1.662109 0.290196 0.290196 0.290196 #0.000000
v 0.263916 3.339600 1.541504 0.290196 0.290196 0.290196 #0.000000
v 0.192627 3.395996 1.662109 0.290196 0.290196 0.290196 #0.000000
v 0.294434 3.484863 1.662109 0.290196 0.290196 0.290196 #0.000000
v 0.263916 3.339600 1.541504 0.290196 0.290196 0.290196 #0.000000
v 0.294434 3.484863 1.662109 0.290196 0.290196 0.290196 #0.000000
v 0.421387 3.531006 1.662109 0.290196 0.290196 0.290196 #0.000000
v 0.263916 3.339600 1.541504 0.290196 0.290196 0.290196 #0.000000
v 0.421387 3.531006 1.662109 0.290196 0.290196 0.290196 #0.000000
v 0.537842 3.438965 1.541504 0.290196 0.290196 0.290196 #0.000000
v 0.537842 3.438965 1.541504 0.290196 0.290196 0.290196 #0.000000
v 0.421387 3.531006 1.662109 0.290196 0.290196 0.290196 #0.000000
v 0.556396 3.528076 1.662109 0.290196 0.290196 0.290196 #0.000000
v 0.537842 3.438965 1.541504 0.290196 0.290196 0.290196 #0.000000
v 0.556396 3.528076 1.662109 0.290196 0.290196 0.290196 #0.000000
v 0.681396 3.476563 1.662109 0.290196 0.290196 0.290196 #0.000000
v 0.537842 3.438965 1.541504 0.290196 0.290196 0.290196 #0.000000
v 0.681396 3.476563 1.662109 0.290196 0.290196 0.290196 #0.000000
v 0.779297 3.383301 1.662109 0.290196 0.290196 0.290196 #0.000000
v 0.537842 3.438965 1.541504 0.290196 0.290196 0.290196 #0.000000
v 0.779297 3.383301 1.662109 0.290196 0.290196 0.290196 #0.000000
v 0.749023 3.238037 1.541504 0.290196 0.290196 0.290196 #0.000000
v 0.749023 3.238037 1.541504 0.290196 0.290196 0.290196 #0.000000
v 0.779297 3.383301 1.662109 0.290196 0.290196 0.290196 #0.000000
v 0.836914 3.260986 1.662109 0.290196 0.290196 0.290196 #0.000000
v 0.749023 3.238037 1.541504 0.290196 0.290196 0.290196 #0.000000
v 0.836914 3.260986 1.662109 0.290196 0.290196 0.290196 #0.000000
v 0.846436 3.126221 1.662109 0.290196 0.290196 0.290196 #0.000000
v 0.749023 3.238037 1.541504 0.290196 0.290196 0.290196 #0.000000
v 0.846436 3.126221 1.662109 0.290196 0.290196 0.290196 #0.000000
v 0.806641 2.997070 1.662109 0.290196 0.290196 0.290196 #0.000000
v 0.749023 3.238037 1.541504 0.290196 0.290196 0.290196 #0.000000
v 0.806641 2.997070 1.662109 0.290196 0.290196 0.290196 #0.000000
v 0.663086 2.959473 1.541504 0.290196 0.290196 0.290196 #0.000000
v 0.663086 2.959473 1.541504 0.290196 0.290196 0.290196 #0.000000
v 0.806641 2.997070 1.662109 0.290196 0.290196 0.290196 #0.000000
v 0.722900 2.890869 1.662109 0.290196 0.290196 0.290196 #0.000000
v 0.663086 2.959473 1.541504 0.290196 0.290196 0.290196 #0.000000
v 0.722900 2.890869 1.662109 0.290196 0.290196 0.290196 #0.000000
v 0.606445 2.822266 1.662109 0.290196 0.290196 0.290196 #0.000000
v 0.663086 2.959473 1.541504 0.290196 0.290196 0.290196 #0.000000
v 0.606445 2.822266 1.662109 0.290196 0.290196 0.290196 #0.000000
v 0.473145 2.800293 1.662109 0.290196 0.290196 0.290196 #0.000000
v 0.663086 2.959473 1.541504 0.290196 0.290196 0.290196 #0.000000
v 0.473145 2.800293 1.662109 0.290196 0.290196 0.290196 #0.000000
v 0.375488 2.912109 1.541504 0.290196 0.290196 0.290196 #0.000000
v 0.375488 2.912109 1.541504 0.290196 0.290196 0.290196 #0.000000
v 0.473145 2.800293 1.662109 0.290196 0.290196 0.290196 #0.000000
v 0.340820 2.828125 1.662109 0.290196 0.290196 0.290196 #0.000000
v 0.375488 2.912109 1.541504 0.290196 0.290196 0.290196 #0.000000
v 0.340820 2.828125 1.662109 0.290196 0.290196 0.290196 #0.000000
v 0.227539 2.901611 1.662109 0.290196 0.290196 0.290196 #0.000000
v 0.375488 2.912109 1.541504 0.290196 0.290196 0.290196 #0.000000
v 0.227539 2.901611 1.662109 0.290196 0.290196 0.290196 #0.000000
v 0.230713 3.050049 1.541504 0.290196 0.290196 0.290196 #0.000000
v 0.227539 2.901611 1.662109 0.290196 0.290196 0.290196 #0.000000
v 0.198975 2.871826 1.807373 0.290196 0.290196 0.290196 #0.000000
v 0.111084 2.993652 1.807373 0.290196 0.290196 0.290196 #0.000000
v 0.227539 2.901611 1.662109 0.290196 0.290196 0.290196 #0.000000
v 0.111084 2.993652 1.807373 0.290196 0.290196 0.290196 #0.000000
v 0.148438 3.011230 1.662109 0.290196 0.290196 0.290196 #0.000000
v 0.148438 3.011230 1.662109 0.290196 0.290196 0.290196 #0.000000
v 0.111084 2.993652 1.807373 0.290196 0.290196 0.290196 #0.000000
v 0.072998 3.139160 1.807373 0.290196 0.290196 0.290196 #0.000000
v 0.148438 3.011230 1.662109 0.290196 0.290196 0.290196 #0.000000
v 0.072998 3.139160 1.807373 0.290196 0.290196 0.290196 #0.000000
v 0.114258 3.142090 1.662109 0.290196 0.290196 0.290196 #0.000000
v 0.114258 3.142090 1.662109 0.290196 0.290196 0.290196 #0.000000
v 0.072998 3.139160 1.807373 0.290196 0.290196 0.290196 #0.000000
v 0.090088 3.288574 1.807373 0.290196 0.290196 0.290196 #0.000000
v 0.114258 3.142090 1.662109 0.290196 0.290196 0.290196 #0.000000
v 0.090088 3.288574 1.807373 0.290196 0.290196 0.290196 #0.000000
v 0.129639 3.276367 1.662109 0.290196 0.290196 0.290196 #0.000000
v 0.129639 3.276367 1.662109 0.290196 0.290196 0.290196 #0.000000
v 0.090088 3.288574 1.807373 0.290196 0.290196 0.290196 #0.000000
v 0.160156 3.421631 1.807373 0.290196 0.290196 0.290196 #0.000000
v 0.129639 3.276367 1.662109 0.290196 0.290196 0.290196 #0.000000
v 0.160156 3.421631 1.807373 0.290196 0.290196 0.290196 #0.000000
v 0.192627 3.395996 1.662109 0.290196 0.290196 0.290196 #0.000000
v 0.192627 3.395996 1.662109 0.290196 0.290196 0.290196 #0.000000
v 0.160156 3.421631 1.807373 0.290196 0.290196 0.290196 #0.000000
v 0.273438 3.520508 1.807373 0.290196 0.290196 0.290196 #0.000000
v 0.192627 3.395996 1.662109 0.290196 0.290196 0.290196 #0.000000
v 0.273438 3.520508 1.807373 0.290196 0.290196 0.290196 #0.000000
v 0.294434 3.484863 1.662109 0.290196 0.290196 0.290196 #0.000000
v 0.294434 3.484863 1.662109 0.290196 0.290196 0.290196 #0.000000
v 0.273438 3.520508 1.807373 0.290196 0.290196 0.290196 #0.000000
v 0.414551 3.571777 1.807373 0.290196 0.290196 0.290196 #0.000000
v 0.294434 3.484863 1.662109 0.290196 0.290196 0.290196 #0.000000
v 0.414551 3.571777 1.807373 0.290196 0.290196 0.290196 #0.000000
v 0.421387 3.531006 1.662109 0.290196 0.290196 0.290196 #0.000000
v 0.421387 3.531006 1.662109 0.290196 0.290196 0.290196 #0.000000
v 0.414551 3.571777 1.807373 0.290196 0.290196 0.290196 #0.000000
v 0.564941 3.568359 1.807373 0.290196 0.290196 0.290196 #0.000000
v 0.421387 3.531006 1.662109 0.290196 0.290196 0.290196 #0.000000
v 0.564941 3.568359 1.807373 0.290196 0.290196 0.290196 #0.000000
v 0.556396 3.528076 1.662109 0.290196 0.290196 0.290196 #0.000000
v 0.556396 3.528076 1.662109 0.290196 0.290196 0.290196 #0.000000
v 0.564941 3.568359 1.807373 0.290196 0.290196 0.290196 #0.000000
v 0.703857 3.510986 1.807373 0.290196 0.290196 0.290196 #0.000000
v 0.556396 3.528076 1.662109 0.290196 0.290196 0.290196 #0.000000
v 0.703857 3.510986 1.807373 0.290196 0.290196 0.290196 #0.000000
v 0.681396 3.476563 1.662109 0.290196 0.290196 0.290196 #0.000000
v 0.681396 3.476563 1.662109 0.290196 0.290196 0.290196 #0.000000
v 0.703857 3.510986 1.807373 0.290196 0.290196 0.290196 #0.000000
v 0.812744 3.407471 1.807373 0.290196 0.290196 0.290196 #0.000000
v 0.681396 3.476563 1.662109 0.290196 0.290196 0.290196 #0.000000
v 0.812744 3.407471 1.807373 0.290196 0.290196 0.290196 #0.000000
v 0.779297 3.383301 1.662109 0.290196 0.290196 0.290196 #0.000000
v 0.779297 3.383301 1.662109 0.290196 0.290196 0.290196 #0.000000
v 0.812744 3.407471 1.807373 0.290196 0.290196 0.290196 #0.000000
v 0.876953 3.271484 1.807373 0.290196 0.290196 0.290196 #0.000000
v 0.779297 3.383301 1.662109 0.290196 0.290196 0.290196 #0.000000
v 0.876953 3.271484 1.807373 0.290196 0.290196 0.290196 #0.000000
v 0.836914 3.260986 1.662109 0.290196 0.290196 0.290196 #0.000000
v 0.836914 3.260986 1.662109 0.290196 0.290196 0.290196 #0.000000
v 0.876953 3.271484 1.807373 0.290196 0.290196 0.290196 #0.000000
v 0.887451 3.121582 1.807373 0.290196 0.290196 0.290196 #0.000000
v 0.836914 3.260986 1.662109 0.290196 0.290196 0.290196 #0.000000
v 0.887451 3.121582 1.807373 0.290196 0.290196 0.290196 #0.000000
v 0.846436 3.126221 1.662109 0.290196 0.290196 0.290196 #0.000000
v 0.846436 3.126221 1.662109 0.290196 0.290196 0.290196 #0.000000
v 0.887451 3.121582 1.807373 0.290196 0.290196 0.290196 #0.000000
v 0.843262 2.977783 1.807373 0.290196 0.290196 0.290196 #0.000000
v 0.846436 3.126221 1.662109 0.290196 0.290196 0.290196 #0.000000
v 0.843262 2.977783 1.807373 0.290196 0.290196 0.290196 #0.000000
v 0.806641 2.997070 1.662109 0.290196 0.290196 0.290196 #0.000000
v 0.806641 2.997070 1.662109 0.290196 0.290196 0.290196 #0.000000
v 0.843262 2.977783 1.807373 0.290196 0.290196 0.290196 #0.000000
v 0.750000 2.859863 1.807373 0.290196 0.290196 0.290196 #0.000000
v 0.806641 2.997070 1.662109 0.290196 0.290196 0.290196 #0.000000
v 0.750000 2.859863 1.807373 0.290196 0.290196 0.290196 #0.000000
v 0.722900 2.890869 1.662109 0.290196 0.290196 0.290196 #0.000000
v 0.722900 2.890869 1.662109 0.290196 0.290196 0.290196 #0.000000
v 0.750000 2.859863 1.807373 0.290196 0.290196 0.290196 #0.000000
v 0.620605 2.783447 1.807373 0.290196 0.290196 0.290196 #0.000000
v 0.722900 2.890869 1.662109 0.290196 0.290196 0.290196 #0.000000
v 0.620605 2.783447 1.807373 0.290196 0.290196 0.290196 #0.000000
v 0.606445 2.822266 1.662109 0.290196 0.290196 0.290196 #0.000000
v 0.606445 2.822266 1.662109 0.290196 0.290196 0.290196 #0.000000
v 0.620605 2.783447 1.807373 0.290196 0.290196 0.290196 #0.000000
v 0.472168 2.759033 1.807373 0.290196 0.290196 0.290196 #0.000000
v 0.606445 2.822266 1.662109 0.290196 0.290196 0.290196 #0.000000
v 0.472168 2.759033 1.807373 0.290196 0.290196 0.290196 #0.000000
v 0.473145 2.800293 1.662109 0.290196 0.290196 0.290196 #0.000000
v 0.473145 2.800293 1.662109 0.290196 0.290196 0.290196 #0.000000
v 0.472168 2.759033 1.807373 0.290196 0.290196 0.290196 #0.000000
v 0.325195 2.789795 1.807373 0.290196 0.290196 0.290196 #0.000000
v 0.473145 2.800293 1.662109 0.290196 0.290196 0.290196 #0.000000
v 0.325195 2.789795 1.807373 0.290196 0.290196 0.290196 #0.000000
v 0.340820 2.828125 1.662109 0.290196 0.290196 0.290196 #0.000000
v 0.340820 2.828125 1.662109 0.290196 0.290196 0.290196 #0.000000
v 0.325195 2.789795 1.807373 0.290196 0.290196 0.290196 #0.000000
v 0.198975 2.871826 1.807373 0.290196 0.290196 0.290196 #0.000000
v 0.340820 2.828125 1.662109 0.290196 0.290196 0.290196 #0.000000
v 0.198975 2.871826 1.807373 0.290196 0.290196 0.290196 #0.000000
v 0.227539 2.901611 1.662109 0.290196 0.290196 0.290196 #0.000000
v 0.198975 2.871826 1.807373 0.290196 0.290196 0.290196 #0.000000
v 0.208740 2.881836 1.957520 0.290196 0.290196 0.290196 #0.000000
v 0.123779 2.999512 1.957520 0.290196 0.290196 0.290196 #0.000000
v 0.198975 2.871826 1.807373 0.290196 0.290196 0.290196 #0.000000
v 0.123779 2.999512 1.957520 0.290196 0.290196 0.290196 #0.000000
v 0.111084 2.993652 1.807373 0.290196 0.290196 0.290196 #0.000000
v 0.111084 2.993652 1.807373 0.290196 0.290196 0.290196 #0.000000
v 0.123779 2.999512 1.957520 0.290196 0.290196 0.290196 #0.000000
v 0.086914 3.140137 1.957520 0.290196 0.290196 0.290196 #0.000000
v 0.111084 2.993652 1.807373 0.290196 0.290196 0.290196 #0.000000
v 0.086914 3.140137 1.957520 0.290196 0.290196 0.290196 #0.000000
v 0.072998 3.139160 1.807373 0.290196 0.290196 0.290196 #0.000000
v 0.072998 3.139160 1.807373 0.290196 0.290196 0.290196 #0.000000
v 0.086914 3.140137 1.957520 0.290196 0.290196 0.290196 #0.000000
v 0.103516 3.284424 1.957520 0.290196 0.290196 0.290196 #0.000000
v 0.072998 3.139160 1.807373 0.290196 0.290196 0.290196 #0.000000
v 0.103516 3.284424 1.957520 0.290196 0.290196 0.290196 #0.000000
v 0.090088 3.288574 1.807373 0.290196 0.290196 0.290196 #0.000000
v 0.090088 3.288574 1.807373 0.290196 0.290196 0.290196 #0.000000
v 0.103516 3.284424 1.957520 0.290196 0.290196 0.290196 #0.000000
v 0.170898 3.412842 1.957520 0.290196 0.290196 0.290196 #0.000000
v 0.090088 3.288574 1.807373 0.290196 0.290196 0.290196 #0.000000
v 0.170898 3.412842 1.957520 0.290196 0.290196 0.290196 #0.000000
v 0.160156 3.421631 1.807373 0.290196 0.290196 0.290196 #0.000000
v 0.160156 3.421631 1.807373 0.290196 0.290196 0.290196 #0.000000
v 0.170898 3.412842 1.957520 0.290196 0.290196 0.290196 #0.000000
v 0.280518 3.508301 1.957520 0.290196 0.290196 0.290196 #0.000000
v 0.160156 3.421631 1.807373 0.290196 0.290196 0.290196 #0.000000
v 0.280518 3.508301 1.957520 0.290196 0.290196 0.290196 #0.000000
v 0.273438 3.520508 1.807373 0.290196 0.290196 0.290196 #0.000000
v 0.273438 3.520508 1.807373 0.290196 0.290196 0.290196 #0.000000
v 0.280518 3.508301 1.957520 0.290196 0.290196 0.290196 #0.000000
v 0.416992 3.557861 1.957520 0.290196 0.290196 0.290196 #0.000000
v 0.273438 3.520508 1.807373 0.290196 0.290196 0.290196 #0.000000
v 0.416992 3.557861 1.957520 0.290196 0.290196 0.290196 #0.000000
v 0.414551 3.571777 1.807373 0.290196 0.290196 0.290196 #0.000000
v 0.414551 3.571777 1.807373 0.290196 0.290196 0.290196 #0.000000
v 0.416992 3.557861 1.957520 0.290196 0.290196 0.290196 #0.000000
v 0.562012 3.554688 1.957520 0.290196 0.290196 0.290196 #0.000000
v 0.414551 3.571777 1.807373 0.290196 0.290196 0.290196 #0.000000
v 0.562012 3.554688 1.957520 0.290196 0.290196 0.290196 #0.000000
v 0.564941 3.568359 1.807373 0.290196 0.290196 0.290196 #0.000000
v 0.564941 3.568359 1.807373 0.290196 0.290196 0.290196 #0.000000
v 0.562012 3.554688 1.957520 0.290196 0.290196 0.290196 #0.000000
v 0.696289 3.499512 1.957520 0.290196 0.290196 0.290196 #0.000000
v 0.564941 3.568359 1.807373 0.290196 0.290196 0.290196 #0.000000
v 0.696289 3.499512 1.957520 0.290196 0.290196 0.290196 #0.000000
v 0.703857 3.510986 1.807373 0.290196 0.290196 0.290196 #0.000000
v 0.703857 3.510986 1.807373 0.290196 0.290196 0.290196 #0.000000
v 0.696289 3.499512 1.957520 0.290196 0.290196 0.290196 #0.000000
v 0.801514 3.399414 1.957520 0.290196 0.290196 0.290196 #0.000000
v 0.703857 3.510986 1.807373 0.290196 0.290196 0.290196 #0.000000
v 0.801514 3.399414 1.957520 0.290196 0.290196 0.290196 #0.000000
v 0.812744 3.407471 1.807373 0.290196 0.290196 0.290196 #0.000000
v 0.812744 3.407471 1.807373 0.290196 0.290196 0.290196 #0.000000
v 0.801514 3.399414 1.957520 0.290196 0.290196 0.290196 #0.000000
v 0.863525 3.267822 1.957520 0.290196 0.290196 0.290196 #0.000000
v 0.812744 3.407471 1.807373 0.290196 0.290196 0.290196 #0.000000
v 0.863525 3.267822 1.957520 0.290196 0.290196 0.290196 #0.000000
v 0.876953 3.271484 1.807373 0.290196 0.290196 0.290196 #0.000000
v 0.876953 3.271484 1.807373 0.290196 0.290196 0.290196 #0.000000
v 0.863525 3.267822 1.957520 0.290196 0.290196 0.290196 #0.000000
v 0.873779 3.123047 1.957520 0.290196 0.290196 0.290196 #0.000000
v 0.876953 3.271484 1.807373 0.290196 0.290196 0.290196 #0.000000
v 0.873779 3.123047 1.957520 0.290196 0.290196 0.290196 #0.000000
v 0.887451 3.121582 1.807373 0.290196 0.290196 0.290196 #0.000000
v 0.887451 3.121582 1.807373 0.290196 0.290196 0.290196 #0.000000
v 0.873779 3.123047 1.957520 0.290196 0.290196 0.290196 #0.000000
v 0.831055 2.984375 1.957520 0.290196 0.290196 0.290196 #0.000000
v 0.887451 3.121582 1.807373 0.290196 0.290196 0.290196 #0.000000
v 0.831055 2.984375 1.957520 0.290196 0.290196 0.290196 #0.000000
v 0.843262 2.977783 1.807373 0.290196 0.290196 0.290196 #0.000000
v 0.843262 2.977783 1.807373 0.290196 0.290196 0.290196 #0.000000
v 0.831055 2.984375 1.957520 0.290196 0.290196 0.290196 #0.000000
v 0.740967 2.870361 1.957520 0.290196 0.290196 0.290196 #0.000000
v 0.843262 2.977783 1.807373 0.290196 0.290196 0.290196 #0.000000
v 0.740967 2.870361 1.957520 0.290196 0.290196 0.290196 #0.000000
v 0.750000 2.859863 1.807373 0.290196 0.290196 0.290196 #0.000000
v 0.750000 2.859863 1.807373 0.290196 0.290196 0.290196 #0.000000
v 0.740967 2.870361 1.957520 0.290196 0.290196 0.290196 #0.000000
v 0.615967 2.796631 1.957520 0.290196 0.290196 0.290196 #0.000000
v 0.750000 2.859863 1.807373 0.290196 0.290196 0.290196 #0.000000
v 0.615967 2.796631 1.957520 0.290196 0.290196 0.290196 #0.000000
v 0.620605 2.783447 1.807373 0.290196 0.290196 0.290196 #0.000000
v 0.620605 2.783447 1.807373 0.290196 0.290196 0.290196 #0.000000
v 0.615967 2.796631 1.957520 0.290196 0.290196 0.290196 #0.000000
v 0.472656 2.772949 1.957520 0.290196 0.290196 0.290196 #0.000000
v 0.620605 2.783447 1.807373 0.290196 0.290196 0.290196 #0.000000
v 0.472656 2.772949 1.957520 0.290196 0.290196 0.290196 #0.000000
v 0.472168 2.759033 1.807373 0.290196 0.290196 0.290196 #0.000000
v 0.472168 2.759033 1.807373 0.290196 0.290196 0.290196 #0.000000
v 0.472656 2.772949 1.957520 0.290196 0.290196 0.290196 #0.000000
v 0.330566 2.802734 1.957520 0.290196 0.290196 0.290196 #0.000000
v 0.472168 2.759033 1.807373 0.290196 0.290196 0.290196 #0.000000
v 0.330566 2.802734 1.957520 0.290196 0.290196 0.290196 #0.000000
v 0.325195 2.789795 1.807373 0.290196 0.290196 0.290196 #0.000000
v 0.325195 2.789795 1.807373 0.290196 0.290196 0.290196 #0.000000
v 0.330566 2.802734 1.957520 0.290196 0.290196 0.290196 #0.000000
v 0.208740 2.881836 1.957520 0.290196 0.290196 0.290196 #0.000000
v 0.325195 2.789795 1.807373 0.290196 0.290196 0.290196 #0.000000
v 0.208740 2.881836 1.957520 0.290196 0.290196 0.290196 #0.000000
v 0.198975 2.871826 1.807373 0.290196 0.290196 0.290196 #0.000000
v 0.208740 2.881836 1.957520 0.290196 0.290196 0.290196 #0.000000
v 0.255127 2.930664 2.092773 0.290196 0.290196 0.290196 #0.000000
v 0.184570 3.028320 2.092773 0.290196 0.290196 0.290196 #0.000000
v 0.208740 2.881836 1.957520 0.290196 0.290196 0.290196 #0.000000
v 0.184570 3.028320 2.092773 0.290196 0.290196 0.290196 #0.000000
v 0.123779 2.999512 1.957520 0.290196 0.290196 0.290196 #0.000000
v 0.123779 2.999512 1.957520 0.290196 0.290196 0.290196 #0.000000
v 0.184570 3.028320 2.092773 0.290196 0.290196 0.290196 #0.000000
v 0.154053 3.144775 2.092773 0.290196 0.290196 0.290196 #0.000000
v 0.123779 2.999512 1.957520 0.290196 0.290196 0.290196 #0.000000
v 0.154053 3.144775 2.092773 0.290196 0.290196 0.290196 #0.000000
v 0.086914 3.140137 1.957520 0.290196 0.290196 0.290196 #0.000000
v 0.086914 3.140137 1.957520 0.290196 0.290196 0.290196 #0.000000
v 0.154053 3.144775 2.092773 0.290196 0.290196 0.290196 #0.000000
v 0.167725 3.264648 2.092773 0.290196 0.290196 0.290196 #0.000000
v 0.086914 3.140137 1.957520 0.290196 0.290196 0.290196 #0.000000
v 0.167725 3.264648 2.092773 0.290196 0.290196 0.290196 #0.000000
v 0.103516 3.284424 1.957520 0.290196 0.290196 0.290196 #0.000000
v 0.103516 3.284424 1.957520 0.290196 0.290196 0.290196 #0.000000
v 0.167725 3.264648 2.092773 0.290196 0.290196 0.290196 #0.000000
v 0.223877 3.371338 2.092773 0.290196 0.290196 0.290196 #0.000000
v 0.103516 3.284424 1.957520 0.290196 0.290196 0.290196 #0.000000
v 0.223877 3.371338 2.092773 0.290196 0.290196 0.290196 #0.000000
v 0.170898 3.412842 1.957520 0.290196 0.290196 0.290196 #0.000000
v 0.170898 3.412842 1.957520 0.290196 0.290196 0.290196 #0.000000
v 0.223877 3.371338 2.092773 0.290196 0.290196 0.290196 #0.000000
v 0.314697 3.450439 2.092773 0.290196 0.290196 0.290196 #0.000000
v 0.170898 3.412842 1.957520 0.290196 0.290196 0.290196 #0.000000
v 0.314697 3.450439 2.092773 0.290196 0.290196 0.290196 #0.000000
v 0.280518 3.508301 1.957520 0.290196 0.290196 0.290196 #0.000000
v 0.280518 3.508301 1.957520 0.290196 0.290196 0.290196 #0.000000
v 0.314697 3.450439 2.092773 0.290196 0.290196 0.290196 #0.000000
v 0.427979 3.491455 2.092773 0.290196 0.290196 0.290196 #0.000000
v 0.280518 3.508301 1.957520 0.290196 0.290196 0.290196 #0.000000
v 0.427979 3.491455 2.092773 0.290196 0.290196 0.290196 #0.000000
v 0.416992 3.557861 1.957520 0.290196 0.290196 0.290196 #0.000000
v 0.416992 3.557861 1.957520 0.290196 0.290196 0.290196 #0.000000
v 0.427979 3.491455 2.092773 0.290196 0.290196 0.290196 #0.000000
v 0.548340 3.489014 2.092773 0.290196 0.290196 0.290196 #0.000000
v 0.416992 3.557861 1.957520 0.290196 0.290196 0.290196 #0.000000
v 0.548340 3.489014 2.092773 0.290196 0.290196 0.290196 #0.000000
v 0.562012 3.554688 1.957520 0.290196 0.290196 0.290196 #0.000000
v 0.562012 3.554688 1.957520 0.290196 0.290196 0.290196 #0.000000
v 0.548340 3.489014 2.092773 0.290196 0.290196 0.290196 #0.000000
v 0.659668 3.442871 2.092773 0.290196 0.290196 0.290196 #0.000000
v 0.562012 3.554688 1.957520 0.290196 0.290196 0.290196 #0.000000
v 0.659668 3.442871 2.092773 0.290196 0.290196 0.290196 #0.000000
v 0.696289 3.499512 1.957520 0.290196 0.290196 0.290196 #0.000000
v 0.696289 3.499512 1.957520 0.290196 0.290196 0.290196 #0.000000
v 0.659668 3.442871 2.092773 0.290196 0.290196 0.290196 #0.000000
v 0.747070 3.359863 2.092773 0.290196 0.290196 0.290196 #0.000000
v 0.696289 3.499512 1.957520 0.290196 0.290196 0.290196 #0.000000
v 0.747070 3.359863 2.092773 0.290196 0.290196 0.290196 #0.000000
v 0.801514 3.399414 1.957520 0.290196 0.290196 0.290196 #0.000000
v 0.801514 3.399414 1.957520 0.290196 0.290196 0.290196 #0.000000
v 0.747070 3.359863 2.092773 0.290196 0.290196 0.290196 #0.000000
v 0.798340 3.250977 2.092773 0.290196 0.290196 0.290196 #0.000000
v 0.801514 3.399414 1.957520 0.290196 0.290196 0.290196 #0.000000
v 0.798340 3.250977 2.092773 0.290196 0.290196 0.290196 #0.000000
v 0.863525 3.267822 1.957520 0.290196 0.290196 0.290196 #0.000000
v 0.863525 3.267822 1.957520 0.290196 0.290196 0.290196 #0.000000
v 0.798340 3.250977 2.092773 0.290196 0.290196 0.290196 #0.000000
v 0.806885 3.130859 2.092773 0.290196 0.290196 0.290196 #0.000000
v 0.863525 3.267822 1.957520 0.290196 0.290196 0.290196 #0.000000
v 0.806885 3.130859 2.092773 0.290196 0.290196 0.290196 #0.000000
v 0.873779 3.123047 1.957520 0.290196 0.290196 0.290196 #0.000000
v 0.873779 3.123047 1.957520 0.290196 0.290196 0.290196 #0.000000
v 0.806885 3.130859 2.092773 0.290196 0.290196 0.290196 #0.000000
v 0.771484 3.015625 2.092773 0.290196 0.290196 0.290196 #0.000000
v 0.873779 3.123047 1.957520 0.290196 0.290196 0.290196 #0.000000
v 0.771484 3.015625 2.092773 0.290196 0.290196 0.290196 #0.000000
v 0.831055 2.984375 1.957520 0.290196 0.290196 0.290196 #0.000000
v 0.831055 2.984375 1.957520 0.290196 0.290196 0.290196 #0.000000
v 0.771484 3.015625 2.092773 0.290196 0.290196 0.290196 #0.000000
v 0.696777 2.921143 2.092773 0.290196 0.290196 0.290196 #0.000000
v 0.831055 2.984375 1.957520 0.290196 0.290196 0.290196 #0.000000
v 0.696777 2.921143 2.092773 0.290196 0.290196 0.290196 #0.000000
v 0.740967 2.870361 1.957520 0.290196 0.290196 0.290196 #0.000000
v 0.740967 2.870361 1.957520 0.290196 0.290196 0.290196 #0.000000
v 0.696777 2.921143 2.092773 0.290196 0.290196 0.290196 #0.000000
v 0.593018 2.859863 2.092773 0.290196 0.290196 0.290196 #0.000000
v 0.740967 2.870361 1.957520 0.290196 0.290196 0.290196 #0.000000
v 0.593018 2.859863 2.092773 0.290196 0.290196 0.290196 #0.000000
v 0.615967 2.796631 1.957520 0.290196 0.290196 0.290196 #0.000000
v 0.615967 2.796631 1.957520 0.290196 0.290196 0.290196 #0.000000
v 0.593018 2.859863 2.092773 0.290196 0.290196 0.290196 #0.000000
v 0.474121 2.840332 2.092773 0.290196 0.290196 0.290196 #0.000000
v 0.615967 2.796631 1.957520 0.290196 0.290196 0.290196 #0.000000
v 0.474121 2.840332 2.092773 0.290196 0.290196 0.290196 #0.000000
v 0.472656 2.772949 1.957520 0.290196 0.290196 0.290196 #0.000000
v 0.472656 2.772949 1.957520 0.290196 0.290196 0.290196 #0.000000
v 0.474121 2.840332 2.092773 0.290196 0.290196 0.290196 #0.000000
v 0.356201 2.864990 2.092773 0.290196 0.290196 0.290196 #0.000000
v 0.472656 2.772949 1.957520 0.290196 0.290196 0.290196 #0.000000
v 0.356201 2.864990 2.092773 0.290196 0.290196 0.290196 #0.000000
v 0.330566 2.802734 1.957520 0.290196 0.290196 0.290196 #0.000000
v 0.330566 2.802734 1.957520 0.290196 0.290196 0.290196 #0.000000
v 0.356201 2.864990 2.092773 0.290196 0.290196 0.290196 #0.000000
v 0.255127 2.930664 2.092773 0.290196 0.290196 0.290196 #0.000000
v 0.330566 2.802734 1.957520 0.290196 0.290196 0.290196 #0.000000
v 0.255127 2.930664 2.092773 0.290196 0.290196 0.290196 #0.000000
v 0.208740 2.881836 1.957520 0.290196 0.290196 0.290196 #0.000000
v 0.255127 2.930664 2.092773 0.290196 0.290196 0.290196 #0.000000
v 0.285400 3.075928 2.194580 0.290196 0.290196 0.290196 #0.000000
v 0.184570 3.028320 2.092773 0.290196 0.290196 0.290196 #0.000000
v 0.184570 3.028320 2.092773 0.290196 0.290196 0.290196 #0.000000
v 0.285400 3.075928 2.194580 0.290196 0.290196 0.290196 #0.000000
v 0.154053 3.144775 2.092773 0.290196 0.290196 0.290196 #0.000000
v 0.154053 3.144775 2.092773 0.290196 0.290196 0.290196 #0.000000
v 0.285400 3.075928 2.194580 0.290196 0.290196 0.290196 #0.000000
v 0.311279 3.302002 2.194580 0.290196 0.290196 0.290196 #0.000000
v 0.154053 3.144775 2.092773 0.290196 0.290196 0.290196 #0.000000
v 0.311279 3.302002 2.194580 0.290196 0.290196 0.290196 #0.000000
v 0.167725 3.264648 2.092773 0.290196 0.290196 0.290196 #0.000000
v 0.167725 3.264648 2.092773 0.290196 0.290196 0.290196 #0.000000
v 0.311279 3.302002 2.194580 0.290196 0.290196 0.290196 #0.000000
v 0.223877 3.371338 2.092773 0.290196 0.290196 0.290196 #0.000000
v 0.223877 3.371338 2.092773 0.290196 0.290196 0.290196 #0.000000
v 0.311279 3.302002 2.194580 0.290196 0.290196 0.290196 #0.000000
v 0.314697 3.450439 2.092773 0.290196 0.290196 0.290196 #0.000000
v 0.314697 3.450439 2.092773 0.290196 0.290196 0.290196 #0.000000
v 0.311279 3.302002 2.194580 0.290196 0.290196 0.290196 #0.000000
v 0.525391 3.379639 2.194580 0.290196 0.290196 0.290196 #0.000000
v 0.314697 3.450439 2.092773 0.290196 0.290196 0.290196 #0.000000
v 0.525391 3.379639 2.194580 0.290196 0.290196 0.290196 #0.000000
v 0.427979 3.491455 2.092773 0.290196 0.290196 0.290196 #0.000000
v 0.427979 3.491455 2.092773 0.290196 0.290196 0.290196 #0.000000
v 0.525391 3.379639 2.194580 0.290196 0.290196 0.290196 #0.000000
v 0.548340 3.489014 2.092773 0.290196 0.290196 0.290196 #0.000000
v 0.548340 3.489014 2.092773 0.290196 0.290196 0.290196 #0.000000
v 0.525391 3.379639 2.194580 0.290196 0.290196 0.290196 #0.000000
v 0.659668 3.442871 2.092773 0.290196 0.290196 0.290196 #0.000000
v 0.659668 3.442871 2.092773 0.290196 0.290196 0.290196 #0.000000
v 0.525391 3.379639 2.194580 0.290196 0.290196 0.290196 #0.000000
v 0.690430 3.222656 2.194580 0.290196 0.290196 0.290196 #0.000000
v 0.659668 3.442871 2.092773 0.290196 0.290196 0.290196 #0.000000
v 0.690430 3.222656 2.194580 0.290196 0.290196 0.290196 #0.000000
v 0.747070 3.359863 2.092773 0.290196 0.290196 0.290196 #0.000000
v 0.747070 3.359863 2.092773 0.290196 0.290196 0.290196 #0.000000
v 0.690430 3.222656 2.194580 0.290196 0.290196 0.290196 #0.000000
v 0.798340 3.250977 2.092773 0.290196 0.290196 0.290196 #0.000000
v 0.798340 3.250977 2.092773 0.290196 0.290196 0.290196 #0.000000
v 0.690430 3.222656 2.194580 0.290196 0.290196 0.290196 #0.000000
v 0.806885 3.130859 2.092773 0.290196 0.290196 0.290196 #0.000000
v 0.806885 3.130859 2.092773 0.290196 0.290196 0.290196 #0.000000
v 0.690430 3.222656 2.194580 0.290196 0.290196 0.290196 #0.000000
v 0.623291 3.005127 2.194580 0.290196 0.290196 0.290196 #0.000000
v 0.806885 3.130859 2.092773 0.290196 0.290196 0.290196 #0.000000
v 0.623291 3.005127 2.194580 0.290196 0.290196 0.290196 #0.000000
v 0.771484 3.015625 2.092773 0.290196 0.290196 0.290196 #0.000000
v 0.771484 3.015625 2.092773 0.290196 0.290196 0.290196 #0.000000
v 0.623291 3.005127 2.194580 0.290196 0.290196 0.290196 #0.000000
v 0.696777 2.921143 2.092773 0.290196 0.290196 0.290196 #0.000000
v 0.696777 2.921143 2.092773 0.290196 0.290196 0.290196 #0.000000
v 0.623291 3.005127 2.194580 0.290196 0.290196 0.290196 #0.000000
v 0.593018 2.859863 2.092773 0.290196 0.290196 0.290196 #0.000000
v 0.593018 2.859863 2.092773 0.290196 0.290196 0.290196 #0.000000
v 0.623291 3.005127 2.194580 0.290196 0.290196 0.290196 #0.000000
v 0.398682 2.968018 2.194580 0.290196 0.290196 0.290196 #0.000000
v 0.593018 2.859863 2.092773 0.290196 0.290196 0.290196 #0.000000
v 0.398682 2.968018 2.194580 0.290196 0.290196 0.290196 #0.000000
v 0.474121 2.840332 2.092773 0.290196 0.290196 0.290196 #0.000000
v 0.474121 2.840332 2.092773 0.290196 0.290196 0.290196 #0.000000
v 0.398682 2.968018 2.194580 0.290196 0.290196 0.290196 #0.000000
v 0.356201 2.864990 2.092773 0.290196 0.290196 0.290196 #0.000000
v 0.356201 2.864990 2.092773 0.290196 0.290196 0.290196 #0.000000
v 0.398682 2.968018 2.194580 0.290196 0.290196 0.290196 #0.000000
v 0.285400 3.075928 2.194580 0.290196 0.290196 0.290196 #0.000000
v 0.356201 2.864990 2.092773 0.290196 0.290196 0.290196 #0.000000
v 0.285400 3.075928 2.194580 0.290196 0.290196 0.290196 #0.000000
v 0.255127 2.930664 2.092773 0.290196 0.290196 0.290196 #0.000000
v 0.481201 3.167969 2.256104 0.290196 0.290196 0.290196 #0.000000
v 0.311279 3.302002 2.194580 0.290196 0.290196 0.290196 #0.000000
v 0.285400 3.075928 2.194580 0.290196 0.290196 0.290196 #0.000000
v 0.481201 3.167969 2.256104 0.290196 0.290196 0.290196 #0.000000
v 0.525391 3.379639 2.194580 0.290196 0.290196 0.290196 #0.000000
v 0.311279 3.302002 2.194580 0.290196 0.290196 0.290196 #0.000000
v 0.481201 3.167969 2.256104 0.290196 0.290196 0.290196 #0.000000
v 0.690430 3.222656 2.194580 0.290196 0.290196 0.290196 #0.000000
v 0.525391 3.379639 2.194580 0.290196 0.290196 0.290196 #0.000000
v 0.481201 3.167969 2.256104 0.290196 0.290196 0.290196 #0.000000
v 0.623291 3.005127 2.194580 0.290196 0.290196 0.290196 #0.000000
v 0.690430 3.222656 2.194580 0.290196 0.290196 0.290196 #0.000000
v 0.481201 3.167969 2.256104 0.290196 0.290196 0.290196 #0.000000
v 0.398682 2.968018 2.194580 0.290196 0.290196 0.290196 #0.000000
v 0.623291 3.005127 2.194580 0.290196 0.290196 0.290196 #0.000000
v 0.481201 3.167969 2.256104 0.290196 0.290196 0.290196 #0.000000
v 0.285400 3.075928 2.194580 0.290196 0.290196 0.290196 #0.000000
v 0.398682 2.968018 2.194580 0.290196 0.290196 0.290196 #0.000000
vt 0.452148 0.554199 0.000000
vt 0.504883 0.691406 0.000000
vt 0.597900 0.567627 0.000000
vt 0.452148 0.554199 0.000000
vt 0.597900 0.567627 0.000000
vt 0.529297 0.428955 0.000000
vt 0.452148 0.554199 0.000000
vt 0.529297 0.428955 0.000000
vt 0.375000 0.428955 0.000000
vt 0.452148 0.554199 0.000000
vt 0.375000 0.428955 0.000000
vt 0.306152 0.567627 0.000000
vt 0.452148 0.554199 0.000000
vt 0.306152 0.567627 0.000000
vt 0.399170 0.691406 0.000000
vt 0.452148 0.554199 0.000000
vt 0.399170 0.691406 0.000000
vt 0.504883 0.691406 0.000000
vt 0.504883 0.691406 0.000000
vt 0.451904 0.828613 0.000000
vt 0.550781 0.810059 0.000000
vt 0.504883 0.691406 0.000000
vt 0.550781 0.810059 0.000000
vt 0.636230 0.756836 0.000000
vt 0.504883 0.691406 0.000000
vt 0.636230 0.756836 0.000000
vt 0.696777 0.676514 0.000000
vt 0.504883 0.691406 0.000000
vt 0.696777 0.676514 0.000000
vt 0.597900 0.567627 0.000000
vt 0.597900 0.567627 0.000000
vt 0.696777 0.676514 0.000000
vt 0.724121 0.579346 0.000000
vt 0.597900 0.567627 0.000000
vt 0.724121 0.579346 0.000000
vt 0.714844 0.479004 0.000000
vt 0.597900 0.567627 0.000000
vt 0.714844 0.479004 0.000000
vt 0.670166 0.388672 0.000000
vt 0.597900 0.567627 0.000000
vt 0.670166 0.388672 0.000000
vt 0.529297 0.428955 0.000000
vt 0.529297 0.428955 0.000000
vt 0.670166 0.388672 0.000000
vt 0.595947 0.320801 0.000000
vt 0.529297 0.428955 0.000000
vt 0.595947 0.320801 0.000000
vt 0.502197 0.284424 0.000000
vt 0.529297 0.428955 0.000000
vt 0.502197 0.284424 0.000000
vt 0.401855 0.284424 0.000000
vt 0.529297 0.428955 0.000000
vt 0.401855 0.284424 0.000000
vt 0.375000 0.428955 0.000000
vt 0.375000 0.428955 0.000000
vt 0.401855 0.284424 0.000000
vt 0.308105 0.320801 0.000000
vt 0.375000 0.428955 0.000000
vt 0.308105 0.320801 0.000000
vt 0.233887 0.388672 0.000000
vt 0.375000 0.428955 0.000000
vt 0.233887 0.388672 0.000000
vt 0.189209 0.479004 0.000000
vt 0.375000 0.428955 0.000000
vt 0.189209 0.479004 0.000000
vt 0.306152 0.567627 0.000000
vt 0.306152 0.567627 0.000000
vt 0.189209 0.479004 0.000000
vt 0.179932 0.579346 0.000000
vt 0.306152 0.567627 0.000000
vt 0.179932 0.579346 0.000000
vt 0.207275 0.676514 0.000000
vt 0.306152 0.567627 0.000000
vt 0.207275 0.676514 0.000000
vt 0.267822 0.756836 0.000000
vt 0.306152 0.567627 0.000000
vt 0.267822 0.756836 0.000000
vt 0.399170 0.691406 0.000000
vt 0.399170 0.691406 0.000000
vt 0.267822 0.756836 0.000000
vt 0.353271 0.810059 0.000000
vt 0.399170 0.691406 0.000000
vt 0.353271 0.810059 0.000000
vt 0.451904 0.828613 0.000000
vt 0.399170 0.691406 0.000000
vt 0.451904 0.828613 0.000000
vt 0.504883 0.691406 0.000000
vt 0.451904 0.828613 0.000000
vt 0.451904 0.918701 0.000000
vt 0.583252 0.894287 0.000000
vt 0.451904 0.828613 0.000000
vt 0.583252 0.894287 0.000000
vt 0.550781 0.810059 0.000000
vt 0.550781 0.810059 0.000000
vt 0.583252 0.894287 0.000000
vt 0.696533 0.823730 0.000000
vt 0.550781 0.810059 0.000000
vt 0.696533 0.823730 0.000000
vt 0.636230 0.756836 0.000000
vt 0.636230 0.756836 0.000000
vt 0.696533 0.823730 0.000000
vt 0.777100 0.716553 0.000000
vt 0.636230 0.756836 0.000000
vt 0.777100 0.716553 0.000000
vt 0.696777 0.676514 0.000000
vt 0.696777 0.676514 0.000000
vt 0.777100 0.716553 0.000000
vt 0.813477 0.587646 0.000000
vt 0.696777 0.676514 0.000000
vt 0.813477 0.587646 0.000000
vt 0.724121 0.579346 0.000000
vt 0.724121 0.579346 0.000000
vt 0.813477 0.587646 0.000000
vt 0.801270 0.454346 0.000000
vt 0.724121 0.579346 0.000000
vt 0.801270 0.454346 0.000000
vt 0.714844 0.479004 0.000000
vt 0.714844 0.479004 0.000000
vt 0.801270 0.454346 0.000000
vt 0.741699 0.334229 0.000000
vt 0.714844 0.479004 0.000000
vt 0.741699 0.334229 0.000000
vt 0.670166 0.388672 0.000000
vt 0.670166 0.388672 0.000000
vt 0.741699 0.334229 0.000000
vt 0.643066 0.244141 0.000000
vt 0.670166 0.388672 0.000000
vt 0.643066 0.244141 0.000000
vt 0.595947 0.320801 0.000000
vt 0.595947 0.320801 0.000000
vt 0.643066 0.244141 0.000000
vt 0.518799 0.195557 0.000000
vt 0.595947 0.320801 0.000000
vt 0.518799 0.195557 0.000000
vt 0.502197 0.284424 0.000000
vt 0.502197 0.284424 0.000000
vt 0.518799 0.195557 0.000000
vt 0.385254 0.195557 0.000000
vt 0.502197 0.284424 0.000000
vt 0.385254 0.195557 0.000000
vt 0.401855 0.284424 0.000000
vt 0.401855 0.284424 0.000000
vt 0.385254 0.195557 0.000000
vt 0.260742 0.244141 0.000000
vt 0.401855 0.284424 0.000000
vt 0.260742 0.244141 0.000000
vt 0.308105 0.320801 0.000000
vt 0.308105 0.320801 0.000000
vt 0.260742 0.244141 0.000000
vt 0.162109 0.334229 0.000000
vt 0.308105 0.320801 0.000000
vt 0.162109 0.334229 0.000000
vt 0.233887 0.388672 0.000000
vt 0.233887 0.388672 0.000000
vt 0.162109 0.334229 0.000000
vt 0.102783 0.454346 0.000000
vt 0.233887 0.388672 0.000000
vt 0.102783 0.454346 0.000000
vt 0.189209 0.479004 0.000000
vt 0.189209 0.479004 0.000000
vt 0.102783 0.454346 0.000000
vt 0.090332 0.587646 0.000000
vt 0.189209 0.479004 0.000000
vt 0.090332 0.587646 0.000000
vt 0.179932 0.579346 0.000000
vt 0.179932 0.579346 0.000000
vt 0.090332 0.587646 0.000000
vt 0.126953 0.716553 0.000000
vt 0.179932 0.579346 0.000000
vt 0.126953 0.716553 0.000000
vt 0.207275 0.676514 0.000000
vt 0.207275 0.676514 0.000000
vt 0.126953 0.716553 0.000000
vt 0.207275 0.823730 0.000000
vt 0.207275 0.676514 0.000000
vt 0.207275 0.823730 0.000000
vt 0.267822 0.756836 0.000000
vt 0.267822 0.756836 0.000000
vt 0.207275 0.823730 0.000000
vt 0.320801 0.894287 0.000000
vt 0.267822 0.756836 0.000000
vt 0.320801 0.894287 0.000000
vt 0.353271 0.810059 0.000000
vt 0.353271 0.810059 0.000000
vt 0.320801 0.894287 0.000000
vt 0.451904 0.918701 0.000000
vt 0.353271 0.810059 0.000000
vt 0.451904 0.918701 0.000000
vt 0.451904 0.828613 0.000000
vt 0.451904 0.918701 0.000000
vt 0.451904 0.959717 0.000000
vt 0.597900 0.932373 0.000000
vt 0.451904 0.918701 0.000000
vt 0.597900 0.932373 0.000000
vt 0.583252 0.894287 0.000000
vt 0.583252 0.894287 0.000000
vt 0.597900 0.932373 0.000000
vt 0.724121 0.854004 0.000000
vt 0.583252 0.894287 0.000000
vt 0.724121 0.854004 0.000000
vt 0.696533 0.823730 0.000000
vt 0.696533 0.823730 0.000000
vt 0.724121 0.854004 0.000000
vt 0.813477 0.734863 0.000000
vt 0.696533 0.823730 0.000000
vt 0.813477 0.734863 0.000000
vt 0.777100 0.716553 0.000000
vt 0.777100 0.716553 0.000000
vt 0.813477 0.734863 0.000000
vt 0.854004 0.591553 0.000000
vt 0.777100 0.716553 0.000000
vt 0.854004 0.591553 0.000000
vt 0.813477 0.587646 0.000000
vt 0.813477 0.587646 0.000000
vt 0.854004 0.591553 0.000000
vt 0.840332 0.443115 0.000000
vt 0.813477 0.587646 0.000000
vt 0.840332 0.443115 0.000000
vt 0.801270 0.454346 0.000000
vt 0.801270 0.454346 0.000000
vt 0.840332 0.443115 0.000000
vt 0.774170 0.309570 0.000000
vt 0.801270 0.454346 0.000000
vt 0.774170 0.309570 0.000000
vt 0.741699 0.334229 0.000000
vt 0.741699 0.334229 0.000000
vt 0.774170 0.309570 0.000000
vt 0.664551 0.209229 0.000000
vt 0.741699 0.334229 0.000000
vt 0.664551 0.209229 0.000000
vt 0.643066 0.244141 0.000000
vt 0.643066 0.244141 0.000000
vt 0.664551 0.209229 0.000000
vt 0.526123 0.155273 0.000000
vt 0.643066 0.244141 0.000000
vt 0.526123 0.155273 0.000000
vt 0.518799 0.195557 0.000000
vt 0.518799 0.195557 0.000000
vt 0.526123 0.155273 0.000000
vt 0.377686 0.155273 0.000000
vt 0.518799 0.195557 0.000000
vt 0.377686 0.155273 0.000000
vt 0.385254 0.195557 0.000000
vt 0.385254 0.195557 0.000000
vt 0.377686 0.155273 0.000000
vt 0.239258 0.209229 0.000000
vt 0.385254 0.195557 0.000000
vt 0.239258 0.209229 0.000000
vt 0.260742 0.244141 0.000000
vt 0.260742 0.244141 0.000000
vt 0.239258 0.209229 0.000000
vt 0.129639 0.309570 0.000000
vt 0.260742 0.244141 0.000000
vt 0.129639 0.309570 0.000000
vt 0.162109 0.334229 0.000000
vt 0.162109 0.334229 0.000000
vt 0.129639 0.309570 0.000000
vt 0.063477 0.443115 0.000000
vt 0.162109 0.334229 0.000000
vt 0.063477 0.443115 0.000000
vt 0.102783 0.454346 0.000000
vt 0.102783 0.454346 0.000000
vt 0.063477 0.443115 0.000000
vt 0.049561 0.591553 0.000000
vt 0.102783 0.454346 0.000000
vt 0.049561 0.591553 0.000000
vt 0.090332 0.587646 0.000000
vt 0.090332 0.587646 0.000000
vt 0.049561 0.591553 0.000000
vt 0.090332 0.734863 0.000000
vt 0.090332 0.587646 0.000000
vt 0.090332 0.734863 0.000000
vt 0.126953 0.716553 0.000000
vt 0.126953 0.716553 0.000000
vt 0.090332 0.734863 0.000000
vt 0.179688 0.854004 0.000000
vt 0.126953 0.716553 0.000000
vt 0.179688 0.854004 0.000000
vt 0.207275 0.823730 0.000000
vt 0.207275 0.823730 0.000000
vt 0.179688 0.854004 0.000000
vt 0.305908 0.932373 0.000000
vt 0.207275 0.823730 0.000000
vt 0.305908 0.932373 0.000000
vt 0.320801 0.894287 0.000000
vt 0.320801 0.894287 0.000000
vt 0.305908 0.932373 0.000000
vt 0.451904 0.959717 0.000000
vt 0.320801 0.894287 0.000000
vt 0.451904 0.959717 0.000000
vt 0.451904 0.918701 0.000000
vt 0.451904 0.959717 0.000000
vt 0.451904 0.946045 0.000000
vt 0.592773 0.919434 0.000000
vt 0.451904 0.959717 0.000000
vt 0.592773 0.919434 0.000000
vt 0.597900 0.932373 0.000000
vt 0.597900 0.932373 0.000000
vt 0.592773 0.919434 0.000000
vt 0.714600 0.843750 0.000000
vt 0.597900 0.932373 0.000000
vt 0.714600 0.843750 0.000000
vt 0.724121 0.854004 0.000000
vt 0.724121 0.854004 0.000000
vt 0.714600 0.843750 0.000000
vt 0.801025 0.728760 0.000000
vt 0.724121 0.854004 0.000000
vt 0.801025 0.728760 0.000000
vt 0.813477 0.734863 0.000000
vt 0.813477 0.734863 0.000000
vt 0.801025 0.728760 0.000000
vt 0.840332 0.590332 0.000000
vt 0.813477 0.734863 0.000000
vt 0.840332 0.590332 0.000000
vt 0.854004 0.591553 0.000000
vt 0.854004 0.591553 0.000000
vt 0.840332 0.590332 0.000000
vt 0.827148 0.446777 0.000000
vt 0.854004 0.591553 0.000000
vt 0.827148 0.446777 0.000000
vt 0.840332 0.443115 0.000000
vt 0.840332 0.443115 0.000000
vt 0.827148 0.446777 0.000000
vt 0.763184 0.317871 0.000000
vt 0.840332 0.443115 0.000000
vt 0.763184 0.317871 0.000000
vt 0.774170 0.309570 0.000000
vt 0.774170 0.309570 0.000000
vt 0.763184 0.317871 0.000000
vt 0.657227 0.220947 0.000000
vt 0.774170 0.309570 0.000000
vt 0.657227 0.220947 0.000000
vt 0.664551 0.209229 0.000000
vt 0.664551 0.209229 0.000000
vt 0.657227 0.220947 0.000000
vt 0.523438 0.168945 0.000000
vt 0.664551 0.209229 0.000000
vt 0.523438 0.168945 0.000000
vt 0.526123 0.155273 0.000000
vt 0.526123 0.155273 0.000000
vt 0.523438 0.168945 0.000000
vt 0.380127 0.168945 0.000000
vt 0.526123 0.155273 0.000000
vt 0.380127 0.168945 0.000000
vt 0.377686 0.155273 0.000000
vt 0.377686 0.155273 0.000000
vt 0.380127 0.168945 0.000000
vt 0.246338 0.220947 0.000000
vt 0.377686 0.155273 0.000000
vt 0.246338 0.220947 0.000000
vt 0.239258 0.209229 0.000000
vt 0.239258 0.209229 0.000000
vt 0.246338 0.220947 0.000000
vt 0.140381 0.317871 0.000000
vt 0.239258 0.209229 0.000000
vt 0.140381 0.317871 0.000000
vt 0.129639 0.309570 0.000000
vt 0.129639 0.309570 0.000000
vt 0.140381 0.317871 0.000000
vt 0.076416 0.446777 0.000000
vt 0.129639 0.309570 0.000000
vt 0.076416 0.446777 0.000000
vt 0.063477 0.443115 0.000000
vt 0.063477 0.443115 0.000000
vt 0.076416 0.446777 0.000000
vt 0.063232 0.590332 0.000000
vt 0.063477 0.443115 0.000000
vt 0.063232 0.590332 0.000000
vt 0.049561 0.591553 0.000000
vt 0.049561 0.591553 0.000000
vt 0.063232 0.590332 0.000000
vt 0.102539 0.728760 0.000000
vt 0.049561 0.591553 0.000000
vt 0.102539 0.728760 0.000000
vt 0.090332 0.734863 0.000000
vt 0.090332 0.734863 0.000000
vt 0.102539 0.728760 0.000000
vt 0.188965 0.843750 0.000000
vt 0.090332 0.734863 0.000000
vt 0.188965 0.843750 0.000000
vt 0.179688 0.854004 0.000000
vt 0.179688 0.854004 0.000000
vt 0.188965 0.843750 0.000000
vt 0.310791 0.919434 0.000000
vt 0.179688 0.854004 0.000000
vt 0.310791 0.919434 0.000000
vt 0.305908 0.932373 0.000000
vt 0.305908 0.932373 0.000000
vt 0.310791 0.919434 0.000000
vt 0.451904 0.946045 0.000000
vt 0.305908 0.932373 0.000000
vt 0.451904 0.946045 0.000000
vt 0.451904 0.959717 0.000000
vt 0.451904 0.946045 0.000000
vt 0.451660 0.879150 0.000000
vt 0.568604 0.857178 0.000000
vt 0.451904 0.946045 0.000000
vt 0.568604 0.857178 0.000000
vt 0.592773 0.919434 0.000000
vt 0.592773 0.919434 0.000000
vt 0.568604 0.857178 0.000000
vt 0.669922 0.794434 0.000000
vt 0.592773 0.919434 0.000000
vt 0.669922 0.794434 0.000000
vt 0.714600 0.843750 0.000000
vt 0.714600 0.843750 0.000000
vt 0.669922 0.794434 0.000000
vt 0.741455 0.698975 0.000000
vt 0.714600 0.843750 0.000000
vt 0.741455 0.698975 0.000000
vt 0.801025 0.728760 0.000000
vt 0.801025 0.728760 0.000000
vt 0.741455 0.698975 0.000000
vt 0.774170 0.583984 0.000000
vt 0.801025 0.728760 0.000000
vt 0.774170 0.583984 0.000000
vt 0.840332 0.590332 0.000000
vt 0.840332 0.590332 0.000000
vt 0.774170 0.583984 0.000000
vt 0.763184 0.465088 0.000000
vt 0.840332 0.590332 0.000000
vt 0.763184 0.465088 0.000000
vt 0.827148 0.446777 0.000000
vt 0.827148 0.446777 0.000000
vt 0.763184 0.465088 0.000000
vt 0.709961 0.358154 0.000000
vt 0.827148 0.446777 0.000000
vt 0.709961 0.358154 0.000000
vt 0.763184 0.317871 0.000000
vt 0.763184 0.317871 0.000000
vt 0.709961 0.358154 0.000000
vt 0.622070 0.277588 0.000000
vt 0.763184 0.317871 0.000000
vt 0.622070 0.277588 0.000000
vt 0.657227 0.220947 0.000000
vt 0.657227 0.220947 0.000000
vt 0.622070 0.277588 0.000000
vt 0.511230 0.234619 0.000000
vt 0.657227 0.220947 0.000000
vt 0.511230 0.234619 0.000000
vt 0.523438 0.168945 0.000000
vt 0.523438 0.168945 0.000000
vt 0.511230 0.234619 0.000000
vt 0.392334 0.234619 0.000000
vt 0.523438 0.168945 0.000000
vt 0.392334 0.234619 0.000000
vt 0.380127 0.168945 0.000000
vt 0.380127 0.168945 0.000000
vt 0.392334 0.234619 0.000000
vt 0.281250 0.277588 0.000000
vt 0.380127 0.168945 0.000000
vt 0.281250 0.277588 0.000000
vt 0.246338 0.220947 0.000000
vt 0.246338 0.220947 0.000000
vt 0.281250 0.277588 0.000000
vt 0.193359 0.358154 0.000000
vt 0.246338 0.220947 0.000000
vt 0.193359 0.358154 0.000000
vt 0.140381 0.317871 0.000000
vt 0.140381 0.317871 0.000000
vt 0.193359 0.358154 0.000000
vt 0.140381 0.465088 0.000000
vt 0.140381 0.317871 0.000000
vt 0.140381 0.465088 0.000000
vt 0.076416 0.446777 0.000000
vt 0.076416 0.446777 0.000000
vt 0.140381 0.465088 0.000000
vt 0.129395 0.583984 0.000000
vt 0.076416 0.446777 0.000000
vt 0.129395 0.583984 0.000000
vt 0.063232 0.590332 0.000000
vt 0.063232 0.590332 0.000000
vt 0.129395 0.583984 0.000000
vt 0.161865 0.698975 0.000000
vt 0.063232 0.590332 0.000000
vt 0.161865 0.698975 0.000000
vt 0.102539 0.728760 0.000000
vt 0.102539 0.728760 0.000000
vt 0.161865 0.698975 0.000000
vt 0.233643 0.794434 0.000000
vt 0.102539 0.728760 0.000000
vt 0.233643 0.794434 0.000000
vt 0.188965 0.843750 0.000000
vt 0.188965 0.843750 0.000000
vt 0.233643 0.794434 0.000000
vt 0.334717 0.857178 0.000000
vt 0.188965 0.843750 0.000000
vt 0.334717 0.857178 0.000000
vt 0.310791 0.919434 0.000000
vt 0.310791 0.919434 0.000000
vt 0.334717 0.857178 0.000000
vt 0.451660 0.879150 0.000000
vt 0.310791 0.919434 0.000000
vt 0.451660 0.879150 0.000000
vt 0.451904 0.946045 0.000000
vt 0.451660 0.879150 0.000000
vt 0.451660 0.768555 0.000000
vt 0.528809 0.754150 0.000000
vt 0.451660 0.879150 0.000000
vt 0.528809 0.754150 0.000000
vt 0.568604 0.857178 0.000000
vt 0.568604 0.857178 0.000000
vt 0.528809 0.754150 0.000000
vt 0.595459 0.712646 0.000000
vt 0.568604 0.857178 0.000000
vt 0.595459 0.712646 0.000000
vt 0.669922 0.794434 0.000000
vt 0.669922 0.794434 0.000000
vt 0.595459 0.712646 0.000000
vt 0.642822 0.649658 0.000000
vt 0.669922 0.794434 0.000000
vt 0.642822 0.649658 0.000000
vt 0.741455 0.698975 0.000000
vt 0.741455 0.698975 0.000000
vt 0.642822 0.649658 0.000000
vt 0.664307 0.573975 0.000000
vt 0.741455 0.698975 0.000000
vt 0.664307 0.573975 0.000000
vt 0.774170 0.583984 0.000000
vt 0.774170 0.583984 0.000000
vt 0.664307 0.573975 0.000000
vt 0.656982 0.495361 0.000000
vt 0.774170 0.583984 0.000000
vt 0.656982 0.495361 0.000000
vt 0.763184 0.465088 0.000000
vt 0.763184 0.465088 0.000000
vt 0.656982 0.495361 0.000000
vt 0.622070 0.424805 0.000000
vt 0.763184 0.465088 0.000000
vt 0.622070 0.424805 0.000000
vt 0.709961 0.358154 0.000000
vt 0.709961 0.358154 0.000000
vt 0.622070 0.424805 0.000000
vt 0.564209 0.371826 0.000000
vt 0.709961 0.358154 0.000000
vt 0.564209 0.371826 0.000000
vt 0.622070 0.277588 0.000000
vt 0.622070 0.277588 0.000000
vt 0.564209 0.371826 0.000000
vt 0.490967 0.343262 0.000000
vt 0.622070 0.277588 0.000000
vt 0.490967 0.343262 0.000000
vt 0.511230 0.234619 0.000000
vt 0.511230 0.234619 0.000000
vt 0.490967 0.343262 0.000000
vt 0.412354 0.343262 0.000000
vt 0.511230 0.234619 0.000000
vt 0.412354 0.343262 0.000000
vt 0.392334 0.234619 0.000000
vt 0.392334 0.234619 0.000000
vt 0.412354 0.343262 0.000000
vt 0.339355 0.371826 0.000000
vt 0.392334 0.234619 0.000000
vt 0.339355 0.371826 0.000000
vt 0.281250 0.277588 0.000000
vt 0.281250 0.277588 0.000000
vt 0.339355 0.371826 0.000000
vt 0.281250 0.424805 0.000000
vt 0.281250 0.277588 0.000000
vt 0.281250 0.424805 0.000000
vt 0.193359 0.358154 0.000000
vt 0.193359 0.358154 0.000000
vt 0.281250 0.424805 0.000000
vt 0.246338 0.495361 0.000000
vt 0.193359 0.358154 0.000000
vt 0.246338 0.495361 0.000000
vt 0.140381 0.465088 0.000000
vt 0.140381 0.465088 0.000000
vt 0.246338 0.495361 0.000000
vt 0.239014 0.573975 0.000000
vt 0.140381 0.465088 0.000000
vt 0.239014 0.573975 0.000000
vt 0.129395 0.583984 0.000000
vt 0.129395 0.583984 0.000000
vt 0.239014 0.573975 0.000000
vt 0.260498 0.649658 0.000000
vt 0.129395 0.583984 0.000000
vt 0.260498 0.649658 0.000000
vt 0.161865 0.698975 0.000000
vt 0.161865 0.698975 0.000000
vt 0.260498 0.649658 0.000000
vt 0.307861 0.712646 0.000000
vt 0.161865 0.698975 0.000000
vt 0.307861 0.712646 0.000000
vt 0.233643 0.794434 0.000000
vt 0.233643 0.794434 0.000000
vt 0.307861 0.712646 0.000000
vt 0.374512 0.754150 0.000000
vt 0.233643 0.794434 0.000000
vt 0.374512 0.754150 0.000000
vt 0.334717 0.857178 0.000000
vt 0.334717 0.857178 0.000000
vt 0.374512 0.754150 0.000000
vt 0.451660 0.768555 0.000000
vt 0.334717 0.857178 0.000000
vt 0.451660 0.768555 0.000000
vt 0.451660 0.879150 0.000000
vt 0.451660 0.554199 0.000000
vt 0.528809 0.754150 0.000000
vt 0.451660 0.768555 0.000000
vt 0.451660 0.554199 0.000000
vt 0.595459 0.712646 0.000000
vt 0.528809 0.754150 0.000000
vt 0.451660 0.554199 0.000000
vt 0.642822 0.649658 0.000000
vt 0.595459 0.712646 0.000000
vt 0.451660 0.554199 0.000000
vt 0.664307 0.573975 0.000000
vt 0.642822 0.649658 0.000000
vt 0.451660 0.554199 0.000000
vt 0.656982 0.495361 0.000000
vt 0.664307 0.573975 0.000000
vt 0.451660 0.554199 0.000000
vt 0.622070 0.424805 0.000000
vt 0.656982 0.495361 0.000000
vt 0.451660 0.554199 0.000000
vt 0.564209 0.371826 0.000000
vt 0.622070 0.424805 0.000000
vt 0.451660 0.554199 0.000000
vt 0.490967 0.343262 0.000000
vt 0.564209 0.371826 0.000000
vt 0.451660 0.554199 0.000000
vt 0.412354 0.343262 0.000000
vt 0.490967 0.343262 0.000000
vt 0.451660 0.554199 0.000000
vt 0.339355 0.371826 0.000000
vt 0.412354 0.343262 0.000000
vt 0.451660 0.554199 0.000000
vt 0.281250 0.424805 0.000000
vt 0.339355 0.371826 0.000000
vt 0.451660 0.554199 0.000000
vt 0.246338 0.495361 0.000000
vt 0.281250 0.424805 0.000000
vt 0.451660 0.554199 0.000000
vt 0.239014 0.573975 0.000000
vt 0.246338 0.495361 0.000000
vt 0.451660 0.554199 0.000000
vt 0.260498 0.649658 0.000000
vt 0.239014 0.573975 0.000000
vt 0.451660 0.554199 0.000000
vt 0.307861 0.712646 0.000000
vt 0.260498 0.649658 0.000000
vt 0.451660 0.554199 0.000000
vt 0.374512 0.754150 0.000000
vt 0.307861 0.712646 0.000000
vt 0.451660 0.554199 0.000000
vt 0.451660 0.768555 0.000000
vt 0.374512 0.754150 0.000000
vt 0.878662 0.182373 0.000000
vt 0.884521 0.099365 0.000000
vt 0.823486 0.112305 0.000000
vt 0.878662 0.182373 0.000000
vt 0.823486 0.112305 0.000000
vt 0.830566 0.174316 0.000000
vt 0.878662 0.182373 0.000000
vt 0.939209 0.176270 0.000000
vt 0.928955 0.085693 0.000000
vt 0.878662 0.182373 0.000000
vt 0.928955 0.085693 0.000000
vt 0.884521 0.099365 0.000000
vt 0.884521 0.099365 0.000000
vt 0.928955 0.085693 0.000000
vt 0.843506 0.054688 0.000000
vt 0.884521 0.099365 0.000000
vt 0.843506 0.054688 0.000000
vt 0.823486 0.112305 0.000000
vt 0.823486 0.112305 0.000000
vt 0.843506 0.054688 0.000000
vt 0.777588 0.117432 0.000000
vt 0.823486 0.112305 0.000000
vt 0.777588 0.117432 0.000000
vt 0.830566 0.174316 0.000000
vt 0.830566 0.174316 0.000000
vt 0.777588 0.117432 0.000000
vt 0.804199 0.204590 0.000000
vt 0.830566 0.174316 0.000000
vt 0.804199 0.204590 0.000000
vt 0.894043 0.219482 0.000000
vt 0.830566 0.174316 0.000000
vt 0.894043 0.219482 0.000000
vt 0.878662 0.182373 0.000000
vt 0.878662 0.182373 0.000000
vt 0.894043 0.219482 0.000000
vt 0.939209 0.176270 0.000000
vt 0.939209 0.176270 0.000000
vt 0.940186 0.222656 0.000000
vt 0.964844 0.188477 0.000000
vt 0.939209 0.176270 0.000000
vt 0.964844 0.188477 0.000000
vt 0.975586 0.147461 0.000000
vt 0.939209 0.176270 0.000000
vt 0.975586 0.147461 0.000000
vt 0.970703 0.105469 0.000000
vt 0.939209 0.176270 0.000000
vt 0.970703 0.105469 0.000000
vt 0.928955 0.085693 0.000000
vt 0.928955 0.085693 0.000000
vt 0.970703 0.105469 0.000000
vt 0.951172 0.068115 0.000000
vt 0.928955 0.085693 0.000000
vt 0.951172 0.068115 0.000000
vt 0.919434 0.040283 0.000000
vt 0.928955 0.085693 0.000000
vt 0.919434 0.040283 0.000000
vt 0.879639 0.025879 0.000000
vt 0.928955 0.085693 0.000000
vt 0.879639 0.025879 0.000000
vt 0.843506 0.054688 0.000000
vt 0.843506 0.054688 0.000000
vt 0.879639 0.025879 0.000000
vt 0.837646 0.026855 0.000000
vt 0.843506 0.054688 0.000000
vt 0.837646 0.026855 0.000000
vt 0.798584 0.042969 0.000000
vt 0.843506 0.054688 0.000000
vt 0.798584 0.042969 0.000000
vt 0.768066 0.072021 0.000000
vt 0.843506 0.054688 0.000000
vt 0.768066 0.072021 0.000000
vt 0.777588 0.117432 0.000000
vt 0.777588 0.117432 0.000000
vt 0.768066 0.072021 0.000000
vt 0.750000 0.110352 0.000000
vt 0.777588 0.117432 0.000000
vt 0.750000 0.110352 0.000000
vt 0.747070 0.152344 0.000000
vt 0.777588 0.117432 0.000000
vt 0.747070 0.152344 0.000000
vt 0.759521 0.192871 0.000000
vt 0.777588 0.117432 0.000000
vt 0.759521 0.192871 0.000000
vt 0.804199 0.204590 0.000000
vt 0.804199 0.204590 0.000000
vt 0.759521 0.192871 0.000000
vt 0.785645 0.226074 0.000000
vt 0.804199 0.204590 0.000000
vt 0.785645 0.226074 0.000000
vt 0.822021 0.247559 0.000000
vt 0.804199 0.204590 0.000000
vt 0.822021 0.247559 0.000000
vt 0.863525 0.254395 0.000000
vt 0.804199 0.204590 0.000000
vt 0.863525 0.254395 0.000000
vt 0.894043 0.219482 0.000000
vt 0.894043 0.219482 0.000000
vt 0.863525 0.254395 0.000000
vt 0.904785 0.245605 0.000000
vt 0.894043 0.219482 0.000000
vt 0.904785 0.245605 0.000000
vt 0.940186 0.222656 0.000000
vt 0.894043 0.219482 0.000000
vt 0.940186 0.222656 0.000000
vt 0.939209 0.176270 0.000000
vt 0.940186 0.222656 0.000000
vt 0.949219 0.231934 0.000000
vt 0.976563 0.193848 0.000000
vt 0.940186 0.222656 0.000000
vt 0.976563 0.193848 0.000000
vt 0.964844 0.188477 0.000000
vt 0.964844 0.188477 0.000000
vt 0.976563 0.193848 0.000000
vt 0.988525 0.148438 0.000000
vt 0.964844 0.188477 0.000000
vt 0.988525 0.148438 0.000000
vt 0.975586 0.147461 0.000000
vt 0.975586 0.147461 0.000000
vt 0.988525 0.148438 0.000000
vt 0.983154 0.101807 0.000000
vt 0.975586 0.147461 0.000000
vt 0.983154 0.101807 0.000000
vt 0.970703 0.105469 0.000000
vt 0.970703 0.105469 0.000000
vt 0.983154 0.101807 0.000000
vt 0.961182 0.060059 0.000000
vt 0.970703 0.105469 0.000000
vt 0.961182 0.060059 0.000000
vt 0.951172 0.068115 0.000000
vt 0.951172 0.068115 0.000000
vt 0.961182 0.060059 0.000000
vt 0.926025 0.029053 0.000000
vt 0.951172 0.068115 0.000000
vt 0.926025 0.029053 0.000000
vt 0.919434 0.040283 0.000000
vt 0.919434 0.040283 0.000000
vt 0.926025 0.029053 0.000000
vt 0.881836 0.013184 0.000000
vt 0.919434 0.040283 0.000000
vt 0.881836 0.013184 0.000000
vt 0.879639 0.025879 0.000000
vt 0.879639 0.025879 0.000000
vt 0.881836 0.013184 0.000000
vt 0.834961 0.014160 0.000000
vt 0.879639 0.025879 0.000000
vt 0.834961 0.014160 0.000000
vt 0.837646 0.026855 0.000000
vt 0.837646 0.026855 0.000000
vt 0.834961 0.014160 0.000000
vt 0.791504 0.031982 0.000000
vt 0.837646 0.026855 0.000000
vt 0.791504 0.031982 0.000000
vt 0.798584 0.042969 0.000000
vt 0.798584 0.042969 0.000000
vt 0.791504 0.031982 0.000000
vt 0.757568 0.064453 0.000000
vt 0.798584 0.042969 0.000000
vt 0.757568 0.064453 0.000000
vt 0.768066 0.072021 0.000000
vt 0.768066 0.072021 0.000000
vt 0.757568 0.064453 0.000000
vt 0.737549 0.106934 0.000000
vt 0.768066 0.072021 0.000000
vt 0.737549 0.106934 0.000000
vt 0.750000 0.110352 0.000000
vt 0.750000 0.110352 0.000000
vt 0.737549 0.106934 0.000000
vt 0.734375 0.153809 0.000000
vt 0.750000 0.110352 0.000000
vt 0.734375 0.153809 0.000000
vt 0.747070 0.152344 0.000000
vt 0.747070 0.152344 0.000000
vt 0.734375 0.153809 0.000000
vt 0.748047 0.198975 0.000000
vt 0.747070 0.152344 0.000000
vt 0.748047 0.198975 0.000000
vt 0.759521 0.192871 0.000000
vt 0.759521 0.192871 0.000000
vt 0.748047 0.198975 0.000000
vt 0.777100 0.235840 0.000000
vt 0.759521 0.192871 0.000000
vt 0.777100 0.235840 0.000000
vt 0.785645 0.226074 0.000000
vt 0.785645 0.226074 0.000000
vt 0.777100 0.235840 0.000000
vt 0.817627 0.259521 0.000000
vt 0.785645 0.226074 0.000000
vt 0.817627 0.259521 0.000000
vt 0.822021 0.247559 0.000000
vt 0.822021 0.247559 0.000000
vt 0.817627 0.259521 0.000000
vt 0.863770 0.267334 0.000000
vt 0.822021 0.247559 0.000000
vt 0.863770 0.267334 0.000000
vt 0.863525 0.254395 0.000000
vt 0.863525 0.254395 0.000000
vt 0.863770 0.267334 0.000000
vt 0.909668 0.257568 0.000000
vt 0.863525 0.254395 0.000000
vt 0.909668 0.257568 0.000000
vt 0.904785 0.245605 0.000000
vt 0.904785 0.245605 0.000000
vt 0.909668 0.257568 0.000000
vt 0.949219 0.231934 0.000000
vt 0.904785 0.245605 0.000000
vt 0.949219 0.231934 0.000000
vt 0.940186 0.222656 0.000000
vt 0.949219 0.231934 0.000000
vt 0.946045 0.228760 0.000000
vt 0.972656 0.192139 0.000000
vt 0.949219 0.231934 0.000000
vt 0.972656 0.192139 0.000000
vt 0.976563 0.193848 0.000000
vt 0.976563 0.193848 0.000000
vt 0.972656 0.192139 0.000000
vt 0.984131 0.148193 0.000000
vt 0.976563 0.193848 0.000000
vt 0.984131 0.148193 0.000000
vt 0.988525 0.148438 0.000000
vt 0.988525 0.148438 0.000000
vt 0.984131 0.148193 0.000000
vt 0.979004 0.103027 0.000000
vt 0.988525 0.148438 0.000000
vt 0.979004 0.103027 0.000000
vt 0.983154 0.101807 0.000000
vt 0.983154 0.101807 0.000000
vt 0.979004 0.103027 0.000000
vt 0.957764 0.062744 0.000000
vt 0.983154 0.101807 0.000000
vt 0.957764 0.062744 0.000000
vt 0.961182 0.060059 0.000000
vt 0.961182 0.060059 0.000000
vt 0.957764 0.062744 0.000000
vt 0.923828 0.032959 0.000000
vt 0.961182 0.060059 0.000000
vt 0.923828 0.032959 0.000000
vt 0.926025 0.029053 0.000000
vt 0.926025 0.029053 0.000000
vt 0.923828 0.032959 0.000000
vt 0.881104 0.017334 0.000000
vt 0.926025 0.029053 0.000000
vt 0.881104 0.017334 0.000000
vt 0.881836 0.013184 0.000000
vt 0.881836 0.013184 0.000000
vt 0.881104 0.017334 0.000000
vt 0.835938 0.018311 0.000000
vt 0.881836 0.013184 0.000000
vt 0.835938 0.018311 0.000000
vt 0.834961 0.014160 0.000000
vt 0.834961 0.014160 0.000000
vt 0.835938 0.018311 0.000000
vt 0.793945 0.035645 0.000000
vt 0.834961 0.014160 0.000000
vt 0.793945 0.035645 0.000000
vt 0.791504 0.031982 0.000000
vt 0.791504 0.031982 0.000000
vt 0.793945 0.035645 0.000000
vt 0.761230 0.067139 0.000000
vt 0.791504 0.031982 0.000000
vt 0.761230 0.067139 0.000000
vt 0.757568 0.064453 0.000000
vt 0.757568 0.064453 0.000000
vt 0.761230 0.067139 0.000000
vt 0.741699 0.108154 0.000000
vt 0.757568 0.064453 0.000000
vt 0.741699 0.108154 0.000000
vt 0.737549 0.106934 0.000000
vt 0.737549 0.106934 0.000000
vt 0.741699 0.108154 0.000000
vt 0.738525 0.153320 0.000000
vt 0.737549 0.106934 0.000000
vt 0.738525 0.153320 0.000000
vt 0.734375 0.153809 0.000000
vt 0.734375 0.153809 0.000000
vt 0.738525 0.153320 0.000000
vt 0.751953 0.196777 0.000000
vt 0.734375 0.153809 0.000000
vt 0.751953 0.196777 0.000000
vt 0.748047 0.198975 0.000000
vt 0.748047 0.198975 0.000000
vt 0.751953 0.196777 0.000000
vt 0.780029 0.232422 0.000000
vt 0.748047 0.198975 0.000000
vt 0.780029 0.232422 0.000000
vt 0.777100 0.235840 0.000000
vt 0.777100 0.235840 0.000000
vt 0.780029 0.232422 0.000000
vt 0.819092 0.255615 0.000000
vt 0.777100 0.235840 0.000000
vt 0.819092 0.255615 0.000000
vt 0.817627 0.259521 0.000000
vt 0.817627 0.259521 0.000000
vt 0.819092 0.255615 0.000000
vt 0.863770 0.262939 0.000000
vt 0.817627 0.259521 0.000000
vt 0.863770 0.262939 0.000000
vt 0.863770 0.267334 0.000000
vt 0.863770 0.267334 0.000000
vt 0.863770 0.262939 0.000000
vt 0.908203 0.253662 0.000000
vt 0.863770 0.267334 0.000000
vt 0.908203 0.253662 0.000000
vt 0.909668 0.257568 0.000000
vt 0.909668 0.257568 0.000000
vt 0.908203 0.253662 0.000000
vt 0.946045 0.228760 0.000000
vt 0.909668 0.257568 0.000000
vt 0.946045 0.228760 0.000000
vt 0.949219 0.231934 0.000000
vt 0.946045 0.228760 0.000000
vt 0.931641 0.213623 0.000000
vt 0.953613 0.183105 0.000000
vt 0.946045 0.228760 0.000000
vt 0.953613 0.183105 0.000000
vt 0.972656 0.192139 0.000000
vt 0.972656 0.192139 0.000000
vt 0.953613 0.183105 0.000000
vt 0.963135 0.146729 0.000000
vt 0.972656 0.192139 0.000000
vt 0.963135 0.146729 0.000000
vt 0.984131 0.148193 0.000000
vt 0.984131 0.148193 0.000000
vt 0.963135 0.146729 0.000000
vt 0.958984 0.109131 0.000000
vt 0.984131 0.148193 0.000000
vt 0.958984 0.109131 0.000000
vt 0.979004 0.103027 0.000000
vt 0.979004 0.103027 0.000000
vt 0.958984 0.109131 0.000000
vt 0.941406 0.075928 0.000000
vt 0.979004 0.103027 0.000000
vt 0.941406 0.075928 0.000000
vt 0.957764 0.062744 0.000000
vt 0.957764 0.062744 0.000000
vt 0.941406 0.075928 0.000000
vt 0.913086 0.051025 0.000000
vt 0.957764 0.062744 0.000000
vt 0.913086 0.051025 0.000000
vt 0.923828 0.032959 0.000000
vt 0.923828 0.032959 0.000000
vt 0.913086 0.051025 0.000000
vt 0.877686 0.038086 0.000000
vt 0.923828 0.032959 0.000000
vt 0.877686 0.038086 0.000000
vt 0.881104 0.017334 0.000000
vt 0.881104 0.017334 0.000000
vt 0.877686 0.038086 0.000000
vt 0.840088 0.039063 0.000000
vt 0.881104 0.017334 0.000000
vt 0.840088 0.039063 0.000000
vt 0.835938 0.018311 0.000000
vt 0.835938 0.018311 0.000000
vt 0.840088 0.039063 0.000000
vt 0.805420 0.053467 0.000000
vt 0.835938 0.018311 0.000000
vt 0.805420 0.053467 0.000000
vt 0.793945 0.035645 0.000000
vt 0.793945 0.035645 0.000000
vt 0.805420 0.053467 0.000000
vt 0.778076 0.079346 0.000000
vt 0.793945 0.035645 0.000000
vt 0.778076 0.079346 0.000000
vt 0.761230 0.067139 0.000000
vt 0.761230 0.067139 0.000000
vt 0.778076 0.079346 0.000000
vt 0.762207 0.113525 0.000000
vt 0.761230 0.067139 0.000000
vt 0.762207 0.113525 0.000000
vt 0.741699 0.108154 0.000000
vt 0.741699 0.108154 0.000000
vt 0.762207 0.113525 0.000000
vt 0.759521 0.151123 0.000000
vt 0.741699 0.108154 0.000000
vt 0.759521 0.151123 0.000000
vt 0.738525 0.153320 0.000000
vt 0.738525 0.153320 0.000000
vt 0.759521 0.151123 0.000000
vt 0.770508 0.187012 0.000000
vt 0.738525 0.153320 0.000000
vt 0.770508 0.187012 0.000000
vt 0.751953 0.196777 0.000000
vt 0.751953 0.196777 0.000000
vt 0.770508 0.187012 0.000000
vt 0.793945 0.216553 0.000000
vt 0.751953 0.196777 0.000000
vt 0.793945 0.216553 0.000000
vt 0.780029 0.232422 0.000000
vt 0.780029 0.232422 0.000000
vt 0.793945 0.216553 0.000000
vt 0.826172 0.235840 0.000000
vt 0.780029 0.232422 0.000000
vt 0.826172 0.235840 0.000000
vt 0.819092 0.255615 0.000000
vt 0.819092 0.255615 0.000000
vt 0.826172 0.235840 0.000000
vt 0.863281 0.241943 0.000000
vt 0.819092 0.255615 0.000000
vt 0.863281 0.241943 0.000000
vt 0.863770 0.262939 0.000000
vt 0.863770 0.262939 0.000000
vt 0.863281 0.241943 0.000000
vt 0.900146 0.234131 0.000000
vt 0.863770 0.262939 0.000000
vt 0.900146 0.234131 0.000000
vt 0.908203 0.253662 0.000000
vt 0.908203 0.253662 0.000000
vt 0.900146 0.234131 0.000000
vt 0.931641 0.213623 0.000000
vt 0.908203 0.253662 0.000000
vt 0.931641 0.213623 0.000000
vt 0.946045 0.228760 0.000000
vt 0.931641 0.213623 0.000000
vt 0.922119 0.168213 0.000000
vt 0.953613 0.183105 0.000000
vt 0.953613 0.183105 0.000000
vt 0.922119 0.168213 0.000000
vt 0.963135 0.146729 0.000000
vt 0.963135 0.146729 0.000000
vt 0.922119 0.168213 0.000000
vt 0.914063 0.097412 0.000000
vt 0.963135 0.146729 0.000000
vt 0.914063 0.097412 0.000000
vt 0.958984 0.109131 0.000000
vt 0.958984 0.109131 0.000000
vt 0.914063 0.097412 0.000000
vt 0.941406 0.075928 0.000000
vt 0.941406 0.075928 0.000000
vt 0.914063 0.097412 0.000000
vt 0.913086 0.051025 0.000000
vt 0.913086 0.051025 0.000000
vt 0.914063 0.097412 0.000000
vt 0.847168 0.073242 0.000000
vt 0.913086 0.051025 0.000000
vt 0.847168 0.073242 0.000000
vt 0.877686 0.038086 0.000000
vt 0.877686 0.038086 0.000000
vt 0.847168 0.073242 0.000000
vt 0.840088 0.039063 0.000000
vt 0.840088 0.039063 0.000000
vt 0.847168 0.073242 0.000000
vt 0.805420 0.053467 0.000000
vt 0.805420 0.053467 0.000000
vt 0.847168 0.073242 0.000000
vt 0.795898 0.122314 0.000000
vt 0.805420 0.053467 0.000000
vt 0.795898 0.122314 0.000000
vt 0.778076 0.079346 0.000000
vt 0.778076 0.079346 0.000000
vt 0.795898 0.122314 0.000000
vt 0.762207 0.113525 0.000000
vt 0.762207 0.113525 0.000000
vt 0.795898 0.122314 0.000000
vt 0.759521 0.151123 0.000000
vt 0.759521 0.151123 0.000000
vt 0.795898 0.122314 0.000000
vt 0.816650 0.190430 0.000000
vt 0.759521 0.151123 0.000000
vt 0.816650 0.190430 0.000000
vt 0.770508 0.187012 0.000000
vt 0.770508 0.187012 0.000000
vt 0.816650 0.190430 0.000000
vt 0.793945 0.216553 0.000000
vt 0.793945 0.216553 0.000000
vt 0.816650 0.190430 0.000000
vt 0.826172 0.235840 0.000000
vt 0.826172 0.235840 0.000000
vt 0.816650 0.190430 0.000000
vt 0.886719 0.201904 0.000000
vt 0.826172 0.235840 0.000000
vt 0.886719 0.201904 0.000000
vt 0.863281 0.241943 0.000000
vt 0.863281 0.241943 0.000000
vt 0.886719 0.201904 0.000000
vt 0.900146 0.234131 0.000000
vt 0.900146 0.234131 0.000000
vt 0.886719 0.201904 0.000000
vt 0.922119 0.168213 0.000000
vt 0.900146 0.234131 0.000000
vt 0.922119 0.168213 0.000000
vt 0.931641 0.213623 0.000000
vt 0.861084 0.139404 0.000000
vt 0.914063 0.097412 0.000000
vt 0.922119 0.168213 0.000000
vt 0.861084 0.139404 0.000000
vt 0.847168 0.073242 0.000000
vt 0.914063 0.097412 0.000000
vt 0.861084 0.139404 0.000000
vt 0.795898 0.122314 0.000000
vt 0.847168 0.073242 0.000000
vt 0.861084 0.139404 0.000000
vt 0.816650 0.190430 0.000000
vt 0.795898 0.122314 0.000000
vt 0.861084 0.139404 0.000000
vt 0.886719 0.201904 0.000000
vt 0.816650 0.190430 0.000000
vt 0.861084 0.139404 0.000000
vt 0.922119 0.168213 0.000000
vt 0.886719 0.201904 0.000000
vn 0.000000 -0.002686 -0.999756
vn -0.158691 0.335938 -0.928223
vn -0.364746 0.033691 -0.930176
vn 0.000000 -0.002686 -0.999756
vn -0.364746 0.033691 -0.930176
vn -0.192871 -0.311523 -0.930420
vn 0.000000 -0.002686 -0.999756
vn -0.192871 -0.311523 -0.930420
vn 0.192871 -0.311523 -0.930176
vn 0.000000 -0.002686 -0.999756
vn 0.192871 -0.311523 -0.930176
vn 0.364746 0.033691 -0.930176
vn 0.000000 -0.002686 -0.999756
vn 0.364746 0.033691 -0.930176
vn 0.158691 0.335938 -0.928223
vn 0.000000 -0.002686 -0.999756
vn 0.158691 0.335938 -0.928223
vn -0.158691 0.335938 -0.928223
vn -0.158691 0.335938 -0.928223
vn 0.000000 0.682373 -0.730713
vn -0.247314 0.638672 -0.728271
vn -0.158691 0.335938 -0.928223
vn -0.247314 0.638672 -0.728271
vn -0.458496 0.491699 -0.739990
vn -0.158691 0.335938 -0.928223
vn -0.458496 0.491699 -0.739990
vn -0.598389 0.306396 -0.739990
vn -0.158691 0.335938 -0.928223
vn -0.598389 0.306396 -0.739990
vn -0.364746 0.033691 -0.930176
vn -0.364746 0.033691 -0.930176
vn -0.598389 0.306396 -0.739990
vn -0.682129 0.062988 -0.728271
vn -0.364746 0.033691 -0.930176
vn -0.682129 0.062988 -0.728271
vn -0.644531 -0.191162 -0.739990
vn -0.364746 0.033691 -0.930176
vn -0.644531 -0.191162 -0.739990
vn -0.541016 -0.398926 -0.739990
vn -0.364746 0.033691 -0.930176
vn -0.541016 -0.398926 -0.739990
vn -0.192871 -0.311523 -0.930420
vn -0.192871 -0.311523 -0.930420
vn -0.541016 -0.398926 -0.739990
vn -0.360596 -0.582275 -0.728271
vn -0.192871 -0.311523 -0.930420
vn -0.360596 -0.582275 -0.728271
vn -0.115967 -0.662109 -0.739990
vn -0.192871 -0.311523 -0.930420
vn -0.115967 -0.662109 -0.739990
vn 0.115967 -0.662109 -0.739990
vn -0.192871 -0.311523 -0.930420
vn 0.115967 -0.662109 -0.739990
vn 0.192871 -0.311523 -0.930176
vn 0.192871 -0.311523 -0.930176
vn 0.115967 -0.662109 -0.739990
vn 0.360596 -0.582275 -0.728271
vn 0.192871 -0.311523 -0.930176
vn 0.360596 -0.582275 -0.728271
vn 0.541016 -0.398926 -0.739990
vn 0.192871 -0.311523 -0.930176
vn 0.541016 -0.398926 -0.739990
vn 0.644531 -0.191162 -0.739990
vn 0.192871 -0.311523 -0.930176
vn 0.644531 -0.191162 -0.739990
vn 0.364746 0.033691 -0.930176
vn 0.364746 0.033691 -0.930176
vn 0.644531 -0.191162 -0.739990
vn 0.682129 0.062988 -0.728271
vn 0.364746 0.033691 -0.930176
vn 0.682129 0.062988 -0.728271
vn 0.598389 0.306396 -0.739990
vn 0.364746 0.033691 -0.930176
vn 0.598389 0.306396 -0.739990
vn 0.458496 0.491699 -0.739990
vn 0.364746 0.033691 -0.930176
vn 0.458496 0.491699 -0.739990
vn 0.158691 0.335938 -0.928223
vn 0.158691 0.335938 -0.928223
vn 0.458496 0.491699 -0.739990
vn 0.247314 0.638672 -0.728271
vn 0.158691 0.335938 -0.928223
vn 0.247314 0.638672 -0.728271
vn 0.000000 0.682373 -0.730713
vn 0.158691 0.335938 -0.928223
vn 0.000000 0.682373 -0.730713
vn -0.158691 0.335938 -0.928223
vn 0.000000 0.682373 -0.730713
vn 0.000000 0.899170 -0.437256
vn -0.324707 0.838379 -0.437256
vn 0.000000 0.682373 -0.730713
vn -0.324707 0.838379 -0.437256
vn -0.247314 0.638672 -0.728271
vn -0.247314 0.638672 -0.728271
vn -0.324707 0.838379 -0.437256
vn -0.605713 0.664551 -0.437256
vn -0.247314 0.638672 -0.728271
vn -0.605713 0.664551 -0.437256
vn -0.458496 0.491699 -0.739990
vn -0.458496 0.491699 -0.739990
vn -0.605713 0.664551 -0.437256
vn -0.804932 0.400635 -0.437256
vn -0.458496 0.491699 -0.739990
vn -0.804932 0.400635 -0.437256
vn -0.598389 0.306396 -0.739990
vn -0.598389 0.306396 -0.739990
vn -0.804932 0.400635 -0.437256
vn -0.895264 0.082764 -0.437256
vn -0.598389 0.306396 -0.739990
vn -0.895264 0.082764 -0.437256
vn -0.682129 0.062988 -0.728271
vn -0.682129 0.062988 -0.728271
vn -0.895264 0.082764 -0.437256
vn -0.864746 -0.246094 -0.437256
vn -0.682129 0.062988 -0.728271
vn -0.864746 -0.246094 -0.437256
vn -0.644531 -0.191162 -0.739990
vn -0.644531 -0.191162 -0.739990
vn -0.864746 -0.246094 -0.437256
vn -0.717529 -0.541748 -0.437256
vn -0.644531 -0.191162 -0.739990
vn -0.717529 -0.541748 -0.437256
vn -0.541016 -0.398926 -0.739990
vn -0.541016 -0.398926 -0.739990
vn -0.717529 -0.541748 -0.437256
vn -0.473389 -0.764404 -0.437256
vn -0.541016 -0.398926 -0.739990
vn -0.473389 -0.764404 -0.437256
vn -0.360596 -0.582275 -0.728271
vn -0.360596 -0.582275 -0.728271
vn -0.473389 -0.764404 -0.437256
vn -0.165039 -0.883789 -0.437256
vn -0.360596 -0.582275 -0.728271
vn -0.165039 -0.883789 -0.437256
vn -0.115967 -0.662109 -0.739990
vn -0.115967 -0.662109 -0.739990
vn -0.165039 -0.883789 -0.437256
vn 0.165039 -0.883789 -0.437256
vn -0.115967 -0.662109 -0.739990
vn 0.165039 -0.883789 -0.437256
vn 0.115967 -0.662109 -0.739990
vn 0.115967 -0.662109 -0.739990
vn 0.165039 -0.883789 -0.437256
vn 0.473389 -0.764404 -0.437256
vn 0.115967 -0.662109 -0.739990
vn 0.473389 -0.764404 -0.437256
vn 0.360596 -0.582275 -0.728271
vn 0.360596 -0.582275 -0.728271
vn 0.473389 -0.764404 -0.437256
vn 0.717529 -0.541748 -0.437256
vn 0.360596 -0.582275 -0.728271
vn 0.717529 -0.541748 -0.437256
vn 0.541016 -0.398926 -0.739990
vn 0.541016 -0.398926 -0.739990
vn 0.717529 -0.541748 -0.437256
vn 0.864746 -0.246094 -0.437256
vn 0.541016 -0.398926 -0.739990
vn 0.864746 -0.246094 -0.437256
vn 0.644531 -0.191162 -0.739990
vn 0.644531 -0.191162 -0.739990
vn 0.864746 -0.246094 -0.437256
vn 0.895264 0.082764 -0.437256
vn 0.644531 -0.191162 -0.739990
vn 0.895264 0.082764 -0.437256
vn 0.682129 0.062988 -0.728271
vn 0.682129 0.062988 -0.728271
vn 0.895264 0.082764 -0.437256
vn 0.804932 0.400635 -0.437256
vn 0.682129 0.062988 -0.728271
vn 0.804932 0.400635 -0.437256
vn 0.598389 0.306396 -0.739990
vn 0.598389 0.306396 -0.739990
vn 0.804932 0.400635 -0.437256
vn 0.605713 0.664551 -0.437256
vn 0.598389 0.306396 -0.739990
vn 0.605713 0.664551 -0.437256
vn 0.458496 0.491699 -0.739990
vn 0.458496 0.491699 -0.739990
vn 0.605713 0.664551 -0.437256
vn 0.324707 0.838379 -0.437256
vn 0.458496 0.491699 -0.739990
vn 0.324707 0.838379 -0.437256
vn 0.247314 0.638672 -0.728271
vn 0.247314 0.638672 -0.728271
vn 0.324707 0.838379 -0.437256
vn 0.000000 0.899170 -0.437256
vn 0.247314 0.638672 -0.728271
vn 0.000000 0.899170 -0.437256
vn 0.000000 0.682373 -0.730713
vn 0.000000 0.899170 -0.437256
vn 0.000000 0.995850 -0.090332
vn -0.359619 0.928467 -0.090332
vn 0.000000 0.899170 -0.437256
vn -0.359619 0.928467 -0.090332
vn -0.324707 0.838379 -0.437256
vn -0.324707 0.838379 -0.437256
vn -0.359619 0.928467 -0.090332
vn -0.670898 0.735840 -0.090332
vn -0.324707 0.838379 -0.437256
vn -0.670898 0.735840 -0.090332
vn -0.605713 0.664551 -0.437256
vn -0.605713 0.664551 -0.437256
vn -0.670898 0.735840 -0.090332
vn -0.891357 0.443848 -0.090332
vn -0.605713 0.664551 -0.437256
vn -0.891357 0.443848 -0.090332
vn -0.804932 0.400635 -0.437256
vn -0.804932 0.400635 -0.437256
vn -0.891357 0.443848 -0.090332
vn -0.991455 0.091797 -0.090332
vn -0.804932 0.400635 -0.437256
vn -0.991455 0.091797 -0.090332
vn -0.895264 0.082764 -0.437256
vn -0.895264 0.082764 -0.437256
vn -0.991455 0.091797 -0.090332
vn -0.957764 -0.272461 -0.090332
vn -0.895264 0.082764 -0.437256
vn -0.957764 -0.272461 -0.090332
vn -0.864746 -0.246094 -0.437256
vn -0.864746 -0.246094 -0.437256
vn -0.957764 -0.272461 -0.090332
vn -0.794678 -0.600098 -0.090332
vn -0.864746 -0.246094 -0.437256
vn -0.794678 -0.600098 -0.090332
vn -0.717529 -0.541748 -0.437256
vn -0.717529 -0.541748 -0.437256
vn -0.794678 -0.600098 -0.090332
vn -0.524170 -0.846680 -0.090332
vn -0.717529 -0.541748 -0.437256
vn -0.524170 -0.846680 -0.090332
vn -0.473389 -0.764404 -0.437256
vn -0.473389 -0.764404 -0.437256
vn -0.524170 -0.846680 -0.090332
vn -0.182861 -0.978760 -0.090332
vn -0.473389 -0.764404 -0.437256
vn -0.182861 -0.978760 -0.090332
vn -0.165039 -0.883789 -0.437256
vn -0.165039 -0.883789 -0.437256
vn -0.182861 -0.978760 -0.090332
vn 0.182861 -0.978760 -0.090332
vn -0.165039 -0.883789 -0.437256
vn 0.182861 -0.978760 -0.090332
vn 0.165039 -0.883789 -0.437256
vn 0.165039 -0.883789 -0.437256
vn 0.182861 -0.978760 -0.090332
vn 0.524170 -0.846680 -0.090332
vn 0.165039 -0.883789 -0.437256
vn 0.524170 -0.846680 -0.090332
vn 0.473389 -0.764404 -0.437256
vn 0.473389 -0.764404 -0.437256
vn 0.524170 -0.846680 -0.090332
vn 0.794678 -0.600098 -0.090332
vn 0.473389 -0.764404 -0.437256
vn 0.794678 -0.600098 -0.090332
vn 0.717529 -0.541748 -0.437256
vn 0.717529 -0.541748 -0.437256
vn 0.794678 -0.600098 -0.090332
vn 0.957764 -0.272461 -0.090332
vn 0.717529 -0.541748 -0.437256
vn 0.957764 -0.272461 -0.090332
vn 0.864746 -0.246094 -0.437256
vn 0.864746 -0.246094 -0.437256
vn 0.957764 -0.272461 -0.090332
vn 0.991455 0.091797 -0.090332
vn 0.864746 -0.246094 -0.437256
vn 0.991455 0.091797 -0.090332
vn 0.895264 0.082764 -0.437256
vn 0.895264 0.082764 -0.437256
vn 0.991455 0.091797 -0.090332
vn 0.891357 0.443848 -0.090332
vn 0.895264 0.082764 -0.437256
vn 0.891357 0.443848 -0.090332
vn 0.804932 0.400635 -0.437256
vn 0.804932 0.400635 -0.437256
vn 0.891357 0.443848 -0.090332
vn 0.670898 0.735840 -0.090332
vn 0.804932 0.400635 -0.437256
vn 0.670898 0.735840 -0.090332
vn 0.605713 0.664551 -0.437256
vn 0.605713 0.664551 -0.437256
vn 0.670898 0.735840 -0.090332
vn 0.359619 0.928467 -0.090332
vn 0.605713 0.664551 -0.437256
vn 0.359619 0.928467 -0.090332
vn 0.324707 0.838379 -0.437256
vn 0.324707 0.838379 -0.437256
vn 0.359619 0.928467 -0.090332
vn 0.000000 0.995850 -0.090332
vn 0.324707 0.838379 -0.437256
vn 0.000000 0.995850 -0.090332
vn 0.000000 0.899170 -0.437256
vn 0.000000 0.995850 -0.090332
vn 0.000000 0.963135 0.268066
vn -0.347900 0.898193 0.268066
vn 0.000000 0.995850 -0.090332
vn -0.347900 0.898193 0.268066
vn -0.359619 0.928467 -0.090332
vn -0.359619 0.928467 -0.090332
vn -0.347900 0.898193 0.268066
vn -0.648926 0.711914 0.268066
vn -0.359619 0.928467 -0.090332
vn -0.648926 0.711914 0.268066
vn -0.670898 0.735840 -0.090332
vn -0.670898 0.735840 -0.090332
vn -0.648926 0.711914 0.268066
vn -0.862305 0.429199 0.268066
vn -0.670898 0.735840 -0.090332
vn -0.862305 0.429199 0.268066
vn -0.891357 0.443848 -0.090332
vn -0.891357 0.443848 -0.090332
vn -0.862305 0.429199 0.268066
vn -0.959229 0.088867 0.268066
vn -0.891357 0.443848 -0.090332
vn -0.959229 0.088867 0.268066
vn -0.991455 0.091797 -0.090332
vn -0.991455 0.091797 -0.090332
vn -0.959229 0.088867 0.268066
vn -0.926514 -0.263428 0.268066
vn -0.991455 0.091797 -0.090332
vn -0.926514 -0.263428 0.268066
vn -0.957764 -0.272461 -0.090332
vn -0.957764 -0.272461 -0.090332
vn -0.926514 -0.263428 0.268066
vn -0.768555 -0.580322 0.268066
vn -0.957764 -0.272461 -0.090332
vn -0.768555 -0.580322 0.268066
vn -0.794678 -0.600098 -0.090332
vn -0.794678 -0.600098 -0.090332
vn -0.768555 -0.580322 0.268066
vn -0.507080 -0.818848 0.268066
vn -0.794678 -0.600098 -0.090332
vn -0.507080 -0.818848 0.268066
vn -0.524170 -0.846680 -0.090332
vn -0.524170 -0.846680 -0.090332
vn -0.507080 -0.818848 0.268066
vn -0.177002 -0.946777 0.268066
vn -0.524170 -0.846680 -0.090332
vn -0.177002 -0.946777 0.268066
vn -0.182861 -0.978760 -0.090332
vn -0.182861 -0.978760 -0.090332
vn -0.177002 -0.946777 0.268066
vn 0.176758 -0.946777 0.268066
vn -0.182861 -0.978760 -0.090332
vn 0.176758 -0.946777 0.268066
vn 0.182861 -0.978760 -0.090332
vn 0.182861 -0.978760 -0.090332
vn 0.176758 -0.946777 0.268066
vn 0.507080 -0.818848 0.268066
vn 0.182861 -0.978760 -0.090332
vn 0.507080 -0.818848 0.268066
vn 0.524170 -0.846680 -0.090332
vn 0.524170 -0.846680 -0.090332
vn 0.507080 -0.818848 0.268066
vn 0.768555 -0.580322 0.268066
vn 0.524170 -0.846680 -0.090332
vn 0.768555 -0.580322 0.268066
vn 0.794678 -0.600098 -0.090332
vn 0.794678 -0.600098 -0.090332
vn 0.768555 -0.580322 0.268066
vn 0.926514 -0.263428 0.268066
vn 0.794678 -0.600098 -0.090332
vn 0.926514 -0.263428 0.268066
vn 0.957764 -0.272461 -0.090332
vn 0.957764 -0.272461 -0.090332
vn 0.926514 -0.263428 0.268066
vn 0.959229 0.088867 0.268066
vn 0.957764 -0.272461 -0.090332
vn 0.959229 0.088867 0.268066
vn 0.991455 0.091797 -0.090332
vn 0.991455 0.091797 -0.090332
vn 0.959229 0.088867 0.268066
vn 0.862305 0.429199 0.268066
vn 0.991455 0.091797 -0.090332
vn 0.862305 0.429199 0.268066
vn 0.891357 0.443848 -0.090332
vn 0.891357 0.443848 -0.090332
vn 0.862305 0.429199 0.268066
vn 0.648926 0.711914 0.268066
vn 0.891357 0.443848 -0.090332
vn 0.648926 0.711914 0.268066
vn 0.670898 0.735840 -0.090332
vn 0.670898 0.735840 -0.090332
vn 0.648926 0.711914 0.268066
vn 0.347900 0.898193 0.268066
vn 0.670898 0.735840 -0.090332
vn 0.347900 0.898193 0.268066
vn 0.359619 0.928467 -0.090332
vn 0.359619 0.928467 -0.090332
vn 0.347900 0.898193 0.268066
vn 0.000000 0.963135 0.268066
vn 0.359619 0.928467 -0.090332
vn 0.000000 0.963135 0.268066
vn 0.000000 0.995850 -0.090332
vn 0.000000 0.963135 0.268066
vn 0.000000 0.805420 0.592285
vn -0.290771 0.750977 0.592285
vn 0.000000 0.963135 0.268066
vn -0.290771 0.750977 0.592285
vn -0.347900 0.898193 0.268066
vn -0.347900 0.898193 0.268066
vn -0.290771 0.750977 0.592285
vn -0.542480 0.595215 0.592285
vn -0.347900 0.898193 0.268066
vn -0.542480 0.595215 0.592285
vn -0.648926 0.711914 0.268066
vn -0.648926 0.711914 0.268066
vn -0.542480 0.595215 0.592285
vn -0.720947 0.358887 0.592285
vn -0.648926 0.711914 0.268066
vn -0.720947 0.358887 0.592285
vn -0.862305 0.429199 0.268066
vn -0.862305 0.429199 0.268066
vn -0.720947 0.358887 0.592285
vn -0.802002 0.074219 0.592285
vn -0.862305 0.429199 0.268066
vn -0.802002 0.074219 0.592285
vn -0.959229 0.088867 0.268066
vn -0.959229 0.088867 0.268066
vn -0.802002 0.074219 0.592285
vn -0.774658 -0.220459 0.592285
vn -0.959229 0.088867 0.268066
vn -0.774658 -0.220459 0.592285
vn -0.926514 -0.263428 0.268066
vn -0.926514 -0.263428 0.268066
vn -0.774658 -0.220459 0.592285
vn -0.642822 -0.485352 0.592285
vn -0.926514 -0.263428 0.268066
vn -0.642822 -0.485352 0.592285
vn -0.768555 -0.580322 0.268066
vn -0.768555 -0.580322 0.268066
vn -0.642822 -0.485352 0.592285
vn -0.424072 -0.684814 0.592285
vn -0.768555 -0.580322 0.268066
vn -0.424072 -0.684814 0.592285
vn -0.507080 -0.818848 0.268066
vn -0.507080 -0.818848 0.268066
vn -0.424072 -0.684814 0.592285
vn -0.147949 -0.791748 0.592285
vn -0.507080 -0.818848 0.268066
vn -0.147949 -0.791748 0.592285
vn -0.177002 -0.946777 0.268066
vn -0.177002 -0.946777 0.268066
vn -0.147949 -0.791748 0.592285
vn 0.147949 -0.791748 0.592285
vn -0.177002 -0.946777 0.268066
vn 0.147949 -0.791748 0.592285
vn 0.176758 -0.946777 0.268066
vn 0.176758 -0.946777 0.268066
vn 0.147949 -0.791748 0.592285
vn 0.424072 -0.684814 0.592285
vn 0.176758 -0.946777 0.268066
vn 0.424072 -0.684814 0.592285
vn 0.507080 -0.818848 0.268066
vn 0.507080 -0.818848 0.268066
vn 0.424072 -0.684814 0.592285
vn 0.642822 -0.485352 0.592285
vn 0.507080 -0.818848 0.268066
vn 0.642822 -0.485352 0.592285
vn 0.768555 -0.580322 0.268066
vn 0.768555 -0.580322 0.268066
vn 0.642822 -0.485352 0.592285
vn 0.774658 -0.220459 0.592285
vn 0.768555 -0.580322 0.268066
vn 0.774658 -0.220459 0.592285
vn 0.926514 -0.263428 0.268066
vn 0.926514 -0.263428 0.268066
vn 0.774658 -0.220459 0.592285
vn 0.802002 0.074219 0.592285
vn 0.926514 -0.263428 0.268066
vn 0.802002 0.074219 0.592285
vn 0.959229 0.088867 0.268066
vn 0.959229 0.088867 0.268066
vn 0.802002 0.074219 0.592285
vn 0.720947 0.358887 0.592285
vn 0.959229 0.088867 0.268066
vn 0.720947 0.358887 0.592285
vn 0.862305 0.429199 0.268066
vn 0.862305 0.429199 0.268066
vn 0.720947 0.358887 0.592285
vn 0.542480 0.595215 0.592285
vn 0.862305 0.429199 0.268066
vn 0.542480 0.595215 0.592285
vn 0.648926 0.711914 0.268066
vn 0.648926 0.711914 0.268066
vn 0.542480 0.595215 0.592285
vn 0.290771 0.750977 0.592285
vn 0.648926 0.711914 0.268066
vn 0.290771 0.750977 0.592285
vn 0.347900 0.898193 0.268066
vn 0.347900 0.898193 0.268066
vn 0.290771 0.750977 0.592285
vn 0.000000 0.805420 0.592285
vn 0.347900 0.898193 0.268066
vn 0.000000 0.805420 0.592285
vn 0.000000 0.963135 0.268066
vn 0.000000 0.805420 0.592285
vn 0.000000 0.506592 0.862061
vn -0.182861 0.472168 0.862061
vn 0.000000 0.805420 0.592285
vn -0.182861 0.472168 0.862061
vn -0.290771 0.750977 0.592285
vn -0.290771 0.750977 0.592285
vn -0.182861 0.472168 0.862061
vn -0.341064 0.374268 0.862061
vn -0.290771 0.750977 0.592285
vn -0.341064 0.374268 0.862061
vn -0.542480 0.595215 0.592285
vn -0.542480 0.595215 0.592285
vn -0.341064 0.374268 0.862061
vn -0.453369 0.225586 0.862061
vn -0.542480 0.595215 0.592285
vn -0.453369 0.225586 0.862061
vn -0.720947 0.358887 0.592285
vn -0.720947 0.358887 0.592285
vn -0.453369 0.225586 0.862061
vn -0.504395 0.046631 0.862061
vn -0.720947 0.358887 0.592285
vn -0.504395 0.046631 0.862061
vn -0.802002 0.074219 0.592285
vn -0.802002 0.074219 0.592285
vn -0.504395 0.046631 0.862061
vn -0.487061 -0.138428 0.862061
vn -0.802002 0.074219 0.592285
vn -0.487061 -0.138428 0.862061
vn -0.774658 -0.220459 0.592285
vn -0.774658 -0.220459 0.592285
vn -0.487061 -0.138428 0.862061
vn -0.404053 -0.305176 0.862061
vn -0.774658 -0.220459 0.592285
vn -0.404053 -0.305176 0.862061
vn -0.642822 -0.485352 0.592285
vn -0.642822 -0.485352 0.592285
vn -0.404053 -0.305176 0.862061
vn -0.266602 -0.430664 0.862061
vn -0.642822 -0.485352 0.592285
vn -0.266602 -0.430664 0.862061
vn -0.424072 -0.684814 0.592285
vn -0.424072 -0.684814 0.592285
vn -0.266602 -0.430664 0.862061
vn -0.093018 -0.497803 0.862061
vn -0.424072 -0.684814 0.592285
vn -0.093018 -0.497803 0.862061
vn -0.147949 -0.791748 0.592285
vn -0.147949 -0.791748 0.592285
vn -0.093018 -0.497803 0.862061
vn 0.093018 -0.497803 0.862061
vn -0.147949 -0.791748 0.592285
vn 0.093018 -0.497803 0.862061
vn 0.147949 -0.791748 0.592285
vn 0.147949 -0.791748 0.592285
vn 0.093018 -0.497803 0.862061
vn 0.266602 -0.430664 0.862061
vn 0.147949 -0.791748 0.592285
vn 0.266602 -0.430664 0.862061
vn 0.424072 -0.684814 0.592285
vn 0.424072 -0.684814 0.592285
vn 0.266602 -0.430664 0.862061
vn 0.404053 -0.305176 0.862061
vn 0.424072 -0.684814 0.592285
vn 0.404053 -0.305176 0.862061
vn 0.642822 -0.485352 0.592285
vn 0.642822 -0.485352 0.592285
vn 0.404053 -0.305176 0.862061
vn 0.487061 -0.138428 0.862061
vn 0.642822 -0.485352 0.592285
vn 0.487061 -0.138428 0.862061
vn 0.774658 -0.220459 0.592285
vn 0.774658 -0.220459 0.592285
vn 0.487061 -0.138428 0.862061
vn 0.504395 0.046631 0.862061
vn 0.774658 -0.220459 0.592285
vn 0.504395 0.046631 0.862061
vn 0.802002 0.074219 0.592285
vn 0.802002 0.074219 0.592285
vn 0.504395 0.046631 0.862061
vn 0.453369 0.225586 0.862061
vn 0.802002 0.074219 0.592285
vn 0.453369 0.225586 0.862061
vn 0.720947 0.358887 0.592285
vn 0.720947 0.358887 0.592285
vn 0.453369 0.225586 0.862061
vn 0.341064 0.374268 0.862061
vn 0.720947 0.358887 0.592285
vn 0.341064 0.374268 0.862061
vn 0.542480 0.595215 0.592285
vn 0.542480 0.595215 0.592285
vn 0.341064 0.374268 0.862061
vn 0.182861 0.472168 0.862061
vn 0.542480 0.595215 0.592285
vn 0.182861 0.472168 0.862061
vn 0.290771 0.750977 0.592285
vn 0.290771 0.750977 0.592285
vn 0.182861 0.472168 0.862061
vn 0.000000 0.506592 0.862061
vn 0.290771 0.750977 0.592285
vn 0.000000 0.506592 0.862061
vn 0.000000 0.805420 0.592285
vn 0.000000 0.000000 1.000000
vn -0.182861 0.472168 0.862061
vn 0.000000 0.506592 0.862061
vn 0.000000 0.000000 1.000000
vn -0.341064 0.374268 0.862061
vn -0.182861 0.472168 0.862061
vn 0.000000 0.000000 1.000000
vn -0.453369 0.225586 0.862061
vn -0.341064 0.374268 0.862061
vn 0.000000 0.000000 1.000000
vn -0.504395 0.046631 0.862061
vn -0.453369 0.225586 0.862061
vn 0.000000 0.000000 1.000000
vn -0.487061 -0.138428 0.862061
vn -0.504395 0.046631 0.862061
vn 0.000000 0.000000 1.000000
vn -0.404053 -0.305176 0.862061
vn -0.487061 -0.138428 0.862061
vn 0.000000 0.000000 1.000000
vn -0.266602 -0.430664 0.862061
vn -0.404053 -0.305176 0.862061
vn 0.000000 0.000000 1.000000
vn -0.093018 -0.497803 0.862061
vn -0.266602 -0.430664 0.862061
vn 0.000000 0.000000 1.000000
vn 0.093018 -0.497803 0.862061
vn -0.093018 -0.497803 0.862061
vn 0.000000 0.000000 1.000000
vn 0.266602 -0.430664 0.862061
vn 0.093018 -0.497803 0.862061
vn 0.000000 0.000000 1.000000
vn 0.404053 -0.305176 0.862061
vn 0.266602 -0.430664 0.862061
vn 0.000000 0.000000 1.000000
vn 0.487061 -0.138428 0.862061
vn 0.404053 -0.305176 0.862061
vn 0.000000 0.000000 1.000000
vn 0.504395 0.046631 0.862061
vn 0.487061 -0.138428 0.862061
vn 0.000000 0.000000 1.000000
vn 0.453369 0.225586 0.862061
vn 0.504395 0.046631 0.862061
vn 0.000000 0.000000 1.000000
vn 0.341064 0.374268 0.862061
vn 0.453369 0.225586 0.862061
vn 0.000000 0.000000 1.000000
vn 0.182861 0.472168 0.862061
vn 0.341064 0.374268 0.862061
vn 0.000000 0.000000 1.000000
vn 0.000000 0.506592 0.862061
vn 0.182861 0.472168 0.862061
vn 0.145996 0.947266 -0.284912
vn 0.223389 0.937744 0.265381
vn -0.286133 0.934326 0.211914
vn 0.145996 0.947266 -0.284912
vn -0.286133 0.934326 0.211914
vn -0.239502 0.935303 -0.260010
vn 0.145996 0.947266 -0.284912
vn 0.575684 0.789307 -0.212402
vn 0.499023 0.783936 0.368896
vn 0.145996 0.947266 -0.284912
vn 0.499023 0.783936 0.368896
vn 0.223389 0.937744 0.265381
vn 0.223389 0.937744 0.265381
vn 0.499023 0.783936 0.368896
vn -0.131836 0.765625 0.629395
vn 0.223389 0.937744 0.265381
vn -0.131836 0.765625 0.629395
vn -0.286133 0.934326 0.211914
vn -0.286133 0.934326 0.211914
vn -0.131836 0.765625 0.629395
vn -0.623291 0.766113 0.155518
vn -0.286133 0.934326 0.211914
vn -0.623291 0.766113 0.155518
vn -0.239502 0.935303 -0.260010
vn -0.239502 0.935303 -0.260010
vn -0.623291 0.766113 0.155518
vn -0.423340 0.764893 -0.485107
vn -0.239502 0.935303 -0.260010
vn -0.423340 0.764893 -0.485107
vn 0.212158 0.754395 -0.620850
vn -0.239502 0.935303 -0.260010
vn 0.212158 0.754395 -0.620850
vn 0.145996 0.947266 -0.284912
vn 0.145996 0.947266 -0.284912
vn 0.212158 0.754395 -0.620850
vn 0.575684 0.789307 -0.212402
vn 0.575684 0.789307 -0.212402
vn 0.614990 0.451904 -0.645996
vn 0.813477 0.437256 -0.383301
vn 0.575684 0.789307 -0.212402
vn 0.813477 0.437256 -0.383301
vn 0.873047 0.485352 -0.041504
vn 0.575684 0.789307 -0.212402
vn 0.873047 0.485352 -0.041504
vn 0.841064 0.485352 0.237793
vn 0.575684 0.789307 -0.212402
vn 0.841064 0.485352 0.237793
vn 0.499023 0.783936 0.368896
vn 0.499023 0.783936 0.368896
vn 0.841064 0.485352 0.237793
vn 0.705566 0.437256 0.557129
vn 0.499023 0.783936 0.368896
vn 0.705566 0.437256 0.557129
vn 0.426270 0.485352 0.763184
vn 0.499023 0.783936 0.368896
vn 0.426270 0.485352 0.763184
vn 0.161865 0.485352 0.858887
vn 0.499023 0.783936 0.368896
vn 0.161865 0.485352 0.858887
vn -0.131836 0.765625 0.629395
vn -0.131836 0.765625 0.629395
vn 0.161865 0.485352 0.858887
vn -0.184082 0.437256 0.880127
vn -0.131836 0.765625 0.629395
vn -0.184082 0.437256 0.880127
vn -0.492920 0.485352 0.721680
vn -0.131836 0.765625 0.629395
vn -0.492920 0.485352 0.721680
vn -0.696777 0.485352 0.527832
vn -0.131836 0.765625 0.629395
vn -0.696777 0.485352 0.527832
vn -0.623291 0.766113 0.155518
vn -0.623291 0.766113 0.155518
vn -0.696777 0.485352 0.527832
vn -0.869873 0.437256 0.227295
vn -0.623291 0.766113 0.155518
vn -0.869873 0.437256 0.227295
vn -0.865967 0.485352 -0.119629
vn -0.623291 0.766113 0.155518
vn -0.865967 0.485352 -0.119629
vn -0.783203 0.485352 -0.388184
vn -0.623291 0.766113 0.155518
vn -0.783203 0.485352 -0.388184
vn -0.423340 0.764893 -0.485107
vn -0.423340 0.764893 -0.485107
vn -0.783203 0.485352 -0.388184
vn -0.591309 0.437256 -0.677490
vn -0.423340 0.764893 -0.485107
vn -0.591309 0.437256 -0.677490
vn -0.278809 0.485352 -0.828369
vn -0.423340 0.764893 -0.485107
vn -0.278809 0.485352 -0.828369
vn -0.001221 0.485352 -0.874023
vn -0.423340 0.764893 -0.485107
vn -0.001221 0.485352 -0.874023
vn 0.212158 0.754395 -0.620850
vn 0.212158 0.754395 -0.620850
vn -0.001221 0.485352 -0.874023
vn 0.342773 0.437256 -0.831299
vn 0.212158 0.754395 -0.620850
vn 0.342773 0.437256 -0.831299
vn 0.614990 0.451904 -0.645996
vn 0.212158 0.754395 -0.620850
vn 0.614990 0.451904 -0.645996
vn 0.575684 0.789307 -0.212402
vn 0.614990 0.451904 -0.645996
vn 0.686523 0.090332 -0.721191
vn 0.900879 0.090332 -0.424316
vn 0.614990 0.451904 -0.645996
vn 0.900879 0.090332 -0.424316
vn 0.813477 0.437256 -0.383301
vn 0.813477 0.437256 -0.383301
vn 0.900879 0.090332 -0.424316
vn 0.993408 0.090332 -0.070313
vn 0.813477 0.437256 -0.383301
vn 0.993408 0.090332 -0.070313
vn 0.873047 0.485352 -0.041504
vn 0.873047 0.485352 -0.041504
vn 0.993408 0.090332 -0.070313
vn 0.951660 0.090332 0.292969
vn 0.873047 0.485352 -0.041504
vn 0.951660 0.090332 0.292969
vn 0.841064 0.485352 0.237793
vn 0.841064 0.485352 0.237793
vn 0.951660 0.090332 0.292969
vn 0.781494 0.090088 0.617188
vn 0.841064 0.485352 0.237793
vn 0.781494 0.090088 0.617188
vn 0.705566 0.437256 0.557129
vn 0.705566 0.437256 0.557129
vn 0.781494 0.090088 0.617188
vn 0.505859 0.090088 0.857666
vn 0.705566 0.437256 0.557129
vn 0.505859 0.090088 0.857666
vn 0.426270 0.485352 0.763184
vn 0.426270 0.485352 0.763184
vn 0.505859 0.090088 0.857666
vn 0.161621 0.090332 0.982666
vn 0.426270 0.485352 0.763184
vn 0.161621 0.090332 0.982666
vn 0.161865 0.485352 0.858887
vn 0.161865 0.485352 0.858887
vn 0.161621 0.090332 0.982666
vn -0.204102 0.090088 0.974609
vn 0.161865 0.485352 0.858887
vn -0.204102 0.090088 0.974609
vn -0.184082 0.437256 0.880127
vn -0.184082 0.437256 0.880127
vn -0.204102 0.090088 0.974609
vn -0.542236 0.090088 0.835205
vn -0.184082 0.437256 0.880127
vn -0.542236 0.090088 0.835205
vn -0.492920 0.485352 0.721680
vn -0.492920 0.485352 0.721680
vn -0.542236 0.090088 0.835205
vn -0.807373 0.090332 0.582764
vn -0.492920 0.485352 0.721680
vn -0.807373 0.090332 0.582764
vn -0.696777 0.485352 0.527832
vn -0.696777 0.485352 0.527832
vn -0.807373 0.090332 0.582764
vn -0.963379 0.090332 0.251709
vn -0.696777 0.485352 0.527832
vn -0.963379 0.090332 0.251709
vn -0.869873 0.437256 0.227295
vn -0.869873 0.437256 0.227295
vn -0.963379 0.090332 0.251709
vn -0.989258 0.090332 -0.113281
vn -0.869873 0.437256 0.227295
vn -0.989258 0.090332 -0.113281
vn -0.865967 0.485352 -0.119629
vn -0.865967 0.485352 -0.119629
vn -0.989258 0.090332 -0.113281
vn -0.881592 0.090332 -0.462891
vn -0.865967 0.485352 -0.119629
vn -0.881592 0.090332 -0.462891
vn -0.783203 0.485352 -0.388184
vn -0.783203 0.485352 -0.388184
vn -0.881592 0.090332 -0.462891
vn -0.654785 0.090332 -0.750244
vn -0.783203 0.485352 -0.388184
vn -0.654785 0.090332 -0.750244
vn -0.591309 0.437256 -0.677490
vn -0.591309 0.437256 -0.677490
vn -0.654785 0.090332 -0.750244
vn -0.339600 0.090332 -0.936035
vn -0.591309 0.437256 -0.677490
vn -0.339600 0.090332 -0.936035
vn -0.278809 0.485352 -0.828369
vn -0.278809 0.485352 -0.828369
vn -0.339600 0.090332 -0.936035
vn 0.021484 0.090332 -0.995605
vn -0.278809 0.485352 -0.828369
vn 0.021484 0.090332 -0.995605
vn -0.001221 0.485352 -0.874023
vn -0.001221 0.485352 -0.874023
vn 0.021484 0.090332 -0.995605
vn 0.379639 0.090332 -0.920654
vn -0.001221 0.485352 -0.874023
vn 0.379639 0.090332 -0.920654
vn 0.342773 0.437256 -0.831299
vn 0.342773 0.437256 -0.831299
vn 0.379639 0.090332 -0.920654
vn 0.686523 0.090332 -0.721191
vn 0.342773 0.437256 -0.831299
vn 0.686523 0.090332 -0.721191
vn 0.614990 0.451904 -0.645996
vn 0.686523 0.090332 -0.721191
vn 0.664063 -0.268066 -0.697510
vn 0.871338 -0.268066 -0.410645
vn 0.686523 0.090332 -0.721191
vn 0.871338 -0.268066 -0.410645
vn 0.900879 0.090332 -0.424316
vn 0.900879 0.090332 -0.424316
vn 0.871338 -0.268066 -0.410645
vn 0.960938 -0.268066 -0.068115
vn 0.900879 0.090332 -0.424316
vn 0.960938 -0.268066 -0.068115
vn 0.993408 0.090332 -0.070313
vn 0.993408 0.090332 -0.070313
vn 0.960938 -0.268066 -0.068115
vn 0.920654 -0.268066 0.283447
vn 0.993408 0.090332 -0.070313
vn 0.920654 -0.268066 0.283447
vn 0.951660 0.090332 0.292969
vn 0.951660 0.090332 0.292969
vn 0.920654 -0.268066 0.283447
vn 0.755859 -0.268066 0.596924
vn 0.951660 0.090332 0.292969
vn 0.755859 -0.268066 0.596924
vn 0.781494 0.090088 0.617188
vn 0.781494 0.090088 0.617188
vn 0.755859 -0.268066 0.596924
vn 0.489258 -0.268066 0.829834
vn 0.781494 0.090088 0.617188
vn 0.489258 -0.268066 0.829834
vn 0.505859 0.090088 0.857666
vn 0.505859 0.090088 0.857666
vn 0.489258 -0.268066 0.829834
vn 0.156494 -0.268066 0.950439
vn 0.505859 0.090088 0.857666
vn 0.156494 -0.268066 0.950439
vn 0.161621 0.090332 0.982666
vn 0.161621 0.090332 0.982666
vn 0.156494 -0.268066 0.950439
vn -0.197266 -0.268066 0.942871
vn 0.161621 0.090332 0.982666
vn -0.197266 -0.268066 0.942871
vn -0.204102 0.090088 0.974609
vn -0.204102 0.090088 0.974609
vn -0.197266 -0.268066 0.942871
vn -0.524658 -0.268066 0.807861
vn -0.204102 0.090088 0.974609
vn -0.524658 -0.268066 0.807861
vn -0.542236 0.090088 0.835205
vn -0.542236 0.090088 0.835205
vn -0.524658 -0.268066 0.807861
vn -0.781006 -0.268066 0.563721
vn -0.542236 0.090088 0.835205
vn -0.781006 -0.268066 0.563721
vn -0.807373 0.090332 0.582764
vn -0.807373 0.090332 0.582764
vn -0.781006 -0.268066 0.563721
vn -0.931885 -0.268066 0.243408
vn -0.807373 0.090332 0.582764
vn -0.931885 -0.268066 0.243408
vn -0.963379 0.090332 0.251709
vn -0.963379 0.090332 0.251709
vn -0.931885 -0.268066 0.243408
vn -0.957031 -0.268066 -0.109375
vn -0.963379 0.090332 0.251709
vn -0.957031 -0.268066 -0.109375
vn -0.989258 0.090332 -0.113281
vn -0.989258 0.090332 -0.113281
vn -0.957031 -0.268066 -0.109375
vn -0.852783 -0.268066 -0.447754
vn -0.989258 0.090332 -0.113281
vn -0.852783 -0.268066 -0.447754
vn -0.881592 0.090332 -0.462891
vn -0.881592 0.090332 -0.462891
vn -0.852783 -0.268066 -0.447754
vn -0.633301 -0.268066 -0.725586
vn -0.881592 0.090332 -0.462891
vn -0.633301 -0.268066 -0.725586
vn -0.654785 0.090332 -0.750244
vn -0.654785 0.090332 -0.750244
vn -0.633301 -0.268066 -0.725586
vn -0.328369 -0.268066 -0.905518
vn -0.654785 0.090332 -0.750244
vn -0.328369 -0.268066 -0.905518
vn -0.339600 0.090332 -0.936035
vn -0.339600 0.090332 -0.936035
vn -0.328369 -0.268066 -0.905518
vn 0.020752 -0.268066 -0.963135
vn -0.339600 0.090332 -0.936035
vn 0.020752 -0.268066 -0.963135
vn 0.021484 0.090332 -0.995605
vn 0.021484 0.090332 -0.995605
vn 0.020752 -0.268066 -0.963135
vn 0.367188 -0.268066 -0.890381
vn 0.021484 0.090332 -0.995605
vn 0.367188 -0.268066 -0.890381
vn 0.379639 0.090332 -0.920654
vn 0.379639 0.090332 -0.920654
vn 0.367188 -0.268066 -0.890381
vn 0.664063 -0.268066 -0.697510
vn 0.379639 0.090332 -0.920654
vn 0.664063 -0.268066 -0.697510
vn 0.686523 0.090332 -0.721191
vn 0.664063 -0.268066 -0.697510
vn 0.531250 -0.619385 -0.577637
vn 0.728516 -0.592285 -0.343262
vn 0.664063 -0.268066 -0.697510
vn 0.728516 -0.592285 -0.343262
vn 0.871338 -0.268066 -0.410645
vn 0.871338 -0.268066 -0.410645
vn 0.728516 -0.592285 -0.343262
vn 0.783691 -0.619385 -0.041748
vn 0.871338 -0.268066 -0.410645
vn 0.783691 -0.619385 -0.041748
vn 0.960938 -0.268066 -0.068115
vn 0.960938 -0.268066 -0.068115
vn 0.783691 -0.619385 -0.041748
vn 0.753906 -0.619385 0.218018
vn 0.960938 -0.268066 -0.068115
vn 0.753906 -0.619385 0.218018
vn 0.920654 -0.268066 0.283447
vn 0.920654 -0.268066 0.283447
vn 0.753906 -0.619385 0.218018
vn 0.632080 -0.592285 0.499268
vn 0.920654 -0.268066 0.283447
vn 0.632080 -0.592285 0.499268
vn 0.755859 -0.268066 0.596924
vn 0.755859 -0.268066 0.596924
vn 0.632080 -0.592285 0.499268
vn 0.386719 -0.619385 0.682861
vn 0.755859 -0.268066 0.596924
vn 0.386719 -0.619385 0.682861
vn 0.489258 -0.268066 0.829834
vn 0.489258 -0.268066 0.829834
vn 0.386719 -0.619385 0.682861
vn 0.140869 -0.619385 0.771973
vn 0.489258 -0.268066 0.829834
vn 0.140869 -0.619385 0.771973
vn 0.156494 -0.268066 0.950439
vn 0.156494 -0.268066 0.950439
vn 0.140869 -0.619385 0.771973
vn -0.165039 -0.592285 0.788330
vn 0.156494 -0.268066 0.950439
vn -0.165039 -0.592285 0.788330
vn -0.197266 -0.268066 0.942871
vn -0.197266 -0.268066 0.942871
vn -0.165039 -0.592285 0.788330
vn -0.438965 -0.619385 0.650635
vn -0.197266 -0.268066 0.942871
vn -0.438965 -0.619385 0.650635
vn -0.524658 -0.268066 0.807861
vn -0.524658 -0.268066 0.807861
vn -0.438965 -0.619385 0.650635
vn -0.628174 -0.619385 0.470215
vn -0.524658 -0.268066 0.807861
vn -0.628174 -0.619385 0.470215
vn -0.781006 -0.268066 0.563721
vn -0.781006 -0.268066 0.563721
vn -0.628174 -0.619385 0.470215
vn -0.779297 -0.592285 0.203613
vn -0.781006 -0.268066 0.563721
vn -0.779297 -0.592285 0.203613
vn -0.931885 -0.268066 0.243408
vn -0.931885 -0.268066 0.243408
vn -0.779297 -0.592285 0.203613
vn -0.778076 -0.619385 -0.102783
vn -0.931885 -0.268066 0.243408
vn -0.778076 -0.619385 -0.102783
vn -0.957031 -0.268066 -0.109375
vn -0.957031 -0.268066 -0.109375
vn -0.778076 -0.619385 -0.102783
vn -0.701172 -0.619385 -0.352783
vn -0.957031 -0.268066 -0.109375
vn -0.701172 -0.619385 -0.352783
vn -0.852783 -0.268066 -0.447754
vn -0.852783 -0.268066 -0.447754
vn -0.701172 -0.619385 -0.352783
vn -0.529541 -0.592285 -0.606689
vn -0.852783 -0.268066 -0.447754
vn -0.529541 -0.592285 -0.606689
vn -0.633301 -0.268066 -0.725586
vn -0.633301 -0.268066 -0.725586
vn -0.529541 -0.592285 -0.606689
vn -0.254639 -0.619385 -0.742432
vn -0.633301 -0.268066 -0.725586
vn -0.254639 -0.619385 -0.742432
vn -0.328369 -0.268066 -0.905518
vn -0.328369 -0.268066 -0.905518
vn -0.254639 -0.619385 -0.742432
vn 0.003174 -0.619385 -0.784912
vn -0.328369 -0.268066 -0.905518
vn 0.003174 -0.619385 -0.784912
vn 0.020752 -0.268066 -0.963135
vn 0.020752 -0.268066 -0.963135
vn 0.003174 -0.619385 -0.784912
vn 0.315186 -0.603516 -0.732178
vn 0.020752 -0.268066 -0.963135
vn 0.315186 -0.603516 -0.732178
vn 0.367188 -0.268066 -0.890381
vn 0.367188 -0.268066 -0.890381
vn 0.315186 -0.603516 -0.732178
vn 0.531250 -0.619385 -0.577637
vn 0.367188 -0.268066 -0.890381
vn 0.531250 -0.619385 -0.577637
vn 0.664063 -0.268066 -0.697510
vn 0.531250 -0.619385 -0.577637
vn 0.455078 -0.869629 -0.190186
vn 0.728516 -0.592285 -0.343262
vn 0.728516 -0.592285 -0.343262
vn 0.455078 -0.869629 -0.190186
vn 0.783691 -0.619385 -0.041748
vn 0.783691 -0.619385 -0.041748
vn 0.455078 -0.869629 -0.190186
vn 0.379639 -0.875000 0.299805
vn 0.783691 -0.619385 -0.041748
vn 0.379639 -0.875000 0.299805
vn 0.753906 -0.619385 0.218018
vn 0.753906 -0.619385 0.218018
vn 0.379639 -0.875000 0.299805
vn 0.632080 -0.592285 0.499268
vn 0.632080 -0.592285 0.499268
vn 0.379639 -0.875000 0.299805
vn 0.386719 -0.619385 0.682861
vn 0.386719 -0.619385 0.682861
vn 0.379639 -0.875000 0.299805
vn -0.099121 -0.875000 0.473389
vn 0.386719 -0.619385 0.682861
vn -0.099121 -0.875000 0.473389
vn 0.140869 -0.619385 0.771973
vn 0.140869 -0.619385 0.771973
vn -0.099121 -0.875000 0.473389
vn -0.165039 -0.592285 0.788330
vn -0.165039 -0.592285 0.788330
vn -0.099121 -0.875000 0.473389
vn -0.438965 -0.619385 0.650635
vn -0.438965 -0.619385 0.650635
vn -0.099121 -0.875000 0.473389
vn -0.468018 -0.875000 0.122314
vn -0.438965 -0.619385 0.650635
vn -0.468018 -0.875000 0.122314
vn -0.628174 -0.619385 0.470215
vn -0.628174 -0.619385 0.470215
vn -0.468018 -0.875000 0.122314
vn -0.779297 -0.592285 0.203613
vn -0.779297 -0.592285 0.203613
vn -0.468018 -0.875000 0.122314
vn -0.778076 -0.619385 -0.102783
vn -0.778076 -0.619385 -0.102783
vn -0.468018 -0.875000 0.122314
vn -0.318115 -0.875000 -0.364258
vn -0.778076 -0.619385 -0.102783
vn -0.318115 -0.875000 -0.364258
vn -0.701172 -0.619385 -0.352783
vn -0.701172 -0.619385 -0.352783
vn -0.318115 -0.875000 -0.364258
vn -0.529541 -0.592285 -0.606689
vn -0.529541 -0.592285 -0.606689
vn -0.318115 -0.875000 -0.364258
vn -0.254639 -0.619385 -0.742432
vn -0.254639 -0.619385 -0.742432
vn -0.318115 -0.875000 -0.364258
vn 0.181641 -0.863037 -0.470947
vn -0.254639 -0.619385 -0.742432
vn 0.181641 -0.863037 -0.470947
vn 0.003174 -0.619385 -0.784912
vn 0.003174 -0.619385 -0.784912
vn 0.181641 -0.863037 -0.470947
vn 0.315186 -0.603516 -0.732178
vn 0.315186 -0.603516 -0.732178
vn 0.181641 -0.863037 -0.470947
vn 0.455078 -0.869629 -0.190186
vn 0.315186 -0.603516 -0.732178
vn 0.455078 -0.869629 -0.190186
vn 0.531250 -0.619385 -0.577637
vn -0.002686 -0.999756 0.002930
vn 0.379639 -0.875000 0.299805
vn 0.455078 -0.869629 -0.190186
vn -0.002686 -0.999756 0.002930
vn -0.099121 -0.875000 0.473389
vn 0.379639 -0.875000 0.299805
vn -0.002686 -0.999756 0.002930
vn -0.468018 -0.875000 0.122314
vn -0.099121 -0.875000 0.473389
vn -0.002686 -0.999756 0.002930
vn -0.318115 -0.875000 -0.364258
vn -0.468018 -0.875000 0.122314
vn -0.002686 -0.999756 0.002930
vn 0.181641 -0.863037 -0.470947
vn -0.318115 -0.875000 -0.364258
vn -0.002686 -0.999756 0.002930
vn 0.455078 -0.869629 -0.190186
vn 0.181641 -0.863037 -0.470947
usemtl Texture
f 1/1/1 2/2/2 3/3/3
f 4/4/4 5/5/5 6/6/6
f 7/7/7 8/8/8 9/9/9
f 10/10/10 11/11/11 12/12/12
f 13/13/13 14/14/14 15/15/15
f 16/16/16 17/17/17 18/18/18
f 19/19/19 20/20/20 21/21/21
f 22/22/22 23/23/23 24/24/24
f 25/25/25 26/26/26 27/27/27
f 28/28/28 29/29/29 30/30/30
f 31/31/31 32/32/32 33/33/33
f 34/34/34 35/35/35 36/36/36
f 37/37/37 38/38/38 39/39/39
f 40/40/40 41/41/41 42/42/42
f 43/43/43 44/44/44 45/45/45
f 46/46/46 47/47/47 48/48/48
f 49/49/49 50/50/50 51/51/51
f 52/52/52 53/53/53 54/54/54
f 55/55/55 56/56/56 57/57/57
f 58/58/58 59/59/59 60/60/60
f 61/61/61 62/62/62 63/63/63
f 64/64/64 65/65/65 66/66/66
f 67/67/67 68/68/68 69/69/69
f 70/70/70 71/71/71 72/72/72
f 73/73/73 74/74/74 75/75/75
f 76/76/76 77/77/77 78/78/78
f 79/79/79 80/80/80 81/81/81
f 82/82/82 83/83/83 84/84/84
f 85/85/85 86/86/86 87/87/87
f 88/88/88 89/89/89 90/90/90
f 91/91/91 92/92/92 93/93/93
f 94/94/94 95/95/95 96/96/96
f 97/97/97 98/98/98 99/99/99
f 100/100/100 101/101/101 102/102/102
f 103/103/103 104/104/104 105/105/105
f 106/106/106 107/107/107 108/108/108
f 109/109/109 110/110/110 111/111/111
f 112/112/112 113/113/113 114/114/114
f 115/115/115 116/116/116 117/117/117
f 118/118/118 119/119/119 120/120/120
f 121/121/121 122/122/122 123/123/123
f 124/124/124 125/125/125 126/126/126
f 127/127/127 128/128/128 129/129/129
f 130/130/130 131/131/131 132/132/132
f 133/133/133 134/134/134 135/135/135
f 136/136/136 137/137/137 138/138/138
f 139/139/139 140/140/140 141/141/141
f 142/142/142 143/143/143 144/144/144
f 145/145/145 146/146/146 147/147/147
f 148/148/148 149/149/149 150/150/150
f 151/151/151 152/152/152 153/153/153
f 154/154/154 155/155/155 156/156/156
f 157/157/157 158/158/158 159/159/159
f 160/160/160 161/161/161 162/162/162
f 163/163/163 164/164/164 165/165/165
f 166/166/166 167/167/167 168/168/168
f 169/169/169 170/170/170 171/171/171
f 172/172/172 173/173/173 174/174/174
f 175/175/175 176/176/176 177/177/177
f 178/178/178 179/179/179 180/180/180
f 181/181/181 182/182/182 183/183/183
f 184/184/184 185/185/185 186/186/186
f 187/187/187 188/188/188 189/189/189
f 190/190/190 191/191/191 192/192/192
f 193/193/193 194/194/194 195/195/195
f 196/196/196 197/197/197 198/198/198
f 199/199/199 200/200/200 201/201/201
f 202/202/202 203/203/203 204/204/204
f 205/205/205 206/206/206 207/207/207
f 208/208/208 209/209/209 210/210/210
f 211/211/211 212/212/212 213/213/213
f 214/214/214 215/215/215 216/216/216
f 217/217/217 218/218/218 219/219/219
f 220/220/220 221/221/221 222/222/222
f 223/223/223 224/224/224 225/225/225
f 226/226/226 227/227/227 228/228/228
f 229/229/229 230/230/230 231/231/231
f 232/232/232 233/233/233 234/234/234
f 235/235/235 236/236/236 237/237/237
f 238/238/238 239/239/239 240/240/240
f 241/241/241 242/242/242 243/243/243
f 244/244/244 245/245/245 246/246/246
f 247/247/247 248/248/248 249/249/249
f 250/250/250 251/251/251 252/252/252
f 253/253/253 254/254/254 255/255/255
f 256/256/256 257/257/257 258/258/258
f 259/259/259 260/260/260 261/261/261
f 262/262/262 263/263/263 264/264/264
f 265/265/265 266/266/266 267/267/267
f 268/268/268 269/269/269 270/270/270
f 271/271/271 272/272/272 273/273/273
f 274/274/274 275/275/275 276/276/276
f 277/277/277 278/278/278 279/279/279
f 280/280/280 281/281/281 282/282/282
f 283/283/283 284/284/284 285/285/285
f 286/286/286 287/287/287 288/288/288
f 289/289/289 290/290/290 291/291/291
f 292/292/292 293/293/293 294/294/294
f 295/295/295 296/296/296 297/297/297
f 298/298/298 299/299/299 300/300/300
f 301/301/301 302/302/302 303/303/303
f 304/304/304 305/305/305 306/306/306
f 307/307/307 308/308/308 309/309/309
f 310/310/310 311/311/311 312/312/312
f 313/313/313 314/314/314 315/315/315
f 316/316/316 317/317/317 318/318/318
f 319/319/319 320/320/320 321/321/321
f 322/322/322 323/323/323 324/324/324
f 325/325/325 326/326/326 327/327/327
f 328/328/328 329/329/329 330/330/330
f 331/331/331 332/332/332 333/333/333
f 334/334/334 335/335/335 336/336/336
f 337/337/337 338/338/338 339/339/339
f 340/340/340 341/341/341 342/342/342
f 343/343/343 344/344/344 345/345/345
f 346/346/346 347/347/347 348/348/348
f 349/349/349 350/350/350 351/351/351
f 352/352/352 353/353/353 354/354/354
f 355/355/355 356/356/356 357/357/357
f 358/358/358 359/359/359 360/360/360
f 361/361/361 362/362/362 363/363/363
f 364/364/364 365/365/365 366/366/366
f 367/367/367 368/368/368 369/369/369
f 370/370/370 371/371/371 372/372/372
f 373/373/373 374/374/374 375/375/375
f 376/376/376 377/377/377 378/378/378
f 379/379/379 380/380/380 381/381/381
f 382/382/382 383/383/383 384/384/384
f 385/385/385 386/386/386 387/387/387
f 388/388/388 389/389/389 390/390/390
f 391/391/391 392/392/392 393/393/393
f 394/394/394 395/395/395 396/396/396
f 397/397/397 398/398/398 399/399/399
f 400/400/400 401/401/401 402/402/402
f 403/403/403 404/404/404 405/405/405
f 406/406/406 407/407/407 408/408/408
f 409/409/409 410/410/410 411/411/411
f 412/412/412 413/413/413 414/414/414
f 415/415/415 416/416/416 417/417/417
f 418/418/418 419/419/419 420/420/420
f 421/421/421 422/422/422 423/423/423
f 424/424/424 425/425/425 426/426/426
f 427/427/427 428/428/428 429/429/429
f 430/430/430 431/431/431 432/432/432
f 433/433/433 434/434/434 435/435/435
f 436/436/436 437/437/437 438/438/438
f 439/439/439 440/440/440 441/441/441
f 442/442/442 443/443/443 444/444/444
f 445/445/445 446/446/446 447/447/447
f 448/448/448 449/449/449 450/450/450
f 451/451/451 452/452/452 453/453/453
f 454/454/454 455/455/455 456/456/456
f 457/457/457 458/458/458 459/459/459
f 460/460/460 461/461/461 462/462/462
f 463/463/463 464/464/464 465/465/465
f 466/466/466 467/467/467 468/468/468
f 469/469/469 470/470/470 471/471/471
f 472/472/472 473/473/473 474/474/474
f 475/475/475 476/476/476 477/477/477
f 478/478/478 479/479/479 480/480/480
f 481/481/481 482/482/482 483/483/483
f 484/484/484 485/485/485 486/486/486
f 487/487/487 488/488/488 489/489/489
f 490/490/490 491/491/491 492/492/492
f 493/493/493 494/494/494 495/495/495
f 496/496/496 497/497/497 498/498/498
f 499/499/499 500/500/500 501/501/501
f 502/502/502 503/503/503 504/504/504
f 505/505/505 506/506/506 507/507/507
f 508/508/508 509/509/509 510/510/510
f 511/511/511 512/512/512 513/513/513
f 514/514/514 515/515/515 516/516/516
f 517/517/517 518/518/518 519/519/519
f 520/520/520 521/521/521 522/522/522
f 523/523/523 524/524/524 525/525/525
f 526/526/526 527/527/527 528/528/528
f 529/529/529 530/530/530 531/531/531
f 532/532/532 533/533/533 534/534/534
f 535/535/535 536/536/536 537/537/537
f 538/538/538 539/539/539 540/540/540
f 541/541/541 542/542/542 543/543/543
f 544/544/544 545/545/545 546/546/546
f 547/547/547 548/548/548 549/549/549
f 550/550/550 551/551/551 552/552/552
f 553/553/553 554/554/554 555/555/555
f 556/556/556 557/557/557 558/558/558
f 559/559/559 560/560/560 561/561/561
f 562/562/562 563/563/563 564/564/564
f 565/565/565 566/566/566 567/567/567
f 568/568/568 569/569/569 570/570/570
f 571/571/571 572/572/572 573/573/573
f 574/574/574 575/575/575 576/576/576
f 577/577/577 578/578/578 579/579/579
f 580/580/580 581/581/581 582/582/582
f 583/583/583 584/584/584 585/585/585
f 586/586/586 587/587/587 588/588/588
f 589/589/589 590/590/590 591/591/591
f 592/592/592 593/593/593 594/594/594
f 595/595/595 596/596/596 597/597/597
f 598/598/598 599/599/599 600/600/600
f 601/601/601 602/602/602 603/603/603
f 604/604/604 605/605/605 606/606/606
f 607/607/607 608/608/608 609/609/609
f 610/610/610 611/611/611 612/612/612
f 613/613/613 614/614/614 615/615/615
f 616/616/616 617/617/617 618/618/618
f 619/619/619 620/620/620 621/621/621
f 622/622/622 623/623/623 624/624/624
f 625/625/625 626/626/626 627/627/627
f 628/628/628 629/629/629 630/630/630
f 631/631/631 632/632/632 633/633/633
f 634/634/634 635/635/635 636/636/636
f 637/637/637 638/638/638 639/639/639
f 640/640/640 641/641/641 642/642/642
f 643/643/643 644/644/644 645/645/645
f 646/646/646 647/647/647 648/648/648
f 649/649/649 650/650/650 651/651/651
f 652/652/652 653/653/653 654/654/654
f 655/655/655 656/656/656 657/657/657
f 658/658/658 659/659/659 660/660/660
f 661/661/661 662/662/662 663/663/663
f 664/664/664 665/665/665 666/666/666
f 667/667/667 668/668/668 669/669/669
f 670/670/670 671/671/671 672/672/672
f 673/673/673 674/674/674 675/675/675
f 676/676/676 677/677/677 678/678/678
f 679/679/679 680/680/680 681/681/681
f 682/682/682 683/683/683 684/684/684
f 685/685/685 686/686/686 687/687/687
f 688/688/688 689/689/689 690/690/690
f 691/691/691 692/692/692 693/693/693
f 694/694/694 695/695/695 696/696/696
f 697/697/697 698/698/698 699/699/699
f 700/700/700 701/701/701 702/702/702
f 703/703/703 704/704/704 705/705/705
f 706/706/706 707/707/707 708/708/708
f 709/709/709 710/710/710 711/711/711
f 712/712/712 713/713/713 714/714/714
f 715/715/715 716/716/716 717/717/717
f 718/718/718 719/719/719 720/720/720
f 721/721/721 722/722/722 723/723/723
f 724/724/724 725/725/725 726/726/726
f 727/727/727 728/728/728 729/729/729
f 730/730/730 731/731/731 732/732/732
f 733/733/733 734/734/734 735/735/735
f 736/736/736 737/737/737 738/738/738
f 739/739/739 740/740/740 741/741/741
f 742/742/742 743/743/743 744/744/744
f 745/745/745 746/746/746 747/747/747
f 748/748/748 749/749/749 750/750/750
f 751/751/751 752/752/752 753/753/753
f 754/754/754 755/755/755 756/756/756
f 757/757/757 758/758/758 759/759/759
f 760/760/760 761/761/761 762/762/762
f 763/763/763 764/764/764 765/765/765
f 766/766/766 767/767/767 768/768/768
f 769/769/769 770/770/770 771/771/771
f 772/772/772 773/773/773 774/774/774
f 775/775/775 776/776/776 777/777/777
f 778/778/778 779/779/779 780/780/780
f 781/781/781 782/782/782 783/783/783
f 784/784/784 785/785/785 786/786/786
f 787/787/787 788/788/788 789/789/789
f 790/790/790 791/791/791 792/792/792
f 793/793/793 794/794/794 795/795/795
f 796/796/796 797/797/797 798/798/798
f 799/799/799 800/800/800 801/801/801
f 802/802/802 803/803/803 804/804/804
f 805/805/805 806/806/806 807/807/807
f 808/808/808 809/809/809 810/810/810
f 811/811/811 812/812/812 813/813/813
f 814/814/814 815/815/815 816/816/816
f 817/817/817 818/818/818 819/819/819
f 820/820/820 821/821/821 822/822/822
f 823/823/823 824/824/824 825/825/825
f 826/826/826 827/827/827 828/828/828
f 829/829/829 830/830/830 831/831/831
f 832/832/832 833/833/833 834/834/834
f 835/835/835 836/836/836 837/837/837
f 838/838/838 839/839/839 840/840/840
f 841/841/841 842/842/842 843/843/843
f 844/844/844 845/845/845 846/846/846
f 847/847/847 848/848/848 849/849/849
f 850/850/850 851/851/851 852/852/852
f 853/853/853 854/854/854 855/855/855
f 856/856/856 857/857/857 858/858/858
f 859/859/859 860/860/860 861/861/861
f 862/862/862 863/863/863 864/864/864
f 865/865/865 866/866/866 867/867/867
f 868/868/868 869/869/869 870/870/870
f 871/871/871 872/872/872 873/873/873
f 874/874/874 875/875/875 876/876/876
f 877/877/877 878/878/878 879/879/879
f 880/880/880 881/881/881 882/882/882
f 883/883/883 884/884/884 885/885/885
f 886/886/886 887/887/887 888/888/888
f 889/889/889 890/890/890 891/891/891
f 892/892/892 893/893/893 894/894/894
f 895/895/895 896/896/896 897/897/897
f 898/898/898 899/899/899 900/900/900
f 901/901/901 902/902/902 903/903/903
f 904/904/904 905/905/905 906/906/906
f 907/907/907 908/908/908 909/909/909
f 910/910/910 911/911/911 912/912/912
f 913/913/913 914/914/914 915/915/915
f 916/916/916 917/917/917 918/918/918
f 919/919/919 920/920/920 921/921/921
f 922/922/922 923/923/923 924/924/924
f 925/925/925 926/926/926 927/927/927
f 928/928/928 929/929/929 930/930/930
f 931/931/931 932/932/932 933/933/933
f 934/934/934 935/935/935 936/936/936
f 937/937/937 938/938/938 939/939/939
f 940/940/940 941/941/941 942/942/942
f 943/943/943 944/944/944 945/945/945
f 946/946/946 947/947/947 948/948/948
f 949/949/949 950/950/950 951/951/951
f 952/952/952 953/953/953 954/954/954
f 955/955/955 956/956/956 957/957/957
f 958/958/958 959/959/959 960/960/960
f 961/961/961 962/962/962 963/963/963
f 964/964/964 965/965/965 966/966/966
f 967/967/967 968/968/968 969/969/969
f 970/970/970 971/971/971 972/972/972
f 973/973/973 974/974/974 975/975/975
f 976/976/976 977/977/977 978/978/978
f 979/979/979 980/980/980 981/981/981
f 982/982/982 983/983/983 984/984/984
f 985/985/985 986/986/986 987/987/987
f 988/988/988 989/989/989 990/990/990
f 991/991/991 992/992/992 993/993/993
f 994/994/994 995/995/995 996/996/996
f 997/997/997 998/998/998 999/999/999
f 1000/1000/1000 1001/1001/1001 1002/1002/1002
f 1003/1003/1003 1004/1004/1004 1005/1005/1005
f 1006/1006/1006 1007/1007/1007 1008/1008/1008
f 1009/1009/1009 1010/1010/1010 1011/1011/1011
f 1012/1012/1012 1013/1013/1013 1014/1014/1014
f 1015/1015/1015 1016/1016/1016 1017/1017/1017
f 1018/1018/1018 1019/1019/1019 1020/1020/1020
f 1021/1021/1021 1022/1022/1022 1023/1023/1023
f 1024/1024/1024 1025/1025/1025 1026/1026/1026
f 1027/1027/1027 1028/1028/1028 1029/1029/1029
f 1030/1030/1030 1031/1031/1031 1032/1032/1032
f 1033/1033/1033 1034/1034/1034 1035/1035/1035
f 1036/1036/1036 1037/1037/1037 1038/1038/1038
f 1039/1039/1039 1040/1040/1040 1041/1041/1041
f 1042/1042/1042 1043/1043/1043 1044/1044/1044
f 1045/1045/1045 1046/1046/1046 1047/1047/1047
f 1048/1048/1048 1049/1049/1049 1050/1050/1050
f 1051/1051/1051 1052/1052/1052 1053/1053/1053
f 1054/1054/1054 1055/1055/1055 1056/1056/1056
f 1057/1057/1057 1058/1058/1058 1059/1059/1059
f 1060/1060/1060 1061/1061/1061 1062/1062/1062
f 1063/1063/1063 1064/1064/1064 1065/1065/1065
f 1066/1066/1066 1067/1067/1067 1068/1068/1068
f 1069/1069/1069 1070/1070/1070 1071/1071/1071
f 1072/1072/1072 1073/1073/1073 1074/1074/1074
f 1075/1075/1075 1076/1076/1076 1077/1077/1077
f 1078/1078/1078 1079/1079/1079 1080/1080/1080
f 1081/1081/1081 1082/1082/1082 1083/1083/1083
f 1084/1084/1084 1085/1085/1085 1086/1086/1086
f 1087/1087/1087 1088/1088/1088 1089/1089/1089
f 1090/1090/1090 1091/1091/1091 1092/1092/1092
f 1093/1093/1093 1094/1094/1094 1095/1095/1095
f 1096/1096/1096 1097/1097/1097 1098/1098/1098
f 1099/1099/1099 1100/1100/1100 1101/1101/1101
f 1102/1102/1102 1103/1103/1103 1104/1104/1104
f 1105/1105/1105 1106/1106/1106 1107/1107/1107
f 1108/1108/1108 1109/1109/1109 1110/1110/1110
f 1111/1111/1111 1112/1112/1112 1113/1113/1113
f 1114/1114/1114 1115/1115/1115 1116/1116/1116
f 1117/1117/1117 1118/1118/1118 1119/1119/1119
f 1120/1120/1120 1121/1121/1121 1122/1122/1122
f 1123/1123/1123 1124/1124/1124 1125/1125/1125
f 1126/1126/1126 1127/1127/1127 1128/1128/1128
f 1129/1129/1129 1130/1130/1130 1131/1131/1131
f 1132/1132/1132 1133/1133/1133 1134/1134/1134
f 1135/1135/1135 1136/1136/1136 1137/1137/1137
f 1138/1138/1138 1139/1139/1139 1140/1140/1140
f 1141/1141/1141 1142/1142/1142 1143/1143/1143
f 1144/1144/1144 1145/1145/1145 1146/1146/1146