# OBJ file
mtllib wp6_save.ico.mtl
v 0.035156 1.013672 -0.822754 1.000000 1.000000 1.000000 #0.925490
v 0.400879 1.100830 -0.805420 1.000000 1.000000 1.000000 #0.913725
v 0.255859 0.880371 -0.836914 1.000000 1.000000 1.000000 #0.847059
v 0.255859 0.880371 -0.836914 1.000000 1.000000 1.000000 #0.925490
v 0.400879 1.100830 -0.805420 1.000000 1.000000 1.000000 #0.913725
v 0.383301 1.024902 -0.842773 1.000000 1.000000 1.000000 #0.847059
v 0.035156 1.013672 -0.822754 1.000000 1.000000 1.000000 #0.925490
v 0.255859 0.880371 -0.836914 1.000000 1.000000 1.000000 #0.913725
v 0.057129 0.879639 -0.817627 1.000000 1.000000 1.000000 #0.847059
v 0.255859 0.880371 -0.836914 1.000000 1.000000 1.000000 #0.925490
v 0.383301 1.024902 -0.842773 1.000000 1.000000 1.000000 #0.913725
v 0.412842 0.981445 -0.980713 1.000000 1.000000 1.000000 #0.847059
v 0.255859 0.880371 -0.836914 1.000000 1.000000 1.000000 #0.925490
v 0.412842 0.981445 -0.980713 1.000000 1.000000 1.000000 #0.913725
v 0.384277 0.925781 -1.007324 1.000000 1.000000 1.000000 #0.847059
v 0.550537 0.906494 -0.926270 1.000000 1.000000 1.000000 #0.925490
v 0.486328 0.943604 -0.615479 1.000000 1.000000 1.000000 #0.913725
v 0.440430 0.897461 -0.360352 1.000000 1.000000 1.000000 #0.847059
v 0.497314 0.994141 -0.933105 1.000000 1.000000 1.000000 #0.925490
v 0.486328 0.943604 -0.615479 1.000000 1.000000 1.000000 #0.913725
v 0.550537 0.906494 -0.926270 1.000000 1.000000 1.000000 #0.847059
v 0.497314 0.994141 -0.933105 1.000000 1.000000 1.000000 #0.925490
v 0.550537 0.906494 -0.926270 1.000000 1.000000 1.000000 #0.913725
v 0.488525 0.918945 -1.010986 1.000000 1.000000 1.000000 #0.847059
v 0.497314 0.994141 -0.933105 1.000000 1.000000 1.000000 #0.925490
v 0.488525 0.918945 -1.010986 1.000000 1.000000 1.000000 #0.913725
v 0.412842 0.981445 -0.980713 1.000000 1.000000 1.000000 #0.847059
v 0.497314 0.994141 -0.933105 1.000000 1.000000 1.000000 #0.925490
v 0.412842 0.981445 -0.980713 1.000000 1.000000 1.000000 #0.913725
v 0.383301 1.024902 -0.842773 1.000000 1.000000 1.000000 #0.847059
v 0.497314 0.994141 -0.933105 1.000000 1.000000 1.000000 #0.925490
v 0.383301 1.024902 -0.842773 1.000000 1.000000 1.000000 #0.913725
v 0.486328 0.943604 -0.615479 1.000000 1.000000 1.000000 #0.847059
v 0.412842 0.981445 -0.980713 1.000000 1.000000 1.000000 #0.925490
v 0.488525 0.918945 -1.010986 1.000000 1.000000 1.000000 #0.913725
v 0.384277 0.925781 -1.007324 1.000000 1.000000 1.000000 #0.847059
v 0.383301 1.024902 -0.842773 1.000000 1.000000 1.000000 #0.925490
v 0.400879 1.100830 -0.805420 1.000000 1.000000 1.000000 #0.913725
v 0.486328 0.943604 -0.615479 1.000000 1.000000 1.000000 #0.847059
v 0.563965 1.147461 -0.470947 1.000000 1.000000 1.000000 #0.925490
v 0.486328 0.943604 -0.615479 1.000000 1.000000 1.000000 #0.913725
v 0.400879 1.100830 -0.805420 1.000000 1.000000 1.000000 #0.847059
v 0.440430 0.897461 -0.360352 1.000000 1.000000 1.000000 #0.925490
v 0.486328 0.943604 -0.615479 1.000000 1.000000 1.000000 #0.913725
v 0.563965 1.147461 -0.470947 1.000000 1.000000 1.000000 #0.847059
v 0.563965 1.147461 -0.470947 1.000000 1.000000 1.000000 #0.925490
v 0.496094 1.261475 -0.123779 1.000000 1.000000 1.000000 #0.913725
v 0.440430 0.897461 -0.360352 1.000000 1.000000 1.000000 #0.847059
v 0.526855 1.688721 -0.585449 1.000000 1.000000 1.000000 #0.925490
v 0.563965 1.147461 -0.470947 1.000000 1.000000 1.000000 #0.913725
v 0.400879 1.100830 -0.805420 1.000000 1.000000 1.000000 #0.847059
v 0.375000 0.969727 -0.186279 1.000000 1.000000 1.000000 #0.925490
v 0.496094 1.261475 -0.123779 1.000000 1.000000 1.000000 #0.913725
v 0.351074 1.363037 0.074219 1.000000 1.000000 1.000000 #0.847059
v 0.375000 0.969727 -0.186279 1.000000 1.000000 1.000000 #0.925490
v 0.351074 1.363037 0.074219 1.000000 1.000000 1.000000 #0.913725
v 0.222900 1.081543 0.049561 1.000000 1.000000 1.000000 #0.847059
v 0.222900 1.081543 0.049561 1.000000 1.000000 1.000000 #0.925490
v 0.351074 1.363037 0.074219 1.000000 1.000000 1.000000 #0.913725
v 0.195312 1.515625 0.192627 1.000000 1.000000 1.000000 #0.847059
v -0.415039 0.956299 -0.983887 1.000000 1.000000 1.000000 #0.925490
v -0.463135 0.886475 -0.980225 1.000000 1.000000 1.000000 #0.913725
v -0.412842 1.004639 -0.789795 1.000000 1.000000 1.000000 #0.847059
v -0.415039 0.956299 -0.983887 1.000000 1.000000 1.000000 #0.925490
v -0.412842 1.004639 -0.789795 1.000000 1.000000 1.000000 #0.913725
v -0.340088 0.997314 -0.858643 1.000000 1.000000 1.000000 #0.847059
v -0.463135 0.886475 -0.980225 1.000000 1.000000 1.000000 #0.925490
v -0.415039 0.956299 -0.983887 1.000000 1.000000 1.000000 #0.913725
v -0.401855 0.900879 -1.056885 1.000000 1.000000 1.000000 #0.847059
v -0.415039 0.956299 -0.983887 1.000000 1.000000 1.000000 #0.925490
v -0.340088 0.997314 -0.858643 1.000000 1.000000 1.000000 #0.913725
v -0.332275 0.955322 -1.035645 1.000000 1.000000 1.000000 #0.847059
v -0.401855 0.900879 -1.056885 1.000000 1.000000 1.000000 #0.925490
v -0.415039 0.956299 -0.983887 1.000000 1.000000 1.000000 #0.913725
v -0.332275 0.955322 -1.035645 1.000000 1.000000 1.000000 #0.847059
v -0.412842 1.004639 -0.789795 1.000000 1.000000 1.000000 #0.925490
v -0.463135 0.886475 -0.980225 1.000000 1.000000 1.000000 #0.913725
v -0.408691 0.896973 -0.697266 1.000000 1.000000 1.000000 #0.847059
v -0.332275 0.955322 -1.035645 1.000000 1.000000 1.000000 #0.925490
v -0.340088 0.997314 -0.858643 1.000000 1.000000 1.000000 #0.913725
v -0.216553 0.885986 -0.870361 1.000000 1.000000 1.000000 #0.847059
v -0.332275 0.955322 -1.035645 1.000000 1.000000 1.000000 #0.925490
v -0.329834 0.900879 -1.056396 1.000000 1.000000 1.000000 #0.913725
v -0.401855 0.900879 -1.056885 1.000000 1.000000 1.000000 #0.847059
v -0.216553 0.885986 -0.870361 1.000000 1.000000 1.000000 #0.925490
v -0.329834 0.900879 -1.056396 1.000000 1.000000 1.000000 #0.913725
v -0.332275 0.955322 -1.035645 1.000000 1.000000 1.000000 #0.847059
v 0.222900 1.081543 0.049561 1.000000 1.000000 1.000000 #0.925490
v 0.037598 1.211914 0.169922 1.000000 1.000000 1.000000 #0.913725
v -0.161377 1.117920 0.123779 1.000000 1.000000 1.000000 #0.847059
v -0.337158 1.090820 -0.878418 1.000000 1.000000 1.000000 #0.925490
v 0.035156 1.013672 -0.822754 1.000000 1.000000 1.000000 #0.913725
v -0.216553 0.885986 -0.870361 1.000000 1.000000 1.000000 #0.847059
v -0.337158 1.090820 -0.878418 1.000000 1.000000 1.000000 #0.925490
v -0.216553 0.885986 -0.870361 1.000000 1.000000 1.000000 #0.913725
v -0.340088 0.997314 -0.858643 1.000000 1.000000 1.000000 #0.847059
v -0.216553 0.885986 -0.870361 1.000000 1.000000 1.000000 #0.925490
v 0.035156 1.013672 -0.822754 1.000000 1.000000 1.000000 #0.913725
v 0.057129 0.879639 -0.817627 1.000000 1.000000 1.000000 #0.847059
v -0.337158 1.090820 -0.878418 1.000000 1.000000 1.000000 #0.925490
v -0.340088 0.997314 -0.858643 1.000000 1.000000 1.000000 #0.913725
v -0.412842 1.004639 -0.789795 1.000000 1.000000 1.000000 #0.847059
v 0.222900 1.081543 0.049561 1.000000 1.000000 1.000000 #0.925490
v 0.195312 1.515625 0.192627 1.000000 1.000000 1.000000 #0.913725
v 0.037598 1.211914 0.169922 1.000000 1.000000 1.000000 #0.847059
v 0.035156 1.013672 -0.822754 1.000000 1.000000 1.000000 #0.925490
v -0.337158 1.090820 -0.878418 1.000000 1.000000 1.000000 #0.913725
v -0.205566 1.594482 -1.042969 1.000000 1.000000 1.000000 #0.847059
v 0.035156 1.013672 -0.822754 1.000000 1.000000 1.000000 #0.925490
v -0.205566 1.594482 -1.042969 1.000000 1.000000 1.000000 #0.913725
v 0.070068 1.620361 -1.043945 1.000000 1.000000 1.000000 #0.847059
v 0.301758 2.211914 -0.954102 1.000000 1.000000 1.000000 #0.925490
v 0.489258 2.246338 -0.614258 1.000000 1.000000 1.000000 #0.913725
v 0.373779 1.640381 -0.894287 1.000000 1.000000 1.000000 #0.847059
v 0.301758 2.211914 -0.954102 1.000000 1.000000 1.000000 #0.925490
v 0.373779 1.640381 -0.894287 1.000000 1.000000 1.000000 #0.913725
v 0.070068 1.620361 -1.043945 1.000000 1.000000 1.000000 #0.847059
v 0.373779 1.640381 -0.894287 1.000000 1.000000 1.000000 #0.925490
v 0.489258 2.246338 -0.614258 1.000000 1.000000 1.000000 #0.913725
v 0.526855 1.688721 -0.585449 1.000000 1.000000 1.000000 #0.847059
v 0.440430 0.897461 -0.360352 1.000000 1.000000 1.000000 #0.925490
v 0.496094 1.261475 -0.123779 1.000000 1.000000 1.000000 #0.913725
v 0.375000 0.969727 -0.186279 1.000000 1.000000 1.000000 #0.847059
v 0.070068 1.620361 -1.043945 1.000000 1.000000 1.000000 #0.925490
v 0.373779 1.640381 -0.894287 1.000000 1.000000 1.000000 #0.913725
v 0.035156 1.013672 -0.822754 1.000000 1.000000 1.000000 #0.847059
v 0.373779 1.640381 -0.894287 1.000000 1.000000 1.000000 #0.925490
v 0.400879 1.100830 -0.805420 1.000000 1.000000 1.000000 #0.913725
v 0.035156 1.013672 -0.822754 1.000000 1.000000 1.000000 #0.847059
v 0.373779 1.640381 -0.894287 1.000000 1.000000 1.000000 #0.925490
v 0.526855 1.688721 -0.585449 1.000000 1.000000 1.000000 #0.913725
v 0.400879 1.100830 -0.805420 1.000000 1.000000 1.000000 #0.847059
v 0.638428 4.663330 -0.806885 1.000000 1.000000 1.000000 #0.925490
v 0.511475 4.532715 -0.696045 1.000000 1.000000 1.000000 #0.913725
v 0.633789 4.476807 -0.831299 1.000000 1.000000 1.000000 #0.847059
v 0.638428 4.663330 -0.806885 1.000000 1.000000 1.000000 #0.925490
v 0.633789 4.476807 -0.831299 1.000000 1.000000 1.000000 #0.913725
v 0.699463 4.526855 -0.894531 1.000000 1.000000 1.000000 #0.847059
v 0.638428 4.663330 -0.806885 1.000000 1.000000 1.000000 #0.925490
v 0.596436 4.666504 -0.755127 1.000000 1.000000 1.000000 #0.913725
v 0.571289 4.638672 -0.720215 1.000000 1.000000 1.000000 #0.847059
v 0.638428 4.663330 -0.806885 1.000000 1.000000 1.000000 #0.925490
v 0.571289 4.638672 -0.720215 1.000000 1.000000 1.000000 #0.913725
v 0.511475 4.532715 -0.696045 1.000000 1.000000 1.000000 #0.847059
v 0.596436 4.666504 -0.755127 1.000000 1.000000 1.000000 #0.925490
v 0.638428 4.663330 -0.806885 1.000000 1.000000 1.000000 #0.913725
v 0.591797 4.710449 -0.758789 1.000000 1.000000 1.000000 #0.847059
v 0.638428 4.663330 -0.806885 1.000000 1.000000 1.000000 #0.925490
v 0.688721 4.671143 -0.901855 1.000000 1.000000 1.000000 #0.913725
v 0.526611 4.810303 -0.745361 1.000000 1.000000 1.000000 #0.847059
v 0.638428 4.663330 -0.806885 1.000000 1.000000 1.000000 #0.925490
v 0.526611 4.810303 -0.745361 1.000000 1.000000 1.000000 #0.913725
v 0.561035 4.749756 -0.741943 1.000000 1.000000 1.000000 #0.847059
v 0.638428 4.663330 -0.806885 1.000000 1.000000 1.000000 #0.925490
v 0.561035 4.749756 -0.741943 1.000000 1.000000 1.000000 #0.913725
v 0.591797 4.710449 -0.758789 1.000000 1.000000 1.000000 #0.847059
v 0.654541 4.684082 -1.000244 1.000000 1.000000 1.000000 #0.925490
v 0.469482 4.826416 -0.931396 1.000000 1.000000 1.000000 #0.913725
v 0.526611 4.810303 -0.745361 1.000000 1.000000 1.000000 #0.847059
v 0.654541 4.684082 -1.000244 1.000000 1.000000 1.000000 #0.925490
v 0.526611 4.810303 -0.745361 1.000000 1.000000 1.000000 #0.913725
v 0.688721 4.671143 -0.901855 1.000000 1.000000 1.000000 #0.847059
v 0.638428 4.663330 -0.806885 1.000000 1.000000 1.000000 #0.925490
v 0.700195 4.597168 -0.896484 1.000000 1.000000 1.000000 #0.913725
v 0.688721 4.671143 -0.901855 1.000000 1.000000 1.000000 #0.847059
v 0.638428 4.663330 -0.806885 1.000000 1.000000 1.000000 #0.925490
v 0.699463 4.526855 -0.894531 1.000000 1.000000 1.000000 #0.913725
v 0.700195 4.597168 -0.896484 1.000000 1.000000 1.000000 #0.847059
v 0.654541 4.684082 -1.000244 1.000000 1.000000 1.000000 #0.925490
v 0.405029 4.838135 -1.105469 1.000000 1.000000 1.000000 #0.913725
v 0.469482 4.826416 -0.931396 1.000000 1.000000 1.000000 #0.847059
v 0.633789 4.476807 -0.831299 1.000000 1.000000 1.000000 #0.925490
v 0.511475 4.532715 -0.696045 1.000000 1.000000 1.000000 #0.913725
v 0.368652 4.431396 -0.638672 1.000000 1.000000 1.000000 #0.847059
v 0.337158 4.348877 -0.885498 1.000000 1.000000 1.000000 #0.925490
v 0.511719 4.489502 -1.135498 1.000000 1.000000 1.000000 #0.913725
v 0.692139 4.483154 -1.015137 1.000000 1.000000 1.000000 #0.847059
v 0.511719 4.489502 -1.135498 1.000000 1.000000 1.000000 #0.925490
v 0.751221 4.520752 -1.039307 1.000000 1.000000 1.000000 #0.913725
v 0.692139 4.483154 -1.015137 1.000000 1.000000 1.000000 #0.847059
v 0.337158 4.348877 -0.885498 1.000000 1.000000 1.000000 #0.925490
v 0.157471 4.431885 -1.112793 1.000000 1.000000 1.000000 #0.913725
v 0.511719 4.489502 -1.135498 1.000000 1.000000 1.000000 #0.847059
v 0.633789 4.476807 -0.831299 1.000000 1.000000 1.000000 #0.925490
v 0.692139 4.483154 -1.015137 1.000000 1.000000 1.000000 #0.913725
v 0.751221 4.520752 -1.039307 1.000000 1.000000 1.000000 #0.847059
v 0.700195 4.597168 -0.896484 1.000000 1.000000 1.000000 #0.925490
v 0.699463 4.526855 -0.894531 1.000000 1.000000 1.000000 #0.913725
v 0.751221 4.520752 -1.039307 1.000000 1.000000 1.000000 #0.847059
v 0.622803 4.671387 -1.094238 1.000000 1.000000 1.000000 #0.925490
v 0.502930 4.690918 -1.153564 1.000000 1.000000 1.000000 #0.913725
v 0.405029 4.838135 -1.105469 1.000000 1.000000 1.000000 #0.847059
v 0.622803 4.671387 -1.094238 1.000000 1.000000 1.000000 #0.925490
v 0.405029 4.838135 -1.105469 1.000000 1.000000 1.000000 #0.913725
v 0.654541 4.684082 -1.000244 1.000000 1.000000 1.000000 #0.847059
v 0.631836 4.594482 -1.110840 1.000000 1.000000 1.000000 #0.925490
v 0.511719 4.489502 -1.135498 1.000000 1.000000 1.000000 #0.913725
v 0.502930 4.690918 -1.153564 1.000000 1.000000 1.000000 #0.847059
v 0.631836 4.594482 -1.110840 1.000000 1.000000 1.000000 #0.925490
v 0.502930 4.690918 -1.153564 1.000000 1.000000 1.000000 #0.913725
v 0.622803 4.671387 -1.094238 1.000000 1.000000 1.000000 #0.847059
v 0.751221 4.520752 -1.039307 1.000000 1.000000 1.000000 #0.925490
v 0.631836 4.594482 -1.110840 1.000000 1.000000 1.000000 #0.913725
v 0.762939 4.585449 -1.033936 1.000000 1.000000 1.000000 #0.847059
v 0.751221 4.520752 -1.039307 1.000000 1.000000 1.000000 #0.925490
v 0.622070 4.530762 -1.115967 1.000000 1.000000 1.000000 #0.913725
v 0.631836 4.594482 -1.110840 1.000000 1.000000 1.000000 #0.847059
v 0.511719 4.489502 -1.135498 1.000000 1.000000 1.000000 #0.925490
v 0.631836 4.594482 -1.110840 1.000000 1.000000 1.000000 #0.913725
v 0.622070 4.530762 -1.115967 1.000000 1.000000 1.000000 #0.847059
v 0.511719 4.489502 -1.135498 1.000000 1.000000 1.000000 #0.925490
v 0.622070 4.530762 -1.115967 1.000000 1.000000 1.000000 #0.913725
v 0.751221 4.520752 -1.039307 1.000000 1.000000 1.000000 #0.847059
v 0.631836 4.594482 -1.110840 1.000000 1.000000 1.000000 #0.925490
v 0.622803 4.671387 -1.094238 1.000000 1.000000 1.000000 #0.913725
v 0.762939 4.585449 -1.033936 1.000000 1.000000 1.000000 #0.847059
v 0.762939 4.585449 -1.033936 1.000000 1.000000 1.000000 #0.925490
v 0.622803 4.671387 -1.094238 1.000000 1.000000 1.000000 #0.913725
v 0.654541 4.684082 -1.000244 1.000000 1.000000 1.000000 #0.847059
v 0.700195 4.597168 -0.896484 1.000000 1.000000 1.000000 #0.925490
v 0.751221 4.520752 -1.039307 1.000000 1.000000 1.000000 #0.913725
v 0.762939 4.585449 -1.033936 1.000000 1.000000 1.000000 #0.847059
v 0.633789 4.476807 -0.831299 1.000000 1.000000 1.000000 #0.925490
v 0.751221 4.520752 -1.039307 1.000000 1.000000 1.000000 #0.913725
v 0.699463 4.526855 -0.894531 1.000000 1.000000 1.000000 #0.847059
v 0.654541 4.684082 -1.000244 1.000000 1.000000 1.000000 #0.925490
v 0.688721 4.671143 -0.901855 1.000000 1.000000 1.000000 #0.913725
v 0.762939 4.585449 -1.033936 1.000000 1.000000 1.000000 #0.847059
v 0.762939 4.585449 -1.033936 1.000000 1.000000 1.000000 #0.925490
v 0.688721 4.671143 -0.901855 1.000000 1.000000 1.000000 #0.913725
v 0.700195 4.597168 -0.896484 1.000000 1.000000 1.000000 #0.847059
v 0.502930 4.690918 -1.153564 1.000000 1.000000 1.000000 #0.925490
v 0.511719 4.489502 -1.135498 1.000000 1.000000 1.000000 #0.913725
v 0.356445 4.596680 -1.191162 1.000000 1.000000 1.000000 #0.847059
v 0.356445 4.596680 -1.191162 1.000000 1.000000 1.000000 #0.925490
v 0.511719 4.489502 -1.135498 1.000000 1.000000 1.000000 #0.913725
v 0.157471 4.431885 -1.112793 1.000000 1.000000 1.000000 #0.847059
v -0.185791 4.171143 -0.690918 1.000000 1.000000 1.000000 #0.925490
v -0.268555 3.434326 -0.541016 1.000000 1.000000 1.000000 #0.913725
v -0.036377 3.413086 -0.442383 1.000000 1.000000 1.000000 #0.847059
v -0.097900 1.739014 0.141357 1.000000 1.000000 1.000000 #0.925490
v -0.019775 1.549561 0.210938 1.000000 1.000000 1.000000 #0.913725
v 0.195312 1.515625 0.192627 1.000000 1.000000 1.000000 #0.847059
v 0.284180 4.927002 -0.601562 1.000000 1.000000 1.000000 #0.925490
v 0.284912 4.727051 -0.541748 1.000000 1.000000 1.000000 #0.913725
v 0.303955 4.862305 -0.495850 1.000000 1.000000 1.000000 #0.847059
v 0.284180 4.927002 -0.601562 1.000000 1.000000 1.000000 #0.925490
v 0.303955 4.862305 -0.495850 1.000000 1.000000 1.000000 #0.913725
v 0.396973 4.767334 -0.572998 1.000000 1.000000 1.000000 #0.847059
v 0.284912 4.727051 -0.541748 1.000000 1.000000 1.000000 #0.925490
v 0.372803 4.587646 -0.545166 1.000000 1.000000 1.000000 #0.913725
v 0.339844 4.697754 -0.472656 1.000000 1.000000 1.000000 #0.847059
v 0.284912 4.727051 -0.541748 1.000000 1.000000 1.000000 #0.925490
v 0.339844 4.697754 -0.472656 1.000000 1.000000 1.000000 #0.913725
v 0.303955 4.862305 -0.495850 1.000000 1.000000 1.000000 #0.847059
v 0.396973 4.767334 -0.572998 1.000000 1.000000 1.000000 #0.925490
v 0.303955 4.862305 -0.495850 1.000000 1.000000 1.000000 #0.913725
v 0.339844 4.697754 -0.472656 1.000000 1.000000 1.000000 #0.847059
v 0.396973 4.767334 -0.572998 1.000000 1.000000 1.000000 #0.925490
v 0.339844 4.697754 -0.472656 1.000000 1.000000 1.000000 #0.913725
v 0.372803 4.587646 -0.545166 1.000000 1.000000 1.000000 #0.847059
v 0.521240 4.642822 -0.652588 1.000000 1.000000 1.000000 #0.925490
v 0.488525 4.686035 -0.630615 1.000000 1.000000 1.000000 #0.913725
v 0.372803 4.587646 -0.545166 1.000000 1.000000 1.000000 #0.847059
v 0.521240 4.642822 -0.652588 1.000000 1.000000 1.000000 #0.925490
v 0.372803 4.587646 -0.545166 1.000000 1.000000 1.000000 #0.913725
v 0.511475 4.532715 -0.696045 1.000000 1.000000 1.000000 #0.847059
v 0.526611 4.810303 -0.745361 1.000000 1.000000 1.000000 #0.925490
v 0.336670 4.906982 -0.692871 1.000000 1.000000 1.000000 #0.913725
v 0.396973 4.767334 -0.572998 1.000000 1.000000 1.000000 #0.847059
v 0.492676 4.723633 -0.636475 1.000000 1.000000 1.000000 #0.925490
v 0.517334 4.757568 -0.674805 1.000000 1.000000 1.000000 #0.913725
v 0.396973 4.767334 -0.572998 1.000000 1.000000 1.000000 #0.847059
v 0.511475 4.532715 -0.696045 1.000000 1.000000 1.000000 #0.925490
v 0.372803 4.587646 -0.545166 1.000000 1.000000 1.000000 #0.913725
v 0.368652 4.431396 -0.638672 1.000000 1.000000 1.000000 #0.847059
v 0.396973 4.767334 -0.572998 1.000000 1.000000 1.000000 #0.925490
v 0.517334 4.757568 -0.674805 1.000000 1.000000 1.000000 #0.913725
v 0.526611 4.810303 -0.745361 1.000000 1.000000 1.000000 #0.847059
v 0.492676 4.723633 -0.636475 1.000000 1.000000 1.000000 #0.925490
v 0.396973 4.767334 -0.572998 1.000000 1.000000 1.000000 #0.913725
v 0.488525 4.686035 -0.630615 1.000000 1.000000 1.000000 #0.847059
v 0.488525 4.686035 -0.630615 1.000000 1.000000 1.000000 #0.925490
v 0.396973 4.767334 -0.572998 1.000000 1.000000 1.000000 #0.913725
v 0.372803 4.587646 -0.545166 1.000000 1.000000 1.000000 #0.847059
v 0.396973 4.767334 -0.572998 1.000000 1.000000 1.000000 #0.925490
v 0.336670 4.906982 -0.692871 1.000000 1.000000 1.000000 #0.913725
v 0.284180 4.927002 -0.601562 1.000000 1.000000 1.000000 #0.847059
v 0.336670 4.906982 -0.692871 1.000000 1.000000 1.000000 #0.925490
v 0.196777 4.857666 -0.636230 1.000000 1.000000 1.000000 #0.913725
v 0.284912 4.727051 -0.541748 1.000000 1.000000 1.000000 #0.847059
v 0.284912 4.727051 -0.541748 1.000000 1.000000 1.000000 #0.925490
v 0.196777 4.857666 -0.636230 1.000000 1.000000 1.000000 #0.913725
v 0.059326 4.671875 -0.595459 1.000000 1.000000 1.000000 #0.847059
v 0.336670 4.906982 -0.692871 1.000000 1.000000 1.000000 #0.925490
v 0.284912 4.727051 -0.541748 1.000000 1.000000 1.000000 #0.913725
v 0.284180 4.927002 -0.601562 1.000000 1.000000 1.000000 #0.847059
v 0.368652 4.431396 -0.638672 1.000000 1.000000 1.000000 #0.925490
v 0.372803 4.587646 -0.545166 1.000000 1.000000 1.000000 #0.913725
v 0.331055 4.447998 -0.581299 1.000000 1.000000 1.000000 #0.847059
v 0.284912 4.727051 -0.541748 1.000000 1.000000 1.000000 #0.925490
v 0.059326 4.671875 -0.595459 1.000000 1.000000 1.000000 #0.913725
v 0.143311 4.616943 -0.543457 1.000000 1.000000 1.000000 #0.847059
v 0.331055 4.447998 -0.581299 1.000000 1.000000 1.000000 #0.925490
v 0.372803 4.587646 -0.545166 1.000000 1.000000 1.000000 #0.913725
v 0.284912 4.727051 -0.541748 1.000000 1.000000 1.000000 #0.847059
v 0.331055 4.447998 -0.581299 1.000000 1.000000 1.000000 #0.925490
v 0.284912 4.727051 -0.541748 1.000000 1.000000 1.000000 #0.913725
v 0.143311 4.616943 -0.543457 1.000000 1.000000 1.000000 #0.847059
v 0.310547 3.546387 -0.668945 1.000000 1.000000 1.000000 #0.925490
v 0.305664 3.604004 -0.769287 1.000000 1.000000 1.000000 #0.913725
v 0.248047 4.160645 -0.586426 1.000000 1.000000 1.000000 #0.847059
v 0.310547 3.546387 -0.668945 1.000000 1.000000 1.000000 #0.925490
v 0.248047 4.160645 -0.586426 1.000000 1.000000 1.000000 #0.913725
v 0.069336 4.188965 -0.516602 1.000000 1.000000 1.000000 #0.847059
v 0.368652 4.431396 -0.638672 1.000000 1.000000 1.000000 #0.925490
v 0.331055 4.447998 -0.581299 1.000000 1.000000 1.000000 #0.913725
v 0.304688 4.349854 -0.712402 1.000000 1.000000 1.000000 #0.847059
v 0.304688 4.349854 -0.712402 1.000000 1.000000 1.000000 #0.925490
v 0.331055 4.447998 -0.581299 1.000000 1.000000 1.000000 #0.913725
v 0.252686 4.102539 -0.701172 1.000000 1.000000 1.000000 #0.847059
v 0.252686 4.102539 -0.701172 1.000000 1.000000 1.000000 #0.925490
v 0.331055 4.447998 -0.581299 1.000000 1.000000 1.000000 #0.913725
v 0.248047 4.160645 -0.586426 1.000000 1.000000 1.000000 #0.847059
v 0.248047 4.160645 -0.586426 1.000000 1.000000 1.000000 #0.925490
v 0.331055 4.447998 -0.581299 1.000000 1.000000 1.000000 #0.913725
v 0.143311 4.616943 -0.543457 1.000000 1.000000 1.000000 #0.847059
v 0.252686 4.102539 -0.701172 1.000000 1.000000 1.000000 #0.925490
v 0.248047 4.160645 -0.586426 1.000000 1.000000 1.000000 #0.913725
v 0.215332 3.641357 -0.817627 1.000000 1.000000 1.000000 #0.847059
v 0.215332 3.641357 -0.817627 1.000000 1.000000 1.000000 #0.925490
v 0.248047 4.160645 -0.586426 1.000000 1.000000 1.000000 #0.913725
v 0.305664 3.604004 -0.769287 1.000000 1.000000 1.000000 #0.847059
v -0.185791 4.171143 -0.690918 1.000000 1.000000 1.000000 #0.925490
v 0.069336 4.188965 -0.516602 1.000000 1.000000 1.000000 #0.913725
v 0.059326 4.671875 -0.595459 1.000000 1.000000 1.000000 #0.847059
v 0.069336 4.188965 -0.516602 1.000000 1.000000 1.000000 #0.925490
v 0.248047 4.160645 -0.586426 1.000000 1.000000 1.000000 #0.913725
v 0.143311 4.616943 -0.543457 1.000000 1.000000 1.000000 #0.847059
v 0.059326 4.671875 -0.595459 1.000000 1.000000 1.000000 #0.925490
v 0.069336 4.188965 -0.516602 1.000000 1.000000 1.000000 #0.913725
v 0.143311 4.616943 -0.543457 1.000000 1.000000 1.000000 #0.847059
v 0.489258 2.246338 -0.614258 1.000000 1.000000 1.000000 #0.925490
v 0.301758 2.211914 -0.954102 1.000000 1.000000 1.000000 #0.913725
v 0.327393 2.718994 -0.845947 1.000000 1.000000 1.000000 #0.847059
v 0.489258 2.246338 -0.614258 1.000000 1.000000 1.000000 #0.925490
v 0.327393 2.718994 -0.845947 1.000000 1.000000 1.000000 #0.913725
v 0.340820 2.858154 -0.592285 1.000000 1.000000 1.000000 #0.847059
v -0.011963 1.458008 0.618652 1.000000 1.000000 1.000000 #0.925490
v -0.161621 1.291016 0.518311 1.000000 1.000000 1.000000 #0.913725
v -0.010010 1.279541 1.158936 1.000000 1.000000 1.000000 #0.847059
v 0.168701 1.181152 1.148682 1.000000 1.000000 1.000000 #0.925490
v -0.011963 1.458008 0.618652 1.000000 1.000000 1.000000 #0.913725
v -0.010010 1.279541 1.158936 1.000000 1.000000 1.000000 #0.847059
v -0.111328 1.152100 1.123047 1.000000 1.000000 1.000000 #0.925490
v -0.092041 1.003662 1.666504 1.000000 1.000000 1.000000 #0.913725
v 0.002686 1.134766 1.698486 1.000000 1.000000 1.000000 #0.847059
v -0.010010 1.279541 1.158936 1.000000 1.000000 1.000000 #0.925490
v -0.161621 1.291016 0.518311 1.000000 1.000000 1.000000 #0.913725
v -0.111328 1.152100 1.123047 1.000000 1.000000 1.000000 #0.847059
v -0.010010 1.279541 1.158936 1.000000 1.000000 1.000000 #0.925490
v -0.111328 1.152100 1.123047 1.000000 1.000000 1.000000 #0.913725
v 0.002686 1.134766 1.698486 1.000000 1.000000 1.000000 #0.847059
v 0.002686 1.134766 1.698486 1.000000 1.000000 1.000000 #0.925490
v -0.092041 1.003662 1.666504 1.000000 1.000000 1.000000 #0.913725
v 0.033936 0.996338 1.803467 1.000000 1.000000 1.000000 #0.847059
v 0.033936 0.996338 1.803467 1.000000 1.000000 1.000000 #0.925490
v 0.035645 0.910400 1.679932 1.000000 1.000000 1.000000 #0.913725
v 0.125488 1.030273 1.671631 1.000000 1.000000 1.000000 #0.847059
v 0.027344 0.981689 1.101318 1.000000 1.000000 1.000000 #0.925490
v 0.168701 1.181152 1.148682 1.000000 1.000000 1.000000 #0.913725
v 0.125488 1.030273 1.671631 1.000000 1.000000 1.000000 #0.847059
v -0.010010 1.279541 1.158936 1.000000 1.000000 1.000000 #0.925490
v 0.002686 1.134766 1.698486 1.000000 1.000000 1.000000 #0.913725
v 0.125488 1.030273 1.671631 1.000000 1.000000 1.000000 #0.847059
v 0.033936 0.996338 1.803467 1.000000 1.000000 1.000000 #0.925490
v 0.125488 1.030273 1.671631 1.000000 1.000000 1.000000 #0.913725
v 0.002686 1.134766 1.698486 1.000000 1.000000 1.000000 #0.847059
v 0.125488 1.030273 1.671631 1.000000 1.000000 1.000000 #0.925490
v 0.168701 1.181152 1.148682 1.000000 1.000000 1.000000 #0.913725
v -0.010010 1.279541 1.158936 1.000000 1.000000 1.000000 #0.847059
v 0.033936 0.996338 1.803467 1.000000 1.000000 1.000000 #0.925490
v -0.092041 1.003662 1.666504 1.000000 1.000000 1.000000 #0.913725
v 0.035645 0.910400 1.679932 1.000000 1.000000 1.000000 #0.847059
v 0.180664 1.320068 0.574951 1.000000 1.000000 1.000000 #0.925490
v 0.037598 1.211914 0.169922 1.000000 1.000000 1.000000 #0.913725
v 0.195312 1.515625 0.192627 1.000000 1.000000 1.000000 #0.847059
v -0.011963 1.458008 0.618652 1.000000 1.000000 1.000000 #0.925490
v 0.180664 1.320068 0.574951 1.000000 1.000000 1.000000 #0.913725
v 0.195312 1.515625 0.192627 1.000000 1.000000 1.000000 #0.847059
v -0.111328 1.152100 1.123047 1.000000 1.000000 1.000000 #0.925490
v 0.027344 0.981689 1.101318 1.000000 1.000000 1.000000 #0.913725
v -0.092041 1.003662 1.666504 1.000000 1.000000 1.000000 #0.847059
v -0.180908 1.434570 0.183350 1.000000 1.000000 1.000000 #0.925490
v -0.161621 1.291016 0.518311 1.000000 1.000000 1.000000 #0.913725
v -0.011963 1.458008 0.618652 1.000000 1.000000 1.000000 #0.847059
v -0.180908 1.434570 0.183350 1.000000 1.000000 1.000000 #0.925490
v -0.011963 1.458008 0.618652 1.000000 1.000000 1.000000 #0.913725
v -0.019775 1.549561 0.210938 1.000000 1.000000 1.000000 #0.847059
v -0.161621 1.291016 0.518311 1.000000 1.000000 1.000000 #0.925490
v -0.180908 1.434570 0.183350 1.000000 1.000000 1.000000 #0.913725
v 0.037598 1.211914 0.169922 1.000000 1.000000 1.000000 #0.847059
v -0.161621 1.291016 0.518311 1.000000 1.000000 1.000000 #0.925490
v 0.027344 0.981689 1.101318 1.000000 1.000000 1.000000 #0.913725
v -0.111328 1.152100 1.123047 1.000000 1.000000 1.000000 #0.847059
v -0.092041 1.003662 1.666504 1.000000 1.000000 1.000000 #0.925490
v 0.027344 0.981689 1.101318 1.000000 1.000000 1.000000 #0.913725
v 0.035645 0.910400 1.679932 1.000000 1.000000 1.000000 #0.847059
v -0.161621 1.291016 0.518311 1.000000 1.000000 1.000000 #0.925490
v 0.037598 1.211914 0.169922 1.000000 1.000000 1.000000 #0.913725
v 0.027344 0.981689 1.101318 1.000000 1.000000 1.000000 #0.847059
v 0.168701 1.181152 1.148682 1.000000 1.000000 1.000000 #0.925490
v 0.027344 0.981689 1.101318 1.000000 1.000000 1.000000 #0.913725
v 0.180664 1.320068 0.574951 1.000000 1.000000 1.000000 #0.847059
v 0.168701 1.181152 1.148682 1.000000 1.000000 1.000000 #0.925490
v 0.180664 1.320068 0.574951 1.000000 1.000000 1.000000 #0.913725
v -0.011963 1.458008 0.618652 1.000000 1.000000 1.000000 #0.847059
v -0.019775 1.549561 0.210938 1.000000 1.000000 1.000000 #0.925490
v -0.011963 1.458008 0.618652 1.000000 1.000000 1.000000 #0.913725
v 0.195312 1.515625 0.192627 1.000000 1.000000 1.000000 #0.847059
v 0.027344 0.981689 1.101318 1.000000 1.000000 1.000000 #0.925490
v 0.125488 1.030273 1.671631 1.000000 1.000000 1.000000 #0.913725
v 0.035645 0.910400 1.679932 1.000000 1.000000 1.000000 #0.847059
v -0.180908 1.434570 0.183350 1.000000 1.000000 1.000000 #0.925490
v -0.019775 1.549561 0.210938 1.000000 1.000000 1.000000 #0.913725
v -0.097900 1.739014 0.141357 1.000000 1.000000 1.000000 #0.847059
v 0.037598 1.211914 0.169922 1.000000 1.000000 1.000000 #0.925490
v -0.180908 1.434570 0.183350 1.000000 1.000000 1.000000 #0.913725
v -0.161377 1.117920 0.123779 1.000000 1.000000 1.000000 #0.847059
v -0.185791 4.171143 -0.690918 1.000000 1.000000 1.000000 #0.925490
v -0.101318 4.715332 -0.953613 1.000000 1.000000 1.000000 #0.913725
v -0.178223 4.169434 -0.958252 1.000000 1.000000 1.000000 #0.847059
v -0.185791 4.171143 -0.690918 1.000000 1.000000 1.000000 #0.925490
v -0.057617 4.746582 -0.745117 1.000000 1.000000 1.000000 #0.913725
v -0.101318 4.715332 -0.953613 1.000000 1.000000 1.000000 #0.847059
v 0.337158 4.348877 -0.885498 1.000000 1.000000 1.000000 #0.925490
v 0.368652 4.431396 -0.638672 1.000000 1.000000 1.000000 #0.913725
v 0.271240 4.277344 -0.878174 1.000000 1.000000 1.000000 #0.847059
v 0.271240 4.277344 -0.878174 1.000000 1.000000 1.000000 #0.925490
v 0.368652 4.431396 -0.638672 1.000000 1.000000 1.000000 #0.913725
v 0.304688 4.349854 -0.712402 1.000000 1.000000 1.000000 #0.847059
v 0.488525 4.686035 -0.630615 1.000000 1.000000 1.000000 #0.925490
v 0.521240 4.642822 -0.652588 1.000000 1.000000 1.000000 #0.913725
v 0.544922 4.683350 -0.646484 1.000000 1.000000 1.000000 #0.847059
v 0.571289 4.638672 -0.720215 1.000000 1.000000 1.000000 #0.925490
v 0.521240 4.642822 -0.652588 1.000000 1.000000 1.000000 #0.913725
v 0.511475 4.532715 -0.696045 1.000000 1.000000 1.000000 #0.847059
v 0.544922 4.683350 -0.646484 1.000000 1.000000 1.000000 #0.925490
v 0.521240 4.642822 -0.652588 1.000000 1.000000 1.000000 #0.913725
v 0.571289 4.638672 -0.720215 1.000000 1.000000 1.000000 #0.847059
v 0.596436 4.666504 -0.755127 1.000000 1.000000 1.000000 #0.925490
v 0.585449 4.720947 -0.717285 1.000000 1.000000 1.000000 #0.913725
v 0.588623 4.678467 -0.711914 1.000000 1.000000 1.000000 #0.847059
v 0.596436 4.666504 -0.755127 1.000000 1.000000 1.000000 #0.925490
v 0.588623 4.678467 -0.711914 1.000000 1.000000 1.000000 #0.913725
v 0.571289 4.638672 -0.720215 1.000000 1.000000 1.000000 #0.847059
v 0.544922 4.683350 -0.646484 1.000000 1.000000 1.000000 #0.925490
v 0.571289 4.638672 -0.720215 1.000000 1.000000 1.000000 #0.913725
v 0.588623 4.678467 -0.711914 1.000000 1.000000 1.000000 #0.847059
v 0.539062 4.728760 -0.651611 1.000000 1.000000 1.000000 #0.925490
v 0.544922 4.683350 -0.646484 1.000000 1.000000 1.000000 #0.913725
v 0.588623 4.678467 -0.711914 1.000000 1.000000 1.000000 #0.847059
v 0.539062 4.728760 -0.651611 1.000000 1.000000 1.000000 #0.925490
v 0.588623 4.678467 -0.711914 1.000000 1.000000 1.000000 #0.913725
v 0.585449 4.720947 -0.717285 1.000000 1.000000 1.000000 #0.847059
v 0.539062 4.728760 -0.651611 1.000000 1.000000 1.000000 #0.925490
v 0.585449 4.720947 -0.717285 1.000000 1.000000 1.000000 #0.913725
v 0.517334 4.757568 -0.674805 1.000000 1.000000 1.000000 #0.847059
v 0.539062 4.728760 -0.651611 1.000000 1.000000 1.000000 #0.925490
v 0.517334 4.757568 -0.674805 1.000000 1.000000 1.000000 #0.913725
v 0.492676 4.723633 -0.636475 1.000000 1.000000 1.000000 #0.847059
v 0.539062 4.728760 -0.651611 1.000000 1.000000 1.000000 #0.925490
v 0.492676 4.723633 -0.636475 1.000000 1.000000 1.000000 #0.913725
v 0.544922 4.683350 -0.646484 1.000000 1.000000 1.000000 #0.847059
v 0.544922 4.683350 -0.646484 1.000000 1.000000 1.000000 #0.925490
v 0.492676 4.723633 -0.636475 1.000000 1.000000 1.000000 #0.913725
v 0.488525 4.686035 -0.630615 1.000000 1.000000 1.000000 #0.847059
v 0.591797 4.710449 -0.758789 1.000000 1.000000 1.000000 #0.925490
v 0.561035 4.749756 -0.741943 1.000000 1.000000 1.000000 #0.913725
v 0.585449 4.720947 -0.717285 1.000000 1.000000 1.000000 #0.847059
v 0.591797 4.710449 -0.758789 1.000000 1.000000 1.000000 #0.925490
v 0.585449 4.720947 -0.717285 1.000000 1.000000 1.000000 #0.913725
v 0.596436 4.666504 -0.755127 1.000000 1.000000 1.000000 #0.847059
v 0.585449 4.720947 -0.717285 1.000000 1.000000 1.000000 #0.925490
v 0.561035 4.749756 -0.741943 1.000000 1.000000 1.000000 #0.913725
v 0.517334 4.757568 -0.674805 1.000000 1.000000 1.000000 #0.847059
v 0.127197 3.659180 -0.987061 1.000000 1.000000 1.000000 #0.925490
v 0.208496 4.108643 -0.912842 1.000000 1.000000 1.000000 #0.913725
v 0.215332 3.641357 -0.817627 1.000000 1.000000 1.000000 #0.847059
v 0.127197 3.659180 -0.987061 1.000000 1.000000 1.000000 #0.925490
v 0.215332 3.641357 -0.817627 1.000000 1.000000 1.000000 #0.913725
v 0.200928 3.174561 -0.988281 1.000000 1.000000 1.000000 #0.847059
v 0.215332 3.641357 -0.817627 1.000000 1.000000 1.000000 #0.925490
v 0.208496 4.108643 -0.912842 1.000000 1.000000 1.000000 #0.913725
v 0.252686 4.102539 -0.701172 1.000000 1.000000 1.000000 #0.847059
v 0.252686 4.102539 -0.701172 1.000000 1.000000 1.000000 #0.925490
v 0.208496 4.108643 -0.912842 1.000000 1.000000 1.000000 #0.913725
v 0.271240 4.277344 -0.878174 1.000000 1.000000 1.000000 #0.847059
v 0.517334 4.757568 -0.674805 1.000000 1.000000 1.000000 #0.925490
v 0.561035 4.749756 -0.741943 1.000000 1.000000 1.000000 #0.913725
v 0.526611 4.810303 -0.745361 1.000000 1.000000 1.000000 #0.847059
v 0.336670 4.906982 -0.692871 1.000000 1.000000 1.000000 #0.925490
v 0.526611 4.810303 -0.745361 1.000000 1.000000 1.000000 #0.913725
v 0.286377 4.920410 -0.865967 1.000000 1.000000 1.000000 #0.847059
v 0.286377 4.920410 -0.865967 1.000000 1.000000 1.000000 #0.925490
v 0.526611 4.810303 -0.745361 1.000000 1.000000 1.000000 #0.913725
v 0.469482 4.826416 -0.931396 1.000000 1.000000 1.000000 #0.847059
v 0.196777 4.857666 -0.636230 1.000000 1.000000 1.000000 #0.925490
v 0.336670 4.906982 -0.692871 1.000000 1.000000 1.000000 #0.913725
v 0.127930 4.925537 -0.820801 1.000000 1.000000 1.000000 #0.847059
v 0.127930 4.925537 -0.820801 1.000000 1.000000 1.000000 #0.925490
v 0.336670 4.906982 -0.692871 1.000000 1.000000 1.000000 #0.913725
v 0.286377 4.920410 -0.865967 1.000000 1.000000 1.000000 #0.847059
v 0.252686 4.102539 -0.701172 1.000000 1.000000 1.000000 #0.925490
v 0.271240 4.277344 -0.878174 1.000000 1.000000 1.000000 #0.913725
v 0.304688 4.349854 -0.712402 1.000000 1.000000 1.000000 #0.847059
v 0.308350 4.787842 -1.171631 1.000000 1.000000 1.000000 #0.925490
v 0.148438 4.802734 -1.160645 1.000000 1.000000 1.000000 #0.913725
v 0.405029 4.838135 -1.105469 1.000000 1.000000 1.000000 #0.847059
v 0.308350 4.787842 -1.171631 1.000000 1.000000 1.000000 #0.925490
v 0.405029 4.838135 -1.105469 1.000000 1.000000 1.000000 #0.913725
v 0.395996 4.777344 -1.164307 1.000000 1.000000 1.000000 #0.847059
v 0.395996 4.777344 -1.164307 1.000000 1.000000 1.000000 #0.925490
v 0.405029 4.838135 -1.105469 1.000000 1.000000 1.000000 #0.913725
v 0.502930 4.690918 -1.153564 1.000000 1.000000 1.000000 #0.847059
v 0.234375 4.927246 -1.037109 1.000000 1.000000 1.000000 #0.925490
v 0.286377 4.920410 -0.865967 1.000000 1.000000 1.000000 #0.913725
v 0.405029 4.838135 -1.105469 1.000000 1.000000 1.000000 #0.847059
v 0.234375 4.927246 -1.037109 1.000000 1.000000 1.000000 #0.925490
v 0.405029 4.838135 -1.105469 1.000000 1.000000 1.000000 #0.913725
v 0.148438 4.802734 -1.160645 1.000000 1.000000 1.000000 #0.847059
v 0.405029 4.838135 -1.105469 1.000000 1.000000 1.000000 #0.925490
v 0.286377 4.920410 -0.865967 1.000000 1.000000 1.000000 #0.913725
v 0.469482 4.826416 -0.931396 1.000000 1.000000 1.000000 #0.847059
v 0.148438 4.802734 -1.160645 1.000000 1.000000 1.000000 #0.925490
v 0.272949 4.754150 -1.191162 1.000000 1.000000 1.000000 #0.913725
v 0.272705 4.719727 -1.197754 1.000000 1.000000 1.000000 #0.847059
v 0.272949 4.754150 -1.191162 1.000000 1.000000 1.000000 #0.925490
v 0.148438 4.802734 -1.160645 1.000000 1.000000 1.000000 #0.913725
v 0.308350 4.787842 -1.171631 1.000000 1.000000 1.000000 #0.847059
v 0.148438 4.802734 -1.160645 1.000000 1.000000 1.000000 #0.925490
v 0.272705 4.719727 -1.197754 1.000000 1.000000 1.000000 #0.913725
v 0.084473 4.616211 -1.176270 1.000000 1.000000 1.000000 #0.847059
v 0.393066 4.704346 -1.203857 1.000000 1.000000 1.000000 #0.925490
v 0.379639 4.672852 -1.193359 1.000000 1.000000 1.000000 #0.913725
v 0.310303 4.719971 -1.214844 1.000000 1.000000 1.000000 #0.847059
v 0.393799 4.744141 -1.195557 1.000000 1.000000 1.000000 #0.925490
v 0.393066 4.704346 -1.203857 1.000000 1.000000 1.000000 #0.913725
v 0.311768 4.757324 -1.208740 1.000000 1.000000 1.000000 #0.847059
v 0.393799 4.744141 -1.195557 1.000000 1.000000 1.000000 #0.925490
v 0.311768 4.757324 -1.208740 1.000000 1.000000 1.000000 #0.913725
v 0.308350 4.787842 -1.171631 1.000000 1.000000 1.000000 #0.847059
v 0.310303 4.719971 -1.214844 1.000000 1.000000 1.000000 #0.925490
v 0.379639 4.672852 -1.193359 1.000000 1.000000 1.000000 #0.913725
v 0.298584 4.677979 -1.199219 1.000000 1.000000 1.000000 #0.847059
v 0.311768 4.757324 -1.208740 1.000000 1.000000 1.000000 #0.925490
v 0.393066 4.704346 -1.203857 1.000000 1.000000 1.000000 #0.913725
v 0.310303 4.719971 -1.214844 1.000000 1.000000 1.000000 #0.847059
v 0.308350 4.787842 -1.171631 1.000000 1.000000 1.000000 #0.925490
v 0.311768 4.757324 -1.208740 1.000000 1.000000 1.000000 #0.913725
v 0.272949 4.754150 -1.191162 1.000000 1.000000 1.000000 #0.847059
v 0.310303 4.719971 -1.214844 1.000000 1.000000 1.000000 #0.925490
v 0.272949 4.754150 -1.191162 1.000000 1.000000 1.000000 #0.913725
v 0.311768 4.757324 -1.208740 1.000000 1.000000 1.000000 #0.847059
v 0.298584 4.677979 -1.199219 1.000000 1.000000 1.000000 #0.925490
v 0.272705 4.719727 -1.197754 1.000000 1.000000 1.000000 #0.913725
v 0.310303 4.719971 -1.214844 1.000000 1.000000 1.000000 #0.847059
v 0.272949 4.754150 -1.191162 1.000000 1.000000 1.000000 #0.925490
v 0.310303 4.719971 -1.214844 1.000000 1.000000 1.000000 #0.913725
v 0.272705 4.719727 -1.197754 1.000000 1.000000 1.000000 #0.847059
v 0.395996 4.777344 -1.164307 1.000000 1.000000 1.000000 #0.925490
v 0.436768 4.738525 -1.159912 1.000000 1.000000 1.000000 #0.913725
v 0.393799 4.744141 -1.195557 1.000000 1.000000 1.000000 #0.847059
v 0.395996 4.777344 -1.164307 1.000000 1.000000 1.000000 #0.925490
v 0.393799 4.744141 -1.195557 1.000000 1.000000 1.000000 #0.913725
v 0.308350 4.787842 -1.171631 1.000000 1.000000 1.000000 #0.847059
v 0.393066 4.704346 -1.203857 1.000000 1.000000 1.000000 #0.925490
v 0.393799 4.744141 -1.195557 1.000000 1.000000 1.000000 #0.913725
v 0.434082 4.694580 -1.172363 1.000000 1.000000 1.000000 #0.847059
v 0.393066 4.704346 -1.203857 1.000000 1.000000 1.000000 #0.925490
v 0.434082 4.694580 -1.172363 1.000000 1.000000 1.000000 #0.913725
v 0.379639 4.672852 -1.193359 1.000000 1.000000 1.000000 #0.847059
v 0.356445 4.596680 -1.191162 1.000000 1.000000 1.000000 #0.925490
v 0.084473 4.616211 -1.176270 1.000000 1.000000 1.000000 #0.913725
v 0.298584 4.677979 -1.199219 1.000000 1.000000 1.000000 #0.847059
v 0.393799 4.744141 -1.195557 1.000000 1.000000 1.000000 #0.925490
v 0.436768 4.738525 -1.159912 1.000000 1.000000 1.000000 #0.913725
v 0.434082 4.694580 -1.172363 1.000000 1.000000 1.000000 #0.847059
v 0.356445 4.596680 -1.191162 1.000000 1.000000 1.000000 #0.925490
v 0.298584 4.677979 -1.199219 1.000000 1.000000 1.000000 #0.913725
v 0.379639 4.672852 -1.193359 1.000000 1.000000 1.000000 #0.847059
v 0.298584 4.677979 -1.199219 1.000000 1.000000 1.000000 #0.925490
v 0.084473 4.616211 -1.176270 1.000000 1.000000 1.000000 #0.913725
v 0.272705 4.719727 -1.197754 1.000000 1.000000 1.000000 #0.847059
v 0.434082 4.694580 -1.172363 1.000000 1.000000 1.000000 #0.925490
v 0.436768 4.738525 -1.159912 1.000000 1.000000 1.000000 #0.913725
v 0.502930 4.690918 -1.153564 1.000000 1.000000 1.000000 #0.847059
v 0.084473 4.616211 -1.176270 1.000000 1.000000 1.000000 #0.925490
v 0.356445 4.596680 -1.191162 1.000000 1.000000 1.000000 #0.913725
v 0.157471 4.431885 -1.112793 1.000000 1.000000 1.000000 #0.847059
v 0.502930 4.690918 -1.153564 1.000000 1.000000 1.000000 #0.925490
v 0.356445 4.596680 -1.191162 1.000000 1.000000 1.000000 #0.913725
v 0.379639 4.672852 -1.193359 1.000000 1.000000 1.000000 #0.847059
v 0.434082 4.694580 -1.172363 1.000000 1.000000 1.000000 #0.925490
v 0.502930 4.690918 -1.153564 1.000000 1.000000 1.000000 #0.913725
v 0.379639 4.672852 -1.193359 1.000000 1.000000 1.000000 #0.847059
v 0.271240 4.277344 -0.878174 1.000000 1.000000 1.000000 #0.925490
v 0.123291 4.358643 -1.061279 1.000000 1.000000 1.000000 #0.913725
v 0.157471 4.431885 -1.112793 1.000000 1.000000 1.000000 #0.847059
v 0.271240 4.277344 -0.878174 1.000000 1.000000 1.000000 #0.925490
v 0.157471 4.431885 -1.112793 1.000000 1.000000 1.000000 #0.913725
v 0.337158 4.348877 -0.885498 1.000000 1.000000 1.000000 #0.847059
v 0.395996 4.777344 -1.164307 1.000000 1.000000 1.000000 #0.925490
v 0.502930 4.690918 -1.153564 1.000000 1.000000 1.000000 #0.913725
v 0.436768 4.738525 -1.159912 1.000000 1.000000 1.000000 #0.847059
v 0.123291 4.358643 -1.061279 1.000000 1.000000 1.000000 #0.925490
v 0.271240 4.277344 -0.878174 1.000000 1.000000 1.000000 #0.913725
v 0.109131 4.146973 -1.044189 1.000000 1.000000 1.000000 #0.847059
v 0.109131 4.146973 -1.044189 1.000000 1.000000 1.000000 #0.925490
v 0.271240 4.277344 -0.878174 1.000000 1.000000 1.000000 #0.913725
v 0.208496 4.108643 -0.912842 1.000000 1.000000 1.000000 #0.847059
v 0.234375 4.927246 -1.037109 1.000000 1.000000 1.000000 #0.925490
v 0.070801 4.885010 -0.987061 1.000000 1.000000 1.000000 #0.913725
v 0.127930 4.925537 -0.820801 1.000000 1.000000 1.000000 #0.847059
v 0.109131 4.146973 -1.044189 1.000000 1.000000 1.000000 #0.925490
v 0.208496 4.108643 -0.912842 1.000000 1.000000 1.000000 #0.913725
v -0.014648 3.696289 -1.062256 1.000000 1.000000 1.000000 #0.847059
v -0.014648 3.696289 -1.062256 1.000000 1.000000 1.000000 #0.925490
v 0.208496 4.108643 -0.912842 1.000000 1.000000 1.000000 #0.913725
v 0.127197 3.659180 -0.987061 1.000000 1.000000 1.000000 #0.847059
v -0.008057 2.184326 -1.050781 1.000000 1.000000 1.000000 #0.925490
v -0.354248 2.227783 -0.968506 1.000000 1.000000 1.000000 #0.913725
v -0.325684 2.684570 -1.009277 1.000000 1.000000 1.000000 #0.847059
v -0.408691 0.896973 -0.697266 1.000000 1.000000 1.000000 #0.925490
v -0.405762 0.938965 -0.382080 1.000000 1.000000 1.000000 #0.913725
v -0.412842 1.004639 -0.789795 1.000000 1.000000 1.000000 #0.847059
v -0.337158 1.090820 -0.878418 1.000000 1.000000 1.000000 #0.925490
v -0.412842 1.004639 -0.789795 1.000000 1.000000 1.000000 #0.913725
v -0.513672 1.195801 -0.824707 1.000000 1.000000 1.000000 #0.847059
v -0.438721 1.677490 -0.874512 1.000000 1.000000 1.000000 #0.925490
v -0.205566 1.594482 -1.042969 1.000000 1.000000 1.000000 #0.913725
v -0.513672 1.195801 -0.824707 1.000000 1.000000 1.000000 #0.847059
v -0.205566 1.594482 -1.042969 1.000000 1.000000 1.000000 #0.925490
v -0.438721 1.677490 -0.874512 1.000000 1.000000 1.000000 #0.913725
v -0.354248 2.227783 -0.968506 1.000000 1.000000 1.000000 #0.847059
v -0.513672 1.195801 -0.824707 1.000000 1.000000 1.000000 #0.925490
v -0.205566 1.594482 -1.042969 1.000000 1.000000 1.000000 #0.913725
v -0.337158 1.090820 -0.878418 1.000000 1.000000 1.000000 #0.847059
v -0.205566 1.594482 -1.042969 1.000000 1.000000 1.000000 #0.925490
v -0.354248 2.227783 -0.968506 1.000000 1.000000 1.000000 #0.913725
v -0.008057 2.184326 -1.050781 1.000000 1.000000 1.000000 #0.847059
v -0.205566 1.594482 -1.042969 1.000000 1.000000 1.000000 #0.925490
v -0.008057 2.184326 -1.050781 1.000000 1.000000 1.000000 #0.913725
v 0.070068 1.620361 -1.043945 1.000000 1.000000 1.000000 #0.847059
v 0.157471 4.431885 -1.112793 1.000000 1.000000 1.000000 #0.925490
v 0.123291 4.358643 -1.061279 1.000000 1.000000 1.000000 #0.913725
v -0.032227 4.525635 -1.127686 1.000000 1.000000 1.000000 #0.847059
v 0.157471 4.431885 -1.112793 1.000000 1.000000 1.000000 #0.925490
v -0.032227 4.525635 -1.127686 1.000000 1.000000 1.000000 #0.913725
v 0.084473 4.616211 -1.176270 1.000000 1.000000 1.000000 #0.847059
v -0.014648 3.696289 -1.062256 1.000000 1.000000 1.000000 #0.925490
v 0.127197 3.659180 -0.987061 1.000000 1.000000 1.000000 #0.913725
v -0.027100 3.195068 -1.084717 1.000000 1.000000 1.000000 #0.847059
v -0.027100 3.195068 -1.084717 1.000000 1.000000 1.000000 #0.925490
v 0.127197 3.659180 -0.987061 1.000000 1.000000 1.000000 #0.913725
v 0.103516 3.187500 -1.073975 1.000000 1.000000 1.000000 #0.847059
v -0.178223 4.169434 -0.958252 1.000000 1.000000 1.000000 #0.925490
v -0.035889 4.142334 -1.047119 1.000000 1.000000 1.000000 #0.913725
v -0.165039 3.725586 -1.036133 1.000000 1.000000 1.000000 #0.847059
v -0.178223 4.169434 -0.958252 1.000000 1.000000 1.000000 #0.925490
v -0.165039 3.725586 -1.036133 1.000000 1.000000 1.000000 #0.913725
v -0.257812 3.621338 -0.974121 1.000000 1.000000 1.000000 #0.847059
v -0.165039 3.725586 -1.036133 1.000000 1.000000 1.000000 #0.925490
v -0.035889 4.142334 -1.047119 1.000000 1.000000 1.000000 #0.913725
v -0.014648 3.696289 -1.062256 1.000000 1.000000 1.000000 #0.847059
v -0.101318 4.715332 -0.953613 1.000000 1.000000 1.000000 #0.925490
v -0.057617 4.746582 -0.745117 1.000000 1.000000 1.000000 #0.913725
v 0.070801 4.885010 -0.987061 1.000000 1.000000 1.000000 #0.847059
v 0.070801 4.885010 -0.987061 1.000000 1.000000 1.000000 #0.925490
v -0.057617 4.746582 -0.745117 1.000000 1.000000 1.000000 #0.913725
v 0.127930 4.925537 -0.820801 1.000000 1.000000 1.000000 #0.847059
v 0.059326 4.671875 -0.595459 1.000000 1.000000 1.000000 #0.925490
v 0.196777 4.857666 -0.636230 1.000000 1.000000 1.000000 #0.913725
v -0.057617 4.746582 -0.745117 1.000000 1.000000 1.000000 #0.847059
v 0.196777 4.857666 -0.636230 1.000000 1.000000 1.000000 #0.925490
v 0.127930 4.925537 -0.820801 1.000000 1.000000 1.000000 #0.913725
v -0.057617 4.746582 -0.745117 1.000000 1.000000 1.000000 #0.847059
v 0.340820 2.858154 -0.592285 1.000000 1.000000 1.000000 #0.925490
v 0.327393 2.718994 -0.845947 1.000000 1.000000 1.000000 #0.913725
v 0.304199 3.018066 -0.815186 1.000000 1.000000 1.000000 #0.847059
v 0.148438 4.802734 -1.160645 1.000000 1.000000 1.000000 #0.925490
v 0.019043 4.872314 -1.163818 1.000000 1.000000 1.000000 #0.913725
v 0.123291 4.949951 -1.076660 1.000000 1.000000 1.000000 #0.847059
v 0.123291 4.949951 -1.076660 1.000000 1.000000 1.000000 #0.925490
v 0.019043 4.872314 -1.163818 1.000000 1.000000 1.000000 #0.913725
v 0.037109 4.795898 -1.092529 1.000000 1.000000 1.000000 #0.847059
v 0.148438 4.802734 -1.160645 1.000000 1.000000 1.000000 #0.925490
v 0.123291 4.949951 -1.076660 1.000000 1.000000 1.000000 #0.913725
v 0.234375 4.927246 -1.037109 1.000000 1.000000 1.000000 #0.847059
v 0.123291 4.949951 -1.076660 1.000000 1.000000 1.000000 #0.925490
v 0.037109 4.795898 -1.092529 1.000000 1.000000 1.000000 #0.913725
v 0.234375 4.927246 -1.037109 1.000000 1.000000 1.000000 #0.847059
v 0.234375 4.927246 -1.037109 1.000000 1.000000 1.000000 #0.925490
v 0.037109 4.795898 -1.092529 1.000000 1.000000 1.000000 #0.913725
v 0.070801 4.885010 -0.987061 1.000000 1.000000 1.000000 #0.847059
v 0.084473 4.616211 -1.176270 1.000000 1.000000 1.000000 #0.925490
v 0.037109 4.795898 -1.092529 1.000000 1.000000 1.000000 #0.913725
v -0.007568 4.744629 -1.184082 1.000000 1.000000 1.000000 #0.847059
v -0.007568 4.744629 -1.184082 1.000000 1.000000 1.000000 #0.925490
v 0.037109 4.795898 -1.092529 1.000000 1.000000 1.000000 #0.913725
v 0.019043 4.872314 -1.163818 1.000000 1.000000 1.000000 #0.847059
v 0.019043 4.872314 -1.163818 1.000000 1.000000 1.000000 #0.925490
v 0.148438 4.802734 -1.160645 1.000000 1.000000 1.000000 #0.913725
v -0.007568 4.744629 -1.184082 1.000000 1.000000 1.000000 #0.847059
v -0.007568 4.744629 -1.184082 1.000000 1.000000 1.000000 #0.925490
v 0.148438 4.802734 -1.160645 1.000000 1.000000 1.000000 #0.913725
v 0.084473 4.616211 -1.176270 1.000000 1.000000 1.000000 #0.847059
v 0.070801 4.885010 -0.987061 1.000000 1.000000 1.000000 #0.925490
v 0.037109 4.795898 -1.092529 1.000000 1.000000 1.000000 #0.913725
v -0.103516 4.636963 -1.059326 1.000000 1.000000 1.000000 #0.847059
v 0.037109 4.795898 -1.092529 1.000000 1.000000 1.000000 #0.925490
v 0.084473 4.616211 -1.176270 1.000000 1.000000 1.000000 #0.913725
v -0.032227 4.525635 -1.127686 1.000000 1.000000 1.000000 #0.847059
v -0.103516 4.636963 -1.059326 1.000000 1.000000 1.000000 #0.925490
v 0.037109 4.795898 -1.092529 1.000000 1.000000 1.000000 #0.913725
v -0.032227 4.525635 -1.127686 1.000000 1.000000 1.000000 #0.847059
v -0.032227 4.525635 -1.127686 1.000000 1.000000 1.000000 #0.925490
v 0.123291 4.358643 -1.061279 1.000000 1.000000 1.000000 #0.913725
v 0.109131 4.146973 -1.044189 1.000000 1.000000 1.000000 #0.847059
v -0.032227 4.525635 -1.127686 1.000000 1.000000 1.000000 #0.925490
v 0.109131 4.146973 -1.044189 1.000000 1.000000 1.000000 #0.913725
v -0.035889 4.142334 -1.047119 1.000000 1.000000 1.000000 #0.847059
v -0.103516 4.636963 -1.059326 1.000000 1.000000 1.000000 #0.925490
v -0.032227 4.525635 -1.127686 1.000000 1.000000 1.000000 #0.913725
v -0.035889 4.142334 -1.047119 1.000000 1.000000 1.000000 #0.847059
v -0.035889 4.142334 -1.047119 1.000000 1.000000 1.000000 #0.925490
v 0.109131 4.146973 -1.044189 1.000000 1.000000 1.000000 #0.913725
v -0.014648 3.696289 -1.062256 1.000000 1.000000 1.000000 #0.847059
v -0.103516 4.636963 -1.059326 1.000000 1.000000 1.000000 #0.925490
v -0.035889 4.142334 -1.047119 1.000000 1.000000 1.000000 #0.913725
v -0.178223 4.169434 -0.958252 1.000000 1.000000 1.000000 #0.847059
v -0.178223 4.169434 -0.958252 1.000000 1.000000 1.000000 #0.925490
v -0.101318 4.715332 -0.953613 1.000000 1.000000 1.000000 #0.913725
v -0.103516 4.636963 -1.059326 1.000000 1.000000 1.000000 #0.847059
v 0.127197 3.659180 -0.987061 1.000000 1.000000 1.000000 #0.925490
v 0.200928 3.174561 -0.988281 1.000000 1.000000 1.000000 #0.913725
v 0.103516 3.187500 -1.073975 1.000000 1.000000 1.000000 #0.847059
v 0.304199 3.018066 -0.815186 1.000000 1.000000 1.000000 #0.925490
v 0.207031 3.463135 -0.576172 1.000000 1.000000 1.000000 #0.913725
v 0.340820 2.858154 -0.592285 1.000000 1.000000 1.000000 #0.847059
v 0.037598 1.211914 0.169922 1.000000 1.000000 1.000000 #0.925490
v 0.180664 1.320068 0.574951 1.000000 1.000000 1.000000 #0.913725
v 0.027344 0.981689 1.101318 1.000000 1.000000 1.000000 #0.847059
v 0.384277 0.925781 -1.007324 1.000000 1.000000 1.000000 #0.925490
v 0.488525 0.918945 -1.010986 1.000000 1.000000 1.000000 #0.913725
v 0.550537 0.906494 -0.926270 1.000000 1.000000 1.000000 #0.847059
v 0.375000 0.969727 -0.186279 1.000000 1.000000 1.000000 #0.925490
v 0.222900 1.081543 0.049561 1.000000 1.000000 1.000000 #0.913725
v -0.161377 1.117920 0.123779 1.000000 1.000000 1.000000 #0.847059
v 0.375000 0.969727 -0.186279 1.000000 1.000000 1.000000 #0.925490
v -0.161377 1.117920 0.123779 1.000000 1.000000 1.000000 #0.847059
v -0.354980 1.042725 -0.052246 1.000000 1.000000 1.000000 #1.000000
v 0.440430 0.897461 -0.360352 1.000000 1.000000 1.000000 #0.925490
v 0.375000 0.969727 -0.186279 1.000000 1.000000 1.000000 #0.913725
v -0.354980 1.042725 -0.052246 1.000000 1.000000 1.000000 #0.847059
v 0.440430 0.897461 -0.360352 1.000000 1.000000 1.000000 #0.925490
v -0.354980 1.042725 -0.052246 1.000000 1.000000 1.000000 #0.847059
v -0.405762 0.938965 -0.382080 1.000000 1.000000 1.000000 #1.000000
v 0.301758 2.211914 -0.954102 1.000000 1.000000 1.000000 #0.925490
v 0.070068 1.620361 -1.043945 1.000000 1.000000 1.000000 #0.913725
v -0.008057 2.184326 -1.050781 1.000000 1.000000 1.000000 #0.847059
v -0.103516 4.636963 -1.059326 1.000000 1.000000 1.000000 #0.925490
v -0.101318 4.715332 -0.953613 1.000000 1.000000 1.000000 #0.913725
v 0.070801 4.885010 -0.987061 1.000000 1.000000 1.000000 #0.847059
v 0.633789 4.476807 -0.831299 1.000000 1.000000 1.000000 #0.925490
v 0.368652 4.431396 -0.638672 1.000000 1.000000 1.000000 #0.913725
v 0.337158 4.348877 -0.885498 1.000000 1.000000 1.000000 #0.847059
v 0.127930 4.925537 -0.820801 1.000000 1.000000 1.000000 #0.925490
v 0.286377 4.920410 -0.865967 1.000000 1.000000 1.000000 #0.913725
v 0.234375 4.927246 -1.037109 1.000000 1.000000 1.000000 #0.847059
v 0.692139 4.483154 -1.015137 1.000000 1.000000 1.000000 #0.925490
v 0.633789 4.476807 -0.831299 1.000000 1.000000 1.000000 #0.913725
v 0.337158 4.348877 -0.885498 1.000000 1.000000 1.000000 #0.847059
v 0.200928 3.174561 -0.988281 1.000000 1.000000 1.000000 #0.925490
v 0.215332 3.641357 -0.817627 1.000000 1.000000 1.000000 #0.913725
v 0.305664 3.604004 -0.769287 1.000000 1.000000 1.000000 #0.847059
v 0.358154 3.094727 -0.968018 1.000000 1.000000 1.000000 #0.925490
v 0.310547 3.546387 -0.668945 1.000000 1.000000 1.000000 #0.913725
v 0.207031 3.463135 -0.576172 1.000000 1.000000 1.000000 #0.847059
v 0.171387 2.995361 -1.157959 1.000000 1.000000 1.000000 #0.925490
v 0.200928 3.174561 -0.988281 1.000000 1.000000 1.000000 #0.913725
v 0.300537 3.157959 -1.031982 1.000000 1.000000 1.000000 #0.847059
v 0.171387 2.995361 -1.157959 1.000000 1.000000 1.000000 #0.925490
v 0.300537 3.157959 -1.031982 1.000000 1.000000 1.000000 #0.847059
v 0.222168 2.914795 -1.230469 1.000000 1.000000 1.000000 #1.000000
v -0.165039 3.725586 -1.036133 1.000000 1.000000 1.000000 #0.925490
v -0.014648 3.696289 -1.062256 1.000000 1.000000 1.000000 #0.913725
v -0.027100 3.195068 -1.084717 1.000000 1.000000 1.000000 #0.847059
v -0.165771 3.134277 -1.168945 1.000000 1.000000 1.000000 #0.925490
v 0.027588 2.847412 -1.244141 1.000000 1.000000 1.000000 #0.913725
v -0.074463 2.871094 -1.200195 1.000000 1.000000 1.000000 #0.847059
v -0.165771 3.134277 -1.168945 1.000000 1.000000 1.000000 #0.925490
v -0.074463 2.871094 -1.200195 1.000000 1.000000 1.000000 #0.847059
v -0.257080 3.120850 -1.046875 1.000000 1.000000 1.000000 #1.000000
v 0.171387 2.995361 -1.157959 1.000000 1.000000 1.000000 #0.925490
v 0.222168 2.914795 -1.230469 1.000000 1.000000 1.000000 #0.913725
v 0.283203 2.848145 -1.144043 1.000000 1.000000 1.000000 #0.847059
v 0.171387 2.995361 -1.157959 1.000000 1.000000 1.000000 #0.925490
v 0.283203 2.848145 -1.144043 1.000000 1.000000 1.000000 #0.847059
v 0.318604 2.847900 -1.037842 1.000000 1.000000 1.000000 #1.000000
v 0.103516 3.187500 -1.073975 1.000000 1.000000 1.000000 #0.925490
v 0.200928 3.174561 -0.988281 1.000000 1.000000 1.000000 #0.913725
v 0.301758 2.211914 -0.954102 1.000000 1.000000 1.000000 #0.847059
v -0.008057 2.184326 -1.050781 1.000000 1.000000 1.000000 #0.925490
v -0.027100 3.195068 -1.084717 1.000000 1.000000 1.000000 #0.913725
v 0.103516 3.187500 -1.073975 1.000000 1.000000 1.000000 #0.847059
v 0.103516 3.187500 -1.073975 1.000000 1.000000 1.000000 #0.925490
v 0.301758 2.211914 -0.954102 1.000000 1.000000 1.000000 #0.913725
v -0.008057 2.184326 -1.050781 1.000000 1.000000 1.000000 #0.847059
v -0.027100 3.195068 -1.084717 1.000000 1.000000 1.000000 #0.925490
v -0.008057 2.184326 -1.050781 1.000000 1.000000 1.000000 #0.913725
v -0.325684 2.684570 -1.009277 1.000000 1.000000 1.000000 #0.847059
v -0.027100 3.195068 -1.084717 1.000000 1.000000 1.000000 #0.925490
v -0.325684 2.684570 -1.009277 1.000000 1.000000 1.000000 #0.847059
v -0.257080 3.120850 -1.046875 1.000000 1.000000 1.000000 #1.000000
v 0.358154 3.094727 -0.968018 1.000000 1.000000 1.000000 #0.925490
v 0.283203 2.848145 -1.144043 1.000000 1.000000 1.000000 #0.913725
v 0.222168 2.914795 -1.230469 1.000000 1.000000 1.000000 #0.847059
v 0.358154 3.094727 -0.968018 1.000000 1.000000 1.000000 #0.925490
v 0.222168 2.914795 -1.230469 1.000000 1.000000 1.000000 #0.847059
v 0.300537 3.157959 -1.031982 1.000000 1.000000 1.000000 #1.000000
v 0.304199 3.018066 -0.815186 1.000000 1.000000 1.000000 #0.925490
v 0.327393 2.718994 -0.845947 1.000000 1.000000 1.000000 #0.913725
v 0.301758 2.211914 -0.954102 1.000000 1.000000 1.000000 #0.847059
v 0.304199 3.018066 -0.815186 1.000000 1.000000 1.000000 #0.925490
v 0.301758 2.211914 -0.954102 1.000000 1.000000 1.000000 #0.847059
v 0.200928 3.174561 -0.988281 1.000000 1.000000 1.000000 #1.000000
v -0.061279 3.236572 -1.161133 1.000000 1.000000 1.000000 #0.925490
v -0.165039 3.725586 -1.036133 1.000000 1.000000 1.000000 #0.913725
v -0.027100 3.195068 -1.084717 1.000000 1.000000 1.000000 #0.847059
v -0.165771 3.134277 -1.168945 1.000000 1.000000 1.000000 #0.925490
v -0.257812 3.621338 -0.974121 1.000000 1.000000 1.000000 #0.913725
v -0.165039 3.725586 -1.036133 1.000000 1.000000 1.000000 #0.847059
v -0.165771 3.134277 -1.168945 1.000000 1.000000 1.000000 #0.925490
v -0.165039 3.725586 -1.036133 1.000000 1.000000 1.000000 #0.847059
v -0.061279 3.236572 -1.161133 1.000000 1.000000 1.000000 #1.000000
v 0.108154 2.984863 -1.122070 1.000000 1.000000 1.000000 #0.925490
v -0.027100 3.195068 -1.084717 1.000000 1.000000 1.000000 #0.913725
v -0.257080 3.120850 -1.046875 1.000000 1.000000 1.000000 #0.847059
v 0.108154 2.984863 -1.122070 1.000000 1.000000 1.000000 #0.925490
v -0.257080 3.120850 -1.046875 1.000000 1.000000 1.000000 #0.847059
v -0.074463 2.871094 -1.200195 1.000000 1.000000 1.000000 #1.000000
v 0.059326 4.671875 -0.595459 1.000000 1.000000 1.000000 #0.925490
v -0.057617 4.746582 -0.745117 1.000000 1.000000 1.000000 #0.913725
v -0.185791 4.171143 -0.690918 1.000000 1.000000 1.000000 #0.847059
v -0.354980 1.042725 -0.052246 1.000000 1.000000 1.000000 #0.925490
v -0.161377 1.117920 0.123779 1.000000 1.000000 1.000000 #0.913725
v -0.180908 1.434570 0.183350 1.000000 1.000000 1.000000 #0.847059
v -0.354980 1.042725 -0.052246 1.000000 1.000000 1.000000 #0.925490
v -0.180908 1.434570 0.183350 1.000000 1.000000 1.000000 #0.847059
v -0.451904 1.311523 -0.094238 1.000000 1.000000 1.000000 #1.000000
v -0.178223 4.169434 -0.958252 1.000000 1.000000 1.000000 #0.925490
v -0.257812 3.621338 -0.974121 1.000000 1.000000 1.000000 #0.913725
v -0.303955 3.572754 -0.716797 1.000000 1.000000 1.000000 #0.847059
v -0.303955 3.572754 -0.716797 1.000000 1.000000 1.000000 #0.925490
v -0.257812 3.621338 -0.974121 1.000000 1.000000 1.000000 #0.913725
v -0.257080 3.120850 -1.046875 1.000000 1.000000 1.000000 #0.847059
v -0.303955 3.572754 -0.716797 1.000000 1.000000 1.000000 #0.925490
v -0.257080 3.120850 -1.046875 1.000000 1.000000 1.000000 #0.847059
v -0.364502 3.161377 -0.711426 1.000000 1.000000 1.000000 #1.000000
v -0.364502 3.161377 -0.711426 1.000000 1.000000 1.000000 #0.925490
v -0.257080 3.120850 -1.046875 1.000000 1.000000 1.000000 #0.913725
v -0.325684 2.684570 -1.009277 1.000000 1.000000 1.000000 #0.847059
v -0.364502 3.161377 -0.711426 1.000000 1.000000 1.000000 #0.925490
v -0.325684 2.684570 -1.009277 1.000000 1.000000 1.000000 #0.847059
v -0.424561 2.785889 -0.697510 1.000000 1.000000 1.000000 #1.000000
v -0.424561 2.785889 -0.697510 1.000000 1.000000 1.000000 #0.925490
v -0.325684 2.684570 -1.009277 1.000000 1.000000 1.000000 #0.913725
v -0.354248 2.227783 -0.968506 1.000000 1.000000 1.000000 #0.847059
v -0.424561 2.785889 -0.697510 1.000000 1.000000 1.000000 #0.925490
v -0.354248 2.227783 -0.968506 1.000000 1.000000 1.000000 #0.847059
v -0.514404 2.254639 -0.635010 1.000000 1.000000 1.000000 #1.000000
v -0.514404 2.254639 -0.635010 1.000000 1.000000 1.000000 #0.925490
v -0.354248 2.227783 -0.968506 1.000000 1.000000 1.000000 #0.913725
v -0.438721 1.677490 -0.874512 1.000000 1.000000 1.000000 #0.847059
v -0.514404 2.254639 -0.635010 1.000000 1.000000 1.000000 #0.925490
v -0.438721 1.677490 -0.874512 1.000000 1.000000 1.000000 #0.847059
v -0.557373 1.708740 -0.560303 1.000000 1.000000 1.000000 #1.000000
v -0.557373 1.708740 -0.560303 1.000000 1.000000 1.000000 #0.925490
v -0.438721 1.677490 -0.874512 1.000000 1.000000 1.000000 #0.913725
v -0.513672 1.195801 -0.824707 1.000000 1.000000 1.000000 #0.847059
v -0.557373 1.708740 -0.560303 1.000000 1.000000 1.000000 #0.925490
v -0.513672 1.195801 -0.824707 1.000000 1.000000 1.000000 #0.847059
v -0.557861 1.266602 -0.504395 1.000000 1.000000 1.000000 #1.000000
v -0.557861 1.266602 -0.504395 1.000000 1.000000 1.000000 #0.925490
v -0.513672 1.195801 -0.824707 1.000000 1.000000 1.000000 #0.913725
v -0.412842 1.004639 -0.789795 1.000000 1.000000 1.000000 #0.847059
v -0.557861 1.266602 -0.504395 1.000000 1.000000 1.000000 #0.925490
v -0.412842 1.004639 -0.789795 1.000000 1.000000 1.000000 #0.847059
v -0.529541 1.078125 -0.420654 1.000000 1.000000 1.000000 #1.000000
v -0.303955 3.572754 -0.716797 1.000000 1.000000 1.000000 #0.925490
v -0.268555 3.434326 -0.541016 1.000000 1.000000 1.000000 #0.913725
v -0.185791 4.171143 -0.690918 1.000000 1.000000 1.000000 #0.847059
v -0.185791 4.171143 -0.690918 1.000000 1.000000 1.000000 #0.925490
v -0.178223 4.169434 -0.958252 1.000000 1.000000 1.000000 #0.913725
v -0.303955 3.572754 -0.716797 1.000000 1.000000 1.000000 #0.847059
v -0.364502 3.161377 -0.711426 1.000000 1.000000 1.000000 #0.925490
v -0.296631 2.846680 -0.395996 1.000000 1.000000 1.000000 #0.913725
v -0.268555 3.434326 -0.541016 1.000000 1.000000 1.000000 #0.847059
v -0.364502 3.161377 -0.711426 1.000000 1.000000 1.000000 #0.925490
v -0.268555 3.434326 -0.541016 1.000000 1.000000 1.000000 #0.847059
v -0.303955 3.572754 -0.716797 1.000000 1.000000 1.000000 #1.000000
v -0.424561 2.785889 -0.697510 1.000000 1.000000 1.000000 #0.925490
v -0.296631 2.846680 -0.395996 1.000000 1.000000 1.000000 #0.913725
v -0.364502 3.161377 -0.711426 1.000000 1.000000 1.000000 #0.847059
v -0.453125 2.244873 -0.375732 1.000000 1.000000 1.000000 #0.925490
v -0.267334 2.253906 -0.151611 1.000000 1.000000 1.000000 #0.913725
v -0.296631 2.846680 -0.395996 1.000000 1.000000 1.000000 #0.847059
v -0.481201 1.712402 -0.194336 1.000000 1.000000 1.000000 #0.925490
v -0.097900 1.739014 0.141357 1.000000 1.000000 1.000000 #0.913725
v -0.267334 2.253906 -0.151611 1.000000 1.000000 1.000000 #0.847059
v -0.451904 1.311523 -0.094238 1.000000 1.000000 1.000000 #0.925490
v -0.180908 1.434570 0.183350 1.000000 1.000000 1.000000 #0.913725
v -0.097900 1.739014 0.141357 1.000000 1.000000 1.000000 #0.847059
v -0.451904 1.311523 -0.094238 1.000000 1.000000 1.000000 #0.925490
v -0.097900 1.739014 0.141357 1.000000 1.000000 1.000000 #0.847059
v -0.481201 1.712402 -0.194336 1.000000 1.000000 1.000000 #1.000000
v -0.529541 1.078125 -0.420654 1.000000 1.000000 1.000000 #0.925490
v -0.412842 1.004639 -0.789795 1.000000 1.000000 1.000000 #0.913725
v -0.405762 0.938965 -0.382080 1.000000 1.000000 1.000000 #0.847059
v -0.529541 1.078125 -0.420654 1.000000 1.000000 1.000000 #0.925490
v -0.405762 0.938965 -0.382080 1.000000 1.000000 1.000000 #0.913725
v -0.354980 1.042725 -0.052246 1.000000 1.000000 1.000000 #0.847059
v -0.451904 1.311523 -0.094238 1.000000 1.000000 1.000000 #0.925490
v -0.557861 1.266602 -0.504395 1.000000 1.000000 1.000000 #0.913725
v -0.529541 1.078125 -0.420654 1.000000 1.000000 1.000000 #0.847059
v -0.451904 1.311523 -0.094238 1.000000 1.000000 1.000000 #0.925490
v -0.529541 1.078125 -0.420654 1.000000 1.000000 1.000000 #0.847059
v -0.354980 1.042725 -0.052246 1.000000 1.000000 1.000000 #1.000000
v -0.481201 1.712402 -0.194336 1.000000 1.000000 1.000000 #0.925490
v -0.557373 1.708740 -0.560303 1.000000 1.000000 1.000000 #0.913725
v -0.557861 1.266602 -0.504395 1.000000 1.000000 1.000000 #0.847059
v -0.481201 1.712402 -0.194336 1.000000 1.000000 1.000000 #0.925490
v -0.557861 1.266602 -0.504395 1.000000 1.000000 1.000000 #0.847059
v -0.451904 1.311523 -0.094238 1.000000 1.000000 1.000000 #1.000000
v -0.453125 2.244873 -0.375732 1.000000 1.000000 1.000000 #0.925490
v -0.514404 2.254639 -0.635010 1.000000 1.000000 1.000000 #0.913725
v -0.557373 1.708740 -0.560303 1.000000 1.000000 1.000000 #0.847059
v -0.453125 2.244873 -0.375732 1.000000 1.000000 1.000000 #0.925490
v -0.557373 1.708740 -0.560303 1.000000 1.000000 1.000000 #0.847059
v -0.481201 1.712402 -0.194336 1.000000 1.000000 1.000000 #1.000000
v -0.296631 2.846680 -0.395996 1.000000 1.000000 1.000000 #0.925490
v -0.424561 2.785889 -0.697510 1.000000 1.000000 1.000000 #0.913725
v -0.514404 2.254639 -0.635010 1.000000 1.000000 1.000000 #0.847059
v -0.296631 2.846680 -0.395996 1.000000 1.000000 1.000000 #0.925490
v -0.514404 2.254639 -0.635010 1.000000 1.000000 1.000000 #0.847059
v -0.453125 2.244873 -0.375732 1.000000 1.000000 1.000000 #1.000000
v 0.448975 1.757812 -0.190918 1.000000 1.000000 1.000000 #0.925490
v 0.526855 1.688721 -0.585449 1.000000 1.000000 1.000000 #0.913725
v 0.489258 2.246338 -0.614258 1.000000 1.000000 1.000000 #0.847059
v 0.448975 1.757812 -0.190918 1.000000 1.000000 1.000000 #0.925490
v 0.489258 2.246338 -0.614258 1.000000 1.000000 1.000000 #0.847059
v 0.370117 2.172119 -0.267334 1.000000 1.000000 1.000000 #1.000000
v 0.370117 2.172119 -0.267334 1.000000 1.000000 1.000000 #0.925490
v 0.489258 2.246338 -0.614258 1.000000 1.000000 1.000000 #0.913725
v 0.340820 2.858154 -0.592285 1.000000 1.000000 1.000000 #0.847059
v 0.370117 2.172119 -0.267334 1.000000 1.000000 1.000000 #0.925490
v 0.340820 2.858154 -0.592285 1.000000 1.000000 1.000000 #0.847059
v 0.093018 2.826416 -0.362305 1.000000 1.000000 1.000000 #1.000000
v 0.093018 2.826416 -0.362305 1.000000 1.000000 1.000000 #0.925490
v 0.340820 2.858154 -0.592285 1.000000 1.000000 1.000000 #0.913725
v 0.207031 3.463135 -0.576172 1.000000 1.000000 1.000000 #0.847059
v 0.093018 2.826416 -0.362305 1.000000 1.000000 1.000000 #0.925490
v 0.207031 3.463135 -0.576172 1.000000 1.000000 1.000000 #0.847059
v -0.036377 3.413086 -0.442383 1.000000 1.000000 1.000000 #1.000000
v 0.207031 3.463135 -0.576172 1.000000 1.000000 1.000000 #0.925490
v 0.310547 3.546387 -0.668945 1.000000 1.000000 1.000000 #0.913725
v 0.069336 4.188965 -0.516602 1.000000 1.000000 1.000000 #0.847059
v 0.496094 1.261475 -0.123779 1.000000 1.000000 1.000000 #0.925490
v 0.563965 1.147461 -0.470947 1.000000 1.000000 1.000000 #0.913725
v 0.526855 1.688721 -0.585449 1.000000 1.000000 1.000000 #0.847059
v 0.496094 1.261475 -0.123779 1.000000 1.000000 1.000000 #0.925490
v 0.526855 1.688721 -0.585449 1.000000 1.000000 1.000000 #0.847059
v 0.448975 1.757812 -0.190918 1.000000 1.000000 1.000000 #1.000000
v 0.273926 1.718262 0.041016 1.000000 1.000000 1.000000 #0.925490
v -0.097900 1.739014 0.141357 1.000000 1.000000 1.000000 #0.913725
v 0.195312 1.515625 0.192627 1.000000 1.000000 1.000000 #0.847059
v 0.034180 2.201660 -0.084717 1.000000 1.000000 1.000000 #0.925490
v -0.267334 2.253906 -0.151611 1.000000 1.000000 1.000000 #0.913725
v -0.097900 1.739014 0.141357 1.000000 1.000000 1.000000 #0.847059
v -0.296631 2.846680 -0.395996 1.000000 1.000000 1.000000 #0.925490
v -0.267334 2.253906 -0.151611 1.000000 1.000000 1.000000 #0.913725
v 0.034180 2.201660 -0.084717 1.000000 1.000000 1.000000 #0.847059
v -0.036377 3.413086 -0.442383 1.000000 1.000000 1.000000 #0.925490
v -0.268555 3.434326 -0.541016 1.000000 1.000000 1.000000 #0.913725
v -0.296631 2.846680 -0.395996 1.000000 1.000000 1.000000 #0.847059
v -0.036377 3.413086 -0.442383 1.000000 1.000000 1.000000 #0.925490
v -0.296631 2.846680 -0.395996 1.000000 1.000000 1.000000 #0.847059
v 0.093018 2.826416 -0.362305 1.000000 1.000000 1.000000 #1.000000
v -0.036377 3.413086 -0.442383 1.000000 1.000000 1.000000 #0.925490
v 0.207031 3.463135 -0.576172 1.000000 1.000000 1.000000 #0.913725
v 0.069336 4.188965 -0.516602 1.000000 1.000000 1.000000 #0.847059
v -0.036377 3.413086 -0.442383 1.000000 1.000000 1.000000 #0.925490
v 0.069336 4.188965 -0.516602 1.000000 1.000000 1.000000 #0.913725
v -0.185791 4.171143 -0.690918 1.000000 1.000000 1.000000 #0.847059
v 0.448975 1.757812 -0.190918 1.000000 1.000000 1.000000 #0.925490
v 0.351074 1.363037 0.074219 1.000000 1.000000 1.000000 #0.913725
v 0.496094 1.261475 -0.123779 1.000000 1.000000 1.000000 #0.847059
v 0.034180 2.201660 -0.084717 1.000000 1.000000 1.000000 #0.925490
v 0.370117 2.172119 -0.267334 1.000000 1.000000 1.000000 #0.913725
v 0.093018 2.826416 -0.362305 1.000000 1.000000 1.000000 #0.847059
v 0.034180 2.201660 -0.084717 1.000000 1.000000 1.000000 #0.925490
v 0.093018 2.826416 -0.362305 1.000000 1.000000 1.000000 #0.847059
v -0.296631 2.846680 -0.395996 1.000000 1.000000 1.000000 #1.000000
v 0.273926 1.718262 0.041016 1.000000 1.000000 1.000000 #0.925490
v 0.448975 1.757812 -0.190918 1.000000 1.000000 1.000000 #0.913725
v 0.370117 2.172119 -0.267334 1.000000 1.000000 1.000000 #0.847059
v 0.273926 1.718262 0.041016 1.000000 1.000000 1.000000 #0.925490
v 0.370117 2.172119 -0.267334 1.000000 1.000000 1.000000 #0.847059
v 0.034180 2.201660 -0.084717 1.000000 1.000000 1.000000 #1.000000
v 0.351074 1.363037 0.074219 1.000000 1.000000 1.000000 #0.925490
v 0.448975 1.757812 -0.190918 1.000000 1.000000 1.000000 #0.913725
v 0.273926 1.718262 0.041016 1.000000 1.000000 1.000000 #0.847059
v 0.195312 1.515625 0.192627 1.000000 1.000000 1.000000 #0.925490
v 0.351074 1.363037 0.074219 1.000000 1.000000 1.000000 #0.913725
v 0.273926 1.718262 0.041016 1.000000 1.000000 1.000000 #0.847059
v 0.318604 2.847900 -1.037842 1.000000 1.000000 1.000000 #0.925490
v 0.304199 3.018066 -0.815186 1.000000 1.000000 1.000000 #0.913725
v 0.200928 3.174561 -0.988281 1.000000 1.000000 1.000000 #0.847059
v 0.318604 2.847900 -1.037842 1.000000 1.000000 1.000000 #0.925490
v 0.200928 3.174561 -0.988281 1.000000 1.000000 1.000000 #0.847059
v 0.171387 2.995361 -1.157959 1.000000 1.000000 1.000000 #1.000000
v -0.074463 2.871094 -1.200195 1.000000 1.000000 1.000000 #0.925490
v 0.027588 2.847412 -1.244141 1.000000 1.000000 1.000000 #0.913725
v 0.100830 2.914307 -1.193848 1.000000 1.000000 1.000000 #0.847059
v -0.074463 2.871094 -1.200195 1.000000 1.000000 1.000000 #0.925490
v 0.100830 2.914307 -1.193848 1.000000 1.000000 1.000000 #0.847059
v 0.108154 2.984863 -1.122070 1.000000 1.000000 1.000000 #1.000000
v 0.358154 3.094727 -0.968018 1.000000 1.000000 1.000000 #0.925490
v 0.304199 3.018066 -0.815186 1.000000 1.000000 1.000000 #0.913725
v 0.318604 2.847900 -1.037842 1.000000 1.000000 1.000000 #0.847059
v 0.358154 3.094727 -0.968018 1.000000 1.000000 1.000000 #0.925490
v 0.318604 2.847900 -1.037842 1.000000 1.000000 1.000000 #0.847059
v 0.283203 2.848145 -1.144043 1.000000 1.000000 1.000000 #1.000000
v 0.300537 3.157959 -1.031982 1.000000 1.000000 1.000000 #0.925490
v 0.305664 3.604004 -0.769287 1.000000 1.000000 1.000000 #0.913725
v 0.310547 3.546387 -0.668945 1.000000 1.000000 1.000000 #0.847059
v 0.300537 3.157959 -1.031982 1.000000 1.000000 1.000000 #0.925490
v 0.310547 3.546387 -0.668945 1.000000 1.000000 1.000000 #0.847059
v 0.358154 3.094727 -0.968018 1.000000 1.000000 1.000000 #1.000000
v 0.200928 3.174561 -0.988281 1.000000 1.000000 1.000000 #0.925490
v 0.305664 3.604004 -0.769287 1.000000 1.000000 1.000000 #0.913725
v 0.300537 3.157959 -1.031982 1.000000 1.000000 1.000000 #0.847059
v -0.027100 3.195068 -1.084717 1.000000 1.000000 1.000000 #0.925490
v 0.108154 2.984863 -1.122070 1.000000 1.000000 1.000000 #0.913725
v 0.100830 2.914307 -1.193848 1.000000 1.000000 1.000000 #0.847059
v -0.027100 3.195068 -1.084717 1.000000 1.000000 1.000000 #0.925490
v 0.100830 2.914307 -1.193848 1.000000 1.000000 1.000000 #0.847059
v -0.061279 3.236572 -1.161133 1.000000 1.000000 1.000000 #1.000000
v -0.061279 3.236572 -1.161133 1.000000 1.000000 1.000000 #0.925490
v 0.100830 2.914307 -1.193848 1.000000 1.000000 1.000000 #0.913725
v 0.027588 2.847412 -1.244141 1.000000 1.000000 1.000000 #0.847059
v -0.061279 3.236572 -1.161133 1.000000 1.000000 1.000000 #0.925490
v 0.027588 2.847412 -1.244141 1.000000 1.000000 1.000000 #0.847059
v -0.165771 3.134277 -1.168945 1.000000 1.000000 1.000000 #1.000000
v -0.257080 3.120850 -1.046875 1.000000 1.000000 1.000000 #0.925490
v -0.257812 3.621338 -0.974121 1.000000 1.000000 1.000000 #0.913725
v -0.165771 3.134277 -1.168945 1.000000 1.000000 1.000000 #0.847059
v 0.207031 3.463135 -0.576172 1.000000 1.000000 1.000000 #0.925490
v 0.304199 3.018066 -0.815186 1.000000 1.000000 1.000000 #0.913725
v 0.358154 3.094727 -0.968018 1.000000 1.000000 1.000000 #0.847059
v -0.097900 1.739014 0.141357 1.000000 1.000000 1.000000 #0.925490
v 0.273926 1.718262 0.041016 1.000000 1.000000 1.000000 #0.913725
v 0.034180 2.201660 -0.084717 1.000000 1.000000 1.000000 #0.847059
v -0.267334 2.253906 -0.151611 1.000000 1.000000 1.000000 #0.925490
v -0.453125 2.244873 -0.375732 1.000000 1.000000 1.000000 #0.913725
v -0.481201 1.712402 -0.194336 1.000000 1.000000 1.000000 #0.847059
v -0.463135 0.886475 -0.980225 1.000000 1.000000 1.000000 #0.925490
v -0.401855 0.900879 -1.056885 1.000000 1.000000 1.000000 #0.913725
v -0.329834 0.900879 -1.056396 1.000000 1.000000 1.000000 #0.847059
v 0.255859 0.880371 -0.836914 1.000000 1.000000 1.000000 #0.925490
v 0.384277 0.925781 -1.007324 1.000000 1.000000 1.000000 #0.913725
v 0.550537 0.906494 -0.926270 1.000000 1.000000 1.000000 #0.847059
v -0.408691 0.896973 -0.697266 1.000000 1.000000 1.000000 #0.925490
v -0.463135 0.886475 -0.980225 1.000000 1.000000 1.000000 #0.913725
v -0.329834 0.900879 -1.056396 1.000000 1.000000 1.000000 #0.847059
v -0.408691 0.896973 -0.697266 1.000000 1.000000 1.000000 #0.925490
v -0.329834 0.900879 -1.056396 1.000000 1.000000 1.000000 #0.847059
v -0.216553 0.885986 -0.870361 1.000000 1.000000 1.000000 #1.000000
v -0.405762 0.938965 -0.382080 1.000000 1.000000 1.000000 #0.925490
v -0.408691 0.896973 -0.697266 1.000000 1.000000 1.000000 #0.913725
v -0.216553 0.885986 -0.870361 1.000000 1.000000 1.000000 #0.847059
v -0.405762 0.938965 -0.382080 1.000000 1.000000 1.000000 #0.925490
v -0.216553 0.885986 -0.870361 1.000000 1.000000 1.000000 #0.847059
v 0.057129 0.879639 -0.817627 1.000000 1.000000 1.000000 #1.000000
v 0.440430 0.897461 -0.360352 1.000000 1.000000 1.000000 #0.925490
v -0.405762 0.938965 -0.382080 1.000000 1.000000 1.000000 #0.913725
v 0.057129 0.879639 -0.817627 1.000000 1.000000 1.000000 #0.847059
v 0.440430 0.897461 -0.360352 1.000000 1.000000 1.000000 #0.925490
v 0.057129 0.879639 -0.817627 1.000000 1.000000 1.000000 #0.913725
v 0.255859 0.880371 -0.836914 1.000000 1.000000 1.000000 #0.847059
v 0.255859 0.880371 -0.836914 1.000000 1.000000 1.000000 #0.925490
v 0.550537 0.906494 -0.926270 1.000000 1.000000 1.000000 #0.913725
v 0.440430 0.897461 -0.360352 1.000000 1.000000 1.000000 #0.847059
v -0.505859 0.000000 0.691162 1.000000 1.000000 1.000000 #0.925490
v -1.239746 0.000000 -0.031738 1.000000 1.000000 1.000000 #0.913725
v 0.000000 0.000000 -0.556152 1.000000 1.000000 1.000000 #0.847059
v -1.239746 0.000000 -0.031738 1.000000 1.000000 1.000000 #0.925490
v -0.505859 0.000000 0.691162 1.000000 1.000000 1.000000 #0.913725
v -0.505859 0.909668 0.691162 1.000000 1.000000 1.000000 #0.847059
v -1.239746 0.000000 -0.031738 1.000000 1.000000 1.000000 #0.925490
v -0.505859 0.909668 0.691162 1.000000 1.000000 1.000000 #0.847059
v -1.239746 0.909668 -0.031738 1.000000 1.000000 1.000000 #1.000000
v -1.239746 0.909668 -0.031738 1.000000 1.000000 1.000000 #0.925490
v -0.505859 0.909668 0.691162 1.000000 1.000000 1.000000 #0.913725
v 0.000000 0.909668 -0.556152 1.000000 1.000000 1.000000 #0.847059
v 0.524170 0.000000 0.683594 1.000000 1.000000 1.000000 #0.925490
v -0.505859 0.000000 0.691162 1.000000 1.000000 1.000000 #0.913725
v 0.000000 0.000000 -0.556152 1.000000 1.000000 1.000000 #0.847059
v -0.505859 0.000000 0.691162 1.000000 1.000000 1.000000 #0.925490
v 0.524170 0.000000 0.683594 1.000000 1.000000 1.000000 #0.913725
v 0.524170 0.909668 0.683594 1.000000 1.000000 1.000000 #0.847059
v -0.505859 0.000000 0.691162 1.000000 1.000000 1.000000 #0.925490
v 0.524170 0.909668 0.683594 1.000000 1.000000 1.000000 #0.847059
v -0.505859 0.909668 0.691162 1.000000 1.000000 1.000000 #1.000000
v -0.505859 0.909668 0.691162 1.000000 1.000000 1.000000 #0.925490
v 0.524170 0.909668 0.683594 1.000000 1.000000 1.000000 #0.913725
v 0.000000 0.909668 -0.556152 1.000000 1.000000 1.000000 #0.847059
v 1.247314 0.000000 -0.050049 1.000000 1.000000 1.000000 #0.925490
v 0.524170 0.000000 0.683594 1.000000 1.000000 1.000000 #0.913725
v 0.000000 0.000000 -0.556152 1.000000 1.000000 1.000000 #0.847059
v 0.524170 0.000000 0.683594 1.000000 1.000000 1.000000 #0.925490
v 1.247314 0.000000 -0.050049 1.000000 1.000000 1.000000 #0.913725
v 1.247314 0.909668 -0.050049 1.000000 1.000000 1.000000 #0.847059
v 0.524170 0.000000 0.683594 1.000000 1.000000 1.000000 #0.925490
v 1.247314 0.909668 -0.050049 1.000000 1.000000 1.000000 #0.847059
v 0.524170 0.909668 0.683594 1.000000 1.000000 1.000000 #1.000000
v 0.524170 0.909668 0.683594 1.000000 1.000000 1.000000 #0.925490
v 1.247314 0.909668 -0.050049 1.000000 1.000000 1.000000 #0.913725
v 0.000000 0.909668 -0.556152 1.000000 1.000000 1.000000 #0.847059
v 1.239746 0.000000 -1.080322 1.000000 1.000000 1.000000 #0.925490
v 1.247314 0.000000 -0.050049 1.000000 1.000000 1.000000 #0.913725
v 0.000000 0.000000 -0.556152 1.000000 1.000000 1.000000 #0.847059
v 1.247314 0.000000 -0.050049 1.000000 1.000000 1.000000 #0.925490
v 1.239746 0.000000 -1.080322 1.000000 1.000000 1.000000 #0.913725
v 1.239746 0.909668 -1.080322 1.000000 1.000000 1.000000 #0.847059
v 1.247314 0.000000 -0.050049 1.000000 1.000000 1.000000 #0.925490
v 1.239746 0.909668 -1.080322 1.000000 1.000000 1.000000 #0.847059
v 1.247314 0.909668 -0.050049 1.000000 1.000000 1.000000 #1.000000
v 1.247314 0.909668 -0.050049 1.000000 1.000000 1.000000 #0.925490
v 1.239746 0.909668 -1.080322 1.000000 1.000000 1.000000 #0.913725
v 0.000000 0.909668 -0.556152 1.000000 1.000000 1.000000 #0.847059
v 0.505859 0.000000 -1.803467 1.000000 1.000000 1.000000 #0.925490
v 1.239746 0.000000 -1.080322 1.000000 1.000000 1.000000 #0.913725
v 0.000000 0.000000 -0.556152 1.000000 1.000000 1.000000 #0.847059
v 1.239746 0.000000 -1.080322 1.000000 1.000000 1.000000 #0.925490
v 0.505859 0.000000 -1.803467 1.000000 1.000000 1.000000 #0.913725
v 0.505859 0.909668 -1.803467 1.000000 1.000000 1.000000 #0.847059
v 1.239746 0.000000 -1.080322 1.000000 1.000000 1.000000 #0.925490
v 0.505859 0.909668 -1.803467 1.000000 1.000000 1.000000 #0.847059
v 1.239746 0.909668 -1.080322 1.000000 1.000000 1.000000 #1.000000
v 1.239746 0.909668 -1.080322 1.000000 1.000000 1.000000 #0.925490
v 0.505859 0.909668 -1.803467 1.000000 1.000000 1.000000 #0.913725
v 0.000000 0.909668 -0.556152 1.000000 1.000000 1.000000 #0.847059
v -0.524170 0.000000 -1.795898 1.000000 1.000000 1.000000 #0.925490
v 0.505859 0.000000 -1.803467 1.000000 1.000000 1.000000 #0.913725
v 0.000000 0.000000 -0.556152 1.000000 1.000000 1.000000 #0.847059
v 0.505859 0.000000 -1.803467 1.000000 1.000000 1.000000 #0.925490
v -0.524170 0.000000 -1.795898 1.000000 1.000000 1.000000 #0.913725
v -0.524170 0.909668 -1.795898 1.000000 1.000000 1.000000 #0.847059
v 0.505859 0.000000 -1.803467 1.000000 1.000000 1.000000 #0.925490
v -0.524170 0.909668 -1.795898 1.000000 1.000000 1.000000 #0.847059
v 0.505859 0.909668 -1.803467 1.000000 1.000000 1.000000 #1.000000
v 0.505859 0.909668 -1.803467 1.000000 1.000000 1.000000 #0.925490
v -0.524170 0.909668 -1.795898 1.000000 1.000000 1.000000 #0.913725
v 0.000000 0.909668 -0.556152 1.000000 1.000000 1.000000 #0.847059
v -1.247314 0.000000 -1.062012 1.000000 1.000000 1.000000 #0.925490
v -0.524170 0.000000 -1.795898 1.000000 1.000000 1.000000 #0.913725
v 0.000000 0.000000 -0.556152 1.000000 1.000000 1.000000 #0.847059
v -0.524170 0.000000 -1.795898 1.000000 1.000000 1.000000 #0.925490
v -1.247314 0.000000 -1.062012 1.000000 1.000000 1.000000 #0.913725
v -1.247314 0.909668 -1.062012 1.000000 1.000000 1.000000 #0.847059
v -0.524170 0.000000 -1.795898 1.000000 1.000000 1.000000 #0.925490
v -1.247314 0.909668 -1.062012 1.000000 1.000000 1.000000 #0.847059
v -0.524170 0.909668 -1.795898 1.000000 1.000000 1.000000 #1.000000
v -0.524170 0.909668 -1.795898 1.000000 1.000000 1.000000 #0.925490
v -1.247314 0.909668 -1.062012 1.000000 1.000000 1.000000 #0.913725
v 0.000000 0.909668 -0.556152 1.000000 1.000000 1.000000 #0.847059
v -1.239746 0.000000 -0.031738 1.000000 1.000000 1.000000 #0.925490
v -1.247314 0.000000 -1.062012 1.000000 1.000000 1.000000 #0.913725
v 0.000000 0.000000 -0.556152 1.000000 1.000000 1.000000 #0.847059
v -1.247314 0.000000 -1.062012 1.000000 1.000000 1.000000 #0.925490
v -1.239746 0.000000 -0.031738 1.000000 1.000000 1.000000 #0.913725
v -1.239746 0.909668 -0.031738 1.000000 1.000000 1.000000 #0.847059
v -1.247314 0.000000 -1.062012 1.000000 1.000000 1.000000 #0.925490
v -1.239746 0.909668 -0.031738 1.000000 1.000000 1.000000 #0.847059
v -1.247314 0.909668 -1.062012 1.000000 1.000000 1.000000 #1.000000
v -1.247314 0.909668 -1.062012 1.000000 1.000000 1.000000 #0.925490
v -1.239746 0.909668 -0.031738 1.000000 1.000000 1.000000 #0.913725
v 0.000000 0.909668 -0.556152 1.000000 1.000000 1.000000 #0.847059
vt 0.829590 0.576172 0.000000
vt 0.829102 0.649414 0.000000
vt 0.936035 0.613770 0.000000
vt 0.936035 0.613770 0.000000
vt 0.829102 0.649414 0.000000
vt 0.906250 0.676758 0.000000
vt 0.829590 0.576172 0.000000
vt 0.936035 0.613770 0.000000
vt 0.908691 0.577637 0.000000
vt 0.936035 0.613770 0.000000
vt 0.906250 0.676758 0.000000
vt 0.942383 0.670898 0.000000
vt 0.936035 0.613770 0.000000
vt 0.942383 0.670898 0.000000
vt 0.984863 0.618164 0.000000
vt 0.995605 0.712402 0.000000
vt 0.921875 0.727051 0.000000
vt 0.996094 0.830078 0.000000
vt 0.940918 0.699707 0.000000
vt 0.921875 0.727051 0.000000
vt 0.995605 0.712402 0.000000
vt 0.940918 0.699707 0.000000
vt 0.995605 0.712402 0.000000
vt 0.990723 0.667969 0.000000
vt 0.940918 0.699707 0.000000
vt 0.990723 0.667969 0.000000
vt 0.942383 0.670898 0.000000
vt 0.940918 0.699707 0.000000
vt 0.942383 0.670898 0.000000
vt 0.906250 0.676758 0.000000
vt 0.940918 0.699707 0.000000
vt 0.906250 0.676758 0.000000
vt 0.921875 0.727051 0.000000
vt 0.942383 0.670898 0.000000
vt 0.990723 0.667969 0.000000
vt 0.984863 0.618164 0.000000
vt 0.906250 0.676758 0.000000
vt 0.829102 0.649414 0.000000
vt 0.921875 0.727051 0.000000
vt 0.835938 0.737793 0.000000
vt 0.921875 0.727051 0.000000
vt 0.829102 0.649414 0.000000
vt 0.996094 0.830078 0.000000
vt 0.921875 0.727051 0.000000
vt 0.835938 0.737793 0.000000
vt 0.835938 0.737793 0.000000
vt 0.867676 0.883301 0.000000
vt 0.996094 0.830078 0.000000
vt 0.712402 0.713867 0.000000
vt 0.835938 0.737793 0.000000
vt 0.829102 0.649414 0.000000
vt 0.970703 0.910156 0.000000
vt 0.867676 0.883301 0.000000
vt 0.852051 0.942383 0.000000
vt 0.970703 0.910156 0.000000
vt 0.852051 0.942383 0.000000
vt 0.933105 0.961914 0.000000
vt 0.933105 0.961914 0.000000
vt 0.852051 0.942383 0.000000
vt 0.832520 0.965820 0.000000
vt 0.940918 0.699707 0.000000
vt 0.995605 0.712402 0.000000
vt 0.921875 0.727051 0.000000
vt 0.940918 0.699707 0.000000
vt 0.921875 0.727051 0.000000
vt 0.906250 0.676758 0.000000
vt 0.995605 0.712402 0.000000
vt 0.940918 0.699707 0.000000
vt 0.990723 0.667969 0.000000
vt 0.940918 0.699707 0.000000
vt 0.906250 0.676758 0.000000
vt 0.942383 0.670898 0.000000
vt 0.990723 0.667969 0.000000
vt 0.940918 0.699707 0.000000
vt 0.942383 0.670898 0.000000
vt 0.921875 0.727051 0.000000
vt 0.995605 0.712402 0.000000
vt 0.982910 0.729004 0.000000
vt 0.942383 0.670898 0.000000
vt 0.906250 0.676758 0.000000
vt 0.936035 0.613770 0.000000
vt 0.942383 0.670898 0.000000
vt 0.984863 0.618164 0.000000
vt 0.990723 0.667969 0.000000
vt 0.936035 0.613770 0.000000
vt 0.984863 0.618164 0.000000
vt 0.942383 0.670898 0.000000
vt 0.933105 0.961914 0.000000
vt 0.893555 0.994629 0.000000
vt 0.994629 0.996094 0.000000
vt 0.829102 0.649414 0.000000
vt 0.829590 0.576172 0.000000
vt 0.936035 0.613770 0.000000
vt 0.829102 0.649414 0.000000
vt 0.936035 0.613770 0.000000
vt 0.906250 0.676758 0.000000
vt 0.936035 0.613770 0.000000
vt 0.829590 0.576172 0.000000
vt 0.908691 0.577637 0.000000
vt 0.829102 0.649414 0.000000
vt 0.906250 0.676758 0.000000
vt 0.921875 0.727051 0.000000
vt 0.933105 0.961914 0.000000
vt 0.832520 0.965820 0.000000
vt 0.893555 0.994629 0.000000
vt 0.829590 0.576172 0.000000
vt 0.829102 0.649414 0.000000
vt 0.717773 0.673340 0.000000
vt 0.829590 0.576172 0.000000
vt 0.717773 0.673340 0.000000
vt 0.720703 0.574707 0.000000
vt 0.598633 0.631836 0.000000
vt 0.583496 0.758301 0.000000
vt 0.717773 0.673340 0.000000
vt 0.598633 0.631836 0.000000
vt 0.717773 0.673340 0.000000
vt 0.720703 0.574707 0.000000
vt 0.717773 0.673340 0.000000
vt 0.583496 0.758301 0.000000
vt 0.712402 0.713867 0.000000
vt 0.996094 0.830078 0.000000
vt 0.867676 0.883301 0.000000
vt 0.970703 0.910156 0.000000
vt 0.720703 0.574707 0.000000
vt 0.717773 0.673340 0.000000
vt 0.829590 0.576172 0.000000
vt 0.717773 0.673340 0.000000
vt 0.829102 0.649414 0.000000
vt 0.829590 0.576172 0.000000
vt 0.717773 0.673340 0.000000
vt 0.712402 0.713867 0.000000
vt 0.829102 0.649414 0.000000
vt 0.058105 0.678711 0.000000
vt 0.126953 0.734863 0.000000
vt 0.076172 0.638672 0.000000
vt 0.058105 0.678711 0.000000
vt 0.076172 0.638672 0.000000
vt 0.039062 0.632324 0.000000
vt 0.058105 0.678711 0.000000
vt 0.073730 0.703125 0.000000
vt 0.104004 0.717773 0.000000
vt 0.058105 0.678711 0.000000
vt 0.104004 0.717773 0.000000
vt 0.126953 0.734863 0.000000
vt 0.073730 0.703125 0.000000
vt 0.058105 0.678711 0.000000
vt 0.049316 0.714355 0.000000
vt 0.058105 0.678711 0.000000
vt 0.013184 0.732422 0.000000
vt 0.026367 0.750000 0.000000
vt 0.058105 0.678711 0.000000
vt 0.026367 0.750000 0.000000
vt 0.040039 0.741211 0.000000
vt 0.058105 0.678711 0.000000
vt 0.040039 0.741211 0.000000
vt 0.049316 0.714355 0.000000
vt 0.001953 0.732422 0.000000
vt 0.004395 0.743164 0.000000
vt 0.026367 0.750000 0.000000
vt 0.001953 0.732422 0.000000
vt 0.026367 0.750000 0.000000
vt 0.013184 0.732422 0.000000
vt 0.058105 0.678711 0.000000
vt 0.019043 0.650391 0.000000
vt 0.013184 0.732422 0.000000
vt 0.058105 0.678711 0.000000
vt 0.039062 0.632324 0.000000
vt 0.019043 0.650391 0.000000
vt 0.001953 0.732422 0.000000
vt 0.026367 0.750000 0.000000
vt 0.004395 0.743164 0.000000
vt 0.076172 0.638672 0.000000
vt 0.126953 0.734863 0.000000
vt 0.157227 0.661621 0.000000
vt 0.172363 0.583008 0.000000
vt 0.076172 0.638672 0.000000
vt 0.085938 0.578613 0.000000
vt 0.076172 0.638672 0.000000
vt 0.026367 0.573242 0.000000
vt 0.085938 0.578613 0.000000
vt 0.172363 0.583008 0.000000
vt 0.157227 0.661621 0.000000
vt 0.076172 0.638672 0.000000
vt 0.076172 0.638672 0.000000
vt 0.085938 0.578613 0.000000
vt 0.026367 0.573242 0.000000
vt 0.019043 0.650391 0.000000
vt 0.039062 0.632324 0.000000
vt 0.026367 0.573242 0.000000
vt 0.013184 0.732422 0.000000
vt 0.058105 0.678711 0.000000
vt 0.026367 0.750000 0.000000
vt 0.013184 0.732422 0.000000
vt 0.026367 0.750000 0.000000
vt 0.001953 0.732422 0.000000
vt 0.019043 0.650391 0.000000
vt 0.076172 0.638672 0.000000
vt 0.058105 0.678711 0.000000
vt 0.019043 0.650391 0.000000
vt 0.058105 0.678711 0.000000
vt 0.013184 0.732422 0.000000
vt 0.026367 0.573242 0.000000
vt 0.019043 0.650391 0.000000
vt 0.002441 0.574707 0.000000
vt 0.026367 0.573242 0.000000
vt 0.039062 0.632324 0.000000
vt 0.019043 0.650391 0.000000
vt 0.076172 0.638672 0.000000
vt 0.019043 0.650391 0.000000
vt 0.039062 0.632324 0.000000
vt 0.076172 0.638672 0.000000
vt 0.039062 0.632324 0.000000
vt 0.026367 0.573242 0.000000
vt 0.019043 0.650391 0.000000
vt 0.013184 0.732422 0.000000
vt 0.002441 0.574707 0.000000
vt 0.002441 0.574707 0.000000
vt 0.013184 0.732422 0.000000
vt 0.001953 0.732422 0.000000
vt 0.019043 0.650391 0.000000
vt 0.026367 0.573242 0.000000
vt 0.002441 0.574707 0.000000
vt 0.076172 0.638672 0.000000
vt 0.026367 0.573242 0.000000
vt 0.039062 0.632324 0.000000
vt 0.001953 0.732422 0.000000
vt 0.013184 0.732422 0.000000
vt 0.002441 0.574707 0.000000
vt 0.002441 0.574707 0.000000
vt 0.013184 0.732422 0.000000
vt 0.019043 0.650391 0.000000
vt 0.058105 0.678711 0.000000
vt 0.076172 0.638672 0.000000
vt 0.126953 0.734863 0.000000
vt 0.126953 0.734863 0.000000
vt 0.076172 0.638672 0.000000
vt 0.157227 0.661621 0.000000
vt 0.220215 0.994629 0.000000
vt 0.337402 0.992676 0.000000
vt 0.363770 0.897949 0.000000
vt 0.715332 0.993652 0.000000
vt 0.802246 0.994141 0.000000
vt 0.832520 0.965820 0.000000
vt 0.075684 0.874023 0.000000
vt 0.106445 0.883789 0.000000
vt 0.095215 0.867188 0.000000
vt 0.075684 0.874023 0.000000
vt 0.095215 0.867188 0.000000
vt 0.058105 0.824219 0.000000
vt 0.106445 0.883789 0.000000
vt 0.116211 0.816895 0.000000
vt 0.106445 0.855957 0.000000
vt 0.106445 0.883789 0.000000
vt 0.106445 0.855957 0.000000
vt 0.095215 0.867188 0.000000
vt 0.058105 0.824219 0.000000
vt 0.095215 0.867188 0.000000
vt 0.106445 0.855957 0.000000
vt 0.058105 0.824219 0.000000
vt 0.106445 0.855957 0.000000
vt 0.116211 0.816895 0.000000
vt 0.113770 0.750000 0.000000
vt 0.100586 0.780762 0.000000
vt 0.116211 0.816895 0.000000
vt 0.113770 0.750000 0.000000
vt 0.116211 0.816895 0.000000
vt 0.126953 0.734863 0.000000
vt 0.026367 0.750000 0.000000
vt 0.046875 0.871582 0.000000
vt 0.058105 0.824219 0.000000
vt 0.066895 0.785156 0.000000
vt 0.047852 0.773438 0.000000
vt 0.058105 0.824219 0.000000
vt 0.126953 0.734863 0.000000
vt 0.116211 0.816895 0.000000
vt 0.157227 0.661621 0.000000
vt 0.058105 0.824219 0.000000
vt 0.047852 0.773438 0.000000
vt 0.026367 0.750000 0.000000
vt 0.066895 0.785156 0.000000
vt 0.058105 0.824219 0.000000
vt 0.100586 0.780762 0.000000
vt 0.100586 0.780762 0.000000
vt 0.058105 0.824219 0.000000
vt 0.116211 0.816895 0.000000
vt 0.058105 0.824219 0.000000
vt 0.046875 0.871582 0.000000
vt 0.075684 0.874023 0.000000
vt 0.046875 0.871582 0.000000
vt 0.048828 0.942871 0.000000
vt 0.106445 0.883789 0.000000
vt 0.106445 0.883789 0.000000
vt 0.048828 0.942871 0.000000
vt 0.110840 0.946777 0.000000
vt 0.046875 0.871582 0.000000
vt 0.106445 0.883789 0.000000
vt 0.075684 0.874023 0.000000
vt 0.157227 0.661621 0.000000
vt 0.116211 0.816895 0.000000
vt 0.221680 0.744141 0.000000
vt 0.106445 0.883789 0.000000
vt 0.110840 0.946777 0.000000
vt 0.159668 0.891113 0.000000
vt 0.221680 0.744141 0.000000
vt 0.116211 0.816895 0.000000
vt 0.106445 0.883789 0.000000
vt 0.221680 0.744141 0.000000
vt 0.106445 0.883789 0.000000
vt 0.159668 0.891113 0.000000
vt 0.576172 0.379395 0.000000
vt 0.541016 0.374023 0.000000
vt 0.512695 0.507812 0.000000
vt 0.576172 0.379395 0.000000
vt 0.512695 0.507812 0.000000
vt 0.586914 0.532227 0.000000
vt 0.157227 0.661621 0.000000
vt 0.221680 0.744141 0.000000
vt 0.206543 0.684570 0.000000
vt 0.206543 0.684570 0.000000
vt 0.221680 0.744141 0.000000
vt 0.251953 0.681152 0.000000
vt 0.251953 0.681152 0.000000
vt 0.221680 0.744141 0.000000
vt 0.269043 0.736328 0.000000
vt 0.269043 0.736328 0.000000
vt 0.221680 0.744141 0.000000
vt 0.159668 0.891113 0.000000
vt 0.251953 0.681152 0.000000
vt 0.269043 0.736328 0.000000
vt 0.293945 0.689941 0.000000
vt 0.519531 0.381348 0.000000
vt 0.512695 0.507812 0.000000
vt 0.541016 0.374023 0.000000
vt 0.220215 0.994629 0.000000
vt 0.227539 0.887695 0.000000
vt 0.110840 0.946777 0.000000
vt 0.227539 0.887695 0.000000
vt 0.269043 0.736328 0.000000
vt 0.159668 0.891113 0.000000
vt 0.110840 0.946777 0.000000
vt 0.227539 0.887695 0.000000
vt 0.159668 0.891113 0.000000
vt 0.583496 0.758301 0.000000
vt 0.598633 0.631836 0.000000
vt 0.506348 0.719727 0.000000
vt 0.583496 0.758301 0.000000
vt 0.506348 0.719727 0.000000
vt 0.482910 0.789551 0.000000
vt 0.233887 0.546387 0.000000
vt 0.234863 0.495117 0.000000
vt 0.375977 0.503906 0.000000
vt 0.375977 0.503906 0.000000
vt 0.233887 0.546387 0.000000
vt 0.375000 0.550781 0.000000
vt 0.375977 0.503906 0.000000
vt 0.460938 0.508301 0.000000
vt 0.455566 0.541992 0.000000
vt 0.375977 0.503906 0.000000
vt 0.234863 0.495117 0.000000
vt 0.375000 0.550781 0.000000
vt 0.375977 0.503906 0.000000
vt 0.375000 0.550781 0.000000
vt 0.455566 0.541992 0.000000
vt 0.455566 0.541992 0.000000
vt 0.460938 0.508301 0.000000
vt 0.493652 0.508301 0.000000
vt 0.493652 0.508301 0.000000
vt 0.462891 0.461426 0.000000
vt 0.460938 0.508301 0.000000
vt 0.377441 0.460449 0.000000
vt 0.375977 0.503906 0.000000
vt 0.460938 0.508301 0.000000
vt 0.375977 0.503906 0.000000
vt 0.455566 0.541992 0.000000
vt 0.460938 0.508301 0.000000
vt 0.493652 0.508301 0.000000
vt 0.460938 0.508301 0.000000
vt 0.455566 0.541992 0.000000
vt 0.460938 0.508301 0.000000
vt 0.375977 0.503906 0.000000
vt 0.375000 0.550781 0.000000
vt 0.493652 0.508301 0.000000
vt 0.460938 0.508301 0.000000
vt 0.462891 0.461426 0.000000
vt 0.234863 0.495117 0.000000
vt 0.142090 0.462891 0.000000
vt 0.140137 0.507324 0.000000
vt 0.233887 0.546387 0.000000
vt 0.234863 0.495117 0.000000
vt 0.140137 0.507324 0.000000
vt 0.375977 0.503906 0.000000
vt 0.377441 0.460449 0.000000
vt 0.460938 0.508301 0.000000
vt 0.140137 0.507324 0.000000
vt 0.234863 0.495117 0.000000
vt 0.233887 0.546387 0.000000
vt 0.140137 0.507324 0.000000
vt 0.233887 0.546387 0.000000
vt 0.140137 0.541016 0.000000
vt 0.234863 0.495117 0.000000
vt 0.140137 0.507324 0.000000
vt 0.142090 0.462891 0.000000
vt 0.234863 0.495117 0.000000
vt 0.377441 0.460449 0.000000
vt 0.375977 0.503906 0.000000
vt 0.460938 0.508301 0.000000
vt 0.377441 0.460449 0.000000
vt 0.462891 0.461426 0.000000
vt 0.234863 0.495117 0.000000
vt 0.142090 0.462891 0.000000
vt 0.377441 0.460449 0.000000
vt 0.375977 0.503906 0.000000
vt 0.377441 0.460449 0.000000
vt 0.234863 0.495117 0.000000
vt 0.375977 0.503906 0.000000
vt 0.234863 0.495117 0.000000
vt 0.233887 0.546387 0.000000
vt 0.140137 0.541016 0.000000
vt 0.233887 0.546387 0.000000
vt 0.140137 0.507324 0.000000
vt 0.377441 0.460449 0.000000
vt 0.460938 0.508301 0.000000
vt 0.462891 0.461426 0.000000
vt 0.832520 0.965820 0.000000
vt 0.802246 0.994141 0.000000
vt 0.715332 0.993652 0.000000
vt 0.893555 0.994629 0.000000
vt 0.832520 0.965820 0.000000
vt 0.933105 0.961914 0.000000
vt 0.220215 0.994629 0.000000
vt 0.110840 0.946777 0.000000
vt 0.227539 0.887695 0.000000
vt 0.220215 0.994629 0.000000
vt 0.004883 0.996582 0.000000
vt 0.110840 0.946777 0.000000
vt 0.172363 0.583008 0.000000
vt 0.157227 0.661621 0.000000
vt 0.210449 0.585449 0.000000
vt 0.210449 0.585449 0.000000
vt 0.157227 0.661621 0.000000
vt 0.206543 0.684570 0.000000
vt 0.017090 0.470703 0.000000
vt 0.043457 0.452637 0.000000
vt 0.037598 0.490234 0.000000
vt 0.104004 0.717773 0.000000
vt 0.113770 0.750000 0.000000
vt 0.126953 0.734863 0.000000
vt 0.037598 0.490234 0.000000
vt 0.043457 0.452637 0.000000
vt 0.078613 0.452637 0.000000
vt 0.099609 0.469727 0.000000
vt 0.079590 0.517578 0.000000
vt 0.078613 0.475098 0.000000
vt 0.099609 0.469727 0.000000
vt 0.078613 0.475098 0.000000
vt 0.078613 0.452637 0.000000
vt 0.037598 0.490234 0.000000
vt 0.078613 0.452637 0.000000
vt 0.078613 0.475098 0.000000
vt 0.039062 0.515625 0.000000
vt 0.037598 0.490234 0.000000
vt 0.078613 0.475098 0.000000
vt 0.039062 0.515625 0.000000
vt 0.078613 0.475098 0.000000
vt 0.079590 0.517578 0.000000
vt 0.039062 0.515625 0.000000
vt 0.079590 0.517578 0.000000
vt 0.040527 0.538086 0.000000
vt 0.039062 0.515625 0.000000
vt 0.040527 0.538086 0.000000
vt 0.017090 0.517090 0.000000
vt 0.039062 0.515625 0.000000
vt 0.017090 0.517090 0.000000
vt 0.037598 0.490234 0.000000
vt 0.037598 0.490234 0.000000
vt 0.017090 0.517090 0.000000
vt 0.017090 0.470703 0.000000
vt 0.097656 0.516113 0.000000
vt 0.089355 0.533203 0.000000
vt 0.079590 0.517578 0.000000
vt 0.097656 0.516113 0.000000
vt 0.079590 0.517578 0.000000
vt 0.099609 0.469727 0.000000
vt 0.079590 0.517578 0.000000
vt 0.089355 0.533203 0.000000
vt 0.040527 0.538086 0.000000
vt 0.302246 0.579102 0.000000
vt 0.257324 0.586914 0.000000
vt 0.293945 0.689941 0.000000
vt 0.302246 0.579102 0.000000
vt 0.293945 0.689941 0.000000
vt 0.354492 0.611816 0.000000
vt 0.293945 0.689941 0.000000
vt 0.257324 0.586914 0.000000
vt 0.251953 0.681152 0.000000
vt 0.251953 0.681152 0.000000
vt 0.257324 0.586914 0.000000
vt 0.210449 0.585449 0.000000
vt 0.047852 0.773438 0.000000
vt 0.040039 0.741211 0.000000
vt 0.026367 0.750000 0.000000
vt 0.046875 0.871582 0.000000
vt 0.026367 0.750000 0.000000
vt 0.003906 0.839355 0.000000
vt 0.003906 0.839355 0.000000
vt 0.026367 0.750000 0.000000
vt 0.004395 0.743164 0.000000
vt 0.048828 0.942871 0.000000
vt 0.046875 0.871582 0.000000
vt 0.004883 0.940918 0.000000
vt 0.004883 0.940918 0.000000
vt 0.046875 0.871582 0.000000
vt 0.003906 0.839355 0.000000
vt 0.251953 0.681152 0.000000
vt 0.210449 0.585449 0.000000
vt 0.206543 0.684570 0.000000
vt 0.047852 0.773438 0.000000
vt 0.058105 0.824219 0.000000
vt 0.026367 0.750000 0.000000
vt 0.047852 0.773438 0.000000
vt 0.026367 0.750000 0.000000
vt 0.040039 0.741211 0.000000
vt 0.040039 0.741211 0.000000
vt 0.026367 0.750000 0.000000
vt 0.058105 0.678711 0.000000
vt 0.046875 0.871582 0.000000
vt 0.003906 0.839355 0.000000
vt 0.026367 0.750000 0.000000
vt 0.046875 0.871582 0.000000
vt 0.026367 0.750000 0.000000
vt 0.058105 0.824219 0.000000
vt 0.026367 0.750000 0.000000
vt 0.003906 0.839355 0.000000
vt 0.004395 0.743164 0.000000
vt 0.058105 0.824219 0.000000
vt 0.066895 0.785156 0.000000
vt 0.100586 0.780762 0.000000
vt 0.066895 0.785156 0.000000
vt 0.058105 0.824219 0.000000
vt 0.047852 0.773438 0.000000
vt 0.058105 0.824219 0.000000
vt 0.100586 0.780762 0.000000
vt 0.116211 0.816895 0.000000
vt 0.078613 0.475098 0.000000
vt 0.078613 0.452637 0.000000
vt 0.037598 0.490234 0.000000
vt 0.079590 0.517578 0.000000
vt 0.078613 0.475098 0.000000
vt 0.039062 0.515625 0.000000
vt 0.079590 0.517578 0.000000
vt 0.039062 0.515625 0.000000
vt 0.040527 0.538086 0.000000
vt 0.037598 0.490234 0.000000
vt 0.078613 0.452637 0.000000
vt 0.043457 0.452637 0.000000
vt 0.039062 0.515625 0.000000
vt 0.078613 0.475098 0.000000
vt 0.037598 0.490234 0.000000
vt 0.040527 0.538086 0.000000
vt 0.039062 0.515625 0.000000
vt 0.017090 0.517090 0.000000
vt 0.037598 0.490234 0.000000
vt 0.017090 0.517090 0.000000
vt 0.039062 0.515625 0.000000
vt 0.043457 0.452637 0.000000
vt 0.017090 0.470703 0.000000
vt 0.037598 0.490234 0.000000
vt 0.017090 0.517090 0.000000
vt 0.037598 0.490234 0.000000
vt 0.017090 0.470703 0.000000
vt 0.089355 0.533203 0.000000
vt 0.097656 0.516113 0.000000
vt 0.079590 0.517578 0.000000
vt 0.089355 0.533203 0.000000
vt 0.079590 0.517578 0.000000
vt 0.040527 0.538086 0.000000
vt 0.078613 0.475098 0.000000
vt 0.079590 0.517578 0.000000
vt 0.099609 0.469727 0.000000
vt 0.078613 0.475098 0.000000
vt 0.099609 0.469727 0.000000
vt 0.078613 0.452637 0.000000
vt 0.126953 0.734863 0.000000
vt 0.116211 0.816895 0.000000
vt 0.113770 0.750000 0.000000
vt 0.079590 0.517578 0.000000
vt 0.097656 0.516113 0.000000
vt 0.099609 0.469727 0.000000
vt 0.126953 0.734863 0.000000
vt 0.113770 0.750000 0.000000
vt 0.104004 0.717773 0.000000
vt 0.113770 0.750000 0.000000
vt 0.116211 0.816895 0.000000
vt 0.100586 0.780762 0.000000
vt 0.073730 0.703125 0.000000
vt 0.049316 0.714355 0.000000
vt 0.058105 0.678711 0.000000
vt 0.116211 0.816895 0.000000
vt 0.126953 0.734863 0.000000
vt 0.157227 0.661621 0.000000
vt 0.058105 0.678711 0.000000
vt 0.126953 0.734863 0.000000
vt 0.104004 0.717773 0.000000
vt 0.073730 0.703125 0.000000
vt 0.058105 0.678711 0.000000
vt 0.104004 0.717773 0.000000
vt 0.210449 0.585449 0.000000
vt 0.206543 0.684570 0.000000
vt 0.157227 0.661621 0.000000
vt 0.210449 0.585449 0.000000
vt 0.157227 0.661621 0.000000
vt 0.172363 0.583008 0.000000
vt 0.040039 0.741211 0.000000
vt 0.058105 0.678711 0.000000
vt 0.049316 0.714355 0.000000
vt 0.206543 0.684570 0.000000
vt 0.210449 0.585449 0.000000
vt 0.251953 0.681152 0.000000
vt 0.251953 0.681152 0.000000
vt 0.210449 0.585449 0.000000
vt 0.257324 0.586914 0.000000
vt 0.046875 0.871582 0.000000
vt 0.048828 0.942871 0.000000
vt 0.004883 0.940918 0.000000
vt 0.251953 0.681152 0.000000
vt 0.257324 0.586914 0.000000
vt 0.293945 0.689941 0.000000
vt 0.293945 0.689941 0.000000
vt 0.257324 0.586914 0.000000
vt 0.302246 0.579102 0.000000
vt 0.598633 0.631836 0.000000
vt 0.572754 0.755859 0.000000
vt 0.478027 0.760742 0.000000
vt 0.982910 0.729004 0.000000
vt 0.996094 0.830078 0.000000
vt 0.921875 0.727051 0.000000
vt 0.829102 0.649414 0.000000
vt 0.921875 0.727051 0.000000
vt 0.835938 0.737793 0.000000
vt 0.712402 0.729980 0.000000
vt 0.717773 0.673340 0.000000
vt 0.835938 0.737793 0.000000
vt 0.717773 0.673340 0.000000
vt 0.712402 0.729980 0.000000
vt 0.572754 0.755859 0.000000
vt 0.835938 0.737793 0.000000
vt 0.717773 0.673340 0.000000
vt 0.829102 0.649414 0.000000
vt 0.717773 0.673340 0.000000
vt 0.572754 0.755859 0.000000
vt 0.598633 0.631836 0.000000
vt 0.717773 0.673340 0.000000
vt 0.598633 0.631836 0.000000
vt 0.720703 0.574707 0.000000
vt 0.157227 0.661621 0.000000
vt 0.206543 0.684570 0.000000
vt 0.221680 0.744141 0.000000
vt 0.157227 0.661621 0.000000
vt 0.221680 0.744141 0.000000
vt 0.116211 0.816895 0.000000
vt 0.293945 0.689941 0.000000
vt 0.302246 0.579102 0.000000
vt 0.354492 0.611816 0.000000
vt 0.354492 0.611816 0.000000
vt 0.302246 0.579102 0.000000
vt 0.396484 0.577148 0.000000
vt 0.227539 0.887695 0.000000
vt 0.269043 0.736328 0.000000
vt 0.320312 0.722168 0.000000
vt 0.607422 0.548340 0.000000
vt 0.520508 0.458496 0.000000
vt 0.607422 0.457031 0.000000
vt 0.320312 0.722168 0.000000
vt 0.269043 0.736328 0.000000
vt 0.293945 0.689941 0.000000
vt 0.110840 0.946777 0.000000
vt 0.004883 0.996582 0.000000
vt 0.048828 0.942871 0.000000
vt 0.048828 0.942871 0.000000
vt 0.004883 0.996582 0.000000
vt 0.004883 0.940918 0.000000
vt 0.110840 0.946777 0.000000
vt 0.048828 0.942871 0.000000
vt 0.004883 0.996582 0.000000
vt 0.048828 0.942871 0.000000
vt 0.004883 0.940918 0.000000
vt 0.004883 0.996582 0.000000
vt 0.482910 0.789551 0.000000
vt 0.506348 0.719727 0.000000
vt 0.450684 0.743164 0.000000
vt 0.058105 0.824219 0.000000
vt 0.095215 0.867188 0.000000
vt 0.075684 0.874023 0.000000
vt 0.075684 0.874023 0.000000
vt 0.095215 0.867188 0.000000
vt 0.106445 0.883789 0.000000
vt 0.058105 0.824219 0.000000
vt 0.075684 0.874023 0.000000
vt 0.046875 0.871582 0.000000
vt 0.075684 0.874023 0.000000
vt 0.106445 0.883789 0.000000
vt 0.046875 0.871582 0.000000
vt 0.046875 0.871582 0.000000
vt 0.106445 0.883789 0.000000
vt 0.048828 0.942871 0.000000
vt 0.116211 0.816895 0.000000
vt 0.106445 0.883789 0.000000
vt 0.106445 0.855957 0.000000
vt 0.106445 0.855957 0.000000
vt 0.106445 0.883789 0.000000
vt 0.095215 0.867188 0.000000
vt 0.095215 0.867188 0.000000
vt 0.058105 0.824219 0.000000
vt 0.106445 0.855957 0.000000
vt 0.106445 0.855957 0.000000
vt 0.058105 0.824219 0.000000
vt 0.116211 0.816895 0.000000
vt 0.048828 0.942871 0.000000
vt 0.106445 0.883789 0.000000
vt 0.159668 0.891113 0.000000
vt 0.106445 0.883789 0.000000
vt 0.116211 0.816895 0.000000
vt 0.221680 0.744141 0.000000
vt 0.159668 0.891113 0.000000
vt 0.106445 0.883789 0.000000
vt 0.221680 0.744141 0.000000
vt 0.221680 0.744141 0.000000
vt 0.206543 0.684570 0.000000
vt 0.251953 0.681152 0.000000
vt 0.221680 0.744141 0.000000
vt 0.251953 0.681152 0.000000
vt 0.269043 0.736328 0.000000
vt 0.159668 0.891113 0.000000
vt 0.221680 0.744141 0.000000
vt 0.269043 0.736328 0.000000
vt 0.269043 0.736328 0.000000
vt 0.251953 0.681152 0.000000
vt 0.293945 0.689941 0.000000
vt 0.159668 0.891113 0.000000
vt 0.269043 0.736328 0.000000
vt 0.227539 0.887695 0.000000
vt 0.227539 0.887695 0.000000
vt 0.110840 0.946777 0.000000
vt 0.159668 0.891113 0.000000
vt 0.302246 0.579102 0.000000
vt 0.354492 0.611816 0.000000
vt 0.396484 0.577148 0.000000
vt 0.450684 0.743164 0.000000
vt 0.387207 0.812988 0.000000
vt 0.482910 0.789551 0.000000
vt 0.142090 0.462891 0.000000
vt 0.234863 0.495117 0.000000
vt 0.377441 0.460449 0.000000
vt 0.155762 0.528809 0.000000
vt 0.172852 0.535156 0.000000
vt 0.214355 0.526855 0.000000
vt 0.970703 0.910156 0.000000
vt 0.933105 0.961914 0.000000
vt 0.994629 0.996094 0.000000
vt 0.970703 0.910156 0.000000
vt 0.994629 0.996094 0.000000
vt 0.996094 0.939453 0.000000
vt 0.996094 0.830078 0.000000
vt 0.970703 0.910156 0.000000
vt 0.996094 0.939453 0.000000
vt 0.996094 0.830078 0.000000
vt 0.996094 0.939453 0.000000
vt 0.995605 0.889648 0.000000
vt 0.598633 0.631836 0.000000
vt 0.720703 0.574707 0.000000
vt 0.600586 0.687500 0.000000
vt 0.159668 0.891113 0.000000
vt 0.110840 0.946777 0.000000
vt 0.048828 0.942871 0.000000
vt 0.076172 0.638672 0.000000
vt 0.157227 0.661621 0.000000
vt 0.172363 0.583008 0.000000
vt 0.004883 0.940918 0.000000
vt 0.003906 0.839355 0.000000
vt 0.046875 0.871582 0.000000
vt 0.085938 0.578613 0.000000
vt 0.076172 0.638672 0.000000
vt 0.172363 0.583008 0.000000
vt 0.517578 0.320801 0.000000
vt 0.519531 0.381348 0.000000
vt 0.541016 0.374023 0.000000
vt 0.575195 0.326172 0.000000
vt 0.576172 0.379395 0.000000
vt 0.608398 0.377930 0.000000
vt 0.524414 0.260254 0.000000
vt 0.517578 0.320801 0.000000
vt 0.551758 0.322754 0.000000
vt 0.524414 0.260254 0.000000
vt 0.551758 0.322754 0.000000
vt 0.541016 0.249512 0.000000
vt 0.320312 0.722168 0.000000
vt 0.293945 0.689941 0.000000
vt 0.354492 0.611816 0.000000
vt 0.579102 0.363281 0.000000
vt 0.580078 0.251953 0.000000
vt 0.606445 0.269531 0.000000
vt 0.579102 0.363281 0.000000
vt 0.606445 0.269531 0.000000
vt 0.602051 0.366211 0.000000
vt 0.524414 0.260254 0.000000
vt 0.541016 0.249512 0.000000
vt 0.581055 0.244141 0.000000
vt 0.524414 0.260254 0.000000
vt 0.581055 0.244141 0.000000
vt 0.604492 0.265137 0.000000
vt 0.396484 0.577148 0.000000
vt 0.354492 0.611816 0.000000
vt 0.598633 0.631836 0.000000
vt 0.598633 0.631836 0.000000
vt 0.354492 0.611816 0.000000
vt 0.396484 0.577148 0.000000
vt 0.396484 0.577148 0.000000
vt 0.598633 0.631836 0.000000
vt 0.600586 0.687500 0.000000
vt 0.354492 0.611816 0.000000
vt 0.598633 0.631836 0.000000
vt 0.478027 0.760742 0.000000
vt 0.354492 0.611816 0.000000
vt 0.478027 0.760742 0.000000
vt 0.388184 0.760742 0.000000
vt 0.575195 0.326172 0.000000
vt 0.581055 0.244141 0.000000
vt 0.541016 0.249512 0.000000
vt 0.575195 0.326172 0.000000
vt 0.541016 0.249512 0.000000
vt 0.551758 0.322754 0.000000
vt 0.450684 0.743164 0.000000
vt 0.506348 0.719727 0.000000
vt 0.598633 0.631836 0.000000
vt 0.450684 0.743164 0.000000
vt 0.598633 0.631836 0.000000
vt 0.354492 0.611816 0.000000
vt 0.547363 0.367188 0.000000
vt 0.520508 0.458496 0.000000
vt 0.522949 0.363281 0.000000
vt 0.579102 0.363281 0.000000
vt 0.607422 0.457031 0.000000
vt 0.520508 0.458496 0.000000
vt 0.579102 0.363281 0.000000
vt 0.520508 0.458496 0.000000
vt 0.547363 0.367188 0.000000
vt 0.521484 0.268555 0.000000
vt 0.522949 0.363281 0.000000
vt 0.602051 0.366211 0.000000
vt 0.521484 0.268555 0.000000
vt 0.602051 0.366211 0.000000
vt 0.606445 0.269531 0.000000
vt 0.110840 0.946777 0.000000
vt 0.004883 0.996582 0.000000
vt 0.220215 0.994629 0.000000
vt 0.970703 0.910156 0.000000
vt 0.933105 0.961914 0.000000
vt 0.832520 0.965820 0.000000
vt 0.970703 0.910156 0.000000
vt 0.832520 0.965820 0.000000
vt 0.832031 0.895996 0.000000
vt 0.227539 0.887695 0.000000
vt 0.328125 0.808105 0.000000
vt 0.329102 0.887695 0.000000
vt 0.329102 0.887695 0.000000
vt 0.328125 0.808105 0.000000
vt 0.388184 0.760742 0.000000
vt 0.329102 0.887695 0.000000
vt 0.388184 0.760742 0.000000
vt 0.412109 0.826660 0.000000
vt 0.412109 0.826660 0.000000
vt 0.388184 0.760742 0.000000
vt 0.478027 0.760742 0.000000
vt 0.412109 0.826660 0.000000
vt 0.478027 0.760742 0.000000
vt 0.483398 0.834961 0.000000
vt 0.483398 0.834961 0.000000
vt 0.478027 0.760742 0.000000
vt 0.572754 0.755859 0.000000
vt 0.483398 0.834961 0.000000
vt 0.572754 0.755859 0.000000
vt 0.577148 0.862793 0.000000
vt 0.577148 0.862793 0.000000
vt 0.572754 0.755859 0.000000
vt 0.712402 0.729980 0.000000
vt 0.577148 0.862793 0.000000
vt 0.712402 0.729980 0.000000
vt 0.709961 0.856934 0.000000
vt 0.709961 0.856934 0.000000
vt 0.712402 0.729980 0.000000
vt 0.835938 0.737793 0.000000
vt 0.709961 0.856934 0.000000
vt 0.835938 0.737793 0.000000
vt 0.832031 0.848633 0.000000
vt 0.832031 0.848633 0.000000
vt 0.835938 0.737793 0.000000
vt 0.921875 0.727051 0.000000
vt 0.832031 0.848633 0.000000
vt 0.921875 0.727051 0.000000
vt 0.929199 0.875977 0.000000
vt 0.329102 0.887695 0.000000
vt 0.337402 0.992676 0.000000
vt 0.220215 0.994629 0.000000
vt 0.220215 0.994629 0.000000
vt 0.227539 0.887695 0.000000
vt 0.329102 0.887695 0.000000
vt 0.412109 0.826660 0.000000
vt 0.451660 0.990234 0.000000
vt 0.337402 0.992676 0.000000
vt 0.412109 0.826660 0.000000
vt 0.337402 0.992676 0.000000
vt 0.329102 0.887695 0.000000
vt 0.483398 0.834961 0.000000
vt 0.451660 0.990234 0.000000
vt 0.412109 0.826660 0.000000
vt 0.563965 0.928223 0.000000
vt 0.550781 0.992676 0.000000
vt 0.451660 0.990234 0.000000
vt 0.711914 0.909180 0.000000
vt 0.715332 0.993652 0.000000
vt 0.550781 0.992676 0.000000
vt 0.832031 0.895996 0.000000
vt 0.832520 0.965820 0.000000
vt 0.715332 0.993652 0.000000
vt 0.832031 0.895996 0.000000
vt 0.715332 0.993652 0.000000
vt 0.711914 0.909180 0.000000
vt 0.929199 0.875977 0.000000
vt 0.921875 0.727051 0.000000
vt 0.996094 0.830078 0.000000
vt 0.929199 0.875977 0.000000
vt 0.996094 0.830078 0.000000
vt 0.970703 0.910156 0.000000
vt 0.832031 0.895996 0.000000
vt 0.832031 0.848633 0.000000
vt 0.929199 0.875977 0.000000
vt 0.832031 0.895996 0.000000
vt 0.929199 0.875977 0.000000
vt 0.970703 0.910156 0.000000
vt 0.711914 0.909180 0.000000
vt 0.709961 0.856934 0.000000
vt 0.832031 0.848633 0.000000
vt 0.711914 0.909180 0.000000
vt 0.832031 0.848633 0.000000
vt 0.832031 0.895996 0.000000
vt 0.563965 0.928223 0.000000
vt 0.577148 0.862793 0.000000
vt 0.709961 0.856934 0.000000
vt 0.563965 0.928223 0.000000
vt 0.709961 0.856934 0.000000
vt 0.711914 0.909180 0.000000
vt 0.451660 0.990234 0.000000
vt 0.483398 0.834961 0.000000
vt 0.577148 0.862793 0.000000
vt 0.451660 0.990234 0.000000
vt 0.577148 0.862793 0.000000
vt 0.563965 0.928223 0.000000
vt 0.711426 0.894043 0.000000
vt 0.712402 0.713867 0.000000
vt 0.583496 0.758301 0.000000
vt 0.711426 0.894043 0.000000
vt 0.583496 0.758301 0.000000
vt 0.573242 0.880859 0.000000
vt 0.573242 0.880859 0.000000
vt 0.583496 0.758301 0.000000
vt 0.482910 0.789551 0.000000
vt 0.573242 0.880859 0.000000
vt 0.482910 0.789551 0.000000
vt 0.469238 0.902832 0.000000
vt 0.469238 0.902832 0.000000
vt 0.482910 0.789551 0.000000
vt 0.387207 0.812988 0.000000
vt 0.469238 0.902832 0.000000
vt 0.387207 0.812988 0.000000
vt 0.363770 0.897949 0.000000
vt 0.608398 0.377930 0.000000
vt 0.576172 0.379395 0.000000
vt 0.586914 0.532227 0.000000
vt 0.867676 0.883301 0.000000
vt 0.835938 0.737793 0.000000
vt 0.712402 0.713867 0.000000
vt 0.867676 0.883301 0.000000
vt 0.712402 0.713867 0.000000
vt 0.711426 0.894043 0.000000
vt 0.713379 0.941406 0.000000
vt 0.715332 0.993652 0.000000
vt 0.832520 0.965820 0.000000
vt 0.562500 0.936523 0.000000
vt 0.550781 0.992676 0.000000
vt 0.715332 0.993652 0.000000
vt 0.451660 0.990234 0.000000
vt 0.550781 0.992676 0.000000
vt 0.562500 0.936523 0.000000
vt 0.363770 0.897949 0.000000
vt 0.337402 0.992676 0.000000
vt 0.451660 0.990234 0.000000
vt 0.363770 0.897949 0.000000
vt 0.451660 0.990234 0.000000
vt 0.469238 0.902832 0.000000
vt 0.363770 0.897949 0.000000
vt 0.387207 0.812988 0.000000
vt 0.227539 0.887695 0.000000
vt 0.363770 0.897949 0.000000
vt 0.227539 0.887695 0.000000
vt 0.220215 0.994629 0.000000
vt 0.711426 0.894043 0.000000
vt 0.852051 0.942383 0.000000
vt 0.867676 0.883301 0.000000
vt 0.562500 0.936523 0.000000
vt 0.573242 0.880859 0.000000
vt 0.469238 0.902832 0.000000
vt 0.562500 0.936523 0.000000
vt 0.469238 0.902832 0.000000
vt 0.451660 0.990234 0.000000
vt 0.713379 0.941406 0.000000
vt 0.711426 0.894043 0.000000
vt 0.573242 0.880859 0.000000
vt 0.713379 0.941406 0.000000
vt 0.573242 0.880859 0.000000
vt 0.562500 0.936523 0.000000
vt 0.852051 0.942383 0.000000
vt 0.711426 0.894043 0.000000
vt 0.713379 0.941406 0.000000
vt 0.832520 0.965820 0.000000
vt 0.852051 0.942383 0.000000
vt 0.713379 0.941406 0.000000
vt 0.604492 0.265137 0.000000
vt 0.601562 0.324707 0.000000
vt 0.517578 0.320801 0.000000
vt 0.604492 0.265137 0.000000
vt 0.517578 0.320801 0.000000
vt 0.524414 0.260254 0.000000
vt 0.606445 0.269531 0.000000
vt 0.580078 0.251953 0.000000
vt 0.550293 0.245605 0.000000
vt 0.606445 0.269531 0.000000
vt 0.550293 0.245605 0.000000
vt 0.521484 0.268555 0.000000
vt 0.575195 0.326172 0.000000
vt 0.601562 0.324707 0.000000
vt 0.604492 0.265137 0.000000
vt 0.575195 0.326172 0.000000
vt 0.604492 0.265137 0.000000
vt 0.581055 0.244141 0.000000
vt 0.551758 0.322754 0.000000
vt 0.541016 0.374023 0.000000
vt 0.576172 0.379395 0.000000
vt 0.551758 0.322754 0.000000
vt 0.576172 0.379395 0.000000
vt 0.575195 0.326172 0.000000
vt 0.517578 0.320801 0.000000
vt 0.541016 0.374023 0.000000
vt 0.551758 0.322754 0.000000
vt 0.522949 0.363281 0.000000
vt 0.521484 0.268555 0.000000
vt 0.550293 0.245605 0.000000
vt 0.522949 0.363281 0.000000
vt 0.550293 0.245605 0.000000
vt 0.547363 0.367188 0.000000
vt 0.547363 0.367188 0.000000
vt 0.550293 0.245605 0.000000
vt 0.580078 0.251953 0.000000
vt 0.547363 0.367188 0.000000
vt 0.580078 0.251953 0.000000
vt 0.579102 0.363281 0.000000
vt 0.602051 0.366211 0.000000
vt 0.607422 0.457031 0.000000
vt 0.579102 0.363281 0.000000
vt 0.608398 0.377930 0.000000
vt 0.601562 0.324707 0.000000
vt 0.575195 0.326172 0.000000
vt 0.715332 0.993652 0.000000
vt 0.713379 0.941406 0.000000
vt 0.562500 0.936523 0.000000
vt 0.550781 0.992676 0.000000
vt 0.563965 0.928223 0.000000
vt 0.711914 0.909180 0.000000
vt 0.228516 0.465820 0.000000
vt 0.201660 0.464844 0.000000
vt 0.168945 0.468262 0.000000
vt 0.145996 0.517090 0.000000
vt 0.155762 0.528809 0.000000
vt 0.214355 0.526855 0.000000
vt 0.269043 0.473633 0.000000
vt 0.228516 0.465820 0.000000
vt 0.168945 0.468262 0.000000
vt 0.269043 0.473633 0.000000
vt 0.168945 0.468262 0.000000
vt 0.156738 0.480957 0.000000
vt 0.312012 0.517090 0.000000
vt 0.269043 0.473633 0.000000
vt 0.156738 0.480957 0.000000
vt 0.312012 0.517090 0.000000
vt 0.156738 0.480957 0.000000
vt 0.145996 0.489746 0.000000
vt 0.295898 0.541992 0.000000
vt 0.312012 0.517090 0.000000
vt 0.145996 0.489746 0.000000
vt 0.295898 0.541992 0.000000
vt 0.145996 0.489746 0.000000
vt 0.145996 0.517090 0.000000
vt 0.145996 0.517090 0.000000
vt 0.214355 0.526855 0.000000
vt 0.295898 0.541992 0.000000
vt 0.993164 0.166016 0.000000
vt 1.000000 0.132812 0.000000
vt 0.976562 0.132812 0.000000
vt 0.006348 0.009277 0.000000
vt 0.342773 0.005859 0.000000
vt 0.346680 0.180176 0.000000
vt 0.006348 0.009277 0.000000
vt 0.346680 0.180176 0.000000
vt 0.008301 0.176758 0.000000
vt 1.000000 0.132812 0.000000
vt 0.993164 0.166016 0.000000
vt 0.976562 0.132812 0.000000
vt 0.975586 0.174316 0.000000
vt 0.993164 0.166016 0.000000
vt 0.976562 0.132812 0.000000
vt 0.342773 0.005859 0.000000
vt 0.654297 0.004395 0.000000
vt 0.654297 0.180176 0.000000
vt 0.342773 0.005859 0.000000
vt 0.654297 0.180176 0.000000
vt 0.346680 0.180176 0.000000
vt 0.993164 0.166016 0.000000
vt 0.975586 0.174316 0.000000
vt 0.976562 0.132812 0.000000
vt 0.959961 0.166016 0.000000
vt 0.975586 0.174316 0.000000
vt 0.976562 0.132812 0.000000
vt 0.654297 0.004395 0.000000
vt 0.984375 0.005859 0.000000
vt 0.986328 0.181641 0.000000
vt 0.654297 0.004395 0.000000
vt 0.986328 0.181641 0.000000
vt 0.654297 0.180176 0.000000
vt 0.975586 0.174316 0.000000
vt 0.959961 0.166016 0.000000
vt 0.976562 0.132812 0.000000
vt 0.953125 0.132812 0.000000
vt 0.959961 0.166016 0.000000
vt 0.976562 0.132812 0.000000
vt 0.007812 0.009766 0.000000
vt 0.023438 0.009766 0.000000
vt 0.025391 0.175781 0.000000
vt 0.007812 0.009766 0.000000
vt 0.025391 0.175781 0.000000
vt 0.007812 0.173340 0.000000
vt 0.959961 0.166016 0.000000
vt 0.953125 0.132812 0.000000
vt 0.976562 0.132812 0.000000
vt 0.959961 0.099609 0.000000
vt 0.953125 0.132812 0.000000
vt 0.976562 0.132812 0.000000
vt 0.023438 0.009766 0.000000
vt 0.333984 0.009277 0.000000
vt 0.338379 0.176758 0.000000
vt 0.023438 0.009766 0.000000
vt 0.338379 0.176758 0.000000
vt 0.025391 0.175781 0.000000
vt 0.953125 0.132812 0.000000
vt 0.959961 0.099609 0.000000
vt 0.976562 0.132812 0.000000
vt 0.976562 0.085938 0.000000
vt 0.959961 0.099609 0.000000
vt 0.976562 0.132812 0.000000
vt 0.333984 0.009277 0.000000
vt 0.662109 0.007812 0.000000
vt 0.662109 0.176758 0.000000
vt 0.333984 0.009277 0.000000
vt 0.662109 0.176758 0.000000
vt 0.338379 0.176758 0.000000
vt 0.959961 0.099609 0.000000
vt 0.976562 0.085938 0.000000
vt 0.976562 0.132812 0.000000
vt 0.993164 0.099609 0.000000
vt 0.976562 0.085938 0.000000
vt 0.976562 0.132812 0.000000
vt 0.662109 0.007812 0.000000
vt 0.970215 0.012695 0.000000
vt 0.972656 0.174805 0.000000
vt 0.662109 0.007812 0.000000
vt 0.972656 0.174805 0.000000
vt 0.662109 0.176758 0.000000
vt 0.976562 0.085938 0.000000
vt 0.993164 0.099609 0.000000
vt 0.976562 0.132812 0.000000
vt 1.000000 0.132812 0.000000
vt 0.993164 0.099609 0.000000
vt 0.976562 0.132812 0.000000
vt 0.970215 0.012695 0.000000
vt 0.994141 0.007812 0.000000
vt 0.992188 0.177734 0.000000
vt 0.970215 0.012695 0.000000
vt 0.992188 0.177734 0.000000
vt 0.972656 0.174805 0.000000
vt 0.993164 0.099609 0.000000
vt 1.000000 0.132812 0.000000
vt 0.976562 0.132812 0.000000
vn -0.112549 0.133057 -0.984619
vn -0.554688 -0.058350 -0.829834
vn 0.454590 0.286133 -0.843262
vn 0.454590 0.286133 -0.843262
vn -0.554688 -0.058350 -0.829834
vn -0.010742 -0.879639 -0.475098
vn -0.112549 0.133057 -0.984619
vn 0.454590 0.286133 -0.843262
vn -0.010254 0.866455 -0.499023
vn 0.454590 0.286133 -0.843262
vn -0.010742 -0.879639 -0.475098
vn 0.260498 -0.750488 -0.607178
vn 0.454590 0.286133 -0.843262
vn 0.260498 -0.750488 -0.607178
vn 0.378662 0.465820 -0.799561
vn -0.807373 0.565430 -0.167480
vn -0.967041 -0.246582 -0.062012
vn -0.641602 0.724854 0.250000
vn -0.522217 -0.806152 -0.277588
vn -0.967041 -0.246582 -0.062012
vn -0.807373 0.565430 -0.167480
vn -0.522217 -0.806152 -0.277588
vn -0.807373 0.565430 -0.167480
vn -0.394775 -0.221924 -0.891357
vn -0.522217 -0.806152 -0.277588
vn -0.394775 -0.221924 -0.891357
vn 0.260498 -0.750488 -0.607178
vn -0.522217 -0.806152 -0.277588
vn 0.260498 -0.750488 -0.607178
vn -0.010742 -0.879639 -0.475098
vn -0.522217 -0.806152 -0.277588
vn -0.010742 -0.879639 -0.475098
vn -0.967041 -0.246582 -0.062012
vn 0.260498 -0.750488 -0.607178
vn -0.394775 -0.221924 -0.891357
vn 0.378662 0.465820 -0.799561
vn -0.010742 -0.879639 -0.475098
vn -0.554688 -0.058350 -0.829834
vn -0.967041 -0.246582 -0.062012
vn -0.994141 0.092285 -0.052490
vn -0.967041 -0.246582 -0.062012
vn -0.554688 -0.058350 -0.829834
vn -0.641602 0.724854 0.250000
vn -0.967041 -0.246582 -0.062012
vn -0.994141 0.092285 -0.052490
vn -0.994141 0.092285 -0.052490
vn -0.924561 0.067627 0.374756
vn -0.641602 0.724854 0.250000
vn -0.978760 -0.046143 -0.199219
vn -0.994141 0.092285 -0.052490
vn -0.554688 -0.058350 -0.829834
vn -0.653076 0.571533 0.496338
vn -0.924561 0.067627 0.374756
vn -0.828369 0.066895 0.555908
vn -0.653076 0.571533 0.496338
vn -0.828369 0.066895 0.555908
vn -0.447266 0.489746 0.748047
vn -0.447266 0.489746 0.748047
vn -0.828369 0.066895 0.555908
vn -0.645264 -0.293213 0.705322
vn 0.471924 -0.799805 -0.370605
vn 0.923828 0.301514 -0.234619
vn 0.960938 -0.078369 -0.264404
vn 0.471924 -0.799805 -0.370605
vn 0.960938 -0.078369 -0.264404
vn 0.166504 -0.706543 -0.687500
vn 0.923828 0.301514 -0.234619
vn 0.471924 -0.799805 -0.370605
vn 0.427490 -0.220215 -0.876465
vn 0.471924 -0.799805 -0.370605
vn 0.166504 -0.706543 -0.687500
vn -0.249512 -0.752930 -0.608643
vn 0.427490 -0.220215 -0.876465
vn 0.471924 -0.799805 -0.370605
vn -0.249512 -0.752930 -0.608643
vn 0.960938 -0.078369 -0.264404
vn 0.923828 0.301514 -0.234619
vn 0.717529 0.688232 0.105957
vn -0.249512 -0.752930 -0.608643
vn 0.166504 -0.706543 -0.687500
vn -0.392578 0.293945 -0.871338
vn -0.249512 -0.752930 -0.608643
vn -0.365479 0.607178 -0.705322
vn 0.427490 -0.220215 -0.876465
vn -0.392578 0.293945 -0.871338
vn -0.365479 0.607178 -0.705322
vn -0.249512 -0.752930 -0.608643
vn -0.447266 0.489746 0.748047
vn -0.145752 0.881348 0.448975
vn 0.199951 0.554199 0.807861
vn 0.277588 0.209961 -0.937256
vn -0.112549 0.133057 -0.984619
vn -0.392578 0.293945 -0.871338
vn 0.277588 0.209961 -0.937256
vn -0.392578 0.293945 -0.871338
vn 0.166504 -0.706543 -0.687500
vn -0.392578 0.293945 -0.871338
vn -0.112549 0.133057 -0.984619
vn -0.010254 0.866455 -0.499023
vn 0.277588 0.209961 -0.937256
vn 0.166504 -0.706543 -0.687500
vn 0.960938 -0.078369 -0.264404
vn -0.447266 0.489746 0.748047
vn -0.645264 -0.293213 0.705322
vn -0.145752 0.881348 0.448975
vn -0.112549 0.133057 -0.984619
vn 0.277588 0.209961 -0.937256
vn 0.251709 0.128174 -0.959229
vn -0.112549 0.133057 -0.984619
vn 0.251709 0.128174 -0.959229
vn -0.245117 0.143799 -0.958496
vn -0.646729 -0.027588 -0.761963
vn -0.976562 -0.154297 -0.148193
vn -0.656738 0.083252 -0.749268
vn -0.646729 -0.027588 -0.761963
vn -0.656738 0.083252 -0.749268
vn -0.245117 0.143799 -0.958496
vn -0.656738 0.083252 -0.749268
vn -0.976562 -0.154297 -0.148193
vn -0.978760 -0.046143 -0.199219
vn -0.641602 0.724854 0.250000
vn -0.924561 0.067627 0.374756
vn -0.653076 0.571533 0.496338
vn -0.245117 0.143799 -0.958496
vn -0.656738 0.083252 -0.749268
vn -0.112549 0.133057 -0.984619
vn -0.656738 0.083252 -0.749268
vn -0.554688 -0.058350 -0.829834
vn -0.112549 0.133057 -0.984619
vn -0.656738 0.083252 -0.749268
vn -0.978760 -0.046143 -0.199219
vn -0.554688 -0.058350 -0.829834
vn -0.822754 -0.132080 0.552490
vn -0.678955 0.323975 0.658691
vn -0.640625 0.617188 0.456299
vn -0.822754 -0.132080 0.552490
vn -0.640625 0.617188 0.456299
vn -0.848145 0.187744 0.494873
vn -0.822754 -0.132080 0.552490
vn -0.924072 0.002441 0.382080
vn -0.783203 0.326416 0.528809
vn -0.822754 -0.132080 0.552490
vn -0.783203 0.326416 0.528809
vn -0.678955 0.323975 0.658691
vn -0.924072 0.002441 0.382080
vn -0.822754 -0.132080 0.552490
vn -0.889160 -0.373535 0.263916
vn -0.822754 -0.132080 0.552490
vn -0.826660 -0.507080 0.242920
vn -0.642334 -0.727783 0.239502
vn -0.822754 -0.132080 0.552490
vn -0.642334 -0.727783 0.239502
vn -0.765137 -0.583984 0.270752
vn -0.822754 -0.132080 0.552490
vn -0.765137 -0.583984 0.270752
vn -0.889160 -0.373535 0.263916
vn -0.590820 -0.785400 -0.183350
vn -0.499512 -0.859619 -0.105225
vn -0.642334 -0.727783 0.239502
vn -0.590820 -0.785400 -0.183350
vn -0.642334 -0.727783 0.239502
vn -0.826660 -0.507080 0.242920
vn -0.822754 -0.132080 0.552490
vn -0.892822 -0.029053 0.448975
vn -0.826660 -0.507080 0.242920
vn -0.822754 -0.132080 0.552490
vn -0.848145 0.187744 0.494873
vn -0.892822 -0.029053 0.448975
vn -0.590820 -0.785400 -0.183350
vn -0.377686 -0.785400 -0.489746
vn -0.499512 -0.859619 -0.105225
vn -0.640625 0.617188 0.456299
vn -0.678955 0.323975 0.658691
vn -0.610596 0.645996 0.457764
vn -0.421387 0.890137 -0.172363
vn -0.238281 0.531494 -0.812500
vn -0.384277 0.908447 -0.163574
vn -0.238281 0.531494 -0.812500
vn -0.805420 0.518311 -0.286377
vn -0.384277 0.908447 -0.163574
vn -0.421387 0.890137 -0.172363
vn -0.110596 0.577148 -0.808838
vn -0.238281 0.531494 -0.812500
vn -0.640625 0.617188 0.456299
vn -0.384277 0.908447 -0.163574
vn -0.805420 0.518311 -0.286377
vn -0.892822 -0.029053 0.448975
vn -0.848145 0.187744 0.494873
vn -0.805420 0.518311 -0.286377
vn -0.546143 -0.536621 -0.643066
vn -0.333252 -0.173584 -0.926514
vn -0.377686 -0.785400 -0.489746
vn -0.546143 -0.536621 -0.643066
vn -0.377686 -0.785400 -0.489746
vn -0.590820 -0.785400 -0.183350
vn -0.402832 -0.074951 -0.912109
vn -0.238281 0.531494 -0.812500
vn -0.333252 -0.173584 -0.926514
vn -0.402832 -0.074951 -0.912109
vn -0.333252 -0.173584 -0.926514
vn -0.546143 -0.536621 -0.643066
vn -0.805420 0.518311 -0.286377
vn -0.402832 -0.074951 -0.912109
vn -0.881592 -0.375000 -0.285889
vn -0.805420 0.518311 -0.286377
vn -0.361572 0.208008 -0.908691
vn -0.402832 -0.074951 -0.912109
vn -0.238281 0.531494 -0.812500
vn -0.402832 -0.074951 -0.912109
vn -0.361572 0.208008 -0.908691
vn -0.238281 0.531494 -0.812500
vn -0.361572 0.208008 -0.908691
vn -0.805420 0.518311 -0.286377
vn -0.402832 -0.074951 -0.912109
vn -0.546143 -0.536621 -0.643066
vn -0.881592 -0.375000 -0.285889
vn -0.881592 -0.375000 -0.285889
vn -0.546143 -0.536621 -0.643066
vn -0.590820 -0.785400 -0.183350
vn -0.892822 -0.029053 0.448975
vn -0.805420 0.518311 -0.286377
vn -0.881592 -0.375000 -0.285889
vn -0.640625 0.617188 0.456299
vn -0.805420 0.518311 -0.286377
vn -0.848145 0.187744 0.494873
vn -0.590820 -0.785400 -0.183350
vn -0.826660 -0.507080 0.242920
vn -0.881592 -0.375000 -0.285889
vn -0.881592 -0.375000 -0.285889
vn -0.826660 -0.507080 0.242920
vn -0.892822 -0.029053 0.448975
vn -0.333252 -0.173584 -0.926514
vn -0.238281 0.531494 -0.812500
vn -0.093506 0.202393 -0.974609
vn -0.093506 0.202393 -0.974609
vn -0.238281 0.531494 -0.812500
vn -0.110596 0.577148 -0.808838
vn 0.837891 -0.203613 0.505859
vn 0.678467 -0.196045 0.707764
vn 0.016357 -0.166016 0.985840
vn 0.173828 -0.364990 0.914307
vn 0.178467 -0.712891 0.677979
vn -0.645264 -0.293213 0.705322
vn 0.989746 0.043213 -0.134521
vn 0.612793 -0.066406 0.787354
vn 0.128906 -0.441162 0.887939
vn -0.762207 -0.592285 0.260986
vn 0.128906 -0.441162 0.887939
vn -0.702393 -0.378418 0.602539
vn 0.612793 -0.066406 0.787354
vn -0.454346 0.275635 0.846924
vn -0.032959 0.180420 0.982910
vn 0.612793 -0.066406 0.787354
vn -0.032959 0.180420 0.982910
vn 0.128906 -0.441162 0.887939
vn -0.702393 -0.378418 0.602539
vn 0.128906 -0.441162 0.887939
vn -0.032959 0.180420 0.982910
vn -0.702393 -0.378418 0.602539
vn -0.032959 0.180420 0.982910
vn -0.454346 0.275635 0.846924
vn -0.600342 0.287598 0.745850
vn -0.453857 0.005859 0.890869
vn -0.454346 0.275635 0.846924
vn -0.600342 0.287598 0.745850
vn -0.454346 0.275635 0.846924
vn -0.678955 0.323975 0.658691
vn -0.642334 -0.727783 0.239502
vn -0.308350 -0.873535 0.375732
vn -0.702393 -0.378418 0.602539
vn -0.398682 -0.285400 0.871338
vn -0.562256 -0.631592 0.533203
vn -0.702393 -0.378418 0.602539
vn -0.678955 0.323975 0.658691
vn -0.454346 0.275635 0.846924
vn -0.610596 0.645996 0.457764
vn -0.702393 -0.378418 0.602539
vn -0.562256 -0.631592 0.533203
vn -0.642334 -0.727783 0.239502
vn -0.398682 -0.285400 0.871338
vn -0.702393 -0.378418 0.602539
vn -0.453857 0.005859 0.890869
vn -0.453857 0.005859 0.890869
vn -0.702393 -0.378418 0.602539
vn -0.454346 0.275635 0.846924
vn -0.702393 -0.378418 0.602539
vn -0.308350 -0.873535 0.375732
vn -0.762207 -0.592285 0.260986
vn -0.308350 -0.873535 0.375732
vn 0.294189 -0.680420 0.670898
vn 0.612793 -0.066406 0.787354
vn 0.612793 -0.066406 0.787354
vn 0.294189 -0.680420 0.670898
vn 0.484131 -0.307617 0.818848
vn 0.868408 0.144043 -0.474121
vn 0.612793 -0.066406 0.787354
vn 0.989746 0.043213 -0.134521
vn -0.610596 0.645996 0.457764
vn -0.454346 0.275635 0.846924
vn -0.551025 0.360840 0.752197
vn 0.612793 -0.066406 0.787354
vn 0.484131 -0.307617 0.818848
vn 0.034180 -0.067627 0.997070
vn -0.551025 0.360840 0.752197
vn -0.454346 0.275635 0.846924
vn 0.612793 -0.066406 0.787354
vn -0.551025 0.360840 0.752197
vn 0.612793 -0.066406 0.787354
vn 0.034180 -0.067627 0.997070
vn -0.871826 0.010498 0.489502
vn -0.679688 -0.338867 -0.650146
vn -0.877441 0.024658 0.478516
vn -0.871826 0.010498 0.489502
vn -0.877441 0.024658 0.478516
vn -0.039551 -0.065186 0.996826
vn -0.610596 0.645996 0.457764
vn -0.551025 0.360840 0.752197
vn -0.840576 0.522949 0.140625
vn -0.840576 0.522949 0.140625
vn -0.551025 0.360840 0.752197
vn -0.979736 0.193115 -0.049072
vn -0.979736 0.193115 -0.049072
vn -0.551025 0.360840 0.752197
vn -0.877441 0.024658 0.478516
vn -0.877441 0.024658 0.478516
vn -0.551025 0.360840 0.752197
vn 0.034180 -0.067627 0.997070
vn -0.979736 0.193115 -0.049072
vn -0.877441 0.024658 0.478516
vn -0.873779 -0.093018 -0.477051
vn -0.873779 -0.093018 -0.477051
vn -0.877441 0.024658 0.478516
vn -0.679688 -0.338867 -0.650146
vn 0.837891 -0.203613 0.505859
vn -0.039551 -0.065186 0.996826
vn 0.484131 -0.307617 0.818848
vn -0.039551 -0.065186 0.996826
vn -0.877441 0.024658 0.478516
vn 0.034180 -0.067627 0.997070
vn 0.484131 -0.307617 0.818848
vn -0.039551 -0.065186 0.996826
vn 0.034180 -0.067627 0.997070
vn -0.976562 -0.154297 -0.148193
vn -0.646729 -0.027588 -0.761963
vn -0.937012 -0.120850 -0.326904
vn -0.976562 -0.154297 -0.148193
vn -0.937012 -0.120850 -0.326904
vn -0.944580 -0.224854 0.238281
vn 0.061279 -0.946533 0.316162
vn 0.996338 0.075928 0.034912
vn 0.172852 -0.939453 0.295654
vn -0.911133 -0.380859 0.156006
vn 0.061279 -0.946533 0.316162
vn 0.172852 -0.939453 0.295654
vn 0.989258 -0.117920 0.084229
vn 0.900391 0.328125 0.285645
vn 0.298584 -0.806641 0.509766
vn 0.172852 -0.939453 0.295654
vn 0.996338 0.075928 0.034912
vn 0.989258 -0.117920 0.084229
vn 0.172852 -0.939453 0.295654
vn 0.989258 -0.117920 0.084229
vn 0.298584 -0.806641 0.509766
vn 0.298584 -0.806641 0.509766
vn 0.900391 0.328125 0.285645
vn -0.057617 0.154297 0.986084
vn -0.057617 0.154297 0.986084
vn -0.150879 0.957275 0.246338
vn -0.952393 -0.099121 0.288086
vn -0.092529 0.979248 -0.179443
vn -0.911133 -0.380859 0.156006
vn -0.952393 -0.099121 0.288086
vn 0.172852 -0.939453 0.295654
vn 0.298584 -0.806641 0.509766
vn -0.952393 -0.099121 0.288086
vn -0.057617 0.154297 0.986084
vn -0.952393 -0.099121 0.288086
vn 0.298584 -0.806641 0.509766
vn -0.952393 -0.099121 0.288086
vn -0.911133 -0.380859 0.156006
vn 0.172852 -0.939453 0.295654
vn -0.057617 0.154297 0.986084
vn 0.900391 0.328125 0.285645
vn -0.150879 0.957275 0.246338
vn -0.998779 0.025879 0.038086
vn -0.145752 0.881348 0.448975
vn -0.645264 -0.293213 0.705322
vn 0.061279 -0.946533 0.316162
vn -0.998779 0.025879 0.038086
vn -0.645264 -0.293213 0.705322
vn 0.989258 -0.117920 0.084229
vn -0.092529 0.979248 -0.179443
vn 0.900391 0.328125 0.285645
vn 0.739990 -0.119141 0.661621
vn 0.996338 0.075928 0.034912
vn 0.061279 -0.946533 0.316162
vn 0.739990 -0.119141 0.661621
vn 0.061279 -0.946533 0.316162
vn 0.178467 -0.712891 0.677979
vn 0.996338 0.075928 0.034912
vn 0.739990 -0.119141 0.661621
vn -0.145752 0.881348 0.448975
vn 0.996338 0.075928 0.034912
vn -0.092529 0.979248 -0.179443
vn 0.989258 -0.117920 0.084229
vn 0.900391 0.328125 0.285645
vn -0.092529 0.979248 -0.179443
vn -0.150879 0.957275 0.246338
vn 0.996338 0.075928 0.034912
vn -0.145752 0.881348 0.448975
vn -0.092529 0.979248 -0.179443
vn -0.911133 -0.380859 0.156006
vn -0.092529 0.979248 -0.179443
vn -0.998779 0.025879 0.038086
vn -0.911133 -0.380859 0.156006
vn -0.998779 0.025879 0.038086
vn 0.061279 -0.946533 0.316162
vn 0.178467 -0.712891 0.677979
vn 0.061279 -0.946533 0.316162
vn -0.645264 -0.293213 0.705322
vn -0.092529 0.979248 -0.179443
vn -0.952393 -0.099121 0.288086
vn -0.150879 0.957275 0.246338
vn 0.739990 -0.119141 0.661621
vn 0.178467 -0.712891 0.677979
vn 0.173828 -0.364990 0.914307
vn -0.145752 0.881348 0.448975
vn 0.739990 -0.119141 0.661621
vn 0.199951 0.554199 0.807861
vn 0.837891 -0.203613 0.505859
vn 0.916748 -0.392578 -0.072021
vn 0.890381 -0.124756 -0.437500
vn 0.837891 -0.203613 0.505859
vn 0.730469 -0.571533 0.373047
vn 0.916748 -0.392578 -0.072021
vn -0.421387 0.890137 -0.172363
vn -0.610596 0.645996 0.457764
vn -0.806885 0.468994 -0.358398
vn -0.806885 0.468994 -0.358398
vn -0.610596 0.645996 0.457764
vn -0.840576 0.522949 0.140625
vn -0.453857 0.005859 0.890869
vn -0.600342 0.287598 0.745850
vn -0.557861 0.142578 0.817383
vn -0.783203 0.326416 0.528809
vn -0.600342 0.287598 0.745850
vn -0.678955 0.323975 0.658691
vn -0.557861 0.142578 0.817383
vn -0.600342 0.287598 0.745850
vn -0.783203 0.326416 0.528809
vn -0.924072 0.002441 0.382080
vn -0.856689 -0.444580 0.260742
vn -0.891846 0.101318 0.440186
vn -0.924072 0.002441 0.382080
vn -0.891846 0.101318 0.440186
vn -0.783203 0.326416 0.528809
vn -0.557861 0.142578 0.817383
vn -0.783203 0.326416 0.528809
vn -0.891846 0.101318 0.440186
vn -0.593018 -0.412842 0.690918
vn -0.557861 0.142578 0.817383
vn -0.891846 0.101318 0.440186
vn -0.593018 -0.412842 0.690918
vn -0.891846 0.101318 0.440186
vn -0.856689 -0.444580 0.260742
vn -0.593018 -0.412842 0.690918
vn -0.856689 -0.444580 0.260742
vn -0.562256 -0.631592 0.533203
vn -0.593018 -0.412842 0.690918
vn -0.562256 -0.631592 0.533203
vn -0.398682 -0.285400 0.871338
vn -0.593018 -0.412842 0.690918
vn -0.398682 -0.285400 0.871338
vn -0.557861 0.142578 0.817383
vn -0.557861 0.142578 0.817383
vn -0.398682 -0.285400 0.871338
vn -0.453857 0.005859 0.890869
vn -0.889160 -0.373535 0.263916
vn -0.765137 -0.583984 0.270752
vn -0.856689 -0.444580 0.260742
vn -0.889160 -0.373535 0.263916
vn -0.856689 -0.444580 0.260742
vn -0.924072 0.002441 0.382080
vn -0.856689 -0.444580 0.260742
vn -0.765137 -0.583984 0.270752
vn -0.562256 -0.631592 0.533203
vn -0.614258 -0.074707 -0.785156
vn -0.837891 0.123291 -0.531250
vn -0.873779 -0.093018 -0.477051
vn -0.614258 -0.074707 -0.785156
vn -0.873779 -0.093018 -0.477051
vn -0.446045 -0.274902 -0.851562
vn -0.873779 -0.093018 -0.477051
vn -0.837891 0.123291 -0.531250
vn -0.979736 0.193115 -0.049072
vn -0.979736 0.193115 -0.049072
vn -0.837891 0.123291 -0.531250
vn -0.806885 0.468994 -0.358398
vn -0.562256 -0.631592 0.533203
vn -0.765137 -0.583984 0.270752
vn -0.642334 -0.727783 0.239502
vn -0.308350 -0.873535 0.375732
vn -0.642334 -0.727783 0.239502
vn -0.307373 -0.950684 -0.037354
vn -0.307373 -0.950684 -0.037354
vn -0.642334 -0.727783 0.239502
vn -0.499512 -0.859619 -0.105225
vn 0.294189 -0.680420 0.670898
vn -0.308350 -0.873535 0.375732
vn 0.273438 -0.949219 0.154541
vn 0.273438 -0.949219 0.154541
vn -0.308350 -0.873535 0.375732
vn -0.307373 -0.950684 -0.037354
vn -0.979736 0.193115 -0.049072
vn -0.806885 0.468994 -0.358398
vn -0.840576 0.522949 0.140625
vn -0.030762 -0.702881 -0.710449
vn -0.073242 -0.411133 -0.908447
vn -0.377686 -0.785400 -0.489746
vn -0.030762 -0.702881 -0.710449
vn -0.377686 -0.785400 -0.489746
vn -0.305664 -0.516113 -0.799805
vn -0.305664 -0.516113 -0.799805
vn -0.377686 -0.785400 -0.489746
vn -0.333252 -0.173584 -0.926514
vn 0.010010 -0.966553 -0.255615
vn -0.307373 -0.950684 -0.037354
vn -0.377686 -0.785400 -0.489746
vn 0.010010 -0.966553 -0.255615
vn -0.377686 -0.785400 -0.489746
vn -0.073242 -0.411133 -0.908447
vn -0.377686 -0.785400 -0.489746
vn -0.307373 -0.950684 -0.037354
vn -0.499512 -0.859619 -0.105225
vn -0.073242 -0.411133 -0.908447
vn 0.275879 -0.366943 -0.888184
vn 0.255371 -0.052490 -0.965332
vn 0.275879 -0.366943 -0.888184
vn -0.073242 -0.411133 -0.908447
vn -0.030762 -0.702881 -0.710449
vn -0.073242 -0.411133 -0.908447
vn 0.255371 -0.052490 -0.965332
vn 0.251709 0.144531 -0.956787
vn -0.319092 0.063477 -0.945312
vn -0.212646 0.189941 -0.958252
vn 0.169678 0.076416 -0.982422
vn -0.422119 -0.443604 -0.790283
vn -0.319092 0.063477 -0.945312
vn 0.040771 -0.439697 -0.896973
vn -0.422119 -0.443604 -0.790283
vn 0.040771 -0.439697 -0.896973
vn -0.030762 -0.702881 -0.710449
vn 0.169678 0.076416 -0.982422
vn -0.212646 0.189941 -0.958252
vn 0.091797 0.164307 -0.981934
vn 0.040771 -0.439697 -0.896973
vn -0.319092 0.063477 -0.945312
vn 0.169678 0.076416 -0.982422
vn -0.030762 -0.702881 -0.710449
vn 0.040771 -0.439697 -0.896973
vn 0.275879 -0.366943 -0.888184
vn 0.169678 0.076416 -0.982422
vn 0.275879 -0.366943 -0.888184
vn 0.040771 -0.439697 -0.896973
vn 0.091797 0.164307 -0.981934
vn 0.255371 -0.052490 -0.965332
vn 0.169678 0.076416 -0.982422
vn 0.275879 -0.366943 -0.888184
vn 0.169678 0.076416 -0.982422
vn 0.255371 -0.052490 -0.965332
vn -0.305664 -0.516113 -0.799805
vn -0.409912 -0.241943 -0.879150
vn -0.422119 -0.443604 -0.790283
vn -0.305664 -0.516113 -0.799805
vn -0.422119 -0.443604 -0.790283
vn -0.030762 -0.702881 -0.710449
vn -0.319092 0.063477 -0.945312
vn -0.422119 -0.443604 -0.790283
vn -0.476318 -0.073486 -0.875977
vn -0.319092 0.063477 -0.945312
vn -0.476318 -0.073486 -0.875977
vn -0.212646 0.189941 -0.958252
vn -0.093506 0.202393 -0.974609
vn 0.251709 0.144531 -0.956787
vn 0.091797 0.164307 -0.981934
vn -0.422119 -0.443604 -0.790283
vn -0.409912 -0.241943 -0.879150
vn -0.476318 -0.073486 -0.875977
vn -0.093506 0.202393 -0.974609
vn 0.091797 0.164307 -0.981934
vn -0.212646 0.189941 -0.958252
vn 0.091797 0.164307 -0.981934
vn 0.251709 0.144531 -0.956787
vn 0.255371 -0.052490 -0.965332
vn -0.476318 -0.073486 -0.875977
vn -0.409912 -0.241943 -0.879150
vn -0.333252 -0.173584 -0.926514
vn 0.251709 0.144531 -0.956787
vn -0.093506 0.202393 -0.974609
vn -0.110596 0.577148 -0.808838
vn -0.333252 -0.173584 -0.926514
vn -0.093506 0.202393 -0.974609
vn -0.212646 0.189941 -0.958252
vn -0.476318 -0.073486 -0.875977
vn -0.333252 -0.173584 -0.926514
vn -0.212646 0.189941 -0.958252
vn -0.806885 0.468994 -0.358398
vn -0.355957 0.375732 -0.855469
vn -0.110596 0.577148 -0.808838
vn -0.806885 0.468994 -0.358398
vn -0.110596 0.577148 -0.808838
vn -0.421387 0.890137 -0.172363
vn -0.305664 -0.516113 -0.799805
vn -0.333252 -0.173584 -0.926514
vn -0.409912 -0.241943 -0.879150
vn -0.355957 0.375732 -0.855469
vn -0.806885 0.468994 -0.358398
vn -0.468994 0.128418 -0.873535
vn -0.468994 0.128418 -0.873535
vn -0.806885 0.468994 -0.358398
vn -0.837891 0.123291 -0.531250
vn 0.010010 -0.966553 -0.255615
vn 0.598877 -0.768555 -0.223877
vn 0.273438 -0.949219 0.154541
vn -0.468994 0.128418 -0.873535
vn -0.837891 0.123291 -0.531250
vn -0.250977 -0.001709 -0.967773
vn -0.250977 -0.001709 -0.967773
vn -0.837891 0.123291 -0.531250
vn -0.614258 -0.074707 -0.785156
vn -0.005127 0.017822 -0.999756
vn 0.630615 -0.013428 -0.775635
vn 0.645996 -0.024414 -0.762695
vn 0.717529 0.688232 0.105957
vn 0.682373 0.715820 0.147705
vn 0.960938 -0.078369 -0.264404
vn 0.277588 0.209961 -0.937256
vn 0.960938 -0.078369 -0.264404
vn 0.743164 0.241943 -0.623535
vn 0.799805 -0.014893 -0.599609
vn 0.251709 0.128174 -0.959229
vn 0.743164 0.241943 -0.623535
vn 0.251709 0.128174 -0.959229
vn 0.799805 -0.014893 -0.599609
vn 0.630615 -0.013428 -0.775635
vn 0.743164 0.241943 -0.623535
vn 0.251709 0.128174 -0.959229
vn 0.277588 0.209961 -0.937256
vn 0.251709 0.128174 -0.959229
vn 0.630615 -0.013428 -0.775635
vn -0.005127 0.017822 -0.999756
vn 0.251709 0.128174 -0.959229
vn -0.005127 0.017822 -0.999756
vn -0.245117 0.143799 -0.958496
vn -0.110596 0.577148 -0.808838
vn -0.355957 0.375732 -0.855469
vn 0.272705 0.130615 -0.952881
vn -0.110596 0.577148 -0.808838
vn 0.272705 0.130615 -0.952881
vn 0.251709 0.144531 -0.956787
vn -0.250977 -0.001709 -0.967773
vn -0.614258 -0.074707 -0.785156
vn -0.419434 -0.120361 -0.899658
vn -0.419434 -0.120361 -0.899658
vn -0.614258 -0.074707 -0.785156
vn -0.373535 -0.049316 -0.926025
vn 0.890381 -0.124756 -0.437500
vn 0.343018 0.040283 -0.938232
vn 0.198242 -0.160889 -0.966797
vn 0.890381 -0.124756 -0.437500
vn 0.198242 -0.160889 -0.966797
vn 0.814453 -0.134521 -0.564209
vn 0.198242 -0.160889 -0.966797
vn 0.343018 0.040283 -0.938232
vn -0.250977 -0.001709 -0.967773
vn 0.916748 -0.392578 -0.072021
vn 0.730469 -0.571533 0.373047
vn 0.598877 -0.768555 -0.223877
vn 0.598877 -0.768555 -0.223877
vn 0.730469 -0.571533 0.373047
vn 0.273438 -0.949219 0.154541
vn 0.484131 -0.307617 0.818848
vn 0.294189 -0.680420 0.670898
vn 0.730469 -0.571533 0.373047
vn 0.294189 -0.680420 0.670898
vn 0.273438 -0.949219 0.154541
vn 0.730469 -0.571533 0.373047
vn -0.944580 -0.224854 0.238281
vn -0.937012 -0.120850 -0.326904
vn -0.997314 -0.051514 -0.050537
vn -0.073242 -0.411133 -0.908447
vn 0.666016 -0.600586 -0.441650
vn 0.255859 -0.965576 -0.042236
vn 0.255859 -0.965576 -0.042236
vn 0.666016 -0.600586 -0.441650
vn 0.922363 -0.385742 0.000488
vn -0.073242 -0.411133 -0.908447
vn 0.255859 -0.965576 -0.042236
vn 0.010010 -0.966553 -0.255615
vn 0.255859 -0.965576 -0.042236
vn 0.922363 -0.385742 0.000488
vn 0.010010 -0.966553 -0.255615
vn 0.010010 -0.966553 -0.255615
vn 0.922363 -0.385742 0.000488
vn 0.598877 -0.768555 -0.223877
vn 0.251709 0.144531 -0.956787
vn 0.922363 -0.385742 0.000488
vn 0.800049 0.085449 -0.593750
vn 0.800049 0.085449 -0.593750
vn 0.922363 -0.385742 0.000488
vn 0.666016 -0.600586 -0.441650
vn 0.666016 -0.600586 -0.441650
vn -0.073242 -0.411133 -0.908447
vn 0.800049 0.085449 -0.593750
vn 0.800049 0.085449 -0.593750
vn -0.073242 -0.411133 -0.908447
vn 0.251709 0.144531 -0.956787
vn 0.598877 -0.768555 -0.223877
vn 0.922363 -0.385742 0.000488
vn 0.774658 -0.254395 -0.578613
vn 0.922363 -0.385742 0.000488
vn 0.251709 0.144531 -0.956787
vn 0.272705 0.130615 -0.952881
vn 0.774658 -0.254395 -0.578613
vn 0.922363 -0.385742 0.000488
vn 0.272705 0.130615 -0.952881
vn 0.272705 0.130615 -0.952881
vn -0.355957 0.375732 -0.855469
vn -0.468994 0.128418 -0.873535
vn 0.272705 0.130615 -0.952881
vn -0.468994 0.128418 -0.873535
vn 0.343018 0.040283 -0.938232
vn 0.774658 -0.254395 -0.578613
vn 0.272705 0.130615 -0.952881
vn 0.343018 0.040283 -0.938232
vn 0.343018 0.040283 -0.938232
vn -0.468994 0.128418 -0.873535
vn -0.250977 -0.001709 -0.967773
vn 0.774658 -0.254395 -0.578613
vn 0.343018 0.040283 -0.938232
vn 0.890381 -0.124756 -0.437500
vn 0.890381 -0.124756 -0.437500
vn 0.916748 -0.392578 -0.072021
vn 0.774658 -0.254395 -0.578613
vn -0.614258 -0.074707 -0.785156
vn -0.446045 -0.274902 -0.851562
vn -0.373535 -0.049316 -0.926025
vn -0.997314 -0.051514 -0.050537
vn -0.787842 -0.032959 0.614746
vn -0.944580 -0.224854 0.238281
vn -0.145752 0.881348 0.448975
vn -0.998779 0.025879 0.038086
vn -0.092529 0.979248 -0.179443
vn 0.378662 0.465820 -0.799561
vn -0.394775 -0.221924 -0.891357
vn -0.807373 0.565430 -0.167480
vn -0.653076 0.571533 0.496338
vn -0.447266 0.489746 0.748047
vn 0.199951 0.554199 0.807861
vn -0.653076 0.571533 0.496338
vn 0.199951 0.554199 0.807861
vn 0.619385 0.640381 0.453613
vn -0.641602 0.724854 0.250000
vn -0.653076 0.571533 0.496338
vn 0.619385 0.640381 0.453613
vn -0.641602 0.724854 0.250000
vn 0.619385 0.640381 0.453613
vn 0.682373 0.715820 0.147705
vn -0.646729 -0.027588 -0.761963
vn -0.245117 0.143799 -0.958496
vn -0.005127 0.017822 -0.999756
vn 0.774658 -0.254395 -0.578613
vn 0.916748 -0.392578 -0.072021
vn 0.598877 -0.768555 -0.223877
vn -0.640625 0.617188 0.456299
vn -0.610596 0.645996 0.457764
vn -0.421387 0.890137 -0.172363
vn 0.273438 -0.949219 0.154541
vn -0.307373 -0.950684 -0.037354
vn 0.010010 -0.966553 -0.255615
vn -0.384277 0.908447 -0.163574
vn -0.640625 0.617188 0.456299
vn -0.421387 0.890137 -0.172363
vn -0.446045 -0.274902 -0.851562
vn -0.873779 -0.093018 -0.477051
vn -0.679688 -0.338867 -0.650146
vn -0.998779 0.025391 0.041260
vn -0.871826 0.010498 0.489502
vn -0.787842 -0.032959 0.614746
vn 0.982666 0.157959 -0.096436
vn -0.446045 -0.274902 -0.851562
vn -0.445801 -0.484619 -0.752197
vn 0.982666 0.157959 -0.096436
vn -0.445801 -0.484619 -0.752197
vn 0.077637 -0.208740 -0.974854
vn 0.198242 -0.160889 -0.966797
vn -0.250977 -0.001709 -0.967773
vn -0.419434 -0.120361 -0.899658
vn 0.485107 -0.101807 -0.868408
vn 0.301758 -0.051025 -0.951904
vn 0.643311 0.136719 -0.753174
vn 0.485107 -0.101807 -0.868408
vn 0.643311 0.136719 -0.753174
vn 0.769043 -0.025635 -0.638428
vn 0.982666 0.157959 -0.096436
vn 0.077637 -0.208740 -0.974854
vn 0.785400 0.587402 0.194580
vn 0.982666 0.157959 -0.096436
vn 0.785400 0.587402 0.194580
vn 0.829346 0.482422 0.281006
vn -0.373535 -0.049316 -0.926025
vn -0.446045 -0.274902 -0.851562
vn -0.646729 -0.027588 -0.761963
vn -0.005127 0.017822 -0.999756
vn -0.419434 -0.120361 -0.899658
vn -0.373535 -0.049316 -0.926025
vn -0.373535 -0.049316 -0.926025
vn -0.646729 -0.027588 -0.761963
vn -0.005127 0.017822 -0.999756
vn -0.419434 -0.120361 -0.899658
vn -0.005127 0.017822 -0.999756
vn 0.645996 -0.024414 -0.762695
vn -0.419434 -0.120361 -0.899658
vn 0.645996 -0.024414 -0.762695
vn 0.769043 -0.025635 -0.638428
vn -0.998779 0.025391 0.041260
vn -0.961914 0.010742 -0.272461
vn 0.077637 -0.208740 -0.974854
vn -0.998779 0.025391 0.041260
vn 0.077637 -0.208740 -0.974854
vn -0.445801 -0.484619 -0.752197
vn -0.997314 -0.051514 -0.050537
vn -0.937012 -0.120850 -0.326904
vn -0.646729 -0.027588 -0.761963
vn -0.997314 -0.051514 -0.050537
vn -0.646729 -0.027588 -0.761963
vn -0.446045 -0.274902 -0.851562
vn -0.453613 -0.391113 -0.800537
vn 0.198242 -0.160889 -0.966797
vn -0.419434 -0.120361 -0.899658
vn 0.485107 -0.101807 -0.868408
vn 0.814453 -0.134521 -0.564209
vn 0.198242 -0.160889 -0.966797
vn 0.485107 -0.101807 -0.868408
vn 0.198242 -0.160889 -0.966797
vn -0.453613 -0.391113 -0.800537
vn -0.581299 0.314453 0.750244
vn -0.419434 -0.120361 -0.899658
vn -0.063965 0.343262 0.936768
vn -0.581299 0.314453 0.750244
vn -0.063965 0.343262 0.936768
vn -0.107422 0.536621 0.836670
vn 0.484131 -0.307617 0.818848
vn 0.730469 -0.571533 0.373047
vn 0.837891 -0.203613 0.505859
vn 0.619385 0.640381 0.453613
vn 0.199951 0.554199 0.807861
vn 0.739990 -0.119141 0.661621
vn 0.619385 0.640381 0.453613
vn 0.739990 -0.119141 0.661621
vn 0.858643 0.086426 0.504639
vn 0.890381 -0.124756 -0.437500
vn 0.814453 -0.134521 -0.564209
vn 0.987305 -0.151367 0.044678
vn 0.987305 -0.151367 0.044678
vn 0.814453 -0.134521 -0.564209
vn 0.769043 -0.025635 -0.638428
vn 0.987305 -0.151367 0.044678
vn 0.769043 -0.025635 -0.638428
vn 0.990479 -0.133545 0.026855
vn 0.990479 -0.133545 0.026855
vn 0.769043 -0.025635 -0.638428
vn 0.645996 -0.024414 -0.762695
vn 0.990479 -0.133545 0.026855
vn 0.645996 -0.024414 -0.762695
vn 0.987305 -0.156982 -0.015625
vn 0.987305 -0.156982 -0.015625
vn 0.645996 -0.024414 -0.762695
vn 0.630615 -0.013428 -0.775635
vn 0.987305 -0.156982 -0.015625
vn 0.630615 -0.013428 -0.775635
vn 0.989746 -0.121826 -0.073486
vn 0.989746 -0.121826 -0.073486
vn 0.630615 -0.013428 -0.775635
vn 0.799805 -0.014893 -0.599609
vn 0.989746 -0.121826 -0.073486
vn 0.799805 -0.014893 -0.599609
vn 0.996582 -0.057617 -0.055664
vn 0.996582 -0.057617 -0.055664
vn 0.799805 -0.014893 -0.599609
vn 0.743164 0.241943 -0.623535
vn 0.996582 -0.057617 -0.055664
vn 0.743164 0.241943 -0.623535
vn 0.972900 0.222412 0.061035
vn 0.972900 0.222412 0.061035
vn 0.743164 0.241943 -0.623535
vn 0.960938 -0.078369 -0.264404
vn 0.972900 0.222412 0.061035
vn 0.960938 -0.078369 -0.264404
vn 0.950928 0.283203 0.123779
vn 0.987305 -0.151367 0.044678
vn 0.678467 -0.196045 0.707764
vn 0.837891 -0.203613 0.505859
vn 0.837891 -0.203613 0.505859
vn 0.890381 -0.124756 -0.437500
vn 0.987305 -0.151367 0.044678
vn 0.990479 -0.133545 0.026855
vn 0.614258 -0.279053 0.738037
vn 0.678467 -0.196045 0.707764
vn 0.990479 -0.133545 0.026855
vn 0.678467 -0.196045 0.707764
vn 0.987305 -0.151367 0.044678
vn 0.987305 -0.156982 -0.015625
vn 0.614258 -0.279053 0.738037
vn 0.990479 -0.133545 0.026855
vn 0.868896 -0.207764 0.448975
vn 0.508057 -0.319336 0.799805
vn 0.614258 -0.279053 0.738037
vn 0.838623 -0.160400 0.520264
vn 0.173828 -0.364990 0.914307
vn 0.508057 -0.319336 0.799805
vn 0.858643 0.086426 0.504639
vn 0.739990 -0.119141 0.661621
vn 0.173828 -0.364990 0.914307
vn 0.858643 0.086426 0.504639
vn 0.173828 -0.364990 0.914307
vn 0.838623 -0.160400 0.520264
vn 0.950928 0.283203 0.123779
vn 0.960938 -0.078369 -0.264404
vn 0.682373 0.715820 0.147705
vn 0.950928 0.283203 0.123779
vn 0.682373 0.715820 0.147705
vn 0.619385 0.640381 0.453613
vn 0.858643 0.086426 0.504639
vn 0.972900 0.222412 0.061035
vn 0.950928 0.283203 0.123779
vn 0.858643 0.086426 0.504639
vn 0.950928 0.283203 0.123779
vn 0.619385 0.640381 0.453613
vn 0.838623 -0.160400 0.520264
vn 0.996582 -0.057617 -0.055664
vn 0.972900 0.222412 0.061035
vn 0.838623 -0.160400 0.520264
vn 0.972900 0.222412 0.061035
vn 0.858643 0.086426 0.504639
vn 0.868896 -0.207764 0.448975
vn 0.989746 -0.121826 -0.073486
vn 0.996582 -0.057617 -0.055664
vn 0.868896 -0.207764 0.448975
vn 0.996582 -0.057617 -0.055664
vn 0.838623 -0.160400 0.520264
vn 0.614258 -0.279053 0.738037
vn 0.987305 -0.156982 -0.015625
vn 0.989746 -0.121826 -0.073486
vn 0.614258 -0.279053 0.738037
vn 0.989746 -0.121826 -0.073486
vn 0.868896 -0.207764 0.448975
vn -0.872559 -0.119629 0.473145
vn -0.978760 -0.046143 -0.199219
vn -0.976562 -0.154297 -0.148193
vn -0.872559 -0.119629 0.473145
vn -0.976562 -0.154297 -0.148193
vn -0.679199 -0.322021 0.659180
vn -0.679199 -0.322021 0.659180
vn -0.976562 -0.154297 -0.148193
vn -0.944580 -0.224854 0.238281
vn -0.679199 -0.322021 0.659180
vn -0.944580 -0.224854 0.238281
vn -0.371582 -0.278076 0.885498
vn -0.371582 -0.278076 0.885498
vn -0.944580 -0.224854 0.238281
vn -0.787842 -0.032959 0.614746
vn -0.371582 -0.278076 0.885498
vn -0.787842 -0.032959 0.614746
vn 0.016357 -0.166016 0.985840
vn -0.787842 -0.032959 0.614746
vn -0.871826 0.010498 0.489502
vn -0.039551 -0.065186 0.996826
vn -0.924561 0.067627 0.374756
vn -0.994141 0.092285 -0.052490
vn -0.978760 -0.046143 -0.199219
vn -0.924561 0.067627 0.374756
vn -0.978760 -0.046143 -0.199219
vn -0.872559 -0.119629 0.473145
vn -0.568848 -0.301758 0.764893
vn 0.173828 -0.364990 0.914307
vn -0.645264 -0.293213 0.705322
vn -0.164551 -0.405518 0.898926
vn 0.508057 -0.319336 0.799805
vn 0.173828 -0.364990 0.914307
vn 0.614258 -0.279053 0.738037
vn 0.508057 -0.319336 0.799805
vn -0.164551 -0.405518 0.898926
vn 0.016357 -0.166016 0.985840
vn 0.678467 -0.196045 0.707764
vn 0.614258 -0.279053 0.738037
vn 0.016357 -0.166016 0.985840
vn 0.614258 -0.279053 0.738037
vn -0.371582 -0.278076 0.885498
vn 0.016357 -0.166016 0.985840
vn -0.787842 -0.032959 0.614746
vn -0.039551 -0.065186 0.996826
vn 0.016357 -0.166016 0.985840
vn -0.039551 -0.065186 0.996826
vn 0.837891 -0.203613 0.505859
vn -0.872559 -0.119629 0.473145
vn -0.828369 0.066895 0.555908
vn -0.924561 0.067627 0.374756
vn -0.164551 -0.405518 0.898926
vn -0.679199 -0.322021 0.659180
vn -0.371582 -0.278076 0.885498
vn -0.164551 -0.405518 0.898926
vn -0.371582 -0.278076 0.885498
vn 0.614258 -0.279053 0.738037
vn -0.568848 -0.301758 0.764893
vn -0.872559 -0.119629 0.473145
vn -0.679199 -0.322021 0.659180
vn -0.568848 -0.301758 0.764893
vn -0.679199 -0.322021 0.659180
vn -0.164551 -0.405518 0.898926
vn -0.828369 0.066895 0.555908
vn -0.872559 -0.119629 0.473145
vn -0.568848 -0.301758 0.764893
vn -0.645264 -0.293213 0.705322
vn -0.828369 0.066895 0.555908
vn -0.568848 -0.301758 0.764893
vn 0.829346 0.482422 0.281006
vn 0.856445 0.367920 0.361328
vn -0.446045 -0.274902 -0.851562
vn 0.829346 0.482422 0.281006
vn -0.446045 -0.274902 -0.851562
vn 0.982666 0.157959 -0.096436
vn -0.107422 0.536621 0.836670
vn -0.145508 0.703369 0.695557
vn -0.867920 -0.020264 -0.496094
vn -0.107422 0.536621 0.836670
vn -0.867920 -0.020264 -0.496094
vn -0.581299 0.314453 0.750244
vn -0.998779 0.025391 0.041260
vn -0.997314 -0.051514 -0.050537
vn -0.985596 0.167236 0.022705
vn -0.998779 0.025391 0.041260
vn -0.985596 0.167236 0.022705
vn -0.961914 0.010742 -0.272461
vn -0.445801 -0.484619 -0.752197
vn -0.679688 -0.338867 -0.650146
vn -0.871826 0.010498 0.489502
vn -0.445801 -0.484619 -0.752197
vn -0.871826 0.010498 0.489502
vn -0.998779 0.025391 0.041260
vn -0.446045 -0.274902 -0.851562
vn -0.679688 -0.338867 -0.650146
vn -0.445801 -0.484619 -0.752197
vn -0.419434 -0.120361 -0.899658
vn -0.581299 0.314453 0.750244
vn -0.867920 -0.020264 -0.496094
vn -0.419434 -0.120361 -0.899658
vn -0.867920 -0.020264 -0.496094
vn -0.453613 -0.391113 -0.800537
vn -0.453613 -0.391113 -0.800537
vn -0.867920 -0.020264 -0.496094
vn 0.301758 -0.051025 -0.951904
vn -0.453613 -0.391113 -0.800537
vn 0.301758 -0.051025 -0.951904
vn 0.485107 -0.101807 -0.868408
vn 0.769043 -0.025635 -0.638428
vn 0.814453 -0.134521 -0.564209
vn 0.485107 -0.101807 -0.868408
vn -0.787842 -0.032959 0.614746
vn -0.997314 -0.051514 -0.050537
vn -0.998779 0.025391 0.041260
vn 0.173828 -0.364990 0.914307
vn -0.568848 -0.301758 0.764893
vn -0.164551 -0.405518 0.898926
vn 0.508057 -0.319336 0.799805
vn 0.868896 -0.207764 0.448975
vn 0.838623 -0.160400 0.520264
vn 0.923828 0.301514 -0.234619
vn 0.427490 -0.220215 -0.876465
vn -0.365479 0.607178 -0.705322
vn 0.454590 0.286133 -0.843262
vn 0.378662 0.465820 -0.799561
vn -0.807373 0.565430 -0.167480
vn 0.717529 0.688232 0.105957
vn 0.923828 0.301514 -0.234619
vn -0.365479 0.607178 -0.705322
vn 0.717529 0.688232 0.105957
vn -0.365479 0.607178 -0.705322
vn -0.392578 0.293945 -0.871338
vn 0.682373 0.715820 0.147705
vn 0.717529 0.688232 0.105957
vn -0.392578 0.293945 -0.871338
vn 0.682373 0.715820 0.147705
vn -0.392578 0.293945 -0.871338
vn -0.010254 0.866455 -0.499023
vn -0.641602 0.724854 0.250000
vn 0.682373 0.715820 0.147705
vn -0.010254 0.866455 -0.499023
vn -0.641602 0.724854 0.250000
vn -0.010254 0.866455 -0.499023
vn 0.454590 0.286133 -0.843262
vn 0.454590 0.286133 -0.843262
vn -0.807373 0.565430 -0.167480
vn -0.641602 0.724854 0.250000
vn 0.000000 1.000000 0.000000
vn 0.000000 1.000000 0.000000
vn 0.000000 1.000000 0.000000
vn 0.920898 0.000000 0.389404
vn 0.375732 0.000000 0.926514
vn 0.375732 0.000000 0.926514
vn 0.920898 0.000000 0.389404
vn 0.375732 0.000000 0.926514
vn 0.920898 0.000000 0.389404
vn 0.000000 -1.000000 0.000000
vn 0.000000 -1.000000 0.000000
vn 0.000000 -1.000000 0.000000
vn 0.000000 1.000000 0.000000
vn 0.000000 1.000000 0.000000
vn 0.000000 1.000000 0.000000
vn 0.375732 0.000000 0.926514
vn -0.389404 0.000000 0.920898
vn -0.389404 0.000000 0.920898
vn 0.375732 0.000000 0.926514
vn -0.389404 0.000000 0.920898
vn 0.375732 0.000000 0.926514
vn 0.000000 -1.000000 0.000000
vn 0.000000 -1.000000 0.000000
vn 0.000000 -1.000000 0.000000
vn 0.000000 1.000000 0.000000
vn 0.000000 1.000000 0.000000
vn 0.000000 1.000000 0.000000
vn -0.389404 0.000000 0.920898
vn -0.926514 0.000000 0.375732
vn -0.926514 0.000000 0.375732
vn -0.389404 0.000000 0.920898
vn -0.926514 0.000000 0.375732
vn -0.389404 0.000000 0.920898
vn 0.000000 -1.000000 0.000000
vn 0.000000 -1.000000 0.000000
vn 0.000000 -1.000000 0.000000
vn 0.000000 1.000000 0.000000
vn 0.000000 1.000000 0.000000
vn 0.000000 1.000000 0.000000
vn -0.926514 0.000000 0.375732
vn -0.920898 0.000000 -0.389404
vn -0.920898 0.000000 -0.389404
vn -0.926514 0.000000 0.375732
vn -0.920898 0.000000 -0.389404
vn -0.926514 0.000000 0.375732
vn 0.000000 -1.000000 0.000000
vn 0.000000 -1.000000 0.000000
vn 0.000000 -1.000000 0.000000
vn 0.000000 1.000000 0.000000
vn 0.000000 1.000000 0.000000
vn 0.000000 1.000000 0.000000
vn -0.920898 0.000000 -0.389404
vn -0.375732 0.000000 -0.926514
vn -0.375732 0.000000 -0.926514
vn -0.920898 0.000000 -0.389404
vn -0.375732 0.000000 -0.926514
vn -0.920898 0.000000 -0.389404
vn 0.000000 -1.000000 0.000000
vn 0.000000 -1.000000 0.000000
vn 0.000000 -1.000000 0.000000
vn 0.000000 1.000000 0.000000
vn 0.000000 1.000000 0.000000
vn 0.000000 1.000000 0.000000
vn -0.375732 0.000000 -0.926514
vn 0.389404 0.000000 -0.920898
vn 0.389404 0.000000 -0.920898
vn -0.375732 0.000000 -0.926514
vn 0.389404 0.000000 -0.920898
vn -0.375732 0.000000 -0.926514
vn 0.000000 -1.000000 0.000000
vn 0.000000 -1.000000 0.000000
vn 0.000000 -1.000000 0.000000
vn 0.000000 1.000000 0.000000
vn 0.000000 1.000000 0.000000
vn 0.000000 1.000000 0.000000
vn 0.389404 0.000000 -0.920898
vn 0.926514 0.000000 -0.375732
vn 0.926514 0.000000 -0.375732
vn 0.389404 0.000000 -0.920898
vn 0.926514 0.000000 -0.375732
vn 0.389404 0.000000 -0.920898
vn 0.000000 -1.000000 0.000000
vn 0.000000 -1.000000 0.000000
vn 0.000000 -1.000000 0.000000
vn 0.000000 1.000000 0.000000
vn 0.000000 1.000000 0.000000
vn 0.000000 1.000000 0.000000
vn 0.926514 0.000000 -0.375732
vn 0.920898 0.000000 0.389404
vn 0.920898 0.000000 0.389404
vn 0.926514 0.000000 -0.375732
vn 0.920898 0.000000 0.389404
vn 0.926514 0.000000 -0.375732
vn 0.000000 -1.000000 0.000000
vn 0.000000 -1.000000 0.000000
vn 0.000000 -1.000000 0.000000
usemtl Texture
f 1/1/1 2/2/2 3/3/3
f 4/4/4 5/5/5 6/6/6
f 7/7/7 8/8/8 9/9/9
f 10/10/10 11/11/11 12/12/12
f 13/13/13 14/14/14 15/15/15
f 16/16/16 17/17/17 18/18/18
f 19/19/19 20/20/20 21/21/21
f 22/22/22 23/23/23 24/24/24
f 25/25/25 26/26/26 27/27/27
f 28/28/28 29/29/29 30/30/30
f 31/31/31 32/32/32 33/33/33
f 34/34/34 35/35/35 36/36/36
f 37/37/37 38/38/38 39/39/39
f 40/40/40 41/41/41 42/42/42
f 43/43/43 44/44/44 45/45/45
f 46/46/46 47/47/47 48/48/48
f 49/49/49 50/50/50 51/51/51
f 52/52/52 53/53/53 54/54/54
f 55/55/55 56/56/56 57/57/57
f 58/58/58 59/59/59 60/60/60
f 61/61/61 62/62/62 63/63/63
f 64/64/64 65/65/65 66/66/66
f 67/67/67 68/68/68 69/69/69
f 70/70/70 71/71/71 72/72/72
f 73/73/73 74/74/74 75/75/75
f 76/76/76 77/77/77 78/78/78
f 79/79/79 80/80/80 81/81/81
f 82/82/82 83/83/83 84/84/84
f 85/85/85 86/86/86 87/87/87
f 88/88/88 89/89/89 90/90/90
f 91/91/91 92/92/92 93/93/93
f 94/94/94 95/95/95 96/96/96
f 97/97/97 98/98/98 99/99/99
f 100/100/100 101/101/101 102/102/102
f 103/103/103 104/104/104 105/105/105
f 106/106/106 107/107/107 108/108/108
f 109/109/109 110/110/110 111/111/111
f 112/112/112 113/113/113 114/114/114
f 115/115/115 116/116/116 117/117/117
f 118/118/118 119/119/119 120/120/120
f 121/121/121 122/122/122 123/123/123
f 124/124/124 125/125/125 126/126/126
f 127/127/127 128/128/128 129/129/129
f 130/130/130 131/131/131 132/132/132
f 133/133/133 134/134/134 135/135/135
f 136/136/136 137/137/137 138/138/138
f 139/139/139 140/140/140 141/141/141
f 142/142/142 143/143/143 144/144/144
f 145/145/145 146/146/146 147/147/147
f 148/148/148 149/149/149 150/150/150
f 151/151/151 152/152/152 153/153/153
f 154/154/154 155/155/155 156/156/156
f 157/157/157 158/158/158 159/159/159
f 160/160/160 161/161/161 162/162/162
f 163/163/163 164/164/164 165/165/165
f 166/166/166 167/167/167 168/168/168
f 169/169/169 170/170/170 171/171/171
f 172/172/172 173/173/173 174/174/174
f 175/175/175 176/176/176 177/177/177
f 178/178/178 179/179/179 180/180/180
f 181/181/181 182/182/182 183/183/183
f 184/184/184 185/185/185 186/186/186
f 187/187/187 188/188/188 189/189/189
f 190/190/190 191/191/191 192/192/192
f 193/193/193 194/194/194 195/195/195
f 196/196/196 197/197/197 198/198/198
f 199/199/199 200/200/200 201/201/201
f 202/202/202 203/203/203 204/204/204
f 205/205/205 206/206/206 207/207/207
f 208/208/208 209/209/209 210/210/210
f 211/211/211 212/212/212 213/213/213
f 214/214/214 215/215/215 216/216/216
f 217/217/217 218/218/218 219/219/219
f 220/220/220 221/221/221 222/222/222
f 223/223/223 224/224/224 225/225/225
f 226/226/226 227/227/227 228/228/228
f 229/229/229 230/230/230 231/231/231
f 232/232/232 233/233/233 234/234/234
f 235/235/235 236/236/236 237/237/237
f 238/238/238 239/239/239 240/240/240
f 241/241/241 242/242/242 243/243/243
f 244/244/244 245/245/245 246/246/246
f 247/247/247 248/248/248 249/249/249
f 250/250/250 251/251/251 252/252/252
f 253/253/253 254/254/254 255/255/255
f 256/256/256 257/257/257 258/258/258
f 259/259/259 260/260/260 261/261/261
f 262/262/262 263/263/263 264/264/264
f 265/265/265 266/266/266 267/267/267
f 268/268/268 269/269/269 270/270/270
f 271/271/271 272/272/272 273/273/273
f 274/274/274 275/275/275 276/276/276
f 277/277/277 278/278/278 279/279/279
f 280/280/280 281/281/281 282/282/282
f 283/283/283 284/284/284 285/285/285
f 286/286/286 287/287/287 288/288/288
f 289/289/289 290/290/290 291/291/291
f 292/292/292 293/293/293 294/294/294
f 295/295/295 296/296/296 297/297/297
f 298/298/298 299/299/299 300/300/300
f 301/301/301 302/302/302 303/303/303
f 304/304/304 305/305/305 306/306/306
f 307/307/307 308/308/308 309/309/309
f 310/310/310 311/311/311 312/312/312
f 313/313/313 314/314/314 315/315/315
f 316/316/316 317/317/317 318/318/318
f 319/319/319 320/320/320 321/321/321
f 322/322/322 323/323/323 324/324/324
f 325/325/325 326/326/326 327/327/327
f 328/328/328 329/329/329 330/330/330
f 331/331/331 332/332/332 333/333/333
f 334/334/334 335/335/335 336/336/336
f 337/337/337 338/338/338 339/339/339
f 340/340/340 341/341/341 342/342/342
f 343/343/343 344/344/344 345/345/345
f 346/346/346 347/347/347 348/348/348
f 349/349/349 350/350/350 351/351/351
f 352/352/352 353/353/353 354/354/354
f 355/355/355 356/356/356 357/357/357
f 358/358/358 359/359/359 360/360/360
f 361/361/361 362/362/362 363/363/363
f 364/364/364 365/365/365 366/366/366
f 367/367/367 368/368/368 369/369/369
f 370/370/370 371/371/371 372/372/372
f 373/373/373 374/374/374 375/375/375
f 376/376/376 377/377/377 378/378/378
f 379/379/379 380/380/380 381/381/381
f 382/382/382 383/383/383 384/384/384
f 385/385/385 386/386/386 387/387/387
f 388/388/388 389/389/389 390/390/390
f 391/391/391 392/392/392 393/393/393
f 394/394/394 395/395/395 396/396/396
f 397/397/397 398/398/398 399/399/399
f 400/400/400 401/401/401 402/402/402
f 403/403/403 404/404/404 405/405/405
f 406/406/406 407/407/407 408/408/408
f 409/409/409 410/410/410 411/411/411
f 412/412/412 413/413/413 414/414/414
f 415/415/415 416/416/416 417/417/417
f 418/418/418 419/419/419 420/420/420
f 421/421/421 422/422/422 423/423/423
f 424/424/424 425/425/425 426/426/426
f 427/427/427 428/428/428 429/429/429
f 430/430/430 431/431/431 432/432/432
f 433/433/433 434/434/434 435/435/435
f 436/436/436 437/437/437 438/438/438
f 439/439/439 440/440/440 441/441/441
f 442/442/442 443/443/443 444/444/444
f 445/445/445 446/446/446 447/447/447
f 448/448/448 449/449/449 450/450/450
f 451/451/451 452/452/452 453/453/453
f 454/454/454 455/455/455 456/456/456
f 457/457/457 458/458/458 459/459/459
f 460/460/460 461/461/461 462/462/462
f 463/463/463 464/464/464 465/465/465
f 466/466/466 467/467/467 468/468/468
f 469/469/469 470/470/470 471/471/471
f 472/472/472 473/473/473 474/474/474
f 475/475/475 476/476/476 477/477/477
f 478/478/478 479/479/479 480/480/480
f 481/481/481 482/482/482 483/483/483
f 484/484/484 485/485/485 486/486/486
f 487/487/487 488/488/488 489/489/489
f 490/490/490 491/491/491 492/492/492
f 493/493/493 494/494/494 495/495/495
f 496/496/496 497/497/497 498/498/498
f 499/499/499 500/500/500 501/501/501
f 502/502/502 503/503/503 504/504/504
f 505/505/505 506/506/506 507/507/507
f 508/508/508 509/509/509 510/510/510
f 511/511/511 512/512/512 513/513/513
f 514/514/514 515/515/515 516/516/516
f 517/517/517 518/518/518 519/519/519
f 520/520/520 521/521/521 522/522/522
f 523/523/523 524/524/524 525/525/525
f 526/526/526 527/527/527 528/528/528
f 529/529/529 530/530/530 531/531/531
f 532/532/532 533/533/533 534/534/534
f 535/535/535 536/536/536 537/537/537
f 538/538/538 539/539/539 540/540/540
f 541/541/541 542/542/542 543/543/543
f 544/544/544 545/545/545 546/546/546
f 547/547/547 548/548/548 549/549/549
f 550/550/550 551/551/551 552/552/552
f 553/553/553 554/554/554 555/555/555
f 556/556/556 557/557/557 558/558/558
f 559/559/559 560/560/560 561/561/561
f 562/562/562 563/563/563 564/564/564
f 565/565/565 566/566/566 567/567/567
f 568/568/568 569/569/569 570/570/570
f 571/571/571 572/572/572 573/573/573
f 574/574/574 575/575/575 576/576/576
f 577/577/577 578/578/578 579/579/579
f 580/580/580 581/581/581 582/582/582
f 583/583/583 584/584/584 585/585/585
f 586/586/586 587/587/587 588/588/588
f 589/589/589 590/590/590 591/591/591
f 592/592/592 593/593/593 594/594/594
f 595/595/595 596/596/596 597/597/597
f 598/598/598 599/599/599 600/600/600
f 601/601/601 602/602/602 603/603/603
f 604/604/604 605/605/605 606/606/606
f 607/607/607 608/608/608 609/609/609
f 610/610/610 611/611/611 612/612/612
f 613/613/613 614/614/614 615/615/615
f 616/616/616 617/617/617 618/618/618
f 619/619/619 620/620/620 621/621/621
f 622/622/622 623/623/623 624/624/624
f 625/625/625 626/626/626 627/627/627
f 628/628/628 629/629/629 630/630/630
f 631/631/631 632/632/632 633/633/633
f 634/634/634 635/635/635 636/636/636
f 637/637/637 638/638/638 639/639/639
f 640/640/640 641/641/641 642/642/642
f 643/643/643 644/644/644 645/645/645
f 646/646/646 647/647/647 648/648/648
f 649/649/649 650/650/650 651/651/651
f 652/652/652 653/653/653 654/654/654
f 655/655/655 656/656/656 657/657/657
f 658/658/658 659/659/659 660/660/660
f 661/661/661 662/662/662 663/663/663
f 664/664/664 665/665/665 666/666/666
f 667/667/667 668/668/668 669/669/669
f 670/670/670 671/671/671 672/672/672
f 673/673/673 674/674/674 675/675/675
f 676/676/676 677/677/677 678/678/678
f 679/679/679 680/680/680 681/681/681
f 682/682/682 683/683/683 684/684/684
f 685/685/685 686/686/686 687/687/687
f 688/688/688 689/689/689 690/690/690
f 691/691/691 692/692/692 693/693/693
f 694/694/694 695/695/695 696/696/696
f 697/697/697 698/698/698 699/699/699
f 700/700/700 701/701/701 702/702/702
f 703/703/703 704/704/704 705/705/705
f 706/706/706 707/707/707 708/708/708
f 709/709/709 710/710/710 711/711/711
f 712/712/712 713/713/713 714/714/714
f 715/715/715 716/716/716 717/717/717
f 718/718/718 719/719/719 720/720/720
f 721/721/721 722/722/722 723/723/723
f 724/724/724 725/725/725 726/726/726
f 727/727/727 728/728/728 729/729/729
f 730/730/730 731/731/731 732/732/732
f 733/733/733 734/734/734 735/735/735
f 736/736/736 737/737/737 738/738/738
f 739/739/739 740/740/740 741/741/741
f 742/742/742 743/743/743 744/744/744
f 745/745/745 746/746/746 747/747/747
f 748/748/748 749/749/749 750/750/750
f 751/751/751 752/752/752 753/753/753
f 754/754/754 755/755/755 756/756/756
f 757/757/757 758/758/758 759/759/759
f 760/760/760 761/761/761 762/762/762
f 763/763/763 764/764/764 765/765/765
f 766/766/766 767/767/767 768/768/768
f 769/769/769 770/770/770 771/771/771
f 772/772/772 773/773/773 774/774/774
f 775/775/775 776/776/776 777/777/777
f 778/778/778 779/779/779 780/780/780
f 781/781/781 782/782/782 783/783/783
f 784/784/784 785/785/785 786/786/786
f 787/787/787 788/788/788 789/789/789
f 790/790/790 791/791/791 792/792/792
f 793/793/793 794/794/794 795/795/795
f 796/796/796 797/797/797 798/798/798
f 799/799/799 800/800/800 801/801/801
f 802/802/802 803/803/803 804/804/804
f 805/805/805 806/806/806 807/807/807
f 808/808/808 809/809/809 810/810/810
f 811/811/811 812/812/812 813/813/813
f 814/814/814 815/815/815 816/816/816
f 817/817/817 818/818/818 819/819/819
f 820/820/820 821/821/821 822/822/822
f 823/823/823 824/824/824 825/825/825
f 826/826/826 827/827/827 828/828/828
f 829/829/829 830/830/830 831/831/831
f 832/832/832 833/833/833 834/834/834
f 835/835/835 836/836/836 837/837/837
f 838/838/838 839/839/839 840/840/840
f 841/841/841 842/842/842 843/843/843
f 844/844/844 845/845/845 846/846/846
f 847/847/847 848/848/848 849/849/849
f 850/850/850 851/851/851 852/852/852
f 853/853/853 854/854/854 855/855/855
f 856/856/856 857/857/857 858/858/858
f 859/859/859 860/860/860 861/861/861
f 862/862/862 863/863/863 864/864/864
f 865/865/865 866/866/866 867/867/867
f 868/868/868 869/869/869 870/870/870
f 871/871/871 872/872/872 873/873/873
f 874/874/874 875/875/875 876/876/876
f 877/877/877 878/878/878 879/879/879
f 880/880/880 881/881/881 882/882/882
f 883/883/883 884/884/884 885/885/885
f 886/886/886 887/887/887 888/888/888
f 889/889/889 890/890/890 891/891/891
f 892/892/892 893/893/893 894/894/894
f 895/895/895 896/896/896 897/897/897
f 898/898/898 899/899/899 900/900/900
f 901/901/901 902/902/902 903/903/903
f 904/904/904 905/905/905 906/906/906
f 907/907/907 908/908/908 909/909/909
f 910/910/910 911/911/911 912/912/912
f 913/913/913 914/914/914 915/915/915
f 916/916/916 917/917/917 918/918/918
f 919/919/919 920/920/920 921/921/921
f 922/922/922 923/923/923 924/924/924
f 925/925/925 926/926/926 927/927/927
f 928/928/928 929/929/929 930/930/930
f 931/931/931 932/932/932 933/933/933
f 934/934/934 935/935/935 936/936/936
f 937/937/937 938/938/938 939/939/939
f 940/940/940 941/941/941 942/942/942
f 943/943/943 944/944/944 945/945/945
f 946/946/946 947/947/947 948/948/948
f 949/949/949 950/950/950 951/951/951
f 952/952/952 953/953/953 954/954/954
f 955/955/955 956/956/956 957/957/957
f 958/958/958 959/959/959 960/960/960
f 961/961/961 962/962/962 963/963/963
f 964/964/964 965/965/965 966/966/966
f 967/967/967 968/968/968 969/969/969
f 970/970/970 971/971/971 972/972/972
f 973/973/973 974/974/974 975/975/975
f 976/976/976 977/977/977 978/978/978
f 979/979/979 980/980/980 981/981/981
f 982/982/982 983/983/983 984/984/984
f 985/985/985 986/986/986 987/987/987
f 988/988/988 989/989/989 990/990/990
f 991/991/991 992/992/992 993/993/993
f 994/994/994 995/995/995 996/996/996
f 997/997/997 998/998/998 999/999/999
f 1000/1000/1000 1001/1001/1001 1002/1002/1002
f 1003/1003/1003 1004/1004/1004 1005/1005/1005
f 1006/1006/1006 1007/1007/1007 1008/1008/1008
f 1009/1009/1009 1010/1010/1010 1011/1011/1011
f 1012/1012/1012 1013/1013/1013 1014/1014/1014
f 1015/1015/1015 1016/1016/1016 1017/1017/1017
f 1018/1018/1018 1019/1019/1019 1020/1020/1020
f 1021/1021/1021 1022/1022/1022 1023/1023/1023
f 1024/1024/1024 1025/1025/1025 1026/1026/1026
f 1027/1027/1027 1028/1028/1028 1029/1029/1029
f 1030/1030/1030 1031/1031/1031 1032/1032/1032
f 1033/1033/1033 1034/1034/1034 1035/1035/1035
f 1036/1036/1036 1037/1037/1037 1038/1038/1038
f 1039/1039/1039 1040/1040/1040 1041/1041/1041
f 1042/1042/1042 1043/1043/1043 1044/1044/1044
f 1045/1045/1045 1046/1046/1046 1047/1047/1047
f 1048/1048/1048 1049/1049/1049 1050/1050/1050
f 1051/1051/1051 1052/1052/1052 1053/1053/1053
f 1054/1054/1054 1055/1055/1055 1056/1056/1056
f 1057/1057/1057 1058/1058/1058 1059/1059/1059
f 1060/1060/1060 1061/1061/1061 1062/1062/1062
f 1063/1063/1063 1064/1064/1064 1065/1065/1065
f 1066/1066/1066 1067/1067/1067 1068/1068/1068
f 1069/1069/1069 1070/1070/1070 1071/1071/1071
f 1072/1072/1072 1073/1073/1073 1074/1074/1074
f 1075/1075/1075 1076/1076/1076 1077/1077/1077
f 1078/1078/1078 1079/1079/1079 1080/1080/1080
f 1081/1081/1081 1082/1082/1082 1083/1083/1083
f 1084/1084/1084 1085/1085/1085 1086/1086/1086
f 1087/1087/1087 1088/1088/1088 1089/1089/1089
f 1090/1090/1090 1091/1091/1091 1092/1092/1092
f 1093/1093/1093 1094/1094/1094 1095/1095/1095
f 1096/1096/1096 1097/1097/1097 1098/1098/1098
f 1099/1099/1099 1100/1100/1100 1101/1101/1101
f 1102/1102/1102 1103/1103/1103 1104/1104/1104
f 1105/1105/1105 1106/1106/1106 1107/1107/1107
f 1108/1108/1108 1109/1109/1109 1110/1110/1110
f 1111/1111/1111 1112/1112/1112 1113/1113/1113
f 1114/1114/1114 1115/1115/1115 1116/1116/1116
f 1117/1117/1117 1118/1118/1118 1119/1119/1119
f 1120/1120/1120 1121/1121/1121 1122/1122/1122
f 1123/1123/1123 1124/1124/1124 1125/1125/1125
f 1126/1126/1126 1127/1127/1127 1128/1128/1128
f 1129/1129/1129 1130/1130/1130 1131/1131/1131
f 1132/1132/1132 1133/1133/1133 1134/1134/1134
f 1135/1135/1135 1136/1136/1136 1137/1137/1137
f 1138/1138/1138 1139/1139/1139 1140/1140/1140
f 1141/1141/1141 1142/1142/1142 1143/1143/1143
f 1144/1144/1144 1145/1145/1145 1146/1146/1146
f 1147/1147/1147 1148/1148/1148 1149/1149/1149
f 1150/1150/1150 1151/1151/1151 1152/1152/1152
f 1153/1153/1153 1154/1154/1154 1155/1155/1155
f 1156/1156/1156 1157/1157/1157 1158/1158/1158
f 1159/1159/1159 1160/1160/1160 1161/1161/1161
f 1162/1162/1162 1163/1163/1163 1164/1164/1164
f 1165/1165/1165 1166/1166/1166 1167/1167/1167
f 1168/1168/1168 1169/1169/1169 1170/1170/1170
f 1171/1171/1171 1172/1172/1172 1173/1173/1173
f 1174/1174/1174 1175/1175/1175 1176/1176/1176
f 1177/1177/1177 1178/1178/1178 1179/1179/1179
f 1180/1180/1180 1181/1181/1181 1182/1182/1182
f 1183/1183/1183 1184/1184/1184 1185/1185/1185
f 1186/1186/1186 1187/1187/1187 1188/1188/1188
f 1189/1189/1189 1190/1190/1190 1191/1191/1191
f 1192/1192/1192 1193/1193/1193 1194/1194/1194
f 1195/1195/1195 1196/1196/1196 1197/1197/1197
f 1198/1198/1198 1199/1199/1199 1200/1200/1200
