# OBJ file
mtllib HH2kIcon.ico.mtl
v 0.802490 1.820801 -1.715332 0.498039 0.498039 0.498039 #1.000000
v 0.802490 1.326172 -1.566895 0.498039 0.498039 0.498039 #1.000000
v -0.137207 1.276611 -1.764893 0.498039 0.498039 0.498039 #1.000000
v 0.802490 1.820801 -1.715332 0.498039 0.498039 0.498039 #1.000000
v -0.137207 1.276611 -1.764893 0.498039 0.498039 0.498039 #1.000000
v -0.137207 1.721924 -1.913330 0.498039 0.498039 0.498039 #1.000000
v 0.555176 2.810303 -1.814209 0.498039 0.498039 0.498039 #1.000000
v 0.703613 2.315674 -1.814209 0.498039 0.498039 0.498039 #1.000000
v -0.137207 2.216553 -2.061768 0.498039 0.498039 0.498039 #1.000000
v 0.555176 2.810303 -1.814209 0.498039 0.498039 0.498039 #1.000000
v -0.137207 2.216553 -2.061768 0.498039 0.498039 0.498039 #1.000000
v -0.137207 2.711426 -2.012207 0.498039 0.498039 0.498039 #1.000000
v 0.703613 2.315674 -1.814209 0.498039 0.498039 0.498039 #1.000000
v 0.802490 1.820801 -1.715332 0.498039 0.498039 0.498039 #1.000000
v -0.137207 1.721924 -1.913330 0.498039 0.498039 0.498039 #1.000000
v 0.703613 2.315674 -1.814209 0.498039 0.498039 0.498039 #1.000000
v -0.137207 1.721924 -1.913330 0.498039 0.498039 0.498039 #1.000000
v -0.137207 2.216553 -2.061768 0.498039 0.498039 0.498039 #1.000000
v -0.137207 3.799805 -0.181641 0.498039 0.498039 0.498039 #1.000000
v -0.137207 3.948242 0.312988 0.498039 0.498039 0.498039 #1.000000
v 0.010986 3.948242 0.263428 0.498039 0.498039 0.498039 #1.000000
v -0.137207 3.799805 -0.181641 0.498039 0.498039 0.498039 #1.000000
v 0.010986 3.948242 0.263428 0.498039 0.498039 0.498039 #1.000000
v 0.109863 3.898682 0.213867 0.498039 0.498039 0.498039 #1.000000
v -0.137207 3.799805 -0.181641 0.498039 0.498039 0.498039 #1.000000
v 0.109863 3.898682 0.213867 0.498039 0.498039 0.498039 #1.000000
v 0.258301 3.898682 0.114990 0.498039 0.498039 0.498039 #1.000000
v -0.137207 3.799805 -0.181641 0.498039 0.498039 0.498039 #1.000000
v 0.258301 3.898682 0.114990 0.498039 0.498039 0.498039 #1.000000
v 0.307861 3.849365 -0.033203 0.498039 0.498039 0.498039 #1.000000
v -0.137207 3.799805 -0.181641 0.498039 0.498039 0.498039 #1.000000
v 0.307861 3.849365 -0.033203 0.498039 0.498039 0.498039 #1.000000
v 0.406738 3.750244 -0.231201 0.498039 0.498039 0.498039 #1.000000
v -0.137207 3.799805 -0.181641 0.498039 0.498039 0.498039 #1.000000
v 0.406738 3.750244 -0.231201 0.498039 0.498039 0.498039 #1.000000
v 0.357178 3.651367 -0.528076 0.498039 0.498039 0.498039 #1.000000
v -0.137207 3.799805 -0.181641 0.498039 0.498039 0.498039 #1.000000
v 0.357178 3.651367 -0.528076 0.498039 0.498039 0.498039 #1.000000
v 0.307861 3.601807 -0.676270 0.498039 0.498039 0.498039 #1.000000
v -0.137207 3.799805 -0.181641 0.498039 0.498039 0.498039 #1.000000
v 0.307861 3.601807 -0.676270 0.498039 0.498039 0.498039 #1.000000
v 0.208740 3.552490 -0.874268 0.498039 0.498039 0.498039 #1.000000
v -0.137207 3.799805 -0.181641 0.498039 0.498039 0.498039 #1.000000
v 0.208740 3.552490 -0.874268 0.498039 0.498039 0.498039 #1.000000
v 0.109863 3.502930 -0.973145 0.498039 0.498039 0.498039 #1.000000
v -0.137207 3.799805 -0.181641 0.498039 0.498039 0.498039 #1.000000
v 0.109863 3.502930 -0.973145 0.498039 0.498039 0.498039 #1.000000
v -0.137207 3.502930 -1.022705 0.498039 0.498039 0.498039 #1.000000
v -0.137207 3.948242 0.312988 0.498039 0.498039 0.498039 #1.000000
v -0.137207 3.997803 0.857178 0.498039 0.498039 0.498039 #1.000000
v 0.109863 3.997803 0.807617 0.498039 0.498039 0.498039 #1.000000
v -0.137207 3.948242 0.312988 0.498039 0.498039 0.498039 #1.000000
v 0.109863 3.997803 0.807617 0.498039 0.498039 0.498039 #1.000000
v 0.010986 3.948242 0.263428 0.498039 0.498039 0.498039 #1.000000
v 0.010986 3.948242 0.263428 0.498039 0.498039 0.498039 #1.000000
v 0.109863 3.997803 0.807617 0.498039 0.498039 0.498039 #1.000000
v 0.357178 3.948242 0.708740 0.498039 0.498039 0.498039 #1.000000
v 0.010986 3.948242 0.263428 0.498039 0.498039 0.498039 #1.000000
v 0.357178 3.948242 0.708740 0.498039 0.498039 0.498039 #1.000000
v 0.109863 3.898682 0.213867 0.498039 0.498039 0.498039 #1.000000
v 0.109863 3.898682 0.213867 0.498039 0.498039 0.498039 #1.000000
v 0.357178 3.948242 0.708740 0.498039 0.498039 0.498039 #1.000000
v 0.604492 3.898682 0.510742 0.498039 0.498039 0.498039 #1.000000
v 0.109863 3.898682 0.213867 0.498039 0.498039 0.498039 #1.000000
v 0.604492 3.898682 0.510742 0.498039 0.498039 0.498039 #1.000000
v 0.258301 3.898682 0.114990 0.498039 0.498039 0.498039 #1.000000
v 0.258301 3.898682 0.114990 0.498039 0.498039 0.498039 #1.000000
v 0.604492 3.898682 0.510742 0.498039 0.498039 0.498039 #1.000000
v 0.752930 3.799805 0.263428 0.498039 0.498039 0.498039 #1.000000
v 0.258301 3.898682 0.114990 0.498039 0.498039 0.498039 #1.000000
v 0.752930 3.799805 0.263428 0.498039 0.498039 0.498039 #1.000000
v 0.307861 3.849365 -0.033203 0.498039 0.498039 0.498039 #1.000000
v 0.307861 3.849365 -0.033203 0.498039 0.498039 0.498039 #1.000000
v 0.752930 3.799805 0.263428 0.498039 0.498039 0.498039 #1.000000
v 0.852051 3.651367 -0.132080 0.498039 0.498039 0.498039 #1.000000
v 0.307861 3.849365 -0.033203 0.498039 0.498039 0.498039 #1.000000
v 0.852051 3.651367 -0.132080 0.498039 0.498039 0.498039 #1.000000
v 0.406738 3.750244 -0.231201 0.498039 0.498039 0.498039 #1.000000
v 0.406738 3.750244 -0.231201 0.498039 0.498039 0.498039 #1.000000
v 0.852051 3.651367 -0.132080 0.498039 0.498039 0.498039 #1.000000
v 0.852051 3.453613 -0.577393 0.498039 0.498039 0.498039 #1.000000
v 0.406738 3.750244 -0.231201 0.498039 0.498039 0.498039 #1.000000
v 0.852051 3.453613 -0.577393 0.498039 0.498039 0.498039 #1.000000
v 0.357178 3.651367 -0.528076 0.498039 0.498039 0.498039 #1.000000
v 0.357178 3.651367 -0.528076 0.498039 0.498039 0.498039 #1.000000
v 0.852051 3.453613 -0.577393 0.498039 0.498039 0.498039 #1.000000
v 0.752930 3.354492 -0.923828 0.498039 0.498039 0.498039 #1.000000
v 0.357178 3.651367 -0.528076 0.498039 0.498039 0.498039 #1.000000
v 0.752930 3.354492 -0.923828 0.498039 0.498039 0.498039 #1.000000
v 0.307861 3.601807 -0.676270 0.498039 0.498039 0.498039 #1.000000
v 0.307861 3.601807 -0.676270 0.498039 0.498039 0.498039 #1.000000
v 0.752930 3.354492 -0.923828 0.498039 0.498039 0.498039 #1.000000
v 0.604492 3.255615 -1.270020 0.498039 0.498039 0.498039 #1.000000
v 0.307861 3.601807 -0.676270 0.498039 0.498039 0.498039 #1.000000
v 0.604492 3.255615 -1.270020 0.498039 0.498039 0.498039 #1.000000
v 0.208740 3.552490 -0.874268 0.498039 0.498039 0.498039 #1.000000
v 0.208740 3.552490 -0.874268 0.498039 0.498039 0.498039 #1.000000
v 0.604492 3.255615 -1.270020 0.498039 0.498039 0.498039 #1.000000
v 0.357178 3.206055 -1.517578 0.498039 0.498039 0.498039 #1.000000
v 0.208740 3.552490 -0.874268 0.498039 0.498039 0.498039 #1.000000
v 0.357178 3.206055 -1.517578 0.498039 0.498039 0.498039 #1.000000
v 0.109863 3.502930 -0.973145 0.498039 0.498039 0.498039 #1.000000
v 0.109863 3.502930 -0.973145 0.498039 0.498039 0.498039 #1.000000
v 0.357178 3.206055 -1.517578 0.498039 0.498039 0.498039 #1.000000
v -0.137207 3.156738 -1.665771 0.498039 0.498039 0.498039 #1.000000
v 0.109863 3.502930 -0.973145 0.498039 0.498039 0.498039 #1.000000
v -0.137207 3.156738 -1.665771 0.498039 0.498039 0.498039 #1.000000
v -0.137207 3.502930 -1.022705 0.498039 0.498039 0.498039 #1.000000
v -0.137207 3.997803 0.857178 0.498039 0.498039 0.498039 #1.000000
v -0.137207 3.948242 1.302490 0.498039 0.498039 0.498039 #1.000000
v 0.258301 3.898682 1.252930 0.498039 0.498039 0.498039 #1.000000
v -0.137207 3.997803 0.857178 0.498039 0.498039 0.498039 #1.000000
v 0.258301 3.898682 1.252930 0.498039 0.498039 0.498039 #1.000000
v 0.109863 3.997803 0.807617 0.498039 0.498039 0.498039 #1.000000
v 0.109863 3.997803 0.807617 0.498039 0.498039 0.498039 #1.000000
v 0.258301 3.898682 1.252930 0.498039 0.498039 0.498039 #1.000000
v 0.604492 3.849365 1.104492 0.498039 0.498039 0.498039 #1.000000
v 0.109863 3.997803 0.807617 0.498039 0.498039 0.498039 #1.000000
v 0.604492 3.849365 1.104492 0.498039 0.498039 0.498039 #1.000000
v 0.357178 3.948242 0.708740 0.498039 0.498039 0.498039 #1.000000
v 0.357178 3.948242 0.708740 0.498039 0.498039 0.498039 #1.000000
v 0.604492 3.849365 1.104492 0.498039 0.498039 0.498039 #1.000000
v 0.852051 3.750244 0.857178 0.498039 0.498039 0.498039 #1.000000
v 0.357178 3.948242 0.708740 0.498039 0.498039 0.498039 #1.000000
v 0.852051 3.750244 0.857178 0.498039 0.498039 0.498039 #1.000000
v 0.604492 3.898682 0.510742 0.498039 0.498039 0.498039 #1.000000
v 0.604492 3.898682 0.510742 0.498039 0.498039 0.498039 #1.000000
v 0.852051 3.750244 0.857178 0.498039 0.498039 0.498039 #1.000000
v 1.049805 3.601807 0.560303 0.498039 0.498039 0.498039 #1.000000
v 0.604492 3.898682 0.510742 0.498039 0.498039 0.498039 #1.000000
v 1.049805 3.601807 0.560303 0.498039 0.498039 0.498039 #1.000000
v 0.752930 3.799805 0.263428 0.498039 0.498039 0.498039 #1.000000
v 0.752930 3.799805 0.263428 0.498039 0.498039 0.498039 #1.000000
v 1.049805 3.601807 0.560303 0.498039 0.498039 0.498039 #1.000000
v 1.148926 3.404053 0.065430 0.498039 0.498039 0.498039 #1.000000
v 0.752930 3.799805 0.263428 0.498039 0.498039 0.498039 #1.000000
v 1.148926 3.404053 0.065430 0.498039 0.498039 0.498039 #1.000000
v 0.852051 3.651367 -0.132080 0.498039 0.498039 0.498039 #1.000000
v 0.852051 3.651367 -0.132080 0.498039 0.498039 0.498039 #1.000000
v 1.148926 3.404053 0.065430 0.498039 0.498039 0.498039 #1.000000
v 1.148926 3.206055 -0.528076 0.498039 0.498039 0.498039 #1.000000
v 0.852051 3.651367 -0.132080 0.498039 0.498039 0.498039 #1.000000
v 1.148926 3.206055 -0.528076 0.498039 0.498039 0.498039 #1.000000
v 0.852051 3.453613 -0.577393 0.498039 0.498039 0.498039 #1.000000
v 0.852051 3.453613 -0.577393 0.498039 0.498039 0.498039 #1.000000
v 1.148926 3.206055 -0.528076 0.498039 0.498039 0.498039 #1.000000
v 1.049805 3.057617 -1.022705 0.498039 0.498039 0.498039 #1.000000
v 0.852051 3.453613 -0.577393 0.498039 0.498039 0.498039 #1.000000
v 1.049805 3.057617 -1.022705 0.498039 0.498039 0.498039 #1.000000
v 0.752930 3.354492 -0.923828 0.498039 0.498039 0.498039 #1.000000
v 0.752930 3.354492 -0.923828 0.498039 0.498039 0.498039 #1.000000
v 1.049805 3.057617 -1.022705 0.498039 0.498039 0.498039 #1.000000
v 0.852051 2.909180 -1.517578 0.498039 0.498039 0.498039 #1.000000
v 0.752930 3.354492 -0.923828 0.498039 0.498039 0.498039 #1.000000
v 0.852051 2.909180 -1.517578 0.498039 0.498039 0.498039 #1.000000
v 0.604492 3.255615 -1.270020 0.498039 0.498039 0.498039 #1.000000
v 0.604492 3.255615 -1.270020 0.498039 0.498039 0.498039 #1.000000
v 0.852051 2.909180 -1.517578 0.498039 0.498039 0.498039 #1.000000
v 0.555176 2.810303 -1.814209 0.498039 0.498039 0.498039 #1.000000
v 0.604492 3.255615 -1.270020 0.498039 0.498039 0.498039 #1.000000
v 0.555176 2.810303 -1.814209 0.498039 0.498039 0.498039 #1.000000
v 0.357178 3.206055 -1.517578 0.498039 0.498039 0.498039 #1.000000
v 0.357178 3.206055 -1.517578 0.498039 0.498039 0.498039 #1.000000
v 0.555176 2.810303 -1.814209 0.498039 0.498039 0.498039 #1.000000
v -0.137207 2.711426 -2.012207 0.498039 0.498039 0.498039 #1.000000
v 0.357178 3.206055 -1.517578 0.498039 0.498039 0.498039 #1.000000
v -0.137207 2.711426 -2.012207 0.498039 0.498039 0.498039 #1.000000
v -0.137207 3.156738 -1.665771 0.498039 0.498039 0.498039 #1.000000
v -0.137207 3.948242 1.302490 0.498039 0.498039 0.498039 #1.000000
v -0.137207 3.601807 1.648682 0.498039 0.498039 0.498039 #1.000000
v 0.357178 3.601807 1.549805 0.498039 0.498039 0.498039 #1.000000
v -0.137207 3.948242 1.302490 0.498039 0.498039 0.498039 #1.000000
v 0.357178 3.601807 1.549805 0.498039 0.498039 0.498039 #1.000000
v 0.258301 3.898682 1.252930 0.498039 0.498039 0.498039 #1.000000
v 0.258301 3.898682 1.252930 0.498039 0.498039 0.498039 #1.000000
v 0.357178 3.601807 1.549805 0.498039 0.498039 0.498039 #1.000000
v 0.752930 3.502930 1.351807 0.498039 0.498039 0.498039 #1.000000
v 0.258301 3.898682 1.252930 0.498039 0.498039 0.498039 #1.000000
v 0.752930 3.502930 1.351807 0.498039 0.498039 0.498039 #1.000000
v 0.604492 3.849365 1.104492 0.498039 0.498039 0.498039 #1.000000
v 0.604492 3.849365 1.104492 0.498039 0.498039 0.498039 #1.000000
v 0.752930 3.502930 1.351807 0.498039 0.498039 0.498039 #1.000000
v 1.049805 3.404053 1.054932 0.498039 0.498039 0.498039 #1.000000
v 0.604492 3.849365 1.104492 0.498039 0.498039 0.498039 #1.000000
v 1.049805 3.404053 1.054932 0.498039 0.498039 0.498039 #1.000000
v 0.852051 3.750244 0.857178 0.498039 0.498039 0.498039 #1.000000
v 0.852051 3.750244 0.857178 0.498039 0.498039 0.498039 #1.000000
v 1.049805 3.404053 1.054932 0.498039 0.498039 0.498039 #1.000000
v 1.198242 3.255615 0.807617 0.498039 0.498039 0.498039 #1.000000
v 0.852051 3.750244 0.857178 0.498039 0.498039 0.498039 #1.000000
v 1.198242 3.255615 0.807617 0.498039 0.498039 0.498039 #1.000000
v 1.049805 3.601807 0.560303 0.498039 0.498039 0.498039 #1.000000
v 1.049805 3.601807 0.560303 0.498039 0.498039 0.498039 #1.000000
v 1.198242 3.255615 0.807617 0.498039 0.498039 0.498039 #1.000000
v 1.297363 3.057617 0.263428 0.498039 0.498039 0.498039 #1.000000
v 1.049805 3.601807 0.560303 0.498039 0.498039 0.498039 #1.000000
v 1.297363 3.057617 0.263428 0.498039 0.498039 0.498039 #1.000000
v 1.148926 3.404053 0.065430 0.498039 0.498039 0.498039 #1.000000
v 1.148926 3.404053 0.065430 0.498039 0.498039 0.498039 #1.000000
v 1.297363 3.057617 0.263428 0.498039 0.498039 0.498039 #1.000000
v 1.346680 2.760742 -0.428955 0.498039 0.498039 0.498039 #1.000000
v 1.148926 3.404053 0.065430 0.498039 0.498039 0.498039 #1.000000
v 1.346680 2.760742 -0.428955 0.498039 0.498039 0.498039 #1.000000
v 1.148926 3.206055 -0.528076 0.498039 0.498039 0.498039 #1.000000
v 1.148926 3.206055 -0.528076 0.498039 0.498039 0.498039 #1.000000
v 1.346680 2.760742 -0.428955 0.498039 0.498039 0.498039 #1.000000
v 1.247803 2.612305 -0.973145 0.498039 0.498039 0.498039 #1.000000
v 1.148926 3.206055 -0.528076 0.498039 0.498039 0.498039 #1.000000
v 1.247803 2.612305 -0.973145 0.498039 0.498039 0.498039 #1.000000
v 1.049805 3.057617 -1.022705 0.498039 0.498039 0.498039 #1.000000
v 1.049805 3.057617 -1.022705 0.498039 0.498039 0.498039 #1.000000
v 1.247803 2.612305 -0.973145 0.498039 0.498039 0.498039 #1.000000
v 1.049805 2.463867 -1.468018 0.498039 0.498039 0.498039 #1.000000
v 1.049805 3.057617 -1.022705 0.498039 0.498039 0.498039 #1.000000
v 1.049805 2.463867 -1.468018 0.498039 0.498039 0.498039 #1.000000
v 0.852051 2.909180 -1.517578 0.498039 0.498039 0.498039 #1.000000
v 0.852051 2.909180 -1.517578 0.498039 0.498039 0.498039 #1.000000
v 1.049805 2.463867 -1.468018 0.498039 0.498039 0.498039 #1.000000
v 0.703613 2.315674 -1.814209 0.498039 0.498039 0.498039 #1.000000
v 0.852051 2.909180 -1.517578 0.498039 0.498039 0.498039 #1.000000
v 0.703613 2.315674 -1.814209 0.498039 0.498039 0.498039 #1.000000
v 0.555176 2.810303 -1.814209 0.498039 0.498039 0.498039 #1.000000
v -0.137207 3.601807 1.648682 0.498039 0.498039 0.498039 #1.000000
v -0.137207 3.206055 1.846680 0.498039 0.498039 0.498039 #1.000000
v 0.406738 3.156738 1.747559 0.498039 0.498039 0.498039 #1.000000
v -0.137207 3.601807 1.648682 0.498039 0.498039 0.498039 #1.000000
v 0.406738 3.156738 1.747559 0.498039 0.498039 0.498039 #1.000000
v 0.357178 3.601807 1.549805 0.498039 0.498039 0.498039 #1.000000
v 0.357178 3.601807 1.549805 0.498039 0.498039 0.498039 #1.000000
v 0.406738 3.156738 1.747559 0.498039 0.498039 0.498039 #1.000000
v 0.852051 3.057617 1.549805 0.498039 0.498039 0.498039 #1.000000
v 0.357178 3.601807 1.549805 0.498039 0.498039 0.498039 #1.000000
v 0.852051 3.057617 1.549805 0.498039 0.498039 0.498039 #1.000000
v 0.752930 3.502930 1.351807 0.498039 0.498039 0.498039 #1.000000
v 0.752930 3.502930 1.351807 0.498039 0.498039 0.498039 #1.000000
v 0.852051 3.057617 1.549805 0.498039 0.498039 0.498039 #1.000000
v 1.148926 2.958740 1.252930 0.498039 0.498039 0.498039 #1.000000
v 0.752930 3.502930 1.351807 0.498039 0.498039 0.498039 #1.000000
v 1.148926 2.958740 1.252930 0.498039 0.498039 0.498039 #1.000000
v 1.049805 3.404053 1.054932 0.498039 0.498039 0.498039 #1.000000
v 1.049805 3.404053 1.054932 0.498039 0.498039 0.498039 #1.000000
v 1.148926 2.958740 1.252930 0.498039 0.498039 0.498039 #1.000000
v 1.297363 2.859863 0.956055 0.498039 0.498039 0.498039 #1.000000
v 1.049805 3.404053 1.054932 0.498039 0.498039 0.498039 #1.000000
v 1.297363 2.859863 0.956055 0.498039 0.498039 0.498039 #1.000000
v 1.198242 3.255615 0.807617 0.498039 0.498039 0.498039 #1.000000
v 1.198242 3.255615 0.807617 0.498039 0.498039 0.498039 #1.000000
v 1.297363 2.859863 0.956055 0.498039 0.498039 0.498039 #1.000000
v 1.396240 2.661865 0.461426 0.498039 0.498039 0.498039 #1.000000
v 1.198242 3.255615 0.807617 0.498039 0.498039 0.498039 #1.000000
v 1.396240 2.661865 0.461426 0.498039 0.498039 0.498039 #1.000000
v 1.297363 3.057617 0.263428 0.498039 0.498039 0.498039 #1.000000
v 1.297363 3.057617 0.263428 0.498039 0.498039 0.498039 #1.000000
v 1.396240 2.661865 0.461426 0.498039 0.498039 0.498039 #1.000000
v 1.396240 2.364990 -0.280518 0.498039 0.498039 0.498039 #1.000000
v 1.297363 3.057617 0.263428 0.498039 0.498039 0.498039 #1.000000
v 1.396240 2.364990 -0.280518 0.498039 0.498039 0.498039 #1.000000
v 1.346680 2.760742 -0.428955 0.498039 0.498039 0.498039 #1.000000
v 1.346680 2.760742 -0.428955 0.498039 0.498039 0.498039 #1.000000
v 1.396240 2.364990 -0.280518 0.498039 0.498039 0.498039 #1.000000
v 1.346680 2.167236 -0.824707 0.498039 0.498039 0.498039 #1.000000
v 1.346680 2.760742 -0.428955 0.498039 0.498039 0.498039 #1.000000
v 1.346680 2.167236 -0.824707 0.498039 0.498039 0.498039 #1.000000
v 1.247803 2.612305 -0.973145 0.498039 0.498039 0.498039 #1.000000
v 1.247803 2.612305 -0.973145 0.498039 0.498039 0.498039 #1.000000
v 1.346680 2.167236 -0.824707 0.498039 0.498039 0.498039 #1.000000
v 1.148926 1.969238 -1.319580 0.498039 0.498039 0.498039 #1.000000
v 1.247803 2.612305 -0.973145 0.498039 0.498039 0.498039 #1.000000
v 1.148926 1.969238 -1.319580 0.498039 0.498039 0.498039 #1.000000
v 1.049805 2.463867 -1.468018 0.498039 0.498039 0.498039 #1.000000
v 1.049805 2.463867 -1.468018 0.498039 0.498039 0.498039 #1.000000
v 1.148926 1.969238 -1.319580 0.498039 0.498039 0.498039 #1.000000
v 0.802490 1.820801 -1.715332 0.498039 0.498039 0.498039 #1.000000
v 1.049805 2.463867 -1.468018 0.498039 0.498039 0.498039 #1.000000
v 0.802490 1.820801 -1.715332 0.498039 0.498039 0.498039 #1.000000
v 0.703613 2.315674 -1.814209 0.498039 0.498039 0.498039 #1.000000
v -0.137207 3.206055 1.846680 0.498039 0.498039 0.498039 #1.000000
v -0.137207 1.969238 2.440430 0.498039 0.498039 0.498039 #1.000000
v 0.406738 1.919678 2.291992 0.498039 0.498039 0.498039 #1.000000
v -0.137207 3.206055 1.846680 0.498039 0.498039 0.498039 #1.000000
v 0.406738 1.919678 2.291992 0.498039 0.498039 0.498039 #1.000000
v 0.406738 3.156738 1.747559 0.498039 0.498039 0.498039 #1.000000
v 0.406738 3.156738 1.747559 0.498039 0.498039 0.498039 #1.000000
v 0.406738 1.919678 2.291992 0.498039 0.498039 0.498039 #1.000000
v 0.852051 1.771240 2.093994 0.498039 0.498039 0.498039 #1.000000
v 0.406738 3.156738 1.747559 0.498039 0.498039 0.498039 #1.000000
v 0.852051 1.771240 2.093994 0.498039 0.498039 0.498039 #1.000000
v 0.852051 3.057617 1.549805 0.498039 0.498039 0.498039 #1.000000
v 0.852051 3.057617 1.549805 0.498039 0.498039 0.498039 #1.000000
v 0.852051 1.771240 2.093994 0.498039 0.498039 0.498039 #1.000000
v 1.247803 1.622803 1.846680 0.498039 0.498039 0.498039 #1.000000
v 0.852051 3.057617 1.549805 0.498039 0.498039 0.498039 #1.000000
v 1.247803 1.622803 1.846680 0.498039 0.498039 0.498039 #1.000000
v 1.148926 2.958740 1.252930 0.498039 0.498039 0.498039 #1.000000
v 1.148926 2.958740 1.252930 0.498039 0.498039 0.498039 #1.000000
v 1.247803 1.622803 1.846680 0.498039 0.498039 0.498039 #1.000000
v 1.297363 2.167236 1.302490 0.498039 0.498039 0.498039 #1.000000
v 1.148926 2.958740 1.252930 0.498039 0.498039 0.498039 #1.000000
v 1.297363 2.167236 1.302490 0.498039 0.498039 0.498039 #1.000000
v 1.297363 2.859863 0.956055 0.498039 0.498039 0.498039 #1.000000
v 1.297363 2.859863 0.956055 0.498039 0.498039 0.498039 #1.000000
v 1.297363 2.167236 1.302490 0.498039 0.498039 0.498039 #1.000000
v 1.445557 2.167236 0.659180 0.498039 0.498039 0.498039 #1.000000
v 1.297363 2.859863 0.956055 0.498039 0.498039 0.498039 #1.000000
v 1.445557 2.167236 0.659180 0.498039 0.498039 0.498039 #1.000000
v 1.396240 2.661865 0.461426 0.498039 0.498039 0.498039 #1.000000
v 1.396240 2.661865 0.461426 0.498039 0.498039 0.498039 #1.000000
v 1.445557 2.167236 0.659180 0.498039 0.498039 0.498039 #1.000000
v 1.445557 1.820801 -0.033203 0.498039 0.498039 0.498039 #1.000000
v 1.396240 2.661865 0.461426 0.498039 0.498039 0.498039 #1.000000
v 1.445557 1.820801 -0.033203 0.498039 0.498039 0.498039 #1.000000
v 1.396240 2.364990 -0.280518 0.498039 0.498039 0.498039 #1.000000
v 1.396240 2.364990 -0.280518 0.498039 0.498039 0.498039 #1.000000
v 1.445557 1.820801 -0.033203 0.498039 0.498039 0.498039 #1.000000
v 1.346680 1.622803 -0.676270 0.498039 0.498039 0.498039 #1.000000
v 1.396240 2.364990 -0.280518 0.498039 0.498039 0.498039 #1.000000
v 1.346680 1.622803 -0.676270 0.498039 0.498039 0.498039 #1.000000
v 1.346680 2.167236 -0.824707 0.498039 0.498039 0.498039 #1.000000
v 1.346680 2.167236 -0.824707 0.498039 0.498039 0.498039 #1.000000
v 1.346680 1.622803 -0.676270 0.498039 0.498039 0.498039 #1.000000
v 1.198242 1.474365 -1.171143 0.498039 0.498039 0.498039 #1.000000
v 1.346680 2.167236 -0.824707 0.498039 0.498039 0.498039 #1.000000
v 1.198242 1.474365 -1.171143 0.498039 0.498039 0.498039 #1.000000
v 1.148926 1.969238 -1.319580 0.498039 0.498039 0.498039 #1.000000
v 1.148926 1.969238 -1.319580 0.498039 0.498039 0.498039 #1.000000
v 1.198242 1.474365 -1.171143 0.498039 0.498039 0.498039 #1.000000
v 0.802490 1.326172 -1.566895 0.498039 0.498039 0.498039 #1.000000
v 1.148926 1.969238 -1.319580 0.498039 0.498039 0.498039 #1.000000
v 0.802490 1.326172 -1.566895 0.498039 0.498039 0.498039 #1.000000
v 0.802490 1.820801 -1.715332 0.498039 0.498039 0.498039 #1.000000
v -0.137207 1.771240 2.291992 0.498039 0.498039 0.498039 #1.000000
v 0.406738 1.672363 2.192871 0.498039 0.498039 0.498039 #1.000000
v 0.406738 1.919678 2.291992 0.498039 0.498039 0.498039 #1.000000
v 0.406738 1.919678 2.291992 0.498039 0.498039 0.498039 #1.000000
v -0.137207 1.969238 2.440430 0.498039 0.498039 0.498039 #1.000000
v -0.137207 1.771240 2.291992 0.498039 0.498039 0.498039 #1.000000
v 0.406738 1.672363 2.192871 0.498039 0.498039 0.498039 #1.000000
v 0.852051 1.523926 1.945557 0.498039 0.498039 0.498039 #1.000000
v 0.852051 1.771240 2.093994 0.498039 0.498039 0.498039 #1.000000
v 0.852051 1.771240 2.093994 0.498039 0.498039 0.498039 #1.000000
v 0.406738 1.919678 2.291992 0.498039 0.498039 0.498039 #1.000000
v 0.406738 1.672363 2.192871 0.498039 0.498039 0.498039 #1.000000
v 0.852051 1.523926 1.945557 0.498039 0.498039 0.498039 #1.000000
v 1.049805 1.474365 1.895996 0.498039 0.498039 0.498039 #1.000000
v 1.247803 1.622803 1.846680 0.498039 0.498039 0.498039 #1.000000
v 1.247803 1.622803 1.846680 0.498039 0.498039 0.498039 #1.000000
v 0.852051 1.771240 2.093994 0.498039 0.498039 0.498039 #1.000000
v 0.852051 1.523926 1.945557 0.498039 0.498039 0.498039 #1.000000
v 0.950928 1.276611 0.857178 0.498039 0.498039 0.498039 #1.000000
v 1.544678 1.177734 0.659180 0.498039 0.498039 0.498039 #1.000000
v 1.544678 1.326172 0.857178 0.498039 0.498039 0.498039 #1.000000
v 0.950928 1.276611 0.857178 0.498039 0.498039 0.498039 #1.000000
v 0.950928 1.177734 0.758057 0.498039 0.498039 0.498039 #1.000000
v 1.544678 1.177734 0.659180 0.498039 0.498039 0.498039 #1.000000
v 1.544678 1.326172 0.857178 0.498039 0.498039 0.498039 #1.000000
v 1.495117 1.672363 0.164551 0.498039 0.498039 0.498039 #1.000000
v 1.445557 1.919678 0.659180 0.498039 0.498039 0.498039 #1.000000
v 1.544678 1.326172 0.857178 0.498039 0.498039 0.498039 #1.000000
v 1.544678 1.177734 0.659180 0.498039 0.498039 0.498039 #1.000000
v 1.495117 1.672363 0.164551 0.498039 0.498039 0.498039 #1.000000
v 0.950928 1.177734 0.758057 0.498039 0.498039 0.498039 #1.000000
v 0.950928 1.029297 0.708740 0.498039 0.498039 0.498039 #1.000000
v 1.544678 1.177734 0.659180 0.498039 0.498039 0.498039 #1.000000
v 1.544678 1.177734 0.659180 0.498039 0.498039 0.498039 #1.000000
v 0.950928 1.029297 0.708740 0.498039 0.498039 0.498039 #1.000000
v 1.544678 1.029297 0.659180 0.498039 0.498039 0.498039 #1.000000
v 1.495117 1.672363 0.164551 0.498039 0.498039 0.498039 #1.000000
v 1.544678 1.177734 0.659180 0.498039 0.498039 0.498039 #1.000000
v 1.445557 1.375488 -0.132080 0.498039 0.498039 0.498039 #1.000000
v 1.445557 1.375488 -0.132080 0.498039 0.498039 0.498039 #1.000000
v 1.544678 1.177734 0.659180 0.498039 0.498039 0.498039 #1.000000
v 1.445557 1.128174 -0.181641 0.498039 0.498039 0.498039 #1.000000
v 1.544678 1.177734 0.659180 0.498039 0.498039 0.498039 #1.000000
v 1.544678 1.029297 0.659180 0.498039 0.498039 0.498039 #1.000000
v 1.445557 1.128174 -0.181641 0.498039 0.498039 0.498039 #1.000000
v 0.950928 1.029297 0.708740 0.498039 0.498039 0.498039 #1.000000
v 1.544678 0.831299 0.708740 0.498039 0.498039 0.498039 #1.000000
v 1.544678 1.029297 0.659180 0.498039 0.498039 0.498039 #1.000000
v 0.950928 1.029297 0.708740 0.498039 0.498039 0.498039 #1.000000
v 0.950928 0.880859 0.758057 0.498039 0.498039 0.498039 #1.000000
v 1.544678 0.831299 0.708740 0.498039 0.498039 0.498039 #1.000000
v 1.544678 1.029297 0.659180 0.498039 0.498039 0.498039 #1.000000
v 1.445557 0.484863 0.213867 0.498039 0.498039 0.498039 #1.000000
v 1.445557 1.128174 -0.181641 0.498039 0.498039 0.498039 #1.000000
v 1.544678 1.029297 0.659180 0.498039 0.498039 0.498039 #1.000000
v 1.544678 0.831299 0.708740 0.498039 0.498039 0.498039 #1.000000
v 1.445557 0.484863 0.213867 0.498039 0.498039 0.498039 #1.000000
v 0.950928 0.880859 0.758057 0.498039 0.498039 0.498039 #1.000000
v 1.544678 0.781738 0.857178 0.498039 0.498039 0.498039 #1.000000
v 1.544678 0.831299 0.708740 0.498039 0.498039 0.498039 #1.000000
v 0.950928 0.880859 0.758057 0.498039 0.498039 0.498039 #1.000000
v 0.950928 0.831299 0.857178 0.498039 0.498039 0.498039 #1.000000
v 1.544678 0.781738 0.857178 0.498039 0.498039 0.498039 #1.000000
v 1.544678 0.831299 0.708740 0.498039 0.498039 0.498039 #1.000000
v 1.445557 0.287109 0.609619 0.498039 0.498039 0.498039 #1.000000
v 1.445557 0.484863 0.213867 0.498039 0.498039 0.498039 #1.000000
v 1.544678 0.831299 0.708740 0.498039 0.498039 0.498039 #1.000000
v 1.544678 0.781738 0.857178 0.498039 0.498039 0.498039 #1.000000
v 1.445557 0.287109 0.609619 0.498039 0.498039 0.498039 #1.000000
v 0.950928 0.831299 0.857178 0.498039 0.498039 0.498039 #1.000000
v 1.544678 0.781738 1.005615 0.498039 0.498039 0.498039 #1.000000
v 1.544678 0.781738 0.857178 0.498039 0.498039 0.498039 #1.000000
v 0.950928 0.831299 0.857178 0.498039 0.498039 0.498039 #1.000000
v 0.950928 0.831299 0.956055 0.498039 0.498039 0.498039 #1.000000
v 1.544678 0.781738 1.005615 0.498039 0.498039 0.498039 #1.000000
v 1.544678 0.781738 0.857178 0.498039 0.498039 0.498039 #1.000000
v 1.445557 0.336670 0.956055 0.498039 0.498039 0.498039 #1.000000
v 1.445557 0.287109 0.609619 0.498039 0.498039 0.498039 #1.000000
v 1.544678 0.781738 0.857178 0.498039 0.498039 0.498039 #1.000000
v 1.544678 0.781738 1.005615 0.498039 0.498039 0.498039 #1.000000
v 1.445557 0.336670 0.956055 0.498039 0.498039 0.498039 #1.000000
v 0.950928 0.831299 0.956055 0.498039 0.498039 0.498039 #1.000000
v 1.544678 0.831299 1.104492 0.498039 0.498039 0.498039 #1.000000
v 1.544678 0.781738 1.005615 0.498039 0.498039 0.498039 #1.000000
v 0.950928 0.831299 0.956055 0.498039 0.498039 0.498039 #1.000000
v 0.950928 0.880859 1.054932 0.498039 0.498039 0.498039 #1.000000
v 1.544678 0.831299 1.104492 0.498039 0.498039 0.498039 #1.000000
v 1.544678 0.781738 1.005615 0.498039 0.498039 0.498039 #1.000000
v 1.445557 0.484863 1.351807 0.498039 0.498039 0.498039 #1.000000
v 1.445557 0.336670 0.956055 0.498039 0.498039 0.498039 #1.000000
v 1.544678 0.781738 1.005615 0.498039 0.498039 0.498039 #1.000000
v 1.544678 0.831299 1.104492 0.498039 0.498039 0.498039 #1.000000
v 1.445557 0.484863 1.351807 0.498039 0.498039 0.498039 #1.000000
v 0.950928 0.880859 1.054932 0.498039 0.498039 0.498039 #1.000000
v 1.544678 0.930176 1.203369 0.498039 0.498039 0.498039 #1.000000
v 1.544678 0.831299 1.104492 0.498039 0.498039 0.498039 #1.000000
v 0.950928 0.880859 1.054932 0.498039 0.498039 0.498039 #1.000000
v 0.950928 0.979736 1.154053 0.498039 0.498039 0.498039 #1.000000
v 1.544678 0.930176 1.203369 0.498039 0.498039 0.498039 #1.000000
v 1.544678 0.831299 1.104492 0.498039 0.498039 0.498039 #1.000000
v 1.445557 0.732422 1.648682 0.498039 0.498039 0.498039 #1.000000
v 1.445557 0.484863 1.351807 0.498039 0.498039 0.498039 #1.000000
v 1.544678 0.831299 1.104492 0.498039 0.498039 0.498039 #1.000000
v 1.544678 0.930176 1.203369 0.498039 0.498039 0.498039 #1.000000
v 1.445557 0.732422 1.648682 0.498039 0.498039 0.498039 #1.000000
v 0.950928 0.979736 1.154053 0.498039 0.498039 0.498039 #1.000000
v 1.544678 1.078613 1.252930 0.498039 0.498039 0.498039 #1.000000
v 1.544678 0.930176 1.203369 0.498039 0.498039 0.498039 #1.000000
v 0.950928 0.979736 1.154053 0.498039 0.498039 0.498039 #1.000000
v 0.950928 1.078613 1.203369 0.498039 0.498039 0.498039 #1.000000
v 1.544678 1.078613 1.252930 0.498039 0.498039 0.498039 #1.000000
v 1.544678 0.930176 1.203369 0.498039 0.498039 0.498039 #1.000000
v 1.396240 1.029297 1.747559 0.498039 0.498039 0.498039 #1.000000
v 1.445557 0.732422 1.648682 0.498039 0.498039 0.498039 #1.000000
v 1.544678 0.930176 1.203369 0.498039 0.498039 0.498039 #1.000000
v 1.544678 1.078613 1.252930 0.498039 0.498039 0.498039 #1.000000
v 1.396240 1.029297 1.747559 0.498039 0.498039 0.498039 #1.000000
v 0.950928 1.078613 1.203369 0.498039 0.498039 0.498039 #1.000000
v 1.544678 1.227051 1.252930 0.498039 0.498039 0.498039 #1.000000
v 1.544678 1.078613 1.252930 0.498039 0.498039 0.498039 #1.000000
v 0.950928 1.078613 1.203369 0.498039 0.498039 0.498039 #1.000000
v 0.950928 1.177734 1.154053 0.498039 0.498039 0.498039 #1.000000
v 1.544678 1.227051 1.252930 0.498039 0.498039 0.498039 #1.000000
v 1.544678 1.078613 1.252930 0.498039 0.498039 0.498039 #1.000000
v 1.396240 1.326172 1.747559 0.498039 0.498039 0.498039 #1.000000
v 1.396240 1.029297 1.747559 0.498039 0.498039 0.498039 #1.000000
v 1.544678 1.078613 1.252930 0.498039 0.498039 0.498039 #1.000000
v 1.544678 1.227051 1.252930 0.498039 0.498039 0.498039 #1.000000
v 1.396240 1.326172 1.747559 0.498039 0.498039 0.498039 #1.000000
v 0.950928 1.177734 1.154053 0.498039 0.498039 0.498039 #1.000000
v 1.544678 1.326172 1.154053 0.498039 0.498039 0.498039 #1.000000
v 1.544678 1.227051 1.252930 0.498039 0.498039 0.498039 #1.000000
v 0.950928 1.177734 1.154053 0.498039 0.498039 0.498039 #1.000000
v 0.950928 1.276611 1.104492 0.498039 0.498039 0.498039 #1.000000
v 1.544678 1.326172 1.154053 0.498039 0.498039 0.498039 #1.000000
v 1.544678 1.227051 1.252930 0.498039 0.498039 0.498039 #1.000000
v 1.396240 1.523926 1.698242 0.498039 0.498039 0.498039 #1.000000
v 1.396240 1.326172 1.747559 0.498039 0.498039 0.498039 #1.000000
v 1.544678 1.227051 1.252930 0.498039 0.498039 0.498039 #1.000000
v 1.544678 1.326172 1.154053 0.498039 0.498039 0.498039 #1.000000
v 1.396240 1.523926 1.698242 0.498039 0.498039 0.498039 #1.000000
v 0.950928 1.276611 1.104492 0.498039 0.498039 0.498039 #1.000000
v 1.544678 1.375488 1.005615 0.498039 0.498039 0.498039 #1.000000
v 1.544678 1.326172 1.154053 0.498039 0.498039 0.498039 #1.000000
v 0.950928 1.276611 1.104492 0.498039 0.498039 0.498039 #1.000000
v 0.950928 1.276611 1.005615 0.498039 0.498039 0.498039 #1.000000
v 1.544678 1.375488 1.005615 0.498039 0.498039 0.498039 #1.000000
v 1.544678 1.326172 1.154053 0.498039 0.498039 0.498039 #1.000000
v 1.396240 1.969238 1.302490 0.498039 0.498039 0.498039 #1.000000
v 1.396240 1.523926 1.698242 0.498039 0.498039 0.498039 #1.000000
v 1.544678 1.326172 1.154053 0.498039 0.498039 0.498039 #1.000000
v 1.544678 1.375488 1.005615 0.498039 0.498039 0.498039 #1.000000
v 1.396240 1.969238 1.302490 0.498039 0.498039 0.498039 #1.000000
v 0.950928 1.276611 1.005615 0.498039 0.498039 0.498039 #1.000000
v 1.544678 1.326172 0.857178 0.498039 0.498039 0.498039 #1.000000
v 1.544678 1.375488 1.005615 0.498039 0.498039 0.498039 #1.000000
v 0.950928 1.276611 1.005615 0.498039 0.498039 0.498039 #1.000000
v 0.950928 1.276611 0.857178 0.498039 0.498039 0.498039 #1.000000
v 1.544678 1.326172 0.857178 0.498039 0.498039 0.498039 #1.000000
v 1.544678 1.375488 1.005615 0.498039 0.498039 0.498039 #1.000000
v 1.445557 1.919678 0.659180 0.498039 0.498039 0.498039 #1.000000
v 1.396240 1.969238 1.302490 0.498039 0.498039 0.498039 #1.000000
v 1.544678 1.375488 1.005615 0.498039 0.498039 0.498039 #1.000000
v 1.544678 1.326172 0.857178 0.498039 0.498039 0.498039 #1.000000
v 1.445557 1.919678 0.659180 0.498039 0.498039 0.498039 #1.000000
v 1.445557 1.820801 -0.033203 0.498039 0.498039 0.498039 #1.000000
v 1.445557 2.167236 0.659180 0.498039 0.498039 0.498039 #1.000000
v 1.445557 1.919678 0.659180 0.498039 0.498039 0.498039 #1.000000
v 1.445557 1.919678 0.659180 0.498039 0.498039 0.498039 #1.000000
v 1.495117 1.672363 0.164551 0.498039 0.498039 0.498039 #1.000000
v 1.445557 1.820801 -0.033203 0.498039 0.498039 0.498039 #1.000000
v 1.346680 1.177734 -0.577393 0.498039 0.498039 0.498039 #1.000000
v 1.396240 1.375488 -0.428955 0.498039 0.498039 0.498039 #1.000000
v 1.445557 1.375488 -0.132080 0.498039 0.498039 0.498039 #1.000000
v 1.396240 0.336670 0.016113 0.498039 0.498039 0.498039 #1.000000
v 1.346680 0.979736 -0.428955 0.498039 0.498039 0.498039 #1.000000
v 1.445557 1.128174 -0.181641 0.498039 0.498039 0.498039 #1.000000
v 1.445557 1.128174 -0.181641 0.498039 0.498039 0.498039 #1.000000
v 1.445557 0.484863 0.213867 0.498039 0.498039 0.498039 #1.000000
v 1.396240 0.336670 0.016113 0.498039 0.498039 0.498039 #1.000000
v 1.346680 0.089111 0.461426 0.498039 0.498039 0.498039 #1.000000
v 1.396240 0.336670 0.016113 0.498039 0.498039 0.498039 #1.000000
v 1.445557 0.484863 0.213867 0.498039 0.498039 0.498039 #1.000000
v 1.445557 0.484863 0.213867 0.498039 0.498039 0.498039 #1.000000
v 1.445557 0.287109 0.609619 0.498039 0.498039 0.498039 #1.000000
v 1.346680 0.089111 0.461426 0.498039 0.498039 0.498039 #1.000000
v 1.346680 0.089111 0.906494 0.498039 0.498039 0.498039 #1.000000
v 1.346680 0.089111 0.461426 0.498039 0.498039 0.498039 #1.000000
v 1.445557 0.287109 0.609619 0.498039 0.498039 0.498039 #1.000000
v 1.445557 0.287109 0.609619 0.498039 0.498039 0.498039 #1.000000
v 1.445557 0.336670 0.956055 0.498039 0.498039 0.498039 #1.000000
v 1.346680 0.089111 0.906494 0.498039 0.498039 0.498039 #1.000000
v 1.346680 0.287109 1.450928 0.498039 0.498039 0.498039 #1.000000
v 1.346680 0.089111 0.906494 0.498039 0.498039 0.498039 #1.000000
v 1.445557 0.336670 0.956055 0.498039 0.498039 0.498039 #1.000000
v 1.445557 0.336670 0.956055 0.498039 0.498039 0.498039 #1.000000
v 1.445557 0.484863 1.351807 0.498039 0.498039 0.498039 #1.000000
v 1.346680 0.287109 1.450928 0.498039 0.498039 0.498039 #1.000000
v 1.297363 0.682861 1.797119 0.498039 0.498039 0.498039 #1.000000
v 1.346680 0.287109 1.450928 0.498039 0.498039 0.498039 #1.000000
v 1.445557 0.484863 1.351807 0.498039 0.498039 0.498039 #1.000000
v 1.445557 0.484863 1.351807 0.498039 0.498039 0.498039 #1.000000
v 1.445557 0.732422 1.648682 0.498039 0.498039 0.498039 #1.000000
v 1.297363 0.682861 1.797119 0.498039 0.498039 0.498039 #1.000000
v 1.297363 0.979736 1.895996 0.498039 0.498039 0.498039 #1.000000
v 1.297363 0.682861 1.797119 0.498039 0.498039 0.498039 #1.000000
v 1.445557 0.732422 1.648682 0.498039 0.498039 0.498039 #1.000000
v 1.445557 0.732422 1.648682 0.498039 0.498039 0.498039 #1.000000
v 1.396240 1.029297 1.747559 0.498039 0.498039 0.498039 #1.000000
v 1.297363 0.979736 1.895996 0.498039 0.498039 0.498039 #1.000000
v 1.297363 1.326172 1.945557 0.498039 0.498039 0.498039 #1.000000
v 1.297363 0.979736 1.895996 0.498039 0.498039 0.498039 #1.000000
v 1.396240 1.029297 1.747559 0.498039 0.498039 0.498039 #1.000000
v 1.396240 1.029297 1.747559 0.498039 0.498039 0.498039 #1.000000
v 1.396240 1.326172 1.747559 0.498039 0.498039 0.498039 #1.000000
v 1.297363 1.326172 1.945557 0.498039 0.498039 0.498039 #1.000000
v 1.247803 1.622803 1.846680 0.498039 0.498039 0.498039 #1.000000
v 1.297363 1.326172 1.945557 0.498039 0.498039 0.498039 #1.000000
v 1.396240 1.326172 1.747559 0.498039 0.498039 0.498039 #1.000000
v 1.396240 1.326172 1.747559 0.498039 0.498039 0.498039 #1.000000
v 1.396240 1.523926 1.698242 0.498039 0.498039 0.498039 #1.000000
v 1.247803 1.622803 1.846680 0.498039 0.498039 0.498039 #1.000000
v 1.297363 2.167236 1.302490 0.498039 0.498039 0.498039 #1.000000
v 1.247803 1.622803 1.846680 0.498039 0.498039 0.498039 #1.000000
v 1.396240 1.523926 1.698242 0.498039 0.498039 0.498039 #1.000000
v 1.396240 1.523926 1.698242 0.498039 0.498039 0.498039 #1.000000
v 1.396240 1.969238 1.302490 0.498039 0.498039 0.498039 #1.000000
v 1.297363 2.167236 1.302490 0.498039 0.498039 0.498039 #1.000000
v 1.445557 2.167236 0.659180 0.498039 0.498039 0.498039 #1.000000
v 1.297363 2.167236 1.302490 0.498039 0.498039 0.498039 #1.000000
v 1.396240 1.969238 1.302490 0.498039 0.498039 0.498039 #1.000000
v 1.396240 1.969238 1.302490 0.498039 0.498039 0.498039 #1.000000
v 1.445557 1.919678 0.659180 0.498039 0.498039 0.498039 #1.000000
v 1.445557 2.167236 0.659180 0.498039 0.498039 0.498039 #1.000000
v 1.396240 1.375488 -0.428955 0.498039 0.498039 0.498039 #1.000000
v 1.445557 1.820801 -0.033203 0.498039 0.498039 0.498039 #1.000000
v 1.495117 1.672363 0.164551 0.498039 0.498039 0.498039 #1.000000
v 1.495117 1.672363 0.164551 0.498039 0.498039 0.498039 #1.000000
v 1.445557 1.375488 -0.132080 0.498039 0.498039 0.498039 #1.000000
v 1.396240 1.375488 -0.428955 0.498039 0.498039 0.498039 #1.000000
v 1.148926 0.979736 -0.428955 0.498039 0.498039 0.498039 #1.000000
v 1.099365 1.177734 -0.528076 0.498039 0.498039 0.498039 #1.000000
v 1.346680 1.177734 -0.577393 0.498039 0.498039 0.498039 #1.000000
v 1.445557 1.375488 -0.132080 0.498039 0.498039 0.498039 #1.000000
v 1.346680 0.979736 -0.428955 0.498039 0.498039 0.498039 #1.000000
v 1.346680 1.177734 -0.577393 0.498039 0.498039 0.498039 #1.000000
v 1.445557 1.375488 -0.132080 0.498039 0.498039 0.498039 #1.000000
v 1.445557 1.128174 -0.181641 0.498039 0.498039 0.498039 #1.000000
v 1.346680 0.979736 -0.428955 0.498039 0.498039 0.498039 #1.000000
v 1.346680 1.177734 -0.577393 0.498039 0.498039 0.498039 #1.000000
v 1.346680 0.979736 -0.428955 0.498039 0.498039 0.498039 #1.000000
v 1.148926 0.979736 -0.428955 0.498039 0.498039 0.498039 #1.000000
v 1.148926 0.336670 0.016113 0.498039 0.498039 0.498039 #1.000000
v 1.148926 0.979736 -0.428955 0.498039 0.498039 0.498039 #1.000000
v 1.346680 0.979736 -0.428955 0.498039 0.498039 0.498039 #1.000000
v 1.346680 0.979736 -0.428955 0.498039 0.498039 0.498039 #1.000000
v 1.396240 0.336670 0.016113 0.498039 0.498039 0.498039 #1.000000
v 1.148926 0.336670 0.016113 0.498039 0.498039 0.498039 #1.000000
v 1.148926 0.089111 0.461426 0.498039 0.498039 0.498039 #1.000000
v 1.148926 0.336670 0.016113 0.498039 0.498039 0.498039 #1.000000
v 1.396240 0.336670 0.016113 0.498039 0.498039 0.498039 #1.000000
v 1.396240 0.336670 0.016113 0.498039 0.498039 0.498039 #1.000000
v 1.346680 0.089111 0.461426 0.498039 0.498039 0.498039 #1.000000
v 1.148926 0.089111 0.461426 0.498039 0.498039 0.498039 #1.000000
v 1.148926 0.089111 0.906494 0.498039 0.498039 0.498039 #1.000000
v 1.148926 0.089111 0.461426 0.498039 0.498039 0.498039 #1.000000
v 1.346680 0.089111 0.461426 0.498039 0.498039 0.498039 #1.000000
v 1.346680 0.089111 0.461426 0.498039 0.498039 0.498039 #1.000000
v 1.346680 0.089111 0.906494 0.498039 0.498039 0.498039 #1.000000
v 1.148926 0.089111 0.906494 0.498039 0.498039 0.498039 #1.000000
v 1.099365 0.287109 1.450928 0.498039 0.498039 0.498039 #1.000000
v 1.148926 0.089111 0.906494 0.498039 0.498039 0.498039 #1.000000
v 1.346680 0.089111 0.906494 0.498039 0.498039 0.498039 #1.000000
v 1.346680 0.089111 0.906494 0.498039 0.498039 0.498039 #1.000000
v 1.346680 0.287109 1.450928 0.498039 0.498039 0.498039 #1.000000
v 1.099365 0.287109 1.450928 0.498039 0.498039 0.498039 #1.000000
v 1.049805 0.682861 1.797119 0.498039 0.498039 0.498039 #1.000000
v 1.099365 0.287109 1.450928 0.498039 0.498039 0.498039 #1.000000
v 1.346680 0.287109 1.450928 0.498039 0.498039 0.498039 #1.000000
v 1.346680 0.287109 1.450928 0.498039 0.498039 0.498039 #1.000000
v 1.297363 0.682861 1.797119 0.498039 0.498039 0.498039 #1.000000
v 1.049805 0.682861 1.797119 0.498039 0.498039 0.498039 #1.000000
v 1.049805 0.979736 1.895996 0.498039 0.498039 0.498039 #1.000000
v 1.049805 0.682861 1.797119 0.498039 0.498039 0.498039 #1.000000
v 1.297363 0.682861 1.797119 0.498039 0.498039 0.498039 #1.000000
v 1.297363 0.682861 1.797119 0.498039 0.498039 0.498039 #1.000000
v 1.297363 0.979736 1.895996 0.498039 0.498039 0.498039 #1.000000
v 1.049805 0.979736 1.895996 0.498039 0.498039 0.498039 #1.000000
v 1.049805 1.276611 1.945557 0.498039 0.498039 0.498039 #1.000000
v 1.049805 0.979736 1.895996 0.498039 0.498039 0.498039 #1.000000
v 1.297363 0.979736 1.895996 0.498039 0.498039 0.498039 #1.000000
v 1.297363 0.979736 1.895996 0.498039 0.498039 0.498039 #1.000000
v 1.297363 1.326172 1.945557 0.498039 0.498039 0.498039 #1.000000
v 1.049805 1.276611 1.945557 0.498039 0.498039 0.498039 #1.000000
v 1.049805 1.474365 1.895996 0.498039 0.498039 0.498039 #1.000000
v 1.049805 1.276611 1.945557 0.498039 0.498039 0.498039 #1.000000
v 1.297363 1.326172 1.945557 0.498039 0.498039 0.498039 #1.000000
v 1.297363 1.326172 1.945557 0.498039 0.498039 0.498039 #1.000000
v 1.247803 1.622803 1.846680 0.498039 0.498039 0.498039 #1.000000
v 1.049805 1.474365 1.895996 0.498039 0.498039 0.498039 #1.000000
v 1.198242 1.029297 -1.072266 0.498039 0.498039 0.498039 #1.000000
v 0.852051 1.029297 -1.121582 0.498039 0.498039 0.498039 #1.000000
v 1.049805 0.781738 -1.814209 0.498039 0.498039 0.498039 #1.000000
v 1.049805 0.781738 -1.814209 0.498039 0.498039 0.498039 #1.000000
v 1.297363 1.029297 -1.121582 0.498039 0.498039 0.498039 #1.000000
v 1.198242 1.029297 -1.072266 0.498039 0.498039 0.498039 #1.000000
v 1.099365 1.177734 -0.528076 0.498039 0.498039 0.498039 #1.000000
v 1.198242 1.029297 -1.072266 0.498039 0.498039 0.498039 #1.000000
v 1.297363 1.029297 -1.121582 0.498039 0.498039 0.498039 #1.000000
v 1.297363 1.029297 -1.121582 0.498039 0.498039 0.498039 #1.000000
v 1.346680 1.177734 -0.577393 0.498039 0.498039 0.498039 #1.000000
v 1.099365 1.177734 -0.528076 0.498039 0.498039 0.498039 #1.000000
v 0.852051 1.029297 -1.121582 0.498039 0.498039 0.498039 #1.000000
v 0.505615 0.930176 -1.418457 0.498039 0.498039 0.498039 #1.000000
v 0.654053 0.633301 -2.210205 0.498039 0.498039 0.498039 #1.000000
v 0.654053 0.633301 -2.210205 0.498039 0.498039 0.498039 #1.000000
v 1.049805 0.781738 -1.814209 0.498039 0.498039 0.498039 #1.000000
v 0.852051 1.029297 -1.121582 0.498039 0.498039 0.498039 #1.000000
v 0.505615 0.930176 -1.418457 0.498039 0.498039 0.498039 #1.000000
v -0.137207 0.880859 -1.517578 0.498039 0.498039 0.498039 #1.000000
v -0.137207 0.583984 -2.358643 0.498039 0.498039 0.498039 #1.000000
v -0.137207 0.583984 -2.358643 0.498039 0.498039 0.498039 #1.000000
v 0.654053 0.633301 -2.210205 0.498039 0.498039 0.498039 #1.000000
v 0.505615 0.930176 -1.418457 0.498039 0.498039 0.498039 #1.000000
v 0.852051 1.029297 -1.121582 0.498039 0.498039 0.498039 #1.000000
v 1.198242 1.029297 -1.072266 0.498039 0.498039 0.498039 #1.000000
v 1.099365 1.177734 -0.528076 0.498039 0.498039 0.498039 #1.000000
v 1.297363 1.128174 -1.121582 0.498039 0.498039 0.498039 #1.000000
v 1.049805 0.880859 -1.814209 0.498039 0.498039 0.498039 #1.000000
v 1.198242 1.474365 -1.171143 0.498039 0.498039 0.498039 #1.000000
v 1.198242 1.474365 -1.171143 0.498039 0.498039 0.498039 #1.000000
v 1.346680 1.622803 -0.676270 0.498039 0.498039 0.498039 #1.000000
v 1.297363 1.128174 -1.121582 0.498039 0.498039 0.498039 #1.000000
v 1.049805 0.880859 -1.814209 0.498039 0.498039 0.498039 #1.000000
v 0.703613 0.732422 -2.259521 0.498039 0.498039 0.498039 #1.000000
v 0.802490 1.326172 -1.566895 0.498039 0.498039 0.498039 #1.000000
v 0.802490 1.326172 -1.566895 0.498039 0.498039 0.498039 #1.000000
v 1.198242 1.474365 -1.171143 0.498039 0.498039 0.498039 #1.000000
v 1.049805 0.880859 -1.814209 0.498039 0.498039 0.498039 #1.000000
v 0.703613 0.732422 -2.259521 0.498039 0.498039 0.498039 #1.000000
v -0.137207 0.682861 -2.407959 0.498039 0.498039 0.498039 #1.000000
v -0.137207 1.276611 -1.764893 0.498039 0.498039 0.498039 #1.000000
v -0.137207 1.276611 -1.764893 0.498039 0.498039 0.498039 #1.000000
v 0.802490 1.326172 -1.566895 0.498039 0.498039 0.498039 #1.000000
v 0.703613 0.732422 -2.259521 0.498039 0.498039 0.498039 #1.000000
v 1.396240 1.375488 -0.428955 0.498039 0.498039 0.498039 #1.000000
v 1.346680 1.622803 -0.676270 0.498039 0.498039 0.498039 #1.000000
v 1.445557 1.820801 -0.033203 0.498039 0.498039 0.498039 #1.000000
v 1.297363 1.128174 -1.121582 0.498039 0.498039 0.498039 #1.000000
v 1.346680 1.622803 -0.676270 0.498039 0.498039 0.498039 #1.000000
v 1.396240 1.375488 -0.428955 0.498039 0.498039 0.498039 #1.000000
v 1.297363 1.029297 -1.121582 0.498039 0.498039 0.498039 #1.000000
v 1.049805 0.781738 -1.814209 0.498039 0.498039 0.498039 #1.000000
v 1.049805 0.880859 -1.814209 0.498039 0.498039 0.498039 #1.000000
v 1.049805 0.880859 -1.814209 0.498039 0.498039 0.498039 #1.000000
v 1.297363 1.128174 -1.121582 0.498039 0.498039 0.498039 #1.000000
v 1.297363 1.029297 -1.121582 0.498039 0.498039 0.498039 #1.000000
v 1.049805 0.781738 -1.814209 0.498039 0.498039 0.498039 #1.000000
v 0.654053 0.633301 -2.210205 0.498039 0.498039 0.498039 #1.000000
v 0.703613 0.732422 -2.259521 0.498039 0.498039 0.498039 #1.000000
v 0.703613 0.732422 -2.259521 0.498039 0.498039 0.498039 #1.000000
v 1.049805 0.880859 -1.814209 0.498039 0.498039 0.498039 #1.000000
v 1.049805 0.781738 -1.814209 0.498039 0.498039 0.498039 #1.000000
v 0.654053 0.633301 -2.210205 0.498039 0.498039 0.498039 #1.000000
v -0.137207 0.583984 -2.358643 0.498039 0.498039 0.498039 #1.000000
v -0.137207 0.682861 -2.407959 0.498039 0.498039 0.498039 #1.000000
v -0.137207 0.682861 -2.407959 0.498039 0.498039 0.498039 #1.000000
v 0.703613 0.732422 -2.259521 0.498039 0.498039 0.498039 #1.000000
v 0.654053 0.633301 -2.210205 0.498039 0.498039 0.498039 #1.000000
v 1.346680 1.177734 -0.577393 0.498039 0.498039 0.498039 #1.000000
v 1.297363 1.029297 -1.121582 0.498039 0.498039 0.498039 #1.000000
v 1.297363 1.128174 -1.121582 0.498039 0.498039 0.498039 #1.000000
v 1.396240 1.375488 -0.428955 0.498039 0.498039 0.498039 #1.000000
v 1.346680 1.177734 -0.577393 0.498039 0.498039 0.498039 #1.000000
v 1.297363 1.128174 -1.121582 0.498039 0.498039 0.498039 #1.000000
v 1.049805 0.682861 1.797119 0.498039 0.498039 0.498039 #1.000000
v 0.950928 0.880859 1.054932 0.498039 0.498039 0.498039 #1.000000
v 1.099365 0.287109 1.450928 0.498039 0.498039 0.498039 #1.000000
v 1.049805 0.979736 1.895996 0.498039 0.498039 0.498039 #1.000000
v 0.950928 0.979736 1.154053 0.498039 0.498039 0.498039 #1.000000
v 1.049805 0.682861 1.797119 0.498039 0.498039 0.498039 #1.000000
v 1.049805 1.276611 1.945557 0.498039 0.498039 0.498039 #1.000000
v 0.950928 1.078613 1.203369 0.498039 0.498039 0.498039 #1.000000
v 1.049805 0.979736 1.895996 0.498039 0.498039 0.498039 #1.000000
v 1.049805 1.474365 1.895996 0.498039 0.498039 0.498039 #1.000000
v 0.950928 1.177734 1.154053 0.498039 0.498039 0.498039 #1.000000
v 1.049805 1.276611 1.945557 0.498039 0.498039 0.498039 #1.000000
v 1.099365 0.287109 1.450928 0.498039 0.498039 0.498039 #1.000000
v 0.950928 0.831299 0.956055 0.498039 0.498039 0.498039 #1.000000
v 1.148926 0.089111 0.906494 0.498039 0.498039 0.498039 #1.000000
v 0.950928 0.880859 1.054932 0.498039 0.498039 0.498039 #1.000000
v 0.950928 0.831299 0.956055 0.498039 0.498039 0.498039 #1.000000
v 1.099365 0.287109 1.450928 0.498039 0.498039 0.498039 #1.000000
v 0.950928 0.979736 1.154053 0.498039 0.498039 0.498039 #1.000000
v 0.950928 0.880859 1.054932 0.498039 0.498039 0.498039 #1.000000
v 1.049805 0.682861 1.797119 0.498039 0.498039 0.498039 #1.000000
v 0.950928 1.078613 1.203369 0.498039 0.498039 0.498039 #1.000000
v 0.950928 0.979736 1.154053 0.498039 0.498039 0.498039 #1.000000
v 1.049805 0.979736 1.895996 0.498039 0.498039 0.498039 #1.000000
v 0.950928 1.177734 1.154053 0.498039 0.498039 0.498039 #1.000000
v 0.950928 1.078613 1.203369 0.498039 0.498039 0.498039 #1.000000
v 1.049805 1.276611 1.945557 0.498039 0.498039 0.498039 #1.000000
v 1.148926 0.089111 0.906494 0.498039 0.498039 0.498039 #1.000000
v 0.950928 0.831299 0.857178 0.498039 0.498039 0.498039 #1.000000
v 1.148926 0.089111 0.461426 0.498039 0.498039 0.498039 #1.000000
v 1.148926 0.089111 0.906494 0.498039 0.498039 0.498039 #1.000000
v 0.950928 0.831299 0.956055 0.498039 0.498039 0.498039 #1.000000
v 0.950928 0.831299 0.857178 0.498039 0.498039 0.498039 #1.000000
v 1.148926 0.089111 0.461426 0.498039 0.498039 0.498039 #1.000000
v 0.950928 0.880859 0.758057 0.498039 0.498039 0.498039 #1.000000
v 1.148926 0.336670 0.016113 0.498039 0.498039 0.498039 #1.000000
v 1.148926 0.089111 0.461426 0.498039 0.498039 0.498039 #1.000000
v 0.950928 0.831299 0.857178 0.498039 0.498039 0.498039 #1.000000
v 0.950928 0.880859 0.758057 0.498039 0.498039 0.498039 #1.000000
v 1.148926 0.336670 0.016113 0.498039 0.498039 0.498039 #1.000000
v 0.950928 1.029297 0.708740 0.498039 0.498039 0.498039 #1.000000
v 1.148926 0.979736 -0.428955 0.498039 0.498039 0.498039 #1.000000
v 1.148926 0.336670 0.016113 0.498039 0.498039 0.498039 #1.000000
v 0.950928 0.880859 0.758057 0.498039 0.498039 0.498039 #1.000000
v 0.950928 1.029297 0.708740 0.498039 0.498039 0.498039 #1.000000
v 1.148926 0.979736 -0.428955 0.498039 0.498039 0.498039 #1.000000
v 0.950928 1.177734 0.758057 0.498039 0.498039 0.498039 #1.000000
v 1.099365 1.177734 -0.528076 0.498039 0.498039 0.498039 #1.000000
v 1.148926 0.979736 -0.428955 0.498039 0.498039 0.498039 #1.000000
v 0.950928 1.029297 0.708740 0.498039 0.498039 0.498039 #1.000000
v 0.950928 1.177734 0.758057 0.498039 0.498039 0.498039 #1.000000
v 0.950928 1.276611 0.857178 0.498039 0.498039 0.498039 #1.000000
v 1.099365 1.177734 -0.528076 0.498039 0.498039 0.498039 #1.000000
v 0.950928 1.177734 0.758057 0.498039 0.498039 0.498039 #1.000000
v 1.049805 1.474365 1.895996 0.498039 0.498039 0.498039 #1.000000
v 1.247803 1.622803 1.846680 0.498039 0.498039 0.498039 #1.000000
v 0.950928 1.276611 1.104492 0.498039 0.498039 0.498039 #1.000000
v 1.049805 1.474365 1.895996 0.498039 0.498039 0.498039 #1.000000
v 0.950928 1.276611 1.104492 0.498039 0.498039 0.498039 #1.000000
v 0.950928 1.177734 1.154053 0.498039 0.498039 0.498039 #1.000000
v 1.247803 1.622803 1.846680 0.498039 0.498039 0.498039 #1.000000
v 0.950928 1.276611 1.005615 0.498039 0.498039 0.498039 #1.000000
v 0.950928 1.276611 1.104492 0.498039 0.498039 0.498039 #1.000000
v 1.247803 1.622803 1.846680 0.498039 0.498039 0.498039 #1.000000
v 1.099365 1.177734 -0.528076 0.498039 0.498039 0.498039 #1.000000
v 0.950928 1.276611 1.005615 0.498039 0.498039 0.498039 #1.000000
v 0.950928 1.276611 1.005615 0.498039 0.498039 0.498039 #1.000000
v 1.099365 1.177734 -0.528076 0.498039 0.498039 0.498039 #1.000000
v 0.950928 1.276611 0.857178 0.498039 0.498039 0.498039 #1.000000
v -1.077393 1.820801 -1.715332 0.498039 0.498039 0.498039 #1.000000
v -0.137207 1.276611 -1.764893 0.498039 0.498039 0.498039 #1.000000
v -1.126709 1.326172 -1.566895 0.498039 0.498039 0.498039 #1.000000
v -1.077393 1.820801 -1.715332 0.498039 0.498039 0.498039 #1.000000
v -0.137207 1.721924 -1.913330 0.498039 0.498039 0.498039 #1.000000
v -0.137207 1.276611 -1.764893 0.498039 0.498039 0.498039 #1.000000
v -0.879395 2.810303 -1.814209 0.498039 0.498039 0.498039 #1.000000
v -0.137207 2.216553 -2.061768 0.498039 0.498039 0.498039 #1.000000
v -1.027832 2.315674 -1.814209 0.498039 0.498039 0.498039 #1.000000
v -0.879395 2.810303 -1.814209 0.498039 0.498039 0.498039 #1.000000
v -0.137207 2.711426 -2.012207 0.498039 0.498039 0.498039 #1.000000
v -0.137207 2.216553 -2.061768 0.498039 0.498039 0.498039 #1.000000
v -1.027832 2.315674 -1.814209 0.498039 0.498039 0.498039 #1.000000
v -0.137207 1.721924 -1.913330 0.498039 0.498039 0.498039 #1.000000
v -1.077393 1.820801 -1.715332 0.498039 0.498039 0.498039 #1.000000
v -1.027832 2.315674 -1.814209 0.498039 0.498039 0.498039 #1.000000
v -0.137207 2.216553 -2.061768 0.498039 0.498039 0.498039 #1.000000
v -0.137207 1.721924 -1.913330 0.498039 0.498039 0.498039 #1.000000
v -0.137207 3.799805 -0.181641 0.498039 0.498039 0.498039 #1.000000
v -0.285645 3.948242 0.263428 0.498039 0.498039 0.498039 #1.000000
v -0.137207 3.948242 0.312988 0.498039 0.498039 0.498039 #1.000000
v -0.137207 3.799805 -0.181641 0.498039 0.498039 0.498039 #1.000000
v -0.434082 3.898682 0.213867 0.498039 0.498039 0.498039 #1.000000
v -0.285645 3.948242 0.263428 0.498039 0.498039 0.498039 #1.000000
v -0.137207 3.799805 -0.181641 0.498039 0.498039 0.498039 #1.000000
v -0.533203 3.898682 0.114990 0.498039 0.498039 0.498039 #1.000000
v -0.434082 3.898682 0.213867 0.498039 0.498039 0.498039 #1.000000
v -0.137207 3.799805 -0.181641 0.498039 0.498039 0.498039 #1.000000
v -0.632080 3.849365 -0.033203 0.498039 0.498039 0.498039 #1.000000
v -0.533203 3.898682 0.114990 0.498039 0.498039 0.498039 #1.000000
v -0.137207 3.799805 -0.181641 0.498039 0.498039 0.498039 #1.000000
v -0.681396 3.750244 -0.231201 0.498039 0.498039 0.498039 #1.000000
v -0.632080 3.849365 -0.033203 0.498039 0.498039 0.498039 #1.000000
v -0.137207 3.799805 -0.181641 0.498039 0.498039 0.498039 #1.000000
v -0.681396 3.651367 -0.528076 0.498039 0.498039 0.498039 #1.000000
v -0.681396 3.750244 -0.231201 0.498039 0.498039 0.498039 #1.000000
v -0.137207 3.799805 -0.181641 0.498039 0.498039 0.498039 #1.000000
v -0.632080 3.601807 -0.676270 0.498039 0.498039 0.498039 #1.000000
v -0.681396 3.651367 -0.528076 0.498039 0.498039 0.498039 #1.000000
v -0.137207 3.799805 -0.181641 0.498039 0.498039 0.498039 #1.000000
v -0.533203 3.552490 -0.874268 0.498039 0.498039 0.498039 #1.000000
v -0.632080 3.601807 -0.676270 0.498039 0.498039 0.498039 #1.000000
v -0.137207 3.799805 -0.181641 0.498039 0.498039 0.498039 #1.000000
v -0.384766 3.502930 -0.973145 0.498039 0.498039 0.498039 #1.000000
v -0.533203 3.552490 -0.874268 0.498039 0.498039 0.498039 #1.000000
v -0.137207 3.799805 -0.181641 0.498039 0.498039 0.498039 #1.000000
v -0.137207 3.502930 -1.022705 0.498039 0.498039 0.498039 #1.000000
v -0.384766 3.502930 -0.973145 0.498039 0.498039 0.498039 #1.000000
v -0.137207 3.948242 0.312988 0.498039 0.498039 0.498039 #1.000000
v -0.434082 3.997803 0.807617 0.498039 0.498039 0.498039 #1.000000
v -0.137207 3.997803 0.857178 0.498039 0.498039 0.498039 #1.000000
v -0.137207 3.948242 0.312988 0.498039 0.498039 0.498039 #1.000000
v -0.285645 3.948242 0.263428 0.498039 0.498039 0.498039 #1.000000
v -0.434082 3.997803 0.807617 0.498039 0.498039 0.498039 #1.000000
v -0.285645 3.948242 0.263428 0.498039 0.498039 0.498039 #1.000000
v -0.681396 3.948242 0.708740 0.498039 0.498039 0.498039 #1.000000
v -0.434082 3.997803 0.807617 0.498039 0.498039 0.498039 #1.000000
v -0.285645 3.948242 0.263428 0.498039 0.498039 0.498039 #1.000000
v -0.434082 3.898682 0.213867 0.498039 0.498039 0.498039 #1.000000
v -0.681396 3.948242 0.708740 0.498039 0.498039 0.498039 #1.000000
v -0.434082 3.898682 0.213867 0.498039 0.498039 0.498039 #1.000000
v -0.879395 3.898682 0.510742 0.498039 0.498039 0.498039 #1.000000
v -0.681396 3.948242 0.708740 0.498039 0.498039 0.498039 #1.000000
v -0.434082 3.898682 0.213867 0.498039 0.498039 0.498039 #1.000000
v -0.533203 3.898682 0.114990 0.498039 0.498039 0.498039 #1.000000
v -0.879395 3.898682 0.510742 0.498039 0.498039 0.498039 #1.000000
v -0.533203 3.898682 0.114990 0.498039 0.498039 0.498039 #1.000000
v -1.027832 3.799805 0.263428 0.498039 0.498039 0.498039 #1.000000
v -0.879395 3.898682 0.510742 0.498039 0.498039 0.498039 #1.000000
v -0.533203 3.898682 0.114990 0.498039 0.498039 0.498039 #1.000000
v -0.632080 3.849365 -0.033203 0.498039 0.498039 0.498039 #1.000000
v -1.027832 3.799805 0.263428 0.498039 0.498039 0.498039 #1.000000
v -0.632080 3.849365 -0.033203 0.498039 0.498039 0.498039 #1.000000
v -1.176270 3.651367 -0.132080 0.498039 0.498039 0.498039 #1.000000
v -1.027832 3.799805 0.263428 0.498039 0.498039 0.498039 #1.000000
v -0.632080 3.849365 -0.033203 0.498039 0.498039 0.498039 #1.000000
v -0.681396 3.750244 -0.231201 0.498039 0.498039 0.498039 #1.000000
v -1.176270 3.651367 -0.132080 0.498039 0.498039 0.498039 #1.000000
v -0.681396 3.750244 -0.231201 0.498039 0.498039 0.498039 #1.000000
v -1.126709 3.453613 -0.577393 0.498039 0.498039 0.498039 #1.000000
v -1.176270 3.651367 -0.132080 0.498039 0.498039 0.498039 #1.000000
v -0.681396 3.750244 -0.231201 0.498039 0.498039 0.498039 #1.000000
v -0.681396 3.651367 -0.528076 0.498039 0.498039 0.498039 #1.000000
v -1.126709 3.453613 -0.577393 0.498039 0.498039 0.498039 #1.000000
v -0.681396 3.651367 -0.528076 0.498039 0.498039 0.498039 #1.000000
v -1.077393 3.354492 -0.923828 0.498039 0.498039 0.498039 #1.000000
v -1.126709 3.453613 -0.577393 0.498039 0.498039 0.498039 #1.000000
v -0.681396 3.651367 -0.528076 0.498039 0.498039 0.498039 #1.000000
v -0.632080 3.601807 -0.676270 0.498039 0.498039 0.498039 #1.000000
v -1.077393 3.354492 -0.923828 0.498039 0.498039 0.498039 #1.000000
v -0.632080 3.601807 -0.676270 0.498039 0.498039 0.498039 #1.000000
v -0.879395 3.255615 -1.270020 0.498039 0.498039 0.498039 #1.000000
v -1.077393 3.354492 -0.923828 0.498039 0.498039 0.498039 #1.000000
v -0.632080 3.601807 -0.676270 0.498039 0.498039 0.498039 #1.000000
v -0.533203 3.552490 -0.874268 0.498039 0.498039 0.498039 #1.000000
v -0.879395 3.255615 -1.270020 0.498039 0.498039 0.498039 #1.000000
v -0.533203 3.552490 -0.874268 0.498039 0.498039 0.498039 #1.000000
v -0.632080 3.206055 -1.517578 0.498039 0.498039 0.498039 #1.000000
v -0.879395 3.255615 -1.270020 0.498039 0.498039 0.498039 #1.000000
v -0.533203 3.552490 -0.874268 0.498039 0.498039 0.498039 #1.000000
v -0.384766 3.502930 -0.973145 0.498039 0.498039 0.498039 #1.000000
v -0.632080 3.206055 -1.517578 0.498039 0.498039 0.498039 #1.000000
v -0.384766 3.502930 -0.973145 0.498039 0.498039 0.498039 #1.000000
v -0.137207 3.156738 -1.665771 0.498039 0.498039 0.498039 #1.000000
v -0.632080 3.206055 -1.517578 0.498039 0.498039 0.498039 #1.000000
v -0.384766 3.502930 -0.973145 0.498039 0.498039 0.498039 #1.000000
v -0.137207 3.502930 -1.022705 0.498039 0.498039 0.498039 #1.000000
v -0.137207 3.156738 -1.665771 0.498039 0.498039 0.498039 #1.000000
v -0.137207 3.997803 0.857178 0.498039 0.498039 0.498039 #1.000000
v -0.533203 3.898682 1.252930 0.498039 0.498039 0.498039 #1.000000
v -0.137207 3.948242 1.302490 0.498039 0.498039 0.498039 #1.000000
v -0.137207 3.997803 0.857178 0.498039 0.498039 0.498039 #1.000000
v -0.434082 3.997803 0.807617 0.498039 0.498039 0.498039 #1.000000
v -0.533203 3.898682 1.252930 0.498039 0.498039 0.498039 #1.000000
v -0.434082 3.997803 0.807617 0.498039 0.498039 0.498039 #1.000000
v -0.879395 3.849365 1.104492 0.498039 0.498039 0.498039 #1.000000
v -0.533203 3.898682 1.252930 0.498039 0.498039 0.498039 #1.000000
v -0.434082 3.997803 0.807617 0.498039 0.498039 0.498039 #1.000000
v -0.681396 3.948242 0.708740 0.498039 0.498039 0.498039 #1.000000
v -0.879395 3.849365 1.104492 0.498039 0.498039 0.498039 #1.000000
v -0.681396 3.948242 0.708740 0.498039 0.498039 0.498039 #1.000000
v -1.176270 3.750244 0.857178 0.498039 0.498039 0.498039 #1.000000
v -0.879395 3.849365 1.104492 0.498039 0.498039 0.498039 #1.000000
v -0.681396 3.948242 0.708740 0.498039 0.498039 0.498039 #1.000000
v -0.879395 3.898682 0.510742 0.498039 0.498039 0.498039 #1.000000
v -1.176270 3.750244 0.857178 0.498039 0.498039 0.498039 #1.000000
v -0.879395 3.898682 0.510742 0.498039 0.498039 0.498039 #1.000000
v -1.324707 3.601807 0.560303 0.498039 0.498039 0.498039 #1.000000
v -1.176270 3.750244 0.857178 0.498039 0.498039 0.498039 #1.000000
v -0.879395 3.898682 0.510742 0.498039 0.498039 0.498039 #1.000000
v -1.027832 3.799805 0.263428 0.498039 0.498039 0.498039 #1.000000
v -1.324707 3.601807 0.560303 0.498039 0.498039 0.498039 #1.000000
v -1.027832 3.799805 0.263428 0.498039 0.498039 0.498039 #1.000000
v -1.473145 3.404053 0.065430 0.498039 0.498039 0.498039 #1.000000
v -1.324707 3.601807 0.560303 0.498039 0.498039 0.498039 #1.000000
v -1.027832 3.799805 0.263428 0.498039 0.498039 0.498039 #1.000000
v -1.176270 3.651367 -0.132080 0.498039 0.498039 0.498039 #1.000000
v -1.473145 3.404053 0.065430 0.498039 0.498039 0.498039 #1.000000
v -1.176270 3.651367 -0.132080 0.498039 0.498039 0.498039 #1.000000
v -1.473145 3.206055 -0.528076 0.498039 0.498039 0.498039 #1.000000
v -1.473145 3.404053 0.065430 0.498039 0.498039 0.498039 #1.000000
v -1.176270 3.651367 -0.132080 0.498039 0.498039 0.498039 #1.000000
v -1.126709 3.453613 -0.577393 0.498039 0.498039 0.498039 #1.000000
v -1.473145 3.206055 -0.528076 0.498039 0.498039 0.498039 #1.000000
v -1.126709 3.453613 -0.577393 0.498039 0.498039 0.498039 #1.000000
v -1.374268 3.057617 -1.022705 0.498039 0.498039 0.498039 #1.000000
v -1.473145 3.206055 -0.528076 0.498039 0.498039 0.498039 #1.000000
v -1.126709 3.453613 -0.577393 0.498039 0.498039 0.498039 #1.000000
v -1.077393 3.354492 -0.923828 0.498039 0.498039 0.498039 #1.000000
v -1.374268 3.057617 -1.022705 0.498039 0.498039 0.498039 #1.000000
v -1.077393 3.354492 -0.923828 0.498039 0.498039 0.498039 #1.000000
v -1.176270 2.909180 -1.517578 0.498039 0.498039 0.498039 #1.000000
v -1.374268 3.057617 -1.022705 0.498039 0.498039 0.498039 #1.000000
v -1.077393 3.354492 -0.923828 0.498039 0.498039 0.498039 #1.000000
v -0.879395 3.255615 -1.270020 0.498039 0.498039 0.498039 #1.000000
v -1.176270 2.909180 -1.517578 0.498039 0.498039 0.498039 #1.000000
v -0.879395 3.255615 -1.270020 0.498039 0.498039 0.498039 #1.000000
v -0.879395 2.810303 -1.814209 0.498039 0.498039 0.498039 #1.000000
v -1.176270 2.909180 -1.517578 0.498039 0.498039 0.498039 #1.000000
v -0.879395 3.255615 -1.270020 0.498039 0.498039 0.498039 #1.000000
v -0.632080 3.206055 -1.517578 0.498039 0.498039 0.498039 #1.000000
v -0.879395 2.810303 -1.814209 0.498039 0.498039 0.498039 #1.000000
v -0.632080 3.206055 -1.517578 0.498039 0.498039 0.498039 #1.000000
v -0.137207 2.711426 -2.012207 0.498039 0.498039 0.498039 #1.000000
v -0.879395 2.810303 -1.814209 0.498039 0.498039 0.498039 #1.000000
v -0.632080 3.206055 -1.517578 0.498039 0.498039 0.498039 #1.000000
v -0.137207 3.156738 -1.665771 0.498039 0.498039 0.498039 #1.000000
v -0.137207 2.711426 -2.012207 0.498039 0.498039 0.498039 #1.000000
v -0.137207 3.948242 1.302490 0.498039 0.498039 0.498039 #1.000000
v -0.632080 3.601807 1.549805 0.498039 0.498039 0.498039 #1.000000
v -0.137207 3.601807 1.648682 0.498039 0.498039 0.498039 #1.000000
v -0.137207 3.948242 1.302490 0.498039 0.498039 0.498039 #1.000000
v -0.533203 3.898682 1.252930 0.498039 0.498039 0.498039 #1.000000
v -0.632080 3.601807 1.549805 0.498039 0.498039 0.498039 #1.000000
v -0.533203 3.898682 1.252930 0.498039 0.498039 0.498039 #1.000000
v -1.077393 3.502930 1.351807 0.498039 0.498039 0.498039 #1.000000
v -0.632080 3.601807 1.549805 0.498039 0.498039 0.498039 #1.000000
v -0.533203 3.898682 1.252930 0.498039 0.498039 0.498039 #1.000000
v -0.879395 3.849365 1.104492 0.498039 0.498039 0.498039 #1.000000
v -1.077393 3.502930 1.351807 0.498039 0.498039 0.498039 #1.000000
v -0.879395 3.849365 1.104492 0.498039 0.498039 0.498039 #1.000000
v -1.374268 3.404053 1.054932 0.498039 0.498039 0.498039 #1.000000
v -1.077393 3.502930 1.351807 0.498039 0.498039 0.498039 #1.000000
v -0.879395 3.849365 1.104492 0.498039 0.498039 0.498039 #1.000000
v -1.176270 3.750244 0.857178 0.498039 0.498039 0.498039 #1.000000
v -1.374268 3.404053 1.054932 0.498039 0.498039 0.498039 #1.000000
v -1.176270 3.750244 0.857178 0.498039 0.498039 0.498039 #1.000000
v -1.522705 3.255615 0.807617 0.498039 0.498039 0.498039 #1.000000
v -1.374268 3.404053 1.054932 0.498039 0.498039 0.498039 #1.000000
v -1.176270 3.750244 0.857178 0.498039 0.498039 0.498039 #1.000000
v -1.324707 3.601807 0.560303 0.498039 0.498039 0.498039 #1.000000
v -1.522705 3.255615 0.807617 0.498039 0.498039 0.498039 #1.000000
v -1.324707 3.601807 0.560303 0.498039 0.498039 0.498039 #1.000000
v -1.621582 3.057617 0.263428 0.498039 0.498039 0.498039 #1.000000
v -1.522705 3.255615 0.807617 0.498039 0.498039 0.498039 #1.000000
v -1.324707 3.601807 0.560303 0.498039 0.498039 0.498039 #1.000000
v -1.473145 3.404053 0.065430 0.498039 0.498039 0.498039 #1.000000
v -1.621582 3.057617 0.263428 0.498039 0.498039 0.498039 #1.000000
v -1.473145 3.404053 0.065430 0.498039 0.498039 0.498039 #1.000000
v -1.621582 2.760742 -0.428955 0.498039 0.498039 0.498039 #1.000000
v -1.621582 3.057617 0.263428 0.498039 0.498039 0.498039 #1.000000
v -1.473145 3.404053 0.065430 0.498039 0.498039 0.498039 #1.000000
v -1.473145 3.206055 -0.528076 0.498039 0.498039 0.498039 #1.000000
v -1.621582 2.760742 -0.428955 0.498039 0.498039 0.498039 #1.000000
v -1.473145 3.206055 -0.528076 0.498039 0.498039 0.498039 #1.000000
v -1.572021 2.612305 -0.973145 0.498039 0.498039 0.498039 #1.000000
v -1.621582 2.760742 -0.428955 0.498039 0.498039 0.498039 #1.000000
v -1.473145 3.206055 -0.528076 0.498039 0.498039 0.498039 #1.000000
v -1.374268 3.057617 -1.022705 0.498039 0.498039 0.498039 #1.000000
v -1.572021 2.612305 -0.973145 0.498039 0.498039 0.498039 #1.000000
v -1.374268 3.057617 -1.022705 0.498039 0.498039 0.498039 #1.000000
v -1.374268 2.463867 -1.468018 0.498039 0.498039 0.498039 #1.000000
v -1.572021 2.612305 -0.973145 0.498039 0.498039 0.498039 #1.000000
v -1.374268 3.057617 -1.022705 0.498039 0.498039 0.498039 #1.000000
v -1.176270 2.909180 -1.517578 0.498039 0.498039 0.498039 #1.000000
v -1.374268 2.463867 -1.468018 0.498039 0.498039 0.498039 #1.000000
v -1.176270 2.909180 -1.517578 0.498039 0.498039 0.498039 #1.000000
v -1.027832 2.315674 -1.814209 0.498039 0.498039 0.498039 #1.000000
v -1.374268 2.463867 -1.468018 0.498039 0.498039 0.498039 #1.000000
v -1.176270 2.909180 -1.517578 0.498039 0.498039 0.498039 #1.000000
v -0.879395 2.810303 -1.814209 0.498039 0.498039 0.498039 #1.000000
v -1.027832 2.315674 -1.814209 0.498039 0.498039 0.498039 #1.000000
v -0.137207 3.601807 1.648682 0.498039 0.498039 0.498039 #1.000000
v -0.730957 3.156738 1.747559 0.498039 0.498039 0.498039 #1.000000
v -0.137207 3.206055 1.846680 0.498039 0.498039 0.498039 #1.000000
v -0.137207 3.601807 1.648682 0.498039 0.498039 0.498039 #1.000000
v -0.632080 3.601807 1.549805 0.498039 0.498039 0.498039 #1.000000
v -0.730957 3.156738 1.747559 0.498039 0.498039 0.498039 #1.000000
v -0.632080 3.601807 1.549805 0.498039 0.498039 0.498039 #1.000000
v -1.176270 3.057617 1.549805 0.498039 0.498039 0.498039 #1.000000
v -0.730957 3.156738 1.747559 0.498039 0.498039 0.498039 #1.000000
v -0.632080 3.601807 1.549805 0.498039 0.498039 0.498039 #1.000000
v -1.077393 3.502930 1.351807 0.498039 0.498039 0.498039 #1.000000
v -1.176270 3.057617 1.549805 0.498039 0.498039 0.498039 #1.000000
v -1.077393 3.502930 1.351807 0.498039 0.498039 0.498039 #1.000000
v -1.473145 2.958740 1.252930 0.498039 0.498039 0.498039 #1.000000
v -1.176270 3.057617 1.549805 0.498039 0.498039 0.498039 #1.000000
v -1.077393 3.502930 1.351807 0.498039 0.498039 0.498039 #1.000000
v -1.374268 3.404053 1.054932 0.498039 0.498039 0.498039 #1.000000
v -1.473145 2.958740 1.252930 0.498039 0.498039 0.498039 #1.000000
v -1.374268 3.404053 1.054932 0.498039 0.498039 0.498039 #1.000000
v -1.621582 2.859863 0.956055 0.498039 0.498039 0.498039 #1.000000
v -1.473145 2.958740 1.252930 0.498039 0.498039 0.498039 #1.000000
v -1.374268 3.404053 1.054932 0.498039 0.498039 0.498039 #1.000000
v -1.522705 3.255615 0.807617 0.498039 0.498039 0.498039 #1.000000
v -1.621582 2.859863 0.956055 0.498039 0.498039 0.498039 #1.000000
v -1.522705 3.255615 0.807617 0.498039 0.498039 0.498039 #1.000000
v -1.720459 2.661865 0.461426 0.498039 0.498039 0.498039 #1.000000
v -1.621582 2.859863 0.956055 0.498039 0.498039 0.498039 #1.000000
v -1.522705 3.255615 0.807617 0.498039 0.498039 0.498039 #1.000000
v -1.621582 3.057617 0.263428 0.498039 0.498039 0.498039 #1.000000
v -1.720459 2.661865 0.461426 0.498039 0.498039 0.498039 #1.000000
v -1.621582 3.057617 0.263428 0.498039 0.498039 0.498039 #1.000000
v -1.720459 2.364990 -0.280518 0.498039 0.498039 0.498039 #1.000000
v -1.720459 2.661865 0.461426 0.498039 0.498039 0.498039 #1.000000
v -1.621582 3.057617 0.263428 0.498039 0.498039 0.498039 #1.000000
v -1.621582 2.760742 -0.428955 0.498039 0.498039 0.498039 #1.000000
v -1.720459 2.364990 -0.280518 0.498039 0.498039 0.498039 #1.000000
v -1.621582 2.760742 -0.428955 0.498039 0.498039 0.498039 #1.000000
v -1.671143 2.167236 -0.824707 0.498039 0.498039 0.498039 #1.000000
v -1.720459 2.364990 -0.280518 0.498039 0.498039 0.498039 #1.000000
v -1.621582 2.760742 -0.428955 0.498039 0.498039 0.498039 #1.000000
v -1.572021 2.612305 -0.973145 0.498039 0.498039 0.498039 #1.000000
v -1.671143 2.167236 -0.824707 0.498039 0.498039 0.498039 #1.000000
v -1.572021 2.612305 -0.973145 0.498039 0.498039 0.498039 #1.000000
v -1.473145 1.969238 -1.319580 0.498039 0.498039 0.498039 #1.000000
v -1.671143 2.167236 -0.824707 0.498039 0.498039 0.498039 #1.000000
v -1.572021 2.612305 -0.973145 0.498039 0.498039 0.498039 #1.000000
v -1.374268 2.463867 -1.468018 0.498039 0.498039 0.498039 #1.000000
v -1.473145 1.969238 -1.319580 0.498039 0.498039 0.498039 #1.000000
v -1.374268 2.463867 -1.468018 0.498039 0.498039 0.498039 #1.000000
v -1.077393 1.820801 -1.715332 0.498039 0.498039 0.498039 #1.000000
v -1.473145 1.969238 -1.319580 0.498039 0.498039 0.498039 #1.000000
v -1.374268 2.463867 -1.468018 0.498039 0.498039 0.498039 #1.000000
v -1.027832 2.315674 -1.814209 0.498039 0.498039 0.498039 #1.000000
v -1.077393 1.820801 -1.715332 0.498039 0.498039 0.498039 #1.000000
v -0.137207 3.206055 1.846680 0.498039 0.498039 0.498039 #1.000000
v -0.730957 1.919678 2.291992 0.498039 0.498039 0.498039 #1.000000
v -0.137207 1.969238 2.440430 0.498039 0.498039 0.498039 #1.000000
v -0.137207 3.206055 1.846680 0.498039 0.498039 0.498039 #1.000000
v -0.730957 3.156738 1.747559 0.498039 0.498039 0.498039 #1.000000
v -0.730957 1.919678 2.291992 0.498039 0.498039 0.498039 #1.000000
v -0.730957 3.156738 1.747559 0.498039 0.498039 0.498039 #1.000000
v -1.176270 1.771240 2.093994 0.498039 0.498039 0.498039 #1.000000
v -0.730957 1.919678 2.291992 0.498039 0.498039 0.498039 #1.000000
v -0.730957 3.156738 1.747559 0.498039 0.498039 0.498039 #1.000000
v -1.176270 3.057617 1.549805 0.498039 0.498039 0.498039 #1.000000
v -1.176270 1.771240 2.093994 0.498039 0.498039 0.498039 #1.000000
v -1.176270 3.057617 1.549805 0.498039 0.498039 0.498039 #1.000000
v -1.522705 1.622803 1.846680 0.498039 0.498039 0.498039 #1.000000
v -1.176270 1.771240 2.093994 0.498039 0.498039 0.498039 #1.000000
v -1.176270 3.057617 1.549805 0.498039 0.498039 0.498039 #1.000000
v -1.473145 2.958740 1.252930 0.498039 0.498039 0.498039 #1.000000
v -1.522705 1.622803 1.846680 0.498039 0.498039 0.498039 #1.000000
v -1.473145 2.958740 1.252930 0.498039 0.498039 0.498039 #1.000000
v -1.621582 2.068115 1.351807 0.498039 0.498039 0.498039 #1.000000
v -1.522705 1.622803 1.846680 0.498039 0.498039 0.498039 #1.000000
v -1.473145 2.958740 1.252930 0.498039 0.498039 0.498039 #1.000000
v -1.621582 2.859863 0.956055 0.498039 0.498039 0.498039 #1.000000
v -1.621582 2.068115 1.351807 0.498039 0.498039 0.498039 #1.000000
v -1.621582 2.859863 0.956055 0.498039 0.498039 0.498039 #1.000000
v -1.720459 2.018799 0.708740 0.498039 0.498039 0.498039 #1.000000
v -1.621582 2.068115 1.351807 0.498039 0.498039 0.498039 #1.000000
v -1.621582 2.859863 0.956055 0.498039 0.498039 0.498039 #1.000000
v -1.720459 2.661865 0.461426 0.498039 0.498039 0.498039 #1.000000
v -1.720459 2.018799 0.708740 0.498039 0.498039 0.498039 #1.000000
v -1.720459 2.661865 0.461426 0.498039 0.498039 0.498039 #1.000000
v -1.770020 1.771240 0.016113 0.498039 0.498039 0.498039 #1.000000
v -1.720459 2.018799 0.708740 0.498039 0.498039 0.498039 #1.000000
v -1.720459 2.661865 0.461426 0.498039 0.498039 0.498039 #1.000000
v -1.720459 2.364990 -0.280518 0.498039 0.498039 0.498039 #1.000000
v -1.770020 1.771240 0.016113 0.498039 0.498039 0.498039 #1.000000
v -1.720459 2.364990 -0.280518 0.498039 0.498039 0.498039 #1.000000
v -1.671143 1.622803 -0.676270 0.498039 0.498039 0.498039 #1.000000
v -1.770020 1.771240 0.016113 0.498039 0.498039 0.498039 #1.000000
v -1.720459 2.364990 -0.280518 0.498039 0.498039 0.498039 #1.000000
v -1.671143 2.167236 -0.824707 0.498039 0.498039 0.498039 #1.000000
v -1.671143 1.622803 -0.676270 0.498039 0.498039 0.498039 #1.000000
v -1.671143 2.167236 -0.824707 0.498039 0.498039 0.498039 #1.000000
v -1.522705 1.474365 -1.171143 0.498039 0.498039 0.498039 #1.000000
v -1.671143 1.622803 -0.676270 0.498039 0.498039 0.498039 #1.000000
v -1.671143 2.167236 -0.824707 0.498039 0.498039 0.498039 #1.000000
v -1.473145 1.969238 -1.319580 0.498039 0.498039 0.498039 #1.000000
v -1.522705 1.474365 -1.171143 0.498039 0.498039 0.498039 #1.000000
v -1.473145 1.969238 -1.319580 0.498039 0.498039 0.498039 #1.000000
v -1.126709 1.326172 -1.566895 0.498039 0.498039 0.498039 #1.000000
v -1.522705 1.474365 -1.171143 0.498039 0.498039 0.498039 #1.000000
v -1.473145 1.969238 -1.319580 0.498039 0.498039 0.498039 #1.000000
v -1.077393 1.820801 -1.715332 0.498039 0.498039 0.498039 #1.000000
v -1.126709 1.326172 -1.566895 0.498039 0.498039 0.498039 #1.000000
v -0.137207 1.771240 2.291992 0.498039 0.498039 0.498039 #1.000000
v -0.730957 1.919678 2.291992 0.498039 0.498039 0.498039 #1.000000
v -0.730957 1.672363 2.192871 0.498039 0.498039 0.498039 #1.000000
v -0.730957 1.919678 2.291992 0.498039 0.498039 0.498039 #1.000000
v -0.137207 1.771240 2.291992 0.498039 0.498039 0.498039 #1.000000
v -0.137207 1.969238 2.440430 0.498039 0.498039 0.498039 #1.000000
v -0.730957 1.672363 2.192871 0.498039 0.498039 0.498039 #1.000000
v -1.176270 1.771240 2.093994 0.498039 0.498039 0.498039 #1.000000
v -1.176270 1.523926 1.945557 0.498039 0.498039 0.498039 #1.000000
v -1.176270 1.771240 2.093994 0.498039 0.498039 0.498039 #1.000000
v -0.730957 1.672363 2.192871 0.498039 0.498039 0.498039 #1.000000
v -0.730957 1.919678 2.291992 0.498039 0.498039 0.498039 #1.000000
v -1.176270 1.523926 1.945557 0.498039 0.498039 0.498039 #1.000000
v -1.522705 1.622803 1.846680 0.498039 0.498039 0.498039 #1.000000
v -1.324707 1.474365 1.895996 0.498039 0.498039 0.498039 #1.000000
v -1.522705 1.622803 1.846680 0.498039 0.498039 0.498039 #1.000000
v -1.176270 1.523926 1.945557 0.498039 0.498039 0.498039 #1.000000
v -1.176270 1.771240 2.093994 0.498039 0.498039 0.498039 #1.000000
v -1.770020 1.771240 0.016113 0.498039 0.498039 0.498039 #1.000000
v -1.770020 1.820801 0.708740 0.498039 0.498039 0.498039 #1.000000
v -1.720459 2.018799 0.708740 0.498039 0.498039 0.498039 #1.000000
v -1.770020 1.820801 0.708740 0.498039 0.498039 0.498039 #1.000000
v -1.770020 1.771240 0.016113 0.498039 0.498039 0.498039 #1.000000
v -1.770020 1.622803 0.213867 0.498039 0.498039 0.498039 #1.000000
v -1.671143 1.177734 -0.577393 0.498039 0.498039 0.498039 #1.000000
v -1.770020 1.375488 -0.132080 0.498039 0.498039 0.498039 #1.000000
v -1.671143 1.375488 -0.428955 0.498039 0.498039 0.498039 #1.000000
v -1.621582 2.068115 1.351807 0.498039 0.498039 0.498039 #1.000000
v -1.720459 1.523926 1.698242 0.498039 0.498039 0.498039 #1.000000
v -1.522705 1.622803 1.846680 0.498039 0.498039 0.498039 #1.000000
v -1.720459 1.523926 1.698242 0.498039 0.498039 0.498039 #1.000000
v -1.621582 2.068115 1.351807 0.498039 0.498039 0.498039 #1.000000
v -1.720459 1.820801 1.351807 0.498039 0.498039 0.498039 #1.000000
v -1.720459 2.018799 0.708740 0.498039 0.498039 0.498039 #1.000000
v -1.720459 1.820801 1.351807 0.498039 0.498039 0.498039 #1.000000
v -1.621582 2.068115 1.351807 0.498039 0.498039 0.498039 #1.000000
v -1.720459 1.820801 1.351807 0.498039 0.498039 0.498039 #1.000000
v -1.720459 2.018799 0.708740 0.498039 0.498039 0.498039 #1.000000
v -1.770020 1.820801 0.708740 0.498039 0.498039 0.498039 #1.000000
v -1.671143 1.375488 -0.428955 0.498039 0.498039 0.498039 #1.000000
v -1.770020 1.622803 0.213867 0.498039 0.498039 0.498039 #1.000000
v -1.770020 1.771240 0.016113 0.498039 0.498039 0.498039 #1.000000
v -1.770020 1.622803 0.213867 0.498039 0.498039 0.498039 #1.000000
v -1.671143 1.375488 -0.428955 0.498039 0.498039 0.498039 #1.000000
v -1.770020 1.375488 -0.132080 0.498039 0.498039 0.498039 #1.000000
v -1.522705 1.029297 -1.072266 0.498039 0.498039 0.498039 #1.000000
v -1.374268 0.781738 -1.814209 0.498039 0.498039 0.498039 #1.000000
v -1.176270 1.029297 -1.121582 0.498039 0.498039 0.498039 #1.000000
v -1.374268 0.781738 -1.814209 0.498039 0.498039 0.498039 #1.000000
v -1.522705 1.029297 -1.072266 0.498039 0.498039 0.498039 #1.000000
v -1.621582 1.029297 -1.121582 0.498039 0.498039 0.498039 #1.000000
v -1.423584 1.177734 -0.528076 0.498039 0.498039 0.498039 #1.000000
v -1.621582 1.029297 -1.121582 0.498039 0.498039 0.498039 #1.000000
v -1.522705 1.029297 -1.072266 0.498039 0.498039 0.498039 #1.000000
v -1.621582 1.029297 -1.121582 0.498039 0.498039 0.498039 #1.000000
v -1.423584 1.177734 -0.528076 0.498039 0.498039 0.498039 #1.000000
v -1.671143 1.177734 -0.577393 0.498039 0.498039 0.498039 #1.000000
v -1.176270 1.029297 -1.121582 0.498039 0.498039 0.498039 #1.000000
v -0.978271 0.633301 -2.210205 0.498039 0.498039 0.498039 #1.000000
v -0.829834 0.930176 -1.418457 0.498039 0.498039 0.498039 #1.000000
v -0.978271 0.633301 -2.210205 0.498039 0.498039 0.498039 #1.000000
v -1.176270 1.029297 -1.121582 0.498039 0.498039 0.498039 #1.000000
v -1.374268 0.781738 -1.814209 0.498039 0.498039 0.498039 #1.000000
v -0.829834 0.930176 -1.418457 0.498039 0.498039 0.498039 #1.000000
v -0.137207 0.583984 -2.358643 0.498039 0.498039 0.498039 #1.000000
v -0.137207 0.880859 -1.517578 0.498039 0.498039 0.498039 #1.000000
v -0.137207 0.583984 -2.358643 0.498039 0.498039 0.498039 #1.000000
v -0.829834 0.930176 -1.418457 0.498039 0.498039 0.498039 #1.000000
v -0.978271 0.633301 -2.210205 0.498039 0.498039 0.498039 #1.000000
v -1.176270 1.029297 -1.121582 0.498039 0.498039 0.498039 #1.000000
v -1.423584 1.177734 -0.528076 0.498039 0.498039 0.498039 #1.000000
v -1.522705 1.029297 -1.072266 0.498039 0.498039 0.498039 #1.000000
v -1.621582 1.128174 -1.121582 0.498039 0.498039 0.498039 #1.000000
v -1.522705 1.474365 -1.171143 0.498039 0.498039 0.498039 #1.000000
v -1.374268 0.880859 -1.814209 0.498039 0.498039 0.498039 #1.000000
v -1.522705 1.474365 -1.171143 0.498039 0.498039 0.498039 #1.000000
v -1.621582 1.128174 -1.121582 0.498039 0.498039 0.498039 #1.000000
v -1.671143 1.622803 -0.676270 0.498039 0.498039 0.498039 #1.000000
v -1.374268 0.880859 -1.814209 0.498039 0.498039 0.498039 #1.000000
v -1.126709 1.326172 -1.566895 0.498039 0.498039 0.498039 #1.000000
v -0.978271 0.732422 -2.259521 0.498039 0.498039 0.498039 #1.000000
v -1.126709 1.326172 -1.566895 0.498039 0.498039 0.498039 #1.000000
v -1.374268 0.880859 -1.814209 0.498039 0.498039 0.498039 #1.000000
v -1.522705 1.474365 -1.171143 0.498039 0.498039 0.498039 #1.000000
v -0.978271 0.732422 -2.259521 0.498039 0.498039 0.498039 #1.000000
v -0.137207 1.276611 -1.764893 0.498039 0.498039 0.498039 #1.000000
v -0.137207 0.682861 -2.407959 0.498039 0.498039 0.498039 #1.000000
v -0.137207 1.276611 -1.764893 0.498039 0.498039 0.498039 #1.000000
v -0.978271 0.732422 -2.259521 0.498039 0.498039 0.498039 #1.000000
v -1.126709 1.326172 -1.566895 0.498039 0.498039 0.498039 #1.000000
v -1.671143 1.375488 -0.428955 0.498039 0.498039 0.498039 #1.000000
v -1.770020 1.771240 0.016113 0.498039 0.498039 0.498039 #1.000000
v -1.671143 1.622803 -0.676270 0.498039 0.498039 0.498039 #1.000000
v -1.621582 1.128174 -1.121582 0.498039 0.498039 0.498039 #1.000000
v -1.671143 1.375488 -0.428955 0.498039 0.498039 0.498039 #1.000000
v -1.671143 1.622803 -0.676270 0.498039 0.498039 0.498039 #1.000000
v -1.621582 1.029297 -1.121582 0.498039 0.498039 0.498039 #1.000000
v -1.374268 0.880859 -1.814209 0.498039 0.498039 0.498039 #1.000000
v -1.374268 0.781738 -1.814209 0.498039 0.498039 0.498039 #1.000000
v -1.374268 0.880859 -1.814209 0.498039 0.498039 0.498039 #1.000000
v -1.621582 1.029297 -1.121582 0.498039 0.498039 0.498039 #1.000000
v -1.621582 1.128174 -1.121582 0.498039 0.498039 0.498039 #1.000000
v -1.374268 0.781738 -1.814209 0.498039 0.498039 0.498039 #1.000000
v -0.978271 0.732422 -2.259521 0.498039 0.498039 0.498039 #1.000000
v -0.978271 0.633301 -2.210205 0.498039 0.498039 0.498039 #1.000000
v -0.978271 0.732422 -2.259521 0.498039 0.498039 0.498039 #1.000000
v -1.374268 0.781738 -1.814209 0.498039 0.498039 0.498039 #1.000000
v -1.374268 0.880859 -1.814209 0.498039 0.498039 0.498039 #1.000000
v -0.978271 0.633301 -2.210205 0.498039 0.498039 0.498039 #1.000000
v -0.137207 0.682861 -2.407959 0.498039 0.498039 0.498039 #1.000000
v -0.137207 0.583984 -2.358643 0.498039 0.498039 0.498039 #1.000000
v -0.137207 0.682861 -2.407959 0.498039 0.498039 0.498039 #1.000000
v -0.978271 0.633301 -2.210205 0.498039 0.498039 0.498039 #1.000000
v -0.978271 0.732422 -2.259521 0.498039 0.498039 0.498039 #1.000000
v -1.671143 1.177734 -0.577393 0.498039 0.498039 0.498039 #1.000000
v -1.621582 1.128174 -1.121582 0.498039 0.498039 0.498039 #1.000000
v -1.621582 1.029297 -1.121582 0.498039 0.498039 0.498039 #1.000000
v -1.671143 1.375488 -0.428955 0.498039 0.498039 0.498039 #1.000000
v -1.621582 1.128174 -1.121582 0.498039 0.498039 0.498039 #1.000000
v -1.671143 1.177734 -0.577393 0.498039 0.498039 0.498039 #1.000000
vt 0.599854 0.599854 0.000000
vt 0.599854 0.500000 0.000000
vt 0.799805 0.500000 0.000000
vt 0.599854 0.599854 0.000000
vt 0.799805 0.500000 0.000000
vt 0.799805 0.599854 0.000000
vt 0.599854 0.799805 0.000000
vt 0.599854 0.699951 0.000000
vt 0.799805 0.699951 0.000000
vt 0.599854 0.799805 0.000000
vt 0.799805 0.699951 0.000000
vt 0.799805 0.799805 0.000000
vt 0.599854 0.699951 0.000000
vt 0.599854 0.599854 0.000000
vt 0.799805 0.599854 0.000000
vt 0.599854 0.699951 0.000000
vt 0.799805 0.599854 0.000000
vt 0.799805 0.699951 0.000000
vt 0.099854 1.000000 0.000000
vt 0.099854 0.899902 0.000000
vt 0.099854 0.899902 0.000000
vt 0.099854 1.000000 0.000000
vt 0.099854 0.899902 0.000000
vt 0.099854 0.899902 0.000000
vt 0.099854 1.000000 0.000000
vt 0.099854 0.899902 0.000000
vt 0.199951 0.899902 0.000000
vt 0.199951 1.000000 0.000000
vt 0.199951 0.899902 0.000000
vt 0.199951 0.899902 0.000000
vt 0.299805 1.000000 0.000000
vt 0.199951 0.899902 0.000000
vt 0.299805 0.899902 0.000000
vt 0.299805 1.000000 0.000000
vt 0.299805 0.899902 0.000000
vt 0.399902 0.899902 0.000000
vt 0.399902 1.000000 0.000000
vt 0.399902 0.899902 0.000000
vt 0.399902 0.899902 0.000000
vt 0.500000 1.000000 0.000000
vt 0.399902 0.899902 0.000000
vt 0.599854 0.899902 0.000000
vt 0.599854 1.000000 0.000000
vt 0.599854 0.899902 0.000000
vt 0.599854 0.899902 0.000000
vt 0.699951 1.000000 0.000000
vt 0.599854 0.899902 0.000000
vt 0.799805 0.899902 0.000000
vt 0.099854 0.899902 0.000000
vt 0.099854 0.899902 0.000000
vt 0.099854 0.899902 0.000000
vt 0.099854 0.899902 0.000000
vt 0.099854 0.899902 0.000000
vt 0.099854 0.899902 0.000000
vt 0.099854 0.899902 0.000000
vt 0.099854 0.899902 0.000000
vt 0.099854 0.899902 0.000000
vt 0.099854 0.899902 0.000000
vt 0.099854 0.899902 0.000000
vt 0.099854 0.899902 0.000000
vt 0.099854 0.899902 0.000000
vt 0.099854 0.899902 0.000000
vt 0.199951 0.899902 0.000000
vt 0.099854 0.899902 0.000000
vt 0.199951 0.899902 0.000000
vt 0.199951 0.899902 0.000000
vt 0.199951 0.899902 0.000000
vt 0.199951 0.899902 0.000000
vt 0.199951 0.899902 0.000000
vt 0.199951 0.899902 0.000000
vt 0.199951 0.899902 0.000000
vt 0.199951 0.899902 0.000000
vt 0.199951 0.899902 0.000000
vt 0.199951 0.899902 0.000000
vt 0.299805 0.899902 0.000000
vt 0.199951 0.899902 0.000000
vt 0.299805 0.899902 0.000000
vt 0.299805 0.899902 0.000000
vt 0.299805 0.899902 0.000000
vt 0.299805 0.899902 0.000000
vt 0.399902 0.899902 0.000000
vt 0.299805 0.899902 0.000000
vt 0.399902 0.899902 0.000000
vt 0.399902 0.899902 0.000000
vt 0.399902 0.899902 0.000000
vt 0.399902 0.899902 0.000000
vt 0.399902 0.899902 0.000000
vt 0.399902 0.899902 0.000000
vt 0.399902 0.899902 0.000000
vt 0.399902 0.899902 0.000000
vt 0.399902 0.899902 0.000000
vt 0.399902 0.899902 0.000000
vt 0.599854 0.899902 0.000000
vt 0.399902 0.899902 0.000000
vt 0.599854 0.899902 0.000000
vt 0.599854 0.899902 0.000000
vt 0.599854 0.899902 0.000000
vt 0.599854 0.899902 0.000000
vt 0.599854 0.899902 0.000000
vt 0.599854 0.899902 0.000000
vt 0.599854 0.899902 0.000000
vt 0.599854 0.899902 0.000000
vt 0.599854 0.899902 0.000000
vt 0.599854 0.899902 0.000000
vt 0.799805 0.899902 0.000000
vt 0.599854 0.899902 0.000000
vt 0.799805 0.899902 0.000000
vt 0.799805 0.899902 0.000000
vt 0.099854 0.899902 0.000000
vt 0.099854 0.799805 0.000000
vt 0.099854 0.799805 0.000000
vt 0.099854 0.899902 0.000000
vt 0.099854 0.799805 0.000000
vt 0.099854 0.899902 0.000000
vt 0.099854 0.899902 0.000000
vt 0.099854 0.799805 0.000000
vt 0.099854 0.799805 0.000000
vt 0.099854 0.899902 0.000000
vt 0.099854 0.799805 0.000000
vt 0.099854 0.899902 0.000000
vt 0.099854 0.899902 0.000000
vt 0.099854 0.799805 0.000000
vt 0.199951 0.799805 0.000000
vt 0.099854 0.899902 0.000000
vt 0.199951 0.799805 0.000000
vt 0.199951 0.899902 0.000000
vt 0.199951 0.899902 0.000000
vt 0.199951 0.799805 0.000000
vt 0.199951 0.799805 0.000000
vt 0.199951 0.899902 0.000000
vt 0.199951 0.799805 0.000000
vt 0.199951 0.899902 0.000000
vt 0.199951 0.899902 0.000000
vt 0.199951 0.799805 0.000000
vt 0.299805 0.799805 0.000000
vt 0.199951 0.899902 0.000000
vt 0.299805 0.799805 0.000000
vt 0.299805 0.899902 0.000000
vt 0.299805 0.899902 0.000000
vt 0.299805 0.799805 0.000000
vt 0.399902 0.799805 0.000000
vt 0.299805 0.899902 0.000000
vt 0.399902 0.799805 0.000000
vt 0.399902 0.899902 0.000000
vt 0.399902 0.899902 0.000000
vt 0.399902 0.799805 0.000000
vt 0.399902 0.799805 0.000000
vt 0.399902 0.899902 0.000000
vt 0.399902 0.799805 0.000000
vt 0.399902 0.899902 0.000000
vt 0.399902 0.899902 0.000000
vt 0.399902 0.799805 0.000000
vt 0.599854 0.799805 0.000000
vt 0.399902 0.899902 0.000000
vt 0.599854 0.799805 0.000000
vt 0.599854 0.899902 0.000000
vt 0.599854 0.899902 0.000000
vt 0.599854 0.799805 0.000000
vt 0.599854 0.799805 0.000000
vt 0.599854 0.899902 0.000000
vt 0.599854 0.799805 0.000000
vt 0.599854 0.899902 0.000000
vt 0.599854 0.899902 0.000000
vt 0.599854 0.799805 0.000000
vt 0.799805 0.799805 0.000000
vt 0.599854 0.899902 0.000000
vt 0.799805 0.799805 0.000000
vt 0.799805 0.899902 0.000000
vt 0.099854 0.799805 0.000000
vt 0.099854 0.699951 0.000000
vt 0.099854 0.699951 0.000000
vt 0.099854 0.799805 0.000000
vt 0.099854 0.699951 0.000000
vt 0.099854 0.799805 0.000000
vt 0.099854 0.799805 0.000000
vt 0.099854 0.699951 0.000000
vt 0.099854 0.699951 0.000000
vt 0.099854 0.799805 0.000000
vt 0.099854 0.699951 0.000000
vt 0.099854 0.799805 0.000000
vt 0.099854 0.799805 0.000000
vt 0.099854 0.699951 0.000000
vt 0.199951 0.699951 0.000000
vt 0.099854 0.799805 0.000000
vt 0.199951 0.699951 0.000000
vt 0.199951 0.799805 0.000000
vt 0.199951 0.799805 0.000000
vt 0.199951 0.699951 0.000000
vt 0.199951 0.699951 0.000000
vt 0.199951 0.799805 0.000000
vt 0.199951 0.699951 0.000000
vt 0.199951 0.799805 0.000000
vt 0.199951 0.799805 0.000000
vt 0.199951 0.699951 0.000000
vt 0.299805 0.699951 0.000000
vt 0.199951 0.799805 0.000000
vt 0.299805 0.699951 0.000000
vt 0.299805 0.799805 0.000000
vt 0.299805 0.799805 0.000000
vt 0.299805 0.699951 0.000000
vt 0.399902 0.699951 0.000000
vt 0.299805 0.799805 0.000000
vt 0.399902 0.699951 0.000000
vt 0.399902 0.799805 0.000000
vt 0.399902 0.799805 0.000000
vt 0.399902 0.699951 0.000000
vt 0.399902 0.699951 0.000000
vt 0.399902 0.799805 0.000000
vt 0.399902 0.699951 0.000000
vt 0.399902 0.799805 0.000000
vt 0.399902 0.799805 0.000000
vt 0.399902 0.699951 0.000000
vt 0.599854 0.699951 0.000000
vt 0.399902 0.799805 0.000000
vt 0.599854 0.699951 0.000000
vt 0.599854 0.799805 0.000000
vt 0.599854 0.799805 0.000000
vt 0.599854 0.699951 0.000000
vt 0.599854 0.699951 0.000000
vt 0.599854 0.799805 0.000000
vt 0.599854 0.699951 0.000000
vt 0.599854 0.799805 0.000000
vt 0.099854 0.699951 0.000000
vt 0.099854 0.599854 0.000000
vt 0.099854 0.599854 0.000000
vt 0.099854 0.699951 0.000000
vt 0.099854 0.599854 0.000000
vt 0.099854 0.699951 0.000000
vt 0.099854 0.699951 0.000000
vt 0.099854 0.599854 0.000000
vt 0.099854 0.599854 0.000000
vt 0.099854 0.699951 0.000000
vt 0.099854 0.599854 0.000000
vt 0.099854 0.699951 0.000000
vt 0.099854 0.699951 0.000000
vt 0.099854 0.599854 0.000000
vt 0.199951 0.599854 0.000000
vt 0.099854 0.699951 0.000000
vt 0.199951 0.599854 0.000000
vt 0.199951 0.699951 0.000000
vt 0.199951 0.699951 0.000000
vt 0.199951 0.599854 0.000000
vt 0.199951 0.599854 0.000000
vt 0.199951 0.699951 0.000000
vt 0.199951 0.599854 0.000000
vt 0.199951 0.699951 0.000000
vt 0.199951 0.699951 0.000000
vt 0.199951 0.599854 0.000000
vt 0.299805 0.599854 0.000000
vt 0.199951 0.699951 0.000000
vt 0.299805 0.599854 0.000000
vt 0.299805 0.699951 0.000000
vt 0.299805 0.699951 0.000000
vt 0.299805 0.599854 0.000000
vt 0.399902 0.599854 0.000000
vt 0.299805 0.699951 0.000000
vt 0.399902 0.599854 0.000000
vt 0.399902 0.699951 0.000000
vt 0.399902 0.699951 0.000000
vt 0.399902 0.599854 0.000000
vt 0.399902 0.599854 0.000000
vt 0.399902 0.699951 0.000000
vt 0.399902 0.599854 0.000000
vt 0.399902 0.699951 0.000000
vt 0.399902 0.699951 0.000000
vt 0.399902 0.599854 0.000000
vt 0.599854 0.599854 0.000000
vt 0.399902 0.699951 0.000000
vt 0.599854 0.599854 0.000000
vt 0.599854 0.699951 0.000000
vt 0.599854 0.699951 0.000000
vt 0.599854 0.599854 0.000000
vt 0.599854 0.599854 0.000000
vt 0.599854 0.699951 0.000000
vt 0.599854 0.599854 0.000000
vt 0.599854 0.699951 0.000000
vt 0.099854 0.599854 0.000000
vt 0.099854 0.299805 0.000000
vt 0.099854 0.299805 0.000000
vt 0.099854 0.599854 0.000000
vt 0.099854 0.299805 0.000000
vt 0.099854 0.599854 0.000000
vt 0.099854 0.599854 0.000000
vt 0.099854 0.299805 0.000000
vt 0.099854 0.299805 0.000000
vt 0.099854 0.599854 0.000000
vt 0.099854 0.299805 0.000000
vt 0.099854 0.599854 0.000000
vt 0.099854 0.599854 0.000000
vt 0.099854 0.299805 0.000000
vt 0.099854 0.299805 0.000000
vt 0.099854 0.599854 0.000000
vt 0.099854 0.299805 0.000000
vt 0.199951 0.599854 0.000000
vt 0.199951 0.599854 0.000000
vt 0.099854 0.299805 0.000000
vt 0.199951 0.399902 0.000000
vt 0.199951 0.599854 0.000000
vt 0.199951 0.399902 0.000000
vt 0.199951 0.599854 0.000000
vt 0.199951 0.599854 0.000000
vt 0.199951 0.399902 0.000000
vt 0.299805 0.500000 0.000000
vt 0.199951 0.599854 0.000000
vt 0.299805 0.500000 0.000000
vt 0.299805 0.599854 0.000000
vt 0.299805 0.599854 0.000000
vt 0.299805 0.500000 0.000000
vt 0.399902 0.500000 0.000000
vt 0.299805 0.599854 0.000000
vt 0.399902 0.500000 0.000000
vt 0.399902 0.599854 0.000000
vt 0.399902 0.599854 0.000000
vt 0.399902 0.500000 0.000000
vt 0.399902 0.500000 0.000000
vt 0.399902 0.599854 0.000000
vt 0.399902 0.500000 0.000000
vt 0.399902 0.599854 0.000000
vt 0.399902 0.599854 0.000000
vt 0.399902 0.500000 0.000000
vt 0.599854 0.500000 0.000000
vt 0.399902 0.599854 0.000000
vt 0.599854 0.500000 0.000000
vt 0.599854 0.599854 0.000000
vt 0.599854 0.599854 0.000000
vt 0.599854 0.500000 0.000000
vt 0.599854 0.500000 0.000000
vt 0.599854 0.599854 0.000000
vt 0.599854 0.500000 0.000000
vt 0.599854 0.599854 0.000000
vt 0.500000 0.099854 0.000000
vt 0.500000 0.099854 0.000000
vt 0.500000 0.099854 0.000000
vt 0.500000 0.099854 0.000000
vt 0.500000 0.099854 0.000000
vt 0.500000 0.099854 0.000000
vt 0.500000 0.099854 0.000000
vt 0.500000 0.099854 0.000000
vt 0.500000 0.099854 0.000000
vt 0.500000 0.099854 0.000000
vt 0.500000 0.099854 0.000000
vt 0.500000 0.099854 0.000000
vt 0.500000 0.099854 0.000000
vt 0.500000 0.099854 0.000000
vt 0.500000 0.099854 0.000000
vt 0.500000 0.099854 0.000000
vt 0.500000 0.099854 0.000000
vt 0.500000 0.099854 0.000000
vt 0.299805 0.299805 0.000000
vt 0.399902 0.299805 0.000000
vt 0.299805 0.299805 0.000000
vt 0.299805 0.299805 0.000000
vt 0.299805 0.199951 0.000000
vt 0.399902 0.299805 0.000000
vt 0.299805 0.299805 0.000000
vt 0.399902 0.399902 0.000000
vt 0.299805 0.399902 0.000000
vt 0.299805 0.299805 0.000000
vt 0.399902 0.299805 0.000000
vt 0.399902 0.399902 0.000000
vt 0.299805 0.199951 0.000000
vt 0.299805 0.199951 0.000000
vt 0.399902 0.299805 0.000000
vt 0.399902 0.299805 0.000000
vt 0.299805 0.199951 0.000000
vt 0.399902 0.199951 0.000000
vt 0.399902 0.399902 0.000000
vt 0.399902 0.299805 0.000000
vt 0.399902 0.399902 0.000000
vt 0.399902 0.399902 0.000000
vt 0.399902 0.299805 0.000000
vt 0.399902 0.299805 0.000000
vt 0.399902 0.299805 0.000000
vt 0.399902 0.199951 0.000000
vt 0.399902 0.299805 0.000000
vt 0.299805 0.199951 0.000000
vt 0.399902 0.199951 0.000000
vt 0.399902 0.199951 0.000000
vt 0.299805 0.199951 0.000000
vt 0.299805 0.199951 0.000000
vt 0.399902 0.199951 0.000000
vt 0.399902 0.199951 0.000000
vt 0.399902 0.199951 0.000000
vt 0.399902 0.299805 0.000000
vt 0.399902 0.199951 0.000000
vt 0.399902 0.199951 0.000000
vt 0.399902 0.199951 0.000000
vt 0.299805 0.199951 0.000000
vt 0.399902 0.199951 0.000000
vt 0.399902 0.199951 0.000000
vt 0.299805 0.199951 0.000000
vt 0.299805 0.199951 0.000000
vt 0.399902 0.199951 0.000000
vt 0.399902 0.199951 0.000000
vt 0.399902 0.199951 0.000000
vt 0.399902 0.199951 0.000000
vt 0.399902 0.199951 0.000000
vt 0.399902 0.199951 0.000000
vt 0.399902 0.199951 0.000000
vt 0.299805 0.199951 0.000000
vt 0.299805 0.199951 0.000000
vt 0.399902 0.199951 0.000000
vt 0.299805 0.199951 0.000000
vt 0.299805 0.199951 0.000000
vt 0.299805 0.199951 0.000000
vt 0.399902 0.199951 0.000000
vt 0.299805 0.099854 0.000000
vt 0.399902 0.199951 0.000000
vt 0.399902 0.199951 0.000000
vt 0.299805 0.199951 0.000000
vt 0.299805 0.099854 0.000000
vt 0.299805 0.199951 0.000000
vt 0.299805 0.199951 0.000000
vt 0.299805 0.199951 0.000000
vt 0.299805 0.199951 0.000000
vt 0.299805 0.199951 0.000000
vt 0.299805 0.199951 0.000000
vt 0.299805 0.199951 0.000000
vt 0.299805 0.099854 0.000000
vt 0.299805 0.099854 0.000000
vt 0.299805 0.199951 0.000000
vt 0.299805 0.199951 0.000000
vt 0.299805 0.099854 0.000000
vt 0.299805 0.199951 0.000000
vt 0.299805 0.199951 0.000000
vt 0.299805 0.199951 0.000000
vt 0.299805 0.199951 0.000000
vt 0.299805 0.199951 0.000000
vt 0.299805 0.199951 0.000000
vt 0.299805 0.199951 0.000000
vt 0.199951 0.199951 0.000000
vt 0.299805 0.099854 0.000000
vt 0.299805 0.199951 0.000000
vt 0.299805 0.199951 0.000000
vt 0.199951 0.199951 0.000000
vt 0.299805 0.199951 0.000000
vt 0.299805 0.199951 0.000000
vt 0.299805 0.199951 0.000000
vt 0.299805 0.199951 0.000000
vt 0.299805 0.199951 0.000000
vt 0.299805 0.199951 0.000000
vt 0.299805 0.199951 0.000000
vt 0.199951 0.199951 0.000000
vt 0.199951 0.199951 0.000000
vt 0.299805 0.199951 0.000000
vt 0.299805 0.199951 0.000000
vt 0.199951 0.199951 0.000000
vt 0.299805 0.199951 0.000000
vt 0.299805 0.199951 0.000000
vt 0.299805 0.199951 0.000000
vt 0.299805 0.199951 0.000000
vt 0.299805 0.199951 0.000000
vt 0.299805 0.199951 0.000000
vt 0.299805 0.199951 0.000000
vt 0.199951 0.299805 0.000000
vt 0.199951 0.199951 0.000000
vt 0.299805 0.199951 0.000000
vt 0.299805 0.199951 0.000000
vt 0.199951 0.299805 0.000000
vt 0.299805 0.199951 0.000000
vt 0.299805 0.299805 0.000000
vt 0.299805 0.199951 0.000000
vt 0.299805 0.199951 0.000000
vt 0.299805 0.199951 0.000000
vt 0.299805 0.299805 0.000000
vt 0.299805 0.199951 0.000000
vt 0.199951 0.299805 0.000000
vt 0.199951 0.299805 0.000000
vt 0.299805 0.199951 0.000000
vt 0.299805 0.299805 0.000000
vt 0.199951 0.299805 0.000000
vt 0.299805 0.199951 0.000000
vt 0.299805 0.299805 0.000000
vt 0.299805 0.299805 0.000000
vt 0.299805 0.199951 0.000000
vt 0.299805 0.199951 0.000000
vt 0.299805 0.299805 0.000000
vt 0.299805 0.299805 0.000000
vt 0.199951 0.399902 0.000000
vt 0.199951 0.299805 0.000000
vt 0.299805 0.299805 0.000000
vt 0.299805 0.299805 0.000000
vt 0.199951 0.399902 0.000000
vt 0.299805 0.199951 0.000000
vt 0.299805 0.299805 0.000000
vt 0.299805 0.299805 0.000000
vt 0.299805 0.199951 0.000000
vt 0.299805 0.299805 0.000000
vt 0.299805 0.299805 0.000000
vt 0.299805 0.299805 0.000000
vt 0.299805 0.399902 0.000000
vt 0.199951 0.399902 0.000000
vt 0.299805 0.299805 0.000000
vt 0.299805 0.299805 0.000000
vt 0.299805 0.399902 0.000000
vt 0.399902 0.500000 0.000000
vt 0.299805 0.500000 0.000000
vt 0.299805 0.399902 0.000000
vt 0.299805 0.399902 0.000000
vt 0.399902 0.399902 0.000000
vt 0.399902 0.500000 0.000000
vt 0.500000 0.299805 0.000000
vt 0.500000 0.399902 0.000000
vt 0.399902 0.399902 0.000000
vt 0.500000 0.099854 0.000000
vt 0.500000 0.199951 0.000000
vt 0.399902 0.299805 0.000000
vt 0.399902 0.299805 0.000000
vt 0.399902 0.199951 0.000000
vt 0.500000 0.099854 0.000000
vt 0.399902 0.099854 0.000000
vt 0.500000 0.099854 0.000000
vt 0.399902 0.199951 0.000000
vt 0.399902 0.199951 0.000000
vt 0.399902 0.199951 0.000000
vt 0.399902 0.099854 0.000000
vt 0.399902 0.099854 0.000000
vt 0.399902 0.099854 0.000000
vt 0.399902 0.199951 0.000000
vt 0.399902 0.199951 0.000000
vt 0.299805 0.099854 0.000000
vt 0.399902 0.099854 0.000000
vt 0.299805 0.099854 0.000000
vt 0.399902 0.099854 0.000000
vt 0.299805 0.099854 0.000000
vt 0.299805 0.099854 0.000000
vt 0.299805 0.099854 0.000000
vt 0.299805 0.099854 0.000000
vt 0.199951 0.099854 0.000000
vt 0.299805 0.099854 0.000000
vt 0.299805 0.099854 0.000000
vt 0.299805 0.099854 0.000000
vt 0.199951 0.199951 0.000000
vt 0.199951 0.099854 0.000000
vt 0.199951 0.199951 0.000000
vt 0.199951 0.099854 0.000000
vt 0.199951 0.199951 0.000000
vt 0.199951 0.199951 0.000000
vt 0.199951 0.199951 0.000000
vt 0.199951 0.199951 0.000000
vt 0.099854 0.199951 0.000000
vt 0.199951 0.199951 0.000000
vt 0.199951 0.199951 0.000000
vt 0.199951 0.199951 0.000000
vt 0.199951 0.299805 0.000000
vt 0.099854 0.199951 0.000000
vt 0.099854 0.299805 0.000000
vt 0.099854 0.199951 0.000000
vt 0.199951 0.299805 0.000000
vt 0.199951 0.299805 0.000000
vt 0.199951 0.299805 0.000000
vt 0.099854 0.299805 0.000000
vt 0.199951 0.399902 0.000000
vt 0.099854 0.299805 0.000000
vt 0.199951 0.299805 0.000000
vt 0.199951 0.299805 0.000000
vt 0.199951 0.399902 0.000000
vt 0.199951 0.399902 0.000000
vt 0.299805 0.500000 0.000000
vt 0.199951 0.399902 0.000000
vt 0.199951 0.399902 0.000000
vt 0.199951 0.399902 0.000000
vt 0.299805 0.399902 0.000000
vt 0.299805 0.500000 0.000000
vt 0.500000 0.399902 0.000000
vt 0.399902 0.500000 0.000000
vt 0.399902 0.399902 0.000000
vt 0.399902 0.399902 0.000000
vt 0.399902 0.399902 0.000000
vt 0.500000 0.399902 0.000000
vt 0.500000 0.099854 0.000000
vt 0.500000 0.099854 0.000000
vt 0.500000 0.099854 0.000000
vt 0.399902 0.399902 0.000000
vt 0.500000 0.199951 0.000000
vt 0.500000 0.299805 0.000000
vt 0.399902 0.399902 0.000000
vt 0.399902 0.299805 0.000000
vt 0.500000 0.199951 0.000000
vt 0.500000 0.099854 0.000000
vt 0.500000 0.099854 0.000000
vt 0.500000 0.099854 0.000000
vt 0.500000 0.099854 0.000000
vt 0.500000 0.099854 0.000000
vt 0.500000 0.099854 0.000000
vt 0.500000 0.099854 0.000000
vt 0.500000 0.099854 0.000000
vt 0.500000 0.099854 0.000000
vt 0.500000 0.099854 0.000000
vt 0.500000 0.099854 0.000000
vt 0.500000 0.099854 0.000000
vt 0.500000 0.099854 0.000000
vt 0.500000 0.099854 0.000000
vt 0.500000 0.099854 0.000000
vt 0.500000 0.099854 0.000000
vt 0.500000 0.099854 0.000000
vt 0.500000 0.099854 0.000000
vt 0.500000 0.099854 0.000000
vt 0.500000 0.099854 0.000000
vt 0.500000 0.099854 0.000000
vt 0.500000 0.099854 0.000000
vt 0.500000 0.099854 0.000000
vt 0.500000 0.099854 0.000000
vt 0.500000 0.099854 0.000000
vt 0.500000 0.099854 0.000000
vt 0.500000 0.099854 0.000000
vt 0.500000 0.099854 0.000000
vt 0.500000 0.099854 0.000000
vt 0.500000 0.099854 0.000000
vt 0.500000 0.099854 0.000000
vt 0.500000 0.099854 0.000000
vt 0.500000 0.099854 0.000000
vt 0.500000 0.099854 0.000000
vt 0.500000 0.099854 0.000000
vt 0.500000 0.099854 0.000000
vt 0.500000 0.099854 0.000000
vt 0.500000 0.099854 0.000000
vt 0.500000 0.099854 0.000000
vt 0.500000 0.099854 0.000000
vt 0.500000 0.099854 0.000000
vt 0.500000 0.099854 0.000000
vt 0.500000 0.099854 0.000000
vt 0.500000 0.099854 0.000000
vt 0.500000 0.099854 0.000000
vt 0.500000 0.099854 0.000000
vt 0.500000 0.099854 0.000000
vt 0.500000 0.099854 0.000000
vt 0.500000 0.099854 0.000000
vt 0.500000 0.099854 0.000000
vt 0.500000 0.099854 0.000000
vt 0.599854 0.299805 0.000000
vt 0.599854 0.299805 0.000000
vt 0.599854 0.399902 0.000000
vt 0.599854 0.399902 0.000000
vt 0.599854 0.399902 0.000000
vt 0.599854 0.299805 0.000000
vt 0.500000 0.299805 0.000000
vt 0.599854 0.299805 0.000000
vt 0.599854 0.399902 0.000000
vt 0.599854 0.399902 0.000000
vt 0.500000 0.299805 0.000000
vt 0.500000 0.299805 0.000000
vt 0.599854 0.299805 0.000000
vt 0.699951 0.299805 0.000000
vt 0.699951 0.399902 0.000000
vt 0.699951 0.399902 0.000000
vt 0.599854 0.399902 0.000000
vt 0.599854 0.299805 0.000000
vt 0.699951 0.299805 0.000000
vt 0.799805 0.199951 0.000000
vt 0.799805 0.399902 0.000000
vt 0.799805 0.399902 0.000000
vt 0.699951 0.399902 0.000000
vt 0.699951 0.299805 0.000000
vt 0.599854 0.299805 0.000000
vt 0.599854 0.299805 0.000000
vt 0.500000 0.299805 0.000000
vt 0.599854 0.399902 0.000000
vt 0.599854 0.399902 0.000000
vt 0.599854 0.500000 0.000000
vt 0.599854 0.500000 0.000000
vt 0.399902 0.500000 0.000000
vt 0.599854 0.399902 0.000000
vt 0.599854 0.399902 0.000000
vt 0.699951 0.399902 0.000000
vt 0.599854 0.500000 0.000000
vt 0.599854 0.500000 0.000000
vt 0.599854 0.500000 0.000000
vt 0.599854 0.399902 0.000000
vt 0.699951 0.399902 0.000000
vt 0.799805 0.399902 0.000000
vt 0.799805 0.500000 0.000000
vt 0.799805 0.500000 0.000000
vt 0.599854 0.500000 0.000000
vt 0.699951 0.399902 0.000000
vt 0.500000 0.399902 0.000000
vt 0.399902 0.500000 0.000000
vt 0.399902 0.500000 0.000000
vt 0.599854 0.399902 0.000000
vt 0.399902 0.500000 0.000000
vt 0.500000 0.399902 0.000000
vt 0.599854 0.399902 0.000000
vt 0.599854 0.399902 0.000000
vt 0.599854 0.399902 0.000000
vt 0.599854 0.399902 0.000000
vt 0.599854 0.399902 0.000000
vt 0.599854 0.399902 0.000000
vt 0.599854 0.399902 0.000000
vt 0.699951 0.399902 0.000000
vt 0.699951 0.399902 0.000000
vt 0.699951 0.399902 0.000000
vt 0.599854 0.399902 0.000000
vt 0.599854 0.399902 0.000000
vt 0.699951 0.399902 0.000000
vt 0.799805 0.399902 0.000000
vt 0.799805 0.399902 0.000000
vt 0.799805 0.399902 0.000000
vt 0.699951 0.399902 0.000000
vt 0.699951 0.399902 0.000000
vt 0.500000 0.299805 0.000000
vt 0.599854 0.399902 0.000000
vt 0.599854 0.399902 0.000000
vt 0.500000 0.399902 0.000000
vt 0.500000 0.299805 0.000000
vt 0.599854 0.399902 0.000000
vt 0.099854 0.299805 0.000000
vt 0.099854 0.299805 0.000000
vt 0.099854 0.299805 0.000000
vt 0.099854 0.299805 0.000000
vt 0.099854 0.299805 0.000000
vt 0.099854 0.299805 0.000000
vt 0.099854 0.299805 0.000000
vt 0.099854 0.299805 0.000000
vt 0.099854 0.299805 0.000000
vt 0.099854 0.299805 0.000000
vt 0.099854 0.299805 0.000000
vt 0.099854 0.299805 0.000000
vt 0.099854 0.299805 0.000000
vt 0.099854 0.299805 0.000000
vt 0.099854 0.299805 0.000000
vt 0.099854 0.299805 0.000000
vt 0.099854 0.299805 0.000000
vt 0.099854 0.299805 0.000000
vt 0.099854 0.299805 0.000000
vt 0.099854 0.299805 0.000000
vt 0.099854 0.299805 0.000000
vt 0.099854 0.299805 0.000000
vt 0.099854 0.299805 0.000000
vt 0.099854 0.299805 0.000000
vt 0.099854 0.299805 0.000000
vt 0.099854 0.299805 0.000000
vt 0.099854 0.299805 0.000000
vt 0.099854 0.299805 0.000000
vt 0.099854 0.299805 0.000000
vt 0.099854 0.299805 0.000000
vt 0.099854 0.299805 0.000000
vt 0.099854 0.299805 0.000000
vt 0.099854 0.299805 0.000000
vt 0.099854 0.299805 0.000000
vt 0.099854 0.299805 0.000000
vt 0.099854 0.299805 0.000000
vt 0.099854 0.299805 0.000000
vt 0.099854 0.299805 0.000000
vt 0.099854 0.299805 0.000000
vt 0.099854 0.299805 0.000000
vt 0.099854 0.299805 0.000000
vt 0.099854 0.299805 0.000000
vt 0.099854 0.299805 0.000000
vt 0.099854 0.299805 0.000000
vt 0.099854 0.299805 0.000000
vt 0.099854 0.299805 0.000000
vt 0.099854 0.299805 0.000000
vt 0.099854 0.299805 0.000000
vt 0.099854 0.299805 0.000000
vt 0.099854 0.299805 0.000000
vt 0.099854 0.299805 0.000000
vt 0.099854 0.299805 0.000000
vt 0.099854 0.299805 0.000000
vt 0.099854 0.299805 0.000000
vt 0.099854 0.299805 0.000000
vt 0.099854 0.299805 0.000000
vt 0.099854 0.299805 0.000000
vt 0.099854 0.299805 0.000000
vt 0.099854 0.299805 0.000000
vt 0.099854 0.299805 0.000000
vt 0.099854 0.299805 0.000000
vt 0.099854 0.299805 0.000000
vt 0.099854 0.299805 0.000000
vt 0.099854 0.299805 0.000000
vt 0.099854 0.299805 0.000000
vt 0.099854 0.299805 0.000000
vt 0.099854 0.299805 0.000000
vt 0.099854 0.299805 0.000000
vt 0.099854 0.299805 0.000000
vt 0.599854 0.599854 0.000000
vt 0.799805 0.500000 0.000000
vt 0.599854 0.500000 0.000000
vt 0.599854 0.599854 0.000000
vt 0.799805 0.599854 0.000000
vt 0.799805 0.500000 0.000000
vt 0.599854 0.799805 0.000000
vt 0.799805 0.699951 0.000000
vt 0.599854 0.699951 0.000000
vt 0.599854 0.799805 0.000000
vt 0.799805 0.799805 0.000000
vt 0.799805 0.699951 0.000000
vt 0.599854 0.699951 0.000000
vt 0.799805 0.599854 0.000000
vt 0.599854 0.599854 0.000000
vt 0.599854 0.699951 0.000000
vt 0.799805 0.699951 0.000000
vt 0.799805 0.599854 0.000000
vt 0.099854 1.000000 0.000000
vt 0.099854 0.899902 0.000000
vt 0.099854 0.899902 0.000000
vt 0.099854 1.000000 0.000000
vt 0.099854 0.899902 0.000000
vt 0.099854 0.899902 0.000000
vt 0.099854 1.000000 0.000000
vt 0.199951 0.899902 0.000000
vt 0.099854 0.899902 0.000000
vt 0.199951 1.000000 0.000000
vt 0.199951 0.899902 0.000000
vt 0.199951 0.899902 0.000000
vt 0.299805 1.000000 0.000000
vt 0.299805 0.899902 0.000000
vt 0.199951 0.899902 0.000000
vt 0.299805 1.000000 0.000000
vt 0.399902 0.899902 0.000000
vt 0.299805 0.899902 0.000000
vt 0.399902 1.000000 0.000000
vt 0.399902 0.899902 0.000000
vt 0.399902 0.899902 0.000000
vt 0.500000 1.000000 0.000000
vt 0.599854 0.899902 0.000000
vt 0.399902 0.899902 0.000000
vt 0.599854 1.000000 0.000000
vt 0.599854 0.899902 0.000000
vt 0.599854 0.899902 0.000000
vt 0.699951 1.000000 0.000000
vt 0.799805 0.899902 0.000000
vt 0.599854 0.899902 0.000000
vt 0.099854 0.899902 0.000000
vt 0.099854 0.899902 0.000000
vt 0.099854 0.899902 0.000000
vt 0.099854 0.899902 0.000000
vt 0.099854 0.899902 0.000000
vt 0.099854 0.899902 0.000000
vt 0.099854 0.899902 0.000000
vt 0.099854 0.899902 0.000000
vt 0.099854 0.899902 0.000000
vt 0.099854 0.899902 0.000000
vt 0.099854 0.899902 0.000000
vt 0.099854 0.899902 0.000000
vt 0.099854 0.899902 0.000000
vt 0.199951 0.899902 0.000000
vt 0.099854 0.899902 0.000000
vt 0.099854 0.899902 0.000000
vt 0.199951 0.899902 0.000000
vt 0.199951 0.899902 0.000000
vt 0.199951 0.899902 0.000000
vt 0.199951 0.899902 0.000000
vt 0.199951 0.899902 0.000000
vt 0.199951 0.899902 0.000000
vt 0.199951 0.899902 0.000000
vt 0.199951 0.899902 0.000000
vt 0.199951 0.899902 0.000000
vt 0.299805 0.899902 0.000000
vt 0.199951 0.899902 0.000000
vt 0.199951 0.899902 0.000000
vt 0.299805 0.899902 0.000000
vt 0.299805 0.899902 0.000000
vt 0.299805 0.899902 0.000000
vt 0.399902 0.899902 0.000000
vt 0.299805 0.899902 0.000000
vt 0.299805 0.899902 0.000000
vt 0.399902 0.899902 0.000000
vt 0.399902 0.899902 0.000000
vt 0.399902 0.899902 0.000000
vt 0.399902 0.899902 0.000000
vt 0.399902 0.899902 0.000000
vt 0.399902 0.899902 0.000000
vt 0.399902 0.899902 0.000000
vt 0.399902 0.899902 0.000000
vt 0.399902 0.899902 0.000000
vt 0.599854 0.899902 0.000000
vt 0.399902 0.899902 0.000000
vt 0.399902 0.899902 0.000000
vt 0.599854 0.899902 0.000000
vt 0.599854 0.899902 0.000000
vt 0.599854 0.899902 0.000000
vt 0.599854 0.899902 0.000000
vt 0.599854 0.899902 0.000000
vt 0.599854 0.899902 0.000000
vt 0.599854 0.899902 0.000000
vt 0.599854 0.899902 0.000000
vt 0.599854 0.899902 0.000000
vt 0.799805 0.899902 0.000000
vt 0.599854 0.899902 0.000000
vt 0.599854 0.899902 0.000000
vt 0.799805 0.899902 0.000000
vt 0.799805 0.899902 0.000000
vt 0.099854 0.899902 0.000000
vt 0.099854 0.799805 0.000000
vt 0.099854 0.799805 0.000000
vt 0.099854 0.899902 0.000000
vt 0.099854 0.899902 0.000000
vt 0.099854 0.799805 0.000000
vt 0.099854 0.899902 0.000000
vt 0.099854 0.799805 0.000000
vt 0.099854 0.799805 0.000000
vt 0.099854 0.899902 0.000000
vt 0.099854 0.899902 0.000000
vt 0.099854 0.799805 0.000000
vt 0.099854 0.899902 0.000000
vt 0.199951 0.799805 0.000000
vt 0.099854 0.799805 0.000000
vt 0.099854 0.899902 0.000000
vt 0.199951 0.899902 0.000000
vt 0.199951 0.799805 0.000000
vt 0.199951 0.899902 0.000000
vt 0.199951 0.799805 0.000000
vt 0.199951 0.799805 0.000000
vt 0.199951 0.899902 0.000000
vt 0.199951 0.899902 0.000000
vt 0.199951 0.799805 0.000000
vt 0.199951 0.899902 0.000000
vt 0.299805 0.799805 0.000000
vt 0.199951 0.799805 0.000000
vt 0.199951 0.899902 0.000000
vt 0.299805 0.899902 0.000000
vt 0.299805 0.799805 0.000000
vt 0.299805 0.899902 0.000000
vt 0.399902 0.799805 0.000000
vt 0.299805 0.799805 0.000000
vt 0.299805 0.899902 0.000000
vt 0.399902 0.899902 0.000000
vt 0.399902 0.799805 0.000000
vt 0.399902 0.899902 0.000000
vt 0.399902 0.799805 0.000000
vt 0.399902 0.799805 0.000000
vt 0.399902 0.899902 0.000000
vt 0.399902 0.899902 0.000000
vt 0.399902 0.799805 0.000000
vt 0.399902 0.899902 0.000000
vt 0.599854 0.799805 0.000000
vt 0.399902 0.799805 0.000000
vt 0.399902 0.899902 0.000000
vt 0.599854 0.899902 0.000000
vt 0.599854 0.799805 0.000000
vt 0.599854 0.899902 0.000000
vt 0.599854 0.799805 0.000000
vt 0.599854 0.799805 0.000000
vt 0.599854 0.899902 0.000000
vt 0.599854 0.899902 0.000000
vt 0.599854 0.799805 0.000000
vt 0.599854 0.899902 0.000000
vt 0.799805 0.799805 0.000000
vt 0.599854 0.799805 0.000000
vt 0.599854 0.899902 0.000000
vt 0.799805 0.899902 0.000000
vt 0.799805 0.799805 0.000000
vt 0.099854 0.799805 0.000000
vt 0.099854 0.699951 0.000000
vt 0.099854 0.699951 0.000000
vt 0.099854 0.799805 0.000000
vt 0.099854 0.799805 0.000000
vt 0.099854 0.699951 0.000000
vt 0.099854 0.799805 0.000000
vt 0.099854 0.699951 0.000000
vt 0.099854 0.699951 0.000000
vt 0.099854 0.799805 0.000000
vt 0.099854 0.799805 0.000000
vt 0.099854 0.699951 0.000000
vt 0.099854 0.799805 0.000000
vt 0.199951 0.699951 0.000000
vt 0.099854 0.699951 0.000000
vt 0.099854 0.799805 0.000000
vt 0.199951 0.799805 0.000000
vt 0.199951 0.699951 0.000000
vt 0.199951 0.799805 0.000000
vt 0.199951 0.699951 0.000000
vt 0.199951 0.699951 0.000000
vt 0.199951 0.799805 0.000000
vt 0.199951 0.799805 0.000000
vt 0.199951 0.699951 0.000000
vt 0.199951 0.799805 0.000000
vt 0.299805 0.699951 0.000000
vt 0.199951 0.699951 0.000000
vt 0.199951 0.799805 0.000000
vt 0.299805 0.799805 0.000000
vt 0.299805 0.699951 0.000000
vt 0.299805 0.799805 0.000000
vt 0.399902 0.699951 0.000000
vt 0.299805 0.699951 0.000000
vt 0.299805 0.799805 0.000000
vt 0.399902 0.799805 0.000000
vt 0.399902 0.699951 0.000000
vt 0.399902 0.799805 0.000000
vt 0.399902 0.699951 0.000000
vt 0.399902 0.699951 0.000000
vt 0.399902 0.799805 0.000000
vt 0.399902 0.799805 0.000000
vt 0.399902 0.699951 0.000000
vt 0.399902 0.799805 0.000000
vt 0.599854 0.699951 0.000000
vt 0.399902 0.699951 0.000000
vt 0.399902 0.799805 0.000000
vt 0.599854 0.799805 0.000000
vt 0.599854 0.699951 0.000000
vt 0.599854 0.799805 0.000000
vt 0.599854 0.699951 0.000000
vt 0.599854 0.699951 0.000000
vt 0.599854 0.799805 0.000000
vt 0.599854 0.799805 0.000000
vt 0.599854 0.699951 0.000000
vt 0.099854 0.699951 0.000000
vt 0.099854 0.599854 0.000000
vt 0.099854 0.599854 0.000000
vt 0.099854 0.699951 0.000000
vt 0.099854 0.699951 0.000000
vt 0.099854 0.599854 0.000000
vt 0.099854 0.699951 0.000000
vt 0.099854 0.599854 0.000000
vt 0.099854 0.599854 0.000000
vt 0.099854 0.699951 0.000000
vt 0.099854 0.699951 0.000000
vt 0.099854 0.599854 0.000000
vt 0.099854 0.699951 0.000000
vt 0.199951 0.599854 0.000000
vt 0.099854 0.599854 0.000000
vt 0.099854 0.699951 0.000000
vt 0.199951 0.699951 0.000000
vt 0.199951 0.599854 0.000000
vt 0.199951 0.699951 0.000000
vt 0.199951 0.599854 0.000000
vt 0.199951 0.599854 0.000000
vt 0.199951 0.699951 0.000000
vt 0.199951 0.699951 0.000000
vt 0.199951 0.599854 0.000000
vt 0.199951 0.699951 0.000000
vt 0.299805 0.599854 0.000000
vt 0.199951 0.599854 0.000000
vt 0.199951 0.699951 0.000000
vt 0.299805 0.699951 0.000000
vt 0.299805 0.599854 0.000000
vt 0.299805 0.699951 0.000000
vt 0.399902 0.599854 0.000000
vt 0.299805 0.599854 0.000000
vt 0.299805 0.699951 0.000000
vt 0.399902 0.699951 0.000000
vt 0.399902 0.599854 0.000000
vt 0.399902 0.699951 0.000000
vt 0.399902 0.599854 0.000000
vt 0.399902 0.599854 0.000000
vt 0.399902 0.699951 0.000000
vt 0.399902 0.699951 0.000000
vt 0.399902 0.599854 0.000000
vt 0.399902 0.699951 0.000000
vt 0.599854 0.599854 0.000000
vt 0.399902 0.599854 0.000000
vt 0.399902 0.699951 0.000000
vt 0.599854 0.699951 0.000000
vt 0.599854 0.599854 0.000000
vt 0.599854 0.699951 0.000000
vt 0.599854 0.599854 0.000000
vt 0.599854 0.599854 0.000000
vt 0.599854 0.699951 0.000000
vt 0.599854 0.699951 0.000000
vt 0.599854 0.599854 0.000000
vt 0.099854 0.599854 0.000000
vt 0.099854 0.299805 0.000000
vt 0.099854 0.299805 0.000000
vt 0.099854 0.599854 0.000000
vt 0.099854 0.599854 0.000000
vt 0.099854 0.299805 0.000000
vt 0.099854 0.599854 0.000000
vt 0.099854 0.299805 0.000000
vt 0.099854 0.299805 0.000000
vt 0.099854 0.599854 0.000000
vt 0.099854 0.599854 0.000000
vt 0.099854 0.299805 0.000000
vt 0.099854 0.599854 0.000000
vt 0.099854 0.299805 0.000000
vt 0.099854 0.299805 0.000000
vt 0.099854 0.599854 0.000000
vt 0.199951 0.599854 0.000000
vt 0.099854 0.299805 0.000000
vt 0.199951 0.599854 0.000000
vt 0.199951 0.399902 0.000000
vt 0.099854 0.299805 0.000000
vt 0.199951 0.599854 0.000000
vt 0.199951 0.599854 0.000000
vt 0.199951 0.399902 0.000000
vt 0.199951 0.599854 0.000000
vt 0.299805 0.500000 0.000000
vt 0.199951 0.399902 0.000000
vt 0.199951 0.599854 0.000000
vt 0.299805 0.599854 0.000000
vt 0.299805 0.500000 0.000000
vt 0.299805 0.599854 0.000000
vt 0.399902 0.500000 0.000000
vt 0.299805 0.500000 0.000000
vt 0.299805 0.599854 0.000000
vt 0.399902 0.599854 0.000000
vt 0.399902 0.500000 0.000000
vt 0.399902 0.599854 0.000000
vt 0.399902 0.500000 0.000000
vt 0.399902 0.500000 0.000000
vt 0.399902 0.599854 0.000000
vt 0.399902 0.599854 0.000000
vt 0.399902 0.500000 0.000000
vt 0.399902 0.599854 0.000000
vt 0.599854 0.500000 0.000000
vt 0.399902 0.500000 0.000000
vt 0.399902 0.599854 0.000000
vt 0.599854 0.599854 0.000000
vt 0.599854 0.500000 0.000000
vt 0.599854 0.599854 0.000000
vt 0.599854 0.500000 0.000000
vt 0.599854 0.500000 0.000000
vt 0.599854 0.599854 0.000000
vt 0.599854 0.599854 0.000000
vt 0.599854 0.500000 0.000000
vt 0.500000 0.099854 0.000000
vt 0.500000 0.099854 0.000000
vt 0.500000 0.099854 0.000000
vt 0.500000 0.099854 0.000000
vt 0.500000 0.099854 0.000000
vt 0.500000 0.099854 0.000000
vt 0.500000 0.099854 0.000000
vt 0.500000 0.099854 0.000000
vt 0.500000 0.099854 0.000000
vt 0.500000 0.099854 0.000000
vt 0.500000 0.099854 0.000000
vt 0.500000 0.099854 0.000000
vt 0.500000 0.099854 0.000000
vt 0.500000 0.099854 0.000000
vt 0.500000 0.099854 0.000000
vt 0.500000 0.099854 0.000000
vt 0.500000 0.099854 0.000000
vt 0.500000 0.099854 0.000000
vt 0.399902 0.500000 0.000000
vt 0.299805 0.399902 0.000000
vt 0.299805 0.500000 0.000000
vt 0.299805 0.399902 0.000000
vt 0.399902 0.500000 0.000000
vt 0.399902 0.399902 0.000000
vt 0.500000 0.299805 0.000000
vt 0.399902 0.399902 0.000000
vt 0.500000 0.399902 0.000000
vt 0.199951 0.399902 0.000000
vt 0.199951 0.299805 0.000000
vt 0.099854 0.299805 0.000000
vt 0.199951 0.299805 0.000000
vt 0.199951 0.399902 0.000000
vt 0.199951 0.399902 0.000000
vt 0.299805 0.500000 0.000000
vt 0.199951 0.399902 0.000000
vt 0.199951 0.399902 0.000000
vt 0.199951 0.399902 0.000000
vt 0.299805 0.500000 0.000000
vt 0.299805 0.399902 0.000000
vt 0.500000 0.399902 0.000000
vt 0.399902 0.399902 0.000000
vt 0.399902 0.500000 0.000000
vt 0.399902 0.399902 0.000000
vt 0.500000 0.399902 0.000000
vt 0.399902 0.399902 0.000000
vt 0.599854 0.299805 0.000000
vt 0.599854 0.399902 0.000000
vt 0.599854 0.299805 0.000000
vt 0.599854 0.399902 0.000000
vt 0.599854 0.299805 0.000000
vt 0.599854 0.399902 0.000000
vt 0.500000 0.299805 0.000000
vt 0.599854 0.399902 0.000000
vt 0.599854 0.299805 0.000000
vt 0.599854 0.399902 0.000000
vt 0.500000 0.299805 0.000000
vt 0.500000 0.299805 0.000000
vt 0.599854 0.299805 0.000000
vt 0.699951 0.399902 0.000000
vt 0.699951 0.299805 0.000000
vt 0.699951 0.399902 0.000000
vt 0.599854 0.299805 0.000000
vt 0.599854 0.399902 0.000000
vt 0.699951 0.299805 0.000000
vt 0.799805 0.399902 0.000000
vt 0.799805 0.199951 0.000000
vt 0.799805 0.399902 0.000000
vt 0.699951 0.299805 0.000000
vt 0.699951 0.399902 0.000000
vt 0.599854 0.299805 0.000000
vt 0.500000 0.299805 0.000000
vt 0.599854 0.299805 0.000000
vt 0.599854 0.399902 0.000000
vt 0.599854 0.500000 0.000000
vt 0.599854 0.399902 0.000000
vt 0.599854 0.500000 0.000000
vt 0.599854 0.399902 0.000000
vt 0.399902 0.500000 0.000000
vt 0.599854 0.399902 0.000000
vt 0.599854 0.500000 0.000000
vt 0.699951 0.399902 0.000000
vt 0.599854 0.500000 0.000000
vt 0.599854 0.399902 0.000000
vt 0.599854 0.500000 0.000000
vt 0.699951 0.399902 0.000000
vt 0.799805 0.500000 0.000000
vt 0.799805 0.399902 0.000000
vt 0.799805 0.500000 0.000000
vt 0.699951 0.399902 0.000000
vt 0.599854 0.500000 0.000000
vt 0.500000 0.399902 0.000000
vt 0.399902 0.500000 0.000000
vt 0.399902 0.500000 0.000000
vt 0.599854 0.399902 0.000000
vt 0.500000 0.399902 0.000000
vt 0.399902 0.500000 0.000000
vt 0.599854 0.399902 0.000000
vt 0.599854 0.399902 0.000000
vt 0.599854 0.399902 0.000000
vt 0.599854 0.399902 0.000000
vt 0.599854 0.399902 0.000000
vt 0.599854 0.399902 0.000000
vt 0.599854 0.399902 0.000000
vt 0.699951 0.399902 0.000000
vt 0.699951 0.399902 0.000000
vt 0.699951 0.399902 0.000000
vt 0.599854 0.399902 0.000000
vt 0.599854 0.399902 0.000000
vt 0.699951 0.399902 0.000000
vt 0.799805 0.399902 0.000000
vt 0.799805 0.399902 0.000000
vt 0.799805 0.399902 0.000000
vt 0.699951 0.399902 0.000000
vt 0.699951 0.399902 0.000000
vt 0.500000 0.299805 0.000000
vt 0.599854 0.399902 0.000000
vt 0.599854 0.399902 0.000000
vt 0.500000 0.399902 0.000000
vt 0.599854 0.399902 0.000000
vt 0.500000 0.299805 0.000000
vn -0.510010 0.169434 -0.843018
vn -0.533203 -0.267578 -0.802246
vn -0.001953 -0.270752 -0.962402
vn -0.510010 0.169434 -0.843018
vn -0.001953 -0.270752 -0.962402
vn -0.002197 0.255859 -0.966553
vn -0.382813 -0.424316 -0.820313
vn -0.488770 -0.010742 -0.872070
vn -0.007813 0.034668 -0.999268
vn -0.382813 -0.424316 -0.820313
vn -0.007813 0.034668 -0.999268
vn -0.004639 -0.471924 -0.881348
vn -0.488770 -0.010742 -0.872070
vn -0.510010 0.169434 -0.843018
vn -0.002197 0.255859 -0.966553
vn -0.488770 -0.010742 -0.872070
vn -0.002197 0.255859 -0.966553
vn -0.007813 0.034668 -0.999268
vn -0.004150 -0.946289 -0.322998
vn 0.000488 -0.987793 -0.154541
vn -0.123779 -0.965332 -0.229248
vn -0.004150 -0.946289 -0.322998
vn -0.123779 -0.965332 -0.229248
vn -0.112549 -0.974365 -0.194092
vn -0.004150 -0.946289 -0.322998
vn -0.112549 -0.974365 -0.194092
vn -0.080566 -0.978027 -0.191162
vn -0.004150 -0.946289 -0.322998
vn -0.080566 -0.978027 -0.191162
vn -0.172852 -0.932617 -0.315918
vn -0.004150 -0.946289 -0.322998
vn -0.172852 -0.932617 -0.315918
vn -0.195801 -0.910156 -0.364502
vn -0.004150 -0.946289 -0.322998
vn -0.195801 -0.910156 -0.364502
vn -0.205566 -0.914063 -0.349121
vn -0.004150 -0.946289 -0.322998
vn -0.205566 -0.914063 -0.349121
vn -0.202148 -0.913818 -0.351563
vn -0.004150 -0.946289 -0.322998
vn -0.202148 -0.913818 -0.351563
vn -0.116699 -0.914307 -0.387695
vn -0.004150 -0.946289 -0.322998
vn -0.116699 -0.914307 -0.387695
vn -0.030029 -0.905518 -0.423096
vn -0.004150 -0.946289 -0.322998
vn -0.030029 -0.905518 -0.423096
vn 0.000000 -0.914307 -0.404541
vn 0.000488 -0.987793 -0.154541
vn -0.000244 -0.997070 0.075928
vn -0.097656 -0.994629 0.026367
vn 0.000488 -0.987793 -0.154541
vn -0.097656 -0.994629 0.026367
vn -0.123779 -0.965332 -0.229248
vn -0.123779 -0.965332 -0.229248
vn -0.097656 -0.994629 0.026367
vn -0.251953 -0.966797 -0.041504
vn -0.123779 -0.965332 -0.229248
vn -0.251953 -0.966797 -0.041504
vn -0.112549 -0.974365 -0.194092
vn -0.112549 -0.974365 -0.194092
vn -0.251953 -0.966797 -0.041504
vn -0.305664 -0.951172 -0.040771
vn -0.112549 -0.974365 -0.194092
vn -0.305664 -0.951172 -0.040771
vn -0.080566 -0.978027 -0.191162
vn -0.080566 -0.978027 -0.191162
vn -0.305664 -0.951172 -0.040771
vn -0.458740 -0.872070 -0.169678
vn -0.080566 -0.978027 -0.191162
vn -0.458740 -0.872070 -0.169678
vn -0.172852 -0.932617 -0.315918
vn -0.172852 -0.932617 -0.315918
vn -0.458740 -0.872070 -0.169678
vn -0.491211 -0.825195 -0.278320
vn -0.172852 -0.932617 -0.315918
vn -0.491211 -0.825195 -0.278320
vn -0.195801 -0.910156 -0.364502
vn -0.195801 -0.910156 -0.364502
vn -0.491211 -0.825195 -0.278320
vn -0.471680 -0.806396 -0.356201
vn -0.195801 -0.910156 -0.364502
vn -0.471680 -0.806396 -0.356201
vn -0.205566 -0.914063 -0.349121
vn -0.205566 -0.914063 -0.349121
vn -0.471680 -0.806396 -0.356201
vn -0.436035 -0.807129 -0.397217
vn -0.205566 -0.914063 -0.349121
vn -0.436035 -0.807129 -0.397217
vn -0.202148 -0.913818 -0.351563
vn -0.202148 -0.913818 -0.351563
vn -0.436035 -0.807129 -0.397217
vn -0.372070 -0.798584 -0.472412
vn -0.202148 -0.913818 -0.351563
vn -0.372070 -0.798584 -0.472412
vn -0.116699 -0.914307 -0.387695
vn -0.116699 -0.914307 -0.387695
vn -0.372070 -0.798584 -0.472412
vn -0.184082 -0.781250 -0.595947
vn -0.116699 -0.914307 -0.387695
vn -0.184082 -0.781250 -0.595947
vn -0.030029 -0.905518 -0.423096
vn -0.030029 -0.905518 -0.423096
vn -0.184082 -0.781250 -0.595947
vn 0.000000 -0.810547 -0.585449
vn -0.030029 -0.905518 -0.423096
vn 0.000000 -0.810547 -0.585449
vn 0.000000 -0.914307 -0.404541
vn -0.000244 -0.997070 0.075928
vn 0.000000 -0.852539 0.522217
vn -0.242676 -0.877930 0.412354
vn -0.000244 -0.997070 0.075928
vn -0.242676 -0.877930 0.412354
vn -0.097656 -0.994629 0.026367
vn -0.097656 -0.994629 0.026367
vn -0.242676 -0.877930 0.412354
vn -0.443848 -0.838135 0.316406
vn -0.097656 -0.994629 0.026367
vn -0.443848 -0.838135 0.316406
vn -0.251953 -0.966797 -0.041504
vn -0.251953 -0.966797 -0.041504
vn -0.443848 -0.838135 0.316406
vn -0.617188 -0.768066 0.168945
vn -0.251953 -0.966797 -0.041504
vn -0.617188 -0.768066 0.168945
vn -0.305664 -0.951172 -0.040771
vn -0.305664 -0.951172 -0.040771
vn -0.617188 -0.768066 0.168945
vn -0.761475 -0.647949 0.017334
vn -0.305664 -0.951172 -0.040771
vn -0.761475 -0.647949 0.017334
vn -0.458740 -0.872070 -0.169678
vn -0.458740 -0.872070 -0.169678
vn -0.761475 -0.647949 0.017334
vn -0.820801 -0.559082 -0.116211
vn -0.458740 -0.872070 -0.169678
vn -0.820801 -0.559082 -0.116211
vn -0.491211 -0.825195 -0.278320
vn -0.491211 -0.825195 -0.278320
vn -0.820801 -0.559082 -0.116211
vn -0.800293 -0.538574 -0.263184
vn -0.491211 -0.825195 -0.278320
vn -0.800293 -0.538574 -0.263184
vn -0.471680 -0.806396 -0.356201
vn -0.471680 -0.806396 -0.356201
vn -0.800293 -0.538574 -0.263184
vn -0.746338 -0.536133 -0.393799
vn -0.471680 -0.806396 -0.356201
vn -0.746338 -0.536133 -0.393799
vn -0.436035 -0.807129 -0.397217
vn -0.436035 -0.807129 -0.397217
vn -0.746338 -0.536133 -0.393799
vn -0.635254 -0.497314 -0.590576
vn -0.436035 -0.807129 -0.397217
vn -0.635254 -0.497314 -0.590576
vn -0.372070 -0.798584 -0.472412
vn -0.372070 -0.798584 -0.472412
vn -0.635254 -0.497314 -0.590576
vn -0.382813 -0.424316 -0.820313
vn -0.372070 -0.798584 -0.472412
vn -0.382813 -0.424316 -0.820313
vn -0.184082 -0.781250 -0.595947
vn -0.184082 -0.781250 -0.595947
vn -0.382813 -0.424316 -0.820313
vn -0.004639 -0.471924 -0.881348
vn -0.184082 -0.781250 -0.595947
vn -0.004639 -0.471924 -0.881348
vn 0.000000 -0.810547 -0.585449
vn 0.000000 -0.852539 0.522217
vn -0.002930 -0.535400 0.844482
vn -0.321289 -0.581055 0.747559
vn 0.000000 -0.852539 0.522217
vn -0.321289 -0.581055 0.747559
vn -0.242676 -0.877930 0.412354
vn -0.242676 -0.877930 0.412354
vn -0.321289 -0.581055 0.747559
vn -0.576416 -0.546387 0.607178
vn -0.242676 -0.877930 0.412354
vn -0.576416 -0.546387 0.607178
vn -0.443848 -0.838135 0.316406
vn -0.443848 -0.838135 0.316406
vn -0.576416 -0.546387 0.607178
vn -0.783691 -0.488770 0.382568
vn -0.443848 -0.838135 0.316406
vn -0.783691 -0.488770 0.382568
vn -0.617188 -0.768066 0.168945
vn -0.617188 -0.768066 0.168945
vn -0.783691 -0.488770 0.382568
vn -0.901611 -0.403320 0.156006
vn -0.617188 -0.768066 0.168945
vn -0.901611 -0.403320 0.156006
vn -0.761475 -0.647949 0.017334
vn -0.761475 -0.647949 0.017334
vn -0.901611 -0.403320 0.156006
vn -0.954590 -0.297119 -0.005859
vn -0.761475 -0.647949 0.017334
vn -0.954590 -0.297119 -0.005859
vn -0.820801 -0.559082 -0.116211
vn -0.820801 -0.559082 -0.116211
vn -0.954590 -0.297119 -0.005859
vn -0.961426 -0.240479 -0.132568
vn -0.820801 -0.559082 -0.116211
vn -0.961426 -0.240479 -0.132568
vn -0.800293 -0.538574 -0.263184
vn -0.800293 -0.538574 -0.263184
vn -0.961426 -0.240479 -0.132568
vn -0.916260 -0.221680 -0.333252
vn -0.800293 -0.538574 -0.263184
vn -0.916260 -0.221680 -0.333252
vn -0.746338 -0.536133 -0.393799
vn -0.746338 -0.536133 -0.393799
vn -0.916260 -0.221680 -0.333252
vn -0.805908 -0.150635 -0.572021
vn -0.746338 -0.536133 -0.393799
vn -0.805908 -0.150635 -0.572021
vn -0.635254 -0.497314 -0.590576
vn -0.635254 -0.497314 -0.590576
vn -0.805908 -0.150635 -0.572021
vn -0.488770 -0.010742 -0.872070
vn -0.635254 -0.497314 -0.590576
vn -0.488770 -0.010742 -0.872070
vn -0.382813 -0.424316 -0.820313
vn -0.002930 -0.535400 0.844482
vn -0.009033 -0.427490 0.903809
vn -0.326904 -0.396729 0.857666
vn -0.002930 -0.535400 0.844482
vn -0.326904 -0.396729 0.857666
vn -0.321289 -0.581055 0.747559
vn -0.321289 -0.581055 0.747559
vn -0.326904 -0.396729 0.857666
vn -0.572266 -0.379395 0.726807
vn -0.321289 -0.581055 0.747559
vn -0.572266 -0.379395 0.726807
vn -0.576416 -0.546387 0.607178
vn -0.576416 -0.546387 0.607178
vn -0.572266 -0.379395 0.726807
vn -0.824951 -0.318359 0.466309
vn -0.576416 -0.546387 0.607178
vn -0.824951 -0.318359 0.466309
vn -0.783691 -0.488770 0.382568
vn -0.783691 -0.488770 0.382568
vn -0.824951 -0.318359 0.466309
vn -0.938721 -0.237549 0.249023
vn -0.783691 -0.488770 0.382568
vn -0.938721 -0.237549 0.249023
vn -0.901611 -0.403320 0.156006
vn -0.901611 -0.403320 0.156006
vn -0.938721 -0.237549 0.249023
vn -0.983643 -0.177979 0.023193
vn -0.901611 -0.403320 0.156006
vn -0.983643 -0.177979 0.023193
vn -0.954590 -0.297119 -0.005859
vn -0.954590 -0.297119 -0.005859
vn -0.983643 -0.177979 0.023193
vn -0.993652 -0.081055 -0.076172
vn -0.954590 -0.297119 -0.005859
vn -0.993652 -0.081055 -0.076172
vn -0.961426 -0.240479 -0.132568
vn -0.961426 -0.240479 -0.132568
vn -0.993652 -0.081055 -0.076172
vn -0.969482 -0.030518 -0.242676
vn -0.961426 -0.240479 -0.132568
vn -0.969482 -0.030518 -0.242676
vn -0.916260 -0.221680 -0.333252
vn -0.916260 -0.221680 -0.333252
vn -0.969482 -0.030518 -0.242676
vn -0.851563 0.039307 -0.522461
vn -0.916260 -0.221680 -0.333252
vn -0.851563 0.039307 -0.522461
vn -0.805908 -0.150635 -0.572021
vn -0.805908 -0.150635 -0.572021
vn -0.851563 0.039307 -0.522461
vn -0.510010 0.169434 -0.843018
vn -0.805908 -0.150635 -0.572021
vn -0.510010 0.169434 -0.843018
vn -0.488770 -0.010742 -0.872070
vn -0.009033 -0.427490 0.903809
vn -0.010254 0.104980 0.994385
vn -0.276367 0.028320 0.960449
vn -0.009033 -0.427490 0.903809
vn -0.276367 0.028320 0.960449
vn -0.326904 -0.396729 0.857666
vn -0.326904 -0.396729 0.857666
vn -0.276367 0.028320 0.960449
vn -0.438721 0.057861 0.896484
vn -0.326904 -0.396729 0.857666
vn -0.438721 0.057861 0.896484
vn -0.572266 -0.379395 0.726807
vn -0.572266 -0.379395 0.726807
vn -0.438721 0.057861 0.896484
vn -0.646240 -0.190430 0.738525
vn -0.572266 -0.379395 0.726807
vn -0.646240 -0.190430 0.738525
vn -0.824951 -0.318359 0.466309
vn -0.824951 -0.318359 0.466309
vn -0.646240 -0.190430 0.738525
vn -0.890381 -0.297363 0.343750
vn -0.824951 -0.318359 0.466309
vn -0.890381 -0.297363 0.343750
vn -0.938721 -0.237549 0.249023
vn -0.938721 -0.237549 0.249023
vn -0.890381 -0.297363 0.343750
vn -0.985840 -0.132813 0.100830
vn -0.938721 -0.237549 0.249023
vn -0.985840 -0.132813 0.100830
vn -0.983643 -0.177979 0.023193
vn -0.983643 -0.177979 0.023193
vn -0.985840 -0.132813 0.100830
vn -0.992676 -0.078613 -0.089844
vn -0.983643 -0.177979 0.023193
vn -0.992676 -0.078613 -0.089844
vn -0.993652 -0.081055 -0.076172
vn -0.993652 -0.081055 -0.076172
vn -0.992676 -0.078613 -0.089844
vn -0.979980 -0.035645 -0.195313
vn -0.993652 -0.081055 -0.076172
vn -0.979980 -0.035645 -0.195313
vn -0.969482 -0.030518 -0.242676
vn -0.969482 -0.030518 -0.242676
vn -0.979980 -0.035645 -0.195313
vn -0.864990 -0.142822 -0.480469
vn -0.969482 -0.030518 -0.242676
vn -0.864990 -0.142822 -0.480469
vn -0.851563 0.039307 -0.522461
vn -0.851563 0.039307 -0.522461
vn -0.864990 -0.142822 -0.480469
vn -0.533203 -0.267578 -0.802246
vn -0.851563 0.039307 -0.522461
vn -0.533203 -0.267578 -0.802246
vn -0.510010 0.169434 -0.843018
vn -0.005371 0.489258 0.871826
vn -0.224609 0.408691 0.884277
vn -0.276367 0.028320 0.960449
vn -0.276367 0.028320 0.960449
vn -0.010254 0.104980 0.994385
vn -0.005371 0.489258 0.871826
vn -0.224609 0.408691 0.884277
vn -0.294922 0.336426 0.894043
vn -0.438721 0.057861 0.896484
vn -0.438721 0.057861 0.896484
vn -0.276367 0.028320 0.960449
vn -0.224609 0.408691 0.884277
vn -0.294922 0.336426 0.894043
vn -0.242432 0.000000 0.969971
vn -0.646240 -0.190430 0.738525
vn -0.646240 -0.190430 0.738525
vn -0.438721 0.057861 0.896484
vn -0.294922 0.336426 0.894043
vn -0.094238 0.882813 0.459961
vn -0.796875 0.319824 0.511963
vn -0.794922 0.572021 0.201904
vn -0.094238 0.882813 0.459961
vn -0.140137 0.520996 0.841797
vn -0.796875 0.319824 0.511963
vn -0.794922 0.572021 0.201904
vn -0.991455 -0.088623 -0.093994
vn -0.990723 -0.134277 0.010254
vn -0.794922 0.572021 0.201904
vn -0.796875 0.319824 0.511963
vn -0.991455 -0.088623 -0.093994
vn -0.140137 0.520996 0.841797
vn -0.109375 -0.062744 0.991943
vn -0.796875 0.319824 0.511963
vn -0.796875 0.319824 0.511963
vn -0.109375 -0.062744 0.991943
vn -0.895020 -0.034912 0.444092
vn -0.991455 -0.088623 -0.093994
vn -0.796875 0.319824 0.511963
vn -0.980469 0.028809 -0.193604
vn -0.980469 0.028809 -0.193604
vn -0.796875 0.319824 0.511963
vn -0.977295 0.034912 -0.208252
vn -0.796875 0.319824 0.511963
vn -0.895020 -0.034912 0.444092
vn -0.977295 0.034912 -0.208252
vn -0.109375 -0.062744 0.991943
vn -0.824463 -0.286133 0.488037
vn -0.895020 -0.034912 0.444092
vn -0.109375 -0.062744 0.991943
vn -0.102783 -0.779541 0.617676
vn -0.824463 -0.286133 0.488037
vn -0.895020 -0.034912 0.444092
vn -0.977783 0.166016 -0.126221
vn -0.977295 0.034912 -0.208252
vn -0.895020 -0.034912 0.444092
vn -0.824463 -0.286133 0.488037
vn -0.977783 0.166016 -0.126221
vn -0.102783 -0.779541 0.617676
vn -0.805420 -0.562744 0.184814
vn -0.824463 -0.286133 0.488037
vn -0.102783 -0.779541 0.617676
vn -0.082031 -0.984863 0.152100
vn -0.805420 -0.562744 0.184814
vn -0.824463 -0.286133 0.488037
vn -0.957031 0.287109 -0.037354
vn -0.977783 0.166016 -0.126221
vn -0.824463 -0.286133 0.488037
vn -0.805420 -0.562744 0.184814
vn -0.957031 0.287109 -0.037354
vn -0.082031 -0.984863 0.152100
vn -0.817627 -0.571533 -0.065674
vn -0.805420 -0.562744 0.184814
vn -0.082031 -0.984863 0.152100
vn -0.104004 -0.947021 -0.303223
vn -0.817627 -0.571533 -0.065674
vn -0.805420 -0.562744 0.184814
vn -0.949707 0.302979 0.076172
vn -0.957031 0.287109 -0.037354
vn -0.805420 -0.562744 0.184814
vn -0.817627 -0.571533 -0.065674
vn -0.949707 0.302979 0.076172
vn -0.104004 -0.947021 -0.303223
vn -0.818848 -0.489258 -0.299316
vn -0.817627 -0.571533 -0.065674
vn -0.104004 -0.947021 -0.303223
vn -0.116211 -0.773193 -0.623291
vn -0.818848 -0.489258 -0.299316
vn -0.817627 -0.571533 -0.065674
vn -0.922119 0.308594 0.232178
vn -0.949707 0.302979 0.076172
vn -0.817627 -0.571533 -0.065674
vn -0.818848 -0.489258 -0.299316
vn -0.922119 0.308594 0.232178
vn -0.116211 -0.773193 -0.623291
vn -0.817383 -0.392090 -0.421631
vn -0.818848 -0.489258 -0.299316
vn -0.116211 -0.773193 -0.623291
vn -0.100586 -0.496826 -0.861816
vn -0.817383 -0.392090 -0.421631
vn -0.818848 -0.489258 -0.299316
vn -0.901611 0.188721 0.388672
vn -0.922119 0.308594 0.232178
vn -0.818848 -0.489258 -0.299316
vn -0.817383 -0.392090 -0.421631
vn -0.901611 0.188721 0.388672
vn -0.100586 -0.496826 -0.861816
vn -0.832031 -0.177246 -0.525391
vn -0.817383 -0.392090 -0.421631
vn -0.100586 -0.496826 -0.861816
vn -0.122070 -0.002197 -0.992432
vn -0.832031 -0.177246 -0.525391
vn -0.817383 -0.392090 -0.421631
vn -0.918457 0.022217 0.394287
vn -0.901611 0.188721 0.388672
vn -0.817383 -0.392090 -0.421631
vn -0.832031 -0.177246 -0.525391
vn -0.918457 0.022217 0.394287
vn -0.122070 -0.002197 -0.992432
vn -0.854492 0.225098 -0.468018
vn -0.832031 -0.177246 -0.525391
vn -0.122070 -0.002197 -0.992432
vn -0.157959 0.532959 -0.831055
vn -0.854492 0.225098 -0.468018
vn -0.832031 -0.177246 -0.525391
vn -0.911621 -0.087158 0.401367
vn -0.918457 0.022217 0.394287
vn -0.832031 -0.177246 -0.525391
vn -0.854492 0.225098 -0.468018
vn -0.911621 -0.087158 0.401367
vn -0.157959 0.532959 -0.831055
vn -0.844971 0.386475 -0.369141
vn -0.854492 0.225098 -0.468018
vn -0.157959 0.532959 -0.831055
vn -0.141357 0.882813 -0.447510
vn -0.844971 0.386475 -0.369141
vn -0.854492 0.225098 -0.468018
vn -0.890625 -0.242432 0.384277
vn -0.911621 -0.087158 0.401367
vn -0.854492 0.225098 -0.468018
vn -0.844971 0.386475 -0.369141
vn -0.890625 -0.242432 0.384277
vn -0.141357 0.882813 -0.447510
vn -0.825684 0.563477 0.018799
vn -0.844971 0.386475 -0.369141
vn -0.141357 0.882813 -0.447510
vn -0.135986 0.984863 0.105225
vn -0.825684 0.563477 0.018799
vn -0.844971 0.386475 -0.369141
vn -0.952637 -0.245117 0.179688
vn -0.890625 -0.242432 0.384277
vn -0.844971 0.386475 -0.369141
vn -0.825684 0.563477 0.018799
vn -0.952637 -0.245117 0.179688
vn -0.135986 0.984863 0.105225
vn -0.794922 0.572021 0.201904
vn -0.825684 0.563477 0.018799
vn -0.135986 0.984863 0.105225
vn -0.094238 0.882813 0.459961
vn -0.794922 0.572021 0.201904
vn -0.825684 0.563477 0.018799
vn -0.990723 -0.134277 0.010254
vn -0.952637 -0.245117 0.179688
vn -0.825684 0.563477 0.018799
vn -0.794922 0.572021 0.201904
vn -0.990723 -0.134277 0.010254
vn -0.992676 -0.078613 -0.089844
vn -0.985840 -0.132813 0.100830
vn -0.990723 -0.134277 0.010254
vn -0.990723 -0.134277 0.010254
vn -0.991455 -0.088623 -0.093994
vn -0.992676 -0.078613 -0.089844
vn -0.774170 0.502686 -0.384277
vn -0.987793 0.028564 -0.152832
vn -0.980469 0.028809 -0.193604
vn -0.621582 0.606934 -0.494873
vn -0.594482 0.401367 -0.696533
vn -0.977295 0.034912 -0.208252
vn -0.977295 0.034912 -0.208252
vn -0.977783 0.166016 -0.126221
vn -0.621582 0.606934 -0.494873
vn -0.572510 0.807129 -0.142822
vn -0.621582 0.606934 -0.494873
vn -0.977783 0.166016 -0.126221
vn -0.977783 0.166016 -0.126221
vn -0.957031 0.287109 -0.037354
vn -0.572510 0.807129 -0.142822
vn -0.545166 0.819580 0.176025
vn -0.572510 0.807129 -0.142822
vn -0.957031 0.287109 -0.037354
vn -0.957031 0.287109 -0.037354
vn -0.949707 0.302979 0.076172
vn -0.545166 0.819580 0.176025
vn -0.546631 0.661865 0.512451
vn -0.545166 0.819580 0.176025
vn -0.949707 0.302979 0.076172
vn -0.949707 0.302979 0.076172
vn -0.922119 0.308594 0.232178
vn -0.546631 0.661865 0.512451
vn -0.429688 0.438232 0.789307
vn -0.546631 0.661865 0.512451
vn -0.922119 0.308594 0.232178
vn -0.922119 0.308594 0.232178
vn -0.901611 0.188721 0.388672
vn -0.429688 0.438232 0.789307
vn -0.455322 0.179199 0.871826
vn -0.429688 0.438232 0.789307
vn -0.901611 0.188721 0.388672
vn -0.901611 0.188721 0.388672
vn -0.918457 0.022217 0.394287
vn -0.455322 0.179199 0.871826
vn -0.507813 -0.123535 0.852295
vn -0.455322 0.179199 0.871826
vn -0.918457 0.022217 0.394287
vn -0.918457 0.022217 0.394287
vn -0.911621 -0.087158 0.401367
vn -0.507813 -0.123535 0.852295
vn -0.646240 -0.190430 0.738525
vn -0.507813 -0.123535 0.852295
vn -0.911621 -0.087158 0.401367
vn -0.911621 -0.087158 0.401367
vn -0.890625 -0.242432 0.384277
vn -0.646240 -0.190430 0.738525
vn -0.890381 -0.297363 0.343750
vn -0.646240 -0.190430 0.738525
vn -0.890625 -0.242432 0.384277
vn -0.890625 -0.242432 0.384277
vn -0.952637 -0.245117 0.179688
vn -0.890381 -0.297363 0.343750
vn -0.985840 -0.132813 0.100830
vn -0.890381 -0.297363 0.343750
vn -0.952637 -0.245117 0.179688
vn -0.952637 -0.245117 0.179688
vn -0.990723 -0.134277 0.010254
vn -0.985840 -0.132813 0.100830
vn -0.987793 0.028564 -0.152832
vn -0.992676 -0.078613 -0.089844
vn -0.991455 -0.088623 -0.093994
vn -0.991455 -0.088623 -0.093994
vn -0.980469 0.028809 -0.193604
vn -0.987793 0.028564 -0.152832
vn 0.057617 0.550537 -0.832520
vn 0.004395 0.999756 -0.018799
vn -0.774170 0.502686 -0.384277
vn -0.980469 0.028809 -0.193604
vn -0.594482 0.401367 -0.696533
vn -0.774170 0.502686 -0.384277
vn -0.980469 0.028809 -0.193604
vn -0.977295 0.034912 -0.208252
vn -0.594482 0.401367 -0.696533
vn -0.774170 0.502686 -0.384277
vn -0.594482 0.401367 -0.696533
vn 0.057617 0.550537 -0.832520
vn 0.000000 0.686768 -0.726807
vn 0.057617 0.550537 -0.832520
vn -0.594482 0.401367 -0.696533
vn -0.594482 0.401367 -0.696533
vn -0.621582 0.606934 -0.494873
vn 0.000000 0.686768 -0.726807
vn 0.000000 0.942627 -0.333008
vn 0.000000 0.686768 -0.726807
vn -0.621582 0.606934 -0.494873
vn -0.621582 0.606934 -0.494873
vn -0.572510 0.807129 -0.142822
vn 0.000000 0.942627 -0.333008
vn 0.000000 0.993164 0.115234
vn 0.000000 0.942627 -0.333008
vn -0.572510 0.807129 -0.142822
vn -0.572510 0.807129 -0.142822
vn -0.545166 0.819580 0.176025
vn 0.000000 0.993164 0.115234
vn 0.000000 0.870117 0.492432
vn 0.000000 0.993164 0.115234
vn -0.545166 0.819580 0.176025
vn -0.545166 0.819580 0.176025
vn -0.546631 0.661865 0.512451
vn 0.000000 0.870117 0.492432
vn 0.000000 0.553955 0.832275
vn 0.000000 0.870117 0.492432
vn -0.546631 0.661865 0.512451
vn -0.546631 0.661865 0.512451
vn -0.429688 0.438232 0.789307
vn 0.000000 0.553955 0.832275
vn 0.000000 0.266113 0.963867
vn 0.000000 0.553955 0.832275
vn -0.429688 0.438232 0.789307
vn -0.429688 0.438232 0.789307
vn -0.455322 0.179199 0.871826
vn 0.000000 0.266113 0.963867
vn 0.006836 0.021484 0.999512
vn 0.000000 0.266113 0.963867
vn -0.455322 0.179199 0.871826
vn -0.455322 0.179199 0.871826
vn -0.507813 -0.123535 0.852295
vn 0.006836 0.021484 0.999512
vn 0.024170 -0.279297 0.959717
vn 0.006836 0.021484 0.999512
vn -0.507813 -0.123535 0.852295
vn -0.507813 -0.123535 0.852295
vn -0.646240 -0.190430 0.738525
vn 0.024170 -0.279297 0.959717
vn -0.050781 0.955811 0.289307
vn 0.024658 0.947998 0.316895
vn -0.591309 0.798828 -0.108643
vn -0.591309 0.798828 -0.108643
vn -0.747070 0.664307 0.015381
vn -0.050781 0.955811 0.289307
vn 0.004395 0.999756 -0.018799
vn -0.050781 0.955811 0.289307
vn -0.747070 0.664307 0.015381
vn -0.747070 0.664307 0.015381
vn -0.774170 0.502686 -0.384277
vn 0.004395 0.999756 -0.018799
vn 0.024658 0.947998 0.316895
vn 0.004639 0.939209 0.343018
vn -0.222900 0.942383 -0.249268
vn -0.222900 0.942383 -0.249268
vn -0.591309 0.798828 -0.108643
vn 0.024658 0.947998 0.316895
vn 0.004639 0.939209 0.343018
vn -0.000732 0.942871 0.332764
vn -0.002441 0.996338 -0.083984
vn -0.002441 0.996338 -0.083984
vn -0.222900 0.942383 -0.249268
vn 0.004639 0.939209 0.343018
vn 0.024658 0.947998 0.316895
vn -0.050781 0.955811 0.289307
vn 0.004395 0.999756 -0.018799
vn -0.970703 -0.044678 -0.235107
vn -0.809570 -0.255859 -0.527832
vn -0.864990 -0.142822 -0.480469
vn -0.864990 -0.142822 -0.480469
vn -0.979980 -0.035645 -0.195313
vn -0.970703 -0.044678 -0.235107
vn -0.809570 -0.255859 -0.527832
vn -0.504639 -0.220215 -0.834473
vn -0.533203 -0.267578 -0.802246
vn -0.533203 -0.267578 -0.802246
vn -0.864990 -0.142822 -0.480469
vn -0.809570 -0.255859 -0.527832
vn -0.504639 -0.220215 -0.834473
vn -0.001709 0.074951 -0.997070
vn -0.001953 -0.270752 -0.962402
vn -0.001953 -0.270752 -0.962402
vn -0.533203 -0.267578 -0.802246
vn -0.504639 -0.220215 -0.834473
vn -0.987793 0.028564 -0.152832
vn -0.979980 -0.035645 -0.195313
vn -0.992676 -0.078613 -0.089844
vn -0.970703 -0.044678 -0.235107
vn -0.979980 -0.035645 -0.195313
vn -0.987793 0.028564 -0.152832
vn -0.747070 0.664307 0.015381
vn -0.591309 0.798828 -0.108643
vn -0.809570 -0.255859 -0.527832
vn -0.809570 -0.255859 -0.527832
vn -0.970703 -0.044678 -0.235107
vn -0.747070 0.664307 0.015381
vn -0.591309 0.798828 -0.108643
vn -0.222900 0.942383 -0.249268
vn -0.504639 -0.220215 -0.834473
vn -0.504639 -0.220215 -0.834473
vn -0.809570 -0.255859 -0.527832
vn -0.591309 0.798828 -0.108643
vn -0.222900 0.942383 -0.249268
vn -0.002441 0.996338 -0.083984
vn -0.001709 0.074951 -0.997070
vn -0.001709 0.074951 -0.997070
vn -0.504639 -0.220215 -0.834473
vn -0.222900 0.942383 -0.249268
vn -0.774170 0.502686 -0.384277
vn -0.747070 0.664307 0.015381
vn -0.970703 -0.044678 -0.235107
vn -0.987793 0.028564 -0.152832
vn -0.774170 0.502686 -0.384277
vn -0.970703 -0.044678 -0.235107
vn 0.978027 0.191650 0.079102
vn 0.978027 0.191650 0.079102
vn 0.978027 0.191650 0.079102
vn 0.990234 0.043945 0.131836
vn 0.990234 0.043945 0.131836
vn 0.990234 0.043945 0.131836
vn 0.989990 0.022949 0.137939
vn 0.989990 0.022949 0.137939
vn 0.989990 0.022949 0.137939
vn 0.992188 -0.030029 0.120117
vn 0.992188 -0.030029 0.120117
vn 0.992188 -0.030029 0.120117
vn 0.966064 0.257813 0.005859
vn 0.966064 0.257813 0.005859
vn 0.966064 0.257813 0.005859
vn 0.978516 0.183350 0.091553
vn 0.978516 0.183350 0.091553
vn 0.978516 0.183350 0.091553
vn 0.989014 0.104004 0.104004
vn 0.989014 0.104004 0.104004
vn 0.989014 0.104004 0.104004
vn 0.989014 0.065918 0.131836
vn 0.989014 0.065918 0.131836
vn 0.989014 0.065918 0.131836
vn 0.991455 -0.058105 0.116455
vn 0.991455 -0.058105 0.116455
vn 0.991455 -0.058105 0.116455
vn 0.966064 0.257568 0.000000
vn 0.966064 0.257568 0.000000
vn 0.966064 0.257568 0.000000
vn 0.966064 0.257568 0.000000
vn 0.966064 0.257568 0.000000
vn 0.966064 0.257568 0.000000
vn 0.972900 0.201172 -0.111816
vn 0.972900 0.201172 -0.111816
vn 0.972900 0.201172 -0.111816
vn 0.973389 0.204834 -0.102295
vn 0.973389 0.204834 -0.102295
vn 0.973389 0.204834 -0.102295
vn 0.979492 0.114258 -0.165283
vn 0.979492 0.114258 -0.165283
vn 0.979492 0.114258 -0.165283
vn 0.975342 0.069580 -0.208984
vn 0.975342 0.069580 -0.208984
vn 0.975342 0.069580 -0.208984
vn 0.949951 0.292236 -0.109375
vn 0.949951 0.292236 -0.109375
vn 0.949951 0.292236 -0.109375
vn 0.982910 -0.057617 -0.173340
vn 0.982910 -0.057617 -0.173340
vn 0.982910 -0.057617 -0.173340
vn 0.986816 -0.113770 -0.113770
vn 0.986816 -0.113770 -0.113770
vn 0.986816 -0.113770 -0.113770
vn 0.614502 -0.779785 -0.118164
vn 0.614502 -0.779785 -0.118164
vn 0.614502 -0.779785 -0.118164
vn 0.992188 -0.054932 0.110107
vn 0.992188 -0.054932 0.110107
vn 0.992188 -0.054932 0.110107
vn 0.759033 -0.650635 0.000000
vn 0.759033 -0.650635 0.000000
vn 0.759033 -0.650635 0.000000
vn 0.607422 -0.786621 -0.109375
vn 0.607422 -0.786621 -0.109375
vn 0.607422 -0.786621 -0.109375
vn -0.554688 -0.832031 0.000000
vn -0.554688 -0.832031 0.000000
vn -0.554688 -0.832031 0.000000
vn 0.490723 0.174805 -0.853516
vn -0.001953 -0.270752 -0.962402
vn 0.509521 -0.277100 -0.814209
vn 0.490723 0.174805 -0.853516
vn -0.002197 0.255859 -0.966553
vn -0.001953 -0.270752 -0.962402
vn 0.369629 -0.436523 -0.820068
vn -0.007813 0.034668 -0.999268
vn 0.487793 0.005127 -0.872803
vn 0.369629 -0.436523 -0.820068
vn -0.004639 -0.471924 -0.881348
vn -0.007813 0.034668 -0.999268
vn 0.487793 0.005127 -0.872803
vn -0.002197 0.255859 -0.966553
vn 0.490723 0.174805 -0.853516
vn 0.487793 0.005127 -0.872803
vn -0.007813 0.034668 -0.999268
vn -0.002197 0.255859 -0.966553
vn -0.004150 -0.946289 -0.322998
vn 0.090576 -0.971436 -0.218750
vn 0.000488 -0.987793 -0.154541
vn -0.004150 -0.946289 -0.322998
vn 0.078125 -0.980957 -0.176758
vn 0.090576 -0.971436 -0.218750
vn -0.004150 -0.946289 -0.322998
vn 0.072021 -0.982422 -0.170654
vn 0.078125 -0.980957 -0.176758
vn -0.004150 -0.946289 -0.322998
vn 0.167725 -0.935547 -0.310303
vn 0.072021 -0.982422 -0.170654
vn -0.004150 -0.946289 -0.322998
vn 0.196045 -0.906738 -0.372803
vn 0.167725 -0.935547 -0.310303
vn -0.004150 -0.946289 -0.322998
vn 0.222168 -0.917480 -0.329346
vn 0.196045 -0.906738 -0.372803
vn -0.004150 -0.946289 -0.322998
vn 0.201172 -0.911621 -0.358398
vn 0.222168 -0.917480 -0.329346
vn -0.004150 -0.946289 -0.322998
vn 0.125977 -0.911621 -0.390625
vn 0.201172 -0.911621 -0.358398
vn -0.004150 -0.946289 -0.322998
vn 0.033447 -0.905762 -0.422119
vn 0.125977 -0.911621 -0.390625
vn -0.004150 -0.946289 -0.322998
vn 0.000000 -0.914307 -0.404541
vn 0.033447 -0.905762 -0.422119
vn 0.000488 -0.987793 -0.154541
vn 0.099121 -0.994385 0.032959
vn -0.000244 -0.997070 0.075928
vn 0.000488 -0.987793 -0.154541
vn 0.090576 -0.971436 -0.218750
vn 0.099121 -0.994385 0.032959
vn 0.090576 -0.971436 -0.218750
vn 0.240723 -0.969727 -0.035156
vn 0.099121 -0.994385 0.032959
vn 0.090576 -0.971436 -0.218750
vn 0.078125 -0.980957 -0.176758
vn 0.240723 -0.969727 -0.035156
vn 0.078125 -0.980957 -0.176758
vn 0.311279 -0.947754 -0.067383
vn 0.240723 -0.969727 -0.035156
vn 0.078125 -0.980957 -0.176758
vn 0.072021 -0.982422 -0.170654
vn 0.311279 -0.947754 -0.067383
vn 0.072021 -0.982422 -0.170654
vn 0.448242 -0.883789 -0.132324
vn 0.311279 -0.947754 -0.067383
vn 0.072021 -0.982422 -0.170654
vn 0.167725 -0.935547 -0.310303
vn 0.448242 -0.883789 -0.132324
vn 0.167725 -0.935547 -0.310303
vn 0.471680 -0.832764 -0.289307
vn 0.448242 -0.883789 -0.132324
vn 0.167725 -0.935547 -0.310303
vn 0.196045 -0.906738 -0.372803
vn 0.471680 -0.832764 -0.289307
vn 0.196045 -0.906738 -0.372803
vn 0.464844 -0.815674 -0.343506
vn 0.471680 -0.832764 -0.289307
vn 0.196045 -0.906738 -0.372803
vn 0.222168 -0.917480 -0.329346
vn 0.464844 -0.815674 -0.343506
vn 0.222168 -0.917480 -0.329346
vn 0.431152 -0.813721 -0.389160
vn 0.464844 -0.815674 -0.343506
vn 0.222168 -0.917480 -0.329346
vn 0.201172 -0.911621 -0.358398
vn 0.431152 -0.813721 -0.389160
vn 0.201172 -0.911621 -0.358398
vn 0.350830 -0.804199 -0.479248
vn 0.431152 -0.813721 -0.389160
vn 0.201172 -0.911621 -0.358398
vn 0.125977 -0.911621 -0.390625
vn 0.350830 -0.804199 -0.479248
vn 0.125977 -0.911621 -0.390625
vn 0.178955 -0.784180 -0.593750
vn 0.350830 -0.804199 -0.479248
vn 0.125977 -0.911621 -0.390625
vn 0.033447 -0.905762 -0.422119
vn 0.178955 -0.784180 -0.593750
vn 0.033447 -0.905762 -0.422119
vn 0.000000 -0.810547 -0.585449
vn 0.178955 -0.784180 -0.593750
vn 0.033447 -0.905762 -0.422119
vn 0.000000 -0.914307 -0.404541
vn 0.000000 -0.810547 -0.585449
vn -0.000244 -0.997070 0.075928
vn 0.233887 -0.879639 0.413818
vn 0.000000 -0.852539 0.522217
vn -0.000244 -0.997070 0.075928
vn 0.099121 -0.994385 0.032959
vn 0.233887 -0.879639 0.413818
vn 0.099121 -0.994385 0.032959
vn 0.424316 -0.843262 0.329590
vn 0.233887 -0.879639 0.413818
vn 0.099121 -0.994385 0.032959
vn 0.240723 -0.969727 -0.035156
vn 0.424316 -0.843262 0.329590
vn 0.240723 -0.969727 -0.035156
vn 0.614502 -0.776123 0.140625
vn 0.424316 -0.843262 0.329590
vn 0.240723 -0.969727 -0.035156
vn 0.311279 -0.947754 -0.067383
vn 0.614502 -0.776123 0.140625
vn 0.311279 -0.947754 -0.067383
vn 0.742920 -0.669189 -0.007080
vn 0.614502 -0.776123 0.140625
vn 0.311279 -0.947754 -0.067383
vn 0.448242 -0.883789 -0.132324
vn 0.742920 -0.669189 -0.007080
vn 0.448242 -0.883789 -0.132324
vn 0.823242 -0.560059 -0.089844
vn 0.742920 -0.669189 -0.007080
vn 0.448242 -0.883789 -0.132324
vn 0.471680 -0.832764 -0.289307
vn 0.823242 -0.560059 -0.089844
vn 0.471680 -0.832764 -0.289307
vn 0.805176 -0.532959 -0.259033
vn 0.823242 -0.560059 -0.089844
vn 0.471680 -0.832764 -0.289307
vn 0.464844 -0.815674 -0.343506
vn 0.805176 -0.532959 -0.259033
vn 0.464844 -0.815674 -0.343506
vn 0.744385 -0.547119 -0.382080
vn 0.805176 -0.532959 -0.259033
vn 0.464844 -0.815674 -0.343506
vn 0.431152 -0.813721 -0.389160
vn 0.744385 -0.547119 -0.382080
vn 0.431152 -0.813721 -0.389160
vn 0.618896 -0.509521 -0.597412
vn 0.744385 -0.547119 -0.382080
vn 0.431152 -0.813721 -0.389160
vn 0.350830 -0.804199 -0.479248
vn 0.618896 -0.509521 -0.597412
vn 0.350830 -0.804199 -0.479248
vn 0.369629 -0.436523 -0.820068
vn 0.618896 -0.509521 -0.597412
vn 0.350830 -0.804199 -0.479248
vn 0.178955 -0.784180 -0.593750
vn 0.369629 -0.436523 -0.820068
vn 0.178955 -0.784180 -0.593750
vn -0.004639 -0.471924 -0.881348
vn 0.369629 -0.436523 -0.820068
vn 0.178955 -0.784180 -0.593750
vn 0.000000 -0.810547 -0.585449
vn -0.004639 -0.471924 -0.881348
vn 0.000000 -0.852539 0.522217
vn 0.305664 -0.589600 0.747314
vn -0.002930 -0.535400 0.844482
vn 0.000000 -0.852539 0.522217
vn 0.233887 -0.879639 0.413818
vn 0.305664 -0.589600 0.747314
vn 0.233887 -0.879639 0.413818
vn 0.559814 -0.564453 0.606201
vn 0.305664 -0.589600 0.747314
vn 0.233887 -0.879639 0.413818
vn 0.424316 -0.843262 0.329590
vn 0.559814 -0.564453 0.606201
vn 0.424316 -0.843262 0.329590
vn 0.773438 -0.500488 0.388428
vn 0.559814 -0.564453 0.606201
vn 0.424316 -0.843262 0.329590
vn 0.614502 -0.776123 0.140625
vn 0.773438 -0.500488 0.388428
vn 0.614502 -0.776123 0.140625
vn 0.897705 -0.421387 0.126465
vn 0.773438 -0.500488 0.388428
vn 0.614502 -0.776123 0.140625
vn 0.742920 -0.669189 -0.007080
vn 0.897705 -0.421387 0.126465
vn 0.742920 -0.669189 -0.007080
vn 0.944824 -0.325684 -0.026855
vn 0.897705 -0.421387 0.126465
vn 0.742920 -0.669189 -0.007080
vn 0.823242 -0.560059 -0.089844
vn 0.944824 -0.325684 -0.026855
vn 0.823242 -0.560059 -0.089844
vn 0.960693 -0.244141 -0.130127
vn 0.944824 -0.325684 -0.026855
vn 0.823242 -0.560059 -0.089844
vn 0.805176 -0.532959 -0.259033
vn 0.960693 -0.244141 -0.130127
vn 0.805176 -0.532959 -0.259033
vn 0.927490 -0.216064 -0.304443
vn 0.960693 -0.244141 -0.130127
vn 0.805176 -0.532959 -0.259033
vn 0.744385 -0.547119 -0.382080
vn 0.927490 -0.216064 -0.304443
vn 0.744385 -0.547119 -0.382080
vn 0.803711 -0.135986 -0.579102
vn 0.927490 -0.216064 -0.304443
vn 0.744385 -0.547119 -0.382080
vn 0.618896 -0.509521 -0.597412
vn 0.803711 -0.135986 -0.579102
vn 0.618896 -0.509521 -0.597412
vn 0.487793 0.005127 -0.872803
vn 0.803711 -0.135986 -0.579102
vn 0.618896 -0.509521 -0.597412
vn 0.369629 -0.436523 -0.820068
vn 0.487793 0.005127 -0.872803
vn -0.002930 -0.535400 0.844482
vn 0.321533 -0.406982 0.854736
vn -0.009033 -0.427490 0.903809
vn -0.002930 -0.535400 0.844482
vn 0.305664 -0.589600 0.747314
vn 0.321533 -0.406982 0.854736
vn 0.305664 -0.589600 0.747314
vn 0.574707 -0.380859 0.724121
vn 0.321533 -0.406982 0.854736
vn 0.305664 -0.589600 0.747314
vn 0.559814 -0.564453 0.606201
vn 0.574707 -0.380859 0.724121
vn 0.559814 -0.564453 0.606201
vn 0.819092 -0.313721 0.479736
vn 0.574707 -0.380859 0.724121
vn 0.559814 -0.564453 0.606201
vn 0.773438 -0.500488 0.388428
vn 0.819092 -0.313721 0.479736
vn 0.773438 -0.500488 0.388428
vn 0.945313 -0.217285 0.242920
vn 0.819092 -0.313721 0.479736
vn 0.773438 -0.500488 0.388428
vn 0.897705 -0.421387 0.126465
vn 0.945313 -0.217285 0.242920
vn 0.897705 -0.421387 0.126465
vn 0.987061 -0.152832 0.047119
vn 0.945313 -0.217285 0.242920
vn 0.897705 -0.421387 0.126465
vn 0.944824 -0.325684 -0.026855
vn 0.987061 -0.152832 0.047119
vn 0.944824 -0.325684 -0.026855
vn 0.989014 -0.109619 -0.097168
vn 0.987061 -0.152832 0.047119
vn 0.944824 -0.325684 -0.026855
vn 0.960693 -0.244141 -0.130127
vn 0.989014 -0.109619 -0.097168
vn 0.960693 -0.244141 -0.130127
vn 0.970215 -0.053223 -0.236084
vn 0.989014 -0.109619 -0.097168
vn 0.960693 -0.244141 -0.130127
vn 0.927490 -0.216064 -0.304443
vn 0.970215 -0.053223 -0.236084
vn 0.927490 -0.216064 -0.304443
vn 0.838867 0.034424 -0.542969
vn 0.970215 -0.053223 -0.236084
vn 0.927490 -0.216064 -0.304443
vn 0.803711 -0.135986 -0.579102
vn 0.838867 0.034424 -0.542969
vn 0.803711 -0.135986 -0.579102
vn 0.490723 0.174805 -0.853516
vn 0.838867 0.034424 -0.542969
vn 0.803711 -0.135986 -0.579102
vn 0.487793 0.005127 -0.872803
vn 0.490723 0.174805 -0.853516
vn -0.009033 -0.427490 0.903809
vn 0.265625 0.028076 0.963379
vn -0.010254 0.104980 0.994385
vn -0.009033 -0.427490 0.903809
vn 0.321533 -0.406982 0.854736
vn 0.265625 0.028076 0.963379
vn 0.321533 -0.406982 0.854736
vn 0.455811 0.059082 0.887939
vn 0.265625 0.028076 0.963379
vn 0.321533 -0.406982 0.854736
vn 0.574707 -0.380859 0.724121
vn 0.455811 0.059082 0.887939
vn 0.574707 -0.380859 0.724121
vn 0.662109 -0.133301 0.737305
vn 0.455811 0.059082 0.887939
vn 0.574707 -0.380859 0.724121
vn 0.819092 -0.313721 0.479736
vn 0.662109 -0.133301 0.737305
vn 0.819092 -0.313721 0.479736
vn 0.903320 -0.284668 0.320557
vn 0.662109 -0.133301 0.737305
vn 0.819092 -0.313721 0.479736
vn 0.945313 -0.217285 0.242920
vn 0.903320 -0.284668 0.320557
vn 0.945313 -0.217285 0.242920
vn 0.980713 -0.170898 0.092529
vn 0.903320 -0.284668 0.320557
vn 0.945313 -0.217285 0.242920
vn 0.987061 -0.152832 0.047119
vn 0.980713 -0.170898 0.092529
vn 0.987061 -0.152832 0.047119
vn 0.998535 -0.013916 -0.049316
vn 0.980713 -0.170898 0.092529
vn 0.987061 -0.152832 0.047119
vn 0.989014 -0.109619 -0.097168
vn 0.998535 -0.013916 -0.049316
vn 0.989014 -0.109619 -0.097168
vn 0.985596 0.006592 -0.168457
vn 0.998535 -0.013916 -0.049316
vn 0.989014 -0.109619 -0.097168
vn 0.970215 -0.053223 -0.236084
vn 0.985596 0.006592 -0.168457
vn 0.970215 -0.053223 -0.236084
vn 0.864990 -0.142822 -0.480469
vn 0.985596 0.006592 -0.168457
vn 0.970215 -0.053223 -0.236084
vn 0.838867 0.034424 -0.542969
vn 0.864990 -0.142822 -0.480469
vn 0.838867 0.034424 -0.542969
vn 0.509521 -0.277100 -0.814209
vn 0.864990 -0.142822 -0.480469
vn 0.838867 0.034424 -0.542969
vn 0.490723 0.174805 -0.853516
vn 0.509521 -0.277100 -0.814209
vn -0.005371 0.489258 0.871826
vn 0.265625 0.028076 0.963379
vn 0.221924 0.408936 0.885010
vn 0.265625 0.028076 0.963379
vn -0.005371 0.489258 0.871826
vn -0.010254 0.104980 0.994385
vn 0.221924 0.408936 0.885010
vn 0.455811 0.059082 0.887939
vn 0.323730 0.355957 0.876465
vn 0.455811 0.059082 0.887939
vn 0.221924 0.408936 0.885010
vn 0.265625 0.028076 0.963379
vn 0.323730 0.355957 0.876465
vn 0.662109 -0.133301 0.737305
vn 0.293213 0.073242 0.953125
vn 0.662109 -0.133301 0.737305
vn 0.323730 0.355957 0.876465
vn 0.455811 0.059082 0.887939
vn 0.998535 -0.013916 -0.049316
vn 0.986328 -0.162598 0.019043
vn 0.980713 -0.170898 0.092529
vn 0.986328 -0.162598 0.019043
vn 0.998535 -0.013916 -0.049316
vn 0.986328 -0.093506 -0.134521
vn 0.972900 0.217041 -0.077637
vn 0.898926 -0.319092 -0.299561
vn 0.983887 -0.069336 -0.164551
vn 0.903320 -0.284668 0.320557
vn 0.789063 -0.425293 0.442871
vn 0.662109 -0.133301 0.737305
vn 0.789063 -0.425293 0.442871
vn 0.903320 -0.284668 0.320557
vn 0.931396 -0.323730 0.164795
vn 0.980713 -0.170898 0.092529
vn 0.931396 -0.323730 0.164795
vn 0.903320 -0.284668 0.320557
vn 0.931396 -0.323730 0.164795
vn 0.980713 -0.170898 0.092529
vn 0.986328 -0.162598 0.019043
vn 0.983887 -0.069336 -0.164551
vn 0.986328 -0.093506 -0.134521
vn 0.998535 -0.013916 -0.049316
vn 0.986328 -0.093506 -0.134521
vn 0.983887 -0.069336 -0.164551
vn 0.898926 -0.319092 -0.299561
vn 0.050781 0.955811 0.289307
vn 0.618652 0.768555 -0.162109
vn -0.024658 0.947998 0.316895
vn 0.618652 0.768555 -0.162109
vn 0.050781 0.955811 0.289307
vn 0.747070 0.664307 0.015381
vn 0.052490 0.962158 0.267090
vn 0.747070 0.664307 0.015381
vn 0.050781 0.955811 0.289307
vn 0.747070 0.664307 0.015381
vn 0.052490 0.962158 0.267090
vn 0.972900 0.217041 -0.077637
vn -0.024658 0.947998 0.316895
vn 0.245361 0.919434 -0.307129
vn -0.005127 0.939209 0.343018
vn 0.245361 0.919434 -0.307129
vn -0.024658 0.947998 0.316895
vn 0.618652 0.768555 -0.162109
vn -0.005127 0.939209 0.343018
vn -0.002441 0.996338 -0.083984
vn -0.000732 0.942871 0.332764
vn -0.002441 0.996338 -0.083984
vn -0.005127 0.939209 0.343018
vn 0.245361 0.919434 -0.307129
vn -0.024658 0.947998 0.316895
vn 0.052490 0.962158 0.267090
vn 0.050781 0.955811 0.289307
vn 0.972168 -0.073486 -0.221191
vn 0.864990 -0.142822 -0.480469
vn 0.799072 -0.256348 -0.543701
vn 0.864990 -0.142822 -0.480469
vn 0.972168 -0.073486 -0.221191
vn 0.985596 0.006592 -0.168457
vn 0.799072 -0.256348 -0.543701
vn 0.509521 -0.277100 -0.814209
vn 0.469238 -0.274170 -0.839355
vn 0.509521 -0.277100 -0.814209
vn 0.799072 -0.256348 -0.543701
vn 0.864990 -0.142822 -0.480469
vn 0.469238 -0.274170 -0.839355
vn -0.001953 -0.270752 -0.962402
vn -0.001709 0.074951 -0.997070
vn -0.001953 -0.270752 -0.962402
vn 0.469238 -0.274170 -0.839355
vn 0.509521 -0.277100 -0.814209
vn 0.983887 -0.069336 -0.164551
vn 0.998535 -0.013916 -0.049316
vn 0.985596 0.006592 -0.168457
vn 0.972168 -0.073486 -0.221191
vn 0.983887 -0.069336 -0.164551
vn 0.985596 0.006592 -0.168457
vn 0.747070 0.664307 0.015381
vn 0.799072 -0.256348 -0.543701
vn 0.618652 0.768555 -0.162109
vn 0.799072 -0.256348 -0.543701
vn 0.747070 0.664307 0.015381
vn 0.972168 -0.073486 -0.221191
vn 0.618652 0.768555 -0.162109
vn 0.469238 -0.274170 -0.839355
vn 0.245361 0.919434 -0.307129
vn 0.469238 -0.274170 -0.839355
vn 0.618652 0.768555 -0.162109
vn 0.799072 -0.256348 -0.543701
vn 0.245361 0.919434 -0.307129
vn -0.001709 0.074951 -0.997070
vn -0.002441 0.996338 -0.083984
vn -0.001709 0.074951 -0.997070
vn 0.245361 0.919434 -0.307129
vn 0.469238 -0.274170 -0.839355
vn 0.972900 0.217041 -0.077637
vn 0.972168 -0.073486 -0.221191
vn 0.747070 0.664307 0.015381
vn 0.983887 -0.069336 -0.164551
vn 0.972168 -0.073486 -0.221191
vn 0.972900 0.217041 -0.077637
usemtl Texture
f 1/1/1 2/2/2 3/3/3
f 4/4/4 5/5/5 6/6/6
f 7/7/7 8/8/8 9/9/9
f 10/10/10 11/11/11 12/12/12
f 13/13/13 14/14/14 15/15/15
f 16/16/16 17/17/17 18/18/18
f 19/19/19 20/20/20 21/21/21
f 22/22/22 23/23/23 24/24/24
f 25/25/25 26/26/26 27/27/27
f 28/28/28 29/29/29 30/30/30
f 31/31/31 32/32/32 33/33/33
f 34/34/34 35/35/35 36/36/36
f 37/37/37 38/38/38 39/39/39
f 40/40/40 41/41/41 42/42/42
f 43/43/43 44/44/44 45/45/45
f 46/46/46 47/47/47 48/48/48
f 49/49/49 50/50/50 51/51/51
f 52/52/52 53/53/53 54/54/54
f 55/55/55 56/56/56 57/57/57
f 58/58/58 59/59/59 60/60/60
f 61/61/61 62/62/62 63/63/63
f 64/64/64 65/65/65 66/66/66
f 67/67/67 68/68/68 69/69/69
f 70/70/70 71/71/71 72/72/72
f 73/73/73 74/74/74 75/75/75
f 76/76/76 77/77/77 78/78/78
f 79/79/79 80/80/80 81/81/81
f 82/82/82 83/83/83 84/84/84
f 85/85/85 86/86/86 87/87/87
f 88/88/88 89/89/89 90/90/90
f 91/91/91 92/92/92 93/93/93
f 94/94/94 95/95/95 96/96/96
f 97/97/97 98/98/98 99/99/99
f 100/100/100 101/101/101 102/102/102
f 103/103/103 104/104/104 105/105/105
f 106/106/106 107/107/107 108/108/108
f 109/109/109 110/110/110 111/111/111
f 112/112/112 113/113/113 114/114/114
f 115/115/115 116/116/116 117/117/117
f 118/118/118 119/119/119 120/120/120
f 121/121/121 122/122/122 123/123/123
f 124/124/124 125/125/125 126/126/126
f 127/127/127 128/128/128 129/129/129
f 130/130/130 131/131/131 132/132/132
f 133/133/133 134/134/134 135/135/135
f 136/136/136 137/137/137 138/138/138
f 139/139/139 140/140/140 141/141/141
f 142/142/142 143/143/143 144/144/144
f 145/145/145 146/146/146 147/147/147
f 148/148/148 149/149/149 150/150/150
f 151/151/151 152/152/152 153/153/153
f 154/154/154 155/155/155 156/156/156
f 157/157/157 158/158/158 159/159/159
f 160/160/160 161/161/161 162/162/162
f 163/163/163 164/164/164 165/165/165
f 166/166/166 167/167/167 168/168/168
f 169/169/169 170/170/170 171/171/171
f 172/172/172 173/173/173 174/174/174
f 175/175/175 176/176/176 177/177/177
f 178/178/178 179/179/179 180/180/180
f 181/181/181 182/182/182 183/183/183
f 184/184/184 185/185/185 186/186/186
f 187/187/187 188/188/188 189/189/189
f 190/190/190 191/191/191 192/192/192
f 193/193/193 194/194/194 195/195/195
f 196/196/196 197/197/197 198/198/198
f 199/199/199 200/200/200 201/201/201
f 202/202/202 203/203/203 204/204/204
f 205/205/205 206/206/206 207/207/207
f 208/208/208 209/209/209 210/210/210
f 211/211/211 212/212/212 213/213/213
f 214/214/214 215/215/215 216/216/216
f 217/217/217 218/218/218 219/219/219
f 220/220/220 221/221/221 222/222/222
f 223/223/223 224/224/224 225/225/225
f 226/226/226 227/227/227 228/228/228
f 229/229/229 230/230/230 231/231/231
f 232/232/232 233/233/233 234/234/234
f 235/235/235 236/236/236 237/237/237
f 238/238/238 239/239/239 240/240/240
f 241/241/241 242/242/242 243/243/243
f 244/244/244 245/245/245 246/246/246
f 247/247/247 248/248/248 249/249/249
f 250/250/250 251/251/251 252/252/252
f 253/253/253 254/254/254 255/255/255
f 256/256/256 257/257/257 258/258/258
f 259/259/259 260/260/260 261/261/261
f 262/262/262 263/263/263 264/264/264
f 265/265/265 266/266/266 267/267/267
f 268/268/268 269/269/269 270/270/270
f 271/271/271 272/272/272 273/273/273
f 274/274/274 275/275/275 276/276/276
f 277/277/277 278/278/278 279/279/279
f 280/280/280 281/281/281 282/282/282
f 283/283/283 284/284/284 285/285/285
f 286/286/286 287/287/287 288/288/288
f 289/289/289 290/290/290 291/291/291
f 292/292/292 293/293/293 294/294/294
f 295/295/295 296/296/296 297/297/297
f 298/298/298 299/299/299 300/300/300
f 301/301/301 302/302/302 303/303/303
f 304/304/304 305/305/305 306/306/306
f 307/307/307 308/308/308 309/309/309
f 310/310/310 311/311/311 312/312/312
f 313/313/313 314/314/314 315/315/315
f 316/316/316 317/317/317 318/318/318
f 319/319/319 320/320/320 321/321/321
f 322/322/322 323/323/323 324/324/324
f 325/325/325 326/326/326 327/327/327
f 328/328/328 329/329/329 330/330/330
f 331/331/331 332/332/332 333/333/333
f 334/334/334 335/335/335 336/336/336
f 337/337/337 338/338/338 339/339/339
f 340/340/340 341/341/341 342/342/342
f 343/343/343 344/344/344 345/345/345
f 346/346/346 347/347/347 348/348/348
f 349/349/349 350/350/350 351/351/351
f 352/352/352 353/353/353 354/354/354
f 355/355/355 356/356/356 357/357/357
f 358/358/358 359/359/359 360/360/360
f 361/361/361 362/362/362 363/363/363
f 364/364/364 365/365/365 366/366/366
f 367/367/367 368/368/368 369/369/369
f 370/370/370 371/371/371 372/372/372
f 373/373/373 374/374/374 375/375/375
f 376/376/376 377/377/377 378/378/378
f 379/379/379 380/380/380 381/381/381
f 382/382/382 383/383/383 384/384/384
f 385/385/385 386/386/386 387/387/387
f 388/388/388 389/389/389 390/390/390
f 391/391/391 392/392/392 393/393/393
f 394/394/394 395/395/395 396/396/396
f 397/397/397 398/398/398 399/399/399
f 400/400/400 401/401/401 402/402/402
f 403/403/403 404/404/404 405/405/405
f 406/406/406 407/407/407 408/408/408
f 409/409/409 410/410/410 411/411/411
f 412/412/412 413/413/413 414/414/414
f 415/415/415 416/416/416 417/417/417
f 418/418/418 419/419/419 420/420/420
f 421/421/421 422/422/422 423/423/423
f 424/424/424 425/425/425 426/426/426
f 427/427/427 428/428/428 429/429/429
f 430/430/430 431/431/431 432/432/432
f 433/433/433 434/434/434 435/435/435
f 436/436/436 437/437/437 438/438/438
f 439/439/439 440/440/440 441/441/441
f 442/442/442 443/443/443 444/444/444
f 445/445/445 446/446/446 447/447/447
f 448/448/448 449/449/449 450/450/450
f 451/451/451 452/452/452 453/453/453
f 454/454/454 455/455/455 456/456/456
f 457/457/457 458/458/458 459/459/459
f 460/460/460 461/461/461 462/462/462
f 463/463/463 464/464/464 465/465/465
f 466/466/466 467/467/467 468/468/468
f 469/469/469 470/470/470 471/471/471
f 472/472/472 473/473/473 474/474/474
f 475/475/475 476/476/476 477/477/477
f 478/478/478 479/479/479 480/480/480
f 481/481/481 482/482/482 483/483/483
f 484/484/484 485/485/485 486/486/486
f 487/487/487 488/488/488 489/489/489
f 490/490/490 491/491/491 492/492/492
f 493/493/493 494/494/494 495/495/495
f 496/496/496 497/497/497 498/498/498
f 499/499/499 500/500/500 501/501/501
f 502/502/502 503/503/503 504/504/504
f 505/505/505 506/506/506 507/507/507
f 508/508/508 509/509/509 510/510/510
f 511/511/511 512/512/512 513/513/513
f 514/514/514 515/515/515 516/516/516
f 517/517/517 518/518/518 519/519/519
f 520/520/520 521/521/521 522/522/522
f 523/523/523 524/524/524 525/525/525
f 526/526/526 527/527/527 528/528/528
f 529/529/529 530/530/530 531/531/531
f 532/532/532 533/533/533 534/534/534
f 535/535/535 536/536/536 537/537/537
f 538/538/538 539/539/539 540/540/540
f 541/541/541 542/542/542 543/543/543
f 544/544/544 545/545/545 546/546/546
f 547/547/547 548/548/548 549/549/549
f 550/550/550 551/551/551 552/552/552
f 553/553/553 554/554/554 555/555/555
f 556/556/556 557/557/557 558/558/558
f 559/559/559 560/560/560 561/561/561
f 562/562/562 563/563/563 564/564/564
f 565/565/565 566/566/566 567/567/567
f 568/568/568 569/569/569 570/570/570
f 571/571/571 572/572/572 573/573/573
f 574/574/574 575/575/575 576/576/576
f 577/577/577 578/578/578 579/579/579
f 580/580/580 581/581/581 582/582/582
f 583/583/583 584/584/584 585/585/585
f 586/586/586 587/587/587 588/588/588
f 589/589/589 590/590/590 591/591/591
f 592/592/592 593/593/593 594/594/594
f 595/595/595 596/596/596 597/597/597
f 598/598/598 599/599/599 600/600/600
f 601/601/601 602/602/602 603/603/603
f 604/604/604 605/605/605 606/606/606
f 607/607/607 608/608/608 609/609/609
f 610/610/610 611/611/611 612/612/612
f 613/613/613 614/614/614 615/615/615
f 616/616/616 617/617/617 618/618/618
f 619/619/619 620/620/620 621/621/621
f 622/622/622 623/623/623 624/624/624
f 625/625/625 626/626/626 627/627/627
f 628/628/628 629/629/629 630/630/630
f 631/631/631 632/632/632 633/633/633
f 634/634/634 635/635/635 636/636/636
f 637/637/637 638/638/638 639/639/639
f 640/640/640 641/641/641 642/642/642
f 643/643/643 644/644/644 645/645/645
f 646/646/646 647/647/647 648/648/648
f 649/649/649 650/650/650 651/651/651
f 652/652/652 653/653/653 654/654/654
f 655/655/655 656/656/656 657/657/657
f 658/658/658 659/659/659 660/660/660
f 661/661/661 662/662/662 663/663/663
f 664/664/664 665/665/665 666/666/666
f 667/667/667 668/668/668 669/669/669
f 670/670/670 671/671/671 672/672/672
f 673/673/673 674/674/674 675/675/675
f 676/676/676 677/677/677 678/678/678
f 679/679/679 680/680/680 681/681/681
f 682/682/682 683/683/683 684/684/684
f 685/685/685 686/686/686 687/687/687
f 688/688/688 689/689/689 690/690/690
f 691/691/691 692/692/692 693/693/693
f 694/694/694 695/695/695 696/696/696
f 697/697/697 698/698/698 699/699/699
f 700/700/700 701/701/701 702/702/702
f 703/703/703 704/704/704 705/705/705
f 706/706/706 707/707/707 708/708/708
f 709/709/709 710/710/710 711/711/711
f 712/712/712 713/713/713 714/714/714
f 715/715/715 716/716/716 717/717/717
f 718/718/718 719/719/719 720/720/720
f 721/721/721 722/722/722 723/723/723
f 724/724/724 725/725/725 726/726/726
f 727/727/727 728/728/728 729/729/729
f 730/730/730 731/731/731 732/732/732
f 733/733/733 734/734/734 735/735/735
f 736/736/736 737/737/737 738/738/738
f 739/739/739 740/740/740 741/741/741
f 742/742/742 743/743/743 744/744/744
f 745/745/745 746/746/746 747/747/747
f 748/748/748 749/749/749 750/750/750
f 751/751/751 752/752/752 753/753/753
f 754/754/754 755/755/755 756/756/756
f 757/757/757 758/758/758 759/759/759
f 760/760/760 761/761/761 762/762/762
f 763/763/763 764/764/764 765/765/765
f 766/766/766 767/767/767 768/768/768
f 769/769/769 770/770/770 771/771/771
f 772/772/772 773/773/773 774/774/774
f 775/775/775 776/776/776 777/777/777
f 778/778/778 779/779/779 780/780/780
f 781/781/781 782/782/782 783/783/783
f 784/784/784 785/785/785 786/786/786
f 787/787/787 788/788/788 789/789/789
f 790/790/790 791/791/791 792/792/792
f 793/793/793 794/794/794 795/795/795
f 796/796/796 797/797/797 798/798/798
f 799/799/799 800/800/800 801/801/801
f 802/802/802 803/803/803 804/804/804
f 805/805/805 806/806/806 807/807/807
f 808/808/808 809/809/809 810/810/810
f 811/811/811 812/812/812 813/813/813
f 814/814/814 815/815/815 816/816/816
f 817/817/817 818/818/818 819/819/819
f 820/820/820 821/821/821 822/822/822
f 823/823/823 824/824/824 825/825/825
f 826/826/826 827/827/827 828/828/828
f 829/829/829 830/830/830 831/831/831
f 832/832/832 833/833/833 834/834/834
f 835/835/835 836/836/836 837/837/837
f 838/838/838 839/839/839 840/840/840
f 841/841/841 842/842/842 843/843/843
f 844/844/844 845/845/845 846/846/846
f 847/847/847 848/848/848 849/849/849
f 850/850/850 851/851/851 852/852/852
f 853/853/853 854/854/854 855/855/855
f 856/856/856 857/857/857 858/858/858
f 859/859/859 860/860/860 861/861/861
f 862/862/862 863/863/863 864/864/864
f 865/865/865 866/866/866 867/867/867
f 868/868/868 869/869/869 870/870/870
f 871/871/871 872/872/872 873/873/873
f 874/874/874 875/875/875 876/876/876
f 877/877/877 878/878/878 879/879/879
f 880/880/880 881/881/881 882/882/882
f 883/883/883 884/884/884 885/885/885
f 886/886/886 887/887/887 888/888/888
f 889/889/889 890/890/890 891/891/891
f 892/892/892 893/893/893 894/894/894
f 895/895/895 896/896/896 897/897/897
f 898/898/898 899/899/899 900/900/900
f 901/901/901 902/902/902 903/903/903
f 904/904/904 905/905/905 906/906/906
f 907/907/907 908/908/908 909/909/909
f 910/910/910 911/911/911 912/912/912
f 913/913/913 914/914/914 915/915/915
f 916/916/916 917/917/917 918/918/918
f 919/919/919 920/920/920 921/921/921
f 922/922/922 923/923/923 924/924/924
f 925/925/925 926/926/926 927/927/927
f 928/928/928 929/929/929 930/930/930
f 931/931/931 932/932/932 933/933/933
f 934/934/934 935/935/935 936/936/936
f 937/937/937 938/938/938 939/939/939
f 940/940/940 941/941/941 942/942/942
f 943/943/943 944/944/944 945/945/945
f 946/946/946 947/947/947 948/948/948
f 949/949/949 950/950/950 951/951/951
f 952/952/952 953/953/953 954/954/954
f 955/955/955 956/956/956 957/957/957
f 958/958/958 959/959/959 960/960/960
f 961/961/961 962/962/962 963/963/963
f 964/964/964 965/965/965 966/966/966
f 967/967/967 968/968/968 969/969/969
f 970/970/970 971/971/971 972/972/972
f 973/973/973 974/974/974 975/975/975
f 976/976/976 977/977/977 978/978/978
f 979/979/979 980/980/980 981/981/981
f 982/982/982 983/983/983 984/984/984
f 985/985/985 986/986/986 987/987/987
f 988/988/988 989/989/989 990/990/990
f 991/991/991 992/992/992 993/993/993
f 994/994/994 995/995/995 996/996/996
f 997/997/997 998/998/998 999/999/999
f 1000/1000/1000 1001/1001/1001 1002/1002/1002
f 1003/1003/1003 1004/1004/1004 1005/1005/1005
f 1006/1006/1006 1007/1007/1007 1008/1008/1008
f 1009/1009/1009 1010/1010/1010 1011/1011/1011
f 1012/1012/1012 1013/1013/1013 1014/1014/1014
f 1015/1015/1015 1016/1016/1016 1017/1017/1017
f 1018/1018/1018 1019/1019/1019 1020/1020/1020
f 1021/1021/1021 1022/1022/1022 1023/1023/1023
f 1024/1024/1024 1025/1025/1025 1026/1026/1026
f 1027/1027/1027 1028/1028/1028 1029/1029/1029
f 1030/1030/1030 1031/1031/1031 1032/1032/1032
f 1033/1033/1033 1034/1034/1034 1035/1035/1035
f 1036/1036/1036 1037/1037/1037 1038/1038/1038
f 1039/1039/1039 1040/1040/1040 1041/1041/1041
f 1042/1042/1042 1043/1043/1043 1044/1044/1044
f 1045/1045/1045 1046/1046/1046 1047/1047/1047
f 1048/1048/1048 1049/1049/1049 1050/1050/1050
f 1051/1051/1051 1052/1052/1052 1053/1053/1053
f 1054/1054/1054 1055/1055/1055 1056/1056/1056
f 1057/1057/1057 1058/1058/1058 1059/1059/1059
f 1060/1060/1060 1061/1061/1061 1062/1062/1062
f 1063/1063/1063 1064/1064/1064 1065/1065/1065
f 1066/1066/1066 1067/1067/1067 1068/1068/1068
f 1069/1069/1069 1070/1070/1070 1071/1071/1071
f 1072/1072/1072 1073/1073/1073 1074/1074/1074
f 1075/1075/1075 1076/1076/1076 1077/1077/1077
f 1078/1078/1078 1079/1079/1079 1080/1080/1080
f 1081/1081/1081 1082/1082/1082 1083/1083/1083
f 1084/1084/1084 1085/1085/1085 1086/1086/1086
f 1087/1087/1087 1088/1088/1088 1089/1089/1089
f 1090/1090/1090 1091/1091/1091 1092/1092/1092
f 1093/1093/1093 1094/1094/1094 1095/1095/1095
f 1096/1096/1096 1097/1097/1097 1098/1098/1098
f 1099/1099/1099 1100/1100/1100 1101/1101/1101
f 1102/1102/1102 1103/1103/1103 1104/1104/1104
f 1105/1105/1105 1106/1106/1106 1107/1107/1107
f 1108/1108/1108 1109/1109/1109 1110/1110/1110
f 1111/1111/1111 1112/1112/1112 1113/1113/1113
f 1114/1114/1114 1115/1115/1115 1116/1116/1116
f 1117/1117/1117 1118/1118/1118 1119/1119/1119
f 1120/1120/1120 1121/1121/1121 1122/1122/1122
f 1123/1123/1123 1124/1124/1124 1125/1125/1125
f 1126/1126/1126 1127/1127/1127 1128/1128/1128
f 1129/1129/1129 1130/1130/1130 1131/1131/1131
f 1132/1132/1132 1133/1133/1133 1134/1134/1134
f 1135/1135/1135 1136/1136/1136 1137/1137/1137
f 1138/1138/1138 1139/1139/1139 1140/1140/1140
f 1141/1141/1141 1142/1142/1142 1143/1143/1143
f 1144/1144/1144 1145/1145/1145 1146/1146/1146
f 1147/1147/1147 1148/1148/1148 1149/1149/1149
f 1150/1150/1150 1151/1151/1151 1152/1152/1152
f 1153/1153/1153 1154/1154/1154 1155/1155/1155
f 1156/1156/1156 1157/1157/1157 1158/1158/1158
f 1159/1159/1159 1160/1160/1160 1161/1161/1161
f 1162/1162/1162 1163/1163/1163 1164/1164/1164
f 1165/1165/1165 1166/1166/1166 1167/1167/1167
f 1168/1168/1168 1169/1169/1169 1170/1170/1170
f 1171/1171/1171 1172/1172/1172 1173/1173/1173
f 1174/1174/1174 1175/1175/1175 1176/1176/1176
f 1177/1177/1177 1178/1178/1178 1179/1179/1179
f 1180/1180/1180 1181/1181/1181 1182/1182/1182
f 1183/1183/1183 1184/1184/1184 1185/1185/1185
f 1186/1186/1186 1187/1187/1187 1188/1188/1188
f 1189/1189/1189 1190/1190/1190 1191/1191/1191
f 1192/1192/1192 1193/1193/1193 1194/1194/1194
f 1195/1195/1195 1196/1196/1196 1197/1197/1197
f 1198/1198/1198 1199/1199/1199 1200/1200/1200
f 1201/1201/1201 1202/1202/1202 1203/1203/1203
f 1204/1204/1204 1205/1205/1205 1206/1206/1206
f 1207/1207/1207 1208/1208/1208 1209/1209/1209
f 1210/1210/1210 1211/1211/1211 1212/1212/1212
f 1213/1213/1213 1214/1214/1214 1215/1215/1215
f 1216/1216/1216 1217/1217/1217 1218/1218/1218
f 1219/1219/1219 1220/1220/1220 1221/1221/1221
f 1222/1222/1222 1223/1223/1223 1224/1224/1224