# OBJ file
mtllib icon1.ico.mtl
v 2.003906 0.589844 0.000000 0.698039 0.698039 0.698039 #0.501961
v 2.442139 0.589844 0.298340 0.698039 0.698039 0.698039 #0.501961
v 2.442139 0.707520 0.416016 0.698039 0.698039 0.698039 #0.501961
v 2.003906 0.589844 0.000000 0.698039 0.698039 0.698039 #0.501961
v 2.442139 0.707520 0.416016 0.698039 0.698039 0.698039 #0.501961
v 2.003906 0.707520 0.416016 0.698039 0.698039 0.698039 #0.501961
v 2.442139 0.589844 0.298340 0.698039 0.698039 0.698039 #0.501961
v 2.442139 0.707520 0.180664 0.698039 0.698039 0.698039 #0.501961
v 2.442139 0.825684 0.298340 0.698039 0.698039 0.698039 #0.501961
v 2.442139 0.589844 0.298340 0.698039 0.698039 0.698039 #0.501961
v 2.442139 0.825684 0.298340 0.698039 0.698039 0.698039 #0.501961
v 2.442139 0.707520 0.416016 0.698039 0.698039 0.698039 #0.501961
v 2.442139 0.707520 0.180664 0.698039 0.698039 0.698039 #0.501961
v 2.003906 0.707520 0.180664 0.698039 0.698039 0.698039 #0.501961
v 2.003906 0.825684 0.298340 0.698039 0.698039 0.698039 #0.501961
v 2.442139 0.707520 0.180664 0.698039 0.698039 0.698039 #0.501961
v 2.003906 0.825684 0.298340 0.698039 0.698039 0.698039 #0.501961
v 2.442139 0.825684 0.298340 0.698039 0.698039 0.698039 #0.501961
v 2.003906 0.707520 0.416016 0.698039 0.698039 0.698039 #0.501961
v 2.442139 0.707520 0.416016 0.698039 0.698039 0.698039 #0.501961
v 2.442139 0.825684 0.298340 0.698039 0.698039 0.698039 #0.501961
v 2.003906 0.707520 0.416016 0.698039 0.698039 0.698039 #0.501961
v 2.442139 0.825684 0.298340 0.698039 0.698039 0.698039 #0.501961
v 2.003906 0.825684 0.298340 0.698039 0.698039 0.698039 #0.501961
v 2.003906 0.707520 0.180664 0.698039 0.698039 0.698039 #0.501961
v 2.442139 0.707520 0.180664 0.698039 0.698039 0.698039 #0.501961
v 2.442139 0.589844 0.298340 0.698039 0.698039 0.698039 #0.501961
v 2.003906 0.707520 0.180664 0.698039 0.698039 0.698039 #0.501961
v 2.442139 0.589844 0.298340 0.698039 0.698039 0.698039 #0.501961
v 2.003906 0.589844 0.000000 0.698039 0.698039 0.698039 #0.501961
v 1.924072 1.791748 0.320068 0.698039 0.698039 0.698039 #0.501961
v 2.177979 1.791748 0.314209 0.698039 0.698039 0.698039 #0.501961
v 2.058838 1.572998 0.314209 0.698039 0.698039 0.698039 #0.501961
v 1.924072 1.791748 0.320068 0.698039 0.698039 0.698039 #0.501961
v 2.058838 1.572998 0.314209 0.698039 0.698039 0.698039 #0.501961
v 1.805420 1.572998 0.320068 0.698039 0.698039 0.698039 #0.501961
v -1.911621 0.781738 2.286865 0.698039 0.698039 0.698039 #0.501961
v -1.911621 0.781738 -0.293945 0.698039 0.698039 0.698039 #0.501961
v -1.754395 1.151367 -0.341064 0.698039 0.698039 0.698039 #0.501961
v 1.805420 1.572998 0.320068 0.698039 0.698039 0.698039 #0.501961
v 2.058838 1.572998 0.331299 0.698039 0.698039 0.698039 #0.501961
v 2.177979 1.791748 0.331299 0.698039 0.698039 0.698039 #0.501961
v 1.805420 1.572998 0.320068 0.698039 0.698039 0.698039 #0.501961
v 2.177979 1.791748 0.331299 0.698039 0.698039 0.698039 #0.501961
v 1.924072 1.791748 0.320068 0.698039 0.698039 0.698039 #0.501961
v 1.805420 1.572998 1.672607 0.698039 0.698039 0.698039 #0.501961
v 2.058838 1.572998 1.678711 0.698039 0.698039 0.698039 #0.501961
v 2.177979 1.791748 1.678711 0.698039 0.698039 0.698039 #0.501961
v 1.805420 1.572998 1.672607 0.698039 0.698039 0.698039 #0.501961
v 2.177979 1.791748 1.678711 0.698039 0.698039 0.698039 #0.501961
v 1.924072 1.791748 1.672607 0.698039 0.698039 0.698039 #0.501961
v 1.924072 1.791748 1.672607 0.698039 0.698039 0.698039 #0.501961
v 2.177979 1.791748 1.661377 0.698039 0.698039 0.698039 #0.501961
v 2.058838 1.572998 1.661377 0.698039 0.698039 0.698039 #0.501961
v 1.924072 1.791748 1.672607 0.698039 0.698039 0.698039 #0.501961
v 2.058838 1.572998 1.661377 0.698039 0.698039 0.698039 #0.501961
v 1.805420 1.572998 1.672607 0.698039 0.698039 0.698039 #0.501961
v 2.230713 1.785889 1.832764 0.698039 0.698039 0.698039 #0.501961
v 2.241211 1.839111 1.872314 0.698039 0.698039 0.698039 #0.501961
v 2.025635 1.484131 2.150391 0.698039 0.698039 0.698039 #0.501961
v 2.230713 1.785889 1.832764 0.698039 0.698039 0.698039 #0.501961
v 2.025635 1.484131 2.150391 0.698039 0.698039 0.698039 #0.501961
v 2.082764 1.523926 1.998291 0.698039 0.698039 0.698039 #0.501961
v 1.910645 1.798828 1.913574 0.698039 0.698039 0.698039 #0.501961
v 2.241211 1.839111 1.872314 0.698039 0.698039 0.698039 #0.501961
v 2.241211 1.839111 0.120361 0.698039 0.698039 0.698039 #0.501961
v 1.910645 1.798828 1.913574 0.698039 0.698039 0.698039 #0.501961
v 2.241211 1.839111 0.120361 0.698039 0.698039 0.698039 #0.501961
v 1.910645 1.798828 0.079102 0.698039 0.698039 0.698039 #0.501961
v -0.502930 1.647949 -0.180908 0.698039 0.698039 0.698039 #0.501961
v -0.331055 1.599854 -0.433105 0.698039 0.698039 0.698039 #0.501961
v -0.330078 1.431885 -0.433105 0.698039 0.698039 0.698039 #0.501961
v -0.502930 1.647949 -0.180908 0.698039 0.698039 0.698039 #0.501961
v -0.330078 1.431885 -0.433105 0.698039 0.698039 0.698039 #0.501961
v -0.544434 1.389648 -0.149170 0.698039 0.698039 0.698039 #0.501961
v -0.331055 1.599854 -0.433105 0.698039 0.698039 0.698039 #0.501961
v -0.383789 1.649902 -0.173828 0.698039 0.698039 0.698039 #0.501961
v -0.388672 1.392334 -0.142578 0.698039 0.698039 0.698039 #0.501961
v -0.331055 1.599854 -0.433105 0.698039 0.698039 0.698039 #0.501961
v -0.388672 1.392334 -0.142578 0.698039 0.698039 0.698039 #0.501961
v -0.330078 1.431885 -0.433105 0.698039 0.698039 0.698039 #0.501961
v -0.502930 1.647949 -0.180908 0.698039 0.698039 0.698039 #0.501961
v -0.383789 1.649902 -0.173828 0.698039 0.698039 0.698039 #0.501961
v -0.331055 1.599854 -0.433105 0.698039 0.698039 0.698039 #0.501961
v -0.544434 1.389648 2.142090 0.698039 0.698039 0.698039 #0.501961
v -0.330078 1.431885 2.426025 0.698039 0.698039 0.698039 #0.501961
v -0.331055 1.599854 2.426025 0.698039 0.698039 0.698039 #0.501961
v -0.544434 1.389648 2.142090 0.698039 0.698039 0.698039 #0.501961
v -0.331055 1.599854 2.426025 0.698039 0.698039 0.698039 #0.501961
v -0.502930 1.647949 2.173828 0.698039 0.698039 0.698039 #0.501961
v -0.330078 1.431885 2.426025 0.698039 0.698039 0.698039 #0.501961
v -0.388672 1.392334 2.135742 0.698039 0.698039 0.698039 #0.501961
v -0.383789 1.649902 2.167236 0.698039 0.698039 0.698039 #0.501961
v -0.330078 1.431885 2.426025 0.698039 0.698039 0.698039 #0.501961
v -0.383789 1.649902 2.167236 0.698039 0.698039 0.698039 #0.501961
v -0.331055 1.599854 2.426025 0.698039 0.698039 0.698039 #0.501961
v -0.331055 1.599854 2.426025 0.698039 0.698039 0.698039 #0.501961
v -0.383789 1.649902 2.167236 0.698039 0.698039 0.698039 #0.501961
v -0.502930 1.647949 2.173828 0.698039 0.698039 0.698039 #0.501961
v -2.203613 0.781738 2.160156 0.698039 0.698039 0.698039 #0.501961
v -1.865967 0.411621 2.227295 0.698039 0.698039 0.698039 #0.501961
v -1.911621 0.781738 2.286865 0.698039 0.698039 0.698039 #0.501961
v -2.377197 0.781738 1.917236 0.698039 0.698039 0.698039 #0.501961
v -2.176270 0.411133 1.821289 0.698039 0.698039 0.698039 #0.501961
v -1.865967 0.411621 2.227295 0.698039 0.698039 0.698039 #0.501961
v -2.377197 0.781738 1.917236 0.698039 0.698039 0.698039 #0.501961
v -1.865967 0.411621 2.227295 0.698039 0.698039 0.698039 #0.501961
v -2.203613 0.781738 2.160156 0.698039 0.698039 0.698039 #0.501961
v -1.789795 1.365234 2.178223 0.698039 0.698039 0.698039 #0.501961
v -1.789307 1.285889 1.787842 0.698039 0.698039 0.698039 #0.501961
v -2.330078 0.978027 1.917236 0.698039 0.698039 0.698039 #0.501961
v -2.217773 0.410889 1.689697 0.698039 0.698039 0.698039 #0.501961
v -2.176270 0.411133 1.821289 0.698039 0.698039 0.698039 #0.501961
v -2.377197 0.781738 1.917236 0.698039 0.698039 0.698039 #0.501961
v -2.217773 0.410889 1.689697 0.698039 0.698039 0.698039 #0.501961
v -2.377197 0.781738 1.917236 0.698039 0.698039 0.698039 #0.501961
v -2.469971 0.781738 1.599854 0.698039 0.698039 0.698039 #0.501961
v -2.377197 0.781738 0.075684 0.698039 0.698039 0.698039 #0.501961
v -2.330078 0.978027 0.075684 0.698039 0.698039 0.698039 #0.501961
v -2.119385 0.978027 -0.194092 0.698039 0.698039 0.698039 #0.501961
v -2.377197 0.781738 0.075684 0.698039 0.698039 0.698039 #0.501961
v -2.119385 0.978027 -0.194092 0.698039 0.698039 0.698039 #0.501961
v -2.203613 0.781738 -0.167236 0.698039 0.698039 0.698039 #0.501961
v -1.789795 1.365234 -0.185059 0.698039 0.698039 0.698039 #0.501961
v -1.754395 1.151367 -0.341064 0.698039 0.698039 0.698039 #0.501961
v -2.119385 0.978027 -0.194092 0.698039 0.698039 0.698039 #0.501961
v -1.789307 1.285889 0.204834 0.698039 0.698039 0.698039 #0.501961
v -2.330078 0.978027 0.075684 0.698039 0.698039 0.698039 #0.501961
v -2.422852 0.978027 0.392822 0.698039 0.698039 0.698039 #0.501961
v 0.842773 0.409668 -0.349365 0.698039 0.698039 0.698039 #0.501961
v -0.771729 0.408691 -0.232910 0.698039 0.698039 0.698039 #0.501961
v 0.550049 0.495605 -0.295654 0.698039 0.698039 0.698039 #0.501961
v -1.355713 1.389404 1.734131 0.698039 0.698039 0.698039 #0.501961
v -1.789307 1.285889 1.787842 0.698039 0.698039 0.698039 #0.501961
v -1.789795 1.365234 2.178223 0.698039 0.698039 0.698039 #0.501961
v -0.898926 1.156250 2.322510 0.698039 0.698039 0.698039 #0.501961
v -0.739258 0.781738 2.303223 0.698039 0.698039 0.698039 #0.501961
v 0.821289 0.781738 2.350830 0.698039 0.698039 0.698039 #0.501961
v -0.898926 1.156250 2.322510 0.698039 0.698039 0.698039 #0.501961
v 0.821289 0.781738 2.350830 0.698039 0.698039 0.698039 #0.501961
v 1.018555 1.253174 2.392090 0.698039 0.698039 0.698039 #0.501961
v -1.355957 1.468750 -0.251953 0.698039 0.698039 0.698039 #0.501961
v -1.324951 1.323242 -0.369873 0.698039 0.698039 0.698039 #0.501961
v -1.754395 1.151367 -0.341064 0.698039 0.698039 0.698039 #0.501961
v -1.355957 1.468750 -0.251953 0.698039 0.698039 0.698039 #0.501961
v -1.754395 1.151367 -0.341064 0.698039 0.698039 0.698039 #0.501961
v -1.789795 1.365234 -0.185059 0.698039 0.698039 0.698039 #0.501961
v 0.842773 0.409668 2.342285 0.698039 0.698039 0.698039 #0.501961
v 0.821289 0.781738 2.350830 0.698039 0.698039 0.698039 #0.501961
v 0.550049 0.495605 2.288574 0.698039 0.698039 0.698039 #0.501961
v -0.993408 1.411377 2.141846 0.698039 0.698039 0.698039 #0.501961
v -1.006348 1.405273 1.776855 0.698039 0.698039 0.698039 #0.501961
v -1.355713 1.389404 1.734131 0.698039 0.698039 0.698039 #0.501961
v -1.090332 1.405273 0.996338 0.698039 0.698039 0.698039 #0.501961
v -1.006348 1.405273 0.215820 0.698039 0.698039 0.698039 #0.501961
v -1.355713 1.389404 0.258545 0.698039 0.698039 0.698039 #0.501961
v -0.898926 1.156250 -0.329590 0.698039 0.698039 0.698039 #0.501961
v -1.324951 1.323242 -0.369873 0.698039 0.698039 0.698039 #0.501961
v -1.355957 1.468750 -0.251953 0.698039 0.698039 0.698039 #0.501961
v -0.898926 1.156250 -0.329590 0.698039 0.698039 0.698039 #0.501961
v -1.355957 1.468750 -0.251953 0.698039 0.698039 0.698039 #0.501961
v -0.993408 1.411377 -0.148926 0.698039 0.698039 0.698039 #0.501961
v -1.006348 1.405273 1.776855 0.698039 0.698039 0.698039 #0.501961
v -0.781494 1.428955 2.047363 0.698039 0.698039 0.698039 #0.501961
v -0.084473 2.031250 1.826660 0.698039 0.698039 0.698039 #0.501961
v -1.006348 1.405273 1.776855 0.698039 0.698039 0.698039 #0.501961
v -0.084473 2.031250 1.826660 0.698039 0.698039 0.698039 #0.501961
v -0.186035 2.043213 1.677490 0.698039 0.698039 0.698039 #0.501961
v -1.006348 1.405273 0.215820 0.698039 0.698039 0.698039 #0.501961
v -0.186035 2.043213 0.315430 0.698039 0.698039 0.698039 #0.501961
v -0.084473 2.031250 0.166016 0.698039 0.698039 0.698039 #0.501961
v -1.006348 1.405273 0.215820 0.698039 0.698039 0.698039 #0.501961
v -0.084473 2.031250 0.166016 0.698039 0.698039 0.698039 #0.501961
v -0.781494 1.428955 -0.054443 0.698039 0.698039 0.698039 #0.501961
v 0.030273 2.028076 1.873779 0.698039 0.698039 0.698039 #0.501961
v -0.084473 2.031250 1.826660 0.698039 0.698039 0.698039 #0.501961
v -0.781494 1.428955 2.047363 0.698039 0.698039 0.698039 #0.501961
v 0.030273 2.028076 1.873779 0.698039 0.698039 0.698039 #0.501961
v -0.781494 1.428955 2.047363 0.698039 0.698039 0.698039 #0.501961
v -0.595947 1.413330 2.095215 0.698039 0.698039 0.698039 #0.501961
v -0.084473 2.031250 1.826660 0.698039 0.698039 0.698039 #0.501961
v 0.030273 2.028076 1.873779 0.698039 0.698039 0.698039 #0.501961
v 0.091064 2.107422 1.699219 0.698039 0.698039 0.698039 #0.501961
v -0.739258 0.781738 -0.310059 0.698039 0.698039 0.698039 #0.501961
v 0.821289 0.781738 -0.357910 0.698039 0.698039 0.698039 #0.501961
v 0.550049 0.495605 -0.295654 0.698039 0.698039 0.698039 #0.501961
v 2.258789 1.238525 2.158447 0.698039 0.698039 0.698039 #0.501961
v 1.964355 1.238525 2.316650 0.698039 0.698039 0.698039 #0.501961
v 2.147705 0.803711 2.229736 0.698039 0.698039 0.698039 #0.501961
v 2.264893 1.319336 1.838379 0.698039 0.698039 0.698039 #0.501961
v 2.146484 1.560059 1.838379 0.698039 0.698039 0.698039 #0.501961
v 2.063477 1.476562 2.146484 0.698039 0.698039 0.698039 #0.501961
v 2.264893 1.319336 1.838379 0.698039 0.698039 0.698039 #0.501961
v 2.063477 1.476562 2.146484 0.698039 0.698039 0.698039 #0.501961
v 2.118896 1.319336 2.174561 0.698039 0.698039 0.698039 #0.501961
v 2.201904 1.617676 0.996338 0.698039 0.698039 0.698039 #0.501961
v 2.146484 1.560059 1.838379 0.698039 0.698039 0.698039 #0.501961
v 2.264893 1.319336 1.838379 0.698039 0.698039 0.698039 #0.501961
v 1.714355 1.593262 1.603760 0.698039 0.698039 0.698039 #0.501961
v 1.446289 1.585449 1.897949 0.698039 0.698039 0.698039 #0.501961
v 2.146484 1.560059 1.838379 0.698039 0.698039 0.698039 #0.501961
v 0.904785 2.113281 1.666748 0.698039 0.698039 0.698039 #0.501961
v 1.714355 1.593262 1.603760 0.698039 0.698039 0.698039 #0.501961
v 1.823486 1.617432 0.996338 0.698039 0.698039 0.698039 #0.501961
v 2.389404 1.238525 0.154541 0.698039 0.698039 0.698039 #0.501961
v 2.282471 0.650635 0.154541 0.698039 0.698039 0.698039 #0.501961
v 2.182861 0.653809 -0.113770 0.698039 0.698039 0.698039 #0.501961
v 2.389404 1.238525 0.154541 0.698039 0.698039 0.698039 #0.501961
v 2.182861 0.653809 -0.113770 0.698039 0.698039 0.698039 #0.501961
v 2.258789 1.238525 -0.165283 0.698039 0.698039 0.698039 #0.501961
v 2.264893 1.319336 0.154541 0.698039 0.698039 0.698039 #0.501961
v 2.146484 1.560059 0.154541 0.698039 0.698039 0.698039 #0.501961
v 2.201904 1.617676 0.996338 0.698039 0.698039 0.698039 #0.501961
v 2.264893 1.319336 0.154541 0.698039 0.698039 0.698039 #0.501961
v 2.201904 1.617676 0.996338 0.698039 0.698039 0.698039 #0.501961
v 2.334961 1.319336 0.996338 0.698039 0.698039 0.698039 #0.501961
v 2.063477 1.476562 -0.153320 0.698039 0.698039 0.698039 #0.501961
v 1.964355 1.238525 -0.323730 0.698039 0.698039 0.698039 #0.501961
v 1.479980 1.445312 -0.394043 0.698039 0.698039 0.698039 #0.501961
v 1.479980 1.445312 -0.394043 0.698039 0.698039 0.698039 #0.501961
v 1.446289 1.585449 0.094971 0.698039 0.698039 0.698039 #0.501961
v 2.146484 1.560059 0.154541 0.698039 0.698039 0.698039 #0.501961
v 1.479980 1.445312 -0.394043 0.698039 0.698039 0.698039 #0.501961
v 2.146484 1.560059 0.154541 0.698039 0.698039 0.698039 #0.501961
v 2.063477 1.476562 -0.153320 0.698039 0.698039 0.698039 #0.501961
v 1.101318 1.564697 -0.028320 0.698039 0.698039 0.698039 #0.501961
v 1.446289 1.585449 0.094971 0.698039 0.698039 0.698039 #0.501961
v 1.479980 1.445312 -0.394043 0.698039 0.698039 0.698039 #0.501961
v 1.714355 1.593262 0.388916 0.698039 0.698039 0.698039 #0.501961
v 1.823486 1.617432 0.996338 0.698039 0.698039 0.698039 #0.501961
v 2.201904 1.617676 0.996338 0.698039 0.698039 0.698039 #0.501961
v 1.714355 1.593262 0.388916 0.698039 0.698039 0.698039 #0.501961
v 2.201904 1.617676 0.996338 0.698039 0.698039 0.698039 #0.501961
v 2.146484 1.560059 0.154541 0.698039 0.698039 0.698039 #0.501961
v 2.118896 1.319336 -0.181641 0.698039 0.698039 0.698039 #0.501961
v 2.063477 1.476562 -0.153320 0.698039 0.698039 0.698039 #0.501961
v 2.146484 1.560059 0.154541 0.698039 0.698039 0.698039 #0.501961
v 2.118896 1.319336 -0.181641 0.698039 0.698039 0.698039 #0.501961
v 2.146484 1.560059 0.154541 0.698039 0.698039 0.698039 #0.501961
v 2.264893 1.319336 0.154541 0.698039 0.698039 0.698039 #0.501961
v 2.459473 1.238525 0.996338 0.698039 0.698039 0.698039 #0.501961
v 2.352295 0.651123 0.996338 0.698039 0.698039 0.698039 #0.501961
v 2.282471 0.650635 0.154541 0.698039 0.698039 0.698039 #0.501961
v 2.459473 1.238525 0.996338 0.698039 0.698039 0.698039 #0.501961
v 2.282471 0.650635 0.154541 0.698039 0.698039 0.698039 #0.501961
v 2.389404 1.238525 0.154541 0.698039 0.698039 0.698039 #0.501961
v 2.282471 0.650635 1.838379 0.698039 0.698039 0.698039 #0.501961
v 2.352295 0.651123 0.996338 0.698039 0.698039 0.698039 #0.501961
v 2.459473 1.238525 0.996338 0.698039 0.698039 0.698039 #0.501961
v 2.258789 1.238525 2.158447 0.698039 0.698039 0.698039 #0.501961
v 2.182861 0.653809 2.106934 0.698039 0.698039 0.698039 #0.501961
v 2.282471 0.650635 1.838379 0.698039 0.698039 0.698039 #0.501961
v 2.258789 1.238525 2.158447 0.698039 0.698039 0.698039 #0.501961
v 2.282471 0.650635 1.838379 0.698039 0.698039 0.698039 #0.501961
v 2.389404 1.238525 1.838379 0.698039 0.698039 0.698039 #0.501961
v 1.479980 1.445312 2.387451 0.698039 0.698039 0.698039 #0.501961
v 1.964355 1.238525 2.316650 0.698039 0.698039 0.698039 #0.501961
v 2.063477 1.476562 2.146484 0.698039 0.698039 0.698039 #0.501961
v 2.147705 0.803711 -0.236572 0.698039 0.698039 0.698039 #0.501961
v 1.964355 1.238525 -0.323730 0.698039 0.698039 0.698039 #0.501961
v 2.258789 1.238525 -0.165283 0.698039 0.698039 0.698039 #0.501961
v 2.118896 1.319336 2.174561 0.698039 0.698039 0.698039 #0.501961
v 2.258789 1.238525 2.158447 0.698039 0.698039 0.698039 #0.501961
v 2.389404 1.238525 1.838379 0.698039 0.698039 0.698039 #0.501961
v 2.118896 1.319336 2.174561 0.698039 0.698039 0.698039 #0.501961
v 2.389404 1.238525 1.838379 0.698039 0.698039 0.698039 #0.501961
v 2.264893 1.319336 1.838379 0.698039 0.698039 0.698039 #0.501961
v 2.389404 1.238525 1.838379 0.698039 0.698039 0.698039 #0.501961
v 2.459473 1.238525 0.996338 0.698039 0.698039 0.698039 #0.501961
v 2.334961 1.319336 0.996338 0.698039 0.698039 0.698039 #0.501961
v 2.334961 1.319336 0.996338 0.698039 0.698039 0.698039 #0.501961
v 2.459473 1.238525 0.996338 0.698039 0.698039 0.698039 #0.501961
v 2.389404 1.238525 0.154541 0.698039 0.698039 0.698039 #0.501961
v 2.334961 1.319336 0.996338 0.698039 0.698039 0.698039 #0.501961
v 2.389404 1.238525 0.154541 0.698039 0.698039 0.698039 #0.501961
v 2.264893 1.319336 0.154541 0.698039 0.698039 0.698039 #0.501961
v 2.264893 1.319336 0.154541 0.698039 0.698039 0.698039 #0.501961
v 2.389404 1.238525 0.154541 0.698039 0.698039 0.698039 #0.501961
v 2.258789 1.238525 -0.165283 0.698039 0.698039 0.698039 #0.501961
v 2.264893 1.319336 0.154541 0.698039 0.698039 0.698039 #0.501961
v 2.258789 1.238525 -0.165283 0.698039 0.698039 0.698039 #0.501961
v 2.118896 1.319336 -0.181641 0.698039 0.698039 0.698039 #0.501961
v -2.203613 0.781738 -0.167236 0.698039 0.698039 0.698039 #0.501961
v -1.865967 0.411621 -0.234375 0.698039 0.698039 0.698039 #0.501961
v -2.176270 0.411133 0.171387 0.698039 0.698039 0.698039 #0.501961
v -2.203613 0.781738 -0.167236 0.698039 0.698039 0.698039 #0.501961
v -2.176270 0.411133 0.171387 0.698039 0.698039 0.698039 #0.501961
v -2.377197 0.781738 0.075684 0.698039 0.698039 0.698039 #0.501961
v -2.422852 0.978027 0.392822 0.698039 0.698039 0.698039 #0.501961
v -2.330078 0.978027 0.075684 0.698039 0.698039 0.698039 #0.501961
v -2.377197 0.781738 0.075684 0.698039 0.698039 0.698039 #0.501961
v -2.422852 0.978027 0.392822 0.698039 0.698039 0.698039 #0.501961
v -2.377197 0.781738 0.075684 0.698039 0.698039 0.698039 #0.501961
v -2.469971 0.781738 0.392822 0.698039 0.698039 0.698039 #0.501961
v -2.203613 0.781738 2.160156 0.698039 0.698039 0.698039 #0.501961
v -2.119385 0.978027 2.187012 0.698039 0.698039 0.698039 #0.501961
v -2.330078 0.978027 1.917236 0.698039 0.698039 0.698039 #0.501961
v -2.203613 0.781738 2.160156 0.698039 0.698039 0.698039 #0.501961
v -2.330078 0.978027 1.917236 0.698039 0.698039 0.698039 #0.501961
v -2.377197 0.781738 1.917236 0.698039 0.698039 0.698039 #0.501961
v -0.595947 1.413330 2.095215 0.698039 0.698039 0.698039 #0.501961
v -0.781494 1.428955 2.047363 0.698039 0.698039 0.698039 #0.501961
v -0.993408 1.411377 2.141846 0.698039 0.698039 0.698039 #0.501961
v -1.355957 1.468750 2.244873 0.698039 0.698039 0.698039 #0.501961
v -1.324951 1.323242 2.362793 0.698039 0.698039 0.698039 #0.501961
v -0.898926 1.156250 2.322510 0.698039 0.698039 0.698039 #0.501961
v -1.355957 1.468750 2.244873 0.698039 0.698039 0.698039 #0.501961
v -0.898926 1.156250 2.322510 0.698039 0.698039 0.698039 #0.501961
v -0.993408 1.411377 2.141846 0.698039 0.698039 0.698039 #0.501961
v 1.101318 1.564697 -0.028320 0.698039 0.698039 0.698039 #0.501961
v 0.733643 1.535645 -0.092041 0.698039 0.698039 0.698039 #0.501961
v 0.585205 2.058838 0.118896 0.698039 0.698039 0.698039 #0.501961
v 1.101318 1.564697 -0.028320 0.698039 0.698039 0.698039 #0.501961
v 0.585205 2.058838 0.118896 0.698039 0.698039 0.698039 #0.501961
v 0.866455 2.037109 0.159424 0.698039 0.698039 0.698039 #0.501961
v 0.866455 2.037109 0.159424 0.698039 0.698039 0.698039 #0.501961
v 1.446289 1.585449 0.094971 0.698039 0.698039 0.698039 #0.501961
v 1.101318 1.564697 -0.028320 0.698039 0.698039 0.698039 #0.501961
v -1.789795 1.365234 2.178223 0.698039 0.698039 0.698039 #0.501961
v -1.754395 1.151367 2.334229 0.698039 0.698039 0.698039 #0.501961
v -1.324951 1.323242 2.362793 0.698039 0.698039 0.698039 #0.501961
v -1.789795 1.365234 2.178223 0.698039 0.698039 0.698039 #0.501961
v -1.324951 1.323242 2.362793 0.698039 0.698039 0.698039 #0.501961
v -1.355957 1.468750 2.244873 0.698039 0.698039 0.698039 #0.501961
v -0.781494 1.428955 2.047363 0.698039 0.698039 0.698039 #0.501961
v -1.006348 1.405273 1.776855 0.698039 0.698039 0.698039 #0.501961
v -0.993408 1.411377 2.141846 0.698039 0.698039 0.698039 #0.501961
v -0.993408 1.411377 -0.148926 0.698039 0.698039 0.698039 #0.501961
v -1.006348 1.405273 0.215820 0.698039 0.698039 0.698039 #0.501961
v -0.781494 1.428955 -0.054443 0.698039 0.698039 0.698039 #0.501961
v -1.355713 1.389404 0.258545 0.698039 0.698039 0.698039 #0.501961
v -1.006348 1.405273 0.215820 0.698039 0.698039 0.698039 #0.501961
v -0.993408 1.411377 -0.148926 0.698039 0.698039 0.698039 #0.501961
v -1.789795 1.365234 -0.185059 0.698039 0.698039 0.698039 #0.501961
v -1.789307 1.285889 0.204834 0.698039 0.698039 0.698039 #0.501961
v -1.355713 1.389404 0.258545 0.698039 0.698039 0.698039 #0.501961
v -2.330078 0.978027 0.075684 0.698039 0.698039 0.698039 #0.501961
v -1.789307 1.285889 0.204834 0.698039 0.698039 0.698039 #0.501961
v -1.789795 1.365234 -0.185059 0.698039 0.698039 0.698039 #0.501961
v -2.119385 0.978027 2.187012 0.698039 0.698039 0.698039 #0.501961
v -1.754395 1.151367 2.334229 0.698039 0.698039 0.698039 #0.501961
v -1.789795 1.365234 2.178223 0.698039 0.698039 0.698039 #0.501961
v -1.355713 1.389404 1.734131 0.698039 0.698039 0.698039 #0.501961
v -1.355957 1.468750 2.244873 0.698039 0.698039 0.698039 #0.501961
v -0.993408 1.411377 2.141846 0.698039 0.698039 0.698039 #0.501961
v -1.789795 1.365234 2.178223 0.698039 0.698039 0.698039 #0.501961
v -1.355957 1.468750 2.244873 0.698039 0.698039 0.698039 #0.501961
v -1.355713 1.389404 1.734131 0.698039 0.698039 0.698039 #0.501961
v -0.993408 1.411377 -0.148926 0.698039 0.698039 0.698039 #0.501961
v -1.355957 1.468750 -0.251953 0.698039 0.698039 0.698039 #0.501961
v -1.355713 1.389404 0.258545 0.698039 0.698039 0.698039 #0.501961
v -1.355713 1.389404 0.258545 0.698039 0.698039 0.698039 #0.501961
v -1.355957 1.468750 -0.251953 0.698039 0.698039 0.698039 #0.501961
v -1.789795 1.365234 -0.185059 0.698039 0.698039 0.698039 #0.501961
v 2.063477 1.476562 -0.153320 0.698039 0.698039 0.698039 #0.501961
v 2.118896 1.319336 -0.181641 0.698039 0.698039 0.698039 #0.501961
v 1.964355 1.238525 -0.323730 0.698039 0.698039 0.698039 #0.501961
v -0.595947 1.413330 2.095215 0.698039 0.698039 0.698039 #0.501961
v 1.018555 1.253174 2.392090 0.698039 0.698039 0.698039 #0.501961
v 1.479980 1.445312 2.387451 0.698039 0.698039 0.698039 #0.501961
v 0.821289 0.781738 -0.357910 0.698039 0.698039 0.698039 #0.501961
v -0.739258 0.781738 -0.310059 0.698039 0.698039 0.698039 #0.501961
v -0.898926 1.156250 -0.329590 0.698039 0.698039 0.698039 #0.501961
v 0.821289 0.781738 -0.357910 0.698039 0.698039 0.698039 #0.501961
v -0.898926 1.156250 -0.329590 0.698039 0.698039 0.698039 #0.501961
v 1.018555 1.253174 -0.399170 0.698039 0.698039 0.698039 #0.501961
v 1.703613 0.444336 0.245117 0.698039 0.698039 0.698039 #0.501961
v 2.027344 0.930664 0.243896 0.698039 0.698039 0.698039 #0.501961
v 2.027344 0.930664 1.748779 0.698039 0.698039 0.698039 #0.501961
v 1.703613 0.444336 0.245117 0.698039 0.698039 0.698039 #0.501961
v 2.027344 0.930664 1.748779 0.698039 0.698039 0.698039 #0.501961
v 1.703613 0.444336 1.747559 0.698039 0.698039 0.698039 #0.501961
v 1.101318 1.564697 2.021484 0.698039 0.698039 0.698039 #0.501961
v 1.446289 1.585449 1.897949 0.698039 0.698039 0.698039 #0.501961
v 0.866455 2.037109 1.833496 0.698039 0.698039 0.698039 #0.501961
v 1.964355 1.238525 2.316650 0.698039 0.698039 0.698039 #0.501961
v 2.258789 1.238525 2.158447 0.698039 0.698039 0.698039 #0.501961
v 2.118896 1.319336 2.174561 0.698039 0.698039 0.698039 #0.501961
v 2.118896 1.319336 -0.181641 0.698039 0.698039 0.698039 #0.501961
v 2.258789 1.238525 -0.165283 0.698039 0.698039 0.698039 #0.501961
v 1.964355 1.238525 -0.323730 0.698039 0.698039 0.698039 #0.501961
v 1.964355 1.238525 2.316650 0.698039 0.698039 0.698039 #0.501961
v 2.118896 1.319336 2.174561 0.698039 0.698039 0.698039 #0.501961
v 2.063477 1.476562 2.146484 0.698039 0.698039 0.698039 #0.501961
v -2.203613 0.781738 -0.167236 0.698039 0.698039 0.698039 #0.501961
v -2.119385 0.978027 -0.194092 0.698039 0.698039 0.698039 #0.501961
v -1.754395 1.151367 -0.341064 0.698039 0.698039 0.698039 #0.501961
v -2.203613 0.781738 -0.167236 0.698039 0.698039 0.698039 #0.501961
v -1.754395 1.151367 -0.341064 0.698039 0.698039 0.698039 #0.501961
v -1.911621 0.781738 -0.293945 0.698039 0.698039 0.698039 #0.501961
v -1.789795 1.365234 -0.185059 0.698039 0.698039 0.698039 #0.501961
v -2.119385 0.978027 -0.194092 0.698039 0.698039 0.698039 #0.501961
v -2.330078 0.978027 0.075684 0.698039 0.698039 0.698039 #0.501961
v -2.330078 0.978027 1.917236 0.698039 0.698039 0.698039 #0.501961
v -2.119385 0.978027 2.187012 0.698039 0.698039 0.698039 #0.501961
v -1.789795 1.365234 2.178223 0.698039 0.698039 0.698039 #0.501961
v -1.911621 0.781738 2.286865 0.698039 0.698039 0.698039 #0.501961
v -1.754395 1.151367 2.334229 0.698039 0.698039 0.698039 #0.501961
v -2.119385 0.978027 2.187012 0.698039 0.698039 0.698039 #0.501961
v -1.911621 0.781738 2.286865 0.698039 0.698039 0.698039 #0.501961
v -2.119385 0.978027 2.187012 0.698039 0.698039 0.698039 #0.501961
v -2.203613 0.781738 2.160156 0.698039 0.698039 0.698039 #0.501961
v -1.911621 0.781738 -0.293945 0.698039 0.698039 0.698039 #0.501961
v -1.865967 0.411621 -0.234375 0.698039 0.698039 0.698039 #0.501961
v -2.203613 0.781738 -0.167236 0.698039 0.698039 0.698039 #0.501961
v 0.866455 2.037109 1.833496 0.698039 0.698039 0.698039 #0.501961
v 0.585205 2.058838 1.873779 0.698039 0.698039 0.698039 #0.501961
v 0.733643 1.535645 2.085205 0.698039 0.698039 0.698039 #0.501961
v 0.866455 2.037109 1.833496 0.698039 0.698039 0.698039 #0.501961
v 0.733643 1.535645 2.085205 0.698039 0.698039 0.698039 #0.501961
v 1.101318 1.564697 2.021484 0.698039 0.698039 0.698039 #0.501961
v -0.595947 1.413330 -0.102051 0.698039 0.698039 0.698039 #0.501961
v -0.781494 1.428955 -0.054443 0.698039 0.698039 0.698039 #0.501961
v -0.084473 2.031250 0.166016 0.698039 0.698039 0.698039 #0.501961
v -0.595947 1.413330 -0.102051 0.698039 0.698039 0.698039 #0.501961
v -0.084473 2.031250 0.166016 0.698039 0.698039 0.698039 #0.501961
v 0.030273 2.028076 0.118896 0.698039 0.698039 0.698039 #0.501961
v 0.904785 2.113281 0.326172 0.698039 0.698039 0.698039 #0.501961
v 0.866455 2.037109 0.159424 0.698039 0.698039 0.698039 #0.501961
v 0.585205 2.058838 0.118896 0.698039 0.698039 0.698039 #0.501961
v 0.904785 2.113281 0.326172 0.698039 0.698039 0.698039 #0.501961
v 0.585205 2.058838 0.118896 0.698039 0.698039 0.698039 #0.501961
v 0.597900 2.138184 0.293701 0.698039 0.698039 0.698039 #0.501961
v -0.993408 1.411377 -0.148926 0.698039 0.698039 0.698039 #0.501961
v -0.781494 1.428955 -0.054443 0.698039 0.698039 0.698039 #0.501961
v -0.595947 1.413330 -0.102051 0.698039 0.698039 0.698039 #0.501961
v 0.585205 2.058838 1.873779 0.698039 0.698039 0.698039 #0.501961
v 0.030273 2.028076 1.873779 0.698039 0.698039 0.698039 #0.501961
v -0.595947 1.413330 2.095215 0.698039 0.698039 0.698039 #0.501961
v 0.585205 2.058838 1.873779 0.698039 0.698039 0.698039 #0.501961
v -0.595947 1.413330 2.095215 0.698039 0.698039 0.698039 #0.501961
v 0.733643 1.535645 2.085205 0.698039 0.698039 0.698039 #0.501961
v 0.733643 1.535645 -0.092041 0.698039 0.698039 0.698039 #0.501961
v -0.595947 1.413330 -0.102051 0.698039 0.698039 0.698039 #0.501961
v 0.030273 2.028076 0.118896 0.698039 0.698039 0.698039 #0.501961
v 0.733643 1.535645 -0.092041 0.698039 0.698039 0.698039 #0.501961
v 0.030273 2.028076 0.118896 0.698039 0.698039 0.698039 #0.501961
v 0.585205 2.058838 0.118896 0.698039 0.698039 0.698039 #0.501961
v 0.597900 2.138184 1.699219 0.698039 0.698039 0.698039 #0.501961
v 0.597900 2.138184 0.293701 0.698039 0.698039 0.698039 #0.501961
v 0.091064 2.107422 0.293701 0.698039 0.698039 0.698039 #0.501961
v 0.597900 2.138184 1.699219 0.698039 0.698039 0.698039 #0.501961
v 0.091064 2.107422 0.293701 0.698039 0.698039 0.698039 #0.501961
v 0.091064 2.107422 1.699219 0.698039 0.698039 0.698039 #0.501961
v 0.091064 2.107422 1.699219 0.698039 0.698039 0.698039 #0.501961
v 0.030273 2.028076 1.873779 0.698039 0.698039 0.698039 #0.501961
v 0.585205 2.058838 1.873779 0.698039 0.698039 0.698039 #0.501961
v 0.091064 2.107422 1.699219 0.698039 0.698039 0.698039 #0.501961
v 0.585205 2.058838 1.873779 0.698039 0.698039 0.698039 #0.501961
v 0.597900 2.138184 1.699219 0.698039 0.698039 0.698039 #0.501961
v 0.091064 2.107422 0.293701 0.698039 0.698039 0.698039 #0.501961
v 0.030273 2.028076 0.118896 0.698039 0.698039 0.698039 #0.501961
v -0.084473 2.031250 0.166016 0.698039 0.698039 0.698039 #0.501961
v 0.597900 2.138184 0.293701 0.698039 0.698039 0.698039 #0.501961
v 0.585205 2.058838 0.118896 0.698039 0.698039 0.698039 #0.501961
v 0.030273 2.028076 0.118896 0.698039 0.698039 0.698039 #0.501961
v 0.597900 2.138184 0.293701 0.698039 0.698039 0.698039 #0.501961
v 0.030273 2.028076 0.118896 0.698039 0.698039 0.698039 #0.501961
v 0.091064 2.107422 0.293701 0.698039 0.698039 0.698039 #0.501961
v 0.904785 2.113281 1.666748 0.698039 0.698039 0.698039 #0.501961
v 0.904785 2.113281 0.326172 0.698039 0.698039 0.698039 #0.501961
v 0.597900 2.138184 0.293701 0.698039 0.698039 0.698039 #0.501961
v 0.904785 2.113281 1.666748 0.698039 0.698039 0.698039 #0.501961
v 0.597900 2.138184 0.293701 0.698039 0.698039 0.698039 #0.501961
v 0.597900 2.138184 1.699219 0.698039 0.698039 0.698039 #0.501961
v 0.597900 2.138184 1.699219 0.698039 0.698039 0.698039 #0.501961
v 0.585205 2.058838 1.873779 0.698039 0.698039 0.698039 #0.501961
v 0.866455 2.037109 1.833496 0.698039 0.698039 0.698039 #0.501961
v 0.597900 2.138184 1.699219 0.698039 0.698039 0.698039 #0.501961
v 0.866455 2.037109 1.833496 0.698039 0.698039 0.698039 #0.501961
v 0.904785 2.113281 1.666748 0.698039 0.698039 0.698039 #0.501961
v 0.904785 2.113281 1.666748 0.698039 0.698039 0.698039 #0.501961
v 0.866455 2.037109 1.833496 0.698039 0.698039 0.698039 #0.501961
v 1.446289 1.585449 1.897949 0.698039 0.698039 0.698039 #0.501961
v 0.904785 2.113281 1.666748 0.698039 0.698039 0.698039 #0.501961
v 1.446289 1.585449 1.897949 0.698039 0.698039 0.698039 #0.501961
v 1.714355 1.593262 1.603760 0.698039 0.698039 0.698039 #0.501961
v 1.446289 1.585449 0.094971 0.698039 0.698039 0.698039 #0.501961
v 0.866455 2.037109 0.159424 0.698039 0.698039 0.698039 #0.501961
v 0.904785 2.113281 0.326172 0.698039 0.698039 0.698039 #0.501961
v 1.446289 1.585449 0.094971 0.698039 0.698039 0.698039 #0.501961
v 0.904785 2.113281 0.326172 0.698039 0.698039 0.698039 #0.501961
v 1.714355 1.593262 0.388916 0.698039 0.698039 0.698039 #0.501961
v 2.201904 1.617676 0.996338 0.698039 0.698039 0.698039 #0.501961
v 1.823486 1.617432 0.996338 0.698039 0.698039 0.698039 #0.501961
v 1.714355 1.593262 1.603760 0.698039 0.698039 0.698039 #0.501961
v 2.146484 1.560059 0.154541 0.698039 0.698039 0.698039 #0.501961
v 1.446289 1.585449 0.094971 0.698039 0.698039 0.698039 #0.501961
v 1.714355 1.593262 0.388916 0.698039 0.698039 0.698039 #0.501961
v -0.186035 2.043213 1.677490 0.698039 0.698039 0.698039 #0.501961
v -0.084473 2.031250 1.826660 0.698039 0.698039 0.698039 #0.501961
v 0.091064 2.107422 1.699219 0.698039 0.698039 0.698039 #0.501961
v 0.091064 2.107422 0.293701 0.698039 0.698039 0.698039 #0.501961
v -0.084473 2.031250 0.166016 0.698039 0.698039 0.698039 #0.501961
v -0.186035 2.043213 0.315430 0.698039 0.698039 0.698039 #0.501961
v 1.823486 1.617432 0.996338 0.698039 0.698039 0.698039 #0.501961
v 1.714355 1.593262 0.388916 0.698039 0.698039 0.698039 #0.501961
v 0.904785 2.113281 0.326172 0.698039 0.698039 0.698039 #0.501961
v 0.904785 2.113281 0.326172 0.698039 0.698039 0.698039 #0.501961
v 0.904785 2.113281 1.666748 0.698039 0.698039 0.698039 #0.501961
v 1.823486 1.617432 0.996338 0.698039 0.698039 0.698039 #0.501961
v 2.258789 1.238525 -0.165283 0.698039 0.698039 0.698039 #0.501961
v 2.182861 0.653809 -0.113770 0.698039 0.698039 0.698039 #0.501961
v 2.147705 0.803711 -0.236572 0.698039 0.698039 0.698039 #0.501961
v 2.147705 0.803711 2.229736 0.698039 0.698039 0.698039 #0.501961
v 2.182861 0.653809 2.106934 0.698039 0.698039 0.698039 #0.501961
v 2.258789 1.238525 2.158447 0.698039 0.698039 0.698039 #0.501961
v -1.090332 1.405273 0.996338 0.698039 0.698039 0.698039 #0.501961
v -1.006348 1.405273 1.776855 0.698039 0.698039 0.698039 #0.501961
v -0.186035 2.043213 1.677490 0.698039 0.698039 0.698039 #0.501961
v -2.469971 0.781738 1.599854 0.698039 0.698039 0.698039 #0.501961
v -2.377197 0.781738 1.917236 0.698039 0.698039 0.698039 #0.501961
v -2.330078 0.978027 1.917236 0.698039 0.698039 0.698039 #0.501961
v -2.469971 0.781738 1.599854 0.698039 0.698039 0.698039 #0.501961
v -2.330078 0.978027 1.917236 0.698039 0.698039 0.698039 #0.501961
v -2.422852 0.978027 1.599854 0.698039 0.698039 0.698039 #0.501961
v 1.018555 1.253174 -0.399170 0.698039 0.698039 0.698039 #0.501961
v -0.898926 1.156250 -0.329590 0.698039 0.698039 0.698039 #0.501961
v -0.595947 1.413330 -0.102051 0.698039 0.698039 0.698039 #0.501961
v -2.422852 0.978027 1.599854 0.698039 0.698039 0.698039 #0.501961
v -2.422852 0.978027 0.392822 0.698039 0.698039 0.698039 #0.501961
v -2.469971 0.781738 0.392822 0.698039 0.698039 0.698039 #0.501961
v -2.422852 0.978027 1.599854 0.698039 0.698039 0.698039 #0.501961
v -2.469971 0.781738 0.392822 0.698039 0.698039 0.698039 #0.501961
v -2.469971 0.781738 1.599854 0.698039 0.698039 0.698039 #0.501961
v -2.469971 0.781738 0.392822 0.698039 0.698039 0.698039 #0.501961
v -2.377197 0.781738 0.075684 0.698039 0.698039 0.698039 #0.501961
v -2.176270 0.411133 0.171387 0.698039 0.698039 0.698039 #0.501961
v -2.469971 0.781738 0.392822 0.698039 0.698039 0.698039 #0.501961
v -2.176270 0.411133 0.171387 0.698039 0.698039 0.698039 #0.501961
v -2.217773 0.410889 0.303223 0.698039 0.698039 0.698039 #0.501961
v 2.230713 1.785889 0.159912 0.698039 0.698039 0.698039 #0.501961
v 2.241211 1.839111 0.120361 0.698039 0.698039 0.698039 #0.501961
v 2.241211 1.839111 1.872314 0.698039 0.698039 0.698039 #0.501961
v 2.230713 1.785889 0.159912 0.698039 0.698039 0.698039 #0.501961
v 2.241211 1.839111 1.872314 0.698039 0.698039 0.698039 #0.501961
v 2.230713 1.785889 1.832764 0.698039 0.698039 0.698039 #0.501961
v 2.082764 1.523926 -0.005371 0.698039 0.698039 0.698039 #0.501961
v 2.025635 1.484131 -0.157471 0.698039 0.698039 0.698039 #0.501961
v 2.241211 1.839111 0.120361 0.698039 0.698039 0.698039 #0.501961
v 2.082764 1.523926 -0.005371 0.698039 0.698039 0.698039 #0.501961
v 2.241211 1.839111 0.120361 0.698039 0.698039 0.698039 #0.501961
v 2.230713 1.785889 0.159912 0.698039 0.698039 0.698039 #0.501961
v -2.422852 0.978027 1.599854 0.698039 0.698039 0.698039 #0.501961
v -2.330078 0.978027 1.917236 0.698039 0.698039 0.698039 #0.501961
v -1.789307 1.285889 1.787842 0.698039 0.698039 0.698039 #0.501961
v 2.082764 1.523926 -0.005371 0.698039 0.698039 0.698039 #0.501961
v 2.230713 1.785889 0.159912 0.698039 0.698039 0.698039 #0.501961
v 1.910645 1.798828 0.079102 0.698039 0.698039 0.698039 #0.501961
v 1.910645 1.798828 1.913574 0.698039 0.698039 0.698039 #0.501961
v 2.082764 1.523926 1.998291 0.698039 0.698039 0.698039 #0.501961
v 1.501709 1.492920 2.248291 0.698039 0.698039 0.698039 #0.501961
v 1.910645 1.798828 1.913574 0.698039 0.698039 0.698039 #0.501961
v 2.230713 1.785889 1.832764 0.698039 0.698039 0.698039 #0.501961
v 2.082764 1.523926 1.998291 0.698039 0.698039 0.698039 #0.501961
v 2.230713 1.785889 1.832764 0.698039 0.698039 0.698039 #0.501961
v 1.910645 1.798828 1.913574 0.698039 0.698039 0.698039 #0.501961
v 1.910645 1.798828 0.079102 0.698039 0.698039 0.698039 #0.501961
v 2.230713 1.785889 1.832764 0.698039 0.698039 0.698039 #0.501961
v 1.910645 1.798828 0.079102 0.698039 0.698039 0.698039 #0.501961
v 2.230713 1.785889 0.159912 0.698039 0.698039 0.698039 #0.501961
v 1.501709 1.492920 2.248291 0.698039 0.698039 0.698039 #0.501961
v 2.025635 1.484131 2.150391 0.698039 0.698039 0.698039 #0.501961
v 2.241211 1.839111 1.872314 0.698039 0.698039 0.698039 #0.501961
v 2.241211 1.839111 0.120361 0.698039 0.698039 0.698039 #0.501961
v 2.025635 1.484131 -0.157471 0.698039 0.698039 0.698039 #0.501961
v 1.501709 1.492920 -0.255371 0.698039 0.698039 0.698039 #0.501961
v 1.479980 1.445312 2.387451 0.698039 0.698039 0.698039 #0.501961
v 2.063477 1.476562 2.146484 0.698039 0.698039 0.698039 #0.501961
v 2.146484 1.560059 1.838379 0.698039 0.698039 0.698039 #0.501961
v 1.479980 1.445312 2.387451 0.698039 0.698039 0.698039 #0.501961
v 2.146484 1.560059 1.838379 0.698039 0.698039 0.698039 #0.501961
v 1.446289 1.585449 1.897949 0.698039 0.698039 0.698039 #0.501961
v 1.479980 1.445312 2.387451 0.698039 0.698039 0.698039 #0.501961
v 1.446289 1.585449 1.897949 0.698039 0.698039 0.698039 #0.501961
v 1.101318 1.564697 2.021484 0.698039 0.698039 0.698039 #0.501961
v -2.126465 0.729736 0.428223 0.698039 0.698039 0.698039 #0.501961
v -2.035889 0.508545 0.370605 0.698039 0.698039 0.698039 #0.501961
v -2.035889 0.508545 1.622070 0.698039 0.698039 0.698039 #0.501961
v -2.126465 0.729736 0.428223 0.698039 0.698039 0.698039 #0.501961
v -2.035889 0.508545 1.622070 0.698039 0.698039 0.698039 #0.501961
v -2.126465 0.729736 1.564697 0.698039 0.698039 0.698039 #0.501961
v -2.146240 0.467773 1.656982 0.698039 0.698039 0.698039 #0.501961
v -2.035889 0.508545 1.622070 0.698039 0.698039 0.698039 #0.501961
v -2.035889 0.508545 0.370605 0.698039 0.698039 0.698039 #0.501961
v -2.146240 0.467773 1.656982 0.698039 0.698039 0.698039 #0.501961
v -2.035889 0.508545 0.370605 0.698039 0.698039 0.698039 #0.501961
v -2.146240 0.467773 0.335938 0.698039 0.698039 0.698039 #0.501961
v 2.334961 1.319336 0.996338 0.698039 0.698039 0.698039 #0.501961
v 2.264893 1.319336 1.838379 0.698039 0.698039 0.698039 #0.501961
v 2.389404 1.238525 1.838379 0.698039 0.698039 0.698039 #0.501961
v 2.459473 1.238525 0.996338 0.698039 0.698039 0.698039 #0.501961
v 2.389404 1.238525 1.838379 0.698039 0.698039 0.698039 #0.501961
v 2.282471 0.650635 1.838379 0.698039 0.698039 0.698039 #0.501961
v -0.502930 1.647949 2.173828 0.698039 0.698039 0.698039 #0.501961
v -0.383789 1.649902 2.167236 0.698039 0.698039 0.698039 #0.501961
v -0.388672 1.392334 2.135742 0.698039 0.698039 0.698039 #0.501961
v -0.502930 1.647949 2.173828 0.698039 0.698039 0.698039 #0.501961
v -0.388672 1.392334 2.135742 0.698039 0.698039 0.698039 #0.501961
v -0.544434 1.389648 2.142090 0.698039 0.698039 0.698039 #0.501961
v -2.469971 0.781738 1.599854 0.698039 0.698039 0.698039 #0.501961
v -2.469971 0.781738 0.392822 0.698039 0.698039 0.698039 #0.501961
v -2.126465 0.729736 0.428223 0.698039 0.698039 0.698039 #0.501961
v -2.469971 0.781738 1.599854 0.698039 0.698039 0.698039 #0.501961
v -2.126465 0.729736 0.428223 0.698039 0.698039 0.698039 #0.501961
v -2.126465 0.729736 1.564697 0.698039 0.698039 0.698039 #0.501961
v 0.550049 0.495605 2.288574 0.698039 0.698039 0.698039 #0.501961
v -0.771729 0.408691 2.225830 0.698039 0.698039 0.698039 #0.501961
v 0.842773 0.409668 2.342285 0.698039 0.698039 0.698039 #0.501961
v 0.550049 0.495605 -0.295654 0.698039 0.698039 0.698039 #0.501961
v 0.821289 0.781738 -0.357910 0.698039 0.698039 0.698039 #0.501961
v 0.842773 0.409668 -0.349365 0.698039 0.698039 0.698039 #0.501961
v -1.355713 1.389404 1.734131 0.698039 0.698039 0.698039 #0.501961
v -1.355713 1.389404 0.258545 0.698039 0.698039 0.698039 #0.501961
v -1.789307 1.285889 0.204834 0.698039 0.698039 0.698039 #0.501961
v -1.789307 1.285889 1.787842 0.698039 0.698039 0.698039 #0.501961
v -1.789307 1.285889 0.204834 0.698039 0.698039 0.698039 #0.501961
v -2.422852 0.978027 0.392822 0.698039 0.698039 0.698039 #0.501961
v 0.550049 0.495605 2.288574 0.698039 0.698039 0.698039 #0.501961
v 0.821289 0.781738 2.350830 0.698039 0.698039 0.698039 #0.501961
v -0.739258 0.781738 2.303223 0.698039 0.698039 0.698039 #0.501961
v -1.866943 0.067627 2.334473 0.698039 0.698039 0.698039 #0.501961
v -1.866943 0.067627 -0.341309 0.698039 0.698039 0.698039 #0.501961
v -2.268311 0.067627 0.021240 0.698039 0.698039 0.698039 #0.501961
v 0.091064 2.107422 1.699219 0.698039 0.698039 0.698039 #0.501961
v 0.091064 2.107422 0.293701 0.698039 0.698039 0.698039 #0.501961
v -0.186035 2.043213 0.315430 0.698039 0.698039 0.698039 #0.501961
v 0.091064 2.107422 1.699219 0.698039 0.698039 0.698039 #0.501961
v -0.186035 2.043213 0.315430 0.698039 0.698039 0.698039 #0.501961
v -0.186035 2.043213 1.677490 0.698039 0.698039 0.698039 #0.501961
v -0.595947 1.413330 2.095215 0.698039 0.698039 0.698039 #0.501961
v -0.993408 1.411377 2.141846 0.698039 0.698039 0.698039 #0.501961
v -0.898926 1.156250 2.322510 0.698039 0.698039 0.698039 #0.501961
v -0.898926 1.156250 -0.329590 0.698039 0.698039 0.698039 #0.501961
v -0.993408 1.411377 -0.148926 0.698039 0.698039 0.698039 #0.501961
v -0.595947 1.413330 -0.102051 0.698039 0.698039 0.698039 #0.501961
v -0.383789 1.649902 -0.173828 0.698039 0.698039 0.698039 #0.501961
v -0.502930 1.647949 -0.180908 0.698039 0.698039 0.698039 #0.501961
v -0.544434 1.389648 -0.149170 0.698039 0.698039 0.698039 #0.501961
v -0.383789 1.649902 -0.173828 0.698039 0.698039 0.698039 #0.501961
v -0.544434 1.389648 -0.149170 0.698039 0.698039 0.698039 #0.501961
v -0.388672 1.392334 -0.142578 0.698039 0.698039 0.698039 #0.501961
v -2.126465 0.729736 1.564697 0.698039 0.698039 0.698039 #0.501961
v -2.035889 0.508545 1.622070 0.698039 0.698039 0.698039 #0.501961
v -2.217773 0.410889 1.689697 0.698039 0.698039 0.698039 #0.501961
v -2.126465 0.729736 1.564697 0.698039 0.698039 0.698039 #0.501961
v -2.217773 0.410889 1.689697 0.698039 0.698039 0.698039 #0.501961
v -2.469971 0.781738 1.599854 0.698039 0.698039 0.698039 #0.501961
v -2.126465 0.729736 0.428223 0.698039 0.698039 0.698039 #0.501961
v -2.469971 0.781738 0.392822 0.698039 0.698039 0.698039 #0.501961
v -2.217773 0.410889 0.303223 0.698039 0.698039 0.698039 #0.501961
v -2.126465 0.729736 0.428223 0.698039 0.698039 0.698039 #0.501961
v -2.217773 0.410889 0.303223 0.698039 0.698039 0.698039 #0.501961
v -2.035889 0.508545 0.370605 0.698039 0.698039 0.698039 #0.501961
v -1.789307 1.285889 0.204834 0.698039 0.698039 0.698039 #0.501961
v -1.789307 1.285889 1.787842 0.698039 0.698039 0.698039 #0.501961
v -1.355713 1.389404 1.734131 0.698039 0.698039 0.698039 #0.501961
v -2.422852 0.978027 0.392822 0.698039 0.698039 0.698039 #0.501961
v -2.422852 0.978027 1.599854 0.698039 0.698039 0.698039 #0.501961
v -1.789307 1.285889 1.787842 0.698039 0.698039 0.698039 #0.501961
v 1.479980 1.445312 -0.394043 0.698039 0.698039 0.698039 #0.501961
v 1.018555 1.253174 -0.399170 0.698039 0.698039 0.698039 #0.501961
v -0.595947 1.413330 -0.102051 0.698039 0.698039 0.698039 #0.501961
v -0.595947 1.413330 2.095215 0.698039 0.698039 0.698039 #0.501961
v -0.898926 1.156250 2.322510 0.698039 0.698039 0.698039 #0.501961
v 1.018555 1.253174 2.392090 0.698039 0.698039 0.698039 #0.501961
v -1.797852 1.266602 2.047363 0.698039 0.698039 0.698039 #0.501961
v -2.146484 1.046143 1.991211 0.698039 0.698039 0.698039 #0.501961
v -2.056152 1.056641 1.991211 0.698039 0.698039 0.698039 #0.501961
v -2.146484 1.046143 1.991211 0.698039 0.698039 0.698039 #0.501961
v -1.797852 1.266602 2.047363 0.698039 0.698039 0.698039 #0.501961
v -1.797852 1.266602 1.659668 0.698039 0.698039 0.698039 #0.501961
v -2.146484 1.046143 1.991211 0.698039 0.698039 0.698039 #0.501961
v -1.797852 1.266602 1.659668 0.698039 0.698039 0.698039 #0.501961
v -2.146484 1.046143 1.659668 0.698039 0.698039 0.698039 #0.501961
v -2.056152 1.056641 1.659668 0.698039 0.698039 0.698039 #0.501961
v -2.146484 1.046143 1.659668 0.698039 0.698039 0.698039 #0.501961
v -1.797852 1.266602 1.659668 0.698039 0.698039 0.698039 #0.501961
v -2.056152 1.056641 1.991211 0.698039 0.698039 0.698039 #0.501961
v -2.146484 1.046143 1.991211 0.698039 0.698039 0.698039 #0.501961
v -2.146484 1.046143 1.659668 0.698039 0.698039 0.698039 #0.501961
v -2.056152 1.056641 1.991211 0.698039 0.698039 0.698039 #0.501961
v -2.146484 1.046143 1.659668 0.698039 0.698039 0.698039 #0.501961
v -2.056152 1.056641 1.659668 0.698039 0.698039 0.698039 #0.501961
v -1.797852 1.266602 -0.054443 0.698039 0.698039 0.698039 #0.501961
v -1.905762 0.932129 0.001709 0.698039 0.698039 0.698039 #0.501961
v -2.056152 1.056641 0.001709 0.698039 0.698039 0.698039 #0.501961
v -2.146484 1.046143 0.333008 0.698039 0.698039 0.698039 #0.501961
v -1.797852 1.266602 0.333008 0.698039 0.698039 0.698039 #0.501961
v -1.797852 1.266602 -0.054443 0.698039 0.698039 0.698039 #0.501961
v -2.146484 1.046143 0.333008 0.698039 0.698039 0.698039 #0.501961
v -1.797852 1.266602 -0.054443 0.698039 0.698039 0.698039 #0.501961
v -2.146484 1.046143 0.001709 0.698039 0.698039 0.698039 #0.501961
v -1.797852 1.266602 0.333008 0.698039 0.698039 0.698039 #0.501961
v -2.146484 1.046143 0.333008 0.698039 0.698039 0.698039 #0.501961
v -2.056152 1.056641 0.333008 0.698039 0.698039 0.698039 #0.501961
v -2.056152 1.056641 0.001709 0.698039 0.698039 0.698039 #0.501961
v -1.905762 0.932129 0.001709 0.698039 0.698039 0.698039 #0.501961
v -1.905762 0.932129 0.333008 0.698039 0.698039 0.698039 #0.501961
v -2.056152 1.056641 0.001709 0.698039 0.698039 0.698039 #0.501961
v -1.905762 0.932129 0.333008 0.698039 0.698039 0.698039 #0.501961
v -2.056152 1.056641 0.333008 0.698039 0.698039 0.698039 #0.501961
v 1.479980 1.445312 -0.394043 0.698039 0.698039 0.698039 #0.501961
v -0.595947 1.413330 -0.102051 0.698039 0.698039 0.698039 #0.501961
v 0.733643 1.535645 -0.092041 0.698039 0.698039 0.698039 #0.501961
v 0.733643 1.535645 -0.092041 0.698039 0.698039 0.698039 #0.501961
v 1.101318 1.564697 -0.028320 0.698039 0.698039 0.698039 #0.501961
v 1.479980 1.445312 -0.394043 0.698039 0.698039 0.698039 #0.501961
v 0.733643 1.535645 2.085205 0.698039 0.698039 0.698039 #0.501961
v -0.595947 1.413330 2.095215 0.698039 0.698039 0.698039 #0.501961
v 1.479980 1.445312 2.387451 0.698039 0.698039 0.698039 #0.501961
v 1.101318 1.564697 2.021484 0.698039 0.698039 0.698039 #0.501961
v 0.733643 1.535645 2.085205 0.698039 0.698039 0.698039 #0.501961
v 1.479980 1.445312 2.387451 0.698039 0.698039 0.698039 #0.501961
v -0.739258 0.781738 2.303223 0.698039 0.698039 0.698039 #0.501961
v -0.771729 0.408691 2.225830 0.698039 0.698039 0.698039 #0.501961
v 0.550049 0.495605 2.288574 0.698039 0.698039 0.698039 #0.501961
v -2.056152 1.056641 1.659668 0.698039 0.698039 0.698039 #0.501961
v -1.905762 0.932129 1.659668 0.698039 0.698039 0.698039 #0.501961
v -1.905762 0.932129 1.991211 0.698039 0.698039 0.698039 #0.501961
v -2.056152 1.056641 1.659668 0.698039 0.698039 0.698039 #0.501961
v -1.905762 0.932129 1.991211 0.698039 0.698039 0.698039 #0.501961
v -2.056152 1.056641 1.991211 0.698039 0.698039 0.698039 #0.501961
v -2.056152 1.056641 0.333008 0.698039 0.698039 0.698039 #0.501961
v -2.146484 1.046143 0.333008 0.698039 0.698039 0.698039 #0.501961
v -2.146484 1.046143 0.001709 0.698039 0.698039 0.698039 #0.501961
v -2.056152 1.056641 0.333008 0.698039 0.698039 0.698039 #0.501961
v -2.146484 1.046143 0.001709 0.698039 0.698039 0.698039 #0.501961
v -2.056152 1.056641 0.001709 0.698039 0.698039 0.698039 #0.501961
v -2.056152 1.056641 1.991211 0.698039 0.698039 0.698039 #0.501961
v -1.905762 0.932129 1.991211 0.698039 0.698039 0.698039 #0.501961
v -1.797852 1.266602 2.047363 0.698039 0.698039 0.698039 #0.501961
v -1.797852 1.266602 1.659668 0.698039 0.698039 0.698039 #0.501961
v -1.905762 0.932129 1.659668 0.698039 0.698039 0.698039 #0.501961
v -2.056152 1.056641 1.659668 0.698039 0.698039 0.698039 #0.501961
v -2.056152 1.056641 0.001709 0.698039 0.698039 0.698039 #0.501961
v -2.146484 1.046143 0.001709 0.698039 0.698039 0.698039 #0.501961
v -1.797852 1.266602 -0.054443 0.698039 0.698039 0.698039 #0.501961
v -2.056152 1.056641 0.333008 0.698039 0.698039 0.698039 #0.501961
v -1.905762 0.932129 0.333008 0.698039 0.698039 0.698039 #0.501961
v -1.797852 1.266602 0.333008 0.698039 0.698039 0.698039 #0.501961
v -1.533447 0.320557 1.747314 0.698039 0.698039 0.698039 #0.501961
v -2.017090 0.620117 1.747070 0.698039 0.698039 0.698039 #0.501961
v -2.017090 0.620117 0.245605 0.698039 0.698039 0.698039 #0.501961
v -1.533447 0.320557 1.747314 0.698039 0.698039 0.698039 #0.501961
v -2.017090 0.620117 0.245605 0.698039 0.698039 0.698039 #0.501961
v -1.533447 0.320557 0.245361 0.698039 0.698039 0.698039 #0.501961
v -0.388672 1.392334 2.135742 0.698039 0.698039 0.698039 #0.501961
v -0.330078 1.431885 2.426025 0.698039 0.698039 0.698039 #0.501961
v -0.544434 1.389648 2.142090 0.698039 0.698039 0.698039 #0.501961
v -0.388672 1.392334 -0.142578 0.698039 0.698039 0.698039 #0.501961
v -0.544434 1.389648 -0.149170 0.698039 0.698039 0.698039 #0.501961
v -0.330078 1.431885 -0.433105 0.698039 0.698039 0.698039 #0.501961
v -0.186035 2.043213 0.315430 0.698039 0.698039 0.698039 #0.501961
v -1.006348 1.405273 0.215820 0.698039 0.698039 0.698039 #0.501961
v -1.090332 1.405273 0.996338 0.698039 0.698039 0.698039 #0.501961
v -0.186035 2.043213 1.677490 0.698039 0.698039 0.698039 #0.501961
v -0.186035 2.043213 0.315430 0.698039 0.698039 0.698039 #0.501961
v -1.090332 1.405273 0.996338 0.698039 0.698039 0.698039 #0.501961
v -2.268311 0.067627 0.021240 0.698039 0.698039 0.698039 #0.501961
v -2.396973 0.067627 0.996338 0.698039 0.698039 0.698039 #0.501961
v -2.268311 0.067627 1.971680 0.698039 0.698039 0.698039 #0.501961
v 2.364014 0.067627 -0.093262 0.698039 0.698039 0.698039 #0.501961
v 1.804932 0.067627 -0.382080 0.698039 0.698039 0.698039 #0.501961
v 1.804932 0.067627 2.375244 0.698039 0.698039 0.698039 #0.501961
v 2.364014 0.067627 -0.093262 0.698039 0.698039 0.698039 #0.501961
v 1.804932 0.067627 2.375244 0.698039 0.698039 0.698039 #0.501961
v 2.364014 0.067627 2.086426 0.698039 0.698039 0.698039 #0.501961
v 1.804932 0.067627 2.375244 0.698039 0.698039 0.698039 #0.501961
v 1.804932 0.067627 -0.382080 0.698039 0.698039 0.698039 #0.501961
v -1.866943 0.067627 -0.341309 0.698039 0.698039 0.698039 #0.501961
v 1.804932 0.067627 2.375244 0.698039 0.698039 0.698039 #0.501961
v -1.866943 0.067627 -0.341309 0.698039 0.698039 0.698039 #0.501961
v -1.866943 0.067627 2.334473 0.698039 0.698039 0.698039 #0.501961
v -0.869873 1.045654 1.851074 0.698039 0.698039 0.698039 #0.501961
v -1.256348 1.211426 1.747559 0.698039 0.698039 0.698039 #0.501961
v -1.399658 1.211426 2.282227 0.698039 0.698039 0.698039 #0.501961
v -0.869873 1.045654 1.851074 0.698039 0.698039 0.698039 #0.501961
v -1.399658 1.211426 2.282227 0.698039 0.698039 0.698039 #0.501961
v -1.013184 1.045654 2.385742 0.698039 0.698039 0.698039 #0.501961
v -1.256348 1.211426 1.747559 0.698039 0.698039 0.698039 #0.501961
v -1.642822 1.045654 1.644043 0.698039 0.698039 0.698039 #0.501961
v -1.785889 1.045654 2.178711 0.698039 0.698039 0.698039 #0.501961
v -1.256348 1.211426 1.747559 0.698039 0.698039 0.698039 #0.501961
v -1.785889 1.045654 2.178711 0.698039 0.698039 0.698039 #0.501961
v -1.399658 1.211426 2.282227 0.698039 0.698039 0.698039 #0.501961
v -1.013184 1.045654 2.385742 0.698039 0.698039 0.698039 #0.501961
v -1.399658 1.211426 2.282227 0.698039 0.698039 0.698039 #0.501961
v -1.785889 1.045654 2.178711 0.698039 0.698039 0.698039 #0.501961
v -1.642822 1.045654 1.644043 0.698039 0.698039 0.698039 #0.501961
v -1.802979 0.645508 1.601074 0.698039 0.698039 0.698039 #0.501961
v -1.946045 0.645508 2.135742 0.698039 0.698039 0.698039 #0.501961
v -1.642822 1.045654 1.644043 0.698039 0.698039 0.698039 #0.501961
v -1.946045 0.645508 2.135742 0.698039 0.698039 0.698039 #0.501961
v -1.785889 1.045654 2.178711 0.698039 0.698039 0.698039 #0.501961
v -1.802979 0.645508 1.601074 0.698039 0.698039 0.698039 #0.501961
v -1.642822 0.245605 1.644043 0.698039 0.698039 0.698039 #0.501961
v -1.785889 0.245605 2.178711 0.698039 0.698039 0.698039 #0.501961
v -1.802979 0.645508 1.601074 0.698039 0.698039 0.698039 #0.501961
v -1.785889 0.245605 2.178711 0.698039 0.698039 0.698039 #0.501961
v -1.946045 0.645508 2.135742 0.698039 0.698039 0.698039 #0.501961
v -1.642822 0.245605 1.644043 0.698039 0.698039 0.698039 #0.501961
v -1.256348 0.079834 1.747559 0.698039 0.698039 0.698039 #0.501961
v -1.399658 0.079834 2.282227 0.698039 0.698039 0.698039 #0.501961
v -1.642822 0.245605 1.644043 0.698039 0.698039 0.698039 #0.501961
v -1.399658 0.079834 2.282227 0.698039 0.698039 0.698039 #0.501961
v -1.785889 0.245605 2.178711 0.698039 0.698039 0.698039 #0.501961
v -1.256348 0.079834 1.747559 0.698039 0.698039 0.698039 #0.501961
v -0.869873 0.245605 1.851074 0.698039 0.698039 0.698039 #0.501961
v -1.013184 0.245605 2.385742 0.698039 0.698039 0.698039 #0.501961
v -1.256348 0.079834 1.747559 0.698039 0.698039 0.698039 #0.501961
v -1.013184 0.245605 2.385742 0.698039 0.698039 0.698039 #0.501961
v -1.399658 0.079834 2.282227 0.698039 0.698039 0.698039 #0.501961
v -0.869873 0.245605 1.851074 0.698039 0.698039 0.698039 #0.501961
v -0.709961 0.645508 1.894043 0.698039 0.698039 0.698039 #0.501961
v -0.853027 0.645508 2.428711 0.698039 0.698039 0.698039 #0.501961
v -0.869873 0.245605 1.851074 0.698039 0.698039 0.698039 #0.501961
v -0.853027 0.645508 2.428711 0.698039 0.698039 0.698039 #0.501961
v -1.013184 0.245605 2.385742 0.698039 0.698039 0.698039 #0.501961
v -0.709961 0.645508 1.894043 0.698039 0.698039 0.698039 #0.501961
v -0.869873 1.045654 1.851074 0.698039 0.698039 0.698039 #0.501961
v -1.013184 1.045654 2.385742 0.698039 0.698039 0.698039 #0.501961
v -0.709961 0.645508 1.894043 0.698039 0.698039 0.698039 #0.501961
v -1.013184 1.045654 2.385742 0.698039 0.698039 0.698039 #0.501961
v -0.853027 0.645508 2.428711 0.698039 0.698039 0.698039 #0.501961
v -0.869873 1.045654 -0.185547 0.698039 0.698039 0.698039 #0.501961
v -1.256348 1.211426 -0.289062 0.698039 0.698039 0.698039 #0.501961
v -1.399658 1.211426 0.245117 0.698039 0.698039 0.698039 #0.501961
v -0.869873 1.045654 -0.185547 0.698039 0.698039 0.698039 #0.501961
v -1.399658 1.211426 0.245117 0.698039 0.698039 0.698039 #0.501961
v -1.013184 1.045654 0.348633 0.698039 0.698039 0.698039 #0.501961
v -1.256348 1.211426 -0.289062 0.698039 0.698039 0.698039 #0.501961
v -1.642822 1.045654 -0.392578 0.698039 0.698039 0.698039 #0.501961
v -1.785889 1.045654 0.141602 0.698039 0.698039 0.698039 #0.501961
v -1.256348 1.211426 -0.289062 0.698039 0.698039 0.698039 #0.501961
v -1.785889 1.045654 0.141602 0.698039 0.698039 0.698039 #0.501961
v -1.399658 1.211426 0.245117 0.698039 0.698039 0.698039 #0.501961
v -0.869873 0.245605 -0.185547 0.698039 0.698039 0.698039 #0.501961
v -1.256348 0.079834 -0.289062 0.698039 0.698039 0.698039 #0.501961
v -1.642822 0.245605 -0.392578 0.698039 0.698039 0.698039 #0.501961
v -1.642822 1.045654 -0.392578 0.698039 0.698039 0.698039 #0.501961
v -1.802979 0.645508 -0.435547 0.698039 0.698039 0.698039 #0.501961
v -1.946045 0.645508 0.098633 0.698039 0.698039 0.698039 #0.501961
v -1.642822 1.045654 -0.392578 0.698039 0.698039 0.698039 #0.501961
v -1.946045 0.645508 0.098633 0.698039 0.698039 0.698039 #0.501961
v -1.785889 1.045654 0.141602 0.698039 0.698039 0.698039 #0.501961
v -1.802979 0.645508 -0.435547 0.698039 0.698039 0.698039 #0.501961
v -1.642822 0.245605 -0.392578 0.698039 0.698039 0.698039 #0.501961
v -1.785889 0.245605 0.141602 0.698039 0.698039 0.698039 #0.501961
v -1.802979 0.645508 -0.435547 0.698039 0.698039 0.698039 #0.501961
v -1.785889 0.245605 0.141602 0.698039 0.698039 0.698039 #0.501961
v -1.946045 0.645508 0.098633 0.698039 0.698039 0.698039 #0.501961
v -1.642822 0.245605 -0.392578 0.698039 0.698039 0.698039 #0.501961
v -1.256348 0.079834 -0.289062 0.698039 0.698039 0.698039 #0.501961
v -1.399658 0.079834 0.245117 0.698039 0.698039 0.698039 #0.501961
v -1.642822 0.245605 -0.392578 0.698039 0.698039 0.698039 #0.501961
v -1.399658 0.079834 0.245117 0.698039 0.698039 0.698039 #0.501961
v -1.785889 0.245605 0.141602 0.698039 0.698039 0.698039 #0.501961
v -1.256348 0.079834 -0.289062 0.698039 0.698039 0.698039 #0.501961
v -0.869873 0.245605 -0.185547 0.698039 0.698039 0.698039 #0.501961
v -1.013184 0.245605 0.348633 0.698039 0.698039 0.698039 #0.501961
v -1.256348 0.079834 -0.289062 0.698039 0.698039 0.698039 #0.501961
v -1.013184 0.245605 0.348633 0.698039 0.698039 0.698039 #0.501961
v -1.399658 0.079834 0.245117 0.698039 0.698039 0.698039 #0.501961
v -0.869873 0.245605 -0.185547 0.698039 0.698039 0.698039 #0.501961
v -0.709961 0.645508 -0.142578 0.698039 0.698039 0.698039 #0.501961
v -0.853027 0.645508 0.391602 0.698039 0.698039 0.698039 #0.501961
v -0.869873 0.245605 -0.185547 0.698039 0.698039 0.698039 #0.501961
v -0.853027 0.645508 0.391602 0.698039 0.698039 0.698039 #0.501961
v -1.013184 0.245605 0.348633 0.698039 0.698039 0.698039 #0.501961
v -0.709961 0.645508 -0.142578 0.698039 0.698039 0.698039 #0.501961
v -0.869873 1.045654 -0.185547 0.698039 0.698039 0.698039 #0.501961
v -1.013184 1.045654 0.348633 0.698039 0.698039 0.698039 #0.501961
v -0.709961 0.645508 -0.142578 0.698039 0.698039 0.698039 #0.501961
v -1.013184 1.045654 0.348633 0.698039 0.698039 0.698039 #0.501961
v -0.853027 0.645508 0.391602 0.698039 0.698039 0.698039 #0.501961
v -1.642822 1.045654 -0.392578 0.698039 0.698039 0.698039 #0.501961
v -1.256348 1.211426 -0.289062 0.698039 0.698039 0.698039 #0.501961
v -0.869873 1.045654 -0.185547 0.698039 0.698039 0.698039 #0.501961
v -0.709961 0.645508 -0.142578 0.698039 0.698039 0.698039 #0.501961
v -0.869873 0.245605 -0.185547 0.698039 0.698039 0.698039 #0.501961
v -1.642822 0.245605 -0.392578 0.698039 0.698039 0.698039 #0.501961
v -0.709961 0.645508 -0.142578 0.698039 0.698039 0.698039 #0.501961
v -1.642822 0.245605 -0.392578 0.698039 0.698039 0.698039 #0.501961
v -1.802979 0.645508 -0.435547 0.698039 0.698039 0.698039 #0.501961
v -0.869873 1.045654 -0.185547 0.698039 0.698039 0.698039 #0.501961
v -0.709961 0.645508 -0.142578 0.698039 0.698039 0.698039 #0.501961
v -1.802979 0.645508 -0.435547 0.698039 0.698039 0.698039 #0.501961
v -0.869873 1.045654 -0.185547 0.698039 0.698039 0.698039 #0.501961
v -1.802979 0.645508 -0.435547 0.698039 0.698039 0.698039 #0.501961
v -1.642822 1.045654 -0.392578 0.698039 0.698039 0.698039 #0.501961
v -1.785889 0.245605 2.178711 0.698039 0.698039 0.698039 #0.501961
v -1.399658 0.079834 2.282227 0.698039 0.698039 0.698039 #0.501961
v -1.013184 0.245605 2.385742 0.698039 0.698039 0.698039 #0.501961
v -0.853027 0.645508 2.428711 0.698039 0.698039 0.698039 #0.501961
v -1.013184 1.045654 2.385742 0.698039 0.698039 0.698039 #0.501961
v -1.785889 1.045654 2.178711 0.698039 0.698039 0.698039 #0.501961
v -0.853027 0.645508 2.428711 0.698039 0.698039 0.698039 #0.501961
v -1.785889 1.045654 2.178711 0.698039 0.698039 0.698039 #0.501961
v -1.946045 0.645508 2.135742 0.698039 0.698039 0.698039 #0.501961
v -1.013184 0.245605 2.385742 0.698039 0.698039 0.698039 #0.501961
v -0.853027 0.645508 2.428711 0.698039 0.698039 0.698039 #0.501961
v -1.946045 0.645508 2.135742 0.698039 0.698039 0.698039 #0.501961
v -1.013184 0.245605 2.385742 0.698039 0.698039 0.698039 #0.501961
v -1.946045 0.645508 2.135742 0.698039 0.698039 0.698039 #0.501961
v -1.785889 0.245605 2.178711 0.698039 0.698039 0.698039 #0.501961
v -0.739258 0.781738 -0.310059 0.698039 0.698039 0.698039 #0.501961
v -0.739258 0.781738 2.303223 0.698039 0.698039 0.698039 #0.501961
v -0.898926 1.156250 2.322510 0.698039 0.698039 0.698039 #0.501961
v 1.931396 1.169678 -0.350098 0.698039 0.698039 0.698039 #0.501961
v 0.836914 0.716064 -0.350098 0.698039 0.698039 0.698039 #0.501961
v 1.024658 1.169678 -0.350098 0.698039 0.698039 0.698039 #0.501961
v 1.478027 1.357422 1.716064 0.698039 0.698039 0.698039 #0.501961
v 1.024658 1.169678 1.716064 0.698039 0.698039 0.698039 #0.501961
v 1.024658 1.169678 2.343018 0.698039 0.698039 0.698039 #0.501961
v 1.478027 1.357422 1.716064 0.698039 0.698039 0.698039 #0.501961
v 1.024658 1.169678 2.343018 0.698039 0.698039 0.698039 #0.501961
v 1.478027 1.357422 2.343018 0.698039 0.698039 0.698039 #0.501961
v 1.931396 1.169678 2.343018 0.698039 0.698039 0.698039 #0.501961
v 1.478027 1.357422 2.343018 0.698039 0.698039 0.698039 #0.501961
v 1.024658 1.169678 2.343018 0.698039 0.698039 0.698039 #0.501961
v 1.024658 1.169678 1.716064 0.698039 0.698039 0.698039 #0.501961
v 0.836914 0.716064 1.716064 0.698039 0.698039 0.698039 #0.501961
v 0.836914 0.716064 2.343018 0.698039 0.698039 0.698039 #0.501961
v 1.024658 1.169678 1.716064 0.698039 0.698039 0.698039 #0.501961
v 0.836914 0.716064 2.343018 0.698039 0.698039 0.698039 #0.501961
v 1.024658 1.169678 2.343018 0.698039 0.698039 0.698039 #0.501961
v 0.836914 0.716064 1.716064 0.698039 0.698039 0.698039 #0.501961
v 1.024658 0.262695 1.716064 0.698039 0.698039 0.698039 #0.501961
v 1.024658 0.262695 2.343018 0.698039 0.698039 0.698039 #0.501961
v 0.836914 0.716064 1.716064 0.698039 0.698039 0.698039 #0.501961
v 1.024658 0.262695 2.343018 0.698039 0.698039 0.698039 #0.501961
v 0.836914 0.716064 2.343018 0.698039 0.698039 0.698039 #0.501961
v 1.024658 0.262695 1.716064 0.698039 0.698039 0.698039 #0.501961
v 1.478027 0.074951 1.716064 0.698039 0.698039 0.698039 #0.501961
v 1.478027 0.074951 2.343018 0.698039 0.698039 0.698039 #0.501961
v 1.024658 0.262695 1.716064 0.698039 0.698039 0.698039 #0.501961
v 1.478027 0.074951 2.343018 0.698039 0.698039 0.698039 #0.501961
v 1.024658 0.262695 2.343018 0.698039 0.698039 0.698039 #0.501961
v 1.478027 0.074951 1.716064 0.698039 0.698039 0.698039 #0.501961
v 1.931396 0.262695 1.716064 0.698039 0.698039 0.698039 #0.501961
v 1.931396 0.262695 2.343018 0.698039 0.698039 0.698039 #0.501961
v 1.478027 0.074951 1.716064 0.698039 0.698039 0.698039 #0.501961
v 1.931396 0.262695 2.343018 0.698039 0.698039 0.698039 #0.501961
v 1.478027 0.074951 2.343018 0.698039 0.698039 0.698039 #0.501961
v 1.931396 0.262695 1.716064 0.698039 0.698039 0.698039 #0.501961
v 2.119385 0.716064 1.716064 0.698039 0.698039 0.698039 #0.501961
v 2.119385 0.716064 2.343018 0.698039 0.698039 0.698039 #0.501961
v 1.931396 0.262695 1.716064 0.698039 0.698039 0.698039 #0.501961
v 2.119385 0.716064 2.343018 0.698039 0.698039 0.698039 #0.501961
v 1.931396 0.262695 2.343018 0.698039 0.698039 0.698039 #0.501961
v 2.119385 0.716064 1.716064 0.698039 0.698039 0.698039 #0.501961
v 1.931396 1.169678 1.716064 0.698039 0.698039 0.698039 #0.501961
v 1.931396 1.169678 2.343018 0.698039 0.698039 0.698039 #0.501961
v 2.119385 0.716064 1.716064 0.698039 0.698039 0.698039 #0.501961
v 1.931396 1.169678 2.343018 0.698039 0.698039 0.698039 #0.501961
v 2.119385 0.716064 2.343018 0.698039 0.698039 0.698039 #0.501961
v 1.931396 1.169678 1.716064 0.698039 0.698039 0.698039 #0.501961
v 1.478027 1.357422 1.716064 0.698039 0.698039 0.698039 #0.501961
v 1.478027 1.357422 2.343018 0.698039 0.698039 0.698039 #0.501961
v 1.931396 1.169678 1.716064 0.698039 0.698039 0.698039 #0.501961
v 1.478027 1.357422 2.343018 0.698039 0.698039 0.698039 #0.501961
v 1.931396 1.169678 2.343018 0.698039 0.698039 0.698039 #0.501961
v 1.931396 1.169678 -0.350098 0.698039 0.698039 0.698039 #0.501961
v 2.119385 0.716064 -0.350098 0.698039 0.698039 0.698039 #0.501961
v 0.836914 0.716064 -0.350098 0.698039 0.698039 0.698039 #0.501961
v 1.024658 0.262695 -0.350098 0.698039 0.698039 0.698039 #0.501961
v 2.119385 0.716064 -0.350098 0.698039 0.698039 0.698039 #0.501961
v 1.931396 0.262695 -0.350098 0.698039 0.698039 0.698039 #0.501961
v 1.478027 1.357422 -0.350098 0.698039 0.698039 0.698039 #0.501961
v 1.024658 1.169678 -0.350098 0.698039 0.698039 0.698039 #0.501961
v 1.024658 1.169678 0.276611 0.698039 0.698039 0.698039 #0.501961
v 1.478027 1.357422 -0.350098 0.698039 0.698039 0.698039 #0.501961
v 1.024658 1.169678 0.276611 0.698039 0.698039 0.698039 #0.501961
v 1.478027 1.357422 0.276611 0.698039 0.698039 0.698039 #0.501961
v 1.024658 1.169678 -0.350098 0.698039 0.698039 0.698039 #0.501961
v 1.478027 1.357422 -0.350098 0.698039 0.698039 0.698039 #0.501961
v 1.931396 1.169678 -0.350098 0.698039 0.698039 0.698039 #0.501961
v 1.024658 1.169678 -0.350098 0.698039 0.698039 0.698039 #0.501961
v 0.836914 0.716064 -0.350098 0.698039 0.698039 0.698039 #0.501961
v 0.836914 0.716064 0.276611 0.698039 0.698039 0.698039 #0.501961
v 1.024658 1.169678 -0.350098 0.698039 0.698039 0.698039 #0.501961
v 0.836914 0.716064 0.276611 0.698039 0.698039 0.698039 #0.501961
v 1.024658 1.169678 0.276611 0.698039 0.698039 0.698039 #0.501961
v 0.836914 0.716064 -0.350098 0.698039 0.698039 0.698039 #0.501961
v 1.024658 0.262695 -0.350098 0.698039 0.698039 0.698039 #0.501961
v 1.024658 0.262695 0.276611 0.698039 0.698039 0.698039 #0.501961
v 0.836914 0.716064 -0.350098 0.698039 0.698039 0.698039 #0.501961
v 1.024658 0.262695 0.276611 0.698039 0.698039 0.698039 #0.501961
v 0.836914 0.716064 0.276611 0.698039 0.698039 0.698039 #0.501961
v 1.024658 0.262695 -0.350098 0.698039 0.698039 0.698039 #0.501961
v 1.478027 0.074951 -0.350098 0.698039 0.698039 0.698039 #0.501961
v 1.478027 0.074951 0.276611 0.698039 0.698039 0.698039 #0.501961
v 1.024658 0.262695 -0.350098 0.698039 0.698039 0.698039 #0.501961
v 1.478027 0.074951 0.276611 0.698039 0.698039 0.698039 #0.501961
v 1.024658 0.262695 0.276611 0.698039 0.698039 0.698039 #0.501961
v 1.478027 0.074951 -0.350098 0.698039 0.698039 0.698039 #0.501961
v 1.931396 0.262695 -0.350098 0.698039 0.698039 0.698039 #0.501961
v 1.931396 0.262695 0.276611 0.698039 0.698039 0.698039 #0.501961
v 1.478027 0.074951 -0.350098 0.698039 0.698039 0.698039 #0.501961
v 1.931396 0.262695 0.276611 0.698039 0.698039 0.698039 #0.501961
v 1.478027 0.074951 0.276611 0.698039 0.698039 0.698039 #0.501961
v 1.931396 0.262695 -0.350098 0.698039 0.698039 0.698039 #0.501961
v 2.119385 0.716064 -0.350098 0.698039 0.698039 0.698039 #0.501961
v 2.119385 0.716064 0.276611 0.698039 0.698039 0.698039 #0.501961
v 1.931396 0.262695 -0.350098 0.698039 0.698039 0.698039 #0.501961
v 2.119385 0.716064 0.276611 0.698039 0.698039 0.698039 #0.501961
v 1.931396 0.262695 0.276611 0.698039 0.698039 0.698039 #0.501961
v 2.119385 0.716064 -0.350098 0.698039 0.698039 0.698039 #0.501961
v 1.931396 1.169678 -0.350098 0.698039 0.698039 0.698039 #0.501961
v 1.931396 1.169678 0.276611 0.698039 0.698039 0.698039 #0.501961
v 2.119385 0.716064 -0.350098 0.698039 0.698039 0.698039 #0.501961
v 1.931396 1.169678 0.276611 0.698039 0.698039 0.698039 #0.501961
v 2.119385 0.716064 0.276611 0.698039 0.698039 0.698039 #0.501961
v 1.931396 1.169678 -0.350098 0.698039 0.698039 0.698039 #0.501961
v 1.478027 1.357422 -0.350098 0.698039 0.698039 0.698039 #0.501961
v 1.478027 1.357422 0.276611 0.698039 0.698039 0.698039 #0.501961
v 1.931396 1.169678 -0.350098 0.698039 0.698039 0.698039 #0.501961
v 1.478027 1.357422 0.276611 0.698039 0.698039 0.698039 #0.501961
v 1.931396 1.169678 0.276611 0.698039 0.698039 0.698039 #0.501961
v 1.024658 0.262695 2.343018 0.698039 0.698039 0.698039 #0.501961
v 1.478027 0.074951 2.343018 0.698039 0.698039 0.698039 #0.501961
v 1.931396 0.262695 2.343018 0.698039 0.698039 0.698039 #0.501961
v 1.024658 1.169678 2.343018 0.698039 0.698039 0.698039 #0.501961
v 0.836914 0.716064 2.343018 0.698039 0.698039 0.698039 #0.501961
v 2.119385 0.716064 2.343018 0.698039 0.698039 0.698039 #0.501961
v 1.024658 1.169678 2.343018 0.698039 0.698039 0.698039 #0.501961
v 2.119385 0.716064 2.343018 0.698039 0.698039 0.698039 #0.501961
v 1.931396 1.169678 2.343018 0.698039 0.698039 0.698039 #0.501961
v 1.931396 0.262695 2.343018 0.698039 0.698039 0.698039 #0.501961
v 2.119385 0.716064 2.343018 0.698039 0.698039 0.698039 #0.501961
v 0.836914 0.716064 2.343018 0.698039 0.698039 0.698039 #0.501961
v 1.931396 0.262695 2.343018 0.698039 0.698039 0.698039 #0.501961
v 0.836914 0.716064 2.343018 0.698039 0.698039 0.698039 #0.501961
v 1.024658 0.262695 2.343018 0.698039 0.698039 0.698039 #0.501961
v 1.931396 0.262695 -0.350098 0.698039 0.698039 0.698039 #0.501961
v 1.478027 0.074951 -0.350098 0.698039 0.698039 0.698039 #0.501961
v 1.024658 0.262695 -0.350098 0.698039 0.698039 0.698039 #0.501961
v 1.024658 0.262695 -0.350098 0.698039 0.698039 0.698039 #0.501961
v 0.836914 0.716064 -0.350098 0.698039 0.698039 0.698039 #0.501961
v 2.119385 0.716064 -0.350098 0.698039 0.698039 0.698039 #0.501961
v -0.771729 0.408691 -0.232910 0.698039 0.698039 0.698039 #0.501961
v -0.771729 0.408691 2.225830 0.698039 0.698039 0.698039 #0.501961
v -0.739258 0.781738 2.303223 0.698039 0.698039 0.698039 #0.501961
v 2.147705 0.803711 -0.236572 0.698039 0.698039 0.698039 #0.501961
v 2.147705 0.803711 2.229736 0.698039 0.698039 0.698039 #0.501961
v 1.964355 1.238525 2.316650 0.698039 0.698039 0.698039 #0.501961
v 0.821289 0.781738 2.350830 0.698039 0.698039 0.698039 #0.501961
v 0.821289 0.781738 -0.357910 0.698039 0.698039 0.698039 #0.501961
v 1.018555 1.253174 -0.399170 0.698039 0.698039 0.698039 #0.501961
v -0.771729 0.408691 -0.232910 0.698039 0.698039 0.698039 #0.501961
v 0.842773 0.409668 -0.349365 0.698039 0.698039 0.698039 #0.501961
v 0.842773 0.409668 2.342285 0.698039 0.698039 0.698039 #0.501961
v -1.355713 1.389404 1.734131 0.698039 0.698039 0.698039 #0.501961
v -1.006348 1.405273 1.776855 0.698039 0.698039 0.698039 #0.501961
v -1.090332 1.405273 0.996338 0.698039 0.698039 0.698039 #0.501961
v -1.090332 1.405273 0.996338 0.698039 0.698039 0.698039 #0.501961
v -1.355713 1.389404 0.258545 0.698039 0.698039 0.698039 #0.501961
v -1.355713 1.389404 1.734131 0.698039 0.698039 0.698039 #0.501961
v -2.268311 0.067627 0.021240 0.698039 0.698039 0.698039 #0.501961
v -2.268311 0.067627 1.971680 0.698039 0.698039 0.698039 #0.501961
v -1.866943 0.067627 2.334473 0.698039 0.698039 0.698039 #0.501961
v 0.821289 0.781738 2.350830 0.698039 0.698039 0.698039 #0.501961
v 0.842773 0.409668 2.342285 0.698039 0.698039 0.698039 #0.501961
v 0.842773 0.409668 -0.349365 0.698039 0.698039 0.698039 #0.501961
v -0.739258 0.781738 2.303223 0.698039 0.698039 0.698039 #0.501961
v -0.739258 0.781738 -0.310059 0.698039 0.698039 0.698039 #0.501961
v -0.771729 0.408691 -0.232910 0.698039 0.698039 0.698039 #0.501961
v 0.842773 0.409668 -0.349365 0.698039 0.698039 0.698039 #0.501961
v 0.821289 0.781738 -0.357910 0.698039 0.698039 0.698039 #0.501961
v 0.821289 0.781738 2.350830 0.698039 0.698039 0.698039 #0.501961
v 0.842773 0.409668 2.342285 0.698039 0.698039 0.698039 #0.501961
v -0.771729 0.408691 2.225830 0.698039 0.698039 0.698039 #0.501961
v -0.771729 0.408691 -0.232910 0.698039 0.698039 0.698039 #0.501961
v 0.550049 0.495605 -0.295654 0.698039 0.698039 0.698039 #0.501961
v -0.771729 0.408691 -0.232910 0.698039 0.698039 0.698039 #0.501961
v -0.739258 0.781738 -0.310059 0.698039 0.698039 0.698039 #0.501961
v 1.714355 1.593262 1.603760 0.698039 0.698039 0.698039 #0.501961
v 2.146484 1.560059 1.838379 0.698039 0.698039 0.698039 #0.501961
v 2.201904 1.617676 0.996338 0.698039 0.698039 0.698039 #0.501961
v 2.264893 1.319336 1.838379 0.698039 0.698039 0.698039 #0.501961
v 2.334961 1.319336 0.996338 0.698039 0.698039 0.698039 #0.501961
v 2.201904 1.617676 0.996338 0.698039 0.698039 0.698039 #0.501961
v 1.910645 1.798828 0.079102 0.698039 0.698039 0.698039 #0.501961
v 1.501709 1.492920 -0.255371 0.698039 0.698039 0.698039 #0.501961
v 2.082764 1.523926 -0.005371 0.698039 0.698039 0.698039 #0.501961
v 1.501709 1.492920 -0.255371 0.698039 0.698039 0.698039 #0.501961
v 1.910645 1.798828 0.079102 0.698039 0.698039 0.698039 #0.501961
v 2.241211 1.839111 0.120361 0.698039 0.698039 0.698039 #0.501961
v 2.241211 1.839111 1.872314 0.698039 0.698039 0.698039 #0.501961
v 1.910645 1.798828 1.913574 0.698039 0.698039 0.698039 #0.501961
v 1.501709 1.492920 2.248291 0.698039 0.698039 0.698039 #0.501961
v -1.324951 1.323242 2.362793 0.698039 0.698039 0.698039 #0.501961
v -1.324951 1.323242 -0.369873 0.698039 0.698039 0.698039 #0.501961
v -0.898926 1.156250 -0.329590 0.698039 0.698039 0.698039 #0.501961
v -1.324951 1.323242 -0.369873 0.698039 0.698039 0.698039 #0.501961
v -1.324951 1.323242 2.362793 0.698039 0.698039 0.698039 #0.501961
v -1.754395 1.151367 2.334229 0.698039 0.698039 0.698039 #0.501961
v 1.479980 1.445312 -0.394043 0.698039 0.698039 0.698039 #0.501961
v 1.479980 1.445312 2.387451 0.698039 0.698039 0.698039 #0.501961
v 1.018555 1.253174 2.392090 0.698039 0.698039 0.698039 #0.501961
v 1.479980 1.445312 2.387451 0.698039 0.698039 0.698039 #0.501961
v 1.479980 1.445312 -0.394043 0.698039 0.698039 0.698039 #0.501961
v 1.964355 1.238525 -0.323730 0.698039 0.698039 0.698039 #0.501961
v -1.785889 1.045654 0.141602 0.698039 0.698039 0.698039 #0.501961
v -1.013184 1.045654 0.348633 0.698039 0.698039 0.698039 #0.501961
v -1.399658 1.211426 0.245117 0.698039 0.698039 0.698039 #0.501961
v -1.785889 1.045654 0.141602 0.698039 0.698039 0.698039 #0.501961
v -1.946045 0.645508 0.098633 0.698039 0.698039 0.698039 #0.501961
v -1.013184 1.045654 0.348633 0.698039 0.698039 0.698039 #0.501961
v -1.013184 1.045654 0.348633 0.698039 0.698039 0.698039 #0.501961
v -1.946045 0.645508 0.098633 0.698039 0.698039 0.698039 #0.501961
v -1.785889 0.245605 0.141602 0.698039 0.698039 0.698039 #0.501961
v -1.013184 1.045654 0.348633 0.698039 0.698039 0.698039 #0.501961
v -1.785889 0.245605 0.141602 0.698039 0.698039 0.698039 #0.501961
v -0.853027 0.645508 0.391602 0.698039 0.698039 0.698039 #0.501961
v -0.853027 0.645508 0.391602 0.698039 0.698039 0.698039 #0.501961
v -1.785889 0.245605 0.141602 0.698039 0.698039 0.698039 #0.501961
v -1.399658 0.079834 0.245117 0.698039 0.698039 0.698039 #0.501961
v -0.853027 0.645508 0.391602 0.698039 0.698039 0.698039 #0.501961
v -1.399658 0.079834 0.245117 0.698039 0.698039 0.698039 #0.501961
v -1.013184 0.245605 0.348633 0.698039 0.698039 0.698039 #0.501961
v 1.024658 1.169678 0.276611 0.698039 0.698039 0.698039 #0.501961
v 0.836914 0.716064 0.276611 0.698039 0.698039 0.698039 #0.501961
v 1.478027 1.357422 0.276611 0.698039 0.698039 0.698039 #0.501961
v 1.478027 1.357422 0.276611 0.698039 0.698039 0.698039 #0.501961
v 0.836914 0.716064 0.276611 0.698039 0.698039 0.698039 #0.501961
v 1.931396 1.169678 0.276611 0.698039 0.698039 0.698039 #0.501961
v 1.931396 1.169678 0.276611 0.698039 0.698039 0.698039 #0.501961
v 0.836914 0.716064 0.276611 0.698039 0.698039 0.698039 #0.501961
v 1.024658 0.262695 0.276611 0.698039 0.698039 0.698039 #0.501961
v 1.931396 1.169678 0.276611 0.698039 0.698039 0.698039 #0.501961
v 1.024658 0.262695 0.276611 0.698039 0.698039 0.698039 #0.501961
v 2.119385 0.716064 0.276611 0.698039 0.698039 0.698039 #0.501961
v 2.119385 0.716064 0.276611 0.698039 0.698039 0.698039 #0.501961
v 1.024658 0.262695 0.276611 0.698039 0.698039 0.698039 #0.501961
v 1.478027 0.074951 0.276611 0.698039 0.698039 0.698039 #0.501961
v 2.119385 0.716064 0.276611 0.698039 0.698039 0.698039 #0.501961
v 1.478027 0.074951 0.276611 0.698039 0.698039 0.698039 #0.501961
v 1.931396 0.262695 0.276611 0.698039 0.698039 0.698039 #0.501961
v 1.478027 1.357422 1.716064 0.698039 0.698039 0.698039 #0.501961
v 1.931396 1.169678 1.716064 0.698039 0.698039 0.698039 #0.501961
v 1.024658 1.169678 1.716064 0.698039 0.698039 0.698039 #0.501961
v 1.024658 1.169678 1.716064 0.698039 0.698039 0.698039 #0.501961
v 1.931396 1.169678 1.716064 0.698039 0.698039 0.698039 #0.501961
v 0.836914 0.716064 1.716064 0.698039 0.698039 0.698039 #0.501961
v 1.931396 1.169678 1.716064 0.698039 0.698039 0.698039 #0.501961
v 2.119385 0.716064 1.716064 0.698039 0.698039 0.698039 #0.501961
v 0.836914 0.716064 1.716064 0.698039 0.698039 0.698039 #0.501961
v 0.836914 0.716064 1.716064 0.698039 0.698039 0.698039 #0.501961
v 2.119385 0.716064 1.716064 0.698039 0.698039 0.698039 #0.501961
v 1.024658 0.262695 1.716064 0.698039 0.698039 0.698039 #0.501961
v 2.119385 0.716064 1.716064 0.698039 0.698039 0.698039 #0.501961
v 1.931396 0.262695 1.716064 0.698039 0.698039 0.698039 #0.501961
v 1.024658 0.262695 1.716064 0.698039 0.698039 0.698039 #0.501961
v 1.931396 0.262695 1.716064 0.698039 0.698039 0.698039 #0.501961
v 1.478027 0.074951 1.716064 0.698039 0.698039 0.698039 #0.501961
v 1.024658 0.262695 1.716064 0.698039 0.698039 0.698039 #0.501961
v -1.256348 1.211426 1.747559 0.698039 0.698039 0.698039 #0.501961
v -0.869873 1.045654 1.851074 0.698039 0.698039 0.698039 #0.501961
v -1.642822 1.045654 1.644043 0.698039 0.698039 0.698039 #0.501961
v -1.642822 1.045654 1.644043 0.698039 0.698039 0.698039 #0.501961
v -0.869873 1.045654 1.851074 0.698039 0.698039 0.698039 #0.501961
v -1.802979 0.645508 1.601074 0.698039 0.698039 0.698039 #0.501961
v -0.869873 1.045654 1.851074 0.698039 0.698039 0.698039 #0.501961
v -0.709961 0.645508 1.894043 0.698039 0.698039 0.698039 #0.501961
v -1.802979 0.645508 1.601074 0.698039 0.698039 0.698039 #0.501961
v -0.709961 0.645508 1.894043 0.698039 0.698039 0.698039 #0.501961
v -1.642822 0.245605 1.644043 0.698039 0.698039 0.698039 #0.501961
v -1.802979 0.645508 1.601074 0.698039 0.698039 0.698039 #0.501961
v -0.709961 0.645508 1.894043 0.698039 0.698039 0.698039 #0.501961
v -0.869873 0.245605 1.851074 0.698039 0.698039 0.698039 #0.501961
v -1.642822 0.245605 1.644043 0.698039 0.698039 0.698039 #0.501961
v -1.642822 0.245605 1.644043 0.698039 0.698039 0.698039 #0.501961
v -0.869873 0.245605 1.851074 0.698039 0.698039 0.698039 #0.501961
v -1.256348 0.079834 1.747559 0.698039 0.698039 0.698039 #0.501961
v 1.964355 1.238525 2.316650 0.698039 0.698039 0.698039 #0.501961
v 1.964355 1.238525 -0.323730 0.698039 0.698039 0.698039 #0.501961
v 2.147705 0.803711 -0.236572 0.698039 0.698039 0.698039 #0.501961
v 1.964355 1.238525 -0.323730 0.698039 0.698039 0.698039 #0.501961
v 1.964355 1.238525 2.316650 0.698039 0.698039 0.698039 #0.501961
v 1.479980 1.445312 2.387451 0.698039 0.698039 0.698039 #0.501961
v 1.018555 1.253174 2.392090 0.698039 0.698039 0.698039 #0.501961
v 1.018555 1.253174 -0.399170 0.698039 0.698039 0.698039 #0.501961
v 1.479980 1.445312 -0.394043 0.698039 0.698039 0.698039 #0.501961
v 1.018555 1.253174 -0.399170 0.698039 0.698039 0.698039 #0.501961
v 1.018555 1.253174 2.392090 0.698039 0.698039 0.698039 #0.501961
v 0.821289 0.781738 2.350830 0.698039 0.698039 0.698039 #0.501961
v -0.898926 1.156250 2.322510 0.698039 0.698039 0.698039 #0.501961
v -0.898926 1.156250 -0.329590 0.698039 0.698039 0.698039 #0.501961
v -0.739258 0.781738 -0.310059 0.698039 0.698039 0.698039 #0.501961
v -0.898926 1.156250 -0.329590 0.698039 0.698039 0.698039 #0.501961
v -0.898926 1.156250 2.322510 0.698039 0.698039 0.698039 #0.501961
v -1.324951 1.323242 2.362793 0.698039 0.698039 0.698039 #0.501961
v -1.754395 1.151367 2.334229 0.698039 0.698039 0.698039 #0.501961
v -1.754395 1.151367 -0.341064 0.698039 0.698039 0.698039 #0.501961
v -1.324951 1.323242 -0.369873 0.698039 0.698039 0.698039 #0.501961
v -1.754395 1.151367 -0.341064 0.698039 0.698039 0.698039 #0.501961
v -1.754395 1.151367 2.334229 0.698039 0.698039 0.698039 #0.501961
v -1.911621 0.781738 2.286865 0.698039 0.698039 0.698039 #0.501961
vt 0.058350 0.988037 0.000000
vt 0.058350 0.988037 0.000000
vt 0.003906 0.933594 0.000000
vt 0.058350 0.988037 0.000000
vt 0.003906 0.933594 0.000000
vt 0.003906 0.933594 0.000000
vt 0.058350 0.988037 0.000000
vt 0.112061 0.933594 0.000000
vt 0.058350 0.879883 0.000000
vt 0.058350 0.988037 0.000000
vt 0.058350 0.879883 0.000000
vt 0.003906 0.933594 0.000000
vt 0.112061 0.933594 0.000000
vt 0.112061 0.933594 0.000000
vt 0.058350 0.879883 0.000000
vt 0.112061 0.933594 0.000000
vt 0.058350 0.879883 0.000000
vt 0.058350 0.879883 0.000000
vt 0.003906 0.933594 0.000000
vt 0.003906 0.933594 0.000000
vt 0.058350 0.879883 0.000000
vt 0.003906 0.933594 0.000000
vt 0.058350 0.879883 0.000000
vt 0.058350 0.879883 0.000000
vt 0.112061 0.933594 0.000000
vt 0.112061 0.933594 0.000000
vt 0.058350 0.988037 0.000000
vt 0.112061 0.933594 0.000000
vt 0.058350 0.988037 0.000000
vt 0.058350 0.988037 0.000000
vt 0.279785 0.423584 0.000000
vt 0.280762 0.423584 0.000000
vt 0.280762 0.460205 0.000000
vt 0.279785 0.423584 0.000000
vt 0.280762 0.460205 0.000000
vt 0.279785 0.460205 0.000000
vt 0.276611 0.170654 0.000000
vt 0.276611 0.170654 0.000000
vt 0.234131 0.231934 0.000000
vt 0.279785 0.460205 0.000000
vt 0.277588 0.460205 0.000000
vt 0.277588 0.423584 0.000000
vt 0.279785 0.460205 0.000000
vt 0.277588 0.423584 0.000000
vt 0.279785 0.423584 0.000000
vt 0.215088 0.460205 0.000000
vt 0.214111 0.460205 0.000000
vt 0.214111 0.423584 0.000000
vt 0.215088 0.460205 0.000000
vt 0.214111 0.423584 0.000000
vt 0.215088 0.423584 0.000000
vt 0.215088 0.423584 0.000000
vt 0.216064 0.423584 0.000000
vt 0.216064 0.460205 0.000000
vt 0.215088 0.423584 0.000000
vt 0.216064 0.460205 0.000000
vt 0.215088 0.460205 0.000000
vt 0.207275 0.424561 0.000000
vt 0.206299 0.415527 0.000000
vt 0.192383 0.475098 0.000000
vt 0.207275 0.424561 0.000000
vt 0.192383 0.475098 0.000000
vt 0.200195 0.469238 0.000000
vt 0.143799 0.701416 0.000000
vt 0.143799 0.662598 0.000000
vt 0.352051 0.662598 0.000000
vt 0.143799 0.701416 0.000000
vt 0.352051 0.662598 0.000000
vt 0.352051 0.701416 0.000000
vt 0.302490 0.447266 0.000000
vt 0.315430 0.456299 0.000000
vt 0.315430 0.484131 0.000000
vt 0.302490 0.447266 0.000000
vt 0.315430 0.484131 0.000000
vt 0.301514 0.491943 0.000000
vt 0.506836 0.929443 0.000000
vt 0.505859 0.915771 0.000000
vt 0.501953 0.988037 0.000000
vt 0.506836 0.929443 0.000000
vt 0.501953 0.988037 0.000000
vt 0.506836 0.978271 0.000000
vt 0.302490 0.447266 0.000000
vt 0.302490 0.447266 0.000000
vt 0.315430 0.456299 0.000000
vt 0.193359 0.491943 0.000000
vt 0.179443 0.484131 0.000000
vt 0.179443 0.456299 0.000000
vt 0.193359 0.491943 0.000000
vt 0.179443 0.456299 0.000000
vt 0.191406 0.447266 0.000000
vt 0.506836 0.978271 0.000000
vt 0.501953 0.988037 0.000000
vt 0.505859 0.915771 0.000000
vt 0.506836 0.978271 0.000000
vt 0.505859 0.915771 0.000000
vt 0.506836 0.929443 0.000000
vt 0.179443 0.456299 0.000000
vt 0.191406 0.447266 0.000000
vt 0.191406 0.447266 0.000000
vt 0.003906 0.182373 0.000000
vt 0.094238 0.270752 0.000000
vt 0.082275 0.182373 0.000000
vt 0.422607 0.360107 0.000000
vt 0.414551 0.461182 0.000000
vt 0.491943 0.461182 0.000000
vt 0.422607 0.360107 0.000000
vt 0.491943 0.461182 0.000000
vt 0.484131 0.360107 0.000000
vt 0.471191 0.650635 0.000000
vt 0.397705 0.650635 0.000000
vt 0.422607 0.751953 0.000000
vt 0.383789 0.461182 0.000000
vt 0.414551 0.461182 0.000000
vt 0.422607 0.360107 0.000000
vt 0.383789 0.461182 0.000000
vt 0.422607 0.360107 0.000000
vt 0.360107 0.360107 0.000000
vt 0.073242 0.360107 0.000000
vt 0.073242 0.313477 0.000000
vt 0.003906 0.313477 0.000000
vt 0.073242 0.360107 0.000000
vt 0.003906 0.313477 0.000000
vt 0.011719 0.360107 0.000000
vt 0.114014 0.044434 0.000000
vt 0.124023 0.095215 0.000000
vt 0.026611 0.135742 0.000000
vt 0.099121 0.650635 0.000000
vt 0.074219 0.751953 0.000000
vt 0.134766 0.768799 0.000000
vt 0.818359 0.270752 0.000000
vt 0.386719 0.271729 0.000000
vt 0.739990 0.250977 0.000000
vt 0.387939 0.570312 0.000000
vt 0.397705 0.650635 0.000000
vt 0.471191 0.650635 0.000000
vt 0.352051 0.094238 0.000000
vt 0.394775 0.182373 0.000000
vt 0.812500 0.182373 0.000000
vt 0.352051 0.094238 0.000000
vt 0.812500 0.182373 0.000000
vt 0.864990 0.070312 0.000000
vt 0.229980 0.019775 0.000000
vt 0.239014 0.054443 0.000000
vt 0.124023 0.095215 0.000000
vt 0.229980 0.019775 0.000000
vt 0.124023 0.095215 0.000000
vt 0.114014 0.044434 0.000000
vt 0.818359 0.270752 0.000000
vt 0.812500 0.182373 0.000000
vt 0.739990 0.250977 0.000000
vt 0.465332 0.502930 0.000000
vt 0.395752 0.504883 0.000000
vt 0.387939 0.570312 0.000000
vt 0.248047 0.520752 0.000000
vt 0.101074 0.504883 0.000000
vt 0.109131 0.570312 0.000000
vt 0.352051 0.094238 0.000000
vt 0.239014 0.054443 0.000000
vt 0.229980 0.019775 0.000000
vt 0.352051 0.094238 0.000000
vt 0.229980 0.019775 0.000000
vt 0.327393 0.032715 0.000000
vt 0.182373 0.988037 0.000000
vt 0.127930 0.980225 0.000000
vt 0.158691 0.786621 0.000000
vt 0.182373 0.988037 0.000000
vt 0.158691 0.786621 0.000000
vt 0.182373 0.778809 0.000000
vt 0.437500 0.988037 0.000000
vt 0.437500 0.778809 0.000000
vt 0.461182 0.786621 0.000000
vt 0.437500 0.988037 0.000000
vt 0.461182 0.786621 0.000000
vt 0.491943 0.980225 0.000000
vt 0.205322 0.382812 0.000000
vt 0.208252 0.382812 0.000000
vt 0.197266 0.485107 0.000000
vt 0.205322 0.382812 0.000000
vt 0.197266 0.485107 0.000000
vt 0.195312 0.488037 0.000000
vt 0.208252 0.382812 0.000000
vt 0.205322 0.382812 0.000000
vt 0.214111 0.369873 0.000000
vt 0.394775 0.182373 0.000000
vt 0.812500 0.182373 0.000000
vt 0.739990 0.250977 0.000000
vt 0.538574 0.406738 0.000000
vt 0.506836 0.406738 0.000000
vt 0.522705 0.518799 0.000000
vt 0.593262 0.391846 0.000000
vt 0.593262 0.321289 0.000000
vt 0.537598 0.345215 0.000000
vt 0.593262 0.391846 0.000000
vt 0.537598 0.345215 0.000000
vt 0.538574 0.391846 0.000000
vt 0.739990 0.313477 0.000000
vt 0.593262 0.321289 0.000000
vt 0.593262 0.391846 0.000000
vt 0.218262 0.457275 0.000000
vt 0.204346 0.458252 0.000000
vt 0.207275 0.462158 0.000000
vt 0.536621 0.778809 0.000000
vt 0.546631 0.931641 0.000000
vt 0.548584 0.924561 0.000000
vt 0.902832 0.406738 0.000000
vt 0.902832 0.554443 0.000000
vt 0.949463 0.554443 0.000000
vt 0.902832 0.406738 0.000000
vt 0.949463 0.554443 0.000000
vt 0.952393 0.406738 0.000000
vt 0.894775 0.391846 0.000000
vt 0.894775 0.321289 0.000000
vt 0.739990 0.313477 0.000000
vt 0.894775 0.391846 0.000000
vt 0.739990 0.313477 0.000000
vt 0.739990 0.383789 0.000000
vt 0.532715 0.579346 0.000000
vt 0.530762 0.607178 0.000000
vt 0.512939 0.579346 0.000000
vt 0.518799 0.623047 0.000000
vt 0.553467 0.653809 0.000000
vt 0.507812 0.703369 0.000000
vt 0.518799 0.623047 0.000000
vt 0.507812 0.703369 0.000000
vt 0.496094 0.690430 0.000000
vt 0.295654 0.462158 0.000000
vt 0.289551 0.458252 0.000000
vt 0.313477 0.482178 0.000000
vt 0.275635 0.457275 0.000000
vt 0.246826 0.453369 0.000000
vt 0.246826 0.453369 0.000000
vt 0.275635 0.457275 0.000000
vt 0.246826 0.453369 0.000000
vt 0.286621 0.462158 0.000000
vt 0.957275 0.391846 0.000000
vt 0.957275 0.345215 0.000000
vt 0.894775 0.321289 0.000000
vt 0.957275 0.391846 0.000000
vt 0.894775 0.321289 0.000000
vt 0.894775 0.391846 0.000000
vt 0.739990 0.406738 0.000000
vt 0.739990 0.554443 0.000000
vt 0.902832 0.554443 0.000000
vt 0.739990 0.406738 0.000000
vt 0.902832 0.554443 0.000000
vt 0.902832 0.406738 0.000000
vt 0.593262 0.554443 0.000000
vt 0.739990 0.554443 0.000000
vt 0.739990 0.406738 0.000000
vt 0.538574 0.406738 0.000000
vt 0.546631 0.554443 0.000000
vt 0.593262 0.554443 0.000000
vt 0.538574 0.406738 0.000000
vt 0.593262 0.554443 0.000000
vt 0.597168 0.409668 0.000000
vt 0.512939 0.579346 0.000000
vt 0.530762 0.607178 0.000000
vt 0.532715 0.579346 0.000000
vt 0.972168 0.515869 0.000000
vt 0.988037 0.406738 0.000000
vt 0.952393 0.406738 0.000000
vt 0.538574 0.391846 0.000000
vt 0.538574 0.406738 0.000000
vt 0.597168 0.409668 0.000000
vt 0.538574 0.391846 0.000000
vt 0.597168 0.409668 0.000000
vt 0.593262 0.391846 0.000000
vt 0.597168 0.409668 0.000000
vt 0.739990 0.406738 0.000000
vt 0.739990 0.383789 0.000000
vt 0.739990 0.383789 0.000000
vt 0.739990 0.406738 0.000000
vt 0.902832 0.406738 0.000000
vt 0.739990 0.383789 0.000000
vt 0.902832 0.406738 0.000000
vt 0.894775 0.391846 0.000000
vt 0.894775 0.391846 0.000000
vt 0.902832 0.406738 0.000000
vt 0.952393 0.406738 0.000000
vt 0.894775 0.391846 0.000000
vt 0.952393 0.406738 0.000000
vt 0.957275 0.391846 0.000000
vt 0.011719 0.360107 0.000000
vt 0.003906 0.461182 0.000000
vt 0.089111 0.461182 0.000000
vt 0.011719 0.360107 0.000000
vt 0.089111 0.461182 0.000000
vt 0.073242 0.360107 0.000000
vt 0.135742 0.313477 0.000000
vt 0.073242 0.313477 0.000000
vt 0.073242 0.360107 0.000000
vt 0.135742 0.313477 0.000000
vt 0.073242 0.360107 0.000000
vt 0.135742 0.360107 0.000000
vt 0.484131 0.360107 0.000000
vt 0.491943 0.313477 0.000000
vt 0.422607 0.313477 0.000000
vt 0.484131 0.360107 0.000000
vt 0.422607 0.313477 0.000000
vt 0.422607 0.360107 0.000000
vt 0.195312 0.488037 0.000000
vt 0.197266 0.485107 0.000000
vt 0.193359 0.488037 0.000000
vt 0.229980 0.019775 0.000000
vt 0.239014 0.054443 0.000000
vt 0.352051 0.094238 0.000000
vt 0.229980 0.019775 0.000000
vt 0.352051 0.094238 0.000000
vt 0.327393 0.032715 0.000000
vt 0.295654 0.462158 0.000000
vt 0.298584 0.467285 0.000000
vt 0.288574 0.377930 0.000000
vt 0.295654 0.462158 0.000000
vt 0.288574 0.377930 0.000000
vt 0.286621 0.381836 0.000000
vt 0.529785 0.804443 0.000000
vt 0.541504 0.934570 0.000000
vt 0.534668 0.940430 0.000000
vt 0.114014 0.044434 0.000000
vt 0.124023 0.095215 0.000000
vt 0.239014 0.054443 0.000000
vt 0.114014 0.044434 0.000000
vt 0.239014 0.054443 0.000000
vt 0.229980 0.019775 0.000000
vt 0.447266 0.463135 0.000000
vt 0.395752 0.504883 0.000000
vt 0.465332 0.502930 0.000000
vt 0.031738 0.502930 0.000000
vt 0.101074 0.504883 0.000000
vt 0.049561 0.463135 0.000000
vt 0.109131 0.570312 0.000000
vt 0.101074 0.504883 0.000000
vt 0.031738 0.502930 0.000000
vt 0.024658 0.650635 0.000000
vt 0.099121 0.650635 0.000000
vt 0.109131 0.570312 0.000000
vt 0.074219 0.751953 0.000000
vt 0.099121 0.650635 0.000000
vt 0.024658 0.650635 0.000000
vt 0.026611 0.135742 0.000000
vt 0.124023 0.095215 0.000000
vt 0.114014 0.044434 0.000000
vt 0.387939 0.570312 0.000000
vt 0.484131 0.570312 0.000000
vt 0.465332 0.502930 0.000000
vt 0.471191 0.650635 0.000000
vt 0.484131 0.570312 0.000000
vt 0.387939 0.570312 0.000000
vt 0.031738 0.502930 0.000000
vt 0.012695 0.570312 0.000000
vt 0.109131 0.570312 0.000000
vt 0.109131 0.570312 0.000000
vt 0.012695 0.570312 0.000000
vt 0.024658 0.650635 0.000000
vt 0.957275 0.345215 0.000000
vt 0.957275 0.391846 0.000000
vt 0.988037 0.406738 0.000000
vt 0.433350 0.032715 0.000000
vt 0.864990 0.070312 0.000000
vt 0.988037 0.024658 0.000000
vt 0.812500 0.182373 0.000000
vt 0.394775 0.182373 0.000000
vt 0.352051 0.094238 0.000000
vt 0.812500 0.182373 0.000000
vt 0.352051 0.094238 0.000000
vt 0.864990 0.070312 0.000000
vt 0.314453 0.136719 0.000000
vt 0.314453 0.125000 0.000000
vt 0.242920 0.125000 0.000000
vt 0.314453 0.136719 0.000000
vt 0.242920 0.125000 0.000000
vt 0.242920 0.136719 0.000000
vt 0.534668 0.940430 0.000000
vt 0.541504 0.934570 0.000000
vt 0.529785 0.804443 0.000000
vt 0.506836 0.406738 0.000000
vt 0.538574 0.406738 0.000000
vt 0.538574 0.391846 0.000000
vt 0.957275 0.391846 0.000000
vt 0.952393 0.406738 0.000000
vt 0.988037 0.406738 0.000000
vt 0.506836 0.406738 0.000000
vt 0.538574 0.391846 0.000000
vt 0.537598 0.345215 0.000000
vt 0.003906 0.182373 0.000000
vt 0.026611 0.135742 0.000000
vt 0.124023 0.095215 0.000000
vt 0.003906 0.182373 0.000000
vt 0.124023 0.095215 0.000000
vt 0.082275 0.182373 0.000000
vt 0.024658 0.650635 0.000000
vt 0.023682 0.712158 0.000000
vt 0.074219 0.751953 0.000000
vt 0.422607 0.751953 0.000000
vt 0.473145 0.712158 0.000000
vt 0.471191 0.650635 0.000000
vt 0.082275 0.182373 0.000000
vt 0.124023 0.095215 0.000000
vt 0.026611 0.135742 0.000000
vt 0.082275 0.182373 0.000000
vt 0.026611 0.135742 0.000000
vt 0.003906 0.182373 0.000000
vt 0.082275 0.182373 0.000000
vt 0.094238 0.270752 0.000000
vt 0.003906 0.182373 0.000000
vt 0.207275 0.381836 0.000000
vt 0.205322 0.377930 0.000000
vt 0.195312 0.467285 0.000000
vt 0.207275 0.381836 0.000000
vt 0.195312 0.467285 0.000000
vt 0.198242 0.462158 0.000000
vt 0.299561 0.488037 0.000000
vt 0.296631 0.485107 0.000000
vt 0.286621 0.382812 0.000000
vt 0.299561 0.488037 0.000000
vt 0.286621 0.382812 0.000000
vt 0.288574 0.382812 0.000000
vt 0.278564 0.368896 0.000000
vt 0.286621 0.381836 0.000000
vt 0.288574 0.377930 0.000000
vt 0.278564 0.368896 0.000000
vt 0.288574 0.377930 0.000000
vt 0.280762 0.364990 0.000000
vt 0.301514 0.488037 0.000000
vt 0.296631 0.485107 0.000000
vt 0.299561 0.488037 0.000000
vt 0.524658 0.798584 0.000000
vt 0.513916 0.807617 0.000000
vt 0.501953 0.983154 0.000000
vt 0.524658 0.798584 0.000000
vt 0.501953 0.983154 0.000000
vt 0.527832 0.948486 0.000000
vt 0.527832 0.948486 0.000000
vt 0.501953 0.983154 0.000000
vt 0.513916 0.807617 0.000000
vt 0.527832 0.948486 0.000000
vt 0.513916 0.807617 0.000000
vt 0.524658 0.798584 0.000000
vt 0.214111 0.364990 0.000000
vt 0.280762 0.364990 0.000000
vt 0.280762 0.369873 0.000000
vt 0.214111 0.364990 0.000000
vt 0.280762 0.369873 0.000000
vt 0.214111 0.369873 0.000000
vt 0.214111 0.369873 0.000000
vt 0.205322 0.382812 0.000000
vt 0.205322 0.377930 0.000000
vt 0.214111 0.369873 0.000000
vt 0.205322 0.377930 0.000000
vt 0.214111 0.364990 0.000000
vt 0.280762 0.369873 0.000000
vt 0.288574 0.382812 0.000000
vt 0.286621 0.382812 0.000000
vt 0.280762 0.364990 0.000000
vt 0.288574 0.377930 0.000000
vt 0.288574 0.382812 0.000000
vt 0.280762 0.364990 0.000000
vt 0.288574 0.382812 0.000000
vt 0.280762 0.369873 0.000000
vt 0.215088 0.368896 0.000000
vt 0.278564 0.368896 0.000000
vt 0.280762 0.364990 0.000000
vt 0.215088 0.368896 0.000000
vt 0.280762 0.364990 0.000000
vt 0.214111 0.364990 0.000000
vt 0.214111 0.364990 0.000000
vt 0.205322 0.377930 0.000000
vt 0.207275 0.381836 0.000000
vt 0.214111 0.364990 0.000000
vt 0.207275 0.381836 0.000000
vt 0.215088 0.368896 0.000000
vt 0.536621 0.778809 0.000000
vt 0.529785 0.804443 0.000000
vt 0.541504 0.934570 0.000000
vt 0.536621 0.778809 0.000000
vt 0.541504 0.934570 0.000000
vt 0.546631 0.931641 0.000000
vt 0.541504 0.934570 0.000000
vt 0.529785 0.804443 0.000000
vt 0.536621 0.778809 0.000000
vt 0.541504 0.934570 0.000000
vt 0.536621 0.778809 0.000000
vt 0.546631 0.931641 0.000000
vt 0.246826 0.453369 0.000000
vt 0.246826 0.453369 0.000000
vt 0.218262 0.457275 0.000000
vt 0.286621 0.462158 0.000000
vt 0.289551 0.458252 0.000000
vt 0.275635 0.457275 0.000000
vt 0.215088 0.380859 0.000000
vt 0.208252 0.382812 0.000000
vt 0.214111 0.369873 0.000000
vt 0.280762 0.369873 0.000000
vt 0.286621 0.382812 0.000000
vt 0.279785 0.380859 0.000000
vt 0.548584 0.924561 0.000000
vt 0.546631 0.931641 0.000000
vt 0.536621 0.778809 0.000000
vt 0.536621 0.778809 0.000000
vt 0.530762 0.782715 0.000000
vt 0.548584 0.924561 0.000000
vt 0.952393 0.406738 0.000000
vt 0.949463 0.554443 0.000000
vt 0.972168 0.515869 0.000000
vt 0.522705 0.518799 0.000000
vt 0.546631 0.554443 0.000000
vt 0.538574 0.406738 0.000000
vt 0.313477 0.988037 0.000000
vt 0.182373 0.988037 0.000000
vt 0.182373 0.778809 0.000000
vt 0.360107 0.360107 0.000000
vt 0.422607 0.360107 0.000000
vt 0.422607 0.313477 0.000000
vt 0.360107 0.360107 0.000000
vt 0.422607 0.313477 0.000000
vt 0.360107 0.313477 0.000000
vt 0.864990 0.070312 0.000000
vt 0.352051 0.094238 0.000000
vt 0.433350 0.032715 0.000000
vt 0.360107 0.313477 0.000000
vt 0.135742 0.313477 0.000000
vt 0.135742 0.360107 0.000000
vt 0.360107 0.313477 0.000000
vt 0.135742 0.360107 0.000000
vt 0.360107 0.360107 0.000000
vt 0.135742 0.360107 0.000000
vt 0.073242 0.360107 0.000000
vt 0.089111 0.461182 0.000000
vt 0.135742 0.360107 0.000000
vt 0.089111 0.461182 0.000000
vt 0.112061 0.461182 0.000000
vt 0.286621 0.424561 0.000000
vt 0.288574 0.415527 0.000000
vt 0.206299 0.415527 0.000000
vt 0.286621 0.424561 0.000000
vt 0.206299 0.415527 0.000000
vt 0.207275 0.424561 0.000000
vt 0.294678 0.469238 0.000000
vt 0.301514 0.475098 0.000000
vt 0.288574 0.415527 0.000000
vt 0.294678 0.469238 0.000000
vt 0.288574 0.415527 0.000000
vt 0.286621 0.424561 0.000000
vt 0.362061 0.768799 0.000000
vt 0.422607 0.751953 0.000000
vt 0.397705 0.650635 0.000000
vt 0.294678 0.469238 0.000000
vt 0.286621 0.424561 0.000000
vt 0.290527 0.422607 0.000000
vt 0.204346 0.422607 0.000000
vt 0.200195 0.469238 0.000000
vt 0.188477 0.474121 0.000000
vt 0.204346 0.422607 0.000000
vt 0.207275 0.424561 0.000000
vt 0.200195 0.469238 0.000000
vt 0.207275 0.424561 0.000000
vt 0.204346 0.422607 0.000000
vt 0.290527 0.422607 0.000000
vt 0.207275 0.424561 0.000000
vt 0.290527 0.422607 0.000000
vt 0.286621 0.424561 0.000000
vt 0.197266 0.454346 0.000000
vt 0.188477 0.474121 0.000000
vt 0.192383 0.475098 0.000000
vt 0.288574 0.415527 0.000000
vt 0.301514 0.475098 0.000000
vt 0.306396 0.474121 0.000000
vt 0.518799 0.623047 0.000000
vt 0.496094 0.690430 0.000000
vt 0.507812 0.703369 0.000000
vt 0.518799 0.623047 0.000000
vt 0.507812 0.703369 0.000000
vt 0.553467 0.653809 0.000000
vt 0.181396 0.482178 0.000000
vt 0.204346 0.458252 0.000000
vt 0.198242 0.462158 0.000000
vt 0.305420 0.281738 0.000000
vt 0.308350 0.277588 0.000000
vt 0.249023 0.277588 0.000000
vt 0.305420 0.281738 0.000000
vt 0.249023 0.277588 0.000000
vt 0.251953 0.281738 0.000000
vt 0.377930 0.444336 0.000000
vt 0.370850 0.434570 0.000000
vt 0.125977 0.434570 0.000000
vt 0.377930 0.444336 0.000000
vt 0.125977 0.434570 0.000000
vt 0.119873 0.444336 0.000000
vt 0.739990 0.383789 0.000000
vt 0.593262 0.391846 0.000000
vt 0.597168 0.409668 0.000000
vt 0.739990 0.406738 0.000000
vt 0.597168 0.409668 0.000000
vt 0.593262 0.554443 0.000000
vt 0.191406 0.447266 0.000000
vt 0.191406 0.447266 0.000000
vt 0.193359 0.490967 0.000000
vt 0.191406 0.447266 0.000000
vt 0.193359 0.490967 0.000000
vt 0.193359 0.491943 0.000000
vt 0.360107 0.360107 0.000000
vt 0.135742 0.360107 0.000000
vt 0.137695 0.377930 0.000000
vt 0.360107 0.360107 0.000000
vt 0.137695 0.377930 0.000000
vt 0.360107 0.377930 0.000000
vt 0.739990 0.250977 0.000000
vt 0.386719 0.271729 0.000000
vt 0.818359 0.270752 0.000000
vt 0.739990 0.250977 0.000000
vt 0.812500 0.182373 0.000000
vt 0.818359 0.270752 0.000000
vt 0.387939 0.570312 0.000000
vt 0.109131 0.570312 0.000000
vt 0.099121 0.650635 0.000000
vt 0.397705 0.650635 0.000000
vt 0.099121 0.650635 0.000000
vt 0.134766 0.768799 0.000000
vt 0.739990 0.250977 0.000000
vt 0.812500 0.182373 0.000000
vt 0.394775 0.182373 0.000000
vt 0.319336 0.133789 0.000000
vt 0.223145 0.133789 0.000000
vt 0.231934 0.125000 0.000000
vt 0.214111 0.369873 0.000000
vt 0.280762 0.369873 0.000000
vt 0.279785 0.380859 0.000000
vt 0.214111 0.369873 0.000000
vt 0.279785 0.380859 0.000000
vt 0.215088 0.380859 0.000000
vt 0.433350 0.032715 0.000000
vt 0.327393 0.032715 0.000000
vt 0.352051 0.094238 0.000000
vt 0.352051 0.094238 0.000000
vt 0.327393 0.032715 0.000000
vt 0.433350 0.032715 0.000000
vt 0.302490 0.447266 0.000000
vt 0.302490 0.447266 0.000000
vt 0.301514 0.491943 0.000000
vt 0.302490 0.447266 0.000000
vt 0.301514 0.491943 0.000000
vt 0.301514 0.490967 0.000000
vt 0.360107 0.377930 0.000000
vt 0.370850 0.434570 0.000000
vt 0.383789 0.461182 0.000000
vt 0.360107 0.377930 0.000000
vt 0.383789 0.461182 0.000000
vt 0.360107 0.360107 0.000000
vt 0.137695 0.377930 0.000000
vt 0.135742 0.360107 0.000000
vt 0.112061 0.461182 0.000000
vt 0.137695 0.377930 0.000000
vt 0.112061 0.461182 0.000000
vt 0.125977 0.434570 0.000000
vt 0.099121 0.650635 0.000000
vt 0.397705 0.650635 0.000000
vt 0.387939 0.570312 0.000000
vt 0.134766 0.768799 0.000000
vt 0.362061 0.768799 0.000000
vt 0.397705 0.650635 0.000000
vt 0.988037 0.024658 0.000000
vt 0.864990 0.070312 0.000000
vt 0.433350 0.032715 0.000000
vt 0.433350 0.032715 0.000000
vt 0.352051 0.094238 0.000000
vt 0.864990 0.070312 0.000000
vt 0.197266 0.504883 0.000000
vt 0.200195 0.500000 0.000000
vt 0.200195 0.508789 0.000000
vt 0.200195 0.500000 0.000000
vt 0.197266 0.504883 0.000000
vt 0.216064 0.504883 0.000000
vt 0.200195 0.500000 0.000000
vt 0.216064 0.504883 0.000000
vt 0.216064 0.500000 0.000000
vt 0.216064 0.508789 0.000000
vt 0.216064 0.500000 0.000000
vt 0.216064 0.504883 0.000000
vt 0.200195 0.508789 0.000000
vt 0.200195 0.500000 0.000000
vt 0.216064 0.500000 0.000000
vt 0.200195 0.508789 0.000000
vt 0.216064 0.500000 0.000000
vt 0.216064 0.508789 0.000000
vt 0.329346 0.268799 0.000000
vt 0.326416 0.281738 0.000000
vt 0.326416 0.282715 0.000000
vt 0.278564 0.500000 0.000000
vt 0.278564 0.504883 0.000000
vt 0.296631 0.504883 0.000000
vt 0.278564 0.500000 0.000000
vt 0.296631 0.504883 0.000000
vt 0.294678 0.500000 0.000000
vt 0.278564 0.504883 0.000000
vt 0.278564 0.500000 0.000000
vt 0.278564 0.508789 0.000000
vt 0.119873 0.778809 0.000000
vt 0.119873 0.864014 0.000000
vt 0.003906 0.864014 0.000000
vt 0.119873 0.778809 0.000000
vt 0.003906 0.864014 0.000000
vt 0.003906 0.778809 0.000000
vt 0.988037 0.024658 0.000000
vt 0.433350 0.032715 0.000000
vt 0.788574 0.003906 0.000000
vt 0.298584 0.467285 0.000000
vt 0.295654 0.462158 0.000000
vt 0.313477 0.482178 0.000000
vt 0.788574 0.003906 0.000000
vt 0.433350 0.032715 0.000000
vt 0.988037 0.024658 0.000000
vt 0.198242 0.462158 0.000000
vt 0.195312 0.467285 0.000000
vt 0.181396 0.482178 0.000000
vt 0.394775 0.182373 0.000000
vt 0.386719 0.271729 0.000000
vt 0.739990 0.250977 0.000000
vt 0.003906 0.778809 0.000000
vt 0.003906 0.864014 0.000000
vt 0.119873 0.864014 0.000000
vt 0.003906 0.778809 0.000000
vt 0.119873 0.864014 0.000000
vt 0.119873 0.778809 0.000000
vt 0.278564 0.508789 0.000000
vt 0.278564 0.500000 0.000000
vt 0.294678 0.500000 0.000000
vt 0.278564 0.508789 0.000000
vt 0.294678 0.500000 0.000000
vt 0.294678 0.508789 0.000000
vt 0.231934 0.282715 0.000000
vt 0.231934 0.281738 0.000000
vt 0.229004 0.268799 0.000000
vt 0.248047 0.268799 0.000000
vt 0.248047 0.281738 0.000000
vt 0.248047 0.282715 0.000000
vt 0.294678 0.508789 0.000000
vt 0.294678 0.500000 0.000000
vt 0.296631 0.504883 0.000000
vt 0.310547 0.282715 0.000000
vt 0.310547 0.281738 0.000000
vt 0.310547 0.268799 0.000000
vt 0.242920 0.258789 0.000000
vt 0.242920 0.277588 0.000000
vt 0.314453 0.277588 0.000000
vt 0.242920 0.258789 0.000000
vt 0.314453 0.277588 0.000000
vt 0.314453 0.258789 0.000000
vt 0.193359 0.490967 0.000000
vt 0.179443 0.484131 0.000000
vt 0.193359 0.491943 0.000000
vt 0.301514 0.490967 0.000000
vt 0.301514 0.491943 0.000000
vt 0.315430 0.484131 0.000000
vt 0.437500 0.778809 0.000000
vt 0.437500 0.988037 0.000000
vt 0.313477 0.988037 0.000000
vt 0.182373 0.778809 0.000000
vt 0.437500 0.778809 0.000000
vt 0.313477 0.988037 0.000000
vt 0.231934 0.125000 0.000000
vt 0.239990 0.114990 0.000000
vt 0.279785 0.125000 0.000000
vt 0.231934 0.270752 0.000000
vt 0.222168 0.251953 0.000000
vt 0.320312 0.251953 0.000000
vt 0.231934 0.270752 0.000000
vt 0.320312 0.251953 0.000000
vt 0.310547 0.270752 0.000000
vt 0.320312 0.251953 0.000000
vt 0.222168 0.251953 0.000000
vt 0.223145 0.133789 0.000000
vt 0.320312 0.251953 0.000000
vt 0.223145 0.133789 0.000000
vt 0.319336 0.133789 0.000000
vt 0.940430 0.893799 0.000000
vt 0.890869 0.945312 0.000000
vt 0.940430 0.945312 0.000000
vt 0.940430 0.893799 0.000000
vt 0.890869 0.945312 0.000000
vt 0.940430 0.945312 0.000000
vt 0.940430 0.893799 0.000000
vt 0.890869 0.945312 0.000000
vt 0.940430 0.945312 0.000000
vt 0.940430 0.893799 0.000000
vt 0.890869 0.945312 0.000000
vt 0.940430 0.945312 0.000000
vt 0.913574 0.629883 0.000000
vt 0.769775 0.573242 0.000000
vt 0.628906 0.634766 0.000000
vt 0.940430 0.893799 0.000000
vt 0.890869 0.945312 0.000000
vt 0.940430 0.945312 0.000000
vt 0.940430 0.893799 0.000000
vt 0.890869 0.945312 0.000000
vt 0.940430 0.945312 0.000000
vt 0.940430 0.893799 0.000000
vt 0.890869 0.945312 0.000000
vt 0.940430 0.945312 0.000000
vt 0.940430 0.893799 0.000000
vt 0.890869 0.945312 0.000000
vt 0.940430 0.945312 0.000000
vt 0.940430 0.893799 0.000000
vt 0.890869 0.945312 0.000000
vt 0.940430 0.945312 0.000000
vt 0.940430 0.893799 0.000000
vt 0.890869 0.945312 0.000000
vt 0.940430 0.945312 0.000000
vt 0.940430 0.893799 0.000000
vt 0.890869 0.945312 0.000000
vt 0.940430 0.945312 0.000000
vt 0.940430 0.893799 0.000000
vt 0.890869 0.945312 0.000000
vt 0.940430 0.945312 0.000000
vt 0.940430 0.893799 0.000000
vt 0.890869 0.945312 0.000000
vt 0.940430 0.945312 0.000000
vt 0.940430 0.893799 0.000000
vt 0.890869 0.945312 0.000000
vt 0.940430 0.945312 0.000000
vt 0.940430 0.893799 0.000000
vt 0.890869 0.945312 0.000000
vt 0.940430 0.945312 0.000000
vt 0.940430 0.893799 0.000000
vt 0.890869 0.945312 0.000000
vt 0.940430 0.945312 0.000000
vt 0.940430 0.893799 0.000000
vt 0.890869 0.945312 0.000000
vt 0.940430 0.945312 0.000000
vt 0.940430 0.893799 0.000000
vt 0.890869 0.945312 0.000000
vt 0.940430 0.945312 0.000000
vt 0.940430 0.893799 0.000000
vt 0.890869 0.945312 0.000000
vt 0.940430 0.945312 0.000000
vt 0.940430 0.893799 0.000000
vt 0.890869 0.945312 0.000000
vt 0.940430 0.945312 0.000000
vt 0.920654 0.914795 0.000000
vt 0.779785 0.976074 0.000000
vt 0.635986 0.920654 0.000000
vt 0.940430 0.893799 0.000000
vt 0.890869 0.945312 0.000000
vt 0.940430 0.945312 0.000000
vt 0.940430 0.893799 0.000000
vt 0.890869 0.945312 0.000000
vt 0.940430 0.945312 0.000000
vt 0.940430 0.893799 0.000000
vt 0.890869 0.945312 0.000000
vt 0.940430 0.945312 0.000000
vt 0.940430 0.893799 0.000000
vt 0.890869 0.945312 0.000000
vt 0.940430 0.945312 0.000000
vt 0.940430 0.893799 0.000000
vt 0.890869 0.945312 0.000000
vt 0.940430 0.945312 0.000000
vt 0.940430 0.893799 0.000000
vt 0.890869 0.945312 0.000000
vt 0.940430 0.945312 0.000000
vt 0.940430 0.893799 0.000000
vt 0.890869 0.945312 0.000000
vt 0.940430 0.945312 0.000000
vt 0.940430 0.893799 0.000000
vt 0.890869 0.945312 0.000000
vt 0.940430 0.945312 0.000000
vt 0.940430 0.893799 0.000000
vt 0.890869 0.945312 0.000000
vt 0.940430 0.945312 0.000000
vt 0.940430 0.893799 0.000000
vt 0.890869 0.945312 0.000000
vt 0.940430 0.945312 0.000000
vt 0.940430 0.893799 0.000000
vt 0.890869 0.945312 0.000000
vt 0.940430 0.945312 0.000000
vt 0.940430 0.893799 0.000000
vt 0.890869 0.945312 0.000000
vt 0.940430 0.945312 0.000000
vt 0.628906 0.634766 0.000000
vt 0.769775 0.573242 0.000000
vt 0.913574 0.629883 0.000000
vt 0.976074 0.770752 0.000000
vt 0.920654 0.914795 0.000000
vt 0.635986 0.920654 0.000000
vt 0.976074 0.770752 0.000000
vt 0.635986 0.920654 0.000000
vt 0.573242 0.778809 0.000000
vt 0.913574 0.629883 0.000000
vt 0.976074 0.770752 0.000000
vt 0.573242 0.778809 0.000000
vt 0.913574 0.629883 0.000000
vt 0.573242 0.778809 0.000000
vt 0.628906 0.634766 0.000000
vt 0.635986 0.920654 0.000000
vt 0.779785 0.976074 0.000000
vt 0.920654 0.914795 0.000000
vt 0.976074 0.770752 0.000000
vt 0.913574 0.629883 0.000000
vt 0.628906 0.634766 0.000000
vt 0.976074 0.770752 0.000000
vt 0.628906 0.634766 0.000000
vt 0.573242 0.778809 0.000000
vt 0.920654 0.914795 0.000000
vt 0.976074 0.770752 0.000000
vt 0.573242 0.778809 0.000000
vt 0.920654 0.914795 0.000000
vt 0.573242 0.778809 0.000000
vt 0.635986 0.920654 0.000000
vt 0.276611 0.170654 0.000000
vt 0.234131 0.231934 0.000000
vt 0.276611 0.170654 0.000000
vt 0.926514 0.624023 0.000000
vt 0.561523 0.770752 0.000000
vt 0.631836 0.624023 0.000000
vt 0.940430 0.893799 0.000000
vt 0.890869 0.945312 0.000000
vt 0.940430 0.945312 0.000000
vt 0.940430 0.893799 0.000000
vt 0.890869 0.945312 0.000000
vt 0.940430 0.945312 0.000000
vt 0.926514 0.624023 0.000000
vt 0.770752 0.561523 0.000000
vt 0.631836 0.624023 0.000000
vt 0.940430 0.893799 0.000000
vt 0.890869 0.945312 0.000000
vt 0.940430 0.945312 0.000000
vt 0.940430 0.893799 0.000000
vt 0.890869 0.945312 0.000000
vt 0.940430 0.945312 0.000000
vt 0.940430 0.893799 0.000000
vt 0.890869 0.945312 0.000000
vt 0.940430 0.945312 0.000000
vt 0.940430 0.893799 0.000000
vt 0.890869 0.945312 0.000000
vt 0.940430 0.945312 0.000000
vt 0.940430 0.893799 0.000000
vt 0.890869 0.945312 0.000000
vt 0.940430 0.945312 0.000000
vt 0.940430 0.893799 0.000000
vt 0.890869 0.945312 0.000000
vt 0.940430 0.945312 0.000000
vt 0.940430 0.893799 0.000000
vt 0.890869 0.945312 0.000000
vt 0.940430 0.945312 0.000000
vt 0.940430 0.893799 0.000000
vt 0.890869 0.945312 0.000000
vt 0.940430 0.945312 0.000000
vt 0.940430 0.893799 0.000000
vt 0.890869 0.945312 0.000000
vt 0.940430 0.945312 0.000000
vt 0.940430 0.893799 0.000000
vt 0.890869 0.945312 0.000000
vt 0.940430 0.945312 0.000000
vt 0.940430 0.893799 0.000000
vt 0.890869 0.945312 0.000000
vt 0.940430 0.945312 0.000000
vt 0.940430 0.893799 0.000000
vt 0.890869 0.945312 0.000000
vt 0.940430 0.945312 0.000000
vt 0.940430 0.893799 0.000000
vt 0.890869 0.945312 0.000000
vt 0.940430 0.945312 0.000000
vt 0.940430 0.893799 0.000000
vt 0.890869 0.945312 0.000000
vt 0.940430 0.945312 0.000000
vt 0.926514 0.624023 0.000000
vt 0.988037 0.770752 0.000000
vt 0.561523 0.770752 0.000000
vt 0.631836 0.926514 0.000000
vt 0.988037 0.770752 0.000000
vt 0.926514 0.926514 0.000000
vt 0.940430 0.893799 0.000000
vt 0.890869 0.945312 0.000000
vt 0.940430 0.945312 0.000000
vt 0.940430 0.893799 0.000000
vt 0.890869 0.945312 0.000000
vt 0.940430 0.945312 0.000000
vt 0.631836 0.624023 0.000000
vt 0.770752 0.561523 0.000000
vt 0.926514 0.624023 0.000000
vt 0.940430 0.893799 0.000000
vt 0.890869 0.945312 0.000000
vt 0.940430 0.945312 0.000000
vt 0.940430 0.893799 0.000000
vt 0.890869 0.945312 0.000000
vt 0.940430 0.945312 0.000000
vt 0.940430 0.893799 0.000000
vt 0.890869 0.945312 0.000000
vt 0.940430 0.945312 0.000000
vt 0.940430 0.893799 0.000000
vt 0.890869 0.945312 0.000000
vt 0.940430 0.945312 0.000000
vt 0.940430 0.893799 0.000000
vt 0.890869 0.945312 0.000000
vt 0.940430 0.945312 0.000000
vt 0.940430 0.893799 0.000000
vt 0.890869 0.945312 0.000000
vt 0.940430 0.945312 0.000000
vt 0.940430 0.893799 0.000000
vt 0.890869 0.945312 0.000000
vt 0.940430 0.945312 0.000000
vt 0.940430 0.893799 0.000000
vt 0.890869 0.945312 0.000000
vt 0.940430 0.945312 0.000000
vt 0.940430 0.893799 0.000000
vt 0.890869 0.945312 0.000000
vt 0.940430 0.945312 0.000000
vt 0.940430 0.893799 0.000000
vt 0.890869 0.945312 0.000000
vt 0.940430 0.945312 0.000000
vt 0.940430 0.893799 0.000000
vt 0.890869 0.945312 0.000000
vt 0.940430 0.945312 0.000000
vt 0.940430 0.893799 0.000000
vt 0.890869 0.945312 0.000000
vt 0.940430 0.945312 0.000000
vt 0.940430 0.893799 0.000000
vt 0.890869 0.945312 0.000000
vt 0.940430 0.945312 0.000000
vt 0.940430 0.893799 0.000000
vt 0.890869 0.945312 0.000000
vt 0.940430 0.945312 0.000000
vt 0.631836 0.926514 0.000000
vt 0.778809 0.988037 0.000000
vt 0.926514 0.926514 0.000000
vt 0.631836 0.624023 0.000000
vt 0.561523 0.770752 0.000000
vt 0.988037 0.770752 0.000000
vt 0.631836 0.624023 0.000000
vt 0.988037 0.770752 0.000000
vt 0.926514 0.624023 0.000000
vt 0.926514 0.926514 0.000000
vt 0.988037 0.770752 0.000000
vt 0.561523 0.770752 0.000000
vt 0.926514 0.926514 0.000000
vt 0.561523 0.770752 0.000000
vt 0.631836 0.926514 0.000000
vt 0.926514 0.926514 0.000000
vt 0.778809 0.988037 0.000000
vt 0.631836 0.926514 0.000000
vt 0.631836 0.926514 0.000000
vt 0.561523 0.770752 0.000000
vt 0.988037 0.770752 0.000000
vt 0.234131 0.231934 0.000000
vt 0.276611 0.170654 0.000000
vt 0.312500 0.229004 0.000000
vt 0.234131 0.231934 0.000000
vt 0.234131 0.231934 0.000000
vt 0.276611 0.170654 0.000000
vt 0.276611 0.170654 0.000000
vt 0.276611 0.170654 0.000000
vt 0.234131 0.231934 0.000000
vt 0.234131 0.231934 0.000000
vt 0.276611 0.170654 0.000000
vt 0.312500 0.229004 0.000000
vt 0.387939 0.570312 0.000000
vt 0.395752 0.504883 0.000000
vt 0.248047 0.520752 0.000000
vt 0.248047 0.520752 0.000000
vt 0.109131 0.570312 0.000000
vt 0.387939 0.570312 0.000000
vt 0.231934 0.125000 0.000000
vt 0.279785 0.125000 0.000000
vt 0.319336 0.133789 0.000000
vt 0.234131 0.231934 0.000000
vt 0.276611 0.170654 0.000000
vt 0.312500 0.229004 0.000000
vt 0.234131 0.231934 0.000000
vt 0.276611 0.170654 0.000000
vt 0.312500 0.229004 0.000000
vt 0.234131 0.231934 0.000000
vt 0.276611 0.170654 0.000000
vt 0.312500 0.229004 0.000000
vt 0.234131 0.231934 0.000000
vt 0.276611 0.170654 0.000000
vt 0.312500 0.229004 0.000000
vt 0.739990 0.250977 0.000000
vt 0.386719 0.271729 0.000000
vt 0.394775 0.182373 0.000000
vt 0.218262 0.457275 0.000000
vt 0.207275 0.462158 0.000000
vt 0.246826 0.453369 0.000000
vt 0.593262 0.391846 0.000000
vt 0.739990 0.383789 0.000000
vt 0.739990 0.313477 0.000000
vt 0.290527 0.422607 0.000000
vt 0.297607 0.454346 0.000000
vt 0.294678 0.469238 0.000000
vt 0.306396 0.474121 0.000000
vt 0.297607 0.454346 0.000000
vt 0.288574 0.415527 0.000000
vt 0.192383 0.475098 0.000000
vt 0.206299 0.415527 0.000000
vt 0.197266 0.454346 0.000000
vt 0.234131 0.231934 0.000000
vt 0.276611 0.170654 0.000000
vt 0.234131 0.231934 0.000000
vt 0.234131 0.231934 0.000000
vt 0.276611 0.170654 0.000000
vt 0.234131 0.231934 0.000000
vt 0.234131 0.231934 0.000000
vt 0.276611 0.170654 0.000000
vt 0.234131 0.231934 0.000000
vt 0.276611 0.170654 0.000000
vt 0.234131 0.231934 0.000000
vt 0.276611 0.170654 0.000000
vt 0.294678 0.126953 0.000000
vt 0.341309 0.225098 0.000000
vt 0.252930 0.209229 0.000000
vt 0.294678 0.126953 0.000000
vt 0.341309 0.225098 0.000000
vt 0.252930 0.209229 0.000000
vt 0.294678 0.126953 0.000000
vt 0.341309 0.225098 0.000000
vt 0.252930 0.209229 0.000000
vt 0.294678 0.126953 0.000000
vt 0.341309 0.225098 0.000000
vt 0.252930 0.209229 0.000000
vt 0.294678 0.126953 0.000000
vt 0.341309 0.225098 0.000000
vt 0.252930 0.209229 0.000000
vt 0.294678 0.126953 0.000000
vt 0.341309 0.225098 0.000000
vt 0.252930 0.209229 0.000000
vt 0.294678 0.126953 0.000000
vt 0.341309 0.225098 0.000000
vt 0.252930 0.209229 0.000000
vt 0.294678 0.126953 0.000000
vt 0.341309 0.225098 0.000000
vt 0.252930 0.209229 0.000000
vt 0.294678 0.126953 0.000000
vt 0.341309 0.225098 0.000000
vt 0.252930 0.209229 0.000000
vt 0.294678 0.126953 0.000000
vt 0.341309 0.225098 0.000000
vt 0.252930 0.209229 0.000000
vt 0.294678 0.126953 0.000000
vt 0.341309 0.225098 0.000000
vt 0.252930 0.209229 0.000000
vt 0.294678 0.126953 0.000000
vt 0.341309 0.225098 0.000000
vt 0.252930 0.209229 0.000000
vt 0.294678 0.126953 0.000000
vt 0.341309 0.225098 0.000000
vt 0.252930 0.209229 0.000000
vt 0.294678 0.126953 0.000000
vt 0.341309 0.225098 0.000000
vt 0.252930 0.209229 0.000000
vt 0.294678 0.126953 0.000000
vt 0.341309 0.225098 0.000000
vt 0.252930 0.209229 0.000000
vt 0.294678 0.126953 0.000000
vt 0.341309 0.225098 0.000000
vt 0.252930 0.209229 0.000000
vt 0.294678 0.126953 0.000000
vt 0.341309 0.225098 0.000000
vt 0.252930 0.209229 0.000000
vt 0.294678 0.126953 0.000000
vt 0.341309 0.225098 0.000000
vt 0.252930 0.209229 0.000000
vt 0.294678 0.126953 0.000000
vt 0.341309 0.225098 0.000000
vt 0.252930 0.209229 0.000000
vt 0.294678 0.126953 0.000000
vt 0.341309 0.225098 0.000000
vt 0.252930 0.209229 0.000000
vt 0.294678 0.126953 0.000000
vt 0.341309 0.225098 0.000000
vt 0.252930 0.209229 0.000000
vt 0.294678 0.126953 0.000000
vt 0.341309 0.225098 0.000000
vt 0.252930 0.209229 0.000000
vt 0.294678 0.126953 0.000000
vt 0.341309 0.225098 0.000000
vt 0.252930 0.209229 0.000000
vt 0.294678 0.126953 0.000000
vt 0.341309 0.225098 0.000000
vt 0.252930 0.209229 0.000000
vt 0.276611 0.170654 0.000000
vt 0.234131 0.231934 0.000000
vt 0.276611 0.170654 0.000000
vt 0.234131 0.231934 0.000000
vt 0.234131 0.231934 0.000000
vt 0.276611 0.170654 0.000000
vt 0.234131 0.231934 0.000000
vt 0.234131 0.231934 0.000000
vt 0.276611 0.170654 0.000000
vt 0.234131 0.231934 0.000000
vt 0.234131 0.231934 0.000000
vt 0.276611 0.170654 0.000000
vt 0.276611 0.170654 0.000000
vt 0.234131 0.231934 0.000000
vt 0.276611 0.170654 0.000000
vt 0.276611 0.170654 0.000000
vt 0.234131 0.231934 0.000000
vt 0.234131 0.231934 0.000000
vt 0.234131 0.231934 0.000000
vt 0.276611 0.170654 0.000000
vt 0.234131 0.231934 0.000000
vt 0.234131 0.231934 0.000000
vt 0.234131 0.231934 0.000000
vt 0.276611 0.170654 0.000000
vn 0.229980 0.845947 0.480957
vn 0.433838 0.636963 0.636963
vn 0.229980 0.845947 0.480957
vn 0.229980 0.845947 0.480957
vn 0.229980 0.845947 0.480957
vn 0.000000 0.961914 0.271973
vn -0.893799 0.315918 -0.315918
vn -0.407959 -0.288818 -0.865967
vn -0.666992 -0.706787 0.235840
vn -0.893799 0.315918 -0.315918
vn -0.666992 -0.706787 0.235840
vn -0.706787 -0.500000 0.500000
vn -0.407959 -0.288818 -0.865967
vn 0.000000 0.000000 -1.000000
vn 0.000000 -0.948975 -0.315918
vn -0.407959 -0.288818 -0.865967
vn 0.000000 -0.948975 -0.315918
vn -0.666992 -0.706787 0.235840
vn 0.000000 -0.706787 0.706787
vn -0.706787 -0.500000 0.500000
vn -0.666992 -0.706787 0.235840
vn 0.000000 -0.706787 0.706787
vn -0.666992 -0.706787 0.235840
vn 0.000000 -0.948975 -0.315918
vn 0.000000 0.000000 -1.000000
vn -0.407959 -0.288818 -0.865967
vn -0.893799 0.315918 -0.315918
vn -0.348877 -0.784912 -0.511963
vn -0.348877 -0.784912 -0.511963
vn -0.348877 -0.784912 -0.511963
vn 0.023926 -0.012939 -1.000000
vn 0.023926 -0.012939 -1.000000
vn 0.023926 -0.012939 -1.000000
vn 0.023926 -0.012939 -1.000000
vn 0.023926 -0.012939 -1.000000
vn 0.023926 -0.012939 -1.000000
vn -0.919922 0.390869 0.000000
vn -0.919922 0.390869 0.000000
vn -0.790771 0.611816 0.000000
vn 0.043945 -0.023926 0.998779
vn 0.043945 -0.023926 0.998779
vn 0.043945 -0.023926 0.998779
vn 0.043945 -0.023926 0.998779
vn 0.043945 -0.023926 0.998779
vn 0.043945 -0.023926 0.998779
vn 0.023926 -0.012939 1.000000
vn 0.023926 -0.012939 1.000000
vn 0.023926 -0.012939 1.000000
vn 0.023926 -0.012939 1.000000
vn 0.023926 -0.012939 1.000000
vn 0.023926 -0.012939 1.000000
vn 0.043945 -0.023926 -0.998779
vn 0.043945 -0.023926 -0.998779
vn 0.043945 -0.023926 -0.998779
vn 0.043945 -0.023926 -0.998779
vn 0.043945 -0.023926 -0.998779
vn 0.043945 -0.023926 -0.998779
vn -0.592773 0.799805 -0.092773
vn -0.781982 -0.412842 0.467773
vn -0.829834 0.069824 0.552979
vn -0.592773 0.799805 -0.092773
vn -0.829834 0.069824 0.552979
vn -0.901855 0.351807 0.247803
vn 0.087891 -0.966797 0.237793
vn -0.781982 -0.412842 0.467773
vn -0.658936 -0.576904 -0.482910
vn 0.087891 -0.966797 0.237793
vn -0.658936 -0.576904 -0.482910
vn 0.067871 -0.930908 -0.359863
vn 0.811768 -0.557861 -0.171875
vn -0.730957 -0.640869 -0.230957
vn 0.398926 0.595947 -0.695801
vn 0.811768 -0.557861 -0.171875
vn 0.398926 0.595947 -0.695801
vn 0.549805 0.659912 -0.511963
vn -0.730957 -0.640869 -0.230957
vn -0.348877 -0.495850 0.794922
vn -0.786865 0.347900 0.509766
vn -0.730957 -0.640869 -0.230957
vn -0.786865 0.347900 0.509766
vn 0.398926 0.595947 -0.695801
vn 0.811768 -0.557861 -0.171875
vn -0.348877 -0.495850 0.794922
vn -0.730957 -0.640869 -0.230957
vn 0.705811 0.412842 0.575928
vn -0.750977 0.623779 0.213867
vn 0.379883 -0.617920 0.687988
vn 0.705811 0.412842 0.575928
vn 0.379883 -0.617920 0.687988
vn 0.461914 -0.644775 -0.608887
vn -0.750977 0.623779 0.213867
vn -0.381836 0.311768 -0.869873
vn -0.756836 -0.445801 -0.477783
vn -0.750977 0.623779 0.213867
vn -0.756836 -0.445801 -0.477783
vn 0.379883 -0.617920 0.687988
vn 0.379883 -0.617920 0.687988
vn -0.756836 -0.445801 -0.477783
vn 0.461914 -0.644775 -0.608887
vn 0.565918 0.383789 0.729980
vn 0.610840 0.428955 0.664795
vn 0.390869 0.192871 0.899902
vn 0.762939 0.520996 0.382812
vn 0.760986 0.514893 0.395996
vn 0.610840 0.428955 0.664795
vn 0.762939 0.520996 0.382812
vn 0.610840 0.428955 0.664795
vn 0.565918 0.383789 0.729980
vn 0.441895 -0.810791 0.382812
vn 0.394775 -0.917969 -0.037842
vn 0.795898 -0.496826 0.343994
vn 0.675781 0.567871 -0.468994
vn 0.760986 0.514893 0.395996
vn 0.762939 0.520996 0.382812
vn 0.675781 0.567871 -0.468994
vn 0.762939 0.520996 0.382812
vn 0.402832 0.888916 -0.218994
vn 0.870850 -0.226807 -0.434814
vn 0.742920 -0.597900 -0.299805
vn 0.647949 -0.312988 -0.693848
vn 0.870850 -0.226807 -0.434814
vn 0.647949 -0.312988 -0.693848
vn 0.544922 -0.121826 -0.829834
vn 0.462891 -0.834961 -0.295898
vn 0.378906 -0.342773 -0.858887
vn 0.647949 -0.312988 -0.693848
vn 0.360840 -0.931885 0.037842
vn 0.742920 -0.597900 -0.299805
vn 0.773926 -0.620850 -0.125977
vn 0.066895 -0.352783 -0.932861
vn 0.066895 -0.352783 -0.932861
vn 0.066895 -0.352783 -0.932861
vn 0.120850 -0.990967 -0.063965
vn 0.394775 -0.917969 -0.037842
vn 0.441895 -0.810791 0.382812
vn -0.105957 -0.438965 0.891846
vn 0.029785 0.064941 0.996826
vn 0.030762 0.068848 0.996826
vn -0.105957 -0.438965 0.891846
vn 0.030762 0.068848 0.996826
vn 0.080811 -0.345947 0.934814
vn 0.001953 -0.847900 -0.529785
vn -0.019775 -0.631836 -0.774902
vn 0.378906 -0.342773 -0.858887
vn 0.001953 -0.847900 -0.529785
vn 0.378906 -0.342773 -0.858887
vn 0.462891 -0.834961 -0.295898
vn 0.189941 0.033936 0.980957
vn 0.110840 0.109863 0.987793
vn 0.084961 0.139893 0.985840
vn -0.072998 -0.953857 0.288818
vn 0.058838 -0.997803 -0.007812
vn 0.120850 -0.990967 -0.063965
vn 0.050781 -0.998779 0.000000
vn 0.058838 -0.997803 0.007812
vn 0.104980 -0.991943 0.072998
vn -0.105957 -0.438965 -0.891846
vn -0.019775 -0.631836 -0.774902
vn 0.001953 -0.847900 -0.529785
vn -0.105957 -0.438965 -0.891846
vn 0.001953 -0.847900 -0.529785
vn -0.072998 -0.953857 -0.288818
vn 0.562988 -0.772949 0.290771
vn 0.533936 -0.755859 0.377930
vn 0.529785 -0.748779 0.397949
vn 0.562988 -0.772949 0.290771
vn 0.529785 -0.748779 0.397949
vn 0.579834 -0.797852 0.163818
vn 0.562988 -0.772949 -0.290771
vn 0.579834 -0.797852 -0.163818
vn 0.529785 -0.748779 -0.397949
vn 0.562988 -0.772949 -0.290771
vn 0.529785 -0.748779 -0.397949
vn 0.533936 -0.755859 -0.377930
vn 0.169922 -0.766846 0.617920
vn 0.226807 -0.854980 0.466797
vn 0.234863 -0.549805 0.800781
vn 0.169922 -0.766846 0.617920
vn 0.234863 -0.549805 0.800781
vn 0.177979 -0.488770 0.853760
vn 0.226807 -0.854980 0.466797
vn 0.169922 -0.766846 0.617920
vn 0.142822 -0.967773 0.205811
vn 0.031982 0.192871 -0.980957
vn 0.110840 0.109863 -0.987793
vn 0.084961 0.139893 -0.985840
vn -0.836914 0.116943 0.533936
vn -0.472900 -0.022949 0.880859
vn -0.714844 0.068848 0.695801
vn -0.795898 -0.570801 0.199951
vn -0.367920 -0.904785 0.210938
vn -0.584961 -0.566895 0.579834
vn -0.795898 -0.570801 0.199951
vn -0.584961 -0.566895 0.579834
vn -0.605957 -0.619873 0.497803
vn -0.543945 -0.838867 0.000000
vn -0.367920 -0.904785 0.210938
vn -0.795898 -0.570801 0.199951
vn -0.026855 -0.997803 0.057861
vn -0.046875 -0.977783 0.203857
vn -0.367920 -0.904785 0.210938
vn -0.520996 -0.808838 0.270996
vn -0.530762 -0.788818 0.307861
vn -0.523926 -0.851807 0.000000
vn -0.947998 0.167969 -0.268799
vn -0.968994 0.175781 -0.170898
vn -0.907959 0.157959 -0.386963
vn -0.947998 0.167969 -0.268799
vn -0.907959 0.157959 -0.386963
vn -0.797852 0.098877 -0.594971
vn -0.735840 -0.653809 -0.175781
vn -0.463867 -0.850830 -0.243896
vn -0.543945 -0.838867 0.000000
vn -0.735840 -0.653809 -0.175781
vn -0.543945 -0.838867 0.000000
vn -0.691895 -0.721924 0.000000
vn -0.503906 -0.596924 -0.623779
vn -0.421875 -0.447998 -0.787842
vn -0.037842 -0.853760 -0.518799
vn -0.037842 -0.853760 -0.518799
vn -0.046875 -0.977783 -0.203857
vn -0.463867 -0.850830 -0.243896
vn -0.037842 -0.853760 -0.518799
vn -0.463867 -0.850830 -0.243896
vn -0.503906 -0.596924 -0.623779
vn -0.083984 -0.750000 -0.654785
vn -0.046875 -0.977783 -0.203857
vn -0.037842 -0.853760 -0.518799
vn -0.026855 -0.997803 -0.057861
vn 0.000977 -1.000000 0.000000
vn -0.543945 -0.838867 0.000000
vn -0.026855 -0.997803 -0.057861
vn -0.543945 -0.838867 0.000000
vn -0.463867 -0.850830 -0.243896
vn -0.670898 -0.529785 -0.517822
vn -0.503906 -0.596924 -0.623779
vn -0.463867 -0.850830 -0.243896
vn -0.670898 -0.529785 -0.517822
vn -0.463867 -0.850830 -0.243896
vn -0.735840 -0.653809 -0.175781
vn -0.983887 0.178955 0.000000
vn -0.983887 0.178955 0.000000
vn -0.968994 0.175781 -0.170898
vn -0.983887 0.178955 0.000000
vn -0.968994 0.175781 -0.170898
vn -0.947998 0.167969 -0.268799
vn -0.959961 0.169922 0.222900
vn -0.983887 0.178955 0.000000
vn -0.983887 0.178955 0.000000
vn -0.836914 0.116943 0.533936
vn -0.905762 0.152832 0.393799
vn -0.959961 0.169922 0.222900
vn -0.836914 0.116943 0.533936
vn -0.959961 0.169922 0.222900
vn -0.957764 0.173828 0.229980
vn -0.037842 -0.853760 0.518799
vn -0.421875 -0.447998 0.787842
vn -0.584961 -0.566895 0.579834
vn -0.714844 0.068848 -0.695801
vn -0.472900 -0.022949 -0.880859
vn -0.797852 0.098877 -0.594971
vn -0.605957 -0.619873 0.497803
vn -0.475830 -0.724854 0.497803
vn -0.532959 -0.835938 0.131836
vn -0.605957 -0.619873 0.497803
vn -0.532959 -0.835938 0.131836
vn -0.795898 -0.570801 0.199951
vn -0.532959 -0.835938 0.131836
vn -0.543945 -0.838867 0.000000
vn -0.691895 -0.721924 0.000000
vn -0.691895 -0.721924 0.000000
vn -0.543945 -0.838867 0.000000
vn -0.540771 -0.834961 -0.102783
vn -0.691895 -0.721924 0.000000
vn -0.540771 -0.834961 -0.102783
vn -0.735840 -0.653809 -0.175781
vn -0.735840 -0.653809 -0.175781
vn -0.540771 -0.834961 -0.102783
vn -0.500000 -0.762939 -0.408936
vn -0.735840 -0.653809 -0.175781
vn -0.500000 -0.762939 -0.408936
vn -0.670898 -0.529785 -0.517822
vn 0.612793 0.424805 -0.665771
vn 0.557861 0.373779 -0.740967
vn 0.765869 0.515869 -0.383789
vn 0.612793 0.424805 -0.665771
vn 0.765869 0.515869 -0.383789
vn 0.770996 0.514893 -0.375000
vn 0.773926 -0.620850 -0.125977
vn 0.742920 -0.597900 -0.299805
vn 0.870850 -0.226807 -0.434814
vn 0.773926 -0.620850 -0.125977
vn 0.870850 -0.226807 -0.434814
vn 0.967773 -0.232910 -0.091797
vn 0.675781 -0.165771 0.717773
vn 0.569824 -0.284912 0.770996
vn 0.795898 -0.496826 0.343994
vn 0.675781 -0.165771 0.717773
vn 0.795898 -0.496826 0.343994
vn 0.878906 -0.210938 0.427979
vn 0.034912 -0.746826 0.663818
vn 0.032959 -0.992920 0.108887
vn -0.072998 -0.953857 0.288818
vn -0.062988 -0.891846 0.447998
vn 0.072998 -0.607910 0.790771
vn -0.105957 -0.438965 0.891846
vn -0.062988 -0.891846 0.447998
vn -0.105957 -0.438965 0.891846
vn -0.072998 -0.953857 0.288818
vn -0.083984 -0.750000 -0.654785
vn -0.009766 -0.796875 -0.603760
vn -0.102783 -0.751953 -0.650879
vn -0.083984 -0.750000 -0.654785
vn -0.102783 -0.751953 -0.650879
vn -0.154785 -0.697998 -0.698975
vn -0.408936 -0.619873 -0.668945
vn -0.442871 -0.658936 -0.606934
vn -0.272949 -0.469971 -0.839844
vn 0.441895 -0.810791 0.382812
vn 0.402832 -0.356934 0.842773
vn 0.072998 -0.607910 0.790771
vn 0.441895 -0.810791 0.382812
vn 0.072998 -0.607910 0.790771
vn -0.062988 -0.891846 0.447998
vn 0.032959 -0.992920 0.108887
vn 0.058838 -0.997803 -0.007812
vn -0.072998 -0.953857 0.288818
vn -0.072998 -0.953857 -0.288818
vn 0.058838 -0.997803 0.007812
vn 0.032959 -0.992920 -0.108887
vn 0.104980 -0.991943 0.072998
vn 0.058838 -0.997803 0.007812
vn -0.072998 -0.953857 -0.288818
vn 0.462891 -0.834961 -0.295898
vn 0.360840 -0.931885 0.037842
vn 0.104980 -0.991943 0.072998
vn 0.742920 -0.597900 -0.299805
vn 0.360840 -0.931885 0.037842
vn 0.462891 -0.834961 -0.295898
vn 0.569824 -0.284912 0.770996
vn 0.402832 -0.356934 0.842773
vn 0.441895 -0.810791 0.382812
vn 0.120850 -0.990967 -0.063965
vn -0.062988 -0.891846 0.447998
vn -0.072998 -0.953857 0.288818
vn 0.441895 -0.810791 0.382812
vn -0.062988 -0.891846 0.447998
vn 0.120850 -0.990967 -0.063965
vn -0.072998 -0.953857 -0.288818
vn 0.001953 -0.847900 -0.529785
vn 0.104980 -0.991943 0.072998
vn 0.104980 -0.991943 0.072998
vn 0.001953 -0.847900 -0.529785
vn 0.462891 -0.834961 -0.295898
vn -0.503906 -0.596924 -0.623779
vn -0.670898 -0.529785 -0.517822
vn -0.421875 -0.447998 -0.787842
vn 0.034912 -0.746826 0.663818
vn 0.080811 -0.345947 0.934814
vn -0.037842 -0.853760 0.518799
vn 0.030762 0.068848 -0.996826
vn 0.029785 0.064941 -0.996826
vn -0.105957 -0.438965 -0.891846
vn 0.030762 0.068848 -0.996826
vn -0.105957 -0.438965 -0.891846
vn 0.080811 -0.345947 -0.934814
vn -0.832764 0.553955 0.000000
vn -0.832764 0.553955 0.000000
vn -0.832764 0.553955 0.000000
vn -0.832764 0.553955 0.000000
vn -0.832764 0.553955 0.000000
vn -0.832764 0.553955 0.000000
vn -0.272949 -0.469971 0.839844
vn -0.442871 -0.658936 0.606934
vn -0.408936 -0.619873 0.668945
vn -0.421875 -0.447998 0.787842
vn -0.475830 -0.724854 0.497803
vn -0.605957 -0.619873 0.497803
vn -0.670898 -0.529785 -0.517822
vn -0.500000 -0.762939 -0.408936
vn -0.421875 -0.447998 -0.787842
vn -0.421875 -0.447998 0.787842
vn -0.605957 -0.619873 0.497803
vn -0.584961 -0.566895 0.579834
vn 0.544922 -0.121826 -0.829834
vn 0.647949 -0.312988 -0.693848
vn 0.378906 -0.342773 -0.858887
vn 0.544922 -0.121826 -0.829834
vn 0.378906 -0.342773 -0.858887
vn 0.397949 -0.051758 -0.915771
vn 0.462891 -0.834961 -0.295898
vn 0.647949 -0.312988 -0.693848
vn 0.742920 -0.597900 -0.299805
vn 0.795898 -0.496826 0.343994
vn 0.569824 -0.284912 0.770996
vn 0.441895 -0.810791 0.382812
vn 0.395996 -0.047852 0.916992
vn 0.402832 -0.356934 0.842773
vn 0.569824 -0.284912 0.770996
vn 0.395996 -0.047852 0.916992
vn 0.569824 -0.284912 0.770996
vn 0.675781 -0.165771 0.717773
vn 0.390869 0.192871 -0.899902
vn 0.557861 0.373779 -0.740967
vn 0.612793 0.424805 -0.665771
vn -0.140869 -0.695801 0.703857
vn -0.048828 -0.826904 0.559814
vn -0.049805 -0.715820 0.695801
vn -0.140869 -0.695801 0.703857
vn -0.049805 -0.715820 0.695801
vn -0.051758 -0.838867 0.540771
vn 0.236816 -0.544922 -0.803955
vn 0.173828 -0.509766 -0.841797
vn 0.220947 -0.779785 -0.584961
vn 0.236816 -0.544922 -0.803955
vn 0.220947 -0.779785 -0.584961
vn 0.136963 -0.855957 -0.497803
vn -0.111816 -0.949951 -0.290771
vn -0.154785 -0.697998 -0.698975
vn -0.102783 -0.751953 -0.650879
vn -0.111816 -0.949951 -0.290771
vn -0.102783 -0.751953 -0.650879
vn -0.018799 -0.977783 -0.208984
vn -0.072998 -0.953857 -0.288818
vn 0.032959 -0.992920 -0.108887
vn 0.034912 -0.746826 -0.663818
vn 0.022949 -0.361816 0.931885
vn 0.019775 -0.355957 0.933838
vn 0.022949 -0.361816 0.931885
vn 0.022949 -0.361816 0.931885
vn 0.022949 -0.361816 0.931885
vn 0.026855 -0.366943 0.929932
vn 0.022949 -0.365967 -0.930908
vn 0.025879 -0.361816 -0.931885
vn 0.022949 -0.365967 -0.930908
vn 0.022949 -0.365967 -0.930908
vn 0.022949 -0.365967 -0.930908
vn 0.019775 -0.368896 -0.928955
vn -0.025879 -0.975830 0.215820
vn -0.018799 -0.977783 -0.208984
vn 0.130859 -0.976807 -0.170898
vn -0.025879 -0.975830 0.215820
vn 0.130859 -0.976807 -0.170898
vn 0.142822 -0.967773 0.205811
vn 0.142822 -0.967773 0.205811
vn 0.169922 -0.766846 0.617920
vn -0.048828 -0.826904 0.559814
vn 0.142822 -0.967773 0.205811
vn -0.048828 -0.826904 0.559814
vn -0.025879 -0.975830 0.215820
vn 0.130859 -0.976807 -0.170898
vn 0.136963 -0.855957 -0.497803
vn 0.220947 -0.779785 -0.584961
vn -0.018799 -0.977783 -0.208984
vn -0.102783 -0.751953 -0.650879
vn 0.136963 -0.855957 -0.497803
vn -0.018799 -0.977783 -0.208984
vn 0.136963 -0.855957 -0.497803
vn 0.130859 -0.976807 -0.170898
vn -0.094971 -0.983887 0.148926
vn -0.111816 -0.949951 -0.290771
vn -0.018799 -0.977783 -0.208984
vn -0.094971 -0.983887 0.148926
vn -0.018799 -0.977783 -0.208984
vn -0.025879 -0.975830 0.215820
vn -0.025879 -0.975830 0.215820
vn -0.048828 -0.826904 0.559814
vn -0.140869 -0.695801 0.703857
vn -0.025879 -0.975830 0.215820
vn -0.140869 -0.695801 0.703857
vn -0.094971 -0.983887 0.148926
vn -0.520996 -0.808838 0.270996
vn -0.408936 -0.619873 0.668945
vn -0.442871 -0.658936 0.606934
vn -0.520996 -0.808838 0.270996
vn -0.442871 -0.658936 0.606934
vn -0.530762 -0.788818 0.307861
vn -0.442871 -0.658936 -0.606934
vn -0.408936 -0.619873 -0.668945
vn -0.520996 -0.808838 -0.270996
vn -0.442871 -0.658936 -0.606934
vn -0.520996 -0.808838 -0.270996
vn -0.530762 -0.788818 -0.307861
vn -0.543945 -0.838867 0.000000
vn 0.000977 -1.000000 0.000000
vn -0.026855 -0.997803 0.057861
vn -0.463867 -0.850830 -0.243896
vn -0.046875 -0.977783 -0.203857
vn -0.026855 -0.997803 -0.057861
vn 0.231934 -0.964844 0.119873
vn 0.226807 -0.854980 0.466797
vn 0.142822 -0.967773 0.205811
vn 0.130859 -0.976807 -0.170898
vn 0.220947 -0.779785 -0.584961
vn 0.229980 -0.969971 -0.079834
vn -0.523926 -0.851807 0.000000
vn -0.530762 -0.788818 -0.307861
vn -0.520996 -0.808838 -0.270996
vn -0.520996 -0.808838 -0.270996
vn -0.520996 -0.808838 0.270996
vn -0.523926 -0.851807 0.000000
vn -0.797852 0.098877 -0.594971
vn -0.907959 0.157959 -0.386963
vn -0.714844 0.068848 -0.695801
vn -0.714844 0.068848 0.695801
vn -0.905762 0.152832 0.393799
vn -0.836914 0.116943 0.533936
vn 0.597900 -0.800781 0.000000
vn 0.562988 -0.772949 0.290771
vn 0.579834 -0.797852 0.163818
vn 0.955811 -0.229980 0.183838
vn 0.878906 -0.210938 0.427979
vn 0.795898 -0.496826 0.343994
vn 0.955811 -0.229980 0.183838
vn 0.795898 -0.496826 0.343994
vn 0.833984 -0.543945 0.089844
vn 0.080811 -0.345947 -0.934814
vn -0.105957 -0.438965 -0.891846
vn 0.034912 -0.746826 -0.663818
vn 0.833984 -0.543945 0.089844
vn 0.773926 -0.620850 -0.125977
vn 0.967773 -0.232910 -0.091797
vn 0.833984 -0.543945 0.089844
vn 0.967773 -0.232910 -0.091797
vn 0.955811 -0.229980 0.183838
vn 0.635986 0.758789 0.140869
vn 0.770996 0.514893 -0.375000
vn 0.765869 0.515869 -0.383789
vn 0.635986 0.758789 0.140869
vn 0.765869 0.515869 -0.383789
vn 0.503906 0.500000 0.704834
vn -0.752930 0.630859 0.185791
vn -0.658936 -0.576904 -0.482910
vn -0.781982 -0.412842 0.467773
vn -0.752930 0.630859 0.185791
vn -0.781982 -0.412842 0.467773
vn -0.592773 0.799805 -0.092773
vn -0.901855 0.355957 -0.242920
vn -0.699951 -0.125977 -0.702881
vn -0.658936 -0.576904 -0.482910
vn -0.901855 0.355957 -0.242920
vn -0.658936 -0.576904 -0.482910
vn -0.752930 0.630859 0.185791
vn 0.833984 -0.543945 0.089844
vn 0.795898 -0.496826 0.343994
vn 0.394775 -0.917969 -0.037842
vn 0.284912 0.439941 0.851807
vn -0.752930 0.630859 0.185791
vn 0.190918 0.844971 0.498779
vn 0.233887 0.720947 -0.652832
vn 0.284912 0.439941 -0.851807
vn 0.329834 0.459961 -0.823975
vn 0.233887 0.720947 -0.652832
vn -0.592773 0.799805 -0.092773
vn 0.284912 0.439941 -0.851807
vn -0.592773 0.799805 -0.092773
vn 0.233887 0.720947 -0.652832
vn 0.190918 0.844971 0.498779
vn -0.592773 0.799805 -0.092773
vn 0.190918 0.844971 0.498779
vn -0.752930 0.630859 0.185791
vn -0.078857 -0.650879 0.754883
vn -0.829834 0.069824 0.552979
vn -0.781982 -0.412842 0.467773
vn -0.658936 -0.576904 -0.482910
vn -0.699951 -0.125977 -0.702881
vn -0.078857 -0.650879 -0.754883
vn -0.037842 -0.853760 0.518799
vn -0.584961 -0.566895 0.579834
vn -0.367920 -0.904785 0.210938
vn -0.037842 -0.853760 0.518799
vn -0.367920 -0.904785 0.210938
vn -0.046875 -0.977783 0.203857
vn -0.037842 -0.853760 0.518799
vn -0.046875 -0.977783 0.203857
vn -0.051758 -0.838867 0.540771
vn 0.539795 0.736816 0.406982
vn 0.766846 -0.503906 0.397949
vn 0.929932 0.052979 -0.364990
vn 0.539795 0.736816 0.406982
vn 0.929932 0.052979 -0.364990
vn 0.453857 0.651855 -0.606934
vn 0.346924 -0.937988 0.000000
vn 0.929932 0.052979 -0.364990
vn 0.766846 -0.503906 0.397949
vn 0.346924 -0.937988 0.000000
vn 0.766846 -0.503906 0.397949
vn 0.346924 -0.937988 0.000000
vn -0.691895 -0.721924 0.000000
vn -0.795898 -0.570801 0.199951
vn -0.532959 -0.835938 0.131836
vn -0.983887 0.178955 0.000000
vn -0.957764 0.173828 0.229980
vn -0.959961 0.169922 0.222900
vn 0.461914 -0.644775 -0.608887
vn -0.756836 -0.445801 -0.477783
vn -0.381836 0.311768 -0.869873
vn 0.461914 -0.644775 -0.608887
vn -0.381836 0.311768 -0.869873
vn 0.043945 -0.127930 -0.990967
vn 0.402832 0.888916 -0.218994
vn 0.635986 0.758789 0.140869
vn 0.539795 0.736816 0.406982
vn 0.402832 0.888916 -0.218994
vn 0.539795 0.736816 0.406982
vn 0.453857 0.651855 -0.606934
vn 0.066895 -0.352783 0.932861
vn 0.066895 -0.352783 0.932861
vn 0.066895 -0.352783 0.932861
vn 0.084961 0.139893 -0.985840
vn 0.110840 0.109863 -0.987793
vn 0.189941 0.033936 -0.980957
vn 0.120850 -0.990967 -0.063965
vn 0.104980 -0.991943 0.072998
vn 0.360840 -0.931885 0.037842
vn 0.394775 -0.917969 -0.037842
vn 0.360840 -0.931885 0.037842
vn 0.773926 -0.620850 -0.125977
vn 0.084961 0.139893 0.985840
vn 0.110840 0.109863 0.987793
vn 0.031982 0.192871 0.980957
vn 0.000000 -1.000000 0.000000
vn 0.000000 -1.000000 0.000000
vn 0.000000 -1.000000 0.000000
vn 0.142822 -0.967773 0.205811
vn 0.130859 -0.976807 -0.170898
vn 0.229980 -0.969971 -0.079834
vn 0.142822 -0.967773 0.205811
vn 0.229980 -0.969971 -0.079834
vn 0.231934 -0.964844 0.119873
vn 0.034912 -0.746826 0.663818
vn -0.072998 -0.953857 0.288818
vn -0.105957 -0.438965 0.891846
vn -0.105957 -0.438965 -0.891846
vn -0.072998 -0.953857 -0.288818
vn 0.034912 -0.746826 -0.663818
vn -0.348877 -0.495850 0.794922
vn 0.811768 -0.557861 -0.171875
vn 0.051758 -0.125977 0.990967
vn -0.348877 -0.495850 0.794922
vn 0.051758 -0.125977 0.990967
vn -0.786865 0.347900 0.509766
vn 0.453857 0.651855 -0.606934
vn 0.929932 0.052979 -0.364990
vn 0.675781 0.567871 -0.468994
vn 0.453857 0.651855 -0.606934
vn 0.675781 0.567871 -0.468994
vn 0.402832 0.888916 -0.218994
vn 0.539795 0.736816 0.406982
vn 0.635986 0.758789 0.140869
vn 0.503906 0.500000 0.704834
vn 0.539795 0.736816 0.406982
vn 0.503906 0.500000 0.704834
vn 0.766846 -0.503906 0.397949
vn 0.360840 -0.931885 0.037842
vn 0.394775 -0.917969 -0.037842
vn 0.120850 -0.990967 -0.063965
vn 0.773926 -0.620850 -0.125977
vn 0.833984 -0.543945 0.089844
vn 0.394775 -0.917969 -0.037842
vn -0.037842 -0.853760 -0.518799
vn 0.080811 -0.345947 -0.934814
vn 0.034912 -0.746826 -0.663818
vn 0.034912 -0.746826 0.663818
vn -0.105957 -0.438965 0.891846
vn 0.080811 -0.345947 0.934814
vn -0.034912 0.297852 0.953857
vn -0.092773 0.800781 0.591797
vn -0.106934 0.917969 0.382812
vn 0.534912 -0.844971 0.000000
vn 0.534912 -0.844971 0.000000
vn 0.477783 -0.755859 -0.446777
vn 0.534912 -0.844971 0.000000
vn 0.477783 -0.755859 -0.446777
vn 0.195801 0.737793 -0.645996
vn -0.081787 0.701904 -0.706787
vn 0.195801 0.737793 -0.645996
vn 0.477783 -0.755859 -0.446777
vn -0.106934 0.917969 0.382812
vn -0.092773 0.800781 0.591797
vn 0.195801 0.737793 -0.645996
vn -0.106934 0.917969 0.382812
vn 0.195801 0.737793 -0.645996
vn -0.081787 0.701904 -0.706787
vn 0.107910 0.130859 -0.984863
vn 0.487793 0.588867 -0.643799
vn 0.580811 0.700928 -0.413818
vn 0.615967 -0.449951 0.645996
vn 0.377930 -0.596924 0.706787
vn 0.534912 -0.844971 0.000000
vn 0.615967 -0.449951 0.645996
vn 0.534912 -0.844971 0.000000
vn 0.534912 -0.844971 0.000000
vn 0.377930 -0.596924 0.706787
vn 0.615967 -0.449951 0.645996
vn -0.102783 0.887939 0.446777
vn 0.580811 0.700928 -0.413818
vn 0.487793 0.588867 -0.643799
vn 0.570801 0.688965 0.446777
vn 0.580811 0.700928 -0.413818
vn 0.570801 0.688965 0.446777
vn 0.450928 0.543945 0.706787
vn -0.037842 -0.853760 -0.518799
vn 0.034912 -0.746826 -0.663818
vn -0.009766 -0.796875 -0.603760
vn -0.009766 -0.796875 -0.603760
vn -0.083984 -0.750000 -0.654785
vn -0.037842 -0.853760 -0.518799
vn -0.049805 -0.715820 0.695801
vn 0.034912 -0.746826 0.663818
vn -0.037842 -0.853760 0.518799
vn -0.051758 -0.838867 0.540771
vn -0.049805 -0.715820 0.695801
vn -0.037842 -0.853760 0.518799
vn 0.031982 0.192871 0.980957
vn 0.032959 0.199951 0.978760
vn 0.084961 0.139893 0.985840
vn 0.570801 0.688965 -0.446777
vn 0.450928 0.543945 -0.706787
vn 0.580811 0.700928 0.413818
vn 0.570801 0.688965 -0.446777
vn 0.580811 0.700928 0.413818
vn 0.487793 0.588867 0.643799
vn -0.102783 0.887939 0.446777
vn 0.615967 -0.449951 0.645996
vn -0.106934 0.917969 -0.382812
vn -0.102783 0.887939 0.446777
vn -0.106934 0.917969 -0.382812
vn -0.092773 0.800781 -0.591797
vn 0.487793 0.588867 0.643799
vn 0.580811 0.700928 0.413818
vn 0.107910 0.130859 0.984863
vn 0.000000 0.000000 -1.000000
vn 0.450928 0.543945 -0.706787
vn 0.570801 0.688965 -0.446777
vn -0.092773 0.800781 -0.591797
vn -0.106934 0.917969 -0.382812
vn -0.034912 0.297852 -0.953857
vn 0.450928 0.543945 0.706787
vn 0.570801 0.688965 0.446777
vn 0.000000 0.000000 1.000000
vn 0.525879 0.849854 0.000000
vn 0.525879 0.849854 0.000000
vn 0.525879 0.849854 0.000000
vn 0.525879 0.849854 0.000000
vn 0.525879 0.849854 0.000000
vn 0.525879 0.849854 0.000000
vn -0.381836 0.311768 -0.869873
vn -0.750977 0.623779 0.213867
vn 0.705811 0.412842 0.575928
vn -0.786865 0.347900 0.509766
vn 0.549805 0.659912 -0.511963
vn 0.398926 0.595947 -0.695801
vn 0.579834 -0.797852 -0.163818
vn 0.562988 -0.772949 -0.290771
vn 0.597900 -0.800781 0.000000
vn 0.579834 -0.797852 0.163818
vn 0.579834 -0.797852 -0.163818
vn 0.597900 -0.800781 0.000000
vn 0.000000 -1.000000 0.000000
vn 0.000000 -1.000000 0.000000
vn 0.000000 -1.000000 0.000000
vn 0.000000 -1.000000 0.000000
vn 0.000000 -1.000000 0.000000
vn 0.000000 -1.000000 0.000000
vn 0.000000 -1.000000 0.000000
vn 0.000000 -1.000000 0.000000
vn 0.000000 -1.000000 0.000000
vn 0.000000 -1.000000 0.000000
vn 0.000000 -1.000000 0.000000
vn 0.000000 -1.000000 0.000000
vn 0.000000 -1.000000 0.000000
vn 0.000000 -1.000000 0.000000
vn 0.000000 -1.000000 0.000000
vn -0.586914 -0.543945 -0.599854
vn 0.036865 -0.932861 -0.357910
vn -0.036865 -0.932861 0.357910
vn -0.586914 -0.543945 -0.599854
vn -0.036865 -0.932861 0.357910
vn -0.475830 -0.490967 0.729980
vn 0.036865 -0.932861 -0.357910
vn 0.475830 -0.490967 -0.729980
vn 0.586914 -0.543945 0.599854
vn 0.036865 -0.932861 -0.357910
vn 0.586914 -0.543945 0.599854
vn -0.036865 -0.932861 0.357910
vn -0.475830 -0.490967 0.729980
vn -0.036865 -0.932861 0.357910
vn 0.586914 -0.543945 0.599854
vn 0.475830 -0.490967 -0.729980
vn 0.462891 0.092773 -0.880859
vn 0.841797 -0.092773 0.531982
vn 0.475830 -0.490967 -0.729980
vn 0.841797 -0.092773 0.531982
vn 0.586914 -0.543945 0.599854
vn 0.462891 0.092773 -0.880859
vn 0.207764 0.543945 -0.812988
vn 0.776855 0.490967 0.393799
vn 0.462891 0.092773 -0.880859
vn 0.776855 0.490967 0.393799
vn 0.841797 -0.092773 0.531982
vn 0.207764 0.543945 -0.812988
vn -0.211914 0.932861 -0.291992
vn 0.211914 0.932861 0.291992
vn 0.207764 0.543945 -0.812988
vn 0.211914 0.932861 0.291992
vn 0.776855 0.490967 0.393799
vn -0.211914 0.932861 -0.291992
vn -0.776855 0.490967 -0.393799
vn -0.207764 0.543945 0.812988
vn -0.211914 0.932861 -0.291992
vn -0.207764 0.543945 0.812988
vn 0.211914 0.932861 0.291992
vn -0.776855 0.490967 -0.393799
vn -0.841797 -0.092773 -0.531982
vn -0.462891 0.092773 0.880859
vn -0.776855 0.490967 -0.393799
vn -0.462891 0.092773 0.880859
vn -0.207764 0.543945 0.812988
vn -0.841797 -0.092773 -0.531982
vn -0.586914 -0.543945 -0.599854
vn -0.475830 -0.490967 0.729980
vn -0.841797 -0.092773 -0.531982
vn -0.475830 -0.490967 0.729980
vn -0.462891 0.092773 0.880859
vn -0.586914 -0.543945 -0.599854
vn 0.036865 -0.932861 -0.357910
vn -0.036865 -0.932861 0.357910
vn -0.586914 -0.543945 -0.599854
vn -0.036865 -0.932861 0.357910
vn -0.228760 -0.345947 0.909912
vn 0.036865 -0.932861 -0.357910
vn 0.475830 -0.490967 -0.729980
vn 0.625000 -0.648926 0.434814
vn 0.036865 -0.932861 -0.357910
vn 0.625000 -0.648926 0.434814
vn -0.036865 -0.932861 0.357910
vn -0.776855 0.490967 -0.393799
vn -0.211914 0.932861 -0.291992
vn 0.207764 0.543945 -0.812988
vn 0.475830 -0.490967 -0.729980
vn 0.462891 0.092773 -0.880859
vn 0.928955 -0.110840 0.352783
vn 0.475830 -0.490967 -0.729980
vn 0.928955 -0.110840 0.352783
vn 0.625000 -0.648926 0.434814
vn 0.462891 0.092773 -0.880859
vn 0.207764 0.543945 -0.812988
vn 0.713867 0.411865 0.565918
vn 0.462891 0.092773 -0.880859
vn 0.713867 0.411865 0.565918
vn 0.928955 -0.110840 0.352783
vn 0.207764 0.543945 -0.812988
vn -0.211914 0.932861 -0.291992
vn 0.257812 0.805908 0.532959
vn 0.207764 0.543945 -0.812988
vn 0.257812 0.805908 0.532959
vn 0.713867 0.411865 0.565918
vn -0.211914 0.932861 -0.291992
vn -0.776855 0.490967 -0.393799
vn -0.461914 0.750977 0.471924
vn -0.211914 0.932861 -0.291992
vn -0.461914 0.750977 0.471924
vn 0.257812 0.805908 0.532959
vn -0.776855 0.490967 -0.393799
vn -0.841797 -0.092773 -0.531982
vn -0.462891 0.092773 0.880859
vn -0.776855 0.490967 -0.393799
vn -0.462891 0.092773 0.880859
vn -0.461914 0.750977 0.471924
vn -0.841797 -0.092773 -0.531982
vn -0.586914 -0.543945 -0.599854
vn -0.228760 -0.345947 0.909912
vn -0.841797 -0.092773 -0.531982
vn -0.228760 -0.345947 0.909912
vn -0.462891 0.092773 0.880859
vn 0.475830 -0.490967 -0.729980
vn 0.036865 -0.932861 -0.357910
vn -0.586914 -0.543945 -0.599854
vn -0.841797 -0.092773 -0.531982
vn -0.776855 0.490967 -0.393799
vn 0.207764 0.543945 -0.812988
vn -0.841797 -0.092773 -0.531982
vn 0.207764 0.543945 -0.812988
vn 0.462891 0.092773 -0.880859
vn -0.586914 -0.543945 -0.599854
vn -0.841797 -0.092773 -0.531982
vn 0.462891 0.092773 -0.880859
vn -0.586914 -0.543945 -0.599854
vn 0.462891 0.092773 -0.880859
vn 0.475830 -0.490967 -0.729980
vn 0.776855 0.490967 0.393799
vn 0.211914 0.932861 0.291992
vn -0.207764 0.543945 0.812988
vn -0.462891 0.092773 0.880859
vn -0.475830 -0.490967 0.729980
vn 0.586914 -0.543945 0.599854
vn -0.462891 0.092773 0.880859
vn 0.586914 -0.543945 0.599854
vn 0.841797 -0.092773 0.531982
vn -0.207764 0.543945 0.812988
vn -0.462891 0.092773 0.880859
vn 0.841797 -0.092773 0.531982
vn -0.207764 0.543945 0.812988
vn 0.841797 -0.092773 0.531982
vn 0.776855 0.490967 0.393799
vn 0.970947 0.238770 0.000000
vn 0.996826 0.074951 0.000000
vn 0.789795 0.613770 0.000000
vn -0.411865 -0.543945 -0.730957
vn 0.675781 0.092773 -0.730957
vn 0.648926 -0.490967 -0.581787
vn 0.128906 -0.932861 -0.336914
vn 0.648926 -0.490967 -0.581787
vn 0.411865 -0.543945 0.730957
vn 0.128906 -0.932861 -0.336914
vn 0.411865 -0.543945 0.730957
vn -0.128906 -0.932861 0.336914
vn -0.648926 -0.490967 0.581787
vn -0.128906 -0.932861 0.336914
vn 0.411865 -0.543945 0.730957
vn 0.648926 -0.490967 -0.581787
vn 0.675781 0.092773 -0.730957
vn 0.675781 -0.092773 0.730957
vn 0.648926 -0.490967 -0.581787
vn 0.675781 -0.092773 0.730957
vn 0.411865 -0.543945 0.730957
vn 0.675781 0.092773 -0.730957
vn 0.411865 0.543945 -0.730957
vn 0.648926 0.490967 0.581787
vn 0.675781 0.092773 -0.730957
vn 0.648926 0.490967 0.581787
vn 0.675781 -0.092773 0.730957
vn 0.411865 0.543945 -0.730957
vn -0.128906 0.932861 -0.336914
vn 0.128906 0.932861 0.336914
vn 0.411865 0.543945 -0.730957
vn 0.128906 0.932861 0.336914
vn 0.648926 0.490967 0.581787
vn -0.128906 0.932861 -0.336914
vn -0.648926 0.490967 -0.581787
vn -0.411865 0.543945 0.730957
vn -0.128906 0.932861 -0.336914
vn -0.411865 0.543945 0.730957
vn 0.128906 0.932861 0.336914
vn -0.648926 0.490967 -0.581787
vn -0.675781 -0.092773 -0.730957
vn -0.675781 0.092773 0.730957
vn -0.648926 0.490967 -0.581787
vn -0.675781 0.092773 0.730957
vn -0.411865 0.543945 0.730957
vn -0.675781 -0.092773 -0.730957
vn -0.411865 -0.543945 -0.730957
vn -0.648926 -0.490967 0.581787
vn -0.675781 -0.092773 -0.730957
vn -0.648926 -0.490967 0.581787
vn -0.675781 0.092773 0.730957
vn -0.411865 -0.543945 -0.730957
vn 0.128906 -0.932861 -0.336914
vn -0.128906 -0.932861 0.336914
vn -0.411865 -0.543945 -0.730957
vn -0.128906 -0.932861 0.336914
vn -0.648926 -0.490967 0.581787
vn -0.411865 -0.543945 -0.730957
vn -0.675781 -0.092773 -0.730957
vn 0.675781 0.092773 -0.730957
vn 0.411865 0.543945 -0.730957
vn -0.675781 -0.092773 -0.730957
vn -0.648926 0.490967 -0.581787
vn 0.128906 -0.932861 -0.336914
vn 0.648926 -0.490967 -0.581787
vn 0.568848 -0.750977 0.336914
vn 0.128906 -0.932861 -0.336914
vn 0.568848 -0.750977 0.336914
vn -0.110840 -0.805908 0.581787
vn 0.648926 -0.490967 -0.581787
vn 0.128906 -0.932861 -0.336914
vn -0.411865 -0.543945 -0.730957
vn 0.648926 -0.490967 -0.581787
vn 0.675781 0.092773 -0.730957
vn 0.675781 -0.092773 0.730957
vn 0.648926 -0.490967 -0.581787
vn 0.675781 -0.092773 0.730957
vn 0.568848 -0.750977 0.336914
vn 0.675781 0.092773 -0.730957
vn 0.411865 0.543945 -0.730957
vn 0.543945 0.411865 0.730957
vn 0.675781 0.092773 -0.730957
vn 0.543945 0.411865 0.730957
vn 0.675781 -0.092773 0.730957
vn 0.411865 0.543945 -0.730957
vn -0.128906 0.932861 -0.336914
vn 0.110840 0.805908 0.581787
vn 0.411865 0.543945 -0.730957
vn 0.110840 0.805908 0.581787
vn 0.543945 0.411865 0.730957
vn -0.128906 0.932861 -0.336914
vn -0.648926 0.490967 -0.581787
vn -0.568848 0.750977 0.336914
vn -0.128906 0.932861 -0.336914
vn -0.568848 0.750977 0.336914
vn 0.110840 0.805908 0.581787
vn -0.648926 0.490967 -0.581787
vn -0.675781 -0.092773 -0.730957
vn -0.675781 0.092773 0.730957
vn -0.648926 0.490967 -0.581787
vn -0.675781 0.092773 0.730957
vn -0.568848 0.750977 0.336914
vn -0.675781 -0.092773 -0.730957
vn -0.411865 -0.543945 -0.730957
vn -0.543945 -0.411865 0.730957
vn -0.675781 -0.092773 -0.730957
vn -0.543945 -0.411865 0.730957
vn -0.675781 0.092773 0.730957
vn -0.411865 -0.543945 -0.730957
vn 0.128906 -0.932861 -0.336914
vn -0.110840 -0.805908 0.581787
vn -0.411865 -0.543945 -0.730957
vn -0.110840 -0.805908 0.581787
vn -0.543945 -0.411865 0.730957
vn 0.648926 0.490967 0.581787
vn 0.128906 0.932861 0.336914
vn -0.411865 0.543945 0.730957
vn 0.411865 -0.543945 0.730957
vn 0.675781 -0.092773 0.730957
vn -0.675781 0.092773 0.730957
vn 0.411865 -0.543945 0.730957
vn -0.675781 0.092773 0.730957
vn -0.648926 -0.490967 0.581787
vn -0.411865 0.543945 0.730957
vn -0.675781 0.092773 0.730957
vn 0.675781 -0.092773 0.730957
vn -0.411865 0.543945 0.730957
vn 0.675781 -0.092773 0.730957
vn 0.648926 0.490967 0.581787
vn -0.648926 0.490967 -0.581787
vn -0.128906 0.932861 -0.336914
vn 0.411865 0.543945 -0.730957
vn 0.411865 0.543945 -0.730957
vn 0.675781 0.092773 -0.730957
vn -0.675781 -0.092773 -0.730957
vn 0.736816 0.675781 0.000000
vn 0.736816 0.675781 0.000000
vn 0.996826 0.074951 0.000000
vn 0.921875 0.387939 0.000000
vn 0.921875 0.387939 0.000000
vn 0.796875 0.603760 0.000000
vn -0.985840 0.167969 0.000000
vn -0.985840 0.167969 0.000000
vn -0.795898 0.604980 0.000000
vn 0.736816 0.675781 0.000000
vn -0.914795 0.404785 0.000000
vn -0.457764 0.888916 0.000000
vn 0.120850 -0.990967 -0.063965
vn 0.058838 -0.997803 -0.007812
vn 0.050781 -0.998779 0.000000
vn 0.050781 -0.998779 0.000000
vn 0.104980 -0.991943 0.072998
vn 0.120850 -0.990967 -0.063965
vn 0.000000 -1.000000 0.000000
vn 0.000000 -1.000000 0.000000
vn 0.000000 -1.000000 0.000000
vn -0.985840 0.167969 0.000000
vn -0.457764 0.888916 0.000000
vn -0.914795 0.404785 0.000000
vn 0.996826 0.074951 0.000000
vn 0.970947 0.238770 0.000000
vn 0.736816 0.675781 0.000000
vn -0.914795 0.404785 0.000000
vn -0.985840 0.167969 0.000000
vn -0.985840 0.167969 0.000000
vn -0.457764 0.888916 0.000000
vn 0.736816 0.675781 0.000000
vn 0.736816 0.675781 0.000000
vn 0.084961 0.139893 -0.985840
vn 0.032959 0.199951 -0.978760
vn 0.031982 0.192871 -0.980957
vn -0.026855 -0.997803 0.057861
vn -0.367920 -0.904785 0.210938
vn -0.543945 -0.838867 0.000000
vn -0.795898 -0.570801 0.199951
vn -0.691895 -0.721924 0.000000
vn -0.543945 -0.838867 0.000000
vn 0.190918 0.844971 0.498779
vn 0.329834 0.459961 0.823975
vn 0.284912 0.439941 0.851807
vn -0.078857 -0.650879 -0.754883
vn 0.067871 -0.930908 -0.359863
vn -0.658936 -0.576904 -0.482910
vn -0.781982 -0.412842 0.467773
vn 0.087891 -0.966797 0.237793
vn -0.078857 -0.650879 0.754883
vn 0.127930 0.991943 0.000000
vn -0.133789 0.990967 0.000000
vn 0.590820 0.806885 0.000000
vn -0.133789 0.990967 0.000000
vn 0.127930 0.991943 0.000000
vn -0.594971 0.803955 0.000000
vn -0.134766 0.990967 0.000000
vn 0.142822 0.989990 0.000000
vn -0.603760 0.796875 0.000000
vn 0.142822 0.989990 0.000000
vn -0.134766 0.990967 0.000000
vn 0.607910 0.793945 0.000000
vn 0.625000 -0.648926 0.434814
vn -0.228760 -0.345947 0.909912
vn -0.036865 -0.932861 0.357910
vn 0.625000 -0.648926 0.434814
vn 0.928955 -0.110840 0.352783
vn -0.228760 -0.345947 0.909912
vn -0.228760 -0.345947 0.909912
vn 0.928955 -0.110840 0.352783
vn 0.713867 0.411865 0.565918
vn -0.228760 -0.345947 0.909912
vn 0.713867 0.411865 0.565918
vn -0.462891 0.092773 0.880859
vn -0.462891 0.092773 0.880859
vn 0.713867 0.411865 0.565918
vn 0.257812 0.805908 0.532959
vn -0.462891 0.092773 0.880859
vn 0.257812 0.805908 0.532959
vn -0.461914 0.750977 0.471924
vn 0.568848 -0.750977 0.336914
vn 0.675781 -0.092773 0.730957
vn -0.110840 -0.805908 0.581787
vn -0.110840 -0.805908 0.581787
vn 0.675781 -0.092773 0.730957
vn -0.543945 -0.411865 0.730957
vn -0.543945 -0.411865 0.730957
vn 0.675781 -0.092773 0.730957
vn 0.543945 0.411865 0.730957
vn -0.543945 -0.411865 0.730957
vn 0.543945 0.411865 0.730957
vn -0.675781 0.092773 0.730957
vn -0.675781 0.092773 0.730957
vn 0.543945 0.411865 0.730957
vn 0.110840 0.805908 0.581787
vn -0.675781 0.092773 0.730957
vn 0.110840 0.805908 0.581787
vn -0.568848 0.750977 0.336914
vn 0.128906 -0.932861 -0.336914
vn -0.411865 -0.543945 -0.730957
vn 0.648926 -0.490967 -0.581787
vn 0.648926 -0.490967 -0.581787
vn -0.411865 -0.543945 -0.730957
vn 0.675781 0.092773 -0.730957
vn -0.411865 -0.543945 -0.730957
vn -0.675781 -0.092773 -0.730957
vn 0.675781 0.092773 -0.730957
vn 0.675781 0.092773 -0.730957
vn -0.675781 -0.092773 -0.730957
vn 0.411865 0.543945 -0.730957
vn -0.675781 -0.092773 -0.730957
vn -0.648926 0.490967 -0.581787
vn 0.411865 0.543945 -0.730957
vn -0.648926 0.490967 -0.581787
vn -0.128906 0.932861 -0.336914
vn 0.411865 0.543945 -0.730957
vn 0.036865 -0.932861 -0.357910
vn -0.586914 -0.543945 -0.599854
vn 0.475830 -0.490967 -0.729980
vn 0.475830 -0.490967 -0.729980
vn -0.586914 -0.543945 -0.599854
vn 0.462891 0.092773 -0.880859
vn -0.586914 -0.543945 -0.599854
vn -0.841797 -0.092773 -0.531982
vn 0.462891 0.092773 -0.880859
vn -0.841797 -0.092773 -0.531982
vn 0.207764 0.543945 -0.812988
vn 0.462891 0.092773 -0.880859
vn -0.841797 -0.092773 -0.531982
vn -0.776855 0.490967 -0.393799
vn 0.207764 0.543945 -0.812988
vn 0.207764 0.543945 -0.812988
vn -0.776855 0.490967 -0.393799
vn -0.211914 0.932861 -0.291992
vn 0.796875 0.603760 0.000000
vn 0.607910 0.793945 0.000000
vn 0.921875 0.387939 0.000000
vn 0.607910 0.793945 0.000000
vn 0.796875 0.603760 0.000000
vn 0.142822 0.989990 0.000000
vn -0.603760 0.796875 0.000000
vn -0.795898 0.604980 0.000000
vn -0.134766 0.990967 0.000000
vn -0.795898 0.604980 0.000000
vn -0.603760 0.796875 0.000000
vn -0.985840 0.167969 0.000000
vn 0.789795 0.613770 0.000000
vn 0.590820 0.806885 0.000000
vn 0.970947 0.238770 0.000000
vn 0.590820 0.806885 0.000000
vn 0.789795 0.613770 0.000000
vn 0.127930 0.991943 0.000000
vn -0.594971 0.803955 0.000000
vn -0.790771 0.611816 0.000000
vn -0.133789 0.990967 0.000000
vn -0.790771 0.611816 0.000000
vn -0.594971 0.803955 0.000000
vn -0.919922 0.390869 0.000000
usemtl Texture
f 1/1/1 2/2/2 3/3/3
f 4/4/4 5/5/5 6/6/6
f 7/7/7 8/8/8 9/9/9
f 10/10/10 11/11/11 12/12/12
f 13/13/13 14/14/14 15/15/15
f 16/16/16 17/17/17 18/18/18
f 19/19/19 20/20/20 21/21/21
f 22/22/22 23/23/23 24/24/24
f 25/25/25 26/26/26 27/27/27
f 28/28/28 29/29/29 30/30/30
f 31/31/31 32/32/32 33/33/33
f 34/34/34 35/35/35 36/36/36
f 37/37/37 38/38/38 39/39/39
f 40/40/40 41/41/41 42/42/42
f 43/43/43 44/44/44 45/45/45
f 46/46/46 47/47/47 48/48/48
f 49/49/49 50/50/50 51/51/51
f 52/52/52 53/53/53 54/54/54
f 55/55/55 56/56/56 57/57/57
f 58/58/58 59/59/59 60/60/60
f 61/61/61 62/62/62 63/63/63
f 64/64/64 65/65/65 66/66/66
f 67/67/67 68/68/68 69/69/69
f 70/70/70 71/71/71 72/72/72
f 73/73/73 74/74/74 75/75/75
f 76/76/76 77/77/77 78/78/78
f 79/79/79 80/80/80 81/81/81
f 82/82/82 83/83/83 84/84/84
f 85/85/85 86/86/86 87/87/87
f 88/88/88 89/89/89 90/90/90
f 91/91/91 92/92/92 93/93/93
f 94/94/94 95/95/95 96/96/96
f 97/97/97 98/98/98 99/99/99
f 100/100/100 101/101/101 102/102/102
f 103/103/103 104/104/104 105/105/105
f 106/106/106 107/107/107 108/108/108
f 109/109/109 110/110/110 111/111/111
f 112/112/112 113/113/113 114/114/114
f 115/115/115 116/116/116 117/117/117
f 118/118/118 119/119/119 120/120/120
f 121/121/121 122/122/122 123/123/123
f 124/124/124 125/125/125 126/126/126
f 127/127/127 128/128/128 129/129/129
f 130/130/130 131/131/131 132/132/132
f 133/133/133 134/134/134 135/135/135
f 136/136/136 137/137/137 138/138/138
f 139/139/139 140/140/140 141/141/141
f 142/142/142 143/143/143 144/144/144
f 145/145/145 146/146/146 147/147/147
f 148/148/148 149/149/149 150/150/150
f 151/151/151 152/152/152 153/153/153
f 154/154/154 155/155/155 156/156/156
f 157/157/157 158/158/158 159/159/159
f 160/160/160 161/161/161 162/162/162
f 163/163/163 164/164/164 165/165/165
f 166/166/166 167/167/167 168/168/168
f 169/169/169 170/170/170 171/171/171
f 172/172/172 173/173/173 174/174/174
f 175/175/175 176/176/176 177/177/177
f 178/178/178 179/179/179 180/180/180
f 181/181/181 182/182/182 183/183/183
f 184/184/184 185/185/185 186/186/186
f 187/187/187 188/188/188 189/189/189
f 190/190/190 191/191/191 192/192/192
f 193/193/193 194/194/194 195/195/195
f 196/196/196 197/197/197 198/198/198
f 199/199/199 200/200/200 201/201/201
f 202/202/202 203/203/203 204/204/204
f 205/205/205 206/206/206 207/207/207
f 208/208/208 209/209/209 210/210/210
f 211/211/211 212/212/212 213/213/213
f 214/214/214 215/215/215 216/216/216
f 217/217/217 218/218/218 219/219/219
f 220/220/220 221/221/221 222/222/222
f 223/223/223 224/224/224 225/225/225
f 226/226/226 227/227/227 228/228/228
f 229/229/229 230/230/230 231/231/231
f 232/232/232 233/233/233 234/234/234
f 235/235/235 236/236/236 237/237/237
f 238/238/238 239/239/239 240/240/240
f 241/241/241 242/242/242 243/243/243
f 244/244/244 245/245/245 246/246/246
f 247/247/247 248/248/248 249/249/249
f 250/250/250 251/251/251 252/252/252
f 253/253/253 254/254/254 255/255/255
f 256/256/256 257/257/257 258/258/258
f 259/259/259 260/260/260 261/261/261
f 262/262/262 263/263/263 264/264/264
f 265/265/265 266/266/266 267/267/267
f 268/268/268 269/269/269 270/270/270
f 271/271/271 272/272/272 273/273/273
f 274/274/274 275/275/275 276/276/276
f 277/277/277 278/278/278 279/279/279
f 280/280/280 281/281/281 282/282/282
f 283/283/283 284/284/284 285/285/285
f 286/286/286 287/287/287 288/288/288
f 289/289/289 290/290/290 291/291/291
f 292/292/292 293/293/293 294/294/294
f 295/295/295 296/296/296 297/297/297
f 298/298/298 299/299/299 300/300/300
f 301/301/301 302/302/302 303/303/303
f 304/304/304 305/305/305 306/306/306
f 307/307/307 308/308/308 309/309/309
f 310/310/310 311/311/311 312/312/312
f 313/313/313 314/314/314 315/315/315
f 316/316/316 317/317/317 318/318/318
f 319/319/319 320/320/320 321/321/321
f 322/322/322 323/323/323 324/324/324
f 325/325/325 326/326/326 327/327/327
f 328/328/328 329/329/329 330/330/330
f 331/331/331 332/332/332 333/333/333
f 334/334/334 335/335/335 336/336/336
f 337/337/337 338/338/338 339/339/339
f 340/340/340 341/341/341 342/342/342
f 343/343/343 344/344/344 345/345/345
f 346/346/346 347/347/347 348/348/348
f 349/349/349 350/350/350 351/351/351
f 352/352/352 353/353/353 354/354/354
f 355/355/355 356/356/356 357/357/357
f 358/358/358 359/359/359 360/360/360
f 361/361/361 362/362/362 363/363/363
f 364/364/364 365/365/365 366/366/366
f 367/367/367 368/368/368 369/369/369
f 370/370/370 371/371/371 372/372/372
f 373/373/373 374/374/374 375/375/375
f 376/376/376 377/377/377 378/378/378
f 379/379/379 380/380/380 381/381/381
f 382/382/382 383/383/383 384/384/384
f 385/385/385 386/386/386 387/387/387
f 388/388/388 389/389/389 390/390/390
f 391/391/391 392/392/392 393/393/393
f 394/394/394 395/395/395 396/396/396
f 397/397/397 398/398/398 399/399/399
f 400/400/400 401/401/401 402/402/402
f 403/403/403 404/404/404 405/405/405
f 406/406/406 407/407/407 408/408/408
f 409/409/409 410/410/410 411/411/411
f 412/412/412 413/413/413 414/414/414
f 415/415/415 416/416/416 417/417/417
f 418/418/418 419/419/419 420/420/420
f 421/421/421 422/422/422 423/423/423
f 424/424/424 425/425/425 426/426/426
f 427/427/427 428/428/428 429/429/429
f 430/430/430 431/431/431 432/432/432
f 433/433/433 434/434/434 435/435/435
f 436/436/436 437/437/437 438/438/438
f 439/439/439 440/440/440 441/441/441
f 442/442/442 443/443/443 444/444/444
f 445/445/445 446/446/446 447/447/447
f 448/448/448 449/449/449 450/450/450
f 451/451/451 452/452/452 453/453/453
f 454/454/454 455/455/455 456/456/456
f 457/457/457 458/458/458 459/459/459
f 460/460/460 461/461/461 462/462/462
f 463/463/463 464/464/464 465/465/465
f 466/466/466 467/467/467 468/468/468
f 469/469/469 470/470/470 471/471/471
f 472/472/472 473/473/473 474/474/474
f 475/475/475 476/476/476 477/477/477
f 478/478/478 479/479/479 480/480/480
f 481/481/481 482/482/482 483/483/483
f 484/484/484 485/485/485 486/486/486
f 487/487/487 488/488/488 489/489/489
f 490/490/490 491/491/491 492/492/492
f 493/493/493 494/494/494 495/495/495
f 496/496/496 497/497/497 498/498/498
f 499/499/499 500/500/500 501/501/501
f 502/502/502 503/503/503 504/504/504
f 505/505/505 506/506/506 507/507/507
f 508/508/508 509/509/509 510/510/510
f 511/511/511 512/512/512 513/513/513
f 514/514/514 515/515/515 516/516/516
f 517/517/517 518/518/518 519/519/519
f 520/520/520 521/521/521 522/522/522
f 523/523/523 524/524/524 525/525/525
f 526/526/526 527/527/527 528/528/528
f 529/529/529 530/530/530 531/531/531
f 532/532/532 533/533/533 534/534/534
f 535/535/535 536/536/536 537/537/537
f 538/538/538 539/539/539 540/540/540
f 541/541/541 542/542/542 543/543/543
f 544/544/544 545/545/545 546/546/546
f 547/547/547 548/548/548 549/549/549
f 550/550/550 551/551/551 552/552/552
f 553/553/553 554/554/554 555/555/555
f 556/556/556 557/557/557 558/558/558
f 559/559/559 560/560/560 561/561/561
f 562/562/562 563/563/563 564/564/564
f 565/565/565 566/566/566 567/567/567
f 568/568/568 569/569/569 570/570/570
f 571/571/571 572/572/572 573/573/573
f 574/574/574 575/575/575 576/576/576
f 577/577/577 578/578/578 579/579/579
f 580/580/580 581/581/581 582/582/582
f 583/583/583 584/584/584 585/585/585
f 586/586/586 587/587/587 588/588/588
f 589/589/589 590/590/590 591/591/591
f 592/592/592 593/593/593 594/594/594
f 595/595/595 596/596/596 597/597/597
f 598/598/598 599/599/599 600/600/600
f 601/601/601 602/602/602 603/603/603
f 604/604/604 605/605/605 606/606/606
f 607/607/607 608/608/608 609/609/609
f 610/610/610 611/611/611 612/612/612
f 613/613/613 614/614/614 615/615/615
f 616/616/616 617/617/617 618/618/618
f 619/619/619 620/620/620 621/621/621
f 622/622/622 623/623/623 624/624/624
f 625/625/625 626/626/626 627/627/627
f 628/628/628 629/629/629 630/630/630
f 631/631/631 632/632/632 633/633/633
f 634/634/634 635/635/635 636/636/636
f 637/637/637 638/638/638 639/639/639
f 640/640/640 641/641/641 642/642/642
f 643/643/643 644/644/644 645/645/645
f 646/646/646 647/647/647 648/648/648
f 649/649/649 650/650/650 651/651/651
f 652/652/652 653/653/653 654/654/654
f 655/655/655 656/656/656 657/657/657
f 658/658/658 659/659/659 660/660/660
f 661/661/661 662/662/662 663/663/663
f 664/664/664 665/665/665 666/666/666
f 667/667/667 668/668/668 669/669/669
f 670/670/670 671/671/671 672/672/672
f 673/673/673 674/674/674 675/675/675
f 676/676/676 677/677/677 678/678/678
f 679/679/679 680/680/680 681/681/681
f 682/682/682 683/683/683 684/684/684
f 685/685/685 686/686/686 687/687/687
f 688/688/688 689/689/689 690/690/690
f 691/691/691 692/692/692 693/693/693
f 694/694/694 695/695/695 696/696/696
f 697/697/697 698/698/698 699/699/699
f 700/700/700 701/701/701 702/702/702
f 703/703/703 704/704/704 705/705/705
f 706/706/706 707/707/707 708/708/708
f 709/709/709 710/710/710 711/711/711
f 712/712/712 713/713/713 714/714/714
f 715/715/715 716/716/716 717/717/717
f 718/718/718 719/719/719 720/720/720
f 721/721/721 722/722/722 723/723/723
f 724/724/724 725/725/725 726/726/726
f 727/727/727 728/728/728 729/729/729
f 730/730/730 731/731/731 732/732/732
f 733/733/733 734/734/734 735/735/735
f 736/736/736 737/737/737 738/738/738
f 739/739/739 740/740/740 741/741/741
f 742/742/742 743/743/743 744/744/744
f 745/745/745 746/746/746 747/747/747
f 748/748/748 749/749/749 750/750/750
f 751/751/751 752/752/752 753/753/753
f 754/754/754 755/755/755 756/756/756
f 757/757/757 758/758/758 759/759/759
f 760/760/760 761/761/761 762/762/762
f 763/763/763 764/764/764 765/765/765
f 766/766/766 767/767/767 768/768/768
f 769/769/769 770/770/770 771/771/771
f 772/772/772 773/773/773 774/774/774
f 775/775/775 776/776/776 777/777/777
f 778/778/778 779/779/779 780/780/780
f 781/781/781 782/782/782 783/783/783
f 784/784/784 785/785/785 786/786/786
f 787/787/787 788/788/788 789/789/789
f 790/790/790 791/791/791 792/792/792
f 793/793/793 794/794/794 795/795/795
f 796/796/796 797/797/797 798/798/798
f 799/799/799 800/800/800 801/801/801
f 802/802/802 803/803/803 804/804/804
f 805/805/805 806/806/806 807/807/807
f 808/808/808 809/809/809 810/810/810
f 811/811/811 812/812/812 813/813/813
f 814/814/814 815/815/815 816/816/816
f 817/817/817 818/818/818 819/819/819
f 820/820/820 821/821/821 822/822/822
f 823/823/823 824/824/824 825/825/825
f 826/826/826 827/827/827 828/828/828
f 829/829/829 830/830/830 831/831/831
f 832/832/832 833/833/833 834/834/834
f 835/835/835 836/836/836 837/837/837
f 838/838/838 839/839/839 840/840/840
f 841/841/841 842/842/842 843/843/843
f 844/844/844 845/845/845 846/846/846
f 847/847/847 848/848/848 849/849/849
f 850/850/850 851/851/851 852/852/852
f 853/853/853 854/854/854 855/855/855
f 856/856/856 857/857/857 858/858/858
f 859/859/859 860/860/860 861/861/861
f 862/862/862 863/863/863 864/864/864
f 865/865/865 866/866/866 867/867/867
f 868/868/868 869/869/869 870/870/870
f 871/871/871 872/872/872 873/873/873
f 874/874/874 875/875/875 876/876/876
f 877/877/877 878/878/878 879/879/879
f 880/880/880 881/881/881 882/882/882
f 883/883/883 884/884/884 885/885/885
f 886/886/886 887/887/887 888/888/888
f 889/889/889 890/890/890 891/891/891
f 892/892/892 893/893/893 894/894/894
f 895/895/895 896/896/896 897/897/897
f 898/898/898 899/899/899 900/900/900
f 901/901/901 902/902/902 903/903/903
f 904/904/904 905/905/905 906/906/906
f 907/907/907 908/908/908 909/909/909
f 910/910/910 911/911/911 912/912/912
f 913/913/913 914/914/914 915/915/915
f 916/916/916 917/917/917 918/918/918
f 919/919/919 920/920/920 921/921/921
f 922/922/922 923/923/923 924/924/924
f 925/925/925 926/926/926 927/927/927
f 928/928/928 929/929/929 930/930/930
f 931/931/931 932/932/932 933/933/933
f 934/934/934 935/935/935 936/936/936
f 937/937/937 938/938/938 939/939/939
f 940/940/940 941/941/941 942/942/942
f 943/943/943 944/944/944 945/945/945
f 946/946/946 947/947/947 948/948/948
f 949/949/949 950/950/950 951/951/951
f 952/952/952 953/953/953 954/954/954
f 955/955/955 956/956/956 957/957/957
f 958/958/958 959/959/959 960/960/960
f 961/961/961 962/962/962 963/963/963
f 964/964/964 965/965/965 966/966/966
f 967/967/967 968/968/968 969/969/969
f 970/970/970 971/971/971 972/972/972
f 973/973/973 974/974/974 975/975/975
f 976/976/976 977/977/977 978/978/978
f 979/979/979 980/980/980 981/981/981
f 982/982/982 983/983/983 984/984/984
f 985/985/985 986/986/986 987/987/987
f 988/988/988 989/989/989 990/990/990
f 991/991/991 992/992/992 993/993/993
f 994/994/994 995/995/995 996/996/996
f 997/997/997 998/998/998 999/999/999
f 1000/1000/1000 1001/1001/1001 1002/1002/1002
f 1003/1003/1003 1004/1004/1004 1005/1005/1005
f 1006/1006/1006 1007/1007/1007 1008/1008/1008
f 1009/1009/1009 1010/1010/1010 1011/1011/1011
f 1012/1012/1012 1013/1013/1013 1014/1014/1014
f 1015/1015/1015 1016/1016/1016 1017/1017/1017
f 1018/1018/1018 1019/1019/1019 1020/1020/1020
f 1021/1021/1021 1022/1022/1022 1023/1023/1023
f 1024/1024/1024 1025/1025/1025 1026/1026/1026
f 1027/1027/1027 1028/1028/1028 1029/1029/1029
f 1030/1030/1030 1031/1031/1031 1032/1032/1032
f 1033/1033/1033 1034/1034/1034 1035/1035/1035
f 1036/1036/1036 1037/1037/1037 1038/1038/1038
f 1039/1039/1039 1040/1040/1040 1041/1041/1041
f 1042/1042/1042 1043/1043/1043 1044/1044/1044
f 1045/1045/1045 1046/1046/1046 1047/1047/1047
f 1048/1048/1048 1049/1049/1049 1050/1050/1050
f 1051/1051/1051 1052/1052/1052 1053/1053/1053
f 1054/1054/1054 1055/1055/1055 1056/1056/1056
f 1057/1057/1057 1058/1058/1058 1059/1059/1059
f 1060/1060/1060 1061/1061/1061 1062/1062/1062
f 1063/1063/1063 1064/1064/1064 1065/1065/1065
f 1066/1066/1066 1067/1067/1067 1068/1068/1068
f 1069/1069/1069 1070/1070/1070 1071/1071/1071
f 1072/1072/1072 1073/1073/1073 1074/1074/1074
f 1075/1075/1075 1076/1076/1076 1077/1077/1077
f 1078/1078/1078 1079/1079/1079 1080/1080/1080
f 1081/1081/1081 1082/1082/1082 1083/1083/1083
f 1084/1084/1084 1085/1085/1085 1086/1086/1086
f 1087/1087/1087 1088/1088/1088 1089/1089/1089
f 1090/1090/1090 1091/1091/1091 1092/1092/1092
f 1093/1093/1093 1094/1094/1094 1095/1095/1095
f 1096/1096/1096 1097/1097/1097 1098/1098/1098
f 1099/1099/1099 1100/1100/1100 1101/1101/1101
f 1102/1102/1102 1103/1103/1103 1104/1104/1104
f 1105/1105/1105 1106/1106/1106 1107/1107/1107
f 1108/1108/1108 1109/1109/1109 1110/1110/1110
f 1111/1111/1111 1112/1112/1112 1113/1113/1113
f 1114/1114/1114 1115/1115/1115 1116/1116/1116
f 1117/1117/1117 1118/1118/1118 1119/1119/1119
f 1120/1120/1120 1121/1121/1121 1122/1122/1122
f 1123/1123/1123 1124/1124/1124 1125/1125/1125
f 1126/1126/1126 1127/1127/1127 1128/1128/1128
f 1129/1129/1129 1130/1130/1130 1131/1131/1131
f 1132/1132/1132 1133/1133/1133 1134/1134/1134
f 1135/1135/1135 1136/1136/1136 1137/1137/1137
f 1138/1138/1138 1139/1139/1139 1140/1140/1140
f 1141/1141/1141 1142/1142/1142 1143/1143/1143
f 1144/1144/1144 1145/1145/1145 1146/1146/1146
f 1147/1147/1147 1148/1148/1148 1149/1149/1149
f 1150/1150/1150 1151/1151/1151 1152/1152/1152
f 1153/1153/1153 1154/1154/1154 1155/1155/1155
f 1156/1156/1156 1157/1157/1157 1158/1158/1158
f 1159/1159/1159 1160/1160/1160 1161/1161/1161
f 1162/1162/1162 1163/1163/1163 1164/1164/1164
f 1165/1165/1165 1166/1166/1166 1167/1167/1167
f 1168/1168/1168 1169/1169/1169 1170/1170/1170
f 1171/1171/1171 1172/1172/1172 1173/1173/1173
f 1174/1174/1174 1175/1175/1175 1176/1176/1176
f 1177/1177/1177 1178/1178/1178 1179/1179/1179
f 1180/1180/1180 1181/1181/1181 1182/1182/1182
f 1183/1183/1183 1184/1184/1184 1185/1185/1185
f 1186/1186/1186 1187/1187/1187 1188/1188/1188
f 1189/1189/1189 1190/1190/1190 1191/1191/1191
f 1192/1192/1192 1193/1193/1193 1194/1194/1194
f 1195/1195/1195 1196/1196/1196 1197/1197/1197
f 1198/1198/1198 1199/1199/1199 1200/1200/1200
