# OBJ file
mtllib ExZeus.ico.mtl
v 0.456299 1.141357 -0.204834 0.498039 0.498039 0.498039 #0.000000
v 0.426270 1.025146 -0.215576 0.498039 0.498039 0.498039 #0.000000
v 0.451660 1.135010 -0.398682 0.498039 0.498039 0.498039 #0.000000
v 0.456299 1.141357 -0.204834 0.498039 0.498039 0.498039 #0.000000
v 0.451660 1.135010 -0.398682 0.498039 0.498039 0.498039 #0.000000
v 0.557129 1.289551 -0.456787 0.498039 0.498039 0.498039 #0.000000
v 0.527588 1.370850 -0.620605 0.498039 0.498039 0.498039 #0.000000
v 0.557129 1.289551 -0.456787 0.498039 0.498039 0.498039 #0.000000
v 0.451660 1.135010 -0.398682 0.498039 0.498039 0.498039 #0.000000
v 0.527588 1.370850 -0.620605 0.498039 0.498039 0.498039 #0.000000
v 0.451660 1.135010 -0.398682 0.498039 0.498039 0.498039 #0.000000
v 0.412842 1.144287 -0.478271 0.498039 0.498039 0.498039 #0.000000
v 0.604248 2.562256 -0.154053 0.498039 0.498039 0.498039 #0.000000
v -0.010254 2.562256 1.534424 0.498039 0.498039 0.498039 #0.000000
v 0.854248 2.644531 1.796875 0.498039 0.498039 0.498039 #0.000000
v 0.604248 2.562256 -0.154053 0.498039 0.498039 0.498039 #0.000000
v 0.854248 2.644531 1.796875 0.498039 0.498039 0.498039 #0.000000
v 1.463135 2.644531 0.124023 0.498039 0.498039 0.498039 #0.000000
v 0.854492 2.044922 1.796875 0.498039 0.498039 0.498039 #0.000000
v 0.854248 2.644531 1.796875 0.498039 0.498039 0.498039 #0.000000
v -0.010254 2.562256 1.534424 0.498039 0.498039 0.498039 #0.000000
v 0.854492 2.044922 1.796875 0.498039 0.498039 0.498039 #0.000000
v -0.010254 2.562256 1.534424 0.498039 0.498039 0.498039 #0.000000
v -0.010254 1.683350 1.534424 0.498039 0.498039 0.498039 #0.000000
v 0.960205 1.686768 1.506592 0.498039 0.498039 0.498039 #0.000000
v 0.854492 2.044922 1.796875 0.498039 0.498039 0.498039 #0.000000
v -0.010254 1.683350 1.534424 0.498039 0.498039 0.498039 #0.000000
v 0.960205 1.686768 1.506592 0.498039 0.498039 0.498039 #0.000000
v -0.010254 1.683350 1.534424 0.498039 0.498039 0.498039 #0.000000
v 0.195801 1.370361 1.282471 0.498039 0.498039 0.498039 #0.000000
v 1.170410 1.478271 -1.395752 0.498039 0.498039 0.498039 #0.000000
v 1.800537 1.702148 -0.802246 0.498039 0.498039 0.498039 #0.000000
v 1.466797 1.431641 0.114502 0.498039 0.498039 0.498039 #0.000000
v 1.170410 1.478271 -1.395752 0.498039 0.498039 0.498039 #0.000000
v 1.466797 1.431641 0.114502 0.498039 0.498039 0.498039 #0.000000
v 0.729248 1.101562 -0.183350 0.498039 0.498039 0.498039 #0.000000
v 1.055908 2.307129 -1.081543 0.498039 0.498039 0.498039 #0.000000
v 0.604248 2.562256 -0.154053 0.498039 0.498039 0.498039 #0.000000
v 1.463135 2.644531 0.124023 0.498039 0.498039 0.498039 #0.000000
v 1.055908 2.307129 -1.081543 0.498039 0.498039 0.498039 #0.000000
v 1.463135 2.644531 0.124023 0.498039 0.498039 0.498039 #0.000000
v 1.686035 2.364502 -0.488037 0.498039 0.498039 0.498039 #0.000000
v 1.463135 2.644531 0.124023 0.498039 0.498039 0.498039 #0.000000
v 0.854248 2.644531 1.796875 0.498039 0.498039 0.498039 #0.000000
v 0.980713 2.545898 1.738037 0.498039 0.498039 0.498039 #0.000000
v 0.980713 2.105713 1.738037 0.498039 0.498039 0.498039 #0.000000
v 0.980713 2.545898 1.738037 0.498039 0.498039 0.498039 #0.000000
v 0.854248 2.644531 1.796875 0.498039 0.498039 0.498039 #0.000000
v 0.980713 2.105713 1.738037 0.498039 0.498039 0.498039 #0.000000
v 0.854248 2.644531 1.796875 0.498039 0.498039 0.498039 #0.000000
v 0.854492 2.044922 1.796875 0.498039 0.498039 0.498039 #0.000000
v 1.063477 1.781494 1.510986 0.498039 0.498039 0.498039 #0.000000
v 0.980713 2.105713 1.738037 0.498039 0.498039 0.498039 #0.000000
v 0.854492 2.044922 1.796875 0.498039 0.498039 0.498039 #0.000000
v 1.063477 1.781494 1.510986 0.498039 0.498039 0.498039 #0.000000
v 0.854492 2.044922 1.796875 0.498039 0.498039 0.498039 #0.000000
v 0.960205 1.686768 1.506592 0.498039 0.498039 0.498039 #0.000000
v 1.466797 1.431641 0.114502 0.498039 0.498039 0.498039 #0.000000
v 1.063477 1.781494 1.510986 0.498039 0.498039 0.498039 #0.000000
v 0.960205 1.686768 1.506592 0.498039 0.498039 0.498039 #0.000000
v 0.252441 0.551758 1.066162 0.498039 0.498039 0.498039 #0.000000
v 0.674805 0.551758 -0.094482 0.498039 0.498039 0.498039 #0.000000
v 0.603271 1.141357 -0.151367 0.498039 0.498039 0.498039 #0.000000
v 0.252441 0.551758 1.066162 0.498039 0.498039 0.498039 #0.000000
v 0.603271 1.141357 -0.151367 0.498039 0.498039 0.498039 #0.000000
v 0.195801 1.370361 1.282471 0.498039 0.498039 0.498039 #0.000000
v 0.604248 2.562256 -0.154053 0.498039 0.498039 0.498039 #0.000000
v 1.055908 2.307129 -1.081543 0.498039 0.498039 0.498039 #0.000000
v 0.808594 2.302734 -0.715576 0.498039 0.498039 0.498039 #0.000000
v 1.055908 2.307129 -1.081543 0.498039 0.498039 0.498039 #0.000000
v 1.170410 1.478271 -1.395752 0.498039 0.498039 0.498039 #0.000000
v 0.923096 1.437012 -1.029785 0.498039 0.498039 0.498039 #0.000000
v 1.055908 2.307129 -1.081543 0.498039 0.498039 0.498039 #0.000000
v 0.923096 1.437012 -1.029785 0.498039 0.498039 0.498039 #0.000000
v 0.808594 2.302734 -0.715576 0.498039 0.498039 0.498039 #0.000000
v 1.170410 1.478271 -1.395752 0.498039 0.498039 0.498039 #0.000000
v 0.729248 1.101562 -0.183350 0.498039 0.498039 0.498039 #0.000000
v 0.603271 1.141357 -0.151367 0.498039 0.498039 0.498039 #0.000000
v 1.170410 1.478271 -1.395752 0.498039 0.498039 0.498039 #0.000000
v 0.603271 1.141357 -0.151367 0.498039 0.498039 0.498039 #0.000000
v 0.923096 1.437012 -1.029785 0.498039 0.498039 0.498039 #0.000000
v 0.729248 1.101562 -0.183350 0.498039 0.498039 0.498039 #0.000000
v 0.195801 1.370361 1.282471 0.498039 0.498039 0.498039 #0.000000
v 0.603271 1.141357 -0.151367 0.498039 0.498039 0.498039 #0.000000
v 0.395996 0.551758 -0.196045 0.498039 0.498039 0.498039 #0.000000
v 0.674805 0.551758 -0.094482 0.498039 0.498039 0.498039 #0.000000
v 0.319580 0.433594 -0.148438 0.498039 0.498039 0.498039 #0.000000
v 0.674805 0.551758 -0.094482 0.498039 0.498039 0.498039 #0.000000
v 0.252441 0.551758 1.066162 0.498039 0.498039 0.498039 #0.000000
v 0.319580 0.433594 -0.148438 0.498039 0.498039 0.498039 #0.000000
v 1.466797 1.431641 0.114502 0.498039 0.498039 0.498039 #0.000000
v 1.800537 1.702148 -0.802246 0.498039 0.498039 0.498039 #0.000000
v 1.686035 2.364502 -0.488037 0.498039 0.498039 0.498039 #0.000000
v 1.466797 1.431641 0.114502 0.498039 0.498039 0.498039 #0.000000
v 1.686035 2.364502 -0.488037 0.498039 0.498039 0.498039 #0.000000
v 1.463135 2.644531 0.124023 0.498039 0.498039 0.498039 #0.000000
v 0.980713 2.545898 1.738037 0.498039 0.498039 0.498039 #0.000000
v 1.063477 1.781494 1.510986 0.498039 0.498039 0.498039 #0.000000
v 1.466797 1.431641 0.114502 0.498039 0.498039 0.498039 #0.000000
v 0.980713 2.545898 1.738037 0.498039 0.498039 0.498039 #0.000000
v 1.466797 1.431641 0.114502 0.498039 0.498039 0.498039 #0.000000
v 1.463135 2.644531 0.124023 0.498039 0.498039 0.498039 #0.000000
v 0.980713 2.545898 1.738037 0.498039 0.498039 0.498039 #0.000000
v 0.980713 2.105713 1.738037 0.498039 0.498039 0.498039 #0.000000
v 1.063477 1.781494 1.510986 0.498039 0.498039 0.498039 #0.000000
v 0.915527 0.556885 0.285645 0.498039 0.498039 0.498039 #0.000000
v 0.549805 0.743896 1.280518 0.498039 0.498039 0.498039 #0.000000
v 0.446777 0.712891 1.248535 0.498039 0.498039 0.498039 #0.000000
v 0.915527 0.556885 0.285645 0.498039 0.498039 0.498039 #0.000000
v 0.446777 0.712891 1.248535 0.498039 0.498039 0.498039 #0.000000
v 0.812256 0.525879 0.253418 0.498039 0.498039 0.498039 #0.000000
v 0.915527 0.556885 0.285645 0.498039 0.498039 0.498039 #0.000000
v 1.251465 1.025146 0.152588 0.498039 0.498039 0.498039 #0.000000
v 0.797607 1.257324 1.388184 0.498039 0.498039 0.498039 #0.000000
v 0.915527 0.556885 0.285645 0.498039 0.498039 0.498039 #0.000000
v 0.797607 1.257324 1.388184 0.498039 0.498039 0.498039 #0.000000
v 0.549805 0.743896 1.280518 0.498039 0.498039 0.498039 #0.000000
v 0.892822 0.563965 0.135254 0.498039 0.498039 0.498039 #0.000000
v 0.915527 0.556885 0.285645 0.498039 0.498039 0.498039 #0.000000
v 0.812256 0.525879 0.253418 0.498039 0.498039 0.498039 #0.000000
v 0.892822 0.563965 0.135254 0.498039 0.498039 0.498039 #0.000000
v 1.251465 1.025146 0.152588 0.498039 0.498039 0.498039 #0.000000
v 0.915527 0.556885 0.285645 0.498039 0.498039 0.498039 #0.000000
v 0.797607 1.257324 1.388184 0.498039 0.498039 0.498039 #0.000000
v 0.438965 0.796143 1.370605 0.498039 0.498039 0.498039 #0.000000
v 0.549805 0.743896 1.280518 0.498039 0.498039 0.498039 #0.000000
v 0.549805 0.743896 1.280518 0.498039 0.498039 0.498039 #0.000000
v 0.438965 0.796143 1.370605 0.498039 0.498039 0.498039 #0.000000
v 0.446777 0.712891 1.248535 0.498039 0.498039 0.498039 #0.000000
v 0.812256 0.525879 0.253418 0.498039 0.498039 0.498039 #0.000000
v 0.446777 0.712891 1.248535 0.498039 0.498039 0.498039 #0.000000
v 0.323486 1.406494 1.213623 0.498039 0.498039 0.498039 #0.000000
v 0.812256 0.525879 0.253418 0.498039 0.498039 0.498039 #0.000000
v 0.323486 1.406494 1.213623 0.498039 0.498039 0.498039 #0.000000
v 0.776367 1.180420 -0.023193 0.498039 0.498039 0.498039 #0.000000
v 0.842773 1.609619 1.365479 0.498039 0.498039 0.498039 #0.000000
v 0.797607 1.257324 1.388184 0.498039 0.498039 0.498039 #0.000000
v 1.251465 1.025146 0.152588 0.498039 0.498039 0.498039 #0.000000
v 0.842773 1.609619 1.365479 0.498039 0.498039 0.498039 #0.000000
v 1.251465 1.025146 0.152588 0.498039 0.498039 0.498039 #0.000000
v 1.297607 1.384277 0.129639 0.498039 0.498039 0.498039 #0.000000
v 1.297607 1.384277 0.129639 0.498039 0.498039 0.498039 #0.000000
v 1.251465 1.025146 0.152588 0.498039 0.498039 0.498039 #0.000000
v 0.892822 0.563965 0.135254 0.498039 0.498039 0.498039 #0.000000
v 1.297607 1.384277 0.129639 0.498039 0.498039 0.498039 #0.000000
v 0.892822 0.563965 0.135254 0.498039 0.498039 0.498039 #0.000000
v 0.776367 1.180420 -0.023193 0.498039 0.498039 0.498039 #0.000000
v 0.438965 0.796143 1.370605 0.498039 0.498039 0.498039 #0.000000
v 0.797607 1.257324 1.388184 0.498039 0.498039 0.498039 #0.000000
v 0.842773 1.609619 1.365479 0.498039 0.498039 0.498039 #0.000000
v 0.438965 0.796143 1.370605 0.498039 0.498039 0.498039 #0.000000
v 0.842773 1.609619 1.365479 0.498039 0.498039 0.498039 #0.000000
v 0.323486 1.406494 1.213623 0.498039 0.498039 0.498039 #0.000000
v 0.776367 1.180420 -0.023193 0.498039 0.498039 0.498039 #0.000000
v 0.892822 0.563965 0.135254 0.498039 0.498039 0.498039 #0.000000
v 0.812256 0.525879 0.253418 0.498039 0.498039 0.498039 #0.000000
v 0.438965 0.796143 1.370605 0.498039 0.498039 0.498039 #0.000000
v 0.323486 1.406494 1.213623 0.498039 0.498039 0.498039 #0.000000
v 0.446777 0.712891 1.248535 0.498039 0.498039 0.498039 #0.000000
v 0.842773 1.609619 1.365479 0.498039 0.498039 0.498039 #0.000000
v 1.297607 1.384277 0.129639 0.498039 0.498039 0.498039 #0.000000
v 1.466797 1.431641 0.114502 0.498039 0.498039 0.498039 #0.000000
v 0.842773 1.609619 1.365479 0.498039 0.498039 0.498039 #0.000000
v 1.466797 1.431641 0.114502 0.498039 0.498039 0.498039 #0.000000
v 0.960205 1.686768 1.506592 0.498039 0.498039 0.498039 #0.000000
v 0.842773 1.609619 1.365479 0.498039 0.498039 0.498039 #0.000000
v 0.960205 1.686768 1.506592 0.498039 0.498039 0.498039 #0.000000
v 0.195801 1.370361 1.282471 0.498039 0.498039 0.498039 #0.000000
v 0.842773 1.609619 1.365479 0.498039 0.498039 0.498039 #0.000000
v 0.195801 1.370361 1.282471 0.498039 0.498039 0.498039 #0.000000
v 0.323486 1.406494 1.213623 0.498039 0.498039 0.498039 #0.000000
v 1.466797 1.431641 0.114502 0.498039 0.498039 0.498039 #0.000000
v 1.297607 1.384277 0.129639 0.498039 0.498039 0.498039 #0.000000
v 0.776367 1.180420 -0.023193 0.498039 0.498039 0.498039 #0.000000
v 1.466797 1.431641 0.114502 0.498039 0.498039 0.498039 #0.000000
v 0.776367 1.180420 -0.023193 0.498039 0.498039 0.498039 #0.000000
v 0.729248 1.101562 -0.183350 0.498039 0.498039 0.498039 #0.000000
v 0.195801 1.370361 1.282471 0.498039 0.498039 0.498039 #0.000000
v 0.729248 1.101562 -0.183350 0.498039 0.498039 0.498039 #0.000000
v 0.776367 1.180420 -0.023193 0.498039 0.498039 0.498039 #0.000000
v 0.195801 1.370361 1.282471 0.498039 0.498039 0.498039 #0.000000
v 0.776367 1.180420 -0.023193 0.498039 0.498039 0.498039 #0.000000
v 0.323486 1.406494 1.213623 0.498039 0.498039 0.498039 #0.000000
v 1.338623 2.644531 0.555664 0.498039 0.498039 0.498039 #0.000000
v 1.157715 2.644531 1.052734 0.498039 0.498039 0.498039 #0.000000
v 0.559326 2.644531 0.834961 0.498039 0.498039 0.498039 #0.000000
v 1.338623 2.644531 0.555664 0.498039 0.498039 0.498039 #0.000000
v 0.559326 2.644531 0.834961 0.498039 0.498039 0.498039 #0.000000
v 0.740234 2.644531 0.337646 0.498039 0.498039 0.498039 #0.000000
v 0.760986 2.990967 0.280762 0.498039 0.498039 0.498039 #0.000000
v 1.359375 2.990967 0.498535 0.498039 0.498039 0.498039 #0.000000
v 1.359375 2.703857 0.498535 0.498039 0.498039 0.498039 #0.000000
v 0.760986 2.990967 0.280762 0.498039 0.498039 0.498039 #0.000000
v 1.359375 2.703857 0.498535 0.498039 0.498039 0.498039 #0.000000
v 0.760986 2.703857 0.280762 0.498039 0.498039 0.498039 #0.000000
v 1.403320 2.990967 0.579102 0.498039 0.498039 0.498039 #0.000000
v 1.222412 2.990967 1.076172 0.498039 0.498039 0.498039 #0.000000
v 1.222412 2.703857 1.076172 0.498039 0.498039 0.498039 #0.000000
v 1.403320 2.990967 0.579102 0.498039 0.498039 0.498039 #0.000000
v 1.222412 2.703857 1.076172 0.498039 0.498039 0.498039 #0.000000
v 1.403320 2.703857 0.579102 0.498039 0.498039 0.498039 #0.000000
v 1.136963 2.703857 1.109619 0.498039 0.498039 0.498039 #0.000000
v 1.136963 2.990967 1.109619 0.498039 0.498039 0.498039 #0.000000
v 0.538574 2.990967 0.891846 0.498039 0.498039 0.498039 #0.000000
v 1.136963 2.703857 1.109619 0.498039 0.498039 0.498039 #0.000000
v 0.538574 2.990967 0.891846 0.498039 0.498039 0.498039 #0.000000
v 0.538574 2.703857 0.891846 0.498039 0.498039 0.498039 #0.000000
v 0.494385 2.703857 0.811279 0.498039 0.498039 0.498039 #0.000000
v 0.494385 2.990967 0.811279 0.498039 0.498039 0.498039 #0.000000
v 0.675293 2.990967 0.314209 0.498039 0.498039 0.498039 #0.000000
v 0.494385 2.703857 0.811279 0.498039 0.498039 0.498039 #0.000000
v 0.675293 2.990967 0.314209 0.498039 0.498039 0.498039 #0.000000
v 0.675293 2.703857 0.314209 0.498039 0.498039 0.498039 #0.000000
v 0.559326 3.050293 0.834961 0.498039 0.498039 0.498039 #0.000000
v 1.157715 3.050293 1.052734 0.498039 0.498039 0.498039 #0.000000
v 1.338623 3.050293 0.555664 0.498039 0.498039 0.498039 #0.000000
v 0.559326 3.050293 0.834961 0.498039 0.498039 0.498039 #0.000000
v 1.338623 3.050293 0.555664 0.498039 0.498039 0.498039 #0.000000
v 0.740234 3.050293 0.337646 0.498039 0.498039 0.498039 #0.000000
v 1.359375 2.703857 0.498535 0.498039 0.498039 0.498039 #0.000000
v 1.338623 2.644531 0.555664 0.498039 0.498039 0.498039 #0.000000
v 0.740234 2.644531 0.337646 0.498039 0.498039 0.498039 #0.000000
v 1.359375 2.703857 0.498535 0.498039 0.498039 0.498039 #0.000000
v 0.740234 2.644531 0.337646 0.498039 0.498039 0.498039 #0.000000
v 0.760986 2.703857 0.280762 0.498039 0.498039 0.498039 #0.000000
v 1.222412 2.703857 1.076172 0.498039 0.498039 0.498039 #0.000000
v 1.157715 2.644531 1.052734 0.498039 0.498039 0.498039 #0.000000
v 1.338623 2.644531 0.555664 0.498039 0.498039 0.498039 #0.000000
v 1.222412 2.703857 1.076172 0.498039 0.498039 0.498039 #0.000000
v 1.338623 2.644531 0.555664 0.498039 0.498039 0.498039 #0.000000
v 1.403320 2.703857 0.579102 0.498039 0.498039 0.498039 #0.000000
v 0.538574 2.703857 0.891846 0.498039 0.498039 0.498039 #0.000000
v 0.559326 2.644531 0.834961 0.498039 0.498039 0.498039 #0.000000
v 1.157715 2.644531 1.052734 0.498039 0.498039 0.498039 #0.000000
v 0.538574 2.703857 0.891846 0.498039 0.498039 0.498039 #0.000000
v 1.157715 2.644531 1.052734 0.498039 0.498039 0.498039 #0.000000
v 1.136963 2.703857 1.109619 0.498039 0.498039 0.498039 #0.000000
v 0.675293 2.703857 0.314209 0.498039 0.498039 0.498039 #0.000000
v 0.740234 2.644531 0.337646 0.498039 0.498039 0.498039 #0.000000
v 0.559326 2.644531 0.834961 0.498039 0.498039 0.498039 #0.000000
v 0.675293 2.703857 0.314209 0.498039 0.498039 0.498039 #0.000000
v 0.559326 2.644531 0.834961 0.498039 0.498039 0.498039 #0.000000
v 0.494385 2.703857 0.811279 0.498039 0.498039 0.498039 #0.000000
v 0.675293 2.990967 0.314209 0.498039 0.498039 0.498039 #0.000000
v 0.760986 2.990967 0.280762 0.498039 0.498039 0.498039 #0.000000
v 0.760986 2.703857 0.280762 0.498039 0.498039 0.498039 #0.000000
v 0.675293 2.990967 0.314209 0.498039 0.498039 0.498039 #0.000000
v 0.760986 2.703857 0.280762 0.498039 0.498039 0.498039 #0.000000
v 0.675293 2.703857 0.314209 0.498039 0.498039 0.498039 #0.000000
v 1.338623 3.050293 0.555664 0.498039 0.498039 0.498039 #0.000000
v 1.359375 2.990967 0.498535 0.498039 0.498039 0.498039 #0.000000
v 0.760986 2.990967 0.280762 0.498039 0.498039 0.498039 #0.000000
v 1.338623 3.050293 0.555664 0.498039 0.498039 0.498039 #0.000000
v 0.760986 2.990967 0.280762 0.498039 0.498039 0.498039 #0.000000
v 0.740234 3.050293 0.337646 0.498039 0.498039 0.498039 #0.000000
v 1.403320 2.703857 0.579102 0.498039 0.498039 0.498039 #0.000000
v 1.359375 2.703857 0.498535 0.498039 0.498039 0.498039 #0.000000
v 1.359375 2.990967 0.498535 0.498039 0.498039 0.498039 #0.000000
v 1.403320 2.703857 0.579102 0.498039 0.498039 0.498039 #0.000000
v 1.359375 2.990967 0.498535 0.498039 0.498039 0.498039 #0.000000
v 1.403320 2.990967 0.579102 0.498039 0.498039 0.498039 #0.000000
v 1.157715 3.050293 1.052734 0.498039 0.498039 0.498039 #0.000000
v 1.222412 2.990967 1.076172 0.498039 0.498039 0.498039 #0.000000
v 1.403320 2.990967 0.579102 0.498039 0.498039 0.498039 #0.000000
v 1.157715 3.050293 1.052734 0.498039 0.498039 0.498039 #0.000000
v 1.403320 2.990967 0.579102 0.498039 0.498039 0.498039 #0.000000
v 1.338623 3.050293 0.555664 0.498039 0.498039 0.498039 #0.000000
v 1.136963 2.703857 1.109619 0.498039 0.498039 0.498039 #0.000000
v 1.222412 2.703857 1.076172 0.498039 0.498039 0.498039 #0.000000
v 1.222412 2.990967 1.076172 0.498039 0.498039 0.498039 #0.000000
v 1.136963 2.703857 1.109619 0.498039 0.498039 0.498039 #0.000000
v 1.222412 2.990967 1.076172 0.498039 0.498039 0.498039 #0.000000
v 1.136963 2.990967 1.109619 0.498039 0.498039 0.498039 #0.000000
v 0.559326 3.050293 0.834961 0.498039 0.498039 0.498039 #0.000000
v 0.538574 2.990967 0.891846 0.498039 0.498039 0.498039 #0.000000
v 1.136963 2.990967 1.109619 0.498039 0.498039 0.498039 #0.000000
v 0.559326 3.050293 0.834961 0.498039 0.498039 0.498039 #0.000000
v 1.136963 2.990967 1.109619 0.498039 0.498039 0.498039 #0.000000
v 1.157715 3.050293 1.052734 0.498039 0.498039 0.498039 #0.000000
v 0.494385 2.703857 0.811279 0.498039 0.498039 0.498039 #0.000000
v 0.538574 2.703857 0.891846 0.498039 0.498039 0.498039 #0.000000
v 0.538574 2.990967 0.891846 0.498039 0.498039 0.498039 #0.000000
v 0.494385 2.703857 0.811279 0.498039 0.498039 0.498039 #0.000000
v 0.538574 2.990967 0.891846 0.498039 0.498039 0.498039 #0.000000
v 0.494385 2.990967 0.811279 0.498039 0.498039 0.498039 #0.000000
v 0.740234 3.050293 0.337646 0.498039 0.498039 0.498039 #0.000000
v 0.675293 2.990967 0.314209 0.498039 0.498039 0.498039 #0.000000
v 0.494385 2.990967 0.811279 0.498039 0.498039 0.498039 #0.000000
v 0.740234 3.050293 0.337646 0.498039 0.498039 0.498039 #0.000000
v 0.494385 2.990967 0.811279 0.498039 0.498039 0.498039 #0.000000
v 0.559326 3.050293 0.834961 0.498039 0.498039 0.498039 #0.000000
v 0.760986 2.703857 0.280762 0.498039 0.498039 0.498039 #0.000000
v 0.740234 2.644531 0.337646 0.498039 0.498039 0.498039 #0.000000
v 0.675293 2.703857 0.314209 0.498039 0.498039 0.498039 #0.000000
v 1.403320 2.703857 0.579102 0.498039 0.498039 0.498039 #0.000000
v 1.338623 2.644531 0.555664 0.498039 0.498039 0.498039 #0.000000
v 1.359375 2.703857 0.498535 0.498039 0.498039 0.498039 #0.000000
v 1.136963 2.703857 1.109619 0.498039 0.498039 0.498039 #0.000000
v 1.157715 2.644531 1.052734 0.498039 0.498039 0.498039 #0.000000
v 1.222412 2.703857 1.076172 0.498039 0.498039 0.498039 #0.000000
v 0.494385 2.703857 0.811279 0.498039 0.498039 0.498039 #0.000000
v 0.559326 2.644531 0.834961 0.498039 0.498039 0.498039 #0.000000
v 0.538574 2.703857 0.891846 0.498039 0.498039 0.498039 #0.000000
v 0.740234 3.050293 0.337646 0.498039 0.498039 0.498039 #0.000000
v 0.760986 2.990967 0.280762 0.498039 0.498039 0.498039 #0.000000
v 0.675293 2.990967 0.314209 0.498039 0.498039 0.498039 #0.000000
v 1.403320 2.990967 0.579102 0.498039 0.498039 0.498039 #0.000000
v 1.359375 2.990967 0.498535 0.498039 0.498039 0.498039 #0.000000
v 1.338623 3.050293 0.555664 0.498039 0.498039 0.498039 #0.000000
v 1.136963 2.990967 1.109619 0.498039 0.498039 0.498039 #0.000000
v 1.222412 2.990967 1.076172 0.498039 0.498039 0.498039 #0.000000
v 1.157715 3.050293 1.052734 0.498039 0.498039 0.498039 #0.000000
v 0.494385 2.990967 0.811279 0.498039 0.498039 0.498039 #0.000000
v 0.538574 2.990967 0.891846 0.498039 0.498039 0.498039 #0.000000
v 0.559326 3.050293 0.834961 0.498039 0.498039 0.498039 #0.000000
v 0.242188 0.000000 0.782959 0.498039 0.498039 0.498039 #0.000000
v 0.168457 0.689697 0.652100 0.498039 0.498039 0.498039 #0.000000
v -0.208496 0.689697 0.678711 0.498039 0.498039 0.498039 #0.000000
v 0.242188 0.000000 0.782959 0.498039 0.498039 0.498039 #0.000000
v -0.208496 0.689697 0.678711 0.498039 0.498039 0.498039 #0.000000
v -0.253906 0.000000 0.803467 0.498039 0.498039 0.498039 #0.000000
v 0.124756 0.689697 -0.237305 0.498039 0.498039 0.498039 #0.000000
v 0.397949 0.689697 0.045654 0.498039 0.498039 0.498039 #0.000000
v 0.522461 0.000000 0.145020 0.498039 0.498039 0.498039 #0.000000
v 0.124756 0.689697 -0.237305 0.498039 0.498039 0.498039 #0.000000
v 0.522461 0.000000 0.145020 0.498039 0.498039 0.498039 #0.000000
v 0.118652 0.000000 -0.220459 0.498039 0.498039 0.498039 #0.000000
v 0.168457 0.689697 0.652100 0.498039 0.498039 0.498039 #0.000000
v 0.242188 0.000000 0.782959 0.498039 0.498039 0.498039 #0.000000
v 0.522461 0.000000 0.145020 0.498039 0.498039 0.498039 #0.000000
v 0.168457 0.689697 0.652100 0.498039 0.498039 0.498039 #0.000000
v 0.522461 0.000000 0.145020 0.498039 0.498039 0.498039 #0.000000
v 0.397949 0.689697 0.045654 0.498039 0.498039 0.498039 #0.000000
v 0.124756 0.689697 -0.237305 0.498039 0.498039 0.498039 #0.000000
v -0.208496 0.689697 0.678711 0.498039 0.498039 0.498039 #0.000000
v 0.168457 0.689697 0.652100 0.498039 0.498039 0.498039 #0.000000
v 0.124756 0.689697 -0.237305 0.498039 0.498039 0.498039 #0.000000
v 0.168457 0.689697 0.652100 0.498039 0.498039 0.498039 #0.000000
v 0.397949 0.689697 0.045654 0.498039 0.498039 0.498039 #0.000000
v 0.242188 0.000000 0.782959 0.498039 0.498039 0.498039 #0.000000
v -0.253906 0.000000 0.803467 0.498039 0.498039 0.498039 #0.000000
v 0.118652 0.000000 -0.220459 0.498039 0.498039 0.498039 #0.000000
v 0.242188 0.000000 0.782959 0.498039 0.498039 0.498039 #0.000000
v 0.118652 0.000000 -0.220459 0.498039 0.498039 0.498039 #0.000000
v 0.522461 0.000000 0.145020 0.498039 0.498039 0.498039 #0.000000
v 0.845703 1.529541 -1.012939 0.498039 0.498039 0.498039 #0.000000
v 0.831055 2.009277 -1.070801 0.498039 0.498039 0.498039 #0.000000
v 0.666260 2.235596 -0.674316 0.498039 0.498039 0.498039 #0.000000
v 0.845703 1.529541 -1.012939 0.498039 0.498039 0.498039 #0.000000
v 0.666260 2.235596 -0.674316 0.498039 0.498039 0.498039 #0.000000
v 0.717773 1.529541 -0.656006 0.498039 0.498039 0.498039 #0.000000
v -0.021729 1.135010 -0.571045 0.498039 0.498039 0.498039 #0.000000
v -0.119873 1.025146 -0.414307 0.498039 0.498039 0.498039 #0.000000
v -0.149902 1.141357 -0.425537 0.498039 0.498039 0.498039 #0.000000
v -0.021729 1.135010 -0.571045 0.498039 0.498039 0.498039 #0.000000
v -0.149902 1.141357 -0.425537 0.498039 0.498039 0.498039 #0.000000
v -0.064941 1.289551 -0.683350 0.498039 0.498039 0.498039 #0.000000
v -0.021729 1.135010 -0.571045 0.498039 0.498039 0.498039 #0.000000
v -0.064941 1.289551 -0.683350 0.498039 0.498039 0.498039 #0.000000
v 0.062500 1.370850 -0.789795 0.498039 0.498039 0.498039 #0.000000
v -0.021729 1.135010 -0.571045 0.498039 0.498039 0.498039 #0.000000
v 0.062500 1.370850 -0.789795 0.498039 0.498039 0.498039 #0.000000
v 0.058838 1.144287 -0.606934 0.498039 0.498039 0.498039 #0.000000
v -1.741455 2.644531 0.852051 0.498039 0.498039 0.498039 #0.000000
v -0.910400 2.562256 1.206787 0.498039 0.498039 0.498039 #0.000000
v -0.295654 2.562256 -0.481689 0.498039 0.498039 0.498039 #0.000000
v -1.741455 2.644531 0.852051 0.498039 0.498039 0.498039 #0.000000
v -0.295654 2.562256 -0.481689 0.498039 0.498039 0.498039 #0.000000
v -1.132568 2.644531 -0.820557 0.498039 0.498039 0.498039 #0.000000
v -0.910400 2.562256 1.206787 0.498039 0.498039 0.498039 #0.000000
v -1.741455 2.644531 0.852051 0.498039 0.498039 0.498039 #0.000000
v -1.741699 2.044922 0.851807 0.498039 0.498039 0.498039 #0.000000
v -0.910400 2.562256 1.206787 0.498039 0.498039 0.498039 #0.000000
v -1.741699 2.044922 0.851807 0.498039 0.498039 0.498039 #0.000000
v -0.910400 1.683350 1.206787 0.498039 0.498039 0.498039 #0.000000
v -0.910400 1.683350 1.206787 0.498039 0.498039 0.498039 #0.000000
v -1.741699 2.044922 0.851807 0.498039 0.498039 0.498039 #0.000000
v -1.635986 1.686768 0.561523 0.498039 0.498039 0.498039 #0.000000
v -0.910400 1.683350 1.206787 0.498039 0.498039 0.498039 #0.000000
v -1.635986 1.686768 0.561523 0.498039 0.498039 0.498039 #0.000000
v -0.906494 1.370361 0.881348 0.498039 0.498039 0.498039 #0.000000
v -1.129395 1.431641 -0.830322 0.498039 0.498039 0.498039 #0.000000
v -0.795410 1.702148 -1.747314 0.498039 0.498039 0.498039 #0.000000
v 0.068359 1.478271 -1.796875 0.498039 0.498039 0.498039 #0.000000
v -1.129395 1.431641 -0.830322 0.498039 0.498039 0.498039 #0.000000
v 0.068359 1.478271 -1.796875 0.498039 0.498039 0.498039 #0.000000
v -0.372803 1.101562 -0.584473 0.498039 0.498039 0.498039 #0.000000
v -1.132568 2.644531 -0.820557 0.498039 0.498039 0.498039 #0.000000
v -0.295654 2.562256 -0.481689 0.498039 0.498039 0.498039 #0.000000
v -0.045654 2.307129 -1.482422 0.498039 0.498039 0.498039 #0.000000
v -1.132568 2.644531 -0.820557 0.498039 0.498039 0.498039 #0.000000
v -0.045654 2.307129 -1.482422 0.498039 0.498039 0.498039 #0.000000
v -0.909668 2.364502 -1.432861 0.498039 0.498039 0.498039 #0.000000
v -1.800537 2.545898 0.725586 0.498039 0.498039 0.498039 #0.000000
v -1.741455 2.644531 0.852051 0.498039 0.498039 0.498039 #0.000000
v -1.132568 2.644531 -0.820557 0.498039 0.498039 0.498039 #0.000000
v -1.741455 2.644531 0.852051 0.498039 0.498039 0.498039 #0.000000
v -1.800537 2.545898 0.725586 0.498039 0.498039 0.498039 #0.000000
v -1.800537 2.105713 0.725586 0.498039 0.498039 0.498039 #0.000000
v -1.741455 2.644531 0.852051 0.498039 0.498039 0.498039 #0.000000
v -1.800537 2.105713 0.725586 0.498039 0.498039 0.498039 #0.000000
v -1.741699 2.044922 0.851807 0.498039 0.498039 0.498039 #0.000000
v -1.741699 2.044922 0.851807 0.498039 0.498039 0.498039 #0.000000
v -1.800537 2.105713 0.725586 0.498039 0.498039 0.498039 #0.000000
v -1.718018 1.781494 0.498535 0.498039 0.498039 0.498039 #0.000000
v -1.741699 2.044922 0.851807 0.498039 0.498039 0.498039 #0.000000
v -1.718018 1.781494 0.498535 0.498039 0.498039 0.498039 #0.000000
v -1.635986 1.686768 0.561523 0.498039 0.498039 0.498039 #0.000000
v -1.635986 1.686768 0.561523 0.498039 0.498039 0.498039 #0.000000
v -1.718018 1.781494 0.498535 0.498039 0.498039 0.498039 #0.000000
v -1.129395 1.431641 -0.830322 0.498039 0.498039 0.498039 #0.000000
v -0.296875 1.141357 -0.479004 0.498039 0.498039 0.498039 #0.000000
v -0.388184 0.551758 -0.481445 0.498039 0.498039 0.498039 #0.000000
v -0.810791 0.551758 0.678955 0.498039 0.498039 0.498039 #0.000000
v -0.296875 1.141357 -0.479004 0.498039 0.498039 0.498039 #0.000000
v -0.810791 0.551758 0.678955 0.498039 0.498039 0.498039 #0.000000
v -0.906494 1.370361 0.881348 0.498039 0.498039 0.498039 #0.000000
v -0.091309 2.302734 -1.043213 0.498039 0.498039 0.498039 #0.000000
v -0.045654 2.307129 -1.482422 0.498039 0.498039 0.498039 #0.000000
v -0.295654 2.562256 -0.481689 0.498039 0.498039 0.498039 #0.000000
v 0.022705 1.437012 -1.357422 0.498039 0.498039 0.498039 #0.000000
v 0.068359 1.478271 -1.796875 0.498039 0.498039 0.498039 #0.000000
v -0.045654 2.307129 -1.482422 0.498039 0.498039 0.498039 #0.000000
v 0.022705 1.437012 -1.357422 0.498039 0.498039 0.498039 #0.000000
v -0.045654 2.307129 -1.482422 0.498039 0.498039 0.498039 #0.000000
v -0.091309 2.302734 -1.043213 0.498039 0.498039 0.498039 #0.000000
v -0.296875 1.141357 -0.479004 0.498039 0.498039 0.498039 #0.000000
v -0.372803 1.101562 -0.584473 0.498039 0.498039 0.498039 #0.000000
v 0.068359 1.478271 -1.796875 0.498039 0.498039 0.498039 #0.000000
v -0.296875 1.141357 -0.479004 0.498039 0.498039 0.498039 #0.000000
v 0.068359 1.478271 -1.796875 0.498039 0.498039 0.498039 #0.000000
v 0.022705 1.437012 -1.357422 0.498039 0.498039 0.498039 #0.000000
v -0.906494 1.370361 0.881348 0.498039 0.498039 0.498039 #0.000000
v -0.372803 1.101562 -0.584473 0.498039 0.498039 0.498039 #0.000000
v -0.296875 1.141357 -0.479004 0.498039 0.498039 0.498039 #0.000000
v -0.388184 0.551758 -0.481445 0.498039 0.498039 0.498039 #0.000000
v -0.109375 0.551758 -0.380127 0.498039 0.498039 0.498039 #0.000000
v -0.081299 0.433594 -0.294434 0.498039 0.498039 0.498039 #0.000000
v -0.810791 0.551758 0.678955 0.498039 0.498039 0.498039 #0.000000
v -0.388184 0.551758 -0.481445 0.498039 0.498039 0.498039 #0.000000
v -0.081299 0.433594 -0.294434 0.498039 0.498039 0.498039 #0.000000
v -0.909668 2.364502 -1.432861 0.498039 0.498039 0.498039 #0.000000
v -0.795410 1.702148 -1.747314 0.498039 0.498039 0.498039 #0.000000
v -1.129395 1.431641 -0.830322 0.498039 0.498039 0.498039 #0.000000
v -0.909668 2.364502 -1.432861 0.498039 0.498039 0.498039 #0.000000
v -1.129395 1.431641 -0.830322 0.498039 0.498039 0.498039 #0.000000
v -1.132568 2.644531 -0.820557 0.498039 0.498039 0.498039 #0.000000
v -1.129395 1.431641 -0.830322 0.498039 0.498039 0.498039 #0.000000
v -1.718018 1.781494 0.498535 0.498039 0.498039 0.498039 #0.000000
v -1.800537 2.545898 0.725586 0.498039 0.498039 0.498039 #0.000000
v -1.129395 1.431641 -0.830322 0.498039 0.498039 0.498039 #0.000000
v -1.800537 2.545898 0.725586 0.498039 0.498039 0.498039 #0.000000
v -1.132568 2.644531 -0.820557 0.498039 0.498039 0.498039 #0.000000
v -1.800537 2.105713 0.725586 0.498039 0.498039 0.498039 #0.000000
v -1.800537 2.545898 0.725586 0.498039 0.498039 0.498039 #0.000000
v -1.718018 1.781494 0.498535 0.498039 0.498039 0.498039 #0.000000
v -1.076660 0.712891 0.693848 0.498039 0.498039 0.498039 #0.000000
v -1.176270 0.743896 0.652100 0.498039 0.498039 0.498039 #0.000000
v -0.816895 0.556885 -0.344727 0.498039 0.498039 0.498039 #0.000000
v -1.076660 0.712891 0.693848 0.498039 0.498039 0.498039 #0.000000
v -0.816895 0.556885 -0.344727 0.498039 0.498039 0.498039 #0.000000
v -0.717285 0.525879 -0.303223 0.498039 0.498039 0.498039 #0.000000
v -1.435303 1.257324 0.575439 0.498039 0.498039 0.498039 #0.000000
v -0.988770 1.025146 -0.662598 0.498039 0.498039 0.498039 #0.000000
v -0.816895 0.556885 -0.344727 0.498039 0.498039 0.498039 #0.000000
v -1.435303 1.257324 0.575439 0.498039 0.498039 0.498039 #0.000000
v -0.816895 0.556885 -0.344727 0.498039 0.498039 0.498039 #0.000000
v -1.176270 0.743896 0.652100 0.498039 0.498039 0.498039 #0.000000
v -0.816895 0.556885 -0.344727 0.498039 0.498039 0.498039 #0.000000
v -0.702881 0.563965 -0.445557 0.498039 0.498039 0.498039 #0.000000
v -0.717285 0.525879 -0.303223 0.498039 0.498039 0.498039 #0.000000
v -0.988770 1.025146 -0.662598 0.498039 0.498039 0.498039 #0.000000
v -0.702881 0.563965 -0.445557 0.498039 0.498039 0.498039 #0.000000
v -0.816895 0.556885 -0.344727 0.498039 0.498039 0.498039 #0.000000
v -1.149414 0.796143 0.792480 0.498039 0.498039 0.498039 #0.000000
v -1.435303 1.257324 0.575439 0.498039 0.498039 0.498039 #0.000000
v -1.176270 0.743896 0.652100 0.498039 0.498039 0.498039 #0.000000
v -1.149414 0.796143 0.792480 0.498039 0.498039 0.498039 #0.000000
v -1.176270 0.743896 0.652100 0.498039 0.498039 0.498039 #0.000000
v -1.076660 0.712891 0.693848 0.498039 0.498039 0.498039 #0.000000
v -0.959961 1.406494 0.746338 0.498039 0.498039 0.498039 #0.000000
v -1.076660 0.712891 0.693848 0.498039 0.498039 0.498039 #0.000000
v -0.717285 0.525879 -0.303223 0.498039 0.498039 0.498039 #0.000000
v -0.959961 1.406494 0.746338 0.498039 0.498039 0.498039 #0.000000
v -0.717285 0.525879 -0.303223 0.498039 0.498039 0.498039 #0.000000
v -0.511719 1.180420 -0.492188 0.498039 0.498039 0.498039 #0.000000
v -0.988770 1.025146 -0.662598 0.498039 0.498039 0.498039 #0.000000
v -1.435303 1.257324 0.575439 0.498039 0.498039 0.498039 #0.000000
v -1.455322 1.609619 0.528809 0.498039 0.498039 0.498039 #0.000000
v -0.988770 1.025146 -0.662598 0.498039 0.498039 0.498039 #0.000000
v -1.455322 1.609619 0.528809 0.498039 0.498039 0.498039 #0.000000
v -1.009521 1.384277 -0.709961 0.498039 0.498039 0.498039 #0.000000
v -0.702881 0.563965 -0.445557 0.498039 0.498039 0.498039 #0.000000
v -0.988770 1.025146 -0.662598 0.498039 0.498039 0.498039 #0.000000
v -1.009521 1.384277 -0.709961 0.498039 0.498039 0.498039 #0.000000
v -0.702881 0.563965 -0.445557 0.498039 0.498039 0.498039 #0.000000
v -1.009521 1.384277 -0.709961 0.498039 0.498039 0.498039 #0.000000
v -0.511719 1.180420 -0.492188 0.498039 0.498039 0.498039 #0.000000
v -1.455322 1.609619 0.528809 0.498039 0.498039 0.498039 #0.000000
v -1.435303 1.257324 0.575439 0.498039 0.498039 0.498039 #0.000000
v -1.149414 0.796143 0.792480 0.498039 0.498039 0.498039 #0.000000
v -1.455322 1.609619 0.528809 0.498039 0.498039 0.498039 #0.000000
v -1.149414 0.796143 0.792480 0.498039 0.498039 0.498039 #0.000000
v -0.959961 1.406494 0.746338 0.498039 0.498039 0.498039 #0.000000
v -0.702881 0.563965 -0.445557 0.498039 0.498039 0.498039 #0.000000
v -0.511719 1.180420 -0.492188 0.498039 0.498039 0.498039 #0.000000
v -0.717285 0.525879 -0.303223 0.498039 0.498039 0.498039 #0.000000
v -0.959961 1.406494 0.746338 0.498039 0.498039 0.498039 #0.000000
v -1.149414 0.796143 0.792480 0.498039 0.498039 0.498039 #0.000000
v -1.076660 0.712891 0.693848 0.498039 0.498039 0.498039 #0.000000
v -1.129395 1.431641 -0.830322 0.498039 0.498039 0.498039 #0.000000
v -1.009521 1.384277 -0.709961 0.498039 0.498039 0.498039 #0.000000
v -1.455322 1.609619 0.528809 0.498039 0.498039 0.498039 #0.000000
v -1.129395 1.431641 -0.830322 0.498039 0.498039 0.498039 #0.000000
v -1.455322 1.609619 0.528809 0.498039 0.498039 0.498039 #0.000000
v -1.635986 1.686768 0.561523 0.498039 0.498039 0.498039 #0.000000
v -0.906494 1.370361 0.881348 0.498039 0.498039 0.498039 #0.000000
v -1.635986 1.686768 0.561523 0.498039 0.498039 0.498039 #0.000000
v -1.455322 1.609619 0.528809 0.498039 0.498039 0.498039 #0.000000
v -0.906494 1.370361 0.881348 0.498039 0.498039 0.498039 #0.000000
v -1.455322 1.609619 0.528809 0.498039 0.498039 0.498039 #0.000000
v -0.959961 1.406494 0.746338 0.498039 0.498039 0.498039 #0.000000
v -0.511719 1.180420 -0.492188 0.498039 0.498039 0.498039 #0.000000
v -1.009521 1.384277 -0.709961 0.498039 0.498039 0.498039 #0.000000
v -1.129395 1.431641 -0.830322 0.498039 0.498039 0.498039 #0.000000
v -0.511719 1.180420 -0.492188 0.498039 0.498039 0.498039 #0.000000
v -1.129395 1.431641 -0.830322 0.498039 0.498039 0.498039 #0.000000
v -0.372803 1.101562 -0.584473 0.498039 0.498039 0.498039 #0.000000
v -0.511719 1.180420 -0.492188 0.498039 0.498039 0.498039 #0.000000
v -0.372803 1.101562 -0.584473 0.498039 0.498039 0.498039 #0.000000
v -0.906494 1.370361 0.881348 0.498039 0.498039 0.498039 #0.000000
v -0.511719 1.180420 -0.492188 0.498039 0.498039 0.498039 #0.000000
v -0.906494 1.370361 0.881348 0.498039 0.498039 0.498039 #0.000000
v -0.959961 1.406494 0.746338 0.498039 0.498039 0.498039 #0.000000
v -0.897217 2.644531 0.304688 0.498039 0.498039 0.498039 #0.000000
v -1.495605 2.644531 0.086914 0.498039 0.498039 0.498039 #0.000000
v -1.314453 2.644531 -0.409912 0.498039 0.498039 0.498039 #0.000000
v -0.897217 2.644531 0.304688 0.498039 0.498039 0.498039 #0.000000
v -1.314453 2.644531 -0.409912 0.498039 0.498039 0.498039 #0.000000
v -0.716309 2.644531 -0.192139 0.498039 0.498039 0.498039 #0.000000
v -1.293701 2.703857 -0.467041 0.498039 0.498039 0.498039 #0.000000
v -1.293701 2.990967 -0.467041 0.498039 0.498039 0.498039 #0.000000
v -0.695312 2.990967 -0.249268 0.498039 0.498039 0.498039 #0.000000
v -1.293701 2.703857 -0.467041 0.498039 0.498039 0.498039 #0.000000
v -0.695312 2.990967 -0.249268 0.498039 0.498039 0.498039 #0.000000
v -0.695312 2.703857 -0.249268 0.498039 0.498039 0.498039 #0.000000
v -1.560303 2.703857 0.063232 0.498039 0.498039 0.498039 #0.000000
v -1.560303 2.990967 0.063232 0.498039 0.498039 0.498039 #0.000000
v -1.379395 2.990967 -0.433594 0.498039 0.498039 0.498039 #0.000000
v -1.560303 2.703857 0.063232 0.498039 0.498039 0.498039 #0.000000
v -1.379395 2.990967 -0.433594 0.498039 0.498039 0.498039 #0.000000
v -1.379395 2.703857 -0.433594 0.498039 0.498039 0.498039 #0.000000
v -0.917969 2.990967 0.361816 0.498039 0.498039 0.498039 #0.000000
v -1.516357 2.990967 0.144043 0.498039 0.498039 0.498039 #0.000000
v -1.516357 2.703857 0.144043 0.498039 0.498039 0.498039 #0.000000
v -0.917969 2.990967 0.361816 0.498039 0.498039 0.498039 #0.000000
v -1.516357 2.703857 0.144043 0.498039 0.498039 0.498039 #0.000000
v -0.917969 2.703857 0.361816 0.498039 0.498039 0.498039 #0.000000
v -0.651367 2.990967 -0.168457 0.498039 0.498039 0.498039 #0.000000
v -0.832275 2.990967 0.328369 0.498039 0.498039 0.498039 #0.000000
v -0.832275 2.703857 0.328369 0.498039 0.498039 0.498039 #0.000000
v -0.651367 2.990967 -0.168457 0.498039 0.498039 0.498039 #0.000000
v -0.832275 2.703857 0.328369 0.498039 0.498039 0.498039 #0.000000
v -0.651367 2.703857 -0.168457 0.498039 0.498039 0.498039 #0.000000
v -1.314453 3.050293 -0.409912 0.498039 0.498039 0.498039 #0.000000
v -1.495605 3.050293 0.086914 0.498039 0.498039 0.498039 #0.000000
v -0.897217 3.050293 0.304688 0.498039 0.498039 0.498039 #0.000000
v -1.314453 3.050293 -0.409912 0.498039 0.498039 0.498039 #0.000000
v -0.897217 3.050293 0.304688 0.498039 0.498039 0.498039 #0.000000
v -0.716309 3.050293 -0.192139 0.498039 0.498039 0.498039 #0.000000
v -0.716309 2.644531 -0.192139 0.498039 0.498039 0.498039 #0.000000
v -1.314453 2.644531 -0.409912 0.498039 0.498039 0.498039 #0.000000
v -1.293701 2.703857 -0.467041 0.498039 0.498039 0.498039 #0.000000
v -0.716309 2.644531 -0.192139 0.498039 0.498039 0.498039 #0.000000
v -1.293701 2.703857 -0.467041 0.498039 0.498039 0.498039 #0.000000
v -0.695312 2.703857 -0.249268 0.498039 0.498039 0.498039 #0.000000
v -1.314453 2.644531 -0.409912 0.498039 0.498039 0.498039 #0.000000
v -1.495605 2.644531 0.086914 0.498039 0.498039 0.498039 #0.000000
v -1.560303 2.703857 0.063232 0.498039 0.498039 0.498039 #0.000000
v -1.314453 2.644531 -0.409912 0.498039 0.498039 0.498039 #0.000000
v -1.560303 2.703857 0.063232 0.498039 0.498039 0.498039 #0.000000
v -1.379395 2.703857 -0.433594 0.498039 0.498039 0.498039 #0.000000
v -1.495605 2.644531 0.086914 0.498039 0.498039 0.498039 #0.000000
v -0.897217 2.644531 0.304688 0.498039 0.498039 0.498039 #0.000000
v -0.917969 2.703857 0.361816 0.498039 0.498039 0.498039 #0.000000
v -1.495605 2.644531 0.086914 0.498039 0.498039 0.498039 #0.000000
v -0.917969 2.703857 0.361816 0.498039 0.498039 0.498039 #0.000000
v -1.516357 2.703857 0.144043 0.498039 0.498039 0.498039 #0.000000
v -0.897217 2.644531 0.304688 0.498039 0.498039 0.498039 #0.000000
v -0.716309 2.644531 -0.192139 0.498039 0.498039 0.498039 #0.000000
v -0.651367 2.703857 -0.168457 0.498039 0.498039 0.498039 #0.000000
v -0.897217 2.644531 0.304688 0.498039 0.498039 0.498039 #0.000000
v -0.651367 2.703857 -0.168457 0.498039 0.498039 0.498039 #0.000000
v -0.832275 2.703857 0.328369 0.498039 0.498039 0.498039 #0.000000
v -0.695312 2.703857 -0.249268 0.498039 0.498039 0.498039 #0.000000
v -0.695312 2.990967 -0.249268 0.498039 0.498039 0.498039 #0.000000
v -0.651367 2.990967 -0.168457 0.498039 0.498039 0.498039 #0.000000
v -0.695312 2.703857 -0.249268 0.498039 0.498039 0.498039 #0.000000
v -0.651367 2.990967 -0.168457 0.498039 0.498039 0.498039 #0.000000
v -0.651367 2.703857 -0.168457 0.498039 0.498039 0.498039 #0.000000
v -0.695312 2.990967 -0.249268 0.498039 0.498039 0.498039 #0.000000
v -1.293701 2.990967 -0.467041 0.498039 0.498039 0.498039 #0.000000
v -1.314453 3.050293 -0.409912 0.498039 0.498039 0.498039 #0.000000
v -0.695312 2.990967 -0.249268 0.498039 0.498039 0.498039 #0.000000
v -1.314453 3.050293 -0.409912 0.498039 0.498039 0.498039 #0.000000
v -0.716309 3.050293 -0.192139 0.498039 0.498039 0.498039 #0.000000
v -1.293701 2.990967 -0.467041 0.498039 0.498039 0.498039 #0.000000
v -1.293701 2.703857 -0.467041 0.498039 0.498039 0.498039 #0.000000
v -1.379395 2.703857 -0.433594 0.498039 0.498039 0.498039 #0.000000
v -1.293701 2.990967 -0.467041 0.498039 0.498039 0.498039 #0.000000
v -1.379395 2.703857 -0.433594 0.498039 0.498039 0.498039 #0.000000
v -1.379395 2.990967 -0.433594 0.498039 0.498039 0.498039 #0.000000
v -1.379395 2.990967 -0.433594 0.498039 0.498039 0.498039 #0.000000
v -1.560303 2.990967 0.063232 0.498039 0.498039 0.498039 #0.000000
v -1.495605 3.050293 0.086914 0.498039 0.498039 0.498039 #0.000000
v -1.379395 2.990967 -0.433594 0.498039 0.498039 0.498039 #0.000000
v -1.495605 3.050293 0.086914 0.498039 0.498039 0.498039 #0.000000
v -1.314453 3.050293 -0.409912 0.498039 0.498039 0.498039 #0.000000
v -1.560303 2.990967 0.063232 0.498039 0.498039 0.498039 #0.000000
v -1.560303 2.703857 0.063232 0.498039 0.498039 0.498039 #0.000000
v -1.516357 2.703857 0.144043 0.498039 0.498039 0.498039 #0.000000
v -1.560303 2.990967 0.063232 0.498039 0.498039 0.498039 #0.000000
v -1.516357 2.703857 0.144043 0.498039 0.498039 0.498039 #0.000000
v -1.516357 2.990967 0.144043 0.498039 0.498039 0.498039 #0.000000
v -1.516357 2.990967 0.144043 0.498039 0.498039 0.498039 #0.000000
v -0.917969 2.990967 0.361816 0.498039 0.498039 0.498039 #0.000000
v -0.897217 3.050293 0.304688 0.498039 0.498039 0.498039 #0.000000
v -1.516357 2.990967 0.144043 0.498039 0.498039 0.498039 #0.000000
v -0.897217 3.050293 0.304688 0.498039 0.498039 0.498039 #0.000000
v -1.495605 3.050293 0.086914 0.498039 0.498039 0.498039 #0.000000
v -0.917969 2.990967 0.361816 0.498039 0.498039 0.498039 #0.000000
v -0.917969 2.703857 0.361816 0.498039 0.498039 0.498039 #0.000000
v -0.832275 2.703857 0.328369 0.498039 0.498039 0.498039 #0.000000
v -0.917969 2.990967 0.361816 0.498039 0.498039 0.498039 #0.000000
v -0.832275 2.703857 0.328369 0.498039 0.498039 0.498039 #0.000000
v -0.832275 2.990967 0.328369 0.498039 0.498039 0.498039 #0.000000
v -0.832275 2.990967 0.328369 0.498039 0.498039 0.498039 #0.000000
v -0.651367 2.990967 -0.168457 0.498039 0.498039 0.498039 #0.000000
v -0.716309 3.050293 -0.192139 0.498039 0.498039 0.498039 #0.000000
v -0.832275 2.990967 0.328369 0.498039 0.498039 0.498039 #0.000000
v -0.716309 3.050293 -0.192139 0.498039 0.498039 0.498039 #0.000000
v -0.897217 3.050293 0.304688 0.498039 0.498039 0.498039 #0.000000
v -0.716309 2.644531 -0.192139 0.498039 0.498039 0.498039 #0.000000
v -0.695312 2.703857 -0.249268 0.498039 0.498039 0.498039 #0.000000
v -0.651367 2.703857 -0.168457 0.498039 0.498039 0.498039 #0.000000
v -1.314453 2.644531 -0.409912 0.498039 0.498039 0.498039 #0.000000
v -1.379395 2.703857 -0.433594 0.498039 0.498039 0.498039 #0.000000
v -1.293701 2.703857 -0.467041 0.498039 0.498039 0.498039 #0.000000
v -1.495605 2.644531 0.086914 0.498039 0.498039 0.498039 #0.000000
v -1.516357 2.703857 0.144043 0.498039 0.498039 0.498039 #0.000000
v -1.560303 2.703857 0.063232 0.498039 0.498039 0.498039 #0.000000
v -0.897217 2.644531 0.304688 0.498039 0.498039 0.498039 #0.000000
v -0.832275 2.703857 0.328369 0.498039 0.498039 0.498039 #0.000000
v -0.917969 2.703857 0.361816 0.498039 0.498039 0.498039 #0.000000
v -0.695312 2.990967 -0.249268 0.498039 0.498039 0.498039 #0.000000
v -0.716309 3.050293 -0.192139 0.498039 0.498039 0.498039 #0.000000
v -0.651367 2.990967 -0.168457 0.498039 0.498039 0.498039 #0.000000
v -1.293701 2.990967 -0.467041 0.498039 0.498039 0.498039 #0.000000
v -1.379395 2.990967 -0.433594 0.498039 0.498039 0.498039 #0.000000
v -1.314453 3.050293 -0.409912 0.498039 0.498039 0.498039 #0.000000
v -1.560303 2.990967 0.063232 0.498039 0.498039 0.498039 #0.000000
v -1.516357 2.990967 0.144043 0.498039 0.498039 0.498039 #0.000000
v -1.495605 3.050293 0.086914 0.498039 0.498039 0.498039 #0.000000
v -0.917969 2.990967 0.361816 0.498039 0.498039 0.498039 #0.000000
v -0.832275 2.990967 0.328369 0.498039 0.498039 0.498039 #0.000000
v -0.897217 3.050293 0.304688 0.498039 0.498039 0.498039 #0.000000
v -0.208496 0.689697 0.678711 0.498039 0.498039 0.498039 #0.000000
v -0.480225 0.689697 0.415771 0.498039 0.498039 0.498039 #0.000000
v -0.620850 0.000000 0.468506 0.498039 0.498039 0.498039 #0.000000
v -0.208496 0.689697 0.678711 0.498039 0.498039 0.498039 #0.000000
v -0.620850 0.000000 0.468506 0.498039 0.498039 0.498039 #0.000000
v -0.253906 0.000000 0.803467 0.498039 0.498039 0.498039 #0.000000
v -0.425537 0.000000 -0.199707 0.498039 0.498039 0.498039 #0.000000
v -0.266357 0.689697 -0.196045 0.498039 0.498039 0.498039 #0.000000
v 0.124756 0.689697 -0.237305 0.498039 0.498039 0.498039 #0.000000
v -0.425537 0.000000 -0.199707 0.498039 0.498039 0.498039 #0.000000
v 0.124756 0.689697 -0.237305 0.498039 0.498039 0.498039 #0.000000
v 0.118652 0.000000 -0.220459 0.498039 0.498039 0.498039 #0.000000
v -0.425537 0.000000 -0.199707 0.498039 0.498039 0.498039 #0.000000
v -0.620850 0.000000 0.468506 0.498039 0.498039 0.498039 #0.000000
v -0.480225 0.689697 0.415771 0.498039 0.498039 0.498039 #0.000000
v -0.425537 0.000000 -0.199707 0.498039 0.498039 0.498039 #0.000000
v -0.480225 0.689697 0.415771 0.498039 0.498039 0.498039 #0.000000
v -0.266357 0.689697 -0.196045 0.498039 0.498039 0.498039 #0.000000
v -0.480225 0.689697 0.415771 0.498039 0.498039 0.498039 #0.000000
v -0.208496 0.689697 0.678711 0.498039 0.498039 0.498039 #0.000000
v 0.124756 0.689697 -0.237305 0.498039 0.498039 0.498039 #0.000000
v -0.480225 0.689697 0.415771 0.498039 0.498039 0.498039 #0.000000
v 0.124756 0.689697 -0.237305 0.498039 0.498039 0.498039 #0.000000
v -0.266357 0.689697 -0.196045 0.498039 0.498039 0.498039 #0.000000
v 0.118652 0.000000 -0.220459 0.498039 0.498039 0.498039 #0.000000
v -0.253906 0.000000 0.803467 0.498039 0.498039 0.498039 #0.000000
v -0.620850 0.000000 0.468506 0.498039 0.498039 0.498039 #0.000000
v 0.118652 0.000000 -0.220459 0.498039 0.498039 0.498039 #0.000000
v -0.620850 0.000000 0.468506 0.498039 0.498039 0.498039 #0.000000
v -0.425537 0.000000 -0.199707 0.498039 0.498039 0.498039 #0.000000
v 0.527588 1.370850 -0.620605 0.498039 0.498039 0.498039 #0.000000
v 0.412842 1.144287 -0.478271 0.498039 0.498039 0.498039 #0.000000
v 0.058838 1.144287 -0.606934 0.498039 0.498039 0.498039 #0.000000
v 0.527588 1.370850 -0.620605 0.498039 0.498039 0.498039 #0.000000
v 0.058838 1.144287 -0.606934 0.498039 0.498039 0.498039 #0.000000
v 0.062500 1.370850 -0.789795 0.498039 0.498039 0.498039 #0.000000
v 0.252441 0.551758 1.066162 0.498039 0.498039 0.498039 #0.000000
v 0.195801 1.370361 1.282471 0.498039 0.498039 0.498039 #0.000000
v -0.906494 1.370361 0.881348 0.498039 0.498039 0.498039 #0.000000
v 0.252441 0.551758 1.066162 0.498039 0.498039 0.498039 #0.000000
v -0.906494 1.370361 0.881348 0.498039 0.498039 0.498039 #0.000000
v -0.810791 0.551758 0.678955 0.498039 0.498039 0.498039 #0.000000
v 0.195801 1.370361 1.282471 0.498039 0.498039 0.498039 #0.000000
v -0.010254 1.683350 1.534424 0.498039 0.498039 0.498039 #0.000000
v -0.910400 1.683350 1.206787 0.498039 0.498039 0.498039 #0.000000
v 0.195801 1.370361 1.282471 0.498039 0.498039 0.498039 #0.000000
v -0.910400 1.683350 1.206787 0.498039 0.498039 0.498039 #0.000000
v -0.906494 1.370361 0.881348 0.498039 0.498039 0.498039 #0.000000
v -0.010254 1.683350 1.534424 0.498039 0.498039 0.498039 #0.000000
v -0.010254 2.562256 1.534424 0.498039 0.498039 0.498039 #0.000000
v -0.910400 2.562256 1.206787 0.498039 0.498039 0.498039 #0.000000
v -0.010254 1.683350 1.534424 0.498039 0.498039 0.498039 #0.000000
v -0.910400 2.562256 1.206787 0.498039 0.498039 0.498039 #0.000000
v -0.910400 1.683350 1.206787 0.498039 0.498039 0.498039 #0.000000
v -0.810791 0.551758 0.678955 0.498039 0.498039 0.498039 #0.000000
v -0.081299 0.433594 -0.294434 0.498039 0.498039 0.498039 #0.000000
v 0.319580 0.433594 -0.148438 0.498039 0.498039 0.498039 #0.000000
v -0.810791 0.551758 0.678955 0.498039 0.498039 0.498039 #0.000000
v 0.319580 0.433594 -0.148438 0.498039 0.498039 0.498039 #0.000000
v 0.252441 0.551758 1.066162 0.498039 0.498039 0.498039 #0.000000
v -0.081299 0.433594 -0.294434 0.498039 0.498039 0.498039 #0.000000
v 0.008057 0.433594 -0.428223 0.498039 0.498039 0.498039 #0.000000
v 0.336914 0.433594 -0.308594 0.498039 0.498039 0.498039 #0.000000
v -0.081299 0.433594 -0.294434 0.498039 0.498039 0.498039 #0.000000
v 0.336914 0.433594 -0.308594 0.498039 0.498039 0.498039 #0.000000
v 0.319580 0.433594 -0.148438 0.498039 0.498039 0.498039 #0.000000
v -0.008789 2.235596 -0.920166 0.498039 0.498039 0.498039 #0.000000
v 0.195312 2.022949 -1.345215 0.498039 0.498039 0.498039 #0.000000
v 0.071045 1.529541 -1.294922 0.498039 0.498039 0.498039 #0.000000
v -0.008789 2.235596 -0.920166 0.498039 0.498039 0.498039 #0.000000
v 0.071045 1.529541 -1.294922 0.498039 0.498039 0.498039 #0.000000
v -0.060059 1.529541 -0.938965 0.498039 0.498039 0.498039 #0.000000
v -0.060059 1.529541 -0.938965 0.498039 0.498039 0.498039 #0.000000
v 0.071045 1.529541 -1.294922 0.498039 0.498039 0.498039 #0.000000
v 0.845703 1.529541 -1.012939 0.498039 0.498039 0.498039 #0.000000
v -0.060059 1.529541 -0.938965 0.498039 0.498039 0.498039 #0.000000
v 0.845703 1.529541 -1.012939 0.498039 0.498039 0.498039 #0.000000
v 0.717773 1.529541 -0.656006 0.498039 0.498039 0.498039 #0.000000
v 0.195312 2.022949 -1.345215 0.498039 0.498039 0.498039 #0.000000
v -0.008789 2.235596 -0.920166 0.498039 0.498039 0.498039 #0.000000
v 0.666260 2.235596 -0.674316 0.498039 0.498039 0.498039 #0.000000
v 0.195312 2.022949 -1.345215 0.498039 0.498039 0.498039 #0.000000
v 0.666260 2.235596 -0.674316 0.498039 0.498039 0.498039 #0.000000
v 0.831055 2.009277 -1.070801 0.498039 0.498039 0.498039 #0.000000
v 0.717773 1.529541 -0.656006 0.498039 0.498039 0.498039 #0.000000
v 0.666260 2.235596 -0.674316 0.498039 0.498039 0.498039 #0.000000
v -0.008789 2.235596 -0.920166 0.498039 0.498039 0.498039 #0.000000
v 0.717773 1.529541 -0.656006 0.498039 0.498039 0.498039 #0.000000
v -0.008789 2.235596 -0.920166 0.498039 0.498039 0.498039 #0.000000
v -0.060059 1.529541 -0.938965 0.498039 0.498039 0.498039 #0.000000
v 0.071045 1.529541 -1.294922 0.498039 0.498039 0.498039 #0.000000
v 0.195312 2.022949 -1.345215 0.498039 0.498039 0.498039 #0.000000
v 0.831055 2.009277 -1.070801 0.498039 0.498039 0.498039 #0.000000
v 0.071045 1.529541 -1.294922 0.498039 0.498039 0.498039 #0.000000
v 0.831055 2.009277 -1.070801 0.498039 0.498039 0.498039 #0.000000
v 0.845703 1.529541 -1.012939 0.498039 0.498039 0.498039 #0.000000
v 0.478516 2.709961 0.092529 0.498039 0.498039 0.498039 #0.000000
v 0.073242 2.709961 1.205811 0.498039 0.498039 0.498039 #0.000000
v -0.010254 2.562256 1.534424 0.498039 0.498039 0.498039 #0.000000
v 0.478516 2.709961 0.092529 0.498039 0.498039 0.498039 #0.000000
v -0.010254 2.562256 1.534424 0.498039 0.498039 0.498039 #0.000000
v 0.604248 2.562256 -0.154053 0.498039 0.498039 0.498039 #0.000000
v 0.603271 1.141357 -0.151367 0.498039 0.498039 0.498039 #0.000000
v 0.456299 1.141357 -0.204834 0.498039 0.498039 0.498039 #0.000000
v 0.557129 1.289551 -0.456787 0.498039 0.498039 0.498039 #0.000000
v 0.603271 1.141357 -0.151367 0.498039 0.498039 0.498039 #0.000000
v 0.557129 1.289551 -0.456787 0.498039 0.498039 0.498039 #0.000000
v 0.923096 1.437012 -1.029785 0.498039 0.498039 0.498039 #0.000000
v 0.527588 1.370850 -0.620605 0.498039 0.498039 0.498039 #0.000000
v 0.923096 1.437012 -1.029785 0.498039 0.498039 0.498039 #0.000000
v 0.557129 1.289551 -0.456787 0.498039 0.498039 0.498039 #0.000000
v 0.478516 2.709961 0.092529 0.498039 0.498039 0.498039 #0.000000
v -0.357910 2.709961 -0.211914 0.498039 0.498039 0.498039 #0.000000
v 0.073242 2.709961 1.205811 0.498039 0.498039 0.498039 #0.000000
v -0.357910 2.709961 -0.211914 0.498039 0.498039 0.498039 #0.000000
v 0.478516 2.709961 0.092529 0.498039 0.498039 0.498039 #0.000000
v 0.604248 2.562256 -0.154053 0.498039 0.498039 0.498039 #0.000000
v -0.357910 2.709961 -0.211914 0.498039 0.498039 0.498039 #0.000000
v 0.604248 2.562256 -0.154053 0.498039 0.498039 0.498039 #0.000000
v 0.808594 2.302734 -0.715576 0.498039 0.498039 0.498039 #0.000000
v -0.910400 2.562256 1.206787 0.498039 0.498039 0.498039 #0.000000
v -0.763428 2.709961 0.901123 0.498039 0.498039 0.498039 #0.000000
v -0.357910 2.709961 -0.211914 0.498039 0.498039 0.498039 #0.000000
v -0.910400 2.562256 1.206787 0.498039 0.498039 0.498039 #0.000000
v -0.357910 2.709961 -0.211914 0.498039 0.498039 0.498039 #0.000000
v -0.295654 2.562256 -0.481689 0.498039 0.498039 0.498039 #0.000000
v -0.064941 1.289551 -0.683350 0.498039 0.498039 0.498039 #0.000000
v -0.149902 1.141357 -0.425537 0.498039 0.498039 0.498039 #0.000000
v -0.296875 1.141357 -0.479004 0.498039 0.498039 0.498039 #0.000000
v -0.064941 1.289551 -0.683350 0.498039 0.498039 0.498039 #0.000000
v -0.296875 1.141357 -0.479004 0.498039 0.498039 0.498039 #0.000000
v 0.022705 1.437012 -1.357422 0.498039 0.498039 0.498039 #0.000000
v 0.022705 1.437012 -1.357422 0.498039 0.498039 0.498039 #0.000000
v 0.062500 1.370850 -0.789795 0.498039 0.498039 0.498039 #0.000000
v -0.064941 1.289551 -0.683350 0.498039 0.498039 0.498039 #0.000000
v 0.808594 2.302734 -0.715576 0.498039 0.498039 0.498039 #0.000000
v -0.091309 2.302734 -1.043213 0.498039 0.498039 0.498039 #0.000000
v -0.295654 2.562256 -0.481689 0.498039 0.498039 0.498039 #0.000000
v 0.073242 2.709961 1.205811 0.498039 0.498039 0.498039 #0.000000
v -0.357910 2.709961 -0.211914 0.498039 0.498039 0.498039 #0.000000
v -0.763428 2.709961 0.901123 0.498039 0.498039 0.498039 #0.000000
v -0.010254 2.562256 1.534424 0.498039 0.498039 0.498039 #0.000000
v 0.073242 2.709961 1.205811 0.498039 0.498039 0.498039 #0.000000
v -0.763428 2.709961 0.901123 0.498039 0.498039 0.498039 #0.000000
v -0.010254 2.562256 1.534424 0.498039 0.498039 0.498039 #0.000000
v -0.763428 2.709961 0.901123 0.498039 0.498039 0.498039 #0.000000
v -0.910400 2.562256 1.206787 0.498039 0.498039 0.498039 #0.000000
v 0.923096 1.437012 -1.029785 0.498039 0.498039 0.498039 #0.000000
v 0.527588 1.370850 -0.620605 0.498039 0.498039 0.498039 #0.000000
v 0.062500 1.370850 -0.789795 0.498039 0.498039 0.498039 #0.000000
v 0.923096 1.437012 -1.029785 0.498039 0.498039 0.498039 #0.000000
v 0.062500 1.370850 -0.789795 0.498039 0.498039 0.498039 #0.000000
v 0.022705 1.437012 -1.357422 0.498039 0.498039 0.498039 #0.000000
v -0.295654 2.562256 -0.481689 0.498039 0.498039 0.498039 #0.000000
v -0.357910 2.709961 -0.211914 0.498039 0.498039 0.498039 #0.000000
v 0.808594 2.302734 -0.715576 0.498039 0.498039 0.498039 #0.000000
v 0.022705 1.437012 -1.357422 0.498039 0.498039 0.498039 #0.000000
v -0.091309 2.302734 -1.043213 0.498039 0.498039 0.498039 #0.000000
v 0.808594 2.302734 -0.715576 0.498039 0.498039 0.498039 #0.000000
v 0.022705 1.437012 -1.357422 0.498039 0.498039 0.498039 #0.000000
v 0.808594 2.302734 -0.715576 0.498039 0.498039 0.498039 #0.000000
v 0.923096 1.437012 -1.029785 0.498039 0.498039 0.498039 #0.000000
v 0.395996 0.551758 -0.196045 0.498039 0.498039 0.498039 #0.000000
v 0.426270 1.025146 -0.215576 0.498039 0.498039 0.498039 #0.000000
v 0.603271 1.141357 -0.151367 0.498039 0.498039 0.498039 #0.000000
v 0.395996 0.551758 -0.196045 0.498039 0.498039 0.498039 #0.000000
v 0.603271 1.141357 -0.151367 0.498039 0.498039 0.498039 #0.000000
v 0.674805 0.551758 -0.094482 0.498039 0.498039 0.498039 #0.000000
v 0.456299 1.141357 -0.204834 0.498039 0.498039 0.498039 #0.000000
v 0.603271 1.141357 -0.151367 0.498039 0.498039 0.498039 #0.000000
v 0.426270 1.025146 -0.215576 0.498039 0.498039 0.498039 #0.000000
v -0.296875 1.141357 -0.479004 0.498039 0.498039 0.498039 #0.000000
v -0.119873 1.025146 -0.414307 0.498039 0.498039 0.498039 #0.000000
v -0.109375 0.551758 -0.380127 0.498039 0.498039 0.498039 #0.000000
v -0.296875 1.141357 -0.479004 0.498039 0.498039 0.498039 #0.000000
v -0.109375 0.551758 -0.380127 0.498039 0.498039 0.498039 #0.000000
v -0.388184 0.551758 -0.481445 0.498039 0.498039 0.498039 #0.000000
v -0.296875 1.141357 -0.479004 0.498039 0.498039 0.498039 #0.000000
v -0.149902 1.141357 -0.425537 0.498039 0.498039 0.498039 #0.000000
v -0.119873 1.025146 -0.414307 0.498039 0.498039 0.498039 #0.000000
v 0.412842 1.144287 -0.478271 0.498039 0.498039 0.498039 #0.000000
v 0.451660 1.135010 -0.398682 0.498039 0.498039 0.498039 #0.000000
v 0.370850 0.551758 -0.390625 0.498039 0.498039 0.498039 #0.000000
v 0.426270 1.025146 -0.215576 0.498039 0.498039 0.498039 #0.000000
v 0.395996 0.551758 -0.196045 0.498039 0.498039 0.498039 #0.000000
v 0.370850 0.551758 -0.390625 0.498039 0.498039 0.498039 #0.000000
v 0.426270 1.025146 -0.215576 0.498039 0.498039 0.498039 #0.000000
v 0.370850 0.551758 -0.390625 0.498039 0.498039 0.498039 #0.000000
v 0.451660 1.135010 -0.398682 0.498039 0.498039 0.498039 #0.000000
v 0.370850 0.551758 -0.390625 0.498039 0.498039 0.498039 #0.000000
v 0.395996 0.551758 -0.196045 0.498039 0.498039 0.498039 #0.000000
v 0.319580 0.433594 -0.148438 0.498039 0.498039 0.498039 #0.000000
v 0.370850 0.551758 -0.390625 0.498039 0.498039 0.498039 #0.000000
v 0.319580 0.433594 -0.148438 0.498039 0.498039 0.498039 #0.000000
v 0.336914 0.433594 -0.308594 0.498039 0.498039 0.498039 #0.000000
v 0.034668 0.551758 -0.512939 0.498039 0.498039 0.498039 #0.000000
v -0.021729 1.135010 -0.571045 0.498039 0.498039 0.498039 #0.000000
v 0.058838 1.144287 -0.606934 0.498039 0.498039 0.498039 #0.000000
v 0.034668 0.551758 -0.512939 0.498039 0.498039 0.498039 #0.000000
v -0.109375 0.551758 -0.380127 0.498039 0.498039 0.498039 #0.000000
v -0.119873 1.025146 -0.414307 0.498039 0.498039 0.498039 #0.000000
v 0.034668 0.551758 -0.512939 0.498039 0.498039 0.498039 #0.000000
v -0.119873 1.025146 -0.414307 0.498039 0.498039 0.498039 #0.000000
v -0.021729 1.135010 -0.571045 0.498039 0.498039 0.498039 #0.000000
v -0.081299 0.433594 -0.294434 0.498039 0.498039 0.498039 #0.000000
v -0.109375 0.551758 -0.380127 0.498039 0.498039 0.498039 #0.000000
v 0.034668 0.551758 -0.512939 0.498039 0.498039 0.498039 #0.000000
v -0.081299 0.433594 -0.294434 0.498039 0.498039 0.498039 #0.000000
v 0.034668 0.551758 -0.512939 0.498039 0.498039 0.498039 #0.000000
v 0.008057 0.433594 -0.428223 0.498039 0.498039 0.498039 #0.000000
v 0.412842 1.144287 -0.478271 0.498039 0.498039 0.498039 #0.000000
v 0.370850 0.551758 -0.390625 0.498039 0.498039 0.498039 #0.000000
v 0.034668 0.551758 -0.512939 0.498039 0.498039 0.498039 #0.000000
v 0.412842 1.144287 -0.478271 0.498039 0.498039 0.498039 #0.000000
v 0.034668 0.551758 -0.512939 0.498039 0.498039 0.498039 #0.000000
v 0.058838 1.144287 -0.606934 0.498039 0.498039 0.498039 #0.000000
v 0.370850 0.551758 -0.390625 0.498039 0.498039 0.498039 #0.000000
v 0.336914 0.433594 -0.308594 0.498039 0.498039 0.498039 #0.000000
v 0.008057 0.433594 -0.428223 0.498039 0.498039 0.498039 #0.000000
v 0.370850 0.551758 -0.390625 0.498039 0.498039 0.498039 #0.000000
v 0.008057 0.433594 -0.428223 0.498039 0.498039 0.498039 #0.000000
v 0.034668 0.551758 -0.512939 0.498039 0.498039 0.498039 #0.000000
v 1.055908 2.307129 -1.081543 0.498039 0.498039 0.498039 #0.000000
v 1.686035 2.364502 -0.488037 0.498039 0.498039 0.498039 #0.000000
v 1.800537 1.702148 -0.802246 0.498039 0.498039 0.498039 #0.000000
v 1.055908 2.307129 -1.081543 0.498039 0.498039 0.498039 #0.000000
v 1.800537 1.702148 -0.802246 0.498039 0.498039 0.498039 #0.000000
v 1.170410 1.478271 -1.395752 0.498039 0.498039 0.498039 #0.000000
v -0.795410 1.702148 -1.747314 0.498039 0.498039 0.498039 #0.000000
v -0.909668 2.364502 -1.432861 0.498039 0.498039 0.498039 #0.000000
v -0.045654 2.307129 -1.482422 0.498039 0.498039 0.498039 #0.000000
v -0.795410 1.702148 -1.747314 0.498039 0.498039 0.498039 #0.000000
v -0.045654 2.307129 -1.482422 0.498039 0.498039 0.498039 #0.000000
v 0.068359 1.478271 -1.796875 0.498039 0.498039 0.498039 #0.000000
v -0.242676 2.945557 0.193359 0.498039 0.498039 0.498039 #0.000000
v -0.371582 3.064697 0.129395 0.498039 0.498039 0.498039 #0.000000
v -0.292969 3.038818 -0.083252 0.498039 0.498039 0.498039 #0.000000
v -0.242676 2.945557 0.193359 0.498039 0.498039 0.498039 #0.000000
v -0.292969 3.038818 -0.083252 0.498039 0.498039 0.498039 #0.000000
v -0.150879 2.910156 -0.058594 0.498039 0.498039 0.498039 #0.000000
v -0.242676 2.945557 0.193359 0.498039 0.498039 0.498039 #0.000000
v -0.150879 2.910156 -0.058594 0.498039 0.498039 0.498039 #0.000000
v -0.104248 3.411865 -0.190430 0.498039 0.498039 0.498039 #0.000000
v -0.292969 3.434082 -0.209229 0.498039 0.498039 0.498039 #0.000000
v -0.292969 3.038818 -0.083252 0.498039 0.498039 0.498039 #0.000000
v -0.371582 3.064697 0.129395 0.498039 0.498039 0.498039 #0.000000
v -0.104248 3.411865 -0.190430 0.498039 0.498039 0.498039 #0.000000
v -0.150879 2.910156 -0.058594 0.498039 0.498039 0.498039 #0.000000
v -0.292969 3.038818 -0.083252 0.498039 0.498039 0.498039 #0.000000
v -0.104248 3.411865 -0.190430 0.498039 0.498039 0.498039 #0.000000
v -0.292969 3.038818 -0.083252 0.498039 0.498039 0.498039 #0.000000
v -0.292969 3.434082 -0.209229 0.498039 0.498039 0.498039 #0.000000
v -0.273926 3.677246 0.266846 0.498039 0.498039 0.498039 #0.000000
v -0.242676 2.945557 0.193359 0.498039 0.498039 0.498039 #0.000000
v -0.104248 3.411865 -0.190430 0.498039 0.498039 0.498039 #0.000000
v -0.273926 3.677246 0.266846 0.498039 0.498039 0.498039 #0.000000
v -0.104248 3.411865 -0.190430 0.498039 0.498039 0.498039 #0.000000
v -0.171387 3.699951 -0.014893 0.498039 0.498039 0.498039 #0.000000
v -0.444580 3.637939 0.168701 0.498039 0.498039 0.498039 #0.000000
v -0.371582 3.064697 0.129395 0.498039 0.498039 0.498039 #0.000000
v -0.242676 2.945557 0.193359 0.498039 0.498039 0.498039 #0.000000
v -0.444580 3.637939 0.168701 0.498039 0.498039 0.498039 #0.000000
v -0.242676 2.945557 0.193359 0.498039 0.498039 0.498039 #0.000000
v -0.273926 3.677246 0.266846 0.498039 0.498039 0.498039 #0.000000
v -0.359863 3.657227 -0.067139 0.498039 0.498039 0.498039 #0.000000
v -0.292969 3.434082 -0.209229 0.498039 0.498039 0.498039 #0.000000
v -0.371582 3.064697 0.129395 0.498039 0.498039 0.498039 #0.000000
v -0.359863 3.657227 -0.067139 0.498039 0.498039 0.498039 #0.000000
v -0.371582 3.064697 0.129395 0.498039 0.498039 0.498039 #0.000000
v -0.444580 3.637939 0.168701 0.498039 0.498039 0.498039 #0.000000
v -0.171387 3.699951 -0.014893 0.498039 0.498039 0.498039 #0.000000
v -0.104248 3.411865 -0.190430 0.498039 0.498039 0.498039 #0.000000
v -0.292969 3.434082 -0.209229 0.498039 0.498039 0.498039 #0.000000
v -0.171387 3.699951 -0.014893 0.498039 0.498039 0.498039 #0.000000
v -0.292969 3.434082 -0.209229 0.498039 0.498039 0.498039 #0.000000
v -0.359863 3.657227 -0.067139 0.498039 0.498039 0.498039 #0.000000
v -0.359863 3.657227 -0.067139 0.498039 0.498039 0.498039 #0.000000
v -0.444580 3.637939 0.168701 0.498039 0.498039 0.498039 #0.000000
v -0.273926 3.677246 0.266846 0.498039 0.498039 0.498039 #0.000000
v -0.359863 3.657227 -0.067139 0.498039 0.498039 0.498039 #0.000000
v -0.273926 3.677246 0.266846 0.498039 0.498039 0.498039 #0.000000
v -0.171387 3.699951 -0.014893 0.498039 0.498039 0.498039 #0.000000
v -0.535889 3.861572 -0.184814 0.498039 0.498039 0.498039 #0.000000
v -0.419189 3.861572 -0.142090 0.498039 0.498039 0.498039 #0.000000
v -0.461182 3.874023 -0.042480 0.498039 0.498039 0.498039 #0.000000
v -0.535889 3.861572 -0.184814 0.498039 0.498039 0.498039 #0.000000
v -0.461182 3.874023 -0.042480 0.498039 0.498039 0.498039 #0.000000
v -0.566650 3.874023 -0.080811 0.498039 0.498039 0.498039 #0.000000
v -0.535889 3.861572 -0.184814 0.498039 0.498039 0.498039 #0.000000
v -0.566650 3.874023 -0.080811 0.498039 0.498039 0.498039 #0.000000
v -0.573486 3.857178 -0.083252 0.498039 0.498039 0.498039 #0.000000
v -0.419189 3.861572 -0.142090 0.498039 0.498039 0.498039 #0.000000
v -0.455566 3.857178 -0.040527 0.498039 0.498039 0.498039 #0.000000
v -0.461182 3.874023 -0.042480 0.498039 0.498039 0.498039 #0.000000
v -0.419189 3.861572 -0.142090 0.498039 0.498039 0.498039 #0.000000
v -0.455811 3.640869 -0.039795 0.498039 0.498039 0.498039 #0.000000
v -0.455566 3.857178 -0.040527 0.498039 0.498039 0.498039 #0.000000
v -0.573730 3.640869 -0.082764 0.498039 0.498039 0.498039 #0.000000
v -0.535889 3.861572 -0.184814 0.498039 0.498039 0.498039 #0.000000
v -0.573486 3.857178 -0.083252 0.498039 0.498039 0.498039 #0.000000
v -0.669678 3.564453 0.626709 0.498039 0.498039 0.498039 #0.000000
v -0.742188 3.917725 0.777344 0.498039 0.498039 0.498039 #0.000000
v -0.885498 3.940186 0.673340 0.498039 0.498039 0.498039 #0.000000
v -0.669678 3.564453 0.626709 0.498039 0.498039 0.498039 #0.000000
v -0.885498 3.940186 0.673340 0.498039 0.498039 0.498039 #0.000000
v -0.848633 3.600098 0.614014 0.498039 0.498039 0.498039 #0.000000
v -0.419189 3.861572 -0.142090 0.498039 0.498039 0.498039 #0.000000
v -0.742188 3.917725 0.777344 0.498039 0.498039 0.498039 #0.000000
v -0.669678 3.564453 0.626709 0.498039 0.498039 0.498039 #0.000000
v -0.419189 3.861572 -0.142090 0.498039 0.498039 0.498039 #0.000000
v -0.669678 3.564453 0.626709 0.498039 0.498039 0.498039 #0.000000
v -0.455811 3.640869 -0.039795 0.498039 0.498039 0.498039 #0.000000
v -0.885498 3.940186 0.673340 0.498039 0.498039 0.498039 #0.000000
v -0.742188 3.917725 0.777344 0.498039 0.498039 0.498039 #0.000000
v -0.419189 3.861572 -0.142090 0.498039 0.498039 0.498039 #0.000000
v -0.885498 3.940186 0.673340 0.498039 0.498039 0.498039 #0.000000
v -0.419189 3.861572 -0.142090 0.498039 0.498039 0.498039 #0.000000
v -0.535889 3.861572 -0.184814 0.498039 0.498039 0.498039 #0.000000
v -0.573730 3.640869 -0.082764 0.498039 0.498039 0.498039 #0.000000
v -0.455811 3.640869 -0.039795 0.498039 0.498039 0.498039 #0.000000
v -0.669678 3.564453 0.626709 0.498039 0.498039 0.498039 #0.000000
v -0.573730 3.640869 -0.082764 0.498039 0.498039 0.498039 #0.000000
v -0.669678 3.564453 0.626709 0.498039 0.498039 0.498039 #0.000000
v -0.848633 3.600098 0.614014 0.498039 0.498039 0.498039 #0.000000
v -0.848633 3.600098 0.614014 0.498039 0.498039 0.498039 #0.000000
v -0.885498 3.940186 0.673340 0.498039 0.498039 0.498039 #0.000000
v -0.535889 3.861572 -0.184814 0.498039 0.498039 0.498039 #0.000000
v -0.848633 3.600098 0.614014 0.498039 0.498039 0.498039 #0.000000
v -0.535889 3.861572 -0.184814 0.498039 0.498039 0.498039 #0.000000
v -0.573730 3.640869 -0.082764 0.498039 0.498039 0.498039 #0.000000
v -0.823486 3.489258 0.375977 0.498039 0.498039 0.498039 #0.000000
v -0.771484 3.264404 0.244873 0.498039 0.498039 0.498039 #0.000000
v -0.793213 3.275391 0.377930 0.498039 0.498039 0.498039 #0.000000
v -0.552490 3.208984 0.327393 0.498039 0.498039 0.498039 #0.000000
v -0.516846 3.543457 0.259033 0.498039 0.498039 0.498039 #0.000000
v -0.654297 3.247070 0.475586 0.498039 0.498039 0.498039 #0.000000
v -0.516846 3.543457 0.259033 0.498039 0.498039 0.498039 #0.000000
v -0.645264 3.509277 0.495850 0.498039 0.498039 0.498039 #0.000000
v -0.654297 3.247070 0.475586 0.498039 0.498039 0.498039 #0.000000
v -0.771484 3.264404 0.244873 0.498039 0.498039 0.498039 #0.000000
v -0.552490 3.208984 0.327393 0.498039 0.498039 0.498039 #0.000000
v -0.654297 3.247070 0.475586 0.498039 0.498039 0.498039 #0.000000
v -0.771484 3.264404 0.244873 0.498039 0.498039 0.498039 #0.000000
v -0.654297 3.247070 0.475586 0.498039 0.498039 0.498039 #0.000000
v -0.793213 3.275391 0.377930 0.498039 0.498039 0.498039 #0.000000
v -0.516846 3.543457 0.259033 0.498039 0.498039 0.498039 #0.000000
v -0.823486 3.489258 0.375977 0.498039 0.498039 0.498039 #0.000000
v -0.645264 3.509277 0.495850 0.498039 0.498039 0.498039 #0.000000
v -0.818604 3.483154 0.149902 0.498039 0.498039 0.498039 #0.000000
v -0.757324 3.106201 0.160645 0.498039 0.498039 0.498039 #0.000000
v -0.771484 3.264404 0.244873 0.498039 0.498039 0.498039 #0.000000
v -0.818604 3.483154 0.149902 0.498039 0.498039 0.498039 #0.000000
v -0.771484 3.264404 0.244873 0.498039 0.498039 0.498039 #0.000000
v -0.823486 3.489258 0.375977 0.498039 0.498039 0.498039 #0.000000
v -0.477051 3.019775 0.257568 0.498039 0.498039 0.498039 #0.000000
v -0.516846 3.543457 0.259033 0.498039 0.498039 0.498039 #0.000000
v -0.552490 3.208984 0.327393 0.498039 0.498039 0.498039 #0.000000
v -0.757324 3.106201 0.160645 0.498039 0.498039 0.498039 #0.000000
v -0.477051 3.019775 0.257568 0.498039 0.498039 0.498039 #0.000000
v -0.552490 3.208984 0.327393 0.498039 0.498039 0.498039 #0.000000
v -0.757324 3.106201 0.160645 0.498039 0.498039 0.498039 #0.000000
v -0.552490 3.208984 0.327393 0.498039 0.498039 0.498039 #0.000000
v -0.771484 3.264404 0.244873 0.498039 0.498039 0.498039 #0.000000
v -0.516846 3.543457 0.259033 0.498039 0.498039 0.498039 #0.000000
v -0.818604 3.483154 0.149902 0.498039 0.498039 0.498039 #0.000000
v -0.823486 3.489258 0.375977 0.498039 0.498039 0.498039 #0.000000
v -0.589355 3.097168 -0.142578 0.498039 0.498039 0.498039 #0.000000
v -0.667236 3.296387 -0.026123 0.498039 0.498039 0.498039 #0.000000
v -0.642822 3.138672 -0.020020 0.498039 0.498039 0.498039 #0.000000
v -0.589355 3.097168 -0.142578 0.498039 0.498039 0.498039 #0.000000
v -0.642822 3.138672 -0.020020 0.498039 0.498039 0.498039 #0.000000
v -0.617188 3.117676 -0.011230 0.498039 0.498039 0.498039 #0.000000
v -0.589355 3.097168 -0.142578 0.498039 0.498039 0.498039 #0.000000
v -0.684570 3.470459 -0.135010 0.498039 0.498039 0.498039 #0.000000
v -0.688965 3.454102 -0.031250 0.498039 0.498039 0.498039 #0.000000
v -0.589355 3.097168 -0.142578 0.498039 0.498039 0.498039 #0.000000
v -0.688965 3.454102 -0.031250 0.498039 0.498039 0.498039 #0.000000
v -0.667236 3.296387 -0.026123 0.498039 0.498039 0.498039 #0.000000
v -0.684570 3.470459 -0.135010 0.498039 0.498039 0.498039 #0.000000
v -0.667480 3.476074 -0.022949 0.498039 0.498039 0.498039 #0.000000
v -0.688965 3.454102 -0.031250 0.498039 0.498039 0.498039 #0.000000
v -0.344971 3.039795 -0.136230 0.498039 0.498039 0.498039 #0.000000
v -0.435547 3.066406 0.034668 0.498039 0.498039 0.498039 #0.000000
v -0.393555 3.087402 0.050049 0.498039 0.498039 0.498039 #0.000000
v -0.397705 3.526855 -0.112305 0.498039 0.498039 0.498039 #0.000000
v -0.344971 3.039795 -0.136230 0.498039 0.498039 0.498039 #0.000000
v -0.393555 3.087402 0.050049 0.498039 0.498039 0.498039 #0.000000
v -0.397705 3.526855 -0.112305 0.498039 0.498039 0.498039 #0.000000
v -0.393555 3.087402 0.050049 0.498039 0.498039 0.498039 #0.000000
v -0.481201 3.505615 0.018066 0.498039 0.498039 0.498039 #0.000000
v -0.397705 3.526855 -0.112305 0.498039 0.498039 0.498039 #0.000000
v -0.481201 3.505615 0.018066 0.498039 0.498039 0.498039 #0.000000
v -0.544678 3.517090 -0.004883 0.498039 0.498039 0.498039 #0.000000
v -0.344971 3.039795 -0.136230 0.498039 0.498039 0.498039 #0.000000
v -0.589355 3.097168 -0.142578 0.498039 0.498039 0.498039 #0.000000
v -0.617188 3.117676 -0.011230 0.498039 0.498039 0.498039 #0.000000
v -0.344971 3.039795 -0.136230 0.498039 0.498039 0.498039 #0.000000
v -0.617188 3.117676 -0.011230 0.498039 0.498039 0.498039 #0.000000
v -0.435547 3.066406 0.034668 0.498039 0.498039 0.498039 #0.000000
v -0.684570 3.470459 -0.135010 0.498039 0.498039 0.498039 #0.000000
v -0.397705 3.526855 -0.112305 0.498039 0.498039 0.498039 #0.000000
v -0.544678 3.517090 -0.004883 0.498039 0.498039 0.498039 #0.000000
v -0.684570 3.470459 -0.135010 0.498039 0.498039 0.498039 #0.000000
v -0.544678 3.517090 -0.004883 0.498039 0.498039 0.498039 #0.000000
v -0.667480 3.476074 -0.022949 0.498039 0.498039 0.498039 #0.000000
v -0.397705 3.526855 -0.112305 0.498039 0.498039 0.498039 #0.000000
v -0.516846 3.543457 0.259033 0.498039 0.498039 0.498039 #0.000000
v -0.344971 3.039795 -0.136230 0.498039 0.498039 0.498039 #0.000000
v -0.477051 3.019775 0.257568 0.498039 0.498039 0.498039 #0.000000
v -0.757324 3.106201 0.160645 0.498039 0.498039 0.498039 #0.000000
v -0.589355 3.097168 -0.142578 0.498039 0.498039 0.498039 #0.000000
v -0.477051 3.019775 0.257568 0.498039 0.498039 0.498039 #0.000000
v -0.589355 3.097168 -0.142578 0.498039 0.498039 0.498039 #0.000000
v -0.344971 3.039795 -0.136230 0.498039 0.498039 0.498039 #0.000000
v -0.516846 3.543457 0.259033 0.498039 0.498039 0.498039 #0.000000
v -0.477051 3.019775 0.257568 0.498039 0.498039 0.498039 #0.000000
v -0.344971 3.039795 -0.136230 0.498039 0.498039 0.498039 #0.000000
v -0.823486 3.489258 0.375977 0.498039 0.498039 0.498039 #0.000000
v -0.793213 3.275391 0.377930 0.498039 0.498039 0.498039 #0.000000
v -0.654297 3.247070 0.475586 0.498039 0.498039 0.498039 #0.000000
v -0.823486 3.489258 0.375977 0.498039 0.498039 0.498039 #0.000000
v -0.654297 3.247070 0.475586 0.498039 0.498039 0.498039 #0.000000
v -0.645264 3.509277 0.495850 0.498039 0.498039 0.498039 #0.000000
v -0.684570 3.470459 -0.135010 0.498039 0.498039 0.498039 #0.000000
v -0.589355 3.097168 -0.142578 0.498039 0.498039 0.498039 #0.000000
v -0.757324 3.106201 0.160645 0.498039 0.498039 0.498039 #0.000000
v -0.684570 3.470459 -0.135010 0.498039 0.498039 0.498039 #0.000000
v -0.757324 3.106201 0.160645 0.498039 0.498039 0.498039 #0.000000
v -0.818604 3.483154 0.149902 0.498039 0.498039 0.498039 #0.000000
v -0.684570 3.470459 -0.135010 0.498039 0.498039 0.498039 #0.000000
v -0.818604 3.483154 0.149902 0.498039 0.498039 0.498039 #0.000000
v -0.516846 3.543457 0.259033 0.498039 0.498039 0.498039 #0.000000
v -0.684570 3.470459 -0.135010 0.498039 0.498039 0.498039 #0.000000
v -0.516846 3.543457 0.259033 0.498039 0.498039 0.498039 #0.000000
v -0.397705 3.526855 -0.112305 0.498039 0.498039 0.498039 #0.000000
v 0.287598 3.122314 -1.064697 0.498039 0.498039 0.498039 #0.000000
v 0.281738 3.158936 -1.253418 0.498039 0.498039 0.498039 #0.000000
v 0.472900 3.154053 -1.193359 0.498039 0.498039 0.498039 #0.000000
v 0.287598 3.122314 -1.064697 0.498039 0.498039 0.498039 #0.000000
v 0.472900 3.154053 -1.193359 0.498039 0.498039 0.498039 #0.000000
v 0.409424 3.121094 -1.019043 0.498039 0.498039 0.498039 #0.000000
v -0.560791 3.769531 0.350098 0.498039 0.498039 0.498039 #0.000000
v -0.658936 3.009521 0.619629 0.498039 0.498039 0.498039 #0.000000
v -0.597900 2.998535 0.808838 0.498039 0.498039 0.498039 #0.000000
v -0.359863 3.261230 0.170410 0.498039 0.498039 0.498039 #0.000000
v -0.311768 2.970459 0.493408 0.498039 0.498039 0.498039 #0.000000
v -0.571045 3.025391 0.378174 0.498039 0.498039 0.498039 #0.000000
v -0.571045 3.025391 0.378174 0.498039 0.498039 0.498039 #0.000000
v -0.311768 2.970459 0.493408 0.498039 0.498039 0.498039 #0.000000
v -0.658936 3.009521 0.619629 0.498039 0.498039 0.498039 #0.000000
v -0.658936 3.009521 0.619629 0.498039 0.498039 0.498039 #0.000000
v -0.311768 2.970459 0.493408 0.498039 0.498039 0.498039 #0.000000
v -0.597900 2.998535 0.808838 0.498039 0.498039 0.498039 #0.000000
v -0.597900 2.998535 0.808838 0.498039 0.498039 0.498039 #0.000000
v -0.239014 3.722900 0.762939 0.498039 0.498039 0.498039 #0.000000
v -0.560791 3.769531 0.350098 0.498039 0.498039 0.498039 #0.000000
v -0.169922 3.324707 -0.165283 0.498039 0.498039 0.498039 #0.000000
v -0.333252 3.386475 -0.400879 0.498039 0.498039 0.498039 #0.000000
v 0.281738 3.158936 -1.253418 0.498039 0.498039 0.498039 #0.000000
v -0.169922 3.324707 -0.165283 0.498039 0.498039 0.498039 #0.000000
v 0.281738 3.158936 -1.253418 0.498039 0.498039 0.498039 #0.000000
v 0.287598 3.122314 -1.064697 0.498039 0.498039 0.498039 #0.000000
v 0.402832 3.598633 -1.271240 0.498039 0.498039 0.498039 #0.000000
v 0.392822 3.600342 -1.207764 0.498039 0.498039 0.498039 #0.000000
v 0.378906 3.406006 -1.166260 0.498039 0.498039 0.498039 #0.000000
v 0.402832 3.598633 -1.271240 0.498039 0.498039 0.498039 #0.000000
v 0.378906 3.406006 -1.166260 0.498039 0.498039 0.498039 #0.000000
v 0.387207 3.380371 -1.224609 0.498039 0.498039 0.498039 #0.000000
v -0.359863 3.261230 0.170410 0.498039 0.498039 0.498039 #0.000000
v -0.333252 3.386475 -0.400879 0.498039 0.498039 0.498039 #0.000000
v -0.169922 3.324707 -0.165283 0.498039 0.498039 0.498039 #0.000000
v -0.502930 3.103027 0.834473 0.498039 0.498039 0.498039 #0.000000
v -0.601318 3.541748 0.934570 0.498039 0.498039 0.498039 #0.000000
v -0.455811 3.661865 0.449707 0.498039 0.498039 0.498039 #0.000000
v -0.502930 3.103027 0.834473 0.498039 0.498039 0.498039 #0.000000
v -0.455811 3.661865 0.449707 0.498039 0.498039 0.498039 #0.000000
v -0.455811 3.103027 0.449707 0.498039 0.498039 0.498039 #0.000000
v -0.359863 3.261230 0.170410 0.498039 0.498039 0.498039 #0.000000
v -0.169922 3.324707 -0.165283 0.498039 0.498039 0.498039 #0.000000
v -0.115479 3.026367 -0.046143 0.498039 0.498039 0.498039 #0.000000
v -0.359863 3.261230 0.170410 0.498039 0.498039 0.498039 #0.000000
v -0.571045 3.025391 0.378174 0.498039 0.498039 0.498039 #0.000000
v -0.348145 3.610352 -0.233887 0.498039 0.498039 0.498039 #0.000000
v 0.345947 3.038818 0.149170 0.498039 0.498039 0.498039 #0.000000
v 0.269531 3.064697 0.362793 0.498039 0.498039 0.498039 #0.000000
v 0.129395 2.945557 0.328857 0.498039 0.498039 0.498039 #0.000000
v 0.345947 3.038818 0.149170 0.498039 0.498039 0.498039 #0.000000
v 0.129395 2.945557 0.328857 0.498039 0.498039 0.498039 #0.000000
v 0.221191 2.910156 0.076660 0.498039 0.498039 0.498039 #0.000000
v 0.221191 2.910156 0.076660 0.498039 0.498039 0.498039 #0.000000
v 0.129395 2.945557 0.328857 0.498039 0.498039 0.498039 #0.000000
v 0.270264 3.411865 -0.053955 0.498039 0.498039 0.498039 #0.000000
v 0.269531 3.064697 0.362793 0.498039 0.498039 0.498039 #0.000000
v 0.345947 3.038818 0.149170 0.498039 0.498039 0.498039 #0.000000
v 0.427002 3.434082 0.052490 0.498039 0.498039 0.498039 #0.000000
v 0.345947 3.038818 0.149170 0.498039 0.498039 0.498039 #0.000000
v 0.221191 2.910156 0.076660 0.498039 0.498039 0.498039 #0.000000
v 0.270264 3.411865 -0.053955 0.498039 0.498039 0.498039 #0.000000
v 0.345947 3.038818 0.149170 0.498039 0.498039 0.498039 #0.000000
v 0.270264 3.411865 -0.053955 0.498039 0.498039 0.498039 #0.000000
v 0.427002 3.434082 0.052490 0.498039 0.498039 0.498039 #0.000000
v 0.270264 3.411865 -0.053955 0.498039 0.498039 0.498039 #0.000000
v 0.129395 2.945557 0.328857 0.498039 0.498039 0.498039 #0.000000
v 0.105957 3.677246 0.405273 0.498039 0.498039 0.498039 #0.000000
v 0.270264 3.411865 -0.053955 0.498039 0.498039 0.498039 #0.000000
v 0.105957 3.677246 0.405273 0.498039 0.498039 0.498039 #0.000000
v 0.208984 3.699951 0.123291 0.498039 0.498039 0.498039 #0.000000
v 0.129395 2.945557 0.328857 0.498039 0.498039 0.498039 #0.000000
v 0.269531 3.064697 0.362793 0.498039 0.498039 0.498039 #0.000000
v 0.299805 3.637939 0.439697 0.498039 0.498039 0.498039 #0.000000
v 0.129395 2.945557 0.328857 0.498039 0.498039 0.498039 #0.000000
v 0.299805 3.637939 0.439697 0.498039 0.498039 0.498039 #0.000000
v 0.105957 3.677246 0.405273 0.498039 0.498039 0.498039 #0.000000
v 0.269531 3.064697 0.362793 0.498039 0.498039 0.498039 #0.000000
v 0.427002 3.434082 0.052490 0.498039 0.498039 0.498039 #0.000000
v 0.386963 3.657227 0.204590 0.498039 0.498039 0.498039 #0.000000
v 0.269531 3.064697 0.362793 0.498039 0.498039 0.498039 #0.000000
v 0.386963 3.657227 0.204590 0.498039 0.498039 0.498039 #0.000000
v 0.299805 3.637939 0.439697 0.498039 0.498039 0.498039 #0.000000
v 0.427002 3.434082 0.052490 0.498039 0.498039 0.498039 #0.000000
v 0.270264 3.411865 -0.053955 0.498039 0.498039 0.498039 #0.000000
v 0.208984 3.699951 0.123291 0.498039 0.498039 0.498039 #0.000000
v 0.427002 3.434082 0.052490 0.498039 0.498039 0.498039 #0.000000
v 0.208984 3.699951 0.123291 0.498039 0.498039 0.498039 #0.000000
v 0.386963 3.657227 0.204590 0.498039 0.498039 0.498039 #0.000000
v 0.105957 3.677246 0.405273 0.498039 0.498039 0.498039 #0.000000
v 0.299805 3.637939 0.439697 0.498039 0.498039 0.498039 #0.000000
v 0.386963 3.657227 0.204590 0.498039 0.498039 0.498039 #0.000000
v 0.105957 3.677246 0.405273 0.498039 0.498039 0.498039 #0.000000
v 0.386963 3.657227 0.204590 0.498039 0.498039 0.498039 #0.000000
v 0.208984 3.699951 0.123291 0.498039 0.498039 0.498039 #0.000000
v 0.448486 3.874023 0.288574 0.498039 0.498039 0.498039 #0.000000
v 0.480469 3.861572 0.185059 0.498039 0.498039 0.498039 #0.000000
v 0.597412 3.861572 0.227539 0.498039 0.498039 0.498039 #0.000000
v 0.448486 3.874023 0.288574 0.498039 0.498039 0.498039 #0.000000
v 0.597412 3.861572 0.227539 0.498039 0.498039 0.498039 #0.000000
v 0.554199 3.874023 0.326904 0.498039 0.498039 0.498039 #0.000000
v 0.554199 3.874023 0.326904 0.498039 0.498039 0.498039 #0.000000
v 0.597412 3.861572 0.227539 0.498039 0.498039 0.498039 #0.000000
v 0.560791 3.857178 0.329346 0.498039 0.498039 0.498039 #0.000000
v 0.443115 3.857178 0.286621 0.498039 0.498039 0.498039 #0.000000
v 0.480469 3.861572 0.185059 0.498039 0.498039 0.498039 #0.000000
v 0.448486 3.874023 0.288574 0.498039 0.498039 0.498039 #0.000000
v 0.442871 3.640869 0.287109 0.498039 0.498039 0.498039 #0.000000
v 0.480469 3.861572 0.185059 0.498039 0.498039 0.498039 #0.000000
v 0.443115 3.857178 0.286621 0.498039 0.498039 0.498039 #0.000000
v 0.560791 3.857178 0.329346 0.498039 0.498039 0.498039 #0.000000
v 0.597412 3.861572 0.227539 0.498039 0.498039 0.498039 #0.000000
v 0.560547 3.640869 0.330078 0.498039 0.498039 0.498039 #0.000000
v 0.313232 3.940186 1.109863 0.498039 0.498039 0.498039 #0.000000
v 0.136719 3.917725 1.097168 0.498039 0.498039 0.498039 #0.000000
v 0.177979 3.564453 0.935059 0.498039 0.498039 0.498039 #0.000000
v 0.313232 3.940186 1.109863 0.498039 0.498039 0.498039 #0.000000
v 0.177979 3.564453 0.935059 0.498039 0.498039 0.498039 #0.000000
v 0.323242 3.600098 1.040771 0.498039 0.498039 0.498039 #0.000000
v 0.177979 3.564453 0.935059 0.498039 0.498039 0.498039 #0.000000
v 0.136719 3.917725 1.097168 0.498039 0.498039 0.498039 #0.000000
v 0.480469 3.861572 0.185059 0.498039 0.498039 0.498039 #0.000000
v 0.177979 3.564453 0.935059 0.498039 0.498039 0.498039 #0.000000
v 0.480469 3.861572 0.185059 0.498039 0.498039 0.498039 #0.000000
v 0.442871 3.640869 0.287109 0.498039 0.498039 0.498039 #0.000000
v 0.480469 3.861572 0.185059 0.498039 0.498039 0.498039 #0.000000
v 0.136719 3.917725 1.097168 0.498039 0.498039 0.498039 #0.000000
v 0.313232 3.940186 1.109863 0.498039 0.498039 0.498039 #0.000000
v 0.480469 3.861572 0.185059 0.498039 0.498039 0.498039 #0.000000
v 0.313232 3.940186 1.109863 0.498039 0.498039 0.498039 #0.000000
v 0.597412 3.861572 0.227539 0.498039 0.498039 0.498039 #0.000000
v 0.177979 3.564453 0.935059 0.498039 0.498039 0.498039 #0.000000
v 0.442871 3.640869 0.287109 0.498039 0.498039 0.498039 #0.000000
v 0.560547 3.640869 0.330078 0.498039 0.498039 0.498039 #0.000000
v 0.177979 3.564453 0.935059 0.498039 0.498039 0.498039 #0.000000
v 0.560547 3.640869 0.330078 0.498039 0.498039 0.498039 #0.000000
v 0.323242 3.600098 1.040771 0.498039 0.498039 0.498039 #0.000000
v 0.597412 3.861572 0.227539 0.498039 0.498039 0.498039 #0.000000
v 0.313232 3.940186 1.109863 0.498039 0.498039 0.498039 #0.000000
v 0.323242 3.600098 1.040771 0.498039 0.498039 0.498039 #0.000000
v 0.597412 3.861572 0.227539 0.498039 0.498039 0.498039 #0.000000
v 0.323242 3.600098 1.040771 0.498039 0.498039 0.498039 #0.000000
v 0.560547 3.640869 0.330078 0.498039 0.498039 0.498039 #0.000000
v 0.276123 3.538818 0.643066 0.498039 0.498039 0.498039 #0.000000
v 0.323730 3.537598 0.818604 0.498039 0.498039 0.498039 #0.000000
v 0.520264 3.550293 0.223877 0.498039 0.498039 0.498039 #0.000000
v 0.326172 3.521973 0.850342 0.498039 0.498039 0.498039 #0.000000
v 0.323730 3.537598 0.818604 0.498039 0.498039 0.498039 #0.000000
v 0.243408 3.509277 0.819336 0.498039 0.498039 0.498039 #0.000000
v 0.457031 3.489258 0.842041 0.498039 0.498039 0.498039 #0.000000
v 0.323730 3.537598 0.818604 0.498039 0.498039 0.498039 #0.000000
v 0.326172 3.521973 0.850342 0.498039 0.498039 0.498039 #0.000000
v 0.432617 3.275391 0.824219 0.498039 0.498039 0.498039 #0.000000
v 0.501465 3.264404 0.708496 0.498039 0.498039 0.498039 #0.000000
v 0.457031 3.489258 0.842041 0.498039 0.498039 0.498039 #0.000000
v 0.243408 3.509277 0.819336 0.498039 0.498039 0.498039 #0.000000
v 0.276123 3.538818 0.643066 0.498039 0.498039 0.498039 #0.000000
v 0.263428 3.247070 0.809814 0.498039 0.498039 0.498039 #0.000000
v 0.263428 3.247070 0.809814 0.498039 0.498039 0.498039 #0.000000
v 0.276123 3.538818 0.643066 0.498039 0.498039 0.498039 #0.000000
v 0.280762 3.208984 0.630859 0.498039 0.498039 0.498039 #0.000000
v 0.323730 3.537598 0.818604 0.498039 0.498039 0.498039 #0.000000
v 0.276123 3.538818 0.643066 0.498039 0.498039 0.498039 #0.000000
v 0.243408 3.509277 0.819336 0.498039 0.498039 0.498039 #0.000000
v 0.263428 3.247070 0.809814 0.498039 0.498039 0.498039 #0.000000
v 0.280762 3.208984 0.630859 0.498039 0.498039 0.498039 #0.000000
v 0.501465 3.264404 0.708496 0.498039 0.498039 0.498039 #0.000000
v 0.263428 3.247070 0.809814 0.498039 0.498039 0.498039 #0.000000
v 0.501465 3.264404 0.708496 0.498039 0.498039 0.498039 #0.000000
v 0.432617 3.275391 0.824219 0.498039 0.498039 0.498039 #0.000000
v 0.501465 3.264404 0.708496 0.498039 0.498039 0.498039 #0.000000
v 0.544678 3.106201 0.634766 0.498039 0.498039 0.498039 #0.000000
v 0.598633 3.483154 0.665771 0.498039 0.498039 0.498039 #0.000000
v 0.501465 3.264404 0.708496 0.498039 0.498039 0.498039 #0.000000
v 0.598633 3.483154 0.665771 0.498039 0.498039 0.498039 #0.000000
v 0.457031 3.489258 0.842041 0.498039 0.498039 0.498039 #0.000000
v 0.276123 3.538818 0.643066 0.498039 0.498039 0.498039 #0.000000
v 0.267578 3.019775 0.528809 0.498039 0.498039 0.498039 #0.000000
v 0.280762 3.208984 0.630859 0.498039 0.498039 0.498039 #0.000000
v 0.280762 3.208984 0.630859 0.498039 0.498039 0.498039 #0.000000
v 0.267578 3.019775 0.528809 0.498039 0.498039 0.498039 #0.000000
v 0.544678 3.106201 0.634766 0.498039 0.498039 0.498039 #0.000000
v 0.280762 3.208984 0.630859 0.498039 0.498039 0.498039 #0.000000
v 0.544678 3.106201 0.634766 0.498039 0.498039 0.498039 #0.000000
v 0.501465 3.264404 0.708496 0.498039 0.498039 0.498039 #0.000000
v 0.457031 3.489258 0.842041 0.498039 0.498039 0.498039 #0.000000
v 0.598633 3.483154 0.665771 0.498039 0.498039 0.498039 #0.000000
v 0.323730 3.537598 0.818604 0.498039 0.498039 0.498039 #0.000000
v 0.595947 3.296387 0.433350 0.498039 0.498039 0.498039 #0.000000
v 0.640381 3.120117 0.307373 0.498039 0.498039 0.498039 #0.000000
v 0.573242 3.138672 0.422363 0.498039 0.498039 0.498039 #0.000000
v 0.573242 3.138672 0.422363 0.498039 0.498039 0.498039 #0.000000
v 0.640381 3.120117 0.307373 0.498039 0.498039 0.498039 #0.000000
v 0.548096 3.117676 0.412842 0.498039 0.498039 0.498039 #0.000000
v 0.615723 3.454102 0.443604 0.498039 0.498039 0.498039 #0.000000
v 0.679199 3.470459 0.361084 0.498039 0.498039 0.498039 #0.000000
v 0.640381 3.120117 0.307373 0.498039 0.498039 0.498039 #0.000000
v 0.615723 3.454102 0.443604 0.498039 0.498039 0.498039 #0.000000
v 0.640381 3.120117 0.307373 0.498039 0.498039 0.498039 #0.000000
v 0.595947 3.296387 0.433350 0.498039 0.498039 0.498039 #0.000000
v 0.594238 3.476074 0.436035 0.498039 0.498039 0.498039 #0.000000
v 0.679199 3.470459 0.361084 0.498039 0.498039 0.498039 #0.000000
v 0.615723 3.454102 0.443604 0.498039 0.498039 0.498039 #0.000000
v 0.379150 3.066406 0.331299 0.498039 0.498039 0.498039 #0.000000
v 0.419922 3.039795 0.141846 0.498039 0.498039 0.498039 #0.000000
v 0.337402 3.087402 0.316162 0.498039 0.498039 0.498039 #0.000000
v 0.337402 3.087402 0.316162 0.498039 0.498039 0.498039 #0.000000
v 0.419922 3.039795 0.141846 0.498039 0.498039 0.498039 #0.000000
v 0.520264 3.550293 0.223877 0.498039 0.498039 0.498039 #0.000000
v 0.337402 3.087402 0.316162 0.498039 0.498039 0.498039 #0.000000
v 0.520264 3.550293 0.223877 0.498039 0.498039 0.498039 #0.000000
v 0.424805 3.505615 0.348145 0.498039 0.498039 0.498039 #0.000000
v 0.424805 3.505615 0.348145 0.498039 0.498039 0.498039 #0.000000
v 0.520264 3.550293 0.223877 0.498039 0.498039 0.498039 #0.000000
v 0.488525 3.517090 0.371094 0.498039 0.498039 0.498039 #0.000000
v 0.548096 3.117676 0.412842 0.498039 0.498039 0.498039 #0.000000
v 0.640381 3.120117 0.307373 0.498039 0.498039 0.498039 #0.000000
v 0.419922 3.039795 0.141846 0.498039 0.498039 0.498039 #0.000000
v 0.548096 3.117676 0.412842 0.498039 0.498039 0.498039 #0.000000
v 0.419922 3.039795 0.141846 0.498039 0.498039 0.498039 #0.000000
v 0.379150 3.066406 0.331299 0.498039 0.498039 0.498039 #0.000000
v 0.488525 3.517090 0.371094 0.498039 0.498039 0.498039 #0.000000
v 0.520264 3.550293 0.223877 0.498039 0.498039 0.498039 #0.000000
v 0.679199 3.470459 0.361084 0.498039 0.498039 0.498039 #0.000000
v 0.488525 3.517090 0.371094 0.498039 0.498039 0.498039 #0.000000
v 0.679199 3.470459 0.361084 0.498039 0.498039 0.498039 #0.000000
v 0.594238 3.476074 0.436035 0.498039 0.498039 0.498039 #0.000000
v 0.419922 3.039795 0.141846 0.498039 0.498039 0.498039 #0.000000
v 0.276123 3.538818 0.643066 0.498039 0.498039 0.498039 #0.000000
v 0.520264 3.550293 0.223877 0.498039 0.498039 0.498039 #0.000000
v 0.243408 3.509277 0.819336 0.498039 0.498039 0.498039 #0.000000
v 0.263428 3.247070 0.809814 0.498039 0.498039 0.498039 #0.000000
v 0.326172 3.521973 0.850342 0.498039 0.498039 0.498039 #0.000000
v 0.640381 3.120117 0.307373 0.498039 0.498039 0.498039 #0.000000
v 0.544678 3.106201 0.634766 0.498039 0.498039 0.498039 #0.000000
v 0.267578 3.019775 0.528809 0.498039 0.498039 0.498039 #0.000000
v 0.640381 3.120117 0.307373 0.498039 0.498039 0.498039 #0.000000
v 0.267578 3.019775 0.528809 0.498039 0.498039 0.498039 #0.000000
v 0.419922 3.039795 0.141846 0.498039 0.498039 0.498039 #0.000000
v 0.419922 3.039795 0.141846 0.498039 0.498039 0.498039 #0.000000
v 0.267578 3.019775 0.528809 0.498039 0.498039 0.498039 #0.000000
v 0.276123 3.538818 0.643066 0.498039 0.498039 0.498039 #0.000000
v 0.263428 3.247070 0.809814 0.498039 0.498039 0.498039 #0.000000
v 0.432617 3.275391 0.824219 0.498039 0.498039 0.498039 #0.000000
v 0.457031 3.489258 0.842041 0.498039 0.498039 0.498039 #0.000000
v 0.263428 3.247070 0.809814 0.498039 0.498039 0.498039 #0.000000
v 0.457031 3.489258 0.842041 0.498039 0.498039 0.498039 #0.000000
v 0.326172 3.521973 0.850342 0.498039 0.498039 0.498039 #0.000000
v 0.544678 3.106201 0.634766 0.498039 0.498039 0.498039 #0.000000
v 0.640381 3.120117 0.307373 0.498039 0.498039 0.498039 #0.000000
v 0.679199 3.470459 0.361084 0.498039 0.498039 0.498039 #0.000000
v 0.544678 3.106201 0.634766 0.498039 0.498039 0.498039 #0.000000
v 0.679199 3.470459 0.361084 0.498039 0.498039 0.498039 #0.000000
v 0.598633 3.483154 0.665771 0.498039 0.498039 0.498039 #0.000000
v 0.323730 3.537598 0.818604 0.498039 0.498039 0.498039 #0.000000
v 0.598633 3.483154 0.665771 0.498039 0.498039 0.498039 #0.000000
v 0.679199 3.470459 0.361084 0.498039 0.498039 0.498039 #0.000000
v 0.323730 3.537598 0.818604 0.498039 0.498039 0.498039 #0.000000
v 0.679199 3.470459 0.361084 0.498039 0.498039 0.498039 #0.000000
v 0.520264 3.550293 0.223877 0.498039 0.498039 0.498039 #0.000000
v 0.472900 3.154053 -1.193359 0.498039 0.498039 0.498039 #0.000000
v 0.657715 3.158936 -1.116455 0.498039 0.498039 0.498039 #0.000000
v 0.409424 3.121094 -1.019043 0.498039 0.498039 0.498039 #0.000000
v 0.304443 3.324707 0.007080 0.498039 0.498039 0.498039 #0.000000
v 0.531982 3.122314 -0.975830 0.498039 0.498039 0.498039 #0.000000
v 0.409424 3.121094 -1.019043 0.498039 0.498039 0.498039 #0.000000
v 0.304443 3.324707 0.007080 0.498039 0.498039 0.498039 #0.000000
v 0.409424 3.121094 -1.019043 0.498039 0.498039 0.498039 #0.000000
v 0.657715 3.158936 -1.116455 0.498039 0.498039 0.498039 #0.000000
v -0.010010 2.970459 0.603271 0.498039 0.498039 0.498039 #0.000000
v 0.233887 3.261230 0.386475 0.498039 0.498039 0.498039 #0.000000
v 0.262207 3.025391 0.681641 0.498039 0.498039 0.498039 #0.000000
v -0.010010 2.970459 0.603271 0.498039 0.498039 0.498039 #0.000000
v 0.262207 3.025391 0.681641 0.498039 0.498039 0.498039 #0.000000
v 0.174316 3.009521 0.922852 0.498039 0.498039 0.498039 #0.000000
v -0.311768 2.970459 0.493408 0.498039 0.498039 0.498039 #0.000000
v -0.010010 2.970459 0.603271 0.498039 0.498039 0.498039 #0.000000
v 0.174316 3.009521 0.922852 0.498039 0.498039 0.498039 #0.000000
v -0.311768 2.970459 0.493408 0.498039 0.498039 0.498039 #0.000000
v 0.174316 3.009521 0.922852 0.498039 0.498039 0.498039 #0.000000
v -0.597900 2.998535 0.808838 0.498039 0.498039 0.498039 #0.000000
v -0.169434 4.302734 0.152100 0.498039 0.498039 0.498039 #0.000000
v 0.099854 4.302734 0.250244 0.498039 0.498039 0.498039 #0.000000
v 0.261475 4.343018 -0.202881 0.498039 0.498039 0.498039 #0.000000
v -0.169434 4.302734 0.152100 0.498039 0.498039 0.498039 #0.000000
v 0.261475 4.343018 -0.202881 0.498039 0.498039 0.498039 #0.000000
v -0.001709 4.343018 -0.298828 0.498039 0.498039 0.498039 #0.000000
v 0.272461 3.769531 0.653320 0.498039 0.498039 0.498039 #0.000000
v -0.239014 3.722900 0.762939 0.498039 0.498039 0.498039 #0.000000
v -0.597900 2.998535 0.808838 0.498039 0.498039 0.498039 #0.000000
v 0.272461 3.769531 0.653320 0.498039 0.498039 0.498039 #0.000000
v -0.597900 2.998535 0.808838 0.498039 0.498039 0.498039 #0.000000
v 0.174316 3.009521 0.922852 0.498039 0.498039 0.498039 #0.000000
v 0.261475 4.343018 -0.202881 0.498039 0.498039 0.498039 #0.000000
v 0.593262 3.628418 -1.182129 0.498039 0.498039 0.498039 #0.000000
v 0.373291 3.628418 -1.262207 0.498039 0.498039 0.498039 #0.000000
v 0.261475 4.343018 -0.202881 0.498039 0.498039 0.498039 #0.000000
v 0.373291 3.628418 -1.262207 0.498039 0.498039 0.498039 #0.000000
v -0.001709 4.343018 -0.298828 0.498039 0.498039 0.498039 #0.000000
v 0.657715 3.158936 -1.116455 0.498039 0.498039 0.498039 #0.000000
v 0.581055 3.386475 -0.068115 0.498039 0.498039 0.498039 #0.000000
v 0.304443 3.324707 0.007080 0.498039 0.498039 0.498039 #0.000000
v 0.527344 3.406006 -1.112061 0.498039 0.498039 0.498039 #0.000000
v 0.543213 3.600342 -1.153076 0.498039 0.498039 0.498039 #0.000000
v 0.576416 3.598633 -1.208008 0.498039 0.498039 0.498039 #0.000000
v 0.527344 3.406006 -1.112061 0.498039 0.498039 0.498039 #0.000000
v 0.576416 3.598633 -1.208008 0.498039 0.498039 0.498039 #0.000000
v 0.558594 3.380371 -1.162354 0.498039 0.498039 0.498039 #0.000000
v 0.581055 3.386475 -0.068115 0.498039 0.498039 0.498039 #0.000000
v 0.233887 3.261230 0.386475 0.498039 0.498039 0.498039 #0.000000
v 0.304443 3.324707 0.007080 0.498039 0.498039 0.498039 #0.000000
v 0.576416 3.598633 -1.208008 0.498039 0.498039 0.498039 #0.000000
v 0.543213 3.600342 -1.153076 0.498039 0.498039 0.498039 #0.000000
v 0.392822 3.600342 -1.207764 0.498039 0.498039 0.498039 #0.000000
v 0.576416 3.598633 -1.208008 0.498039 0.498039 0.498039 #0.000000
v 0.392822 3.600342 -1.207764 0.498039 0.498039 0.498039 #0.000000
v 0.402832 3.598633 -1.271240 0.498039 0.498039 0.498039 #0.000000
v 0.378906 3.406006 -1.166260 0.498039 0.498039 0.498039 #0.000000
v 0.527344 3.406006 -1.112061 0.498039 0.498039 0.498039 #0.000000
v 0.558594 3.380371 -1.162354 0.498039 0.498039 0.498039 #0.000000
v 0.378906 3.406006 -1.166260 0.498039 0.498039 0.498039 #0.000000
v 0.558594 3.380371 -1.162354 0.498039 0.498039 0.498039 #0.000000
v 0.387207 3.380371 -1.224609 0.498039 0.498039 0.498039 #0.000000
v 0.593262 3.628418 -1.182129 0.498039 0.498039 0.498039 #0.000000
v 0.485107 3.610352 0.069336 0.498039 0.498039 0.498039 #0.000000
v 0.571289 3.353271 -1.125977 0.498039 0.498039 0.498039 #0.000000
v 0.127930 3.103027 0.662109 0.498039 0.498039 0.498039 #0.000000
v -0.083008 3.103027 0.987305 0.498039 0.498039 0.498039 #0.000000
v -0.502930 3.103027 0.834473 0.498039 0.498039 0.498039 #0.000000
v 0.127930 3.103027 0.662109 0.498039 0.498039 0.498039 #0.000000
v -0.502930 3.103027 0.834473 0.498039 0.498039 0.498039 #0.000000
v -0.455811 3.103027 0.449707 0.498039 0.498039 0.498039 #0.000000
v -0.455811 3.661865 0.449707 0.498039 0.498039 0.498039 #0.000000
v -0.072021 3.541748 1.127197 0.498039 0.498039 0.498039 #0.000000
v 0.127930 3.661865 0.662109 0.498039 0.498039 0.498039 #0.000000
v -0.455811 3.661865 0.449707 0.498039 0.498039 0.498039 #0.000000
v -0.601318 3.541748 0.934570 0.498039 0.498039 0.498039 #0.000000
v -0.072021 3.541748 1.127197 0.498039 0.498039 0.498039 #0.000000
v -0.072021 3.541748 1.127197 0.498039 0.498039 0.498039 #0.000000
v -0.601318 3.541748 0.934570 0.498039 0.498039 0.498039 #0.000000
v -0.502930 3.103027 0.834473 0.498039 0.498039 0.498039 #0.000000
v -0.072021 3.541748 1.127197 0.498039 0.498039 0.498039 #0.000000
v -0.502930 3.103027 0.834473 0.498039 0.498039 0.498039 #0.000000
v -0.083008 3.103027 0.987305 0.498039 0.498039 0.498039 #0.000000
v -0.455811 3.661865 0.449707 0.498039 0.498039 0.498039 #0.000000
v 0.127930 3.661865 0.662109 0.498039 0.498039 0.498039 #0.000000
v 0.127930 3.103027 0.662109 0.498039 0.498039 0.498039 #0.000000
v -0.455811 3.661865 0.449707 0.498039 0.498039 0.498039 #0.000000
v 0.127930 3.103027 0.662109 0.498039 0.498039 0.498039 #0.000000
v -0.455811 3.103027 0.449707 0.498039 0.498039 0.498039 #0.000000
v 0.127930 3.661865 0.662109 0.498039 0.498039 0.498039 #0.000000
v -0.072021 3.541748 1.127197 0.498039 0.498039 0.498039 #0.000000
v -0.083008 3.103027 0.987305 0.498039 0.498039 0.498039 #0.000000
v 0.127930 3.661865 0.662109 0.498039 0.498039 0.498039 #0.000000
v -0.083008 3.103027 0.987305 0.498039 0.498039 0.498039 #0.000000
v 0.127930 3.103027 0.662109 0.498039 0.498039 0.498039 #0.000000
v 0.304443 3.324707 0.007080 0.498039 0.498039 0.498039 #0.000000
v 0.233887 3.261230 0.386475 0.498039 0.498039 0.498039 #0.000000
v 0.186035 3.026367 0.063477 0.498039 0.498039 0.498039 #0.000000
v 0.262207 3.025391 0.681641 0.498039 0.498039 0.498039 #0.000000
v 0.233887 3.261230 0.386475 0.498039 0.498039 0.498039 #0.000000
v 0.485107 3.610352 0.069336 0.498039 0.498039 0.498039 #0.000000
v -0.474854 4.017822 0.117188 0.498039 0.498039 0.498039 #0.000000
v -0.348145 3.610352 -0.233887 0.498039 0.498039 0.498039 #0.000000
v -0.560791 3.769531 0.350098 0.498039 0.498039 0.498039 #0.000000
v -0.560791 3.769531 0.350098 0.498039 0.498039 0.498039 #0.000000
v -0.348145 3.610352 -0.233887 0.498039 0.498039 0.498039 #0.000000
v -0.571045 3.025391 0.378174 0.498039 0.498039 0.498039 #0.000000
v -0.560791 3.769531 0.350098 0.498039 0.498039 0.498039 #0.000000
v -0.571045 3.025391 0.378174 0.498039 0.498039 0.498039 #0.000000
v -0.658936 3.009521 0.619629 0.498039 0.498039 0.498039 #0.000000
v -0.474854 4.017822 0.117188 0.498039 0.498039 0.498039 #0.000000
v -0.169434 4.302734 0.152100 0.498039 0.498039 0.498039 #0.000000
v -0.001709 4.343018 -0.298828 0.498039 0.498039 0.498039 #0.000000
v -0.474854 4.017822 0.117188 0.498039 0.498039 0.498039 #0.000000
v -0.001709 4.343018 -0.298828 0.498039 0.498039 0.498039 #0.000000
v -0.348145 3.610352 -0.233887 0.498039 0.498039 0.498039 #0.000000
v -0.348145 3.610352 -0.233887 0.498039 0.498039 0.498039 #0.000000
v 0.373291 3.628418 -1.262207 0.498039 0.498039 0.498039 #0.000000
v 0.354004 3.353271 -1.205078 0.498039 0.498039 0.498039 #0.000000
v -0.001709 4.343018 -0.298828 0.498039 0.498039 0.498039 #0.000000
v 0.373291 3.628418 -1.262207 0.498039 0.498039 0.498039 #0.000000
v -0.348145 3.610352 -0.233887 0.498039 0.498039 0.498039 #0.000000
v 0.485107 3.610352 0.069336 0.498039 0.498039 0.498039 #0.000000
v 0.356201 4.017822 0.419922 0.498039 0.498039 0.498039 #0.000000
v 0.272461 3.769531 0.653320 0.498039 0.498039 0.498039 #0.000000
v 0.262207 3.025391 0.681641 0.498039 0.498039 0.498039 #0.000000
v 0.485107 3.610352 0.069336 0.498039 0.498039 0.498039 #0.000000
v 0.272461 3.769531 0.653320 0.498039 0.498039 0.498039 #0.000000
v 0.262207 3.025391 0.681641 0.498039 0.498039 0.498039 #0.000000
v 0.272461 3.769531 0.653320 0.498039 0.498039 0.498039 #0.000000
v 0.174316 3.009521 0.922852 0.498039 0.498039 0.498039 #0.000000
v 0.261475 4.343018 -0.202881 0.498039 0.498039 0.498039 #0.000000
v 0.099854 4.302734 0.250244 0.498039 0.498039 0.498039 #0.000000
v 0.356201 4.017822 0.419922 0.498039 0.498039 0.498039 #0.000000
v 0.261475 4.343018 -0.202881 0.498039 0.498039 0.498039 #0.000000
v 0.356201 4.017822 0.419922 0.498039 0.498039 0.498039 #0.000000
v 0.485107 3.610352 0.069336 0.498039 0.498039 0.498039 #0.000000
v 0.593262 3.628418 -1.182129 0.498039 0.498039 0.498039 #0.000000
v 0.261475 4.343018 -0.202881 0.498039 0.498039 0.498039 #0.000000
v 0.485107 3.610352 0.069336 0.498039 0.498039 0.498039 #0.000000
v 0.373291 3.628418 -1.262207 0.498039 0.498039 0.498039 #0.000000
v 0.402832 3.598633 -1.271240 0.498039 0.498039 0.498039 #0.000000
v 0.387207 3.380371 -1.224609 0.498039 0.498039 0.498039 #0.000000
v 0.373291 3.628418 -1.262207 0.498039 0.498039 0.498039 #0.000000
v 0.387207 3.380371 -1.224609 0.498039 0.498039 0.498039 #0.000000
v 0.354004 3.353271 -1.205078 0.498039 0.498039 0.498039 #0.000000
v 0.354004 3.353271 -1.205078 0.498039 0.498039 0.498039 #0.000000
v 0.387207 3.380371 -1.224609 0.498039 0.498039 0.498039 #0.000000
v 0.464111 3.351074 -1.169678 0.498039 0.498039 0.498039 #0.000000
v 0.373291 3.628418 -1.262207 0.498039 0.498039 0.498039 #0.000000
v 0.593262 3.628418 -1.182129 0.498039 0.498039 0.498039 #0.000000
v 0.576416 3.598633 -1.208008 0.498039 0.498039 0.498039 #0.000000
v 0.373291 3.628418 -1.262207 0.498039 0.498039 0.498039 #0.000000
v 0.576416 3.598633 -1.208008 0.498039 0.498039 0.498039 #0.000000
v 0.402832 3.598633 -1.271240 0.498039 0.498039 0.498039 #0.000000
v 0.558594 3.380371 -1.162354 0.498039 0.498039 0.498039 #0.000000
v 0.576416 3.598633 -1.208008 0.498039 0.498039 0.498039 #0.000000
v 0.593262 3.628418 -1.182129 0.498039 0.498039 0.498039 #0.000000
v 0.558594 3.380371 -1.162354 0.498039 0.498039 0.498039 #0.000000
v 0.593262 3.628418 -1.182129 0.498039 0.498039 0.498039 #0.000000
v 0.571289 3.353271 -1.125977 0.498039 0.498039 0.498039 #0.000000
v 0.387207 3.380371 -1.224609 0.498039 0.498039 0.498039 #0.000000
v 0.558594 3.380371 -1.162354 0.498039 0.498039 0.498039 #0.000000
v 0.571289 3.353271 -1.125977 0.498039 0.498039 0.498039 #0.000000
v 0.387207 3.380371 -1.224609 0.498039 0.498039 0.498039 #0.000000
v 0.571289 3.353271 -1.125977 0.498039 0.498039 0.498039 #0.000000
v 0.464111 3.351074 -1.169678 0.498039 0.498039 0.498039 #0.000000
v 0.543213 3.600342 -1.153076 0.498039 0.498039 0.498039 #0.000000
v 0.527344 3.406006 -1.112061 0.498039 0.498039 0.498039 #0.000000
v 0.378906 3.406006 -1.166260 0.498039 0.498039 0.498039 #0.000000
v 0.543213 3.600342 -1.153076 0.498039 0.498039 0.498039 #0.000000
v 0.378906 3.406006 -1.166260 0.498039 0.498039 0.498039 #0.000000
v 0.392822 3.600342 -1.207764 0.498039 0.498039 0.498039 #0.000000
v 0.297852 3.291992 -1.288818 0.498039 0.498039 0.498039 #0.000000
v 0.354004 3.353271 -1.205078 0.498039 0.498039 0.498039 #0.000000
v 0.464111 3.351074 -1.169678 0.498039 0.498039 0.498039 #0.000000
v 0.297852 3.291992 -1.288818 0.498039 0.498039 0.498039 #0.000000
v 0.464111 3.351074 -1.169678 0.498039 0.498039 0.498039 #0.000000
v 0.486084 3.287354 -1.229980 0.498039 0.498039 0.498039 #0.000000
v -0.315186 3.537842 -0.440674 0.498039 0.498039 0.498039 #0.000000
v -0.348145 3.610352 -0.233887 0.498039 0.498039 0.498039 #0.000000
v 0.354004 3.353271 -1.205078 0.498039 0.498039 0.498039 #0.000000
v -0.315186 3.537842 -0.440674 0.498039 0.498039 0.498039 #0.000000
v 0.354004 3.353271 -1.205078 0.498039 0.498039 0.498039 #0.000000
v 0.297852 3.291992 -1.288818 0.498039 0.498039 0.498039 #0.000000
v 0.464111 3.351074 -1.169678 0.498039 0.498039 0.498039 #0.000000
v 0.571289 3.353271 -1.125977 0.498039 0.498039 0.498039 #0.000000
v 0.668213 3.291992 -1.154053 0.498039 0.498039 0.498039 #0.000000
v 0.464111 3.351074 -1.169678 0.498039 0.498039 0.498039 #0.000000
v 0.668213 3.291992 -1.154053 0.498039 0.498039 0.498039 #0.000000
v 0.486084 3.287354 -1.229980 0.498039 0.498039 0.498039 #0.000000
v 0.571289 3.353271 -1.125977 0.498039 0.498039 0.498039 #0.000000
v 0.485107 3.610352 0.069336 0.498039 0.498039 0.498039 #0.000000
v 0.592773 3.537842 -0.110352 0.498039 0.498039 0.498039 #0.000000
v 0.571289 3.353271 -1.125977 0.498039 0.498039 0.498039 #0.000000
v 0.592773 3.537842 -0.110352 0.498039 0.498039 0.498039 #0.000000
v 0.668213 3.291992 -1.154053 0.498039 0.498039 0.498039 #0.000000
v 0.281738 3.158936 -1.253418 0.498039 0.498039 0.498039 #0.000000
v 0.297852 3.291992 -1.288818 0.498039 0.498039 0.498039 #0.000000
v 0.486084 3.287354 -1.229980 0.498039 0.498039 0.498039 #0.000000
v 0.281738 3.158936 -1.253418 0.498039 0.498039 0.498039 #0.000000
v 0.486084 3.287354 -1.229980 0.498039 0.498039 0.498039 #0.000000
v 0.472900 3.154053 -1.193359 0.498039 0.498039 0.498039 #0.000000
v -0.333252 3.386475 -0.400879 0.498039 0.498039 0.498039 #0.000000
v -0.315186 3.537842 -0.440674 0.498039 0.498039 0.498039 #0.000000
v 0.297852 3.291992 -1.288818 0.498039 0.498039 0.498039 #0.000000
v -0.333252 3.386475 -0.400879 0.498039 0.498039 0.498039 #0.000000
v 0.297852 3.291992 -1.288818 0.498039 0.498039 0.498039 #0.000000
v 0.281738 3.158936 -1.253418 0.498039 0.498039 0.498039 #0.000000
v -0.348145 3.610352 -0.233887 0.498039 0.498039 0.498039 #0.000000
v -0.315186 3.537842 -0.440674 0.498039 0.498039 0.498039 #0.000000
v -0.333252 3.386475 -0.400879 0.498039 0.498039 0.498039 #0.000000
v -0.348145 3.610352 -0.233887 0.498039 0.498039 0.498039 #0.000000
v -0.333252 3.386475 -0.400879 0.498039 0.498039 0.498039 #0.000000
v -0.359863 3.261230 0.170410 0.498039 0.498039 0.498039 #0.000000
v 0.486084 3.287354 -1.229980 0.498039 0.498039 0.498039 #0.000000
v 0.668213 3.291992 -1.154053 0.498039 0.498039 0.498039 #0.000000
v 0.657715 3.158936 -1.116455 0.498039 0.498039 0.498039 #0.000000
v 0.486084 3.287354 -1.229980 0.498039 0.498039 0.498039 #0.000000
v 0.657715 3.158936 -1.116455 0.498039 0.498039 0.498039 #0.000000
v 0.472900 3.154053 -1.193359 0.498039 0.498039 0.498039 #0.000000
v 0.668213 3.291992 -1.154053 0.498039 0.498039 0.498039 #0.000000
v 0.592773 3.537842 -0.110352 0.498039 0.498039 0.498039 #0.000000
v 0.581055 3.386475 -0.068115 0.498039 0.498039 0.498039 #0.000000
v 0.668213 3.291992 -1.154053 0.498039 0.498039 0.498039 #0.000000
v 0.581055 3.386475 -0.068115 0.498039 0.498039 0.498039 #0.000000
v 0.657715 3.158936 -1.116455 0.498039 0.498039 0.498039 #0.000000
v 0.581055 3.386475 -0.068115 0.498039 0.498039 0.498039 #0.000000
v 0.592773 3.537842 -0.110352 0.498039 0.498039 0.498039 #0.000000
v 0.485107 3.610352 0.069336 0.498039 0.498039 0.498039 #0.000000
v 0.581055 3.386475 -0.068115 0.498039 0.498039 0.498039 #0.000000
v 0.485107 3.610352 0.069336 0.498039 0.498039 0.498039 #0.000000
v 0.233887 3.261230 0.386475 0.498039 0.498039 0.498039 #0.000000
v 0.210205 2.911621 -0.707764 0.498039 0.498039 0.498039 #0.000000
v -0.169922 3.324707 -0.165283 0.498039 0.498039 0.498039 #0.000000
v 0.287598 3.122314 -1.064697 0.498039 0.498039 0.498039 #0.000000
v 0.409424 3.121094 -1.019043 0.498039 0.498039 0.498039 #0.000000
v 0.210205 2.911621 -0.707764 0.498039 0.498039 0.498039 #0.000000
v 0.287598 3.122314 -1.064697 0.498039 0.498039 0.498039 #0.000000
v 0.256104 2.781250 -0.598389 0.498039 0.498039 0.498039 #0.000000
v -0.115479 3.026367 -0.046143 0.498039 0.498039 0.498039 #0.000000
v -0.169922 3.324707 -0.165283 0.498039 0.498039 0.498039 #0.000000
v 0.256104 2.781250 -0.598389 0.498039 0.498039 0.498039 #0.000000
v -0.169922 3.324707 -0.165283 0.498039 0.498039 0.498039 #0.000000
v 0.210205 2.911621 -0.707764 0.498039 0.498039 0.498039 #0.000000
v -0.115479 3.026367 -0.046143 0.498039 0.498039 0.498039 #0.000000
v 0.256104 2.781250 -0.598389 0.498039 0.498039 0.498039 #0.000000
v 0.186035 3.026367 0.063477 0.498039 0.498039 0.498039 #0.000000
v 0.256104 2.781250 -0.598389 0.498039 0.498039 0.498039 #0.000000
v 0.210205 2.911621 -0.707764 0.498039 0.498039 0.498039 #0.000000
v 0.361572 2.911621 -0.652588 0.498039 0.498039 0.498039 #0.000000
v 0.304443 3.324707 0.007080 0.498039 0.498039 0.498039 #0.000000
v 0.361572 2.911621 -0.652588 0.498039 0.498039 0.498039 #0.000000
v 0.531982 3.122314 -0.975830 0.498039 0.498039 0.498039 #0.000000
v 0.361572 2.911621 -0.652588 0.498039 0.498039 0.498039 #0.000000
v 0.210205 2.911621 -0.707764 0.498039 0.498039 0.498039 #0.000000
v 0.409424 3.121094 -1.019043 0.498039 0.498039 0.498039 #0.000000
v 0.361572 2.911621 -0.652588 0.498039 0.498039 0.498039 #0.000000
v 0.409424 3.121094 -1.019043 0.498039 0.498039 0.498039 #0.000000
v 0.531982 3.122314 -0.975830 0.498039 0.498039 0.498039 #0.000000
v 0.304443 3.324707 0.007080 0.498039 0.498039 0.498039 #0.000000
v 0.186035 3.026367 0.063477 0.498039 0.498039 0.498039 #0.000000
v 0.256104 2.781250 -0.598389 0.498039 0.498039 0.498039 #0.000000
v 0.304443 3.324707 0.007080 0.498039 0.498039 0.498039 #0.000000
v 0.256104 2.781250 -0.598389 0.498039 0.498039 0.498039 #0.000000
v 0.361572 2.911621 -0.652588 0.498039 0.498039 0.498039 #0.000000
v -0.455566 3.857178 -0.040527 0.498039 0.498039 0.498039 #0.000000
v -0.573486 3.857178 -0.083252 0.498039 0.498039 0.498039 #0.000000
v -0.566650 3.874023 -0.080811 0.498039 0.498039 0.498039 #0.000000
v -0.455566 3.857178 -0.040527 0.498039 0.498039 0.498039 #0.000000
v -0.566650 3.874023 -0.080811 0.498039 0.498039 0.498039 #0.000000
v -0.461182 3.874023 -0.042480 0.498039 0.498039 0.498039 #0.000000
v -0.573486 3.857178 -0.083252 0.498039 0.498039 0.498039 #0.000000
v -0.455566 3.857178 -0.040527 0.498039 0.498039 0.498039 #0.000000
v -0.455811 3.640869 -0.039795 0.498039 0.498039 0.498039 #0.000000
v -0.573486 3.857178 -0.083252 0.498039 0.498039 0.498039 #0.000000
v -0.455811 3.640869 -0.039795 0.498039 0.498039 0.498039 #0.000000
v -0.573730 3.640869 -0.082764 0.498039 0.498039 0.498039 #0.000000
v -0.617188 3.117676 -0.011230 0.498039 0.498039 0.498039 #0.000000
v -0.642822 3.138672 -0.020020 0.498039 0.498039 0.498039 #0.000000
v -0.667236 3.296387 -0.026123 0.498039 0.498039 0.498039 #0.000000
v -0.667480 3.476074 -0.022949 0.498039 0.498039 0.498039 #0.000000
v -0.617188 3.117676 -0.011230 0.498039 0.498039 0.498039 #0.000000
v -0.667236 3.296387 -0.026123 0.498039 0.498039 0.498039 #0.000000
v -0.667480 3.476074 -0.022949 0.498039 0.498039 0.498039 #0.000000
v -0.667236 3.296387 -0.026123 0.498039 0.498039 0.498039 #0.000000
v -0.688965 3.454102 -0.031250 0.498039 0.498039 0.498039 #0.000000
v -0.435547 3.066406 0.034668 0.498039 0.498039 0.498039 #0.000000
v -0.544678 3.517090 -0.004883 0.498039 0.498039 0.498039 #0.000000
v -0.481201 3.505615 0.018066 0.498039 0.498039 0.498039 #0.000000
v -0.435547 3.066406 0.034668 0.498039 0.498039 0.498039 #0.000000
v -0.481201 3.505615 0.018066 0.498039 0.498039 0.498039 #0.000000
v -0.393555 3.087402 0.050049 0.498039 0.498039 0.498039 #0.000000
v -0.544678 3.517090 -0.004883 0.498039 0.498039 0.498039 #0.000000
v -0.435547 3.066406 0.034668 0.498039 0.498039 0.498039 #0.000000
v -0.617188 3.117676 -0.011230 0.498039 0.498039 0.498039 #0.000000
v -0.544678 3.517090 -0.004883 0.498039 0.498039 0.498039 #0.000000
v -0.617188 3.117676 -0.011230 0.498039 0.498039 0.498039 #0.000000
v -0.667480 3.476074 -0.022949 0.498039 0.498039 0.498039 #0.000000
v 0.554199 3.874023 0.326904 0.498039 0.498039 0.498039 #0.000000
v 0.560791 3.857178 0.329346 0.498039 0.498039 0.498039 #0.000000
v 0.443115 3.857178 0.286621 0.498039 0.498039 0.498039 #0.000000
v 0.554199 3.874023 0.326904 0.498039 0.498039 0.498039 #0.000000
v 0.443115 3.857178 0.286621 0.498039 0.498039 0.498039 #0.000000
v 0.448486 3.874023 0.288574 0.498039 0.498039 0.498039 #0.000000
v 0.442871 3.640869 0.287109 0.498039 0.498039 0.498039 #0.000000
v 0.443115 3.857178 0.286621 0.498039 0.498039 0.498039 #0.000000
v 0.560791 3.857178 0.329346 0.498039 0.498039 0.498039 #0.000000
v 0.442871 3.640869 0.287109 0.498039 0.498039 0.498039 #0.000000
v 0.560791 3.857178 0.329346 0.498039 0.498039 0.498039 #0.000000
v 0.560547 3.640869 0.330078 0.498039 0.498039 0.498039 #0.000000
v 0.573242 3.138672 0.422363 0.498039 0.498039 0.498039 #0.000000
v 0.548096 3.117676 0.412842 0.498039 0.498039 0.498039 #0.000000
v 0.595947 3.296387 0.433350 0.498039 0.498039 0.498039 #0.000000
v 0.595947 3.296387 0.433350 0.498039 0.498039 0.498039 #0.000000
v 0.548096 3.117676 0.412842 0.498039 0.498039 0.498039 #0.000000
v 0.594238 3.476074 0.436035 0.498039 0.498039 0.498039 #0.000000
v 0.595947 3.296387 0.433350 0.498039 0.498039 0.498039 #0.000000
v 0.594238 3.476074 0.436035 0.498039 0.498039 0.498039 #0.000000
v 0.615723 3.454102 0.443604 0.498039 0.498039 0.498039 #0.000000
v 0.424805 3.505615 0.348145 0.498039 0.498039 0.498039 #0.000000
v 0.488525 3.517090 0.371094 0.498039 0.498039 0.498039 #0.000000
v 0.337402 3.087402 0.316162 0.498039 0.498039 0.498039 #0.000000
v 0.548096 3.117676 0.412842 0.498039 0.498039 0.498039 #0.000000
v 0.379150 3.066406 0.331299 0.498039 0.498039 0.498039 #0.000000
v 0.337402 3.087402 0.316162 0.498039 0.498039 0.498039 #0.000000
v 0.548096 3.117676 0.412842 0.498039 0.498039 0.498039 #0.000000
v 0.337402 3.087402 0.316162 0.498039 0.498039 0.498039 #0.000000
v 0.488525 3.517090 0.371094 0.498039 0.498039 0.498039 #0.000000
v 0.548096 3.117676 0.412842 0.498039 0.498039 0.498039 #0.000000
v 0.488525 3.517090 0.371094 0.498039 0.498039 0.498039 #0.000000
v 0.594238 3.476074 0.436035 0.498039 0.498039 0.498039 #0.000000
v -0.311768 2.706543 0.493408 0.498039 0.498039 0.498039 #0.000000
v -0.359863 2.706543 0.170410 0.498039 0.498039 0.498039 #0.000000
v -0.115479 2.706543 -0.046143 0.498039 0.498039 0.498039 #0.000000
v -0.311768 2.970459 0.493408 0.498039 0.498039 0.498039 #0.000000
v -0.359863 3.261230 0.170410 0.498039 0.498039 0.498039 #0.000000
v -0.359863 2.706543 0.170410 0.498039 0.498039 0.498039 #0.000000
v -0.311768 2.706543 0.493408 0.498039 0.498039 0.498039 #0.000000
v -0.311768 2.970459 0.493408 0.498039 0.498039 0.498039 #0.000000
v -0.359863 2.706543 0.170410 0.498039 0.498039 0.498039 #0.000000
v -0.359863 3.261230 0.170410 0.498039 0.498039 0.498039 #0.000000
v -0.115479 3.026367 -0.046143 0.498039 0.498039 0.498039 #0.000000
v -0.115479 2.706543 -0.046143 0.498039 0.498039 0.498039 #0.000000
v -0.359863 3.261230 0.170410 0.498039 0.498039 0.498039 #0.000000
v -0.115479 2.706543 -0.046143 0.498039 0.498039 0.498039 #0.000000
v -0.359863 2.706543 0.170410 0.498039 0.498039 0.498039 #0.000000
v 0.233887 2.706543 0.386475 0.498039 0.498039 0.498039 #0.000000
v -0.010010 2.706543 0.603271 0.498039 0.498039 0.498039 #0.000000
v 0.186035 2.706543 0.063477 0.498039 0.498039 0.498039 #0.000000
v 0.233887 3.261230 0.386475 0.498039 0.498039 0.498039 #0.000000
v -0.010010 2.970459 0.603271 0.498039 0.498039 0.498039 #0.000000
v 0.233887 2.706543 0.386475 0.498039 0.498039 0.498039 #0.000000
v -0.010010 2.970459 0.603271 0.498039 0.498039 0.498039 #0.000000
v -0.010010 2.706543 0.603271 0.498039 0.498039 0.498039 #0.000000
v 0.233887 2.706543 0.386475 0.498039 0.498039 0.498039 #0.000000
v 0.186035 2.706543 0.063477 0.498039 0.498039 0.498039 #0.000000
v 0.186035 3.026367 0.063477 0.498039 0.498039 0.498039 #0.000000
v 0.233887 3.261230 0.386475 0.498039 0.498039 0.498039 #0.000000
v 0.186035 2.706543 0.063477 0.498039 0.498039 0.498039 #0.000000
v 0.233887 3.261230 0.386475 0.498039 0.498039 0.498039 #0.000000
v 0.233887 2.706543 0.386475 0.498039 0.498039 0.498039 #0.000000
v -0.010010 2.970459 0.603271 0.498039 0.498039 0.498039 #0.000000
v -0.311768 2.970459 0.493408 0.498039 0.498039 0.498039 #0.000000
v -0.311768 2.706543 0.493408 0.498039 0.498039 0.498039 #0.000000
v -0.010010 2.970459 0.603271 0.498039 0.498039 0.498039 #0.000000
v -0.311768 2.706543 0.493408 0.498039 0.498039 0.498039 #0.000000
v -0.010010 2.706543 0.603271 0.498039 0.498039 0.498039 #0.000000
v -0.010010 2.706543 0.603271 0.498039 0.498039 0.498039 #0.000000
v -0.311768 2.706543 0.493408 0.498039 0.498039 0.498039 #0.000000
v -0.115479 2.706543 -0.046143 0.498039 0.498039 0.498039 #0.000000
v -0.010010 2.706543 0.603271 0.498039 0.498039 0.498039 #0.000000
v -0.115479 2.706543 -0.046143 0.498039 0.498039 0.498039 #0.000000
v 0.186035 2.706543 0.063477 0.498039 0.498039 0.498039 #0.000000
v 0.186035 2.706543 0.063477 0.498039 0.498039 0.498039 #0.000000
v -0.115479 2.706543 -0.046143 0.498039 0.498039 0.498039 #0.000000
v -0.115479 3.026367 -0.046143 0.498039 0.498039 0.498039 #0.000000
v 0.186035 2.706543 0.063477 0.498039 0.498039 0.498039 #0.000000
v -0.115479 3.026367 -0.046143 0.498039 0.498039 0.498039 #0.000000
v 0.186035 3.026367 0.063477 0.498039 0.498039 0.498039 #0.000000
v -0.169434 4.302734 0.152100 0.498039 0.498039 0.498039 #0.000000
v -0.474854 4.017822 0.117188 0.498039 0.498039 0.498039 #0.000000
v -0.483398 5.000000 1.333252 0.498039 0.498039 0.498039 #0.000000
v -0.560791 3.769531 0.350098 0.498039 0.498039 0.498039 #0.000000
v -0.509766 4.975830 1.352539 0.498039 0.498039 0.498039 #0.000000
v -0.483398 5.000000 1.333252 0.498039 0.498039 0.498039 #0.000000
v -0.560791 3.769531 0.350098 0.498039 0.498039 0.498039 #0.000000
v -0.483398 5.000000 1.333252 0.498039 0.498039 0.498039 #0.000000
v -0.474854 4.017822 0.117188 0.498039 0.498039 0.498039 #0.000000
v -0.239014 3.722900 0.762939 0.498039 0.498039 0.498039 #0.000000
v -0.509766 4.975830 1.352539 0.498039 0.498039 0.498039 #0.000000
v -0.560791 3.769531 0.350098 0.498039 0.498039 0.498039 #0.000000
v -0.169434 4.302734 0.152100 0.498039 0.498039 0.498039 #0.000000
v -0.483398 5.000000 1.333252 0.498039 0.498039 0.498039 #0.000000
v -0.450928 5.000000 1.344971 0.498039 0.498039 0.498039 #0.000000
v -0.509766 4.975830 1.352539 0.498039 0.498039 0.498039 #0.000000
v -0.450928 5.000000 1.344971 0.498039 0.498039 0.498039 #0.000000
v -0.483398 5.000000 1.333252 0.498039 0.498039 0.498039 #0.000000
v 0.356201 4.017822 0.419922 0.498039 0.498039 0.498039 #0.000000
v 0.099854 4.302734 0.250244 0.498039 0.498039 0.498039 #0.000000
v -0.418457 5.000000 1.356934 0.498039 0.498039 0.498039 #0.000000
v -0.418457 5.000000 1.356934 0.498039 0.498039 0.498039 #0.000000
v -0.410645 4.975830 1.388672 0.498039 0.498039 0.498039 #0.000000
v 0.272461 3.769531 0.653320 0.498039 0.498039 0.498039 #0.000000
v -0.418457 5.000000 1.356934 0.498039 0.498039 0.498039 #0.000000
v 0.272461 3.769531 0.653320 0.498039 0.498039 0.498039 #0.000000
v 0.356201 4.017822 0.419922 0.498039 0.498039 0.498039 #0.000000
v -0.410645 4.975830 1.388672 0.498039 0.498039 0.498039 #0.000000
v -0.509766 4.975830 1.352539 0.498039 0.498039 0.498039 #0.000000
v -0.239014 3.722900 0.762939 0.498039 0.498039 0.498039 #0.000000
v -0.410645 4.975830 1.388672 0.498039 0.498039 0.498039 #0.000000
v -0.239014 3.722900 0.762939 0.498039 0.498039 0.498039 #0.000000
v 0.272461 3.769531 0.653320 0.498039 0.498039 0.498039 #0.000000
v -0.450928 5.000000 1.344971 0.498039 0.498039 0.498039 #0.000000
v -0.418457 5.000000 1.356934 0.498039 0.498039 0.498039 #0.000000
v 0.099854 4.302734 0.250244 0.498039 0.498039 0.498039 #0.000000
v -0.450928 5.000000 1.344971 0.498039 0.498039 0.498039 #0.000000
v 0.099854 4.302734 0.250244 0.498039 0.498039 0.498039 #0.000000
v -0.169434 4.302734 0.152100 0.498039 0.498039 0.498039 #0.000000
v -0.450928 5.000000 1.344971 0.498039 0.498039 0.498039 #0.000000
v -0.509766 4.975830 1.352539 0.498039 0.498039 0.498039 #0.000000
v -0.410645 4.975830 1.388672 0.498039 0.498039 0.498039 #0.000000
v -0.450928 5.000000 1.344971 0.498039 0.498039 0.498039 #0.000000
v -0.410645 4.975830 1.388672 0.498039 0.498039 0.498039 #0.000000
v -0.418457 5.000000 1.356934 0.498039 0.498039 0.498039 #0.000000
vt 0.464844 0.503418 0.000000
vt 0.468994 0.496338 0.000000
vt 0.471191 0.502686 0.000000
vt 0.464844 0.503418 0.000000
vt 0.471191 0.502686 0.000000
vt 0.465088 0.512207 0.000000
vt 0.476074 0.517090 0.000000
vt 0.465088 0.512207 0.000000
vt 0.471191 0.502686 0.000000
vt 0.476074 0.517090 0.000000
vt 0.471191 0.502686 0.000000
vt 0.480469 0.506348 0.000000
vt 0.423828 0.763428 0.000000
vt 0.423584 0.763428 0.000000
vt 0.292480 0.763428 0.000000
vt 0.423828 0.763428 0.000000
vt 0.292480 0.763428 0.000000
vt 0.292480 0.763428 0.000000
vt 0.292480 0.738525 0.000000
vt 0.292480 0.761230 0.000000
vt 0.423584 0.761230 0.000000
vt 0.292480 0.738525 0.000000
vt 0.423584 0.761230 0.000000
vt 0.423584 0.725342 0.000000
vt 0.292480 0.734863 0.000000
vt 0.292480 0.735352 0.000000
vt 0.423584 0.734863 0.000000
vt 0.292480 0.734863 0.000000
vt 0.423584 0.734863 0.000000
vt 0.423584 0.734619 0.000000
vt 0.416748 0.591553 0.000000
vt 0.295166 0.615479 0.000000
vt 0.295166 0.584473 0.000000
vt 0.416748 0.591553 0.000000
vt 0.295166 0.584473 0.000000
vt 0.416748 0.535156 0.000000
vt 0.421631 0.710205 0.000000
vt 0.421631 0.766602 0.000000
vt 0.295166 0.766846 0.000000
vt 0.421631 0.710205 0.000000
vt 0.295166 0.766846 0.000000
vt 0.295166 0.709473 0.000000
vt 0.633301 0.712158 0.000000
vt 0.371582 0.712158 0.000000
vt 0.385986 0.692871 0.000000
vt 0.391113 0.639648 0.000000
vt 0.385986 0.692871 0.000000
vt 0.371582 0.712158 0.000000
vt 0.391113 0.639648 0.000000
vt 0.371582 0.712158 0.000000
vt 0.371582 0.625732 0.000000
vt 0.431885 0.587646 0.000000
vt 0.391113 0.639648 0.000000
vt 0.371582 0.625732 0.000000
vt 0.431885 0.587646 0.000000
vt 0.371582 0.625732 0.000000
vt 0.427246 0.569092 0.000000
vt 0.632324 0.547119 0.000000
vt 0.431885 0.587646 0.000000
vt 0.427246 0.569092 0.000000
vt 0.447754 0.437988 0.000000
vt 0.442627 0.437988 0.000000
vt 0.442627 0.450684 0.000000
vt 0.447754 0.437988 0.000000
vt 0.442627 0.450684 0.000000
vt 0.448486 0.456055 0.000000
vt 0.416748 0.765137 0.000000
vt 0.416748 0.709717 0.000000
vt 0.431152 0.708984 0.000000
vt 0.416748 0.709717 0.000000
vt 0.416748 0.592041 0.000000
vt 0.431152 0.585938 0.000000
vt 0.416748 0.709717 0.000000
vt 0.431152 0.585938 0.000000
vt 0.431152 0.708984 0.000000
vt 0.416748 0.592041 0.000000
vt 0.416748 0.536133 0.000000
vt 0.431152 0.541992 0.000000
vt 0.416748 0.592041 0.000000
vt 0.431152 0.541992 0.000000
vt 0.431152 0.585938 0.000000
vt 0.416748 0.536133 0.000000
vt 0.431152 0.578613 0.000000
vt 0.431152 0.541992 0.000000
vt 0.450195 0.439453 0.000000
vt 0.448486 0.437744 0.000000
vt 0.450439 0.437744 0.000000
vt 0.448486 0.437744 0.000000
vt 0.448486 0.437744 0.000000
vt 0.450439 0.437744 0.000000
vt 0.632324 0.547119 0.000000
vt 0.724121 0.578613 0.000000
vt 0.724121 0.654053 0.000000
vt 0.632324 0.547119 0.000000
vt 0.724121 0.654053 0.000000
vt 0.629639 0.692871 0.000000
vt 0.385986 0.692871 0.000000
vt 0.431885 0.587646 0.000000
vt 0.632324 0.547119 0.000000
vt 0.385986 0.692871 0.000000
vt 0.632324 0.547119 0.000000
vt 0.629639 0.692871 0.000000
vt 0.385986 0.692871 0.000000
vt 0.391113 0.639648 0.000000
vt 0.431885 0.587646 0.000000
vt 0.274414 0.286133 0.000000
vt 0.152100 0.303711 0.000000
vt 0.201660 0.430908 0.000000
vt 0.274414 0.286133 0.000000
vt 0.201660 0.430908 0.000000
vt 0.323730 0.413330 0.000000
vt 0.274414 0.286133 0.000000
vt 0.264404 0.331543 0.000000
vt 0.191895 0.343262 0.000000
vt 0.274414 0.286133 0.000000
vt 0.191895 0.343262 0.000000
vt 0.152100 0.303711 0.000000
vt 0.339844 0.416992 0.000000
vt 0.274414 0.286133 0.000000
vt 0.323730 0.413330 0.000000
vt 0.339844 0.416992 0.000000
vt 0.264404 0.331543 0.000000
vt 0.274414 0.286133 0.000000
vt 0.191895 0.343262 0.000000
vt 0.138184 0.308594 0.000000
vt 0.152100 0.303711 0.000000
vt 0.152100 0.303711 0.000000
vt 0.138184 0.308594 0.000000
vt 0.201660 0.430908 0.000000
vt 0.427979 0.611084 0.000000
vt 0.424072 0.622803 0.000000
vt 0.425049 0.693359 0.000000
vt 0.427979 0.611084 0.000000
vt 0.425049 0.693359 0.000000
vt 0.428955 0.682129 0.000000
vt 0.195068 0.368408 0.000000
vt 0.191895 0.343262 0.000000
vt 0.264404 0.331543 0.000000
vt 0.195068 0.368408 0.000000
vt 0.264404 0.331543 0.000000
vt 0.267822 0.357178 0.000000
vt 0.327148 0.543457 0.000000
vt 0.331055 0.504883 0.000000
vt 0.367920 0.455566 0.000000
vt 0.327148 0.543457 0.000000
vt 0.367920 0.455566 0.000000
vt 0.385254 0.521729 0.000000
vt 0.316650 0.330566 0.000000
vt 0.281982 0.375732 0.000000
vt 0.278320 0.410156 0.000000
vt 0.316650 0.330566 0.000000
vt 0.278320 0.410156 0.000000
vt 0.333008 0.390137 0.000000
vt 0.428955 0.682129 0.000000
vt 0.423828 0.606934 0.000000
vt 0.427979 0.611084 0.000000
vt 0.418945 0.621582 0.000000
vt 0.425049 0.693359 0.000000
vt 0.424072 0.622803 0.000000
vt 0.309326 0.722168 0.000000
vt 0.308838 0.715332 0.000000
vt 0.292480 0.715332 0.000000
vt 0.309326 0.722168 0.000000
vt 0.292480 0.715332 0.000000
vt 0.292480 0.725098 0.000000
vt 0.318604 0.722168 0.000000
vt 0.292480 0.725098 0.000000
vt 0.423584 0.713135 0.000000
vt 0.318604 0.722168 0.000000
vt 0.423584 0.713135 0.000000
vt 0.407715 0.714600 0.000000
vt 0.292480 0.715332 0.000000
vt 0.317871 0.713623 0.000000
vt 0.407227 0.706055 0.000000
vt 0.292480 0.715332 0.000000
vt 0.407227 0.706055 0.000000
vt 0.423584 0.702881 0.000000
vt 0.423584 0.713135 0.000000
vt 0.423584 0.702881 0.000000
vt 0.415039 0.706055 0.000000
vt 0.423584 0.713135 0.000000
vt 0.415039 0.706055 0.000000
vt 0.415283 0.712891 0.000000
vt 0.484863 0.763916 0.000000
vt 0.484863 0.763916 0.000000
vt 0.488281 0.763916 0.000000
vt 0.484863 0.763916 0.000000
vt 0.488281 0.763916 0.000000
vt 0.488281 0.763916 0.000000
vt 0.452881 0.468018 0.000000
vt 0.448730 0.468018 0.000000
vt 0.448730 0.463379 0.000000
vt 0.452881 0.468018 0.000000
vt 0.448730 0.463379 0.000000
vt 0.452881 0.463379 0.000000
vt 0.448242 0.468018 0.000000
vt 0.448242 0.468018 0.000000
vt 0.448242 0.463379 0.000000
vt 0.448242 0.468018 0.000000
vt 0.448242 0.463379 0.000000
vt 0.448242 0.463379 0.000000
vt 0.448730 0.463379 0.000000
vt 0.448730 0.468018 0.000000
vt 0.452881 0.468018 0.000000
vt 0.448730 0.463379 0.000000
vt 0.452881 0.468018 0.000000
vt 0.452881 0.463379 0.000000
vt 0.453369 0.463379 0.000000
vt 0.453369 0.468018 0.000000
vt 0.453369 0.468018 0.000000
vt 0.453369 0.463379 0.000000
vt 0.453369 0.468018 0.000000
vt 0.453369 0.463379 0.000000
vt 0.488281 0.766846 0.000000
vt 0.484863 0.766846 0.000000
vt 0.484863 0.766846 0.000000
vt 0.488281 0.766846 0.000000
vt 0.484863 0.766846 0.000000
vt 0.488281 0.766846 0.000000
vt 0.484863 0.764404 0.000000
vt 0.484863 0.763916 0.000000
vt 0.488281 0.763916 0.000000
vt 0.484863 0.764404 0.000000
vt 0.488281 0.763916 0.000000
vt 0.488281 0.764404 0.000000
vt 0.484619 0.764404 0.000000
vt 0.484863 0.763916 0.000000
vt 0.484863 0.763916 0.000000
vt 0.484619 0.764404 0.000000
vt 0.484863 0.763916 0.000000
vt 0.484619 0.764404 0.000000
vt 0.488281 0.764404 0.000000
vt 0.488281 0.763916 0.000000
vt 0.484863 0.763916 0.000000
vt 0.488281 0.764404 0.000000
vt 0.484863 0.763916 0.000000
vt 0.484863 0.764404 0.000000
vt 0.488770 0.764404 0.000000
vt 0.488281 0.763916 0.000000
vt 0.488281 0.763916 0.000000
vt 0.488770 0.764404 0.000000
vt 0.488281 0.763916 0.000000
vt 0.488770 0.764404 0.000000
vt 0.488770 0.766357 0.000000
vt 0.488281 0.766357 0.000000
vt 0.488281 0.764404 0.000000
vt 0.488770 0.766357 0.000000
vt 0.488281 0.764404 0.000000
vt 0.488770 0.764404 0.000000
vt 0.484863 0.766846 0.000000
vt 0.484863 0.766357 0.000000
vt 0.488281 0.766357 0.000000
vt 0.484863 0.766846 0.000000
vt 0.488281 0.766357 0.000000
vt 0.488281 0.766846 0.000000
vt 0.484619 0.764404 0.000000
vt 0.484863 0.764404 0.000000
vt 0.484863 0.766357 0.000000
vt 0.484619 0.764404 0.000000
vt 0.484863 0.766357 0.000000
vt 0.484619 0.766357 0.000000
vt 0.484863 0.766846 0.000000
vt 0.484619 0.766357 0.000000
vt 0.484619 0.766357 0.000000
vt 0.484863 0.766846 0.000000
vt 0.484619 0.766357 0.000000
vt 0.484863 0.766846 0.000000
vt 0.484863 0.764404 0.000000
vt 0.484619 0.764404 0.000000
vt 0.484619 0.766357 0.000000
vt 0.484863 0.764404 0.000000
vt 0.484619 0.766357 0.000000
vt 0.484863 0.766357 0.000000
vt 0.488281 0.766846 0.000000
vt 0.488281 0.766357 0.000000
vt 0.484863 0.766357 0.000000
vt 0.488281 0.766846 0.000000
vt 0.484863 0.766357 0.000000
vt 0.484863 0.766846 0.000000
vt 0.488770 0.764404 0.000000
vt 0.488281 0.764404 0.000000
vt 0.488281 0.766357 0.000000
vt 0.488770 0.764404 0.000000
vt 0.488281 0.766357 0.000000
vt 0.488770 0.766357 0.000000
vt 0.488281 0.766846 0.000000
vt 0.488770 0.766357 0.000000
vt 0.488770 0.766357 0.000000
vt 0.488281 0.766846 0.000000
vt 0.488770 0.766357 0.000000
vt 0.488281 0.766846 0.000000
vt 0.488281 0.764404 0.000000
vt 0.488281 0.763916 0.000000
vt 0.488770 0.764404 0.000000
vt 0.484619 0.764404 0.000000
vt 0.484863 0.763916 0.000000
vt 0.484863 0.764404 0.000000
vt 0.484863 0.764404 0.000000
vt 0.484863 0.763916 0.000000
vt 0.484619 0.764404 0.000000
vt 0.488770 0.764404 0.000000
vt 0.488281 0.763916 0.000000
vt 0.488281 0.764404 0.000000
vt 0.488281 0.766846 0.000000
vt 0.488281 0.766357 0.000000
vt 0.488770 0.766357 0.000000
vt 0.484619 0.766357 0.000000
vt 0.484863 0.766357 0.000000
vt 0.484863 0.766846 0.000000
vt 0.484863 0.766357 0.000000
vt 0.484619 0.766357 0.000000
vt 0.484863 0.766846 0.000000
vt 0.488770 0.766357 0.000000
vt 0.488281 0.766357 0.000000
vt 0.488281 0.766846 0.000000
vt 0.491211 0.748535 0.000000
vt 0.491699 0.752686 0.000000
vt 0.492920 0.752686 0.000000
vt 0.491211 0.748535 0.000000
vt 0.492920 0.752686 0.000000
vt 0.492676 0.748535 0.000000
vt 0.492920 0.752686 0.000000
vt 0.491699 0.752686 0.000000
vt 0.490967 0.748535 0.000000
vt 0.492920 0.752686 0.000000
vt 0.490967 0.748535 0.000000
vt 0.492920 0.748535 0.000000
vt 0.491699 0.752686 0.000000
vt 0.491211 0.748535 0.000000
vt 0.490967 0.748535 0.000000
vt 0.491699 0.752686 0.000000
vt 0.490967 0.748535 0.000000
vt 0.491699 0.752686 0.000000
vt 0.492920 0.752686 0.000000
vt 0.492920 0.752686 0.000000
vt 0.491699 0.752686 0.000000
vt 0.492920 0.752686 0.000000
vt 0.491699 0.752686 0.000000
vt 0.491699 0.752686 0.000000
vt 0.491211 0.748535 0.000000
vt 0.492676 0.748535 0.000000
vt 0.492920 0.748535 0.000000
vt 0.491211 0.748535 0.000000
vt 0.492920 0.748535 0.000000
vt 0.490967 0.748535 0.000000
vt 0.440430 0.596436 0.000000
vt 0.447266 0.673340 0.000000
vt 0.451660 0.709473 0.000000
vt 0.440430 0.596436 0.000000
vt 0.451172 0.709473 0.000000
vt 0.440186 0.596436 0.000000
vt 0.471191 0.502686 0.000000
vt 0.468994 0.496338 0.000000
vt 0.464844 0.503418 0.000000
vt 0.471191 0.502686 0.000000
vt 0.464844 0.503418 0.000000
vt 0.465088 0.512207 0.000000
vt 0.471191 0.502686 0.000000
vt 0.465088 0.512207 0.000000
vt 0.476074 0.517090 0.000000
vt 0.471191 0.502686 0.000000
vt 0.476074 0.517090 0.000000
vt 0.480469 0.506348 0.000000
vt 0.292480 0.763428 0.000000
vt 0.423584 0.763428 0.000000
vt 0.423828 0.763428 0.000000
vt 0.292480 0.763428 0.000000
vt 0.423828 0.763428 0.000000
vt 0.292480 0.763428 0.000000
vt 0.423584 0.761230 0.000000
vt 0.292480 0.761230 0.000000
vt 0.292480 0.738525 0.000000
vt 0.423584 0.761230 0.000000
vt 0.292480 0.738525 0.000000
vt 0.423584 0.725342 0.000000
vt 0.423584 0.734863 0.000000
vt 0.292480 0.735352 0.000000
vt 0.292480 0.734863 0.000000
vt 0.423584 0.734863 0.000000
vt 0.292480 0.734863 0.000000
vt 0.423584 0.734619 0.000000
vt 0.295166 0.584473 0.000000
vt 0.295166 0.615479 0.000000
vt 0.416748 0.591553 0.000000
vt 0.295166 0.584473 0.000000
vt 0.416748 0.591553 0.000000
vt 0.416748 0.535156 0.000000
vt 0.295166 0.766846 0.000000
vt 0.421631 0.766602 0.000000
vt 0.421631 0.710205 0.000000
vt 0.295166 0.766846 0.000000
vt 0.421631 0.710205 0.000000
vt 0.295166 0.709473 0.000000
vt 0.385986 0.692871 0.000000
vt 0.371582 0.712158 0.000000
vt 0.633301 0.712158 0.000000
vt 0.131592 0.672119 0.000000
vt 0.385986 0.692871 0.000000
vt 0.391113 0.639648 0.000000
vt 0.371582 0.712158 0.000000
vt 0.391113 0.639648 0.000000
vt 0.371582 0.625732 0.000000
vt 0.371582 0.625732 0.000000
vt 0.391113 0.639648 0.000000
vt 0.431885 0.587646 0.000000
vt 0.371582 0.625732 0.000000
vt 0.431885 0.587646 0.000000
vt 0.427246 0.569092 0.000000
vt 0.427246 0.569092 0.000000
vt 0.431885 0.587646 0.000000
vt 0.632324 0.547119 0.000000
vt 0.442627 0.450684 0.000000
vt 0.442627 0.437988 0.000000
vt 0.447754 0.437988 0.000000
vt 0.442627 0.450684 0.000000
vt 0.447754 0.437988 0.000000
vt 0.448486 0.456055 0.000000
vt 0.431152 0.708984 0.000000
vt 0.416748 0.709717 0.000000
vt 0.416748 0.765137 0.000000
vt 0.431152 0.585938 0.000000
vt 0.416748 0.592041 0.000000
vt 0.416748 0.709717 0.000000
vt 0.431152 0.585938 0.000000
vt 0.416748 0.709717 0.000000
vt 0.431152 0.708984 0.000000
vt 0.431152 0.541992 0.000000
vt 0.416748 0.536133 0.000000
vt 0.416748 0.592041 0.000000
vt 0.431152 0.541992 0.000000
vt 0.416748 0.592041 0.000000
vt 0.431152 0.585938 0.000000
vt 0.431152 0.578613 0.000000
vt 0.416748 0.536133 0.000000
vt 0.431152 0.541992 0.000000
vt 0.448486 0.437744 0.000000
vt 0.450195 0.439453 0.000000
vt 0.450439 0.437744 0.000000
vt 0.448486 0.437744 0.000000
vt 0.448486 0.437744 0.000000
vt 0.450439 0.437744 0.000000
vt 0.724121 0.654053 0.000000
vt 0.724121 0.578613 0.000000
vt 0.632324 0.547119 0.000000
vt 0.724121 0.654053 0.000000
vt 0.632324 0.547119 0.000000
vt 0.629639 0.692871 0.000000
vt 0.632324 0.547119 0.000000
vt 0.431885 0.587646 0.000000
vt 0.385986 0.692871 0.000000
vt 0.632324 0.547119 0.000000
vt 0.385986 0.692871 0.000000
vt 0.629639 0.692871 0.000000
vt 0.391113 0.639648 0.000000
vt 0.385986 0.692871 0.000000
vt 0.431885 0.587646 0.000000
vt 0.201660 0.430908 0.000000
vt 0.152100 0.303711 0.000000
vt 0.274414 0.286133 0.000000
vt 0.201660 0.430908 0.000000
vt 0.274414 0.286133 0.000000
vt 0.323730 0.413330 0.000000
vt 0.191895 0.343262 0.000000
vt 0.264404 0.331543 0.000000
vt 0.274414 0.286133 0.000000
vt 0.191895 0.343262 0.000000
vt 0.274414 0.286133 0.000000
vt 0.152100 0.303711 0.000000
vt 0.274414 0.286133 0.000000
vt 0.339844 0.416992 0.000000
vt 0.323730 0.413330 0.000000
vt 0.264404 0.331543 0.000000
vt 0.339844 0.416992 0.000000
vt 0.274414 0.286133 0.000000
vt 0.138184 0.308594 0.000000
vt 0.191895 0.343262 0.000000
vt 0.152100 0.303711 0.000000
vt 0.138184 0.308594 0.000000
vt 0.152100 0.303711 0.000000
vt 0.201660 0.430908 0.000000
vt 0.425049 0.693359 0.000000
vt 0.424072 0.622803 0.000000
vt 0.427979 0.611084 0.000000
vt 0.425049 0.693359 0.000000
vt 0.427979 0.611084 0.000000
vt 0.428955 0.682129 0.000000
vt 0.264404 0.331543 0.000000
vt 0.191895 0.343262 0.000000
vt 0.195068 0.368408 0.000000
vt 0.264404 0.331543 0.000000
vt 0.195068 0.368408 0.000000
vt 0.267822 0.357178 0.000000
vt 0.367920 0.455566 0.000000
vt 0.331055 0.504883 0.000000
vt 0.327148 0.543457 0.000000
vt 0.367920 0.455566 0.000000
vt 0.327148 0.543457 0.000000
vt 0.385254 0.521729 0.000000
vt 0.278320 0.410156 0.000000
vt 0.281982 0.375732 0.000000
vt 0.316650 0.330566 0.000000
vt 0.278320 0.410156 0.000000
vt 0.316650 0.330566 0.000000
vt 0.333008 0.390137 0.000000
vt 0.423828 0.606934 0.000000
vt 0.428955 0.682129 0.000000
vt 0.427979 0.611084 0.000000
vt 0.425049 0.693359 0.000000
vt 0.418945 0.621582 0.000000
vt 0.424072 0.622803 0.000000
vt 0.292480 0.715332 0.000000
vt 0.308838 0.715332 0.000000
vt 0.309326 0.722168 0.000000
vt 0.292480 0.715332 0.000000
vt 0.309326 0.722168 0.000000
vt 0.292480 0.725098 0.000000
vt 0.423584 0.713135 0.000000
vt 0.292480 0.725098 0.000000
vt 0.318604 0.722168 0.000000
vt 0.423584 0.713135 0.000000
vt 0.318604 0.722168 0.000000
vt 0.407715 0.714600 0.000000
vt 0.407227 0.706055 0.000000
vt 0.317871 0.713623 0.000000
vt 0.292480 0.715332 0.000000
vt 0.407227 0.706055 0.000000
vt 0.292480 0.715332 0.000000
vt 0.423584 0.702881 0.000000
vt 0.415039 0.706055 0.000000
vt 0.423584 0.702881 0.000000
vt 0.423584 0.713135 0.000000
vt 0.415039 0.706055 0.000000
vt 0.423584 0.713135 0.000000
vt 0.415283 0.712891 0.000000
vt 0.488281 0.763916 0.000000
vt 0.484863 0.763916 0.000000
vt 0.484863 0.763916 0.000000
vt 0.488281 0.763916 0.000000
vt 0.484863 0.763916 0.000000
vt 0.488281 0.763916 0.000000
vt 0.448730 0.463379 0.000000
vt 0.448730 0.468018 0.000000
vt 0.452881 0.468018 0.000000
vt 0.448730 0.463379 0.000000
vt 0.452881 0.468018 0.000000
vt 0.452881 0.463379 0.000000
vt 0.448242 0.463379 0.000000
vt 0.448242 0.468018 0.000000
vt 0.448242 0.468018 0.000000
vt 0.448242 0.463379 0.000000
vt 0.448242 0.468018 0.000000
vt 0.448242 0.463379 0.000000
vt 0.452881 0.468018 0.000000
vt 0.448730 0.468018 0.000000
vt 0.448730 0.463379 0.000000
vt 0.452881 0.468018 0.000000
vt 0.448730 0.463379 0.000000
vt 0.452881 0.463379 0.000000
vt 0.453369 0.468018 0.000000
vt 0.453369 0.468018 0.000000
vt 0.453369 0.463379 0.000000
vt 0.453369 0.468018 0.000000
vt 0.453369 0.463379 0.000000
vt 0.453369 0.463379 0.000000
vt 0.484863 0.766846 0.000000
vt 0.484863 0.766846 0.000000
vt 0.488281 0.766846 0.000000
vt 0.484863 0.766846 0.000000
vt 0.488281 0.766846 0.000000
vt 0.488281 0.766846 0.000000
vt 0.488281 0.763916 0.000000
vt 0.484863 0.763916 0.000000
vt 0.484863 0.764404 0.000000
vt 0.488281 0.763916 0.000000
vt 0.484863 0.764404 0.000000
vt 0.488281 0.764404 0.000000
vt 0.484863 0.763916 0.000000
vt 0.484863 0.763916 0.000000
vt 0.484619 0.764404 0.000000
vt 0.484863 0.763916 0.000000
vt 0.484619 0.764404 0.000000
vt 0.484619 0.764404 0.000000
vt 0.484863 0.763916 0.000000
vt 0.488281 0.763916 0.000000
vt 0.488281 0.764404 0.000000
vt 0.484863 0.763916 0.000000
vt 0.488281 0.764404 0.000000
vt 0.484863 0.764404 0.000000
vt 0.488281 0.763916 0.000000
vt 0.488281 0.763916 0.000000
vt 0.488770 0.764404 0.000000
vt 0.488281 0.763916 0.000000
vt 0.488770 0.764404 0.000000
vt 0.488770 0.764404 0.000000
vt 0.488281 0.764404 0.000000
vt 0.488281 0.766357 0.000000
vt 0.488770 0.766357 0.000000
vt 0.488281 0.764404 0.000000
vt 0.488770 0.766357 0.000000
vt 0.488770 0.764404 0.000000
vt 0.488281 0.766357 0.000000
vt 0.484863 0.766357 0.000000
vt 0.484863 0.766846 0.000000
vt 0.488281 0.766357 0.000000
vt 0.484863 0.766846 0.000000
vt 0.488281 0.766846 0.000000
vt 0.484863 0.766357 0.000000
vt 0.484863 0.764404 0.000000
vt 0.484619 0.764404 0.000000
vt 0.484863 0.766357 0.000000
vt 0.484619 0.764404 0.000000
vt 0.484619 0.766357 0.000000
vt 0.484619 0.766357 0.000000
vt 0.484619 0.766357 0.000000
vt 0.484863 0.766846 0.000000
vt 0.484619 0.766357 0.000000
vt 0.484863 0.766846 0.000000
vt 0.484863 0.766846 0.000000
vt 0.484619 0.766357 0.000000
vt 0.484619 0.764404 0.000000
vt 0.484863 0.764404 0.000000
vt 0.484619 0.766357 0.000000
vt 0.484863 0.764404 0.000000
vt 0.484863 0.766357 0.000000
vt 0.484863 0.766357 0.000000
vt 0.488281 0.766357 0.000000
vt 0.488281 0.766846 0.000000
vt 0.484863 0.766357 0.000000
vt 0.488281 0.766846 0.000000
vt 0.484863 0.766846 0.000000
vt 0.488281 0.766357 0.000000
vt 0.488281 0.764404 0.000000
vt 0.488770 0.764404 0.000000
vt 0.488281 0.766357 0.000000
vt 0.488770 0.764404 0.000000
vt 0.488770 0.766357 0.000000
vt 0.488770 0.766357 0.000000
vt 0.488770 0.766357 0.000000
vt 0.488281 0.766846 0.000000
vt 0.488770 0.766357 0.000000
vt 0.488281 0.766846 0.000000
vt 0.488281 0.766846 0.000000
vt 0.488281 0.763916 0.000000
vt 0.488281 0.764404 0.000000
vt 0.488770 0.764404 0.000000
vt 0.484863 0.763916 0.000000
vt 0.484619 0.764404 0.000000
vt 0.484863 0.764404 0.000000
vt 0.484863 0.763916 0.000000
vt 0.484863 0.764404 0.000000
vt 0.484619 0.764404 0.000000
vt 0.488281 0.763916 0.000000
vt 0.488770 0.764404 0.000000
vt 0.488281 0.764404 0.000000
vt 0.488281 0.766357 0.000000
vt 0.488281 0.766846 0.000000
vt 0.488770 0.766357 0.000000
vt 0.484863 0.766357 0.000000
vt 0.484619 0.766357 0.000000
vt 0.484863 0.766846 0.000000
vt 0.484619 0.766357 0.000000
vt 0.484863 0.766357 0.000000
vt 0.484863 0.766846 0.000000
vt 0.488281 0.766357 0.000000
vt 0.488770 0.766357 0.000000
vt 0.488281 0.766846 0.000000
vt 0.492920 0.752686 0.000000
vt 0.491699 0.752686 0.000000
vt 0.491211 0.748535 0.000000
vt 0.492920 0.752686 0.000000
vt 0.491211 0.748535 0.000000
vt 0.492676 0.748535 0.000000
vt 0.490967 0.748535 0.000000
vt 0.491699 0.752686 0.000000
vt 0.492920 0.752686 0.000000
vt 0.490967 0.748535 0.000000
vt 0.492920 0.752686 0.000000
vt 0.492920 0.748535 0.000000
vt 0.490967 0.748535 0.000000
vt 0.491211 0.748535 0.000000
vt 0.491699 0.752686 0.000000
vt 0.490967 0.748535 0.000000
vt 0.491699 0.752686 0.000000
vt 0.491699 0.752686 0.000000
vt 0.491699 0.752686 0.000000
vt 0.492920 0.752686 0.000000
vt 0.492920 0.752686 0.000000
vt 0.491699 0.752686 0.000000
vt 0.492920 0.752686 0.000000
vt 0.491699 0.752686 0.000000
vt 0.492920 0.748535 0.000000
vt 0.492676 0.748535 0.000000
vt 0.491211 0.748535 0.000000
vt 0.492920 0.748535 0.000000
vt 0.491211 0.748535 0.000000
vt 0.490967 0.748535 0.000000
vt 0.503418 0.517090 0.000000
vt 0.505615 0.505615 0.000000
vt 0.480469 0.506348 0.000000
vt 0.503418 0.517090 0.000000
vt 0.480469 0.506348 0.000000
vt 0.476074 0.517090 0.000000
vt 0.493652 0.751953 0.000000
vt 0.493652 0.757080 0.000000
vt 0.490967 0.757080 0.000000
vt 0.493652 0.751953 0.000000
vt 0.490967 0.757080 0.000000
vt 0.490479 0.751953 0.000000
vt 0.451904 0.451172 0.000000
vt 0.451904 0.455322 0.000000
vt 0.448730 0.455322 0.000000
vt 0.451904 0.451172 0.000000
vt 0.448730 0.455322 0.000000
vt 0.448730 0.451172 0.000000
vt 0.493652 0.758789 0.000000
vt 0.493652 0.764160 0.000000
vt 0.490967 0.764160 0.000000
vt 0.493652 0.758789 0.000000
vt 0.490967 0.764160 0.000000
vt 0.490967 0.758789 0.000000
vt 0.448486 0.437744 0.000000
vt 0.450439 0.437744 0.000000
vt 0.451904 0.437744 0.000000
vt 0.448486 0.437744 0.000000
vt 0.451904 0.437744 0.000000
vt 0.451904 0.437744 0.000000
vt 0.480469 0.382080 0.000000
vt 0.485596 0.382080 0.000000
vt 0.506104 0.382080 0.000000
vt 0.480469 0.382080 0.000000
vt 0.506104 0.382080 0.000000
vt 0.506104 0.382080 0.000000
vt 0.451172 0.709473 0.000000
vt 0.447266 0.673340 0.000000
vt 0.440430 0.646240 0.000000
vt 0.451172 0.709473 0.000000
vt 0.440430 0.596436 0.000000
vt 0.440186 0.596436 0.000000
vt 0.440186 0.596436 0.000000
vt 0.455566 0.596436 0.000000
vt 0.511230 0.596436 0.000000
vt 0.440186 0.596436 0.000000
vt 0.511230 0.596436 0.000000
vt 0.511230 0.596436 0.000000
vt 0.460693 0.675537 0.000000
vt 0.463867 0.714111 0.000000
vt 0.511230 0.714111 0.000000
vt 0.460693 0.675537 0.000000
vt 0.511230 0.714111 0.000000
vt 0.511230 0.675537 0.000000
vt 0.511230 0.596436 0.000000
vt 0.511230 0.709473 0.000000
vt 0.451172 0.709473 0.000000
vt 0.511230 0.596436 0.000000
vt 0.451172 0.709473 0.000000
vt 0.440186 0.596436 0.000000
vt 0.455566 0.646240 0.000000
vt 0.460693 0.675537 0.000000
vt 0.511230 0.675537 0.000000
vt 0.455566 0.646240 0.000000
vt 0.511230 0.675537 0.000000
vt 0.511230 0.646240 0.000000
vt 0.443848 0.477295 0.000000
vt 0.446777 0.477295 0.000000
vt 0.447510 0.462891 0.000000
vt 0.443848 0.477295 0.000000
vt 0.447510 0.462891 0.000000
vt 0.443359 0.462891 0.000000
vt 0.448730 0.447754 0.000000
vt 0.449707 0.447754 0.000000
vt 0.449707 0.449707 0.000000
vt 0.448730 0.447754 0.000000
vt 0.449707 0.449707 0.000000
vt 0.448730 0.451904 0.000000
vt 0.450195 0.450928 0.000000
vt 0.448730 0.451904 0.000000
vt 0.449707 0.449707 0.000000
vt 0.491211 0.764893 0.000000
vt 0.493652 0.764893 0.000000
vt 0.493652 0.764893 0.000000
vt 0.521729 0.797119 0.000000
vt 0.442627 0.797119 0.000000
vt 0.436523 0.738037 0.000000
vt 0.521729 0.797119 0.000000
vt 0.436523 0.738037 0.000000
vt 0.521729 0.764160 0.000000
vt 0.447510 0.462891 0.000000
vt 0.446777 0.477295 0.000000
vt 0.443848 0.477295 0.000000
vt 0.447510 0.462891 0.000000
vt 0.443848 0.477295 0.000000
vt 0.443359 0.462891 0.000000
vt 0.449707 0.449707 0.000000
vt 0.449707 0.447754 0.000000
vt 0.448730 0.447754 0.000000
vt 0.449707 0.449707 0.000000
vt 0.448730 0.447754 0.000000
vt 0.448730 0.451904 0.000000
vt 0.448730 0.451904 0.000000
vt 0.450195 0.450928 0.000000
vt 0.449707 0.449707 0.000000
vt 0.521729 0.764160 0.000000
vt 0.436523 0.709473 0.000000
vt 0.436523 0.738037 0.000000
vt 0.493652 0.764893 0.000000
vt 0.491211 0.764893 0.000000
vt 0.491211 0.764893 0.000000
vt 0.493652 0.764160 0.000000
vt 0.493652 0.764893 0.000000
vt 0.491211 0.764893 0.000000
vt 0.493652 0.764160 0.000000
vt 0.491211 0.764893 0.000000
vt 0.490967 0.764160 0.000000
vt 0.451904 0.451904 0.000000
vt 0.451904 0.450928 0.000000
vt 0.450195 0.450928 0.000000
vt 0.451904 0.451904 0.000000
vt 0.450195 0.450928 0.000000
vt 0.448730 0.451904 0.000000
vt 0.436523 0.738037 0.000000
vt 0.521729 0.797119 0.000000
vt 0.521729 0.764160 0.000000
vt 0.437744 0.593750 0.000000
vt 0.437744 0.716309 0.000000
vt 0.511230 0.716309 0.000000
vt 0.437744 0.593750 0.000000
vt 0.511230 0.716309 0.000000
vt 0.511230 0.593750 0.000000
vt 0.492188 0.751953 0.000000
vt 0.491943 0.754883 0.000000
vt 0.490967 0.755371 0.000000
vt 0.492188 0.751953 0.000000
vt 0.490967 0.755371 0.000000
vt 0.490479 0.751953 0.000000
vt 0.491943 0.755371 0.000000
vt 0.490967 0.755371 0.000000
vt 0.491943 0.754883 0.000000
vt 0.490967 0.755371 0.000000
vt 0.491943 0.754883 0.000000
vt 0.492188 0.751953 0.000000
vt 0.490967 0.755371 0.000000
vt 0.492188 0.751953 0.000000
vt 0.490479 0.751953 0.000000
vt 0.490967 0.755371 0.000000
vt 0.491943 0.755371 0.000000
vt 0.491943 0.754883 0.000000
vt 0.480469 0.506348 0.000000
vt 0.471191 0.502686 0.000000
vt 0.477295 0.395020 0.000000
vt 0.468994 0.496338 0.000000
vt 0.473389 0.395020 0.000000
vt 0.477295 0.395020 0.000000
vt 0.468994 0.496338 0.000000
vt 0.477295 0.395020 0.000000
vt 0.471191 0.502686 0.000000
vt 0.477295 0.395020 0.000000
vt 0.473389 0.395020 0.000000
vt 0.480469 0.382080 0.000000
vt 0.477295 0.395020 0.000000
vt 0.480469 0.382080 0.000000
vt 0.485596 0.382080 0.000000
vt 0.477295 0.395020 0.000000
vt 0.471191 0.502686 0.000000
vt 0.480469 0.506348 0.000000
vt 0.477295 0.395020 0.000000
vt 0.473389 0.395020 0.000000
vt 0.468994 0.496338 0.000000
vt 0.477295 0.395020 0.000000
vt 0.468994 0.496338 0.000000
vt 0.471191 0.502686 0.000000
vt 0.480469 0.382080 0.000000
vt 0.473389 0.395020 0.000000
vt 0.477295 0.395020 0.000000
vt 0.480469 0.382080 0.000000
vt 0.477295 0.395020 0.000000
vt 0.485596 0.382080 0.000000
vt 0.505615 0.505615 0.000000
vt 0.506104 0.395020 0.000000
vt 0.485107 0.395020 0.000000
vt 0.505615 0.505615 0.000000
vt 0.485107 0.395020 0.000000
vt 0.480469 0.506348 0.000000
vt 0.506104 0.395020 0.000000
vt 0.506104 0.382080 0.000000
vt 0.485596 0.382080 0.000000
vt 0.506104 0.395020 0.000000
vt 0.485596 0.382080 0.000000
vt 0.485107 0.395020 0.000000
vt 0.416748 0.709961 0.000000
vt 0.295166 0.708984 0.000000
vt 0.295166 0.615479 0.000000
vt 0.416748 0.709961 0.000000
vt 0.295166 0.615479 0.000000
vt 0.416748 0.591553 0.000000
vt 0.295166 0.615479 0.000000
vt 0.295166 0.708984 0.000000
vt 0.416748 0.709961 0.000000
vt 0.295166 0.615479 0.000000
vt 0.416748 0.709961 0.000000
vt 0.416748 0.591553 0.000000
vt 0.553467 0.010254 0.000000
vt 0.551758 0.021484 0.000000
vt 0.530518 0.019043 0.000000
vt 0.553467 0.010254 0.000000
vt 0.530518 0.019043 0.000000
vt 0.528076 0.006836 0.000000
vt 0.557129 0.041992 0.000000
vt 0.529053 0.009033 0.000000
vt 0.516602 0.053467 0.000000
vt 0.519287 0.056885 0.000000
vt 0.530518 0.019043 0.000000
vt 0.551758 0.021484 0.000000
vt 0.514893 0.054688 0.000000
vt 0.528076 0.006836 0.000000
vt 0.530518 0.019043 0.000000
vt 0.514893 0.054688 0.000000
vt 0.530518 0.019043 0.000000
vt 0.519287 0.056885 0.000000
vt 0.560059 0.076904 0.000000
vt 0.557129 0.041992 0.000000
vt 0.516602 0.053467 0.000000
vt 0.560059 0.076904 0.000000
vt 0.516602 0.053467 0.000000
vt 0.529297 0.077148 0.000000
vt 0.557617 0.076416 0.000000
vt 0.555420 0.047119 0.000000
vt 0.557861 0.042480 0.000000
vt 0.557617 0.076416 0.000000
vt 0.557861 0.042480 0.000000
vt 0.560791 0.080078 0.000000
vt 0.530029 0.076172 0.000000
vt 0.519287 0.056885 0.000000
vt 0.555420 0.047119 0.000000
vt 0.530029 0.076172 0.000000
vt 0.555420 0.047119 0.000000
vt 0.557617 0.076416 0.000000
vt 0.528564 0.080322 0.000000
vt 0.514893 0.054688 0.000000
vt 0.519287 0.056885 0.000000
vt 0.528564 0.080322 0.000000
vt 0.519287 0.056885 0.000000
vt 0.530029 0.076172 0.000000
vt 0.530029 0.076172 0.000000
vt 0.557617 0.076416 0.000000
vt 0.560791 0.080078 0.000000
vt 0.530029 0.076172 0.000000
vt 0.560791 0.080078 0.000000
vt 0.528564 0.080322 0.000000
vt 0.380615 0.681152 0.000000
vt 0.325439 0.681152 0.000000
vt 0.325195 0.680420 0.000000
vt 0.380615 0.681152 0.000000
vt 0.325195 0.680420 0.000000
vt 0.380859 0.680420 0.000000
vt 0.384277 0.677979 0.000000
vt 0.380859 0.680420 0.000000
vt 0.384521 0.677246 0.000000
vt 0.325439 0.681152 0.000000
vt 0.322266 0.677246 0.000000
vt 0.325195 0.680420 0.000000
vt 0.322754 0.677979 0.000000
vt 0.322266 0.642090 0.000000
vt 0.322266 0.677246 0.000000
vt 0.384277 0.632812 0.000000
vt 0.384277 0.677979 0.000000
vt 0.384521 0.677246 0.000000
vt 0.923340 0.108643 0.000000
vt 0.935791 0.139404 0.000000
vt 0.935791 0.139404 0.000000
vt 0.923340 0.108643 0.000000
vt 0.935791 0.139404 0.000000
vt 0.923340 0.108643 0.000000
vt 0.847900 0.138916 0.000000
vt 0.930664 0.139160 0.000000
vt 0.918213 0.107910 0.000000
vt 0.847900 0.138916 0.000000
vt 0.918213 0.107910 0.000000
vt 0.848145 0.107666 0.000000
vt 0.930664 0.137451 0.000000
vt 0.930664 0.137451 0.000000
vt 0.847900 0.137207 0.000000
vt 0.930664 0.137451 0.000000
vt 0.847900 0.137207 0.000000
vt 0.847900 0.137207 0.000000
vt 0.848145 0.105225 0.000000
vt 0.848145 0.105225 0.000000
vt 0.918213 0.105225 0.000000
vt 0.848145 0.105225 0.000000
vt 0.918213 0.105225 0.000000
vt 0.918213 0.105225 0.000000
vt 0.918213 0.107910 0.000000
vt 0.930664 0.139160 0.000000
vt 0.847900 0.138916 0.000000
vt 0.918213 0.107910 0.000000
vt 0.847900 0.138916 0.000000
vt 0.848145 0.107666 0.000000
vt 0.883057 0.092529 0.000000
vt 0.882568 0.079834 0.000000
vt 0.897217 0.079834 0.000000
vt 0.882568 0.061279 0.000000
vt 0.882568 0.062744 0.000000
vt 0.898438 0.064453 0.000000
vt 0.883301 0.079590 0.000000
vt 0.900146 0.094727 0.000000
vt 0.899414 0.079590 0.000000
vt 0.882080 0.065430 0.000000
vt 0.882568 0.061279 0.000000
vt 0.898438 0.062988 0.000000
vt 0.882080 0.065430 0.000000
vt 0.898438 0.062988 0.000000
vt 0.896729 0.066895 0.000000
vt 0.884033 0.098145 0.000000
vt 0.897705 0.092773 0.000000
vt 0.900391 0.096436 0.000000
vt 0.874023 0.090576 0.000000
vt 0.873535 0.070312 0.000000
vt 0.882568 0.079834 0.000000
vt 0.874023 0.090576 0.000000
vt 0.882568 0.079834 0.000000
vt 0.883057 0.092529 0.000000
vt 0.872314 0.041016 0.000000
vt 0.882568 0.062744 0.000000
vt 0.882568 0.061279 0.000000
vt 0.872803 0.047607 0.000000
vt 0.872314 0.041016 0.000000
vt 0.882568 0.061279 0.000000
vt 0.872803 0.047607 0.000000
vt 0.882568 0.061279 0.000000
vt 0.882080 0.065430 0.000000
vt 0.874268 0.099609 0.000000
vt 0.874268 0.093262 0.000000
vt 0.883057 0.094238 0.000000
vt 0.835693 0.053711 0.000000
vt 0.850098 0.070557 0.000000
vt 0.849854 0.053711 0.000000
vt 0.835449 0.051514 0.000000
vt 0.849854 0.053711 0.000000
vt 0.849854 0.051514 0.000000
vt 0.837402 0.070557 0.000000
vt 0.839355 0.087402 0.000000
vt 0.850342 0.087402 0.000000
vt 0.837402 0.070557 0.000000
vt 0.850342 0.087402 0.000000
vt 0.850098 0.070557 0.000000
vt 0.839355 0.087402 0.000000
vt 0.850586 0.089844 0.000000
vt 0.850342 0.087402 0.000000
vt 0.826904 0.048340 0.000000
vt 0.847656 0.045898 0.000000
vt 0.847656 0.048340 0.000000
vt 0.830811 0.093018 0.000000
vt 0.828857 0.070557 0.000000
vt 0.847656 0.070557 0.000000
vt 0.830811 0.093018 0.000000
vt 0.847656 0.070557 0.000000
vt 0.847656 0.093018 0.000000
vt 0.831055 0.094238 0.000000
vt 0.847656 0.093018 0.000000
vt 0.847656 0.094238 0.000000
vt 0.826660 0.045898 0.000000
vt 0.835449 0.051514 0.000000
vt 0.849854 0.051514 0.000000
vt 0.826660 0.045898 0.000000
vt 0.849854 0.051514 0.000000
vt 0.847656 0.045898 0.000000
vt 0.837402 0.089844 0.000000
vt 0.831055 0.094238 0.000000
vt 0.847656 0.094238 0.000000
vt 0.837402 0.089844 0.000000
vt 0.847656 0.094238 0.000000
vt 0.850586 0.089844 0.000000
vt 0.837891 0.096924 0.000000
vt 0.835205 0.070312 0.000000
vt 0.828857 0.070312 0.000000
vt 0.872314 0.041016 0.000000
vt 0.872803 0.047607 0.000000
vt 0.840820 0.047607 0.000000
vt 0.872314 0.041016 0.000000
vt 0.840820 0.047607 0.000000
vt 0.832520 0.041016 0.000000
vt 0.873291 0.070312 0.000000
vt 0.872559 0.043701 0.000000
vt 0.832764 0.043701 0.000000
vt 0.901367 0.091553 0.000000
vt 0.900879 0.080078 0.000000
vt 0.902588 0.080078 0.000000
vt 0.901367 0.091553 0.000000
vt 0.902588 0.080078 0.000000
vt 0.903564 0.094727 0.000000
vt 0.845703 0.090576 0.000000
vt 0.843262 0.070312 0.000000
vt 0.873535 0.070312 0.000000
vt 0.845703 0.090576 0.000000
vt 0.873535 0.070312 0.000000
vt 0.874023 0.090576 0.000000
vt 0.845947 0.093262 0.000000
vt 0.874268 0.093262 0.000000
vt 0.874268 0.099609 0.000000
vt 0.845947 0.093262 0.000000
vt 0.874268 0.099609 0.000000
vt 0.838135 0.099609 0.000000
vt 0.698242 0.052246 0.000000
vt 0.683594 0.059814 0.000000
vt 0.682617 0.059326 0.000000
vt 0.698242 0.052246 0.000000
vt 0.682617 0.059326 0.000000
vt 0.697754 0.052002 0.000000
vt 0.899170 0.145020 0.000000
vt 0.921875 0.037842 0.000000
vt 0.938965 0.036621 0.000000
vt 0.854980 0.074707 0.000000
vt 0.895508 0.033691 0.000000
vt 0.895264 0.034180 0.000000
vt 0.895264 0.034180 0.000000
vt 0.895508 0.033691 0.000000
vt 0.918701 0.032959 0.000000
vt 0.918701 0.032959 0.000000
vt 0.895508 0.033691 0.000000
vt 0.918701 0.032959 0.000000
vt 0.938965 0.036621 0.000000
vt 0.923828 0.145264 0.000000
vt 0.899170 0.145020 0.000000
vt 0.814209 0.077637 0.000000
vt 0.795898 0.084961 0.000000
vt 0.683594 0.059814 0.000000
vt 0.814209 0.077637 0.000000
vt 0.683594 0.059814 0.000000
vt 0.698242 0.052246 0.000000
vt 0.691895 0.091797 0.000000
vt 0.689453 0.093262 0.000000
vt 0.687500 0.089844 0.000000
vt 0.691895 0.091797 0.000000
vt 0.687500 0.089844 0.000000
vt 0.681152 0.087158 0.000000
vt 0.855957 0.070068 0.000000
vt 0.795898 0.084961 0.000000
vt 0.814209 0.077637 0.000000
vt 0.963867 0.051270 0.000000
vt 0.974609 0.071045 0.000000
vt 0.931396 0.070312 0.000000
vt 0.963867 0.051270 0.000000
vt 0.931396 0.070312 0.000000
vt 0.931396 0.051270 0.000000
vt 0.555176 0.040283 0.000000
vt 0.519287 0.046387 0.000000
vt 0.528076 0.017822 0.000000
vt 0.854980 0.074707 0.000000
vt 0.893555 0.039551 0.000000
vt 0.812500 0.112061 0.000000
vt 0.530518 0.019043 0.000000
vt 0.551758 0.021484 0.000000
vt 0.553467 0.010254 0.000000
vt 0.530518 0.019043 0.000000
vt 0.553467 0.010254 0.000000
vt 0.528076 0.006836 0.000000
vt 0.529053 0.009033 0.000000
vt 0.557129 0.041992 0.000000
vt 0.516602 0.053467 0.000000
vt 0.551758 0.021484 0.000000
vt 0.530518 0.019043 0.000000
vt 0.519287 0.056885 0.000000
vt 0.530518 0.019043 0.000000
vt 0.528076 0.006836 0.000000
vt 0.514893 0.054688 0.000000
vt 0.530518 0.019043 0.000000
vt 0.514893 0.054688 0.000000
vt 0.519287 0.056885 0.000000
vt 0.516602 0.053467 0.000000
vt 0.557129 0.041992 0.000000
vt 0.560059 0.076904 0.000000
vt 0.516602 0.053467 0.000000
vt 0.560059 0.076904 0.000000
vt 0.529297 0.077148 0.000000
vt 0.557861 0.042480 0.000000
vt 0.555420 0.047119 0.000000
vt 0.557617 0.076416 0.000000
vt 0.557861 0.042480 0.000000
vt 0.557617 0.076416 0.000000
vt 0.560791 0.080078 0.000000
vt 0.555420 0.047119 0.000000
vt 0.519287 0.056885 0.000000
vt 0.530029 0.076172 0.000000
vt 0.555420 0.047119 0.000000
vt 0.530029 0.076172 0.000000
vt 0.557617 0.076416 0.000000
vt 0.519287 0.056885 0.000000
vt 0.514893 0.054688 0.000000
vt 0.528564 0.080322 0.000000
vt 0.519287 0.056885 0.000000
vt 0.528564 0.080322 0.000000
vt 0.530029 0.076172 0.000000
vt 0.560791 0.080078 0.000000
vt 0.557617 0.076416 0.000000
vt 0.530029 0.076172 0.000000
vt 0.560791 0.080078 0.000000
vt 0.530029 0.076172 0.000000
vt 0.528564 0.080322 0.000000
vt 0.325195 0.680420 0.000000
vt 0.325439 0.681152 0.000000
vt 0.380615 0.681152 0.000000
vt 0.325195 0.680420 0.000000
vt 0.380615 0.681152 0.000000
vt 0.380859 0.680420 0.000000
vt 0.380859 0.680420 0.000000
vt 0.384277 0.677979 0.000000
vt 0.384521 0.677246 0.000000
vt 0.322266 0.677246 0.000000
vt 0.325439 0.681152 0.000000
vt 0.325195 0.680420 0.000000
vt 0.322266 0.642090 0.000000
vt 0.322754 0.677979 0.000000
vt 0.322266 0.677246 0.000000
vt 0.384521 0.677246 0.000000
vt 0.384277 0.677979 0.000000
vt 0.384277 0.632812 0.000000
vt 0.935791 0.139404 0.000000
vt 0.935791 0.139404 0.000000
vt 0.923340 0.108643 0.000000
vt 0.935791 0.139404 0.000000
vt 0.923340 0.108643 0.000000
vt 0.923340 0.108643 0.000000
vt 0.918213 0.107910 0.000000
vt 0.930664 0.139160 0.000000
vt 0.847900 0.138916 0.000000
vt 0.918213 0.107910 0.000000
vt 0.847900 0.138916 0.000000
vt 0.848145 0.107666 0.000000
vt 0.847900 0.137207 0.000000
vt 0.930664 0.137451 0.000000
vt 0.930664 0.137451 0.000000
vt 0.847900 0.137207 0.000000
vt 0.930664 0.137451 0.000000
vt 0.847900 0.137207 0.000000
vt 0.918213 0.105225 0.000000
vt 0.848145 0.105225 0.000000
vt 0.848145 0.105225 0.000000
vt 0.918213 0.105225 0.000000
vt 0.848145 0.105225 0.000000
vt 0.918213 0.105225 0.000000
vt 0.847900 0.138916 0.000000
vt 0.930664 0.139160 0.000000
vt 0.918213 0.107910 0.000000
vt 0.847900 0.138916 0.000000
vt 0.918213 0.107910 0.000000
vt 0.848145 0.107666 0.000000
vt 0.837891 0.096924 0.000000
vt 0.874268 0.099609 0.000000
vt 0.838135 0.099609 0.000000
vt 0.903564 0.094727 0.000000
vt 0.900391 0.096436 0.000000
vt 0.900146 0.094727 0.000000
vt 0.901367 0.091553 0.000000
vt 0.900391 0.096436 0.000000
vt 0.903564 0.094727 0.000000
vt 0.897217 0.079834 0.000000
vt 0.882568 0.079834 0.000000
vt 0.883057 0.092529 0.000000
vt 0.899414 0.079590 0.000000
vt 0.882568 0.062744 0.000000
vt 0.898438 0.064453 0.000000
vt 0.898438 0.064453 0.000000
vt 0.882568 0.062744 0.000000
vt 0.882568 0.061279 0.000000
vt 0.900391 0.096436 0.000000
vt 0.884033 0.096436 0.000000
vt 0.900146 0.094727 0.000000
vt 0.898438 0.062988 0.000000
vt 0.882568 0.061279 0.000000
vt 0.882080 0.065430 0.000000
vt 0.898438 0.062988 0.000000
vt 0.882080 0.065430 0.000000
vt 0.896729 0.066895 0.000000
vt 0.882568 0.079834 0.000000
vt 0.873535 0.070312 0.000000
vt 0.874023 0.090576 0.000000
vt 0.882568 0.079834 0.000000
vt 0.874023 0.090576 0.000000
vt 0.883057 0.092529 0.000000
vt 0.882568 0.062744 0.000000
vt 0.872314 0.041016 0.000000
vt 0.882568 0.061279 0.000000
vt 0.882568 0.061279 0.000000
vt 0.872314 0.041016 0.000000
vt 0.872803 0.047607 0.000000
vt 0.882568 0.061279 0.000000
vt 0.872803 0.047607 0.000000
vt 0.882080 0.065430 0.000000
vt 0.883057 0.094238 0.000000
vt 0.874268 0.093262 0.000000
vt 0.874268 0.099609 0.000000
vt 0.850098 0.070557 0.000000
vt 0.835693 0.053711 0.000000
vt 0.849854 0.053711 0.000000
vt 0.849854 0.053711 0.000000
vt 0.835449 0.051514 0.000000
vt 0.849854 0.051514 0.000000
vt 0.850342 0.087402 0.000000
vt 0.839355 0.087402 0.000000
vt 0.837402 0.070557 0.000000
vt 0.850342 0.087402 0.000000
vt 0.837402 0.070557 0.000000
vt 0.850098 0.070557 0.000000
vt 0.850586 0.089844 0.000000
vt 0.839355 0.087402 0.000000
vt 0.850342 0.087402 0.000000
vt 0.847656 0.045898 0.000000
vt 0.826904 0.048340 0.000000
vt 0.847656 0.048340 0.000000
vt 0.847656 0.070557 0.000000
vt 0.828857 0.070557 0.000000
vt 0.830811 0.093018 0.000000
vt 0.847656 0.070557 0.000000
vt 0.830811 0.093018 0.000000
vt 0.847656 0.093018 0.000000
vt 0.847656 0.093018 0.000000
vt 0.831055 0.094238 0.000000
vt 0.847656 0.094238 0.000000
vt 0.849854 0.051514 0.000000
vt 0.835449 0.051514 0.000000
vt 0.826660 0.045898 0.000000
vt 0.849854 0.051514 0.000000
vt 0.826660 0.045898 0.000000
vt 0.847656 0.045898 0.000000
vt 0.847656 0.094238 0.000000
vt 0.831055 0.094238 0.000000
vt 0.837402 0.089844 0.000000
vt 0.847656 0.094238 0.000000
vt 0.837402 0.089844 0.000000
vt 0.850586 0.089844 0.000000
vt 0.828857 0.070312 0.000000
vt 0.837891 0.096924 0.000000
vt 0.831055 0.095215 0.000000
vt 0.902588 0.079834 0.000000
vt 0.902588 0.080078 0.000000
vt 0.903564 0.094727 0.000000
vt 0.840820 0.047607 0.000000
vt 0.872803 0.047607 0.000000
vt 0.872314 0.041016 0.000000
vt 0.840820 0.047607 0.000000
vt 0.872314 0.041016 0.000000
vt 0.832520 0.041016 0.000000
vt 0.832764 0.043701 0.000000
vt 0.872559 0.043701 0.000000
vt 0.873291 0.070312 0.000000
vt 0.902588 0.080078 0.000000
vt 0.900879 0.080078 0.000000
vt 0.901367 0.091553 0.000000
vt 0.902588 0.080078 0.000000
vt 0.901367 0.091553 0.000000
vt 0.903564 0.094727 0.000000
vt 0.873535 0.070312 0.000000
vt 0.843262 0.070312 0.000000
vt 0.845703 0.090576 0.000000
vt 0.873535 0.070312 0.000000
vt 0.845703 0.090576 0.000000
vt 0.874023 0.090576 0.000000
vt 0.874268 0.099609 0.000000
vt 0.874268 0.093262 0.000000
vt 0.845947 0.093262 0.000000
vt 0.874268 0.099609 0.000000
vt 0.845947 0.093262 0.000000
vt 0.838135 0.099609 0.000000
vt 0.682617 0.059326 0.000000
vt 0.698242 0.052246 0.000000
vt 0.697754 0.052002 0.000000
vt 0.814209 0.077637 0.000000
vt 0.703857 0.053467 0.000000
vt 0.704102 0.053223 0.000000
vt 0.814209 0.077637 0.000000
vt 0.697754 0.052002 0.000000
vt 0.698242 0.052246 0.000000
vt 0.895508 0.033691 0.000000
vt 0.854980 0.074707 0.000000
vt 0.895264 0.034180 0.000000
vt 0.895508 0.033691 0.000000
vt 0.895264 0.034180 0.000000
vt 0.918701 0.032959 0.000000
vt 0.895508 0.033691 0.000000
vt 0.895508 0.033691 0.000000
vt 0.918701 0.032959 0.000000
vt 0.895508 0.033691 0.000000
vt 0.918701 0.032959 0.000000
vt 0.918701 0.032959 0.000000
vt 0.651367 0.550293 0.000000
vt 0.685303 0.550293 0.000000
vt 0.684570 0.525391 0.000000
vt 0.651367 0.550293 0.000000
vt 0.684570 0.525391 0.000000
vt 0.651367 0.525391 0.000000
vt 0.899170 0.145020 0.000000
vt 0.923828 0.145264 0.000000
vt 0.938965 0.036621 0.000000
vt 0.899170 0.145020 0.000000
vt 0.938965 0.036621 0.000000
vt 0.938965 0.036621 0.000000
vt 0.684570 0.525391 0.000000
vt 0.678955 0.471680 0.000000
vt 0.651367 0.471680 0.000000
vt 0.684570 0.525391 0.000000
vt 0.651367 0.471680 0.000000
vt 0.651367 0.525391 0.000000
vt 0.683594 0.059814 0.000000
vt 0.795898 0.084961 0.000000
vt 0.814209 0.077637 0.000000
vt 0.687500 0.089844 0.000000
vt 0.689453 0.093262 0.000000
vt 0.691895 0.091797 0.000000
vt 0.687500 0.089844 0.000000
vt 0.691895 0.091797 0.000000
vt 0.681152 0.087158 0.000000
vt 0.795898 0.084961 0.000000
vt 0.855957 0.070068 0.000000
vt 0.814209 0.077637 0.000000
vt 0.691895 0.091797 0.000000
vt 0.689453 0.093262 0.000000
vt 0.689453 0.093262 0.000000
vt 0.691895 0.091797 0.000000
vt 0.689453 0.093262 0.000000
vt 0.687988 0.093994 0.000000
vt 0.687500 0.089844 0.000000
vt 0.687500 0.089844 0.000000
vt 0.681152 0.087158 0.000000
vt 0.687500 0.089844 0.000000
vt 0.681152 0.087158 0.000000
vt 0.681152 0.087158 0.000000
vt 0.677734 0.113525 0.000000
vt 0.812500 0.112061 0.000000
vt 0.684570 0.084229 0.000000
vt 0.931396 0.051270 0.000000
vt 0.963867 0.051270 0.000000
vt 0.963867 0.051270 0.000000
vt 0.931396 0.051270 0.000000
vt 0.963867 0.051270 0.000000
vt 0.931396 0.051270 0.000000
vt 0.958252 0.112061 0.000000
vt 0.958252 0.112061 0.000000
vt 0.931396 0.112061 0.000000
vt 0.958252 0.112061 0.000000
vt 0.974609 0.098877 0.000000
vt 0.974609 0.098877 0.000000
vt 0.974609 0.071045 0.000000
vt 0.974609 0.071045 0.000000
vt 0.963867 0.051270 0.000000
vt 0.974609 0.071045 0.000000
vt 0.963867 0.051270 0.000000
vt 0.963867 0.051270 0.000000
vt 0.931396 0.070312 0.000000
vt 0.931396 0.070312 0.000000
vt 0.931396 0.051270 0.000000
vt 0.931396 0.070312 0.000000
vt 0.931396 0.051270 0.000000
vt 0.931396 0.051270 0.000000
vt 0.931396 0.070312 0.000000
vt 0.974609 0.071045 0.000000
vt 0.963867 0.051270 0.000000
vt 0.931396 0.070312 0.000000
vt 0.963867 0.051270 0.000000
vt 0.931396 0.051270 0.000000
vt 0.519287 0.046387 0.000000
vt 0.555176 0.040283 0.000000
vt 0.528076 0.017822 0.000000
vt 0.893555 0.039551 0.000000
vt 0.854980 0.074707 0.000000
vt 0.812500 0.112061 0.000000
vt 0.864746 0.157227 0.000000
vt 0.812500 0.112061 0.000000
vt 0.899170 0.145020 0.000000
vt 0.899170 0.145020 0.000000
vt 0.812500 0.112061 0.000000
vt 0.893555 0.039551 0.000000
vt 0.899170 0.145020 0.000000
vt 0.893555 0.039551 0.000000
vt 0.921875 0.037842 0.000000
vt 0.864746 0.157227 0.000000
vt 0.857910 0.186035 0.000000
vt 0.792725 0.192383 0.000000
vt 0.864746 0.157227 0.000000
vt 0.792725 0.192383 0.000000
vt 0.812500 0.112061 0.000000
vt 0.812500 0.112061 0.000000
vt 0.677734 0.113525 0.000000
vt 0.684570 0.084229 0.000000
vt 0.792725 0.192383 0.000000
vt 0.677734 0.113525 0.000000
vt 0.812500 0.112061 0.000000
vt 0.812500 0.112061 0.000000
vt 0.864746 0.157227 0.000000
vt 0.899170 0.145020 0.000000
vt 0.893555 0.039551 0.000000
vt 0.812500 0.112061 0.000000
vt 0.899170 0.145020 0.000000
vt 0.893555 0.039551 0.000000
vt 0.899170 0.145020 0.000000
vt 0.921875 0.037842 0.000000
vt 0.792725 0.192383 0.000000
vt 0.857910 0.186035 0.000000
vt 0.864746 0.157227 0.000000
vt 0.792725 0.192383 0.000000
vt 0.864746 0.157227 0.000000
vt 0.812500 0.112061 0.000000
vt 0.677734 0.113525 0.000000
vt 0.792725 0.192383 0.000000
vt 0.812500 0.112061 0.000000
vt 0.677734 0.113525 0.000000
vt 0.691895 0.091797 0.000000
vt 0.681152 0.087158 0.000000
vt 0.677734 0.113525 0.000000
vt 0.681152 0.087158 0.000000
vt 0.684570 0.084229 0.000000
vt 0.684570 0.084229 0.000000
vt 0.681152 0.087158 0.000000
vt 0.684082 0.083984 0.000000
vt 0.651367 0.471680 0.000000
vt 0.678955 0.471680 0.000000
vt 0.673096 0.470703 0.000000
vt 0.651367 0.471680 0.000000
vt 0.673096 0.470703 0.000000
vt 0.651367 0.470703 0.000000
vt 0.681152 0.087158 0.000000
vt 0.691895 0.091797 0.000000
vt 0.677734 0.113525 0.000000
vt 0.681152 0.087158 0.000000
vt 0.677734 0.113525 0.000000
vt 0.684570 0.084229 0.000000
vt 0.681152 0.087158 0.000000
vt 0.681152 0.087158 0.000000
vt 0.684570 0.084229 0.000000
vt 0.681152 0.087158 0.000000
vt 0.684570 0.084229 0.000000
vt 0.684082 0.083984 0.000000
vt 0.726318 0.444580 0.000000
vt 0.726562 0.377441 0.000000
vt 0.753662 0.377441 0.000000
vt 0.726318 0.444580 0.000000
vt 0.753662 0.377441 0.000000
vt 0.753662 0.444580 0.000000
vt 0.674316 0.071777 0.000000
vt 0.680908 0.079102 0.000000
vt 0.680420 0.078857 0.000000
vt 0.674316 0.071777 0.000000
vt 0.680420 0.078857 0.000000
vt 0.673340 0.071045 0.000000
vt 0.785156 0.101074 0.000000
vt 0.807861 0.109863 0.000000
vt 0.680908 0.079102 0.000000
vt 0.785156 0.101074 0.000000
vt 0.680908 0.079102 0.000000
vt 0.674316 0.071777 0.000000
vt 0.680420 0.078857 0.000000
vt 0.680908 0.079102 0.000000
vt 0.674316 0.071777 0.000000
vt 0.680420 0.078857 0.000000
vt 0.674316 0.071777 0.000000
vt 0.673340 0.071045 0.000000
vt 0.680908 0.079102 0.000000
vt 0.807861 0.109863 0.000000
vt 0.785156 0.101074 0.000000
vt 0.680908 0.079102 0.000000
vt 0.785156 0.101074 0.000000
vt 0.674316 0.071777 0.000000
vt 0.677734 0.057861 0.000000
vt 0.674316 0.071777 0.000000
vt 0.673340 0.071045 0.000000
vt 0.677734 0.057861 0.000000
vt 0.673340 0.071045 0.000000
vt 0.676758 0.057129 0.000000
vt 0.790039 0.083008 0.000000
vt 0.785156 0.101074 0.000000
vt 0.674316 0.071777 0.000000
vt 0.790039 0.083008 0.000000
vt 0.674316 0.071777 0.000000
vt 0.677734 0.057861 0.000000
vt 0.807861 0.109863 0.000000
vt 0.785156 0.101074 0.000000
vt 0.790039 0.083008 0.000000
vt 0.807861 0.109863 0.000000
vt 0.790039 0.083008 0.000000
vt 0.850098 0.068115 0.000000
vt 0.673340 0.071045 0.000000
vt 0.674316 0.071777 0.000000
vt 0.677734 0.057861 0.000000
vt 0.673340 0.071045 0.000000
vt 0.677734 0.057861 0.000000
vt 0.676758 0.057129 0.000000
vt 0.674316 0.071777 0.000000
vt 0.785156 0.101074 0.000000
vt 0.790039 0.083008 0.000000
vt 0.674316 0.071777 0.000000
vt 0.790039 0.083008 0.000000
vt 0.677734 0.057861 0.000000
vt 0.790039 0.083008 0.000000
vt 0.785156 0.101074 0.000000
vt 0.807861 0.109863 0.000000
vt 0.790039 0.083008 0.000000
vt 0.807861 0.109863 0.000000
vt 0.850098 0.068115 0.000000
vt 0.771484 0.038818 0.000000
vt 0.814209 0.077637 0.000000
vt 0.703857 0.053467 0.000000
vt 0.704102 0.053223 0.000000
vt 0.745850 0.031250 0.000000
vt 0.703857 0.053467 0.000000
vt 0.777344 0.019531 0.000000
vt 0.828369 0.043945 0.000000
vt 0.814209 0.077637 0.000000
vt 0.777344 0.019531 0.000000
vt 0.814209 0.077637 0.000000
vt 0.771484 0.038818 0.000000
vt 0.828369 0.043945 0.000000
vt 0.777344 0.019531 0.000000
vt 0.828369 0.043945 0.000000
vt 0.755371 0.015625 0.000000
vt 0.745850 0.031250 0.000000
vt 0.745850 0.031250 0.000000
vt 0.814209 0.077637 0.000000
vt 0.771484 0.038818 0.000000
vt 0.703857 0.053467 0.000000
vt 0.745850 0.031250 0.000000
vt 0.745850 0.031250 0.000000
vt 0.704102 0.053223 0.000000
vt 0.745850 0.031250 0.000000
vt 0.704102 0.053223 0.000000
vt 0.703857 0.053467 0.000000
vt 0.814209 0.077637 0.000000
vt 0.828369 0.043945 0.000000
vt 0.777344 0.019531 0.000000
vt 0.814209 0.077637 0.000000
vt 0.777344 0.019531 0.000000
vt 0.771484 0.038818 0.000000
vt 0.490234 0.683350 0.000000
vt 0.532959 0.683350 0.000000
vt 0.530518 0.688721 0.000000
vt 0.490234 0.683350 0.000000
vt 0.530518 0.688721 0.000000
vt 0.492188 0.688721 0.000000
vt 0.532959 0.683350 0.000000
vt 0.490234 0.683350 0.000000
vt 0.490234 0.613037 0.000000
vt 0.532959 0.683350 0.000000
vt 0.490234 0.613037 0.000000
vt 0.532959 0.613037 0.000000
vt 0.499268 0.914307 0.000000
vt 0.499268 0.868896 0.000000
vt 0.503662 0.914307 0.000000
vt 0.503418 0.965820 0.000000
vt 0.499268 0.914307 0.000000
vt 0.503662 0.914307 0.000000
vt 0.503418 0.965820 0.000000
vt 0.503662 0.914307 0.000000
vt 0.507324 0.959473 0.000000
vt 0.472900 0.914307 0.000000
vt 0.482910 0.977539 0.000000
vt 0.471436 0.974365 0.000000
vt 0.472900 0.914307 0.000000
vt 0.471436 0.974365 0.000000
vt 0.463379 0.914307 0.000000
vt 0.482910 0.977539 0.000000
vt 0.472900 0.914307 0.000000
vt 0.499268 0.914307 0.000000
vt 0.482910 0.977539 0.000000
vt 0.499268 0.914307 0.000000
vt 0.503418 0.965820 0.000000
vt 0.530518 0.688721 0.000000
vt 0.532959 0.683350 0.000000
vt 0.490234 0.683350 0.000000
vt 0.530518 0.688721 0.000000
vt 0.490234 0.683350 0.000000
vt 0.492188 0.688721 0.000000
vt 0.490234 0.613037 0.000000
vt 0.490234 0.683350 0.000000
vt 0.532959 0.683350 0.000000
vt 0.490234 0.613037 0.000000
vt 0.532959 0.683350 0.000000
vt 0.532959 0.613037 0.000000
vt 0.499268 0.868896 0.000000
vt 0.499268 0.914307 0.000000
vt 0.503662 0.914307 0.000000
vt 0.503662 0.914307 0.000000
vt 0.499268 0.914307 0.000000
vt 0.503418 0.965820 0.000000
vt 0.503662 0.914307 0.000000
vt 0.503418 0.965820 0.000000
vt 0.507324 0.959473 0.000000
vt 0.471436 0.974365 0.000000
vt 0.482910 0.977539 0.000000
vt 0.472900 0.914307 0.000000
vt 0.494873 0.863037 0.000000
vt 0.463379 0.848145 0.000000
vt 0.472900 0.914307 0.000000
vt 0.499268 0.914307 0.000000
vt 0.472900 0.914307 0.000000
vt 0.482910 0.977539 0.000000
vt 0.499268 0.914307 0.000000
vt 0.482910 0.977539 0.000000
vt 0.503418 0.965820 0.000000
vt 0.887695 0.003662 0.000000
vt 0.855957 0.003662 0.000000
vt 0.828369 0.005615 0.000000
vt 0.887695 0.035156 0.000000
vt 0.855957 0.070068 0.000000
vt 0.855957 0.003662 0.000000
vt 0.887695 0.003662 0.000000
vt 0.887695 0.035156 0.000000
vt 0.855957 0.003662 0.000000
vt 0.855957 0.070068 0.000000
vt 0.828369 0.043945 0.000000
vt 0.828369 0.005615 0.000000
vt 0.855957 0.070068 0.000000
vt 0.828369 0.005615 0.000000
vt 0.855957 0.003662 0.000000
vt 0.855957 0.003662 0.000000
vt 0.887695 0.003662 0.000000
vt 0.828369 0.005615 0.000000
vt 0.855957 0.070068 0.000000
vt 0.887695 0.035156 0.000000
vt 0.855957 0.003662 0.000000
vt 0.887695 0.035156 0.000000
vt 0.887695 0.003662 0.000000
vt 0.855957 0.003662 0.000000
vt 0.828369 0.005615 0.000000
vt 0.828369 0.043945 0.000000
vt 0.855957 0.070068 0.000000
vt 0.828369 0.005615 0.000000
vt 0.855957 0.070068 0.000000
vt 0.855957 0.003662 0.000000
vt 0.887695 0.035156 0.000000
vt 0.887695 0.035156 0.000000
vt 0.887695 0.003662 0.000000
vt 0.887695 0.035156 0.000000
vt 0.887695 0.003662 0.000000
vt 0.887695 0.003662 0.000000
vt 0.887695 0.003662 0.000000
vt 0.887695 0.003662 0.000000
vt 0.828369 0.005615 0.000000
vt 0.887695 0.003662 0.000000
vt 0.828369 0.005615 0.000000
vt 0.828369 0.005615 0.000000
vt 0.828369 0.005615 0.000000
vt 0.828369 0.005615 0.000000
vt 0.828369 0.043945 0.000000
vt 0.828369 0.005615 0.000000
vt 0.828369 0.043945 0.000000
vt 0.828369 0.043945 0.000000
vt 0.857910 0.186035 0.000000
vt 0.864746 0.157227 0.000000
vt 0.974121 0.252686 0.000000
vt 0.899170 0.145020 0.000000
vt 0.977051 0.250000 0.000000
vt 0.974121 0.252686 0.000000
vt 0.899170 0.145020 0.000000
vt 0.974121 0.252686 0.000000
vt 0.864746 0.157227 0.000000
vt 0.651611 0.581299 0.000000
vt 0.658936 0.614746 0.000000
vt 0.714600 0.566895 0.000000
vt 0.685303 0.550293 0.000000
vt 0.659424 0.613281 0.000000
vt 0.651367 0.613281 0.000000
vt 0.946777 0.221191 0.000000
vt 0.944580 0.223389 0.000000
vt 0.944580 0.223389 0.000000
vt 0.864746 0.157227 0.000000
vt 0.857910 0.186035 0.000000
vt 0.974121 0.252686 0.000000
vt 0.974121 0.252686 0.000000
vt 0.977051 0.250000 0.000000
vt 0.899170 0.145020 0.000000
vt 0.974121 0.252686 0.000000
vt 0.899170 0.145020 0.000000
vt 0.864746 0.157227 0.000000
vt 0.658936 0.614746 0.000000
vt 0.651611 0.614746 0.000000
vt 0.651611 0.581299 0.000000
vt 0.658936 0.614746 0.000000
vt 0.651611 0.581299 0.000000
vt 0.714600 0.566895 0.000000
vt 0.651367 0.613281 0.000000
vt 0.659424 0.613281 0.000000
vt 0.685303 0.550293 0.000000
vt 0.651367 0.613281 0.000000
vt 0.685303 0.550293 0.000000
vt 0.651367 0.550293 0.000000
vt 0.944580 0.223389 0.000000
vt 0.946777 0.221191 0.000000
vt 0.946777 0.221191 0.000000
vt 0.944580 0.223389 0.000000
vt 0.946777 0.221191 0.000000
vt 0.944580 0.223389 0.000000
vn -0.968262 0.249268 0.014404
vn -0.968262 0.249268 0.014404
vn -0.968262 0.249268 0.014404
vn -0.825928 0.563232 0.000732
vn -0.825928 0.563232 0.000732
vn -0.825928 0.563232 0.000732
vn -0.666016 0.613525 0.424072
vn -0.666016 0.613525 0.424072
vn -0.666016 0.613525 0.424072
vn -0.686768 0.602783 0.405518
vn -0.686768 0.602783 0.405518
vn -0.686768 0.602783 0.405518
vn 0.085205 -0.995850 0.031006
vn 0.085205 -0.995850 0.031006
vn 0.085205 -0.995850 0.031006
vn 0.085205 -0.995850 0.031006
vn 0.085205 -0.995850 0.031006
vn 0.085205 -0.995850 0.031006
vn 0.290283 0.000000 -0.956787
vn 0.290283 0.000000 -0.956787
vn 0.290283 0.000000 -0.956787
vn 0.290283 0.000000 -0.956787
vn 0.290283 0.000000 -0.956787
vn 0.290283 0.000000 -0.956787
vn -0.024658 0.625244 -0.779785
vn -0.024658 0.625244 -0.779785
vn -0.024658 0.625244 -0.779785
vn -0.024902 0.616943 -0.786377
vn -0.024902 0.616943 -0.786377
vn -0.024902 0.616943 -0.786377
vn -0.423828 0.898682 0.110840
vn -0.423828 0.898682 0.110840
vn -0.423828 0.898682 0.110840
vn -0.443848 0.888428 0.114502
vn -0.443848 0.888428 0.114502
vn -0.443848 0.888428 0.114502
vn 0.005615 -0.963379 0.267578
vn 0.005615 -0.963379 0.267578
vn 0.005615 -0.963379 0.267578
vn -0.231201 -0.913574 0.333740
vn -0.231201 -0.913574 0.333740
vn -0.231201 -0.913574 0.333740
vn -0.664307 -0.707031 -0.241699
vn -0.664307 -0.707031 -0.241699
vn -0.664307 -0.707031 -0.241699
vn -0.422607 0.000000 -0.906250
vn -0.422607 0.000000 -0.906250
vn -0.422607 0.000000 -0.906250
vn -0.422607 0.000000 -0.906250
vn -0.422607 0.000000 -0.906250
vn -0.422607 0.000000 -0.906250
vn -0.536621 0.387451 -0.749268
vn -0.536621 0.387451 -0.749268
vn -0.536621 0.387451 -0.749268
vn -0.419434 0.493652 -0.761475
vn -0.419434 0.493652 -0.761475
vn -0.419434 0.493652 -0.761475
vn -0.623291 0.696533 -0.354492
vn -0.623291 0.696533 -0.354492
vn -0.623291 0.696533 -0.354492
vn -0.929443 -0.145508 -0.338135
vn -0.929443 -0.145508 -0.338135
vn -0.929443 -0.145508 -0.338135
vn -0.961426 0.005859 -0.274170
vn -0.961426 0.005859 -0.274170
vn -0.961426 0.005859 -0.274170
vn 0.729736 -0.479248 0.487061
vn 0.729736 -0.479248 0.487061
vn 0.729736 -0.479248 0.487061
vn 0.829590 -0.093750 0.550049
vn 0.829590 -0.093750 0.550049
vn 0.829590 -0.093750 0.550049
vn 0.825439 -0.092773 0.556396
vn 0.825439 -0.092773 0.556396
vn 0.825439 -0.092773 0.556396
vn 0.366943 0.841797 0.395264
vn 0.366943 0.841797 0.395264
vn 0.366943 0.841797 0.395264
vn 0.523438 0.731445 0.436523
vn 0.523438 0.731445 0.436523
vn 0.523438 0.731445 0.436523
vn 0.283936 0.956055 -0.071777
vn 0.283936 0.956055 -0.071777
vn 0.283936 0.956055 -0.071777
vn -0.293701 0.514404 0.805420
vn -0.293701 0.514404 0.805420
vn -0.293701 0.514404 0.805420
vn -0.298828 0.947998 -0.108643
vn -0.298828 0.947998 -0.108643
vn -0.298828 0.947998 -0.108643
vn -0.939697 0.000000 -0.341797
vn -0.939697 0.000000 -0.341797
vn -0.939697 0.000000 -0.341797
vn -0.939697 0.000000 -0.341797
vn -0.939697 0.000000 -0.341797
vn -0.939697 0.000000 -0.341797
vn -0.961914 -0.023438 -0.271973
vn -0.961914 -0.023438 -0.271973
vn -0.961914 -0.023438 -0.271973
vn -0.958008 -0.000488 -0.286377
vn -0.958008 -0.000488 -0.286377
vn -0.958008 -0.000488 -0.286377
vn -0.939453 0.000000 -0.342285
vn -0.939453 0.000000 -0.342285
vn -0.939453 0.000000 -0.342285
vn -0.205322 0.945312 -0.252930
vn -0.205322 0.945312 -0.252930
vn -0.205322 0.945312 -0.252930
vn -0.205322 0.945312 -0.252930
vn -0.205322 0.945312 -0.252930
vn -0.205322 0.945312 -0.252930
vn -0.798828 0.465332 -0.380859
vn -0.798828 0.465332 -0.380859
vn -0.798828 0.465332 -0.380859
vn -0.798828 0.465088 -0.380859
vn -0.798828 0.465088 -0.380859
vn -0.798828 0.465088 -0.380859
vn -0.312500 0.945557 0.090576
vn -0.312500 0.945557 0.090576
vn -0.312500 0.945557 0.090576
vn -0.783447 0.603760 0.145508
vn -0.783447 0.603760 0.145508
vn -0.783447 0.603760 0.145508
vn -0.463135 0.390137 -0.795654
vn -0.463135 0.390137 -0.795654
vn -0.463135 0.390137 -0.795654
vn -0.071777 0.822266 -0.564209
vn -0.071777 0.822266 -0.564209
vn -0.071777 0.822266 -0.564209
vn 0.933594 0.181152 0.308838
vn 0.933594 0.181152 0.308838
vn 0.933594 0.181152 0.308838
vn 0.933594 0.181641 0.308350
vn 0.933594 0.181641 0.308350
vn 0.933594 0.181641 0.308350
vn -0.928223 0.096191 -0.359131
vn -0.928223 0.096191 -0.359131
vn -0.928223 0.096191 -0.359131
vn -0.928223 0.096191 -0.359131
vn -0.928223 0.096191 -0.359131
vn -0.928223 0.096191 -0.359131
vn -0.154297 0.083008 0.984375
vn -0.154297 0.083008 0.984375
vn -0.154297 0.083008 0.984375
vn -0.339111 0.173584 0.924316
vn -0.339111 0.173584 0.924316
vn -0.339111 0.173584 0.924316
vn 0.154297 -0.083008 -0.984375
vn 0.154297 -0.083008 -0.984375
vn 0.154297 -0.083008 -0.984375
vn 0.338379 -0.173828 -0.924561
vn 0.338379 -0.173828 -0.924561
vn 0.338379 -0.173828 -0.924561
vn 0.742920 0.294922 0.600586
vn 0.742920 0.294922 0.600586
vn 0.742920 0.294922 0.600586
vn 0.983398 0.171875 -0.053955
vn 0.983398 0.171875 -0.053955
vn 0.983398 0.171875 -0.053955
vn -0.280762 0.920410 -0.270996
vn -0.280762 0.920410 -0.270996
vn -0.280762 0.920410 -0.270996
vn -0.280518 0.920654 -0.270996
vn -0.280518 0.920654 -0.270996
vn -0.280518 0.920654 -0.270996
vn -0.307617 0.918701 -0.247070
vn -0.307617 0.918701 -0.247070
vn -0.307617 0.918701 -0.247070
vn -0.330322 0.935791 -0.121094
vn -0.330322 0.935791 -0.121094
vn -0.330322 0.935791 -0.121094
vn -0.280762 0.920898 -0.269775
vn -0.280762 0.920898 -0.269775
vn -0.280762 0.920898 -0.269775
vn -0.251953 0.895020 -0.367432
vn -0.251953 0.895020 -0.367432
vn -0.251953 0.895020 -0.367432
vn -0.405518 0.861328 -0.305664
vn -0.405518 0.861328 -0.305664
vn -0.405518 0.861328 -0.305664
vn -0.408691 0.859375 -0.306641
vn -0.408691 0.859375 -0.306641
vn -0.408691 0.859375 -0.306641
vn 0.000000 1.000000 0.000000
vn 0.000000 1.000000 0.000000
vn 0.000000 1.000000 0.000000
vn 0.000000 1.000000 0.000000
vn 0.000000 1.000000 0.000000
vn 0.000000 1.000000 0.000000
vn -0.341797 0.000000 0.939453
vn -0.341797 0.000000 0.939453
vn -0.341797 0.000000 0.939453
vn -0.341797 0.000000 0.939453
vn -0.341797 0.000000 0.939453
vn -0.341797 0.000000 0.939453
vn -0.939453 0.000000 -0.341797
vn -0.939453 0.000000 -0.341797
vn -0.939453 0.000000 -0.341797
vn -0.939453 0.000000 -0.341797
vn -0.939453 0.000000 -0.341797
vn -0.939453 0.000000 -0.341797
vn 0.341797 0.000000 -0.939453
vn 0.341797 0.000000 -0.939453
vn 0.341797 0.000000 -0.939453
vn 0.341797 0.000000 -0.939453
vn 0.341797 0.000000 -0.939453
vn 0.341797 0.000000 -0.939453
vn 0.939453 0.000000 0.341797
vn 0.939453 0.000000 0.341797
vn 0.939453 0.000000 0.341797
vn 0.939453 0.000000 0.341797
vn 0.939453 0.000000 0.341797
vn 0.939453 0.000000 0.341797
vn 0.000000 -1.000000 0.000000
vn 0.000000 -1.000000 0.000000
vn 0.000000 -1.000000 0.000000
vn 0.000000 -1.000000 0.000000
vn 0.000000 -1.000000 0.000000
vn 0.000000 -1.000000 0.000000
vn -0.239014 0.715088 0.656494
vn -0.239014 0.715088 0.656494
vn -0.239014 0.715088 0.656494
vn -0.239014 0.715088 0.656494
vn -0.239014 0.715088 0.656494
vn -0.239014 0.715088 0.656494
vn -0.612549 0.758057 -0.222900
vn -0.612549 0.758057 -0.222900
vn -0.612549 0.758057 -0.222900
vn -0.612549 0.758057 -0.222900
vn -0.612549 0.758057 -0.222900
vn -0.612549 0.758057 -0.222900
vn 0.239014 0.715088 -0.656494
vn 0.239014 0.715088 -0.656494
vn 0.239014 0.715088 -0.656494
vn 0.239014 0.715088 -0.656494
vn 0.239014 0.715088 -0.656494
vn 0.239014 0.715088 -0.656494
vn 0.612549 0.758057 0.222900
vn 0.612549 0.758057 0.222900
vn 0.612549 0.758057 0.222900
vn 0.612549 0.758057 0.222900
vn 0.612549 0.758057 0.222900
vn 0.612549 0.758057 0.222900
vn 0.364014 0.000000 0.931152
vn 0.364014 0.000000 0.931152
vn 0.364014 0.000000 0.931152
vn 0.364014 0.000000 0.931152
vn 0.364014 0.000000 0.931152
vn 0.364014 0.000000 0.931152
vn -0.239014 -0.715088 0.656494
vn -0.239014 -0.715088 0.656494
vn -0.239014 -0.715088 0.656494
vn -0.239014 -0.715088 0.656494
vn -0.239014 -0.715088 0.656494
vn -0.239014 -0.715088 0.656494
vn -0.877441 0.000000 0.479492
vn -0.877441 0.000000 0.479492
vn -0.877441 0.000000 0.479492
vn -0.877441 0.000000 0.479492
vn -0.877441 0.000000 0.479492
vn -0.877441 0.000000 0.479492
vn -0.612549 -0.758057 -0.222900
vn -0.612549 -0.758057 -0.222900
vn -0.612549 -0.758057 -0.222900
vn -0.612549 -0.758057 -0.222900
vn -0.612549 -0.758057 -0.222900
vn -0.612549 -0.758057 -0.222900
vn -0.364014 0.000000 -0.931152
vn -0.364014 0.000000 -0.931152
vn -0.364014 0.000000 -0.931152
vn -0.364014 0.000000 -0.931152
vn -0.364014 0.000000 -0.931152
vn -0.364014 0.000000 -0.931152
vn 0.239014 -0.715088 -0.656494
vn 0.239014 -0.715088 -0.656494
vn 0.239014 -0.715088 -0.656494
vn 0.239014 -0.715088 -0.656494
vn 0.239014 -0.715088 -0.656494
vn 0.239014 -0.715088 -0.656494
vn 0.877441 0.000000 -0.479492
vn 0.877441 0.000000 -0.479492
vn 0.877441 0.000000 -0.479492
vn 0.877441 0.000000 -0.479492
vn 0.877441 0.000000 -0.479492
vn 0.877441 0.000000 -0.479492
vn 0.612549 -0.758057 0.222900
vn 0.612549 -0.758057 0.222900
vn 0.612549 -0.758057 0.222900
vn 0.612549 -0.758057 0.222900
vn 0.612549 -0.758057 0.222900
vn 0.612549 -0.758057 0.222900
vn 0.288574 0.609131 0.738525
vn 0.288574 0.609131 0.738525
vn 0.288574 0.609131 0.738525
vn -0.695801 0.609131 0.380127
vn -0.695801 0.609131 0.380127
vn -0.695801 0.609131 0.380127
vn -0.288574 0.609131 -0.738525
vn -0.288574 0.609131 -0.738525
vn -0.288574 0.609131 -0.738525
vn 0.695801 0.609131 -0.380127
vn 0.695801 0.609131 -0.380127
vn 0.695801 0.609131 -0.380127
vn 0.288574 -0.609131 0.738525
vn 0.288574 -0.609131 0.738525
vn 0.288574 -0.609131 0.738525
vn -0.695801 -0.609131 0.380127
vn -0.695801 -0.609131 0.380127
vn -0.695801 -0.609131 0.380127
vn -0.288574 -0.609131 -0.738525
vn -0.288574 -0.609131 -0.738525
vn -0.288574 -0.609131 -0.738525
vn 0.695801 -0.609131 -0.380127
vn 0.695801 -0.609131 -0.380127
vn 0.695801 -0.609131 -0.380127
vn -0.069092 -0.192871 -0.978516
vn -0.069092 -0.192871 -0.978516
vn -0.069092 -0.192871 -0.978516
vn -0.041016 -0.175293 -0.983643
vn -0.041016 -0.175293 -0.983643
vn -0.041016 -0.175293 -0.983643
vn -0.719238 -0.029541 0.693848
vn -0.719238 -0.029541 0.693848
vn -0.719238 -0.029541 0.693848
vn -0.671143 0.023926 0.740723
vn -0.671143 0.023926 0.740723
vn -0.671143 0.023926 0.740723
vn -0.901855 -0.171631 -0.396240
vn -0.901855 -0.171631 -0.396240
vn -0.901855 -0.171631 -0.396240
vn -0.913330 -0.214600 -0.345703
vn -0.913330 -0.214600 -0.345703
vn -0.913330 -0.214600 -0.345703
vn 0.000000 -1.000000 0.000000
vn 0.000000 -1.000000 0.000000
vn 0.000000 -1.000000 0.000000
vn 0.000000 -1.000000 0.000000
vn 0.000000 -1.000000 0.000000
vn 0.000000 -1.000000 0.000000
vn 0.000000 1.000000 0.000000
vn 0.000000 1.000000 0.000000
vn 0.000000 1.000000 0.000000
vn 0.000000 1.000000 0.000000
vn 0.000000 1.000000 0.000000
vn 0.000000 1.000000 0.000000
vn -0.934814 -0.070557 -0.347900
vn -0.934814 -0.070557 -0.347900
vn -0.934814 -0.070557 -0.347900
vn -0.938477 -0.076904 -0.336426
vn -0.938477 -0.076904 -0.336426
vn -0.938477 -0.076904 -0.336426
vn 0.732178 0.249268 0.633301
vn 0.732178 0.249268 0.633301
vn 0.732178 0.249268 0.633301
vn 0.632080 0.563232 0.531738
vn 0.632080 0.563232 0.531738
vn 0.632080 0.563232 0.531738
vn 0.237549 0.613525 0.752930
vn 0.237549 0.613525 0.752930
vn 0.237549 0.613525 0.752930
vn 0.265381 0.602783 0.752197
vn 0.265381 0.602783 0.752197
vn 0.265381 0.602783 0.752197
vn -0.085205 -0.995850 -0.031006
vn -0.085205 -0.995850 -0.031006
vn -0.085205 -0.995850 -0.031006
vn -0.085205 -0.995850 -0.031006
vn -0.085205 -0.995850 -0.031006
vn -0.085205 -0.995850 -0.031006
vn 0.392578 0.000000 -0.919434
vn 0.392578 0.000000 -0.919434
vn 0.392578 0.000000 -0.919434
vn 0.392578 0.000000 -0.919434
vn 0.392578 0.000000 -0.919434
vn 0.392578 0.000000 -0.919434
vn 0.520264 0.625244 -0.581543
vn 0.520264 0.625244 -0.581543
vn 0.520264 0.625244 -0.581543
vn 0.524414 0.616943 -0.586426
vn 0.524414 0.616943 -0.586426
vn 0.524414 0.616943 -0.586426
vn 0.253174 0.898682 0.357422
vn 0.253174 0.898682 0.357422
vn 0.253174 0.898682 0.357422
vn 0.266357 0.888428 0.373291
vn 0.266357 0.888428 0.373291
vn 0.266357 0.888428 0.373291
vn -0.176270 -0.963379 0.201416
vn -0.176270 -0.963379 0.201416
vn -0.176270 -0.963379 0.201416
vn -0.037354 -0.913574 0.404297
vn -0.037354 -0.913574 0.404297
vn -0.037354 -0.913574 0.404297
vn 0.664307 -0.707031 0.241699
vn 0.664307 -0.707031 0.241699
vn 0.664307 -0.707031 0.241699
vn 0.906250 0.000000 -0.422363
vn 0.906250 0.000000 -0.422363
vn 0.906250 0.000000 -0.422363
vn 0.906250 0.000000 -0.422363
vn 0.906250 0.000000 -0.422363
vn 0.906250 0.000000 -0.422363
vn 0.892822 0.387451 -0.229004
vn 0.892822 0.387451 -0.229004
vn 0.892822 0.387451 -0.229004
vn 0.811035 0.493652 -0.313721
vn 0.811035 0.493652 -0.313721
vn 0.811035 0.493652 -0.313721
vn 0.705566 0.696533 0.128906
vn 0.705566 0.696533 0.128906
vn 0.705566 0.696533 0.128906
vn 0.929443 -0.145508 0.338135
vn 0.929443 -0.145508 0.338135
vn 0.929443 -0.145508 0.338135
vn 0.912842 0.005859 0.407959
vn 0.912842 0.005859 0.407959
vn 0.912842 0.005859 0.407959
vn -0.872070 -0.479248 -0.095703
vn -0.872070 -0.479248 -0.095703
vn -0.872070 -0.479248 -0.095703
vn -0.989258 -0.093750 -0.111572
vn -0.989258 -0.093750 -0.111572
vn -0.989258 -0.093750 -0.111572
vn -0.989990 -0.092773 -0.104248
vn -0.989990 -0.092773 -0.104248
vn -0.989990 -0.092773 -0.104248
vn -0.535156 0.841797 0.066895
vn -0.535156 0.841797 0.066895
vn -0.535156 0.841797 0.066895
vn -0.681641 0.731445 -0.001953
vn -0.681641 0.731445 -0.001953
vn -0.681641 0.731445 -0.001953
vn -0.171387 0.956055 -0.237793
vn -0.171387 0.956055 -0.237793
vn -0.171387 0.956055 -0.237793
vn -0.292480 0.514404 0.805908
vn -0.292480 0.514404 0.805908
vn -0.292480 0.514404 0.805908
vn 0.298828 0.947998 0.108643
vn 0.298828 0.947998 0.108643
vn 0.298828 0.947998 0.108643
vn 0.939453 0.000000 0.342041
vn 0.939453 0.000000 0.342041
vn 0.939453 0.000000 0.342041
vn 0.939453 0.000000 0.342041
vn 0.939453 0.000000 0.342041
vn 0.939453 0.000000 0.342041
vn 0.911621 -0.023438 0.409912
vn 0.911621 -0.023438 0.409912
vn 0.911621 -0.023438 0.409912
vn 0.917969 -0.000488 0.396240
vn 0.917969 -0.000488 0.396240
vn 0.917969 -0.000488 0.396240
vn 0.939697 0.000000 0.341309
vn 0.939697 0.000000 0.341309
vn 0.939697 0.000000 0.341309
vn 0.320068 0.945312 -0.061523
vn 0.320068 0.945312 -0.061523
vn 0.320068 0.945312 -0.061523
vn 0.320068 0.945312 -0.061523
vn 0.320068 0.945312 -0.061523
vn 0.320068 0.945312 -0.061523
vn 0.856689 0.465332 0.221680
vn 0.856689 0.465332 0.221680
vn 0.856689 0.465332 0.221680
vn 0.856689 0.465088 0.221680
vn 0.856689 0.465088 0.221680
vn 0.856689 0.465088 0.221680
vn 0.180908 0.945557 0.270264
vn 0.180908 0.945557 0.270264
vn 0.180908 0.945557 0.270264
vn 0.506592 0.603760 0.615234
vn 0.506592 0.603760 0.615234
vn 0.506592 0.603760 0.615234
vn 0.866211 0.390137 -0.311768
vn 0.866211 0.390137 -0.311768
vn 0.866211 0.390137 -0.311768
vn 0.417480 0.822266 -0.385986
vn 0.417480 0.822266 -0.385986
vn 0.417480 0.822266 -0.385986
vn -0.913574 0.181152 -0.363281
vn -0.913574 0.181152 -0.363281
vn -0.913574 0.181152 -0.363281
vn -0.913330 0.181641 -0.363525
vn -0.913330 0.181641 -0.363525
vn -0.913330 0.181641 -0.363525
vn 0.941895 0.096191 0.321533
vn 0.941895 0.096191 0.321533
vn 0.941895 0.096191 0.321533
vn 0.941895 0.096191 0.321533
vn 0.941895 0.096191 0.321533
vn 0.941895 0.096191 0.321533
vn -0.514404 0.083008 0.853271
vn -0.514404 0.083008 0.853271
vn -0.514404 0.083008 0.853271
vn -0.334229 0.173584 0.926270
vn -0.334229 0.173584 0.926270
vn -0.334229 0.173584 0.926270
vn 0.514404 -0.083008 -0.853271
vn 0.514404 -0.083008 -0.853271
vn 0.514404 -0.083008 -0.853271
vn 0.334961 -0.173828 -0.925781
vn 0.334961 -0.173828 -0.925781
vn 0.334961 -0.173828 -0.925781
vn -0.955322 0.294922 -0.017090
vn -0.955322 0.294922 -0.017090
vn -0.955322 0.294922 -0.017090
vn -0.718506 0.171875 -0.673584
vn -0.718506 0.171875 -0.673584
vn -0.718506 0.171875 -0.673584
vn 0.389404 0.920410 -0.027100
vn 0.389404 0.920410 -0.027100
vn 0.389404 0.920410 -0.027100
vn 0.389160 0.920654 -0.027100
vn 0.389160 0.920654 -0.027100
vn 0.389160 0.920654 -0.027100
vn 0.394531 0.918701 0.008301
vn 0.394531 0.918701 0.008301
vn 0.394531 0.918701 0.008301
vn 0.330811 0.935791 0.119385
vn 0.330811 0.935791 0.119385
vn 0.330811 0.935791 0.119385
vn 0.388672 0.920898 -0.026123
vn 0.388672 0.920898 -0.026123
vn 0.388672 0.920898 -0.026123
vn 0.429199 0.895020 -0.119385
vn 0.429199 0.895020 -0.119385
vn 0.429199 0.895020 -0.119385
vn 0.507080 0.861328 0.026367
vn 0.507080 0.861328 0.026367
vn 0.507080 0.861328 0.026367
vn 0.510254 0.859375 0.027588
vn 0.510254 0.859375 0.027588
vn 0.510254 0.859375 0.027588
vn 0.000000 1.000000 0.000000
vn 0.000000 1.000000 0.000000
vn 0.000000 1.000000 0.000000
vn 0.000000 1.000000 0.000000
vn 0.000000 1.000000 0.000000
vn 0.000000 1.000000 0.000000
vn -0.341797 0.000000 0.939453
vn -0.341797 0.000000 0.939453
vn -0.341797 0.000000 0.939453
vn -0.341797 0.000000 0.939453
vn -0.341797 0.000000 0.939453
vn -0.341797 0.000000 0.939453
vn 0.939453 0.000000 0.341797
vn 0.939453 0.000000 0.341797
vn 0.939453 0.000000 0.341797
vn 0.939453 0.000000 0.341797
vn 0.939453 0.000000 0.341797
vn 0.939453 0.000000 0.341797
vn 0.341797 0.000000 -0.939453
vn 0.341797 0.000000 -0.939453
vn 0.341797 0.000000 -0.939453
vn 0.341797 0.000000 -0.939453
vn 0.341797 0.000000 -0.939453
vn 0.341797 0.000000 -0.939453
vn -0.939453 0.000000 -0.341797
vn -0.939453 0.000000 -0.341797
vn -0.939453 0.000000 -0.341797
vn -0.939453 0.000000 -0.341797
vn -0.939453 0.000000 -0.341797
vn -0.939453 0.000000 -0.341797
vn 0.000000 -1.000000 0.000000
vn 0.000000 -1.000000 0.000000
vn 0.000000 -1.000000 0.000000
vn 0.000000 -1.000000 0.000000
vn 0.000000 -1.000000 0.000000
vn 0.000000 -1.000000 0.000000
vn -0.239014 0.715088 0.656494
vn -0.239014 0.715088 0.656494
vn -0.239014 0.715088 0.656494
vn -0.239014 0.715088 0.656494
vn -0.239014 0.715088 0.656494
vn -0.239014 0.715088 0.656494
vn 0.612549 0.758057 0.222900
vn 0.612549 0.758057 0.222900
vn 0.612549 0.758057 0.222900
vn 0.612549 0.758057 0.222900
vn 0.612549 0.758057 0.222900
vn 0.612549 0.758057 0.222900
vn 0.239014 0.715088 -0.656494
vn 0.239014 0.715088 -0.656494
vn 0.239014 0.715088 -0.656494
vn 0.239014 0.715088 -0.656494
vn 0.239014 0.715088 -0.656494
vn 0.239014 0.715088 -0.656494
vn -0.612549 0.758057 -0.222900
vn -0.612549 0.758057 -0.222900
vn -0.612549 0.758057 -0.222900
vn -0.612549 0.758057 -0.222900
vn -0.612549 0.758057 -0.222900
vn -0.612549 0.758057 -0.222900
vn -0.877441 0.000000 0.479492
vn -0.877441 0.000000 0.479492
vn -0.877441 0.000000 0.479492
vn -0.877441 0.000000 0.479492
vn -0.877441 0.000000 0.479492
vn -0.877441 0.000000 0.479492
vn -0.239014 -0.715088 0.656494
vn -0.239014 -0.715088 0.656494
vn -0.239014 -0.715088 0.656494
vn -0.239014 -0.715088 0.656494
vn -0.239014 -0.715088 0.656494
vn -0.239014 -0.715088 0.656494
vn 0.364014 0.000000 0.931152
vn 0.364014 0.000000 0.931152
vn 0.364014 0.000000 0.931152
vn 0.364014 0.000000 0.931152
vn 0.364014 0.000000 0.931152
vn 0.364014 0.000000 0.931152
vn 0.612549 -0.758057 0.222900
vn 0.612549 -0.758057 0.222900
vn 0.612549 -0.758057 0.222900
vn 0.612549 -0.758057 0.222900
vn 0.612549 -0.758057 0.222900
vn 0.612549 -0.758057 0.222900
vn 0.877441 0.000000 -0.479492
vn 0.877441 0.000000 -0.479492
vn 0.877441 0.000000 -0.479492
vn 0.877441 0.000000 -0.479492
vn 0.877441 0.000000 -0.479492
vn 0.877441 0.000000 -0.479492
vn 0.239014 -0.715088 -0.656494
vn 0.239014 -0.715088 -0.656494
vn 0.239014 -0.715088 -0.656494
vn 0.239014 -0.715088 -0.656494
vn 0.239014 -0.715088 -0.656494
vn 0.239014 -0.715088 -0.656494
vn -0.364014 0.000000 -0.931152
vn -0.364014 0.000000 -0.931152
vn -0.364014 0.000000 -0.931152
vn -0.364014 0.000000 -0.931152
vn -0.364014 0.000000 -0.931152
vn -0.364014 0.000000 -0.931152
vn -0.612549 -0.758057 -0.222900
vn -0.612549 -0.758057 -0.222900
vn -0.612549 -0.758057 -0.222900
vn -0.612549 -0.758057 -0.222900
vn -0.612549 -0.758057 -0.222900
vn -0.612549 -0.758057 -0.222900
vn -0.695801 0.609131 0.380127
vn -0.695801 0.609131 0.380127
vn -0.695801 0.609131 0.380127
vn 0.288574 0.609131 0.738525
vn 0.288574 0.609131 0.738525
vn 0.288574 0.609131 0.738525
vn 0.695801 0.609131 -0.380127
vn 0.695801 0.609131 -0.380127
vn 0.695801 0.609131 -0.380127
vn -0.288574 0.609131 -0.738525
vn -0.288574 0.609131 -0.738525
vn -0.288574 0.609131 -0.738525
vn -0.695801 -0.609131 0.380127
vn -0.695801 -0.609131 0.380127
vn -0.695801 -0.609131 0.380127
vn 0.288574 -0.609131 0.738525
vn 0.288574 -0.609131 0.738525
vn 0.288574 -0.609131 0.738525
vn 0.695801 -0.609131 -0.380127
vn 0.695801 -0.609131 -0.380127
vn 0.695801 -0.609131 -0.380127
vn -0.288574 -0.609131 -0.738525
vn -0.288574 -0.609131 -0.738525
vn -0.288574 -0.609131 -0.738525
vn 0.682129 -0.192871 -0.705078
vn 0.682129 -0.192871 -0.705078
vn 0.682129 -0.192871 -0.705078
vn 0.663574 -0.175293 -0.727051
vn 0.663574 -0.175293 -0.727051
vn 0.663574 -0.175293 -0.727051
vn 0.104736 -0.029541 0.993896
vn 0.104736 -0.029541 0.993896
vn 0.104736 -0.029541 0.993896
vn 0.037842 0.023926 0.998779
vn 0.037842 0.023926 0.998779
vn 0.037842 0.023926 0.998779
vn 0.945557 -0.171631 0.276123
vn 0.945557 -0.171631 0.276123
vn 0.945557 -0.171631 0.276123
vn 0.921875 -0.214600 0.322266
vn 0.921875 -0.214600 0.322266
vn 0.921875 -0.214600 0.322266
vn 0.000000 -1.000000 0.000000
vn 0.000000 -1.000000 0.000000
vn 0.000000 -1.000000 0.000000
vn 0.000000 -1.000000 0.000000
vn 0.000000 -1.000000 0.000000
vn 0.000000 -1.000000 0.000000
vn 0.000000 1.000000 0.000000
vn 0.000000 1.000000 0.000000
vn 0.000000 1.000000 0.000000
vn 0.000000 1.000000 0.000000
vn 0.000000 1.000000 0.000000
vn 0.000000 1.000000 0.000000
vn -0.271729 0.606934 0.746582
vn -0.271729 0.606934 0.746582
vn -0.271729 0.606934 0.746582
vn -0.271729 0.606934 0.746582
vn -0.271729 0.606934 0.746582
vn -0.271729 0.606934 0.746582
vn 0.329834 0.262451 -0.906494
vn 0.329834 0.262451 -0.906494
vn 0.329834 0.262451 -0.906494
vn 0.329834 0.262451 -0.906494
vn 0.329834 0.262451 -0.906494
vn 0.329834 0.262451 -0.906494
vn 0.243896 0.700684 -0.670410
vn 0.243896 0.700684 -0.670410
vn 0.243896 0.700684 -0.670410
vn 0.243896 0.700684 -0.670410
vn 0.243896 0.700684 -0.670410
vn 0.243896 0.700684 -0.670410
vn 0.341797 0.000000 -0.939453
vn 0.341797 0.000000 -0.939453
vn 0.341797 0.000000 -0.939453
vn 0.341797 0.000000 -0.939453
vn 0.341797 0.000000 -0.939453
vn 0.341797 0.000000 -0.939453
vn 0.034424 0.994873 -0.094727
vn 0.034424 0.994873 -0.094727
vn 0.034424 0.994873 -0.094727
vn 0.034424 0.994873 -0.094727
vn 0.034424 0.994873 -0.094727
vn 0.034424 0.994873 -0.094727
vn 0.000000 1.000000 0.000000
vn 0.000000 1.000000 0.000000
vn 0.000000 1.000000 0.000000
vn 0.000000 1.000000 0.000000
vn 0.000000 1.000000 0.000000
vn 0.000000 1.000000 0.000000
vn 0.854004 -0.164551 0.493164
vn 0.854004 -0.164551 0.493164
vn 0.854004 -0.164551 0.493164
vn 0.935059 -0.076904 0.345459
vn 0.935059 -0.076904 0.345459
vn 0.935059 -0.076904 0.345459
vn 0.000000 1.000000 0.000000
vn 0.000000 1.000000 0.000000
vn 0.000000 1.000000 0.000000
vn 0.000000 1.000000 0.000000
vn 0.000000 1.000000 0.000000
vn 0.000000 1.000000 0.000000
vn -0.141113 -0.910645 0.387939
vn -0.141113 -0.910645 0.387939
vn -0.141113 -0.910645 0.387939
vn -0.200684 -0.884277 0.421387
vn -0.200684 -0.884277 0.421387
vn -0.200684 -0.884277 0.421387
vn 0.341797 0.000000 -0.939453
vn 0.341797 0.000000 -0.939453
vn 0.341797 0.000000 -0.939453
vn 0.341797 0.000000 -0.939453
vn 0.341797 0.000000 -0.939453
vn 0.341797 0.000000 -0.939453
vn -0.385498 0.188721 0.903076
vn -0.385498 0.188721 0.903076
vn -0.385498 0.188721 0.903076
vn -0.340088 0.102295 0.934570
vn -0.340088 0.102295 0.934570
vn -0.340088 0.102295 0.934570
vn -0.916260 -0.221924 -0.333252
vn -0.916260 -0.221924 -0.333252
vn -0.916260 -0.221924 -0.333252
vn -0.915771 -0.223145 -0.333252
vn -0.915771 -0.223145 -0.333252
vn -0.915771 -0.223145 -0.333252
vn -0.163818 0.877441 0.450439
vn -0.163818 0.877441 0.450439
vn -0.163818 0.877441 0.450439
vn 0.255371 0.884277 0.390381
vn 0.255371 0.884277 0.390381
vn 0.255371 0.884277 0.390381
vn 0.257812 0.883057 0.391602
vn 0.257812 0.883057 0.391602
vn 0.257812 0.883057 0.391602
vn 0.000000 -1.000000 0.000000
vn 0.000000 -1.000000 0.000000
vn 0.000000 -1.000000 0.000000
vn -0.161865 -0.880615 0.444824
vn -0.161865 -0.880615 0.444824
vn -0.161865 -0.880615 0.444824
vn -0.162598 -0.916748 0.364502
vn -0.162598 -0.916748 0.364502
vn -0.162598 -0.916748 0.364502
vn 0.916016 -0.221924 0.333496
vn 0.916016 -0.221924 0.333496
vn 0.916016 -0.221924 0.333496
vn 0.915771 -0.223145 0.333252
vn 0.915771 -0.223145 0.333252
vn 0.915771 -0.223145 0.333252
vn -0.163818 0.877441 0.450439
vn -0.163818 0.877441 0.450439
vn -0.163818 0.877441 0.450439
vn -0.446777 0.884277 0.134766
vn -0.446777 0.884277 0.134766
vn -0.446777 0.884277 0.134766
vn -0.449463 0.883057 0.134277
vn -0.449463 0.883057 0.134277
vn -0.449463 0.883057 0.134277
vn -0.136230 -0.916992 0.374268
vn -0.136230 -0.916992 0.374268
vn -0.136230 -0.916992 0.374268
vn 0.000000 -1.000000 0.000000
vn 0.000000 -1.000000 0.000000
vn 0.000000 -1.000000 0.000000
vn 0.137207 -0.915771 -0.376953
vn 0.137207 -0.915771 -0.376953
vn 0.137207 -0.915771 -0.376953
vn 0.137207 -0.915771 -0.376953
vn 0.137207 -0.915771 -0.376953
vn 0.137207 -0.915771 -0.376953
vn -0.042969 0.991943 0.118408
vn -0.042969 0.991943 0.118408
vn -0.042969 0.991943 0.118408
vn -0.042969 0.991943 0.118408
vn -0.042969 0.991943 0.118408
vn -0.042969 0.991943 0.118408
vn -0.110352 -0.882080 0.457520
vn -0.110352 -0.882080 0.457520
vn -0.110352 -0.882080 0.457520
vn -0.318848 -0.360352 0.876465
vn -0.318848 -0.360352 0.876465
vn -0.318848 -0.360352 0.876465
vn -0.318848 -0.360352 0.876465
vn -0.318848 -0.360352 0.876465
vn -0.318848 -0.360352 0.876465
vn -0.375977 0.061768 0.924316
vn -0.375977 0.061768 0.924316
vn -0.375977 0.061768 0.924316
vn -0.342285 0.048828 0.938232
vn -0.342285 0.048828 0.938232
vn -0.342285 0.048828 0.938232
vn -0.341797 0.001465 0.939453
vn -0.341797 0.001465 0.939453
vn -0.341797 0.001465 0.939453
vn -0.306152 0.061768 0.949951
vn -0.306152 0.061768 0.949951
vn -0.306152 0.061768 0.949951
vn -0.340820 0.048828 0.938721
vn -0.340820 0.048828 0.938721
vn -0.340820 0.048828 0.938721
vn -0.341797 0.001465 0.939453
vn -0.341797 0.001465 0.939453
vn -0.341797 0.001465 0.939453
vn -0.884766 0.128662 0.447266
vn -0.884766 0.128662 0.447266
vn -0.884766 0.128662 0.447266
vn -0.989258 0.068115 0.128174
vn -0.989258 0.068115 0.128174
vn -0.989258 0.068115 0.128174
vn -0.989014 0.136230 -0.056152
vn -0.989014 0.136230 -0.056152
vn -0.989014 0.136230 -0.056152
vn -0.814941 0.569580 0.105469
vn -0.814941 0.569580 0.105469
vn -0.814941 0.569580 0.105469
vn -0.972656 0.207031 -0.104736
vn -0.972656 0.207031 -0.104736
vn -0.972656 0.207031 -0.104736
vn 0.390137 0.128662 0.911621
vn 0.390137 0.128662 0.911621
vn 0.390137 0.128662 0.911621
vn 0.675293 0.068115 0.734131
vn 0.675293 0.068115 0.734131
vn 0.675293 0.068115 0.734131
vn 0.793701 0.136230 0.592529
vn 0.793701 0.136230 0.592529
vn 0.793701 0.136230 0.592529
vn 0.556396 0.569580 0.604736
vn 0.556396 0.569580 0.604736
vn 0.556396 0.569580 0.604736
vn 0.812256 0.207031 0.544678
vn 0.812256 0.207031 0.544678
vn 0.812256 0.207031 0.544678
vn -0.337402 0.160889 0.927246
vn -0.337402 0.160889 0.927246
vn -0.337402 0.160889 0.927246
vn -0.337402 0.160889 0.927246
vn -0.337402 0.160889 0.927246
vn -0.337402 0.160889 0.927246
vn -0.273438 0.599854 0.751709
vn -0.273438 0.599854 0.751709
vn -0.273438 0.599854 0.751709
vn -0.273438 0.599854 0.751709
vn -0.273438 0.599854 0.751709
vn -0.273438 0.599854 0.751709
vn -0.599609 -0.425293 0.677734
vn -0.599609 -0.425293 0.677734
vn -0.599609 -0.425293 0.677734
vn -0.568848 -0.359131 0.739502
vn -0.568848 -0.359131 0.739502
vn -0.568848 -0.359131 0.739502
vn 0.023682 -0.425293 0.904541
vn 0.023682 -0.425293 0.904541
vn 0.023682 -0.425293 0.904541
vn -0.039307 -0.359131 0.932373
vn -0.039307 -0.359131 0.932373
vn -0.039307 -0.359131 0.932373
vn 0.633301 0.760498 0.141602
vn 0.633301 0.760498 0.141602
vn 0.633301 0.760498 0.141602
vn 0.652344 0.745850 0.133057
vn 0.652344 0.745850 0.133057
vn 0.652344 0.745850 0.133057
vn -0.939697 -0.002441 -0.341309
vn -0.939697 -0.002441 -0.341309
vn -0.939697 -0.002441 -0.341309
vn 0.936768 0.106201 0.333252
vn 0.936768 0.106201 0.333252
vn 0.936768 0.106201 0.333252
vn 0.057861 0.248535 0.966797
vn 0.057861 0.248535 0.966797
vn 0.057861 0.248535 0.966797
vn -0.059570 0.303467 0.950684
vn -0.059570 0.303467 0.950684
vn -0.059570 0.303467 0.950684
vn -0.938721 -0.005371 -0.344482
vn -0.938721 -0.005371 -0.344482
vn -0.938721 -0.005371 -0.344482
vn -0.939697 -0.010742 -0.341797
vn -0.939697 -0.010742 -0.341797
vn -0.939697 -0.010742 -0.341797
vn 0.531982 0.125244 -0.837158
vn 0.531982 0.125244 -0.837158
vn 0.531982 0.125244 -0.837158
vn 0.476807 0.107910 -0.872070
vn 0.476807 0.107910 -0.872070
vn 0.476807 0.107910 -0.872070
vn 0.946045 0.084717 0.312012
vn 0.946045 0.084717 0.312012
vn 0.946045 0.084717 0.312012
vn 0.934570 0.095215 0.342529
vn 0.934570 0.095215 0.342529
vn 0.934570 0.095215 0.342529
vn -0.145996 -0.539062 0.829346
vn -0.145996 -0.539062 0.829346
vn -0.145996 -0.539062 0.829346
vn -0.101807 -0.555908 0.824707
vn -0.101807 -0.555908 0.824707
vn -0.101807 -0.555908 0.824707
vn 0.224609 -0.974365 0.000488
vn 0.224609 -0.974365 0.000488
vn 0.224609 -0.974365 0.000488
vn 0.221191 -0.975098 0.001465
vn 0.221191 -0.975098 0.001465
vn 0.221191 -0.975098 0.001465
vn 0.039307 0.993164 -0.108398
vn 0.039307 0.993164 -0.108398
vn 0.039307 0.993164 -0.108398
vn 0.039307 0.993164 -0.108398
vn 0.039307 0.993164 -0.108398
vn 0.039307 0.993164 -0.108398
vn -0.867920 0.392090 -0.303955
vn -0.867920 0.392090 -0.303955
vn -0.867920 0.392090 -0.303955
vn 0.885254 0.326904 0.330566
vn 0.885254 0.326904 0.330566
vn 0.885254 0.326904 0.330566
vn 0.941406 0.000000 0.336670
vn 0.941406 0.000000 0.336670
vn 0.941406 0.000000 0.336670
vn -0.937744 0.000000 -0.346680
vn -0.937744 0.000000 -0.346680
vn -0.937744 0.000000 -0.346680
vn 0.574951 0.417969 -0.703125
vn 0.574951 0.417969 -0.703125
vn 0.574951 0.417969 -0.703125
vn 0.104492 0.181885 -0.977539
vn 0.104492 0.181885 -0.977539
vn 0.104492 0.181885 -0.977539
vn -0.943115 -0.053711 -0.327637
vn -0.943115 -0.053711 -0.327637
vn -0.943115 -0.053711 -0.327637
vn -0.952637 0.017090 -0.303223
vn -0.952637 0.017090 -0.303223
vn -0.952637 0.017090 -0.303223
vn -0.158447 -0.987305 0.004639
vn -0.158447 -0.987305 0.004639
vn -0.158447 -0.987305 0.004639
vn -0.028809 -0.996338 0.079590
vn -0.028809 -0.996338 0.079590
vn -0.028809 -0.996338 0.079590
vn -0.036865 0.993896 0.101807
vn -0.036865 0.993896 0.101807
vn -0.036865 0.993896 0.101807
vn 0.184082 0.974121 0.129639
vn 0.184082 0.974121 0.129639
vn 0.184082 0.974121 0.129639
vn 0.926514 0.034912 0.374023
vn 0.926514 0.034912 0.374023
vn 0.926514 0.034912 0.374023
vn 0.929932 0.010742 0.367432
vn 0.929932 0.010742 0.367432
vn 0.929932 0.010742 0.367432
vn 0.979004 0.139648 0.147461
vn 0.979004 0.139648 0.147461
vn 0.979004 0.139648 0.147461
vn -0.826660 -0.026611 -0.561768
vn -0.826660 -0.026611 -0.561768
vn -0.826660 -0.026611 -0.561768
vn -0.880859 0.066895 -0.468262
vn -0.880859 0.066895 -0.468262
vn -0.880859 0.066895 -0.468262
vn 0.266846 0.961426 -0.063965
vn 0.266846 0.961426 -0.063965
vn 0.266846 0.961426 -0.063965
vn 0.229004 0.972168 -0.043945
vn 0.229004 0.972168 -0.043945
vn 0.229004 0.972168 -0.043945
vn 0.151611 -0.986328 -0.060791
vn 0.151611 -0.986328 -0.060791
vn 0.151611 -0.986328 -0.060791
vn 0.979492 0.155518 -0.126953
vn 0.979492 0.155518 -0.126953
vn 0.979492 0.155518 -0.126953
vn 0.976074 0.216309 0.014160
vn 0.976074 0.216309 0.014160
vn 0.976074 0.216309 0.014160
vn -0.748291 -0.055176 -0.660645
vn -0.748291 -0.055176 -0.660645
vn -0.748291 -0.055176 -0.660645
vn 0.413086 0.455566 -0.788330
vn 0.413086 0.455566 -0.788330
vn 0.413086 0.455566 -0.788330
vn 0.411865 0.457031 -0.788086
vn 0.411865 0.457031 -0.788086
vn 0.411865 0.457031 -0.788086
vn 0.185547 -0.981934 0.030518
vn 0.185547 -0.981934 0.030518
vn 0.185547 -0.981934 0.030518
vn -0.923828 -0.156738 -0.348877
vn -0.923828 -0.156738 -0.348877
vn -0.923828 -0.156738 -0.348877
vn -0.631348 -0.775146 -0.012207
vn -0.631348 -0.775146 -0.012207
vn -0.631348 -0.775146 -0.012207
vn -0.966309 -0.244385 -0.079102
vn -0.966309 -0.244385 -0.079102
vn -0.966309 -0.244385 -0.079102
vn -0.916016 -0.137695 -0.375977
vn -0.916016 -0.137695 -0.375977
vn -0.916016 -0.137695 -0.375977
vn -0.727783 0.681152 0.077393
vn -0.727783 0.681152 0.077393
vn -0.727783 0.681152 0.077393
vn 0.329590 -0.890381 0.313232
vn 0.329590 -0.890381 0.313232
vn 0.329590 -0.890381 0.313232
vn 0.968750 0.093750 0.229492
vn 0.968750 0.093750 0.229492
vn 0.968750 0.093750 0.229492
vn 0.807617 0.210938 0.550537
vn 0.807617 0.210938 0.550537
vn 0.807617 0.210938 0.550537
vn 0.095947 0.970459 0.220459
vn 0.095947 0.970459 0.220459
vn 0.095947 0.970459 0.220459
vn -0.229492 -0.967773 0.103027
vn -0.229492 -0.967773 0.103027
vn -0.229492 -0.967773 0.103027
vn -0.272705 -0.961914 0.005371
vn -0.272705 -0.961914 0.005371
vn -0.272705 -0.961914 0.005371
vn -0.178711 0.971436 -0.155518
vn -0.178711 0.971436 -0.155518
vn -0.178711 0.971436 -0.155518
vn -0.317871 0.947998 0.002197
vn -0.317871 0.947998 0.002197
vn -0.317871 0.947998 0.002197
vn -0.949463 -0.088135 -0.300293
vn -0.949463 -0.088135 -0.300293
vn -0.949463 -0.088135 -0.300293
vn 0.257080 0.959473 0.113281
vn 0.257080 0.959473 0.113281
vn 0.257080 0.959473 0.113281
vn 0.223389 0.966553 0.124268
vn 0.223389 0.966553 0.124268
vn 0.223389 0.966553 0.124268
vn -0.944580 -0.071045 -0.320068
vn -0.944580 -0.071045 -0.320068
vn -0.944580 -0.071045 -0.320068
vn 0.583252 0.074219 -0.808838
vn 0.583252 0.074219 -0.808838
vn 0.583252 0.074219 -0.808838
vn 0.553955 0.044678 -0.831055
vn 0.553955 0.044678 -0.831055
vn 0.553955 0.044678 -0.831055
vn 0.858154 0.208984 0.468506
vn 0.858154 0.208984 0.468506
vn 0.858154 0.208984 0.468506
vn 0.895996 0.157715 0.414551
vn 0.895996 0.157715 0.414551
vn 0.895996 0.157715 0.414551
vn 0.154541 -0.980957 0.115723
vn 0.154541 -0.980957 0.115723
vn 0.154541 -0.980957 0.115723
vn 0.184082 -0.977295 0.102539
vn 0.184082 -0.977295 0.102539
vn 0.184082 -0.977295 0.102539
vn -0.035889 0.980713 0.191406
vn -0.035889 0.980713 0.191406
vn -0.035889 0.980713 0.191406
vn -0.053955 0.984375 0.166016
vn -0.053955 0.984375 0.166016
vn -0.053955 0.984375 0.166016
vn 0.922119 -0.229492 -0.310791
vn 0.922119 -0.229492 -0.310791
vn 0.922119 -0.229492 -0.310791
vn -0.145508 0.724121 0.673828
vn -0.145508 0.724121 0.673828
vn -0.145508 0.724121 0.673828
vn 0.154541 0.980469 0.120361
vn 0.154541 0.980469 0.120361
vn 0.154541 0.980469 0.120361
vn 0.119385 0.992432 0.020264
vn 0.119385 0.992432 0.020264
vn 0.119385 0.992432 0.020264
vn 0.705811 -0.386963 -0.593262
vn 0.705811 -0.386963 -0.593262
vn 0.705811 -0.386963 -0.593262
vn 0.350342 0.936523 0.002686
vn 0.350342 0.936523 0.002686
vn 0.350342 0.936523 0.002686
vn 0.607422 0.782959 0.132812
vn 0.607422 0.782959 0.132812
vn 0.607422 0.782959 0.132812
vn -0.986816 0.037842 -0.156250
vn -0.986816 0.037842 -0.156250
vn -0.986816 0.037842 -0.156250
vn -0.986816 0.037842 -0.156494
vn -0.986816 0.037842 -0.156494
vn -0.986816 0.037842 -0.156494
vn 0.057129 0.974609 0.216064
vn 0.057129 0.974609 0.216064
vn 0.057129 0.974609 0.216064
vn 0.938477 0.138428 0.315918
vn 0.938477 0.138428 0.315918
vn 0.938477 0.138428 0.315918
vn 0.992432 0.000000 0.121582
vn 0.992432 0.000000 0.121582
vn 0.992432 0.000000 0.121582
vn 0.786621 0.347168 0.510254
vn 0.786621 0.347168 0.510254
vn 0.786621 0.347168 0.510254
vn -0.204590 0.743896 0.635986
vn -0.204590 0.743896 0.635986
vn -0.204590 0.743896 0.635986
vn -0.576172 0.760498 -0.298584
vn -0.576172 0.760498 -0.298584
vn -0.576172 0.760498 -0.298584
vn -0.585449 0.745850 -0.317139
vn -0.585449 0.745850 -0.317139
vn -0.585449 0.745850 -0.317139
vn 0.939453 -0.002441 0.342529
vn 0.939453 -0.002441 0.342529
vn 0.939453 -0.002441 0.342529
vn -0.931641 0.106201 -0.346680
vn -0.931641 0.106201 -0.346680
vn -0.931641 0.106201 -0.346680
vn -0.665771 0.248535 0.703125
vn -0.665771 0.248535 0.703125
vn -0.665771 0.248535 0.703125
vn -0.565430 0.303467 0.766846
vn -0.565430 0.303467 0.766846
vn -0.565430 0.303467 0.766846
vn 0.940430 -0.005371 0.339355
vn 0.940430 -0.005371 0.339355
vn 0.940430 -0.005371 0.339355
vn 0.939453 -0.010742 0.342041
vn 0.939453 -0.010742 0.342041
vn 0.939453 -0.010742 0.342041
vn 0.130371 0.125244 -0.983398
vn 0.130371 0.125244 -0.983398
vn 0.130371 0.125244 -0.983398
vn 0.195068 0.107910 -0.974609
vn 0.195068 0.107910 -0.974609
vn 0.195068 0.107910 -0.974609
vn -0.925293 0.084717 -0.368896
vn -0.925293 0.084717 -0.368896
vn -0.925293 0.084717 -0.368896
vn -0.936035 0.095215 -0.338379
vn -0.936035 0.095215 -0.338379
vn -0.936035 0.095215 -0.338379
vn -0.421143 -0.539062 0.729248
vn -0.421143 -0.539062 0.729248
vn -0.421143 -0.539062 0.729248
vn -0.451904 -0.555908 0.697266
vn -0.451904 -0.555908 0.697266
vn -0.451904 -0.555908 0.697266
vn -0.172363 -0.974365 -0.143799
vn -0.172363 -0.974365 -0.143799
vn -0.172363 -0.974365 -0.143799
vn -0.170410 -0.975098 -0.140869
vn -0.170410 -0.975098 -0.140869
vn -0.170410 -0.975098 -0.140869
vn 0.039307 0.993164 -0.108398
vn 0.039307 0.993164 -0.108398
vn 0.039307 0.993164 -0.108398
vn 0.039307 0.993164 -0.108398
vn 0.039307 0.993164 -0.108398
vn 0.039307 0.993164 -0.108398
vn 0.860352 0.392090 0.324951
vn 0.860352 0.392090 0.324951
vn 0.860352 0.392090 0.324951
vn -0.890625 0.326904 -0.315674
vn -0.890625 0.326904 -0.315674
vn -0.890625 0.326904 -0.315674
vn -0.937744 0.000000 -0.347168
vn -0.937744 0.000000 -0.347168
vn -0.937744 0.000000 -0.347168
vn 0.941406 0.000000 0.337158
vn 0.941406 0.000000 0.337158
vn 0.941406 0.000000 0.337158
vn 0.011230 0.417969 -0.908203
vn 0.011230 0.417969 -0.908203
vn 0.011230 0.417969 -0.908203
vn 0.548096 0.181885 -0.816162
vn 0.548096 0.181885 -0.816162
vn 0.548096 0.181885 -0.816162
vn 0.933105 -0.053711 0.354980
vn 0.933105 -0.053711 0.354980
vn 0.933105 -0.053711 0.354980
vn 0.924805 0.017090 0.379883
vn 0.924805 0.017090 0.379883
vn 0.924805 0.017090 0.379883
vn 0.118164 -0.987305 0.105469
vn 0.118164 -0.987305 0.105469
vn 0.118164 -0.987305 0.105469
vn -0.028809 -0.996338 0.079590
vn -0.028809 -0.996338 0.079590
vn -0.028809 -0.996338 0.079590
vn -0.036865 0.993896 0.101807
vn -0.036865 0.993896 0.101807
vn -0.036865 0.993896 0.101807
vn -0.224365 0.974121 -0.019043
vn -0.224365 0.974121 -0.019043
vn -0.224365 0.974121 -0.019043
vn -0.950195 0.034912 -0.308838
vn -0.950195 0.034912 -0.308838
vn -0.950195 0.034912 -0.308838
vn -0.948486 0.010742 -0.316162
vn -0.948486 0.010742 -0.316162
vn -0.948486 0.010742 -0.316162
vn 0.023926 -0.999512 -0.013184
vn 0.023926 -0.999512 -0.013184
vn 0.023926 -0.999512 -0.013184
vn 0.296143 -0.847168 -0.440674
vn 0.296143 -0.847168 -0.440674
vn 0.296143 -0.847168 -0.440674
vn -0.245605 -0.875977 -0.414795
vn -0.245605 -0.875977 -0.414795
vn -0.245605 -0.875977 -0.414795
vn -0.844727 0.139648 -0.516357
vn -0.844727 0.139648 -0.516357
vn -0.844727 0.139648 -0.516357
vn 0.978760 0.067627 0.192627
vn 0.978760 0.067627 0.192627
vn 0.978760 0.067627 0.192627
vn 0.995361 0.010010 0.093018
vn 0.995361 0.010010 0.093018
vn 0.995361 0.010010 0.093018
vn 0.331543 -0.938232 -0.096436
vn 0.331543 -0.938232 -0.096436
vn 0.331543 -0.938232 -0.096436
vn -0.163330 0.961426 -0.220459
vn -0.163330 0.961426 -0.220459
vn -0.163330 0.961426 -0.220459
vn -0.147217 0.972168 -0.180908
vn -0.147217 0.972168 -0.180908
vn -0.147217 0.972168 -0.180908
vn -0.668701 0.155518 -0.726807
vn -0.668701 0.155518 -0.726807
vn -0.668701 0.155518 -0.726807
vn -0.756836 0.216309 -0.616211
vn -0.756836 0.216309 -0.616211
vn -0.756836 0.216309 -0.616211
vn 0.986328 0.019531 -0.162354
vn 0.986328 0.019531 -0.162354
vn 0.986328 0.019531 -0.162354
vn 0.190186 0.455566 -0.869385
vn 0.190186 0.455566 -0.869385
vn 0.190186 0.455566 -0.869385
vn 0.190918 0.457031 -0.868408
vn 0.190918 0.457031 -0.868408
vn 0.190918 0.457031 -0.868408
vn -0.301270 -0.929932 -0.209961
vn -0.301270 -0.929932 -0.209961
vn -0.301270 -0.929932 -0.209961
vn 0.841553 -0.156982 0.516602
vn 0.841553 -0.156982 0.516602
vn 0.841553 -0.156982 0.516602
vn 0.485596 -0.773193 0.407471
vn 0.485596 -0.773193 0.407471
vn 0.485596 -0.773193 0.407471
vn 0.796387 -0.176758 0.577881
vn 0.796387 -0.176758 0.577881
vn 0.796387 -0.176758 0.577881
vn 0.856201 -0.139404 0.497070
vn 0.856201 -0.139404 0.497070
vn 0.856201 -0.139404 0.497070
vn 0.507812 0.681152 0.527100
vn 0.507812 0.681152 0.527100
vn 0.507812 0.681152 0.527100
vn -0.453857 -0.890381 0.028076
vn -0.453857 -0.890381 0.028076
vn -0.453857 -0.890381 0.028076
vn -0.849365 0.242188 -0.468262
vn -0.849365 0.242188 -0.468262
vn -0.849365 0.242188 -0.468262
vn -0.810303 0.211182 -0.546387
vn -0.810303 0.211182 -0.546387
vn -0.810303 0.211182 -0.546387
vn -0.233887 0.958008 0.164795
vn -0.233887 0.958008 0.164795
vn -0.233887 0.958008 0.164795
vn 0.220947 -0.959961 0.171387
vn 0.220947 -0.959961 0.171387
vn 0.220947 -0.959961 0.171387
vn 0.205322 -0.961914 0.179443
vn 0.205322 -0.961914 0.179443
vn 0.205322 -0.961914 0.179443
vn 0.241699 0.934082 0.261963
vn 0.241699 0.934082 0.261963
vn 0.241699 0.934082 0.261963
vn 0.241943 0.947998 0.206055
vn 0.241943 0.947998 0.206055
vn 0.241943 0.947998 0.206055
vn 0.841064 -0.242920 0.482910
vn 0.841064 -0.242920 0.482910
vn 0.841064 -0.242920 0.482910
vn 0.342529 0.060547 -0.937256
vn 0.342529 0.060547 -0.937256
vn 0.342529 0.060547 -0.937256
vn -0.283203 0.958008 -0.041992
vn -0.283203 0.958008 -0.041992
vn -0.283203 0.958008 -0.041992
vn -0.296631 0.952393 -0.066895
vn -0.296631 0.952393 -0.066895
vn -0.296631 0.952393 -0.066895
vn 0.927979 -0.094482 0.360107
vn 0.927979 -0.094482 0.360107
vn 0.927979 -0.094482 0.360107
vn 0.072998 0.074219 -0.994385
vn 0.072998 0.074219 -0.994385
vn 0.072998 0.074219 -0.994385
vn -0.024902 0.151855 -0.988037
vn -0.024902 0.151855 -0.988037
vn -0.024902 0.151855 -0.988037
vn -0.950928 0.146729 -0.271729
vn -0.950928 0.146729 -0.271729
vn -0.950928 0.146729 -0.271729
vn -0.952881 0.157715 -0.258057
vn -0.952881 0.157715 -0.258057
vn -0.952881 0.157715 -0.258057
vn -0.201904 -0.979248 -0.013184
vn -0.201904 -0.979248 -0.013184
vn -0.201904 -0.979248 -0.013184
vn -0.348389 -0.927490 -0.134521
vn -0.348389 -0.927490 -0.134521
vn -0.348389 -0.927490 -0.134521
vn -0.088867 0.984131 0.153320
vn -0.088867 0.984131 0.153320
vn -0.088867 0.984131 0.153320
vn -0.058594 -0.980225 0.188232
vn -0.058594 -0.980225 0.188232
vn -0.058594 -0.980225 0.188232
vn -0.226807 0.950439 -0.211670
vn -0.226807 0.950439 -0.211670
vn -0.226807 0.950439 -0.211670
vn -0.321533 0.724121 0.609863
vn -0.321533 0.724121 0.609863
vn -0.321533 0.724121 0.609863
vn -0.196045 0.980469 -0.007080
vn -0.196045 0.980469 -0.007080
vn -0.196045 0.980469 -0.007080
vn 0.055664 0.986572 -0.153076
vn 0.055664 0.986572 -0.153076
vn 0.055664 0.986572 -0.153076
vn -0.000977 0.995850 -0.089355
vn -0.000977 0.995850 -0.089355
vn -0.000977 0.995850 -0.089355
vn 0.028320 -0.996338 -0.078369
vn 0.028320 -0.996338 -0.078369
vn 0.028320 -0.996338 -0.078369
vn 0.028320 -0.996338 -0.078369
vn 0.028320 -0.996338 -0.078369
vn 0.028320 -0.996338 -0.078369
vn -0.212891 0.043701 -0.975830
vn -0.212891 0.043701 -0.975830
vn -0.212891 0.043701 -0.975830
vn 0.142090 -0.347168 -0.926758
vn 0.142090 -0.347168 -0.926758
vn 0.142090 -0.347168 -0.926758
vn -0.194336 -0.822510 0.534180
vn -0.194336 -0.822510 0.534180
vn -0.194336 -0.822510 0.534180
vn -0.194336 -0.822510 0.534180
vn -0.194336 -0.822510 0.534180
vn -0.194336 -0.822510 0.534180
vn -0.270264 0.936523 -0.223145
vn -0.270264 0.936523 -0.223145
vn -0.270264 0.936523 -0.223145
vn 0.856445 0.037842 0.514404
vn 0.856445 0.037842 0.514404
vn 0.856445 0.037842 0.514404
vn 0.856689 0.037842 0.514404
vn 0.856689 0.037842 0.514404
vn 0.856689 0.037842 0.514404
vn -0.182617 0.974609 0.128906
vn -0.182617 0.974609 0.128906
vn -0.182617 0.974609 0.128906
vn 0.009277 0.999512 -0.025391
vn 0.009277 0.999512 -0.025391
vn 0.009277 0.999512 -0.025391
vn 0.009277 0.999512 -0.025391
vn 0.009277 0.999512 -0.025391
vn 0.009277 0.999512 -0.025391
vn -0.138916 -0.913574 0.381592
vn -0.138916 -0.913574 0.381592
vn -0.138916 -0.913574 0.381592
vn -0.138916 -0.913574 0.381592
vn -0.138916 -0.913574 0.381592
vn -0.138916 -0.913574 0.381592
vn -0.994385 0.061523 -0.084961
vn -0.994385 0.061523 -0.084961
vn -0.994385 0.061523 -0.084961
vn 0.000000 1.000000 0.000000
vn 0.000000 1.000000 0.000000
vn 0.000000 1.000000 0.000000
vn 0.000000 1.000000 0.000000
vn 0.000000 1.000000 0.000000
vn 0.000000 1.000000 0.000000
vn 0.079102 -0.972656 -0.217285
vn 0.079102 -0.972656 -0.217285
vn 0.079102 -0.972656 -0.217285
vn 0.079102 -0.972656 -0.217285
vn 0.079102 -0.972656 -0.217285
vn 0.079102 -0.972656 -0.217285
vn 0.328369 0.278809 -0.902344
vn 0.328369 0.278809 -0.902344
vn 0.328369 0.278809 -0.902344
vn 0.328369 0.278809 -0.902344
vn 0.328369 0.278809 -0.902344
vn 0.328369 0.278809 -0.902344
vn -0.341797 0.000000 0.939453
vn -0.341797 0.000000 0.939453
vn -0.341797 0.000000 0.939453
vn -0.341797 0.000000 0.939453
vn -0.341797 0.000000 0.939453
vn -0.341797 0.000000 0.939453
vn -0.922119 0.138428 -0.361084
vn -0.922119 0.138428 -0.361084
vn -0.922119 0.138428 -0.361084
vn -0.838379 0.000000 -0.544678
vn -0.838379 0.000000 -0.544678
vn -0.838379 0.000000 -0.544678
vn -0.930664 0.347168 -0.114502
vn -0.930664 0.347168 -0.114502
vn -0.930664 0.347168 -0.114502
vn -0.251953 0.743896 0.618896
vn -0.251953 0.743896 0.618896
vn -0.251953 0.743896 0.618896
vn 0.939209 -0.003662 0.342773
vn 0.939209 -0.003662 0.342773
vn 0.939209 -0.003662 0.342773
vn 0.939453 0.000000 0.341797
vn 0.939453 0.000000 0.341797
vn 0.939453 0.000000 0.341797
vn 0.939453 0.000000 0.342041
vn 0.939453 0.000000 0.342041
vn 0.939453 0.000000 0.342041
vn 0.659668 -0.729492 0.179688
vn 0.659668 -0.729492 0.179688
vn 0.659668 -0.729492 0.179688
vn 0.737305 -0.294678 0.607666
vn 0.737305 -0.294678 0.607666
vn 0.737305 -0.294678 0.607666
vn 0.816406 0.061523 0.573975
vn 0.816406 0.061523 0.573975
vn 0.816406 0.061523 0.573975
vn 0.778076 -0.319824 0.540283
vn 0.778076 -0.319824 0.540283
vn 0.778076 -0.319824 0.540283
vn -0.939941 -0.003662 -0.341064
vn -0.939941 -0.003662 -0.341064
vn -0.939941 -0.003662 -0.341064
vn -0.939453 0.000000 -0.341797
vn -0.939453 0.000000 -0.341797
vn -0.939453 0.000000 -0.341797
vn -0.939697 0.000000 -0.341797
vn -0.939697 0.000000 -0.341797
vn -0.939697 0.000000 -0.341797
vn -0.620850 -0.729492 -0.286377
vn -0.620850 -0.729492 -0.286377
vn -0.620850 -0.729492 -0.286377
vn -0.955322 -0.294678 -0.008301
vn -0.955322 -0.294678 -0.008301
vn -0.955322 -0.294678 -0.008301
vn -0.943359 -0.319824 -0.085938
vn -0.943359 -0.319824 -0.085938
vn -0.943359 -0.319824 -0.085938
vn 0.432861 0.157959 0.887207
vn 0.432861 0.157959 0.887207
vn 0.432861 0.157959 0.887207
vn 0.403320 0.158447 0.901123
vn 0.403320 0.158447 0.901123
vn 0.403320 0.158447 0.901123
vn -0.197754 0.722168 0.662598
vn -0.197754 0.722168 0.662598
vn -0.197754 0.722168 0.662598
vn -0.290283 -0.528320 0.797607
vn -0.290283 -0.528320 0.797607
vn -0.290283 -0.528320 0.797607
vn -0.290283 -0.528320 0.797607
vn -0.290283 -0.528320 0.797607
vn -0.290283 -0.528320 0.797607
vn -0.902100 0.157959 0.401367
vn -0.902100 0.157959 0.401367
vn -0.902100 0.157959 0.401367
vn -0.888184 0.158447 0.430908
vn -0.888184 0.158447 0.430908
vn -0.888184 0.158447 0.430908
vn -0.229980 0.739502 0.632324
vn -0.229980 0.739502 0.632324
vn -0.229980 0.739502 0.632324
vn -0.319824 0.572998 0.754150
vn -0.319824 0.572998 0.754150
vn -0.319824 0.572998 0.754150
vn -0.333496 0.219971 0.916504
vn -0.333496 0.219971 0.916504
vn -0.333496 0.219971 0.916504
vn -0.333496 0.219971 0.916504
vn -0.333496 0.219971 0.916504
vn -0.333496 0.219971 0.916504
vn -0.229736 -0.705078 0.670654
vn -0.229736 -0.705078 0.670654
vn -0.229736 -0.705078 0.670654
vn -0.226318 -0.708740 0.667969
vn -0.226318 -0.708740 0.667969
vn -0.226318 -0.708740 0.667969
vn 0.140381 -0.927246 0.346680
vn 0.140381 -0.927246 0.346680
vn 0.140381 -0.927246 0.346680
vn 0.270996 -0.854004 0.443604
vn 0.270996 -0.854004 0.443604
vn 0.270996 -0.854004 0.443604
vn -0.254883 -0.705078 0.661621
vn -0.254883 -0.705078 0.661621
vn -0.254883 -0.705078 0.661621
vn -0.255859 -0.708740 0.657227
vn -0.255859 -0.708740 0.657227
vn -0.255859 -0.708740 0.657227
vn -0.330566 -0.927246 0.175293
vn -0.330566 -0.927246 0.175293
vn -0.330566 -0.927246 0.175293
vn -0.492676 -0.854004 0.165527
vn -0.492676 -0.854004 0.165527
vn -0.492676 -0.854004 0.165527
vn -0.280029 0.278076 0.918701
vn -0.280029 0.278076 0.918701
vn -0.280029 0.278076 0.918701
vn -0.280762 0.279053 0.917969
vn -0.280762 0.279053 0.917969
vn -0.280762 0.279053 0.917969
vn 0.816406 0.053711 0.574707
vn 0.816406 0.053711 0.574707
vn 0.816406 0.053711 0.574707
vn 0.816406 0.053711 0.574707
vn 0.816406 0.053711 0.574707
vn 0.816406 0.053711 0.574707
vn 0.980957 -0.069336 0.180908
vn 0.980957 -0.069336 0.180908
vn 0.980957 -0.069336 0.180908
vn 0.998047 0.027588 0.052490
vn 0.998047 0.027588 0.052490
vn 0.998047 0.027588 0.052490
vn -0.375732 0.278076 0.883789
vn -0.375732 0.278076 0.883789
vn -0.375732 0.278076 0.883789
vn -0.375000 0.279053 0.883789
vn -0.375000 0.279053 0.883789
vn -0.375000 0.279053 0.883789
vn -0.994873 0.053711 -0.084473
vn -0.994873 0.053711 -0.084473
vn -0.994873 0.053711 -0.084473
vn -0.994873 0.053711 -0.084473
vn -0.994873 0.053711 -0.084473
vn -0.994873 0.053711 -0.084473
vn -0.867676 -0.069336 -0.491699
vn -0.867676 -0.069336 -0.491699
vn -0.867676 -0.069336 -0.491699
vn -0.798340 0.027588 -0.601318
vn -0.798340 0.027588 -0.601318
vn -0.798340 0.027588 -0.601318
vn 0.873047 0.312988 0.373779
vn 0.873047 0.312988 0.373779
vn 0.873047 0.312988 0.373779
vn -0.169922 0.864258 0.473145
vn -0.169922 0.864258 0.473145
vn -0.169922 0.864258 0.473145
vn 0.844971 0.323730 0.425049
vn 0.844971 0.323730 0.425049
vn 0.844971 0.323730 0.425049
vn 0.845459 0.484863 0.223145
vn 0.845459 0.484863 0.223145
vn 0.845459 0.484863 0.223145
vn 0.121338 0.934814 -0.333252
vn 0.121338 0.934814 -0.333252
vn 0.121338 0.934814 -0.333252
vn -0.284424 0.555176 0.781494
vn -0.284424 0.555176 0.781494
vn -0.284424 0.555176 0.781494
vn -0.908936 0.312988 -0.274658
vn -0.908936 0.312988 -0.274658
vn -0.908936 0.312988 -0.274658
vn -0.171631 0.864502 0.471924
vn -0.171631 0.864502 0.471924
vn -0.171631 0.864502 0.471924
vn -0.173828 0.864258 0.471680
vn -0.173828 0.864258 0.471680
vn -0.173828 0.864258 0.471680
vn -0.920654 0.323730 -0.217285
vn -0.920654 0.323730 -0.217285
vn -0.920654 0.323730 -0.217285
vn -0.791016 0.484863 -0.372314
vn -0.791016 0.484863 -0.372314
vn -0.791016 0.484863 -0.372314
vn -0.341797 0.002686 0.939453
vn -0.341797 0.002686 0.939453
vn -0.341797 0.002686 0.939453
vn -0.341797 0.002686 0.939453
vn -0.341797 0.002686 0.939453
vn -0.341797 0.002686 0.939453
vn -0.341797 0.002930 0.939453
vn -0.341797 0.002930 0.939453
vn -0.341797 0.002930 0.939453
vn -0.341797 0.002930 0.939453
vn -0.341797 0.002930 0.939453
vn -0.341797 0.002930 0.939453
vn -0.339600 -0.016113 0.940186
vn -0.339600 -0.016113 0.940186
vn -0.339600 -0.016113 0.940186
vn -0.341797 -0.016846 0.939453
vn -0.341797 -0.016846 0.939453
vn -0.341797 -0.016846 0.939453
vn -0.339355 -0.016846 0.940186
vn -0.339355 -0.016846 0.940186
vn -0.339355 -0.016846 0.940186
vn -0.343262 -0.000488 0.939209
vn -0.343262 -0.000488 0.939209
vn -0.343262 -0.000488 0.939209
vn -0.343506 -0.000488 0.938965
vn -0.343506 -0.000488 0.938965
vn -0.343506 -0.000488 0.938965
vn -0.238037 0.027588 0.970703
vn -0.238037 0.027588 0.970703
vn -0.238037 0.027588 0.970703
vn -0.150879 0.011475 0.988281
vn -0.150879 0.011475 0.988281
vn -0.150879 0.011475 0.988281
vn -0.341797 0.002686 0.939453
vn -0.341797 0.002686 0.939453
vn -0.341797 0.002686 0.939453
vn -0.341797 0.002686 0.939453
vn -0.341797 0.002686 0.939453
vn -0.341797 0.002686 0.939453
vn -0.341797 0.002930 0.939453
vn -0.341797 0.002930 0.939453
vn -0.341797 0.002930 0.939453
vn -0.341797 0.002930 0.939453
vn -0.341797 0.002930 0.939453
vn -0.341797 0.002930 0.939453
vn -0.344238 -0.016113 0.938477
vn -0.344238 -0.016113 0.938477
vn -0.344238 -0.016113 0.938477
vn -0.341797 -0.016846 0.939453
vn -0.341797 -0.016846 0.939453
vn -0.341797 -0.016846 0.939453
vn -0.344238 -0.016846 0.938477
vn -0.344238 -0.016846 0.938477
vn -0.344238 -0.016846 0.938477
vn -0.340576 -0.000488 0.939941
vn -0.340576 -0.000488 0.939941
vn -0.340576 -0.000488 0.939941
vn -0.396484 -0.137207 0.907471
vn -0.396484 -0.137207 0.907471
vn -0.396484 -0.137207 0.907471
vn -0.420654 0.031738 0.906494
vn -0.420654 0.031738 0.906494
vn -0.420654 0.031738 0.906494
vn -0.519775 0.011475 0.854004
vn -0.519775 0.011475 0.854004
vn -0.519775 0.011475 0.854004
vn 0.000000 1.000000 0.000000
vn 0.000000 1.000000 0.000000
vn 0.000000 1.000000 0.000000
vn 0.989014 0.000000 -0.146729
vn 0.989014 0.000000 -0.146729
vn 0.989014 0.000000 -0.146729
vn 0.989014 0.000000 -0.146729
vn 0.989014 0.000000 -0.146729
vn 0.989014 0.000000 -0.146729
vn 0.663330 0.000000 0.748047
vn 0.663330 0.000000 0.748047
vn 0.663330 0.000000 0.748047
vn 0.663330 0.000000 0.748047
vn 0.663330 0.000000 0.748047
vn 0.663330 0.000000 0.748047
vn 0.000000 1.000000 0.000000
vn 0.000000 1.000000 0.000000
vn 0.000000 1.000000 0.000000
vn -0.663330 0.000000 -0.748047
vn -0.663330 0.000000 -0.748047
vn -0.663330 0.000000 -0.748047
vn -0.663330 0.000000 -0.748047
vn -0.663330 0.000000 -0.748047
vn -0.663330 0.000000 -0.748047
vn -0.989014 0.000000 0.146729
vn -0.989014 0.000000 0.146729
vn -0.989014 0.000000 0.146729
vn -0.989014 0.000000 0.146729
vn -0.989014 0.000000 0.146729
vn -0.989014 0.000000 0.146729
vn 0.341797 0.000000 -0.939453
vn 0.341797 0.000000 -0.939453
vn 0.341797 0.000000 -0.939453
vn 0.341797 0.000000 -0.939453
vn 0.341797 0.000000 -0.939453
vn 0.341797 0.000000 -0.939453
vn 0.000000 1.000000 0.000000
vn 0.000000 1.000000 0.000000
vn 0.000000 1.000000 0.000000
vn 0.000000 1.000000 0.000000
vn 0.000000 1.000000 0.000000
vn 0.000000 1.000000 0.000000
vn -0.341797 0.000000 0.939453
vn -0.341797 0.000000 0.939453
vn -0.341797 0.000000 0.939453
vn -0.341797 0.000000 0.939453
vn -0.341797 0.000000 0.939453
vn -0.341797 0.000000 0.939453
vn 0.545654 -0.649902 0.528809
vn 0.545654 -0.649902 0.528809
vn 0.545654 -0.649902 0.528809
vn 0.755127 -0.437256 0.488037
vn 0.755127 -0.437256 0.488037
vn 0.755127 -0.437256 0.488037
vn 0.969482 -0.187012 0.157959
vn 0.969482 -0.187012 0.157959
vn 0.969482 -0.187012 0.157959
vn 0.741211 0.409912 -0.531006
vn 0.741211 0.409912 -0.531006
vn 0.741211 0.409912 -0.531006
vn -0.169922 -0.867676 0.466797
vn -0.169922 -0.867676 0.466797
vn -0.169922 -0.867676 0.466797
vn 0.226074 -0.750244 -0.621094
vn 0.226074 -0.750244 -0.621094
vn 0.226074 -0.750244 -0.621094
vn -0.757812 -0.649902 0.054199
vn -0.757812 -0.649902 0.054199
vn -0.757812 -0.649902 0.054199
vn -0.892090 -0.437256 -0.111328
vn -0.892090 -0.437256 -0.111328
vn -0.892090 -0.437256 -0.111328
vn -0.844238 -0.187012 -0.501953
vn -0.844238 -0.187012 -0.501953
vn -0.844238 -0.187012 -0.501953
vn 0.303711 0.458496 -0.834961
vn 0.303711 0.458496 -0.834961
vn 0.303711 0.458496 -0.834961
vn -0.226318 0.409912 -0.883301
vn -0.226318 0.409912 -0.883301
vn -0.226318 0.409912 -0.883301
vn -0.169922 -0.867676 0.466797
vn -0.169922 -0.867676 0.466797
vn -0.169922 -0.867676 0.466797
vn -0.169922 -0.867676 0.466797
vn -0.169922 -0.867676 0.466797
vn -0.169922 -0.867676 0.466797
vn 0.226074 -0.750244 -0.621094
vn 0.226074 -0.750244 -0.621094
vn 0.226074 -0.750244 -0.621094
vn 0.226074 -0.750244 -0.621094
vn 0.226074 -0.750244 -0.621094
vn 0.226074 -0.750244 -0.621094
usemtl Texture
f 1/1/1 2/2/2 3/3/3
f 4/4/4 5/5/5 6/6/6
f 7/7/7 8/8/8 9/9/9
f 10/10/10 11/11/11 12/12/12
f 13/13/13 14/14/14 15/15/15
f 16/16/16 17/17/17 18/18/18
f 19/19/19 20/20/20 21/21/21
f 22/22/22 23/23/23 24/24/24
f 25/25/25 26/26/26 27/27/27
f 28/28/28 29/29/29 30/30/30
f 31/31/31 32/32/32 33/33/33
f 34/34/34 35/35/35 36/36/36
f 37/37/37 38/38/38 39/39/39
f 40/40/40 41/41/41 42/42/42
f 43/43/43 44/44/44 45/45/45
f 46/46/46 47/47/47 48/48/48
f 49/49/49 50/50/50 51/51/51
f 52/52/52 53/53/53 54/54/54
f 55/55/55 56/56/56 57/57/57
f 58/58/58 59/59/59 60/60/60
f 61/61/61 62/62/62 63/63/63
f 64/64/64 65/65/65 66/66/66
f 67/67/67 68/68/68 69/69/69
f 70/70/70 71/71/71 72/72/72
f 73/73/73 74/74/74 75/75/75
f 76/76/76 77/77/77 78/78/78
f 79/79/79 80/80/80 81/81/81
f 82/82/82 83/83/83 84/84/84
f 85/85/85 86/86/86 87/87/87
f 88/88/88 89/89/89 90/90/90
f 91/91/91 92/92/92 93/93/93
f 94/94/94 95/95/95 96/96/96
f 97/97/97 98/98/98 99/99/99
f 100/100/100 101/101/101 102/102/102
f 103/103/103 104/104/104 105/105/105
f 106/106/106 107/107/107 108/108/108
f 109/109/109 110/110/110 111/111/111
f 112/112/112 113/113/113 114/114/114
f 115/115/115 116/116/116 117/117/117
f 118/118/118 119/119/119 120/120/120
f 121/121/121 122/122/122 123/123/123
f 124/124/124 125/125/125 126/126/126
f 127/127/127 128/128/128 129/129/129
f 130/130/130 131/131/131 132/132/132
f 133/133/133 134/134/134 135/135/135
f 136/136/136 137/137/137 138/138/138
f 139/139/139 140/140/140 141/141/141
f 142/142/142 143/143/143 144/144/144
f 145/145/145 146/146/146 147/147/147
f 148/148/148 149/149/149 150/150/150
f 151/151/151 152/152/152 153/153/153
f 154/154/154 155/155/155 156/156/156
f 157/157/157 158/158/158 159/159/159
f 160/160/160 161/161/161 162/162/162
f 163/163/163 164/164/164 165/165/165
f 166/166/166 167/167/167 168/168/168
f 169/169/169 170/170/170 171/171/171
f 172/172/172 173/173/173 174/174/174
f 175/175/175 176/176/176 177/177/177
f 178/178/178 179/179/179 180/180/180
f 181/181/181 182/182/182 183/183/183
f 184/184/184 185/185/185 186/186/186
f 187/187/187 188/188/188 189/189/189
f 190/190/190 191/191/191 192/192/192
f 193/193/193 194/194/194 195/195/195
f 196/196/196 197/197/197 198/198/198
f 199/199/199 200/200/200 201/201/201
f 202/202/202 203/203/203 204/204/204
f 205/205/205 206/206/206 207/207/207
f 208/208/208 209/209/209 210/210/210
f 211/211/211 212/212/212 213/213/213
f 214/214/214 215/215/215 216/216/216
f 217/217/217 218/218/218 219/219/219
f 220/220/220 221/221/221 222/222/222
f 223/223/223 224/224/224 225/225/225
f 226/226/226 227/227/227 228/228/228
f 229/229/229 230/230/230 231/231/231
f 232/232/232 233/233/233 234/234/234
f 235/235/235 236/236/236 237/237/237
f 238/238/238 239/239/239 240/240/240
f 241/241/241 242/242/242 243/243/243
f 244/244/244 245/245/245 246/246/246
f 247/247/247 248/248/248 249/249/249
f 250/250/250 251/251/251 252/252/252
f 253/253/253 254/254/254 255/255/255
f 256/256/256 257/257/257 258/258/258
f 259/259/259 260/260/260 261/261/261
f 262/262/262 263/263/263 264/264/264
f 265/265/265 266/266/266 267/267/267
f 268/268/268 269/269/269 270/270/270
f 271/271/271 272/272/272 273/273/273
f 274/274/274 275/275/275 276/276/276
f 277/277/277 278/278/278 279/279/279
f 280/280/280 281/281/281 282/282/282
f 283/283/283 284/284/284 285/285/285
f 286/286/286 287/287/287 288/288/288
f 289/289/289 290/290/290 291/291/291
f 292/292/292 293/293/293 294/294/294
f 295/295/295 296/296/296 297/297/297
f 298/298/298 299/299/299 300/300/300
f 301/301/301 302/302/302 303/303/303
f 304/304/304 305/305/305 306/306/306
f 307/307/307 308/308/308 309/309/309
f 310/310/310 311/311/311 312/312/312
f 313/313/313 314/314/314 315/315/315
f 316/316/316 317/317/317 318/318/318
f 319/319/319 320/320/320 321/321/321
f 322/322/322 323/323/323 324/324/324
f 325/325/325 326/326/326 327/327/327
f 328/328/328 329/329/329 330/330/330
f 331/331/331 332/332/332 333/333/333
f 334/334/334 335/335/335 336/336/336
f 337/337/337 338/338/338 339/339/339
f 340/340/340 341/341/341 342/342/342
f 343/343/343 344/344/344 345/345/345
f 346/346/346 347/347/347 348/348/348
f 349/349/349 350/350/350 351/351/351
f 352/352/352 353/353/353 354/354/354
f 355/355/355 356/356/356 357/357/357
f 358/358/358 359/359/359 360/360/360
f 361/361/361 362/362/362 363/363/363
f 364/364/364 365/365/365 366/366/366
f 367/367/367 368/368/368 369/369/369
f 370/370/370 371/371/371 372/372/372
f 373/373/373 374/374/374 375/375/375
f 376/376/376 377/377/377 378/378/378
f 379/379/379 380/380/380 381/381/381
f 382/382/382 383/383/383 384/384/384
f 385/385/385 386/386/386 387/387/387
f 388/388/388 389/389/389 390/390/390
f 391/391/391 392/392/392 393/393/393
f 394/394/394 395/395/395 396/396/396
f 397/397/397 398/398/398 399/399/399
f 400/400/400 401/401/401 402/402/402
f 403/403/403 404/404/404 405/405/405
f 406/406/406 407/407/407 408/408/408
f 409/409/409 410/410/410 411/411/411
f 412/412/412 413/413/413 414/414/414
f 415/415/415 416/416/416 417/417/417
f 418/418/418 419/419/419 420/420/420
f 421/421/421 422/422/422 423/423/423
f 424/424/424 425/425/425 426/426/426
f 427/427/427 428/428/428 429/429/429
f 430/430/430 431/431/431 432/432/432
f 433/433/433 434/434/434 435/435/435
f 436/436/436 437/437/437 438/438/438
f 439/439/439 440/440/440 441/441/441
f 442/442/442 443/443/443 444/444/444
f 445/445/445 446/446/446 447/447/447
f 448/448/448 449/449/449 450/450/450
f 451/451/451 452/452/452 453/453/453
f 454/454/454 455/455/455 456/456/456
f 457/457/457 458/458/458 459/459/459
f 460/460/460 461/461/461 462/462/462
f 463/463/463 464/464/464 465/465/465
f 466/466/466 467/467/467 468/468/468
f 469/469/469 470/470/470 471/471/471
f 472/472/472 473/473/473 474/474/474
f 475/475/475 476/476/476 477/477/477
f 478/478/478 479/479/479 480/480/480
f 481/481/481 482/482/482 483/483/483
f 484/484/484 485/485/485 486/486/486
f 487/487/487 488/488/488 489/489/489
f 490/490/490 491/491/491 492/492/492
f 493/493/493 494/494/494 495/495/495
f 496/496/496 497/497/497 498/498/498
f 499/499/499 500/500/500 501/501/501
f 502/502/502 503/503/503 504/504/504
f 505/505/505 506/506/506 507/507/507
f 508/508/508 509/509/509 510/510/510
f 511/511/511 512/512/512 513/513/513
f 514/514/514 515/515/515 516/516/516
f 517/517/517 518/518/518 519/519/519
f 520/520/520 521/521/521 522/522/522
f 523/523/523 524/524/524 525/525/525
f 526/526/526 527/527/527 528/528/528
f 529/529/529 530/530/530 531/531/531
f 532/532/532 533/533/533 534/534/534
f 535/535/535 536/536/536 537/537/537
f 538/538/538 539/539/539 540/540/540
f 541/541/541 542/542/542 543/543/543
f 544/544/544 545/545/545 546/546/546
f 547/547/547 548/548/548 549/549/549
f 550/550/550 551/551/551 552/552/552
f 553/553/553 554/554/554 555/555/555
f 556/556/556 557/557/557 558/558/558
f 559/559/559 560/560/560 561/561/561
f 562/562/562 563/563/563 564/564/564
f 565/565/565 566/566/566 567/567/567
f 568/568/568 569/569/569 570/570/570
f 571/571/571 572/572/572 573/573/573
f 574/574/574 575/575/575 576/576/576
f 577/577/577 578/578/578 579/579/579
f 580/580/580 581/581/581 582/582/582
f 583/583/583 584/584/584 585/585/585
f 586/586/586 587/587/587 588/588/588
f 589/589/589 590/590/590 591/591/591
f 592/592/592 593/593/593 594/594/594
f 595/595/595 596/596/596 597/597/597
f 598/598/598 599/599/599 600/600/600
f 601/601/601 602/602/602 603/603/603
f 604/604/604 605/605/605 606/606/606
f 607/607/607 608/608/608 609/609/609
f 610/610/610 611/611/611 612/612/612
f 613/613/613 614/614/614 615/615/615
f 616/616/616 617/617/617 618/618/618
f 619/619/619 620/620/620 621/621/621
f 622/622/622 623/623/623 624/624/624
f 625/625/625 626/626/626 627/627/627
f 628/628/628 629/629/629 630/630/630
f 631/631/631 632/632/632 633/633/633
f 634/634/634 635/635/635 636/636/636
f 637/637/637 638/638/638 639/639/639
f 640/640/640 641/641/641 642/642/642
f 643/643/643 644/644/644 645/645/645
f 646/646/646 647/647/647 648/648/648
f 649/649/649 650/650/650 651/651/651
f 652/652/652 653/653/653 654/654/654
f 655/655/655 656/656/656 657/657/657
f 658/658/658 659/659/659 660/660/660
f 661/661/661 662/662/662 663/663/663
f 664/664/664 665/665/665 666/666/666
f 667/667/667 668/668/668 669/669/669
f 670/670/670 671/671/671 672/672/672
f 673/673/673 674/674/674 675/675/675
f 676/676/676 677/677/677 678/678/678
f 679/679/679 680/680/680 681/681/681
f 682/682/682 683/683/683 684/684/684
f 685/685/685 686/686/686 687/687/687
f 688/688/688 689/689/689 690/690/690
f 691/691/691 692/692/692 693/693/693
f 694/694/694 695/695/695 696/696/696
f 697/697/697 698/698/698 699/699/699
f 700/700/700 701/701/701 702/702/702
f 703/703/703 704/704/704 705/705/705
f 706/706/706 707/707/707 708/708/708
f 709/709/709 710/710/710 711/711/711
f 712/712/712 713/713/713 714/714/714
f 715/715/715 716/716/716 717/717/717
f 718/718/718 719/719/719 720/720/720
f 721/721/721 722/722/722 723/723/723
f 724/724/724 725/725/725 726/726/726
f 727/727/727 728/728/728 729/729/729
f 730/730/730 731/731/731 732/732/732
f 733/733/733 734/734/734 735/735/735
f 736/736/736 737/737/737 738/738/738
f 739/739/739 740/740/740 741/741/741
f 742/742/742 743/743/743 744/744/744
f 745/745/745 746/746/746 747/747/747
f 748/748/748 749/749/749 750/750/750
f 751/751/751 752/752/752 753/753/753
f 754/754/754 755/755/755 756/756/756
f 757/757/757 758/758/758 759/759/759
f 760/760/760 761/761/761 762/762/762
f 763/763/763 764/764/764 765/765/765
f 766/766/766 767/767/767 768/768/768
f 769/769/769 770/770/770 771/771/771
f 772/772/772 773/773/773 774/774/774
f 775/775/775 776/776/776 777/777/777
f 778/778/778 779/779/779 780/780/780
f 781/781/781 782/782/782 783/783/783
f 784/784/784 785/785/785 786/786/786
f 787/787/787 788/788/788 789/789/789
f 790/790/790 791/791/791 792/792/792
f 793/793/793 794/794/794 795/795/795
f 796/796/796 797/797/797 798/798/798
f 799/799/799 800/800/800 801/801/801
f 802/802/802 803/803/803 804/804/804
f 805/805/805 806/806/806 807/807/807
f 808/808/808 809/809/809 810/810/810
f 811/811/811 812/812/812 813/813/813
f 814/814/814 815/815/815 816/816/816
f 817/817/817 818/818/818 819/819/819
f 820/820/820 821/821/821 822/822/822
f 823/823/823 824/824/824 825/825/825
f 826/826/826 827/827/827 828/828/828
f 829/829/829 830/830/830 831/831/831
f 832/832/832 833/833/833 834/834/834
f 835/835/835 836/836/836 837/837/837
f 838/838/838 839/839/839 840/840/840
f 841/841/841 842/842/842 843/843/843
f 844/844/844 845/845/845 846/846/846
f 847/847/847 848/848/848 849/849/849
f 850/850/850 851/851/851 852/852/852
f 853/853/853 854/854/854 855/855/855
f 856/856/856 857/857/857 858/858/858
f 859/859/859 860/860/860 861/861/861
f 862/862/862 863/863/863 864/864/864
f 865/865/865 866/866/866 867/867/867
f 868/868/868 869/869/869 870/870/870
f 871/871/871 872/872/872 873/873/873
f 874/874/874 875/875/875 876/876/876
f 877/877/877 878/878/878 879/879/879
f 880/880/880 881/881/881 882/882/882
f 883/883/883 884/884/884 885/885/885
f 886/886/886 887/887/887 888/888/888
f 889/889/889 890/890/890 891/891/891
f 892/892/892 893/893/893 894/894/894
f 895/895/895 896/896/896 897/897/897
f 898/898/898 899/899/899 900/900/900
f 901/901/901 902/902/902 903/903/903
f 904/904/904 905/905/905 906/906/906
f 907/907/907 908/908/908 909/909/909
f 910/910/910 911/911/911 912/912/912
f 913/913/913 914/914/914 915/915/915
f 916/916/916 917/917/917 918/918/918
f 919/919/919 920/920/920 921/921/921
f 922/922/922 923/923/923 924/924/924
f 925/925/925 926/926/926 927/927/927
f 928/928/928 929/929/929 930/930/930
f 931/931/931 932/932/932 933/933/933
f 934/934/934 935/935/935 936/936/936
f 937/937/937 938/938/938 939/939/939
f 940/940/940 941/941/941 942/942/942
f 943/943/943 944/944/944 945/945/945
f 946/946/946 947/947/947 948/948/948
f 949/949/949 950/950/950 951/951/951
f 952/952/952 953/953/953 954/954/954
f 955/955/955 956/956/956 957/957/957
f 958/958/958 959/959/959 960/960/960
f 961/961/961 962/962/962 963/963/963
f 964/964/964 965/965/965 966/966/966
f 967/967/967 968/968/968 969/969/969
f 970/970/970 971/971/971 972/972/972
f 973/973/973 974/974/974 975/975/975
f 976/976/976 977/977/977 978/978/978
f 979/979/979 980/980/980 981/981/981
f 982/982/982 983/983/983 984/984/984
f 985/985/985 986/986/986 987/987/987
f 988/988/988 989/989/989 990/990/990
f 991/991/991 992/992/992 993/993/993
f 994/994/994 995/995/995 996/996/996
f 997/997/997 998/998/998 999/999/999
f 1000/1000/1000 1001/1001/1001 1002/1002/1002
f 1003/1003/1003 1004/1004/1004 1005/1005/1005
f 1006/1006/1006 1007/1007/1007 1008/1008/1008
f 1009/1009/1009 1010/1010/1010 1011/1011/1011
f 1012/1012/1012 1013/1013/1013 1014/1014/1014
f 1015/1015/1015 1016/1016/1016 1017/1017/1017
f 1018/1018/1018 1019/1019/1019 1020/1020/1020
f 1021/1021/1021 1022/1022/1022 1023/1023/1023
f 1024/1024/1024 1025/1025/1025 1026/1026/1026
f 1027/1027/1027 1028/1028/1028 1029/1029/1029
f 1030/1030/1030 1031/1031/1031 1032/1032/1032
f 1033/1033/1033 1034/1034/1034 1035/1035/1035
f 1036/1036/1036 1037/1037/1037 1038/1038/1038
f 1039/1039/1039 1040/1040/1040 1041/1041/1041
f 1042/1042/1042 1043/1043/1043 1044/1044/1044
f 1045/1045/1045 1046/1046/1046 1047/1047/1047
f 1048/1048/1048 1049/1049/1049 1050/1050/1050
f 1051/1051/1051 1052/1052/1052 1053/1053/1053
f 1054/1054/1054 1055/1055/1055 1056/1056/1056
f 1057/1057/1057 1058/1058/1058 1059/1059/1059
f 1060/1060/1060 1061/1061/1061 1062/1062/1062
f 1063/1063/1063 1064/1064/1064 1065/1065/1065
f 1066/1066/1066 1067/1067/1067 1068/1068/1068
f 1069/1069/1069 1070/1070/1070 1071/1071/1071
f 1072/1072/1072 1073/1073/1073 1074/1074/1074
f 1075/1075/1075 1076/1076/1076 1077/1077/1077
f 1078/1078/1078 1079/1079/1079 1080/1080/1080
f 1081/1081/1081 1082/1082/1082 1083/1083/1083
f 1084/1084/1084 1085/1085/1085 1086/1086/1086
f 1087/1087/1087 1088/1088/1088 1089/1089/1089
f 1090/1090/1090 1091/1091/1091 1092/1092/1092
f 1093/1093/1093 1094/1094/1094 1095/1095/1095
f 1096/1096/1096 1097/1097/1097 1098/1098/1098
f 1099/1099/1099 1100/1100/1100 1101/1101/1101
f 1102/1102/1102 1103/1103/1103 1104/1104/1104
f 1105/1105/1105 1106/1106/1106 1107/1107/1107
f 1108/1108/1108 1109/1109/1109 1110/1110/1110
f 1111/1111/1111 1112/1112/1112 1113/1113/1113
f 1114/1114/1114 1115/1115/1115 1116/1116/1116
f 1117/1117/1117 1118/1118/1118 1119/1119/1119
f 1120/1120/1120 1121/1121/1121 1122/1122/1122
f 1123/1123/1123 1124/1124/1124 1125/1125/1125
f 1126/1126/1126 1127/1127/1127 1128/1128/1128
f 1129/1129/1129 1130/1130/1130 1131/1131/1131
f 1132/1132/1132 1133/1133/1133 1134/1134/1134
f 1135/1135/1135 1136/1136/1136 1137/1137/1137
f 1138/1138/1138 1139/1139/1139 1140/1140/1140
f 1141/1141/1141 1142/1142/1142 1143/1143/1143
f 1144/1144/1144 1145/1145/1145 1146/1146/1146
f 1147/1147/1147 1148/1148/1148 1149/1149/1149
f 1150/1150/1150 1151/1151/1151 1152/1152/1152
f 1153/1153/1153 1154/1154/1154 1155/1155/1155
f 1156/1156/1156 1157/1157/1157 1158/1158/1158
f 1159/1159/1159 1160/1160/1160 1161/1161/1161
f 1162/1162/1162 1163/1163/1163 1164/1164/1164
f 1165/1165/1165 1166/1166/1166 1167/1167/1167
f 1168/1168/1168 1169/1169/1169 1170/1170/1170
f 1171/1171/1171 1172/1172/1172 1173/1173/1173
f 1174/1174/1174 1175/1175/1175 1176/1176/1176
f 1177/1177/1177 1178/1178/1178 1179/1179/1179
f 1180/1180/1180 1181/1181/1181 1182/1182/1182
f 1183/1183/1183 1184/1184/1184 1185/1185/1185
f 1186/1186/1186 1187/1187/1187 1188/1188/1188
f 1189/1189/1189 1190/1190/1190 1191/1191/1191
f 1192/1192/1192 1193/1193/1193 1194/1194/1194
f 1195/1195/1195 1196/1196/1196 1197/1197/1197
f 1198/1198/1198 1199/1199/1199 1200/1200/1200
f 1201/1201/1201 1202/1202/1202 1203/1203/1203
f 1204/1204/1204 1205/1205/1205 1206/1206/1206
f 1207/1207/1207 1208/1208/1208 1209/1209/1209
f 1210/1210/1210 1211/1211/1211 1212/1212/1212
f 1213/1213/1213 1214/1214/1214 1215/1215/1215
f 1216/1216/1216 1217/1217/1217 1218/1218/1218
f 1219/1219/1219 1220/1220/1220 1221/1221/1221
f 1222/1222/1222 1223/1223/1223 1224/1224/1224
f 1225/1225/1225 1226/1226/1226 1227/1227/1227
f 1228/1228/1228 1229/1229/1229 1230/1230/1230
f 1231/1231/1231 1232/1232/1232 1233/1233/1233
f 1234/1234/1234 1235/1235/1235 1236/1236/1236
f 1237/1237/1237 1238/1238/1238 1239/1239/1239
f 1240/1240/1240 1241/1241/1241 1242/1242/1242
f 1243/1243/1243 1244/1244/1244 1245/1245/1245
f 1246/1246/1246 1247/1247/1247 1248/1248/1248
f 1249/1249/1249 1250/1250/1250 1251/1251/1251
f 1252/1252/1252 1253/1253/1253 1254/1254/1254
f 1255/1255/1255 1256/1256/1256 1257/1257/1257
f 1258/1258/1258 1259/1259/1259 1260/1260/1260
f 1261/1261/1261 1262/1262/1262 1263/1263/1263
f 1264/1264/1264 1265/1265/1265 1266/1266/1266
f 1267/1267/1267 1268/1268/1268 1269/1269/1269
f 1270/1270/1270 1271/1271/1271 1272/1272/1272
f 1273/1273/1273 1274/1274/1274 1275/1275/1275
f 1276/1276/1276 1277/1277/1277 1278/1278/1278
f 1279/1279/1279 1280/1280/1280 1281/1281/1281
f 1282/1282/1282 1283/1283/1283 1284/1284/1284
f 1285/1285/1285 1286/1286/1286 1287/1287/1287
f 1288/1288/1288 1289/1289/1289 1290/1290/1290
f 1291/1291/1291 1292/1292/1292 1293/1293/1293
f 1294/1294/1294 1295/1295/1295 1296/1296/1296
f 1297/1297/1297 1298/1298/1298 1299/1299/1299
f 1300/1300/1300 1301/1301/1301 1302/1302/1302
f 1303/1303/1303 1304/1304/1304 1305/1305/1305
f 1306/1306/1306 1307/1307/1307 1308/1308/1308
f 1309/1309/1309 1310/1310/1310 1311/1311/1311
f 1312/1312/1312 1313/1313/1313 1314/1314/1314
f 1315/1315/1315 1316/1316/1316 1317/1317/1317
f 1318/1318/1318 1319/1319/1319 1320/1320/1320
f 1321/1321/1321 1322/1322/1322 1323/1323/1323
f 1324/1324/1324 1325/1325/1325 1326/1326/1326
f 1327/1327/1327 1328/1328/1328 1329/1329/1329
f 1330/1330/1330 1331/1331/1331 1332/1332/1332
f 1333/1333/1333 1334/1334/1334 1335/1335/1335
f 1336/1336/1336 1337/1337/1337 1338/1338/1338
f 1339/1339/1339 1340/1340/1340 1341/1341/1341
f 1342/1342/1342 1343/1343/1343 1344/1344/1344
f 1345/1345/1345 1346/1346/1346 1347/1347/1347
f 1348/1348/1348 1349/1349/1349 1350/1350/1350
f 1351/1351/1351 1352/1352/1352 1353/1353/1353
f 1354/1354/1354 1355/1355/1355 1356/1356/1356
f 1357/1357/1357 1358/1358/1358 1359/1359/1359
f 1360/1360/1360 1361/1361/1361 1362/1362/1362
f 1363/1363/1363 1364/1364/1364 1365/1365/1365
f 1366/1366/1366 1367/1367/1367 1368/1368/1368
f 1369/1369/1369 1370/1370/1370 1371/1371/1371
f 1372/1372/1372 1373/1373/1373 1374/1374/1374
f 1375/1375/1375 1376/1376/1376 1377/1377/1377
f 1378/1378/1378 1379/1379/1379 1380/1380/1380
f 1381/1381/1381 1382/1382/1382 1383/1383/1383
f 1384/1384/1384 1385/1385/1385 1386/1386/1386
f 1387/1387/1387 1388/1388/1388 1389/1389/1389
f 1390/1390/1390 1391/1391/1391 1392/1392/1392
f 1393/1393/1393 1394/1394/1394 1395/1395/1395
f 1396/1396/1396 1397/1397/1397 1398/1398/1398
f 1399/1399/1399 1400/1400/1400 1401/1401/1401
f 1402/1402/1402 1403/1403/1403 1404/1404/1404
f 1405/1405/1405 1406/1406/1406 1407/1407/1407
f 1408/1408/1408 1409/1409/1409 1410/1410/1410
f 1411/1411/1411 1412/1412/1412 1413/1413/1413
f 1414/1414/1414 1415/1415/1415 1416/1416/1416
f 1417/1417/1417 1418/1418/1418 1419/1419/1419
f 1420/1420/1420 1421/1421/1421 1422/1422/1422
f 1423/1423/1423 1424/1424/1424 1425/1425/1425
f 1426/1426/1426 1427/1427/1427 1428/1428/1428
f 1429/1429/1429 1430/1430/1430 1431/1431/1431
f 1432/1432/1432 1433/1433/1433 1434/1434/1434
f 1435/1435/1435 1436/1436/1436 1437/1437/1437
f 1438/1438/1438 1439/1439/1439 1440/1440/1440
f 1441/1441/1441 1442/1442/1442 1443/1443/1443
f 1444/1444/1444 1445/1445/1445 1446/1446/1446
f 1447/1447/1447 1448/1448/1448 1449/1449/1449
f 1450/1450/1450 1451/1451/1451 1452/1452/1452
f 1453/1453/1453 1454/1454/1454 1455/1455/1455
f 1456/1456/1456 1457/1457/1457 1458/1458/1458
f 1459/1459/1459 1460/1460/1460 1461/1461/1461
f 1462/1462/1462 1463/1463/1463 1464/1464/1464
f 1465/1465/1465 1466/1466/1466 1467/1467/1467
f 1468/1468/1468 1469/1469/1469 1470/1470/1470
f 1471/1471/1471 1472/1472/1472 1473/1473/1473
f 1474/1474/1474 1475/1475/1475 1476/1476/1476
f 1477/1477/1477 1478/1478/1478 1479/1479/1479
f 1480/1480/1480 1481/1481/1481 1482/1482/1482
f 1483/1483/1483 1484/1484/1484 1485/1485/1485
f 1486/1486/1486 1487/1487/1487 1488/1488/1488
f 1489/1489/1489 1490/1490/1490 1491/1491/1491
f 1492/1492/1492 1493/1493/1493 1494/1494/1494
f 1495/1495/1495 1496/1496/1496 1497/1497/1497
f 1498/1498/1498 1499/1499/1499 1500/1500/1500
f 1501/1501/1501 1502/1502/1502 1503/1503/1503
f 1504/1504/1504 1505/1505/1505 1506/1506/1506
f 1507/1507/1507 1508/1508/1508 1509/1509/1509
f 1510/1510/1510 1511/1511/1511 1512/1512/1512
f 1513/1513/1513 1514/1514/1514 1515/1515/1515
f 1516/1516/1516 1517/1517/1517 1518/1518/1518
f 1519/1519/1519 1520/1520/1520 1521/1521/1521
f 1522/1522/1522 1523/1523/1523 1524/1524/1524
f 1525/1525/1525 1526/1526/1526 1527/1527/1527
f 1528/1528/1528 1529/1529/1529 1530/1530/1530
f 1531/1531/1531 1532/1532/1532 1533/1533/1533
f 1534/1534/1534 1535/1535/1535 1536/1536/1536
f 1537/1537/1537 1538/1538/1538 1539/1539/1539
f 1540/1540/1540 1541/1541/1541 1542/1542/1542
f 1543/1543/1543 1544/1544/1544 1545/1545/1545
f 1546/1546/1546 1547/1547/1547 1548/1548/1548
f 1549/1549/1549 1550/1550/1550 1551/1551/1551
f 1552/1552/1552 1553/1553/1553 1554/1554/1554
f 1555/1555/1555 1556/1556/1556 1557/1557/1557
f 1558/1558/1558 1559/1559/1559 1560/1560/1560
f 1561/1561/1561 1562/1562/1562 1563/1563/1563
f 1564/1564/1564 1565/1565/1565 1566/1566/1566
f 1567/1567/1567 1568/1568/1568 1569/1569/1569
f 1570/1570/1570 1571/1571/1571 1572/1572/1572
f 1573/1573/1573 1574/1574/1574 1575/1575/1575
f 1576/1576/1576 1577/1577/1577 1578/1578/1578
f 1579/1579/1579 1580/1580/1580 1581/1581/1581
f 1582/1582/1582 1583/1583/1583 1584/1584/1584
f 1585/1585/1585 1586/1586/1586 1587/1587/1587
f 1588/1588/1588 1589/1589/1589 1590/1590/1590
f 1591/1591/1591 1592/1592/1592 1593/1593/1593
f 1594/1594/1594 1595/1595/1595 1596/1596/1596
f 1597/1597/1597 1598/1598/1598 1599/1599/1599
f 1600/1600/1600 1601/1601/1601 1602/1602/1602
f 1603/1603/1603 1604/1604/1604 1605/1605/1605
f 1606/1606/1606 1607/1607/1607 1608/1608/1608
f 1609/1609/1609 1610/1610/1610 1611/1611/1611
f 1612/1612/1612 1613/1613/1613 1614/1614/1614
f 1615/1615/1615 1616/1616/1616 1617/1617/1617
f 1618/1618/1618 1619/1619/1619 1620/1620/1620
f 1621/1621/1621 1622/1622/1622 1623/1623/1623
f 1624/1624/1624 1625/1625/1625 1626/1626/1626
f 1627/1627/1627 1628/1628/1628 1629/1629/1629
f 1630/1630/1630 1631/1631/1631 1632/1632/1632
f 1633/1633/1633 1634/1634/1634 1635/1635/1635
f 1636/1636/1636 1637/1637/1637 1638/1638/1638
f 1639/1639/1639 1640/1640/1640 1641/1641/1641
f 1642/1642/1642 1643/1643/1643 1644/1644/1644
f 1645/1645/1645 1646/1646/1646 1647/1647/1647
f 1648/1648/1648 1649/1649/1649 1650/1650/1650
f 1651/1651/1651 1652/1652/1652 1653/1653/1653
f 1654/1654/1654 1655/1655/1655 1656/1656/1656
f 1657/1657/1657 1658/1658/1658 1659/1659/1659
f 1660/1660/1660 1661/1661/1661 1662/1662/1662
f 1663/1663/1663 1664/1664/1664 1665/1665/1665
f 1666/1666/1666 1667/1667/1667 1668/1668/1668
f 1669/1669/1669 1670/1670/1670 1671/1671/1671
f 1672/1672/1672 1673/1673/1673 1674/1674/1674
f 1675/1675/1675 1676/1676/1676 1677/1677/1677
f 1678/1678/1678 1679/1679/1679 1680/1680/1680
f 1681/1681/1681 1682/1682/1682 1683/1683/1683
f 1684/1684/1684 1685/1685/1685 1686/1686/1686
f 1687/1687/1687 1688/1688/1688 1689/1689/1689
f 1690/1690/1690 1691/1691/1691 1692/1692/1692
f 1693/1693/1693 1694/1694/1694 1695/1695/1695
f 1696/1696/1696 1697/1697/1697 1698/1698/1698
f 1699/1699/1699 1700/1700/1700 1701/1701/1701
f 1702/1702/1702 1703/1703/1703 1704/1704/1704
f 1705/1705/1705 1706/1706/1706 1707/1707/1707
f 1708/1708/1708 1709/1709/1709 1710/1710/1710
f 1711/1711/1711 1712/1712/1712 1713/1713/1713
f 1714/1714/1714 1715/1715/1715 1716/1716/1716
f 1717/1717/1717 1718/1718/1718 1719/1719/1719
f 1720/1720/1720 1721/1721/1721 1722/1722/1722
f 1723/1723/1723 1724/1724/1724 1725/1725/1725
f 1726/1726/1726 1727/1727/1727 1728/1728/1728
f 1729/1729/1729 1730/1730/1730 1731/1731/1731
f 1732/1732/1732 1733/1733/1733 1734/1734/1734
f 1735/1735/1735 1736/1736/1736 1737/1737/1737
f 1738/1738/1738 1739/1739/1739 1740/1740/1740
f 1741/1741/1741 1742/1742/1742 1743/1743/1743
f 1744/1744/1744 1745/1745/1745 1746/1746/1746
f 1747/1747/1747 1748/1748/1748 1749/1749/1749
f 1750/1750/1750 1751/1751/1751 1752/1752/1752
f 1753/1753/1753 1754/1754/1754 1755/1755/1755
f 1756/1756/1756 1757/1757/1757 1758/1758/1758
f 1759/1759/1759 1760/1760/1760 1761/1761/1761
f 1762/1762/1762 1763/1763/1763 1764/1764/1764
f 1765/1765/1765 1766/1766/1766 1767/1767/1767
f 1768/1768/1768 1769/1769/1769 1770/1770/1770
f 1771/1771/1771 1772/1772/1772 1773/1773/1773
f 1774/1774/1774 1775/1775/1775 1776/1776/1776
f 1777/1777/1777 1778/1778/1778 1779/1779/1779
f 1780/1780/1780 1781/1781/1781 1782/1782/1782
f 1783/1783/1783 1784/1784/1784 1785/1785/1785
f 1786/1786/1786 1787/1787/1787 1788/1788/1788
