# OBJ file
mtllib nicktoons.ico.mtl
v 0.619629 1.848389 -0.771729 0.258824 0.258824 0.258824 #0.000000
v 0.570801 2.020752 -0.771729 0.258824 0.258824 0.258824 #0.000000
v 0.981689 1.991943 -0.771729 0.258824 0.258824 0.258824 #0.000000
v -0.549561 1.852539 -0.771729 0.258824 0.258824 0.258824 #0.000000
v -0.577637 1.985840 -0.771729 0.258824 0.258824 0.258824 #0.000000
v -0.179443 1.964355 -0.771729 0.258824 0.258824 0.258824 #0.000000
v -0.549561 1.852539 -0.771729 0.258824 0.258824 0.258824 #0.000000
v -0.179443 1.964355 -0.771729 0.258824 0.258824 0.258824 #0.000000
v -0.114014 1.865723 -0.771729 0.258824 0.258824 0.258824 #0.000000
v 1.109619 1.739502 -0.771729 0.258824 0.258824 0.258824 #0.000000
v 1.110107 1.896484 -0.771729 0.258824 0.258824 0.258824 #0.000000
v 1.432617 1.877441 -0.771729 0.258824 0.258824 0.258824 #0.000000
v 1.109619 1.739502 -0.771729 0.258824 0.258824 0.258824 #0.000000
v 1.432617 1.877441 -0.771729 0.258824 0.258824 0.258824 #0.000000
v 1.935059 0.910889 -0.771729 0.258824 0.258824 0.258824 #0.000000
v 0.068604 1.099365 -0.771729 0.258824 0.258824 0.258824 #0.000000
v 0.137207 0.919678 -0.771729 0.258824 0.258824 0.258824 #0.000000
v -0.307617 0.921387 -0.771729 0.258824 0.258824 0.258824 #0.000000
v -2.026367 1.942139 -0.771729 0.258824 0.258824 0.258824 #0.000000
v -2.058350 2.056885 -0.771729 0.258824 0.258824 0.258824 #0.000000
v -1.687500 2.074463 -0.771729 0.258824 0.258824 0.258824 #0.000000
v 0.068604 1.099365 -0.771729 0.258824 0.258824 0.258824 #0.000000
v -0.307617 0.921387 -0.771729 0.258824 0.258824 0.258824 #0.000000
v -0.504395 1.186279 -0.771729 0.258824 0.258824 0.258824 #0.000000
v -1.318604 1.876221 -0.771729 0.258824 0.258824 0.258824 #0.000000
v -1.373291 2.046875 -0.771729 0.258824 0.258824 0.258824 #0.000000
v -0.930420 2.047607 -0.771729 0.258824 0.258824 0.258824 #0.000000
v 0.619629 1.848389 -0.771729 0.258824 0.258824 0.258824 #0.000000
v 0.981689 1.991943 -0.771729 0.258824 0.258824 0.258824 #0.000000
v 1.109619 1.739502 -0.771729 0.258824 0.258824 0.258824 #0.000000
v -1.969238 1.565918 -0.771729 0.258824 0.258824 0.258824 #0.000000
v -2.179932 1.942139 -0.771729 0.258824 0.258824 0.258824 #0.000000
v -2.026367 1.942139 -0.771729 0.258824 0.258824 0.258824 #0.000000
v -1.318604 1.876221 -0.771729 0.258824 0.258824 0.258824 #0.000000
v -0.930420 2.047607 -0.771729 0.258824 0.258824 0.258824 #0.000000
v -0.865967 1.928467 -0.771729 0.258824 0.258824 0.258824 #0.000000
v -2.026367 1.942139 -0.771729 0.258824 0.258824 0.258824 #0.000000
v -1.687500 2.074463 -0.771729 0.258824 0.258824 0.258824 #0.000000
v -1.504883 1.722412 -0.771729 0.258824 0.258824 0.258824 #0.000000
v -1.969238 1.565918 -0.771729 0.258824 0.258824 0.258824 #0.000000
v -2.026367 1.942139 -0.771729 0.258824 0.258824 0.258824 #0.000000
v -1.504883 1.722412 -0.771729 0.258824 0.258824 0.258824 #0.000000
v -1.790039 1.565918 -0.771729 0.258824 0.258824 0.258824 #0.000000
v -1.969238 1.565918 -0.771729 0.258824 0.258824 0.258824 #0.000000
v -1.504883 1.722412 -0.771729 0.258824 0.258824 0.258824 #0.000000
v -1.451172 0.922363 -0.771729 0.258824 0.258824 0.258824 #0.000000
v -1.790039 1.565918 -0.771729 0.258824 0.258824 0.258824 #0.000000
v -1.504883 1.722412 -0.771729 0.258824 0.258824 0.258824 #0.000000
v -1.504883 1.722412 -0.771729 0.258824 0.258824 0.258824 #0.000000
v -1.515869 1.869629 -0.771729 0.258824 0.258824 0.258824 #0.000000
v -1.318604 1.876221 -0.771729 0.258824 0.258824 0.258824 #0.000000
v -1.201904 0.921387 -0.771729 0.258824 0.258824 0.258824 #0.000000
v -1.451172 0.922363 -0.771729 0.258824 0.258824 0.258824 #0.000000
v -1.504883 1.722412 -0.771729 0.258824 0.258824 0.258824 #0.000000
v -1.199219 1.070068 -0.771729 0.258824 0.258824 0.258824 #0.000000
v -1.201904 0.921387 -0.771729 0.258824 0.258824 0.258824 #0.000000
v -1.504883 1.722412 -0.771729 0.258824 0.258824 0.258824 #0.000000
v 1.935059 0.910889 -0.771729 0.258824 0.258824 0.258824 #0.000000
v 0.943848 0.891602 -0.771729 0.258824 0.258824 0.258824 #0.000000
v 0.881104 0.997314 -0.771729 0.258824 0.258824 0.258824 #0.000000
v -1.199219 1.070068 -0.771729 0.258824 0.258824 0.258824 #0.000000
v -1.504883 1.722412 -0.771729 0.258824 0.258824 0.258824 #0.000000
v -1.318604 1.876221 -0.771729 0.258824 0.258824 0.258824 #0.000000
v -1.199219 1.070068 -0.771729 0.258824 0.258824 0.258824 #0.000000
v -1.318604 1.876221 -0.771729 0.258824 0.258824 0.258824 #0.000000
v -0.865967 1.928467 -0.771729 0.258824 0.258824 0.258824 #0.000000
v 1.109619 1.739502 -0.771729 0.258824 0.258824 0.258824 #0.000000
v 1.935059 0.910889 -0.771729 0.258824 0.258824 0.258824 #0.000000
v 0.881104 0.997314 -0.771729 0.258824 0.258824 0.258824 #0.000000
v 0.619629 1.848389 -0.771729 0.258824 0.258824 0.258824 #0.000000
v 1.109619 1.739502 -0.771729 0.258824 0.258824 0.258824 #0.000000
v 0.881104 0.997314 -0.771729 0.258824 0.258824 0.258824 #0.000000
v -0.549561 1.852539 -0.771729 0.258824 0.258824 0.258824 #0.000000
v -0.865967 1.928467 -0.771729 0.258824 0.258824 0.258824 #0.000000
v -0.620117 1.919189 -0.771729 0.258824 0.258824 0.258824 #0.000000
v -0.504395 1.186279 -0.771729 0.258824 0.258824 0.258824 #0.000000
v -0.865967 1.928467 -0.771729 0.258824 0.258824 0.258824 #0.000000
v -0.549561 1.852539 -0.771729 0.258824 0.258824 0.258824 #0.000000
v -0.504395 1.186279 -0.771729 0.258824 0.258824 0.258824 #0.000000
v -1.199219 1.070068 -0.771729 0.258824 0.258824 0.258824 #0.000000
v -0.865967 1.928467 -0.771729 0.258824 0.258824 0.258824 #0.000000
v 0.619629 1.848389 -0.771729 0.258824 0.258824 0.258824 #0.000000
v 0.881104 0.997314 -0.771729 0.258824 0.258824 0.258824 #0.000000
v 0.741943 0.909912 -0.771729 0.258824 0.258824 0.258824 #0.000000
v 0.619629 1.848389 -0.771729 0.258824 0.258824 0.258824 #0.000000
v 0.741943 0.909912 -0.771729 0.258824 0.258824 0.258824 #0.000000
v 0.501221 0.896240 -0.771729 0.258824 0.258824 0.258824 #0.000000
v 0.433350 1.379639 -0.771729 0.258824 0.258824 0.258824 #0.000000
v 0.501221 0.896240 -0.771729 0.258824 0.258824 0.258824 #0.000000
v 0.266357 0.959473 -0.771729 0.258824 0.258824 0.258824 #0.000000
v 0.433350 1.379639 -0.771729 0.258824 0.258824 0.258824 #0.000000
v 0.266357 0.959473 -0.771729 0.258824 0.258824 0.258824 #0.000000
v 0.131104 1.037842 -0.771729 0.258824 0.258824 0.258824 #0.000000
v 0.619629 1.848389 -0.771729 0.258824 0.258824 0.258824 #0.000000
v 0.131104 1.037842 -0.771729 0.258824 0.258824 0.258824 #0.000000
v 0.068604 1.099365 -0.771729 0.258824 0.258824 0.258824 #0.000000
v 0.488281 1.930664 -0.771729 0.258824 0.258824 0.258824 #0.000000
v 0.619629 1.848389 -0.771729 0.258824 0.258824 0.258824 #0.000000
v 0.068604 1.099365 -0.771729 0.258824 0.258824 0.258824 #0.000000
v 0.302246 1.979980 -0.771729 0.258824 0.258824 0.258824 #0.000000
v 0.488281 1.930664 -0.771729 0.258824 0.258824 0.258824 #0.000000
v 0.068604 1.099365 -0.771729 0.258824 0.258824 0.258824 #0.000000
v 0.109863 1.987061 -0.771729 0.258824 0.258824 0.258824 #0.000000
v 0.302246 1.979980 -0.771729 0.258824 0.258824 0.258824 #0.000000
v 0.068604 1.099365 -0.771729 0.258824 0.258824 0.258824 #0.000000
v -0.042236 1.934570 -0.771729 0.258824 0.258824 0.258824 #0.000000
v 0.109863 1.987061 -0.771729 0.258824 0.258824 0.258824 #0.000000
v 0.068604 1.099365 -0.771729 0.258824 0.258824 0.258824 #0.000000
v -0.114014 1.865723 -0.771729 0.258824 0.258824 0.258824 #0.000000
v -0.042236 1.934570 -0.771729 0.258824 0.258824 0.258824 #0.000000
v 0.068604 1.099365 -0.771729 0.258824 0.258824 0.258824 #0.000000
v -0.114014 1.865723 -0.771729 0.258824 0.258824 0.258824 #0.000000
v 0.068604 1.099365 -0.771729 0.258824 0.258824 0.258824 #0.000000
v -0.504395 1.186279 -0.771729 0.258824 0.258824 0.258824 #0.000000
v -0.549561 1.852539 -0.771729 0.258824 0.258824 0.258824 #0.000000
v -0.114014 1.865723 -0.771729 0.258824 0.258824 0.258824 #0.000000
v -0.504395 1.186279 -0.771729 0.258824 0.258824 0.258824 #0.000000
v -1.140381 0.906738 -0.771729 0.258824 0.258824 0.258824 #0.000000
v -1.199219 1.070068 -0.771729 0.258824 0.258824 0.258824 #0.000000
v -0.504395 1.186279 -0.771729 0.258824 0.258824 0.258824 #0.000000
v -1.140381 0.906738 -0.771729 0.258824 0.258824 0.258824 #0.000000
v -0.504395 1.186279 -0.771729 0.258824 0.258824 0.258824 #0.000000
v -0.409180 0.912842 -0.771729 0.258824 0.258824 0.258824 #0.000000
v 0.570801 2.020752 -0.278809 0.258824 0.258824 0.258824 #0.000000
v 0.619629 1.848389 -0.278809 0.258824 0.258824 0.258824 #0.000000
v 0.981689 1.991943 -0.278809 0.258824 0.258824 0.258824 #0.000000
v -0.577637 1.985840 -0.278809 0.258824 0.258824 0.258824 #0.000000
v -0.549561 1.852539 -0.278809 0.258824 0.258824 0.258824 #0.000000
v -0.179443 1.964355 -0.278809 0.258824 0.258824 0.258824 #0.000000
v -0.179443 1.964355 -0.278809 0.258824 0.258824 0.258824 #0.000000
v -0.549561 1.852539 -0.278809 0.258824 0.258824 0.258824 #0.000000
v -0.114014 1.865723 -0.278809 0.258824 0.258824 0.258824 #0.000000
v 1.110107 1.896484 -0.278809 0.258824 0.258824 0.258824 #0.000000
v 1.109619 1.739502 -0.278809 0.258824 0.258824 0.258824 #0.000000
v 1.432617 1.877441 -0.278809 0.258824 0.258824 0.258824 #0.000000
v 1.432617 1.877441 -0.278809 0.258824 0.258824 0.258824 #0.000000
v 1.109619 1.739502 -0.278809 0.258824 0.258824 0.258824 #0.000000
v 1.935059 0.910889 -0.278809 0.258824 0.258824 0.258824 #0.000000
v 0.137207 0.919678 -0.278809 0.258824 0.258824 0.258824 #0.000000
v 0.068604 1.099365 -0.278809 0.258824 0.258824 0.258824 #0.000000
v -0.307617 0.921387 -0.278809 0.258824 0.258824 0.258824 #0.000000
v -2.058350 2.056885 -0.278809 0.258824 0.258824 0.258824 #0.000000
v -2.026367 1.942139 -0.278809 0.258824 0.258824 0.258824 #0.000000
v -1.687500 2.074463 -0.278809 0.258824 0.258824 0.258824 #0.000000
v -0.307617 0.921387 -0.278809 0.258824 0.258824 0.258824 #0.000000
v 0.068604 1.099365 -0.278809 0.258824 0.258824 0.258824 #0.000000
v -0.504395 1.186279 -0.278809 0.258824 0.258824 0.258824 #0.000000
v -1.373291 2.046875 -0.278809 0.258824 0.258824 0.258824 #0.000000
v -1.318604 1.876221 -0.278809 0.258824 0.258824 0.258824 #0.000000
v -0.930420 2.047607 -0.278809 0.258824 0.258824 0.258824 #0.000000
v 0.981689 1.991943 -0.278809 0.258824 0.258824 0.258824 #0.000000
v 0.619629 1.848389 -0.278809 0.258824 0.258824 0.258824 #0.000000
v 1.109619 1.739502 -0.278809 0.258824 0.258824 0.258824 #0.000000
v -2.179932 1.942139 -0.278809 0.258824 0.258824 0.258824 #0.000000
v -1.969238 1.565918 -0.278809 0.258824 0.258824 0.258824 #0.000000
v -2.026367 1.942139 -0.278809 0.258824 0.258824 0.258824 #0.000000
v -0.930420 2.047607 -0.278809 0.258824 0.258824 0.258824 #0.000000
v -1.318604 1.876221 -0.278809 0.258824 0.258824 0.258824 #0.000000
v -0.865967 1.928467 -0.278809 0.258824 0.258824 0.258824 #0.000000
v -1.687500 2.074463 -0.278809 0.258824 0.258824 0.258824 #0.000000
v -2.026367 1.942139 -0.278809 0.258824 0.258824 0.258824 #0.000000
v -1.504883 1.722412 -0.278809 0.258824 0.258824 0.258824 #0.000000
v -2.026367 1.942139 -0.278809 0.258824 0.258824 0.258824 #0.000000
v -1.969238 1.565918 -0.278809 0.258824 0.258824 0.258824 #0.000000
v -1.504883 1.722412 -0.278809 0.258824 0.258824 0.258824 #0.000000
v -1.969238 1.565918 -0.278809 0.258824 0.258824 0.258824 #0.000000
v -1.790039 1.565918 -0.278809 0.258824 0.258824 0.258824 #0.000000
v -1.504883 1.722412 -0.278809 0.258824 0.258824 0.258824 #0.000000
v -1.790039 1.565918 -0.278809 0.258824 0.258824 0.258824 #0.000000
v -1.451172 0.922363 -0.278809 0.258824 0.258824 0.258824 #0.000000
v -1.504883 1.722412 -0.278809 0.258824 0.258824 0.258824 #0.000000
v -1.515869 1.869629 -0.278809 0.258824 0.258824 0.258824 #0.000000
v -1.504883 1.722412 -0.278809 0.258824 0.258824 0.258824 #0.000000
v -1.318604 1.876221 -0.278809 0.258824 0.258824 0.258824 #0.000000
v -1.451172 0.922363 -0.278809 0.258824 0.258824 0.258824 #0.000000
v -1.201904 0.921387 -0.278809 0.258824 0.258824 0.258824 #0.000000
v -1.504883 1.722412 -0.278809 0.258824 0.258824 0.258824 #0.000000
v -1.201904 0.921387 -0.278809 0.258824 0.258824 0.258824 #0.000000
v -1.199219 1.070068 -0.278809 0.258824 0.258824 0.258824 #0.000000
v -1.504883 1.722412 -0.278809 0.258824 0.258824 0.258824 #0.000000
v 0.943848 0.891602 -0.278809 0.258824 0.258824 0.258824 #0.000000
v 1.935059 0.910889 -0.278809 0.258824 0.258824 0.258824 #0.000000
v 0.881104 0.997314 -0.278809 0.258824 0.258824 0.258824 #0.000000
v -1.504883 1.722412 -0.278809 0.258824 0.258824 0.258824 #0.000000
v -1.199219 1.070068 -0.278809 0.258824 0.258824 0.258824 #0.000000
v -1.318604 1.876221 -0.278809 0.258824 0.258824 0.258824 #0.000000
v -1.318604 1.876221 -0.278809 0.258824 0.258824 0.258824 #0.000000
v -1.199219 1.070068 -0.278809 0.258824 0.258824 0.258824 #0.000000
v -0.865967 1.928467 -0.278809 0.258824 0.258824 0.258824 #0.000000
v 1.935059 0.910889 -0.278809 0.258824 0.258824 0.258824 #0.000000
v 1.109619 1.739502 -0.278809 0.258824 0.258824 0.258824 #0.000000
v 0.881104 0.997314 -0.278809 0.258824 0.258824 0.258824 #0.000000
v 1.109619 1.739502 -0.278809 0.258824 0.258824 0.258824 #0.000000
v 0.619629 1.848389 -0.278809 0.258824 0.258824 0.258824 #0.000000
v 0.881104 0.997314 -0.278809 0.258824 0.258824 0.258824 #0.000000
v -0.865967 1.928467 -0.278809 0.258824 0.258824 0.258824 #0.000000
v -1.199219 1.070068 -0.278809 0.258824 0.258824 0.258824 #0.000000
v -0.504395 1.186279 -0.278809 0.258824 0.258824 0.258824 #0.000000
v -0.620117 1.919189 -0.278809 0.258824 0.258824 0.258824 #0.000000
v -0.865967 1.928467 -0.278809 0.258824 0.258824 0.258824 #0.000000
v -0.504395 1.186279 -0.278809 0.258824 0.258824 0.258824 #0.000000
v -1.199219 1.070068 -0.278809 0.258824 0.258824 0.258824 #0.000000
v -1.140381 0.906738 -0.278809 0.258824 0.258824 0.258824 #0.000000
v -0.504395 1.186279 -0.278809 0.258824 0.258824 0.258824 #0.000000
v 0.881104 0.997314 -0.278809 0.258824 0.258824 0.258824 #0.000000
v 0.619629 1.848389 -0.278809 0.258824 0.258824 0.258824 #0.000000
v 0.741943 0.909912 -0.278809 0.258824 0.258824 0.258824 #0.000000
v 0.741943 0.909912 -0.278809 0.258824 0.258824 0.258824 #0.000000
v 0.619629 1.848389 -0.278809 0.258824 0.258824 0.258824 #0.000000
v 0.501221 0.896240 -0.278809 0.258824 0.258824 0.258824 #0.000000
v 0.501221 0.896240 -0.278809 0.258824 0.258824 0.258824 #0.000000
v 0.619629 1.848389 -0.278809 0.258824 0.258824 0.258824 #0.000000
v 0.266357 0.959473 -0.278809 0.258824 0.258824 0.258824 #0.000000
v 0.266357 0.959473 -0.278809 0.258824 0.258824 0.258824 #0.000000
v 0.619629 1.848389 -0.278809 0.258824 0.258824 0.258824 #0.000000
v 0.131104 1.037842 -0.278809 0.258824 0.258824 0.258824 #0.000000
v 0.131104 1.037842 -0.278809 0.258824 0.258824 0.258824 #0.000000
v 0.619629 1.848389 -0.278809 0.258824 0.258824 0.258824 #0.000000
v 0.068604 1.099365 -0.278809 0.258824 0.258824 0.258824 #0.000000
v 0.619629 1.848389 -0.278809 0.258824 0.258824 0.258824 #0.000000
v 0.488281 1.930664 -0.278809 0.258824 0.258824 0.258824 #0.000000
v 0.068604 1.099365 -0.278809 0.258824 0.258824 0.258824 #0.000000
v 0.488281 1.930664 -0.278809 0.258824 0.258824 0.258824 #0.000000
v 0.302246 1.979980 -0.278809 0.258824 0.258824 0.258824 #0.000000
v 0.068604 1.099365 -0.278809 0.258824 0.258824 0.258824 #0.000000
v 0.302246 1.979980 -0.278809 0.258824 0.258824 0.258824 #0.000000
v 0.109863 1.987061 -0.278809 0.258824 0.258824 0.258824 #0.000000
v 0.068604 1.099365 -0.278809 0.258824 0.258824 0.258824 #0.000000
v 0.109863 1.987061 -0.278809 0.258824 0.258824 0.258824 #0.000000
v -0.042236 1.934570 -0.278809 0.258824 0.258824 0.258824 #0.000000
v 0.068604 1.099365 -0.278809 0.258824 0.258824 0.258824 #0.000000
v -0.042236 1.934570 -0.278809 0.258824 0.258824 0.258824 #0.000000
v -0.114014 1.865723 -0.278809 0.258824 0.258824 0.258824 #0.000000
v 0.068604 1.099365 -0.278809 0.258824 0.258824 0.258824 #0.000000
v 0.068604 1.099365 -0.278809 0.258824 0.258824 0.258824 #0.000000
v -0.114014 1.865723 -0.278809 0.258824 0.258824 0.258824 #0.000000
v -0.504395 1.186279 -0.278809 0.258824 0.258824 0.258824 #0.000000
v -0.114014 1.865723 -0.278809 0.258824 0.258824 0.258824 #0.000000
v -0.549561 1.852539 -0.278809 0.258824 0.258824 0.258824 #0.000000
v -0.504395 1.186279 -0.278809 0.258824 0.258824 0.258824 #0.000000
v -0.549561 1.852539 -0.278809 0.258824 0.258824 0.258824 #0.000000
v -0.620117 1.919189 -0.278809 0.258824 0.258824 0.258824 #0.000000
v -0.504395 1.186279 -0.278809 0.258824 0.258824 0.258824 #0.000000
v -0.504395 1.186279 -0.278809 0.258824 0.258824 0.258824 #0.000000
v -1.140381 0.906738 -0.278809 0.258824 0.258824 0.258824 #0.000000
v -0.409180 0.912842 -0.278809 0.258824 0.258824 0.258824 #0.000000
v 0.570801 2.020752 -0.771729 0.258824 0.258824 0.258824 #0.000000
v 0.619629 1.848389 -0.771729 0.258824 0.258824 0.258824 #0.000000
v 0.570801 2.020752 -0.278809 0.258824 0.258824 0.258824 #0.000000
v 0.619629 1.848389 -0.278809 0.258824 0.258824 0.258824 #0.000000
v 0.570801 2.020752 -0.278809 0.258824 0.258824 0.258824 #0.000000
v 0.619629 1.848389 -0.771729 0.258824 0.258824 0.258824 #0.000000
v 0.981689 1.991943 -0.771729 0.258824 0.258824 0.258824 #0.000000
v 0.570801 2.020752 -0.771729 0.258824 0.258824 0.258824 #0.000000
v 0.981689 1.991943 -0.278809 0.258824 0.258824 0.258824 #0.000000
v 0.570801 2.020752 -0.278809 0.258824 0.258824 0.258824 #0.000000
v 0.981689 1.991943 -0.278809 0.258824 0.258824 0.258824 #0.000000
v 0.570801 2.020752 -0.771729 0.258824 0.258824 0.258824 #0.000000
v -0.577637 1.985840 -0.771729 0.258824 0.258824 0.258824 #0.000000
v -0.549561 1.852539 -0.771729 0.258824 0.258824 0.258824 #0.000000
v -0.577637 1.985840 -0.278809 0.258824 0.258824 0.258824 #0.000000
v -0.549561 1.852539 -0.278809 0.258824 0.258824 0.258824 #0.000000
v -0.577637 1.985840 -0.278809 0.258824 0.258824 0.258824 #0.000000
v -0.549561 1.852539 -0.771729 0.258824 0.258824 0.258824 #0.000000
v -0.179443 1.964355 -0.771729 0.258824 0.258824 0.258824 #0.000000
v -0.577637 1.985840 -0.771729 0.258824 0.258824 0.258824 #0.000000
v -0.179443 1.964355 -0.278809 0.258824 0.258824 0.258824 #0.000000
v -0.577637 1.985840 -0.278809 0.258824 0.258824 0.258824 #0.000000
v -0.179443 1.964355 -0.278809 0.258824 0.258824 0.258824 #0.000000
v -0.577637 1.985840 -0.771729 0.258824 0.258824 0.258824 #0.000000
v -0.114014 1.865723 -0.771729 0.258824 0.258824 0.258824 #0.000000
v -0.179443 1.964355 -0.771729 0.258824 0.258824 0.258824 #0.000000
v -0.114014 1.865723 -0.278809 0.258824 0.258824 0.258824 #0.000000
v -0.179443 1.964355 -0.278809 0.258824 0.258824 0.258824 #0.000000
v -0.114014 1.865723 -0.278809 0.258824 0.258824 0.258824 #0.000000
v -0.179443 1.964355 -0.771729 0.258824 0.258824 0.258824 #0.000000
v 1.110107 1.896484 -0.771729 0.258824 0.258824 0.258824 #0.000000
v 1.109619 1.739502 -0.771729 0.258824 0.258824 0.258824 #0.000000
v 1.110107 1.896484 -0.278809 0.258824 0.258824 0.258824 #0.000000
v 1.109619 1.739502 -0.278809 0.258824 0.258824 0.258824 #0.000000
v 1.110107 1.896484 -0.278809 0.258824 0.258824 0.258824 #0.000000
v 1.109619 1.739502 -0.771729 0.258824 0.258824 0.258824 #0.000000
v 1.432617 1.877441 -0.771729 0.258824 0.258824 0.258824 #0.000000
v 1.110107 1.896484 -0.771729 0.258824 0.258824 0.258824 #0.000000
v 1.432617 1.877441 -0.278809 0.258824 0.258824 0.258824 #0.000000
v 1.110107 1.896484 -0.278809 0.258824 0.258824 0.258824 #0.000000
v 1.432617 1.877441 -0.278809 0.258824 0.258824 0.258824 #0.000000
v 1.110107 1.896484 -0.771729 0.258824 0.258824 0.258824 #0.000000
v 1.935059 0.910889 -0.771729 0.258824 0.258824 0.258824 #0.000000
v 1.432617 1.877441 -0.771729 0.258824 0.258824 0.258824 #0.000000
v 1.935059 0.910889 -0.278809 0.258824 0.258824 0.258824 #0.000000
v 1.432617 1.877441 -0.278809 0.258824 0.258824 0.258824 #0.000000
v 1.935059 0.910889 -0.278809 0.258824 0.258824 0.258824 #0.000000
v 1.432617 1.877441 -0.771729 0.258824 0.258824 0.258824 #0.000000
v 0.137207 0.919678 -0.771729 0.258824 0.258824 0.258824 #0.000000
v 0.068604 1.099365 -0.771729 0.258824 0.258824 0.258824 #0.000000
v 0.137207 0.919678 -0.278809 0.258824 0.258824 0.258824 #0.000000
v 0.068604 1.099365 -0.278809 0.258824 0.258824 0.258824 #0.000000
v 0.137207 0.919678 -0.278809 0.258824 0.258824 0.258824 #0.000000
v 0.068604 1.099365 -0.771729 0.258824 0.258824 0.258824 #0.000000
v -0.307617 0.921387 -0.771729 0.258824 0.258824 0.258824 #0.000000
v 0.137207 0.919678 -0.771729 0.258824 0.258824 0.258824 #0.000000
v -0.307617 0.921387 -0.278809 0.258824 0.258824 0.258824 #0.000000
v 0.137207 0.919678 -0.278809 0.258824 0.258824 0.258824 #0.000000
v -0.307617 0.921387 -0.278809 0.258824 0.258824 0.258824 #0.000000
v 0.137207 0.919678 -0.771729 0.258824 0.258824 0.258824 #0.000000
v -2.058350 2.056885 -0.771729 0.258824 0.258824 0.258824 #0.000000
v -2.026367 1.942139 -0.771729 0.258824 0.258824 0.258824 #0.000000
v -2.058350 2.056885 -0.278809 0.258824 0.258824 0.258824 #0.000000
v -2.026367 1.942139 -0.278809 0.258824 0.258824 0.258824 #0.000000
v -2.058350 2.056885 -0.278809 0.258824 0.258824 0.258824 #0.000000
v -2.026367 1.942139 -0.771729 0.258824 0.258824 0.258824 #0.000000
v -1.687500 2.074463 -0.771729 0.258824 0.258824 0.258824 #0.000000
v -2.058350 2.056885 -0.771729 0.258824 0.258824 0.258824 #0.000000
v -1.687500 2.074463 -0.278809 0.258824 0.258824 0.258824 #0.000000
v -2.058350 2.056885 -0.278809 0.258824 0.258824 0.258824 #0.000000
v -1.687500 2.074463 -0.278809 0.258824 0.258824 0.258824 #0.000000
v -2.058350 2.056885 -0.771729 0.258824 0.258824 0.258824 #0.000000
v -0.504395 1.186279 -0.771729 0.258824 0.258824 0.258824 #0.000000
v -0.307617 0.921387 -0.771729 0.258824 0.258824 0.258824 #0.000000
v -0.504395 1.186279 -0.278809 0.258824 0.258824 0.258824 #0.000000
v -0.307617 0.921387 -0.278809 0.258824 0.258824 0.258824 #0.000000
v -0.504395 1.186279 -0.278809 0.258824 0.258824 0.258824 #0.000000
v -0.307617 0.921387 -0.771729 0.258824 0.258824 0.258824 #0.000000
v -1.373291 2.046875 -0.771729 0.258824 0.258824 0.258824 #0.000000
v -1.318604 1.876221 -0.771729 0.258824 0.258824 0.258824 #0.000000
v -1.373291 2.046875 -0.278809 0.258824 0.258824 0.258824 #0.000000
v -1.318604 1.876221 -0.278809 0.258824 0.258824 0.258824 #0.000000
v -1.373291 2.046875 -0.278809 0.258824 0.258824 0.258824 #0.000000
v -1.318604 1.876221 -0.771729 0.258824 0.258824 0.258824 #0.000000
v -0.930420 2.047607 -0.771729 0.258824 0.258824 0.258824 #0.000000
v -1.373291 2.046875 -0.771729 0.258824 0.258824 0.258824 #0.000000
v -0.930420 2.047607 -0.278809 0.258824 0.258824 0.258824 #0.000000
v -1.373291 2.046875 -0.278809 0.258824 0.258824 0.258824 #0.000000
v -0.930420 2.047607 -0.278809 0.258824 0.258824 0.258824 #0.000000
v -1.373291 2.046875 -0.771729 0.258824 0.258824 0.258824 #0.000000
v 1.109619 1.739502 -0.771729 0.258824 0.258824 0.258824 #0.000000
v 0.981689 1.991943 -0.771729 0.258824 0.258824 0.258824 #0.000000
v 1.109619 1.739502 -0.278809 0.258824 0.258824 0.258824 #0.000000
v 0.981689 1.991943 -0.278809 0.258824 0.258824 0.258824 #0.000000
v 1.109619 1.739502 -0.278809 0.258824 0.258824 0.258824 #0.000000
v 0.981689 1.991943 -0.771729 0.258824 0.258824 0.258824 #0.000000
v -2.179932 1.942139 -0.771729 0.258824 0.258824 0.258824 #0.000000
v -1.969238 1.565918 -0.771729 0.258824 0.258824 0.258824 #0.000000
v -2.179932 1.942139 -0.278809 0.258824 0.258824 0.258824 #0.000000
v -1.969238 1.565918 -0.278809 0.258824 0.258824 0.258824 #0.000000
v -2.179932 1.942139 -0.278809 0.258824 0.258824 0.258824 #0.000000
v -1.969238 1.565918 -0.771729 0.258824 0.258824 0.258824 #0.000000
v -2.026367 1.942139 -0.771729 0.258824 0.258824 0.258824 #0.000000
v -2.179932 1.942139 -0.771729 0.258824 0.258824 0.258824 #0.000000
v -2.026367 1.942139 -0.278809 0.258824 0.258824 0.258824 #0.000000
v -2.179932 1.942139 -0.278809 0.258824 0.258824 0.258824 #0.000000
v -2.026367 1.942139 -0.278809 0.258824 0.258824 0.258824 #0.000000
v -2.179932 1.942139 -0.771729 0.258824 0.258824 0.258824 #0.000000
v -0.865967 1.928467 -0.771729 0.258824 0.258824 0.258824 #0.000000
v -0.930420 2.047607 -0.771729 0.258824 0.258824 0.258824 #0.000000
v -0.865967 1.928467 -0.278809 0.258824 0.258824 0.258824 #0.000000
v -0.930420 2.047607 -0.278809 0.258824 0.258824 0.258824 #0.000000
v -0.865967 1.928467 -0.278809 0.258824 0.258824 0.258824 #0.000000
v -0.930420 2.047607 -0.771729 0.258824 0.258824 0.258824 #0.000000
v -1.504883 1.722412 -0.771729 0.258824 0.258824 0.258824 #0.000000
v -1.687500 2.074463 -0.771729 0.258824 0.258824 0.258824 #0.000000
v -1.504883 1.722412 -0.278809 0.258824 0.258824 0.258824 #0.000000
v -1.687500 2.074463 -0.278809 0.258824 0.258824 0.258824 #0.000000
v -1.504883 1.722412 -0.278809 0.258824 0.258824 0.258824 #0.000000
v -1.687500 2.074463 -0.771729 0.258824 0.258824 0.258824 #0.000000
v -1.969238 1.565918 -0.771729 0.258824 0.258824 0.258824 #0.000000
v -1.790039 1.565918 -0.771729 0.258824 0.258824 0.258824 #0.000000
v -1.969238 1.565918 -0.278809 0.258824 0.258824 0.258824 #0.000000
v -1.790039 1.565918 -0.278809 0.258824 0.258824 0.258824 #0.000000
v -1.969238 1.565918 -0.278809 0.258824 0.258824 0.258824 #0.000000
v -1.790039 1.565918 -0.771729 0.258824 0.258824 0.258824 #0.000000
v -1.790039 1.565918 -0.771729 0.258824 0.258824 0.258824 #0.000000
v -1.451172 0.922363 -0.771729 0.258824 0.258824 0.258824 #0.000000
v -1.790039 1.565918 -0.278809 0.258824 0.258824 0.258824 #0.000000
v -1.451172 0.922363 -0.278809 0.258824 0.258824 0.258824 #0.000000
v -1.790039 1.565918 -0.278809 0.258824 0.258824 0.258824 #0.000000
v -1.451172 0.922363 -0.771729 0.258824 0.258824 0.258824 #0.000000
v -1.515869 1.869629 -0.771729 0.258824 0.258824 0.258824 #0.000000
v -1.504883 1.722412 -0.771729 0.258824 0.258824 0.258824 #0.000000
v -1.515869 1.869629 -0.278809 0.258824 0.258824 0.258824 #0.000000
v -1.504883 1.722412 -0.278809 0.258824 0.258824 0.258824 #0.000000
v -1.515869 1.869629 -0.278809 0.258824 0.258824 0.258824 #0.000000
v -1.504883 1.722412 -0.771729 0.258824 0.258824 0.258824 #0.000000
v -1.318604 1.876221 -0.771729 0.258824 0.258824 0.258824 #0.000000
v -1.515869 1.869629 -0.771729 0.258824 0.258824 0.258824 #0.000000
v -1.318604 1.876221 -0.278809 0.258824 0.258824 0.258824 #0.000000
v -1.515869 1.869629 -0.278809 0.258824 0.258824 0.258824 #0.000000
v -1.318604 1.876221 -0.278809 0.258824 0.258824 0.258824 #0.000000
v -1.515869 1.869629 -0.771729 0.258824 0.258824 0.258824 #0.000000
v -1.451172 0.922363 -0.771729 0.258824 0.258824 0.258824 #0.000000
v -1.201904 0.921387 -0.771729 0.258824 0.258824 0.258824 #0.000000
v -1.451172 0.922363 -0.278809 0.258824 0.258824 0.258824 #0.000000
v -1.201904 0.921387 -0.278809 0.258824 0.258824 0.258824 #0.000000
v -1.451172 0.922363 -0.278809 0.258824 0.258824 0.258824 #0.000000
v -1.201904 0.921387 -0.771729 0.258824 0.258824 0.258824 #0.000000
v -1.201904 0.921387 -0.771729 0.258824 0.258824 0.258824 #0.000000
v -1.199219 1.070068 -0.771729 0.258824 0.258824 0.258824 #0.000000
v -1.201904 0.921387 -0.278809 0.258824 0.258824 0.258824 #0.000000
v -1.199219 1.070068 -0.278809 0.258824 0.258824 0.258824 #0.000000
v -1.201904 0.921387 -0.278809 0.258824 0.258824 0.258824 #0.000000
v -1.199219 1.070068 -0.771729 0.258824 0.258824 0.258824 #0.000000
v 0.943848 0.891602 -0.771729 0.258824 0.258824 0.258824 #0.000000
v 1.935059 0.910889 -0.771729 0.258824 0.258824 0.258824 #0.000000
v 0.943848 0.891602 -0.278809 0.258824 0.258824 0.258824 #0.000000
v 1.935059 0.910889 -0.278809 0.258824 0.258824 0.258824 #0.000000
v 0.943848 0.891602 -0.278809 0.258824 0.258824 0.258824 #0.000000
v 1.935059 0.910889 -0.771729 0.258824 0.258824 0.258824 #0.000000
v 0.881104 0.997314 -0.771729 0.258824 0.258824 0.258824 #0.000000
v 0.943848 0.891602 -0.771729 0.258824 0.258824 0.258824 #0.000000
v 0.881104 0.997314 -0.278809 0.258824 0.258824 0.258824 #0.000000
v 0.943848 0.891602 -0.278809 0.258824 0.258824 0.258824 #0.000000
v 0.881104 0.997314 -0.278809 0.258824 0.258824 0.258824 #0.000000
v 0.943848 0.891602 -0.771729 0.258824 0.258824 0.258824 #0.000000
v -0.620117 1.919189 -0.771729 0.258824 0.258824 0.258824 #0.000000
v -0.865967 1.928467 -0.771729 0.258824 0.258824 0.258824 #0.000000
v -0.620117 1.919189 -0.278809 0.258824 0.258824 0.258824 #0.000000
v -0.865967 1.928467 -0.278809 0.258824 0.258824 0.258824 #0.000000
v -0.620117 1.919189 -0.278809 0.258824 0.258824 0.258824 #0.000000
v -0.865967 1.928467 -0.771729 0.258824 0.258824 0.258824 #0.000000
v -0.549561 1.852539 -0.771729 0.258824 0.258824 0.258824 #0.000000
v -0.620117 1.919189 -0.771729 0.258824 0.258824 0.258824 #0.000000
v -0.549561 1.852539 -0.278809 0.258824 0.258824 0.258824 #0.000000
v -0.620117 1.919189 -0.278809 0.258824 0.258824 0.258824 #0.000000
v -0.549561 1.852539 -0.278809 0.258824 0.258824 0.258824 #0.000000
v -0.620117 1.919189 -0.771729 0.258824 0.258824 0.258824 #0.000000
v -1.199219 1.070068 -0.771729 0.258824 0.258824 0.258824 #0.000000
v -1.140381 0.906738 -0.771729 0.258824 0.258824 0.258824 #0.000000
v -1.199219 1.070068 -0.278809 0.258824 0.258824 0.258824 #0.000000
v -1.140381 0.906738 -0.278809 0.258824 0.258824 0.258824 #0.000000
v -1.199219 1.070068 -0.278809 0.258824 0.258824 0.258824 #0.000000
v -1.140381 0.906738 -0.771729 0.258824 0.258824 0.258824 #0.000000
v 0.741943 0.909912 -0.771729 0.258824 0.258824 0.258824 #0.000000
v 0.881104 0.997314 -0.771729 0.258824 0.258824 0.258824 #0.000000
v 0.741943 0.909912 -0.278809 0.258824 0.258824 0.258824 #0.000000
v 0.881104 0.997314 -0.278809 0.258824 0.258824 0.258824 #0.000000
v 0.741943 0.909912 -0.278809 0.258824 0.258824 0.258824 #0.000000
v 0.881104 0.997314 -0.771729 0.258824 0.258824 0.258824 #0.000000
v 0.501221 0.896240 -0.771729 0.258824 0.258824 0.258824 #0.000000
v 0.741943 0.909912 -0.771729 0.258824 0.258824 0.258824 #0.000000
v 0.501221 0.896240 -0.278809 0.258824 0.258824 0.258824 #0.000000
v 0.741943 0.909912 -0.278809 0.258824 0.258824 0.258824 #0.000000
v 0.501221 0.896240 -0.278809 0.258824 0.258824 0.258824 #0.000000
v 0.741943 0.909912 -0.771729 0.258824 0.258824 0.258824 #0.000000
v 0.266357 0.959473 -0.771729 0.258824 0.258824 0.258824 #0.000000
v 0.501221 0.896240 -0.771729 0.258824 0.258824 0.258824 #0.000000
v 0.266357 0.959473 -0.278809 0.258824 0.258824 0.258824 #0.000000
v 0.501221 0.896240 -0.278809 0.258824 0.258824 0.258824 #0.000000
v 0.266357 0.959473 -0.278809 0.258824 0.258824 0.258824 #0.000000
v 0.501221 0.896240 -0.771729 0.258824 0.258824 0.258824 #0.000000
v 0.131104 1.037842 -0.771729 0.258824 0.258824 0.258824 #0.000000
v 0.266357 0.959473 -0.771729 0.258824 0.258824 0.258824 #0.000000
v 0.131104 1.037842 -0.278809 0.258824 0.258824 0.258824 #0.000000
v 0.266357 0.959473 -0.278809 0.258824 0.258824 0.258824 #0.000000
v 0.131104 1.037842 -0.278809 0.258824 0.258824 0.258824 #0.000000
v 0.266357 0.959473 -0.771729 0.258824 0.258824 0.258824 #0.000000
v 0.068604 1.099365 -0.771729 0.258824 0.258824 0.258824 #0.000000
v 0.131104 1.037842 -0.771729 0.258824 0.258824 0.258824 #0.000000
v 0.068604 1.099365 -0.278809 0.258824 0.258824 0.258824 #0.000000
v 0.131104 1.037842 -0.278809 0.258824 0.258824 0.258824 #0.000000
v 0.068604 1.099365 -0.278809 0.258824 0.258824 0.258824 #0.000000
v 0.131104 1.037842 -0.771729 0.258824 0.258824 0.258824 #0.000000
v 0.619629 1.848389 -0.771729 0.258824 0.258824 0.258824 #0.000000
v 0.488281 1.930664 -0.771729 0.258824 0.258824 0.258824 #0.000000
v 0.619629 1.848389 -0.278809 0.258824 0.258824 0.258824 #0.000000
v 0.488281 1.930664 -0.278809 0.258824 0.258824 0.258824 #0.000000
v 0.619629 1.848389 -0.278809 0.258824 0.258824 0.258824 #0.000000
v 0.488281 1.930664 -0.771729 0.258824 0.258824 0.258824 #0.000000
v 0.488281 1.930664 -0.771729 0.258824 0.258824 0.258824 #0.000000
v 0.302246 1.979980 -0.771729 0.258824 0.258824 0.258824 #0.000000
v 0.488281 1.930664 -0.278809 0.258824 0.258824 0.258824 #0.000000
v 0.302246 1.979980 -0.278809 0.258824 0.258824 0.258824 #0.000000
v 0.488281 1.930664 -0.278809 0.258824 0.258824 0.258824 #0.000000
v 0.302246 1.979980 -0.771729 0.258824 0.258824 0.258824 #0.000000
v 0.302246 1.979980 -0.771729 0.258824 0.258824 0.258824 #0.000000
v 0.109863 1.987061 -0.771729 0.258824 0.258824 0.258824 #0.000000
v 0.302246 1.979980 -0.278809 0.258824 0.258824 0.258824 #0.000000
v 0.109863 1.987061 -0.278809 0.258824 0.258824 0.258824 #0.000000
v 0.302246 1.979980 -0.278809 0.258824 0.258824 0.258824 #0.000000
v 0.109863 1.987061 -0.771729 0.258824 0.258824 0.258824 #0.000000
v 0.109863 1.987061 -0.771729 0.258824 0.258824 0.258824 #0.000000
v -0.042236 1.934570 -0.771729 0.258824 0.258824 0.258824 #0.000000
v 0.109863 1.987061 -0.278809 0.258824 0.258824 0.258824 #0.000000
v -0.042236 1.934570 -0.278809 0.258824 0.258824 0.258824 #0.000000
v 0.109863 1.987061 -0.278809 0.258824 0.258824 0.258824 #0.000000
v -0.042236 1.934570 -0.771729 0.258824 0.258824 0.258824 #0.000000
v -0.042236 1.934570 -0.771729 0.258824 0.258824 0.258824 #0.000000
v -0.114014 1.865723 -0.771729 0.258824 0.258824 0.258824 #0.000000
v -0.042236 1.934570 -0.278809 0.258824 0.258824 0.258824 #0.000000
v -0.114014 1.865723 -0.278809 0.258824 0.258824 0.258824 #0.000000
v -0.042236 1.934570 -0.278809 0.258824 0.258824 0.258824 #0.000000
v -0.114014 1.865723 -0.771729 0.258824 0.258824 0.258824 #0.000000
v -0.409180 0.912842 -0.771729 0.258824 0.258824 0.258824 #0.000000
v -0.504395 1.186279 -0.771729 0.258824 0.258824 0.258824 #0.000000
v -0.409180 0.912842 -0.278809 0.258824 0.258824 0.258824 #0.000000
v -0.504395 1.186279 -0.278809 0.258824 0.258824 0.258824 #0.000000
v -0.409180 0.912842 -0.278809 0.258824 0.258824 0.258824 #0.000000
v -0.504395 1.186279 -0.771729 0.258824 0.258824 0.258824 #0.000000
v -1.140381 0.906738 -0.771729 0.258824 0.258824 0.258824 #0.000000
v -0.409180 0.912842 -0.771729 0.258824 0.258824 0.258824 #0.000000
v -1.140381 0.906738 -0.278809 0.258824 0.258824 0.258824 #0.000000
v -0.409180 0.912842 -0.278809 0.258824 0.258824 0.258824 #0.000000
v -1.140381 0.906738 -0.278809 0.258824 0.258824 0.258824 #0.000000
v -0.409180 0.912842 -0.771729 0.258824 0.258824 0.258824 #0.000000
v 0.287354 2.775635 0.692627 0.258824 0.258824 0.258824 #0.000000
v -0.870850 3.305908 0.630859 0.258824 0.258824 0.258824 #0.000000
v -0.955566 3.071289 0.630859 0.258824 0.258824 0.258824 #0.000000
v 0.287354 2.775635 0.692627 0.258824 0.258824 0.258824 #0.000000
v -0.700195 3.500977 0.630859 0.258824 0.258824 0.258824 #0.000000
v -0.870850 3.305908 0.630859 0.258824 0.258824 0.258824 #0.000000
v 0.287354 2.775635 0.692627 0.258824 0.258824 0.258824 #0.000000
v -0.456543 3.642334 0.630859 0.258824 0.258824 0.258824 #0.000000
v -0.700195 3.500977 0.630859 0.258824 0.258824 0.258824 #0.000000
v 0.287354 2.775635 0.692627 0.258824 0.258824 0.258824 #0.000000
v -0.157471 3.719482 0.630859 0.258824 0.258824 0.258824 #0.000000
v -0.456543 3.642334 0.630859 0.258824 0.258824 0.258824 #0.000000
v 0.287354 2.775635 0.692627 0.258824 0.258824 0.258824 #0.000000
v 0.174316 3.726562 0.630859 0.258824 0.258824 0.258824 #0.000000
v -0.157471 3.719482 0.630859 0.258824 0.258824 0.258824 #0.000000
v 0.287354 2.775635 0.692627 0.258824 0.258824 0.258824 #0.000000
v 0.514648 3.663086 0.630859 0.258824 0.258824 0.258824 #0.000000
v 0.174316 3.726562 0.630859 0.258824 0.258824 0.258824 #0.000000
v 0.287354 2.775635 0.692627 0.258824 0.258824 0.258824 #0.000000
v 0.838135 3.533936 0.630859 0.258824 0.258824 0.258824 #0.000000
v 0.514648 3.663086 0.630859 0.258824 0.258824 0.258824 #0.000000
v 0.287354 2.775635 0.692627 0.258824 0.258824 0.258824 #0.000000
v 1.120850 3.348389 0.630859 0.258824 0.258824 0.258824 #0.000000
v 0.838135 3.533936 0.630859 0.258824 0.258824 0.258824 #0.000000
v 0.287354 2.775635 0.692627 0.258824 0.258824 0.258824 #0.000000
v 1.341553 3.120605 0.630859 0.258824 0.258824 0.258824 #0.000000
v 1.120850 3.348389 0.630859 0.258824 0.258824 0.258824 #0.000000
v 0.287354 2.775635 0.692627 0.258824 0.258824 0.258824 #0.000000
v 1.484375 2.866943 0.630859 0.258824 0.258824 0.258824 #0.000000
v 1.341553 3.120605 0.630859 0.258824 0.258824 0.258824 #0.000000
v 0.287354 2.775635 0.692627 0.258824 0.258824 0.258824 #0.000000
v 1.538086 2.606689 0.630859 0.258824 0.258824 0.258824 #0.000000
v 1.484375 2.866943 0.630859 0.258824 0.258824 0.258824 #0.000000
v 0.287354 2.775635 0.692627 0.258824 0.258824 0.258824 #0.000000
v 1.499268 2.358887 0.630859 0.258824 0.258824 0.258824 #0.000000
v 1.538086 2.606689 0.630859 0.258824 0.258824 0.258824 #0.000000
v 0.287354 2.775635 0.692627 0.258824 0.258824 0.258824 #0.000000
v 1.370361 2.142090 0.630859 0.258824 0.258824 0.258824 #0.000000
v 1.499268 2.358887 0.630859 0.258824 0.258824 0.258824 #0.000000
v 0.287354 2.775635 0.692627 0.258824 0.258824 0.258824 #0.000000
v 1.161377 1.972412 0.630859 0.258824 0.258824 0.258824 #0.000000
v 1.370361 2.142090 0.630859 0.258824 0.258824 0.258824 #0.000000
v 0.287354 2.775635 0.692627 0.258824 0.258824 0.258824 #0.000000
v 0.887451 1.862061 0.630859 0.258824 0.258824 0.258824 #0.000000
v 1.161377 1.972412 0.630859 0.258824 0.258824 0.258824 #0.000000
v 0.287354 2.775635 0.692627 0.258824 0.258824 0.258824 #0.000000
v 0.569092 1.819580 0.630859 0.258824 0.258824 0.258824 #0.000000
v 0.887451 1.862061 0.630859 0.258824 0.258824 0.258824 #0.000000
v 0.287354 2.775635 0.692627 0.258824 0.258824 0.258824 #0.000000
v 0.229736 1.847900 0.630859 0.258824 0.258824 0.258824 #0.000000
v 0.569092 1.819580 0.630859 0.258824 0.258824 0.258824 #0.000000
v 0.287354 2.775635 0.692627 0.258824 0.258824 0.258824 #0.000000
v -0.105225 1.945312 0.630859 0.258824 0.258824 0.258824 #0.000000
v 0.229736 1.847900 0.630859 0.258824 0.258824 0.258824 #0.000000
v 0.287354 2.775635 0.692627 0.258824 0.258824 0.258824 #0.000000
v -0.411133 2.104004 0.630859 0.258824 0.258824 0.258824 #0.000000
v -0.105225 1.945312 0.630859 0.258824 0.258824 0.258824 #0.000000
v 0.287354 2.775635 0.692627 0.258824 0.258824 0.258824 #0.000000
v -0.665283 2.312744 0.630859 0.258824 0.258824 0.258824 #0.000000
v -0.411133 2.104004 0.630859 0.258824 0.258824 0.258824 #0.000000
v 0.287354 2.775635 0.692627 0.258824 0.258824 0.258824 #0.000000
v -0.848633 2.555664 0.630859 0.258824 0.258824 0.258824 #0.000000
v -0.665283 2.312744 0.630859 0.258824 0.258824 0.258824 #0.000000
v 0.287354 2.775635 0.692627 0.258824 0.258824 0.258824 #0.000000
v -0.947998 2.814941 0.630859 0.258824 0.258824 0.258824 #0.000000
v -0.848633 2.555664 0.630859 0.258824 0.258824 0.258824 #0.000000
v 0.287354 2.775635 0.692627 0.258824 0.258824 0.258824 #0.000000
v -0.955566 3.071289 0.630859 0.258824 0.258824 0.258824 #0.000000
v -0.947998 2.814941 0.630859 0.258824 0.258824 0.258824 #0.000000
v -0.955566 3.071289 0.630859 0.258824 0.258824 0.258824 #0.000000
v -1.522461 3.597656 0.549072 0.258824 0.258824 0.258824 #0.000000
v -1.654541 3.234131 0.549072 0.258824 0.258824 0.258824 #0.000000
v -0.955566 3.071289 0.630859 0.258824 0.258824 0.258824 #0.000000
v -0.870850 3.305908 0.630859 0.258824 0.258824 0.258824 #0.000000
v -1.522461 3.597656 0.549072 0.258824 0.258824 0.258824 #0.000000
v -0.870850 3.305908 0.630859 0.258824 0.258824 0.258824 #0.000000
v -1.255859 3.900146 0.549072 0.258824 0.258824 0.258824 #0.000000
v -1.522461 3.597656 0.549072 0.258824 0.258824 0.258824 #0.000000
v -0.870850 3.305908 0.630859 0.258824 0.258824 0.258824 #0.000000
v -0.700195 3.500977 0.630859 0.258824 0.258824 0.258824 #0.000000
v -1.255859 3.900146 0.549072 0.258824 0.258824 0.258824 #0.000000
v -0.700195 3.500977 0.630859 0.258824 0.258824 0.258824 #0.000000
v -0.875000 4.119385 0.549072 0.258824 0.258824 0.258824 #0.000000
v -1.255859 3.900146 0.549072 0.258824 0.258824 0.258824 #0.000000
v -0.700195 3.500977 0.630859 0.258824 0.258824 0.258824 #0.000000
v -0.456543 3.642334 0.630859 0.258824 0.258824 0.258824 #0.000000
v -0.875000 4.119385 0.549072 0.258824 0.258824 0.258824 #0.000000
v -0.456543 3.642334 0.630859 0.258824 0.258824 0.258824 #0.000000
v -0.407959 4.238770 0.549072 0.258824 0.258824 0.258824 #0.000000
v -0.875000 4.119385 0.549072 0.258824 0.258824 0.258824 #0.000000
v -0.456543 3.642334 0.630859 0.258824 0.258824 0.258824 #0.000000
v -0.157471 3.719482 0.630859 0.258824 0.258824 0.258824 #0.000000
v -0.407959 4.238770 0.549072 0.258824 0.258824 0.258824 #0.000000
v -0.157471 3.719482 0.630859 0.258824 0.258824 0.258824 #0.000000
v 0.110596 4.249756 0.549072 0.258824 0.258824 0.258824 #0.000000
v -0.407959 4.238770 0.549072 0.258824 0.258824 0.258824 #0.000000
v -0.157471 3.719482 0.630859 0.258824 0.258824 0.258824 #0.000000
v 0.174316 3.726562 0.630859 0.258824 0.258824 0.258824 #0.000000
v 0.110596 4.249756 0.549072 0.258824 0.258824 0.258824 #0.000000
v 0.174316 3.726562 0.630859 0.258824 0.258824 0.258824 #0.000000
v 0.642334 4.151611 0.549072 0.258824 0.258824 0.258824 #0.000000
v 0.110596 4.249756 0.549072 0.258824 0.258824 0.258824 #0.000000
v 0.174316 3.726562 0.630859 0.258824 0.258824 0.258824 #0.000000
v 0.514648 3.663086 0.630859 0.258824 0.258824 0.258824 #0.000000
v 0.642334 4.151611 0.549072 0.258824 0.258824 0.258824 #0.000000
v 0.514648 3.663086 0.630859 0.258824 0.258824 0.258824 #0.000000
v 1.147949 3.951172 0.549072 0.258824 0.258824 0.258824 #0.000000
v 0.642334 4.151611 0.549072 0.258824 0.258824 0.258824 #0.000000
v 0.514648 3.663086 0.630859 0.258824 0.258824 0.258824 #0.000000
v 0.838135 3.533936 0.630859 0.258824 0.258824 0.258824 #0.000000
v 1.147949 3.951172 0.549072 0.258824 0.258824 0.258824 #0.000000
v 0.838135 3.533936 0.630859 0.258824 0.258824 0.258824 #0.000000
v 1.589600 3.663574 0.549072 0.258824 0.258824 0.258824 #0.000000
v 1.147949 3.951172 0.549072 0.258824 0.258824 0.258824 #0.000000
v 0.838135 3.533936 0.630859 0.258824 0.258824 0.258824 #0.000000
v 1.120850 3.348389 0.630859 0.258824 0.258824 0.258824 #0.000000
v 1.589600 3.663574 0.549072 0.258824 0.258824 0.258824 #0.000000
v 1.120850 3.348389 0.630859 0.258824 0.258824 0.258824 #0.000000
v 1.934570 3.310303 0.549072 0.258824 0.258824 0.258824 #0.000000
v 1.589600 3.663574 0.549072 0.258824 0.258824 0.258824 #0.000000
v 1.120850 3.348389 0.630859 0.258824 0.258824 0.258824 #0.000000
v 1.341553 3.120605 0.630859 0.258824 0.258824 0.258824 #0.000000
v 1.934570 3.310303 0.549072 0.258824 0.258824 0.258824 #0.000000
v 1.341553 3.120605 0.630859 0.258824 0.258824 0.258824 #0.000000
v 2.157471 2.917236 0.549072 0.258824 0.258824 0.258824 #0.000000
v 1.934570 3.310303 0.549072 0.258824 0.258824 0.258824 #0.000000
v 1.341553 3.120605 0.630859 0.258824 0.258824 0.258824 #0.000000
v 1.484375 2.866943 0.630859 0.258824 0.258824 0.258824 #0.000000
v 2.157471 2.917236 0.549072 0.258824 0.258824 0.258824 #0.000000
v 1.484375 2.866943 0.630859 0.258824 0.258824 0.258824 #0.000000
v 2.241699 2.513672 0.549072 0.258824 0.258824 0.258824 #0.000000
v 2.157471 2.917236 0.549072 0.258824 0.258824 0.258824 #0.000000
v 1.484375 2.866943 0.630859 0.258824 0.258824 0.258824 #0.000000
v 1.538086 2.606689 0.630859 0.258824 0.258824 0.258824 #0.000000
v 2.241699 2.513672 0.549072 0.258824 0.258824 0.258824 #0.000000
v 1.538086 2.606689 0.630859 0.258824 0.258824 0.258824 #0.000000
v 2.180908 2.129639 0.549072 0.258824 0.258824 0.258824 #0.000000
v 2.241699 2.513672 0.549072 0.258824 0.258824 0.258824 #0.000000
v 1.538086 2.606689 0.630859 0.258824 0.258824 0.258824 #0.000000
v 1.499268 2.358887 0.630859 0.258824 0.258824 0.258824 #0.000000
v 2.180908 2.129639 0.549072 0.258824 0.258824 0.258824 #0.000000
v 1.499268 2.358887 0.630859 0.258824 0.258824 0.258824 #0.000000
v 1.979736 1.793457 0.549072 0.258824 0.258824 0.258824 #0.000000
v 2.180908 2.129639 0.549072 0.258824 0.258824 0.258824 #0.000000
v 1.499268 2.358887 0.630859 0.258824 0.258824 0.258824 #0.000000
v 1.370361 2.142090 0.630859 0.258824 0.258824 0.258824 #0.000000
v 1.979736 1.793457 0.549072 0.258824 0.258824 0.258824 #0.000000
v 1.370361 2.142090 0.630859 0.258824 0.258824 0.258824 #0.000000
v 1.653076 1.530029 0.549072 0.258824 0.258824 0.258824 #0.000000
v 1.979736 1.793457 0.549072 0.258824 0.258824 0.258824 #0.000000
v 1.370361 2.142090 0.630859 0.258824 0.258824 0.258824 #0.000000
v 1.161377 1.972412 0.630859 0.258824 0.258824 0.258824 #0.000000
v 1.653076 1.530029 0.549072 0.258824 0.258824 0.258824 #0.000000
v 1.161377 1.972412 0.630859 0.258824 0.258824 0.258824 #0.000000
v 1.225098 1.359131 0.549072 0.258824 0.258824 0.258824 #0.000000
v 1.653076 1.530029 0.549072 0.258824 0.258824 0.258824 #0.000000
v 1.161377 1.972412 0.630859 0.258824 0.258824 0.258824 #0.000000
v 0.887451 1.862061 0.630859 0.258824 0.258824 0.258824 #0.000000
v 1.225098 1.359131 0.549072 0.258824 0.258824 0.258824 #0.000000
v 0.887451 1.862061 0.630859 0.258824 0.258824 0.258824 #0.000000
v 0.727539 1.293213 0.549072 0.258824 0.258824 0.258824 #0.000000
v 1.225098 1.359131 0.549072 0.258824 0.258824 0.258824 #0.000000
v 0.887451 1.862061 0.630859 0.258824 0.258824 0.258824 #0.000000
v 0.569092 1.819580 0.630859 0.258824 0.258824 0.258824 #0.000000
v 0.727539 1.293213 0.549072 0.258824 0.258824 0.258824 #0.000000
v 0.569092 1.819580 0.630859 0.258824 0.258824 0.258824 #0.000000
v 0.197266 1.337402 0.549072 0.258824 0.258824 0.258824 #0.000000
v 0.727539 1.293213 0.549072 0.258824 0.258824 0.258824 #0.000000
v 0.569092 1.819580 0.630859 0.258824 0.258824 0.258824 #0.000000
v 0.229736 1.847900 0.630859 0.258824 0.258824 0.258824 #0.000000
v 0.197266 1.337402 0.549072 0.258824 0.258824 0.258824 #0.000000
v 0.229736 1.847900 0.630859 0.258824 0.258824 0.258824 #0.000000
v -0.326172 1.488037 0.549072 0.258824 0.258824 0.258824 #0.000000
v 0.197266 1.337402 0.549072 0.258824 0.258824 0.258824 #0.000000
v 0.229736 1.847900 0.630859 0.258824 0.258824 0.258824 #0.000000
v -0.105225 1.945312 0.630859 0.258824 0.258824 0.258824 #0.000000
v -0.326172 1.488037 0.549072 0.258824 0.258824 0.258824 #0.000000
v -0.105225 1.945312 0.630859 0.258824 0.258824 0.258824 #0.000000
v -0.804199 1.734375 0.549072 0.258824 0.258824 0.258824 #0.000000
v -0.326172 1.488037 0.549072 0.258824 0.258824 0.258824 #0.000000
v -0.105225 1.945312 0.630859 0.258824 0.258824 0.258824 #0.000000
v -0.411133 2.104004 0.630859 0.258824 0.258824 0.258824 #0.000000
v -0.804199 1.734375 0.549072 0.258824 0.258824 0.258824 #0.000000
v -0.411133 2.104004 0.630859 0.258824 0.258824 0.258824 #0.000000
v -1.201172 2.057861 0.549072 0.258824 0.258824 0.258824 #0.000000
v -0.804199 1.734375 0.549072 0.258824 0.258824 0.258824 #0.000000
v -0.411133 2.104004 0.630859 0.258824 0.258824 0.258824 #0.000000
v -0.665283 2.312744 0.630859 0.258824 0.258824 0.258824 #0.000000
v -1.201172 2.057861 0.549072 0.258824 0.258824 0.258824 #0.000000
v -0.665283 2.312744 0.630859 0.258824 0.258824 0.258824 #0.000000
v -1.487793 2.434570 0.549072 0.258824 0.258824 0.258824 #0.000000
v -1.201172 2.057861 0.549072 0.258824 0.258824 0.258824 #0.000000
v -0.665283 2.312744 0.630859 0.258824 0.258824 0.258824 #0.000000
v -0.848633 2.555664 0.630859 0.258824 0.258824 0.258824 #0.000000
v -1.487793 2.434570 0.549072 0.258824 0.258824 0.258824 #0.000000
v -0.848633 2.555664 0.630859 0.258824 0.258824 0.258824 #0.000000
v -1.642822 2.836670 0.549072 0.258824 0.258824 0.258824 #0.000000
v -1.487793 2.434570 0.549072 0.258824 0.258824 0.258824 #0.000000
v -0.848633 2.555664 0.630859 0.258824 0.258824 0.258824 #0.000000
v -0.947998 2.814941 0.630859 0.258824 0.258824 0.258824 #0.000000
v -1.642822 2.836670 0.549072 0.258824 0.258824 0.258824 #0.000000
v -0.947998 2.814941 0.630859 0.258824 0.258824 0.258824 #0.000000
v -1.654541 3.234131 0.549072 0.258824 0.258824 0.258824 #0.000000
v -1.642822 2.836670 0.549072 0.258824 0.258824 0.258824 #0.000000
v -0.947998 2.814941 0.630859 0.258824 0.258824 0.258824 #0.000000
v -0.955566 3.071289 0.630859 0.258824 0.258824 0.258824 #0.000000
v -1.654541 3.234131 0.549072 0.258824 0.258824 0.258824 #0.000000
v -1.654541 3.234131 0.549072 0.258824 0.258824 0.258824 #0.000000
v -1.611084 3.652832 0.427246 0.258824 0.258824 0.258824 #0.000000
v -1.749756 3.264893 0.427246 0.258824 0.258824 0.258824 #0.000000
v -1.654541 3.234131 0.549072 0.258824 0.258824 0.258824 #0.000000
v -1.522461 3.597656 0.549072 0.258824 0.258824 0.258824 #0.000000
v -1.611084 3.652832 0.427246 0.258824 0.258824 0.258824 #0.000000
v -1.522461 3.597656 0.549072 0.258824 0.258824 0.258824 #0.000000
v -1.331543 3.975830 0.427246 0.258824 0.258824 0.258824 #0.000000
v -1.611084 3.652832 0.427246 0.258824 0.258824 0.258824 #0.000000
v -1.522461 3.597656 0.549072 0.258824 0.258824 0.258824 #0.000000
v -1.255859 3.900146 0.549072 0.258824 0.258824 0.258824 #0.000000
v -1.331543 3.975830 0.427246 0.258824 0.258824 0.258824 #0.000000
v -1.255859 3.900146 0.549072 0.258824 0.258824 0.258824 #0.000000
v -0.932129 4.209717 0.427246 0.258824 0.258824 0.258824 #0.000000
v -1.331543 3.975830 0.427246 0.258824 0.258824 0.258824 #0.000000
v -1.255859 3.900146 0.549072 0.258824 0.258824 0.258824 #0.000000
v -0.875000 4.119385 0.549072 0.258824 0.258824 0.258824 #0.000000
v -0.932129 4.209717 0.427246 0.258824 0.258824 0.258824 #0.000000
v -0.875000 4.119385 0.549072 0.258824 0.258824 0.258824 #0.000000
v -0.441895 4.337402 0.427246 0.258824 0.258824 0.258824 #0.000000
v -0.932129 4.209717 0.427246 0.258824 0.258824 0.258824 #0.000000
v -0.875000 4.119385 0.549072 0.258824 0.258824 0.258824 #0.000000
v -0.407959 4.238770 0.549072 0.258824 0.258824 0.258824 #0.000000
v -0.441895 4.337402 0.427246 0.258824 0.258824 0.258824 #0.000000
v -0.407959 4.238770 0.549072 0.258824 0.258824 0.258824 #0.000000
v 0.102051 4.349121 0.427246 0.258824 0.258824 0.258824 #0.000000
v -0.441895 4.337402 0.427246 0.258824 0.258824 0.258824 #0.000000
v -0.407959 4.238770 0.549072 0.258824 0.258824 0.258824 #0.000000
v 0.110596 4.249756 0.549072 0.258824 0.258824 0.258824 #0.000000
v 0.102051 4.349121 0.427246 0.258824 0.258824 0.258824 #0.000000
v 0.110596 4.249756 0.549072 0.258824 0.258824 0.258824 #0.000000
v 0.659912 4.244141 0.427246 0.258824 0.258824 0.258824 #0.000000
v 0.102051 4.349121 0.427246 0.258824 0.258824 0.258824 #0.000000
v 0.110596 4.249756 0.549072 0.258824 0.258824 0.258824 #0.000000
v 0.642334 4.151611 0.549072 0.258824 0.258824 0.258824 #0.000000
v 0.659912 4.244141 0.427246 0.258824 0.258824 0.258824 #0.000000
v 0.642334 4.151611 0.549072 0.258824 0.258824 0.258824 #0.000000
v 1.190186 4.030273 0.427246 0.258824 0.258824 0.258824 #0.000000
v 0.659912 4.244141 0.427246 0.258824 0.258824 0.258824 #0.000000
v 0.642334 4.151611 0.549072 0.258824 0.258824 0.258824 #0.000000
v 1.147949 3.951172 0.549072 0.258824 0.258824 0.258824 #0.000000
v 1.190186 4.030273 0.427246 0.258824 0.258824 0.258824 #0.000000
v 1.147949 3.951172 0.549072 0.258824 0.258824 0.258824 #0.000000
v 1.653320 3.723389 0.427246 0.258824 0.258824 0.258824 #0.000000
v 1.190186 4.030273 0.427246 0.258824 0.258824 0.258824 #0.000000
v 1.147949 3.951172 0.549072 0.258824 0.258824 0.258824 #0.000000
v 1.589600 3.663574 0.549072 0.258824 0.258824 0.258824 #0.000000
v 1.653320 3.723389 0.427246 0.258824 0.258824 0.258824 #0.000000
v 1.589600 3.663574 0.549072 0.258824 0.258824 0.258824 #0.000000
v 2.015381 3.346191 0.427246 0.258824 0.258824 0.258824 #0.000000
v 1.653320 3.723389 0.427246 0.258824 0.258824 0.258824 #0.000000
v 1.589600 3.663574 0.549072 0.258824 0.258824 0.258824 #0.000000
v 1.934570 3.310303 0.549072 0.258824 0.258824 0.258824 #0.000000
v 2.015381 3.346191 0.427246 0.258824 0.258824 0.258824 #0.000000
v 1.934570 3.310303 0.549072 0.258824 0.258824 0.258824 #0.000000
v 2.249268 2.926758 0.427246 0.258824 0.258824 0.258824 #0.000000
v 2.015381 3.346191 0.427246 0.258824 0.258824 0.258824 #0.000000
v 1.934570 3.310303 0.549072 0.258824 0.258824 0.258824 #0.000000
v 2.157471 2.917236 0.549072 0.258824 0.258824 0.258824 #0.000000
v 2.249268 2.926758 0.427246 0.258824 0.258824 0.258824 #0.000000
v 2.157471 2.917236 0.549072 0.258824 0.258824 0.258824 #0.000000
v 2.337646 2.496094 0.427246 0.258824 0.258824 0.258824 #0.000000
v 2.249268 2.926758 0.427246 0.258824 0.258824 0.258824 #0.000000
v 2.157471 2.917236 0.549072 0.258824 0.258824 0.258824 #0.000000
v 2.241699 2.513672 0.549072 0.258824 0.258824 0.258824 #0.000000
v 2.337646 2.496094 0.427246 0.258824 0.258824 0.258824 #0.000000
v 2.241699 2.513672 0.549072 0.258824 0.258824 0.258824 #0.000000
v 2.273926 2.086182 0.427246 0.258824 0.258824 0.258824 #0.000000
v 2.337646 2.496094 0.427246 0.258824 0.258824 0.258824 #0.000000
v 2.241699 2.513672 0.549072 0.258824 0.258824 0.258824 #0.000000
v 2.180908 2.129639 0.549072 0.258824 0.258824 0.258824 #0.000000
v 2.273926 2.086182 0.427246 0.258824 0.258824 0.258824 #0.000000
v 2.180908 2.129639 0.549072 0.258824 0.258824 0.258824 #0.000000
v 2.062744 1.727295 0.427246 0.258824 0.258824 0.258824 #0.000000
v 2.273926 2.086182 0.427246 0.258824 0.258824 0.258824 #0.000000
v 2.180908 2.129639 0.549072 0.258824 0.258824 0.258824 #0.000000
v 1.979736 1.793457 0.549072 0.258824 0.258824 0.258824 #0.000000
v 2.062744 1.727295 0.427246 0.258824 0.258824 0.258824 #0.000000
v 1.979736 1.793457 0.549072 0.258824 0.258824 0.258824 #0.000000
v 1.719971 1.446289 0.427246 0.258824 0.258824 0.258824 #0.000000
v 2.062744 1.727295 0.427246 0.258824 0.258824 0.258824 #0.000000
v 1.979736 1.793457 0.549072 0.258824 0.258824 0.258824 #0.000000
v 1.653076 1.530029 0.549072 0.258824 0.258824 0.258824 #0.000000
v 1.719971 1.446289 0.427246 0.258824 0.258824 0.258824 #0.000000
v 1.653076 1.530029 0.549072 0.258824 0.258824 0.258824 #0.000000
v 1.270996 1.263916 0.427246 0.258824 0.258824 0.258824 #0.000000
v 1.719971 1.446289 0.427246 0.258824 0.258824 0.258824 #0.000000
v 1.653076 1.530029 0.549072 0.258824 0.258824 0.258824 #0.000000
v 1.225098 1.359131 0.549072 0.258824 0.258824 0.258824 #0.000000
v 1.270996 1.263916 0.427246 0.258824 0.258824 0.258824 #0.000000
v 1.225098 1.359131 0.549072 0.258824 0.258824 0.258824 #0.000000
v 0.749023 1.193604 0.427246 0.258824 0.258824 0.258824 #0.000000
v 1.270996 1.263916 0.427246 0.258824 0.258824 0.258824 #0.000000
v 1.225098 1.359131 0.549072 0.258824 0.258824 0.258824 #0.000000
v 0.727539 1.293213 0.549072 0.258824 0.258824 0.258824 #0.000000
v 0.749023 1.193604 0.427246 0.258824 0.258824 0.258824 #0.000000
v 0.727539 1.293213 0.549072 0.258824 0.258824 0.258824 #0.000000
v 0.192871 1.240479 0.427246 0.258824 0.258824 0.258824 #0.000000
v 0.749023 1.193604 0.427246 0.258824 0.258824 0.258824 #0.000000
v 0.727539 1.293213 0.549072 0.258824 0.258824 0.258824 #0.000000
v 0.197266 1.337402 0.549072 0.258824 0.258824 0.258824 #0.000000
v 0.192871 1.240479 0.427246 0.258824 0.258824 0.258824 #0.000000
v 0.197266 1.337402 0.549072 0.258824 0.258824 0.258824 #0.000000
v -0.356201 1.401367 0.427246 0.258824 0.258824 0.258824 #0.000000
v 0.192871 1.240479 0.427246 0.258824 0.258824 0.258824 #0.000000
v 0.197266 1.337402 0.549072 0.258824 0.258824 0.258824 #0.000000
v -0.326172 1.488037 0.549072 0.258824 0.258824 0.258824 #0.000000
v -0.356201 1.401367 0.427246 0.258824 0.258824 0.258824 #0.000000
v -0.326172 1.488037 0.549072 0.258824 0.258824 0.258824 #0.000000
v -0.857666 1.664307 0.427246 0.258824 0.258824 0.258824 #0.000000
v -0.356201 1.401367 0.427246 0.258824 0.258824 0.258824 #0.000000
v -0.326172 1.488037 0.549072 0.258824 0.258824 0.258824 #0.000000
v -0.804199 1.734375 0.549072 0.258824 0.258824 0.258824 #0.000000
v -0.857666 1.664307 0.427246 0.258824 0.258824 0.258824 #0.000000
v -0.804199 1.734375 0.549072 0.258824 0.258824 0.258824 #0.000000
v -1.274170 2.009521 0.427246 0.258824 0.258824 0.258824 #0.000000
v -0.857666 1.664307 0.427246 0.258824 0.258824 0.258824 #0.000000
v -0.804199 1.734375 0.549072 0.258824 0.258824 0.258824 #0.000000
v -1.201172 2.057861 0.549072 0.258824 0.258824 0.258824 #0.000000
v -1.274170 2.009521 0.427246 0.258824 0.258824 0.258824 #0.000000
v -1.201172 2.057861 0.549072 0.258824 0.258824 0.258824 #0.000000
v -1.574951 2.411621 0.427246 0.258824 0.258824 0.258824 #0.000000
v -1.274170 2.009521 0.427246 0.258824 0.258824 0.258824 #0.000000
v -1.201172 2.057861 0.549072 0.258824 0.258824 0.258824 #0.000000
v -1.487793 2.434570 0.549072 0.258824 0.258824 0.258824 #0.000000
v -1.574951 2.411621 0.427246 0.258824 0.258824 0.258824 #0.000000
v -1.487793 2.434570 0.549072 0.258824 0.258824 0.258824 #0.000000
v -1.737549 2.840576 0.427246 0.258824 0.258824 0.258824 #0.000000
v -1.574951 2.411621 0.427246 0.258824 0.258824 0.258824 #0.000000
v -1.487793 2.434570 0.549072 0.258824 0.258824 0.258824 #0.000000
v -1.642822 2.836670 0.549072 0.258824 0.258824 0.258824 #0.000000
v -1.737549 2.840576 0.427246 0.258824 0.258824 0.258824 #0.000000
v -1.642822 2.836670 0.549072 0.258824 0.258824 0.258824 #0.000000
v -1.749756 3.264893 0.427246 0.258824 0.258824 0.258824 #0.000000
v -1.737549 2.840576 0.427246 0.258824 0.258824 0.258824 #0.000000
v -1.642822 2.836670 0.549072 0.258824 0.258824 0.258824 #0.000000
v -1.654541 3.234131 0.549072 0.258824 0.258824 0.258824 #0.000000
v -1.749756 3.264893 0.427246 0.258824 0.258824 0.258824 #0.000000
v -1.749756 3.264893 0.427246 0.258824 0.258824 0.258824 #0.000000
v -1.522461 3.597656 0.305420 0.258824 0.258824 0.258824 #0.000000
v -1.654541 3.234131 0.305420 0.258824 0.258824 0.258824 #0.000000
v -1.749756 3.264893 0.427246 0.258824 0.258824 0.258824 #0.000000
v -1.611084 3.652832 0.427246 0.258824 0.258824 0.258824 #0.000000
v -1.522461 3.597656 0.305420 0.258824 0.258824 0.258824 #0.000000
v -1.611084 3.652832 0.427246 0.258824 0.258824 0.258824 #0.000000
v -1.255859 3.900146 0.305420 0.258824 0.258824 0.258824 #0.000000
v -1.522461 3.597656 0.305420 0.258824 0.258824 0.258824 #0.000000
v -1.611084 3.652832 0.427246 0.258824 0.258824 0.258824 #0.000000
v -1.331543 3.975830 0.427246 0.258824 0.258824 0.258824 #0.000000
v -1.255859 3.900146 0.305420 0.258824 0.258824 0.258824 #0.000000
v -1.331543 3.975830 0.427246 0.258824 0.258824 0.258824 #0.000000
v -0.875000 4.119385 0.305420 0.258824 0.258824 0.258824 #0.000000
v -1.255859 3.900146 0.305420 0.258824 0.258824 0.258824 #0.000000
v -1.331543 3.975830 0.427246 0.258824 0.258824 0.258824 #0.000000
v -0.932129 4.209717 0.427246 0.258824 0.258824 0.258824 #0.000000
v -0.875000 4.119385 0.305420 0.258824 0.258824 0.258824 #0.000000
v -0.932129 4.209717 0.427246 0.258824 0.258824 0.258824 #0.000000
v -0.407959 4.238770 0.305420 0.258824 0.258824 0.258824 #0.000000
v -0.875000 4.119385 0.305420 0.258824 0.258824 0.258824 #0.000000
v -0.932129 4.209717 0.427246 0.258824 0.258824 0.258824 #0.000000
v -0.441895 4.337402 0.427246 0.258824 0.258824 0.258824 #0.000000
v -0.407959 4.238770 0.305420 0.258824 0.258824 0.258824 #0.000000
v -0.441895 4.337402 0.427246 0.258824 0.258824 0.258824 #0.000000
v 0.110596 4.249756 0.305420 0.258824 0.258824 0.258824 #0.000000
v -0.407959 4.238770 0.305420 0.258824 0.258824 0.258824 #0.000000
v -0.441895 4.337402 0.427246 0.258824 0.258824 0.258824 #0.000000
v 0.102051 4.349121 0.427246 0.258824 0.258824 0.258824 #0.000000
v 0.110596 4.249756 0.305420 0.258824 0.258824 0.258824 #0.000000
v 0.102051 4.349121 0.427246 0.258824 0.258824 0.258824 #0.000000
v 0.642334 4.151611 0.305420 0.258824 0.258824 0.258824 #0.000000
v 0.110596 4.249756 0.305420 0.258824 0.258824 0.258824 #0.000000
v 0.102051 4.349121 0.427246 0.258824 0.258824 0.258824 #0.000000
v 0.659912 4.244141 0.427246 0.258824 0.258824 0.258824 #0.000000
v 0.642334 4.151611 0.305420 0.258824 0.258824 0.258824 #0.000000
v 0.659912 4.244141 0.427246 0.258824 0.258824 0.258824 #0.000000
v 1.147949 3.951172 0.305420 0.258824 0.258824 0.258824 #0.000000
v 0.642334 4.151611 0.305420 0.258824 0.258824 0.258824 #0.000000
v 0.659912 4.244141 0.427246 0.258824 0.258824 0.258824 #0.000000
v 1.190186 4.030273 0.427246 0.258824 0.258824 0.258824 #0.000000
v 1.147949 3.951172 0.305420 0.258824 0.258824 0.258824 #0.000000
v 1.190186 4.030273 0.427246 0.258824 0.258824 0.258824 #0.000000
v 1.589600 3.663574 0.305420 0.258824 0.258824 0.258824 #0.000000
v 1.147949 3.951172 0.305420 0.258824 0.258824 0.258824 #0.000000
v 1.190186 4.030273 0.427246 0.258824 0.258824 0.258824 #0.000000
v 1.653320 3.723389 0.427246 0.258824 0.258824 0.258824 #0.000000
v 1.589600 3.663574 0.305420 0.258824 0.258824 0.258824 #0.000000
v 1.653320 3.723389 0.427246 0.258824 0.258824 0.258824 #0.000000
v 1.934570 3.310303 0.305420 0.258824 0.258824 0.258824 #0.000000
v 1.589600 3.663574 0.305420 0.258824 0.258824 0.258824 #0.000000
v 1.653320 3.723389 0.427246 0.258824 0.258824 0.258824 #0.000000
v 2.015381 3.346191 0.427246 0.258824 0.258824 0.258824 #0.000000
v 1.934570 3.310303 0.305420 0.258824 0.258824 0.258824 #0.000000
v 2.015381 3.346191 0.427246 0.258824 0.258824 0.258824 #0.000000
v 2.157471 2.917236 0.305420 0.258824 0.258824 0.258824 #0.000000
v 1.934570 3.310303 0.305420 0.258824 0.258824 0.258824 #0.000000
v 2.015381 3.346191 0.427246 0.258824 0.258824 0.258824 #0.000000
v 2.249268 2.926758 0.427246 0.258824 0.258824 0.258824 #0.000000
v 2.157471 2.917236 0.305420 0.258824 0.258824 0.258824 #0.000000
v 2.249268 2.926758 0.427246 0.258824 0.258824 0.258824 #0.000000
v 2.241699 2.513672 0.305420 0.258824 0.258824 0.258824 #0.000000
v 2.157471 2.917236 0.305420 0.258824 0.258824 0.258824 #0.000000
v 2.249268 2.926758 0.427246 0.258824 0.258824 0.258824 #0.000000
v 2.337646 2.496094 0.427246 0.258824 0.258824 0.258824 #0.000000
v 2.241699 2.513672 0.305420 0.258824 0.258824 0.258824 #0.000000
v 2.337646 2.496094 0.427246 0.258824 0.258824 0.258824 #0.000000
v 2.180908 2.129639 0.305420 0.258824 0.258824 0.258824 #0.000000
v 2.241699 2.513672 0.305420 0.258824 0.258824 0.258824 #0.000000
v 2.337646 2.496094 0.427246 0.258824 0.258824 0.258824 #0.000000
v 2.273926 2.086182 0.427246 0.258824 0.258824 0.258824 #0.000000
v 2.180908 2.129639 0.305420 0.258824 0.258824 0.258824 #0.000000
v 2.273926 2.086182 0.427246 0.258824 0.258824 0.258824 #0.000000
v 1.979736 1.793457 0.305420 0.258824 0.258824 0.258824 #0.000000
v 2.180908 2.129639 0.305420 0.258824 0.258824 0.258824 #0.000000
v 2.273926 2.086182 0.427246 0.258824 0.258824 0.258824 #0.000000
v 2.062744 1.727295 0.427246 0.258824 0.258824 0.258824 #0.000000
v 1.979736 1.793457 0.305420 0.258824 0.258824 0.258824 #0.000000
v 2.062744 1.727295 0.427246 0.258824 0.258824 0.258824 #0.000000
v 1.653076 1.530029 0.305420 0.258824 0.258824 0.258824 #0.000000
v 1.979736 1.793457 0.305420 0.258824 0.258824 0.258824 #0.000000
v 2.062744 1.727295 0.427246 0.258824 0.258824 0.258824 #0.000000
v 1.719971 1.446289 0.427246 0.258824 0.258824 0.258824 #0.000000
v 1.653076 1.530029 0.305420 0.258824 0.258824 0.258824 #0.000000
v 1.719971 1.446289 0.427246 0.258824 0.258824 0.258824 #0.000000
v 1.225098 1.359131 0.305420 0.258824 0.258824 0.258824 #0.000000
v 1.653076 1.530029 0.305420 0.258824 0.258824 0.258824 #0.000000
v 1.719971 1.446289 0.427246 0.258824 0.258824 0.258824 #0.000000
v 1.270996 1.263916 0.427246 0.258824 0.258824 0.258824 #0.000000
v 1.225098 1.359131 0.305420 0.258824 0.258824 0.258824 #0.000000
v 1.270996 1.263916 0.427246 0.258824 0.258824 0.258824 #0.000000
v 0.727539 1.293213 0.305420 0.258824 0.258824 0.258824 #0.000000
v 1.225098 1.359131 0.305420 0.258824 0.258824 0.258824 #0.000000
v 1.270996 1.263916 0.427246 0.258824 0.258824 0.258824 #0.000000
v 0.749023 1.193604 0.427246 0.258824 0.258824 0.258824 #0.000000
v 0.727539 1.293213 0.305420 0.258824 0.258824 0.258824 #0.000000
v 0.749023 1.193604 0.427246 0.258824 0.258824 0.258824 #0.000000
v 0.197266 1.337402 0.305420 0.258824 0.258824 0.258824 #0.000000
v 0.727539 1.293213 0.305420 0.258824 0.258824 0.258824 #0.000000
v 0.749023 1.193604 0.427246 0.258824 0.258824 0.258824 #0.000000
v 0.192871 1.240479 0.427246 0.258824 0.258824 0.258824 #0.000000
v 0.197266 1.337402 0.305420 0.258824 0.258824 0.258824 #0.000000
v 0.192871 1.240479 0.427246 0.258824 0.258824 0.258824 #0.000000
v -0.326172 1.488037 0.305420 0.258824 0.258824 0.258824 #0.000000
v 0.197266 1.337402 0.305420 0.258824 0.258824 0.258824 #0.000000
v 0.192871 1.240479 0.427246 0.258824 0.258824 0.258824 #0.000000
v -0.356201 1.401367 0.427246 0.258824 0.258824 0.258824 #0.000000
v -0.326172 1.488037 0.305420 0.258824 0.258824 0.258824 #0.000000
v -0.356201 1.401367 0.427246 0.258824 0.258824 0.258824 #0.000000
v -0.804199 1.734375 0.305420 0.258824 0.258824 0.258824 #0.000000
v -0.326172 1.488037 0.305420 0.258824 0.258824 0.258824 #0.000000
v -0.356201 1.401367 0.427246 0.258824 0.258824 0.258824 #0.000000
v -0.857666 1.664307 0.427246 0.258824 0.258824 0.258824 #0.000000
v -0.804199 1.734375 0.305420 0.258824 0.258824 0.258824 #0.000000
v -0.857666 1.664307 0.427246 0.258824 0.258824 0.258824 #0.000000
v -1.201172 2.057861 0.305420 0.258824 0.258824 0.258824 #0.000000
v -0.804199 1.734375 0.305420 0.258824 0.258824 0.258824 #0.000000
v -0.857666 1.664307 0.427246 0.258824 0.258824 0.258824 #0.000000
v -1.274170 2.009521 0.427246 0.258824 0.258824 0.258824 #0.000000
v -1.201172 2.057861 0.305420 0.258824 0.258824 0.258824 #0.000000
v -1.274170 2.009521 0.427246 0.258824 0.258824 0.258824 #0.000000
v -1.487793 2.434570 0.305420 0.258824 0.258824 0.258824 #0.000000
v -1.201172 2.057861 0.305420 0.258824 0.258824 0.258824 #0.000000
v -1.274170 2.009521 0.427246 0.258824 0.258824 0.258824 #0.000000
v -1.574951 2.411621 0.427246 0.258824 0.258824 0.258824 #0.000000
v -1.487793 2.434570 0.305420 0.258824 0.258824 0.258824 #0.000000
v -1.574951 2.411621 0.427246 0.258824 0.258824 0.258824 #0.000000
v -1.642822 2.836670 0.305420 0.258824 0.258824 0.258824 #0.000000
v -1.487793 2.434570 0.305420 0.258824 0.258824 0.258824 #0.000000
v -1.574951 2.411621 0.427246 0.258824 0.258824 0.258824 #0.000000
v -1.737549 2.840576 0.427246 0.258824 0.258824 0.258824 #0.000000
v -1.642822 2.836670 0.305420 0.258824 0.258824 0.258824 #0.000000
v -1.737549 2.840576 0.427246 0.258824 0.258824 0.258824 #0.000000
v -1.654541 3.234131 0.305420 0.258824 0.258824 0.258824 #0.000000
v -1.642822 2.836670 0.305420 0.258824 0.258824 0.258824 #0.000000
v -1.737549 2.840576 0.427246 0.258824 0.258824 0.258824 #0.000000
v -1.749756 3.264893 0.427246 0.258824 0.258824 0.258824 #0.000000
v -1.654541 3.234131 0.305420 0.258824 0.258824 0.258824 #0.000000
v -1.654541 3.234131 0.305420 0.258824 0.258824 0.258824 #0.000000
v -0.870850 3.305908 0.223633 0.258824 0.258824 0.258824 #0.000000
v -0.955566 3.071289 0.223633 0.258824 0.258824 0.258824 #0.000000
v -1.654541 3.234131 0.305420 0.258824 0.258824 0.258824 #0.000000
v -1.522461 3.597656 0.305420 0.258824 0.258824 0.258824 #0.000000
v -0.870850 3.305908 0.223633 0.258824 0.258824 0.258824 #0.000000
v -1.522461 3.597656 0.305420 0.258824 0.258824 0.258824 #0.000000
v -0.700195 3.500977 0.223633 0.258824 0.258824 0.258824 #0.000000
v -0.870850 3.305908 0.223633 0.258824 0.258824 0.258824 #0.000000
v -1.522461 3.597656 0.305420 0.258824 0.258824 0.258824 #0.000000
v -1.255859 3.900146 0.305420 0.258824 0.258824 0.258824 #0.000000
v -0.700195 3.500977 0.223633 0.258824 0.258824 0.258824 #0.000000
v -1.255859 3.900146 0.305420 0.258824 0.258824 0.258824 #0.000000
v -0.456543 3.642334 0.223633 0.258824 0.258824 0.258824 #0.000000
v -0.700195 3.500977 0.223633 0.258824 0.258824 0.258824 #0.000000
v -1.255859 3.900146 0.305420 0.258824 0.258824 0.258824 #0.000000
v -0.875000 4.119385 0.305420 0.258824 0.258824 0.258824 #0.000000
v -0.456543 3.642334 0.223633 0.258824 0.258824 0.258824 #0.000000
v -0.875000 4.119385 0.305420 0.258824 0.258824 0.258824 #0.000000
v -0.157471 3.719482 0.223633 0.258824 0.258824 0.258824 #0.000000
v -0.456543 3.642334 0.223633 0.258824 0.258824 0.258824 #0.000000
v -0.875000 4.119385 0.305420 0.258824 0.258824 0.258824 #0.000000
v -0.407959 4.238770 0.305420 0.258824 0.258824 0.258824 #0.000000
v -0.157471 3.719482 0.223633 0.258824 0.258824 0.258824 #0.000000
v -0.407959 4.238770 0.305420 0.258824 0.258824 0.258824 #0.000000
v 0.174316 3.726562 0.223633 0.258824 0.258824 0.258824 #0.000000
v -0.157471 3.719482 0.223633 0.258824 0.258824 0.258824 #0.000000
v -0.407959 4.238770 0.305420 0.258824 0.258824 0.258824 #0.000000
v 0.110596 4.249756 0.305420 0.258824 0.258824 0.258824 #0.000000
v 0.174316 3.726562 0.223633 0.258824 0.258824 0.258824 #0.000000
v 0.110596 4.249756 0.305420 0.258824 0.258824 0.258824 #0.000000
v 0.514648 3.663086 0.223633 0.258824 0.258824 0.258824 #0.000000
v 0.174316 3.726562 0.223633 0.258824 0.258824 0.258824 #0.000000
v 0.110596 4.249756 0.305420 0.258824 0.258824 0.258824 #0.000000
v 0.642334 4.151611 0.305420 0.258824 0.258824 0.258824 #0.000000
v 0.514648 3.663086 0.223633 0.258824 0.258824 0.258824 #0.000000
v 0.642334 4.151611 0.305420 0.258824 0.258824 0.258824 #0.000000
v 0.838135 3.533936 0.223633 0.258824 0.258824 0.258824 #0.000000
v 0.514648 3.663086 0.223633 0.258824 0.258824 0.258824 #0.000000
v 0.642334 4.151611 0.305420 0.258824 0.258824 0.258824 #0.000000
v 1.147949 3.951172 0.305420 0.258824 0.258824 0.258824 #0.000000
v 0.838135 3.533936 0.223633 0.258824 0.258824 0.258824 #0.000000
v 1.147949 3.951172 0.305420 0.258824 0.258824 0.258824 #0.000000
v 1.120850 3.348389 0.223633 0.258824 0.258824 0.258824 #0.000000
v 0.838135 3.533936 0.223633 0.258824 0.258824 0.258824 #0.000000
v 1.147949 3.951172 0.305420 0.258824 0.258824 0.258824 #0.000000
v 1.589600 3.663574 0.305420 0.258824 0.258824 0.258824 #0.000000
v 1.120850 3.348389 0.223633 0.258824 0.258824 0.258824 #0.000000
v 1.589600 3.663574 0.305420 0.258824 0.258824 0.258824 #0.000000
v 1.341553 3.120605 0.223633 0.258824 0.258824 0.258824 #0.000000
v 1.120850 3.348389 0.223633 0.258824 0.258824 0.258824 #0.000000
v 1.589600 3.663574 0.305420 0.258824 0.258824 0.258824 #0.000000
v 1.934570 3.310303 0.305420 0.258824 0.258824 0.258824 #0.000000
v 1.341553 3.120605 0.223633 0.258824 0.258824 0.258824 #0.000000
v 1.934570 3.310303 0.305420 0.258824 0.258824 0.258824 #0.000000
v 1.484375 2.866943 0.223633 0.258824 0.258824 0.258824 #0.000000
v 1.341553 3.120605 0.223633 0.258824 0.258824 0.258824 #0.000000
v 1.934570 3.310303 0.305420 0.258824 0.258824 0.258824 #0.000000
v 2.157471 2.917236 0.305420 0.258824 0.258824 0.258824 #0.000000
v 1.484375 2.866943 0.223633 0.258824 0.258824 0.258824 #0.000000
v 2.157471 2.917236 0.305420 0.258824 0.258824 0.258824 #0.000000
v 1.538086 2.606689 0.223633 0.258824 0.258824 0.258824 #0.000000
v 1.484375 2.866943 0.223633 0.258824 0.258824 0.258824 #0.000000
v 2.157471 2.917236 0.305420 0.258824 0.258824 0.258824 #0.000000
v 2.241699 2.513672 0.305420 0.258824 0.258824 0.258824 #0.000000
v 1.538086 2.606689 0.223633 0.258824 0.258824 0.258824 #0.000000
v 2.241699 2.513672 0.305420 0.258824 0.258824 0.258824 #0.000000
v 1.499268 2.358887 0.223633 0.258824 0.258824 0.258824 #0.000000
v 1.538086 2.606689 0.223633 0.258824 0.258824 0.258824 #0.000000
v 2.241699 2.513672 0.305420 0.258824 0.258824 0.258824 #0.000000
v 2.180908 2.129639 0.305420 0.258824 0.258824 0.258824 #0.000000
v 1.499268 2.358887 0.223633 0.258824 0.258824 0.258824 #0.000000
v 2.180908 2.129639 0.305420 0.258824 0.258824 0.258824 #0.000000
v 1.370361 2.142090 0.223633 0.258824 0.258824 0.258824 #0.000000
v 1.499268 2.358887 0.223633 0.258824 0.258824 0.258824 #0.000000
v 2.180908 2.129639 0.305420 0.258824 0.258824 0.258824 #0.000000
v 1.979736 1.793457 0.305420 0.258824 0.258824 0.258824 #0.000000
v 1.370361 2.142090 0.223633 0.258824 0.258824 0.258824 #0.000000
v 1.979736 1.793457 0.305420 0.258824 0.258824 0.258824 #0.000000
v 1.161377 1.972412 0.223633 0.258824 0.258824 0.258824 #0.000000
v 1.370361 2.142090 0.223633 0.258824 0.258824 0.258824 #0.000000
v 1.979736 1.793457 0.305420 0.258824 0.258824 0.258824 #0.000000
v 1.653076 1.530029 0.305420 0.258824 0.258824 0.258824 #0.000000
v 1.161377 1.972412 0.223633 0.258824 0.258824 0.258824 #0.000000
v 1.653076 1.530029 0.305420 0.258824 0.258824 0.258824 #0.000000
v 0.887451 1.862061 0.223633 0.258824 0.258824 0.258824 #0.000000
v 1.161377 1.972412 0.223633 0.258824 0.258824 0.258824 #0.000000
v 1.653076 1.530029 0.305420 0.258824 0.258824 0.258824 #0.000000
v 1.225098 1.359131 0.305420 0.258824 0.258824 0.258824 #0.000000
v 0.887451 1.862061 0.223633 0.258824 0.258824 0.258824 #0.000000
v 1.225098 1.359131 0.305420 0.258824 0.258824 0.258824 #0.000000
v 0.569092 1.819580 0.223633 0.258824 0.258824 0.258824 #0.000000
v 0.887451 1.862061 0.223633 0.258824 0.258824 0.258824 #0.000000
v 1.225098 1.359131 0.305420 0.258824 0.258824 0.258824 #0.000000
v 0.727539 1.293213 0.305420 0.258824 0.258824 0.258824 #0.000000
v 0.569092 1.819580 0.223633 0.258824 0.258824 0.258824 #0.000000
v 0.727539 1.293213 0.305420 0.258824 0.258824 0.258824 #0.000000
v 0.229736 1.847900 0.223633 0.258824 0.258824 0.258824 #0.000000
v 0.569092 1.819580 0.223633 0.258824 0.258824 0.258824 #0.000000
v 0.727539 1.293213 0.305420 0.258824 0.258824 0.258824 #0.000000
v 0.197266 1.337402 0.305420 0.258824 0.258824 0.258824 #0.000000
v 0.229736 1.847900 0.223633 0.258824 0.258824 0.258824 #0.000000
v 0.197266 1.337402 0.305420 0.258824 0.258824 0.258824 #0.000000
v -0.105225 1.945312 0.223633 0.258824 0.258824 0.258824 #0.000000
v 0.229736 1.847900 0.223633 0.258824 0.258824 0.258824 #0.000000
v 0.197266 1.337402 0.305420 0.258824 0.258824 0.258824 #0.000000
v -0.326172 1.488037 0.305420 0.258824 0.258824 0.258824 #0.000000
v -0.105225 1.945312 0.223633 0.258824 0.258824 0.258824 #0.000000
v -0.326172 1.488037 0.305420 0.258824 0.258824 0.258824 #0.000000
v -0.411133 2.104004 0.223633 0.258824 0.258824 0.258824 #0.000000
v -0.105225 1.945312 0.223633 0.258824 0.258824 0.258824 #0.000000
v -0.326172 1.488037 0.305420 0.258824 0.258824 0.258824 #0.000000
v -0.804199 1.734375 0.305420 0.258824 0.258824 0.258824 #0.000000
v -0.411133 2.104004 0.223633 0.258824 0.258824 0.258824 #0.000000
v -0.804199 1.734375 0.305420 0.258824 0.258824 0.258824 #0.000000
v -0.665283 2.312744 0.223633 0.258824 0.258824 0.258824 #0.000000
v -0.411133 2.104004 0.223633 0.258824 0.258824 0.258824 #0.000000
v -0.804199 1.734375 0.305420 0.258824 0.258824 0.258824 #0.000000
v -1.201172 2.057861 0.305420 0.258824 0.258824 0.258824 #0.000000
v -0.665283 2.312744 0.223633 0.258824 0.258824 0.258824 #0.000000
v -1.201172 2.057861 0.305420 0.258824 0.258824 0.258824 #0.000000
v -0.848633 2.555664 0.223633 0.258824 0.258824 0.258824 #0.000000
v -0.665283 2.312744 0.223633 0.258824 0.258824 0.258824 #0.000000
v -1.201172 2.057861 0.305420 0.258824 0.258824 0.258824 #0.000000
v -1.487793 2.434570 0.305420 0.258824 0.258824 0.258824 #0.000000
v -0.848633 2.555664 0.223633 0.258824 0.258824 0.258824 #0.000000
v -1.487793 2.434570 0.305420 0.258824 0.258824 0.258824 #0.000000
v -0.947998 2.814941 0.223633 0.258824 0.258824 0.258824 #0.000000
v -0.848633 2.555664 0.223633 0.258824 0.258824 0.258824 #0.000000
v -1.487793 2.434570 0.305420 0.258824 0.258824 0.258824 #0.000000
v -1.642822 2.836670 0.305420 0.258824 0.258824 0.258824 #0.000000
v -0.947998 2.814941 0.223633 0.258824 0.258824 0.258824 #0.000000
v -1.642822 2.836670 0.305420 0.258824 0.258824 0.258824 #0.000000
v -0.955566 3.071289 0.223633 0.258824 0.258824 0.258824 #0.000000
v -0.947998 2.814941 0.223633 0.258824 0.258824 0.258824 #0.000000
v -1.642822 2.836670 0.305420 0.258824 0.258824 0.258824 #0.000000
v -1.654541 3.234131 0.305420 0.258824 0.258824 0.258824 #0.000000
v -0.955566 3.071289 0.223633 0.258824 0.258824 0.258824 #0.000000
v 0.287354 2.775635 0.161865 0.258824 0.258824 0.258824 #0.000000
v -0.955566 3.071289 0.223633 0.258824 0.258824 0.258824 #0.000000
v -0.870850 3.305908 0.223633 0.258824 0.258824 0.258824 #0.000000
v 0.287354 2.775635 0.161865 0.258824 0.258824 0.258824 #0.000000
v -0.870850 3.305908 0.223633 0.258824 0.258824 0.258824 #0.000000
v -0.700195 3.500977 0.223633 0.258824 0.258824 0.258824 #0.000000
v 0.287354 2.775635 0.161865 0.258824 0.258824 0.258824 #0.000000
v -0.700195 3.500977 0.223633 0.258824 0.258824 0.258824 #0.000000
v -0.456543 3.642334 0.223633 0.258824 0.258824 0.258824 #0.000000
v 0.287354 2.775635 0.161865 0.258824 0.258824 0.258824 #0.000000
v -0.456543 3.642334 0.223633 0.258824 0.258824 0.258824 #0.000000
v -0.157471 3.719482 0.223633 0.258824 0.258824 0.258824 #0.000000
v 0.287354 2.775635 0.161865 0.258824 0.258824 0.258824 #0.000000
v -0.157471 3.719482 0.223633 0.258824 0.258824 0.258824 #0.000000
v 0.174316 3.726562 0.223633 0.258824 0.258824 0.258824 #0.000000
v 0.287354 2.775635 0.161865 0.258824 0.258824 0.258824 #0.000000
v 0.174316 3.726562 0.223633 0.258824 0.258824 0.258824 #0.000000
v 0.514648 3.663086 0.223633 0.258824 0.258824 0.258824 #0.000000
v 0.287354 2.775635 0.161865 0.258824 0.258824 0.258824 #0.000000
v 0.514648 3.663086 0.223633 0.258824 0.258824 0.258824 #0.000000
v 0.838135 3.533936 0.223633 0.258824 0.258824 0.258824 #0.000000
v 0.287354 2.775635 0.161865 0.258824 0.258824 0.258824 #0.000000
v 0.838135 3.533936 0.223633 0.258824 0.258824 0.258824 #0.000000
v 1.120850 3.348389 0.223633 0.258824 0.258824 0.258824 #0.000000
v 0.287354 2.775635 0.161865 0.258824 0.258824 0.258824 #0.000000
v 1.120850 3.348389 0.223633 0.258824 0.258824 0.258824 #0.000000
v 1.341553 3.120605 0.223633 0.258824 0.258824 0.258824 #0.000000
v 0.287354 2.775635 0.161865 0.258824 0.258824 0.258824 #0.000000
v 1.341553 3.120605 0.223633 0.258824 0.258824 0.258824 #0.000000
v 1.484375 2.866943 0.223633 0.258824 0.258824 0.258824 #0.000000
v 0.287354 2.775635 0.161865 0.258824 0.258824 0.258824 #0.000000
v 1.484375 2.866943 0.223633 0.258824 0.258824 0.258824 #0.000000
v 1.538086 2.606689 0.223633 0.258824 0.258824 0.258824 #0.000000
v 0.287354 2.775635 0.161865 0.258824 0.258824 0.258824 #0.000000
v 1.538086 2.606689 0.223633 0.258824 0.258824 0.258824 #0.000000
v 1.499268 2.358887 0.223633 0.258824 0.258824 0.258824 #0.000000
v 0.287354 2.775635 0.161865 0.258824 0.258824 0.258824 #0.000000
v 1.499268 2.358887 0.223633 0.258824 0.258824 0.258824 #0.000000
v 1.370361 2.142090 0.223633 0.258824 0.258824 0.258824 #0.000000
v 0.287354 2.775635 0.161865 0.258824 0.258824 0.258824 #0.000000
v 1.370361 2.142090 0.223633 0.258824 0.258824 0.258824 #0.000000
v 1.161377 1.972412 0.223633 0.258824 0.258824 0.258824 #0.000000
v 0.287354 2.775635 0.161865 0.258824 0.258824 0.258824 #0.000000
v 1.161377 1.972412 0.223633 0.258824 0.258824 0.258824 #0.000000
v 0.887451 1.862061 0.223633 0.258824 0.258824 0.258824 #0.000000
v 0.287354 2.775635 0.161865 0.258824 0.258824 0.258824 #0.000000
v 0.887451 1.862061 0.223633 0.258824 0.258824 0.258824 #0.000000
v 0.569092 1.819580 0.223633 0.258824 0.258824 0.258824 #0.000000
v 0.287354 2.775635 0.161865 0.258824 0.258824 0.258824 #0.000000
v 0.569092 1.819580 0.223633 0.258824 0.258824 0.258824 #0.000000
v 0.229736 1.847900 0.223633 0.258824 0.258824 0.258824 #0.000000
v 0.287354 2.775635 0.161865 0.258824 0.258824 0.258824 #0.000000
v 0.229736 1.847900 0.223633 0.258824 0.258824 0.258824 #0.000000
v -0.105225 1.945312 0.223633 0.258824 0.258824 0.258824 #0.000000
v 0.287354 2.775635 0.161865 0.258824 0.258824 0.258824 #0.000000
v -0.105225 1.945312 0.223633 0.258824 0.258824 0.258824 #0.000000
v -0.411133 2.104004 0.223633 0.258824 0.258824 0.258824 #0.000000
v 0.287354 2.775635 0.161865 0.258824 0.258824 0.258824 #0.000000
v -0.411133 2.104004 0.223633 0.258824 0.258824 0.258824 #0.000000
v -0.665283 2.312744 0.223633 0.258824 0.258824 0.258824 #0.000000
v 0.287354 2.775635 0.161865 0.258824 0.258824 0.258824 #0.000000
v -0.665283 2.312744 0.223633 0.258824 0.258824 0.258824 #0.000000
v -0.848633 2.555664 0.223633 0.258824 0.258824 0.258824 #0.000000
v 0.287354 2.775635 0.161865 0.258824 0.258824 0.258824 #0.000000
v -0.848633 2.555664 0.223633 0.258824 0.258824 0.258824 #0.000000
v -0.947998 2.814941 0.223633 0.258824 0.258824 0.258824 #0.000000
v 0.287354 2.775635 0.161865 0.258824 0.258824 0.258824 #0.000000
v -0.947998 2.814941 0.223633 0.258824 0.258824 0.258824 #0.000000
v -0.955566 3.071289 0.223633 0.258824 0.258824 0.258824 #0.000000
v 0.619629 1.848389 -0.771729 0.258824 0.258824 0.258824 #0.000000
v 0.433350 1.379639 -0.771729 0.258824 0.258824 0.258824 #0.000000
v 0.131104 1.037842 -0.771729 0.258824 0.258824 0.258824 #0.000000
v 0.619629 1.848389 -0.771729 0.258824 0.258824 0.258824 #0.000000
v 0.501221 0.896240 -0.771729 0.258824 0.258824 0.258824 #0.000000
v 0.433350 1.379639 -0.771729 0.258824 0.258824 0.258824 #0.000000
vt 0.330078 0.256836 0.000000
vt 0.333252 0.301025 0.000000
vt 0.234619 0.294678 0.000000
vt 0.609619 0.266602 0.000000
vt 0.614258 0.297852 0.000000
vt 0.507812 0.296875 0.000000
vt 0.609619 0.266602 0.000000
vt 0.507812 0.296875 0.000000
vt 0.499512 0.261963 0.000000
vt 0.203369 0.230469 0.000000
vt 0.207031 0.270508 0.000000
vt 0.123535 0.260254 0.000000
vt 0.203369 0.230469 0.000000
vt 0.123535 0.260254 0.000000
vt -0.001465 0.011963 0.000000
vt 0.453857 0.067627 0.000000
vt 0.445557 0.010010 0.000000
vt 0.539551 0.009277 0.000000
vt 0.955078 0.278076 0.000000
vt 0.956055 0.300293 0.000000
vt 0.850342 0.299805 0.000000
vt 0.453857 0.067627 0.000000
vt 0.539551 0.009277 0.000000
vt 0.584717 0.083984 0.000000
vt 0.776123 0.268799 0.000000
vt 0.779785 0.303955 0.000000
vt 0.679199 0.302979 0.000000
vt 0.330078 0.256836 0.000000
vt 0.234619 0.294678 0.000000
vt 0.203369 0.230469 0.000000
vt 0.941895 0.168701 0.000000
vt 0.996338 0.276855 0.000000
vt 0.955078 0.278076 0.000000
vt 0.776123 0.268799 0.000000
vt 0.679199 0.302979 0.000000
vt 0.669434 0.276611 0.000000
vt 0.955078 0.278076 0.000000
vt 0.850342 0.299805 0.000000
vt 0.829590 0.234375 0.000000
vt 0.941895 0.168701 0.000000
vt 0.955078 0.278076 0.000000
vt 0.829590 0.234375 0.000000
vt 0.899902 0.168701 0.000000
vt 0.941895 0.168701 0.000000
vt 0.829590 0.234375 0.000000
vt 0.812012 0.010986 0.000000
vt 0.899902 0.168701 0.000000
vt 0.829590 0.234375 0.000000
vt 0.829590 0.234375 0.000000
vt 0.832275 0.269775 0.000000
vt 0.776123 0.268799 0.000000
vt 0.748779 0.010742 0.000000
vt 0.812012 0.010986 0.000000
vt 0.829590 0.234375 0.000000
vt 0.752197 0.064453 0.000000
vt 0.748779 0.010742 0.000000
vt 0.829590 0.234375 0.000000
vt -0.001465 0.011963 0.000000
vt 0.241211 0.007080 0.000000
vt 0.248535 0.032715 0.000000
vt 0.752197 0.064453 0.000000
vt 0.829590 0.234375 0.000000
vt 0.776123 0.268799 0.000000
vt 0.752197 0.064453 0.000000
vt 0.776123 0.268799 0.000000
vt 0.669434 0.276611 0.000000
vt 0.203369 0.230469 0.000000
vt -0.001465 0.011963 0.000000
vt 0.248535 0.032715 0.000000
vt 0.330078 0.256836 0.000000
vt 0.203369 0.230469 0.000000
vt 0.248535 0.032715 0.000000
vt 0.609619 0.266602 0.000000
vt 0.669434 0.276611 0.000000
vt 0.620361 0.276855 0.000000
vt 0.584717 0.083984 0.000000
vt 0.669434 0.276611 0.000000
vt 0.609619 0.266602 0.000000
vt 0.584717 0.083984 0.000000
vt 0.752197 0.064453 0.000000
vt 0.669434 0.276611 0.000000
vt 0.330078 0.256836 0.000000
vt 0.248535 0.032715 0.000000
vt 0.281494 0.011719 0.000000
vt 0.330078 0.256836 0.000000
vt 0.281494 0.011719 0.000000
vt 0.340576 0.008301 0.000000
vt 0.362549 0.130371 0.000000
vt 0.340576 0.008301 0.000000
vt 0.391602 0.017334 0.000000
vt 0.362549 0.130371 0.000000
vt 0.391602 0.017334 0.000000
vt 0.434326 0.044922 0.000000
vt 0.330078 0.256836 0.000000
vt 0.434326 0.044922 0.000000
vt 0.453857 0.067627 0.000000
vt 0.351807 0.274414 0.000000
vt 0.330078 0.256836 0.000000
vt 0.453857 0.067627 0.000000
vt 0.394531 0.288086 0.000000
vt 0.351807 0.274414 0.000000
vt 0.453857 0.067627 0.000000
vt 0.441650 0.286865 0.000000
vt 0.394531 0.288086 0.000000
vt 0.453857 0.067627 0.000000
vt 0.477295 0.282227 0.000000
vt 0.441650 0.286865 0.000000
vt 0.453857 0.067627 0.000000
vt 0.499512 0.261963 0.000000
vt 0.477295 0.282227 0.000000
vt 0.453857 0.067627 0.000000
vt 0.499512 0.261963 0.000000
vt 0.453857 0.067627 0.000000
vt 0.584717 0.083984 0.000000
vt 0.609619 0.266602 0.000000
vt 0.499512 0.261963 0.000000
vt 0.584717 0.083984 0.000000
vt 0.739502 0.011719 0.000000
vt 0.752197 0.064453 0.000000
vt 0.584717 0.083984 0.000000
vt 0.739502 0.011719 0.000000
vt 0.584717 0.083984 0.000000
vt 0.554199 0.012207 0.000000
vt 0.333252 0.301025 0.000000
vt 0.330078 0.256836 0.000000
vt 0.234619 0.294678 0.000000
vt 0.614258 0.297852 0.000000
vt 0.609619 0.266602 0.000000
vt 0.507812 0.296875 0.000000
vt 0.507812 0.296875 0.000000
vt 0.609619 0.266602 0.000000
vt 0.499512 0.261963 0.000000
vt 0.207031 0.270508 0.000000
vt 0.203369 0.230469 0.000000
vt 0.123535 0.260254 0.000000
vt 0.123535 0.260254 0.000000
vt 0.203369 0.230469 0.000000
vt -0.001465 0.011963 0.000000
vt 0.445557 0.010010 0.000000
vt 0.453857 0.067627 0.000000
vt 0.539551 0.009277 0.000000
vt 0.956055 0.300293 0.000000
vt 0.955078 0.278076 0.000000
vt 0.850342 0.299805 0.000000
vt 0.539551 0.009277 0.000000
vt 0.453857 0.067627 0.000000
vt 0.584717 0.083984 0.000000
vt 0.779785 0.303955 0.000000
vt 0.776123 0.268799 0.000000
vt 0.679199 0.302979 0.000000
vt 0.234619 0.294678 0.000000
vt 0.330078 0.256836 0.000000
vt 0.203369 0.230469 0.000000
vt 0.996338 0.276855 0.000000
vt 0.941895 0.168701 0.000000
vt 0.955078 0.278076 0.000000
vt 0.679199 0.302979 0.000000
vt 0.776123 0.268799 0.000000
vt 0.669434 0.276611 0.000000
vt 0.850342 0.299805 0.000000
vt 0.955078 0.278076 0.000000
vt 0.829590 0.234375 0.000000
vt 0.955078 0.278076 0.000000
vt 0.941895 0.168701 0.000000
vt 0.829590 0.234375 0.000000
vt 0.941895 0.168701 0.000000
vt 0.899902 0.168701 0.000000
vt 0.829590 0.234375 0.000000
vt 0.899902 0.168701 0.000000
vt 0.812012 0.010986 0.000000
vt 0.829590 0.234375 0.000000
vt 0.832275 0.269775 0.000000
vt 0.829590 0.234375 0.000000
vt 0.776123 0.268799 0.000000
vt 0.812012 0.010986 0.000000
vt 0.748779 0.010742 0.000000
vt 0.829590 0.234375 0.000000
vt 0.748779 0.010742 0.000000
vt 0.752197 0.064453 0.000000
vt 0.829590 0.234375 0.000000
vt 0.241211 0.007080 0.000000
vt -0.001465 0.011963 0.000000
vt 0.248535 0.032715 0.000000
vt 0.829590 0.234375 0.000000
vt 0.752197 0.064453 0.000000
vt 0.776123 0.268799 0.000000
vt 0.776123 0.268799 0.000000
vt 0.752197 0.064453 0.000000
vt 0.669434 0.276611 0.000000
vt -0.001465 0.011963 0.000000
vt 0.203369 0.230469 0.000000
vt 0.248535 0.032715 0.000000
vt 0.203369 0.230469 0.000000
vt 0.330078 0.256836 0.000000
vt 0.248535 0.032715 0.000000
vt 0.669434 0.276611 0.000000
vt 0.752197 0.064453 0.000000
vt 0.584717 0.083984 0.000000
vt 0.620361 0.276855 0.000000
vt 0.669434 0.276611 0.000000
vt 0.584717 0.083984 0.000000
vt 0.752197 0.064453 0.000000
vt 0.739502 0.011719 0.000000
vt 0.584717 0.083984 0.000000
vt 0.248535 0.032715 0.000000
vt 0.330078 0.256836 0.000000
vt 0.281494 0.011719 0.000000
vt 0.281494 0.011719 0.000000
vt 0.330078 0.256836 0.000000
vt 0.340576 0.008301 0.000000
vt 0.340576 0.008301 0.000000
vt 0.330078 0.256836 0.000000
vt 0.391602 0.017334 0.000000
vt 0.391602 0.017334 0.000000
vt 0.330078 0.256836 0.000000
vt 0.434326 0.044922 0.000000
vt 0.434326 0.044922 0.000000
vt 0.330078 0.256836 0.000000
vt 0.453857 0.067627 0.000000
vt 0.330078 0.256836 0.000000
vt 0.351807 0.274414 0.000000
vt 0.453857 0.067627 0.000000
vt 0.351807 0.274414 0.000000
vt 0.394531 0.288086 0.000000
vt 0.453857 0.067627 0.000000
vt 0.394531 0.288086 0.000000
vt 0.441650 0.286865 0.000000
vt 0.453857 0.067627 0.000000
vt 0.441650 0.286865 0.000000
vt 0.477295 0.282227 0.000000
vt 0.453857 0.067627 0.000000
vt 0.477295 0.282227 0.000000
vt 0.499512 0.261963 0.000000
vt 0.453857 0.067627 0.000000
vt 0.453857 0.067627 0.000000
vt 0.499512 0.261963 0.000000
vt 0.584717 0.083984 0.000000
vt 0.499512 0.261963 0.000000
vt 0.609619 0.266602 0.000000
vt 0.584717 0.083984 0.000000
vt 0.609619 0.266602 0.000000
vt 0.620361 0.276855 0.000000
vt 0.584717 0.083984 0.000000
vt 0.584717 0.083984 0.000000
vt 0.739502 0.011719 0.000000
vt 0.554199 0.012207 0.000000
vt 0.053955 0.254639 0.000000
vt 0.053223 0.253174 0.000000
vt 0.053955 0.271973 0.000000
vt 0.053223 0.270508 0.000000
vt 0.053955 0.271973 0.000000
vt 0.053223 0.253174 0.000000
vt 0.050049 0.254150 0.000000
vt 0.053955 0.254639 0.000000
vt 0.050049 0.271729 0.000000
vt 0.053955 0.271973 0.000000
vt 0.050049 0.271729 0.000000
vt 0.053955 0.254639 0.000000
vt 0.065674 0.254639 0.000000
vt 0.064941 0.253174 0.000000
vt 0.065674 0.271973 0.000000
vt 0.064941 0.270508 0.000000
vt 0.065674 0.271973 0.000000
vt 0.064941 0.253174 0.000000
vt 0.061768 0.254395 0.000000
vt 0.065674 0.254639 0.000000
vt 0.061768 0.271729 0.000000
vt 0.065674 0.271973 0.000000
vt 0.061768 0.271729 0.000000
vt 0.065674 0.254639 0.000000
vt 0.061279 0.253418 0.000000
vt 0.061768 0.254395 0.000000
vt 0.061279 0.270752 0.000000
vt 0.061768 0.271729 0.000000
vt 0.061279 0.270752 0.000000
vt 0.061768 0.254395 0.000000
vt 0.048340 0.253906 0.000000
vt 0.048096 0.252686 0.000000
vt 0.048340 0.271484 0.000000
vt 0.048096 0.270020 0.000000
vt 0.048340 0.271484 0.000000
vt 0.048096 0.252686 0.000000
vt 0.045410 0.253662 0.000000
vt 0.048340 0.253906 0.000000
vt 0.045410 0.270996 0.000000
vt 0.048340 0.271484 0.000000
vt 0.045410 0.270996 0.000000
vt 0.048340 0.253906 0.000000
vt 0.040283 0.249023 0.000000
vt 0.045410 0.253662 0.000000
vt 0.040283 0.266357 0.000000
vt 0.045410 0.270996 0.000000
vt 0.040283 0.266357 0.000000
vt 0.045410 0.253662 0.000000
vt 0.059326 0.248779 0.000000
vt 0.059814 0.250488 0.000000
vt 0.059326 0.266113 0.000000
vt 0.059814 0.267822 0.000000
vt 0.059326 0.266113 0.000000
vt 0.059814 0.250488 0.000000
vt 0.062500 0.249023 0.000000
vt 0.059326 0.248779 0.000000
vt 0.062500 0.266357 0.000000
vt 0.059326 0.266113 0.000000
vt 0.062500 0.266357 0.000000
vt 0.059326 0.248779 0.000000
vt 0.080566 0.254639 0.000000
vt 0.080322 0.253906 0.000000
vt 0.080566 0.271973 0.000000
vt 0.080322 0.271484 0.000000
vt 0.080566 0.271973 0.000000
vt 0.080322 0.253906 0.000000
vt 0.077148 0.254639 0.000000
vt 0.080566 0.254639 0.000000
vt 0.077148 0.271973 0.000000
vt 0.080566 0.271973 0.000000
vt 0.077148 0.271973 0.000000
vt 0.080566 0.254639 0.000000
vt 0.066895 0.251709 0.000000
vt 0.062500 0.249023 0.000000
vt 0.066895 0.269043 0.000000
vt 0.062500 0.266357 0.000000
vt 0.066895 0.269043 0.000000
vt 0.062500 0.249023 0.000000
vt 0.072998 0.254639 0.000000
vt 0.072510 0.253906 0.000000
vt 0.072998 0.271973 0.000000
vt 0.072510 0.271240 0.000000
vt 0.072998 0.271973 0.000000
vt 0.072510 0.253906 0.000000
vt 0.069580 0.254639 0.000000
vt 0.072998 0.254639 0.000000
vt 0.069580 0.271973 0.000000
vt 0.072998 0.271973 0.000000
vt 0.069580 0.271973 0.000000
vt 0.072998 0.254639 0.000000
vt 0.048096 0.252686 0.000000
vt 0.050049 0.254150 0.000000
vt 0.048096 0.270020 0.000000
vt 0.050049 0.271729 0.000000
vt 0.048096 0.270020 0.000000
vt 0.050049 0.254150 0.000000
vt 0.082275 0.253906 0.000000
vt 0.079834 0.252197 0.000000
vt 0.082275 0.271484 0.000000
vt 0.079834 0.269531 0.000000
vt 0.082275 0.271484 0.000000
vt 0.079834 0.252197 0.000000
vt 0.080322 0.253906 0.000000
vt 0.082275 0.253906 0.000000
vt 0.080322 0.271484 0.000000
vt 0.082275 0.271484 0.000000
vt 0.080322 0.271484 0.000000
vt 0.082275 0.253906 0.000000
vt 0.069092 0.253906 0.000000
vt 0.069580 0.254639 0.000000
vt 0.069092 0.271240 0.000000
vt 0.069580 0.271973 0.000000
vt 0.069092 0.271240 0.000000
vt 0.069580 0.254639 0.000000
vt 0.075195 0.252686 0.000000
vt 0.077148 0.254639 0.000000
vt 0.075195 0.270020 0.000000
vt 0.077148 0.271973 0.000000
vt 0.075195 0.270020 0.000000
vt 0.077148 0.254639 0.000000
vt 0.079834 0.252197 0.000000
vt 0.078125 0.252197 0.000000
vt 0.079834 0.269531 0.000000
vt 0.078125 0.269531 0.000000
vt 0.079834 0.269531 0.000000
vt 0.078125 0.252197 0.000000
vt 0.078125 0.252197 0.000000
vt 0.074707 0.249023 0.000000
vt 0.078125 0.269531 0.000000
vt 0.074707 0.266357 0.000000
vt 0.078125 0.269531 0.000000
vt 0.074707 0.249023 0.000000
vt 0.075195 0.253906 0.000000
vt 0.075195 0.252686 0.000000
vt 0.075195 0.271240 0.000000
vt 0.075195 0.270020 0.000000
vt 0.075195 0.271240 0.000000
vt 0.075195 0.252686 0.000000
vt 0.072510 0.253906 0.000000
vt 0.075195 0.253906 0.000000
vt 0.072510 0.271240 0.000000
vt 0.075195 0.271240 0.000000
vt 0.072510 0.271240 0.000000
vt 0.075195 0.253906 0.000000
vt 0.074707 0.249023 0.000000
vt 0.072510 0.249023 0.000000
vt 0.074707 0.266357 0.000000
vt 0.072510 0.266357 0.000000
vt 0.074707 0.266357 0.000000
vt 0.072510 0.249023 0.000000
vt 0.072510 0.249023 0.000000
vt 0.072266 0.250244 0.000000
vt 0.072510 0.266357 0.000000
vt 0.072266 0.267578 0.000000
vt 0.072510 0.266357 0.000000
vt 0.072266 0.250244 0.000000
vt 0.050049 0.248779 0.000000
vt 0.040283 0.249023 0.000000
vt 0.050049 0.266113 0.000000
vt 0.040283 0.266357 0.000000
vt 0.050049 0.266113 0.000000
vt 0.040283 0.249023 0.000000
vt 0.050781 0.249512 0.000000
vt 0.050049 0.248779 0.000000
vt 0.050781 0.266846 0.000000
vt 0.050049 0.266113 0.000000
vt 0.050781 0.266846 0.000000
vt 0.050049 0.248779 0.000000
vt 0.066162 0.253906 0.000000
vt 0.069092 0.253906 0.000000
vt 0.066162 0.271240 0.000000
vt 0.069092 0.271240 0.000000
vt 0.066162 0.271240 0.000000
vt 0.069092 0.253906 0.000000
vt 0.064941 0.253174 0.000000
vt 0.066162 0.253906 0.000000
vt 0.064941 0.270508 0.000000
vt 0.066162 0.271240 0.000000
vt 0.064941 0.270508 0.000000
vt 0.066162 0.253906 0.000000
vt 0.072266 0.250244 0.000000
vt 0.071045 0.248779 0.000000
vt 0.072266 0.267578 0.000000
vt 0.071045 0.266357 0.000000
vt 0.072266 0.267578 0.000000
vt 0.071045 0.248779 0.000000
vt 0.052246 0.249023 0.000000
vt 0.050781 0.249512 0.000000
vt 0.052246 0.266357 0.000000
vt 0.050781 0.266846 0.000000
vt 0.052246 0.266357 0.000000
vt 0.050781 0.249512 0.000000
vt 0.054688 0.248779 0.000000
vt 0.052246 0.249023 0.000000
vt 0.054688 0.266113 0.000000
vt 0.052246 0.266357 0.000000
vt 0.054688 0.266113 0.000000
vt 0.052246 0.249023 0.000000
vt 0.056641 0.249268 0.000000
vt 0.054688 0.248779 0.000000
vt 0.056641 0.266602 0.000000
vt 0.054688 0.266113 0.000000
vt 0.056641 0.266602 0.000000
vt 0.054688 0.248779 0.000000
vt 0.058350 0.249756 0.000000
vt 0.056641 0.249268 0.000000
vt 0.058350 0.267090 0.000000
vt 0.056641 0.266602 0.000000
vt 0.058350 0.267090 0.000000
vt 0.056641 0.249268 0.000000
vt 0.059814 0.250488 0.000000
vt 0.058350 0.249756 0.000000
vt 0.059814 0.267822 0.000000
vt 0.058350 0.267090 0.000000
vt 0.059814 0.267822 0.000000
vt 0.058350 0.249756 0.000000
vt 0.053223 0.253174 0.000000
vt 0.054688 0.253662 0.000000
vt 0.053223 0.270508 0.000000
vt 0.054688 0.270996 0.000000
vt 0.053223 0.270508 0.000000
vt 0.054688 0.253662 0.000000
vt 0.054688 0.253662 0.000000
vt 0.056885 0.254150 0.000000
vt 0.054688 0.270996 0.000000
vt 0.056885 0.271484 0.000000
vt 0.054688 0.270996 0.000000
vt 0.056885 0.254150 0.000000
vt 0.056885 0.254150 0.000000
vt 0.058838 0.254395 0.000000
vt 0.056885 0.271484 0.000000
vt 0.058838 0.271729 0.000000
vt 0.056885 0.271484 0.000000
vt 0.058838 0.254395 0.000000
vt 0.058838 0.254395 0.000000
vt 0.060303 0.253906 0.000000
vt 0.058838 0.271729 0.000000
vt 0.060303 0.271240 0.000000
vt 0.058838 0.271729 0.000000
vt 0.060303 0.253906 0.000000
vt 0.060303 0.253906 0.000000
vt 0.061279 0.253418 0.000000
vt 0.060303 0.271240 0.000000
vt 0.061279 0.270752 0.000000
vt 0.060303 0.271240 0.000000
vt 0.061279 0.253418 0.000000
vt 0.064453 0.249023 0.000000
vt 0.066895 0.251709 0.000000
vt 0.064453 0.266357 0.000000
vt 0.066895 0.269043 0.000000
vt 0.064453 0.266357 0.000000
vt 0.066895 0.251709 0.000000
vt 0.071045 0.248779 0.000000
vt 0.064453 0.249023 0.000000
vt 0.071045 0.266357 0.000000
vt 0.064453 0.266357 0.000000
vt 0.071045 0.266357 0.000000
vt 0.064453 0.249023 0.000000
vt 0.489746 0.659180 0.000000
vt 0.210693 0.680664 0.000000
vt 0.209473 0.624512 0.000000
vt 0.489746 0.659180 0.000000
vt 0.232422 0.735352 0.000000
vt 0.210693 0.680664 0.000000
vt 0.489746 0.659180 0.000000
vt 0.273193 0.784424 0.000000
vt 0.232422 0.735352 0.000000
vt 0.489746 0.659180 0.000000
vt 0.330078 0.824219 0.000000
vt 0.273193 0.784424 0.000000
vt 0.489746 0.659180 0.000000
vt 0.398682 0.851807 0.000000
vt 0.330078 0.824219 0.000000
vt 0.489746 0.659180 0.000000
vt 0.474121 0.865234 0.000000
vt 0.398682 0.851807 0.000000
vt 0.489746 0.659180 0.000000
vt 0.550781 0.863037 0.000000
vt 0.474121 0.865234 0.000000
vt 0.489746 0.659180 0.000000
vt 0.622803 0.845947 0.000000
vt 0.550781 0.863037 0.000000
vt 0.489746 0.659180 0.000000
vt 0.685059 0.814941 0.000000
vt 0.622803 0.845947 0.000000
vt 0.489746 0.659180 0.000000
vt 0.732666 0.772461 0.000000
vt 0.685059 0.814941 0.000000
vt 0.489746 0.659180 0.000000
vt 0.762451 0.721680 0.000000
vt 0.732666 0.772461 0.000000
vt 0.489746 0.659180 0.000000
vt 0.771729 0.666016 0.000000
vt 0.762451 0.721680 0.000000
vt 0.489746 0.659180 0.000000
vt 0.760254 0.610107 0.000000
vt 0.771729 0.666016 0.000000
vt 0.489746 0.659180 0.000000
vt 0.728760 0.557617 0.000000
vt 0.760254 0.610107 0.000000
vt 0.489746 0.659180 0.000000
vt 0.679443 0.512695 0.000000
vt 0.728760 0.557617 0.000000
vt 0.489746 0.659180 0.000000
vt 0.616211 0.478760 0.000000
vt 0.679443 0.512695 0.000000
vt 0.489746 0.659180 0.000000
vt 0.543457 0.458252 0.000000
vt 0.616211 0.478760 0.000000
vt 0.489746 0.659180 0.000000
vt 0.466553 0.452637 0.000000
vt 0.543457 0.458252 0.000000
vt 0.489746 0.659180 0.000000
vt 0.391602 0.462158 0.000000
vt 0.466553 0.452637 0.000000
vt 0.489746 0.659180 0.000000
vt 0.323730 0.486328 0.000000
vt 0.391602 0.462158 0.000000
vt 0.489746 0.659180 0.000000
vt 0.268311 0.523438 0.000000
vt 0.323730 0.486328 0.000000
vt 0.489746 0.659180 0.000000
vt 0.229248 0.570801 0.000000
vt 0.268311 0.523438 0.000000
vt 0.489746 0.659180 0.000000
vt 0.209473 0.624512 0.000000
vt 0.229248 0.570801 0.000000
vt 0.209473 0.624512 0.000000
vt 0.054199 0.691406 0.000000
vt 0.052246 0.604004 0.000000
vt 0.209473 0.624512 0.000000
vt 0.210693 0.680664 0.000000
vt 0.054199 0.691406 0.000000
vt 0.210693 0.680664 0.000000
vt 0.088135 0.776367 0.000000
vt 0.054199 0.691406 0.000000
vt 0.210693 0.680664 0.000000
vt 0.232422 0.735352 0.000000
vt 0.088135 0.776367 0.000000
vt 0.232422 0.735352 0.000000
vt 0.152100 0.852783 0.000000
vt 0.088135 0.776367 0.000000
vt 0.232422 0.735352 0.000000
vt 0.273193 0.784424 0.000000
vt 0.152100 0.852783 0.000000
vt 0.273193 0.784424 0.000000
vt 0.240967 0.914795 0.000000
vt 0.152100 0.852783 0.000000
vt 0.273193 0.784424 0.000000
vt 0.330078 0.824219 0.000000
vt 0.240967 0.914795 0.000000
vt 0.330078 0.824219 0.000000
vt 0.348389 0.957764 0.000000
vt 0.240967 0.914795 0.000000
vt 0.330078 0.824219 0.000000
vt 0.398682 0.851807 0.000000
vt 0.348389 0.957764 0.000000
vt 0.398682 0.851807 0.000000
vt 0.466309 0.978760 0.000000
vt 0.348389 0.957764 0.000000
vt 0.398682 0.851807 0.000000
vt 0.474121 0.865234 0.000000
vt 0.466309 0.978760 0.000000
vt 0.474121 0.865234 0.000000
vt 0.585693 0.975830 0.000000
vt 0.466309 0.978760 0.000000
vt 0.474121 0.865234 0.000000
vt 0.550781 0.863037 0.000000
vt 0.585693 0.975830 0.000000
vt 0.550781 0.863037 0.000000
vt 0.698242 0.949707 0.000000
vt 0.585693 0.975830 0.000000
vt 0.550781 0.863037 0.000000
vt 0.622803 0.845947 0.000000
vt 0.698242 0.949707 0.000000
vt 0.622803 0.845947 0.000000
vt 0.795166 0.901855 0.000000
vt 0.698242 0.949707 0.000000
vt 0.622803 0.845947 0.000000
vt 0.685059 0.814941 0.000000
vt 0.795166 0.901855 0.000000
vt 0.685059 0.814941 0.000000
vt 0.869629 0.835938 0.000000
vt 0.795166 0.901855 0.000000
vt 0.685059 0.814941 0.000000
vt 0.732666 0.772461 0.000000
vt 0.869629 0.835938 0.000000
vt 0.732666 0.772461 0.000000
vt 0.915771 0.757080 0.000000
vt 0.869629 0.835938 0.000000
vt 0.732666 0.772461 0.000000
vt 0.762451 0.721680 0.000000
vt 0.915771 0.757080 0.000000
vt 0.762451 0.721680 0.000000
vt 0.930176 0.670898 0.000000
vt 0.915771 0.757080 0.000000
vt 0.762451 0.721680 0.000000
vt 0.771729 0.666016 0.000000
vt 0.930176 0.670898 0.000000
vt 0.771729 0.666016 0.000000
vt 0.912109 0.583984 0.000000
vt 0.930176 0.670898 0.000000
vt 0.771729 0.666016 0.000000
vt 0.760254 0.610107 0.000000
vt 0.912109 0.583984 0.000000
vt 0.760254 0.610107 0.000000
vt 0.862549 0.502441 0.000000
vt 0.912109 0.583984 0.000000
vt 0.760254 0.610107 0.000000
vt 0.728760 0.557617 0.000000
vt 0.862549 0.502441 0.000000
vt 0.728760 0.557617 0.000000
vt 0.785400 0.432861 0.000000
vt 0.862549 0.502441 0.000000
vt 0.728760 0.557617 0.000000
vt 0.679443 0.512695 0.000000
vt 0.785400 0.432861 0.000000
vt 0.679443 0.512695 0.000000
vt 0.686523 0.379883 0.000000
vt 0.785400 0.432861 0.000000
vt 0.679443 0.512695 0.000000
vt 0.616211 0.478760 0.000000
vt 0.686523 0.379883 0.000000
vt 0.616211 0.478760 0.000000
vt 0.572754 0.347412 0.000000
vt 0.686523 0.379883 0.000000
vt 0.616211 0.478760 0.000000
vt 0.543457 0.458252 0.000000
vt 0.572754 0.347412 0.000000
vt 0.543457 0.458252 0.000000
vt 0.452881 0.338379 0.000000
vt 0.572754 0.347412 0.000000
vt 0.543457 0.458252 0.000000
vt 0.466553 0.452637 0.000000
vt 0.452881 0.338379 0.000000
vt 0.466553 0.452637 0.000000
vt 0.335938 0.353027 0.000000
vt 0.452881 0.338379 0.000000
vt 0.466553 0.452637 0.000000
vt 0.391602 0.462158 0.000000
vt 0.335938 0.353027 0.000000
vt 0.391602 0.462158 0.000000
vt 0.230225 0.390381 0.000000
vt 0.335938 0.353027 0.000000
vt 0.391602 0.462158 0.000000
vt 0.323730 0.486328 0.000000
vt 0.230225 0.390381 0.000000
vt 0.323730 0.486328 0.000000
vt 0.143799 0.447754 0.000000
vt 0.230225 0.390381 0.000000
vt 0.323730 0.486328 0.000000
vt 0.268311 0.523438 0.000000
vt 0.143799 0.447754 0.000000
vt 0.268311 0.523438 0.000000
vt 0.083008 0.520752 0.000000
vt 0.143799 0.447754 0.000000
vt 0.268311 0.523438 0.000000
vt 0.229248 0.570801 0.000000
vt 0.083008 0.520752 0.000000
vt 0.229248 0.570801 0.000000
vt 0.052246 0.604004 0.000000
vt 0.083008 0.520752 0.000000
vt 0.229248 0.570801 0.000000
vt 0.209473 0.624512 0.000000
vt 0.052246 0.604004 0.000000
vt 0.052246 0.604004 0.000000
vt 0.031738 0.696289 0.000000
vt 0.030273 0.603027 0.000000
vt 0.052246 0.604004 0.000000
vt 0.054199 0.691406 0.000000
vt 0.031738 0.696289 0.000000
vt 0.054199 0.691406 0.000000
vt 0.067139 0.786621 0.000000
vt 0.031738 0.696289 0.000000
vt 0.054199 0.691406 0.000000
vt 0.088135 0.776367 0.000000
vt 0.067139 0.786621 0.000000
vt 0.088135 0.776367 0.000000
vt 0.133789 0.867432 0.000000
vt 0.067139 0.786621 0.000000
vt 0.088135 0.776367 0.000000
vt 0.152100 0.852783 0.000000
vt 0.133789 0.867432 0.000000
vt 0.152100 0.852783 0.000000
vt 0.226807 0.932861 0.000000
vt 0.133789 0.867432 0.000000
vt 0.152100 0.852783 0.000000
vt 0.240967 0.914795 0.000000
vt 0.226807 0.932861 0.000000
vt 0.240967 0.914795 0.000000
vt 0.339600 0.978027 0.000000
vt 0.226807 0.932861 0.000000
vt 0.240967 0.914795 0.000000
vt 0.348389 0.957764 0.000000
vt 0.339600 0.978027 0.000000
vt 0.348389 0.957764 0.000000
vt 0.463379 0.999512 0.000000
vt 0.339600 0.978027 0.000000
vt 0.348389 0.957764 0.000000
vt 0.466309 0.978760 0.000000
vt 0.463379 0.999512 0.000000
vt 0.466309 0.978760 0.000000
vt 0.588867 0.995850 0.000000
vt 0.463379 0.999512 0.000000
vt 0.466309 0.978760 0.000000
vt 0.585693 0.975830 0.000000
vt 0.588867 0.995850 0.000000
vt 0.585693 0.975830 0.000000
vt 0.707275 0.967285 0.000000
vt 0.588867 0.995850 0.000000
vt 0.585693 0.975830 0.000000
vt 0.698242 0.949707 0.000000
vt 0.707275 0.967285 0.000000
vt 0.698242 0.949707 0.000000
vt 0.809570 0.915771 0.000000
vt 0.707275 0.967285 0.000000
vt 0.698242 0.949707 0.000000
vt 0.795166 0.901855 0.000000
vt 0.809570 0.915771 0.000000
vt 0.795166 0.901855 0.000000
vt 0.887939 0.845215 0.000000
vt 0.809570 0.915771 0.000000
vt 0.795166 0.901855 0.000000
vt 0.869629 0.835938 0.000000
vt 0.887939 0.845215 0.000000
vt 0.869629 0.835938 0.000000
vt 0.936768 0.760986 0.000000
vt 0.887939 0.845215 0.000000
vt 0.869629 0.835938 0.000000
vt 0.915771 0.757080 0.000000
vt 0.936768 0.760986 0.000000
vt 0.915771 0.757080 0.000000
vt 0.952637 0.668945 0.000000
vt 0.936768 0.760986 0.000000
vt 0.915771 0.757080 0.000000
vt 0.930176 0.670898 0.000000
vt 0.952637 0.668945 0.000000
vt 0.930176 0.670898 0.000000
vt 0.934082 0.576416 0.000000
vt 0.952637 0.668945 0.000000
vt 0.930176 0.670898 0.000000
vt 0.912109 0.583984 0.000000
vt 0.934082 0.576416 0.000000
vt 0.912109 0.583984 0.000000
vt 0.882568 0.489990 0.000000
vt 0.934082 0.576416 0.000000
vt 0.912109 0.583984 0.000000
vt 0.862549 0.502441 0.000000
vt 0.882568 0.489990 0.000000
vt 0.862549 0.502441 0.000000
vt 0.801758 0.416260 0.000000
vt 0.882568 0.489990 0.000000
vt 0.862549 0.502441 0.000000
vt 0.785400 0.432861 0.000000
vt 0.801758 0.416260 0.000000
vt 0.785400 0.432861 0.000000
vt 0.697998 0.360352 0.000000
vt 0.801758 0.416260 0.000000
vt 0.785400 0.432861 0.000000
vt 0.686523 0.379883 0.000000
vt 0.697998 0.360352 0.000000
vt 0.686523 0.379883 0.000000
vt 0.578613 0.326660 0.000000
vt 0.697998 0.360352 0.000000
vt 0.686523 0.379883 0.000000
vt 0.572754 0.347412 0.000000
vt 0.578613 0.326660 0.000000
vt 0.572754 0.347412 0.000000
vt 0.452881 0.317627 0.000000
vt 0.578613 0.326660 0.000000
vt 0.572754 0.347412 0.000000
vt 0.452881 0.338379 0.000000
vt 0.452881 0.317627 0.000000
vt 0.452881 0.338379 0.000000
vt 0.329590 0.333984 0.000000
vt 0.452881 0.317627 0.000000
vt 0.452881 0.338379 0.000000
vt 0.335938 0.353027 0.000000
vt 0.329590 0.333984 0.000000
vt 0.335938 0.353027 0.000000
vt 0.218262 0.374512 0.000000
vt 0.329590 0.333984 0.000000
vt 0.335938 0.353027 0.000000
vt 0.230225 0.390381 0.000000
vt 0.218262 0.374512 0.000000
vt 0.230225 0.390381 0.000000
vt 0.127197 0.436035 0.000000
vt 0.218262 0.374512 0.000000
vt 0.230225 0.390381 0.000000
vt 0.143799 0.447754 0.000000
vt 0.127197 0.436035 0.000000
vt 0.143799 0.447754 0.000000
vt 0.062988 0.514160 0.000000
vt 0.127197 0.436035 0.000000
vt 0.143799 0.447754 0.000000
vt 0.083008 0.520752 0.000000
vt 0.062988 0.514160 0.000000
vt 0.083008 0.520752 0.000000
vt 0.030273 0.603027 0.000000
vt 0.062988 0.514160 0.000000
vt 0.083008 0.520752 0.000000
vt 0.052246 0.604004 0.000000
vt 0.030273 0.603027 0.000000
vt 0.951904 0.679688 0.000000
vt 0.913818 0.762939 0.000000
vt 0.930176 0.677002 0.000000
vt 0.951904 0.679688 0.000000
vt 0.935303 0.771240 0.000000
vt 0.913818 0.762939 0.000000
vt 0.935303 0.771240 0.000000
vt 0.866211 0.841064 0.000000
vt 0.913818 0.762939 0.000000
vt 0.935303 0.771240 0.000000
vt 0.885498 0.854492 0.000000
vt 0.866211 0.841064 0.000000
vt 0.885498 0.854492 0.000000
vt 0.790771 0.905762 0.000000
vt 0.866211 0.841064 0.000000
vt 0.885498 0.854492 0.000000
vt 0.806152 0.923340 0.000000
vt 0.790771 0.905762 0.000000
vt 0.806152 0.923340 0.000000
vt 0.692627 0.952148 0.000000
vt 0.790771 0.905762 0.000000
vt 0.806152 0.923340 0.000000
vt 0.703613 0.972412 0.000000
vt 0.692627 0.952148 0.000000
vt 0.703613 0.972412 0.000000
vt 0.579834 0.977051 0.000000
vt 0.692627 0.952148 0.000000
vt 0.703613 0.972412 0.000000
vt 0.585205 0.998535 0.000000
vt 0.579834 0.977051 0.000000
vt 0.585205 0.998535 0.000000
vt 0.459961 0.978027 0.000000
vt 0.579834 0.977051 0.000000
vt 0.585205 0.998535 0.000000
vt 0.459473 0.999268 0.000000
vt 0.459961 0.978027 0.000000
vt 0.459473 0.999268 0.000000
vt 0.342529 0.955566 0.000000
vt 0.459961 0.978027 0.000000
vt 0.459473 0.999268 0.000000
vt 0.336182 0.974854 0.000000
vt 0.342529 0.955566 0.000000
vt 0.336182 0.974854 0.000000
vt 0.236084 0.911133 0.000000
vt 0.342529 0.955566 0.000000
vt 0.336182 0.974854 0.000000
vt 0.224121 0.927002 0.000000
vt 0.236084 0.911133 0.000000
vt 0.224121 0.927002 0.000000
vt 0.148193 0.848145 0.000000
vt 0.236084 0.911133 0.000000
vt 0.224121 0.927002 0.000000
vt 0.131836 0.859375 0.000000
vt 0.148193 0.848145 0.000000
vt 0.131836 0.859375 0.000000
vt 0.085938 0.770996 0.000000
vt 0.148193 0.848145 0.000000
vt 0.131836 0.859375 0.000000
vt 0.066162 0.776855 0.000000
vt 0.085938 0.770996 0.000000
vt 0.066162 0.776855 0.000000
vt 0.053223 0.685547 0.000000
vt 0.085938 0.770996 0.000000
vt 0.066162 0.776855 0.000000
vt 0.031738 0.685791 0.000000
vt 0.053223 0.685547 0.000000
vt 0.031738 0.685791 0.000000
vt 0.053223 0.598145 0.000000
vt 0.053223 0.685547 0.000000
vt 0.031738 0.685791 0.000000
vt 0.031494 0.592529 0.000000
vt 0.053223 0.598145 0.000000
vt 0.031494 0.592529 0.000000
vt 0.085449 0.515381 0.000000
vt 0.053223 0.598145 0.000000
vt 0.031494 0.592529 0.000000
vt 0.064941 0.504150 0.000000
vt 0.085449 0.515381 0.000000
vt 0.064941 0.504150 0.000000
vt 0.147705 0.443115 0.000000
vt 0.085449 0.515381 0.000000
vt 0.064941 0.504150 0.000000
vt 0.130127 0.427490 0.000000
vt 0.147705 0.443115 0.000000
vt 0.130127 0.427490 0.000000
vt 0.235107 0.386963 0.000000
vt 0.147705 0.443115 0.000000
vt 0.130127 0.427490 0.000000
vt 0.221924 0.367920 0.000000
vt 0.235107 0.386963 0.000000
vt 0.221924 0.367920 0.000000
vt 0.341797 0.351074 0.000000
vt 0.235107 0.386963 0.000000
vt 0.221924 0.367920 0.000000
vt 0.333496 0.330078 0.000000
vt 0.341797 0.351074 0.000000
vt 0.333496 0.330078 0.000000
vt 0.458984 0.338135 0.000000
vt 0.341797 0.351074 0.000000
vt 0.333496 0.330078 0.000000
vt 0.456787 0.316406 0.000000
vt 0.458984 0.338135 0.000000
vt 0.456787 0.316406 0.000000
vt 0.578857 0.348877 0.000000
vt 0.458984 0.338135 0.000000
vt 0.456787 0.316406 0.000000
vt 0.582275 0.328369 0.000000
vt 0.578857 0.348877 0.000000
vt 0.582275 0.328369 0.000000
vt 0.691895 0.382568 0.000000
vt 0.578857 0.348877 0.000000
vt 0.582275 0.328369 0.000000
vt 0.701172 0.364746 0.000000
vt 0.691895 0.382568 0.000000
vt 0.701172 0.364746 0.000000
vt 0.790039 0.437012 0.000000
vt 0.691895 0.382568 0.000000
vt 0.701172 0.364746 0.000000
vt 0.804199 0.423096 0.000000
vt 0.790039 0.437012 0.000000
vt 0.804199 0.423096 0.000000
vt 0.865723 0.507812 0.000000
vt 0.790039 0.437012 0.000000
vt 0.804199 0.423096 0.000000
vt 0.884033 0.499023 0.000000
vt 0.865723 0.507812 0.000000
vt 0.884033 0.499023 0.000000
vt 0.913574 0.589844 0.000000
vt 0.865723 0.507812 0.000000
vt 0.884033 0.499023 0.000000
vt 0.934570 0.586670 0.000000
vt 0.913574 0.589844 0.000000
vt 0.934570 0.586670 0.000000
vt 0.930176 0.677002 0.000000
vt 0.913574 0.589844 0.000000
vt 0.934570 0.586670 0.000000
vt 0.951904 0.679688 0.000000
vt 0.930176 0.677002 0.000000
vt 0.930176 0.677002 0.000000
vt 0.761230 0.726562 0.000000
vt 0.771729 0.671143 0.000000
vt 0.930176 0.677002 0.000000
vt 0.913818 0.762939 0.000000
vt 0.761230 0.726562 0.000000
vt 0.913818 0.762939 0.000000
vt 0.730957 0.776855 0.000000
vt 0.761230 0.726562 0.000000
vt 0.913818 0.762939 0.000000
vt 0.866211 0.841064 0.000000
vt 0.730957 0.776855 0.000000
vt 0.866211 0.841064 0.000000
vt 0.682617 0.818604 0.000000
vt 0.730957 0.776855 0.000000
vt 0.866211 0.841064 0.000000
vt 0.790771 0.905762 0.000000
vt 0.682617 0.818604 0.000000
vt 0.790771 0.905762 0.000000
vt 0.619873 0.848389 0.000000
vt 0.682617 0.818604 0.000000
vt 0.790771 0.905762 0.000000
vt 0.692627 0.952148 0.000000
vt 0.619873 0.848389 0.000000
vt 0.692627 0.952148 0.000000
vt 0.547607 0.864258 0.000000
vt 0.619873 0.848389 0.000000
vt 0.692627 0.952148 0.000000
vt 0.579834 0.977051 0.000000
vt 0.547607 0.864258 0.000000
vt 0.579834 0.977051 0.000000
vt 0.470947 0.864990 0.000000
vt 0.547607 0.864258 0.000000
vt 0.579834 0.977051 0.000000
vt 0.459961 0.978027 0.000000
vt 0.470947 0.864990 0.000000
vt 0.459961 0.978027 0.000000
vt 0.395752 0.850342 0.000000
vt 0.470947 0.864990 0.000000
vt 0.459961 0.978027 0.000000
vt 0.342529 0.955566 0.000000
vt 0.395752 0.850342 0.000000
vt 0.342529 0.955566 0.000000
vt 0.327393 0.821533 0.000000
vt 0.395752 0.850342 0.000000
vt 0.342529 0.955566 0.000000
vt 0.236084 0.911133 0.000000
vt 0.327393 0.821533 0.000000
vt 0.236084 0.911133 0.000000
vt 0.271240 0.780762 0.000000
vt 0.327393 0.821533 0.000000
vt 0.236084 0.911133 0.000000
vt 0.148193 0.848145 0.000000
vt 0.271240 0.780762 0.000000
vt 0.148193 0.848145 0.000000
vt 0.231201 0.730957 0.000000
vt 0.271240 0.780762 0.000000
vt 0.148193 0.848145 0.000000
vt 0.085938 0.770996 0.000000
vt 0.231201 0.730957 0.000000
vt 0.085938 0.770996 0.000000
vt 0.210449 0.675781 0.000000
vt 0.231201 0.730957 0.000000
vt 0.085938 0.770996 0.000000
vt 0.053223 0.685547 0.000000
vt 0.210449 0.675781 0.000000
vt 0.053223 0.685547 0.000000
vt 0.210205 0.619385 0.000000
vt 0.210449 0.675781 0.000000
vt 0.053223 0.685547 0.000000
vt 0.053223 0.598145 0.000000
vt 0.210205 0.619385 0.000000
vt 0.053223 0.598145 0.000000
vt 0.230713 0.566162 0.000000
vt 0.210205 0.619385 0.000000
vt 0.053223 0.598145 0.000000
vt 0.085449 0.515381 0.000000
vt 0.230713 0.566162 0.000000
vt 0.085449 0.515381 0.000000
vt 0.270508 0.519531 0.000000
vt 0.230713 0.566162 0.000000
vt 0.085449 0.515381 0.000000
vt 0.147705 0.443115 0.000000
vt 0.270508 0.519531 0.000000
vt 0.147705 0.443115 0.000000
vt 0.326660 0.483398 0.000000
vt 0.270508 0.519531 0.000000
vt 0.147705 0.443115 0.000000
vt 0.235107 0.386963 0.000000
vt 0.326660 0.483398 0.000000
vt 0.235107 0.386963 0.000000
vt 0.394775 0.460449 0.000000
vt 0.326660 0.483398 0.000000
vt 0.235107 0.386963 0.000000
vt 0.341797 0.351074 0.000000
vt 0.394775 0.460449 0.000000
vt 0.341797 0.351074 0.000000
vt 0.469727 0.452148 0.000000
vt 0.394775 0.460449 0.000000
vt 0.341797 0.351074 0.000000
vt 0.458984 0.338135 0.000000
vt 0.469727 0.452148 0.000000
vt 0.458984 0.338135 0.000000
vt 0.546387 0.459229 0.000000
vt 0.469727 0.452148 0.000000
vt 0.458984 0.338135 0.000000
vt 0.578857 0.348877 0.000000
vt 0.546387 0.459229 0.000000
vt 0.578857 0.348877 0.000000
vt 0.618896 0.480957 0.000000
vt 0.546387 0.459229 0.000000
vt 0.578857 0.348877 0.000000
vt 0.691895 0.382568 0.000000
vt 0.618896 0.480957 0.000000
vt 0.691895 0.382568 0.000000
vt 0.681641 0.516113 0.000000
vt 0.618896 0.480957 0.000000
vt 0.691895 0.382568 0.000000
vt 0.790039 0.437012 0.000000
vt 0.681641 0.516113 0.000000
vt 0.790039 0.437012 0.000000
vt 0.730225 0.562012 0.000000
vt 0.681641 0.516113 0.000000
vt 0.790039 0.437012 0.000000
vt 0.865723 0.507812 0.000000
vt 0.730225 0.562012 0.000000
vt 0.865723 0.507812 0.000000
vt 0.760986 0.614746 0.000000
vt 0.730225 0.562012 0.000000
vt 0.865723 0.507812 0.000000
vt 0.913574 0.589844 0.000000
vt 0.760986 0.614746 0.000000
vt 0.913574 0.589844 0.000000
vt 0.771729 0.671143 0.000000
vt 0.760986 0.614746 0.000000
vt 0.913574 0.589844 0.000000
vt 0.930176 0.677002 0.000000
vt 0.771729 0.671143 0.000000
vt 0.489746 0.659180 0.000000
vt 0.771729 0.671143 0.000000
vt 0.761230 0.726562 0.000000
vt 0.489746 0.659180 0.000000
vt 0.761230 0.726562 0.000000
vt 0.730957 0.776855 0.000000
vt 0.489746 0.659180 0.000000
vt 0.730957 0.776855 0.000000
vt 0.682617 0.818604 0.000000
vt 0.489746 0.659180 0.000000
vt 0.682617 0.818604 0.000000
vt 0.619873 0.848389 0.000000
vt 0.489746 0.659180 0.000000
vt 0.619873 0.848389 0.000000
vt 0.547607 0.864258 0.000000
vt 0.489746 0.659180 0.000000
vt 0.547607 0.864258 0.000000
vt 0.470947 0.864990 0.000000
vt 0.489746 0.659180 0.000000
vt 0.470947 0.864990 0.000000
vt 0.395752 0.850342 0.000000
vt 0.489746 0.659180 0.000000
vt 0.395752 0.850342 0.000000
vt 0.327393 0.821533 0.000000
vt 0.489746 0.659180 0.000000
vt 0.327393 0.821533 0.000000
vt 0.271240 0.780762 0.000000
vt 0.489746 0.659180 0.000000
vt 0.271240 0.780762 0.000000
vt 0.231201 0.730957 0.000000
vt 0.489746 0.659180 0.000000
vt 0.231201 0.730957 0.000000
vt 0.210449 0.675781 0.000000
vt 0.489746 0.659180 0.000000
vt 0.210449 0.675781 0.000000
vt 0.210205 0.619385 0.000000
vt 0.489746 0.659180 0.000000
vt 0.210205 0.619385 0.000000
vt 0.230713 0.566162 0.000000
vt 0.489746 0.659180 0.000000
vt 0.230713 0.566162 0.000000
vt 0.270508 0.519531 0.000000
vt 0.489746 0.659180 0.000000
vt 0.270508 0.519531 0.000000
vt 0.326660 0.483398 0.000000
vt 0.489746 0.659180 0.000000
vt 0.326660 0.483398 0.000000
vt 0.394775 0.460449 0.000000
vt 0.489746 0.659180 0.000000
vt 0.394775 0.460449 0.000000
vt 0.469727 0.452148 0.000000
vt 0.489746 0.659180 0.000000
vt 0.469727 0.452148 0.000000
vt 0.546387 0.459229 0.000000
vt 0.489746 0.659180 0.000000
vt 0.546387 0.459229 0.000000
vt 0.618896 0.480957 0.000000
vt 0.489746 0.659180 0.000000
vt 0.618896 0.480957 0.000000
vt 0.681641 0.516113 0.000000
vt 0.489746 0.659180 0.000000
vt 0.681641 0.516113 0.000000
vt 0.730225 0.562012 0.000000
vt 0.489746 0.659180 0.000000
vt 0.730225 0.562012 0.000000
vt 0.760986 0.614746 0.000000
vt 0.489746 0.659180 0.000000
vt 0.760986 0.614746 0.000000
vt 0.771729 0.671143 0.000000
vt 0.330078 0.256836 0.000000
vt 0.362549 0.130371 0.000000
vt 0.434326 0.044922 0.000000
vt 0.330078 0.256836 0.000000
vt 0.340576 0.008301 0.000000
vt 0.362549 0.130371 0.000000
vn 0.000000 0.000000 -1.000000
vn 0.000000 0.000000 -1.000000
vn 0.000000 0.000000 -1.000000
vn 0.000000 0.000000 -1.000000
vn 0.000000 0.000000 -1.000000
vn 0.000000 0.000000 -1.000000
vn 0.000000 0.000000 -1.000000
vn 0.000000 0.000000 -1.000000
vn 0.000000 0.000000 -1.000000
vn 0.000000 0.000000 -1.000000
vn 0.000000 0.000000 -1.000000
vn 0.000000 0.000000 -1.000000
vn 0.000000 0.000000 -1.000000
vn 0.000000 0.000000 -1.000000
vn 0.000000 0.000000 -1.000000
vn 0.000000 0.000000 -1.000000
vn 0.000000 0.000000 -1.000000
vn 0.000000 0.000000 -1.000000
vn 0.000000 0.000000 -1.000000
vn 0.000000 0.000000 -1.000000
vn 0.000000 0.000000 -1.000000
vn 0.000000 0.000000 -1.000000
vn 0.000000 0.000000 -1.000000
vn 0.000000 0.000000 -1.000000
vn 0.000000 0.000000 -1.000000
vn 0.000000 0.000000 -1.000000
vn 0.000000 0.000000 -1.000000
vn 0.000000 0.000000 -1.000000
vn 0.000000 0.000000 -1.000000
vn 0.000000 0.000000 -1.000000
vn 0.000000 0.000000 -1.000000
vn 0.000000 0.000000 -1.000000
vn 0.000000 0.000000 -1.000000
vn 0.000000 0.000000 -1.000000
vn 0.000000 0.000000 -1.000000
vn 0.000000 0.000000 -1.000000
vn 0.000000 0.000000 -1.000000
vn 0.000000 0.000000 -1.000000
vn 0.000000 0.000000 -1.000000
vn 0.000000 0.000000 -1.000000
vn 0.000000 0.000000 -1.000000
vn 0.000000 0.000000 -1.000000
vn 0.000000 0.000000 -1.000000
vn 0.000000 0.000000 -1.000000
vn 0.000000 0.000000 -1.000000
vn 0.000000 0.000000 -1.000000
vn 0.000000 0.000000 -1.000000
vn 0.000000 0.000000 -1.000000
vn 0.000000 0.000000 -1.000000
vn 0.000000 0.000000 -1.000000
vn 0.000000 0.000000 -1.000000
vn 0.000000 0.000000 -1.000000
vn 0.000000 0.000000 -1.000000
vn 0.000000 0.000000 -1.000000
vn 0.000000 0.000000 -1.000000
vn 0.000000 0.000000 -1.000000
vn 0.000000 0.000000 -1.000000
vn 0.000000 0.000000 -1.000000
vn 0.000000 0.000000 -1.000000
vn 0.000000 0.000000 -1.000000
vn 0.000000 0.000000 -1.000000
vn 0.000000 0.000000 -1.000000
vn 0.000000 0.000000 -1.000000
vn 0.000000 0.000000 -1.000000
vn 0.000000 0.000000 -1.000000
vn 0.000000 0.000000 -1.000000
vn 0.000000 0.000000 -1.000000
vn 0.000000 0.000000 -1.000000
vn 0.000000 0.000000 -1.000000
vn 0.000000 0.000000 -1.000000
vn 0.000000 0.000000 -1.000000
vn 0.000000 0.000000 -1.000000
vn 0.000000 0.000000 -1.000000
vn 0.000000 0.000000 -1.000000
vn 0.000000 0.000000 -1.000000
vn 0.000000 0.000000 -1.000000
vn 0.000000 0.000000 -1.000000
vn 0.000000 0.000000 -1.000000
vn 0.000000 0.000000 -1.000000
vn 0.000000 0.000000 -1.000000
vn 0.000000 0.000000 -1.000000
vn 0.000000 0.000000 -1.000000
vn 0.000000 0.000000 -1.000000
vn 0.000000 0.000000 -1.000000
vn 0.000000 0.000000 -1.000000
vn 0.000000 0.000000 -1.000000
vn 0.000000 0.000000 -1.000000
vn 0.000000 0.000000 -1.000000
vn 0.000000 0.000000 -1.000000
vn 0.000000 0.000000 -1.000000
vn 0.000000 0.000000 -1.000000
vn 0.000000 0.000000 -1.000000
vn 0.000000 0.000000 -1.000000
vn 0.000000 0.000000 -1.000000
vn 0.000000 0.000000 -1.000000
vn 0.000000 0.000000 -1.000000
vn 0.000000 0.000000 -1.000000
vn 0.000000 0.000000 -1.000000
vn 0.000000 0.000000 -1.000000
vn 0.000000 0.000000 -1.000000
vn 0.000000 0.000000 -1.000000
vn 0.000000 0.000000 -1.000000
vn 0.000000 0.000000 -1.000000
vn 0.000000 0.000000 -1.000000
vn 0.000000 0.000000 -1.000000
vn 0.000000 0.000000 -1.000000
vn 0.000000 0.000000 -1.000000
vn 0.000000 0.000000 -1.000000
vn 0.000000 0.000000 -1.000000
vn 0.000000 0.000000 -1.000000
vn 0.000000 0.000000 -1.000000
vn 0.000000 0.000000 -1.000000
vn 0.000000 0.000000 -1.000000
vn 0.000000 0.000000 -1.000000
vn 0.000000 0.000000 -1.000000
vn 0.000000 0.000000 -1.000000
vn 0.000000 0.000000 -1.000000
vn 0.000000 0.000000 -1.000000
vn 0.000000 0.000000 -1.000000
vn 0.000000 0.000000 -1.000000
vn 0.000000 0.000000 -1.000000
vn 0.000000 0.000000 -1.000000
vn 0.000000 0.000000 -1.000000
vn 0.000000 0.000000 1.000000
vn 0.000000 0.000000 1.000000
vn 0.000000 0.000000 1.000000
vn 0.000000 0.000000 1.000000
vn 0.000000 0.000000 1.000000
vn 0.000000 0.000000 1.000000
vn 0.000000 0.000000 1.000000
vn 0.000000 0.000000 1.000000
vn 0.000000 0.000000 1.000000
vn 0.000000 0.000000 1.000000
vn 0.000000 0.000000 1.000000
vn 0.000000 0.000000 1.000000
vn 0.000000 0.000000 1.000000
vn 0.000000 0.000000 1.000000
vn 0.000000 0.000000 1.000000
vn 0.000000 0.000000 1.000000
vn 0.000000 0.000000 1.000000
vn 0.000000 0.000000 1.000000
vn 0.000000 0.000000 1.000000
vn 0.000000 0.000000 1.000000
vn 0.000000 0.000000 1.000000
vn 0.000000 0.000000 1.000000
vn 0.000000 0.000000 1.000000
vn 0.000000 0.000000 1.000000
vn 0.000000 0.000000 1.000000
vn 0.000000 0.000000 1.000000
vn 0.000000 0.000000 1.000000
vn 0.000000 0.000000 1.000000
vn 0.000000 0.000000 1.000000
vn 0.000000 0.000000 1.000000
vn 0.000000 0.000000 1.000000
vn 0.000000 0.000000 1.000000
vn 0.000000 0.000000 1.000000
vn 0.000000 0.000000 1.000000
vn 0.000000 0.000000 1.000000
vn 0.000000 0.000000 1.000000
vn 0.000000 0.000000 1.000000
vn 0.000000 0.000000 1.000000
vn 0.000000 0.000000 1.000000
vn 0.000000 0.000000 1.000000
vn 0.000000 0.000000 1.000000
vn 0.000000 0.000000 1.000000
vn 0.000000 0.000000 1.000000
vn 0.000000 0.000000 1.000000
vn 0.000000 0.000000 1.000000
vn 0.000000 0.000000 1.000000
vn 0.000000 0.000000 1.000000
vn 0.000000 0.000000 1.000000
vn 0.000000 0.000000 1.000000
vn 0.000000 0.000000 1.000000
vn 0.000000 0.000000 1.000000
vn 0.000000 0.000000 1.000000
vn 0.000000 0.000000 1.000000
vn 0.000000 0.000000 1.000000
vn 0.000000 0.000000 1.000000
vn 0.000000 0.000000 1.000000
vn 0.000000 0.000000 1.000000
vn 0.000000 0.000000 1.000000
vn 0.000000 0.000000 1.000000
vn 0.000000 0.000000 1.000000
vn 0.000000 0.000000 1.000000
vn 0.000000 0.000000 1.000000
vn 0.000000 0.000000 1.000000
vn 0.000000 0.000000 1.000000
vn 0.000000 0.000000 1.000000
vn 0.000000 0.000000 1.000000
vn 0.000000 0.000000 1.000000
vn 0.000000 0.000000 1.000000
vn 0.000000 0.000000 1.000000
vn 0.000000 0.000000 1.000000
vn 0.000000 0.000000 1.000000
vn 0.000000 0.000000 1.000000
vn 0.000000 0.000000 1.000000
vn 0.000000 0.000000 1.000000
vn 0.000000 0.000000 1.000000
vn 0.000000 0.000000 1.000000
vn 0.000000 0.000000 1.000000
vn 0.000000 0.000000 1.000000
vn 0.000000 0.000000 1.000000
vn 0.000000 0.000000 1.000000
vn 0.000000 0.000000 1.000000
vn 0.000000 0.000000 1.000000
vn 0.000000 0.000000 1.000000
vn 0.000000 0.000000 1.000000
vn 0.000000 0.000000 1.000000
vn 0.000000 0.000000 1.000000
vn 0.000000 0.000000 1.000000
vn 0.000000 0.000000 1.000000
vn 0.000000 0.000000 1.000000
vn 0.000000 0.000000 1.000000
vn 0.000000 0.000000 1.000000
vn 0.000000 0.000000 1.000000
vn 0.000000 0.000000 1.000000
vn 0.000000 0.000000 1.000000
vn 0.000000 0.000000 1.000000
vn 0.000000 0.000000 1.000000
vn 0.000000 0.000000 1.000000
vn 0.000000 0.000000 1.000000
vn 0.000000 0.000000 1.000000
vn 0.000000 0.000000 1.000000
vn 0.000000 0.000000 1.000000
vn 0.000000 0.000000 1.000000
vn 0.000000 0.000000 1.000000
vn 0.000000 0.000000 1.000000
vn 0.000000 0.000000 1.000000
vn 0.000000 0.000000 1.000000
vn 0.000000 0.000000 1.000000
vn 0.000000 0.000000 1.000000
vn 0.000000 0.000000 1.000000
vn 0.000000 0.000000 1.000000
vn 0.000000 0.000000 1.000000
vn 0.000000 0.000000 1.000000
vn 0.000000 0.000000 1.000000
vn 0.000000 0.000000 1.000000
vn 0.000000 0.000000 1.000000
vn 0.000000 0.000000 1.000000
vn 0.000000 0.000000 1.000000
vn 0.000000 0.000000 1.000000
vn 0.000000 0.000000 1.000000
vn 0.000000 0.000000 1.000000
vn 0.000000 0.000000 1.000000
vn 0.000000 0.000000 1.000000
vn 0.000000 0.000000 1.000000
vn 0.961914 0.272705 0.000000
vn 1.924072 0.545654 0.000000
vn 1.924072 0.545654 0.000000
vn 0.961914 0.272705 0.000000
vn 1.924072 0.545654 0.000000
vn 1.924072 0.545654 0.000000
vn -0.697754 -0.716064 0.000000
vn 0.961914 0.272705 0.000000
vn -0.388428 -0.921387 0.000000
vn 1.924072 0.545654 0.000000
vn -0.388428 -0.921387 0.000000
vn 0.961914 0.272705 0.000000
vn 0.978516 0.205811 0.000000
vn 1.957031 0.411865 0.000000
vn 1.957031 0.411865 0.000000
vn 0.978516 0.205811 0.000000
vn 1.957031 0.411865 0.000000
vn 1.957031 0.411865 0.000000
vn -0.053955 -0.998535 0.000000
vn 0.978516 0.205811 0.000000
vn -0.107910 -1.997070 0.000000
vn 1.957031 0.411865 0.000000
vn -0.107910 -1.997070 0.000000
vn 0.978516 0.205811 0.000000
vn -0.833496 -0.552002 0.000000
vn -0.053955 -0.998535 0.000000
vn -1.667236 -1.104248 0.000000
vn -0.107910 -1.997070 0.000000
vn -1.667236 -1.104248 0.000000
vn -0.053955 -0.998535 0.000000
vn 0.999756 -0.002686 0.000000
vn 1.999756 -0.005371 0.000000
vn 1.999756 -0.005371 0.000000
vn 0.999756 -0.002441 0.000000
vn 1.999756 -0.005371 0.000000
vn 1.999756 -0.005371 0.000000
vn -0.690430 -0.723145 0.000000
vn 0.999756 -0.002686 0.000000
vn -0.378418 -0.925537 0.000000
vn 1.999756 -0.005371 0.000000
vn -0.378418 -0.925537 0.000000
vn 0.999756 -0.002686 0.000000
vn -0.887207 -0.460938 0.000000
vn -0.690430 -0.723145 0.000000
vn -1.774658 -0.922119 0.000000
vn -0.378418 -0.925537 0.000000
vn -1.774658 -0.922119 0.000000
vn -0.690430 -0.723145 0.000000
vn -0.934082 -0.356689 0.000000
vn -1.868164 -0.713379 0.000000
vn -1.868164 -0.713379 0.000000
vn -0.934082 -0.356689 0.000000
vn -1.868164 -0.713379 0.000000
vn -1.868164 -0.713379 0.000000
vn 0.591064 0.806396 0.000000
vn -0.934082 -0.356689 0.000000
vn 0.297607 0.954590 0.000000
vn -1.868164 -0.713379 0.000000
vn 0.297607 0.954590 0.000000
vn -0.934082 -0.356689 0.000000
vn 0.962891 0.269531 0.000000
vn 1.925781 0.539062 0.000000
vn 1.925781 0.539062 0.000000
vn 0.962891 0.269531 0.000000
vn 1.925781 0.539062 0.000000
vn 1.925781 0.539062 0.000000
vn 0.047119 -0.998779 0.000000
vn 0.962891 0.269531 0.000000
vn 0.094482 -1.997559 0.000000
vn 1.925781 0.539062 0.000000
vn 0.094482 -1.997559 0.000000
vn 0.962891 0.269531 0.000000
vn 0.802246 0.596924 0.000000
vn 0.591064 0.806396 0.000000
vn 1.604492 1.193848 0.000000
vn 0.297607 0.954590 0.000000
vn 1.604492 1.193848 0.000000
vn 0.591064 0.806396 0.000000
vn 0.952148 0.305176 0.000000
vn 1.904541 0.610352 0.000000
vn 1.904541 0.610352 0.000000
vn 0.952148 0.305176 0.000000
vn 1.904541 0.610352 0.000000
vn 1.904541 0.610352 0.000000
vn 0.001709 -0.999756 0.000000
vn 0.952148 0.305176 0.000000
vn 0.003418 -1.999756 0.000000
vn 1.904541 0.610352 0.000000
vn 0.003418 -1.999756 0.000000
vn 0.952148 0.305176 0.000000
vn 1.999756 -0.005371 0.000000
vn -0.697754 -0.716064 0.000000
vn 0.999756 -0.002441 0.000000
vn -0.388428 -0.921387 0.000000
vn 0.999756 -0.002441 0.000000
vn -0.697754 -0.716064 0.000000
vn 0.872314 0.488525 0.000000
vn 0.661621 0.749512 0.000000
vn 1.744873 0.977051 0.000000
vn 0.330811 0.943604 0.000000
vn 1.744873 0.977051 0.000000
vn 0.661621 0.749512 0.000000
vn 1.925781 0.539062 0.000000
vn 0.872314 0.488525 0.000000
vn 0.962891 0.269531 0.000000
vn 1.744873 0.977051 0.000000
vn 0.962891 0.269531 0.000000
vn 0.872314 0.488525 0.000000
vn -0.879395 -0.475586 0.000000
vn 0.001709 -0.999756 0.000000
vn -1.759033 -0.951660 0.000000
vn 0.003418 -1.999756 0.000000
vn -1.759033 -0.951660 0.000000
vn 0.001709 -0.999756 0.000000
vn -0.887695 -0.460205 0.000000
vn 0.047119 -0.998779 0.000000
vn -1.775391 -0.920410 0.000000
vn 0.094482 -1.997559 0.000000
vn -1.775391 -0.920410 0.000000
vn 0.047119 -0.998779 0.000000
vn 0.661621 0.749512 0.000000
vn 0.000000 2.000000 0.000000
vn 0.330811 0.943604 0.000000
vn 0.000000 1.000000 0.000000
vn 0.330811 0.943604 0.000000
vn 0.000000 2.000000 0.000000
vn 0.000000 2.000000 0.000000
vn 1.769775 0.931396 0.000000
vn 0.000000 1.000000 0.000000
vn 0.884766 0.465576 0.000000
vn 0.000000 1.000000 0.000000
vn 1.769775 0.931396 0.000000
vn 0.997314 0.072754 0.000000
vn -0.887695 -0.460205 0.000000
vn 1.994629 0.145752 0.000000
vn -1.775391 -0.920410 0.000000
vn 1.994629 0.145752 0.000000
vn -0.887695 -0.460205 0.000000
vn 1.904541 0.610352 0.000000
vn 0.997314 0.072754 0.000000
vn 0.952148 0.305176 0.000000
vn 1.994629 0.145752 0.000000
vn 0.952148 0.305176 0.000000
vn 0.997314 0.072754 0.000000
vn 1.769775 0.931396 0.000000
vn 0.007568 1.999756 0.000000
vn 0.884766 0.465576 0.000000
vn 0.003662 0.999756 0.000000
vn 0.884766 0.465576 0.000000
vn 0.007568 1.999756 0.000000
vn 0.007568 1.999756 0.000000
vn -1.999512 0.034912 0.000000
vn 0.003662 0.999756 0.000000
vn -0.999756 0.017334 0.000000
vn 0.003662 0.999756 0.000000
vn -1.999512 0.034912 0.000000
vn -0.019287 0.999756 0.000000
vn -0.887207 -0.460938 0.000000
vn -0.038818 1.999512 0.000000
vn -1.774658 -0.922119 0.000000
vn -0.038818 1.999512 0.000000
vn -0.887207 -0.460938 0.000000
vn 0.859619 0.510498 0.000000
vn -0.019287 0.999756 0.000000
vn 1.719482 1.020996 0.000000
vn -0.038818 1.999512 0.000000
vn 1.719482 1.020996 0.000000
vn -0.019287 0.999756 0.000000
vn -0.499023 -0.866455 0.000000
vn -0.879395 -0.475586 0.000000
vn -0.269287 -0.962891 0.000000
vn -1.759033 -0.951660 0.000000
vn -0.269287 -0.962891 0.000000
vn -0.879395 -0.475586 0.000000
vn 1.957031 0.411865 0.000000
vn -0.499023 -0.866455 0.000000
vn 0.978516 0.205811 0.000000
vn -0.269287 -0.962891 0.000000
vn 0.978516 0.205811 0.000000
vn -0.499023 -0.866455 0.000000
vn -1.999512 0.034912 0.000000
vn 1.880615 0.679932 0.000000
vn -0.999756 0.017334 0.000000
vn 0.940186 0.339844 0.000000
vn -0.999756 0.017334 0.000000
vn 1.880615 0.679932 0.000000
vn -0.221191 0.975098 0.000000
vn 0.859619 0.510498 0.000000
vn -0.383789 0.923340 0.000000
vn 1.719482 1.020996 0.000000
vn -0.383789 0.923340 0.000000
vn 0.859619 0.510498 0.000000
vn 0.156006 0.987549 0.000000
vn -0.221191 0.975098 0.000000
vn 0.049072 0.998779 0.000000
vn -0.383789 0.923340 0.000000
vn 0.049072 0.998779 0.000000
vn -0.221191 0.975098 0.000000
vn 0.424316 0.905273 0.000000
vn 0.156006 0.987549 0.000000
vn 0.343018 0.939209 0.000000
vn 0.049072 0.998779 0.000000
vn 0.343018 0.939209 0.000000
vn 0.156006 0.987549 0.000000
vn 0.638916 0.769043 0.000000
vn 0.424316 0.905273 0.000000
vn 0.572021 0.820068 0.000000
vn 0.343018 0.939209 0.000000
vn 0.572021 0.820068 0.000000
vn 0.424316 0.905273 0.000000
vn -1.868164 -0.713379 0.000000
vn 0.638916 0.769043 0.000000
vn -0.934082 -0.356689 0.000000
vn 0.572021 0.820068 0.000000
vn -0.934082 -0.356689 0.000000
vn 0.638916 0.769043 0.000000
vn 1.924072 0.545654 0.000000
vn -0.443848 -0.895996 0.000000
vn 0.961914 0.272705 0.000000
vn -0.350830 -0.936279 0.000000
vn 0.961914 0.272705 0.000000
vn -0.443848 -0.895996 0.000000
vn -0.443848 -0.895996 0.000000
vn -0.183594 -0.982910 0.000000
vn -0.350830 -0.936279 0.000000
vn -0.110596 -0.993652 0.000000
vn -0.350830 -0.936279 0.000000
vn -0.183594 -0.982910 0.000000
vn -0.183594 -0.982910 0.000000
vn 0.084717 -0.996338 0.000000
vn -0.110596 -0.993652 0.000000
vn 0.207520 -0.978027 0.000000
vn -0.110596 -0.993652 0.000000
vn 0.084717 -0.996338 0.000000
vn 0.084717 -0.996338 0.000000
vn 0.457031 -0.889160 0.000000
vn 0.207520 -0.978027 0.000000
vn 0.582031 -0.812988 0.000000
vn 0.207520 -0.978027 0.000000
vn 0.457031 -0.889160 0.000000
vn 0.457031 -0.889160 0.000000
vn -0.833496 -0.552002 0.000000
vn 0.582031 -0.812988 0.000000
vn -1.667236 -1.104248 0.000000
vn 0.582031 -0.812988 0.000000
vn -0.833496 -0.552002 0.000000
vn -0.944336 -0.328857 0.000000
vn 0.802246 0.596924 0.000000
vn -1.888672 -0.657715 0.000000
vn 1.604492 1.193848 0.000000
vn -1.888672 -0.657715 0.000000
vn 0.802246 0.596924 0.000000
vn 1.880615 0.679932 0.000000
vn -0.944336 -0.328857 0.000000
vn 0.940186 0.339844 0.000000
vn -1.888672 -0.657715 0.000000
vn 0.940186 0.339844 0.000000
vn -0.944336 -0.328857 0.000000
vn 0.000000 0.000000 1.000000
vn 0.190918 -0.088379 2.990967
vn 0.202637 -0.053711 2.990967
vn 0.000000 0.000000 1.000000
vn 0.155273 -0.158936 2.989990
vn 0.190918 -0.088379 2.990967
vn 0.000000 0.000000 1.000000
vn 0.107666 -0.218262 2.988037
vn 0.155273 -0.158936 2.989990
vn 0.000000 0.000000 1.000000
vn 0.052002 -0.261230 2.985596
vn 0.107666 -0.218262 2.988037
vn 0.000000 0.000000 1.000000
vn -0.007568 -0.284668 2.983643
vn 0.052002 -0.261230 2.985596
vn 0.000000 0.000000 1.000000
vn -0.066650 -0.286621 2.982422
vn -0.007568 -0.284668 2.983643
vn 0.000000 0.000000 1.000000
vn -0.120850 -0.267090 2.982422
vn -0.066650 -0.286621 2.982422
vn 0.000000 0.000000 1.000000
vn -0.165527 -0.227539 2.983643
vn -0.120850 -0.267090 2.982422
vn 0.000000 0.000000 1.000000
vn -0.197754 -0.171631 2.985840
vn -0.165527 -0.227539 2.983643
vn 0.000000 0.000000 1.000000
vn -0.215576 -0.103027 2.988037
vn -0.197754 -0.171631 2.985840
vn 0.000000 0.000000 1.000000
vn -0.217529 -0.027344 2.989990
vn -0.215576 -0.103027 2.988037
vn 0.000000 0.000000 1.000000
vn -0.203613 0.050293 2.990967
vn -0.217529 -0.027344 2.989990
vn 0.000000 0.000000 1.000000
vn -0.174805 0.124756 2.990479
vn -0.203613 0.050293 2.990967
vn 0.000000 0.000000 1.000000
vn -0.132812 0.190430 2.989014
vn -0.174805 0.124756 2.990479
vn 0.000000 0.000000 1.000000
vn -0.080566 0.241943 2.986816
vn -0.132812 0.190430 2.989014
vn 0.000000 0.000000 1.000000
vn -0.022217 0.275635 2.984619
vn -0.080566 0.241943 2.986816
vn 0.000000 0.000000 1.000000
vn 0.037598 0.288330 2.982910
vn -0.022217 0.275635 2.984619
vn 0.000000 0.000000 1.000000
vn 0.094727 0.279541 2.982178
vn 0.037598 0.288330 2.982910
vn 0.000000 0.000000 1.000000
vn 0.144531 0.249512 2.982910
vn 0.094727 0.279541 2.982178
vn 0.000000 0.000000 1.000000
vn 0.183350 0.201416 2.984619
vn 0.144531 0.249512 2.982910
vn 0.000000 0.000000 1.000000
vn 0.208496 0.138672 2.987061
vn 0.183350 0.201416 2.984619
vn 0.000000 0.000000 1.000000
vn 0.218506 0.065918 2.989258
vn 0.208496 0.138672 2.987061
vn 0.000000 0.000000 1.000000
vn 0.202637 -0.053711 2.990967
vn 0.218506 0.065918 2.989258
vn 0.202637 -0.053711 2.990967
vn 1.023193 -0.417969 3.622559
vn 1.068359 -0.291992 3.614014
vn 0.202637 -0.053711 2.990967
vn 0.190918 -0.088379 2.990967
vn 1.023193 -0.417969 3.622559
vn 0.190918 -0.088379 2.990967
vn 0.808105 -0.766602 3.636230
vn 1.023193 -0.417969 3.622559
vn 0.190918 -0.088379 2.990967
vn 0.155273 -0.158936 2.989990
vn 0.808105 -0.766602 3.636230
vn 0.155273 -0.158936 2.989990
vn 0.540283 -1.015381 3.631836
vn 0.808105 -0.766602 3.636230
vn 0.155273 -0.158936 2.989990
vn 0.107666 -0.218262 2.988037
vn 0.540283 -1.015381 3.631836
vn 0.107666 -0.218262 2.988037
vn 0.262939 -1.167725 3.615967
vn 0.540283 -1.015381 3.631836
vn 0.107666 -0.218262 2.988037
vn 0.052002 -0.261230 2.985596
vn 0.262939 -1.167725 3.615967
vn 0.052002 -0.261230 2.985596
vn -0.006104 -1.239746 3.595215
vn 0.262939 -1.167725 3.615967
vn 0.052002 -0.261230 2.985596
vn -0.007568 -0.284668 2.983643
vn -0.006104 -1.239746 3.595215
vn -0.007568 -0.284668 2.983643
vn -0.261475 -1.242188 3.572754
vn -0.006104 -1.239746 3.595215
vn -0.007568 -0.284668 2.983643
vn -0.066650 -0.286621 2.982422
vn -0.261475 -1.242188 3.572754
vn -0.066650 -0.286621 2.982422
vn -0.500977 -1.179199 3.552002
vn -0.261475 -1.242188 3.572754
vn -0.066650 -0.286621 2.982422
vn -0.120850 -0.267090 2.982422
vn -0.500977 -1.179199 3.552002
vn -0.120850 -0.267090 2.982422
vn -0.721436 -1.048828 3.536621
vn -0.500977 -1.179199 3.552002
vn -0.120850 -0.267090 2.982422
vn -0.165527 -0.227539 2.983643
vn -0.721436 -1.048828 3.536621
vn -0.165527 -0.227539 2.983643
vn -0.915039 -0.845459 3.532227
vn -0.721436 -1.048828 3.536621
vn -0.165527 -0.227539 2.983643
vn -0.197754 -0.171631 2.985840
vn -0.915039 -0.845459 3.532227
vn -0.197754 -0.171631 2.985840
vn -1.064209 -0.560547 3.544434
vn -0.915039 -0.845459 3.532227
vn -0.197754 -0.171631 2.985840
vn -0.215576 -0.103027 2.988037
vn -1.064209 -0.560547 3.544434
vn -0.215576 -0.103027 2.988037
vn -1.136719 -0.195557 3.573486
vn -1.064209 -0.560547 3.544434
vn -0.215576 -0.103027 2.988037
vn -0.217529 -0.027344 2.989990
vn -1.136719 -0.195557 3.573486
vn -0.217529 -0.027344 2.989990
vn -1.093018 0.216309 3.608643
vn -1.136719 -0.195557 3.573486
vn -0.217529 -0.027344 2.989990
vn -0.203613 0.050293 2.990967
vn -1.093018 0.216309 3.608643
vn -0.203613 0.050293 2.990967
vn -0.925781 0.603516 3.632080
vn -1.093018 0.216309 3.608643
vn -0.203613 0.050293 2.990967
vn -0.174805 0.124756 2.990479
vn -0.925781 0.603516 3.632080
vn -0.174805 0.124756 2.990479
vn -0.677490 0.903809 3.635742
vn -0.925781 0.603516 3.632080
vn -0.174805 0.124756 2.990479
vn -0.132812 0.190430 2.989014
vn -0.677490 0.903809 3.635742
vn -0.132812 0.190430 2.989014
vn -0.401367 1.102539 3.624756
vn -0.677490 0.903809 3.635742
vn -0.132812 0.190430 2.989014
vn -0.080566 0.241943 2.986816
vn -0.401367 1.102539 3.624756
vn -0.080566 0.241943 2.986816
vn -0.126709 1.213135 3.605957
vn -0.401367 1.102539 3.624756
vn -0.080566 0.241943 2.986816
vn -0.022217 0.275635 2.984619
vn -0.126709 1.213135 3.605957
vn -0.022217 0.275635 2.984619
vn 0.135498 1.249268 3.583984
vn -0.126709 1.213135 3.605957
vn -0.022217 0.275635 2.984619
vn 0.037598 0.288330 2.982910
vn 0.135498 1.249268 3.583984
vn 0.037598 0.288330 2.982910
vn 0.383301 1.218994 3.561768
vn 0.135498 1.249268 3.583984
vn 0.037598 0.288330 2.982910
vn 0.094727 0.279541 2.982178
vn 0.383301 1.218994 3.561768
vn 0.094727 0.279541 2.982178
vn 0.613770 1.122803 3.543213
vn 0.383301 1.218994 3.561768
vn 0.094727 0.279541 2.982178
vn 0.144531 0.249512 2.982910
vn 0.613770 1.122803 3.543213
vn 0.144531 0.249512 2.982910
vn 0.822266 0.956787 3.532715
vn 0.613770 1.122803 3.543213
vn 0.144531 0.249512 2.982910
vn 0.183350 0.201416 2.984619
vn 0.822266 0.956787 3.532715
vn 0.183350 0.201416 2.984619
vn 0.996826 0.713379 3.536133
vn 0.822266 0.956787 3.532715
vn 0.183350 0.201416 2.984619
vn 0.208496 0.138672 2.987061
vn 0.996826 0.713379 3.536133
vn 0.208496 0.138672 2.987061
vn 1.112793 0.386963 3.557129
vn 0.996826 0.713379 3.536133
vn 0.208496 0.138672 2.987061
vn 0.218506 0.065918 2.989258
vn 1.112793 0.386963 3.557129
vn 0.218506 0.065918 2.989258
vn 1.068359 -0.291992 3.614014
vn 1.112793 0.386963 3.557129
vn 0.218506 0.065918 2.989258
vn 0.202637 -0.053711 2.990967
vn 1.068359 -0.291992 3.614014
vn 1.068359 -0.291992 3.614014
vn 0.862793 -0.505127 -0.005127
vn 0.987793 -0.154785 -0.006348
vn 1.068359 -0.291992 3.614014
vn 1.023193 -0.417969 3.622559
vn 0.862793 -0.505127 -0.005127
vn 1.023193 -0.417969 3.622559
vn 0.636719 -0.770752 -0.002441
vn 0.862793 -0.505127 -0.005127
vn 1.023193 -0.417969 3.622559
vn 0.808105 -0.766602 3.636230
vn 0.636719 -0.770752 -0.002441
vn 0.808105 -0.766602 3.636230
vn 0.379395 -0.925049 0.000000
vn 0.636719 -0.770752 -0.002441
vn 0.808105 -0.766602 3.636230
vn 0.540283 -1.015381 3.631836
vn 0.379395 -0.925049 0.000000
vn 0.540283 -1.015381 3.631836
vn 0.135986 -0.990479 0.001953
vn 0.379395 -0.925049 0.000000
vn 0.540283 -1.015381 3.631836
vn 0.262939 -1.167725 3.615967
vn 0.135986 -0.990479 0.001953
vn 0.262939 -1.167725 3.615967
vn -0.082275 -0.996582 0.003906
vn 0.135986 -0.990479 0.001953
vn 0.262939 -1.167725 3.615967
vn -0.006104 -1.239746 3.595215
vn -0.082275 -0.996582 0.003906
vn -0.006104 -1.239746 3.595215
vn -0.279785 -0.959961 0.005615
vn -0.082275 -0.996582 0.003906
vn -0.006104 -1.239746 3.595215
vn -0.261475 -1.242188 3.572754
vn -0.279785 -0.959961 0.005615
vn -0.261475 -1.242188 3.572754
vn -0.463623 -0.885742 0.006348
vn -0.279785 -0.959961 0.005615
vn -0.261475 -1.242188 3.572754
vn -0.500977 -1.179199 3.552002
vn -0.463623 -0.885742 0.006348
vn -0.500977 -1.179199 3.552002
vn -0.638672 -0.769287 0.005371
vn -0.463623 -0.885742 0.006348
vn -0.500977 -1.179199 3.552002
vn -0.721436 -1.048828 3.536621
vn -0.638672 -0.769287 0.005371
vn -0.721436 -1.048828 3.536621
vn -0.802002 -0.596924 0.002197
vn -0.638672 -0.769287 0.005371
vn -0.721436 -1.048828 3.536621
vn -0.915039 -0.845459 3.532227
vn -0.802002 -0.596924 0.002197
vn -0.915039 -0.845459 3.532227
vn -0.936279 -0.351074 -0.002197
vn -0.802002 -0.596924 0.002197
vn -0.915039 -0.845459 3.532227
vn -1.064209 -0.560547 3.544434
vn -0.936279 -0.351074 -0.002197
vn -1.064209 -0.560547 3.544434
vn -0.999512 -0.026611 -0.005859
vn -0.936279 -0.351074 -0.002197
vn -1.064209 -0.560547 3.544434
vn -1.136719 -0.195557 3.573486
vn -0.999512 -0.026611 -0.005859
vn -1.136719 -0.195557 3.573486
vn -0.941650 0.335938 -0.006104
vn -0.999512 -0.026611 -0.005859
vn -1.136719 -0.195557 3.573486
vn -1.093018 0.216309 3.608643
vn -0.941650 0.335938 -0.006104
vn -1.093018 0.216309 3.608643
vn -0.758057 0.651855 -0.003906
vn -0.941650 0.335938 -0.006104
vn -1.093018 0.216309 3.608643
vn -0.925781 0.603516 3.632080
vn -0.758057 0.651855 -0.003906
vn -0.925781 0.603516 3.632080
vn -0.508301 0.861084 -0.001221
vn -0.758057 0.651855 -0.003906
vn -0.925781 0.603516 3.632080
vn -0.677490 0.903809 3.635742
vn -0.508301 0.861084 -0.001221
vn -0.677490 0.903809 3.635742
vn -0.254639 0.966797 0.000732
vn -0.508301 0.861084 -0.001221
vn -0.677490 0.903809 3.635742
vn -0.401367 1.102539 3.624756
vn -0.254639 0.966797 0.000732
vn -0.401367 1.102539 3.624756
vn -0.023682 0.999512 0.002930
vn -0.254639 0.966797 0.000732
vn -0.401367 1.102539 3.624756
vn -0.126709 1.213135 3.605957
vn -0.023682 0.999512 0.002930
vn -0.126709 1.213135 3.605957
vn 0.183350 0.982910 0.004883
vn -0.023682 0.999512 0.002930
vn -0.126709 1.213135 3.605957
vn 0.135498 1.249268 3.583984
vn 0.183350 0.982910 0.004883
vn 0.135498 1.249268 3.583984
vn 0.373047 0.927490 0.006104
vn 0.183350 0.982910 0.004883
vn 0.135498 1.249268 3.583984
vn 0.383301 1.218994 3.561768
vn 0.373047 0.927490 0.006104
vn 0.383301 1.218994 3.561768
vn 0.552246 0.833496 0.006104
vn 0.373047 0.927490 0.006104
vn 0.383301 1.218994 3.561768
vn 0.613770 1.122803 3.543213
vn 0.552246 0.833496 0.006104
vn 0.613770 1.122803 3.543213
vn 0.722412 0.691162 0.003906
vn 0.552246 0.833496 0.006104
vn 0.613770 1.122803 3.543213
vn 0.822266 0.956787 3.532715
vn 0.722412 0.691162 0.003906
vn 0.822266 0.956787 3.532715
vn 0.874756 0.484131 0.000000
vn 0.722412 0.691162 0.003906
vn 0.822266 0.956787 3.532715
vn 0.996826 0.713379 3.536133
vn 0.874756 0.484131 0.000000
vn 0.996826 0.713379 3.536133
vn 0.980225 0.197510 -0.004150
vn 0.874756 0.484131 0.000000
vn 0.996826 0.713379 3.536133
vn 1.112793 0.386963 3.557129
vn 0.980225 0.197510 -0.004150
vn 1.112793 0.386963 3.557129
vn 0.987793 -0.154785 -0.006348
vn 0.980225 0.197510 -0.004150
vn 1.112793 0.386963 3.557129
vn 1.068359 -0.291992 3.614014
vn 0.987793 -0.154785 -0.006348
vn 0.987793 -0.154785 -0.006348
vn 2.127930 -1.065430 -2.916260
vn 2.414062 -0.256104 -2.852051
vn 0.987793 -0.154785 -0.006348
vn 0.862793 -0.505127 -0.005127
vn 2.127930 -1.065430 -2.916260
vn 0.862793 -0.505127 -0.005127
vn 1.611328 -1.736572 -2.944336
vn 2.127930 -1.065430 -2.916260
vn 0.862793 -0.505127 -0.005127
vn 0.636719 -0.770752 -0.002441
vn 1.611328 -1.736572 -2.944336
vn 0.636719 -0.770752 -0.002441
vn 1.015381 -2.166504 -2.937988
vn 1.611328 -1.736572 -2.944336
vn 0.636719 -0.770752 -0.002441
vn 0.379395 -0.925049 0.000000
vn 1.015381 -2.166504 -2.937988
vn 0.379395 -0.925049 0.000000
vn 0.433838 -2.394043 -2.910400
vn 1.015381 -2.166504 -2.937988
vn 0.379395 -0.925049 0.000000
vn 0.135986 -0.990479 0.001953
vn 0.433838 -2.394043 -2.910400
vn 0.135986 -0.990479 0.001953
vn -0.106201 -2.476562 -2.869873
vn 0.433838 -2.394043 -2.910400
vn 0.135986 -0.990479 0.001953
vn -0.082275 -0.996582 0.003906
vn -0.106201 -2.476562 -2.869873
vn -0.082275 -0.996582 0.003906
vn -0.611572 -2.447754 -2.822021
vn -0.106201 -2.476562 -2.869873
vn -0.082275 -0.996582 0.003906
vn -0.279785 -0.959961 0.005615
vn -0.611572 -2.447754 -2.822021
vn -0.279785 -0.959961 0.005615
vn -1.094482 -2.314209 -2.772949
vn -0.611572 -2.447754 -2.822021
vn -0.279785 -0.959961 0.005615
vn -0.463623 -0.885742 0.006348
vn -1.094482 -2.314209 -2.772949
vn -0.463623 -0.885742 0.006348
vn -1.558838 -2.057129 -2.734131
vn -1.094482 -2.314209 -2.772949
vn -0.463623 -0.885742 0.006348
vn -0.638672 -0.769287 0.005371
vn -1.558838 -2.057129 -2.734131
vn -0.638672 -0.769287 0.005371
vn -1.986328 -1.640869 -2.721191
vn -1.558838 -2.057129 -2.734131
vn -0.638672 -0.769287 0.005371
vn -0.802002 -0.596924 0.002197
vn -1.986328 -1.640869 -2.721191
vn -0.802002 -0.596924 0.002197
vn -2.320068 -1.028320 -2.748291
vn -1.986328 -1.640869 -2.721191
vn -0.802002 -0.596924 0.002197
vn -0.936279 -0.351074 -0.002197
vn -2.320068 -1.028320 -2.748291
vn -0.936279 -0.351074 -0.002197
vn -2.459229 -0.227051 -2.813232
vn -2.320068 -1.028320 -2.748291
vn -0.936279 -0.351074 -0.002197
vn -0.999512 -0.026611 -0.005859
vn -2.459229 -0.227051 -2.813232
vn -0.999512 -0.026611 -0.005859
vn -2.311279 0.653320 -2.887451
vn -2.459229 -0.227051 -2.813232
vn -0.999512 -0.026611 -0.005859
vn -0.941650 0.335938 -0.006104
vn -2.311279 0.653320 -2.887451
vn -0.941650 0.335938 -0.006104
vn -1.888184 1.430664 -2.935059
vn -2.311279 0.653320 -2.887451
vn -0.941650 0.335938 -0.006104
vn -0.758057 0.651855 -0.003906
vn -1.888184 1.430664 -2.935059
vn -0.758057 0.651855 -0.003906
vn -1.315674 1.980469 -2.944580
vn -1.888184 1.430664 -2.935059
vn -0.758057 0.651855 -0.003906
vn -0.508301 0.861084 -0.001221
vn -1.315674 1.980469 -2.944580
vn -0.508301 0.861084 -0.001221
vn -0.719971 2.301758 -2.926270
vn -1.315674 1.980469 -2.944580
vn -0.508301 0.861084 -0.001221
vn -0.254639 0.966797 0.000732
vn -0.719971 2.301758 -2.926270
vn -0.254639 0.966797 0.000732
vn -0.158447 2.450684 -2.891357
vn -0.719971 2.301758 -2.926270
vn -0.254639 0.966797 0.000732
vn -0.023682 0.999512 0.002930
vn -0.158447 2.450684 -2.891357
vn -0.023682 0.999512 0.002930
vn 0.362305 2.475098 -2.846436
vn -0.158447 2.450684 -2.891357
vn -0.023682 0.999512 0.002930
vn 0.183350 0.982910 0.004883
vn 0.362305 2.475098 -2.846436
vn 0.183350 0.982910 0.004883
vn 0.855225 2.394775 -2.797119
vn 0.362305 2.475098 -2.846436
vn 0.183350 0.982910 0.004883
vn 0.373047 0.927490 0.006104
vn 0.855225 2.394775 -2.797119
vn 0.373047 0.927490 0.006104
vn 1.329346 2.202881 -2.751465
vn 0.855225 2.394775 -2.797119
vn 0.373047 0.927490 0.006104
vn 0.552246 0.833496 0.006104
vn 1.329346 2.202881 -2.751465
vn 0.552246 0.833496 0.006104
vn 1.779541 1.871582 -2.723389
vn 1.329346 2.202881 -2.751465
vn 0.552246 0.833496 0.006104
vn 0.722412 0.691162 0.003906
vn 1.779541 1.871582 -2.723389
vn 0.722412 0.691162 0.003906
vn 2.170166 1.360352 -2.729248
vn 1.779541 1.871582 -2.723389
vn 0.722412 0.691162 0.003906
vn 0.874756 0.484131 0.000000
vn 2.170166 1.360352 -2.729248
vn 0.874756 0.484131 0.000000
vn 2.421143 0.647217 -2.777344
vn 2.170166 1.360352 -2.729248
vn 0.874756 0.484131 0.000000
vn 0.980225 0.197510 -0.004150
vn 2.421143 0.647217 -2.777344
vn 0.980225 0.197510 -0.004150
vn 2.414062 -0.256104 -2.852051
vn 2.421143 0.647217 -2.777344
vn 0.980225 0.197510 -0.004150
vn 0.987793 -0.154785 -0.006348
vn 2.414062 -0.256104 -2.852051
vn 2.414062 -0.256104 -2.852051
vn 0.349121 -0.172119 -3.978516
vn 0.386230 -0.048096 -3.978516
vn 2.414062 -0.256104 -2.852051
vn 2.127930 -1.065430 -2.916260
vn 0.349121 -0.172119 -3.978516
vn 2.127930 -1.065430 -2.916260
vn 0.281982 -0.302246 -3.975830
vn 0.349121 -0.172119 -3.978516
vn 2.127930 -1.065430 -2.916260
vn 1.611328 -1.736572 -2.944336
vn 0.281982 -0.302246 -3.975830
vn 1.611328 -1.736572 -2.944336
vn 0.193115 -0.410645 -3.971191
vn 0.281982 -0.302246 -3.975830
vn 1.611328 -1.736572 -2.944336
vn 1.015381 -2.166504 -2.937988
vn 0.193115 -0.410645 -3.971191
vn 1.015381 -2.166504 -2.937988
vn 0.089355 -0.488770 -3.965576
vn 0.193115 -0.410645 -3.971191
vn 1.015381 -2.166504 -2.937988
vn 0.433838 -2.394043 -2.910400
vn 0.089355 -0.488770 -3.965576
vn 0.433838 -2.394043 -2.910400
vn -0.021240 -0.529785 -3.960938
vn 0.089355 -0.488770 -3.965576
vn 0.433838 -2.394043 -2.910400
vn -0.106201 -2.476562 -2.869873
vn -0.021240 -0.529785 -3.960938
vn -0.106201 -2.476562 -2.869873
vn -0.130371 -0.530518 -3.958740
vn -0.021240 -0.529785 -3.960938
vn -0.106201 -2.476562 -2.869873
vn -0.611572 -2.447754 -2.822021
vn -0.130371 -0.530518 -3.958740
vn -0.611572 -2.447754 -2.822021
vn -0.229248 -0.491455 -3.959473
vn -0.130371 -0.530518 -3.958740
vn -0.611572 -2.447754 -2.822021
vn -1.094482 -2.314209 -2.772949
vn -0.229248 -0.491455 -3.959473
vn -1.094482 -2.314209 -2.772949
vn -0.310303 -0.416016 -3.962891
vn -0.229248 -0.491455 -3.959473
vn -1.094482 -2.314209 -2.772949
vn -1.558838 -2.057129 -2.734131
vn -0.310303 -0.416016 -3.962891
vn -1.558838 -2.057129 -2.734131
vn -0.368164 -0.310547 -3.968018
vn -0.310303 -0.416016 -3.962891
vn -1.558838 -2.057129 -2.734131
vn -1.986328 -1.640869 -2.721191
vn -0.368164 -0.310547 -3.968018
vn -1.986328 -1.640869 -2.721191
vn -0.398926 -0.182861 -3.973145
vn -0.368164 -0.310547 -3.968018
vn -1.986328 -1.640869 -2.721191
vn -2.320068 -1.028320 -2.748291
vn -0.398926 -0.182861 -3.973145
vn -2.320068 -1.028320 -2.748291
vn -0.400635 -0.041992 -3.977295
vn -0.398926 -0.182861 -3.973145
vn -2.320068 -1.028320 -2.748291
vn -2.459229 -0.227051 -2.813232
vn -0.400635 -0.041992 -3.977295
vn -2.459229 -0.227051 -2.813232
vn -0.373291 0.102051 -3.979004
vn -0.400635 -0.041992 -3.977295
vn -2.459229 -0.227051 -2.813232
vn -2.311279 0.653320 -2.887451
vn -0.373291 0.102051 -3.979004
vn -2.311279 0.653320 -2.887451
vn -0.318604 0.239258 -3.977539
vn -0.373291 0.102051 -3.979004
vn -2.311279 0.653320 -2.887451
vn -1.888184 1.430664 -2.935059
vn -0.318604 0.239258 -3.977539
vn -1.888184 1.430664 -2.935059
vn -0.239746 0.359863 -3.973633
vn -0.318604 0.239258 -3.977539
vn -1.888184 1.430664 -2.935059
vn -1.315674 1.980469 -2.944580
vn -0.239746 0.359863 -3.973633
vn -1.315674 1.980469 -2.944580
vn -0.142578 0.453857 -3.968506
vn -0.239746 0.359863 -3.973633
vn -1.315674 1.980469 -2.944580
vn -0.719971 2.301758 -2.926270
vn -0.142578 0.453857 -3.968506
vn -0.719971 2.301758 -2.926270
vn -0.034180 0.514160 -3.963135
vn -0.142578 0.453857 -3.968506
vn -0.719971 2.301758 -2.926270
vn -0.158447 2.450684 -2.891357
vn -0.034180 0.514160 -3.963135
vn -0.158447 2.450684 -2.891357
vn 0.076660 0.535400 -3.959473
vn -0.034180 0.514160 -3.963135
vn -0.158447 2.450684 -2.891357
vn 0.362305 2.475098 -2.846436
vn 0.076660 0.535400 -3.959473
vn 0.362305 2.475098 -2.846436
vn 0.181641 0.515869 -3.958740
vn 0.076660 0.535400 -3.959473
vn 0.362305 2.475098 -2.846436
vn 0.855225 2.394775 -2.797119
vn 0.181641 0.515869 -3.958740
vn 0.855225 2.394775 -2.797119
vn 0.272461 0.458008 -3.960938
vn 0.181641 0.515869 -3.958740
vn 0.855225 2.394775 -2.797119
vn 1.329346 2.202881 -2.751465
vn 0.272461 0.458008 -3.960938
vn 1.329346 2.202881 -2.751465
vn 0.342529 0.366699 -3.965332
vn 0.272461 0.458008 -3.960938
vn 1.329346 2.202881 -2.751465
vn 1.779541 1.871582 -2.723389
vn 0.342529 0.366699 -3.965332
vn 1.779541 1.871582 -2.723389
vn 0.386963 0.248779 -3.970703
vn 0.342529 0.366699 -3.965332
vn 1.779541 1.871582 -2.723389
vn 2.170166 1.360352 -2.729248
vn 0.386963 0.248779 -3.970703
vn 2.170166 1.360352 -2.729248
vn 0.403320 0.113281 -3.975586
vn 0.386963 0.248779 -3.970703
vn 2.170166 1.360352 -2.729248
vn 2.421143 0.647217 -2.777344
vn 0.403320 0.113281 -3.975586
vn 2.421143 0.647217 -2.777344
vn 0.386230 -0.048096 -3.978516
vn 0.403320 0.113281 -3.975586
vn 2.421143 0.647217 -2.777344
vn 2.414062 -0.256104 -2.852051
vn 0.386230 -0.048096 -3.978516
vn 0.000000 0.000000 -1.000000
vn 0.386230 -0.048096 -3.978516
vn 0.349121 -0.172119 -3.978516
vn 0.000000 0.000000 -1.000000
vn 0.349121 -0.172119 -3.978516
vn 0.281982 -0.302246 -3.975830
vn 0.000000 0.000000 -1.000000
vn 0.281982 -0.302246 -3.975830
vn 0.193115 -0.410645 -3.971191
vn 0.000000 0.000000 -1.000000
vn 0.193115 -0.410645 -3.971191
vn 0.089355 -0.488770 -3.965576
vn 0.000000 0.000000 -1.000000
vn 0.089355 -0.488770 -3.965576
vn -0.021240 -0.529785 -3.960938
vn 0.000000 0.000000 -1.000000
vn -0.021240 -0.529785 -3.960938
vn -0.130371 -0.530518 -3.958740
vn 0.000000 0.000000 -1.000000
vn -0.130371 -0.530518 -3.958740
vn -0.229248 -0.491455 -3.959473
vn 0.000000 0.000000 -1.000000
vn -0.229248 -0.491455 -3.959473
vn -0.310303 -0.416016 -3.962891
vn 0.000000 0.000000 -1.000000
vn -0.310303 -0.416016 -3.962891
vn -0.368164 -0.310547 -3.968018
vn 0.000000 0.000000 -1.000000
vn -0.368164 -0.310547 -3.968018
vn -0.398926 -0.182861 -3.973145
vn 0.000000 0.000000 -1.000000
vn -0.398926 -0.182861 -3.973145
vn -0.400635 -0.041992 -3.977295
vn 0.000000 0.000000 -1.000000
vn -0.400635 -0.041992 -3.977295
vn -0.373291 0.102051 -3.979004
vn 0.000000 0.000000 -1.000000
vn -0.373291 0.102051 -3.979004
vn -0.318604 0.239258 -3.977539
vn 0.000000 0.000000 -1.000000
vn -0.318604 0.239258 -3.977539
vn -0.239746 0.359863 -3.973633
vn 0.000000 0.000000 -1.000000
vn -0.239746 0.359863 -3.973633
vn -0.142578 0.453857 -3.968506
vn 0.000000 0.000000 -1.000000
vn -0.142578 0.453857 -3.968506
vn -0.034180 0.514160 -3.963135
vn 0.000000 0.000000 -1.000000
vn -0.034180 0.514160 -3.963135
vn 0.076660 0.535400 -3.959473
vn 0.000000 0.000000 -1.000000
vn 0.076660 0.535400 -3.959473
vn 0.181641 0.515869 -3.958740
vn 0.000000 0.000000 -1.000000
vn 0.181641 0.515869 -3.958740
vn 0.272461 0.458008 -3.960938
vn 0.000000 0.000000 -1.000000
vn 0.272461 0.458008 -3.960938
vn 0.342529 0.366699 -3.965332
vn 0.000000 0.000000 -1.000000
vn 0.342529 0.366699 -3.965332
vn 0.386963 0.248779 -3.970703
vn 0.000000 0.000000 -1.000000
vn 0.386963 0.248779 -3.970703
vn 0.403320 0.113281 -3.975586
vn 0.000000 0.000000 -1.000000
vn 0.403320 0.113281 -3.975586
vn 0.386230 -0.048096 -3.978516
vn 0.000000 0.000000 -1.000000
vn 0.000000 0.000000 -1.000000
vn 0.000000 0.000000 -1.000000
vn 0.000000 0.000000 -1.000000
vn 0.000000 0.000000 -1.000000
vn 0.000000 0.000000 -1.000000
usemtl Texture
f 1/1/1 2/2/2 3/3/3
f 4/4/4 5/5/5 6/6/6
f 7/7/7 8/8/8 9/9/9
f 10/10/10 11/11/11 12/12/12
f 13/13/13 14/14/14 15/15/15
f 16/16/16 17/17/17 18/18/18
f 19/19/19 20/20/20 21/21/21
f 22/22/22 23/23/23 24/24/24
f 25/25/25 26/26/26 27/27/27
f 28/28/28 29/29/29 30/30/30
f 31/31/31 32/32/32 33/33/33
f 34/34/34 35/35/35 36/36/36
f 37/37/37 38/38/38 39/39/39
f 40/40/40 41/41/41 42/42/42
f 43/43/43 44/44/44 45/45/45
f 46/46/46 47/47/47 48/48/48
f 49/49/49 50/50/50 51/51/51
f 52/52/52 53/53/53 54/54/54
f 55/55/55 56/56/56 57/57/57
f 58/58/58 59/59/59 60/60/60
f 61/61/61 62/62/62 63/63/63
f 64/64/64 65/65/65 66/66/66
f 67/67/67 68/68/68 69/69/69
f 70/70/70 71/71/71 72/72/72
f 73/73/73 74/74/74 75/75/75
f 76/76/76 77/77/77 78/78/78
f 79/79/79 80/80/80 81/81/81
f 82/82/82 83/83/83 84/84/84
f 85/85/85 86/86/86 87/87/87
f 88/88/88 89/89/89 90/90/90
f 91/91/91 92/92/92 93/93/93
f 94/94/94 95/95/95 96/96/96
f 97/97/97 98/98/98 99/99/99
f 100/100/100 101/101/101 102/102/102
f 103/103/103 104/104/104 105/105/105
f 106/106/106 107/107/107 108/108/108
f 109/109/109 110/110/110 111/111/111
f 112/112/112 113/113/113 114/114/114
f 115/115/115 116/116/116 117/117/117
f 118/118/118 119/119/119 120/120/120
f 121/121/121 122/122/122 123/123/123
f 124/124/124 125/125/125 126/126/126
f 127/127/127 128/128/128 129/129/129
f 130/130/130 131/131/131 132/132/132
f 133/133/133 134/134/134 135/135/135
f 136/136/136 137/137/137 138/138/138
f 139/139/139 140/140/140 141/141/141
f 142/142/142 143/143/143 144/144/144
f 145/145/145 146/146/146 147/147/147
f 148/148/148 149/149/149 150/150/150
f 151/151/151 152/152/152 153/153/153
f 154/154/154 155/155/155 156/156/156
f 157/157/157 158/158/158 159/159/159
f 160/160/160 161/161/161 162/162/162
f 163/163/163 164/164/164 165/165/165
f 166/166/166 167/167/167 168/168/168
f 169/169/169 170/170/170 171/171/171
f 172/172/172 173/173/173 174/174/174
f 175/175/175 176/176/176 177/177/177
f 178/178/178 179/179/179 180/180/180
f 181/181/181 182/182/182 183/183/183
f 184/184/184 185/185/185 186/186/186
f 187/187/187 188/188/188 189/189/189
f 190/190/190 191/191/191 192/192/192
f 193/193/193 194/194/194 195/195/195
f 196/196/196 197/197/197 198/198/198
f 199/199/199 200/200/200 201/201/201
f 202/202/202 203/203/203 204/204/204
f 205/205/205 206/206/206 207/207/207
f 208/208/208 209/209/209 210/210/210
f 211/211/211 212/212/212 213/213/213
f 214/214/214 215/215/215 216/216/216
f 217/217/217 218/218/218 219/219/219
f 220/220/220 221/221/221 222/222/222
f 223/223/223 224/224/224 225/225/225
f 226/226/226 227/227/227 228/228/228
f 229/229/229 230/230/230 231/231/231
f 232/232/232 233/233/233 234/234/234
f 235/235/235 236/236/236 237/237/237
f 238/238/238 239/239/239 240/240/240
f 241/241/241 242/242/242 243/243/243
f 244/244/244 245/245/245 246/246/246
f 247/247/247 248/248/248 249/249/249
f 250/250/250 251/251/251 252/252/252
f 253/253/253 254/254/254 255/255/255
f 256/256/256 257/257/257 258/258/258
f 259/259/259 260/260/260 261/261/261
f 262/262/262 263/263/263 264/264/264
f 265/265/265 266/266/266 267/267/267
f 268/268/268 269/269/269 270/270/270
f 271/271/271 272/272/272 273/273/273
f 274/274/274 275/275/275 276/276/276
f 277/277/277 278/278/278 279/279/279
f 280/280/280 281/281/281 282/282/282
f 283/283/283 284/284/284 285/285/285
f 286/286/286 287/287/287 288/288/288
f 289/289/289 290/290/290 291/291/291
f 292/292/292 293/293/293 294/294/294
f 295/295/295 296/296/296 297/297/297
f 298/298/298 299/299/299 300/300/300
f 301/301/301 302/302/302 303/303/303
f 304/304/304 305/305/305 306/306/306
f 307/307/307 308/308/308 309/309/309
f 310/310/310 311/311/311 312/312/312
f 313/313/313 314/314/314 315/315/315
f 316/316/316 317/317/317 318/318/318
f 319/319/319 320/320/320 321/321/321
f 322/322/322 323/323/323 324/324/324
f 325/325/325 326/326/326 327/327/327
f 328/328/328 329/329/329 330/330/330
f 331/331/331 332/332/332 333/333/333
f 334/334/334 335/335/335 336/336/336
f 337/337/337 338/338/338 339/339/339
f 340/340/340 341/341/341 342/342/342
f 343/343/343 344/344/344 345/345/345
f 346/346/346 347/347/347 348/348/348
f 349/349/349 350/350/350 351/351/351
f 352/352/352 353/353/353 354/354/354
f 355/355/355 356/356/356 357/357/357
f 358/358/358 359/359/359 360/360/360
f 361/361/361 362/362/362 363/363/363
f 364/364/364 365/365/365 366/366/366
f 367/367/367 368/368/368 369/369/369
f 370/370/370 371/371/371 372/372/372
f 373/373/373 374/374/374 375/375/375
f 376/376/376 377/377/377 378/378/378
f 379/379/379 380/380/380 381/381/381
f 382/382/382 383/383/383 384/384/384
f 385/385/385 386/386/386 387/387/387
f 388/388/388 389/389/389 390/390/390
f 391/391/391 392/392/392 393/393/393
f 394/394/394 395/395/395 396/396/396
f 397/397/397 398/398/398 399/399/399
f 400/400/400 401/401/401 402/402/402
f 403/403/403 404/404/404 405/405/405
f 406/406/406 407/407/407 408/408/408
f 409/409/409 410/410/410 411/411/411
f 412/412/412 413/413/413 414/414/414
f 415/415/415 416/416/416 417/417/417
f 418/418/418 419/419/419 420/420/420
f 421/421/421 422/422/422 423/423/423
f 424/424/424 425/425/425 426/426/426
f 427/427/427 428/428/428 429/429/429
f 430/430/430 431/431/431 432/432/432
f 433/433/433 434/434/434 435/435/435
f 436/436/436 437/437/437 438/438/438
f 439/439/439 440/440/440 441/441/441
f 442/442/442 443/443/443 444/444/444
f 445/445/445 446/446/446 447/447/447
f 448/448/448 449/449/449 450/450/450
f 451/451/451 452/452/452 453/453/453
f 454/454/454 455/455/455 456/456/456
f 457/457/457 458/458/458 459/459/459
f 460/460/460 461/461/461 462/462/462
f 463/463/463 464/464/464 465/465/465
f 466/466/466 467/467/467 468/468/468
f 469/469/469 470/470/470 471/471/471
f 472/472/472 473/473/473 474/474/474
f 475/475/475 476/476/476 477/477/477
f 478/478/478 479/479/479 480/480/480
f 481/481/481 482/482/482 483/483/483
f 484/484/484 485/485/485 486/486/486
f 487/487/487 488/488/488 489/489/489
f 490/490/490 491/491/491 492/492/492
f 493/493/493 494/494/494 495/495/495
f 496/496/496 497/497/497 498/498/498
f 499/499/499 500/500/500 501/501/501
f 502/502/502 503/503/503 504/504/504
f 505/505/505 506/506/506 507/507/507
f 508/508/508 509/509/509 510/510/510
f 511/511/511 512/512/512 513/513/513
f 514/514/514 515/515/515 516/516/516
f 517/517/517 518/518/518 519/519/519
f 520/520/520 521/521/521 522/522/522
f 523/523/523 524/524/524 525/525/525
f 526/526/526 527/527/527 528/528/528
f 529/529/529 530/530/530 531/531/531
f 532/532/532 533/533/533 534/534/534
f 535/535/535 536/536/536 537/537/537
f 538/538/538 539/539/539 540/540/540
f 541/541/541 542/542/542 543/543/543
f 544/544/544 545/545/545 546/546/546
f 547/547/547 548/548/548 549/549/549
f 550/550/550 551/551/551 552/552/552
f 553/553/553 554/554/554 555/555/555
f 556/556/556 557/557/557 558/558/558
f 559/559/559 560/560/560 561/561/561
f 562/562/562 563/563/563 564/564/564
f 565/565/565 566/566/566 567/567/567
f 568/568/568 569/569/569 570/570/570
f 571/571/571 572/572/572 573/573/573
f 574/574/574 575/575/575 576/576/576
f 577/577/577 578/578/578 579/579/579
f 580/580/580 581/581/581 582/582/582
f 583/583/583 584/584/584 585/585/585
f 586/586/586 587/587/587 588/588/588
f 589/589/589 590/590/590 591/591/591
f 592/592/592 593/593/593 594/594/594
f 595/595/595 596/596/596 597/597/597
f 598/598/598 599/599/599 600/600/600
f 601/601/601 602/602/602 603/603/603
f 604/604/604 605/605/605 606/606/606
f 607/607/607 608/608/608 609/609/609
f 610/610/610 611/611/611 612/612/612
f 613/613/613 614/614/614 615/615/615
f 616/616/616 617/617/617 618/618/618
f 619/619/619 620/620/620 621/621/621
f 622/622/622 623/623/623 624/624/624
f 625/625/625 626/626/626 627/627/627
f 628/628/628 629/629/629 630/630/630
f 631/631/631 632/632/632 633/633/633
f 634/634/634 635/635/635 636/636/636
f 637/637/637 638/638/638 639/639/639
f 640/640/640 641/641/641 642/642/642
f 643/643/643 644/644/644 645/645/645
f 646/646/646 647/647/647 648/648/648
f 649/649/649 650/650/650 651/651/651
f 652/652/652 653/653/653 654/654/654
f 655/655/655 656/656/656 657/657/657
f 658/658/658 659/659/659 660/660/660
f 661/661/661 662/662/662 663/663/663
f 664/664/664 665/665/665 666/666/666
f 667/667/667 668/668/668 669/669/669
f 670/670/670 671/671/671 672/672/672
f 673/673/673 674/674/674 675/675/675
f 676/676/676 677/677/677 678/678/678
f 679/679/679 680/680/680 681/681/681
f 682/682/682 683/683/683 684/684/684
f 685/685/685 686/686/686 687/687/687
f 688/688/688 689/689/689 690/690/690
f 691/691/691 692/692/692 693/693/693
f 694/694/694 695/695/695 696/696/696
f 697/697/697 698/698/698 699/699/699
f 700/700/700 701/701/701 702/702/702
f 703/703/703 704/704/704 705/705/705
f 706/706/706 707/707/707 708/708/708
f 709/709/709 710/710/710 711/711/711
f 712/712/712 713/713/713 714/714/714
f 715/715/715 716/716/716 717/717/717
f 718/718/718 719/719/719 720/720/720
f 721/721/721 722/722/722 723/723/723
f 724/724/724 725/725/725 726/726/726
f 727/727/727 728/728/728 729/729/729
f 730/730/730 731/731/731 732/732/732
f 733/733/733 734/734/734 735/735/735
f 736/736/736 737/737/737 738/738/738
f 739/739/739 740/740/740 741/741/741
f 742/742/742 743/743/743 744/744/744
f 745/745/745 746/746/746 747/747/747
f 748/748/748 749/749/749 750/750/750
f 751/751/751 752/752/752 753/753/753
f 754/754/754 755/755/755 756/756/756
f 757/757/757 758/758/758 759/759/759
f 760/760/760 761/761/761 762/762/762
f 763/763/763 764/764/764 765/765/765
f 766/766/766 767/767/767 768/768/768
f 769/769/769 770/770/770 771/771/771
f 772/772/772 773/773/773 774/774/774
f 775/775/775 776/776/776 777/777/777
f 778/778/778 779/779/779 780/780/780
f 781/781/781 782/782/782 783/783/783
f 784/784/784 785/785/785 786/786/786
f 787/787/787 788/788/788 789/789/789
f 790/790/790 791/791/791 792/792/792
f 793/793/793 794/794/794 795/795/795
f 796/796/796 797/797/797 798/798/798
f 799/799/799 800/800/800 801/801/801
f 802/802/802 803/803/803 804/804/804
f 805/805/805 806/806/806 807/807/807
f 808/808/808 809/809/809 810/810/810
f 811/811/811 812/812/812 813/813/813
f 814/814/814 815/815/815 816/816/816
f 817/817/817 818/818/818 819/819/819
f 820/820/820 821/821/821 822/822/822
f 823/823/823 824/824/824 825/825/825
f 826/826/826 827/827/827 828/828/828
f 829/829/829 830/830/830 831/831/831
f 832/832/832 833/833/833 834/834/834
f 835/835/835 836/836/836 837/837/837
f 838/838/838 839/839/839 840/840/840
f 841/841/841 842/842/842 843/843/843
f 844/844/844 845/845/845 846/846/846
f 847/847/847 848/848/848 849/849/849
f 850/850/850 851/851/851 852/852/852
f 853/853/853 854/854/854 855/855/855
f 856/856/856 857/857/857 858/858/858
f 859/859/859 860/860/860 861/861/861
f 862/862/862 863/863/863 864/864/864
f 865/865/865 866/866/866 867/867/867
f 868/868/868 869/869/869 870/870/870
f 871/871/871 872/872/872 873/873/873
f 874/874/874 875/875/875 876/876/876
f 877/877/877 878/878/878 879/879/879
f 880/880/880 881/881/881 882/882/882
f 883/883/883 884/884/884 885/885/885
f 886/886/886 887/887/887 888/888/888
f 889/889/889 890/890/890 891/891/891
f 892/892/892 893/893/893 894/894/894
f 895/895/895 896/896/896 897/897/897
f 898/898/898 899/899/899 900/900/900
f 901/901/901 902/902/902 903/903/903
f 904/904/904 905/905/905 906/906/906
f 907/907/907 908/908/908 909/909/909
f 910/910/910 911/911/911 912/912/912
f 913/913/913 914/914/914 915/915/915
f 916/916/916 917/917/917 918/918/918
f 919/919/919 920/920/920 921/921/921
f 922/922/922 923/923/923 924/924/924
f 925/925/925 926/926/926 927/927/927
f 928/928/928 929/929/929 930/930/930
f 931/931/931 932/932/932 933/933/933
f 934/934/934 935/935/935 936/936/936
f 937/937/937 938/938/938 939/939/939
f 940/940/940 941/941/941 942/942/942
f 943/943/943 944/944/944 945/945/945
f 946/946/946 947/947/947 948/948/948
f 949/949/949 950/950/950 951/951/951
f 952/952/952 953/953/953 954/954/954
f 955/955/955 956/956/956 957/957/957
f 958/958/958 959/959/959 960/960/960
f 961/961/961 962/962/962 963/963/963
f 964/964/964 965/965/965 966/966/966
f 967/967/967 968/968/968 969/969/969
f 970/970/970 971/971/971 972/972/972
f 973/973/973 974/974/974 975/975/975
f 976/976/976 977/977/977 978/978/978
f 979/979/979 980/980/980 981/981/981
f 982/982/982 983/983/983 984/984/984
f 985/985/985 986/986/986 987/987/987
f 988/988/988 989/989/989 990/990/990
f 991/991/991 992/992/992 993/993/993
f 994/994/994 995/995/995 996/996/996
f 997/997/997 998/998/998 999/999/999
f 1000/1000/1000 1001/1001/1001 1002/1002/1002
f 1003/1003/1003 1004/1004/1004 1005/1005/1005
f 1006/1006/1006 1007/1007/1007 1008/1008/1008
f 1009/1009/1009 1010/1010/1010 1011/1011/1011
f 1012/1012/1012 1013/1013/1013 1014/1014/1014
f 1015/1015/1015 1016/1016/1016 1017/1017/1017
f 1018/1018/1018 1019/1019/1019 1020/1020/1020
f 1021/1021/1021 1022/1022/1022 1023/1023/1023
f 1024/1024/1024 1025/1025/1025 1026/1026/1026
f 1027/1027/1027 1028/1028/1028 1029/1029/1029
f 1030/1030/1030 1031/1031/1031 1032/1032/1032
f 1033/1033/1033 1034/1034/1034 1035/1035/1035
f 1036/1036/1036 1037/1037/1037 1038/1038/1038
f 1039/1039/1039 1040/1040/1040 1041/1041/1041
f 1042/1042/1042 1043/1043/1043 1044/1044/1044
f 1045/1045/1045 1046/1046/1046 1047/1047/1047
f 1048/1048/1048 1049/1049/1049 1050/1050/1050
f 1051/1051/1051 1052/1052/1052 1053/1053/1053
f 1054/1054/1054 1055/1055/1055 1056/1056/1056
f 1057/1057/1057 1058/1058/1058 1059/1059/1059
f 1060/1060/1060 1061/1061/1061 1062/1062/1062
f 1063/1063/1063 1064/1064/1064 1065/1065/1065
f 1066/1066/1066 1067/1067/1067 1068/1068/1068
f 1069/1069/1069 1070/1070/1070 1071/1071/1071
f 1072/1072/1072 1073/1073/1073 1074/1074/1074
f 1075/1075/1075 1076/1076/1076 1077/1077/1077
f 1078/1078/1078 1079/1079/1079 1080/1080/1080
f 1081/1081/1081 1082/1082/1082 1083/1083/1083
f 1084/1084/1084 1085/1085/1085 1086/1086/1086
f 1087/1087/1087 1088/1088/1088 1089/1089/1089
f 1090/1090/1090 1091/1091/1091 1092/1092/1092
f 1093/1093/1093 1094/1094/1094 1095/1095/1095
f 1096/1096/1096 1097/1097/1097 1098/1098/1098
f 1099/1099/1099 1100/1100/1100 1101/1101/1101
f 1102/1102/1102 1103/1103/1103 1104/1104/1104
f 1105/1105/1105 1106/1106/1106 1107/1107/1107
f 1108/1108/1108 1109/1109/1109 1110/1110/1110
f 1111/1111/1111 1112/1112/1112 1113/1113/1113
f 1114/1114/1114 1115/1115/1115 1116/1116/1116
f 1117/1117/1117 1118/1118/1118 1119/1119/1119
f 1120/1120/1120 1121/1121/1121 1122/1122/1122
f 1123/1123/1123 1124/1124/1124 1125/1125/1125
f 1126/1126/1126 1127/1127/1127 1128/1128/1128
f 1129/1129/1129 1130/1130/1130 1131/1131/1131
f 1132/1132/1132 1133/1133/1133 1134/1134/1134
f 1135/1135/1135 1136/1136/1136 1137/1137/1137
f 1138/1138/1138 1139/1139/1139 1140/1140/1140
f 1141/1141/1141 1142/1142/1142 1143/1143/1143
f 1144/1144/1144 1145/1145/1145 1146/1146/1146
f 1147/1147/1147 1148/1148/1148 1149/1149/1149
f 1150/1150/1150 1151/1151/1151 1152/1152/1152
f 1153/1153/1153 1154/1154/1154 1155/1155/1155
f 1156/1156/1156 1157/1157/1157 1158/1158/1158
f 1159/1159/1159 1160/1160/1160 1161/1161/1161
f 1162/1162/1162 1163/1163/1163 1164/1164/1164
f 1165/1165/1165 1166/1166/1166 1167/1167/1167
f 1168/1168/1168 1169/1169/1169 1170/1170/1170
f 1171/1171/1171 1172/1172/1172 1173/1173/1173
f 1174/1174/1174 1175/1175/1175 1176/1176/1176
f 1177/1177/1177 1178/1178/1178 1179/1179/1179
f 1180/1180/1180 1181/1181/1181 1182/1182/1182
f 1183/1183/1183 1184/1184/1184 1185/1185/1185
f 1186/1186/1186 1187/1187/1187 1188/1188/1188
f 1189/1189/1189 1190/1190/1190 1191/1191/1191
f 1192/1192/1192 1193/1193/1193 1194/1194/1194
f 1195/1195/1195 1196/1196/1196 1197/1197/1197
f 1198/1198/1198 1199/1199/1199 1200/1200/1200
