# OBJ file
mtllib SAVE.ICO.mtl
v -0.271973 3.108154 0.387207 0.498039 0.498039 0.498039 #0.000000
v -0.289307 3.202637 0.416016 0.498039 0.498039 0.498039 #0.000000
v 0.000000 3.227051 0.423584 0.498039 0.498039 0.498039 #0.000000
v -0.271973 3.108154 0.387207 0.498039 0.498039 0.498039 #0.000000
v 0.000000 3.227051 0.423584 0.498039 0.498039 0.498039 #0.000000
v 0.000000 3.130859 0.394043 0.498039 0.498039 0.498039 #0.000000
v 0.271973 3.108154 0.387207 0.498039 0.498039 0.498039 #0.000000
v 0.000000 3.130859 0.394043 0.498039 0.498039 0.498039 #0.000000
v 0.000000 3.227051 0.423584 0.498039 0.498039 0.498039 #0.000000
v 0.271973 3.108154 0.387207 0.498039 0.498039 0.498039 #0.000000
v 0.000000 3.227051 0.423584 0.498039 0.498039 0.498039 #0.000000
v 0.289307 3.202637 0.416016 0.498039 0.498039 0.498039 #0.000000
v 0.535645 3.040527 0.366455 0.498039 0.498039 0.498039 #0.000000
v 0.271973 3.108154 0.387207 0.498039 0.498039 0.498039 #0.000000
v 0.289307 3.202637 0.416016 0.498039 0.498039 0.498039 #0.000000
v 0.535645 3.040527 0.366455 0.498039 0.498039 0.498039 #0.000000
v 0.289307 3.202637 0.416016 0.498039 0.498039 0.498039 #0.000000
v 0.570068 3.130859 0.394043 0.498039 0.498039 0.498039 #0.000000
v 0.783203 2.930176 0.332764 0.498039 0.498039 0.498039 #0.000000
v 0.535645 3.040527 0.366455 0.498039 0.498039 0.498039 #0.000000
v 0.570068 3.130859 0.394043 0.498039 0.498039 0.498039 #0.000000
v 0.783203 2.930176 0.332764 0.498039 0.498039 0.498039 #0.000000
v 0.570068 3.130859 0.394043 0.498039 0.498039 0.498039 #0.000000
v 0.833252 3.013428 0.358154 0.498039 0.498039 0.498039 #0.000000
v 1.006836 2.780518 0.286865 0.498039 0.498039 0.498039 #0.000000
v 0.783203 2.930176 0.332764 0.498039 0.498039 0.498039 #0.000000
v 0.833252 3.013428 0.358154 0.498039 0.498039 0.498039 #0.000000
v 1.006836 2.780518 0.286865 0.498039 0.498039 0.498039 #0.000000
v 0.833252 3.013428 0.358154 0.498039 0.498039 0.498039 #0.000000
v 1.071289 2.854004 0.309326 0.498039 0.498039 0.498039 #0.000000
v 1.199951 2.595703 0.230469 0.498039 0.498039 0.498039 #0.000000
v 1.006836 2.780518 0.286865 0.498039 0.498039 0.498039 #0.000000
v 1.071289 2.854004 0.309326 0.498039 0.498039 0.498039 #0.000000
v 1.199951 2.595703 0.230469 0.498039 0.498039 0.498039 #0.000000
v 1.071289 2.854004 0.309326 0.498039 0.498039 0.498039 #0.000000
v 1.276855 2.657471 0.249268 0.498039 0.498039 0.498039 #0.000000
v 1.356445 2.381836 0.165039 0.498039 0.498039 0.498039 #0.000000
v 1.199951 2.595703 0.230469 0.498039 0.498039 0.498039 #0.000000
v 1.276855 2.657471 0.249268 0.498039 0.498039 0.498039 #0.000000
v 1.356445 2.381836 0.165039 0.498039 0.498039 0.498039 #0.000000
v 1.276855 2.657471 0.249268 0.498039 0.498039 0.498039 #0.000000
v 1.443359 2.429932 0.179688 0.498039 0.498039 0.498039 #0.000000
v 1.471924 2.145264 0.092773 0.498039 0.498039 0.498039 #0.000000
v 1.356445 2.381836 0.165039 0.498039 0.498039 0.498039 #0.000000
v 1.443359 2.429932 0.179688 0.498039 0.498039 0.498039 #0.000000
v 1.471924 2.145264 0.092773 0.498039 0.498039 0.498039 #0.000000
v 1.443359 2.429932 0.179688 0.498039 0.498039 0.498039 #0.000000
v 1.566162 2.177979 0.102783 0.498039 0.498039 0.498039 #0.000000
v 1.542480 1.893066 0.015625 0.498039 0.498039 0.498039 #0.000000
v 1.471924 2.145264 0.092773 0.498039 0.498039 0.498039 #0.000000
v 1.566162 2.177979 0.102783 0.498039 0.498039 0.498039 #0.000000
v 1.542480 1.893066 0.015625 0.498039 0.498039 0.498039 #0.000000
v 1.566162 2.177979 0.102783 0.498039 0.498039 0.498039 #0.000000
v 1.641357 1.909668 0.020752 0.498039 0.498039 0.498039 #0.000000
v 1.566406 1.632812 -0.063721 0.498039 0.498039 0.498039 #0.000000
v 1.542480 1.893066 0.015625 0.498039 0.498039 0.498039 #0.000000
v 1.641357 1.909668 0.020752 0.498039 0.498039 0.498039 #0.000000
v 1.566406 1.632812 -0.063721 0.498039 0.498039 0.498039 #0.000000
v 1.641357 1.909668 0.020752 0.498039 0.498039 0.498039 #0.000000
v 1.666748 1.632812 -0.063721 0.498039 0.498039 0.498039 #0.000000
v 1.641357 1.356201 -0.148193 0.498039 0.498039 0.498039 #0.000000
v 1.542480 1.372803 -0.143066 0.498039 0.498039 0.498039 #0.000000
v 1.566406 1.632812 -0.063721 0.498039 0.498039 0.498039 #0.000000
v 1.641357 1.356201 -0.148193 0.498039 0.498039 0.498039 #0.000000
v 1.566406 1.632812 -0.063721 0.498039 0.498039 0.498039 #0.000000
v 1.666748 1.632812 -0.063721 0.498039 0.498039 0.498039 #0.000000
v 1.566162 1.087646 -0.230225 0.498039 0.498039 0.498039 #0.000000
v 1.471924 1.120605 -0.220215 0.498039 0.498039 0.498039 #0.000000
v 1.542480 1.372803 -0.143066 0.498039 0.498039 0.498039 #0.000000
v 1.566162 1.087646 -0.230225 0.498039 0.498039 0.498039 #0.000000
v 1.542480 1.372803 -0.143066 0.498039 0.498039 0.498039 #0.000000
v 1.641357 1.356201 -0.148193 0.498039 0.498039 0.498039 #0.000000
v 1.443359 0.835938 -0.307373 0.498039 0.498039 0.498039 #0.000000
v 1.356445 0.883789 -0.292725 0.498039 0.498039 0.498039 #0.000000
v 1.471924 1.120605 -0.220215 0.498039 0.498039 0.498039 #0.000000
v 1.443359 0.835938 -0.307373 0.498039 0.498039 0.498039 #0.000000
v 1.471924 1.120605 -0.220215 0.498039 0.498039 0.498039 #0.000000
v 1.566162 1.087646 -0.230225 0.498039 0.498039 0.498039 #0.000000
v 1.276855 0.608398 -0.376953 0.498039 0.498039 0.498039 #0.000000
v 1.199951 0.669922 -0.358154 0.498039 0.498039 0.498039 #0.000000
v 1.356445 0.883789 -0.292725 0.498039 0.498039 0.498039 #0.000000
v 1.276855 0.608398 -0.376953 0.498039 0.498039 0.498039 #0.000000
v 1.356445 0.883789 -0.292725 0.498039 0.498039 0.498039 #0.000000
v 1.443359 0.835938 -0.307373 0.498039 0.498039 0.498039 #0.000000
v 1.071289 0.411865 -0.437012 0.498039 0.498039 0.498039 #0.000000
v 1.006836 0.485352 -0.414551 0.498039 0.498039 0.498039 #0.000000
v 1.199951 0.669922 -0.358154 0.498039 0.498039 0.498039 #0.000000
v 1.071289 0.411865 -0.437012 0.498039 0.498039 0.498039 #0.000000
v 1.199951 0.669922 -0.358154 0.498039 0.498039 0.498039 #0.000000
v 1.276855 0.608398 -0.376953 0.498039 0.498039 0.498039 #0.000000
v 0.833252 0.252441 -0.485596 0.498039 0.498039 0.498039 #0.000000
v 0.783203 0.335693 -0.460205 0.498039 0.498039 0.498039 #0.000000
v 1.006836 0.485352 -0.414551 0.498039 0.498039 0.498039 #0.000000
v 0.833252 0.252441 -0.485596 0.498039 0.498039 0.498039 #0.000000
v 1.006836 0.485352 -0.414551 0.498039 0.498039 0.498039 #0.000000
v 1.071289 0.411865 -0.437012 0.498039 0.498039 0.498039 #0.000000
v 0.570068 0.135010 -0.521484 0.498039 0.498039 0.498039 #0.000000
v 0.535645 0.225098 -0.493896 0.498039 0.498039 0.498039 #0.000000
v 0.783203 0.335693 -0.460205 0.498039 0.498039 0.498039 #0.000000
v 0.570068 0.135010 -0.521484 0.498039 0.498039 0.498039 #0.000000
v 0.783203 0.335693 -0.460205 0.498039 0.498039 0.498039 #0.000000
v 0.833252 0.252441 -0.485596 0.498039 0.498039 0.498039 #0.000000
v 0.289307 0.062988 -0.543701 0.498039 0.498039 0.498039 #0.000000
v 0.271973 0.157715 -0.514648 0.498039 0.498039 0.498039 #0.000000
v 0.535645 0.225098 -0.493896 0.498039 0.498039 0.498039 #0.000000
v 0.289307 0.062988 -0.543701 0.498039 0.498039 0.498039 #0.000000
v 0.535645 0.225098 -0.493896 0.498039 0.498039 0.498039 #0.000000
v 0.570068 0.135010 -0.521484 0.498039 0.498039 0.498039 #0.000000
v 0.000000 0.038818 -0.551025 0.498039 0.498039 0.498039 #0.000000
v 0.000000 0.134766 -0.521729 0.498039 0.498039 0.498039 #0.000000
v 0.271973 0.157715 -0.514648 0.498039 0.498039 0.498039 #0.000000
v 0.000000 0.038818 -0.551025 0.498039 0.498039 0.498039 #0.000000
v 0.271973 0.157715 -0.514648 0.498039 0.498039 0.498039 #0.000000
v 0.289307 0.062988 -0.543701 0.498039 0.498039 0.498039 #0.000000
v 0.000000 0.038818 -0.551025 0.498039 0.498039 0.498039 #0.000000
v -0.289307 0.062988 -0.543701 0.498039 0.498039 0.498039 #0.000000
v -0.271973 0.157715 -0.514648 0.498039 0.498039 0.498039 #0.000000
v 0.000000 0.038818 -0.551025 0.498039 0.498039 0.498039 #0.000000
v -0.271973 0.157715 -0.514648 0.498039 0.498039 0.498039 #0.000000
v 0.000000 0.134766 -0.521729 0.498039 0.498039 0.498039 #0.000000
v -0.289307 0.062988 -0.543701 0.498039 0.498039 0.498039 #0.000000
v -0.570068 0.135010 -0.521484 0.498039 0.498039 0.498039 #0.000000
v -0.535645 0.225098 -0.493896 0.498039 0.498039 0.498039 #0.000000
v -0.289307 0.062988 -0.543701 0.498039 0.498039 0.498039 #0.000000
v -0.535645 0.225098 -0.493896 0.498039 0.498039 0.498039 #0.000000
v -0.271973 0.157715 -0.514648 0.498039 0.498039 0.498039 #0.000000
v -0.570068 0.135010 -0.521484 0.498039 0.498039 0.498039 #0.000000
v -0.833252 0.252441 -0.485596 0.498039 0.498039 0.498039 #0.000000
v -0.783203 0.335693 -0.460205 0.498039 0.498039 0.498039 #0.000000
v -0.570068 0.135010 -0.521484 0.498039 0.498039 0.498039 #0.000000
v -0.783203 0.335693 -0.460205 0.498039 0.498039 0.498039 #0.000000
v -0.535645 0.225098 -0.493896 0.498039 0.498039 0.498039 #0.000000
v -0.833252 0.252441 -0.485596 0.498039 0.498039 0.498039 #0.000000
v -1.071289 0.411865 -0.437012 0.498039 0.498039 0.498039 #0.000000
v -1.006836 0.485352 -0.414551 0.498039 0.498039 0.498039 #0.000000
v -0.833252 0.252441 -0.485596 0.498039 0.498039 0.498039 #0.000000
v -1.006836 0.485352 -0.414551 0.498039 0.498039 0.498039 #0.000000
v -0.783203 0.335693 -0.460205 0.498039 0.498039 0.498039 #0.000000
v -1.071289 0.411865 -0.437012 0.498039 0.498039 0.498039 #0.000000
v -1.276855 0.608398 -0.376953 0.498039 0.498039 0.498039 #0.000000
v -1.199951 0.669922 -0.358154 0.498039 0.498039 0.498039 #0.000000
v -1.071289 0.411865 -0.437012 0.498039 0.498039 0.498039 #0.000000
v -1.199951 0.669922 -0.358154 0.498039 0.498039 0.498039 #0.000000
v -1.006836 0.485352 -0.414551 0.498039 0.498039 0.498039 #0.000000
v -1.276855 0.608398 -0.376953 0.498039 0.498039 0.498039 #0.000000
v -1.443359 0.835938 -0.307373 0.498039 0.498039 0.498039 #0.000000
v -1.356445 0.883789 -0.292725 0.498039 0.498039 0.498039 #0.000000
v -1.276855 0.608398 -0.376953 0.498039 0.498039 0.498039 #0.000000
v -1.356445 0.883789 -0.292725 0.498039 0.498039 0.498039 #0.000000
v -1.199951 0.669922 -0.358154 0.498039 0.498039 0.498039 #0.000000
v -1.443359 0.835938 -0.307373 0.498039 0.498039 0.498039 #0.000000
v -1.566162 1.087646 -0.230225 0.498039 0.498039 0.498039 #0.000000
v -1.471924 1.120605 -0.220215 0.498039 0.498039 0.498039 #0.000000
v -1.443359 0.835938 -0.307373 0.498039 0.498039 0.498039 #0.000000
v -1.471924 1.120605 -0.220215 0.498039 0.498039 0.498039 #0.000000
v -1.356445 0.883789 -0.292725 0.498039 0.498039 0.498039 #0.000000
v -1.566162 1.087646 -0.230225 0.498039 0.498039 0.498039 #0.000000
v -1.641357 1.356201 -0.148193 0.498039 0.498039 0.498039 #0.000000
v -1.542480 1.372803 -0.143066 0.498039 0.498039 0.498039 #0.000000
v -1.566162 1.087646 -0.230225 0.498039 0.498039 0.498039 #0.000000
v -1.542480 1.372803 -0.143066 0.498039 0.498039 0.498039 #0.000000
v -1.471924 1.120605 -0.220215 0.498039 0.498039 0.498039 #0.000000
v -1.641357 1.356201 -0.148193 0.498039 0.498039 0.498039 #0.000000
v -1.666748 1.632812 -0.063721 0.498039 0.498039 0.498039 #0.000000
v -1.566406 1.632812 -0.063721 0.498039 0.498039 0.498039 #0.000000
v -1.641357 1.356201 -0.148193 0.498039 0.498039 0.498039 #0.000000
v -1.566406 1.632812 -0.063721 0.498039 0.498039 0.498039 #0.000000
v -1.542480 1.372803 -0.143066 0.498039 0.498039 0.498039 #0.000000
v -1.566406 1.632812 -0.063721 0.498039 0.498039 0.498039 #0.000000
v -1.666748 1.632812 -0.063721 0.498039 0.498039 0.498039 #0.000000
v -1.641357 1.909668 0.020752 0.498039 0.498039 0.498039 #0.000000
v -1.566406 1.632812 -0.063721 0.498039 0.498039 0.498039 #0.000000
v -1.641357 1.909668 0.020752 0.498039 0.498039 0.498039 #0.000000
v -1.542480 1.893066 0.015625 0.498039 0.498039 0.498039 #0.000000
v -1.542480 1.893066 0.015625 0.498039 0.498039 0.498039 #0.000000
v -1.641357 1.909668 0.020752 0.498039 0.498039 0.498039 #0.000000
v -1.566162 2.177979 0.102783 0.498039 0.498039 0.498039 #0.000000
v -1.542480 1.893066 0.015625 0.498039 0.498039 0.498039 #0.000000
v -1.566162 2.177979 0.102783 0.498039 0.498039 0.498039 #0.000000
v -1.471924 2.145264 0.092773 0.498039 0.498039 0.498039 #0.000000
v -1.471924 2.145264 0.092773 0.498039 0.498039 0.498039 #0.000000
v -1.566162 2.177979 0.102783 0.498039 0.498039 0.498039 #0.000000
v -1.443359 2.429932 0.179688 0.498039 0.498039 0.498039 #0.000000
v -1.471924 2.145264 0.092773 0.498039 0.498039 0.498039 #0.000000
v -1.443359 2.429932 0.179688 0.498039 0.498039 0.498039 #0.000000
v -1.356445 2.381836 0.165039 0.498039 0.498039 0.498039 #0.000000
v -1.356445 2.381836 0.165039 0.498039 0.498039 0.498039 #0.000000
v -1.443359 2.429932 0.179688 0.498039 0.498039 0.498039 #0.000000
v -1.276855 2.657471 0.249268 0.498039 0.498039 0.498039 #0.000000
v -1.356445 2.381836 0.165039 0.498039 0.498039 0.498039 #0.000000
v -1.276855 2.657471 0.249268 0.498039 0.498039 0.498039 #0.000000
v -1.199951 2.595703 0.230469 0.498039 0.498039 0.498039 #0.000000
v -1.199951 2.595703 0.230469 0.498039 0.498039 0.498039 #0.000000
v -1.276855 2.657471 0.249268 0.498039 0.498039 0.498039 #0.000000
v -1.071289 2.854004 0.309326 0.498039 0.498039 0.498039 #0.000000
v -1.199951 2.595703 0.230469 0.498039 0.498039 0.498039 #0.000000
v -1.071289 2.854004 0.309326 0.498039 0.498039 0.498039 #0.000000
v -1.006836 2.780518 0.286865 0.498039 0.498039 0.498039 #0.000000
v -1.006836 2.780518 0.286865 0.498039 0.498039 0.498039 #0.000000
v -1.071289 2.854004 0.309326 0.498039 0.498039 0.498039 #0.000000
v -0.833252 3.013428 0.358154 0.498039 0.498039 0.498039 #0.000000
v -1.006836 2.780518 0.286865 0.498039 0.498039 0.498039 #0.000000
v -0.833252 3.013428 0.358154 0.498039 0.498039 0.498039 #0.000000
v -0.783203 2.930176 0.332764 0.498039 0.498039 0.498039 #0.000000
v -0.783203 2.930176 0.332764 0.498039 0.498039 0.498039 #0.000000
v -0.833252 3.013428 0.358154 0.498039 0.498039 0.498039 #0.000000
v -0.570068 3.130859 0.394043 0.498039 0.498039 0.498039 #0.000000
v -0.783203 2.930176 0.332764 0.498039 0.498039 0.498039 #0.000000
v -0.570068 3.130859 0.394043 0.498039 0.498039 0.498039 #0.000000
v -0.535645 3.040527 0.366455 0.498039 0.498039 0.498039 #0.000000
v -0.535645 3.040527 0.366455 0.498039 0.498039 0.498039 #0.000000
v -0.570068 3.130859 0.394043 0.498039 0.498039 0.498039 #0.000000
v -0.289307 3.202637 0.416016 0.498039 0.498039 0.498039 #0.000000
v -0.535645 3.040527 0.366455 0.498039 0.498039 0.498039 #0.000000
v -0.289307 3.202637 0.416016 0.498039 0.498039 0.498039 #0.000000
v -0.271973 3.108154 0.387207 0.498039 0.498039 0.498039 #0.000000
v 1.509521 1.368652 -0.109619 0.498039 0.498039 0.498039 #0.000000
v 1.509521 1.877686 0.045898 0.498039 0.498039 0.498039 #0.000000
v 1.532959 1.623047 -0.031738 0.498039 0.498039 0.498039 #0.000000
v 1.440430 1.121826 -0.185059 0.498039 0.498039 0.498039 #0.000000
v 1.509521 1.877686 0.045898 0.498039 0.498039 0.498039 #0.000000
v 1.509521 1.368652 -0.109619 0.498039 0.498039 0.498039 #0.000000
v 1.440430 1.121826 -0.185059 0.498039 0.498039 0.498039 #0.000000
v 1.440430 2.124512 0.121338 0.498039 0.498039 0.498039 #0.000000
v 1.509521 1.877686 0.045898 0.498039 0.498039 0.498039 #0.000000
v 1.440430 1.121826 -0.185059 0.498039 0.498039 0.498039 #0.000000
v 1.327393 2.356201 0.192139 0.498039 0.498039 0.498039 #0.000000
v 1.440430 2.124512 0.121338 0.498039 0.498039 0.498039 #0.000000
v 1.327393 0.890137 -0.255859 0.498039 0.498039 0.498039 #0.000000
v 1.327393 2.356201 0.192139 0.498039 0.498039 0.498039 #0.000000
v 1.440430 1.121826 -0.185059 0.498039 0.498039 0.498039 #0.000000
v 1.174316 0.680908 -0.319824 0.498039 0.498039 0.498039 #0.000000
v 1.327393 2.356201 0.192139 0.498039 0.498039 0.498039 #0.000000
v 1.327393 0.890137 -0.255859 0.498039 0.498039 0.498039 #0.000000
v 1.174316 0.680908 -0.319824 0.498039 0.498039 0.498039 #0.000000
v 1.174316 2.565430 0.256104 0.498039 0.498039 0.498039 #0.000000
v 1.327393 2.356201 0.192139 0.498039 0.498039 0.498039 #0.000000
v 1.174316 0.680908 -0.319824 0.498039 0.498039 0.498039 #0.000000
v 0.985352 2.746094 0.311279 0.498039 0.498039 0.498039 #0.000000
v 1.174316 2.565430 0.256104 0.498039 0.498039 0.498039 #0.000000
v 0.985352 0.500000 -0.375000 0.498039 0.498039 0.498039 #0.000000
v 0.985352 2.746094 0.311279 0.498039 0.498039 0.498039 #0.000000
v 1.174316 0.680908 -0.319824 0.498039 0.498039 0.498039 #0.000000
v 0.766357 0.353516 -0.419922 0.498039 0.498039 0.498039 #0.000000
v 0.985352 2.746094 0.311279 0.498039 0.498039 0.498039 #0.000000
v 0.985352 0.500000 -0.375000 0.498039 0.498039 0.498039 #0.000000
v 0.766357 0.353516 -0.419922 0.498039 0.498039 0.498039 #0.000000
v 0.766357 2.892822 0.356201 0.498039 0.498039 0.498039 #0.000000
v 0.985352 2.746094 0.311279 0.498039 0.498039 0.498039 #0.000000
v 0.766357 0.353516 -0.419922 0.498039 0.498039 0.498039 #0.000000
v 0.524170 3.000732 0.389160 0.498039 0.498039 0.498039 #0.000000
v 0.766357 2.892822 0.356201 0.498039 0.498039 0.498039 #0.000000
v 0.524170 0.245605 -0.452881 0.498039 0.498039 0.498039 #0.000000
v 0.524170 3.000732 0.389160 0.498039 0.498039 0.498039 #0.000000
v 0.766357 0.353516 -0.419922 0.498039 0.498039 0.498039 #0.000000
v 0.266113 0.179443 -0.473145 0.498039 0.498039 0.498039 #0.000000
v 0.524170 3.000732 0.389160 0.498039 0.498039 0.498039 #0.000000
v 0.524170 0.245605 -0.452881 0.498039 0.498039 0.498039 #0.000000
v 0.266113 0.179443 -0.473145 0.498039 0.498039 0.498039 #0.000000
v 0.266113 3.066895 0.409424 0.498039 0.498039 0.498039 #0.000000
v 0.524170 3.000732 0.389160 0.498039 0.498039 0.498039 #0.000000
v 0.266113 0.179443 -0.473145 0.498039 0.498039 0.498039 #0.000000
v 0.000000 3.089111 0.416260 0.498039 0.498039 0.498039 #0.000000
v 0.266113 3.066895 0.409424 0.498039 0.498039 0.498039 #0.000000
v 0.000000 0.157227 -0.479980 0.498039 0.498039 0.498039 #0.000000
v 0.000000 3.089111 0.416260 0.498039 0.498039 0.498039 #0.000000
v 0.266113 0.179443 -0.473145 0.498039 0.498039 0.498039 #0.000000
v 0.000000 0.157227 -0.479980 0.498039 0.498039 0.498039 #0.000000
v -0.266113 3.066895 0.409424 0.498039 0.498039 0.498039 #0.000000
v 0.000000 3.089111 0.416260 0.498039 0.498039 0.498039 #0.000000
v 0.000000 0.157227 -0.479980 0.498039 0.498039 0.498039 #0.000000
v -0.266113 0.179443 -0.473145 0.498039 0.498039 0.498039 #0.000000
v -0.266113 3.066895 0.409424 0.498039 0.498039 0.498039 #0.000000
v -0.266113 0.179443 -0.473145 0.498039 0.498039 0.498039 #0.000000
v -0.524170 0.245605 -0.452881 0.498039 0.498039 0.498039 #0.000000
v -0.266113 3.066895 0.409424 0.498039 0.498039 0.498039 #0.000000
v -0.524170 0.245605 -0.452881 0.498039 0.498039 0.498039 #0.000000
v -0.524170 3.000732 0.389160 0.498039 0.498039 0.498039 #0.000000
v -0.266113 3.066895 0.409424 0.498039 0.498039 0.498039 #0.000000
v -0.524170 0.245605 -0.452881 0.498039 0.498039 0.498039 #0.000000
v -0.766357 0.353516 -0.419922 0.498039 0.498039 0.498039 #0.000000
v -0.524170 3.000732 0.389160 0.498039 0.498039 0.498039 #0.000000
v -0.766357 0.353516 -0.419922 0.498039 0.498039 0.498039 #0.000000
v -0.766357 2.892822 0.356201 0.498039 0.498039 0.498039 #0.000000
v -0.524170 3.000732 0.389160 0.498039 0.498039 0.498039 #0.000000
v -0.766357 0.353516 -0.419922 0.498039 0.498039 0.498039 #0.000000
v -0.985352 0.500000 -0.375000 0.498039 0.498039 0.498039 #0.000000
v -0.766357 2.892822 0.356201 0.498039 0.498039 0.498039 #0.000000
v -0.985352 0.500000 -0.375000 0.498039 0.498039 0.498039 #0.000000
v -0.985352 2.746094 0.311279 0.498039 0.498039 0.498039 #0.000000
v -0.766357 2.892822 0.356201 0.498039 0.498039 0.498039 #0.000000
v -0.985352 0.500000 -0.375000 0.498039 0.498039 0.498039 #0.000000
v -1.174316 2.565430 0.256104 0.498039 0.498039 0.498039 #0.000000
v -0.985352 2.746094 0.311279 0.498039 0.498039 0.498039 #0.000000
v -0.985352 0.500000 -0.375000 0.498039 0.498039 0.498039 #0.000000
v -1.174316 0.680908 -0.319824 0.498039 0.498039 0.498039 #0.000000
v -1.174316 2.565430 0.256104 0.498039 0.498039 0.498039 #0.000000
v -1.174316 0.680908 -0.319824 0.498039 0.498039 0.498039 #0.000000
v -1.327393 2.356201 0.192139 0.498039 0.498039 0.498039 #0.000000
v -1.174316 2.565430 0.256104 0.498039 0.498039 0.498039 #0.000000
v -1.174316 0.680908 -0.319824 0.498039 0.498039 0.498039 #0.000000
v -1.327393 0.890137 -0.255859 0.498039 0.498039 0.498039 #0.000000
v -1.327393 2.356201 0.192139 0.498039 0.498039 0.498039 #0.000000
v -1.327393 0.890137 -0.255859 0.498039 0.498039 0.498039 #0.000000
v -1.440430 1.121826 -0.185059 0.498039 0.498039 0.498039 #0.000000
v -1.327393 2.356201 0.192139 0.498039 0.498039 0.498039 #0.000000
v -1.440430 1.121826 -0.185059 0.498039 0.498039 0.498039 #0.000000
v -1.440430 2.124512 0.121338 0.498039 0.498039 0.498039 #0.000000
v -1.327393 2.356201 0.192139 0.498039 0.498039 0.498039 #0.000000
v -1.440430 1.121826 -0.185059 0.498039 0.498039 0.498039 #0.000000
v -1.509521 1.877686 0.045898 0.498039 0.498039 0.498039 #0.000000
v -1.440430 2.124512 0.121338 0.498039 0.498039 0.498039 #0.000000
v -1.440430 1.121826 -0.185059 0.498039 0.498039 0.498039 #0.000000
v -1.509521 1.368652 -0.109619 0.498039 0.498039 0.498039 #0.000000
v -1.509521 1.877686 0.045898 0.498039 0.498039 0.498039 #0.000000
v -1.509521 1.368652 -0.109619 0.498039 0.498039 0.498039 #0.000000
v -1.532959 1.623047 -0.031738 0.498039 0.498039 0.498039 #0.000000
v -1.509521 1.877686 0.045898 0.498039 0.498039 0.498039 #0.000000
v -0.266113 3.066895 0.409424 0.498039 0.498039 0.498039 #0.000000
v -0.271973 3.108154 0.387207 0.498039 0.498039 0.498039 #0.000000
v 0.000000 3.089111 0.416260 0.498039 0.498039 0.498039 #0.000000
v 0.000000 3.089111 0.416260 0.498039 0.498039 0.498039 #0.000000
v -0.271973 3.108154 0.387207 0.498039 0.498039 0.498039 #0.000000
v 0.000000 3.130859 0.394043 0.498039 0.498039 0.498039 #0.000000
v 0.266113 3.066895 0.409424 0.498039 0.498039 0.498039 #0.000000
v 0.000000 3.089111 0.416260 0.498039 0.498039 0.498039 #0.000000
v 0.271973 3.108154 0.387207 0.498039 0.498039 0.498039 #0.000000
v 0.000000 3.089111 0.416260 0.498039 0.498039 0.498039 #0.000000
v 0.000000 3.130859 0.394043 0.498039 0.498039 0.498039 #0.000000
v 0.271973 3.108154 0.387207 0.498039 0.498039 0.498039 #0.000000
v 0.524170 3.000732 0.389160 0.498039 0.498039 0.498039 #0.000000
v 0.266113 3.066895 0.409424 0.498039 0.498039 0.498039 #0.000000
v 0.535645 3.040527 0.366455 0.498039 0.498039 0.498039 #0.000000
v 0.535645 3.040527 0.366455 0.498039 0.498039 0.498039 #0.000000
v 0.266113 3.066895 0.409424 0.498039 0.498039 0.498039 #0.000000
v 0.271973 3.108154 0.387207 0.498039 0.498039 0.498039 #0.000000
v 0.766357 2.892822 0.356201 0.498039 0.498039 0.498039 #0.000000
v 0.524170 3.000732 0.389160 0.498039 0.498039 0.498039 #0.000000
v 0.783203 2.930176 0.332764 0.498039 0.498039 0.498039 #0.000000
v 0.783203 2.930176 0.332764 0.498039 0.498039 0.498039 #0.000000
v 0.524170 3.000732 0.389160 0.498039 0.498039 0.498039 #0.000000
v 0.535645 3.040527 0.366455 0.498039 0.498039 0.498039 #0.000000
v 0.985352 2.746094 0.311279 0.498039 0.498039 0.498039 #0.000000
v 0.766357 2.892822 0.356201 0.498039 0.498039 0.498039 #0.000000
v 1.006836 2.780518 0.286865 0.498039 0.498039 0.498039 #0.000000
v 1.006836 2.780518 0.286865 0.498039 0.498039 0.498039 #0.000000
v 0.766357 2.892822 0.356201 0.498039 0.498039 0.498039 #0.000000
v 0.783203 2.930176 0.332764 0.498039 0.498039 0.498039 #0.000000
v 1.174316 2.565430 0.256104 0.498039 0.498039 0.498039 #0.000000
v 0.985352 2.746094 0.311279 0.498039 0.498039 0.498039 #0.000000
v 1.199951 2.595703 0.230469 0.498039 0.498039 0.498039 #0.000000
v 1.199951 2.595703 0.230469 0.498039 0.498039 0.498039 #0.000000
v 0.985352 2.746094 0.311279 0.498039 0.498039 0.498039 #0.000000
v 1.006836 2.780518 0.286865 0.498039 0.498039 0.498039 #0.000000
v 1.327393 2.356201 0.192139 0.498039 0.498039 0.498039 #0.000000
v 1.174316 2.565430 0.256104 0.498039 0.498039 0.498039 #0.000000
v 1.356445 2.381836 0.165039 0.498039 0.498039 0.498039 #0.000000
v 1.356445 2.381836 0.165039 0.498039 0.498039 0.498039 #0.000000
v 1.174316 2.565430 0.256104 0.498039 0.498039 0.498039 #0.000000
v 1.199951 2.595703 0.230469 0.498039 0.498039 0.498039 #0.000000
v 1.440430 2.124512 0.121338 0.498039 0.498039 0.498039 #0.000000
v 1.327393 2.356201 0.192139 0.498039 0.498039 0.498039 #0.000000
v 1.471924 2.145264 0.092773 0.498039 0.498039 0.498039 #0.000000
v 1.471924 2.145264 0.092773 0.498039 0.498039 0.498039 #0.000000
v 1.327393 2.356201 0.192139 0.498039 0.498039 0.498039 #0.000000
v 1.356445 2.381836 0.165039 0.498039 0.498039 0.498039 #0.000000
v 1.509521 1.877686 0.045898 0.498039 0.498039 0.498039 #0.000000
v 1.440430 2.124512 0.121338 0.498039 0.498039 0.498039 #0.000000
v 1.542480 1.893066 0.015625 0.498039 0.498039 0.498039 #0.000000
v 1.542480 1.893066 0.015625 0.498039 0.498039 0.498039 #0.000000
v 1.440430 2.124512 0.121338 0.498039 0.498039 0.498039 #0.000000
v 1.471924 2.145264 0.092773 0.498039 0.498039 0.498039 #0.000000
v 1.532959 1.623047 -0.031738 0.498039 0.498039 0.498039 #0.000000
v 1.509521 1.877686 0.045898 0.498039 0.498039 0.498039 #0.000000
v 1.566406 1.632812 -0.063721 0.498039 0.498039 0.498039 #0.000000
v 1.566406 1.632812 -0.063721 0.498039 0.498039 0.498039 #0.000000
v 1.509521 1.877686 0.045898 0.498039 0.498039 0.498039 #0.000000
v 1.542480 1.893066 0.015625 0.498039 0.498039 0.498039 #0.000000
v 1.509521 1.368652 -0.109619 0.498039 0.498039 0.498039 #0.000000
v 1.566406 1.632812 -0.063721 0.498039 0.498039 0.498039 #0.000000
v 1.542480 1.372803 -0.143066 0.498039 0.498039 0.498039 #0.000000
v 1.509521 1.368652 -0.109619 0.498039 0.498039 0.498039 #0.000000
v 1.532959 1.623047 -0.031738 0.498039 0.498039 0.498039 #0.000000
v 1.566406 1.632812 -0.063721 0.498039 0.498039 0.498039 #0.000000
v 1.471924 1.120605 -0.220215 0.498039 0.498039 0.498039 #0.000000
v 1.440430 1.121826 -0.185059 0.498039 0.498039 0.498039 #0.000000
v 1.542480 1.372803 -0.143066 0.498039 0.498039 0.498039 #0.000000
v 1.440430 1.121826 -0.185059 0.498039 0.498039 0.498039 #0.000000
v 1.509521 1.368652 -0.109619 0.498039 0.498039 0.498039 #0.000000
v 1.542480 1.372803 -0.143066 0.498039 0.498039 0.498039 #0.000000
v 1.356445 0.883789 -0.292725 0.498039 0.498039 0.498039 #0.000000
v 1.327393 0.890137 -0.255859 0.498039 0.498039 0.498039 #0.000000
v 1.471924 1.120605 -0.220215 0.498039 0.498039 0.498039 #0.000000
v 1.327393 0.890137 -0.255859 0.498039 0.498039 0.498039 #0.000000
v 1.440430 1.121826 -0.185059 0.498039 0.498039 0.498039 #0.000000
v 1.471924 1.120605 -0.220215 0.498039 0.498039 0.498039 #0.000000
v 1.199951 0.669922 -0.358154 0.498039 0.498039 0.498039 #0.000000
v 1.174316 0.680908 -0.319824 0.498039 0.498039 0.498039 #0.000000
v 1.327393 0.890137 -0.255859 0.498039 0.498039 0.498039 #0.000000
v 1.199951 0.669922 -0.358154 0.498039 0.498039 0.498039 #0.000000
v 1.327393 0.890137 -0.255859 0.498039 0.498039 0.498039 #0.000000
v 1.356445 0.883789 -0.292725 0.498039 0.498039 0.498039 #0.000000
v 1.006836 0.485352 -0.414551 0.498039 0.498039 0.498039 #0.000000
v 0.985352 0.500000 -0.375000 0.498039 0.498039 0.498039 #0.000000
v 1.174316 0.680908 -0.319824 0.498039 0.498039 0.498039 #0.000000
v 1.006836 0.485352 -0.414551 0.498039 0.498039 0.498039 #0.000000
v 1.174316 0.680908 -0.319824 0.498039 0.498039 0.498039 #0.000000
v 1.199951 0.669922 -0.358154 0.498039 0.498039 0.498039 #0.000000
v 0.783203 0.335693 -0.460205 0.498039 0.498039 0.498039 #0.000000
v 0.766357 0.353516 -0.419922 0.498039 0.498039 0.498039 #0.000000
v 0.985352 0.500000 -0.375000 0.498039 0.498039 0.498039 #0.000000
v 0.783203 0.335693 -0.460205 0.498039 0.498039 0.498039 #0.000000
v 0.985352 0.500000 -0.375000 0.498039 0.498039 0.498039 #0.000000
v 1.006836 0.485352 -0.414551 0.498039 0.498039 0.498039 #0.000000
v 0.535645 0.225098 -0.493896 0.498039 0.498039 0.498039 #0.000000
v 0.524170 0.245605 -0.452881 0.498039 0.498039 0.498039 #0.000000
v 0.766357 0.353516 -0.419922 0.498039 0.498039 0.498039 #0.000000
v 0.535645 0.225098 -0.493896 0.498039 0.498039 0.498039 #0.000000
v 0.766357 0.353516 -0.419922 0.498039 0.498039 0.498039 #0.000000
v 0.783203 0.335693 -0.460205 0.498039 0.498039 0.498039 #0.000000
v 0.271973 0.157715 -0.514648 0.498039 0.498039 0.498039 #0.000000
v 0.266113 0.179443 -0.473145 0.498039 0.498039 0.498039 #0.000000
v 0.524170 0.245605 -0.452881 0.498039 0.498039 0.498039 #0.000000
v 0.271973 0.157715 -0.514648 0.498039 0.498039 0.498039 #0.000000
v 0.524170 0.245605 -0.452881 0.498039 0.498039 0.498039 #0.000000
v 0.535645 0.225098 -0.493896 0.498039 0.498039 0.498039 #0.000000
v 0.000000 0.134766 -0.521729 0.498039 0.498039 0.498039 #0.000000
v 0.000000 0.157227 -0.479980 0.498039 0.498039 0.498039 #0.000000
v 0.266113 0.179443 -0.473145 0.498039 0.498039 0.498039 #0.000000
v 0.000000 0.134766 -0.521729 0.498039 0.498039 0.498039 #0.000000
v 0.266113 0.179443 -0.473145 0.498039 0.498039 0.498039 #0.000000
v 0.271973 0.157715 -0.514648 0.498039 0.498039 0.498039 #0.000000
v 0.000000 0.134766 -0.521729 0.498039 0.498039 0.498039 #0.000000
v -0.271973 0.157715 -0.514648 0.498039 0.498039 0.498039 #0.000000
v -0.266113 0.179443 -0.473145 0.498039 0.498039 0.498039 #0.000000
v 0.000000 0.134766 -0.521729 0.498039 0.498039 0.498039 #0.000000
v -0.266113 0.179443 -0.473145 0.498039 0.498039 0.498039 #0.000000
v 0.000000 0.157227 -0.479980 0.498039 0.498039 0.498039 #0.000000
v -0.271973 0.157715 -0.514648 0.498039 0.498039 0.498039 #0.000000
v -0.535645 0.225098 -0.493896 0.498039 0.498039 0.498039 #0.000000
v -0.524170 0.245605 -0.452881 0.498039 0.498039 0.498039 #0.000000
v -0.271973 0.157715 -0.514648 0.498039 0.498039 0.498039 #0.000000
v -0.524170 0.245605 -0.452881 0.498039 0.498039 0.498039 #0.000000
v -0.266113 0.179443 -0.473145 0.498039 0.498039 0.498039 #0.000000
v -0.535645 0.225098 -0.493896 0.498039 0.498039 0.498039 #0.000000
v -0.783203 0.335693 -0.460205 0.498039 0.498039 0.498039 #0.000000
v -0.766357 0.353516 -0.419922 0.498039 0.498039 0.498039 #0.000000
v -0.535645 0.225098 -0.493896 0.498039 0.498039 0.498039 #0.000000
v -0.766357 0.353516 -0.419922 0.498039 0.498039 0.498039 #0.000000
v -0.524170 0.245605 -0.452881 0.498039 0.498039 0.498039 #0.000000
v -0.783203 0.335693 -0.460205 0.498039 0.498039 0.498039 #0.000000
v -1.006836 0.485352 -0.414551 0.498039 0.498039 0.498039 #0.000000
v -0.985352 0.500000 -0.375000 0.498039 0.498039 0.498039 #0.000000
v -0.783203 0.335693 -0.460205 0.498039 0.498039 0.498039 #0.000000
v -0.985352 0.500000 -0.375000 0.498039 0.498039 0.498039 #0.000000
v -0.766357 0.353516 -0.419922 0.498039 0.498039 0.498039 #0.000000
v -1.006836 0.485352 -0.414551 0.498039 0.498039 0.498039 #0.000000
v -1.199951 0.669922 -0.358154 0.498039 0.498039 0.498039 #0.000000
v -1.174316 0.680908 -0.319824 0.498039 0.498039 0.498039 #0.000000
v -1.006836 0.485352 -0.414551 0.498039 0.498039 0.498039 #0.000000
v -1.174316 0.680908 -0.319824 0.498039 0.498039 0.498039 #0.000000
v -0.985352 0.500000 -0.375000 0.498039 0.498039 0.498039 #0.000000
v -1.199951 0.669922 -0.358154 0.498039 0.498039 0.498039 #0.000000
v -1.356445 0.883789 -0.292725 0.498039 0.498039 0.498039 #0.000000
v -1.327393 0.890137 -0.255859 0.498039 0.498039 0.498039 #0.000000
v -1.199951 0.669922 -0.358154 0.498039 0.498039 0.498039 #0.000000
v -1.327393 0.890137 -0.255859 0.498039 0.498039 0.498039 #0.000000
v -1.174316 0.680908 -0.319824 0.498039 0.498039 0.498039 #0.000000
v -1.356445 0.883789 -0.292725 0.498039 0.498039 0.498039 #0.000000
v -1.471924 1.120605 -0.220215 0.498039 0.498039 0.498039 #0.000000
v -1.327393 0.890137 -0.255859 0.498039 0.498039 0.498039 #0.000000
v -1.327393 0.890137 -0.255859 0.498039 0.498039 0.498039 #0.000000
v -1.471924 1.120605 -0.220215 0.498039 0.498039 0.498039 #0.000000
v -1.440430 1.121826 -0.185059 0.498039 0.498039 0.498039 #0.000000
v -1.471924 1.120605 -0.220215 0.498039 0.498039 0.498039 #0.000000
v -1.542480 1.372803 -0.143066 0.498039 0.498039 0.498039 #0.000000
v -1.440430 1.121826 -0.185059 0.498039 0.498039 0.498039 #0.000000
v -1.440430 1.121826 -0.185059 0.498039 0.498039 0.498039 #0.000000
v -1.542480 1.372803 -0.143066 0.498039 0.498039 0.498039 #0.000000
v -1.509521 1.368652 -0.109619 0.498039 0.498039 0.498039 #0.000000
v -1.509521 1.368652 -0.109619 0.498039 0.498039 0.498039 #0.000000
v -1.542480 1.372803 -0.143066 0.498039 0.498039 0.498039 #0.000000
v -1.566406 1.632812 -0.063721 0.498039 0.498039 0.498039 #0.000000
v -1.509521 1.368652 -0.109619 0.498039 0.498039 0.498039 #0.000000
v -1.566406 1.632812 -0.063721 0.498039 0.498039 0.498039 #0.000000
v -1.532959 1.623047 -0.031738 0.498039 0.498039 0.498039 #0.000000
v -1.566406 1.632812 -0.063721 0.498039 0.498039 0.498039 #0.000000
v -1.542480 1.893066 0.015625 0.498039 0.498039 0.498039 #0.000000
v -1.509521 1.877686 0.045898 0.498039 0.498039 0.498039 #0.000000
v -1.532959 1.623047 -0.031738 0.498039 0.498039 0.498039 #0.000000
v -1.566406 1.632812 -0.063721 0.498039 0.498039 0.498039 #0.000000
v -1.509521 1.877686 0.045898 0.498039 0.498039 0.498039 #0.000000
v -1.509521 1.877686 0.045898 0.498039 0.498039 0.498039 #0.000000
v -1.542480 1.893066 0.015625 0.498039 0.498039 0.498039 #0.000000
v -1.440430 2.124512 0.121338 0.498039 0.498039 0.498039 #0.000000
v -1.542480 1.893066 0.015625 0.498039 0.498039 0.498039 #0.000000
v -1.471924 2.145264 0.092773 0.498039 0.498039 0.498039 #0.000000
v -1.440430 2.124512 0.121338 0.498039 0.498039 0.498039 #0.000000
v -1.440430 2.124512 0.121338 0.498039 0.498039 0.498039 #0.000000
v -1.471924 2.145264 0.092773 0.498039 0.498039 0.498039 #0.000000
v -1.327393 2.356201 0.192139 0.498039 0.498039 0.498039 #0.000000
v -1.471924 2.145264 0.092773 0.498039 0.498039 0.498039 #0.000000
v -1.356445 2.381836 0.165039 0.498039 0.498039 0.498039 #0.000000
v -1.327393 2.356201 0.192139 0.498039 0.498039 0.498039 #0.000000
v -1.327393 2.356201 0.192139 0.498039 0.498039 0.498039 #0.000000
v -1.356445 2.381836 0.165039 0.498039 0.498039 0.498039 #0.000000
v -1.174316 2.565430 0.256104 0.498039 0.498039 0.498039 #0.000000
v -1.356445 2.381836 0.165039 0.498039 0.498039 0.498039 #0.000000
v -1.199951 2.595703 0.230469 0.498039 0.498039 0.498039 #0.000000
v -1.174316 2.565430 0.256104 0.498039 0.498039 0.498039 #0.000000
v -1.174316 2.565430 0.256104 0.498039 0.498039 0.498039 #0.000000
v -1.199951 2.595703 0.230469 0.498039 0.498039 0.498039 #0.000000
v -0.985352 2.746094 0.311279 0.498039 0.498039 0.498039 #0.000000
v -1.199951 2.595703 0.230469 0.498039 0.498039 0.498039 #0.000000
v -1.006836 2.780518 0.286865 0.498039 0.498039 0.498039 #0.000000
v -0.985352 2.746094 0.311279 0.498039 0.498039 0.498039 #0.000000
v -0.985352 2.746094 0.311279 0.498039 0.498039 0.498039 #0.000000
v -1.006836 2.780518 0.286865 0.498039 0.498039 0.498039 #0.000000
v -0.766357 2.892822 0.356201 0.498039 0.498039 0.498039 #0.000000
v -1.006836 2.780518 0.286865 0.498039 0.498039 0.498039 #0.000000
v -0.783203 2.930176 0.332764 0.498039 0.498039 0.498039 #0.000000
v -0.766357 2.892822 0.356201 0.498039 0.498039 0.498039 #0.000000
v -0.766357 2.892822 0.356201 0.498039 0.498039 0.498039 #0.000000
v -0.783203 2.930176 0.332764 0.498039 0.498039 0.498039 #0.000000
v -0.524170 3.000732 0.389160 0.498039 0.498039 0.498039 #0.000000
v -0.783203 2.930176 0.332764 0.498039 0.498039 0.498039 #0.000000
v -0.535645 3.040527 0.366455 0.498039 0.498039 0.498039 #0.000000
v -0.524170 3.000732 0.389160 0.498039 0.498039 0.498039 #0.000000
v -0.524170 3.000732 0.389160 0.498039 0.498039 0.498039 #0.000000
v -0.535645 3.040527 0.366455 0.498039 0.498039 0.498039 #0.000000
v -0.266113 3.066895 0.409424 0.498039 0.498039 0.498039 #0.000000
v -0.535645 3.040527 0.366455 0.498039 0.498039 0.498039 #0.000000
v -0.271973 3.108154 0.387207 0.498039 0.498039 0.498039 #0.000000
v -0.266113 3.066895 0.409424 0.498039 0.498039 0.498039 #0.000000
v 0.231201 2.848633 0.447266 0.498039 0.498039 0.498039 #0.000000
v 0.289307 3.163818 0.543701 0.498039 0.498039 0.498039 #0.000000
v 0.000000 3.187988 0.551025 0.498039 0.498039 0.498039 #0.000000
v 0.231201 2.848633 0.447266 0.498039 0.498039 0.498039 #0.000000
v 0.000000 3.187988 0.551025 0.498039 0.498039 0.498039 #0.000000
v 0.000000 2.867920 0.453125 0.498039 0.498039 0.498039 #0.000000
v -0.231201 2.848633 0.447266 0.498039 0.498039 0.498039 #0.000000
v 0.000000 2.867920 0.453125 0.498039 0.498039 0.498039 #0.000000
v 0.000000 3.187988 0.551025 0.498039 0.498039 0.498039 #0.000000
v -0.231201 2.848633 0.447266 0.498039 0.498039 0.498039 #0.000000
v 0.000000 3.187988 0.551025 0.498039 0.498039 0.498039 #0.000000
v -0.289307 3.163818 0.543701 0.498039 0.498039 0.498039 #0.000000
v -0.455566 2.791016 0.429688 0.498039 0.498039 0.498039 #0.000000
v -0.231201 2.848633 0.447266 0.498039 0.498039 0.498039 #0.000000
v -0.289307 3.163818 0.543701 0.498039 0.498039 0.498039 #0.000000
v -0.455566 2.791016 0.429688 0.498039 0.498039 0.498039 #0.000000
v -0.289307 3.163818 0.543701 0.498039 0.498039 0.498039 #0.000000
v -0.570068 3.091797 0.521484 0.498039 0.498039 0.498039 #0.000000
v -0.666016 2.697266 0.400879 0.498039 0.498039 0.498039 #0.000000
v -0.455566 2.791016 0.429688 0.498039 0.498039 0.498039 #0.000000
v -0.570068 3.091797 0.521484 0.498039 0.498039 0.498039 #0.000000
v -0.666016 2.697266 0.400879 0.498039 0.498039 0.498039 #0.000000
v -0.570068 3.091797 0.521484 0.498039 0.498039 0.498039 #0.000000
v -0.833252 2.974365 0.485596 0.498039 0.498039 0.498039 #0.000000
v -0.856201 2.569824 0.362061 0.498039 0.498039 0.498039 #0.000000
v -0.666016 2.697266 0.400879 0.498039 0.498039 0.498039 #0.000000
v -0.833252 2.974365 0.485596 0.498039 0.498039 0.498039 #0.000000
v -0.856201 2.569824 0.362061 0.498039 0.498039 0.498039 #0.000000
v -0.833252 2.974365 0.485596 0.498039 0.498039 0.498039 #0.000000
v -1.071289 2.814941 0.437012 0.498039 0.498039 0.498039 #0.000000
v -1.020508 2.412842 0.313965 0.498039 0.498039 0.498039 #0.000000
v -0.856201 2.569824 0.362061 0.498039 0.498039 0.498039 #0.000000
v -1.071289 2.814941 0.437012 0.498039 0.498039 0.498039 #0.000000
v -1.020508 2.412842 0.313965 0.498039 0.498039 0.498039 #0.000000
v -1.071289 2.814941 0.437012 0.498039 0.498039 0.498039 #0.000000
v -1.276855 2.618652 0.376953 0.498039 0.498039 0.498039 #0.000000
v -1.153564 2.230957 0.258301 0.498039 0.498039 0.498039 #0.000000
v -1.020508 2.412842 0.313965 0.498039 0.498039 0.498039 #0.000000
v -1.276855 2.618652 0.376953 0.498039 0.498039 0.498039 #0.000000
v -1.153564 2.230957 0.258301 0.498039 0.498039 0.498039 #0.000000
v -1.276855 2.618652 0.376953 0.498039 0.498039 0.498039 #0.000000
v -1.443359 2.390869 0.307373 0.498039 0.498039 0.498039 #0.000000
v -1.251709 2.029541 0.196777 0.498039 0.498039 0.498039 #0.000000
v -1.153564 2.230957 0.258301 0.498039 0.498039 0.498039 #0.000000
v -1.443359 2.390869 0.307373 0.498039 0.498039 0.498039 #0.000000
v -1.251709 2.029541 0.196777 0.498039 0.498039 0.498039 #0.000000
v -1.443359 2.390869 0.307373 0.498039 0.498039 0.498039 #0.000000
v -1.566162 2.139160 0.230225 0.498039 0.498039 0.498039 #0.000000
v -1.311768 1.815186 0.131348 0.498039 0.498039 0.498039 #0.000000
v -1.251709 2.029541 0.196777 0.498039 0.498039 0.498039 #0.000000
v -1.566162 2.139160 0.230225 0.498039 0.498039 0.498039 #0.000000
v -1.311768 1.815186 0.131348 0.498039 0.498039 0.498039 #0.000000
v -1.566162 2.139160 0.230225 0.498039 0.498039 0.498039 #0.000000
v -1.641357 1.870605 0.148193 0.498039 0.498039 0.498039 #0.000000
v -1.332031 1.593994 0.063721 0.498039 0.498039 0.498039 #0.000000
v -1.311768 1.815186 0.131348 0.498039 0.498039 0.498039 #0.000000
v -1.641357 1.870605 0.148193 0.498039 0.498039 0.498039 #0.000000
v -1.332031 1.593994 0.063721 0.498039 0.498039 0.498039 #0.000000
v -1.641357 1.870605 0.148193 0.498039 0.498039 0.498039 #0.000000
v -1.666748 1.593994 0.063721 0.498039 0.498039 0.498039 #0.000000
v -1.641357 1.317139 -0.020752 0.498039 0.498039 0.498039 #0.000000
v -1.311768 1.372803 -0.003662 0.498039 0.498039 0.498039 #0.000000
v -1.332031 1.593994 0.063721 0.498039 0.498039 0.498039 #0.000000
v -1.641357 1.317139 -0.020752 0.498039 0.498039 0.498039 #0.000000
v -1.332031 1.593994 0.063721 0.498039 0.498039 0.498039 #0.000000
v -1.666748 1.593994 0.063721 0.498039 0.498039 0.498039 #0.000000
v -1.566162 1.048828 -0.102783 0.498039 0.498039 0.498039 #0.000000
v -1.251709 1.158203 -0.069336 0.498039 0.498039 0.498039 #0.000000
v -1.311768 1.372803 -0.003662 0.498039 0.498039 0.498039 #0.000000
v -1.566162 1.048828 -0.102783 0.498039 0.498039 0.498039 #0.000000
v -1.311768 1.372803 -0.003662 0.498039 0.498039 0.498039 #0.000000
v -1.641357 1.317139 -0.020752 0.498039 0.498039 0.498039 #0.000000
v -1.443359 0.796875 -0.179688 0.498039 0.498039 0.498039 #0.000000
v -1.153564 0.957031 -0.130859 0.498039 0.498039 0.498039 #0.000000
v -1.251709 1.158203 -0.069336 0.498039 0.498039 0.498039 #0.000000
v -1.443359 0.796875 -0.179688 0.498039 0.498039 0.498039 #0.000000
v -1.251709 1.158203 -0.069336 0.498039 0.498039 0.498039 #0.000000
v -1.566162 1.048828 -0.102783 0.498039 0.498039 0.498039 #0.000000
v -1.276855 0.569336 -0.249268 0.498039 0.498039 0.498039 #0.000000
v -1.020508 0.774902 -0.186523 0.498039 0.498039 0.498039 #0.000000
v -1.153564 0.957031 -0.130859 0.498039 0.498039 0.498039 #0.000000
v -1.276855 0.569336 -0.249268 0.498039 0.498039 0.498039 #0.000000
v -1.153564 0.957031 -0.130859 0.498039 0.498039 0.498039 #0.000000
v -1.443359 0.796875 -0.179688 0.498039 0.498039 0.498039 #0.000000
v -1.071289 0.372803 -0.309326 0.498039 0.498039 0.498039 #0.000000
v -0.856201 0.617920 -0.234375 0.498039 0.498039 0.498039 #0.000000
v -1.020508 0.774902 -0.186523 0.498039 0.498039 0.498039 #0.000000
v -1.071289 0.372803 -0.309326 0.498039 0.498039 0.498039 #0.000000
v -1.020508 0.774902 -0.186523 0.498039 0.498039 0.498039 #0.000000
v -1.276855 0.569336 -0.249268 0.498039 0.498039 0.498039 #0.000000
v -0.833252 0.213379 -0.358154 0.498039 0.498039 0.498039 #0.000000
v -0.666016 0.490479 -0.273438 0.498039 0.498039 0.498039 #0.000000
v -0.856201 0.617920 -0.234375 0.498039 0.498039 0.498039 #0.000000
v -0.833252 0.213379 -0.358154 0.498039 0.498039 0.498039 #0.000000
v -0.856201 0.617920 -0.234375 0.498039 0.498039 0.498039 #0.000000
v -1.071289 0.372803 -0.309326 0.498039 0.498039 0.498039 #0.000000
v -0.570068 0.095947 -0.394043 0.498039 0.498039 0.498039 #0.000000
v -0.455566 0.396729 -0.302246 0.498039 0.498039 0.498039 #0.000000
v -0.666016 0.490479 -0.273438 0.498039 0.498039 0.498039 #0.000000
v -0.570068 0.095947 -0.394043 0.498039 0.498039 0.498039 #0.000000
v -0.666016 0.490479 -0.273438 0.498039 0.498039 0.498039 #0.000000
v -0.833252 0.213379 -0.358154 0.498039 0.498039 0.498039 #0.000000
v -0.289307 0.024170 -0.416016 0.498039 0.498039 0.498039 #0.000000
v -0.231201 0.339355 -0.319824 0.498039 0.498039 0.498039 #0.000000
v -0.455566 0.396729 -0.302246 0.498039 0.498039 0.498039 #0.000000
v -0.289307 0.024170 -0.416016 0.498039 0.498039 0.498039 #0.000000
v -0.455566 0.396729 -0.302246 0.498039 0.498039 0.498039 #0.000000
v -0.570068 0.095947 -0.394043 0.498039 0.498039 0.498039 #0.000000
v 0.000000 0.000000 -0.423584 0.498039 0.498039 0.498039 #0.000000
v 0.000000 0.319824 -0.325684 0.498039 0.498039 0.498039 #0.000000
v -0.231201 0.339355 -0.319824 0.498039 0.498039 0.498039 #0.000000
v 0.000000 0.000000 -0.423584 0.498039 0.498039 0.498039 #0.000000
v -0.231201 0.339355 -0.319824 0.498039 0.498039 0.498039 #0.000000
v -0.289307 0.024170 -0.416016 0.498039 0.498039 0.498039 #0.000000
v 0.000000 0.000000 -0.423584 0.498039 0.498039 0.498039 #0.000000
v 0.289307 0.024170 -0.416016 0.498039 0.498039 0.498039 #0.000000
v 0.231201 0.339355 -0.319824 0.498039 0.498039 0.498039 #0.000000
v 0.000000 0.000000 -0.423584 0.498039 0.498039 0.498039 #0.000000
v 0.231201 0.339355 -0.319824 0.498039 0.498039 0.498039 #0.000000
v 0.000000 0.319824 -0.325684 0.498039 0.498039 0.498039 #0.000000
v 0.289307 0.024170 -0.416016 0.498039 0.498039 0.498039 #0.000000
v 0.570068 0.095947 -0.394043 0.498039 0.498039 0.498039 #0.000000
v 0.455566 0.396729 -0.302246 0.498039 0.498039 0.498039 #0.000000
v 0.289307 0.024170 -0.416016 0.498039 0.498039 0.498039 #0.000000
v 0.455566 0.396729 -0.302246 0.498039 0.498039 0.498039 #0.000000
v 0.231201 0.339355 -0.319824 0.498039 0.498039 0.498039 #0.000000
v 0.570068 0.095947 -0.394043 0.498039 0.498039 0.498039 #0.000000
v 0.833252 0.213379 -0.358154 0.498039 0.498039 0.498039 #0.000000
v 0.666016 0.490479 -0.273438 0.498039 0.498039 0.498039 #0.000000
v 0.570068 0.095947 -0.394043 0.498039 0.498039 0.498039 #0.000000
v 0.666016 0.490479 -0.273438 0.498039 0.498039 0.498039 #0.000000
v 0.455566 0.396729 -0.302246 0.498039 0.498039 0.498039 #0.000000
v 0.833252 0.213379 -0.358154 0.498039 0.498039 0.498039 #0.000000
v 1.071289 0.372803 -0.309326 0.498039 0.498039 0.498039 #0.000000
v 0.856201 0.617920 -0.234375 0.498039 0.498039 0.498039 #0.000000
v 0.833252 0.213379 -0.358154 0.498039 0.498039 0.498039 #0.000000
v 0.856201 0.617920 -0.234375 0.498039 0.498039 0.498039 #0.000000
v 0.666016 0.490479 -0.273438 0.498039 0.498039 0.498039 #0.000000
v 1.071289 0.372803 -0.309326 0.498039 0.498039 0.498039 #0.000000
v 1.276855 0.569336 -0.249268 0.498039 0.498039 0.498039 #0.000000
v 1.020508 0.774902 -0.186523 0.498039 0.498039 0.498039 #0.000000
v 1.071289 0.372803 -0.309326 0.498039 0.498039 0.498039 #0.000000
v 1.020508 0.774902 -0.186523 0.498039 0.498039 0.498039 #0.000000
v 0.856201 0.617920 -0.234375 0.498039 0.498039 0.498039 #0.000000
v 1.276855 0.569336 -0.249268 0.498039 0.498039 0.498039 #0.000000
v 1.443359 0.796875 -0.179688 0.498039 0.498039 0.498039 #0.000000
v 1.153564 0.957031 -0.130859 0.498039 0.498039 0.498039 #0.000000
v 1.276855 0.569336 -0.249268 0.498039 0.498039 0.498039 #0.000000
v 1.153564 0.957031 -0.130859 0.498039 0.498039 0.498039 #0.000000
v 1.020508 0.774902 -0.186523 0.498039 0.498039 0.498039 #0.000000
v 1.443359 0.796875 -0.179688 0.498039 0.498039 0.498039 #0.000000
v 1.566162 1.048828 -0.102783 0.498039 0.498039 0.498039 #0.000000
v 1.251709 1.158203 -0.069336 0.498039 0.498039 0.498039 #0.000000
v 1.443359 0.796875 -0.179688 0.498039 0.498039 0.498039 #0.000000
v 1.251709 1.158203 -0.069336 0.498039 0.498039 0.498039 #0.000000
v 1.153564 0.957031 -0.130859 0.498039 0.498039 0.498039 #0.000000
v 1.566162 1.048828 -0.102783 0.498039 0.498039 0.498039 #0.000000
v 1.641357 1.317139 -0.020752 0.498039 0.498039 0.498039 #0.000000
v 1.311768 1.372803 -0.003662 0.498039 0.498039 0.498039 #0.000000
v 1.566162 1.048828 -0.102783 0.498039 0.498039 0.498039 #0.000000
v 1.311768 1.372803 -0.003662 0.498039 0.498039 0.498039 #0.000000
v 1.251709 1.158203 -0.069336 0.498039 0.498039 0.498039 #0.000000
v 1.641357 1.317139 -0.020752 0.498039 0.498039 0.498039 #0.000000
v 1.666748 1.593994 0.063721 0.498039 0.498039 0.498039 #0.000000
v 1.332031 1.593994 0.063721 0.498039 0.498039 0.498039 #0.000000
v 1.641357 1.317139 -0.020752 0.498039 0.498039 0.498039 #0.000000
v 1.332031 1.593994 0.063721 0.498039 0.498039 0.498039 #0.000000
v 1.311768 1.372803 -0.003662 0.498039 0.498039 0.498039 #0.000000
v 1.332031 1.593994 0.063721 0.498039 0.498039 0.498039 #0.000000
v 1.666748 1.593994 0.063721 0.498039 0.498039 0.498039 #0.000000
v 1.641357 1.870605 0.148193 0.498039 0.498039 0.498039 #0.000000
v 1.332031 1.593994 0.063721 0.498039 0.498039 0.498039 #0.000000
v 1.641357 1.870605 0.148193 0.498039 0.498039 0.498039 #0.000000
v 1.311768 1.815186 0.131348 0.498039 0.498039 0.498039 #0.000000
v 1.311768 1.815186 0.131348 0.498039 0.498039 0.498039 #0.000000
v 1.641357 1.870605 0.148193 0.498039 0.498039 0.498039 #0.000000
v 1.566162 2.139160 0.230225 0.498039 0.498039 0.498039 #0.000000
v 1.311768 1.815186 0.131348 0.498039 0.498039 0.498039 #0.000000
v 1.566162 2.139160 0.230225 0.498039 0.498039 0.498039 #0.000000
v 1.251709 2.029541 0.196777 0.498039 0.498039 0.498039 #0.000000
v 1.251709 2.029541 0.196777 0.498039 0.498039 0.498039 #0.000000
v 1.566162 2.139160 0.230225 0.498039 0.498039 0.498039 #0.000000
v 1.443359 2.390869 0.307373 0.498039 0.498039 0.498039 #0.000000
v 1.251709 2.029541 0.196777 0.498039 0.498039 0.498039 #0.000000
v 1.443359 2.390869 0.307373 0.498039 0.498039 0.498039 #0.000000
v 1.153564 2.230957 0.258301 0.498039 0.498039 0.498039 #0.000000
v 1.153564 2.230957 0.258301 0.498039 0.498039 0.498039 #0.000000
v 1.443359 2.390869 0.307373 0.498039 0.498039 0.498039 #0.000000
v 1.276855 2.618652 0.376953 0.498039 0.498039 0.498039 #0.000000
v 1.153564 2.230957 0.258301 0.498039 0.498039 0.498039 #0.000000
v 1.276855 2.618652 0.376953 0.498039 0.498039 0.498039 #0.000000
v 1.020508 2.412842 0.313965 0.498039 0.498039 0.498039 #0.000000
v 1.020508 2.412842 0.313965 0.498039 0.498039 0.498039 #0.000000
v 1.276855 2.618652 0.376953 0.498039 0.498039 0.498039 #0.000000
v 1.071289 2.814941 0.437012 0.498039 0.498039 0.498039 #0.000000
v 1.020508 2.412842 0.313965 0.498039 0.498039 0.498039 #0.000000
v 1.071289 2.814941 0.437012 0.498039 0.498039 0.498039 #0.000000
v 0.856201 2.569824 0.362061 0.498039 0.498039 0.498039 #0.000000
v 0.856201 2.569824 0.362061 0.498039 0.498039 0.498039 #0.000000
v 1.071289 2.814941 0.437012 0.498039 0.498039 0.498039 #0.000000
v 0.833252 2.974365 0.485596 0.498039 0.498039 0.498039 #0.000000
v 0.856201 2.569824 0.362061 0.498039 0.498039 0.498039 #0.000000
v 0.833252 2.974365 0.485596 0.498039 0.498039 0.498039 #0.000000
v 0.666016 2.697266 0.400879 0.498039 0.498039 0.498039 #0.000000
v 0.666016 2.697266 0.400879 0.498039 0.498039 0.498039 #0.000000
v 0.833252 2.974365 0.485596 0.498039 0.498039 0.498039 #0.000000
v 0.570068 3.091797 0.521484 0.498039 0.498039 0.498039 #0.000000
v 0.666016 2.697266 0.400879 0.498039 0.498039 0.498039 #0.000000
v 0.570068 3.091797 0.521484 0.498039 0.498039 0.498039 #0.000000
v 0.455566 2.791016 0.429688 0.498039 0.498039 0.498039 #0.000000
v 0.455566 2.791016 0.429688 0.498039 0.498039 0.498039 #0.000000
v 0.570068 3.091797 0.521484 0.498039 0.498039 0.498039 #0.000000
v 0.289307 3.163818 0.543701 0.498039 0.498039 0.498039 #0.000000
v 0.455566 2.791016 0.429688 0.498039 0.498039 0.498039 #0.000000
v 0.289307 3.163818 0.543701 0.498039 0.498039 0.498039 #0.000000
v 0.231201 2.848633 0.447266 0.498039 0.498039 0.498039 #0.000000
v -1.114014 1.386475 0.070068 0.498039 0.498039 0.498039 #0.000000
v -1.114014 1.762207 0.184814 0.498039 0.498039 0.498039 #0.000000
v -1.131348 1.574463 0.127441 0.498039 0.498039 0.498039 #0.000000
v -1.062988 1.204346 0.014160 0.498039 0.498039 0.498039 #0.000000
v -1.114014 1.762207 0.184814 0.498039 0.498039 0.498039 #0.000000
v -1.114014 1.386475 0.070068 0.498039 0.498039 0.498039 #0.000000
v -1.062988 1.204346 0.014160 0.498039 0.498039 0.498039 #0.000000
v -1.062988 1.944580 0.240479 0.498039 0.498039 0.498039 #0.000000
v -1.114014 1.762207 0.184814 0.498039 0.498039 0.498039 #0.000000
v -1.062988 1.204346 0.014160 0.498039 0.498039 0.498039 #0.000000
v -0.979736 2.115479 0.292725 0.498039 0.498039 0.498039 #0.000000
v -1.062988 1.944580 0.240479 0.498039 0.498039 0.498039 #0.000000
v -0.979736 1.033447 -0.037842 0.498039 0.498039 0.498039 #0.000000
v -0.979736 2.115479 0.292725 0.498039 0.498039 0.498039 #0.000000
v -1.062988 1.204346 0.014160 0.498039 0.498039 0.498039 #0.000000
v -0.866699 0.878906 -0.084961 0.498039 0.498039 0.498039 #0.000000
v -0.979736 2.115479 0.292725 0.498039 0.498039 0.498039 #0.000000
v -0.979736 1.033447 -0.037842 0.498039 0.498039 0.498039 #0.000000
v -0.866699 0.878906 -0.084961 0.498039 0.498039 0.498039 #0.000000
v -0.866699 2.270020 0.340088 0.498039 0.498039 0.498039 #0.000000
v -0.979736 2.115479 0.292725 0.498039 0.498039 0.498039 #0.000000
v -0.727051 0.745605 -0.125732 0.498039 0.498039 0.498039 #0.000000
v -0.866699 2.270020 0.340088 0.498039 0.498039 0.498039 #0.000000
v -0.866699 0.878906 -0.084961 0.498039 0.498039 0.498039 #0.000000
v -0.727051 0.745605 -0.125732 0.498039 0.498039 0.498039 #0.000000
v -0.727051 2.403320 0.380859 0.498039 0.498039 0.498039 #0.000000
v -0.866699 2.270020 0.340088 0.498039 0.498039 0.498039 #0.000000
v -0.727051 0.745605 -0.125732 0.498039 0.498039 0.498039 #0.000000
v -0.565674 2.511475 0.413818 0.498039 0.498039 0.498039 #0.000000
v -0.727051 2.403320 0.380859 0.498039 0.498039 0.498039 #0.000000
v -0.565674 0.637451 -0.158936 0.498039 0.498039 0.498039 #0.000000
v -0.565674 2.511475 0.413818 0.498039 0.498039 0.498039 #0.000000
v -0.727051 0.745605 -0.125732 0.498039 0.498039 0.498039 #0.000000
v -0.565674 0.637451 -0.158936 0.498039 0.498039 0.498039 #0.000000
v -0.386963 2.591064 0.438232 0.498039 0.498039 0.498039 #0.000000
v -0.565674 2.511475 0.413818 0.498039 0.498039 0.498039 #0.000000
v -0.386963 0.557617 -0.183105 0.498039 0.498039 0.498039 #0.000000
v -0.386963 2.591064 0.438232 0.498039 0.498039 0.498039 #0.000000
v -0.565674 0.637451 -0.158936 0.498039 0.498039 0.498039 #0.000000
v -0.196289 0.508789 -0.198242 0.498039 0.498039 0.498039 #0.000000
v -0.386963 2.591064 0.438232 0.498039 0.498039 0.498039 #0.000000
v -0.386963 0.557617 -0.183105 0.498039 0.498039 0.498039 #0.000000
v -0.196289 0.508789 -0.198242 0.498039 0.498039 0.498039 #0.000000
v -0.196289 2.639893 0.453125 0.498039 0.498039 0.498039 #0.000000
v -0.386963 2.591064 0.438232 0.498039 0.498039 0.498039 #0.000000
v -0.196289 0.508789 -0.198242 0.498039 0.498039 0.498039 #0.000000
v 0.000000 2.656494 0.458252 0.498039 0.498039 0.498039 #0.000000
v -0.196289 2.639893 0.453125 0.498039 0.498039 0.498039 #0.000000
v 0.000000 0.492432 -0.203125 0.498039 0.498039 0.498039 #0.000000
v 0.000000 2.656494 0.458252 0.498039 0.498039 0.498039 #0.000000
v -0.196289 0.508789 -0.198242 0.498039 0.498039 0.498039 #0.000000
v 0.000000 0.492432 -0.203125 0.498039 0.498039 0.498039 #0.000000
v 0.196289 2.639893 0.453125 0.498039 0.498039 0.498039 #0.000000
v 0.000000 2.656494 0.458252 0.498039 0.498039 0.498039 #0.000000
v 0.000000 0.492432 -0.203125 0.498039 0.498039 0.498039 #0.000000
v 0.196289 0.508789 -0.198242 0.498039 0.498039 0.498039 #0.000000
v 0.196289 2.639893 0.453125 0.498039 0.498039 0.498039 #0.000000
v 0.196289 0.508789 -0.198242 0.498039 0.498039 0.498039 #0.000000
v 0.386963 0.557617 -0.183105 0.498039 0.498039 0.498039 #0.000000
v 0.196289 2.639893 0.453125 0.498039 0.498039 0.498039 #0.000000
v 0.386963 0.557617 -0.183105 0.498039 0.498039 0.498039 #0.000000
v 0.386963 2.591064 0.438232 0.498039 0.498039 0.498039 #0.000000
v 0.196289 2.639893 0.453125 0.498039 0.498039 0.498039 #0.000000
v 0.386963 0.557617 -0.183105 0.498039 0.498039 0.498039 #0.000000
v 0.565674 2.511475 0.413818 0.498039 0.498039 0.498039 #0.000000
v 0.386963 2.591064 0.438232 0.498039 0.498039 0.498039 #0.000000
v 0.386963 0.557617 -0.183105 0.498039 0.498039 0.498039 #0.000000
v 0.565674 0.637451 -0.158936 0.498039 0.498039 0.498039 #0.000000
v 0.565674 2.511475 0.413818 0.498039 0.498039 0.498039 #0.000000
v 0.565674 0.637451 -0.158936 0.498039 0.498039 0.498039 #0.000000
v 0.727051 2.403320 0.380859 0.498039 0.498039 0.498039 #0.000000
v 0.565674 2.511475 0.413818 0.498039 0.498039 0.498039 #0.000000
v 0.565674 0.637451 -0.158936 0.498039 0.498039 0.498039 #0.000000
v 0.727051 0.745605 -0.125732 0.498039 0.498039 0.498039 #0.000000
v 0.727051 2.403320 0.380859 0.498039 0.498039 0.498039 #0.000000
v 0.727051 0.745605 -0.125732 0.498039 0.498039 0.498039 #0.000000
v 0.866699 2.270020 0.340088 0.498039 0.498039 0.498039 #0.000000
v 0.727051 2.403320 0.380859 0.498039 0.498039 0.498039 #0.000000
v 0.727051 0.745605 -0.125732 0.498039 0.498039 0.498039 #0.000000
v 0.866699 0.878906 -0.084961 0.498039 0.498039 0.498039 #0.000000
v 0.866699 2.270020 0.340088 0.498039 0.498039 0.498039 #0.000000
v 0.866699 0.878906 -0.084961 0.498039 0.498039 0.498039 #0.000000
v 0.979736 2.115479 0.292725 0.498039 0.498039 0.498039 #0.000000
v 0.866699 2.270020 0.340088 0.498039 0.498039 0.498039 #0.000000
v 0.866699 0.878906 -0.084961 0.498039 0.498039 0.498039 #0.000000
v 0.979736 1.033447 -0.037842 0.498039 0.498039 0.498039 #0.000000
v 0.979736 2.115479 0.292725 0.498039 0.498039 0.498039 #0.000000
v 0.979736 1.033447 -0.037842 0.498039 0.498039 0.498039 #0.000000
v 1.062988 1.204346 0.014160 0.498039 0.498039 0.498039 #0.000000
v 0.979736 2.115479 0.292725 0.498039 0.498039 0.498039 #0.000000
v 1.062988 1.204346 0.014160 0.498039 0.498039 0.498039 #0.000000
v 1.062988 1.944580 0.240479 0.498039 0.498039 0.498039 #0.000000
v 0.979736 2.115479 0.292725 0.498039 0.498039 0.498039 #0.000000
v 1.062988 1.204346 0.014160 0.498039 0.498039 0.498039 #0.000000
v 1.114014 1.762207 0.184814 0.498039 0.498039 0.498039 #0.000000
v 1.062988 1.944580 0.240479 0.498039 0.498039 0.498039 #0.000000
v 1.062988 1.204346 0.014160 0.498039 0.498039 0.498039 #0.000000
v 1.114014 1.386475 0.070068 0.498039 0.498039 0.498039 #0.000000
v 1.114014 1.762207 0.184814 0.498039 0.498039 0.498039 #0.000000
v 1.114014 1.386475 0.070068 0.498039 0.498039 0.498039 #0.000000
v 1.131348 1.574463 0.127441 0.498039 0.498039 0.498039 #0.000000
v 1.114014 1.762207 0.184814 0.498039 0.498039 0.498039 #0.000000
v 0.196289 2.639893 0.453125 0.498039 0.498039 0.498039 #0.000000
v 0.231201 2.848633 0.447266 0.498039 0.498039 0.498039 #0.000000
v 0.000000 2.656494 0.458252 0.498039 0.498039 0.498039 #0.000000
v 0.000000 2.656494 0.458252 0.498039 0.498039 0.498039 #0.000000
v 0.231201 2.848633 0.447266 0.498039 0.498039 0.498039 #0.000000
v 0.000000 2.867920 0.453125 0.498039 0.498039 0.498039 #0.000000
v -0.196289 2.639893 0.453125 0.498039 0.498039 0.498039 #0.000000
v 0.000000 2.656494 0.458252 0.498039 0.498039 0.498039 #0.000000
v -0.231201 2.848633 0.447266 0.498039 0.498039 0.498039 #0.000000
v 0.000000 2.656494 0.458252 0.498039 0.498039 0.498039 #0.000000
v 0.000000 2.867920 0.453125 0.498039 0.498039 0.498039 #0.000000
v -0.231201 2.848633 0.447266 0.498039 0.498039 0.498039 #0.000000
v -0.386963 2.591064 0.438232 0.498039 0.498039 0.498039 #0.000000
v -0.196289 2.639893 0.453125 0.498039 0.498039 0.498039 #0.000000
v -0.455566 2.791016 0.429688 0.498039 0.498039 0.498039 #0.000000
v -0.196289 2.639893 0.453125 0.498039 0.498039 0.498039 #0.000000
v -0.231201 2.848633 0.447266 0.498039 0.498039 0.498039 #0.000000
v -0.455566 2.791016 0.429688 0.498039 0.498039 0.498039 #0.000000
v -0.565674 2.511475 0.413818 0.498039 0.498039 0.498039 #0.000000
v -0.386963 2.591064 0.438232 0.498039 0.498039 0.498039 #0.000000
v -0.666016 2.697266 0.400879 0.498039 0.498039 0.498039 #0.000000
v -0.386963 2.591064 0.438232 0.498039 0.498039 0.498039 #0.000000
v -0.455566 2.791016 0.429688 0.498039 0.498039 0.498039 #0.000000
v -0.666016 2.697266 0.400879 0.498039 0.498039 0.498039 #0.000000
v -0.727051 2.403320 0.380859 0.498039 0.498039 0.498039 #0.000000
v -0.565674 2.511475 0.413818 0.498039 0.498039 0.498039 #0.000000
v -0.856201 2.569824 0.362061 0.498039 0.498039 0.498039 #0.000000
v -0.565674 2.511475 0.413818 0.498039 0.498039 0.498039 #0.000000
v -0.666016 2.697266 0.400879 0.498039 0.498039 0.498039 #0.000000
v -0.856201 2.569824 0.362061 0.498039 0.498039 0.498039 #0.000000
v -0.866699 2.270020 0.340088 0.498039 0.498039 0.498039 #0.000000
v -0.727051 2.403320 0.380859 0.498039 0.498039 0.498039 #0.000000
v -1.020508 2.412842 0.313965 0.498039 0.498039 0.498039 #0.000000
v -0.727051 2.403320 0.380859 0.498039 0.498039 0.498039 #0.000000
v -0.856201 2.569824 0.362061 0.498039 0.498039 0.498039 #0.000000
v -1.020508 2.412842 0.313965 0.498039 0.498039 0.498039 #0.000000
v -0.979736 2.115479 0.292725 0.498039 0.498039 0.498039 #0.000000
v -0.866699 2.270020 0.340088 0.498039 0.498039 0.498039 #0.000000
v -1.153564 2.230957 0.258301 0.498039 0.498039 0.498039 #0.000000
v -1.153564 2.230957 0.258301 0.498039 0.498039 0.498039 #0.000000
v -0.866699 2.270020 0.340088 0.498039 0.498039 0.498039 #0.000000
v -1.020508 2.412842 0.313965 0.498039 0.498039 0.498039 #0.000000
v -1.062988 1.944580 0.240479 0.498039 0.498039 0.498039 #0.000000
v -0.979736 2.115479 0.292725 0.498039 0.498039 0.498039 #0.000000
v -1.251709 2.029541 0.196777 0.498039 0.498039 0.498039 #0.000000
v -1.251709 2.029541 0.196777 0.498039 0.498039 0.498039 #0.000000
v -0.979736 2.115479 0.292725 0.498039 0.498039 0.498039 #0.000000
v -1.153564 2.230957 0.258301 0.498039 0.498039 0.498039 #0.000000
v -1.114014 1.762207 0.184814 0.498039 0.498039 0.498039 #0.000000
v -1.062988 1.944580 0.240479 0.498039 0.498039 0.498039 #0.000000
v -1.311768 1.815186 0.131348 0.498039 0.498039 0.498039 #0.000000
v -1.311768 1.815186 0.131348 0.498039 0.498039 0.498039 #0.000000
v -1.062988 1.944580 0.240479 0.498039 0.498039 0.498039 #0.000000
v -1.251709 2.029541 0.196777 0.498039 0.498039 0.498039 #0.000000
v -1.131348 1.574463 0.127441 0.498039 0.498039 0.498039 #0.000000
v -1.114014 1.762207 0.184814 0.498039 0.498039 0.498039 #0.000000
v -1.332031 1.593994 0.063721 0.498039 0.498039 0.498039 #0.000000
v -1.332031 1.593994 0.063721 0.498039 0.498039 0.498039 #0.000000
v -1.114014 1.762207 0.184814 0.498039 0.498039 0.498039 #0.000000
v -1.311768 1.815186 0.131348 0.498039 0.498039 0.498039 #0.000000
v -1.311768 1.372803 -0.003662 0.498039 0.498039 0.498039 #0.000000
v -1.114014 1.386475 0.070068 0.498039 0.498039 0.498039 #0.000000
v -1.131348 1.574463 0.127441 0.498039 0.498039 0.498039 #0.000000
v -1.311768 1.372803 -0.003662 0.498039 0.498039 0.498039 #0.000000
v -1.131348 1.574463 0.127441 0.498039 0.498039 0.498039 #0.000000
v -1.332031 1.593994 0.063721 0.498039 0.498039 0.498039 #0.000000
v -1.251709 1.158203 -0.069336 0.498039 0.498039 0.498039 #0.000000
v -1.062988 1.204346 0.014160 0.498039 0.498039 0.498039 #0.000000
v -1.114014 1.386475 0.070068 0.498039 0.498039 0.498039 #0.000000
v -1.251709 1.158203 -0.069336 0.498039 0.498039 0.498039 #0.000000
v -1.114014 1.386475 0.070068 0.498039 0.498039 0.498039 #0.000000
v -1.311768 1.372803 -0.003662 0.498039 0.498039 0.498039 #0.000000
v -1.153564 0.957031 -0.130859 0.498039 0.498039 0.498039 #0.000000
v -0.979736 1.033447 -0.037842 0.498039 0.498039 0.498039 #0.000000
v -1.062988 1.204346 0.014160 0.498039 0.498039 0.498039 #0.000000
v -1.153564 0.957031 -0.130859 0.498039 0.498039 0.498039 #0.000000
v -1.062988 1.204346 0.014160 0.498039 0.498039 0.498039 #0.000000
v -1.251709 1.158203 -0.069336 0.498039 0.498039 0.498039 #0.000000
v -1.020508 0.774902 -0.186523 0.498039 0.498039 0.498039 #0.000000
v -0.866699 0.878906 -0.084961 0.498039 0.498039 0.498039 #0.000000
v -0.979736 1.033447 -0.037842 0.498039 0.498039 0.498039 #0.000000
v -1.020508 0.774902 -0.186523 0.498039 0.498039 0.498039 #0.000000
v -0.979736 1.033447 -0.037842 0.498039 0.498039 0.498039 #0.000000
v -1.153564 0.957031 -0.130859 0.498039 0.498039 0.498039 #0.000000
v -0.856201 0.617920 -0.234375 0.498039 0.498039 0.498039 #0.000000
v -0.727051 0.745605 -0.125732 0.498039 0.498039 0.498039 #0.000000
v -0.866699 0.878906 -0.084961 0.498039 0.498039 0.498039 #0.000000
v -0.856201 0.617920 -0.234375 0.498039 0.498039 0.498039 #0.000000
v -0.866699 0.878906 -0.084961 0.498039 0.498039 0.498039 #0.000000
v -1.020508 0.774902 -0.186523 0.498039 0.498039 0.498039 #0.000000
v -0.666016 0.490479 -0.273438 0.498039 0.498039 0.498039 #0.000000
v -0.565674 0.637451 -0.158936 0.498039 0.498039 0.498039 #0.000000
v -0.727051 0.745605 -0.125732 0.498039 0.498039 0.498039 #0.000000
v -0.666016 0.490479 -0.273438 0.498039 0.498039 0.498039 #0.000000
v -0.727051 0.745605 -0.125732 0.498039 0.498039 0.498039 #0.000000
v -0.856201 0.617920 -0.234375 0.498039 0.498039 0.498039 #0.000000
v -0.455566 0.396729 -0.302246 0.498039 0.498039 0.498039 #0.000000
v -0.386963 0.557617 -0.183105 0.498039 0.498039 0.498039 #0.000000
v -0.565674 0.637451 -0.158936 0.498039 0.498039 0.498039 #0.000000
v -0.455566 0.396729 -0.302246 0.498039 0.498039 0.498039 #0.000000
v -0.565674 0.637451 -0.158936 0.498039 0.498039 0.498039 #0.000000
v -0.666016 0.490479 -0.273438 0.498039 0.498039 0.498039 #0.000000
v -0.231201 0.339355 -0.319824 0.498039 0.498039 0.498039 #0.000000
v -0.196289 0.508789 -0.198242 0.498039 0.498039 0.498039 #0.000000
v -0.386963 0.557617 -0.183105 0.498039 0.498039 0.498039 #0.000000
v -0.231201 0.339355 -0.319824 0.498039 0.498039 0.498039 #0.000000
v -0.386963 0.557617 -0.183105 0.498039 0.498039 0.498039 #0.000000
v -0.455566 0.396729 -0.302246 0.498039 0.498039 0.498039 #0.000000
v 0.000000 0.319824 -0.325684 0.498039 0.498039 0.498039 #0.000000
v 0.000000 0.492432 -0.203125 0.498039 0.498039 0.498039 #0.000000
v -0.196289 0.508789 -0.198242 0.498039 0.498039 0.498039 #0.000000
v 0.000000 0.319824 -0.325684 0.498039 0.498039 0.498039 #0.000000
v -0.196289 0.508789 -0.198242 0.498039 0.498039 0.498039 #0.000000
v -0.231201 0.339355 -0.319824 0.498039 0.498039 0.498039 #0.000000
v 0.000000 0.319824 -0.325684 0.498039 0.498039 0.498039 #0.000000
v 0.231201 0.339355 -0.319824 0.498039 0.498039 0.498039 #0.000000
v 0.196289 0.508789 -0.198242 0.498039 0.498039 0.498039 #0.000000
v 0.000000 0.319824 -0.325684 0.498039 0.498039 0.498039 #0.000000
v 0.196289 0.508789 -0.198242 0.498039 0.498039 0.498039 #0.000000
v 0.000000 0.492432 -0.203125 0.498039 0.498039 0.498039 #0.000000
v 0.231201 0.339355 -0.319824 0.498039 0.498039 0.498039 #0.000000
v 0.455566 0.396729 -0.302246 0.498039 0.498039 0.498039 #0.000000
v 0.386963 0.557617 -0.183105 0.498039 0.498039 0.498039 #0.000000
v 0.231201 0.339355 -0.319824 0.498039 0.498039 0.498039 #0.000000
v 0.386963 0.557617 -0.183105 0.498039 0.498039 0.498039 #0.000000
v 0.196289 0.508789 -0.198242 0.498039 0.498039 0.498039 #0.000000
v 0.455566 0.396729 -0.302246 0.498039 0.498039 0.498039 #0.000000
v 0.666016 0.490479 -0.273438 0.498039 0.498039 0.498039 #0.000000
v 0.565674 0.637451 -0.158936 0.498039 0.498039 0.498039 #0.000000
v 0.455566 0.396729 -0.302246 0.498039 0.498039 0.498039 #0.000000
v 0.565674 0.637451 -0.158936 0.498039 0.498039 0.498039 #0.000000
v 0.386963 0.557617 -0.183105 0.498039 0.498039 0.498039 #0.000000
v 0.666016 0.490479 -0.273438 0.498039 0.498039 0.498039 #0.000000
v 0.856201 0.617920 -0.234375 0.498039 0.498039 0.498039 #0.000000
v 0.727051 0.745605 -0.125732 0.498039 0.498039 0.498039 #0.000000
v 0.666016 0.490479 -0.273438 0.498039 0.498039 0.498039 #0.000000
v 0.727051 0.745605 -0.125732 0.498039 0.498039 0.498039 #0.000000
v 0.565674 0.637451 -0.158936 0.498039 0.498039 0.498039 #0.000000
v 0.856201 0.617920 -0.234375 0.498039 0.498039 0.498039 #0.000000
v 1.020508 0.774902 -0.186523 0.498039 0.498039 0.498039 #0.000000
v 0.866699 0.878906 -0.084961 0.498039 0.498039 0.498039 #0.000000
v 0.856201 0.617920 -0.234375 0.498039 0.498039 0.498039 #0.000000
v 0.866699 0.878906 -0.084961 0.498039 0.498039 0.498039 #0.000000
v 0.727051 0.745605 -0.125732 0.498039 0.498039 0.498039 #0.000000
v 1.020508 0.774902 -0.186523 0.498039 0.498039 0.498039 #0.000000
v 1.153564 0.957031 -0.130859 0.498039 0.498039 0.498039 #0.000000
v 0.979736 1.033447 -0.037842 0.498039 0.498039 0.498039 #0.000000
v 1.020508 0.774902 -0.186523 0.498039 0.498039 0.498039 #0.000000
v 0.979736 1.033447 -0.037842 0.498039 0.498039 0.498039 #0.000000
v 0.866699 0.878906 -0.084961 0.498039 0.498039 0.498039 #0.000000
v 1.153564 0.957031 -0.130859 0.498039 0.498039 0.498039 #0.000000
v 1.251709 1.158203 -0.069336 0.498039 0.498039 0.498039 #0.000000
v 1.062988 1.204346 0.014160 0.498039 0.498039 0.498039 #0.000000
v 1.153564 0.957031 -0.130859 0.498039 0.498039 0.498039 #0.000000
v 1.062988 1.204346 0.014160 0.498039 0.498039 0.498039 #0.000000
v 0.979736 1.033447 -0.037842 0.498039 0.498039 0.498039 #0.000000
v 1.251709 1.158203 -0.069336 0.498039 0.498039 0.498039 #0.000000
v 1.311768 1.372803 -0.003662 0.498039 0.498039 0.498039 #0.000000
v 1.114014 1.386475 0.070068 0.498039 0.498039 0.498039 #0.000000
v 1.251709 1.158203 -0.069336 0.498039 0.498039 0.498039 #0.000000
v 1.114014 1.386475 0.070068 0.498039 0.498039 0.498039 #0.000000
v 1.062988 1.204346 0.014160 0.498039 0.498039 0.498039 #0.000000
v 1.311768 1.372803 -0.003662 0.498039 0.498039 0.498039 #0.000000
v 1.332031 1.593994 0.063721 0.498039 0.498039 0.498039 #0.000000
v 1.131348 1.574463 0.127441 0.498039 0.498039 0.498039 #0.000000
v 1.311768 1.372803 -0.003662 0.498039 0.498039 0.498039 #0.000000
v 1.131348 1.574463 0.127441 0.498039 0.498039 0.498039 #0.000000
v 1.114014 1.386475 0.070068 0.498039 0.498039 0.498039 #0.000000
v 1.332031 1.593994 0.063721 0.498039 0.498039 0.498039 #0.000000
v 1.311768 1.815186 0.131348 0.498039 0.498039 0.498039 #0.000000
v 1.114014 1.762207 0.184814 0.498039 0.498039 0.498039 #0.000000
v 1.131348 1.574463 0.127441 0.498039 0.498039 0.498039 #0.000000
v 1.332031 1.593994 0.063721 0.498039 0.498039 0.498039 #0.000000
v 1.114014 1.762207 0.184814 0.498039 0.498039 0.498039 #0.000000
v 1.114014 1.762207 0.184814 0.498039 0.498039 0.498039 #0.000000
v 1.311768 1.815186 0.131348 0.498039 0.498039 0.498039 #0.000000
v 1.062988 1.944580 0.240479 0.498039 0.498039 0.498039 #0.000000
v 1.311768 1.815186 0.131348 0.498039 0.498039 0.498039 #0.000000
v 1.251709 2.029541 0.196777 0.498039 0.498039 0.498039 #0.000000
v 1.062988 1.944580 0.240479 0.498039 0.498039 0.498039 #0.000000
v 1.062988 1.944580 0.240479 0.498039 0.498039 0.498039 #0.000000
v 1.251709 2.029541 0.196777 0.498039 0.498039 0.498039 #0.000000
v 0.979736 2.115479 0.292725 0.498039 0.498039 0.498039 #0.000000
v 1.251709 2.029541 0.196777 0.498039 0.498039 0.498039 #0.000000
v 1.153564 2.230957 0.258301 0.498039 0.498039 0.498039 #0.000000
v 0.979736 2.115479 0.292725 0.498039 0.498039 0.498039 #0.000000
v 0.979736 2.115479 0.292725 0.498039 0.498039 0.498039 #0.000000
v 1.153564 2.230957 0.258301 0.498039 0.498039 0.498039 #0.000000
v 0.866699 2.270020 0.340088 0.498039 0.498039 0.498039 #0.000000
v 1.153564 2.230957 0.258301 0.498039 0.498039 0.498039 #0.000000
v 1.020508 2.412842 0.313965 0.498039 0.498039 0.498039 #0.000000
v 0.866699 2.270020 0.340088 0.498039 0.498039 0.498039 #0.000000
v 0.866699 2.270020 0.340088 0.498039 0.498039 0.498039 #0.000000
v 1.020508 2.412842 0.313965 0.498039 0.498039 0.498039 #0.000000
v 0.727051 2.403320 0.380859 0.498039 0.498039 0.498039 #0.000000
v 0.727051 2.403320 0.380859 0.498039 0.498039 0.498039 #0.000000
v 1.020508 2.412842 0.313965 0.498039 0.498039 0.498039 #0.000000
v 0.856201 2.569824 0.362061 0.498039 0.498039 0.498039 #0.000000
v 0.727051 2.403320 0.380859 0.498039 0.498039 0.498039 #0.000000
v 0.856201 2.569824 0.362061 0.498039 0.498039 0.498039 #0.000000
v 0.565674 2.511475 0.413818 0.498039 0.498039 0.498039 #0.000000
v 0.565674 2.511475 0.413818 0.498039 0.498039 0.498039 #0.000000
v 0.856201 2.569824 0.362061 0.498039 0.498039 0.498039 #0.000000
v 0.666016 2.697266 0.400879 0.498039 0.498039 0.498039 #0.000000
v 0.565674 2.511475 0.413818 0.498039 0.498039 0.498039 #0.000000
v 0.666016 2.697266 0.400879 0.498039 0.498039 0.498039 #0.000000
v 0.386963 2.591064 0.438232 0.498039 0.498039 0.498039 #0.000000
v 0.386963 2.591064 0.438232 0.498039 0.498039 0.498039 #0.000000
v 0.666016 2.697266 0.400879 0.498039 0.498039 0.498039 #0.000000
v 0.455566 2.791016 0.429688 0.498039 0.498039 0.498039 #0.000000
v 0.386963 2.591064 0.438232 0.498039 0.498039 0.498039 #0.000000
v 0.455566 2.791016 0.429688 0.498039 0.498039 0.498039 #0.000000
v 0.196289 2.639893 0.453125 0.498039 0.498039 0.498039 #0.000000
v 0.196289 2.639893 0.453125 0.498039 0.498039 0.498039 #0.000000
v 0.455566 2.791016 0.429688 0.498039 0.498039 0.498039 #0.000000
v 0.231201 2.848633 0.447266 0.498039 0.498039 0.498039 #0.000000
v 0.289307 3.163818 0.543701 0.498039 0.498039 0.498039 #0.000000
v 0.289307 3.202637 0.416016 0.498039 0.498039 0.498039 #0.000000
v 0.000000 3.227051 0.423584 0.498039 0.498039 0.498039 #0.000000
v 0.289307 3.163818 0.543701 0.498039 0.498039 0.498039 #0.000000
v 0.000000 3.227051 0.423584 0.498039 0.498039 0.498039 #0.000000
v 0.000000 3.187988 0.551025 0.498039 0.498039 0.498039 #0.000000
v 0.570068 3.091797 0.521484 0.498039 0.498039 0.498039 #0.000000
v 0.570068 3.130859 0.394043 0.498039 0.498039 0.498039 #0.000000
v 0.289307 3.202637 0.416016 0.498039 0.498039 0.498039 #0.000000
v 0.570068 3.091797 0.521484 0.498039 0.498039 0.498039 #0.000000
v 0.289307 3.202637 0.416016 0.498039 0.498039 0.498039 #0.000000
v 0.289307 3.163818 0.543701 0.498039 0.498039 0.498039 #0.000000
v 0.833252 2.974365 0.485596 0.498039 0.498039 0.498039 #0.000000
v 0.833252 3.013428 0.358154 0.498039 0.498039 0.498039 #0.000000
v 0.570068 3.130859 0.394043 0.498039 0.498039 0.498039 #0.000000
v 0.833252 2.974365 0.485596 0.498039 0.498039 0.498039 #0.000000
v 0.570068 3.130859 0.394043 0.498039 0.498039 0.498039 #0.000000
v 0.570068 3.091797 0.521484 0.498039 0.498039 0.498039 #0.000000
v 1.071289 2.814941 0.437012 0.498039 0.498039 0.498039 #0.000000
v 1.071289 2.854004 0.309326 0.498039 0.498039 0.498039 #0.000000
v 0.833252 3.013428 0.358154 0.498039 0.498039 0.498039 #0.000000
v 1.071289 2.814941 0.437012 0.498039 0.498039 0.498039 #0.000000
v 0.833252 3.013428 0.358154 0.498039 0.498039 0.498039 #0.000000
v 0.833252 2.974365 0.485596 0.498039 0.498039 0.498039 #0.000000
v 1.276855 2.618652 0.376953 0.498039 0.498039 0.498039 #0.000000
v 1.276855 2.657471 0.249268 0.498039 0.498039 0.498039 #0.000000
v 1.071289 2.854004 0.309326 0.498039 0.498039 0.498039 #0.000000
v 1.276855 2.618652 0.376953 0.498039 0.498039 0.498039 #0.000000
v 1.071289 2.854004 0.309326 0.498039 0.498039 0.498039 #0.000000
v 1.071289 2.814941 0.437012 0.498039 0.498039 0.498039 #0.000000
v 1.443359 2.390869 0.307373 0.498039 0.498039 0.498039 #0.000000
v 1.443359 2.429932 0.179688 0.498039 0.498039 0.498039 #0.000000
v 1.276855 2.657471 0.249268 0.498039 0.498039 0.498039 #0.000000
v 1.443359 2.390869 0.307373 0.498039 0.498039 0.498039 #0.000000
v 1.276855 2.657471 0.249268 0.498039 0.498039 0.498039 #0.000000
v 1.276855 2.618652 0.376953 0.498039 0.498039 0.498039 #0.000000
v 1.566162 2.139160 0.230225 0.498039 0.498039 0.498039 #0.000000
v 1.566162 2.177979 0.102783 0.498039 0.498039 0.498039 #0.000000
v 1.443359 2.429932 0.179688 0.498039 0.498039 0.498039 #0.000000
v 1.566162 2.139160 0.230225 0.498039 0.498039 0.498039 #0.000000
v 1.443359 2.429932 0.179688 0.498039 0.498039 0.498039 #0.000000
v 1.443359 2.390869 0.307373 0.498039 0.498039 0.498039 #0.000000
v 1.641357 1.870605 0.148193 0.498039 0.498039 0.498039 #0.000000
v 1.641357 1.909668 0.020752 0.498039 0.498039 0.498039 #0.000000
v 1.566162 2.177979 0.102783 0.498039 0.498039 0.498039 #0.000000
v 1.641357 1.870605 0.148193 0.498039 0.498039 0.498039 #0.000000
v 1.566162 2.177979 0.102783 0.498039 0.498039 0.498039 #0.000000
v 1.566162 2.139160 0.230225 0.498039 0.498039 0.498039 #0.000000
v 1.666748 1.632812 -0.063721 0.498039 0.498039 0.498039 #0.000000
v 1.641357 1.909668 0.020752 0.498039 0.498039 0.498039 #0.000000
v 1.641357 1.870605 0.148193 0.498039 0.498039 0.498039 #0.000000
v 1.666748 1.593994 0.063721 0.498039 0.498039 0.498039 #0.000000
v 1.666748 1.632812 -0.063721 0.498039 0.498039 0.498039 #0.000000
v 1.641357 1.870605 0.148193 0.498039 0.498039 0.498039 #0.000000
v 1.641357 1.356201 -0.148193 0.498039 0.498039 0.498039 #0.000000
v 1.666748 1.632812 -0.063721 0.498039 0.498039 0.498039 #0.000000
v 1.666748 1.593994 0.063721 0.498039 0.498039 0.498039 #0.000000
v 1.641357 1.317139 -0.020752 0.498039 0.498039 0.498039 #0.000000
v 1.641357 1.356201 -0.148193 0.498039 0.498039 0.498039 #0.000000
v 1.666748 1.593994 0.063721 0.498039 0.498039 0.498039 #0.000000
v 1.566162 1.087646 -0.230225 0.498039 0.498039 0.498039 #0.000000
v 1.641357 1.356201 -0.148193 0.498039 0.498039 0.498039 #0.000000
v 1.641357 1.317139 -0.020752 0.498039 0.498039 0.498039 #0.000000
v 1.566162 1.048828 -0.102783 0.498039 0.498039 0.498039 #0.000000
v 1.566162 1.087646 -0.230225 0.498039 0.498039 0.498039 #0.000000
v 1.641357 1.317139 -0.020752 0.498039 0.498039 0.498039 #0.000000
v 1.443359 0.835938 -0.307373 0.498039 0.498039 0.498039 #0.000000
v 1.566162 1.087646 -0.230225 0.498039 0.498039 0.498039 #0.000000
v 1.566162 1.048828 -0.102783 0.498039 0.498039 0.498039 #0.000000
v 1.443359 0.796875 -0.179688 0.498039 0.498039 0.498039 #0.000000
v 1.443359 0.835938 -0.307373 0.498039 0.498039 0.498039 #0.000000
v 1.566162 1.048828 -0.102783 0.498039 0.498039 0.498039 #0.000000
v 1.276855 0.569336 -0.249268 0.498039 0.498039 0.498039 #0.000000
v 1.276855 0.608398 -0.376953 0.498039 0.498039 0.498039 #0.000000
v 1.443359 0.835938 -0.307373 0.498039 0.498039 0.498039 #0.000000
v 1.276855 0.569336 -0.249268 0.498039 0.498039 0.498039 #0.000000
v 1.443359 0.835938 -0.307373 0.498039 0.498039 0.498039 #0.000000
v 1.443359 0.796875 -0.179688 0.498039 0.498039 0.498039 #0.000000
v 1.071289 0.372803 -0.309326 0.498039 0.498039 0.498039 #0.000000
v 1.071289 0.411865 -0.437012 0.498039 0.498039 0.498039 #0.000000
v 1.276855 0.608398 -0.376953 0.498039 0.498039 0.498039 #0.000000
v 1.071289 0.372803 -0.309326 0.498039 0.498039 0.498039 #0.000000
v 1.276855 0.608398 -0.376953 0.498039 0.498039 0.498039 #0.000000
v 1.276855 0.569336 -0.249268 0.498039 0.498039 0.498039 #0.000000
v 0.833252 0.213379 -0.358154 0.498039 0.498039 0.498039 #0.000000
v 0.833252 0.252441 -0.485596 0.498039 0.498039 0.498039 #0.000000
v 1.071289 0.411865 -0.437012 0.498039 0.498039 0.498039 #0.000000
v 0.833252 0.213379 -0.358154 0.498039 0.498039 0.498039 #0.000000
v 1.071289 0.411865 -0.437012 0.498039 0.498039 0.498039 #0.000000
v 1.071289 0.372803 -0.309326 0.498039 0.498039 0.498039 #0.000000
v 0.570068 0.095947 -0.394043 0.498039 0.498039 0.498039 #0.000000
v 0.570068 0.135010 -0.521484 0.498039 0.498039 0.498039 #0.000000
v 0.833252 0.252441 -0.485596 0.498039 0.498039 0.498039 #0.000000
v 0.570068 0.095947 -0.394043 0.498039 0.498039 0.498039 #0.000000
v 0.833252 0.252441 -0.485596 0.498039 0.498039 0.498039 #0.000000
v 0.833252 0.213379 -0.358154 0.498039 0.498039 0.498039 #0.000000
v 0.289307 0.024170 -0.416016 0.498039 0.498039 0.498039 #0.000000
v 0.289307 0.062988 -0.543701 0.498039 0.498039 0.498039 #0.000000
v 0.570068 0.135010 -0.521484 0.498039 0.498039 0.498039 #0.000000
v 0.289307 0.024170 -0.416016 0.498039 0.498039 0.498039 #0.000000
v 0.570068 0.135010 -0.521484 0.498039 0.498039 0.498039 #0.000000
v 0.570068 0.095947 -0.394043 0.498039 0.498039 0.498039 #0.000000
v 0.000000 0.000000 -0.423584 0.498039 0.498039 0.498039 #0.000000
v 0.000000 0.038818 -0.551025 0.498039 0.498039 0.498039 #0.000000
v 0.289307 0.062988 -0.543701 0.498039 0.498039 0.498039 #0.000000
v 0.000000 0.000000 -0.423584 0.498039 0.498039 0.498039 #0.000000
v 0.289307 0.062988 -0.543701 0.498039 0.498039 0.498039 #0.000000
v 0.289307 0.024170 -0.416016 0.498039 0.498039 0.498039 #0.000000
v 0.000000 0.000000 -0.423584 0.498039 0.498039 0.498039 #0.000000
v -0.289307 0.062988 -0.543701 0.498039 0.498039 0.498039 #0.000000
v 0.000000 0.038818 -0.551025 0.498039 0.498039 0.498039 #0.000000
v 0.000000 0.000000 -0.423584 0.498039 0.498039 0.498039 #0.000000
v -0.289307 0.024170 -0.416016 0.498039 0.498039 0.498039 #0.000000
v -0.289307 0.062988 -0.543701 0.498039 0.498039 0.498039 #0.000000
v -0.289307 0.024170 -0.416016 0.498039 0.498039 0.498039 #0.000000
v -0.570068 0.135010 -0.521484 0.498039 0.498039 0.498039 #0.000000
v -0.289307 0.062988 -0.543701 0.498039 0.498039 0.498039 #0.000000
v -0.289307 0.024170 -0.416016 0.498039 0.498039 0.498039 #0.000000
v -0.570068 0.095947 -0.394043 0.498039 0.498039 0.498039 #0.000000
v -0.570068 0.135010 -0.521484 0.498039 0.498039 0.498039 #0.000000
v -0.570068 0.095947 -0.394043 0.498039 0.498039 0.498039 #0.000000
v -0.833252 0.252441 -0.485596 0.498039 0.498039 0.498039 #0.000000
v -0.570068 0.135010 -0.521484 0.498039 0.498039 0.498039 #0.000000
v -0.570068 0.095947 -0.394043 0.498039 0.498039 0.498039 #0.000000
v -0.833252 0.213379 -0.358154 0.498039 0.498039 0.498039 #0.000000
v -0.833252 0.252441 -0.485596 0.498039 0.498039 0.498039 #0.000000
v -0.833252 0.213379 -0.358154 0.498039 0.498039 0.498039 #0.000000
v -1.071289 0.411865 -0.437012 0.498039 0.498039 0.498039 #0.000000
v -0.833252 0.252441 -0.485596 0.498039 0.498039 0.498039 #0.000000
v -0.833252 0.213379 -0.358154 0.498039 0.498039 0.498039 #0.000000
v -1.071289 0.372803 -0.309326 0.498039 0.498039 0.498039 #0.000000
v -1.071289 0.411865 -0.437012 0.498039 0.498039 0.498039 #0.000000
v -1.071289 0.372803 -0.309326 0.498039 0.498039 0.498039 #0.000000
v -1.276855 0.608398 -0.376953 0.498039 0.498039 0.498039 #0.000000
v -1.071289 0.411865 -0.437012 0.498039 0.498039 0.498039 #0.000000
v -1.071289 0.372803 -0.309326 0.498039 0.498039 0.498039 #0.000000
v -1.276855 0.569336 -0.249268 0.498039 0.498039 0.498039 #0.000000
v -1.276855 0.608398 -0.376953 0.498039 0.498039 0.498039 #0.000000
v -1.276855 0.569336 -0.249268 0.498039 0.498039 0.498039 #0.000000
v -1.443359 0.835938 -0.307373 0.498039 0.498039 0.498039 #0.000000
v -1.276855 0.608398 -0.376953 0.498039 0.498039 0.498039 #0.000000
v -1.276855 0.569336 -0.249268 0.498039 0.498039 0.498039 #0.000000
v -1.443359 0.796875 -0.179688 0.498039 0.498039 0.498039 #0.000000
v -1.443359 0.835938 -0.307373 0.498039 0.498039 0.498039 #0.000000
v -1.443359 0.796875 -0.179688 0.498039 0.498039 0.498039 #0.000000
v -1.566162 1.048828 -0.102783 0.498039 0.498039 0.498039 #0.000000
v -1.443359 0.835938 -0.307373 0.498039 0.498039 0.498039 #0.000000
v -1.443359 0.835938 -0.307373 0.498039 0.498039 0.498039 #0.000000
v -1.566162 1.048828 -0.102783 0.498039 0.498039 0.498039 #0.000000
v -1.566162 1.087646 -0.230225 0.498039 0.498039 0.498039 #0.000000
v -1.566162 1.048828 -0.102783 0.498039 0.498039 0.498039 #0.000000
v -1.641357 1.317139 -0.020752 0.498039 0.498039 0.498039 #0.000000
v -1.566162 1.087646 -0.230225 0.498039 0.498039 0.498039 #0.000000
v -1.566162 1.087646 -0.230225 0.498039 0.498039 0.498039 #0.000000
v -1.641357 1.317139 -0.020752 0.498039 0.498039 0.498039 #0.000000
v -1.641357 1.356201 -0.148193 0.498039 0.498039 0.498039 #0.000000
v -1.641357 1.317139 -0.020752 0.498039 0.498039 0.498039 #0.000000
v -1.666748 1.593994 0.063721 0.498039 0.498039 0.498039 #0.000000
v -1.641357 1.356201 -0.148193 0.498039 0.498039 0.498039 #0.000000
v -1.641357 1.356201 -0.148193 0.498039 0.498039 0.498039 #0.000000
v -1.666748 1.593994 0.063721 0.498039 0.498039 0.498039 #0.000000
v -1.666748 1.632812 -0.063721 0.498039 0.498039 0.498039 #0.000000
v -1.666748 1.593994 0.063721 0.498039 0.498039 0.498039 #0.000000
v -1.641357 1.870605 0.148193 0.498039 0.498039 0.498039 #0.000000
v -1.666748 1.632812 -0.063721 0.498039 0.498039 0.498039 #0.000000
v -1.666748 1.632812 -0.063721 0.498039 0.498039 0.498039 #0.000000
v -1.641357 1.870605 0.148193 0.498039 0.498039 0.498039 #0.000000
v -1.641357 1.909668 0.020752 0.498039 0.498039 0.498039 #0.000000
v -1.641357 1.870605 0.148193 0.498039 0.498039 0.498039 #0.000000
v -1.566162 2.177979 0.102783 0.498039 0.498039 0.498039 #0.000000
v -1.641357 1.909668 0.020752 0.498039 0.498039 0.498039 #0.000000
v -1.641357 1.870605 0.148193 0.498039 0.498039 0.498039 #0.000000
v -1.566162 2.139160 0.230225 0.498039 0.498039 0.498039 #0.000000
v -1.566162 2.177979 0.102783 0.498039 0.498039 0.498039 #0.000000
v -1.566162 2.139160 0.230225 0.498039 0.498039 0.498039 #0.000000
v -1.443359 2.429932 0.179688 0.498039 0.498039 0.498039 #0.000000
v -1.566162 2.177979 0.102783 0.498039 0.498039 0.498039 #0.000000
v -1.566162 2.139160 0.230225 0.498039 0.498039 0.498039 #0.000000
v -1.443359 2.390869 0.307373 0.498039 0.498039 0.498039 #0.000000
v -1.443359 2.429932 0.179688 0.498039 0.498039 0.498039 #0.000000
v -1.443359 2.390869 0.307373 0.498039 0.498039 0.498039 #0.000000
v -1.276855 2.657471 0.249268 0.498039 0.498039 0.498039 #0.000000
v -1.443359 2.429932 0.179688 0.498039 0.498039 0.498039 #0.000000
v -1.443359 2.390869 0.307373 0.498039 0.498039 0.498039 #0.000000
v -1.276855 2.618652 0.376953 0.498039 0.498039 0.498039 #0.000000
v -1.276855 2.657471 0.249268 0.498039 0.498039 0.498039 #0.000000
v -1.276855 2.618652 0.376953 0.498039 0.498039 0.498039 #0.000000
v -1.071289 2.854004 0.309326 0.498039 0.498039 0.498039 #0.000000
v -1.276855 2.657471 0.249268 0.498039 0.498039 0.498039 #0.000000
v -1.276855 2.618652 0.376953 0.498039 0.498039 0.498039 #0.000000
v -1.071289 2.814941 0.437012 0.498039 0.498039 0.498039 #0.000000
v -1.071289 2.854004 0.309326 0.498039 0.498039 0.498039 #0.000000
v -1.071289 2.814941 0.437012 0.498039 0.498039 0.498039 #0.000000
v -0.833252 3.013428 0.358154 0.498039 0.498039 0.498039 #0.000000
v -1.071289 2.854004 0.309326 0.498039 0.498039 0.498039 #0.000000
v -1.071289 2.814941 0.437012 0.498039 0.498039 0.498039 #0.000000
v -0.833252 2.974365 0.485596 0.498039 0.498039 0.498039 #0.000000
v -0.833252 3.013428 0.358154 0.498039 0.498039 0.498039 #0.000000
v -0.833252 2.974365 0.485596 0.498039 0.498039 0.498039 #0.000000
v -0.570068 3.130859 0.394043 0.498039 0.498039 0.498039 #0.000000
v -0.833252 3.013428 0.358154 0.498039 0.498039 0.498039 #0.000000
v -0.833252 2.974365 0.485596 0.498039 0.498039 0.498039 #0.000000
v -0.570068 3.091797 0.521484 0.498039 0.498039 0.498039 #0.000000
v -0.570068 3.130859 0.394043 0.498039 0.498039 0.498039 #0.000000
v -0.570068 3.091797 0.521484 0.498039 0.498039 0.498039 #0.000000
v -0.289307 3.202637 0.416016 0.498039 0.498039 0.498039 #0.000000
v -0.570068 3.130859 0.394043 0.498039 0.498039 0.498039 #0.000000
v -0.570068 3.091797 0.521484 0.498039 0.498039 0.498039 #0.000000
v -0.289307 3.163818 0.543701 0.498039 0.498039 0.498039 #0.000000
v -0.289307 3.202637 0.416016 0.498039 0.498039 0.498039 #0.000000
v -0.289307 3.163818 0.543701 0.498039 0.498039 0.498039 #0.000000
v 0.000000 3.227051 0.423584 0.498039 0.498039 0.498039 #0.000000
v -0.289307 3.202637 0.416016 0.498039 0.498039 0.498039 #0.000000
v -0.289307 3.163818 0.543701 0.498039 0.498039 0.498039 #0.000000
v 0.000000 3.187988 0.551025 0.498039 0.498039 0.498039 #0.000000
v 0.000000 3.227051 0.423584 0.498039 0.498039 0.498039 #0.000000
vt 0.420654 0.974121 0.000000
vt 0.415771 0.990723 0.000000
vt 0.500000 0.994873 0.000000
vt 0.420654 0.974121 0.000000
vt 0.500000 0.994873 0.000000
vt 0.500000 0.978027 0.000000
vt 0.579102 0.974121 0.000000
vt 0.500000 0.978027 0.000000
vt 0.500000 0.994873 0.000000
vt 0.579102 0.974121 0.000000
vt 0.500000 0.994873 0.000000
vt 0.583984 0.990723 0.000000
vt 0.655762 0.962158 0.000000
vt 0.579102 0.974121 0.000000
vt 0.583984 0.990723 0.000000
vt 0.655762 0.962158 0.000000
vt 0.583984 0.990723 0.000000
vt 0.665771 0.978027 0.000000
vt 0.727783 0.942871 0.000000
vt 0.655762 0.962158 0.000000
vt 0.665771 0.978027 0.000000
vt 0.727783 0.942871 0.000000
vt 0.665771 0.978027 0.000000
vt 0.742432 0.957275 0.000000
vt 0.792969 0.916504 0.000000
vt 0.727783 0.942871 0.000000
vt 0.742432 0.957275 0.000000
vt 0.792969 0.916504 0.000000
vt 0.742432 0.957275 0.000000
vt 0.811523 0.929443 0.000000
vt 0.849121 0.884033 0.000000
vt 0.792969 0.916504 0.000000
vt 0.811523 0.929443 0.000000
vt 0.849121 0.884033 0.000000
vt 0.811523 0.929443 0.000000
vt 0.871338 0.894775 0.000000
vt 0.894531 0.846436 0.000000
vt 0.849121 0.884033 0.000000
vt 0.871338 0.894775 0.000000
vt 0.894531 0.846436 0.000000
vt 0.871338 0.894775 0.000000
vt 0.919922 0.854980 0.000000
vt 0.928223 0.804932 0.000000
vt 0.894531 0.846436 0.000000
vt 0.919922 0.854980 0.000000
vt 0.928223 0.804932 0.000000
vt 0.919922 0.854980 0.000000
vt 0.955566 0.810547 0.000000
vt 0.948730 0.760498 0.000000
vt 0.928223 0.804932 0.000000
vt 0.955566 0.810547 0.000000
vt 0.948730 0.760498 0.000000
vt 0.955566 0.810547 0.000000
vt 0.977539 0.763428 0.000000
vt 0.955566 0.714844 0.000000
vt 0.948730 0.760498 0.000000
vt 0.977539 0.763428 0.000000
vt 0.955566 0.714844 0.000000
vt 0.977539 0.763428 0.000000
vt 0.984863 0.714844 0.000000
vt 0.977539 0.666260 0.000000
vt 0.948730 0.669189 0.000000
vt 0.955566 0.714844 0.000000
vt 0.977539 0.666260 0.000000
vt 0.955566 0.714844 0.000000
vt 0.984863 0.714844 0.000000
vt 0.955566 0.619141 0.000000
vt 0.928223 0.625000 0.000000
vt 0.948730 0.669189 0.000000
vt 0.955566 0.619141 0.000000
vt 0.948730 0.669189 0.000000
vt 0.977539 0.666260 0.000000
vt 0.919922 0.574951 0.000000
vt 0.894531 0.583252 0.000000
vt 0.928223 0.625000 0.000000
vt 0.919922 0.574951 0.000000
vt 0.928223 0.625000 0.000000
vt 0.955566 0.619141 0.000000
vt 0.871338 0.534912 0.000000
vt 0.849121 0.545654 0.000000
vt 0.894531 0.583252 0.000000
vt 0.871338 0.534912 0.000000
vt 0.894531 0.583252 0.000000
vt 0.919922 0.574951 0.000000
vt 0.811523 0.500488 0.000000
vt 0.792969 0.513184 0.000000
vt 0.849121 0.545654 0.000000
vt 0.811523 0.500488 0.000000
vt 0.849121 0.545654 0.000000
vt 0.871338 0.534912 0.000000
vt 0.742432 0.472412 0.000000
vt 0.727783 0.487061 0.000000
vt 0.792969 0.513184 0.000000
vt 0.742432 0.472412 0.000000
vt 0.792969 0.513184 0.000000
vt 0.811523 0.500488 0.000000
vt 0.665771 0.451660 0.000000
vt 0.655762 0.467529 0.000000
vt 0.727783 0.487061 0.000000
vt 0.665771 0.451660 0.000000
vt 0.727783 0.487061 0.000000
vt 0.742432 0.472412 0.000000
vt 0.583984 0.439209 0.000000
vt 0.579102 0.455811 0.000000
vt 0.655762 0.467529 0.000000
vt 0.583984 0.439209 0.000000
vt 0.655762 0.467529 0.000000
vt 0.665771 0.451660 0.000000
vt 0.500000 0.434814 0.000000
vt 0.500000 0.451660 0.000000
vt 0.579102 0.455811 0.000000
vt 0.500000 0.434814 0.000000
vt 0.579102 0.455811 0.000000
vt 0.583984 0.439209 0.000000
vt 0.500000 0.434814 0.000000
vt 0.415771 0.439209 0.000000
vt 0.420654 0.455811 0.000000
vt 0.500000 0.434814 0.000000
vt 0.420654 0.455811 0.000000
vt 0.500000 0.451660 0.000000
vt 0.415771 0.439209 0.000000
vt 0.333984 0.451660 0.000000
vt 0.343994 0.467529 0.000000
vt 0.415771 0.439209 0.000000
vt 0.343994 0.467529 0.000000
vt 0.420654 0.455811 0.000000
vt 0.333984 0.451660 0.000000
vt 0.257324 0.472412 0.000000
vt 0.271973 0.487061 0.000000
vt 0.333984 0.451660 0.000000
vt 0.271973 0.487061 0.000000
vt 0.343994 0.467529 0.000000
vt 0.257324 0.472412 0.000000
vt 0.188232 0.500488 0.000000
vt 0.206787 0.513184 0.000000
vt 0.257324 0.472412 0.000000
vt 0.206787 0.513184 0.000000
vt 0.271973 0.487061 0.000000
vt 0.188232 0.500488 0.000000
vt 0.128418 0.534912 0.000000
vt 0.150635 0.545654 0.000000
vt 0.188232 0.500488 0.000000
vt 0.150635 0.545654 0.000000
vt 0.206787 0.513184 0.000000
vt 0.128418 0.534912 0.000000
vt 0.079834 0.574951 0.000000
vt 0.105225 0.583252 0.000000
vt 0.128418 0.534912 0.000000
vt 0.105225 0.583252 0.000000
vt 0.150635 0.545654 0.000000
vt 0.079834 0.574951 0.000000
vt 0.044189 0.619141 0.000000
vt 0.071533 0.625000 0.000000
vt 0.079834 0.574951 0.000000
vt 0.071533 0.625000 0.000000
vt 0.105225 0.583252 0.000000
vt 0.044189 0.619141 0.000000
vt 0.022217 0.666260 0.000000
vt 0.051025 0.669189 0.000000
vt 0.044189 0.619141 0.000000
vt 0.051025 0.669189 0.000000
vt 0.071533 0.625000 0.000000
vt 0.022217 0.666260 0.000000
vt 0.014893 0.714844 0.000000
vt 0.044189 0.714844 0.000000
vt 0.022217 0.666260 0.000000
vt 0.044189 0.714844 0.000000
vt 0.051025 0.669189 0.000000
vt 0.044189 0.714844 0.000000
vt 0.014893 0.714844 0.000000
vt 0.022217 0.763428 0.000000
vt 0.044189 0.714844 0.000000
vt 0.022217 0.763428 0.000000
vt 0.051025 0.760498 0.000000
vt 0.051025 0.760498 0.000000
vt 0.022217 0.763428 0.000000
vt 0.044189 0.810547 0.000000
vt 0.051025 0.760498 0.000000
vt 0.044189 0.810547 0.000000
vt 0.071533 0.804932 0.000000
vt 0.071533 0.804932 0.000000
vt 0.044189 0.810547 0.000000
vt 0.079834 0.854980 0.000000
vt 0.071533 0.804932 0.000000
vt 0.079834 0.854980 0.000000
vt 0.105225 0.846436 0.000000
vt 0.105225 0.846436 0.000000
vt 0.079834 0.854980 0.000000
vt 0.128418 0.894775 0.000000
vt 0.105225 0.846436 0.000000
vt 0.128418 0.894775 0.000000
vt 0.150635 0.884033 0.000000
vt 0.150635 0.884033 0.000000
vt 0.128418 0.894775 0.000000
vt 0.188232 0.929443 0.000000
vt 0.150635 0.884033 0.000000
vt 0.188232 0.929443 0.000000
vt 0.206787 0.916504 0.000000
vt 0.206787 0.916504 0.000000
vt 0.188232 0.929443 0.000000
vt 0.257324 0.957275 0.000000
vt 0.206787 0.916504 0.000000
vt 0.257324 0.957275 0.000000
vt 0.271973 0.942871 0.000000
vt 0.271973 0.942871 0.000000
vt 0.257324 0.957275 0.000000
vt 0.333984 0.978027 0.000000
vt 0.271973 0.942871 0.000000
vt 0.333984 0.978027 0.000000
vt 0.343994 0.962158 0.000000
vt 0.343994 0.962158 0.000000
vt 0.333984 0.978027 0.000000
vt 0.415771 0.990723 0.000000
vt 0.343994 0.962158 0.000000
vt 0.415771 0.990723 0.000000
vt 0.420654 0.974121 0.000000
vt 0.930420 0.671875 0.000000
vt 0.930420 0.757812 0.000000
vt 0.937012 0.714844 0.000000
vt 0.910645 0.630371 0.000000
vt 0.930420 0.757812 0.000000
vt 0.930420 0.671875 0.000000
vt 0.910645 0.630371 0.000000
vt 0.910645 0.799316 0.000000
vt 0.930420 0.757812 0.000000
vt 0.910645 0.630371 0.000000
vt 0.878418 0.838379 0.000000
vt 0.910645 0.799316 0.000000
vt 0.878418 0.591309 0.000000
vt 0.878418 0.838379 0.000000
vt 0.910645 0.630371 0.000000
vt 0.834717 0.555908 0.000000
vt 0.878418 0.838379 0.000000
vt 0.878418 0.591309 0.000000
vt 0.834717 0.555908 0.000000
vt 0.834717 0.873779 0.000000
vt 0.878418 0.838379 0.000000
vt 0.834717 0.555908 0.000000
vt 0.780762 0.904297 0.000000
vt 0.834717 0.873779 0.000000
vt 0.780762 0.525391 0.000000
vt 0.780762 0.904297 0.000000
vt 0.834717 0.555908 0.000000
vt 0.718506 0.500732 0.000000
vt 0.780762 0.904297 0.000000
vt 0.780762 0.525391 0.000000
vt 0.718506 0.500732 0.000000
vt 0.718506 0.928955 0.000000
vt 0.780762 0.904297 0.000000
vt 0.718506 0.500732 0.000000
vt 0.649414 0.947266 0.000000
vt 0.718506 0.928955 0.000000
vt 0.649414 0.482666 0.000000
vt 0.649414 0.947266 0.000000
vt 0.718506 0.500732 0.000000
vt 0.575684 0.471436 0.000000
vt 0.649414 0.947266 0.000000
vt 0.649414 0.482666 0.000000
vt 0.575684 0.471436 0.000000
vt 0.575684 0.958252 0.000000
vt 0.649414 0.947266 0.000000
vt 0.575684 0.471436 0.000000
vt 0.500000 0.962158 0.000000
vt 0.575684 0.958252 0.000000
vt 0.500000 0.467773 0.000000
vt 0.500000 0.962158 0.000000
vt 0.575684 0.471436 0.000000
vt 0.500000 0.467773 0.000000
vt 0.424072 0.958252 0.000000
vt 0.500000 0.962158 0.000000
vt 0.500000 0.467773 0.000000
vt 0.424072 0.471436 0.000000
vt 0.424072 0.958252 0.000000
vt 0.424072 0.471436 0.000000
vt 0.350342 0.482666 0.000000
vt 0.424072 0.958252 0.000000
vt 0.350342 0.482666 0.000000
vt 0.350342 0.947266 0.000000
vt 0.424072 0.958252 0.000000
vt 0.350342 0.482666 0.000000
vt 0.281250 0.500732 0.000000
vt 0.350342 0.947266 0.000000
vt 0.281250 0.500732 0.000000
vt 0.281250 0.928955 0.000000
vt 0.350342 0.947266 0.000000
vt 0.281250 0.500732 0.000000
vt 0.218994 0.525391 0.000000
vt 0.281250 0.928955 0.000000
vt 0.218994 0.525391 0.000000
vt 0.218994 0.904297 0.000000
vt 0.281250 0.928955 0.000000
vt 0.218994 0.525391 0.000000
vt 0.165039 0.873779 0.000000
vt 0.218994 0.904297 0.000000
vt 0.218994 0.525391 0.000000
vt 0.165039 0.555908 0.000000
vt 0.165039 0.873779 0.000000
vt 0.165039 0.555908 0.000000
vt 0.121338 0.838379 0.000000
vt 0.165039 0.873779 0.000000
vt 0.165039 0.555908 0.000000
vt 0.121338 0.591309 0.000000
vt 0.121338 0.838379 0.000000
vt 0.121338 0.591309 0.000000
vt 0.089111 0.630371 0.000000
vt 0.121338 0.838379 0.000000
vt 0.089111 0.630371 0.000000
vt 0.089111 0.799316 0.000000
vt 0.121338 0.838379 0.000000
vt 0.089111 0.630371 0.000000
vt 0.069336 0.757812 0.000000
vt 0.089111 0.799316 0.000000
vt 0.089111 0.630371 0.000000
vt 0.069336 0.671875 0.000000
vt 0.069336 0.757812 0.000000
vt 0.069336 0.671875 0.000000
vt 0.062744 0.714844 0.000000
vt 0.069336 0.757812 0.000000
vt 0.424072 0.958252 0.000000
vt 0.422363 0.963623 0.000000
vt 0.500000 0.962158 0.000000
vt 0.500000 0.962158 0.000000
vt 0.422363 0.963623 0.000000
vt 0.500000 0.967529 0.000000
vt 0.575684 0.958252 0.000000
vt 0.500000 0.962158 0.000000
vt 0.577393 0.963623 0.000000
vt 0.500000 0.962158 0.000000
vt 0.500000 0.967529 0.000000
vt 0.577393 0.963623 0.000000
vt 0.649414 0.947266 0.000000
vt 0.575684 0.958252 0.000000
vt 0.652588 0.952148 0.000000
vt 0.652588 0.952148 0.000000
vt 0.575684 0.958252 0.000000
vt 0.577393 0.963623 0.000000
vt 0.718506 0.928955 0.000000
vt 0.649414 0.947266 0.000000
vt 0.723145 0.933594 0.000000
vt 0.723145 0.933594 0.000000
vt 0.649414 0.947266 0.000000
vt 0.652588 0.952148 0.000000
vt 0.780762 0.904297 0.000000
vt 0.718506 0.928955 0.000000
vt 0.787109 0.908447 0.000000
vt 0.787109 0.908447 0.000000
vt 0.718506 0.928955 0.000000
vt 0.723145 0.933594 0.000000
vt 0.834717 0.873779 0.000000
vt 0.780762 0.904297 0.000000
vt 0.842041 0.877197 0.000000
vt 0.842041 0.877197 0.000000
vt 0.780762 0.904297 0.000000
vt 0.787109 0.908447 0.000000
vt 0.878418 0.838379 0.000000
vt 0.834717 0.873779 0.000000
vt 0.886719 0.841064 0.000000
vt 0.886719 0.841064 0.000000
vt 0.834717 0.873779 0.000000
vt 0.842041 0.877197 0.000000
vt 0.910645 0.799316 0.000000
vt 0.878418 0.838379 0.000000
vt 0.919678 0.801270 0.000000
vt 0.919678 0.801270 0.000000
vt 0.878418 0.838379 0.000000
vt 0.886719 0.841064 0.000000
vt 0.930420 0.757812 0.000000
vt 0.910645 0.799316 0.000000
vt 0.939697 0.758789 0.000000
vt 0.939697 0.758789 0.000000
vt 0.910645 0.799316 0.000000
vt 0.919678 0.801270 0.000000
vt 0.937012 0.714844 0.000000
vt 0.930420 0.757812 0.000000
vt 0.946533 0.714844 0.000000
vt 0.946533 0.714844 0.000000
vt 0.930420 0.757812 0.000000
vt 0.939697 0.758789 0.000000
vt 0.930420 0.671875 0.000000
vt 0.946533 0.714844 0.000000
vt 0.939697 0.670898 0.000000
vt 0.930420 0.671875 0.000000
vt 0.937012 0.714844 0.000000
vt 0.946533 0.714844 0.000000
vt 0.919678 0.628418 0.000000
vt 0.910645 0.630371 0.000000
vt 0.939697 0.670898 0.000000
vt 0.910645 0.630371 0.000000
vt 0.930420 0.671875 0.000000
vt 0.939697 0.670898 0.000000
vt 0.886719 0.588623 0.000000
vt 0.878418 0.591309 0.000000
vt 0.919678 0.628418 0.000000
vt 0.878418 0.591309 0.000000
vt 0.910645 0.630371 0.000000
vt 0.919678 0.628418 0.000000
vt 0.842041 0.552490 0.000000
vt 0.834717 0.555908 0.000000
vt 0.878418 0.591309 0.000000
vt 0.842041 0.552490 0.000000
vt 0.878418 0.591309 0.000000
vt 0.886719 0.588623 0.000000
vt 0.787109 0.521484 0.000000
vt 0.780762 0.525391 0.000000
vt 0.834717 0.555908 0.000000
vt 0.787109 0.521484 0.000000
vt 0.834717 0.555908 0.000000
vt 0.842041 0.552490 0.000000
vt 0.723145 0.496094 0.000000
vt 0.718506 0.500732 0.000000
vt 0.780762 0.525391 0.000000
vt 0.723145 0.496094 0.000000
vt 0.780762 0.525391 0.000000
vt 0.787109 0.521484 0.000000
vt 0.652588 0.477539 0.000000
vt 0.649414 0.482666 0.000000
vt 0.718506 0.500732 0.000000
vt 0.652588 0.477539 0.000000
vt 0.718506 0.500732 0.000000
vt 0.723145 0.496094 0.000000
vt 0.577393 0.466064 0.000000
vt 0.575684 0.471436 0.000000
vt 0.649414 0.482666 0.000000
vt 0.577393 0.466064 0.000000
vt 0.649414 0.482666 0.000000
vt 0.652588 0.477539 0.000000
vt 0.500000 0.462158 0.000000
vt 0.500000 0.467773 0.000000
vt 0.575684 0.471436 0.000000
vt 0.500000 0.462158 0.000000
vt 0.575684 0.471436 0.000000
vt 0.577393 0.466064 0.000000
vt 0.500000 0.462158 0.000000
vt 0.422363 0.466064 0.000000
vt 0.424072 0.471436 0.000000
vt 0.500000 0.462158 0.000000
vt 0.424072 0.471436 0.000000
vt 0.500000 0.467773 0.000000
vt 0.422363 0.466064 0.000000
vt 0.347168 0.477539 0.000000
vt 0.350342 0.482666 0.000000
vt 0.422363 0.466064 0.000000
vt 0.350342 0.482666 0.000000
vt 0.424072 0.471436 0.000000
vt 0.347168 0.477539 0.000000
vt 0.276611 0.496094 0.000000
vt 0.281250 0.500732 0.000000
vt 0.347168 0.477539 0.000000
vt 0.281250 0.500732 0.000000
vt 0.350342 0.482666 0.000000
vt 0.276611 0.496094 0.000000
vt 0.212646 0.521484 0.000000
vt 0.218994 0.525391 0.000000
vt 0.276611 0.496094 0.000000
vt 0.218994 0.525391 0.000000
vt 0.281250 0.500732 0.000000
vt 0.212646 0.521484 0.000000
vt 0.157715 0.552490 0.000000
vt 0.165039 0.555908 0.000000
vt 0.212646 0.521484 0.000000
vt 0.165039 0.555908 0.000000
vt 0.218994 0.525391 0.000000
vt 0.157715 0.552490 0.000000
vt 0.113037 0.588623 0.000000
vt 0.121338 0.591309 0.000000
vt 0.157715 0.552490 0.000000
vt 0.121338 0.591309 0.000000
vt 0.165039 0.555908 0.000000
vt 0.113037 0.588623 0.000000
vt 0.080078 0.628418 0.000000
vt 0.121338 0.591309 0.000000
vt 0.121338 0.591309 0.000000
vt 0.080078 0.628418 0.000000
vt 0.089111 0.630371 0.000000
vt 0.080078 0.628418 0.000000
vt 0.060059 0.670898 0.000000
vt 0.089111 0.630371 0.000000
vt 0.089111 0.630371 0.000000
vt 0.060059 0.670898 0.000000
vt 0.069336 0.671875 0.000000
vt 0.069336 0.671875 0.000000
vt 0.060059 0.670898 0.000000
vt 0.053223 0.714844 0.000000
vt 0.069336 0.671875 0.000000
vt 0.053223 0.714844 0.000000
vt 0.062744 0.714844 0.000000
vt 0.053223 0.714844 0.000000
vt 0.060059 0.758789 0.000000
vt 0.069336 0.757812 0.000000
vt 0.062744 0.714844 0.000000
vt 0.053223 0.714844 0.000000
vt 0.069336 0.757812 0.000000
vt 0.069336 0.757812 0.000000
vt 0.060059 0.758789 0.000000
vt 0.089111 0.799316 0.000000
vt 0.060059 0.758789 0.000000
vt 0.080078 0.801270 0.000000
vt 0.089111 0.799316 0.000000
vt 0.089111 0.799316 0.000000
vt 0.080078 0.801270 0.000000
vt 0.121338 0.838379 0.000000
vt 0.080078 0.801270 0.000000
vt 0.113037 0.841064 0.000000
vt 0.121338 0.838379 0.000000
vt 0.121338 0.838379 0.000000
vt 0.113037 0.841064 0.000000
vt 0.165039 0.873779 0.000000
vt 0.113037 0.841064 0.000000
vt 0.157715 0.877197 0.000000
vt 0.165039 0.873779 0.000000
vt 0.165039 0.873779 0.000000
vt 0.157715 0.877197 0.000000
vt 0.218994 0.904297 0.000000
vt 0.157715 0.877197 0.000000
vt 0.212646 0.908447 0.000000
vt 0.218994 0.904297 0.000000
vt 0.218994 0.904297 0.000000
vt 0.212646 0.908447 0.000000
vt 0.281250 0.928955 0.000000
vt 0.212646 0.908447 0.000000
vt 0.276611 0.933594 0.000000
vt 0.281250 0.928955 0.000000
vt 0.281250 0.928955 0.000000
vt 0.276611 0.933594 0.000000
vt 0.350342 0.947266 0.000000
vt 0.276611 0.933594 0.000000
vt 0.347168 0.952148 0.000000
vt 0.350342 0.947266 0.000000
vt 0.350342 0.947266 0.000000
vt 0.347168 0.952148 0.000000
vt 0.424072 0.958252 0.000000
vt 0.347168 0.952148 0.000000
vt 0.422363 0.963623 0.000000
vt 0.424072 0.958252 0.000000
vt 0.519775 0.376953 0.000000
vt 0.532227 0.417480 0.000000
vt 0.469971 0.420410 0.000000
vt 0.519775 0.376953 0.000000
vt 0.469971 0.420410 0.000000
vt 0.469971 0.379395 0.000000
vt 0.420166 0.376953 0.000000
vt 0.469971 0.379395 0.000000
vt 0.469971 0.420410 0.000000
vt 0.420166 0.376953 0.000000
vt 0.469971 0.420410 0.000000
vt 0.407471 0.417480 0.000000
vt 0.371826 0.369629 0.000000
vt 0.420166 0.376953 0.000000
vt 0.407471 0.417480 0.000000
vt 0.371826 0.369629 0.000000
vt 0.407471 0.417480 0.000000
vt 0.347168 0.408203 0.000000
vt 0.326416 0.357422 0.000000
vt 0.371826 0.369629 0.000000
vt 0.347168 0.408203 0.000000
vt 0.326416 0.357422 0.000000
vt 0.347168 0.408203 0.000000
vt 0.290527 0.393066 0.000000
vt 0.285400 0.341064 0.000000
vt 0.326416 0.357422 0.000000
vt 0.290527 0.393066 0.000000
vt 0.285400 0.341064 0.000000
vt 0.290527 0.393066 0.000000
vt 0.239258 0.372559 0.000000
vt 0.250244 0.321045 0.000000
vt 0.285400 0.341064 0.000000
vt 0.239258 0.372559 0.000000
vt 0.250244 0.321045 0.000000
vt 0.239258 0.372559 0.000000
vt 0.195068 0.347412 0.000000
vt 0.221436 0.297607 0.000000
vt 0.250244 0.321045 0.000000
vt 0.195068 0.347412 0.000000
vt 0.221436 0.297607 0.000000
vt 0.195068 0.347412 0.000000
vt 0.159180 0.318115 0.000000
vt 0.200439 0.271729 0.000000
vt 0.221436 0.297607 0.000000
vt 0.159180 0.318115 0.000000
vt 0.200439 0.271729 0.000000
vt 0.159180 0.318115 0.000000
vt 0.132568 0.285889 0.000000
vt 0.187500 0.244141 0.000000
vt 0.200439 0.271729 0.000000
vt 0.132568 0.285889 0.000000
vt 0.187500 0.244141 0.000000
vt 0.132568 0.285889 0.000000
vt 0.116455 0.251221 0.000000
vt 0.183105 0.215820 0.000000
vt 0.187500 0.244141 0.000000
vt 0.116455 0.251221 0.000000
vt 0.183105 0.215820 0.000000
vt 0.116455 0.251221 0.000000
vt 0.111084 0.215820 0.000000
vt 0.116455 0.180176 0.000000
vt 0.187500 0.187256 0.000000
vt 0.183105 0.215820 0.000000
vt 0.116455 0.180176 0.000000
vt 0.183105 0.215820 0.000000
vt 0.111084 0.215820 0.000000
vt 0.132568 0.145752 0.000000
vt 0.200439 0.159668 0.000000
vt 0.187500 0.187256 0.000000
vt 0.132568 0.145752 0.000000
vt 0.187500 0.187256 0.000000
vt 0.116455 0.180176 0.000000
vt 0.159180 0.113281 0.000000
vt 0.221436 0.134033 0.000000
vt 0.200439 0.159668 0.000000
vt 0.159180 0.113281 0.000000
vt 0.200439 0.159668 0.000000
vt 0.132568 0.145752 0.000000
vt 0.195068 0.084229 0.000000
vt 0.250244 0.110596 0.000000
vt 0.221436 0.134033 0.000000
vt 0.195068 0.084229 0.000000
vt 0.221436 0.134033 0.000000
vt 0.159180 0.113281 0.000000
vt 0.239258 0.058838 0.000000
vt 0.285400 0.090332 0.000000
vt 0.250244 0.110596 0.000000
vt 0.239258 0.058838 0.000000
vt 0.250244 0.110596 0.000000
vt 0.195068 0.084229 0.000000
vt 0.290527 0.038330 0.000000
vt 0.326416 0.073975 0.000000
vt 0.285400 0.090332 0.000000
vt 0.290527 0.038330 0.000000
vt 0.285400 0.090332 0.000000
vt 0.239258 0.058838 0.000000
vt 0.347168 0.023438 0.000000
vt 0.371826 0.062012 0.000000
vt 0.326416 0.073975 0.000000
vt 0.347168 0.023438 0.000000
vt 0.326416 0.073975 0.000000
vt 0.290527 0.038330 0.000000
vt 0.407471 0.014160 0.000000
vt 0.420166 0.054688 0.000000
vt 0.371826 0.062012 0.000000
vt 0.407471 0.014160 0.000000
vt 0.371826 0.062012 0.000000
vt 0.347168 0.023438 0.000000
vt 0.469971 0.010986 0.000000
vt 0.469971 0.052002 0.000000
vt 0.420166 0.054688 0.000000
vt 0.469971 0.010986 0.000000
vt 0.420166 0.054688 0.000000
vt 0.407471 0.014160 0.000000
vt 0.469971 0.010986 0.000000
vt 0.532227 0.014160 0.000000
vt 0.519775 0.054688 0.000000
vt 0.469971 0.010986 0.000000
vt 0.519775 0.054688 0.000000
vt 0.469971 0.052002 0.000000
vt 0.532227 0.014160 0.000000
vt 0.592529 0.023438 0.000000
vt 0.567871 0.062012 0.000000
vt 0.532227 0.014160 0.000000
vt 0.567871 0.062012 0.000000
vt 0.519775 0.054688 0.000000
vt 0.592529 0.023438 0.000000
vt 0.649414 0.038330 0.000000
vt 0.613281 0.073975 0.000000
vt 0.592529 0.023438 0.000000
vt 0.613281 0.073975 0.000000
vt 0.567871 0.062012 0.000000
vt 0.649414 0.038330 0.000000
vt 0.700439 0.058838 0.000000
vt 0.654297 0.090332 0.000000
vt 0.649414 0.038330 0.000000
vt 0.654297 0.090332 0.000000
vt 0.613281 0.073975 0.000000
vt 0.700439 0.058838 0.000000
vt 0.744873 0.084229 0.000000
vt 0.689697 0.110596 0.000000
vt 0.700439 0.058838 0.000000
vt 0.689697 0.110596 0.000000
vt 0.654297 0.090332 0.000000
vt 0.744873 0.084229 0.000000
vt 0.780762 0.113281 0.000000
vt 0.718262 0.134033 0.000000
vt 0.744873 0.084229 0.000000
vt 0.718262 0.134033 0.000000
vt 0.689697 0.110596 0.000000
vt 0.780762 0.113281 0.000000
vt 0.807129 0.145752 0.000000
vt 0.739502 0.159668 0.000000
vt 0.780762 0.113281 0.000000
vt 0.739502 0.159668 0.000000
vt 0.718262 0.134033 0.000000
vt 0.807129 0.145752 0.000000
vt 0.823242 0.180176 0.000000
vt 0.752441 0.187256 0.000000
vt 0.807129 0.145752 0.000000
vt 0.752441 0.187256 0.000000
vt 0.739502 0.159668 0.000000
vt 0.823242 0.180176 0.000000
vt 0.828613 0.215820 0.000000
vt 0.756592 0.215820 0.000000
vt 0.823242 0.180176 0.000000
vt 0.756592 0.215820 0.000000
vt 0.752441 0.187256 0.000000
vt 0.756592 0.215820 0.000000
vt 0.828613 0.215820 0.000000
vt 0.823242 0.251221 0.000000
vt 0.756592 0.215820 0.000000
vt 0.823242 0.251221 0.000000
vt 0.752441 0.244141 0.000000
vt 0.752441 0.244141 0.000000
vt 0.823242 0.251221 0.000000
vt 0.807129 0.285889 0.000000
vt 0.752441 0.244141 0.000000
vt 0.807129 0.285889 0.000000
vt 0.739502 0.271729 0.000000
vt 0.739502 0.271729 0.000000
vt 0.807129 0.285889 0.000000
vt 0.780762 0.318115 0.000000
vt 0.739502 0.271729 0.000000
vt 0.780762 0.318115 0.000000
vt 0.718262 0.297607 0.000000
vt 0.718262 0.297607 0.000000
vt 0.780762 0.318115 0.000000
vt 0.744873 0.347412 0.000000
vt 0.718262 0.297607 0.000000
vt 0.744873 0.347412 0.000000
vt 0.689697 0.321045 0.000000
vt 0.689697 0.321045 0.000000
vt 0.744873 0.347412 0.000000
vt 0.700439 0.372559 0.000000
vt 0.689697 0.321045 0.000000
vt 0.700439 0.372559 0.000000
vt 0.654297 0.341064 0.000000
vt 0.654297 0.341064 0.000000
vt 0.700439 0.372559 0.000000
vt 0.649414 0.393066 0.000000
vt 0.654297 0.341064 0.000000
vt 0.649414 0.393066 0.000000
vt 0.613281 0.357422 0.000000
vt 0.613281 0.357422 0.000000
vt 0.649414 0.393066 0.000000
vt 0.592529 0.408203 0.000000
vt 0.613281 0.357422 0.000000
vt 0.592529 0.408203 0.000000
vt 0.567871 0.369629 0.000000
vt 0.567871 0.369629 0.000000
vt 0.592529 0.408203 0.000000
vt 0.532227 0.417480 0.000000
vt 0.567871 0.369629 0.000000
vt 0.532227 0.417480 0.000000
vt 0.519775 0.376953 0.000000
vt 0.232178 0.189697 0.000000
vt 0.232178 0.239014 0.000000
vt 0.228516 0.214355 0.000000
vt 0.243164 0.165771 0.000000
vt 0.232178 0.239014 0.000000
vt 0.232178 0.189697 0.000000
vt 0.243164 0.165771 0.000000
vt 0.243164 0.262695 0.000000
vt 0.232178 0.239014 0.000000
vt 0.243164 0.165771 0.000000
vt 0.260986 0.285156 0.000000
vt 0.243164 0.262695 0.000000
vt 0.260986 0.143311 0.000000
vt 0.260986 0.285156 0.000000
vt 0.243164 0.165771 0.000000
vt 0.284912 0.123291 0.000000
vt 0.260986 0.285156 0.000000
vt 0.260986 0.143311 0.000000
vt 0.284912 0.123291 0.000000
vt 0.284912 0.305420 0.000000
vt 0.260986 0.285156 0.000000
vt 0.314697 0.105713 0.000000
vt 0.284912 0.305420 0.000000
vt 0.284912 0.123291 0.000000
vt 0.314697 0.105713 0.000000
vt 0.314697 0.322998 0.000000
vt 0.284912 0.305420 0.000000
vt 0.314697 0.105713 0.000000
vt 0.349121 0.337158 0.000000
vt 0.314697 0.322998 0.000000
vt 0.349121 0.091553 0.000000
vt 0.349121 0.337158 0.000000
vt 0.314697 0.105713 0.000000
vt 0.349121 0.091553 0.000000
vt 0.387207 0.347412 0.000000
vt 0.349121 0.337158 0.000000
vt 0.387207 0.081055 0.000000
vt 0.387207 0.347412 0.000000
vt 0.349121 0.091553 0.000000
vt 0.427734 0.074707 0.000000
vt 0.387207 0.347412 0.000000
vt 0.387207 0.081055 0.000000
vt 0.427734 0.074707 0.000000
vt 0.427734 0.354004 0.000000
vt 0.387207 0.347412 0.000000
vt 0.427734 0.074707 0.000000
vt 0.469727 0.356201 0.000000
vt 0.427734 0.354004 0.000000
vt 0.469727 0.072510 0.000000
vt 0.469727 0.356201 0.000000
vt 0.427734 0.074707 0.000000
vt 0.469727 0.072510 0.000000
vt 0.511475 0.354004 0.000000
vt 0.469727 0.356201 0.000000
vt 0.469727 0.072510 0.000000
vt 0.511475 0.074707 0.000000
vt 0.511475 0.354004 0.000000
vt 0.511475 0.074707 0.000000
vt 0.552002 0.081055 0.000000
vt 0.511475 0.354004 0.000000
vt 0.552002 0.081055 0.000000
vt 0.552002 0.347412 0.000000
vt 0.511475 0.354004 0.000000
vt 0.552002 0.081055 0.000000
vt 0.590088 0.337158 0.000000
vt 0.552002 0.347412 0.000000
vt 0.552002 0.081055 0.000000
vt 0.590088 0.091553 0.000000
vt 0.590088 0.337158 0.000000
vt 0.590088 0.091553 0.000000
vt 0.624512 0.322998 0.000000
vt 0.590088 0.337158 0.000000
vt 0.590088 0.091553 0.000000
vt 0.624512 0.105713 0.000000
vt 0.624512 0.322998 0.000000
vt 0.624512 0.105713 0.000000
vt 0.654297 0.305420 0.000000
vt 0.624512 0.322998 0.000000
vt 0.624512 0.105713 0.000000
vt 0.654297 0.123291 0.000000
vt 0.654297 0.305420 0.000000
vt 0.654297 0.123291 0.000000
vt 0.678223 0.285156 0.000000
vt 0.654297 0.305420 0.000000
vt 0.654297 0.123291 0.000000
vt 0.678223 0.143311 0.000000
vt 0.678223 0.285156 0.000000
vt 0.678223 0.143311 0.000000
vt 0.696045 0.165771 0.000000
vt 0.678223 0.285156 0.000000
vt 0.696045 0.165771 0.000000
vt 0.696045 0.262695 0.000000
vt 0.678223 0.285156 0.000000
vt 0.696045 0.165771 0.000000
vt 0.707031 0.239014 0.000000
vt 0.696045 0.262695 0.000000
vt 0.696045 0.165771 0.000000
vt 0.707031 0.189697 0.000000
vt 0.707031 0.239014 0.000000
vt 0.707031 0.189697 0.000000
vt 0.710693 0.214355 0.000000
vt 0.707031 0.239014 0.000000
vt 0.511475 0.354004 0.000000
vt 0.518799 0.378662 0.000000
vt 0.469727 0.356201 0.000000
vt 0.469727 0.356201 0.000000
vt 0.518799 0.378662 0.000000
vt 0.469727 0.381348 0.000000
vt 0.427734 0.354004 0.000000
vt 0.469727 0.356201 0.000000
vt 0.420410 0.378662 0.000000
vt 0.469727 0.356201 0.000000
vt 0.469727 0.381348 0.000000
vt 0.420410 0.378662 0.000000
vt 0.387207 0.347412 0.000000
vt 0.427734 0.354004 0.000000
vt 0.372559 0.371094 0.000000
vt 0.427734 0.354004 0.000000
vt 0.420410 0.378662 0.000000
vt 0.372559 0.371094 0.000000
vt 0.349121 0.337158 0.000000
vt 0.387207 0.347412 0.000000
vt 0.327637 0.358887 0.000000
vt 0.387207 0.347412 0.000000
vt 0.372559 0.371094 0.000000
vt 0.327637 0.358887 0.000000
vt 0.314697 0.322998 0.000000
vt 0.349121 0.337158 0.000000
vt 0.287109 0.342285 0.000000
vt 0.349121 0.337158 0.000000
vt 0.327637 0.358887 0.000000
vt 0.287109 0.342285 0.000000
vt 0.284912 0.305420 0.000000
vt 0.314697 0.322998 0.000000
vt 0.252197 0.321533 0.000000
vt 0.314697 0.322998 0.000000
vt 0.287109 0.342285 0.000000
vt 0.252197 0.321533 0.000000
vt 0.260986 0.285156 0.000000
vt 0.284912 0.305420 0.000000
vt 0.223877 0.297852 0.000000
vt 0.223877 0.297852 0.000000
vt 0.284912 0.305420 0.000000
vt 0.252197 0.321533 0.000000
vt 0.243164 0.262695 0.000000
vt 0.260986 0.285156 0.000000
vt 0.202881 0.271484 0.000000
vt 0.202881 0.271484 0.000000
vt 0.260986 0.285156 0.000000
vt 0.223877 0.297852 0.000000
vt 0.232178 0.239014 0.000000
vt 0.243164 0.262695 0.000000
vt 0.190186 0.243408 0.000000
vt 0.190186 0.243408 0.000000
vt 0.243164 0.262695 0.000000
vt 0.202881 0.271484 0.000000
vt 0.228516 0.214355 0.000000
vt 0.232178 0.239014 0.000000
vt 0.185791 0.214355 0.000000
vt 0.185791 0.214355 0.000000
vt 0.232178 0.239014 0.000000
vt 0.190186 0.243408 0.000000
vt 0.190186 0.185303 0.000000
vt 0.232178 0.189697 0.000000
vt 0.228516 0.214355 0.000000
vt 0.190186 0.185303 0.000000
vt 0.228516 0.214355 0.000000
vt 0.185791 0.214355 0.000000
vt 0.202881 0.157227 0.000000
vt 0.243164 0.165771 0.000000
vt 0.232178 0.189697 0.000000
vt 0.202881 0.157227 0.000000
vt 0.232178 0.189697 0.000000
vt 0.190186 0.185303 0.000000
vt 0.223877 0.130859 0.000000
vt 0.260986 0.143311 0.000000
vt 0.243164 0.165771 0.000000
vt 0.223877 0.130859 0.000000
vt 0.243164 0.165771 0.000000
vt 0.202881 0.157227 0.000000
vt 0.252197 0.106934 0.000000
vt 0.284912 0.123291 0.000000
vt 0.260986 0.143311 0.000000
vt 0.252197 0.106934 0.000000
vt 0.260986 0.143311 0.000000
vt 0.223877 0.130859 0.000000
vt 0.287109 0.086426 0.000000
vt 0.314697 0.105713 0.000000
vt 0.284912 0.123291 0.000000
vt 0.287109 0.086426 0.000000
vt 0.284912 0.123291 0.000000
vt 0.252197 0.106934 0.000000
vt 0.327637 0.069824 0.000000
vt 0.349121 0.091553 0.000000
vt 0.314697 0.105713 0.000000
vt 0.327637 0.069824 0.000000
vt 0.314697 0.105713 0.000000
vt 0.287109 0.086426 0.000000
vt 0.372559 0.057373 0.000000
vt 0.387207 0.081055 0.000000
vt 0.349121 0.091553 0.000000
vt 0.372559 0.057373 0.000000
vt 0.349121 0.091553 0.000000
vt 0.327637 0.069824 0.000000
vt 0.420410 0.049805 0.000000
vt 0.427734 0.074707 0.000000
vt 0.387207 0.081055 0.000000
vt 0.420410 0.049805 0.000000
vt 0.387207 0.081055 0.000000
vt 0.372559 0.057373 0.000000
vt 0.469727 0.047363 0.000000
vt 0.469727 0.072510 0.000000
vt 0.427734 0.074707 0.000000
vt 0.469727 0.047363 0.000000
vt 0.427734 0.074707 0.000000
vt 0.420410 0.049805 0.000000
vt 0.469727 0.047363 0.000000
vt 0.518799 0.049805 0.000000
vt 0.511475 0.074707 0.000000
vt 0.469727 0.047363 0.000000
vt 0.511475 0.074707 0.000000
vt 0.469727 0.072510 0.000000
vt 0.518799 0.049805 0.000000
vt 0.566650 0.057373 0.000000
vt 0.552002 0.081055 0.000000
vt 0.518799 0.049805 0.000000
vt 0.552002 0.081055 0.000000
vt 0.511475 0.074707 0.000000
vt 0.566650 0.057373 0.000000
vt 0.611572 0.069824 0.000000
vt 0.590088 0.091553 0.000000
vt 0.566650 0.057373 0.000000
vt 0.590088 0.091553 0.000000
vt 0.552002 0.081055 0.000000
vt 0.611572 0.069824 0.000000
vt 0.652100 0.086426 0.000000
vt 0.624512 0.105713 0.000000
vt 0.611572 0.069824 0.000000
vt 0.624512 0.105713 0.000000
vt 0.590088 0.091553 0.000000
vt 0.652100 0.086426 0.000000
vt 0.687012 0.106934 0.000000
vt 0.654297 0.123291 0.000000
vt 0.652100 0.086426 0.000000
vt 0.654297 0.123291 0.000000
vt 0.624512 0.105713 0.000000
vt 0.687012 0.106934 0.000000
vt 0.715332 0.130859 0.000000
vt 0.678223 0.143311 0.000000
vt 0.687012 0.106934 0.000000
vt 0.678223 0.143311 0.000000
vt 0.654297 0.123291 0.000000
vt 0.715332 0.130859 0.000000
vt 0.736328 0.157227 0.000000
vt 0.696045 0.165771 0.000000
vt 0.715332 0.130859 0.000000
vt 0.696045 0.165771 0.000000
vt 0.678223 0.143311 0.000000
vt 0.736328 0.157227 0.000000
vt 0.749023 0.185303 0.000000
vt 0.707031 0.189697 0.000000
vt 0.736328 0.157227 0.000000
vt 0.707031 0.189697 0.000000
vt 0.696045 0.165771 0.000000
vt 0.749023 0.185303 0.000000
vt 0.753418 0.214355 0.000000
vt 0.710693 0.214355 0.000000
vt 0.749023 0.185303 0.000000
vt 0.710693 0.214355 0.000000
vt 0.707031 0.189697 0.000000
vt 0.753418 0.214355 0.000000
vt 0.749023 0.243408 0.000000
vt 0.707031 0.239014 0.000000
vt 0.710693 0.214355 0.000000
vt 0.753418 0.214355 0.000000
vt 0.707031 0.239014 0.000000
vt 0.707031 0.239014 0.000000
vt 0.749023 0.243408 0.000000
vt 0.696045 0.262695 0.000000
vt 0.749023 0.243408 0.000000
vt 0.736328 0.271484 0.000000
vt 0.696045 0.262695 0.000000
vt 0.696045 0.262695 0.000000
vt 0.736328 0.271484 0.000000
vt 0.678223 0.285156 0.000000
vt 0.736328 0.271484 0.000000
vt 0.715332 0.297852 0.000000
vt 0.678223 0.285156 0.000000
vt 0.678223 0.285156 0.000000
vt 0.715332 0.297852 0.000000
vt 0.654297 0.305420 0.000000
vt 0.715332 0.297852 0.000000
vt 0.687012 0.321533 0.000000
vt 0.654297 0.305420 0.000000
vt 0.654297 0.305420 0.000000
vt 0.687012 0.321533 0.000000
vt 0.624512 0.322998 0.000000
vt 0.624512 0.322998 0.000000
vt 0.687012 0.321533 0.000000
vt 0.652100 0.342285 0.000000
vt 0.624512 0.322998 0.000000
vt 0.652100 0.342285 0.000000
vt 0.590088 0.337158 0.000000
vt 0.590088 0.337158 0.000000
vt 0.652100 0.342285 0.000000
vt 0.611572 0.358887 0.000000
vt 0.590088 0.337158 0.000000
vt 0.611572 0.358887 0.000000
vt 0.552002 0.347412 0.000000
vt 0.552002 0.347412 0.000000
vt 0.611572 0.358887 0.000000
vt 0.566650 0.371094 0.000000
vt 0.552002 0.347412 0.000000
vt 0.566650 0.371094 0.000000
vt 0.511475 0.354004 0.000000
vt 0.511475 0.354004 0.000000
vt 0.566650 0.371094 0.000000
vt 0.518799 0.378662 0.000000
vt 0.499756 0.478271 0.000000
vt 0.499756 0.462158 0.000000
vt 0.492188 0.462158 0.000000
vt 0.499756 0.478271 0.000000
vt 0.492188 0.462158 0.000000
vt 0.492188 0.478271 0.000000
vt 0.507324 0.478271 0.000000
vt 0.507324 0.462158 0.000000
vt 0.499756 0.462158 0.000000
vt 0.507324 0.478271 0.000000
vt 0.499756 0.462158 0.000000
vt 0.499756 0.478271 0.000000
vt 0.514404 0.478271 0.000000
vt 0.514404 0.462158 0.000000
vt 0.507324 0.462158 0.000000
vt 0.514404 0.478271 0.000000
vt 0.507324 0.462158 0.000000
vt 0.507324 0.478271 0.000000
vt 0.520752 0.478271 0.000000
vt 0.520752 0.462158 0.000000
vt 0.514404 0.462158 0.000000
vt 0.520752 0.478271 0.000000
vt 0.514404 0.462158 0.000000
vt 0.514404 0.478271 0.000000
vt 0.526367 0.478271 0.000000
vt 0.526367 0.462158 0.000000
vt 0.520752 0.462158 0.000000
vt 0.526367 0.478271 0.000000
vt 0.520752 0.462158 0.000000
vt 0.520752 0.478271 0.000000
vt 0.530762 0.478271 0.000000
vt 0.530762 0.462158 0.000000
vt 0.526367 0.462158 0.000000
vt 0.530762 0.478271 0.000000
vt 0.526367 0.462158 0.000000
vt 0.526367 0.478271 0.000000
vt 0.534180 0.478271 0.000000
vt 0.534180 0.462158 0.000000
vt 0.530762 0.462158 0.000000
vt 0.534180 0.478271 0.000000
vt 0.530762 0.462158 0.000000
vt 0.530762 0.478271 0.000000
vt 0.536133 0.478271 0.000000
vt 0.536133 0.462158 0.000000
vt 0.534180 0.462158 0.000000
vt 0.536133 0.478271 0.000000
vt 0.534180 0.462158 0.000000
vt 0.534180 0.478271 0.000000
vt 0.536865 0.462158 0.000000
vt 0.536133 0.462158 0.000000
vt 0.536133 0.478271 0.000000
vt 0.536865 0.478271 0.000000
vt 0.536865 0.462158 0.000000
vt 0.536133 0.478271 0.000000
vt 0.536133 0.462158 0.000000
vt 0.536865 0.462158 0.000000
vt 0.536865 0.478271 0.000000
vt 0.536133 0.478271 0.000000
vt 0.536133 0.462158 0.000000
vt 0.536865 0.478271 0.000000
vt 0.534180 0.462158 0.000000
vt 0.536133 0.462158 0.000000
vt 0.536133 0.478271 0.000000
vt 0.534180 0.478271 0.000000
vt 0.534180 0.462158 0.000000
vt 0.536133 0.478271 0.000000
vt 0.530762 0.462158 0.000000
vt 0.534180 0.462158 0.000000
vt 0.534180 0.478271 0.000000
vt 0.530762 0.478271 0.000000
vt 0.530762 0.462158 0.000000
vt 0.534180 0.478271 0.000000
vt 0.526367 0.478271 0.000000
vt 0.526367 0.462158 0.000000
vt 0.530762 0.462158 0.000000
vt 0.526367 0.478271 0.000000
vt 0.530762 0.462158 0.000000
vt 0.530762 0.478271 0.000000
vt 0.520752 0.478271 0.000000
vt 0.520752 0.462158 0.000000
vt 0.526367 0.462158 0.000000
vt 0.520752 0.478271 0.000000
vt 0.526367 0.462158 0.000000
vt 0.526367 0.478271 0.000000
vt 0.514404 0.478271 0.000000
vt 0.514404 0.462158 0.000000
vt 0.520752 0.462158 0.000000
vt 0.514404 0.478271 0.000000
vt 0.520752 0.462158 0.000000
vt 0.520752 0.478271 0.000000
vt 0.507324 0.478271 0.000000
vt 0.507324 0.462158 0.000000
vt 0.514404 0.462158 0.000000
vt 0.507324 0.478271 0.000000
vt 0.514404 0.462158 0.000000
vt 0.514404 0.478271 0.000000
vt 0.499756 0.478271 0.000000
vt 0.499756 0.462158 0.000000
vt 0.507324 0.462158 0.000000
vt 0.499756 0.478271 0.000000
vt 0.507324 0.462158 0.000000
vt 0.507324 0.478271 0.000000
vt 0.492188 0.478271 0.000000
vt 0.492188 0.462158 0.000000
vt 0.499756 0.462158 0.000000
vt 0.492188 0.478271 0.000000
vt 0.499756 0.462158 0.000000
vt 0.499756 0.478271 0.000000
vt 0.492188 0.478271 0.000000
vt 0.484375 0.462158 0.000000
vt 0.492188 0.462158 0.000000
vt 0.492188 0.478271 0.000000
vt 0.484375 0.478271 0.000000
vt 0.484375 0.462158 0.000000
vt 0.484375 0.478271 0.000000
vt 0.476807 0.462158 0.000000
vt 0.484375 0.462158 0.000000
vt 0.484375 0.478271 0.000000
vt 0.476807 0.478271 0.000000
vt 0.476807 0.462158 0.000000
vt 0.476807 0.478271 0.000000
vt 0.469727 0.462158 0.000000
vt 0.476807 0.462158 0.000000
vt 0.476807 0.478271 0.000000
vt 0.469727 0.478271 0.000000
vt 0.469727 0.462158 0.000000
vt 0.469727 0.478271 0.000000
vt 0.463379 0.462158 0.000000
vt 0.469727 0.462158 0.000000
vt 0.469727 0.478271 0.000000
vt 0.463379 0.478271 0.000000
vt 0.463379 0.462158 0.000000
vt 0.463379 0.478271 0.000000
vt 0.458008 0.462158 0.000000
vt 0.463379 0.462158 0.000000
vt 0.463379 0.478271 0.000000
vt 0.458008 0.478271 0.000000
vt 0.458008 0.462158 0.000000
vt 0.458008 0.478271 0.000000
vt 0.453369 0.462158 0.000000
vt 0.458008 0.462158 0.000000
vt 0.458008 0.478271 0.000000
vt 0.453369 0.478271 0.000000
vt 0.453369 0.462158 0.000000
vt 0.453369 0.478271 0.000000
vt 0.450195 0.478271 0.000000
vt 0.453369 0.462158 0.000000
vt 0.453369 0.462158 0.000000
vt 0.450195 0.478271 0.000000
vt 0.450195 0.462158 0.000000
vt 0.450195 0.478271 0.000000
vt 0.448242 0.478271 0.000000
vt 0.450195 0.462158 0.000000
vt 0.450195 0.462158 0.000000
vt 0.448242 0.478271 0.000000
vt 0.448242 0.462158 0.000000
vt 0.448242 0.478271 0.000000
vt 0.447510 0.478271 0.000000
vt 0.448242 0.462158 0.000000
vt 0.448242 0.462158 0.000000
vt 0.447510 0.478271 0.000000
vt 0.447510 0.462158 0.000000
vt 0.447510 0.478271 0.000000
vt 0.448242 0.478271 0.000000
vt 0.447510 0.462158 0.000000
vt 0.447510 0.462158 0.000000
vt 0.448242 0.478271 0.000000
vt 0.448242 0.462158 0.000000
vt 0.448242 0.478271 0.000000
vt 0.450195 0.462158 0.000000
vt 0.448242 0.462158 0.000000
vt 0.448242 0.478271 0.000000
vt 0.450195 0.478271 0.000000
vt 0.450195 0.462158 0.000000
vt 0.450195 0.478271 0.000000
vt 0.453369 0.462158 0.000000
vt 0.450195 0.462158 0.000000
vt 0.450195 0.478271 0.000000
vt 0.453369 0.478271 0.000000
vt 0.453369 0.462158 0.000000
vt 0.453369 0.478271 0.000000
vt 0.458008 0.462158 0.000000
vt 0.453369 0.462158 0.000000
vt 0.453369 0.478271 0.000000
vt 0.458008 0.478271 0.000000
vt 0.458008 0.462158 0.000000
vt 0.458008 0.478271 0.000000
vt 0.463379 0.462158 0.000000
vt 0.458008 0.462158 0.000000
vt 0.458008 0.478271 0.000000
vt 0.463379 0.478271 0.000000
vt 0.463379 0.462158 0.000000
vt 0.463379 0.478271 0.000000
vt 0.469727 0.462158 0.000000
vt 0.463379 0.462158 0.000000
vt 0.463379 0.478271 0.000000
vt 0.469727 0.478271 0.000000
vt 0.469727 0.462158 0.000000
vt 0.469727 0.478271 0.000000
vt 0.476807 0.462158 0.000000
vt 0.469727 0.462158 0.000000
vt 0.469727 0.478271 0.000000
vt 0.476807 0.478271 0.000000
vt 0.476807 0.462158 0.000000
vt 0.476807 0.478271 0.000000
vt 0.484375 0.462158 0.000000
vt 0.476807 0.462158 0.000000
vt 0.476807 0.478271 0.000000
vt 0.484375 0.478271 0.000000
vt 0.484375 0.462158 0.000000
vt 0.484375 0.478271 0.000000
vt 0.492188 0.462158 0.000000
vt 0.484375 0.462158 0.000000
vt 0.484375 0.478271 0.000000
vt 0.492188 0.478271 0.000000
vt 0.492188 0.462158 0.000000
vn 0.000000 -0.292236 -0.956299
vn 0.000000 -0.292236 -0.956299
vn 0.000000 -0.292236 -0.956299
vn 0.000000 -0.292236 -0.956299
vn 0.000000 -0.292236 -0.956299
vn 0.000000 -0.292236 -0.956299
vn 0.000000 -0.292236 -0.956299
vn 0.000000 -0.292236 -0.956299
vn 0.000000 -0.292236 -0.956299
vn 0.000000 -0.292236 -0.956299
vn 0.000000 -0.292236 -0.956299
vn 0.000000 -0.292236 -0.956299
vn 0.000000 -0.292236 -0.956299
vn 0.000000 -0.292236 -0.956299
vn 0.000000 -0.292236 -0.956299
vn 0.000000 -0.292236 -0.956299
vn 0.000000 -0.292236 -0.956299
vn 0.000000 -0.292236 -0.956299
vn 0.000000 -0.292236 -0.956299
vn 0.000000 -0.292236 -0.956299
vn 0.000000 -0.292236 -0.956299
vn 0.000000 -0.292236 -0.956299
vn 0.000000 -0.292236 -0.956299
vn 0.000000 -0.292236 -0.956299
vn 0.000000 -0.292236 -0.956299
vn 0.000000 -0.292236 -0.956299
vn 0.000000 -0.292236 -0.956299
vn 0.000000 -0.292236 -0.956299
vn 0.000000 -0.292236 -0.956299
vn 0.000000 -0.292236 -0.956299
vn 0.000000 -0.292236 -0.956299
vn 0.000000 -0.292236 -0.956299
vn 0.000000 -0.292236 -0.956299
vn 0.000000 -0.292236 -0.956299
vn 0.000000 -0.292236 -0.956299
vn 0.000000 -0.292236 -0.956299
vn 0.000000 -0.292236 -0.956299
vn 0.000000 -0.292236 -0.956299
vn 0.000000 -0.292236 -0.956299
vn 0.000000 -0.292236 -0.956299
vn 0.000000 -0.292236 -0.956299
vn 0.000000 -0.292236 -0.956299
vn 0.000000 -0.292236 -0.956299
vn 0.000000 -0.292236 -0.956299
vn 0.000000 -0.292236 -0.956299
vn 0.000000 -0.292236 -0.956299
vn 0.000000 -0.292236 -0.956299
vn 0.000000 -0.292236 -0.956299
vn 0.000000 -0.292236 -0.956299
vn 0.000000 -0.292236 -0.956299
vn 0.000000 -0.292236 -0.956299
vn 0.000000 -0.292236 -0.956299
vn 0.000000 -0.292236 -0.956299
vn 0.000000 -0.292236 -0.956299
vn 0.000000 -0.292236 -0.956299
vn 0.000000 -0.292236 -0.956299
vn 0.000000 -0.292236 -0.956299
vn 0.000000 -0.292236 -0.956299
vn 0.000000 -0.292236 -0.956299
vn 0.000000 -0.292236 -0.956299
vn 0.000000 -0.292236 -0.956299
vn 0.000000 -0.292236 -0.956299
vn 0.000000 -0.292236 -0.956299
vn 0.000000 -0.292236 -0.956299
vn 0.000000 -0.292236 -0.956299
vn 0.000000 -0.292236 -0.956299
vn 0.000000 -0.292236 -0.956299
vn 0.000000 -0.292236 -0.956299
vn 0.000000 -0.292236 -0.956299
vn 0.000000 -0.292236 -0.956299
vn 0.000000 -0.292236 -0.956299
vn 0.000000 -0.292236 -0.956299
vn 0.000000 -0.292236 -0.956299
vn 0.000000 -0.292236 -0.956299
vn 0.000000 -0.292236 -0.956299
vn 0.000000 -0.292236 -0.956299
vn 0.000000 -0.292236 -0.956299
vn 0.000000 -0.292236 -0.956299
vn 0.000000 -0.292236 -0.956299
vn 0.000000 -0.292236 -0.956299
vn 0.000000 -0.292236 -0.956299
vn 0.000000 -0.292236 -0.956299
vn 0.000000 -0.292236 -0.956299
vn 0.000000 -0.292236 -0.956299
vn 0.000000 -0.292236 -0.956299
vn 0.000000 -0.292236 -0.956299
vn 0.000000 -0.292236 -0.956299
vn 0.000000 -0.292236 -0.956299
vn 0.000000 -0.292236 -0.956299
vn 0.000000 -0.292236 -0.956299
vn 0.000000 -0.292236 -0.956299
vn 0.000000 -0.292236 -0.956299
vn 0.000000 -0.292236 -0.956299
vn 0.000000 -0.292236 -0.956299
vn 0.000000 -0.292236 -0.956299
vn 0.000000 -0.292236 -0.956299
vn 0.000000 -0.292236 -0.956299
vn 0.000000 -0.292236 -0.956299
vn 0.000000 -0.292236 -0.956299
vn 0.000000 -0.292236 -0.956299
vn 0.000000 -0.292236 -0.956299
vn 0.000000 -0.292236 -0.956299
vn 0.000000 -0.292236 -0.956299
vn 0.000000 -0.292236 -0.956299
vn 0.000000 -0.292236 -0.956299
vn 0.000000 -0.292236 -0.956299
vn 0.000000 -0.292236 -0.956299
vn 0.000000 -0.292236 -0.956299
vn 0.000000 -0.292236 -0.956299
vn 0.000000 -0.292236 -0.956299
vn 0.000000 -0.292236 -0.956299
vn 0.000000 -0.292236 -0.956299
vn 0.000000 -0.292236 -0.956299
vn 0.000000 -0.292236 -0.956299
vn 0.000000 -0.292236 -0.956299
vn 0.000000 -0.292236 -0.956299
vn 0.000000 -0.292236 -0.956299
vn 0.000000 -0.292236 -0.956299
vn 0.000000 -0.292236 -0.956299
vn 0.000000 -0.292236 -0.956299
vn 0.000000 -0.292236 -0.956299
vn 0.000000 -0.292236 -0.956299
vn 0.000000 -0.292236 -0.956299
vn 0.000000 -0.292236 -0.956299
vn 0.000000 -0.292236 -0.956299
vn 0.000000 -0.292236 -0.956299
vn 0.000000 -0.292236 -0.956299
vn 0.000000 -0.292236 -0.956299
vn 0.000000 -0.292236 -0.956299
vn 0.000000 -0.292236 -0.956299
vn 0.000000 -0.292236 -0.956299
vn 0.000000 -0.292236 -0.956299
vn 0.000000 -0.292236 -0.956299
vn 0.000000 -0.292236 -0.956299
vn 0.000000 -0.292236 -0.956299
vn 0.000000 -0.292236 -0.956299
vn 0.000000 -0.292236 -0.956299
vn 0.000000 -0.292236 -0.956299
vn 0.000000 -0.292236 -0.956299
vn 0.000000 -0.292236 -0.956299
vn 0.000000 -0.292236 -0.956299
vn 0.000000 -0.292236 -0.956299
vn 0.000000 -0.292236 -0.956299
vn 0.000000 -0.292236 -0.956299
vn 0.000000 -0.292236 -0.956299
vn 0.000000 -0.292236 -0.956299
vn 0.000000 -0.292236 -0.956299
vn 0.000000 -0.292236 -0.956299
vn 0.000000 -0.292236 -0.956299
vn 0.000000 -0.292236 -0.956299
vn 0.000000 -0.292236 -0.956299
vn 0.000000 -0.292236 -0.956299
vn 0.000000 -0.292236 -0.956299
vn 0.000000 -0.292236 -0.956299
vn 0.000000 -0.292236 -0.956299
vn 0.000000 -0.292236 -0.956299
vn 0.000000 -0.292236 -0.956299
vn 0.000000 -0.292236 -0.956299
vn 0.000000 -0.292236 -0.956299
vn 0.000000 -0.292236 -0.956299
vn 0.000000 -0.292236 -0.956299
vn 0.000000 -0.292236 -0.956299
vn 0.000000 -0.292236 -0.956299
vn 0.000000 -0.292236 -0.956299
vn 0.000000 -0.292236 -0.956299
vn 0.000000 -0.292236 -0.956299
vn 0.000000 -0.292236 -0.956299
vn 0.000000 -0.292236 -0.956299
vn 0.000000 -0.292236 -0.956299
vn 0.000000 -0.292236 -0.956299
vn 0.000000 -0.292236 -0.956299
vn 0.000000 -0.292236 -0.956299
vn 0.000000 -0.292236 -0.956299
vn 0.000000 -0.292236 -0.956299
vn 0.000000 -0.292236 -0.956299
vn 0.000000 -0.292236 -0.956299
vn 0.000000 -0.292236 -0.956299
vn 0.000000 -0.292236 -0.956299
vn 0.000000 -0.292236 -0.956299
vn 0.000000 -0.292236 -0.956299
vn 0.000000 -0.292236 -0.956299
vn 0.000000 -0.292236 -0.956299
vn 0.000000 -0.292236 -0.956299
vn 0.000000 -0.292236 -0.956299
vn 0.000000 -0.292236 -0.956299
vn 0.000000 -0.292236 -0.956299
vn 0.000000 -0.292236 -0.956299
vn 0.000000 -0.292236 -0.956299
vn 0.000000 -0.292236 -0.956299
vn 0.000000 -0.292236 -0.956299
vn 0.000000 -0.292236 -0.956299
vn 0.000000 -0.292236 -0.956299
vn 0.000000 -0.292236 -0.956299
vn 0.000000 -0.292236 -0.956299
vn 0.000000 -0.292236 -0.956299
vn 0.000000 -0.292236 -0.956299
vn 0.000000 -0.292236 -0.956299
vn 0.000000 -0.292236 -0.956299
vn 0.000000 -0.292236 -0.956299
vn 0.000000 -0.292236 -0.956299
vn 0.000000 -0.292236 -0.956299
vn 0.000000 -0.292236 -0.956299
vn 0.000000 -0.292236 -0.956299
vn 0.000000 -0.292236 -0.956299
vn 0.000000 -0.292236 -0.956299
vn 0.000000 -0.292236 -0.956299
vn 0.000000 -0.292236 -0.956299
vn 0.000000 -0.292236 -0.956299
vn 0.000000 -0.292236 -0.956299
vn 0.000000 -0.292236 -0.956299
vn 0.000000 -0.292236 -0.956299
vn 0.000000 -0.292236 -0.956299
vn 0.000000 -0.292236 -0.956299
vn 0.000000 -0.292236 -0.956299
vn 0.000000 -0.292236 -0.956299
vn 0.000000 -0.292236 -0.956299
vn 0.192871 -0.311035 -0.930420
vn 0.096191 -0.274658 -0.956543
vn 0.381592 -0.270020 -0.883789
vn 0.046631 -0.305908 -0.950684
vn 0.096191 -0.274658 -0.956543
vn 0.192871 -0.311035 -0.930420
vn 0.046631 -0.305908 -0.950684
vn 0.182861 -0.222900 -0.957275
vn 0.096191 -0.274658 -0.956543
vn 0.046631 -0.305908 -0.950684
vn 0.042236 -0.268555 -0.962158
vn 0.182861 -0.222900 -0.957275
vn 0.172607 -0.372559 -0.911621
vn 0.042236 -0.268555 -0.962158
vn 0.046631 -0.305908 -0.950684
vn 0.037354 -0.322021 -0.945801
vn 0.042236 -0.268555 -0.962158
vn 0.172607 -0.372559 -0.911621
vn 0.037354 -0.322021 -0.945801
vn 0.148926 -0.166992 -0.974365
vn 0.042236 -0.268555 -0.962158
vn 0.037354 -0.322021 -0.945801
vn 0.031250 -0.256104 -0.966064
vn 0.148926 -0.166992 -0.974365
vn 0.125000 -0.429199 -0.894287
vn 0.031250 -0.256104 -0.966064
vn 0.037354 -0.322021 -0.945801
vn 0.024414 -0.332520 -0.942627
vn 0.031250 -0.256104 -0.966064
vn 0.125000 -0.429199 -0.894287
vn 0.024414 -0.332520 -0.942627
vn 0.097168 -0.125488 -0.987061
vn 0.031250 -0.256104 -0.966064
vn 0.024414 -0.332520 -0.942627
vn 0.016602 -0.247803 -0.968506
vn 0.097168 -0.125488 -0.987061
vn 0.066406 -0.461670 -0.884521
vn 0.016602 -0.247803 -0.968506
vn 0.024414 -0.332520 -0.942627
vn 0.008301 -0.337891 -0.940918
vn 0.016602 -0.247803 -0.968506
vn 0.066406 -0.461670 -0.884521
vn 0.008301 -0.337891 -0.940918
vn 0.033691 -0.103271 -0.993896
vn 0.016602 -0.247803 -0.968506
vn 0.008301 -0.337891 -0.940918
vn -0.004150 -0.197266 -0.980225
vn 0.033691 -0.103271 -0.993896
vn 0.000000 -0.384277 -0.923096
vn -0.004150 -0.197266 -0.980225
vn 0.008301 -0.337891 -0.940918
vn 0.000000 -0.384277 -0.923096
vn -0.008301 -0.245850 -0.969238
vn -0.004150 -0.197266 -0.980225
vn 0.000000 -0.384277 -0.923096
vn -0.025391 -0.471191 -0.881348
vn -0.008301 -0.245850 -0.969238
vn -0.025391 -0.471191 -0.881348
vn -0.029297 -0.380127 -0.924316
vn -0.008301 -0.245850 -0.969238
vn -0.029297 -0.380127 -0.924316
vn -0.037354 -0.204346 -0.978027
vn -0.008301 -0.245850 -0.969238
vn -0.029297 -0.380127 -0.924316
vn -0.045166 -0.373779 -0.926270
vn -0.037354 -0.204346 -0.978027
vn -0.045166 -0.373779 -0.926270
vn -0.052490 -0.211914 -0.975830
vn -0.037354 -0.204346 -0.978027
vn -0.045166 -0.373779 -0.926270
vn -0.029785 -0.329102 -0.943604
vn -0.052490 -0.211914 -0.975830
vn -0.029785 -0.329102 -0.943604
vn -0.131348 -0.149414 -0.979736
vn -0.052490 -0.211914 -0.975830
vn -0.029785 -0.329102 -0.943604
vn -0.077393 -0.233887 -0.968994
vn -0.131348 -0.149414 -0.979736
vn -0.029785 -0.329102 -0.943604
vn -0.072021 -0.354004 -0.932373
vn -0.077393 -0.233887 -0.968994
vn -0.072021 -0.354004 -0.932373
vn -0.043213 -0.270264 -0.961670
vn -0.077393 -0.233887 -0.968994
vn -0.072021 -0.354004 -0.932373
vn -0.164062 -0.386719 -0.907227
vn -0.043213 -0.270264 -0.961670
vn -0.164062 -0.386719 -0.907227
vn -0.045898 -0.307861 -0.950195
vn -0.043213 -0.270264 -0.961670
vn -0.045898 -0.307861 -0.950195
vn -0.185547 -0.230713 -0.955078
vn -0.043213 -0.270264 -0.961670
vn -0.045898 -0.307861 -0.950195
vn -0.096924 -0.278564 -0.955322
vn -0.185547 -0.230713 -0.955078
vn -0.045898 -0.307861 -0.950195
vn -0.191650 -0.319092 -0.927979
vn -0.096924 -0.278564 -0.955322
vn -0.191650 -0.319092 -0.927979
vn -0.381592 -0.270020 -0.883789
vn -0.096924 -0.278564 -0.955322
vn -0.008301 -0.245850 -0.969238
vn -0.092041 0.462402 -0.881836
vn -0.004150 -0.197266 -0.980225
vn -0.004150 -0.197266 -0.980225
vn -0.092041 0.462402 -0.881836
vn 0.000000 0.467773 -0.883789
vn 0.033691 -0.103271 -0.993896
vn -0.004150 -0.197266 -0.980225
vn 0.092041 0.462402 -0.881836
vn -0.004150 -0.197266 -0.980225
vn 0.000000 0.467773 -0.883789
vn 0.092041 0.462402 -0.881836
vn 0.016602 -0.247803 -0.968506
vn 0.033691 -0.103271 -0.993896
vn 0.212158 0.436768 -0.874023
vn 0.212158 0.436768 -0.874023
vn 0.033691 -0.103271 -0.993896
vn 0.092041 0.462402 -0.881836
vn 0.097168 -0.125488 -0.987061
vn 0.016602 -0.247803 -0.968506
vn 0.325928 0.391846 -0.860107
vn 0.325928 0.391846 -0.860107
vn 0.016602 -0.247803 -0.968506
vn 0.212158 0.436768 -0.874023
vn 0.031250 -0.256104 -0.966064
vn 0.097168 -0.125488 -0.987061
vn 0.429688 0.328613 -0.840820
vn 0.429688 0.328613 -0.840820
vn 0.097168 -0.125488 -0.987061
vn 0.325928 0.391846 -0.860107
vn 0.148926 -0.166992 -0.974365
vn 0.031250 -0.256104 -0.966064
vn 0.520508 0.249023 -0.816650
vn 0.520508 0.249023 -0.816650
vn 0.031250 -0.256104 -0.966064
vn 0.429688 0.328613 -0.840820
vn 0.042236 -0.268555 -0.962158
vn 0.148926 -0.166992 -0.974365
vn 0.595459 0.155762 -0.788086
vn 0.595459 0.155762 -0.788086
vn 0.148926 -0.166992 -0.974365
vn 0.520508 0.249023 -0.816650
vn 0.182861 -0.222900 -0.957275
vn 0.042236 -0.268555 -0.962158
vn 0.652100 0.051270 -0.756104
vn 0.652100 0.051270 -0.756104
vn 0.042236 -0.268555 -0.962158
vn 0.595459 0.155762 -0.788086
vn 0.096191 -0.274658 -0.956543
vn 0.182861 -0.222900 -0.957275
vn 0.689209 -0.060791 -0.721680
vn 0.689209 -0.060791 -0.721680
vn 0.182861 -0.222900 -0.957275
vn 0.652100 0.051270 -0.756104
vn 0.381592 -0.270020 -0.883789
vn 0.096191 -0.274658 -0.956543
vn 0.705322 -0.177490 -0.686035
vn 0.705322 -0.177490 -0.686035
vn 0.096191 -0.274658 -0.956543
vn 0.689209 -0.060791 -0.721680
vn 0.192871 -0.311035 -0.930420
vn 0.705322 -0.177490 -0.686035
vn 0.694824 -0.324219 -0.641602
vn 0.192871 -0.311035 -0.930420
vn 0.381592 -0.270020 -0.883789
vn 0.705322 -0.177490 -0.686035
vn 0.663086 -0.437744 -0.606689
vn 0.046631 -0.305908 -0.950684
vn 0.694824 -0.324219 -0.641602
vn 0.046631 -0.305908 -0.950684
vn 0.192871 -0.311035 -0.930420
vn 0.694824 -0.324219 -0.641602
vn 0.611084 -0.544434 -0.574219
vn 0.172607 -0.372559 -0.911621
vn 0.663086 -0.437744 -0.606689
vn 0.172607 -0.372559 -0.911621
vn 0.046631 -0.305908 -0.950684
vn 0.663086 -0.437744 -0.606689
vn 0.560059 -0.617920 -0.551270
vn 0.037354 -0.322021 -0.945801
vn 0.172607 -0.372559 -0.911621
vn 0.560059 -0.617920 -0.551270
vn 0.172607 -0.372559 -0.911621
vn 0.611084 -0.544434 -0.574219
vn 0.477051 -0.704834 -0.524902
vn 0.125000 -0.429199 -0.894287
vn 0.037354 -0.322021 -0.945801
vn 0.477051 -0.704834 -0.524902
vn 0.037354 -0.322021 -0.945801
vn 0.560059 -0.617920 -0.551270
vn 0.379395 -0.776367 -0.502930
vn 0.024414 -0.332520 -0.942627
vn 0.125000 -0.429199 -0.894287
vn 0.379395 -0.776367 -0.502930
vn 0.125000 -0.429199 -0.894287
vn 0.477051 -0.704834 -0.524902
vn 0.270020 -0.830811 -0.486328
vn 0.066406 -0.461670 -0.884521
vn 0.024414 -0.332520 -0.942627
vn 0.270020 -0.830811 -0.486328
vn 0.024414 -0.332520 -0.942627
vn 0.379395 -0.776367 -0.502930
vn 0.152832 -0.866211 -0.475586
vn 0.008301 -0.337891 -0.940918
vn 0.066406 -0.461670 -0.884521
vn 0.152832 -0.866211 -0.475586
vn 0.066406 -0.461670 -0.884521
vn 0.270020 -0.830811 -0.486328
vn 0.030762 -0.881592 -0.470703
vn 0.000000 -0.384277 -0.923096
vn 0.008301 -0.337891 -0.940918
vn 0.030762 -0.881592 -0.470703
vn 0.008301 -0.337891 -0.940918
vn 0.152832 -0.866211 -0.475586
vn 0.030762 -0.881592 -0.470703
vn -0.122314 -0.871582 -0.474121
vn -0.025391 -0.471191 -0.881348
vn 0.030762 -0.881592 -0.470703
vn -0.025391 -0.471191 -0.881348
vn 0.000000 -0.384277 -0.923096
vn -0.122314 -0.871582 -0.474121
vn -0.241211 -0.841309 -0.483398
vn -0.029297 -0.380127 -0.924316
vn -0.122314 -0.871582 -0.474121
vn -0.029297 -0.380127 -0.924316
vn -0.025391 -0.471191 -0.881348
vn -0.241211 -0.841309 -0.483398
vn -0.352783 -0.791504 -0.498779
vn -0.045166 -0.373779 -0.926270
vn -0.241211 -0.841309 -0.483398
vn -0.045166 -0.373779 -0.926270
vn -0.029297 -0.380127 -0.924316
vn -0.352783 -0.791504 -0.498779
vn -0.453613 -0.724121 -0.519287
vn -0.029785 -0.329102 -0.943604
vn -0.352783 -0.791504 -0.498779
vn -0.029785 -0.329102 -0.943604
vn -0.045166 -0.373779 -0.926270
vn -0.453613 -0.724121 -0.519287
vn -0.540527 -0.640869 -0.544678
vn -0.072021 -0.354004 -0.932373
vn -0.453613 -0.724121 -0.519287
vn -0.072021 -0.354004 -0.932373
vn -0.029785 -0.329102 -0.943604
vn -0.540527 -0.640869 -0.544678
vn -0.611084 -0.544434 -0.574219
vn -0.164062 -0.386719 -0.907227
vn -0.540527 -0.640869 -0.544678
vn -0.164062 -0.386719 -0.907227
vn -0.072021 -0.354004 -0.932373
vn -0.611084 -0.544434 -0.574219
vn -0.652100 -0.465332 -0.598145
vn -0.164062 -0.386719 -0.907227
vn -0.164062 -0.386719 -0.907227
vn -0.652100 -0.465332 -0.598145
vn -0.045898 -0.307861 -0.950195
vn -0.652100 -0.465332 -0.598145
vn -0.689209 -0.353027 -0.632324
vn -0.045898 -0.307861 -0.950195
vn -0.045898 -0.307861 -0.950195
vn -0.689209 -0.353027 -0.632324
vn -0.191650 -0.319092 -0.927979
vn -0.191650 -0.319092 -0.927979
vn -0.689209 -0.353027 -0.632324
vn -0.705322 -0.236328 -0.667969
vn -0.191650 -0.319092 -0.927979
vn -0.705322 -0.236328 -0.667969
vn -0.381592 -0.270020 -0.883789
vn -0.705322 -0.236328 -0.667969
vn -0.694824 -0.089844 -0.713135
vn -0.096924 -0.278564 -0.955322
vn -0.381592 -0.270020 -0.883789
vn -0.705322 -0.236328 -0.667969
vn -0.096924 -0.278564 -0.955322
vn -0.096924 -0.278564 -0.955322
vn -0.694824 -0.089844 -0.713135
vn -0.185547 -0.230713 -0.955078
vn -0.694824 -0.089844 -0.713135
vn -0.663086 0.023682 -0.748047
vn -0.185547 -0.230713 -0.955078
vn -0.185547 -0.230713 -0.955078
vn -0.663086 0.023682 -0.748047
vn -0.043213 -0.270264 -0.961670
vn -0.663086 0.023682 -0.748047
vn -0.611084 0.130127 -0.780518
vn -0.043213 -0.270264 -0.961670
vn -0.043213 -0.270264 -0.961670
vn -0.611084 0.130127 -0.780518
vn -0.077393 -0.233887 -0.968994
vn -0.611084 0.130127 -0.780518
vn -0.540527 0.226562 -0.810059
vn -0.077393 -0.233887 -0.968994
vn -0.077393 -0.233887 -0.968994
vn -0.540527 0.226562 -0.810059
vn -0.131348 -0.149414 -0.979736
vn -0.540527 0.226562 -0.810059
vn -0.453613 0.309814 -0.835449
vn -0.131348 -0.149414 -0.979736
vn -0.131348 -0.149414 -0.979736
vn -0.453613 0.309814 -0.835449
vn -0.052490 -0.211914 -0.975830
vn -0.453613 0.309814 -0.835449
vn -0.352783 0.377197 -0.855957
vn -0.052490 -0.211914 -0.975830
vn -0.052490 -0.211914 -0.975830
vn -0.352783 0.377197 -0.855957
vn -0.037354 -0.204346 -0.978027
vn -0.352783 0.377197 -0.855957
vn -0.241211 0.427002 -0.871338
vn -0.037354 -0.204346 -0.978027
vn -0.037354 -0.204346 -0.978027
vn -0.241211 0.427002 -0.871338
vn -0.008301 -0.245850 -0.969238
vn -0.241211 0.427002 -0.871338
vn -0.092041 0.462402 -0.881836
vn -0.008301 -0.245850 -0.969238
vn 0.000000 0.292236 0.956299
vn 0.000000 0.292236 0.956299
vn 0.000000 0.292236 0.956299
vn 0.000000 0.292236 0.956299
vn 0.000000 0.292236 0.956299
vn 0.000000 0.292236 0.956299
vn 0.000000 0.292236 0.956299
vn 0.000000 0.292236 0.956299
vn 0.000000 0.292236 0.956299
vn 0.000000 0.292236 0.956299
vn 0.000000 0.292236 0.956299
vn 0.000000 0.292236 0.956299
vn 0.000000 0.292236 0.956299
vn 0.000000 0.292236 0.956299
vn 0.000000 0.292236 0.956299
vn 0.000000 0.292236 0.956299
vn 0.000000 0.292236 0.956299
vn 0.000000 0.292236 0.956299
vn 0.000000 0.292236 0.956299
vn 0.000000 0.292236 0.956299
vn 0.000000 0.292236 0.956299
vn 0.000000 0.292236 0.956299
vn 0.000000 0.292236 0.956299
vn 0.000000 0.292236 0.956299
vn 0.000000 0.292236 0.956299
vn 0.000000 0.292236 0.956299
vn 0.000000 0.292236 0.956299
vn 0.000000 0.292236 0.956299
vn 0.000000 0.292236 0.956299
vn 0.000000 0.292236 0.956299
vn 0.000000 0.292236 0.956299
vn 0.000000 0.292236 0.956299
vn 0.000000 0.292236 0.956299
vn 0.000000 0.292236 0.956299
vn 0.000000 0.292236 0.956299
vn 0.000000 0.292236 0.956299
vn 0.000000 0.292236 0.956299
vn 0.000000 0.292236 0.956299
vn 0.000000 0.292236 0.956299
vn 0.000000 0.292236 0.956299
vn 0.000000 0.292236 0.956299
vn 0.000000 0.292236 0.956299
vn 0.000000 0.292236 0.956299
vn 0.000000 0.292236 0.956299
vn 0.000000 0.292236 0.956299
vn 0.000000 0.292236 0.956299
vn 0.000000 0.292236 0.956299
vn 0.000000 0.292236 0.956299
vn 0.000000 0.292236 0.956299
vn 0.000000 0.292236 0.956299
vn 0.000000 0.292236 0.956299
vn 0.000000 0.292236 0.956299
vn 0.000000 0.292236 0.956299
vn 0.000000 0.292236 0.956299
vn 0.000000 0.292236 0.956299
vn 0.000000 0.292236 0.956299
vn 0.000000 0.292236 0.956299
vn 0.000000 0.292236 0.956299
vn 0.000000 0.292236 0.956299
vn 0.000000 0.292236 0.956299
vn 0.000000 0.292236 0.956299
vn 0.000000 0.292236 0.956299
vn 0.000000 0.292236 0.956299
vn 0.000000 0.292236 0.956299
vn 0.000000 0.292236 0.956299
vn 0.000000 0.292236 0.956299
vn 0.000000 0.292236 0.956299
vn 0.000000 0.292236 0.956299
vn 0.000000 0.292236 0.956299
vn 0.000000 0.292236 0.956299
vn 0.000000 0.292236 0.956299
vn 0.000000 0.292236 0.956299
vn 0.000000 0.292236 0.956299
vn 0.000000 0.292236 0.956299
vn 0.000000 0.292236 0.956299
vn 0.000000 0.292236 0.956299
vn 0.000000 0.292236 0.956299
vn 0.000000 0.292236 0.956299
vn 0.000000 0.292236 0.956299
vn 0.000000 0.292236 0.956299
vn 0.000000 0.292236 0.956299
vn 0.000000 0.292236 0.956299
vn 0.000000 0.292236 0.956299
vn 0.000000 0.292236 0.956299
vn 0.000000 0.292236 0.956299
vn 0.000000 0.292236 0.956299
vn 0.000000 0.292236 0.956299
vn 0.000000 0.292236 0.956299
vn 0.000000 0.292236 0.956299
vn 0.000000 0.292236 0.956299
vn 0.000000 0.292236 0.956299
vn 0.000000 0.292236 0.956299
vn 0.000000 0.292236 0.956299
vn 0.000000 0.292236 0.956299
vn 0.000000 0.292236 0.956299
vn 0.000000 0.292236 0.956299
vn 0.000000 0.292236 0.956299
vn 0.000000 0.292236 0.956299
vn 0.000000 0.292236 0.956299
vn 0.000000 0.292236 0.956299
vn 0.000000 0.292236 0.956299
vn 0.000000 0.292236 0.956299
vn 0.000000 0.292236 0.956299
vn 0.000000 0.292236 0.956299
vn 0.000000 0.292236 0.956299
vn 0.000000 0.292236 0.956299
vn 0.000000 0.292236 0.956299
vn 0.000000 0.292236 0.956299
vn 0.000000 0.292236 0.956299
vn 0.000000 0.292236 0.956299
vn 0.000000 0.292236 0.956299
vn 0.000000 0.292236 0.956299
vn 0.000000 0.292236 0.956299
vn 0.000000 0.292236 0.956299
vn 0.000000 0.292236 0.956299
vn 0.000000 0.292236 0.956299
vn 0.000000 0.292236 0.956299
vn 0.000000 0.292236 0.956299
vn 0.000000 0.292236 0.956299
vn 0.000000 0.292236 0.956299
vn 0.000000 0.292236 0.956299
vn 0.000000 0.292236 0.956299
vn 0.000000 0.292236 0.956299
vn 0.000000 0.292236 0.956299
vn 0.000000 0.292236 0.956299
vn 0.000000 0.292236 0.956299
vn 0.000000 0.292236 0.956299
vn 0.000000 0.292236 0.956299
vn 0.000000 0.292236 0.956299
vn 0.000000 0.292236 0.956299
vn 0.000000 0.292236 0.956299
vn 0.000000 0.292236 0.956299
vn 0.000000 0.292236 0.956299
vn 0.000000 0.292236 0.956299
vn 0.000000 0.292236 0.956299
vn 0.000000 0.292236 0.956299
vn 0.000000 0.292236 0.956299
vn 0.000000 0.292236 0.956299
vn 0.000000 0.292236 0.956299
vn 0.000000 0.292236 0.956299
vn 0.000000 0.292236 0.956299
vn 0.000000 0.292236 0.956299
vn 0.000000 0.292236 0.956299
vn 0.000000 0.292236 0.956299
vn 0.000000 0.292236 0.956299
vn 0.000000 0.292236 0.956299
vn 0.000000 0.292236 0.956299
vn 0.000000 0.292236 0.956299
vn 0.000000 0.292236 0.956299
vn 0.000000 0.292236 0.956299
vn 0.000000 0.292236 0.956299
vn 0.000000 0.292236 0.956299
vn 0.000000 0.292236 0.956299
vn 0.000000 0.292236 0.956299
vn 0.000000 0.292236 0.956299
vn 0.000000 0.292236 0.956299
vn 0.000000 0.292236 0.956299
vn 0.000000 0.292236 0.956299
vn 0.000000 0.292236 0.956299
vn 0.000000 0.292236 0.956299
vn 0.000000 0.292236 0.956299
vn 0.000000 0.292236 0.956299
vn 0.000000 0.292236 0.956299
vn 0.000000 0.292236 0.956299
vn 0.000000 0.292236 0.956299
vn 0.000000 0.292236 0.956299
vn 0.000000 0.292236 0.956299
vn 0.000000 0.292236 0.956299
vn 0.000000 0.292236 0.956299
vn 0.000000 0.292236 0.956299
vn 0.000000 0.292236 0.956299
vn 0.000000 0.292236 0.956299
vn 0.000000 0.292236 0.956299
vn 0.000000 0.292236 0.956299
vn 0.000000 0.292236 0.956299
vn 0.000000 0.292236 0.956299
vn 0.000000 0.292236 0.956299
vn 0.000000 0.292236 0.956299
vn 0.000000 0.292236 0.956299
vn 0.000000 0.292236 0.956299
vn 0.000000 0.292236 0.956299
vn 0.000000 0.292236 0.956299
vn 0.000000 0.292236 0.956299
vn 0.000000 0.292236 0.956299
vn 0.000000 0.292236 0.956299
vn 0.000000 0.292236 0.956299
vn 0.000000 0.292236 0.956299
vn 0.000000 0.292236 0.956299
vn 0.000000 0.292236 0.956299
vn 0.000000 0.292236 0.956299
vn 0.000000 0.292236 0.956299
vn 0.000000 0.292236 0.956299
vn 0.000000 0.292236 0.956299
vn 0.000000 0.292236 0.956299
vn 0.000000 0.292236 0.956299
vn 0.000000 0.292236 0.956299
vn 0.000000 0.292236 0.956299
vn 0.000000 0.292236 0.956299
vn 0.000000 0.292236 0.956299
vn 0.000000 0.292236 0.956299
vn 0.000000 0.292236 0.956299
vn 0.000000 0.292236 0.956299
vn 0.000000 0.292236 0.956299
vn 0.000000 0.292236 0.956299
vn 0.000000 0.292236 0.956299
vn 0.000000 0.292236 0.956299
vn 0.000000 0.292236 0.956299
vn 0.000000 0.292236 0.956299
vn 0.000000 0.292236 0.956299
vn 0.000000 0.292236 0.956299
vn 0.000000 0.292236 0.956299
vn 0.000000 0.292236 0.956299
vn 0.000000 0.292236 0.956299
vn 0.000000 0.292236 0.956299
vn 0.000000 0.292236 0.956299
vn 0.000000 0.292236 0.956299
vn 0.078613 0.304688 0.948975
vn 0.039307 0.285400 0.957520
vn 0.159424 0.288574 0.943848
vn 0.018799 0.298828 0.954102
vn 0.039307 0.285400 0.957520
vn 0.078613 0.304688 0.948975
vn 0.018799 0.298828 0.954102
vn 0.075195 0.265137 0.961182
vn 0.039307 0.285400 0.957520
vn 0.018799 0.298828 0.954102
vn 0.017334 0.282715 0.958984
vn 0.075195 0.265137 0.961182
vn 0.069336 0.329590 0.941406
vn 0.017334 0.282715 0.958984
vn 0.018799 0.298828 0.954102
vn 0.030518 0.316650 0.947998
vn 0.017334 0.282715 0.958984
vn 0.069336 0.329590 0.941406
vn 0.030518 0.316650 0.947998
vn 0.030518 0.267334 0.962891
vn 0.017334 0.282715 0.958984
vn 0.012695 0.306885 0.951416
vn 0.030518 0.267334 0.962891
vn 0.030518 0.316650 0.947998
vn 0.012695 0.306885 0.951416
vn 0.051270 0.232666 0.970947
vn 0.030518 0.267334 0.962891
vn 0.012695 0.306885 0.951416
vn 0.020020 0.258789 0.965576
vn 0.051270 0.232666 0.970947
vn 0.020020 0.325195 0.945312
vn 0.020020 0.258789 0.965576
vn 0.012695 0.306885 0.951416
vn 0.020020 0.325195 0.945312
vn 0.006836 0.274170 0.961426
vn 0.020020 0.258789 0.965576
vn 0.027344 0.363281 0.931152
vn 0.006836 0.274170 0.961426
vn 0.020020 0.325195 0.945312
vn 0.003418 0.311035 0.950195
vn 0.006836 0.274170 0.961426
vn 0.027344 0.363281 0.931152
vn 0.003418 0.311035 0.950195
vn 0.013672 0.215820 0.976074
vn 0.006836 0.274170 0.961426
vn 0.003418 0.311035 0.950195
vn -0.001709 0.253662 0.967041
vn 0.013672 0.215820 0.976074
vn 0.000000 0.330322 0.943604
vn -0.001709 0.253662 0.967041
vn 0.003418 0.311035 0.950195
vn 0.000000 0.330322 0.943604
vn -0.003418 0.273438 0.961670
vn -0.001709 0.253662 0.967041
vn 0.000000 0.330322 0.943604
vn -0.010254 0.367188 0.929932
vn -0.003418 0.273438 0.961670
vn -0.010254 0.367188 0.929932
vn -0.005859 0.310547 0.950439
vn -0.003418 0.273438 0.961670
vn -0.005859 0.310547 0.950439
vn -0.030518 0.220459 0.974854
vn -0.003418 0.273438 0.961670
vn -0.005859 0.310547 0.950439
vn -0.021484 0.259766 0.965332
vn -0.030518 0.220459 0.974854
vn -0.005859 0.310547 0.950439
vn -0.018311 0.325928 0.945068
vn -0.021484 0.259766 0.965332
vn -0.018311 0.325928 0.945068
vn -0.026855 0.263672 0.964111
vn -0.021484 0.259766 0.965332
vn -0.018311 0.325928 0.945068
vn -0.024170 0.322510 0.946045
vn -0.026855 0.263672 0.964111
vn -0.024170 0.322510 0.946045
vn -0.031738 0.268555 0.962646
vn -0.026855 0.263672 0.964111
vn -0.024170 0.322510 0.946045
vn -0.029541 0.317871 0.947510
vn -0.031738 0.268555 0.962646
vn -0.029541 0.317871 0.947510
vn -0.017578 0.283447 0.958740
vn -0.031738 0.268555 0.962646
vn -0.029541 0.317871 0.947510
vn -0.067383 0.332520 0.940430
vn -0.017578 0.283447 0.958740
vn -0.067383 0.332520 0.940430
vn -0.018311 0.299561 0.953857
vn -0.017578 0.283447 0.958740
vn -0.018311 0.299561 0.953857
vn -0.076416 0.268311 0.960205
vn -0.017578 0.283447 0.958740
vn -0.018311 0.299561 0.953857
vn -0.039551 0.287109 0.957031
vn -0.076416 0.268311 0.960205
vn -0.018311 0.299561 0.953857
vn -0.078125 0.307861 0.947998
vn -0.039551 0.287109 0.957031
vn -0.078125 0.307861 0.947998
vn -0.159424 0.295166 0.941895
vn -0.039551 0.287109 0.957031
vn -0.003418 0.273438 0.961670
vn -0.041016 -0.021484 0.998779
vn -0.001709 0.253662 0.967041
vn -0.001709 0.253662 0.967041
vn -0.041016 -0.021484 0.998779
vn 0.000000 -0.023682 0.999512
vn 0.013672 0.215820 0.976074
vn -0.001709 0.253662 0.967041
vn 0.041016 -0.021484 0.998779
vn -0.001709 0.253662 0.967041
vn 0.000000 -0.023682 0.999512
vn 0.041016 -0.021484 0.998779
vn 0.006836 0.274170 0.961426
vn 0.013672 0.215820 0.976074
vn 0.094727 -0.010010 0.995361
vn 0.013672 0.215820 0.976074
vn 0.041016 -0.021484 0.998779
vn 0.094727 -0.010010 0.995361
vn 0.020020 0.258789 0.965576
vn 0.006836 0.274170 0.961426
vn 0.145508 0.009766 0.989258
vn 0.006836 0.274170 0.961426
vn 0.094727 -0.010010 0.995361
vn 0.145508 0.009766 0.989258
vn 0.051270 0.232666 0.970947
vn 0.020020 0.258789 0.965576
vn 0.191895 0.038086 0.980469
vn 0.020020 0.258789 0.965576
vn 0.145508 0.009766 0.989258
vn 0.191895 0.038086 0.980469
vn 0.030518 0.267334 0.962891
vn 0.051270 0.232666 0.970947
vn 0.232422 0.073486 0.969727
vn 0.051270 0.232666 0.970947
vn 0.191895 0.038086 0.980469
vn 0.232422 0.073486 0.969727
vn 0.017334 0.282715 0.958984
vn 0.030518 0.267334 0.962891
vn 0.265869 0.115234 0.957031
vn 0.265869 0.115234 0.957031
vn 0.030518 0.267334 0.962891
vn 0.232422 0.073486 0.969727
vn 0.075195 0.265137 0.961182
vn 0.017334 0.282715 0.958984
vn 0.291260 0.161865 0.942627
vn 0.291260 0.161865 0.942627
vn 0.017334 0.282715 0.958984
vn 0.265869 0.115234 0.957031
vn 0.039307 0.285400 0.957520
vn 0.075195 0.265137 0.961182
vn 0.307861 0.211914 0.927246
vn 0.307861 0.211914 0.927246
vn 0.075195 0.265137 0.961182
vn 0.291260 0.161865 0.942627
vn 0.159424 0.288574 0.943848
vn 0.039307 0.285400 0.957520
vn 0.314941 0.264160 0.911377
vn 0.314941 0.264160 0.911377
vn 0.039307 0.285400 0.957520
vn 0.307861 0.211914 0.927246
vn 0.312500 0.316650 0.895264
vn 0.078613 0.304688 0.948975
vn 0.159424 0.288574 0.943848
vn 0.312500 0.316650 0.895264
vn 0.159424 0.288574 0.943848
vn 0.314941 0.264160 0.911377
vn 0.300781 0.367920 0.879639
vn 0.018799 0.298828 0.954102
vn 0.078613 0.304688 0.948975
vn 0.300781 0.367920 0.879639
vn 0.078613 0.304688 0.948975
vn 0.312500 0.316650 0.895264
vn 0.279785 0.416504 0.864746
vn 0.069336 0.329590 0.941406
vn 0.018799 0.298828 0.954102
vn 0.279785 0.416504 0.864746
vn 0.018799 0.298828 0.954102
vn 0.300781 0.367920 0.879639
vn 0.250244 0.460938 0.851318
vn 0.030518 0.316650 0.947998
vn 0.069336 0.329590 0.941406
vn 0.250244 0.460938 0.851318
vn 0.069336 0.329590 0.941406
vn 0.279785 0.416504 0.864746
vn 0.212891 0.499756 0.839355
vn 0.012695 0.306885 0.951416
vn 0.030518 0.316650 0.947998
vn 0.212891 0.499756 0.839355
vn 0.030518 0.316650 0.947998
vn 0.250244 0.460938 0.851318
vn 0.169434 0.531738 0.829590
vn 0.020020 0.325195 0.945312
vn 0.012695 0.306885 0.951416
vn 0.169434 0.531738 0.829590
vn 0.012695 0.306885 0.951416
vn 0.212891 0.499756 0.839355
vn 0.120605 0.555908 0.822266
vn 0.027344 0.363281 0.931152
vn 0.020020 0.325195 0.945312
vn 0.120605 0.555908 0.822266
vn 0.020020 0.325195 0.945312
vn 0.169434 0.531738 0.829590
vn 0.068115 0.571777 0.817383
vn 0.003418 0.311035 0.950195
vn 0.027344 0.363281 0.931152
vn 0.068115 0.571777 0.817383
vn 0.027344 0.363281 0.931152
vn 0.120605 0.555908 0.822266
vn 0.013672 0.578613 0.815186
vn 0.000000 0.330322 0.943604
vn 0.003418 0.311035 0.950195
vn 0.013672 0.578613 0.815186
vn 0.003418 0.311035 0.950195
vn 0.068115 0.571777 0.817383
vn 0.013672 0.578613 0.815186
vn -0.054688 0.574219 0.816650
vn -0.010254 0.367188 0.929932
vn 0.013672 0.578613 0.815186
vn -0.010254 0.367188 0.929932
vn 0.000000 0.330322 0.943604
vn -0.054688 0.574219 0.816650
vn -0.107666 0.560547 0.820801
vn -0.005859 0.310547 0.950439
vn -0.054688 0.574219 0.816650
vn -0.005859 0.310547 0.950439
vn -0.010254 0.367188 0.929932
vn -0.107666 0.560547 0.820801
vn -0.157471 0.538330 0.827637
vn -0.018311 0.325928 0.945068
vn -0.107666 0.560547 0.820801
vn -0.018311 0.325928 0.945068
vn -0.005859 0.310547 0.950439
vn -0.157471 0.538330 0.827637
vn -0.202393 0.508301 0.836914
vn -0.024170 0.322510 0.946045
vn -0.157471 0.538330 0.827637
vn -0.024170 0.322510 0.946045
vn -0.018311 0.325928 0.945068
vn -0.202393 0.508301 0.836914
vn -0.241211 0.471191 0.848145
vn -0.029541 0.317871 0.947510
vn -0.202393 0.508301 0.836914
vn -0.029541 0.317871 0.947510
vn -0.024170 0.322510 0.946045
vn -0.241211 0.471191 0.848145
vn -0.272705 0.427979 0.861328
vn -0.067383 0.332520 0.940430
vn -0.241211 0.471191 0.848145
vn -0.067383 0.332520 0.940430
vn -0.029541 0.317871 0.947510
vn -0.272705 0.427979 0.861328
vn -0.295898 0.380371 0.875977
vn -0.018311 0.299561 0.953857
vn -0.272705 0.427979 0.861328
vn -0.018311 0.299561 0.953857
vn -0.067383 0.332520 0.940430
vn -0.295898 0.380371 0.875977
vn -0.310303 0.329590 0.891357
vn -0.078125 0.307861 0.947998
vn -0.295898 0.380371 0.875977
vn -0.078125 0.307861 0.947998
vn -0.018311 0.299561 0.953857
vn -0.310303 0.329590 0.891357
vn -0.314941 0.277344 0.907471
vn -0.159424 0.295166 0.941895
vn -0.310303 0.329590 0.891357
vn -0.159424 0.295166 0.941895
vn -0.078125 0.307861 0.947998
vn -0.314941 0.277344 0.907471
vn -0.310303 0.225098 0.923340
vn -0.039551 0.287109 0.957031
vn -0.159424 0.295166 0.941895
vn -0.314941 0.277344 0.907471
vn -0.039551 0.287109 0.957031
vn -0.039551 0.287109 0.957031
vn -0.310303 0.225098 0.923340
vn -0.076416 0.268311 0.960205
vn -0.310303 0.225098 0.923340
vn -0.295898 0.174316 0.938965
vn -0.076416 0.268311 0.960205
vn -0.076416 0.268311 0.960205
vn -0.295898 0.174316 0.938965
vn -0.017578 0.283447 0.958740
vn -0.295898 0.174316 0.938965
vn -0.272705 0.126709 0.953613
vn -0.017578 0.283447 0.958740
vn -0.017578 0.283447 0.958740
vn -0.272705 0.126709 0.953613
vn -0.031738 0.268555 0.962646
vn -0.272705 0.126709 0.953613
vn -0.241211 0.083740 0.966797
vn -0.031738 0.268555 0.962646
vn -0.031738 0.268555 0.962646
vn -0.241211 0.083740 0.966797
vn -0.026855 0.263672 0.964111
vn -0.026855 0.263672 0.964111
vn -0.241211 0.083740 0.966797
vn -0.202393 0.046387 0.978027
vn -0.026855 0.263672 0.964111
vn -0.202393 0.046387 0.978027
vn -0.021484 0.259766 0.965332
vn -0.021484 0.259766 0.965332
vn -0.202393 0.046387 0.978027
vn -0.157471 0.016357 0.987305
vn -0.021484 0.259766 0.965332
vn -0.157471 0.016357 0.987305
vn -0.030518 0.220459 0.974854
vn -0.030518 0.220459 0.974854
vn -0.157471 0.016357 0.987305
vn -0.107666 -0.005615 0.994141
vn -0.030518 0.220459 0.974854
vn -0.107666 -0.005615 0.994141
vn -0.003418 0.273438 0.961670
vn -0.003418 0.273438 0.961670
vn -0.107666 -0.005615 0.994141
vn -0.041016 -0.021484 0.998779
vn -0.130371 -0.947998 0.289795
vn -0.173584 -0.941650 0.287842
vn -0.043457 -0.955322 0.291992
vn -0.130371 -0.947998 0.289795
vn -0.043457 -0.955322 0.291992
vn 0.000000 -0.956299 0.292236
vn -0.300537 -0.911865 0.278809
vn -0.341797 -0.898438 0.274658
vn -0.173584 -0.941650 0.287842
vn -0.300537 -0.911865 0.278809
vn -0.173584 -0.941650 0.287842
vn -0.130371 -0.947998 0.289795
vn -0.461670 -0.848145 0.259277
vn -0.500000 -0.828125 0.253174
vn -0.341797 -0.898438 0.274658
vn -0.461670 -0.848145 0.259277
vn -0.341797 -0.898438 0.274658
vn -0.300537 -0.911865 0.278809
vn -0.608643 -0.758545 0.231934
vn -0.642578 -0.732422 0.223877
vn -0.500000 -0.828125 0.253174
vn -0.608643 -0.758545 0.231934
vn -0.500000 -0.828125 0.253174
vn -0.461670 -0.848145 0.259277
vn -0.737061 -0.645996 0.197510
vn -0.765869 -0.614502 0.187744
vn -0.642578 -0.732422 0.223877
vn -0.737061 -0.645996 0.197510
vn -0.642578 -0.732422 0.223877
vn -0.608643 -0.758545 0.231934
vn -0.843262 -0.513672 0.156982
vn -0.865967 -0.478027 0.145996
vn -0.765869 -0.614502 0.187744
vn -0.843262 -0.513672 0.156982
vn -0.765869 -0.614502 0.187744
vn -0.737061 -0.645996 0.197510
vn -0.923828 -0.365723 0.111816
vn -0.939453 -0.326904 0.099854
vn -0.865967 -0.478027 0.145996
vn -0.923828 -0.365723 0.111816
vn -0.865967 -0.478027 0.145996
vn -0.843262 -0.513672 0.156982
vn -0.976074 -0.206787 0.063232
vn -0.984619 -0.166016 0.050537
vn -0.939453 -0.326904 0.099854
vn -0.976074 -0.206787 0.063232
vn -0.939453 -0.326904 0.099854
vn -0.923828 -0.365723 0.111816
vn -0.999023 -0.041504 0.012695
vn -0.984619 -0.166016 0.050537
vn -0.976074 -0.206787 0.063232
vn -1.000000 0.000000 0.000000
vn -0.999023 -0.041504 0.012695
vn -0.976074 -0.206787 0.063232
vn -0.991211 0.124756 -0.038086
vn -0.999023 -0.041504 0.012695
vn -1.000000 0.000000 0.000000
vn -0.984619 0.166016 -0.050537
vn -0.991211 0.124756 -0.038086
vn -1.000000 0.000000 0.000000
vn -0.953613 0.287354 -0.087891
vn -0.991211 0.124756 -0.038086
vn -0.984619 0.166016 -0.050537
vn -0.939453 0.326904 -0.099854
vn -0.953613 0.287354 -0.087891
vn -0.984619 0.166016 -0.050537
vn -0.886963 0.441406 -0.134766
vn -0.953613 0.287354 -0.087891
vn -0.939453 0.326904 -0.099854
vn -0.865967 0.478027 -0.145996
vn -0.886963 0.441406 -0.134766
vn -0.939453 0.326904 -0.099854
vn -0.793213 0.582031 -0.177979
vn -0.765869 0.614502 -0.187744
vn -0.886963 0.441406 -0.134766
vn -0.793213 0.582031 -0.177979
vn -0.886963 0.441406 -0.134766
vn -0.865967 0.478027 -0.145996
vn -0.675537 0.704834 -0.215332
vn -0.642578 0.732422 -0.223877
vn -0.765869 0.614502 -0.187744
vn -0.675537 0.704834 -0.215332
vn -0.765869 0.614502 -0.187744
vn -0.793213 0.582031 -0.177979
vn -0.537109 0.806396 -0.246582
vn -0.499756 0.828125 -0.253174
vn -0.642578 0.732422 -0.223877
vn -0.537109 0.806396 -0.246582
vn -0.642578 0.732422 -0.223877
vn -0.675537 0.704834 -0.215332
vn -0.382568 0.883301 -0.270020
vn -0.341797 0.898438 -0.274658
vn -0.499756 0.828125 -0.253174
vn -0.382568 0.883301 -0.270020
vn -0.499756 0.828125 -0.253174
vn -0.537109 0.806396 -0.246582
vn -0.216309 0.933594 -0.285400
vn -0.173584 0.941650 -0.287842
vn -0.341797 0.898438 -0.274658
vn -0.216309 0.933594 -0.285400
vn -0.341797 0.898438 -0.274658
vn -0.382568 0.883301 -0.270020
vn -0.043457 0.955322 -0.291992
vn 0.000000 0.956299 -0.292236
vn -0.173584 0.941650 -0.287842
vn -0.043457 0.955322 -0.291992
vn -0.173584 0.941650 -0.287842
vn -0.216309 0.933594 -0.285400
vn -0.043457 0.955322 -0.291992
vn 0.130371 0.947998 -0.289795
vn 0.000000 0.956299 -0.292236
vn -0.043457 0.955322 -0.291992
vn 0.173584 0.941650 -0.287842
vn 0.130371 0.947998 -0.289795
vn 0.173584 0.941650 -0.287842
vn 0.300537 0.911865 -0.278809
vn 0.130371 0.947998 -0.289795
vn 0.173584 0.941650 -0.287842
vn 0.341797 0.898438 -0.274658
vn 0.300537 0.911865 -0.278809
vn 0.341797 0.898438 -0.274658
vn 0.461670 0.848145 -0.259277
vn 0.300537 0.911865 -0.278809
vn 0.341797 0.898438 -0.274658
vn 0.499756 0.828125 -0.253174
vn 0.461670 0.848145 -0.259277
vn 0.499756 0.828125 -0.253174
vn 0.608643 0.758545 -0.231934
vn 0.461670 0.848145 -0.259277
vn 0.499756 0.828125 -0.253174
vn 0.642578 0.732422 -0.223877
vn 0.608643 0.758545 -0.231934
vn 0.642578 0.732422 -0.223877
vn 0.737061 0.645996 -0.197510
vn 0.608643 0.758545 -0.231934
vn 0.642578 0.732422 -0.223877
vn 0.765869 0.614502 -0.187744
vn 0.737061 0.645996 -0.197510
vn 0.765869 0.614502 -0.187744
vn 0.843262 0.513672 -0.156982
vn 0.737061 0.645996 -0.197510
vn 0.765869 0.614502 -0.187744
vn 0.865967 0.478027 -0.145996
vn 0.843262 0.513672 -0.156982
vn 0.865967 0.478027 -0.145996
vn 0.923828 0.365723 -0.111816
vn 0.843262 0.513672 -0.156982
vn 0.843262 0.513672 -0.156982
vn 0.923828 0.365723 -0.111816
vn 0.939453 0.326904 -0.099854
vn 0.923828 0.365723 -0.111816
vn 0.976074 0.206787 -0.063232
vn 0.939453 0.326904 -0.099854
vn 0.939453 0.326904 -0.099854
vn 0.976074 0.206787 -0.063232
vn 0.984619 0.166016 -0.050537
vn 0.976074 0.206787 -0.063232
vn 0.999023 0.041504 -0.012695
vn 0.984619 0.166016 -0.050537
vn 0.984619 0.166016 -0.050537
vn 0.999023 0.041504 -0.012695
vn 1.000000 0.000000 0.000000
vn 0.999023 0.041504 -0.012695
vn 0.991211 -0.124756 0.038086
vn 1.000000 0.000000 0.000000
vn 1.000000 0.000000 0.000000
vn 0.991211 -0.124756 0.038086
vn 0.984619 -0.166016 0.050537
vn 0.991211 -0.124756 0.038086
vn 0.953613 -0.287354 0.087891
vn 0.984619 -0.166016 0.050537
vn 0.991211 -0.124756 0.038086
vn 0.939453 -0.326904 0.099854
vn 0.953613 -0.287354 0.087891
vn 0.939453 -0.326904 0.099854
vn 0.886963 -0.441406 0.134766
vn 0.953613 -0.287354 0.087891
vn 0.939453 -0.326904 0.099854
vn 0.865967 -0.478027 0.145996
vn 0.886963 -0.441406 0.134766
vn 0.865967 -0.478027 0.145996
vn 0.793213 -0.582031 0.177979
vn 0.886963 -0.441406 0.134766
vn 0.865967 -0.478027 0.145996
vn 0.765869 -0.614502 0.187744
vn 0.793213 -0.582031 0.177979
vn 0.765869 -0.614502 0.187744
vn 0.675537 -0.704834 0.215332
vn 0.793213 -0.582031 0.177979
vn 0.765869 -0.614502 0.187744
vn 0.642578 -0.732422 0.223877
vn 0.675537 -0.704834 0.215332
vn 0.642578 -0.732422 0.223877
vn 0.537109 -0.806396 0.246582
vn 0.675537 -0.704834 0.215332
vn 0.642578 -0.732422 0.223877
vn 0.499756 -0.828125 0.253174
vn 0.537109 -0.806396 0.246582
vn 0.499756 -0.828125 0.253174
vn 0.382568 -0.883301 0.270020
vn 0.537109 -0.806396 0.246582
vn 0.499756 -0.828125 0.253174
vn 0.341797 -0.898438 0.274658
vn 0.382568 -0.883301 0.270020
vn 0.341797 -0.898438 0.274658
vn 0.216309 -0.933594 0.285400
vn 0.382568 -0.883301 0.270020
vn 0.341797 -0.898438 0.274658
vn 0.173584 -0.941650 0.287842
vn 0.216309 -0.933594 0.285400
vn 0.173584 -0.941650 0.287842
vn -0.043457 -0.955322 0.291992
vn 0.216309 -0.933594 0.285400
vn 0.173584 -0.941650 0.287842
vn 0.000000 -0.956299 0.292236
vn -0.043457 -0.955322 0.291992
usemtl Texture
f 1/1/1 2/2/2 3/3/3
f 4/4/4 5/5/5 6/6/6
f 7/7/7 8/8/8 9/9/9
f 10/10/10 11/11/11 12/12/12
f 13/13/13 14/14/14 15/15/15
f 16/16/16 17/17/17 18/18/18
f 19/19/19 20/20/20 21/21/21
f 22/22/22 23/23/23 24/24/24
f 25/25/25 26/26/26 27/27/27
f 28/28/28 29/29/29 30/30/30
f 31/31/31 32/32/32 33/33/33
f 34/34/34 35/35/35 36/36/36
f 37/37/37 38/38/38 39/39/39
f 40/40/40 41/41/41 42/42/42
f 43/43/43 44/44/44 45/45/45
f 46/46/46 47/47/47 48/48/48
f 49/49/49 50/50/50 51/51/51
f 52/52/52 53/53/53 54/54/54
f 55/55/55 56/56/56 57/57/57
f 58/58/58 59/59/59 60/60/60
f 61/61/61 62/62/62 63/63/63
f 64/64/64 65/65/65 66/66/66
f 67/67/67 68/68/68 69/69/69
f 70/70/70 71/71/71 72/72/72
f 73/73/73 74/74/74 75/75/75
f 76/76/76 77/77/77 78/78/78
f 79/79/79 80/80/80 81/81/81
f 82/82/82 83/83/83 84/84/84
f 85/85/85 86/86/86 87/87/87
f 88/88/88 89/89/89 90/90/90
f 91/91/91 92/92/92 93/93/93
f 94/94/94 95/95/95 96/96/96
f 97/97/97 98/98/98 99/99/99
f 100/100/100 101/101/101 102/102/102
f 103/103/103 104/104/104 105/105/105
f 106/106/106 107/107/107 108/108/108
f 109/109/109 110/110/110 111/111/111
f 112/112/112 113/113/113 114/114/114
f 115/115/115 116/116/116 117/117/117
f 118/118/118 119/119/119 120/120/120
f 121/121/121 122/122/122 123/123/123
f 124/124/124 125/125/125 126/126/126
f 127/127/127 128/128/128 129/129/129
f 130/130/130 131/131/131 132/132/132
f 133/133/133 134/134/134 135/135/135
f 136/136/136 137/137/137 138/138/138
f 139/139/139 140/140/140 141/141/141
f 142/142/142 143/143/143 144/144/144
f 145/145/145 146/146/146 147/147/147
f 148/148/148 149/149/149 150/150/150
f 151/151/151 152/152/152 153/153/153
f 154/154/154 155/155/155 156/156/156
f 157/157/157 158/158/158 159/159/159
f 160/160/160 161/161/161 162/162/162
f 163/163/163 164/164/164 165/165/165
f 166/166/166 167/167/167 168/168/168
f 169/169/169 170/170/170 171/171/171
f 172/172/172 173/173/173 174/174/174
f 175/175/175 176/176/176 177/177/177
f 178/178/178 179/179/179 180/180/180
f 181/181/181 182/182/182 183/183/183
f 184/184/184 185/185/185 186/186/186
f 187/187/187 188/188/188 189/189/189
f 190/190/190 191/191/191 192/192/192
f 193/193/193 194/194/194 195/195/195
f 196/196/196 197/197/197 198/198/198
f 199/199/199 200/200/200 201/201/201
f 202/202/202 203/203/203 204/204/204
f 205/205/205 206/206/206 207/207/207
f 208/208/208 209/209/209 210/210/210
f 211/211/211 212/212/212 213/213/213
f 214/214/214 215/215/215 216/216/216
f 217/217/217 218/218/218 219/219/219
f 220/220/220 221/221/221 222/222/222
f 223/223/223 224/224/224 225/225/225
f 226/226/226 227/227/227 228/228/228
f 229/229/229 230/230/230 231/231/231
f 232/232/232 233/233/233 234/234/234
f 235/235/235 236/236/236 237/237/237
f 238/238/238 239/239/239 240/240/240
f 241/241/241 242/242/242 243/243/243
f 244/244/244 245/245/245 246/246/246
f 247/247/247 248/248/248 249/249/249
f 250/250/250 251/251/251 252/252/252
f 253/253/253 254/254/254 255/255/255
f 256/256/256 257/257/257 258/258/258
f 259/259/259 260/260/260 261/261/261
f 262/262/262 263/263/263 264/264/264
f 265/265/265 266/266/266 267/267/267
f 268/268/268 269/269/269 270/270/270
f 271/271/271 272/272/272 273/273/273
f 274/274/274 275/275/275 276/276/276
f 277/277/277 278/278/278 279/279/279
f 280/280/280 281/281/281 282/282/282
f 283/283/283 284/284/284 285/285/285
f 286/286/286 287/287/287 288/288/288
f 289/289/289 290/290/290 291/291/291
f 292/292/292 293/293/293 294/294/294
f 295/295/295 296/296/296 297/297/297
f 298/298/298 299/299/299 300/300/300
f 301/301/301 302/302/302 303/303/303
f 304/304/304 305/305/305 306/306/306
f 307/307/307 308/308/308 309/309/309
f 310/310/310 311/311/311 312/312/312
f 313/313/313 314/314/314 315/315/315
f 316/316/316 317/317/317 318/318/318
f 319/319/319 320/320/320 321/321/321
f 322/322/322 323/323/323 324/324/324
f 325/325/325 326/326/326 327/327/327
f 328/328/328 329/329/329 330/330/330
f 331/331/331 332/332/332 333/333/333
f 334/334/334 335/335/335 336/336/336
f 337/337/337 338/338/338 339/339/339
f 340/340/340 341/341/341 342/342/342
f 343/343/343 344/344/344 345/345/345
f 346/346/346 347/347/347 348/348/348
f 349/349/349 350/350/350 351/351/351
f 352/352/352 353/353/353 354/354/354
f 355/355/355 356/356/356 357/357/357
f 358/358/358 359/359/359 360/360/360
f 361/361/361 362/362/362 363/363/363
f 364/364/364 365/365/365 366/366/366
f 367/367/367 368/368/368 369/369/369
f 370/370/370 371/371/371 372/372/372
f 373/373/373 374/374/374 375/375/375
f 376/376/376 377/377/377 378/378/378
f 379/379/379 380/380/380 381/381/381
f 382/382/382 383/383/383 384/384/384
f 385/385/385 386/386/386 387/387/387
f 388/388/388 389/389/389 390/390/390
f 391/391/391 392/392/392 393/393/393
f 394/394/394 395/395/395 396/396/396
f 397/397/397 398/398/398 399/399/399
f 400/400/400 401/401/401 402/402/402
f 403/403/403 404/404/404 405/405/405
f 406/406/406 407/407/407 408/408/408
f 409/409/409 410/410/410 411/411/411
f 412/412/412 413/413/413 414/414/414
f 415/415/415 416/416/416 417/417/417
f 418/418/418 419/419/419 420/420/420
f 421/421/421 422/422/422 423/423/423
f 424/424/424 425/425/425 426/426/426
f 427/427/427 428/428/428 429/429/429
f 430/430/430 431/431/431 432/432/432
f 433/433/433 434/434/434 435/435/435
f 436/436/436 437/437/437 438/438/438
f 439/439/439 440/440/440 441/441/441
f 442/442/442 443/443/443 444/444/444
f 445/445/445 446/446/446 447/447/447
f 448/448/448 449/449/449 450/450/450
f 451/451/451 452/452/452 453/453/453
f 454/454/454 455/455/455 456/456/456
f 457/457/457 458/458/458 459/459/459
f 460/460/460 461/461/461 462/462/462
f 463/463/463 464/464/464 465/465/465
f 466/466/466 467/467/467 468/468/468
f 469/469/469 470/470/470 471/471/471
f 472/472/472 473/473/473 474/474/474
f 475/475/475 476/476/476 477/477/477
f 478/478/478 479/479/479 480/480/480
f 481/481/481 482/482/482 483/483/483
f 484/484/484 485/485/485 486/486/486
f 487/487/487 488/488/488 489/489/489
f 490/490/490 491/491/491 492/492/492
f 493/493/493 494/494/494 495/495/495
f 496/496/496 497/497/497 498/498/498
f 499/499/499 500/500/500 501/501/501
f 502/502/502 503/503/503 504/504/504
f 505/505/505 506/506/506 507/507/507
f 508/508/508 509/509/509 510/510/510
f 511/511/511 512/512/512 513/513/513
f 514/514/514 515/515/515 516/516/516
f 517/517/517 518/518/518 519/519/519
f 520/520/520 521/521/521 522/522/522
f 523/523/523 524/524/524 525/525/525
f 526/526/526 527/527/527 528/528/528
f 529/529/529 530/530/530 531/531/531
f 532/532/532 533/533/533 534/534/534
f 535/535/535 536/536/536 537/537/537
f 538/538/538 539/539/539 540/540/540
f 541/541/541 542/542/542 543/543/543
f 544/544/544 545/545/545 546/546/546
f 547/547/547 548/548/548 549/549/549
f 550/550/550 551/551/551 552/552/552
f 553/553/553 554/554/554 555/555/555
f 556/556/556 557/557/557 558/558/558
f 559/559/559 560/560/560 561/561/561
f 562/562/562 563/563/563 564/564/564
f 565/565/565 566/566/566 567/567/567
f 568/568/568 569/569/569 570/570/570
f 571/571/571 572/572/572 573/573/573
f 574/574/574 575/575/575 576/576/576
f 577/577/577 578/578/578 579/579/579
f 580/580/580 581/581/581 582/582/582
f 583/583/583 584/584/584 585/585/585
f 586/586/586 587/587/587 588/588/588
f 589/589/589 590/590/590 591/591/591
f 592/592/592 593/593/593 594/594/594
f 595/595/595 596/596/596 597/597/597
f 598/598/598 599/599/599 600/600/600
f 601/601/601 602/602/602 603/603/603
f 604/604/604 605/605/605 606/606/606
f 607/607/607 608/608/608 609/609/609
f 610/610/610 611/611/611 612/612/612
f 613/613/613 614/614/614 615/615/615
f 616/616/616 617/617/617 618/618/618
f 619/619/619 620/620/620 621/621/621
f 622/622/622 623/623/623 624/624/624
f 625/625/625 626/626/626 627/627/627
f 628/628/628 629/629/629 630/630/630
f 631/631/631 632/632/632 633/633/633
f 634/634/634 635/635/635 636/636/636
f 637/637/637 638/638/638 639/639/639
f 640/640/640 641/641/641 642/642/642
f 643/643/643 644/644/644 645/645/645
f 646/646/646 647/647/647 648/648/648
f 649/649/649 650/650/650 651/651/651
f 652/652/652 653/653/653 654/654/654
f 655/655/655 656/656/656 657/657/657
f 658/658/658 659/659/659 660/660/660
f 661/661/661 662/662/662 663/663/663
f 664/664/664 665/665/665 666/666/666
f 667/667/667 668/668/668 669/669/669
f 670/670/670 671/671/671 672/672/672
f 673/673/673 674/674/674 675/675/675
f 676/676/676 677/677/677 678/678/678
f 679/679/679 680/680/680 681/681/681
f 682/682/682 683/683/683 684/684/684
f 685/685/685 686/686/686 687/687/687
f 688/688/688 689/689/689 690/690/690
f 691/691/691 692/692/692 693/693/693
f 694/694/694 695/695/695 696/696/696
f 697/697/697 698/698/698 699/699/699
f 700/700/700 701/701/701 702/702/702
f 703/703/703 704/704/704 705/705/705
f 706/706/706 707/707/707 708/708/708
f 709/709/709 710/710/710 711/711/711
f 712/712/712 713/713/713 714/714/714
f 715/715/715 716/716/716 717/717/717
f 718/718/718 719/719/719 720/720/720
f 721/721/721 722/722/722 723/723/723
f 724/724/724 725/725/725 726/726/726
f 727/727/727 728/728/728 729/729/729
f 730/730/730 731/731/731 732/732/732
f 733/733/733 734/734/734 735/735/735
f 736/736/736 737/737/737 738/738/738
f 739/739/739 740/740/740 741/741/741
f 742/742/742 743/743/743 744/744/744
f 745/745/745 746/746/746 747/747/747
f 748/748/748 749/749/749 750/750/750
f 751/751/751 752/752/752 753/753/753
f 754/754/754 755/755/755 756/756/756
f 757/757/757 758/758/758 759/759/759
f 760/760/760 761/761/761 762/762/762
f 763/763/763 764/764/764 765/765/765
f 766/766/766 767/767/767 768/768/768
f 769/769/769 770/770/770 771/771/771
f 772/772/772 773/773/773 774/774/774
f 775/775/775 776/776/776 777/777/777
f 778/778/778 779/779/779 780/780/780
f 781/781/781 782/782/782 783/783/783
f 784/784/784 785/785/785 786/786/786
f 787/787/787 788/788/788 789/789/789
f 790/790/790 791/791/791 792/792/792
f 793/793/793 794/794/794 795/795/795
f 796/796/796 797/797/797 798/798/798
f 799/799/799 800/800/800 801/801/801
f 802/802/802 803/803/803 804/804/804
f 805/805/805 806/806/806 807/807/807
f 808/808/808 809/809/809 810/810/810
f 811/811/811 812/812/812 813/813/813
f 814/814/814 815/815/815 816/816/816
f 817/817/817 818/818/818 819/819/819
f 820/820/820 821/821/821 822/822/822
f 823/823/823 824/824/824 825/825/825
f 826/826/826 827/827/827 828/828/828
f 829/829/829 830/830/830 831/831/831
f 832/832/832 833/833/833 834/834/834
f 835/835/835 836/836/836 837/837/837
f 838/838/838 839/839/839 840/840/840
f 841/841/841 842/842/842 843/843/843
f 844/844/844 845/845/845 846/846/846
f 847/847/847 848/848/848 849/849/849
f 850/850/850 851/851/851 852/852/852
f 853/853/853 854/854/854 855/855/855
f 856/856/856 857/857/857 858/858/858
f 859/859/859 860/860/860 861/861/861
f 862/862/862 863/863/863 864/864/864
f 865/865/865 866/866/866 867/867/867
f 868/868/868 869/869/869 870/870/870
f 871/871/871 872/872/872 873/873/873
f 874/874/874 875/875/875 876/876/876
f 877/877/877 878/878/878 879/879/879
f 880/880/880 881/881/881 882/882/882
f 883/883/883 884/884/884 885/885/885
f 886/886/886 887/887/887 888/888/888
f 889/889/889 890/890/890 891/891/891
f 892/892/892 893/893/893 894/894/894
f 895/895/895 896/896/896 897/897/897
f 898/898/898 899/899/899 900/900/900
f 901/901/901 902/902/902 903/903/903
f 904/904/904 905/905/905 906/906/906
f 907/907/907 908/908/908 909/909/909
f 910/910/910 911/911/911 912/912/912
f 913/913/913 914/914/914 915/915/915
f 916/916/916 917/917/917 918/918/918
f 919/919/919 920/920/920 921/921/921
f 922/922/922 923/923/923 924/924/924
f 925/925/925 926/926/926 927/927/927
f 928/928/928 929/929/929 930/930/930
f 931/931/931 932/932/932 933/933/933
f 934/934/934 935/935/935 936/936/936
f 937/937/937 938/938/938 939/939/939
f 940/940/940 941/941/941 942/942/942
f 943/943/943 944/944/944 945/945/945
f 946/946/946 947/947/947 948/948/948
f 949/949/949 950/950/950 951/951/951
f 952/952/952 953/953/953 954/954/954
f 955/955/955 956/956/956 957/957/957
f 958/958/958 959/959/959 960/960/960
f 961/961/961 962/962/962 963/963/963
f 964/964/964 965/965/965 966/966/966
f 967/967/967 968/968/968 969/969/969
f 970/970/970 971/971/971 972/972/972
f 973/973/973 974/974/974 975/975/975
f 976/976/976 977/977/977 978/978/978
f 979/979/979 980/980/980 981/981/981
f 982/982/982 983/983/983 984/984/984
f 985/985/985 986/986/986 987/987/987
f 988/988/988 989/989/989 990/990/990
f 991/991/991 992/992/992 993/993/993
f 994/994/994 995/995/995 996/996/996
f 997/997/997 998/998/998 999/999/999
f 1000/1000/1000 1001/1001/1001 1002/1002/1002
f 1003/1003/1003 1004/1004/1004 1005/1005/1005
f 1006/1006/1006 1007/1007/1007 1008/1008/1008
f 1009/1009/1009 1010/1010/1010 1011/1011/1011
f 1012/1012/1012 1013/1013/1013 1014/1014/1014
f 1015/1015/1015 1016/1016/1016 1017/1017/1017
f 1018/1018/1018 1019/1019/1019 1020/1020/1020
f 1021/1021/1021 1022/1022/1022 1023/1023/1023
f 1024/1024/1024 1025/1025/1025 1026/1026/1026
f 1027/1027/1027 1028/1028/1028 1029/1029/1029
f 1030/1030/1030 1031/1031/1031 1032/1032/1032
f 1033/1033/1033 1034/1034/1034 1035/1035/1035
f 1036/1036/1036 1037/1037/1037 1038/1038/1038
f 1039/1039/1039 1040/1040/1040 1041/1041/1041
f 1042/1042/1042 1043/1043/1043 1044/1044/1044
f 1045/1045/1045 1046/1046/1046 1047/1047/1047
f 1048/1048/1048 1049/1049/1049 1050/1050/1050
f 1051/1051/1051 1052/1052/1052 1053/1053/1053
f 1054/1054/1054 1055/1055/1055 1056/1056/1056
f 1057/1057/1057 1058/1058/1058 1059/1059/1059
f 1060/1060/1060 1061/1061/1061 1062/1062/1062
f 1063/1063/1063 1064/1064/1064 1065/1065/1065
f 1066/1066/1066 1067/1067/1067 1068/1068/1068
f 1069/1069/1069 1070/1070/1070 1071/1071/1071
f 1072/1072/1072 1073/1073/1073 1074/1074/1074
f 1075/1075/1075 1076/1076/1076 1077/1077/1077
f 1078/1078/1078 1079/1079/1079 1080/1080/1080
f 1081/1081/1081 1082/1082/1082 1083/1083/1083
f 1084/1084/1084 1085/1085/1085 1086/1086/1086
f 1087/1087/1087 1088/1088/1088 1089/1089/1089
f 1090/1090/1090 1091/1091/1091 1092/1092/1092
f 1093/1093/1093 1094/1094/1094 1095/1095/1095
f 1096/1096/1096 1097/1097/1097 1098/1098/1098
f 1099/1099/1099 1100/1100/1100 1101/1101/1101
f 1102/1102/1102 1103/1103/1103 1104/1104/1104
f 1105/1105/1105 1106/1106/1106 1107/1107/1107
f 1108/1108/1108 1109/1109/1109 1110/1110/1110
f 1111/1111/1111 1112/1112/1112 1113/1113/1113
f 1114/1114/1114 1115/1115/1115 1116/1116/1116
f 1117/1117/1117 1118/1118/1118 1119/1119/1119
f 1120/1120/1120 1121/1121/1121 1122/1122/1122
f 1123/1123/1123 1124/1124/1124 1125/1125/1125
f 1126/1126/1126 1127/1127/1127 1128/1128/1128
f 1129/1129/1129 1130/1130/1130 1131/1131/1131
f 1132/1132/1132 1133/1133/1133 1134/1134/1134
f 1135/1135/1135 1136/1136/1136 1137/1137/1137
f 1138/1138/1138 1139/1139/1139 1140/1140/1140
f 1141/1141/1141 1142/1142/1142 1143/1143/1143
f 1144/1144/1144 1145/1145/1145 1146/1146/1146
f 1147/1147/1147 1148/1148/1148 1149/1149/1149
f 1150/1150/1150 1151/1151/1151 1152/1152/1152
f 1153/1153/1153 1154/1154/1154 1155/1155/1155
f 1156/1156/1156 1157/1157/1157 1158/1158/1158
f 1159/1159/1159 1160/1160/1160 1161/1161/1161
f 1162/1162/1162 1163/1163/1163 1164/1164/1164
f 1165/1165/1165 1166/1166/1166 1167/1167/1167
f 1168/1168/1168 1169/1169/1169 1170/1170/1170
f 1171/1171/1171 1172/1172/1172 1173/1173/1173
f 1174/1174/1174 1175/1175/1175 1176/1176/1176
f 1177/1177/1177 1178/1178/1178 1179/1179/1179
f 1180/1180/1180 1181/1181/1181 1182/1182/1182
f 1183/1183/1183 1184/1184/1184 1185/1185/1185
f 1186/1186/1186 1187/1187/1187 1188/1188/1188
f 1189/1189/1189 1190/1190/1190 1191/1191/1191
f 1192/1192/1192 1193/1193/1193 1194/1194/1194
f 1195/1195/1195 1196/1196/1196 1197/1197/1197
f 1198/1198/1198 1199/1199/1199 1200/1200/1200
f 1201/1201/1201 1202/1202/1202 1203/1203/1203
f 1204/1204/1204 1205/1205/1205 1206/1206/1206
f 1207/1207/1207 1208/1208/1208 1209/1209/1209
f 1210/1210/1210 1211/1211/1211 1212/1212/1212
f 1213/1213/1213 1214/1214/1214 1215/1215/1215
f 1216/1216/1216 1217/1217/1217 1218/1218/1218
f 1219/1219/1219 1220/1220/1220 1221/1221/1221
f 1222/1222/1222 1223/1223/1223 1224/1224/1224
f 1225/1225/1225 1226/1226/1226 1227/1227/1227
f 1228/1228/1228 1229/1229/1229 1230/1230/1230
f 1231/1231/1231 1232/1232/1232 1233/1233/1233
f 1234/1234/1234 1235/1235/1235 1236/1236/1236
f 1237/1237/1237 1238/1238/1238 1239/1239/1239
f 1240/1240/1240 1241/1241/1241 1242/1242/1242
f 1243/1243/1243 1244/1244/1244 1245/1245/1245
f 1246/1246/1246 1247/1247/1247 1248/1248/1248
f 1249/1249/1249 1250/1250/1250 1251/1251/1251
f 1252/1252/1252 1253/1253/1253 1254/1254/1254
f 1255/1255/1255 1256/1256/1256 1257/1257/1257
f 1258/1258/1258 1259/1259/1259 1260/1260/1260
f 1261/1261/1261 1262/1262/1262 1263/1263/1263
f 1264/1264/1264 1265/1265/1265 1266/1266/1266
f 1267/1267/1267 1268/1268/1268 1269/1269/1269
f 1270/1270/1270 1271/1271/1271 1272/1272/1272
f 1273/1273/1273 1274/1274/1274 1275/1275/1275
f 1276/1276/1276 1277/1277/1277 1278/1278/1278
f 1279/1279/1279 1280/1280/1280 1281/1281/1281
f 1282/1282/1282 1283/1283/1283 1284/1284/1284
