# OBJ file
mtllib icon.ico.mtl
v 1.498779 0.259277 -0.725098 0.501961 0.501961 0.501961 #0.501961
v 1.399170 0.244629 -0.771484 0.501961 0.501961 0.501961 #0.501961
v 1.419189 0.294922 -0.867920 0.501961 0.501961 0.501961 #0.501961
v 1.419189 0.294922 -0.867920 0.501961 0.501961 0.501961 #0.501961
v 1.518555 0.309570 -0.821533 0.501961 0.501961 0.501961 #0.501961
v 1.498779 0.259277 -0.725098 0.501961 0.501961 0.501961 #0.501961
v 0.313232 3.586670 0.770020 0.501961 0.501961 0.501961 #0.501961
v 0.213867 3.572021 0.723633 0.501961 0.501961 0.501961 #0.501961
v 1.399170 0.244629 -0.771484 0.501961 0.501961 0.501961 #0.501961
v 1.399170 0.244629 -0.771484 0.501961 0.501961 0.501961 #0.501961
v 1.498779 0.259277 -0.725098 0.501961 0.501961 0.501961 #0.501961
v 0.313232 3.586670 0.770020 0.501961 0.501961 0.501961 #0.501961
v 0.333252 3.637207 0.673584 0.501961 0.501961 0.501961 #0.501961
v 0.313232 3.586670 0.770020 0.501961 0.501961 0.501961 #0.501961
v 1.498779 0.259277 -0.725098 0.501961 0.501961 0.501961 #0.501961
v 1.498779 0.259277 -0.725098 0.501961 0.501961 0.501961 #0.501961
v 1.518555 0.309570 -0.821533 0.501961 0.501961 0.501961 #0.501961
v 0.333252 3.637207 0.673584 0.501961 0.501961 0.501961 #0.501961
v 0.233887 3.622559 0.627197 0.501961 0.501961 0.501961 #0.501961
v 0.333252 3.637207 0.673584 0.501961 0.501961 0.501961 #0.501961
v 1.518555 0.309570 -0.821533 0.501961 0.501961 0.501961 #0.501961
v 1.518555 0.309570 -0.821533 0.501961 0.501961 0.501961 #0.501961
v 1.419189 0.294922 -0.867920 0.501961 0.501961 0.501961 #0.501961
v 0.233887 3.622559 0.627197 0.501961 0.501961 0.501961 #0.501961
v 0.213867 3.572021 0.723633 0.501961 0.501961 0.501961 #0.501961
v 0.233887 3.622559 0.627197 0.501961 0.501961 0.501961 #0.501961
v 1.419189 0.294922 -0.867920 0.501961 0.501961 0.501961 #0.501961
v 1.419189 0.294922 -0.867920 0.501961 0.501961 0.501961 #0.501961
v 1.399170 0.244629 -0.771484 0.501961 0.501961 0.501961 #0.501961
v 0.213867 3.572021 0.723633 0.501961 0.501961 0.501961 #0.501961
v 0.268555 3.672607 0.774902 0.501961 0.501961 0.501961 #0.501961
v 0.211426 3.664307 0.748291 0.501961 0.501961 0.501961 #0.501961
v 0.213867 3.572021 0.723633 0.501961 0.501961 0.501961 #0.501961
v 0.213867 3.572021 0.723633 0.501961 0.501961 0.501961 #0.501961
v 0.313232 3.586670 0.770020 0.501961 0.501961 0.501961 #0.501961
v 0.268555 3.672607 0.774902 0.501961 0.501961 0.501961 #0.501961
v 0.280029 3.701660 0.719482 0.501961 0.501961 0.501961 #0.501961
v 0.268555 3.672607 0.774902 0.501961 0.501961 0.501961 #0.501961
v 0.313232 3.586670 0.770020 0.501961 0.501961 0.501961 #0.501961
v 0.313232 3.586670 0.770020 0.501961 0.501961 0.501961 #0.501961
v 0.333252 3.637207 0.673584 0.501961 0.501961 0.501961 #0.501961
v 0.280029 3.701660 0.719482 0.501961 0.501961 0.501961 #0.501961
v 0.222900 3.693115 0.692871 0.501961 0.501961 0.501961 #0.501961
v 0.280029 3.701660 0.719482 0.501961 0.501961 0.501961 #0.501961
v 0.333252 3.637207 0.673584 0.501961 0.501961 0.501961 #0.501961
v 0.333252 3.637207 0.673584 0.501961 0.501961 0.501961 #0.501961
v 0.233887 3.622559 0.627197 0.501961 0.501961 0.501961 #0.501961
v 0.222900 3.693115 0.692871 0.501961 0.501961 0.501961 #0.501961
v 0.211426 3.664307 0.748291 0.501961 0.501961 0.501961 #0.501961
v 0.222900 3.693115 0.692871 0.501961 0.501961 0.501961 #0.501961
v 0.233887 3.622559 0.627197 0.501961 0.501961 0.501961 #0.501961
v 0.233887 3.622559 0.627197 0.501961 0.501961 0.501961 #0.501961
v 0.213867 3.572021 0.723633 0.501961 0.501961 0.501961 #0.501961
v 0.211426 3.664307 0.748291 0.501961 0.501961 0.501961 #0.501961
v 0.261963 3.731201 0.834961 0.501961 0.501961 0.501961 #0.501961
v 0.162598 3.716553 0.788574 0.501961 0.501961 0.501961 #0.501961
v 0.211426 3.664307 0.748291 0.501961 0.501961 0.501961 #0.501961
v 0.211426 3.664307 0.748291 0.501961 0.501961 0.501961 #0.501961
v 0.268555 3.672607 0.774902 0.501961 0.501961 0.501961 #0.501961
v 0.261963 3.731201 0.834961 0.501961 0.501961 0.501961 #0.501961
v 0.281738 3.781494 0.738525 0.501961 0.501961 0.501961 #0.501961
v 0.261963 3.731201 0.834961 0.501961 0.501961 0.501961 #0.501961
v 0.268555 3.672607 0.774902 0.501961 0.501961 0.501961 #0.501961
v 0.268555 3.672607 0.774902 0.501961 0.501961 0.501961 #0.501961
v 0.280029 3.701660 0.719482 0.501961 0.501961 0.501961 #0.501961
v 0.281738 3.781494 0.738525 0.501961 0.501961 0.501961 #0.501961
v 0.182373 3.766846 0.692139 0.501961 0.501961 0.501961 #0.501961
v 0.281738 3.781494 0.738525 0.501961 0.501961 0.501961 #0.501961
v 0.280029 3.701660 0.719482 0.501961 0.501961 0.501961 #0.501961
v 0.280029 3.701660 0.719482 0.501961 0.501961 0.501961 #0.501961
v 0.222900 3.693115 0.692871 0.501961 0.501961 0.501961 #0.501961
v 0.182373 3.766846 0.692139 0.501961 0.501961 0.501961 #0.501961
v 0.162598 3.716553 0.788574 0.501961 0.501961 0.501961 #0.501961
v 0.182373 3.766846 0.692139 0.501961 0.501961 0.501961 #0.501961
v 0.222900 3.693115 0.692871 0.501961 0.501961 0.501961 #0.501961
v 0.222900 3.693115 0.692871 0.501961 0.501961 0.501961 #0.501961
v 0.211426 3.664307 0.748291 0.501961 0.501961 0.501961 #0.501961
v 0.162598 3.716553 0.788574 0.501961 0.501961 0.501961 #0.501961
v 0.230713 3.818359 0.874023 0.501961 0.501961 0.501961 #0.501961
v 0.131348 3.803711 0.827881 0.501961 0.501961 0.501961 #0.501961
v 0.162598 3.716553 0.788574 0.501961 0.501961 0.501961 #0.501961
v 0.162598 3.716553 0.788574 0.501961 0.501961 0.501961 #0.501961
v 0.261963 3.731201 0.834961 0.501961 0.501961 0.501961 #0.501961
v 0.230713 3.818359 0.874023 0.501961 0.501961 0.501961 #0.501961
v 0.250732 3.868896 0.777588 0.501961 0.501961 0.501961 #0.501961
v 0.230713 3.818359 0.874023 0.501961 0.501961 0.501961 #0.501961
v 0.261963 3.731201 0.834961 0.501961 0.501961 0.501961 #0.501961
v 0.261963 3.731201 0.834961 0.501961 0.501961 0.501961 #0.501961
v 0.281738 3.781494 0.738525 0.501961 0.501961 0.501961 #0.501961
v 0.250732 3.868896 0.777588 0.501961 0.501961 0.501961 #0.501961
v 0.151367 3.854248 0.731445 0.501961 0.501961 0.501961 #0.501961
v 0.250732 3.868896 0.777588 0.501961 0.501961 0.501961 #0.501961
v 0.281738 3.781494 0.738525 0.501961 0.501961 0.501961 #0.501961
v 0.281738 3.781494 0.738525 0.501961 0.501961 0.501961 #0.501961
v 0.182373 3.766846 0.692139 0.501961 0.501961 0.501961 #0.501961
v 0.151367 3.854248 0.731445 0.501961 0.501961 0.501961 #0.501961
v 0.131348 3.803711 0.827881 0.501961 0.501961 0.501961 #0.501961
v 0.151367 3.854248 0.731445 0.501961 0.501961 0.501961 #0.501961
v 0.182373 3.766846 0.692139 0.501961 0.501961 0.501961 #0.501961
v 0.182373 3.766846 0.692139 0.501961 0.501961 0.501961 #0.501961
v 0.162598 3.716553 0.788574 0.501961 0.501961 0.501961 #0.501961
v 0.131348 3.803711 0.827881 0.501961 0.501961 0.501961 #0.501961
v 0.178223 3.872070 0.818848 0.501961 0.501961 0.501961 #0.501961
v 0.131348 3.803711 0.827881 0.501961 0.501961 0.501961 #0.501961
v 0.230713 3.818359 0.874023 0.501961 0.501961 0.501961 #0.501961
v 0.178223 3.872070 0.818848 0.501961 0.501961 0.501961 #0.501961
v 0.230713 3.818359 0.874023 0.501961 0.501961 0.501961 #0.501961
v 0.250732 3.868896 0.777588 0.501961 0.501961 0.501961 #0.501961
v 0.178223 3.872070 0.818848 0.501961 0.501961 0.501961 #0.501961
v 0.250732 3.868896 0.777588 0.501961 0.501961 0.501961 #0.501961
v 0.151367 3.854248 0.731445 0.501961 0.501961 0.501961 #0.501961
v 0.178223 3.872070 0.818848 0.501961 0.501961 0.501961 #0.501961
v 0.151367 3.854248 0.731445 0.501961 0.501961 0.501961 #0.501961
v 0.131348 3.803711 0.827881 0.501961 0.501961 0.501961 #0.501961
v 0.743652 2.166748 0.052734 0.501961 0.501961 0.501961 #0.501961
v 0.632568 2.168701 0.014404 0.501961 0.501961 0.501961 #0.501961
v 0.588379 2.291504 0.072266 0.501961 0.501961 0.501961 #0.501961
v 0.588379 2.291504 0.072266 0.501961 0.501961 0.501961 #0.501961
v 0.701416 2.285156 0.105957 0.501961 0.501961 0.501961 #0.501961
v 0.743652 2.166748 0.052734 0.501961 0.501961 0.501961 #0.501961
v 0.520020 2.183838 -0.042480 0.501961 0.501961 0.501961 #0.501961
v 0.474365 2.309570 0.020264 0.501961 0.501961 0.501961 #0.501961
v 0.588379 2.291504 0.072266 0.501961 0.501961 0.501961 #0.501961
v 0.588379 2.291504 0.072266 0.501961 0.501961 0.501961 #0.501961
v 0.632568 2.168701 0.014404 0.501961 0.501961 0.501961 #0.501961
v 0.520020 2.183838 -0.042480 0.501961 0.501961 0.501961 #0.501961
v 0.474365 2.309570 0.020264 0.501961 0.501961 0.501961 #0.501961
v 0.520020 2.183838 -0.042480 0.501961 0.501961 0.501961 #0.501961
v 0.404297 2.226318 -0.137695 0.501961 0.501961 0.501961 #0.501961
v 0.404297 2.226318 -0.137695 0.501961 0.501961 0.501961 #0.501961
v 0.358398 2.350586 -0.068359 0.501961 0.501961 0.501961 #0.501961
v 0.474365 2.309570 0.020264 0.501961 0.501961 0.501961 #0.501961
v 0.287109 2.281250 -0.247803 0.501961 0.501961 0.501961 #0.501961
v 0.241699 2.399414 -0.169434 0.501961 0.501961 0.501961 #0.501961
v 0.358398 2.350586 -0.068359 0.501961 0.501961 0.501961 #0.501961
v 0.358398 2.350586 -0.068359 0.501961 0.501961 0.501961 #0.501961
v 0.404297 2.226318 -0.137695 0.501961 0.501961 0.501961 #0.501961
v 0.287109 2.281250 -0.247803 0.501961 0.501961 0.501961 #0.501961
v 0.241699 2.399414 -0.169434 0.501961 0.501961 0.501961 #0.501961
v 0.287109 2.281250 -0.247803 0.501961 0.501961 0.501961 #0.501961
v 0.169189 2.334473 -0.350098 0.501961 0.501961 0.501961 #0.501961
v 0.169189 2.334473 -0.350098 0.501961 0.501961 0.501961 #0.501961
v 0.125488 2.441162 -0.259033 0.501961 0.501961 0.501961 #0.501961
v 0.241699 2.399414 -0.169434 0.501961 0.501961 0.501961 #0.501961
v 0.052246 2.376709 -0.435059 0.501961 0.501961 0.501961 #0.501961
v 0.011230 2.468506 -0.329834 0.501961 0.501961 0.501961 #0.501961
v 0.125488 2.441162 -0.259033 0.501961 0.501961 0.501961 #0.501961
v 0.125488 2.441162 -0.259033 0.501961 0.501961 0.501961 #0.501961
v 0.169189 2.334473 -0.350098 0.501961 0.501961 0.501961 #0.501961
v 0.052246 2.376709 -0.435059 0.501961 0.501961 0.501961 #0.501961
v 0.011230 2.468506 -0.329834 0.501961 0.501961 0.501961 #0.501961
v 0.052246 2.376709 -0.435059 0.501961 0.501961 0.501961 #0.501961
v -0.061768 2.398438 -0.493164 0.501961 0.501961 0.501961 #0.501961
v -0.061768 2.398438 -0.493164 0.501961 0.501961 0.501961 #0.501961
v -0.099854 2.473633 -0.375000 0.501961 0.501961 0.501961 #0.501961
v 0.011230 2.468506 -0.329834 0.501961 0.501961 0.501961 #0.501961
v -0.172607 2.397705 -0.529297 0.501961 0.501961 0.501961 #0.501961
v -0.207275 2.456055 -0.398926 0.501961 0.501961 0.501961 #0.501961
v -0.099854 2.473633 -0.375000 0.501961 0.501961 0.501961 #0.501961
v -0.099854 2.473633 -0.375000 0.501961 0.501961 0.501961 #0.501961
v -0.061768 2.398438 -0.493164 0.501961 0.501961 0.501961 #0.501961
v -0.172607 2.397705 -0.529297 0.501961 0.501961 0.501961 #0.501961
v -0.207275 2.456055 -0.398926 0.501961 0.501961 0.501961 #0.501961
v -0.172607 2.397705 -0.529297 0.501961 0.501961 0.501961 #0.501961
v -0.278320 2.372559 -0.547363 0.501961 0.501961 0.501961 #0.501961
v -0.278320 2.372559 -0.547363 0.501961 0.501961 0.501961 #0.501961
v -0.309814 2.415527 -0.405762 0.501961 0.501961 0.501961 #0.501961
v -0.207275 2.456055 -0.398926 0.501961 0.501961 0.501961 #0.501961
v -0.378906 2.321777 -0.546875 0.501961 0.501961 0.501961 #0.501961
v -0.408203 2.352295 -0.396240 0.501961 0.501961 0.501961 #0.501961
v -0.309814 2.415527 -0.405762 0.501961 0.501961 0.501961 #0.501961
v -0.309814 2.415527 -0.405762 0.501961 0.501961 0.501961 #0.501961
v -0.278320 2.372559 -0.547363 0.501961 0.501961 0.501961 #0.501961
v -0.378906 2.321777 -0.546875 0.501961 0.501961 0.501961 #0.501961
v -0.408203 2.352295 -0.396240 0.501961 0.501961 0.501961 #0.501961
v -0.378906 2.321777 -0.546875 0.501961 0.501961 0.501961 #0.501961
v -0.474365 2.243652 -0.526611 0.501961 0.501961 0.501961 #0.501961
v -0.474365 2.243652 -0.526611 0.501961 0.501961 0.501961 #0.501961
v -0.501953 2.267334 -0.370850 0.501961 0.501961 0.501961 #0.501961
v -0.408203 2.352295 -0.396240 0.501961 0.501961 0.501961 #0.501961
v -0.565186 2.143311 -0.490234 0.501961 0.501961 0.501961 #0.501961
v -0.592773 2.166504 -0.333984 0.501961 0.501961 0.501961 #0.501961
v -0.501953 2.267334 -0.370850 0.501961 0.501961 0.501961 #0.501961
v -0.501953 2.267334 -0.370850 0.501961 0.501961 0.501961 #0.501961
v -0.474365 2.243652 -0.526611 0.501961 0.501961 0.501961 #0.501961
v -0.565186 2.143311 -0.490234 0.501961 0.501961 0.501961 #0.501961
v -0.592773 2.166504 -0.333984 0.501961 0.501961 0.501961 #0.501961
v -0.565186 2.143311 -0.490234 0.501961 0.501961 0.501961 #0.501961
v -0.652588 2.025879 -0.441162 0.501961 0.501961 0.501961 #0.501961
v -0.652588 2.025879 -0.441162 0.501961 0.501961 0.501961 #0.501961
v -0.681396 2.055664 -0.289795 0.501961 0.501961 0.501961 #0.501961
v -0.592773 2.166504 -0.333984 0.501961 0.501961 0.501961 #0.501961
v -0.738525 1.901123 -0.386719 0.501961 0.501961 0.501961 #0.501961
v -0.770020 1.944092 -0.245117 0.501961 0.501961 0.501961 #0.501961
v -0.681396 2.055664 -0.289795 0.501961 0.501961 0.501961 #0.501961
v -0.681396 2.055664 -0.289795 0.501961 0.501961 0.501961 #0.501961
v -0.652588 2.025879 -0.441162 0.501961 0.501961 0.501961 #0.501961
v -0.738525 1.901123 -0.386719 0.501961 0.501961 0.501961 #0.501961
v -0.770020 1.944092 -0.245117 0.501961 0.501961 0.501961 #0.501961
v -0.738525 1.901123 -0.386719 0.501961 0.501961 0.501961 #0.501961
v -0.824951 1.779297 -0.334717 0.501961 0.501961 0.501961 #0.501961
v -0.824951 1.779297 -0.334717 0.501961 0.501961 0.501961 #0.501961
v -0.860352 1.841553 -0.207031 0.501961 0.501961 0.501961 #0.501961
v -0.770020 1.944092 -0.245117 0.501961 0.501961 0.501961 #0.501961
v -0.914307 1.671631 -0.292725 0.501961 0.501961 0.501961 #0.501961
v -0.954346 1.756592 -0.181641 0.501961 0.501961 0.501961 #0.501961
v -0.860352 1.841553 -0.207031 0.501961 0.501961 0.501961 #0.501961
v -0.860352 1.841553 -0.207031 0.501961 0.501961 0.501961 #0.501961
v -0.824951 1.779297 -0.334717 0.501961 0.501961 0.501961 #0.501961
v -0.914307 1.671631 -0.292725 0.501961 0.501961 0.501961 #0.501961
v -0.954346 1.756592 -0.181641 0.501961 0.501961 0.501961 #0.501961
v -0.914307 1.671631 -0.292725 0.501961 0.501961 0.501961 #0.501961
v -1.008789 1.589600 -0.269531 0.501961 0.501961 0.501961 #0.501961
v -1.008789 1.589600 -0.269531 0.501961 0.501961 0.501961 #0.501961
v -1.053711 1.698486 -0.176025 0.501961 0.501961 0.501961 #0.501961
v -0.954346 1.756592 -0.181641 0.501961 0.501961 0.501961 #0.501961
v -1.109863 1.540527 -0.270264 0.501961 0.501961 0.501961 #0.501961
v -1.159180 1.671631 -0.192871 0.501961 0.501961 0.501961 #0.501961
v -1.053711 1.698486 -0.176025 0.501961 0.501961 0.501961 #0.501961
v -1.053711 1.698486 -0.176025 0.501961 0.501961 0.501961 #0.501961
v -1.008789 1.589600 -0.269531 0.501961 0.501961 0.501961 #0.501961
v -1.109863 1.540527 -0.270264 0.501961 0.501961 0.501961 #0.501961
v -1.159180 1.671631 -0.192871 0.501961 0.501961 0.501961 #0.501961
v -1.109863 1.540527 -0.270264 0.501961 0.501961 0.501961 #0.501961
v -1.218994 1.531494 -0.300293 0.501961 0.501961 0.501961 #0.501961
v -1.218994 1.531494 -0.300293 0.501961 0.501961 0.501961 #0.501961
v -1.271484 1.679932 -0.235352 0.501961 0.501961 0.501961 #0.501961
v -1.159180 1.671631 -0.192871 0.501961 0.501961 0.501961 #0.501961
v -1.332031 1.542480 -0.344971 0.501961 0.501961 0.501961 #0.501961
v -1.387695 1.706055 -0.291016 0.501961 0.501961 0.501961 #0.501961
v -1.271484 1.679932 -0.235352 0.501961 0.501961 0.501961 #0.501961
v -1.271484 1.679932 -0.235352 0.501961 0.501961 0.501961 #0.501961
v -1.218994 1.531494 -0.300293 0.501961 0.501961 0.501961 #0.501961
v -1.332031 1.542480 -0.344971 0.501961 0.501961 0.501961 #0.501961
v 0.701416 2.285156 0.105957 0.501961 0.501961 0.501961 #0.501961
v 0.588379 2.291504 0.072266 0.501961 0.501961 0.501961 #0.501961
v 0.544189 2.414307 0.130615 0.501961 0.501961 0.501961 #0.501961
v 0.544189 2.414307 0.130615 0.501961 0.501961 0.501961 #0.501961
v 0.659180 2.404297 0.159424 0.501961 0.501961 0.501961 #0.501961
v 0.701416 2.285156 0.105957 0.501961 0.501961 0.501961 #0.501961
v 0.474365 2.309570 0.020264 0.501961 0.501961 0.501961 #0.501961
v 0.428955 2.433594 0.084473 0.501961 0.501961 0.501961 #0.501961
v 0.544189 2.414307 0.130615 0.501961 0.501961 0.501961 #0.501961
v 0.544189 2.414307 0.130615 0.501961 0.501961 0.501961 #0.501961
v 0.588379 2.291504 0.072266 0.501961 0.501961 0.501961 #0.501961
v 0.474365 2.309570 0.020264 0.501961 0.501961 0.501961 #0.501961
v 0.428955 2.433594 0.084473 0.501961 0.501961 0.501961 #0.501961
v 0.474365 2.309570 0.020264 0.501961 0.501961 0.501961 #0.501961
v 0.358398 2.350586 -0.068359 0.501961 0.501961 0.501961 #0.501961
v 0.358398 2.350586 -0.068359 0.501961 0.501961 0.501961 #0.501961
v 0.312744 2.471680 0.003906 0.501961 0.501961 0.501961 #0.501961
v 0.428955 2.433594 0.084473 0.501961 0.501961 0.501961 #0.501961
v 0.241699 2.399414 -0.169434 0.501961 0.501961 0.501961 #0.501961
v 0.197021 2.512939 -0.086670 0.501961 0.501961 0.501961 #0.501961
v 0.312744 2.471680 0.003906 0.501961 0.501961 0.501961 #0.501961
v 0.312744 2.471680 0.003906 0.501961 0.501961 0.501961 #0.501961
v 0.358398 2.350586 -0.068359 0.501961 0.501961 0.501961 #0.501961
v 0.241699 2.399414 -0.169434 0.501961 0.501961 0.501961 #0.501961
v 0.197021 2.512939 -0.086670 0.501961 0.501961 0.501961 #0.501961
v 0.241699 2.399414 -0.169434 0.501961 0.501961 0.501961 #0.501961
v 0.125488 2.441162 -0.259033 0.501961 0.501961 0.501961 #0.501961
v 0.125488 2.441162 -0.259033 0.501961 0.501961 0.501961 #0.501961
v 0.082520 2.542969 -0.163574 0.501961 0.501961 0.501961 #0.501961
v 0.197021 2.512939 -0.086670 0.501961 0.501961 0.501961 #0.501961
v 0.011230 2.468506 -0.329834 0.501961 0.501961 0.501961 #0.501961
v -0.028809 2.555420 -0.221191 0.501961 0.501961 0.501961 #0.501961
v 0.082520 2.542969 -0.163574 0.501961 0.501961 0.501961 #0.501961
v 0.082520 2.542969 -0.163574 0.501961 0.501961 0.501961 #0.501961
v 0.125488 2.441162 -0.259033 0.501961 0.501961 0.501961 #0.501961
v 0.011230 2.468506 -0.329834 0.501961 0.501961 0.501961 #0.501961
v -0.028809 2.555420 -0.221191 0.501961 0.501961 0.501961 #0.501961
v 0.011230 2.468506 -0.329834 0.501961 0.501961 0.501961 #0.501961
v -0.099854 2.473633 -0.375000 0.501961 0.501961 0.501961 #0.501961
v -0.099854 2.473633 -0.375000 0.501961 0.501961 0.501961 #0.501961
v -0.137207 2.545166 -0.254150 0.501961 0.501961 0.501961 #0.501961
v -0.028809 2.555420 -0.221191 0.501961 0.501961 0.501961 #0.501961
v -0.207275 2.456055 -0.398926 0.501961 0.501961 0.501961 #0.501961
v -0.241455 2.512451 -0.266846 0.501961 0.501961 0.501961 #0.501961
v -0.137207 2.545166 -0.254150 0.501961 0.501961 0.501961 #0.501961
v -0.137207 2.545166 -0.254150 0.501961 0.501961 0.501961 #0.501961
v -0.099854 2.473633 -0.375000 0.501961 0.501961 0.501961 #0.501961
v -0.207275 2.456055 -0.398926 0.501961 0.501961 0.501961 #0.501961
v -0.241455 2.512451 -0.266846 0.501961 0.501961 0.501961 #0.501961
v -0.207275 2.456055 -0.398926 0.501961 0.501961 0.501961 #0.501961
v -0.309814 2.415527 -0.405762 0.501961 0.501961 0.501961 #0.501961
v -0.309814 2.415527 -0.405762 0.501961 0.501961 0.501961 #0.501961
v -0.341553 2.458496 -0.264160 0.501961 0.501961 0.501961 #0.501961
v -0.241455 2.512451 -0.266846 0.501961 0.501961 0.501961 #0.501961
v -0.408203 2.352295 -0.396240 0.501961 0.501961 0.501961 #0.501961
v -0.437744 2.385742 -0.247559 0.501961 0.501961 0.501961 #0.501961
v -0.341553 2.458496 -0.264160 0.501961 0.501961 0.501961 #0.501961
v -0.341553 2.458496 -0.264160 0.501961 0.501961 0.501961 #0.501961
v -0.309814 2.415527 -0.405762 0.501961 0.501961 0.501961 #0.501961
v -0.408203 2.352295 -0.396240 0.501961 0.501961 0.501961 #0.501961
v -0.437744 2.385742 -0.247559 0.501961 0.501961 0.501961 #0.501961
v -0.408203 2.352295 -0.396240 0.501961 0.501961 0.501961 #0.501961
v -0.501953 2.267334 -0.370850 0.501961 0.501961 0.501961 #0.501961
v -0.501953 2.267334 -0.370850 0.501961 0.501961 0.501961 #0.501961
v -0.531006 2.296631 -0.219238 0.501961 0.501961 0.501961 #0.501961
v -0.437744 2.385742 -0.247559 0.501961 0.501961 0.501961 #0.501961
v -0.592773 2.166504 -0.333984 0.501961 0.501961 0.501961 #0.501961
v -0.622070 2.197754 -0.183838 0.501961 0.501961 0.501961 #0.501961
v -0.531006 2.296631 -0.219238 0.501961 0.501961 0.501961 #0.501961
v -0.531006 2.296631 -0.219238 0.501961 0.501961 0.501961 #0.501961
v -0.501953 2.267334 -0.370850 0.501961 0.501961 0.501961 #0.501961
v -0.592773 2.166504 -0.333984 0.501961 0.501961 0.501961 #0.501961
v -0.622070 2.197754 -0.183838 0.501961 0.501961 0.501961 #0.501961
v -0.592773 2.166504 -0.333984 0.501961 0.501961 0.501961 #0.501961
v -0.681396 2.055664 -0.289795 0.501961 0.501961 0.501961 #0.501961
v -0.681396 2.055664 -0.289795 0.501961 0.501961 0.501961 #0.501961
v -0.712402 2.095459 -0.145996 0.501961 0.501961 0.501961 #0.501961
v -0.622070 2.197754 -0.183838 0.501961 0.501961 0.501961 #0.501961
v -0.770020 1.944092 -0.245117 0.501961 0.501961 0.501961 #0.501961
v -0.803955 1.998291 -0.111572 0.501961 0.501961 0.501961 #0.501961
v -0.712402 2.095459 -0.145996 0.501961 0.501961 0.501961 #0.501961
v -0.712402 2.095459 -0.145996 0.501961 0.501961 0.501961 #0.501961
v -0.681396 2.055664 -0.289795 0.501961 0.501961 0.501961 #0.501961
v -0.770020 1.944092 -0.245117 0.501961 0.501961 0.501961 #0.501961
v -0.803955 1.998291 -0.111572 0.501961 0.501961 0.501961 #0.501961
v -0.770020 1.944092 -0.245117 0.501961 0.501961 0.501961 #0.501961
v -0.860352 1.841553 -0.207031 0.501961 0.501961 0.501961 #0.501961
v -0.860352 1.841553 -0.207031 0.501961 0.501961 0.501961 #0.501961
v -0.897949 1.914307 -0.086914 0.501961 0.501961 0.501961 #0.501961
v -0.803955 1.998291 -0.111572 0.501961 0.501961 0.501961 #0.501961
v -0.954346 1.756592 -0.181641 0.501961 0.501961 0.501961 #0.501961
v -0.996094 1.850342 -0.076904 0.501961 0.501961 0.501961 #0.501961
v -0.897949 1.914307 -0.086914 0.501961 0.501961 0.501961 #0.501961
v -0.897949 1.914307 -0.086914 0.501961 0.501961 0.501961 #0.501961
v -0.860352 1.841553 -0.207031 0.501961 0.501961 0.501961 #0.501961
v -0.954346 1.756592 -0.181641 0.501961 0.501961 0.501961 #0.501961
v -0.996094 1.850342 -0.076904 0.501961 0.501961 0.501961 #0.501961
v -0.954346 1.756592 -0.181641 0.501961 0.501961 0.501961 #0.501961
v -1.053711 1.698486 -0.176025 0.501961 0.501961 0.501961 #0.501961
v -1.053711 1.698486 -0.176025 0.501961 0.501961 0.501961 #0.501961
v -1.099365 1.812988 -0.086182 0.501961 0.501961 0.501961 #0.501961
v -0.996094 1.850342 -0.076904 0.501961 0.501961 0.501961 #0.501961
v -1.159180 1.671631 -0.192871 0.501961 0.501961 0.501961 #0.501961
v -1.208496 1.803955 -0.116211 0.501961 0.501961 0.501961 #0.501961
v -1.099365 1.812988 -0.086182 0.501961 0.501961 0.501961 #0.501961
v -1.099365 1.812988 -0.086182 0.501961 0.501961 0.501961 #0.501961
v -1.053711 1.698486 -0.176025 0.501961 0.501961 0.501961 #0.501961
v -1.159180 1.671631 -0.192871 0.501961 0.501961 0.501961 #0.501961
v -1.208496 1.803955 -0.116211 0.501961 0.501961 0.501961 #0.501961
v -1.159180 1.671631 -0.192871 0.501961 0.501961 0.501961 #0.501961
v -1.271484 1.679932 -0.235352 0.501961 0.501961 0.501961 #0.501961
v -1.271484 1.679932 -0.235352 0.501961 0.501961 0.501961 #0.501961
v -1.323486 1.824707 -0.167725 0.501961 0.501961 0.501961 #0.501961
v -1.208496 1.803955 -0.116211 0.501961 0.501961 0.501961 #0.501961
v -1.387695 1.706055 -0.291016 0.501961 0.501961 0.501961 #0.501961
v -1.441406 1.860352 -0.230225 0.501961 0.501961 0.501961 #0.501961
v -1.323486 1.824707 -0.167725 0.501961 0.501961 0.501961 #0.501961
v -1.323486 1.824707 -0.167725 0.501961 0.501961 0.501961 #0.501961
v -1.271484 1.679932 -0.235352 0.501961 0.501961 0.501961 #0.501961
v -1.387695 1.706055 -0.291016 0.501961 0.501961 0.501961 #0.501961
v 0.659180 2.404297 0.159424 0.501961 0.501961 0.501961 #0.501961
v 0.544189 2.414307 0.130615 0.501961 0.501961 0.501961 #0.501961
v 0.499756 2.537598 0.189941 0.501961 0.501961 0.501961 #0.501961
v 0.499756 2.537598 0.189941 0.501961 0.501961 0.501961 #0.501961
v 0.616211 2.524902 0.213623 0.501961 0.501961 0.501961 #0.501961
v 0.659180 2.404297 0.159424 0.501961 0.501961 0.501961 #0.501961
v 0.428955 2.433594 0.084473 0.501961 0.501961 0.501961 #0.501961
v 0.383545 2.557129 0.150391 0.501961 0.501961 0.501961 #0.501961
v 0.499756 2.537598 0.189941 0.501961 0.501961 0.501961 #0.501961
v 0.499756 2.537598 0.189941 0.501961 0.501961 0.501961 #0.501961
v 0.544189 2.414307 0.130615 0.501961 0.501961 0.501961 #0.501961
v 0.428955 2.433594 0.084473 0.501961 0.501961 0.501961 #0.501961
v 0.383545 2.557129 0.150391 0.501961 0.501961 0.501961 #0.501961
v 0.428955 2.433594 0.084473 0.501961 0.501961 0.501961 #0.501961
v 0.312744 2.471680 0.003906 0.501961 0.501961 0.501961 #0.501961
v 0.312744 2.471680 0.003906 0.501961 0.501961 0.501961 #0.501961
v 0.267578 2.590332 0.079102 0.501961 0.501961 0.501961 #0.501961
v 0.383545 2.557129 0.150391 0.501961 0.501961 0.501961 #0.501961
v 0.197021 2.512939 -0.086670 0.501961 0.501961 0.501961 #0.501961
v 0.152832 2.623047 -0.000244 0.501961 0.501961 0.501961 #0.501961
v 0.267578 2.590332 0.079102 0.501961 0.501961 0.501961 #0.501961
v 0.267578 2.590332 0.079102 0.501961 0.501961 0.501961 #0.501961
v 0.312744 2.471680 0.003906 0.501961 0.501961 0.501961 #0.501961
v 0.197021 2.512939 -0.086670 0.501961 0.501961 0.501961 #0.501961
v 0.152832 2.623047 -0.000244 0.501961 0.501961 0.501961 #0.501961
v 0.197021 2.512939 -0.086670 0.501961 0.501961 0.501961 #0.501961
v 0.082520 2.542969 -0.163574 0.501961 0.501961 0.501961 #0.501961
v 0.082520 2.542969 -0.163574 0.501961 0.501961 0.501961 #0.501961
v 0.040527 2.640625 -0.064453 0.501961 0.501961 0.501961 #0.501961
v 0.152832 2.623047 -0.000244 0.501961 0.501961 0.501961 #0.501961
v -0.028809 2.555420 -0.221191 0.501961 0.501961 0.501961 #0.501961
v -0.068604 2.638916 -0.109619 0.501961 0.501961 0.501961 #0.501961
v 0.040527 2.640625 -0.064453 0.501961 0.501961 0.501961 #0.501961
v 0.040527 2.640625 -0.064453 0.501961 0.501961 0.501961 #0.501961
v 0.082520 2.542969 -0.163574 0.501961 0.501961 0.501961 #0.501961
v -0.028809 2.555420 -0.221191 0.501961 0.501961 0.501961 #0.501961
v -0.068604 2.638916 -0.109619 0.501961 0.501961 0.501961 #0.501961
v -0.028809 2.555420 -0.221191 0.501961 0.501961 0.501961 #0.501961
v -0.137207 2.545166 -0.254150 0.501961 0.501961 0.501961 #0.501961
v -0.137207 2.545166 -0.254150 0.501961 0.501961 0.501961 #0.501961
v -0.173828 2.613770 -0.131104 0.501961 0.501961 0.501961 #0.501961
v -0.068604 2.638916 -0.109619 0.501961 0.501961 0.501961 #0.501961
v -0.241455 2.512451 -0.266846 0.501961 0.501961 0.501961 #0.501961
v -0.275391 2.567627 -0.134033 0.501961 0.501961 0.501961 #0.501961
v -0.173828 2.613770 -0.131104 0.501961 0.501961 0.501961 #0.501961
v -0.173828 2.613770 -0.131104 0.501961 0.501961 0.501961 #0.501961
v -0.137207 2.545166 -0.254150 0.501961 0.501961 0.501961 #0.501961
v -0.241455 2.512451 -0.266846 0.501961 0.501961 0.501961 #0.501961
v -0.275391 2.567627 -0.134033 0.501961 0.501961 0.501961 #0.501961
v -0.241455 2.512451 -0.266846 0.501961 0.501961 0.501961 #0.501961
v -0.341553 2.458496 -0.264160 0.501961 0.501961 0.501961 #0.501961
v -0.341553 2.458496 -0.264160 0.501961 0.501961 0.501961 #0.501961
v -0.373291 2.502686 -0.123291 0.501961 0.501961 0.501961 #0.501961
v -0.275391 2.567627 -0.134033 0.501961 0.501961 0.501961 #0.501961
v -0.437744 2.385742 -0.247559 0.501961 0.501961 0.501961 #0.501961
v -0.468262 2.422852 -0.101807 0.501961 0.501961 0.501961 #0.501961
v -0.373291 2.502686 -0.123291 0.501961 0.501961 0.501961 #0.501961
v -0.373291 2.502686 -0.123291 0.501961 0.501961 0.501961 #0.501961
v -0.341553 2.458496 -0.264160 0.501961 0.501961 0.501961 #0.501961
v -0.437744 2.385742 -0.247559 0.501961 0.501961 0.501961 #0.501961
v -0.468262 2.422852 -0.101807 0.501961 0.501961 0.501961 #0.501961
v -0.437744 2.385742 -0.247559 0.501961 0.501961 0.501961 #0.501961
v -0.531006 2.296631 -0.219238 0.501961 0.501961 0.501961 #0.501961
v -0.531006 2.296631 -0.219238 0.501961 0.501961 0.501961 #0.501961
v -0.561035 2.332275 -0.072266 0.501961 0.501961 0.501961 #0.501961
v -0.468262 2.422852 -0.101807 0.501961 0.501961 0.501961 #0.501961
v -0.622070 2.197754 -0.183838 0.501961 0.501961 0.501961 #0.501961
v -0.653076 2.237549 -0.039795 0.501961 0.501961 0.501961 #0.501961
v -0.561035 2.332275 -0.072266 0.501961 0.501961 0.501961 #0.501961
v -0.561035 2.332275 -0.072266 0.501961 0.501961 0.501961 #0.501961
v -0.531006 2.296631 -0.219238 0.501961 0.501961 0.501961 #0.501961
v -0.622070 2.197754 -0.183838 0.501961 0.501961 0.501961 #0.501961
v -0.653076 2.237549 -0.039795 0.501961 0.501961 0.501961 #0.501961
v -0.622070 2.197754 -0.183838 0.501961 0.501961 0.501961 #0.501961
v -0.712402 2.095459 -0.145996 0.501961 0.501961 0.501961 #0.501961
v -0.712402 2.095459 -0.145996 0.501961 0.501961 0.501961 #0.501961
v -0.745361 2.145264 -0.009277 0.501961 0.501961 0.501961 #0.501961
v -0.653076 2.237549 -0.039795 0.501961 0.501961 0.501961 #0.501961
v -0.803955 1.998291 -0.111572 0.501961 0.501961 0.501961 #0.501961
v -0.839844 2.062500 0.014404 0.501961 0.501961 0.501961 #0.501961
v -0.745361 2.145264 -0.009277 0.501961 0.501961 0.501961 #0.501961
v -0.745361 2.145264 -0.009277 0.501961 0.501961 0.501961 #0.501961
v -0.712402 2.095459 -0.145996 0.501961 0.501961 0.501961 #0.501961
v -0.803955 1.998291 -0.111572 0.501961 0.501961 0.501961 #0.501961
v -0.839844 2.062500 0.014404 0.501961 0.501961 0.501961 #0.501961
v -0.803955 1.998291 -0.111572 0.501961 0.501961 0.501961 #0.501961
v -0.897949 1.914307 -0.086914 0.501961 0.501961 0.501961 #0.501961
v -0.897949 1.914307 -0.086914 0.501961 0.501961 0.501961 #0.501961
v -0.937256 1.996094 0.026123 0.501961 0.501961 0.501961 #0.501961
v -0.839844 2.062500 0.014404 0.501961 0.501961 0.501961 #0.501961
v -0.996094 1.850342 -0.076904 0.501961 0.501961 0.501961 #0.501961
v -1.039063 1.950439 0.022949 0.501961 0.501961 0.501961 #0.501961
v -0.937256 1.996094 0.026123 0.501961 0.501961 0.501961 #0.501961
v -0.937256 1.996094 0.026123 0.501961 0.501961 0.501961 #0.501961
v -0.897949 1.914307 -0.086914 0.501961 0.501961 0.501961 #0.501961
v -0.996094 1.850342 -0.076904 0.501961 0.501961 0.501961 #0.501961
v -1.039063 1.950439 0.022949 0.501961 0.501961 0.501961 #0.501961
v -0.996094 1.850342 -0.076904 0.501961 0.501961 0.501961 #0.501961
v -1.099365 1.812988 -0.086182 0.501961 0.501961 0.501961 #0.501961
v -1.099365 1.812988 -0.086182 0.501961 0.501961 0.501961 #0.501961
v -1.145752 1.930176 0.001221 0.501961 0.501961 0.501961 #0.501961
v -1.039063 1.950439 0.022949 0.501961 0.501961 0.501961 #0.501961
v -1.208496 1.803955 -0.116211 0.501961 0.501961 0.501961 #0.501961
v -1.257568 1.934570 -0.038330 0.501961 0.501961 0.501961 #0.501961
v -1.145752 1.930176 0.001221 0.501961 0.501961 0.501961 #0.501961
v -1.145752 1.930176 0.001221 0.501961 0.501961 0.501961 #0.501961
v -1.099365 1.812988 -0.086182 0.501961 0.501961 0.501961 #0.501961
v -1.208496 1.803955 -0.116211 0.501961 0.501961 0.501961 #0.501961
v -1.257568 1.934570 -0.038330 0.501961 0.501961 0.501961 #0.501961
v -1.208496 1.803955 -0.116211 0.501961 0.501961 0.501961 #0.501961
v -1.323486 1.824707 -0.167725 0.501961 0.501961 0.501961 #0.501961
v -1.323486 1.824707 -0.167725 0.501961 0.501961 0.501961 #0.501961
v -1.374023 1.962646 -0.095459 0.501961 0.501961 0.501961 #0.501961
v -1.257568 1.934570 -0.038330 0.501961 0.501961 0.501961 #0.501961
v -1.441406 1.860352 -0.230225 0.501961 0.501961 0.501961 #0.501961
v -1.492920 2.002930 -0.161133 0.501961 0.501961 0.501961 #0.501961
v -1.374023 1.962646 -0.095459 0.501961 0.501961 0.501961 #0.501961
v -1.374023 1.962646 -0.095459 0.501961 0.501961 0.501961 #0.501961
v -1.323486 1.824707 -0.167725 0.501961 0.501961 0.501961 #0.501961
v -1.441406 1.860352 -0.230225 0.501961 0.501961 0.501961 #0.501961
v 0.616211 2.524902 0.213623 0.501961 0.501961 0.501961 #0.501961
v 0.499756 2.537598 0.189941 0.501961 0.501961 0.501961 #0.501961
v 0.454834 2.662354 0.250488 0.501961 0.501961 0.501961 #0.501961
v 0.454834 2.662354 0.250488 0.501961 0.501961 0.501961 #0.501961
v 0.572266 2.647949 0.269043 0.501961 0.501961 0.501961 #0.501961
v 0.616211 2.524902 0.213623 0.501961 0.501961 0.501961 #0.501961
v 0.383545 2.557129 0.150391 0.501961 0.501961 0.501961 #0.501961
v 0.337891 2.681152 0.217773 0.501961 0.501961 0.501961 #0.501961
v 0.454834 2.662354 0.250488 0.501961 0.501961 0.501961 #0.501961
v 0.454834 2.662354 0.250488 0.501961 0.501961 0.501961 #0.501961
v 0.499756 2.537598 0.189941 0.501961 0.501961 0.501961 #0.501961
v 0.383545 2.557129 0.150391 0.501961 0.501961 0.501961 #0.501961
v 0.337891 2.681152 0.217773 0.501961 0.501961 0.501961 #0.501961
v 0.383545 2.557129 0.150391 0.501961 0.501961 0.501961 #0.501961
v 0.267578 2.590332 0.079102 0.501961 0.501961 0.501961 #0.501961
v 0.267578 2.590332 0.079102 0.501961 0.501961 0.501961 #0.501961
v 0.222168 2.708496 0.156738 0.501961 0.501961 0.501961 #0.501961
v 0.337891 2.681152 0.217773 0.501961 0.501961 0.501961 #0.501961
v 0.152832 2.623047 -0.000244 0.501961 0.501961 0.501961 #0.501961
v 0.108887 2.730957 0.089111 0.501961 0.501961 0.501961 #0.501961
v 0.222168 2.708496 0.156738 0.501961 0.501961 0.501961 #0.501961
v 0.222168 2.708496 0.156738 0.501961 0.501961 0.501961 #0.501961
v 0.267578 2.590332 0.079102 0.501961 0.501961 0.501961 #0.501961
v 0.152832 2.623047 -0.000244 0.501961 0.501961 0.501961 #0.501961
v 0.108887 2.730957 0.089111 0.501961 0.501961 0.501961 #0.501961
v 0.152832 2.623047 -0.000244 0.501961 0.501961 0.501961 #0.501961
v 0.040527 2.640625 -0.064453 0.501961 0.501961 0.501961 #0.501961
v 0.040527 2.640625 -0.064453 0.501961 0.501961 0.501961 #0.501961
v -0.000977 2.735840 0.036865 0.501961 0.501961 0.501961 #0.501961
v 0.108887 2.730957 0.089111 0.501961 0.501961 0.501961 #0.501961
v -0.068604 2.638916 -0.109619 0.501961 0.501961 0.501961 #0.501961
v -0.107666 2.719971 0.003662 0.501961 0.501961 0.501961 #0.501961
v -0.000977 2.735840 0.036865 0.501961 0.501961 0.501961 #0.501961
v -0.000977 2.735840 0.036865 0.501961 0.501961 0.501961 #0.501961
v 0.040527 2.640625 -0.064453 0.501961 0.501961 0.501961 #0.501961
v -0.068604 2.638916 -0.109619 0.501961 0.501961 0.501961 #0.501961
v -0.107666 2.719971 0.003662 0.501961 0.501961 0.501961 #0.501961
v -0.068604 2.638916 -0.109619 0.501961 0.501961 0.501961 #0.501961
v -0.173828 2.613770 -0.131104 0.501961 0.501961 0.501961 #0.501961
v -0.173828 2.613770 -0.131104 0.501961 0.501961 0.501961 #0.501961
v -0.210205 2.680664 -0.006836 0.501961 0.501961 0.501961 #0.501961
v -0.107666 2.719971 0.003662 0.501961 0.501961 0.501961 #0.501961
v -0.275391 2.567627 -0.134033 0.501961 0.501961 0.501961 #0.501961
v -0.309326 2.622070 -0.000732 0.501961 0.501961 0.501961 #0.501961
v -0.210205 2.680664 -0.006836 0.501961 0.501961 0.501961 #0.501961
v -0.210205 2.680664 -0.006836 0.501961 0.501961 0.501961 #0.501961
v -0.173828 2.613770 -0.131104 0.501961 0.501961 0.501961 #0.501961
v -0.275391 2.567627 -0.134033 0.501961 0.501961 0.501961 #0.501961
v -0.309326 2.622070 -0.000732 0.501961 0.501961 0.501961 #0.501961
v -0.275391 2.567627 -0.134033 0.501961 0.501961 0.501961 #0.501961
v -0.373291 2.502686 -0.123291 0.501961 0.501961 0.501961 #0.501961
v -0.373291 2.502686 -0.123291 0.501961 0.501961 0.501961 #0.501961
v -0.405518 2.547852 0.016602 0.501961 0.501961 0.501961 #0.501961
v -0.309326 2.622070 -0.000732 0.501961 0.501961 0.501961 #0.501961
v -0.468262 2.422852 -0.101807 0.501961 0.501961 0.501961 #0.501961
v -0.499268 2.463135 0.041748 0.501961 0.501961 0.501961 #0.501961
v -0.405518 2.547852 0.016602 0.501961 0.501961 0.501961 #0.501961
v -0.405518 2.547852 0.016602 0.501961 0.501961 0.501961 #0.501961
v -0.373291 2.502686 -0.123291 0.501961 0.501961 0.501961 #0.501961
v -0.468262 2.422852 -0.101807 0.501961 0.501961 0.501961 #0.501961
v -0.499268 2.463135 0.041748 0.501961 0.501961 0.501961 #0.501961
v -0.468262 2.422852 -0.101807 0.501961 0.501961 0.501961 #0.501961
v -0.561035 2.332275 -0.072266 0.501961 0.501961 0.501961 #0.501961
v -0.561035 2.332275 -0.072266 0.501961 0.501961 0.501961 #0.501961
v -0.592285 2.373047 0.070801 0.501961 0.501961 0.501961 #0.501961
v -0.499268 2.463135 0.041748 0.501961 0.501961 0.501961 #0.501961
v -0.653076 2.237549 -0.039795 0.501961 0.501961 0.501961 #0.501961
v -0.685303 2.283936 0.099121 0.501961 0.501961 0.501961 #0.501961
v -0.592285 2.373047 0.070801 0.501961 0.501961 0.501961 #0.501961
v -0.592285 2.373047 0.070801 0.501961 0.501961 0.501961 #0.501961
v -0.561035 2.332275 -0.072266 0.501961 0.501961 0.501961 #0.501961
v -0.653076 2.237549 -0.039795 0.501961 0.501961 0.501961 #0.501961
v -0.685303 2.283936 0.099121 0.501961 0.501961 0.501961 #0.501961
v -0.653076 2.237549 -0.039795 0.501961 0.501961 0.501961 #0.501961
v -0.745361 2.145264 -0.009277 0.501961 0.501961 0.501961 #0.501961
v -0.745361 2.145264 -0.009277 0.501961 0.501961 0.501961 #0.501961
v -0.779785 2.202393 0.122070 0.501961 0.501961 0.501961 #0.501961
v -0.685303 2.283936 0.099121 0.501961 0.501961 0.501961 #0.501961
v -0.839844 2.062500 0.014404 0.501961 0.501961 0.501961 #0.501961
v -0.876953 2.133789 0.135498 0.501961 0.501961 0.501961 #0.501961
v -0.779785 2.202393 0.122070 0.501961 0.501961 0.501961 #0.501961
v -0.779785 2.202393 0.122070 0.501961 0.501961 0.501961 #0.501961
v -0.745361 2.145264 -0.009277 0.501961 0.501961 0.501961 #0.501961
v -0.839844 2.062500 0.014404 0.501961 0.501961 0.501961 #0.501961
v -0.876953 2.133789 0.135498 0.501961 0.501961 0.501961 #0.501961
v -0.839844 2.062500 0.014404 0.501961 0.501961 0.501961 #0.501961
v -0.937256 1.996094 0.026123 0.501961 0.501961 0.501961 #0.501961
v -0.937256 1.996094 0.026123 0.501961 0.501961 0.501961 #0.501961
v -0.977783 2.083496 0.135498 0.501961 0.501961 0.501961 #0.501961
v -0.876953 2.133789 0.135498 0.501961 0.501961 0.501961 #0.501961
v -1.039063 1.950439 0.022949 0.501961 0.501961 0.501961 #0.501961
v -1.082764 2.053955 0.120361 0.501961 0.501961 0.501961 #0.501961
v -0.977783 2.083496 0.135498 0.501961 0.501961 0.501961 #0.501961
v -0.977783 2.083496 0.135498 0.501961 0.501961 0.501961 #0.501961
v -0.937256 1.996094 0.026123 0.501961 0.501961 0.501961 #0.501961
v -1.039063 1.950439 0.022949 0.501961 0.501961 0.501961 #0.501961
v -1.082764 2.053955 0.120361 0.501961 0.501961 0.501961 #0.501961
v -1.039063 1.950439 0.022949 0.501961 0.501961 0.501961 #0.501961
v -1.145752 1.930176 0.001221 0.501961 0.501961 0.501961 #0.501961
v -1.145752 1.930176 0.001221 0.501961 0.501961 0.501961 #0.501961
v -1.192383 2.047363 0.088623 0.501961 0.501961 0.501961 #0.501961
v -1.082764 2.053955 0.120361 0.501961 0.501961 0.501961 #0.501961
v -1.257568 1.934570 -0.038330 0.501961 0.501961 0.501961 #0.501961
v -1.305908 2.061279 0.042236 0.501961 0.501961 0.501961 #0.501961
v -1.192383 2.047363 0.088623 0.501961 0.501961 0.501961 #0.501961
v -1.192383 2.047363 0.088623 0.501961 0.501961 0.501961 #0.501961
v -1.145752 1.930176 0.001221 0.501961 0.501961 0.501961 #0.501961
v -1.257568 1.934570 -0.038330 0.501961 0.501961 0.501961 #0.501961
v -1.305908 2.061279 0.042236 0.501961 0.501961 0.501961 #0.501961
v -1.257568 1.934570 -0.038330 0.501961 0.501961 0.501961 #0.501961
v -1.374023 1.962646 -0.095459 0.501961 0.501961 0.501961 #0.501961
v -1.374023 1.962646 -0.095459 0.501961 0.501961 0.501961 #0.501961
v -1.423096 2.092773 -0.017090 0.501961 0.501961 0.501961 #0.501961
v -1.305908 2.061279 0.042236 0.501961 0.501961 0.501961 #0.501961
v -1.492920 2.002930 -0.161133 0.501961 0.501961 0.501961 #0.501961
v -1.541992 2.133545 -0.083252 0.501961 0.501961 0.501961 #0.501961
v -1.423096 2.092773 -0.017090 0.501961 0.501961 0.501961 #0.501961
v -1.423096 2.092773 -0.017090 0.501961 0.501961 0.501961 #0.501961
v -1.374023 1.962646 -0.095459 0.501961 0.501961 0.501961 #0.501961
v -1.492920 2.002930 -0.161133 0.501961 0.501961 0.501961 #0.501961
v 0.572266 2.647949 0.269043 0.501961 0.501961 0.501961 #0.501961
v 0.454834 2.662354 0.250488 0.501961 0.501961 0.501961 #0.501961
v 0.408691 2.790039 0.312500 0.501961 0.501961 0.501961 #0.501961
v 0.408691 2.790039 0.312500 0.501961 0.501961 0.501961 #0.501961
v 0.527100 2.774658 0.325928 0.501961 0.501961 0.501961 #0.501961
v 0.572266 2.647949 0.269043 0.501961 0.501961 0.501961 #0.501961
v 0.337891 2.681152 0.217773 0.501961 0.501961 0.501961 #0.501961
v 0.291504 2.806885 0.286621 0.501961 0.501961 0.501961 #0.501961
v 0.408691 2.790039 0.312500 0.501961 0.501961 0.501961 #0.501961
v 0.408691 2.790039 0.312500 0.501961 0.501961 0.501961 #0.501961
v 0.454834 2.662354 0.250488 0.501961 0.501961 0.501961 #0.501961
v 0.337891 2.681152 0.217773 0.501961 0.501961 0.501961 #0.501961
v 0.291504 2.806885 0.286621 0.501961 0.501961 0.501961 #0.501961
v 0.337891 2.681152 0.217773 0.501961 0.501961 0.501961 #0.501961
v 0.222168 2.708496 0.156738 0.501961 0.501961 0.501961 #0.501961
v 0.222168 2.708496 0.156738 0.501961 0.501961 0.501961 #0.501961
v 0.176514 2.826660 0.236084 0.501961 0.501961 0.501961 #0.501961
v 0.291504 2.806885 0.286621 0.501961 0.501961 0.501961 #0.501961
v 0.108887 2.730957 0.089111 0.501961 0.501961 0.501961 #0.501961
v 0.064941 2.838135 0.180664 0.501961 0.501961 0.501961 #0.501961
v 0.176514 2.826660 0.236084 0.501961 0.501961 0.501961 #0.501961
v 0.176514 2.826660 0.236084 0.501961 0.501961 0.501961 #0.501961
v 0.222168 2.708496 0.156738 0.501961 0.501961 0.501961 #0.501961
v 0.108887 2.730957 0.089111 0.501961 0.501961 0.501961 #0.501961
v 0.064941 2.838135 0.180664 0.501961 0.501961 0.501961 #0.501961
v 0.108887 2.730957 0.089111 0.501961 0.501961 0.501961 #0.501961
v -0.000977 2.735840 0.036865 0.501961 0.501961 0.501961 #0.501961
v -0.000977 2.735840 0.036865 0.501961 0.501961 0.501961 #0.501961
v -0.042480 2.829102 0.140625 0.501961 0.501961 0.501961 #0.501961
v 0.064941 2.838135 0.180664 0.501961 0.501961 0.501961 #0.501961
v -0.107666 2.719971 0.003662 0.501961 0.501961 0.501961 #0.501961
v -0.146240 2.798828 0.118896 0.501961 0.501961 0.501961 #0.501961
v -0.042480 2.829102 0.140625 0.501961 0.501961 0.501961 #0.501961
v -0.042480 2.829102 0.140625 0.501961 0.501961 0.501961 #0.501961
v -0.000977 2.735840 0.036865 0.501961 0.501961 0.501961 #0.501961
v -0.107666 2.719971 0.003662 0.501961 0.501961 0.501961 #0.501961
v -0.146240 2.798828 0.118896 0.501961 0.501961 0.501961 #0.501961
v -0.107666 2.719971 0.003662 0.501961 0.501961 0.501961 #0.501961
v -0.210205 2.680664 -0.006836 0.501961 0.501961 0.501961 #0.501961
v -0.210205 2.680664 -0.006836 0.501961 0.501961 0.501961 #0.501961
v -0.246338 2.745605 0.118408 0.501961 0.501961 0.501961 #0.501961
v -0.146240 2.798828 0.118896 0.501961 0.501961 0.501961 #0.501961
v -0.309326 2.622070 -0.000732 0.501961 0.501961 0.501961 #0.501961
v -0.343018 2.675293 0.133301 0.501961 0.501961 0.501961 #0.501961
v -0.246338 2.745605 0.118408 0.501961 0.501961 0.501961 #0.501961
v -0.246338 2.745605 0.118408 0.501961 0.501961 0.501961 #0.501961
v -0.210205 2.680664 -0.006836 0.501961 0.501961 0.501961 #0.501961
v -0.309326 2.622070 -0.000732 0.501961 0.501961 0.501961 #0.501961
v -0.343018 2.675293 0.133301 0.501961 0.501961 0.501961 #0.501961
v -0.309326 2.622070 -0.000732 0.501961 0.501961 0.501961 #0.501961
v -0.405518 2.547852 0.016602 0.501961 0.501961 0.501961 #0.501961
v -0.405518 2.547852 0.016602 0.501961 0.501961 0.501961 #0.501961
v -0.437500 2.593018 0.156494 0.501961 0.501961 0.501961 #0.501961
v -0.343018 2.675293 0.133301 0.501961 0.501961 0.501961 #0.501961
v -0.499268 2.463135 0.041748 0.501961 0.501961 0.501961 #0.501961
v -0.530762 2.505127 0.184082 0.501961 0.501961 0.501961 #0.501961
v -0.437500 2.593018 0.156494 0.501961 0.501961 0.501961 #0.501961
v -0.437500 2.593018 0.156494 0.501961 0.501961 0.501961 #0.501961
v -0.405518 2.547852 0.016602 0.501961 0.501961 0.501961 #0.501961
v -0.499268 2.463135 0.041748 0.501961 0.501961 0.501961 #0.501961
v -0.530762 2.505127 0.184082 0.501961 0.501961 0.501961 #0.501961
v -0.499268 2.463135 0.041748 0.501961 0.501961 0.501961 #0.501961
v -0.592285 2.373047 0.070801 0.501961 0.501961 0.501961 #0.501961
v -0.592285 2.373047 0.070801 0.501961 0.501961 0.501961 #0.501961
v -0.624023 2.416992 0.211670 0.501961 0.501961 0.501961 #0.501961
v -0.530762 2.505127 0.184082 0.501961 0.501961 0.501961 #0.501961
v -0.685303 2.283936 0.099121 0.501961 0.501961 0.501961 #0.501961
v -0.718506 2.334717 0.235107 0.501961 0.501961 0.501961 #0.501961
v -0.624023 2.416992 0.211670 0.501961 0.501961 0.501961 #0.501961
v -0.624023 2.416992 0.211670 0.501961 0.501961 0.501961 #0.501961
v -0.592285 2.373047 0.070801 0.501961 0.501961 0.501961 #0.501961
v -0.685303 2.283936 0.099121 0.501961 0.501961 0.501961 #0.501961
v -0.718506 2.334717 0.235107 0.501961 0.501961 0.501961 #0.501961
v -0.685303 2.283936 0.099121 0.501961 0.501961 0.501961 #0.501961
v -0.779785 2.202393 0.122070 0.501961 0.501961 0.501961 #0.501961
v -0.779785 2.202393 0.122070 0.501961 0.501961 0.501961 #0.501961
v -0.815186 2.264404 0.249756 0.501961 0.501961 0.501961 #0.501961
v -0.718506 2.334717 0.235107 0.501961 0.501961 0.501961 #0.501961
v -0.876953 2.133789 0.135498 0.501961 0.501961 0.501961 #0.501961
v -0.915283 2.209717 0.253174 0.501961 0.501961 0.501961 #0.501961
v -0.815186 2.264404 0.249756 0.501961 0.501961 0.501961 #0.501961
v -0.815186 2.264404 0.249756 0.501961 0.501961 0.501961 #0.501961
v -0.779785 2.202393 0.122070 0.501961 0.501961 0.501961 #0.501961
v -0.876953 2.133789 0.135498 0.501961 0.501961 0.501961 #0.501961
v -0.915283 2.209717 0.253174 0.501961 0.501961 0.501961 #0.501961
v -0.876953 2.133789 0.135498 0.501961 0.501961 0.501961 #0.501961
v -0.977783 2.083496 0.135498 0.501961 0.501961 0.501961 #0.501961
v -0.977783 2.083496 0.135498 0.501961 0.501961 0.501961 #0.501961
v -1.019043 2.174316 0.242188 0.501961 0.501961 0.501961 #0.501961
v -0.915283 2.209717 0.253174 0.501961 0.501961 0.501961 #0.501961
v -1.082764 2.053955 0.120361 0.501961 0.501961 0.501961 #0.501961
v -1.126709 2.158691 0.217041 0.501961 0.501961 0.501961 #0.501961
v -1.019043 2.174316 0.242188 0.501961 0.501961 0.501961 #0.501961
v -1.019043 2.174316 0.242188 0.501961 0.501961 0.501961 #0.501961
v -0.977783 2.083496 0.135498 0.501961 0.501961 0.501961 #0.501961
v -1.082764 2.053955 0.120361 0.501961 0.501961 0.501961 #0.501961
v -1.126709 2.158691 0.217041 0.501961 0.501961 0.501961 #0.501961
v -1.082764 2.053955 0.120361 0.501961 0.501961 0.501961 #0.501961
v -1.192383 2.047363 0.088623 0.501961 0.501961 0.501961 #0.501961
v -1.192383 2.047363 0.088623 0.501961 0.501961 0.501961 #0.501961
v -1.238281 2.162842 0.177490 0.501961 0.501961 0.501961 #0.501961
v -1.126709 2.158691 0.217041 0.501961 0.501961 0.501961 #0.501961
v -1.305908 2.061279 0.042236 0.501961 0.501961 0.501961 #0.501961
v -1.353271 2.183105 0.126465 0.501961 0.501961 0.501961 #0.501961
v -1.238281 2.162842 0.177490 0.501961 0.501961 0.501961 #0.501961
v -1.238281 2.162842 0.177490 0.501961 0.501961 0.501961 #0.501961
v -1.192383 2.047363 0.088623 0.501961 0.501961 0.501961 #0.501961
v -1.305908 2.061279 0.042236 0.501961 0.501961 0.501961 #0.501961
v -1.353271 2.183105 0.126465 0.501961 0.501961 0.501961 #0.501961
v -1.305908 2.061279 0.042236 0.501961 0.501961 0.501961 #0.501961
v -1.423096 2.092773 -0.017090 0.501961 0.501961 0.501961 #0.501961
v -1.423096 2.092773 -0.017090 0.501961 0.501961 0.501961 #0.501961
v -1.470459 2.215332 0.066406 0.501961 0.501961 0.501961 #0.501961
v -1.353271 2.183105 0.126465 0.501961 0.501961 0.501961 #0.501961
v -1.541992 2.133545 -0.083252 0.501961 0.501961 0.501961 #0.501961
v -1.588867 2.253418 0.002197 0.501961 0.501961 0.501961 #0.501961
v -1.470459 2.215332 0.066406 0.501961 0.501961 0.501961 #0.501961
v -1.470459 2.215332 0.066406 0.501961 0.501961 0.501961 #0.501961
v -1.423096 2.092773 -0.017090 0.501961 0.501961 0.501961 #0.501961
v -1.541992 2.133545 -0.083252 0.501961 0.501961 0.501961 #0.501961
v 0.527100 2.774658 0.325928 0.501961 0.501961 0.501961 #0.501961
v 0.408691 2.790039 0.312500 0.501961 0.501961 0.501961 #0.501961
v 0.361328 2.921631 0.375732 0.501961 0.501961 0.501961 #0.501961
v 0.361328 2.921631 0.375732 0.501961 0.501961 0.501961 #0.501961
v 0.480225 2.906494 0.385254 0.501961 0.501961 0.501961 #0.501961
v 0.527100 2.774658 0.325928 0.501961 0.501961 0.501961 #0.501961
v 0.291504 2.806885 0.286621 0.501961 0.501961 0.501961 #0.501961
v 0.244141 2.935303 0.356201 0.501961 0.501961 0.501961 #0.501961
v 0.361328 2.921631 0.375732 0.501961 0.501961 0.501961 #0.501961
v 0.361328 2.921631 0.375732 0.501961 0.501961 0.501961 #0.501961
v 0.408691 2.790039 0.312500 0.501961 0.501961 0.501961 #0.501961
v 0.291504 2.806885 0.286621 0.501961 0.501961 0.501961 #0.501961
v 0.244141 2.935303 0.356201 0.501961 0.501961 0.501961 #0.501961
v 0.291504 2.806885 0.286621 0.501961 0.501961 0.501961 #0.501961
v 0.176514 2.826660 0.236084 0.501961 0.501961 0.501961 #0.501961
v 0.176514 2.826660 0.236084 0.501961 0.501961 0.501961 #0.501961
v 0.130615 2.946289 0.315918 0.501961 0.501961 0.501961 #0.501961
v 0.244141 2.935303 0.356201 0.501961 0.501961 0.501961 #0.501961
v 0.064941 2.838135 0.180664 0.501961 0.501961 0.501961 #0.501961
v 0.020996 2.944580 0.273193 0.501961 0.501961 0.501961 #0.501961
v 0.130615 2.946289 0.315918 0.501961 0.501961 0.501961 #0.501961
v 0.130615 2.946289 0.315918 0.501961 0.501961 0.501961 #0.501961
v 0.176514 2.826660 0.236084 0.501961 0.501961 0.501961 #0.501961
v 0.064941 2.838135 0.180664 0.501961 0.501961 0.501961 #0.501961
v 0.020996 2.944580 0.273193 0.501961 0.501961 0.501961 #0.501961
v 0.064941 2.838135 0.180664 0.501961 0.501961 0.501961 #0.501961
v -0.042480 2.829102 0.140625 0.501961 0.501961 0.501961 #0.501961
v -0.042480 2.829102 0.140625 0.501961 0.501961 0.501961 #0.501961
v -0.083740 2.920654 0.245850 0.501961 0.501961 0.501961 #0.501961
v 0.020996 2.944580 0.273193 0.501961 0.501961 0.501961 #0.501961
v -0.146240 2.798828 0.118896 0.501961 0.501961 0.501961 #0.501961
v -0.184570 2.874756 0.236084 0.501961 0.501961 0.501961 #0.501961
v -0.083740 2.920654 0.245850 0.501961 0.501961 0.501961 #0.501961
v -0.083740 2.920654 0.245850 0.501961 0.501961 0.501961 #0.501961
v -0.042480 2.829102 0.140625 0.501961 0.501961 0.501961 #0.501961
v -0.146240 2.798828 0.118896 0.501961 0.501961 0.501961 #0.501961
v -0.184570 2.874756 0.236084 0.501961 0.501961 0.501961 #0.501961
v -0.146240 2.798828 0.118896 0.501961 0.501961 0.501961 #0.501961
v -0.246338 2.745605 0.118408 0.501961 0.501961 0.501961 #0.501961
v -0.246338 2.745605 0.118408 0.501961 0.501961 0.501961 #0.501961
v -0.281738 2.807617 0.246338 0.501961 0.501961 0.501961 #0.501961
v -0.184570 2.874756 0.236084 0.501961 0.501961 0.501961 #0.501961
v -0.343018 2.675293 0.133301 0.501961 0.501961 0.501961 #0.501961
v -0.376221 2.726074 0.269287 0.501961 0.501961 0.501961 #0.501961
v -0.281738 2.807617 0.246338 0.501961 0.501961 0.501961 #0.501961
v -0.281738 2.807617 0.246338 0.501961 0.501961 0.501961 #0.501961
v -0.246338 2.745605 0.118408 0.501961 0.501961 0.501961 #0.501961
v -0.343018 2.675293 0.133301 0.501961 0.501961 0.501961 #0.501961
v -0.376221 2.726074 0.269287 0.501961 0.501961 0.501961 #0.501961
v -0.343018 2.675293 0.133301 0.501961 0.501961 0.501961 #0.501961
v -0.437500 2.593018 0.156494 0.501961 0.501961 0.501961 #0.501961
v -0.437500 2.593018 0.156494 0.501961 0.501961 0.501961 #0.501961
v -0.469238 2.636963 0.297607 0.501961 0.501961 0.501961 #0.501961
v -0.376221 2.726074 0.269287 0.501961 0.501961 0.501961 #0.501961
v -0.530762 2.505127 0.184082 0.501961 0.501961 0.501961 #0.501961
v -0.562256 2.546875 0.326660 0.501961 0.501961 0.501961 #0.501961
v -0.469238 2.636963 0.297607 0.501961 0.501961 0.501961 #0.501961
v -0.469238 2.636963 0.297607 0.501961 0.501961 0.501961 #0.501961
v -0.437500 2.593018 0.156494 0.501961 0.501961 0.501961 #0.501961
v -0.530762 2.505127 0.184082 0.501961 0.501961 0.501961 #0.501961
v -0.562256 2.546875 0.326660 0.501961 0.501961 0.501961 #0.501961
v -0.530762 2.505127 0.184082 0.501961 0.501961 0.501961 #0.501961
v -0.624023 2.416992 0.211670 0.501961 0.501961 0.501961 #0.501961
v -0.624023 2.416992 0.211670 0.501961 0.501961 0.501961 #0.501961
v -0.656006 2.462402 0.351807 0.501961 0.501961 0.501961 #0.501961
v -0.562256 2.546875 0.326660 0.501961 0.501961 0.501961 #0.501961
v -0.718506 2.334717 0.235107 0.501961 0.501961 0.501961 #0.501961
v -0.752197 2.388184 0.369141 0.501961 0.501961 0.501961 #0.501961
v -0.656006 2.462402 0.351807 0.501961 0.501961 0.501961 #0.501961
v -0.656006 2.462402 0.351807 0.501961 0.501961 0.501961 #0.501961
v -0.624023 2.416992 0.211670 0.501961 0.501961 0.501961 #0.501961
v -0.718506 2.334717 0.235107 0.501961 0.501961 0.501961 #0.501961
v -0.752197 2.388184 0.369141 0.501961 0.501961 0.501961 #0.501961
v -0.718506 2.334717 0.235107 0.501961 0.501961 0.501961 #0.501961
v -0.815186 2.264404 0.249756 0.501961 0.501961 0.501961 #0.501961
v -0.815186 2.264404 0.249756 0.501961 0.501961 0.501961 #0.501961
v -0.851318 2.329346 0.375488 0.501961 0.501961 0.501961 #0.501961
v -0.752197 2.388184 0.369141 0.501961 0.501961 0.501961 #0.501961
v -0.915283 2.209717 0.253174 0.501961 0.501961 0.501961 #0.501961
v -0.953857 2.288330 0.368896 0.501961 0.501961 0.501961 #0.501961
v -0.851318 2.329346 0.375488 0.501961 0.501961 0.501961 #0.501961
v -0.851318 2.329346 0.375488 0.501961 0.501961 0.501961 #0.501961
v -0.815186 2.264404 0.249756 0.501961 0.501961 0.501961 #0.501961
v -0.915283 2.209717 0.253174 0.501961 0.501961 0.501961 #0.501961
v -0.953857 2.288330 0.368896 0.501961 0.501961 0.501961 #0.501961
v -0.915283 2.209717 0.253174 0.501961 0.501961 0.501961 #0.501961
v -1.019043 2.174316 0.242188 0.501961 0.501961 0.501961 #0.501961
v -1.019043 2.174316 0.242188 0.501961 0.501961 0.501961 #0.501961
v -1.060547 2.266846 0.347900 0.501961 0.501961 0.501961 #0.501961
v -0.953857 2.288330 0.368896 0.501961 0.501961 0.501961 #0.501961
v -1.126709 2.158691 0.217041 0.501961 0.501961 0.501961 #0.501961
v -1.170654 2.263428 0.313965 0.501961 0.501961 0.501961 #0.501961
v -1.060547 2.266846 0.347900 0.501961 0.501961 0.501961 #0.501961
v -1.060547 2.266846 0.347900 0.501961 0.501961 0.501961 #0.501961
v -1.019043 2.174316 0.242188 0.501961 0.501961 0.501961 #0.501961
v -1.126709 2.158691 0.217041 0.501961 0.501961 0.501961 #0.501961
v -1.170654 2.263428 0.313965 0.501961 0.501961 0.501961 #0.501961
v -1.126709 2.158691 0.217041 0.501961 0.501961 0.501961 #0.501961
v -1.238281 2.162842 0.177490 0.501961 0.501961 0.501961 #0.501961
v -1.238281 2.162842 0.177490 0.501961 0.501961 0.501961 #0.501961
v -1.283936 2.276367 0.268066 0.501961 0.501961 0.501961 #0.501961
v -1.170654 2.263428 0.313965 0.501961 0.501961 0.501961 #0.501961
v -1.353271 2.183105 0.126465 0.501961 0.501961 0.501961 #0.501961
v -1.399658 2.300293 0.213867 0.501961 0.501961 0.501961 #0.501961
v -1.283936 2.276367 0.268066 0.501961 0.501961 0.501961 #0.501961
v -1.283936 2.276367 0.268066 0.501961 0.501961 0.501961 #0.501961
v -1.238281 2.162842 0.177490 0.501961 0.501961 0.501961 #0.501961
v -1.353271 2.183105 0.126465 0.501961 0.501961 0.501961 #0.501961
v -1.399658 2.300293 0.213867 0.501961 0.501961 0.501961 #0.501961
v -1.353271 2.183105 0.126465 0.501961 0.501961 0.501961 #0.501961
v -1.470459 2.215332 0.066406 0.501961 0.501961 0.501961 #0.501961
v -1.470459 2.215332 0.066406 0.501961 0.501961 0.501961 #0.501961
v -1.516602 2.330811 0.155273 0.501961 0.501961 0.501961 #0.501961
v -1.399658 2.300293 0.213867 0.501961 0.501961 0.501961 #0.501961
v -1.588867 2.253418 0.002197 0.501961 0.501961 0.501961 #0.501961
v -1.634033 2.364258 0.094482 0.501961 0.501961 0.501961 #0.501961
v -1.516602 2.330811 0.155273 0.501961 0.501961 0.501961 #0.501961
v -1.516602 2.330811 0.155273 0.501961 0.501961 0.501961 #0.501961
v -1.470459 2.215332 0.066406 0.501961 0.501961 0.501961 #0.501961
v -1.588867 2.253418 0.002197 0.501961 0.501961 0.501961 #0.501961
v 0.480225 2.906494 0.385254 0.501961 0.501961 0.501961 #0.501961
v 0.361328 2.921631 0.375732 0.501961 0.501961 0.501961 #0.501961
v 0.312256 3.057617 0.440918 0.501961 0.501961 0.501961 #0.501961
v 0.312256 3.057617 0.440918 0.501961 0.501961 0.501961 #0.501961
v 0.431152 3.044189 0.447021 0.501961 0.501961 0.501961 #0.501961
v 0.480225 2.906494 0.385254 0.501961 0.501961 0.501961 #0.501961
v 0.244141 2.935303 0.356201 0.501961 0.501961 0.501961 #0.501961
v 0.195801 3.066650 0.426514 0.501961 0.501961 0.501961 #0.501961
v 0.312256 3.057617 0.440918 0.501961 0.501961 0.501961 #0.501961
v 0.312256 3.057617 0.440918 0.501961 0.501961 0.501961 #0.501961
v 0.361328 2.921631 0.375732 0.501961 0.501961 0.501961 #0.501961
v 0.244141 2.935303 0.356201 0.501961 0.501961 0.501961 #0.501961
v 0.195801 3.066650 0.426514 0.501961 0.501961 0.501961 #0.501961
v 0.244141 2.935303 0.356201 0.501961 0.501961 0.501961 #0.501961
v 0.130615 2.946289 0.315918 0.501961 0.501961 0.501961 #0.501961
v 0.130615 2.946289 0.315918 0.501961 0.501961 0.501961 #0.501961
v 0.084229 3.066895 0.395996 0.501961 0.501961 0.501961 #0.501961
v 0.195801 3.066650 0.426514 0.501961 0.501961 0.501961 #0.501961
v 0.020996 2.944580 0.273193 0.501961 0.501961 0.501961 #0.501961
v -0.022461 3.050293 0.365967 0.501961 0.501961 0.501961 #0.501961
v 0.084229 3.066895 0.395996 0.501961 0.501961 0.501961 #0.501961
v 0.084229 3.066895 0.395996 0.501961 0.501961 0.501961 #0.501961
v 0.130615 2.946289 0.315918 0.501961 0.501961 0.501961 #0.501961
v 0.020996 2.944580 0.273193 0.501961 0.501961 0.501961 #0.501961
v -0.022461 3.050293 0.365967 0.501961 0.501961 0.501961 #0.501961
v 0.020996 2.944580 0.273193 0.501961 0.501961 0.501961 #0.501961
v -0.083740 2.920654 0.245850 0.501961 0.501961 0.501961 #0.501961
v -0.083740 2.920654 0.245850 0.501961 0.501961 0.501961 #0.501961
v -0.124268 3.009277 0.352783 0.501961 0.501961 0.501961 #0.501961
v -0.022461 3.050293 0.365967 0.501961 0.501961 0.501961 #0.501961
v -0.184570 2.874756 0.236084 0.501961 0.501961 0.501961 #0.501961
v -0.221680 2.946289 0.356689 0.501961 0.501961 0.501961 #0.501961
v -0.124268 3.009277 0.352783 0.501961 0.501961 0.501961 #0.501961
v -0.124268 3.009277 0.352783 0.501961 0.501961 0.501961 #0.501961
v -0.083740 2.920654 0.245850 0.501961 0.501961 0.501961 #0.501961
v -0.184570 2.874756 0.236084 0.501961 0.501961 0.501961 #0.501961
v -0.221680 2.946289 0.356689 0.501961 0.501961 0.501961 #0.501961
v -0.184570 2.874756 0.236084 0.501961 0.501961 0.501961 #0.501961
v -0.281738 2.807617 0.246338 0.501961 0.501961 0.501961 #0.501961
v -0.281738 2.807617 0.246338 0.501961 0.501961 0.501961 #0.501961
v -0.316162 2.864746 0.377686 0.501961 0.501961 0.501961 #0.501961
v -0.221680 2.946289 0.356689 0.501961 0.501961 0.501961 #0.501961
v -0.376221 2.726074 0.269287 0.501961 0.501961 0.501961 #0.501961
v -0.408447 2.772461 0.408447 0.501961 0.501961 0.501961 #0.501961
v -0.316162 2.864746 0.377686 0.501961 0.501961 0.501961 #0.501961
v -0.316162 2.864746 0.377686 0.501961 0.501961 0.501961 #0.501961
v -0.281738 2.807617 0.246338 0.501961 0.501961 0.501961 #0.501961
v -0.376221 2.726074 0.269287 0.501961 0.501961 0.501961 #0.501961
v -0.408447 2.772461 0.408447 0.501961 0.501961 0.501961 #0.501961
v -0.376221 2.726074 0.269287 0.501961 0.501961 0.501961 #0.501961
v -0.469238 2.636963 0.297607 0.501961 0.501961 0.501961 #0.501961
v -0.469238 2.636963 0.297607 0.501961 0.501961 0.501961 #0.501961
v -0.500488 2.677734 0.440918 0.501961 0.501961 0.501961 #0.501961
v -0.408447 2.772461 0.408447 0.501961 0.501961 0.501961 #0.501961
v -0.562256 2.546875 0.326660 0.501961 0.501961 0.501961 #0.501961
v -0.593262 2.587158 0.470215 0.501961 0.501961 0.501961 #0.501961
v -0.500488 2.677734 0.440918 0.501961 0.501961 0.501961 #0.501961
v -0.500488 2.677734 0.440918 0.501961 0.501961 0.501961 #0.501961
v -0.469238 2.636963 0.297607 0.501961 0.501961 0.501961 #0.501961
v -0.562256 2.546875 0.326660 0.501961 0.501961 0.501961 #0.501961
v -0.593262 2.587158 0.470215 0.501961 0.501961 0.501961 #0.501961
v -0.562256 2.546875 0.326660 0.501961 0.501961 0.501961 #0.501961
v -0.656006 2.462402 0.351807 0.501961 0.501961 0.501961 #0.501961
v -0.656006 2.462402 0.351807 0.501961 0.501961 0.501961 #0.501961
v -0.688232 2.507568 0.491699 0.501961 0.501961 0.501961 #0.501961
v -0.593262 2.587158 0.470215 0.501961 0.501961 0.501961 #0.501961
v -0.752197 2.388184 0.369141 0.501961 0.501961 0.501961 #0.501961
v -0.786133 2.442627 0.502441 0.501961 0.501961 0.501961 #0.501961
v -0.688232 2.507568 0.491699 0.501961 0.501961 0.501961 #0.501961
v -0.688232 2.507568 0.491699 0.501961 0.501961 0.501961 #0.501961
v -0.656006 2.462402 0.351807 0.501961 0.501961 0.501961 #0.501961
v -0.752197 2.388184 0.369141 0.501961 0.501961 0.501961 #0.501961
v -0.786133 2.442627 0.502441 0.501961 0.501961 0.501961 #0.501961
v -0.752197 2.388184 0.369141 0.501961 0.501961 0.501961 #0.501961
v -0.851318 2.329346 0.375488 0.501961 0.501961 0.501961 #0.501961
v -0.851318 2.329346 0.375488 0.501961 0.501961 0.501961 #0.501961
v -0.887695 2.396240 0.499756 0.501961 0.501961 0.501961 #0.501961
v -0.786133 2.442627 0.502441 0.501961 0.501961 0.501961 #0.501961
v -0.953857 2.288330 0.368896 0.501961 0.501961 0.501961 #0.501961
v -0.992920 2.368896 0.482910 0.501961 0.501961 0.501961 #0.501961
v -0.887695 2.396240 0.499756 0.501961 0.501961 0.501961 #0.501961
v -0.887695 2.396240 0.499756 0.501961 0.501961 0.501961 #0.501961
v -0.851318 2.329346 0.375488 0.501961 0.501961 0.501961 #0.501961
v -0.953857 2.288330 0.368896 0.501961 0.501961 0.501961 #0.501961
v -0.992920 2.368896 0.482910 0.501961 0.501961 0.501961 #0.501961
v -0.953857 2.288330 0.368896 0.501961 0.501961 0.501961 #0.501961
v -1.060547 2.266846 0.347900 0.501961 0.501961 0.501961 #0.501961
v -1.060547 2.266846 0.347900 0.501961 0.501961 0.501961 #0.501961
v -1.102295 2.360840 0.452393 0.501961 0.501961 0.501961 #0.501961
v -0.992920 2.368896 0.482910 0.501961 0.501961 0.501961 #0.501961
v -1.170654 2.263428 0.313965 0.501961 0.501961 0.501961 #0.501961
v -1.214600 2.368164 0.410645 0.501961 0.501961 0.501961 #0.501961
v -1.102295 2.360840 0.452393 0.501961 0.501961 0.501961 #0.501961
v -1.102295 2.360840 0.452393 0.501961 0.501961 0.501961 #0.501961
v -1.060547 2.266846 0.347900 0.501961 0.501961 0.501961 #0.501961
v -1.170654 2.263428 0.313965 0.501961 0.501961 0.501961 #0.501961
v -1.214600 2.368164 0.410645 0.501961 0.501961 0.501961 #0.501961
v -1.170654 2.263428 0.313965 0.501961 0.501961 0.501961 #0.501961
v -1.283936 2.276367 0.268066 0.501961 0.501961 0.501961 #0.501961
v -1.283936 2.276367 0.268066 0.501961 0.501961 0.501961 #0.501961
v -1.329346 2.387939 0.359619 0.501961 0.501961 0.501961 #0.501961
v -1.214600 2.368164 0.410645 0.501961 0.501961 0.501961 #0.501961
v -1.399658 2.300293 0.213867 0.501961 0.501961 0.501961 #0.501961
v -1.445313 2.414307 0.303955 0.501961 0.501961 0.501961 #0.501961
v -1.329346 2.387939 0.359619 0.501961 0.501961 0.501961 #0.501961
v -1.329346 2.387939 0.359619 0.501961 0.501961 0.501961 #0.501961
v -1.283936 2.276367 0.268066 0.501961 0.501961 0.501961 #0.501961
v -1.399658 2.300293 0.213867 0.501961 0.501961 0.501961 #0.501961
v -1.445313 2.414307 0.303955 0.501961 0.501961 0.501961 #0.501961
v -1.399658 2.300293 0.213867 0.501961 0.501961 0.501961 #0.501961
v -1.516602 2.330811 0.155273 0.501961 0.501961 0.501961 #0.501961
v -1.516602 2.330811 0.155273 0.501961 0.501961 0.501961 #0.501961
v -1.561523 2.441162 0.247803 0.501961 0.501961 0.501961 #0.501961
v -1.445313 2.414307 0.303955 0.501961 0.501961 0.501961 #0.501961
v -1.634033 2.364258 0.094482 0.501961 0.501961 0.501961 #0.501961
v -1.677979 2.468506 0.191406 0.501961 0.501961 0.501961 #0.501961
v -1.561523 2.441162 0.247803 0.501961 0.501961 0.501961 #0.501961
v -1.561523 2.441162 0.247803 0.501961 0.501961 0.501961 #0.501961
v -1.516602 2.330811 0.155273 0.501961 0.501961 0.501961 #0.501961
v -1.634033 2.364258 0.094482 0.501961 0.501961 0.501961 #0.501961
v 0.431152 3.044189 0.447021 0.501961 0.501961 0.501961 #0.501961
v 0.312256 3.057617 0.440918 0.501961 0.501961 0.501961 #0.501961
v 0.261719 3.198486 0.507324 0.501961 0.501961 0.501961 #0.501961
v 0.261719 3.198486 0.507324 0.501961 0.501961 0.501961 #0.501961
v 0.379639 3.188721 0.511963 0.501961 0.501961 0.501961 #0.501961
v 0.431152 3.044189 0.447021 0.501961 0.501961 0.501961 #0.501961
v 0.195801 3.066650 0.426514 0.501961 0.501961 0.501961 #0.501961
v 0.146729 3.200684 0.497070 0.501961 0.501961 0.501961 #0.501961
v 0.261719 3.198486 0.507324 0.501961 0.501961 0.501961 #0.501961
v 0.261719 3.198486 0.507324 0.501961 0.501961 0.501961 #0.501961
v 0.312256 3.057617 0.440918 0.501961 0.501961 0.501961 #0.501961
v 0.195801 3.066650 0.426514 0.501961 0.501961 0.501961 #0.501961
v 0.146729 3.200684 0.497070 0.501961 0.501961 0.501961 #0.501961
v 0.195801 3.066650 0.426514 0.501961 0.501961 0.501961 #0.501961
v 0.084229 3.066895 0.395996 0.501961 0.501961 0.501961 #0.501961
v 0.084229 3.066895 0.395996 0.501961 0.501961 0.501961 #0.501961
v 0.037598 3.187500 0.476074 0.501961 0.501961 0.501961 #0.501961
v 0.146729 3.200684 0.497070 0.501961 0.501961 0.501961 #0.501961
v -0.022461 3.050293 0.365967 0.501961 0.501961 0.501961 #0.501961
v -0.065430 3.153564 0.459229 0.501961 0.501961 0.501961 #0.501961
v 0.037598 3.187500 0.476074 0.501961 0.501961 0.501961 #0.501961
v 0.037598 3.187500 0.476074 0.501961 0.501961 0.501961 #0.501961
v 0.084229 3.066895 0.395996 0.501961 0.501961 0.501961 #0.501961
v -0.022461 3.050293 0.365967 0.501961 0.501961 0.501961 #0.501961
v -0.065430 3.153564 0.459229 0.501961 0.501961 0.501961 #0.501961
v -0.022461 3.050293 0.365967 0.501961 0.501961 0.501961 #0.501961
v -0.124268 3.009277 0.352783 0.501961 0.501961 0.501961 #0.501961
v -0.124268 3.009277 0.352783 0.501961 0.501961 0.501961 #0.501961
v -0.163574 3.092773 0.462158 0.501961 0.501961 0.501961 #0.501961
v -0.065430 3.153564 0.459229 0.501961 0.501961 0.501961 #0.501961
v -0.221680 2.946289 0.356689 0.501961 0.501961 0.501961 #0.501961
v -0.257568 3.010986 0.481689 0.501961 0.501961 0.501961 #0.501961
v -0.163574 3.092773 0.462158 0.501961 0.501961 0.501961 #0.501961
v -0.163574 3.092773 0.462158 0.501961 0.501961 0.501961 #0.501961
v -0.124268 3.009277 0.352783 0.501961 0.501961 0.501961 #0.501961
v -0.221680 2.946289 0.356689 0.501961 0.501961 0.501961 #0.501961
v -0.257568 3.010986 0.481689 0.501961 0.501961 0.501961 #0.501961
v -0.221680 2.946289 0.356689 0.501961 0.501961 0.501961 #0.501961
v -0.316162 2.864746 0.377686 0.501961 0.501961 0.501961 #0.501961
v -0.316162 2.864746 0.377686 0.501961 0.501961 0.501961 #0.501961
v -0.349121 2.914551 0.514404 0.501961 0.501961 0.501961 #0.501961
v -0.257568 3.010986 0.481689 0.501961 0.501961 0.501961 #0.501961
v -0.408447 2.772461 0.408447 0.501961 0.501961 0.501961 #0.501961
v -0.439453 2.812256 0.552246 0.501961 0.501961 0.501961 #0.501961
v -0.349121 2.914551 0.514404 0.501961 0.501961 0.501961 #0.501961
v -0.349121 2.914551 0.514404 0.501961 0.501961 0.501961 #0.501961
v -0.316162 2.864746 0.377686 0.501961 0.501961 0.501961 #0.501961
v -0.408447 2.772461 0.408447 0.501961 0.501961 0.501961 #0.501961
v -0.439453 2.812256 0.552246 0.501961 0.501961 0.501961 #0.501961
v -0.408447 2.772461 0.408447 0.501961 0.501961 0.501961 #0.501961
v -0.500488 2.677734 0.440918 0.501961 0.501961 0.501961 #0.501961
v -0.500488 2.677734 0.440918 0.501961 0.501961 0.501961 #0.501961
v -0.530518 2.713379 0.587891 0.501961 0.501961 0.501961 #0.501961
v -0.439453 2.812256 0.552246 0.501961 0.501961 0.501961 #0.501961
v -0.593262 2.587158 0.470215 0.501961 0.501961 0.501961 #0.501961
v -0.623535 2.624268 0.616211 0.501961 0.501961 0.501961 #0.501961
v -0.530518 2.713379 0.587891 0.501961 0.501961 0.501961 #0.501961
v -0.530518 2.713379 0.587891 0.501961 0.501961 0.501961 #0.501961
v -0.500488 2.677734 0.440918 0.501961 0.501961 0.501961 #0.501961
v -0.593262 2.587158 0.470215 0.501961 0.501961 0.501961 #0.501961
v -0.623535 2.624268 0.616211 0.501961 0.501961 0.501961 #0.501961
v -0.593262 2.587158 0.470215 0.501961 0.501961 0.501961 #0.501961
v -0.688232 2.507568 0.491699 0.501961 0.501961 0.501961 #0.501961
v -0.688232 2.507568 0.491699 0.501961 0.501961 0.501961 #0.501961
v -0.719971 2.551514 0.632568 0.501961 0.501961 0.501961 #0.501961
v -0.623535 2.624268 0.616211 0.501961 0.501961 0.501961 #0.501961
v -0.786133 2.442627 0.502441 0.501961 0.501961 0.501961 #0.501961
v -0.820068 2.497559 0.635498 0.501961 0.501961 0.501961 #0.501961
v -0.719971 2.551514 0.632568 0.501961 0.501961 0.501961 #0.501961
v -0.719971 2.551514 0.632568 0.501961 0.501961 0.501961 #0.501961
v -0.688232 2.507568 0.491699 0.501961 0.501961 0.501961 #0.501961
v -0.786133 2.442627 0.502441 0.501961 0.501961 0.501961 #0.501961
v -0.820068 2.497559 0.635498 0.501961 0.501961 0.501961 #0.501961
v -0.786133 2.442627 0.502441 0.501961 0.501961 0.501961 #0.501961
v -0.887695 2.396240 0.499756 0.501961 0.501961 0.501961 #0.501961
v -0.887695 2.396240 0.499756 0.501961 0.501961 0.501961 #0.501961
v -0.924316 2.465088 0.622559 0.501961 0.501961 0.501961 #0.501961
v -0.820068 2.497559 0.635498 0.501961 0.501961 0.501961 #0.501961
v -0.992920 2.368896 0.482910 0.501961 0.501961 0.501961 #0.501961
v -1.032471 2.451904 0.595703 0.501961 0.501961 0.501961 #0.501961
v -0.924316 2.465088 0.622559 0.501961 0.501961 0.501961 #0.501961
v -0.924316 2.465088 0.622559 0.501961 0.501961 0.501961 #0.501961
v -0.887695 2.396240 0.499756 0.501961 0.501961 0.501961 #0.501961
v -0.992920 2.368896 0.482910 0.501961 0.501961 0.501961 #0.501961
v -1.032471 2.451904 0.595703 0.501961 0.501961 0.501961 #0.501961
v -0.992920 2.368896 0.482910 0.501961 0.501961 0.501961 #0.501961
v -1.102295 2.360840 0.452393 0.501961 0.501961 0.501961 #0.501961
v -1.102295 2.360840 0.452393 0.501961 0.501961 0.501961 #0.501961
v -1.144287 2.456543 0.555664 0.501961 0.501961 0.501961 #0.501961
v -1.032471 2.451904 0.595703 0.501961 0.501961 0.501961 #0.501961
v -1.214600 2.368164 0.410645 0.501961 0.501961 0.501961 #0.501961
v -1.258789 2.474121 0.506348 0.501961 0.501961 0.501961 #0.501961
v -1.144287 2.456543 0.555664 0.501961 0.501961 0.501961 #0.501961
v -1.144287 2.456543 0.555664 0.501961 0.501961 0.501961 #0.501961
v -1.102295 2.360840 0.452393 0.501961 0.501961 0.501961 #0.501961
v -1.214600 2.368164 0.410645 0.501961 0.501961 0.501961 #0.501961
v -1.258789 2.474121 0.506348 0.501961 0.501961 0.501961 #0.501961
v -1.214600 2.368164 0.410645 0.501961 0.501961 0.501961 #0.501961
v -1.329346 2.387939 0.359619 0.501961 0.501961 0.501961 #0.501961
v -1.329346 2.387939 0.359619 0.501961 0.501961 0.501961 #0.501961
v -1.374512 2.499268 0.451660 0.501961 0.501961 0.501961 #0.501961
v -1.258789 2.474121 0.506348 0.501961 0.501961 0.501961 #0.501961
v -1.445313 2.414307 0.303955 0.501961 0.501961 0.501961 #0.501961
v -1.490723 2.526123 0.395508 0.501961 0.501961 0.501961 #0.501961
v -1.374512 2.499268 0.451660 0.501961 0.501961 0.501961 #0.501961
v -1.374512 2.499268 0.451660 0.501961 0.501961 0.501961 #0.501961
v -1.329346 2.387939 0.359619 0.501961 0.501961 0.501961 #0.501961
v -1.445313 2.414307 0.303955 0.501961 0.501961 0.501961 #0.501961
v -1.490723 2.526123 0.395508 0.501961 0.501961 0.501961 #0.501961
v -1.445313 2.414307 0.303955 0.501961 0.501961 0.501961 #0.501961
v -1.561523 2.441162 0.247803 0.501961 0.501961 0.501961 #0.501961
v -1.561523 2.441162 0.247803 0.501961 0.501961 0.501961 #0.501961
v -1.605957 2.548584 0.342773 0.501961 0.501961 0.501961 #0.501961
v -1.490723 2.526123 0.395508 0.501961 0.501961 0.501961 #0.501961
v -1.677979 2.468506 0.191406 0.501961 0.501961 0.501961 #0.501961
v -1.720947 2.568604 0.291748 0.501961 0.501961 0.501961 #0.501961
v -1.605957 2.548584 0.342773 0.501961 0.501961 0.501961 #0.501961
v -1.605957 2.548584 0.342773 0.501961 0.501961 0.501961 #0.501961
v -1.561523 2.441162 0.247803 0.501961 0.501961 0.501961 #0.501961
v -1.677979 2.468506 0.191406 0.501961 0.501961 0.501961 #0.501961
v 0.379639 3.188721 0.511963 0.501961 0.501961 0.501961 #0.501961
v 0.261719 3.198486 0.507324 0.501961 0.501961 0.501961 #0.501961
v 0.209717 3.343018 0.575195 0.501961 0.501961 0.501961 #0.501961
v 0.209717 3.343018 0.575195 0.501961 0.501961 0.501961 #0.501961
v 0.325928 3.339844 0.579834 0.501961 0.501961 0.501961 #0.501961
v 0.379639 3.188721 0.511963 0.501961 0.501961 0.501961 #0.501961
v 0.146729 3.200684 0.497070 0.501961 0.501961 0.501961 #0.501961
v 0.097412 3.335449 0.567871 0.501961 0.501961 0.501961 #0.501961
v 0.209717 3.343018 0.575195 0.501961 0.501961 0.501961 #0.501961
v 0.209717 3.343018 0.575195 0.501961 0.501961 0.501961 #0.501961
v 0.261719 3.198486 0.507324 0.501961 0.501961 0.501961 #0.501961
v 0.146729 3.200684 0.497070 0.501961 0.501961 0.501961 #0.501961
v 0.097412 3.335449 0.567871 0.501961 0.501961 0.501961 #0.501961
v 0.146729 3.200684 0.497070 0.501961 0.501961 0.501961 #0.501961
v 0.037598 3.187500 0.476074 0.501961 0.501961 0.501961 #0.501961
v 0.037598 3.187500 0.476074 0.501961 0.501961 0.501961 #0.501961
v -0.007813 3.306396 0.555908 0.501961 0.501961 0.501961 #0.501961
v 0.097412 3.335449 0.567871 0.501961 0.501961 0.501961 #0.501961
v -0.065430 3.153564 0.459229 0.501961 0.501961 0.501961 #0.501961
v -0.107178 3.251953 0.553711 0.501961 0.501961 0.501961 #0.501961
v -0.007813 3.306396 0.555908 0.501961 0.501961 0.501961 #0.501961
v -0.007813 3.306396 0.555908 0.501961 0.501961 0.501961 #0.501961
v 0.037598 3.187500 0.476074 0.501961 0.501961 0.501961 #0.501961
v -0.065430 3.153564 0.459229 0.501961 0.501961 0.501961 #0.501961
v -0.107178 3.251953 0.553711 0.501961 0.501961 0.501961 #0.501961
v -0.065430 3.153564 0.459229 0.501961 0.501961 0.501961 #0.501961
v -0.163574 3.092773 0.462158 0.501961 0.501961 0.501961 #0.501961
v -0.163574 3.092773 0.462158 0.501961 0.501961 0.501961 #0.501961
v -0.201172 3.168457 0.575684 0.501961 0.501961 0.501961 #0.501961
v -0.107178 3.251953 0.553711 0.501961 0.501961 0.501961 #0.501961
v -0.257568 3.010986 0.481689 0.501961 0.501961 0.501961 #0.501961
v -0.291504 3.066162 0.613281 0.501961 0.501961 0.501961 #0.501961
v -0.201172 3.168457 0.575684 0.501961 0.501961 0.501961 #0.501961
v -0.201172 3.168457 0.575684 0.501961 0.501961 0.501961 #0.501961
v -0.163574 3.092773 0.462158 0.501961 0.501961 0.501961 #0.501961
v -0.257568 3.010986 0.481689 0.501961 0.501961 0.501961 #0.501961
v -0.291504 3.066162 0.613281 0.501961 0.501961 0.501961 #0.501961
v -0.257568 3.010986 0.481689 0.501961 0.501961 0.501961 #0.501961
v -0.349121 2.914551 0.514404 0.501961 0.501961 0.501961 #0.501961
v -0.349121 2.914551 0.514404 0.501961 0.501961 0.501961 #0.501961
v -0.380127 2.954590 0.657959 0.501961 0.501961 0.501961 #0.501961
v -0.291504 3.066162 0.613281 0.501961 0.501961 0.501961 #0.501961
v -0.439453 2.812256 0.552246 0.501961 0.501961 0.501961 #0.501961
v -0.468750 2.843750 0.702393 0.501961 0.501961 0.501961 #0.501961
v -0.380127 2.954590 0.657959 0.501961 0.501961 0.501961 #0.501961
v -0.380127 2.954590 0.657959 0.501961 0.501961 0.501961 #0.501961
v -0.349121 2.914551 0.514404 0.501961 0.501961 0.501961 #0.501961
v -0.439453 2.812256 0.552246 0.501961 0.501961 0.501961 #0.501961
v -0.468750 2.843750 0.702393 0.501961 0.501961 0.501961 #0.501961
v -0.439453 2.812256 0.552246 0.501961 0.501961 0.501961 #0.501961
v -0.530518 2.713379 0.587891 0.501961 0.501961 0.501961 #0.501961
v -0.530518 2.713379 0.587891 0.501961 0.501961 0.501961 #0.501961
v -0.559570 2.742920 0.739258 0.501961 0.501961 0.501961 #0.501961
v -0.468750 2.843750 0.702393 0.501961 0.501961 0.501961 #0.501961
v -0.623535 2.624268 0.616211 0.501961 0.501961 0.501961 #0.501961
v -0.653320 2.657715 0.764648 0.501961 0.501961 0.501961 #0.501961
v -0.559570 2.742920 0.739258 0.501961 0.501961 0.501961 #0.501961
v -0.559570 2.742920 0.739258 0.501961 0.501961 0.501961 #0.501961
v -0.530518 2.713379 0.587891 0.501961 0.501961 0.501961 #0.501961
v -0.623535 2.624268 0.616211 0.501961 0.501961 0.501961 #0.501961
v -0.653320 2.657715 0.764648 0.501961 0.501961 0.501961 #0.501961
v -0.623535 2.624268 0.616211 0.501961 0.501961 0.501961 #0.501961
v -0.719971 2.551514 0.632568 0.501961 0.501961 0.501961 #0.501961
v -0.719971 2.551514 0.632568 0.501961 0.501961 0.501961 #0.501961
v -0.751709 2.594482 0.774170 0.501961 0.501961 0.501961 #0.501961
v -0.653320 2.657715 0.764648 0.501961 0.501961 0.501961 #0.501961
v -0.820068 2.497559 0.635498 0.501961 0.501961 0.501961 #0.501961
v -0.854248 2.553955 0.767334 0.501961 0.501961 0.501961 #0.501961
v -0.751709 2.594482 0.774170 0.501961 0.501961 0.501961 #0.501961
v -0.751709 2.594482 0.774170 0.501961 0.501961 0.501961 #0.501961
v -0.719971 2.551514 0.632568 0.501961 0.501961 0.501961 #0.501961
v -0.820068 2.497559 0.635498 0.501961 0.501961 0.501961 #0.501961
v -0.854248 2.553955 0.767334 0.501961 0.501961 0.501961 #0.501961
v -0.820068 2.497559 0.635498 0.501961 0.501961 0.501961 #0.501961
v -0.924316 2.465088 0.622559 0.501961 0.501961 0.501961 #0.501961
v -0.924316 2.465088 0.622559 0.501961 0.501961 0.501961 #0.501961
v -0.961670 2.536377 0.743652 0.501961 0.501961 0.501961 #0.501961
v -0.854248 2.553955 0.767334 0.501961 0.501961 0.501961 #0.501961
v -1.032471 2.451904 0.595703 0.501961 0.501961 0.501961 #0.501961
v -1.072754 2.538330 0.705566 0.501961 0.501961 0.501961 #0.501961
v -0.961670 2.536377 0.743652 0.501961 0.501961 0.501961 #0.501961
v -0.961670 2.536377 0.743652 0.501961 0.501961 0.501961 #0.501961
v -0.924316 2.465088 0.622559 0.501961 0.501961 0.501961 #0.501961
v -1.032471 2.451904 0.595703 0.501961 0.501961 0.501961 #0.501961
v -1.072754 2.538330 0.705566 0.501961 0.501961 0.501961 #0.501961
v -1.032471 2.451904 0.595703 0.501961 0.501961 0.501961 #0.501961
v -1.144287 2.456543 0.555664 0.501961 0.501961 0.501961 #0.501961
v -1.144287 2.456543 0.555664 0.501961 0.501961 0.501961 #0.501961
v -1.187256 2.555908 0.656250 0.501961 0.501961 0.501961 #0.501961
v -1.072754 2.538330 0.705566 0.501961 0.501961 0.501961 #0.501961
v -1.258789 2.474121 0.506348 0.501961 0.501961 0.501961 #0.501961
v -1.303467 2.582520 0.600342 0.501961 0.501961 0.501961 #0.501961
v -1.187256 2.555908 0.656250 0.501961 0.501961 0.501961 #0.501961
v -1.187256 2.555908 0.656250 0.501961 0.501961 0.501961 #0.501961
v -1.144287 2.456543 0.555664 0.501961 0.501961 0.501961 #0.501961
v -1.258789 2.474121 0.506348 0.501961 0.501961 0.501961 #0.501961
v -1.303467 2.582520 0.600342 0.501961 0.501961 0.501961 #0.501961
v -1.258789 2.474121 0.506348 0.501961 0.501961 0.501961 #0.501961
v -1.374512 2.499268 0.451660 0.501961 0.501961 0.501961 #0.501961
v -1.374512 2.499268 0.451660 0.501961 0.501961 0.501961 #0.501961
v -1.420166 2.612061 0.542480 0.501961 0.501961 0.501961 #0.501961
v -1.303467 2.582520 0.600342 0.501961 0.501961 0.501961 #0.501961
v -1.490723 2.526123 0.395508 0.501961 0.501961 0.501961 #0.501961
v -1.536133 2.638184 0.486816 0.501961 0.501961 0.501961 #0.501961
v -1.420166 2.612061 0.542480 0.501961 0.501961 0.501961 #0.501961
v -1.420166 2.612061 0.542480 0.501961 0.501961 0.501961 #0.501961
v -1.374512 2.499268 0.451660 0.501961 0.501961 0.501961 #0.501961
v -1.490723 2.526123 0.395508 0.501961 0.501961 0.501961 #0.501961
v -1.536133 2.638184 0.486816 0.501961 0.501961 0.501961 #0.501961
v -1.490723 2.526123 0.395508 0.501961 0.501961 0.501961 #0.501961
v -1.605957 2.548584 0.342773 0.501961 0.501961 0.501961 #0.501961
v -1.605957 2.548584 0.342773 0.501961 0.501961 0.501961 #0.501961
v -1.650146 2.654541 0.438477 0.501961 0.501961 0.501961 #0.501961
v -1.536133 2.638184 0.486816 0.501961 0.501961 0.501961 #0.501961
v -1.720947 2.568604 0.291748 0.501961 0.501961 0.501961 #0.501961
v -1.763184 2.665771 0.393799 0.501961 0.501961 0.501961 #0.501961
v -1.650146 2.654541 0.438477 0.501961 0.501961 0.501961 #0.501961
v -1.650146 2.654541 0.438477 0.501961 0.501961 0.501961 #0.501961
v -1.605957 2.548584 0.342773 0.501961 0.501961 0.501961 #0.501961
v -1.720947 2.568604 0.291748 0.501961 0.501961 0.501961 #0.501961
v 0.325928 3.339844 0.579834 0.501961 0.501961 0.501961 #0.501961
v 0.209717 3.343018 0.575195 0.501961 0.501961 0.501961 #0.501961
v 0.157227 3.489746 0.644043 0.501961 0.501961 0.501961 #0.501961
v 0.157227 3.489746 0.644043 0.501961 0.501961 0.501961 #0.501961
v 0.270264 3.495850 0.650146 0.501961 0.501961 0.501961 #0.501961
v 0.325928 3.339844 0.579834 0.501961 0.501961 0.501961 #0.501961
v 0.097412 3.335449 0.567871 0.501961 0.501961 0.501961 #0.501961
v 0.048096 3.469482 0.639160 0.501961 0.501961 0.501961 #0.501961
v 0.157227 3.489746 0.644043 0.501961 0.501961 0.501961 #0.501961
v 0.157227 3.489746 0.644043 0.501961 0.501961 0.501961 #0.501961
v 0.209717 3.343018 0.575195 0.501961 0.501961 0.501961 #0.501961
v 0.097412 3.335449 0.567871 0.501961 0.501961 0.501961 #0.501961
v 0.048096 3.469482 0.639160 0.501961 0.501961 0.501961 #0.501961
v 0.097412 3.335449 0.567871 0.501961 0.501961 0.501961 #0.501961
v -0.007813 3.306396 0.555908 0.501961 0.501961 0.501961 #0.501961
v -0.007813 3.306396 0.555908 0.501961 0.501961 0.501961 #0.501961
v -0.052734 3.421143 0.636475 0.501961 0.501961 0.501961 #0.501961
v 0.048096 3.469482 0.639160 0.501961 0.501961 0.501961 #0.501961
v -0.107178 3.251953 0.553711 0.501961 0.501961 0.501961 #0.501961
v -0.147217 3.343262 0.650391 0.501961 0.501961 0.501961 #0.501961
v -0.052734 3.421143 0.636475 0.501961 0.501961 0.501961 #0.501961
v -0.052734 3.421143 0.636475 0.501961 0.501961 0.501961 #0.501961
v -0.007813 3.306396 0.555908 0.501961 0.501961 0.501961 #0.501961
v -0.107178 3.251953 0.553711 0.501961 0.501961 0.501961 #0.501961
v -0.147217 3.343262 0.650391 0.501961 0.501961 0.501961 #0.501961
v -0.107178 3.251953 0.553711 0.501961 0.501961 0.501961 #0.501961
v -0.201172 3.168457 0.575684 0.501961 0.501961 0.501961 #0.501961
v -0.201172 3.168457 0.575684 0.501961 0.501961 0.501961 #0.501961
v -0.236572 3.234619 0.694580 0.501961 0.501961 0.501961 #0.501961
v -0.147217 3.343262 0.650391 0.501961 0.501961 0.501961 #0.501961
v -0.291504 3.066162 0.613281 0.501961 0.501961 0.501961 #0.501961
v -0.322998 3.109863 0.753174 0.501961 0.501961 0.501961 #0.501961
v -0.236572 3.234619 0.694580 0.501961 0.501961 0.501961 #0.501961
v -0.236572 3.234619 0.694580 0.501961 0.501961 0.501961 #0.501961
v -0.201172 3.168457 0.575684 0.501961 0.501961 0.501961 #0.501961
v -0.291504 3.066162 0.613281 0.501961 0.501961 0.501961 #0.501961
v -0.322998 3.109863 0.753174 0.501961 0.501961 0.501961 #0.501961
v -0.291504 3.066162 0.613281 0.501961 0.501961 0.501961 #0.501961
v -0.380127 2.954590 0.657959 0.501961 0.501961 0.501961 #0.501961
v -0.380127 2.954590 0.657959 0.501961 0.501961 0.501961 #0.501961
v -0.408936 2.984131 0.809570 0.501961 0.501961 0.501961 #0.501961
v -0.322998 3.109863 0.753174 0.501961 0.501961 0.501961 #0.501961
v -0.468750 2.843750 0.702393 0.501961 0.501961 0.501961 #0.501961
v -0.496338 2.866699 0.858643 0.501961 0.501961 0.501961 #0.501961
v -0.408936 2.984131 0.809570 0.501961 0.501961 0.501961 #0.501961
v -0.408936 2.984131 0.809570 0.501961 0.501961 0.501961 #0.501961
v -0.380127 2.954590 0.657959 0.501961 0.501961 0.501961 #0.501961
v -0.468750 2.843750 0.702393 0.501961 0.501961 0.501961 #0.501961
v -0.496338 2.866699 0.858643 0.501961 0.501961 0.501961 #0.501961
v -0.468750 2.843750 0.702393 0.501961 0.501961 0.501961 #0.501961
v -0.559570 2.742920 0.739258 0.501961 0.501961 0.501961 #0.501961
v -0.559570 2.742920 0.739258 0.501961 0.501961 0.501961 #0.501961
v -0.587158 2.766357 0.895264 0.501961 0.501961 0.501961 #0.501961
v -0.496338 2.866699 0.858643 0.501961 0.501961 0.501961 #0.501961
v -0.653320 2.657715 0.764648 0.501961 0.501961 0.501961 #0.501961
v -0.682373 2.688477 0.915527 0.501961 0.501961 0.501961 #0.501961
v -0.587158 2.766357 0.895264 0.501961 0.501961 0.501961 #0.501961
v -0.587158 2.766357 0.895264 0.501961 0.501961 0.501961 #0.501961
v -0.559570 2.742920 0.739258 0.501961 0.501961 0.501961 #0.501961
v -0.653320 2.657715 0.764648 0.501961 0.501961 0.501961 #0.501961
v -0.682373 2.688477 0.915527 0.501961 0.501961 0.501961 #0.501961
v -0.653320 2.657715 0.764648 0.501961 0.501961 0.501961 #0.501961
v -0.751709 2.594482 0.774170 0.501961 0.501961 0.501961 #0.501961
v -0.751709 2.594482 0.774170 0.501961 0.501961 0.501961 #0.501961
v -0.783203 2.637451 0.916016 0.501961 0.501961 0.501961 #0.501961
v -0.682373 2.688477 0.915527 0.501961 0.501961 0.501961 #0.501961
v -0.854248 2.553955 0.767334 0.501961 0.501961 0.501961 #0.501961
v -0.888916 2.612305 0.897705 0.501961 0.501961 0.501961 #0.501961
v -0.783203 2.637451 0.916016 0.501961 0.501961 0.501961 #0.501961
v -0.783203 2.637451 0.916016 0.501961 0.501961 0.501961 #0.501961
v -0.751709 2.594482 0.774170 0.501961 0.501961 0.501961 #0.501961
v -0.854248 2.553955 0.767334 0.501961 0.501961 0.501961 #0.501961
v -0.888916 2.612305 0.897705 0.501961 0.501961 0.501961 #0.501961
v -0.854248 2.553955 0.767334 0.501961 0.501961 0.501961 #0.501961
v -0.961670 2.536377 0.743652 0.501961 0.501961 0.501961 #0.501961
v -0.961670 2.536377 0.743652 0.501961 0.501961 0.501961 #0.501961
v -0.999756 2.611572 0.861816 0.501961 0.501961 0.501961 #0.501961
v -0.888916 2.612305 0.897705 0.501961 0.501961 0.501961 #0.501961
v -1.072754 2.538330 0.705566 0.501961 0.501961 0.501961 #0.501961
v -1.114014 2.629395 0.812256 0.501961 0.501961 0.501961 #0.501961
v -0.999756 2.611572 0.861816 0.501961 0.501961 0.501961 #0.501961
v -0.999756 2.611572 0.861816 0.501961 0.501961 0.501961 #0.501961
v -0.961670 2.536377 0.743652 0.501961 0.501961 0.501961 #0.501961
v -1.072754 2.538330 0.705566 0.501961 0.501961 0.501961 #0.501961
v -1.114014 2.629395 0.812256 0.501961 0.501961 0.501961 #0.501961
v -1.072754 2.538330 0.705566 0.501961 0.501961 0.501961 #0.501961
v -1.187256 2.555908 0.656250 0.501961 0.501961 0.501961 #0.501961
v -1.187256 2.555908 0.656250 0.501961 0.501961 0.501961 #0.501961
v -1.230957 2.659668 0.753662 0.501961 0.501961 0.501961 #0.501961
v -1.114014 2.629395 0.812256 0.501961 0.501961 0.501961 #0.501961
v -1.303467 2.582520 0.600342 0.501961 0.501961 0.501961 #0.501961
v -1.348877 2.695068 0.691406 0.501961 0.501961 0.501961 #0.501961
v -1.230957 2.659668 0.753662 0.501961 0.501961 0.501961 #0.501961
v -1.230957 2.659668 0.753662 0.501961 0.501961 0.501961 #0.501961
v -1.187256 2.555908 0.656250 0.501961 0.501961 0.501961 #0.501961
v -1.303467 2.582520 0.600342 0.501961 0.501961 0.501961 #0.501961
v -1.348877 2.695068 0.691406 0.501961 0.501961 0.501961 #0.501961
v -1.303467 2.582520 0.600342 0.501961 0.501961 0.501961 #0.501961
v -1.420166 2.612061 0.542480 0.501961 0.501961 0.501961 #0.501961
v -1.420166 2.612061 0.542480 0.501961 0.501961 0.501961 #0.501961
v -1.466064 2.727539 0.631348 0.501961 0.501961 0.501961 #0.501961
v -1.348877 2.695068 0.691406 0.501961 0.501961 0.501961 #0.501961
v -1.536133 2.638184 0.486816 0.501961 0.501961 0.501961 #0.501961
v -1.581787 2.751465 0.577393 0.501961 0.501961 0.501961 #0.501961
v -1.466064 2.727539 0.631348 0.501961 0.501961 0.501961 #0.501961
v -1.466064 2.727539 0.631348 0.501961 0.501961 0.501961 #0.501961
v -1.420166 2.612061 0.542480 0.501961 0.501961 0.501961 #0.501961
v -1.536133 2.638184 0.486816 0.501961 0.501961 0.501961 #0.501961
v -1.581787 2.751465 0.577393 0.501961 0.501961 0.501961 #0.501961
v -1.536133 2.638184 0.486816 0.501961 0.501961 0.501961 #0.501961
v -1.650146 2.654541 0.438477 0.501961 0.501961 0.501961 #0.501961
v -1.650146 2.654541 0.438477 0.501961 0.501961 0.501961 #0.501961
v -1.694336 2.760254 0.534424 0.501961 0.501961 0.501961 #0.501961
v -1.581787 2.751465 0.577393 0.501961 0.501961 0.501961 #0.501961
v -1.763184 2.665771 0.393799 0.501961 0.501961 0.501961 #0.501961
v -1.805420 2.761719 0.496826 0.501961 0.501961 0.501961 #0.501961
v -1.694336 2.760254 0.534424 0.501961 0.501961 0.501961 #0.501961
v -1.694336 2.760254 0.534424 0.501961 0.501961 0.501961 #0.501961
v -1.650146 2.654541 0.438477 0.501961 0.501961 0.501961 #0.501961
v -1.763184 2.665771 0.393799 0.501961 0.501961 0.501961 #0.501961
vt 0.008301 0.988770 0.000000
vt 0.010254 0.989502 0.000000
vt 0.009033 0.990234 0.000000
vt 0.009033 0.990234 0.000000
vt 0.007813 0.990723 0.000000
vt 0.008301 0.988770 0.000000
vt 0.008301 0.988770 0.000000
vt 0.010254 0.989502 0.000000
vt 0.010254 0.989502 0.000000
vt 0.010254 0.989502 0.000000
vt 0.008301 0.988770 0.000000
vt 0.008301 0.988770 0.000000
vt 0.007813 0.990723 0.000000
vt 0.008301 0.988770 0.000000
vt 0.008301 0.988770 0.000000
vt 0.008301 0.988770 0.000000
vt 0.007813 0.990723 0.000000
vt 0.007813 0.990723 0.000000
vt 0.009766 0.991455 0.000000
vt 0.007813 0.990723 0.000000
vt 0.007813 0.990723 0.000000
vt 0.007813 0.990723 0.000000
vt 0.009766 0.991455 0.000000
vt 0.009766 0.991455 0.000000
vt 0.010254 0.989502 0.000000
vt 0.009766 0.991455 0.000000
vt 0.009766 0.991455 0.000000
vt 0.009766 0.991455 0.000000
vt 0.010254 0.989502 0.000000
vt 0.010254 0.989502 0.000000
vt 0.008545 0.989258 0.000000
vt 0.009766 0.989746 0.000000
vt 0.010254 0.989502 0.000000
vt 0.010254 0.989502 0.000000
vt 0.008301 0.988770 0.000000
vt 0.008545 0.989258 0.000000
vt 0.008301 0.990479 0.000000
vt 0.008545 0.989258 0.000000
vt 0.008301 0.988770 0.000000
vt 0.008301 0.988770 0.000000
vt 0.007813 0.990723 0.000000
vt 0.008301 0.990479 0.000000
vt 0.009521 0.990967 0.000000
vt 0.008301 0.990479 0.000000
vt 0.007813 0.990723 0.000000
vt 0.007813 0.990723 0.000000
vt 0.009766 0.991455 0.000000
vt 0.009521 0.990967 0.000000
vt 0.009766 0.989746 0.000000
vt 0.009521 0.990967 0.000000
vt 0.009766 0.991455 0.000000
vt 0.009766 0.991455 0.000000
vt 0.010254 0.989502 0.000000
vt 0.009766 0.989746 0.000000
vt 0.008301 0.988770 0.000000
vt 0.010254 0.989502 0.000000
vt 0.009766 0.989746 0.000000
vt 0.009766 0.989746 0.000000
vt 0.008545 0.989258 0.000000
vt 0.008301 0.988770 0.000000
vt 0.007813 0.990723 0.000000
vt 0.008301 0.988770 0.000000
vt 0.008545 0.989258 0.000000
vt 0.008545 0.989258 0.000000
vt 0.008301 0.990479 0.000000
vt 0.007813 0.990723 0.000000
vt 0.009766 0.991455 0.000000
vt 0.007813 0.990723 0.000000
vt 0.008301 0.990479 0.000000
vt 0.008301 0.990479 0.000000
vt 0.009521 0.990967 0.000000
vt 0.009766 0.991455 0.000000
vt 0.010254 0.989502 0.000000
vt 0.009766 0.991455 0.000000
vt 0.009521 0.990967 0.000000
vt 0.009521 0.990967 0.000000
vt 0.009766 0.989746 0.000000
vt 0.010254 0.989502 0.000000
vt 0.008301 0.988770 0.000000
vt 0.010254 0.989502 0.000000
vt 0.010254 0.989502 0.000000
vt 0.010254 0.989502 0.000000
vt 0.008301 0.988770 0.000000
vt 0.008301 0.988770 0.000000
vt 0.007813 0.990723 0.000000
vt 0.008301 0.988770 0.000000
vt 0.008301 0.988770 0.000000
vt 0.008301 0.988770 0.000000
vt 0.007813 0.990723 0.000000
vt 0.007813 0.990723 0.000000
vt 0.009766 0.991455 0.000000
vt 0.007813 0.990723 0.000000
vt 0.007813 0.990723 0.000000
vt 0.007813 0.990723 0.000000
vt 0.009766 0.991455 0.000000
vt 0.009766 0.991455 0.000000
vt 0.010254 0.989502 0.000000
vt 0.009766 0.991455 0.000000
vt 0.009766 0.991455 0.000000
vt 0.009766 0.991455 0.000000
vt 0.010254 0.989502 0.000000
vt 0.010254 0.989502 0.000000
vt 0.009033 0.990234 0.000000
vt 0.010254 0.989502 0.000000
vt 0.008301 0.988770 0.000000
vt 0.009033 0.990234 0.000000
vt 0.008301 0.988770 0.000000
vt 0.007813 0.990723 0.000000
vt 0.009033 0.990234 0.000000
vt 0.007813 0.990723 0.000000
vt 0.009766 0.991455 0.000000
vt 0.009033 0.990234 0.000000
vt 0.009766 0.991455 0.000000
vt 0.010254 0.989502 0.000000
vt 0.014648 0.839355 0.000000
vt 0.063232 0.839355 0.000000
vt 0.063232 0.771973 0.000000
vt 0.063232 0.771973 0.000000
vt 0.014648 0.771973 0.000000
vt 0.014648 0.839355 0.000000
vt 0.111816 0.839355 0.000000
vt 0.111816 0.771973 0.000000
vt 0.063232 0.771973 0.000000
vt 0.063232 0.771973 0.000000
vt 0.063232 0.839355 0.000000
vt 0.111816 0.839355 0.000000
vt 0.111816 0.771973 0.000000
vt 0.111816 0.839355 0.000000
vt 0.160156 0.839355 0.000000
vt 0.160156 0.839355 0.000000
vt 0.160156 0.771973 0.000000
vt 0.111816 0.771973 0.000000
vt 0.208740 0.839355 0.000000
vt 0.208740 0.771973 0.000000
vt 0.160156 0.771973 0.000000
vt 0.160156 0.771973 0.000000
vt 0.160156 0.839355 0.000000
vt 0.208740 0.839355 0.000000
vt 0.208740 0.771973 0.000000
vt 0.208740 0.839355 0.000000
vt 0.257324 0.839355 0.000000
vt 0.257324 0.839355 0.000000
vt 0.257324 0.771973 0.000000
vt 0.208740 0.771973 0.000000
vt 0.305908 0.839355 0.000000
vt 0.305908 0.771973 0.000000
vt 0.257324 0.771973 0.000000
vt 0.257324 0.771973 0.000000
vt 0.257324 0.839355 0.000000
vt 0.305908 0.839355 0.000000
vt 0.305908 0.771973 0.000000
vt 0.305908 0.839355 0.000000
vt 0.354492 0.839355 0.000000
vt 0.354492 0.839355 0.000000
vt 0.354492 0.771973 0.000000
vt 0.305908 0.771973 0.000000
vt 0.403076 0.839355 0.000000
vt 0.403076 0.771973 0.000000
vt 0.354492 0.771973 0.000000
vt 0.354492 0.771973 0.000000
vt 0.354492 0.839355 0.000000
vt 0.403076 0.839355 0.000000
vt 0.403076 0.771973 0.000000
vt 0.403076 0.839355 0.000000
vt 0.451416 0.839355 0.000000
vt 0.451416 0.839355 0.000000
vt 0.451416 0.771973 0.000000
vt 0.403076 0.771973 0.000000
vt 0.500000 0.839355 0.000000
vt 0.500000 0.771973 0.000000
vt 0.451416 0.771973 0.000000
vt 0.451416 0.771973 0.000000
vt 0.451416 0.839355 0.000000
vt 0.500000 0.839355 0.000000
vt 0.500000 0.771973 0.000000
vt 0.500000 0.839355 0.000000
vt 0.548584 0.839355 0.000000
vt 0.548584 0.839355 0.000000
vt 0.548584 0.771973 0.000000
vt 0.500000 0.771973 0.000000
vt 0.597168 0.839355 0.000000
vt 0.597168 0.771973 0.000000
vt 0.548584 0.771973 0.000000
vt 0.548584 0.771973 0.000000
vt 0.548584 0.839355 0.000000
vt 0.597168 0.839355 0.000000
vt 0.597168 0.771973 0.000000
vt 0.597168 0.839355 0.000000
vt 0.645752 0.839355 0.000000
vt 0.645752 0.839355 0.000000
vt 0.645752 0.771973 0.000000
vt 0.597168 0.771973 0.000000
vt 0.694336 0.839355 0.000000
vt 0.694336 0.771973 0.000000
vt 0.645752 0.771973 0.000000
vt 0.645752 0.771973 0.000000
vt 0.645752 0.839355 0.000000
vt 0.694336 0.839355 0.000000
vt 0.694336 0.771973 0.000000
vt 0.694336 0.839355 0.000000
vt 0.742676 0.839355 0.000000
vt 0.742676 0.839355 0.000000
vt 0.742676 0.771973 0.000000
vt 0.694336 0.771973 0.000000
vt 0.791260 0.839355 0.000000
vt 0.791260 0.771973 0.000000
vt 0.742676 0.771973 0.000000
vt 0.742676 0.771973 0.000000
vt 0.742676 0.839355 0.000000
vt 0.791260 0.839355 0.000000
vt 0.791260 0.771973 0.000000
vt 0.791260 0.839355 0.000000
vt 0.839844 0.839355 0.000000
vt 0.839844 0.839355 0.000000
vt 0.839844 0.771973 0.000000
vt 0.791260 0.771973 0.000000
vt 0.888428 0.839355 0.000000
vt 0.888428 0.771973 0.000000
vt 0.839844 0.771973 0.000000
vt 0.839844 0.771973 0.000000
vt 0.839844 0.839355 0.000000
vt 0.888428 0.839355 0.000000
vt 0.888428 0.771973 0.000000
vt 0.888428 0.839355 0.000000
vt 0.937012 0.839355 0.000000
vt 0.937012 0.839355 0.000000
vt 0.937012 0.771973 0.000000
vt 0.888428 0.771973 0.000000
vt 0.985596 0.839355 0.000000
vt 0.985596 0.771973 0.000000
vt 0.937012 0.771973 0.000000
vt 0.937012 0.771973 0.000000
vt 0.937012 0.839355 0.000000
vt 0.985596 0.839355 0.000000
vt 0.014648 0.771973 0.000000
vt 0.063232 0.771973 0.000000
vt 0.063232 0.704346 0.000000
vt 0.063232 0.704346 0.000000
vt 0.014648 0.704346 0.000000
vt 0.014648 0.771973 0.000000
vt 0.111816 0.771973 0.000000
vt 0.111816 0.704346 0.000000
vt 0.063232 0.704346 0.000000
vt 0.063232 0.704346 0.000000
vt 0.063232 0.771973 0.000000
vt 0.111816 0.771973 0.000000
vt 0.111816 0.704346 0.000000
vt 0.111816 0.771973 0.000000
vt 0.160156 0.771973 0.000000
vt 0.160156 0.771973 0.000000
vt 0.160156 0.704346 0.000000
vt 0.111816 0.704346 0.000000
vt 0.208740 0.771973 0.000000
vt 0.208740 0.704346 0.000000
vt 0.160156 0.704346 0.000000
vt 0.160156 0.704346 0.000000
vt 0.160156 0.771973 0.000000
vt 0.208740 0.771973 0.000000
vt 0.208740 0.704346 0.000000
vt 0.208740 0.771973 0.000000
vt 0.257324 0.771973 0.000000
vt 0.257324 0.771973 0.000000
vt 0.257324 0.704346 0.000000
vt 0.208740 0.704346 0.000000
vt 0.305908 0.771973 0.000000
vt 0.305908 0.704346 0.000000
vt 0.257324 0.704346 0.000000
vt 0.257324 0.704346 0.000000
vt 0.257324 0.771973 0.000000
vt 0.305908 0.771973 0.000000
vt 0.305908 0.704346 0.000000
vt 0.305908 0.771973 0.000000
vt 0.354492 0.771973 0.000000
vt 0.354492 0.771973 0.000000
vt 0.354492 0.704346 0.000000
vt 0.305908 0.704346 0.000000
vt 0.403076 0.771973 0.000000
vt 0.403076 0.704346 0.000000
vt 0.354492 0.704346 0.000000
vt 0.354492 0.704346 0.000000
vt 0.354492 0.771973 0.000000
vt 0.403076 0.771973 0.000000
vt 0.403076 0.704346 0.000000
vt 0.403076 0.771973 0.000000
vt 0.451416 0.771973 0.000000
vt 0.451416 0.771973 0.000000
vt 0.451416 0.704346 0.000000
vt 0.403076 0.704346 0.000000
vt 0.500000 0.771973 0.000000
vt 0.500000 0.704346 0.000000
vt 0.451416 0.704346 0.000000
vt 0.451416 0.704346 0.000000
vt 0.451416 0.771973 0.000000
vt 0.500000 0.771973 0.000000
vt 0.500000 0.704346 0.000000
vt 0.500000 0.771973 0.000000
vt 0.548584 0.771973 0.000000
vt 0.548584 0.771973 0.000000
vt 0.548584 0.704346 0.000000
vt 0.500000 0.704346 0.000000
vt 0.597168 0.771973 0.000000
vt 0.597168 0.704346 0.000000
vt 0.548584 0.704346 0.000000
vt 0.548584 0.704346 0.000000
vt 0.548584 0.771973 0.000000
vt 0.597168 0.771973 0.000000
vt 0.597168 0.704346 0.000000
vt 0.597168 0.771973 0.000000
vt 0.645752 0.771973 0.000000
vt 0.645752 0.771973 0.000000
vt 0.645752 0.704346 0.000000
vt 0.597168 0.704346 0.000000
vt 0.694336 0.771973 0.000000
vt 0.694336 0.704346 0.000000
vt 0.645752 0.704346 0.000000
vt 0.645752 0.704346 0.000000
vt 0.645752 0.771973 0.000000
vt 0.694336 0.771973 0.000000
vt 0.694336 0.704346 0.000000
vt 0.694336 0.771973 0.000000
vt 0.742676 0.771973 0.000000
vt 0.742676 0.771973 0.000000
vt 0.742676 0.704346 0.000000
vt 0.694336 0.704346 0.000000
vt 0.791260 0.771973 0.000000
vt 0.791260 0.704346 0.000000
vt 0.742676 0.704346 0.000000
vt 0.742676 0.704346 0.000000
vt 0.742676 0.771973 0.000000
vt 0.791260 0.771973 0.000000
vt 0.791260 0.704346 0.000000
vt 0.791260 0.771973 0.000000
vt 0.839844 0.771973 0.000000
vt 0.839844 0.771973 0.000000
vt 0.839844 0.704346 0.000000
vt 0.791260 0.704346 0.000000
vt 0.888428 0.771973 0.000000
vt 0.888428 0.704346 0.000000
vt 0.839844 0.704346 0.000000
vt 0.839844 0.704346 0.000000
vt 0.839844 0.771973 0.000000
vt 0.888428 0.771973 0.000000
vt 0.888428 0.704346 0.000000
vt 0.888428 0.771973 0.000000
vt 0.937012 0.771973 0.000000
vt 0.937012 0.771973 0.000000
vt 0.937012 0.704346 0.000000
vt 0.888428 0.704346 0.000000
vt 0.985596 0.771973 0.000000
vt 0.985596 0.704346 0.000000
vt 0.937012 0.704346 0.000000
vt 0.937012 0.704346 0.000000
vt 0.937012 0.771973 0.000000
vt 0.985596 0.771973 0.000000
vt 0.014648 0.704346 0.000000
vt 0.063232 0.704346 0.000000
vt 0.063232 0.636963 0.000000
vt 0.063232 0.636963 0.000000
vt 0.014648 0.636963 0.000000
vt 0.014648 0.704346 0.000000
vt 0.111816 0.704346 0.000000
vt 0.111816 0.636963 0.000000
vt 0.063232 0.636963 0.000000
vt 0.063232 0.636963 0.000000
vt 0.063232 0.704346 0.000000
vt 0.111816 0.704346 0.000000
vt 0.111816 0.636963 0.000000
vt 0.111816 0.704346 0.000000
vt 0.160156 0.704346 0.000000
vt 0.160156 0.704346 0.000000
vt 0.160156 0.636963 0.000000
vt 0.111816 0.636963 0.000000
vt 0.208740 0.704346 0.000000
vt 0.208740 0.636963 0.000000
vt 0.160156 0.636963 0.000000
vt 0.160156 0.636963 0.000000
vt 0.160156 0.704346 0.000000
vt 0.208740 0.704346 0.000000
vt 0.208740 0.636963 0.000000
vt 0.208740 0.704346 0.000000
vt 0.257324 0.704346 0.000000
vt 0.257324 0.704346 0.000000
vt 0.257324 0.636963 0.000000
vt 0.208740 0.636963 0.000000
vt 0.305908 0.704346 0.000000
vt 0.305908 0.636963 0.000000
vt 0.257324 0.636963 0.000000
vt 0.257324 0.636963 0.000000
vt 0.257324 0.704346 0.000000
vt 0.305908 0.704346 0.000000
vt 0.305908 0.636963 0.000000
vt 0.305908 0.704346 0.000000
vt 0.354492 0.704346 0.000000
vt 0.354492 0.704346 0.000000
vt 0.354492 0.636963 0.000000
vt 0.305908 0.636963 0.000000
vt 0.403076 0.704346 0.000000
vt 0.403076 0.636963 0.000000
vt 0.354492 0.636963 0.000000
vt 0.354492 0.636963 0.000000
vt 0.354492 0.704346 0.000000
vt 0.403076 0.704346 0.000000
vt 0.403076 0.636963 0.000000
vt 0.403076 0.704346 0.000000
vt 0.451416 0.704346 0.000000
vt 0.451416 0.704346 0.000000
vt 0.451416 0.636963 0.000000
vt 0.403076 0.636963 0.000000
vt 0.500000 0.704346 0.000000
vt 0.500000 0.636963 0.000000
vt 0.451416 0.636963 0.000000
vt 0.451416 0.636963 0.000000
vt 0.451416 0.704346 0.000000
vt 0.500000 0.704346 0.000000
vt 0.500000 0.636963 0.000000
vt 0.500000 0.704346 0.000000
vt 0.548584 0.704346 0.000000
vt 0.548584 0.704346 0.000000
vt 0.548584 0.636963 0.000000
vt 0.500000 0.636963 0.000000
vt 0.597168 0.704346 0.000000
vt 0.597168 0.636963 0.000000
vt 0.548584 0.636963 0.000000
vt 0.548584 0.636963 0.000000
vt 0.548584 0.704346 0.000000
vt 0.597168 0.704346 0.000000
vt 0.597168 0.636963 0.000000
vt 0.597168 0.704346 0.000000
vt 0.645752 0.704346 0.000000
vt 0.645752 0.704346 0.000000
vt 0.645752 0.636963 0.000000
vt 0.597168 0.636963 0.000000
vt 0.694336 0.704346 0.000000
vt 0.694336 0.636963 0.000000
vt 0.645752 0.636963 0.000000
vt 0.645752 0.636963 0.000000
vt 0.645752 0.704346 0.000000
vt 0.694336 0.704346 0.000000
vt 0.694336 0.636963 0.000000
vt 0.694336 0.704346 0.000000
vt 0.742676 0.704346 0.000000
vt 0.742676 0.704346 0.000000
vt 0.742676 0.636963 0.000000
vt 0.694336 0.636963 0.000000
vt 0.791260 0.704346 0.000000
vt 0.791260 0.636963 0.000000
vt 0.742676 0.636963 0.000000
vt 0.742676 0.636963 0.000000
vt 0.742676 0.704346 0.000000
vt 0.791260 0.704346 0.000000
vt 0.791260 0.636963 0.000000
vt 0.791260 0.704346 0.000000
vt 0.839844 0.704346 0.000000
vt 0.839844 0.704346 0.000000
vt 0.839844 0.636963 0.000000
vt 0.791260 0.636963 0.000000
vt 0.888428 0.704346 0.000000
vt 0.888428 0.636963 0.000000
vt 0.839844 0.636963 0.000000
vt 0.839844 0.636963 0.000000
vt 0.839844 0.704346 0.000000
vt 0.888428 0.704346 0.000000
vt 0.888428 0.636963 0.000000
vt 0.888428 0.704346 0.000000
vt 0.937012 0.704346 0.000000
vt 0.937012 0.704346 0.000000
vt 0.937012 0.636963 0.000000
vt 0.888428 0.636963 0.000000
vt 0.985596 0.704346 0.000000
vt 0.985596 0.636963 0.000000
vt 0.937012 0.636963 0.000000
vt 0.937012 0.636963 0.000000
vt 0.937012 0.704346 0.000000
vt 0.985596 0.704346 0.000000
vt 0.014648 0.636963 0.000000
vt 0.063232 0.636963 0.000000
vt 0.063232 0.569580 0.000000
vt 0.063232 0.569580 0.000000
vt 0.014648 0.569580 0.000000
vt 0.014648 0.636963 0.000000
vt 0.111816 0.636963 0.000000
vt 0.111816 0.569580 0.000000
vt 0.063232 0.569580 0.000000
vt 0.063232 0.569580 0.000000
vt 0.063232 0.636963 0.000000
vt 0.111816 0.636963 0.000000
vt 0.111816 0.569580 0.000000
vt 0.111816 0.636963 0.000000
vt 0.160156 0.636963 0.000000
vt 0.160156 0.636963 0.000000
vt 0.160156 0.569580 0.000000
vt 0.111816 0.569580 0.000000
vt 0.208740 0.636963 0.000000
vt 0.208740 0.569580 0.000000
vt 0.160156 0.569580 0.000000
vt 0.160156 0.569580 0.000000
vt 0.160156 0.636963 0.000000
vt 0.208740 0.636963 0.000000
vt 0.208740 0.569580 0.000000
vt 0.208740 0.636963 0.000000
vt 0.257324 0.636963 0.000000
vt 0.257324 0.636963 0.000000
vt 0.257324 0.569580 0.000000
vt 0.208740 0.569580 0.000000
vt 0.305908 0.636963 0.000000
vt 0.305908 0.569580 0.000000
vt 0.257324 0.569580 0.000000
vt 0.257324 0.569580 0.000000
vt 0.257324 0.636963 0.000000
vt 0.305908 0.636963 0.000000
vt 0.305908 0.569580 0.000000
vt 0.305908 0.636963 0.000000
vt 0.354492 0.636963 0.000000
vt 0.354492 0.636963 0.000000
vt 0.354492 0.569580 0.000000
vt 0.305908 0.569580 0.000000
vt 0.403076 0.636963 0.000000
vt 0.403076 0.569580 0.000000
vt 0.354492 0.569580 0.000000
vt 0.354492 0.569580 0.000000
vt 0.354492 0.636963 0.000000
vt 0.403076 0.636963 0.000000
vt 0.403076 0.569580 0.000000
vt 0.403076 0.636963 0.000000
vt 0.451416 0.636963 0.000000
vt 0.451416 0.636963 0.000000
vt 0.451416 0.569580 0.000000
vt 0.403076 0.569580 0.000000
vt 0.500000 0.636963 0.000000
vt 0.500000 0.569580 0.000000
vt 0.451416 0.569580 0.000000
vt 0.451416 0.569580 0.000000
vt 0.451416 0.636963 0.000000
vt 0.500000 0.636963 0.000000
vt 0.500000 0.569580 0.000000
vt 0.500000 0.636963 0.000000
vt 0.548584 0.636963 0.000000
vt 0.548584 0.636963 0.000000
vt 0.548584 0.569580 0.000000
vt 0.500000 0.569580 0.000000
vt 0.597168 0.636963 0.000000
vt 0.597168 0.569580 0.000000
vt 0.548584 0.569580 0.000000
vt 0.548584 0.569580 0.000000
vt 0.548584 0.636963 0.000000
vt 0.597168 0.636963 0.000000
vt 0.597168 0.569580 0.000000
vt 0.597168 0.636963 0.000000
vt 0.645752 0.636963 0.000000
vt 0.645752 0.636963 0.000000
vt 0.645752 0.569580 0.000000
vt 0.597168 0.569580 0.000000
vt 0.694336 0.636963 0.000000
vt 0.694336 0.569580 0.000000
vt 0.645752 0.569580 0.000000
vt 0.645752 0.569580 0.000000
vt 0.645752 0.636963 0.000000
vt 0.694336 0.636963 0.000000
vt 0.694336 0.569580 0.000000
vt 0.694336 0.636963 0.000000
vt 0.742676 0.636963 0.000000
vt 0.742676 0.636963 0.000000
vt 0.742676 0.569580 0.000000
vt 0.694336 0.569580 0.000000
vt 0.791260 0.636963 0.000000
vt 0.791260 0.569580 0.000000
vt 0.742676 0.569580 0.000000
vt 0.742676 0.569580 0.000000
vt 0.742676 0.636963 0.000000
vt 0.791260 0.636963 0.000000
vt 0.791260 0.569580 0.000000
vt 0.791260 0.636963 0.000000
vt 0.839844 0.636963 0.000000
vt 0.839844 0.636963 0.000000
vt 0.839844 0.569580 0.000000
vt 0.791260 0.569580 0.000000
vt 0.888428 0.636963 0.000000
vt 0.888428 0.569580 0.000000
vt 0.839844 0.569580 0.000000
vt 0.839844 0.569580 0.000000
vt 0.839844 0.636963 0.000000
vt 0.888428 0.636963 0.000000
vt 0.888428 0.569580 0.000000
vt 0.888428 0.636963 0.000000
vt 0.937012 0.636963 0.000000
vt 0.937012 0.636963 0.000000
vt 0.937012 0.569580 0.000000
vt 0.888428 0.569580 0.000000
vt 0.985596 0.636963 0.000000
vt 0.985596 0.569580 0.000000
vt 0.937012 0.569580 0.000000
vt 0.937012 0.569580 0.000000
vt 0.937012 0.636963 0.000000
vt 0.985596 0.636963 0.000000
vt 0.014648 0.569580 0.000000
vt 0.063232 0.569580 0.000000
vt 0.063232 0.502197 0.000000
vt 0.063232 0.502197 0.000000
vt 0.014648 0.502197 0.000000
vt 0.014648 0.569580 0.000000
vt 0.111816 0.569580 0.000000
vt 0.111816 0.502197 0.000000
vt 0.063232 0.502197 0.000000
vt 0.063232 0.502197 0.000000
vt 0.063232 0.569580 0.000000
vt 0.111816 0.569580 0.000000
vt 0.111816 0.502197 0.000000
vt 0.111816 0.569580 0.000000
vt 0.160156 0.569580 0.000000
vt 0.160156 0.569580 0.000000
vt 0.160156 0.502197 0.000000
vt 0.111816 0.502197 0.000000
vt 0.208740 0.569580 0.000000
vt 0.208740 0.502197 0.000000
vt 0.160156 0.502197 0.000000
vt 0.160156 0.502197 0.000000
vt 0.160156 0.569580 0.000000
vt 0.208740 0.569580 0.000000
vt 0.208740 0.502197 0.000000
vt 0.208740 0.569580 0.000000
vt 0.257324 0.569580 0.000000
vt 0.257324 0.569580 0.000000
vt 0.257324 0.502197 0.000000
vt 0.208740 0.502197 0.000000
vt 0.305908 0.569580 0.000000
vt 0.305908 0.502197 0.000000
vt 0.257324 0.502197 0.000000
vt 0.257324 0.502197 0.000000
vt 0.257324 0.569580 0.000000
vt 0.305908 0.569580 0.000000
vt 0.305908 0.502197 0.000000
vt 0.305908 0.569580 0.000000
vt 0.354492 0.569580 0.000000
vt 0.354492 0.569580 0.000000
vt 0.354492 0.502197 0.000000
vt 0.305908 0.502197 0.000000
vt 0.403076 0.569580 0.000000
vt 0.403076 0.502197 0.000000
vt 0.354492 0.502197 0.000000
vt 0.354492 0.502197 0.000000
vt 0.354492 0.569580 0.000000
vt 0.403076 0.569580 0.000000
vt 0.403076 0.502197 0.000000
vt 0.403076 0.569580 0.000000
vt 0.451416 0.569580 0.000000
vt 0.451416 0.569580 0.000000
vt 0.451416 0.502197 0.000000
vt 0.403076 0.502197 0.000000
vt 0.500000 0.569580 0.000000
vt 0.500000 0.502197 0.000000
vt 0.451416 0.502197 0.000000
vt 0.451416 0.502197 0.000000
vt 0.451416 0.569580 0.000000
vt 0.500000 0.569580 0.000000
vt 0.500000 0.502197 0.000000
vt 0.500000 0.569580 0.000000
vt 0.548584 0.569580 0.000000
vt 0.548584 0.569580 0.000000
vt 0.548584 0.502197 0.000000
vt 0.500000 0.502197 0.000000
vt 0.597168 0.569580 0.000000
vt 0.597168 0.502197 0.000000
vt 0.548584 0.502197 0.000000
vt 0.548584 0.502197 0.000000
vt 0.548584 0.569580 0.000000
vt 0.597168 0.569580 0.000000
vt 0.597168 0.502197 0.000000
vt 0.597168 0.569580 0.000000
vt 0.645752 0.569580 0.000000
vt 0.645752 0.569580 0.000000
vt 0.645752 0.502197 0.000000
vt 0.597168 0.502197 0.000000
vt 0.694336 0.569580 0.000000
vt 0.694336 0.502197 0.000000
vt 0.645752 0.502197 0.000000
vt 0.645752 0.502197 0.000000
vt 0.645752 0.569580 0.000000
vt 0.694336 0.569580 0.000000
vt 0.694336 0.502197 0.000000
vt 0.694336 0.569580 0.000000
vt 0.742676 0.569580 0.000000
vt 0.742676 0.569580 0.000000
vt 0.742676 0.502197 0.000000
vt 0.694336 0.502197 0.000000
vt 0.791260 0.569580 0.000000
vt 0.791260 0.502197 0.000000
vt 0.742676 0.502197 0.000000
vt 0.742676 0.502197 0.000000
vt 0.742676 0.569580 0.000000
vt 0.791260 0.569580 0.000000
vt 0.791260 0.502197 0.000000
vt 0.791260 0.569580 0.000000
vt 0.839844 0.569580 0.000000
vt 0.839844 0.569580 0.000000
vt 0.839844 0.502197 0.000000
vt 0.791260 0.502197 0.000000
vt 0.888428 0.569580 0.000000
vt 0.888428 0.502197 0.000000
vt 0.839844 0.502197 0.000000
vt 0.839844 0.502197 0.000000
vt 0.839844 0.569580 0.000000
vt 0.888428 0.569580 0.000000
vt 0.888428 0.502197 0.000000
vt 0.888428 0.569580 0.000000
vt 0.937012 0.569580 0.000000
vt 0.937012 0.569580 0.000000
vt 0.937012 0.502197 0.000000
vt 0.888428 0.502197 0.000000
vt 0.985596 0.569580 0.000000
vt 0.985596 0.502197 0.000000
vt 0.937012 0.502197 0.000000
vt 0.937012 0.502197 0.000000
vt 0.937012 0.569580 0.000000
vt 0.985596 0.569580 0.000000
vt 0.014648 0.502197 0.000000
vt 0.063232 0.502197 0.000000
vt 0.063232 0.434570 0.000000
vt 0.063232 0.434570 0.000000
vt 0.014648 0.434570 0.000000
vt 0.014648 0.502197 0.000000
vt 0.111816 0.502197 0.000000
vt 0.111816 0.434570 0.000000
vt 0.063232 0.434570 0.000000
vt 0.063232 0.434570 0.000000
vt 0.063232 0.502197 0.000000
vt 0.111816 0.502197 0.000000
vt 0.111816 0.434570 0.000000
vt 0.111816 0.502197 0.000000
vt 0.160156 0.502197 0.000000
vt 0.160156 0.502197 0.000000
vt 0.160156 0.434570 0.000000
vt 0.111816 0.434570 0.000000
vt 0.208740 0.502197 0.000000
vt 0.208740 0.434570 0.000000
vt 0.160156 0.434570 0.000000
vt 0.160156 0.434570 0.000000
vt 0.160156 0.502197 0.000000
vt 0.208740 0.502197 0.000000
vt 0.208740 0.434570 0.000000
vt 0.208740 0.502197 0.000000
vt 0.257324 0.502197 0.000000
vt 0.257324 0.502197 0.000000
vt 0.257324 0.434570 0.000000
vt 0.208740 0.434570 0.000000
vt 0.305908 0.502197 0.000000
vt 0.305908 0.434570 0.000000
vt 0.257324 0.434570 0.000000
vt 0.257324 0.434570 0.000000
vt 0.257324 0.502197 0.000000
vt 0.305908 0.502197 0.000000
vt 0.305908 0.434570 0.000000
vt 0.305908 0.502197 0.000000
vt 0.354492 0.502197 0.000000
vt 0.354492 0.502197 0.000000
vt 0.354492 0.434570 0.000000
vt 0.305908 0.434570 0.000000
vt 0.403076 0.502197 0.000000
vt 0.403076 0.434570 0.000000
vt 0.354492 0.434570 0.000000
vt 0.354492 0.434570 0.000000
vt 0.354492 0.502197 0.000000
vt 0.403076 0.502197 0.000000
vt 0.403076 0.434570 0.000000
vt 0.403076 0.502197 0.000000
vt 0.451416 0.502197 0.000000
vt 0.451416 0.502197 0.000000
vt 0.451416 0.434570 0.000000
vt 0.403076 0.434570 0.000000
vt 0.500000 0.502197 0.000000
vt 0.500000 0.434570 0.000000
vt 0.451416 0.434570 0.000000
vt 0.451416 0.434570 0.000000
vt 0.451416 0.502197 0.000000
vt 0.500000 0.502197 0.000000
vt 0.500000 0.434570 0.000000
vt 0.500000 0.502197 0.000000
vt 0.548584 0.502197 0.000000
vt 0.548584 0.502197 0.000000
vt 0.548584 0.434570 0.000000
vt 0.500000 0.434570 0.000000
vt 0.597168 0.502197 0.000000
vt 0.597168 0.434570 0.000000
vt 0.548584 0.434570 0.000000
vt 0.548584 0.434570 0.000000
vt 0.548584 0.502197 0.000000
vt 0.597168 0.502197 0.000000
vt 0.597168 0.434570 0.000000
vt 0.597168 0.502197 0.000000
vt 0.645752 0.502197 0.000000
vt 0.645752 0.502197 0.000000
vt 0.645752 0.434570 0.000000
vt 0.597168 0.434570 0.000000
vt 0.694336 0.502197 0.000000
vt 0.694336 0.434570 0.000000
vt 0.645752 0.434570 0.000000
vt 0.645752 0.434570 0.000000
vt 0.645752 0.502197 0.000000
vt 0.694336 0.502197 0.000000
vt 0.694336 0.434570 0.000000
vt 0.694336 0.502197 0.000000
vt 0.742676 0.502197 0.000000
vt 0.742676 0.502197 0.000000
vt 0.742676 0.434570 0.000000
vt 0.694336 0.434570 0.000000
vt 0.791260 0.502197 0.000000
vt 0.791260 0.434570 0.000000
vt 0.742676 0.434570 0.000000
vt 0.742676 0.434570 0.000000
vt 0.742676 0.502197 0.000000
vt 0.791260 0.502197 0.000000
vt 0.791260 0.434570 0.000000
vt 0.791260 0.502197 0.000000
vt 0.839844 0.502197 0.000000
vt 0.839844 0.502197 0.000000
vt 0.839844 0.434570 0.000000
vt 0.791260 0.434570 0.000000
vt 0.888428 0.502197 0.000000
vt 0.888428 0.434570 0.000000
vt 0.839844 0.434570 0.000000
vt 0.839844 0.434570 0.000000
vt 0.839844 0.502197 0.000000
vt 0.888428 0.502197 0.000000
vt 0.888428 0.434570 0.000000
vt 0.888428 0.502197 0.000000
vt 0.937012 0.502197 0.000000
vt 0.937012 0.502197 0.000000
vt 0.937012 0.434570 0.000000
vt 0.888428 0.434570 0.000000
vt 0.985596 0.502197 0.000000
vt 0.985596 0.434570 0.000000
vt 0.937012 0.434570 0.000000
vt 0.937012 0.434570 0.000000
vt 0.937012 0.502197 0.000000
vt 0.985596 0.502197 0.000000
vt 0.014648 0.434570 0.000000
vt 0.063232 0.434570 0.000000
vt 0.063232 0.367188 0.000000
vt 0.063232 0.367188 0.000000
vt 0.014648 0.367188 0.000000
vt 0.014648 0.434570 0.000000
vt 0.111816 0.434570 0.000000
vt 0.111816 0.367188 0.000000
vt 0.063232 0.367188 0.000000
vt 0.063232 0.367188 0.000000
vt 0.063232 0.434570 0.000000
vt 0.111816 0.434570 0.000000
vt 0.111816 0.367188 0.000000
vt 0.111816 0.434570 0.000000
vt 0.160156 0.434570 0.000000
vt 0.160156 0.434570 0.000000
vt 0.160156 0.367188 0.000000
vt 0.111816 0.367188 0.000000
vt 0.208740 0.434570 0.000000
vt 0.208740 0.367188 0.000000
vt 0.160156 0.367188 0.000000
vt 0.160156 0.367188 0.000000
vt 0.160156 0.434570 0.000000
vt 0.208740 0.434570 0.000000
vt 0.208740 0.367188 0.000000
vt 0.208740 0.434570 0.000000
vt 0.257324 0.434570 0.000000
vt 0.257324 0.434570 0.000000
vt 0.257324 0.367188 0.000000
vt 0.208740 0.367188 0.000000
vt 0.305908 0.434570 0.000000
vt 0.305908 0.367188 0.000000
vt 0.257324 0.367188 0.000000
vt 0.257324 0.367188 0.000000
vt 0.257324 0.434570 0.000000
vt 0.305908 0.434570 0.000000
vt 0.305908 0.367188 0.000000
vt 0.305908 0.434570 0.000000
vt 0.354492 0.434570 0.000000
vt 0.354492 0.434570 0.000000
vt 0.354492 0.367188 0.000000
vt 0.305908 0.367188 0.000000
vt 0.403076 0.434570 0.000000
vt 0.403076 0.367188 0.000000
vt 0.354492 0.367188 0.000000
vt 0.354492 0.367188 0.000000
vt 0.354492 0.434570 0.000000
vt 0.403076 0.434570 0.000000
vt 0.403076 0.367188 0.000000
vt 0.403076 0.434570 0.000000
vt 0.451416 0.434570 0.000000
vt 0.451416 0.434570 0.000000
vt 0.451416 0.367188 0.000000
vt 0.403076 0.367188 0.000000
vt 0.500000 0.434570 0.000000
vt 0.500000 0.367188 0.000000
vt 0.451416 0.367188 0.000000
vt 0.451416 0.367188 0.000000
vt 0.451416 0.434570 0.000000
vt 0.500000 0.434570 0.000000
vt 0.500000 0.367188 0.000000
vt 0.500000 0.434570 0.000000
vt 0.548584 0.434570 0.000000
vt 0.548584 0.434570 0.000000
vt 0.548584 0.367188 0.000000
vt 0.500000 0.367188 0.000000
vt 0.597168 0.434570 0.000000
vt 0.597168 0.367188 0.000000
vt 0.548584 0.367188 0.000000
vt 0.548584 0.367188 0.000000
vt 0.548584 0.434570 0.000000
vt 0.597168 0.434570 0.000000
vt 0.597168 0.367188 0.000000
vt 0.597168 0.434570 0.000000
vt 0.645752 0.434570 0.000000
vt 0.645752 0.434570 0.000000
vt 0.645752 0.367188 0.000000
vt 0.597168 0.367188 0.000000
vt 0.694336 0.434570 0.000000
vt 0.694336 0.367188 0.000000
vt 0.645752 0.367188 0.000000
vt 0.645752 0.367188 0.000000
vt 0.645752 0.434570 0.000000
vt 0.694336 0.434570 0.000000
vt 0.694336 0.367188 0.000000
vt 0.694336 0.434570 0.000000
vt 0.742676 0.434570 0.000000
vt 0.742676 0.434570 0.000000
vt 0.742676 0.367188 0.000000
vt 0.694336 0.367188 0.000000
vt 0.791260 0.434570 0.000000
vt 0.791260 0.367188 0.000000
vt 0.742676 0.367188 0.000000
vt 0.742676 0.367188 0.000000
vt 0.742676 0.434570 0.000000
vt 0.791260 0.434570 0.000000
vt 0.791260 0.367188 0.000000
vt 0.791260 0.434570 0.000000
vt 0.839844 0.434570 0.000000
vt 0.839844 0.434570 0.000000
vt 0.839844 0.367188 0.000000
vt 0.791260 0.367188 0.000000
vt 0.888428 0.434570 0.000000
vt 0.888428 0.367188 0.000000
vt 0.839844 0.367188 0.000000
vt 0.839844 0.367188 0.000000
vt 0.839844 0.434570 0.000000
vt 0.888428 0.434570 0.000000
vt 0.888428 0.367188 0.000000
vt 0.888428 0.434570 0.000000
vt 0.937012 0.434570 0.000000
vt 0.937012 0.434570 0.000000
vt 0.937012 0.367188 0.000000
vt 0.888428 0.367188 0.000000
vt 0.985596 0.434570 0.000000
vt 0.985596 0.367188 0.000000
vt 0.937012 0.367188 0.000000
vt 0.937012 0.367188 0.000000
vt 0.937012 0.434570 0.000000
vt 0.985596 0.434570 0.000000
vt 0.014648 0.367188 0.000000
vt 0.063232 0.367188 0.000000
vt 0.063232 0.299805 0.000000
vt 0.063232 0.299805 0.000000
vt 0.014648 0.299805 0.000000
vt 0.014648 0.367188 0.000000
vt 0.111816 0.367188 0.000000
vt 0.111816 0.299805 0.000000
vt 0.063232 0.299805 0.000000
vt 0.063232 0.299805 0.000000
vt 0.063232 0.367188 0.000000
vt 0.111816 0.367188 0.000000
vt 0.111816 0.299805 0.000000
vt 0.111816 0.367188 0.000000
vt 0.160156 0.367188 0.000000
vt 0.160156 0.367188 0.000000
vt 0.160156 0.299805 0.000000
vt 0.111816 0.299805 0.000000
vt 0.208740 0.367188 0.000000
vt 0.208740 0.299805 0.000000
vt 0.160156 0.299805 0.000000
vt 0.160156 0.299805 0.000000
vt 0.160156 0.367188 0.000000
vt 0.208740 0.367188 0.000000
vt 0.208740 0.299805 0.000000
vt 0.208740 0.367188 0.000000
vt 0.257324 0.367188 0.000000
vt 0.257324 0.367188 0.000000
vt 0.257324 0.299805 0.000000
vt 0.208740 0.299805 0.000000
vt 0.305908 0.367188 0.000000
vt 0.305908 0.299805 0.000000
vt 0.257324 0.299805 0.000000
vt 0.257324 0.299805 0.000000
vt 0.257324 0.367188 0.000000
vt 0.305908 0.367188 0.000000
vt 0.305908 0.299805 0.000000
vt 0.305908 0.367188 0.000000
vt 0.354492 0.367188 0.000000
vt 0.354492 0.367188 0.000000
vt 0.354492 0.299805 0.000000
vt 0.305908 0.299805 0.000000
vt 0.403076 0.367188 0.000000
vt 0.403076 0.299805 0.000000
vt 0.354492 0.299805 0.000000
vt 0.354492 0.299805 0.000000
vt 0.354492 0.367188 0.000000
vt 0.403076 0.367188 0.000000
vt 0.403076 0.299805 0.000000
vt 0.403076 0.367188 0.000000
vt 0.451416 0.367188 0.000000
vt 0.451416 0.367188 0.000000
vt 0.451416 0.299805 0.000000
vt 0.403076 0.299805 0.000000
vt 0.500000 0.367188 0.000000
vt 0.500000 0.299805 0.000000
vt 0.451416 0.299805 0.000000
vt 0.451416 0.299805 0.000000
vt 0.451416 0.367188 0.000000
vt 0.500000 0.367188 0.000000
vt 0.500000 0.299805 0.000000
vt 0.500000 0.367188 0.000000
vt 0.548584 0.367188 0.000000
vt 0.548584 0.367188 0.000000
vt 0.548584 0.299805 0.000000
vt 0.500000 0.299805 0.000000
vt 0.597168 0.367188 0.000000
vt 0.597168 0.299805 0.000000
vt 0.548584 0.299805 0.000000
vt 0.548584 0.299805 0.000000
vt 0.548584 0.367188 0.000000
vt 0.597168 0.367188 0.000000
vt 0.597168 0.299805 0.000000
vt 0.597168 0.367188 0.000000
vt 0.645752 0.367188 0.000000
vt 0.645752 0.367188 0.000000
vt 0.645752 0.299805 0.000000
vt 0.597168 0.299805 0.000000
vt 0.694336 0.367188 0.000000
vt 0.694336 0.299805 0.000000
vt 0.645752 0.299805 0.000000
vt 0.645752 0.299805 0.000000
vt 0.645752 0.367188 0.000000
vt 0.694336 0.367188 0.000000
vt 0.694336 0.299805 0.000000
vt 0.694336 0.367188 0.000000
vt 0.742676 0.367188 0.000000
vt 0.742676 0.367188 0.000000
vt 0.742676 0.299805 0.000000
vt 0.694336 0.299805 0.000000
vt 0.791260 0.367188 0.000000
vt 0.791260 0.299805 0.000000
vt 0.742676 0.299805 0.000000
vt 0.742676 0.299805 0.000000
vt 0.742676 0.367188 0.000000
vt 0.791260 0.367188 0.000000
vt 0.791260 0.299805 0.000000
vt 0.791260 0.367188 0.000000
vt 0.839844 0.367188 0.000000
vt 0.839844 0.367188 0.000000
vt 0.839844 0.299805 0.000000
vt 0.791260 0.299805 0.000000
vt 0.888428 0.367188 0.000000
vt 0.888428 0.299805 0.000000
vt 0.839844 0.299805 0.000000
vt 0.839844 0.299805 0.000000
vt 0.839844 0.367188 0.000000
vt 0.888428 0.367188 0.000000
vt 0.888428 0.299805 0.000000
vt 0.888428 0.367188 0.000000
vt 0.937012 0.367188 0.000000
vt 0.937012 0.367188 0.000000
vt 0.937012 0.299805 0.000000
vt 0.888428 0.299805 0.000000
vt 0.985596 0.367188 0.000000
vt 0.985596 0.299805 0.000000
vt 0.937012 0.299805 0.000000
vt 0.937012 0.299805 0.000000
vt 0.937012 0.367188 0.000000
vt 0.985596 0.367188 0.000000
vt 0.014648 0.299805 0.000000
vt 0.063232 0.299805 0.000000
vt 0.063232 0.232422 0.000000
vt 0.063232 0.232422 0.000000
vt 0.014648 0.232422 0.000000
vt 0.014648 0.299805 0.000000
vt 0.111816 0.299805 0.000000
vt 0.111816 0.232422 0.000000
vt 0.063232 0.232422 0.000000
vt 0.063232 0.232422 0.000000
vt 0.063232 0.299805 0.000000
vt 0.111816 0.299805 0.000000
vt 0.111816 0.232422 0.000000
vt 0.111816 0.299805 0.000000
vt 0.160156 0.299805 0.000000
vt 0.160156 0.299805 0.000000
vt 0.160156 0.232422 0.000000
vt 0.111816 0.232422 0.000000
vt 0.208740 0.299805 0.000000
vt 0.208740 0.232422 0.000000
vt 0.160156 0.232422 0.000000
vt 0.160156 0.232422 0.000000
vt 0.160156 0.299805 0.000000
vt 0.208740 0.299805 0.000000
vt 0.208740 0.232422 0.000000
vt 0.208740 0.299805 0.000000
vt 0.257324 0.299805 0.000000
vt 0.257324 0.299805 0.000000
vt 0.257324 0.232422 0.000000
vt 0.208740 0.232422 0.000000
vt 0.305908 0.299805 0.000000
vt 0.305908 0.232422 0.000000
vt 0.257324 0.232422 0.000000
vt 0.257324 0.232422 0.000000
vt 0.257324 0.299805 0.000000
vt 0.305908 0.299805 0.000000
vt 0.305908 0.232422 0.000000
vt 0.305908 0.299805 0.000000
vt 0.354492 0.299805 0.000000
vt 0.354492 0.299805 0.000000
vt 0.354492 0.232422 0.000000
vt 0.305908 0.232422 0.000000
vt 0.403076 0.299805 0.000000
vt 0.403076 0.232422 0.000000
vt 0.354492 0.232422 0.000000
vt 0.354492 0.232422 0.000000
vt 0.354492 0.299805 0.000000
vt 0.403076 0.299805 0.000000
vt 0.403076 0.232422 0.000000
vt 0.403076 0.299805 0.000000
vt 0.451416 0.299805 0.000000
vt 0.451416 0.299805 0.000000
vt 0.451416 0.232422 0.000000
vt 0.403076 0.232422 0.000000
vt 0.500000 0.299805 0.000000
vt 0.500000 0.232422 0.000000
vt 0.451416 0.232422 0.000000
vt 0.451416 0.232422 0.000000
vt 0.451416 0.299805 0.000000
vt 0.500000 0.299805 0.000000
vt 0.500000 0.232422 0.000000
vt 0.500000 0.299805 0.000000
vt 0.548584 0.299805 0.000000
vt 0.548584 0.299805 0.000000
vt 0.548584 0.232422 0.000000
vt 0.500000 0.232422 0.000000
vt 0.597168 0.299805 0.000000
vt 0.597168 0.232422 0.000000
vt 0.548584 0.232422 0.000000
vt 0.548584 0.232422 0.000000
vt 0.548584 0.299805 0.000000
vt 0.597168 0.299805 0.000000
vt 0.597168 0.232422 0.000000
vt 0.597168 0.299805 0.000000
vt 0.645752 0.299805 0.000000
vt 0.645752 0.299805 0.000000
vt 0.645752 0.232422 0.000000
vt 0.597168 0.232422 0.000000
vt 0.694336 0.299805 0.000000
vt 0.694336 0.232422 0.000000
vt 0.645752 0.232422 0.000000
vt 0.645752 0.232422 0.000000
vt 0.645752 0.299805 0.000000
vt 0.694336 0.299805 0.000000
vt 0.694336 0.232422 0.000000
vt 0.694336 0.299805 0.000000
vt 0.742676 0.299805 0.000000
vt 0.742676 0.299805 0.000000
vt 0.742676 0.232422 0.000000
vt 0.694336 0.232422 0.000000
vt 0.791260 0.299805 0.000000
vt 0.791260 0.232422 0.000000
vt 0.742676 0.232422 0.000000
vt 0.742676 0.232422 0.000000
vt 0.742676 0.299805 0.000000
vt 0.791260 0.299805 0.000000
vt 0.791260 0.232422 0.000000
vt 0.791260 0.299805 0.000000
vt 0.839844 0.299805 0.000000
vt 0.839844 0.299805 0.000000
vt 0.839844 0.232422 0.000000
vt 0.791260 0.232422 0.000000
vt 0.888428 0.299805 0.000000
vt 0.888428 0.232422 0.000000
vt 0.839844 0.232422 0.000000
vt 0.839844 0.232422 0.000000
vt 0.839844 0.299805 0.000000
vt 0.888428 0.299805 0.000000
vt 0.888428 0.232422 0.000000
vt 0.888428 0.299805 0.000000
vt 0.937012 0.299805 0.000000
vt 0.937012 0.299805 0.000000
vt 0.937012 0.232422 0.000000
vt 0.888428 0.232422 0.000000
vt 0.985596 0.299805 0.000000
vt 0.985596 0.232422 0.000000
vt 0.937012 0.232422 0.000000
vt 0.937012 0.232422 0.000000
vt 0.937012 0.299805 0.000000
vt 0.985596 0.299805 0.000000
vt 0.014648 0.232422 0.000000
vt 0.063232 0.232422 0.000000
vt 0.063232 0.164795 0.000000
vt 0.063232 0.164795 0.000000
vt 0.014648 0.164795 0.000000
vt 0.014648 0.232422 0.000000
vt 0.111816 0.232422 0.000000
vt 0.111816 0.164795 0.000000
vt 0.063232 0.164795 0.000000
vt 0.063232 0.164795 0.000000
vt 0.063232 0.232422 0.000000
vt 0.111816 0.232422 0.000000
vt 0.111816 0.164795 0.000000
vt 0.111816 0.232422 0.000000
vt 0.160156 0.232422 0.000000
vt 0.160156 0.232422 0.000000
vt 0.160156 0.164795 0.000000
vt 0.111816 0.164795 0.000000
vt 0.208740 0.232422 0.000000
vt 0.208740 0.164795 0.000000
vt 0.160156 0.164795 0.000000
vt 0.160156 0.164795 0.000000
vt 0.160156 0.232422 0.000000
vt 0.208740 0.232422 0.000000
vt 0.208740 0.164795 0.000000
vt 0.208740 0.232422 0.000000
vt 0.257324 0.232422 0.000000
vt 0.257324 0.232422 0.000000
vt 0.257324 0.164795 0.000000
vt 0.208740 0.164795 0.000000
vt 0.305908 0.232422 0.000000
vt 0.305908 0.164795 0.000000
vt 0.257324 0.164795 0.000000
vt 0.257324 0.164795 0.000000
vt 0.257324 0.232422 0.000000
vt 0.305908 0.232422 0.000000
vt 0.305908 0.164795 0.000000
vt 0.305908 0.232422 0.000000
vt 0.354492 0.232422 0.000000
vt 0.354492 0.232422 0.000000
vt 0.354492 0.164795 0.000000
vt 0.305908 0.164795 0.000000
vt 0.403076 0.232422 0.000000
vt 0.403076 0.164795 0.000000
vt 0.354492 0.164795 0.000000
vt 0.354492 0.164795 0.000000
vt 0.354492 0.232422 0.000000
vt 0.403076 0.232422 0.000000
vt 0.403076 0.164795 0.000000
vt 0.403076 0.232422 0.000000
vt 0.451416 0.232422 0.000000
vt 0.451416 0.232422 0.000000
vt 0.451416 0.164795 0.000000
vt 0.403076 0.164795 0.000000
vt 0.500000 0.232422 0.000000
vt 0.500000 0.164795 0.000000
vt 0.451416 0.164795 0.000000
vt 0.451416 0.164795 0.000000
vt 0.451416 0.232422 0.000000
vt 0.500000 0.232422 0.000000
vt 0.500000 0.164795 0.000000
vt 0.500000 0.232422 0.000000
vt 0.548584 0.232422 0.000000
vt 0.548584 0.232422 0.000000
vt 0.548584 0.164795 0.000000
vt 0.500000 0.164795 0.000000
vt 0.597168 0.232422 0.000000
vt 0.597168 0.164795 0.000000
vt 0.548584 0.164795 0.000000
vt 0.548584 0.164795 0.000000
vt 0.548584 0.232422 0.000000
vt 0.597168 0.232422 0.000000
vt 0.597168 0.164795 0.000000
vt 0.597168 0.232422 0.000000
vt 0.645752 0.232422 0.000000
vt 0.645752 0.232422 0.000000
vt 0.645752 0.164795 0.000000
vt 0.597168 0.164795 0.000000
vt 0.694336 0.232422 0.000000
vt 0.694336 0.164795 0.000000
vt 0.645752 0.164795 0.000000
vt 0.645752 0.164795 0.000000
vt 0.645752 0.232422 0.000000
vt 0.694336 0.232422 0.000000
vt 0.694336 0.164795 0.000000
vt 0.694336 0.232422 0.000000
vt 0.742676 0.232422 0.000000
vt 0.742676 0.232422 0.000000
vt 0.742676 0.164795 0.000000
vt 0.694336 0.164795 0.000000
vt 0.791260 0.232422 0.000000
vt 0.791260 0.164795 0.000000
vt 0.742676 0.164795 0.000000
vt 0.742676 0.164795 0.000000
vt 0.742676 0.232422 0.000000
vt 0.791260 0.232422 0.000000
vt 0.791260 0.164795 0.000000
vt 0.791260 0.232422 0.000000
vt 0.839844 0.232422 0.000000
vt 0.839844 0.232422 0.000000
vt 0.839844 0.164795 0.000000
vt 0.791260 0.164795 0.000000
vt 0.888428 0.232422 0.000000
vt 0.888428 0.164795 0.000000
vt 0.839844 0.164795 0.000000
vt 0.839844 0.164795 0.000000
vt 0.839844 0.232422 0.000000
vt 0.888428 0.232422 0.000000
vt 0.888428 0.164795 0.000000
vt 0.888428 0.232422 0.000000
vt 0.937012 0.232422 0.000000
vt 0.937012 0.232422 0.000000
vt 0.937012 0.164795 0.000000
vt 0.888428 0.164795 0.000000
vt 0.985596 0.232422 0.000000
vt 0.985596 0.164795 0.000000
vt 0.937012 0.164795 0.000000
vt 0.937012 0.164795 0.000000
vt 0.937012 0.232422 0.000000
vt 0.985596 0.232422 0.000000
vn -0.308838 0.867432 -0.389648
vn -0.308838 0.867432 -0.389648
vn -0.308838 0.867432 -0.389648
vn -0.308838 0.867432 -0.389648
vn -0.308838 0.867432 -0.389648
vn -0.308838 0.867432 -0.389648
vn 0.311279 0.479492 0.820313
vn 0.311279 0.479492 0.820313
vn -0.308838 0.867432 -0.389648
vn -0.308838 0.867432 -0.389648
vn -0.308838 0.867432 -0.389648
vn 0.311279 0.479492 0.820313
vn -0.933838 -0.199219 0.296631
vn 0.311279 0.479492 0.820313
vn -0.308838 0.867432 -0.389648
vn -0.308838 0.867432 -0.389648
vn -0.308838 0.867432 -0.389648
vn -0.933838 -0.199219 0.296631
vn -0.311279 -0.479492 -0.820313
vn -0.933838 -0.199219 0.296631
vn -0.308838 0.867432 -0.389648
vn -0.308838 0.867432 -0.389648
vn -0.308838 0.867432 -0.389648
vn -0.311279 -0.479492 -0.820313
vn 0.311279 0.479492 0.820313
vn -0.311279 -0.479492 -0.820313
vn -0.308838 0.867432 -0.389648
vn -0.308838 0.867432 -0.389648
vn -0.308838 0.867432 -0.389648
vn 0.311279 0.479492 0.820313
vn 0.378418 0.247559 0.891602
vn 0.378418 0.247559 0.891602
vn 0.311279 0.479492 0.820313
vn 0.311279 0.479492 0.820313
vn 0.311279 0.479492 0.820313
vn 0.378418 0.247559 0.891602
vn -0.826904 -0.409424 0.384521
vn 0.378418 0.247559 0.891602
vn 0.311279 0.479492 0.820313
vn 0.311279 0.479492 0.820313
vn -0.933838 -0.199219 0.296631
vn -0.826904 -0.409424 0.384521
vn -0.224121 -0.680908 -0.697021
vn -0.826904 -0.409424 0.384521
vn -0.933838 -0.199219 0.296631
vn -0.933838 -0.199219 0.296631
vn -0.311279 -0.479492 -0.820313
vn -0.224121 -0.680908 -0.697021
vn 0.378418 0.247559 0.891602
vn -0.224121 -0.680908 -0.697021
vn -0.311279 -0.479492 -0.820313
vn -0.311279 -0.479492 -0.820313
vn 0.311279 0.479492 0.820313
vn 0.378418 0.247559 0.891602
vn 0.207275 0.712158 0.670410
vn 0.207275 0.712158 0.670410
vn 0.378418 0.247559 0.891602
vn 0.378418 0.247559 0.891602
vn 0.378418 0.247559 0.891602
vn 0.207275 0.712158 0.670410
vn -0.983398 0.062744 0.169678
vn 0.207275 0.712158 0.670410
vn 0.378418 0.247559 0.891602
vn 0.378418 0.247559 0.891602
vn -0.826904 -0.409424 0.384521
vn -0.983398 0.062744 0.169678
vn -0.387939 -0.205078 -0.898438
vn -0.983398 0.062744 0.169678
vn -0.826904 -0.409424 0.384521
vn -0.826904 -0.409424 0.384521
vn -0.224121 -0.680908 -0.697021
vn -0.387939 -0.205078 -0.898438
vn 0.207275 0.712158 0.670410
vn -0.387939 -0.205078 -0.898438
vn -0.224121 -0.680908 -0.697021
vn -0.224121 -0.680908 -0.697021
vn 0.378418 0.247559 0.891602
vn 0.207275 0.712158 0.670410
vn 0.311279 0.479492 0.820313
vn 0.311279 0.479492 0.820313
vn 0.207275 0.712158 0.670410
vn 0.207275 0.712158 0.670410
vn 0.207275 0.712158 0.670410
vn 0.311279 0.479492 0.820313
vn -0.933838 -0.199219 0.296631
vn 0.311279 0.479492 0.820313
vn 0.207275 0.712158 0.670410
vn 0.207275 0.712158 0.670410
vn -0.983398 0.062744 0.169678
vn -0.933838 -0.199219 0.296631
vn -0.311279 -0.479492 -0.820313
vn -0.933838 -0.199219 0.296631
vn -0.983398 0.062744 0.169678
vn -0.983398 0.062744 0.169678
vn -0.387939 -0.205078 -0.898438
vn -0.311279 -0.479492 -0.820313
vn 0.311279 0.479492 0.820313
vn -0.311279 -0.479492 -0.820313
vn -0.387939 -0.205078 -0.898438
vn -0.387939 -0.205078 -0.898438
vn 0.207275 0.712158 0.670410
vn 0.311279 0.479492 0.820313
vn 0.434082 -0.404053 0.804932
vn 0.311279 0.479492 0.820313
vn 0.311279 0.479492 0.820313
vn 0.434082 -0.404053 0.804932
vn 0.311279 0.479492 0.820313
vn -0.933838 -0.199219 0.296631
vn 0.434082 -0.404053 0.804932
vn -0.933838 -0.199219 0.296631
vn -0.311279 -0.479492 -0.820313
vn 0.434082 -0.404053 0.804932
vn -0.311279 -0.479492 -0.820313
vn 0.311279 0.479492 0.820313
vn -0.284180 -0.482910 -0.828125
vn -0.359619 -0.499023 -0.788330
vn -0.354004 -0.501953 -0.788818
vn -0.354004 -0.501953 -0.788818
vn -0.271484 -0.477539 -0.835449
vn -0.284180 -0.482910 -0.828125
vn -0.533203 -0.519775 -0.667236
vn -0.528076 -0.530029 -0.663330
vn -0.354004 -0.501953 -0.788818
vn -0.354004 -0.501953 -0.788818
vn -0.359619 -0.499023 -0.788330
vn -0.533203 -0.519775 -0.667236
vn -0.528076 -0.530029 -0.663330
vn -0.533203 -0.519775 -0.667236
vn -0.664795 -0.530029 -0.526123
vn -0.664795 -0.530029 -0.526123
vn -0.645264 -0.548584 -0.531250
vn -0.528076 -0.530029 -0.663330
vn -0.674561 -0.561523 -0.478760
vn -0.636719 -0.593506 -0.491699
vn -0.645264 -0.548584 -0.531250
vn -0.645264 -0.548584 -0.531250
vn -0.664795 -0.530029 -0.526123
vn -0.674561 -0.561523 -0.478760
vn -0.636719 -0.593506 -0.491699
vn -0.674561 -0.561523 -0.478760
vn -0.610840 -0.630615 -0.478271
vn -0.610840 -0.630615 -0.478271
vn -0.546387 -0.675049 -0.495117
vn -0.636719 -0.593506 -0.491699
vn -0.468750 -0.732178 -0.493652
vn -0.367920 -0.779541 -0.506592
vn -0.546387 -0.675049 -0.495117
vn -0.546387 -0.675049 -0.495117
vn -0.610840 -0.630615 -0.478271
vn -0.468750 -0.732178 -0.493652
vn -0.367920 -0.779541 -0.506592
vn -0.468750 -0.732178 -0.493652
vn -0.241455 -0.834229 -0.495361
vn -0.241455 -0.834229 -0.495361
vn -0.104980 -0.863281 -0.493164
vn -0.367920 -0.779541 -0.506592
vn 0.035889 -0.890625 -0.452881
vn 0.180176 -0.883301 -0.432617
vn -0.104980 -0.863281 -0.493164
vn -0.104980 -0.863281 -0.493164
vn -0.241455 -0.834229 -0.495361
vn 0.035889 -0.890625 -0.452881
vn 0.180176 -0.883301 -0.432617
vn 0.035889 -0.890625 -0.452881
vn 0.320557 -0.869385 -0.375244
vn 0.320557 -0.869385 -0.375244
vn 0.431885 -0.831055 -0.349854
vn 0.180176 -0.883301 -0.432617
vn 0.554199 -0.777832 -0.295410
vn 0.616699 -0.734863 -0.281738
vn 0.431885 -0.831055 -0.349854
vn 0.431885 -0.831055 -0.349854
vn 0.320557 -0.869385 -0.375244
vn 0.554199 -0.777832 -0.295410
vn 0.616699 -0.734863 -0.281738
vn 0.554199 -0.777832 -0.295410
vn 0.706055 -0.665283 -0.241699
vn 0.706055 -0.665283 -0.241699
vn 0.728516 -0.638428 -0.247803
vn 0.616699 -0.734863 -0.281738
vn 0.788818 -0.571777 -0.224609
vn 0.785645 -0.565430 -0.250488
vn 0.728516 -0.638428 -0.247803
vn 0.728516 -0.638428 -0.247803
vn 0.706055 -0.665283 -0.241699
vn 0.788818 -0.571777 -0.224609
vn 0.785645 -0.565430 -0.250488
vn 0.788818 -0.571777 -0.224609
vn 0.826904 -0.505615 -0.245850
vn 0.826904 -0.505615 -0.245850
vn 0.803223 -0.519775 -0.290039
vn 0.785645 -0.565430 -0.250488
vn 0.826904 -0.471924 -0.305420
vn 0.780273 -0.504395 -0.369385
vn 0.803223 -0.519775 -0.290039
vn 0.803223 -0.519775 -0.290039
vn 0.826904 -0.505615 -0.245850
vn 0.826904 -0.471924 -0.305420
vn 0.780273 -0.504395 -0.369385
vn 0.826904 -0.471924 -0.305420
vn 0.781250 -0.469482 -0.410645
vn 0.781250 -0.469482 -0.410645
vn 0.698242 -0.517090 -0.494629
vn 0.780273 -0.504395 -0.369385
vn 0.651123 -0.503174 -0.567871
vn 0.511230 -0.551758 -0.658447
vn 0.698242 -0.517090 -0.494629
vn 0.698242 -0.517090 -0.494629
vn 0.781250 -0.469482 -0.410645
vn 0.651123 -0.503174 -0.567871
vn 0.511230 -0.551758 -0.658447
vn 0.651123 -0.503174 -0.567871
vn 0.378906 -0.549316 -0.744385
vn 0.378906 -0.549316 -0.744385
vn 0.195068 -0.571289 -0.797119
vn 0.511230 -0.551758 -0.658447
vn -0.009277 -0.556152 -0.830811
vn -0.169189 -0.545410 -0.820557
vn 0.195068 -0.571289 -0.797119
vn 0.195068 -0.571289 -0.797119
vn 0.378906 -0.549316 -0.744385
vn -0.009277 -0.556152 -0.830811
vn -0.169189 -0.545410 -0.820557
vn -0.009277 -0.556152 -0.830811
vn -0.297363 -0.503418 -0.811035
vn -0.297363 -0.503418 -0.811035
vn -0.401123 -0.490234 -0.773438
vn -0.169189 -0.545410 -0.820557
vn -0.404541 -0.454102 -0.793457
vn -0.479248 -0.460205 -0.747070
vn -0.401123 -0.490234 -0.773438
vn -0.401123 -0.490234 -0.773438
vn -0.297363 -0.503418 -0.811035
vn -0.404541 -0.454102 -0.793457
vn -0.271484 -0.477539 -0.835449
vn -0.354004 -0.501953 -0.788818
vn -0.329102 -0.503662 -0.798340
vn -0.329102 -0.503662 -0.798340
vn -0.248291 -0.474365 -0.844482
vn -0.271484 -0.477539 -0.835449
vn -0.528076 -0.530029 -0.663330
vn -0.495361 -0.540039 -0.679932
vn -0.329102 -0.503662 -0.798340
vn -0.329102 -0.503662 -0.798340
vn -0.354004 -0.501953 -0.788818
vn -0.528076 -0.530029 -0.663330
vn -0.495361 -0.540039 -0.679932
vn -0.528076 -0.530029 -0.663330
vn -0.645264 -0.548584 -0.531250
vn -0.645264 -0.548584 -0.531250
vn -0.604980 -0.571045 -0.554443
vn -0.495361 -0.540039 -0.679932
vn -0.636719 -0.593506 -0.491699
vn -0.576172 -0.628418 -0.522461
vn -0.604980 -0.571045 -0.554443
vn -0.604980 -0.571045 -0.554443
vn -0.645264 -0.548584 -0.531250
vn -0.636719 -0.593506 -0.491699
vn -0.576172 -0.628418 -0.522461
vn -0.636719 -0.593506 -0.491699
vn -0.546387 -0.675049 -0.495117
vn -0.546387 -0.675049 -0.495117
vn -0.449707 -0.716553 -0.532959
vn -0.576172 -0.628418 -0.522461
vn -0.367920 -0.779541 -0.506592
vn -0.225830 -0.810059 -0.540771
vn -0.449707 -0.716553 -0.532959
vn -0.449707 -0.716553 -0.532959
vn -0.546387 -0.675049 -0.495117
vn -0.367920 -0.779541 -0.506592
vn -0.225830 -0.810059 -0.540771
vn -0.367920 -0.779541 -0.506592
vn -0.104980 -0.863281 -0.493164
vn -0.104980 -0.863281 -0.493164
vn 0.064209 -0.857178 -0.510498
vn -0.225830 -0.810059 -0.540771
vn 0.180176 -0.883301 -0.432617
vn 0.330811 -0.835938 -0.437500
vn 0.064209 -0.857178 -0.510498
vn 0.064209 -0.857178 -0.510498
vn -0.104980 -0.863281 -0.493164
vn 0.180176 -0.883301 -0.432617
vn 0.330811 -0.835938 -0.437500
vn 0.180176 -0.883301 -0.432617
vn 0.431885 -0.831055 -0.349854
vn 0.431885 -0.831055 -0.349854
vn 0.529541 -0.768555 -0.358154
vn 0.330811 -0.835938 -0.437500
vn 0.616699 -0.734863 -0.281738
vn 0.659912 -0.687256 -0.302979
vn 0.529541 -0.768555 -0.358154
vn 0.529541 -0.768555 -0.358154
vn 0.431885 -0.831055 -0.349854
vn 0.616699 -0.734863 -0.281738
vn 0.659912 -0.687256 -0.302979
vn 0.616699 -0.734863 -0.281738
vn 0.728516 -0.638428 -0.247803
vn 0.728516 -0.638428 -0.247803
vn 0.732910 -0.618408 -0.283203
vn 0.659912 -0.687256 -0.302979
vn 0.785645 -0.565430 -0.250488
vn 0.762207 -0.573486 -0.299316
vn 0.732910 -0.618408 -0.283203
vn 0.732910 -0.618408 -0.283203
vn 0.728516 -0.638428 -0.247803
vn 0.785645 -0.565430 -0.250488
vn 0.762207 -0.573486 -0.299316
vn 0.785645 -0.565430 -0.250488
vn 0.803223 -0.519775 -0.290039
vn 0.803223 -0.519775 -0.290039
vn 0.753418 -0.553955 -0.353760
vn 0.762207 -0.573486 -0.299316
vn 0.780273 -0.504395 -0.369385
vn 0.694824 -0.561768 -0.448730
vn 0.753418 -0.553955 -0.353760
vn 0.753418 -0.553955 -0.353760
vn 0.803223 -0.519775 -0.290039
vn 0.780273 -0.504395 -0.369385
vn 0.694824 -0.561768 -0.448730
vn 0.780273 -0.504395 -0.369385
vn 0.698242 -0.517090 -0.494629
vn 0.698242 -0.517090 -0.494629
vn 0.559570 -0.589844 -0.582031
vn 0.694824 -0.561768 -0.448730
vn 0.511230 -0.551758 -0.658447
vn 0.313477 -0.617920 -0.720947
vn 0.559570 -0.589844 -0.582031
vn 0.559570 -0.589844 -0.582031
vn 0.698242 -0.517090 -0.494629
vn 0.511230 -0.551758 -0.658447
vn 0.313477 -0.617920 -0.720947
vn 0.511230 -0.551758 -0.658447
vn 0.195068 -0.571289 -0.797119
vn 0.195068 -0.571289 -0.797119
vn -0.008545 -0.609131 -0.792725
vn 0.313477 -0.617920 -0.720947
vn -0.169189 -0.545410 -0.820557
vn -0.302246 -0.566406 -0.766602
vn -0.008545 -0.609131 -0.792725
vn -0.008545 -0.609131 -0.792725
vn 0.195068 -0.571289 -0.797119
vn -0.169189 -0.545410 -0.820557
vn -0.302246 -0.566406 -0.766602
vn -0.169189 -0.545410 -0.820557
vn -0.401123 -0.490234 -0.773438
vn -0.401123 -0.490234 -0.773438
vn -0.471191 -0.521240 -0.711182
vn -0.302246 -0.566406 -0.766602
vn -0.479248 -0.460205 -0.747070
vn -0.524902 -0.503418 -0.686035
vn -0.471191 -0.521240 -0.711182
vn -0.471191 -0.521240 -0.711182
vn -0.401123 -0.490234 -0.773438
vn -0.479248 -0.460205 -0.747070
vn -0.248291 -0.474365 -0.844482
vn -0.329102 -0.503662 -0.798340
vn -0.297119 -0.503418 -0.811035
vn -0.297119 -0.503418 -0.811035
vn -0.219238 -0.469482 -0.855225
vn -0.248291 -0.474365 -0.844482
vn -0.495361 -0.540039 -0.679932
vn -0.452881 -0.547607 -0.703125
vn -0.297119 -0.503418 -0.811035
vn -0.297119 -0.503418 -0.811035
vn -0.329102 -0.503662 -0.798340
vn -0.495361 -0.540039 -0.679932
vn -0.452881 -0.547607 -0.703125
vn -0.495361 -0.540039 -0.679932
vn -0.604980 -0.571045 -0.554443
vn -0.604980 -0.571045 -0.554443
vn -0.552734 -0.591064 -0.587158
vn -0.452881 -0.547607 -0.703125
vn -0.576172 -0.628418 -0.522461
vn -0.500488 -0.658936 -0.561279
vn -0.552734 -0.591064 -0.587158
vn -0.552734 -0.591064 -0.587158
vn -0.604980 -0.571045 -0.554443
vn -0.576172 -0.628418 -0.522461
vn -0.500488 -0.658936 -0.561279
vn -0.576172 -0.628418 -0.522461
vn -0.449707 -0.716553 -0.532959
vn -0.449707 -0.716553 -0.532959
vn -0.334229 -0.747070 -0.574219
vn -0.500488 -0.658936 -0.561279
vn -0.225830 -0.810059 -0.540771
vn -0.071533 -0.818115 -0.570313
vn -0.334229 -0.747070 -0.574219
vn -0.334229 -0.747070 -0.574219
vn -0.449707 -0.716553 -0.532959
vn -0.225830 -0.810059 -0.540771
vn -0.071533 -0.818115 -0.570313
vn -0.225830 -0.810059 -0.540771
vn 0.064209 -0.857178 -0.510498
vn 0.064209 -0.857178 -0.510498
vn 0.222412 -0.824951 -0.519043
vn -0.071533 -0.818115 -0.570313
vn 0.330811 -0.835938 -0.437500
vn 0.449951 -0.778076 -0.437500
vn 0.222412 -0.824951 -0.519043
vn 0.222412 -0.824951 -0.519043
vn 0.064209 -0.857178 -0.510498
vn 0.330811 -0.835938 -0.437500
vn 0.449951 -0.778076 -0.437500
vn 0.330811 -0.835938 -0.437500
vn 0.529541 -0.768555 -0.358154
vn 0.529541 -0.768555 -0.358154
vn 0.597412 -0.713379 -0.365723
vn 0.449951 -0.778076 -0.437500
vn 0.659912 -0.687256 -0.302979
vn 0.684082 -0.653564 -0.323730
vn 0.597412 -0.713379 -0.365723
vn 0.597412 -0.713379 -0.365723
vn 0.529541 -0.768555 -0.358154
vn 0.659912 -0.687256 -0.302979
vn 0.684082 -0.653564 -0.323730
vn 0.659912 -0.687256 -0.302979
vn 0.732910 -0.618408 -0.283203
vn 0.732910 -0.618408 -0.283203
vn 0.724365 -0.611572 -0.317627
vn 0.684082 -0.653564 -0.323730
vn 0.762207 -0.573486 -0.299316
vn 0.726074 -0.593018 -0.347412
vn 0.724365 -0.611572 -0.317627
vn 0.724365 -0.611572 -0.317627
vn 0.732910 -0.618408 -0.283203
vn 0.762207 -0.573486 -0.299316
vn 0.726074 -0.593018 -0.347412
vn 0.762207 -0.573486 -0.299316
vn 0.753418 -0.553955 -0.353760
vn 0.753418 -0.553955 -0.353760
vn 0.685303 -0.597656 -0.415527
vn 0.726074 -0.593018 -0.347412
vn 0.694824 -0.561768 -0.448730
vn 0.583008 -0.623779 -0.520264
vn 0.685303 -0.597656 -0.415527
vn 0.685303 -0.597656 -0.415527
vn 0.753418 -0.553955 -0.353760
vn 0.694824 -0.561768 -0.448730
vn 0.583008 -0.623779 -0.520264
vn 0.694824 -0.561768 -0.448730
vn 0.559570 -0.589844 -0.582031
vn 0.559570 -0.589844 -0.582031
vn 0.395020 -0.654541 -0.644287
vn 0.583008 -0.623779 -0.520264
vn 0.313477 -0.617920 -0.720947
vn 0.122314 -0.662109 -0.739014
vn 0.395020 -0.654541 -0.644287
vn 0.395020 -0.654541 -0.644287
vn 0.559570 -0.589844 -0.582031
vn 0.313477 -0.617920 -0.720947
vn 0.122314 -0.662109 -0.739014
vn 0.313477 -0.617920 -0.720947
vn -0.008545 -0.609131 -0.792725
vn -0.008545 -0.609131 -0.792725
vn -0.162354 -0.631592 -0.757813
vn 0.122314 -0.662109 -0.739014
vn -0.302246 -0.566406 -0.766602
vn -0.383057 -0.587402 -0.712646
vn -0.162354 -0.631592 -0.757813
vn -0.162354 -0.631592 -0.757813
vn -0.008545 -0.609131 -0.792725
vn -0.302246 -0.566406 -0.766602
vn -0.383057 -0.587402 -0.712646
vn -0.302246 -0.566406 -0.766602
vn -0.471191 -0.521240 -0.711182
vn -0.471191 -0.521240 -0.711182
vn -0.504395 -0.556641 -0.659912
vn -0.383057 -0.587402 -0.712646
vn -0.524902 -0.503418 -0.686035
vn -0.539551 -0.550293 -0.636963
vn -0.504395 -0.556641 -0.659912
vn -0.504395 -0.556641 -0.659912
vn -0.471191 -0.521240 -0.711182
vn -0.524902 -0.503418 -0.686035
vn -0.219238 -0.469482 -0.855225
vn -0.297119 -0.503418 -0.811035
vn -0.259277 -0.499268 -0.826416
vn -0.259277 -0.499268 -0.826416
vn -0.186768 -0.462646 -0.866455
vn -0.219238 -0.469482 -0.855225
vn -0.452881 -0.547607 -0.703125
vn -0.400635 -0.550049 -0.732422
vn -0.259277 -0.499268 -0.826416
vn -0.259277 -0.499268 -0.826416
vn -0.297119 -0.503418 -0.811035
vn -0.452881 -0.547607 -0.703125
vn -0.400635 -0.550049 -0.732422
vn -0.452881 -0.547607 -0.703125
vn -0.552734 -0.591064 -0.587158
vn -0.552734 -0.591064 -0.587158
vn -0.486328 -0.605713 -0.629395
vn -0.400635 -0.550049 -0.732422
vn -0.500488 -0.658936 -0.561279
vn -0.406738 -0.680908 -0.608643
vn -0.486328 -0.605713 -0.629395
vn -0.486328 -0.605713 -0.629395
vn -0.552734 -0.591064 -0.587158
vn -0.500488 -0.658936 -0.561279
vn -0.406738 -0.680908 -0.608643
vn -0.500488 -0.658936 -0.561279
vn -0.334229 -0.747070 -0.574219
vn -0.334229 -0.747070 -0.574219
vn -0.200195 -0.761719 -0.615967
vn -0.406738 -0.680908 -0.608643
vn -0.071533 -0.818115 -0.570313
vn 0.088135 -0.802002 -0.590576
vn -0.200195 -0.761719 -0.615967
vn -0.200195 -0.761719 -0.615967
vn -0.334229 -0.747070 -0.574219
vn -0.071533 -0.818115 -0.570313
vn 0.088135 -0.802002 -0.590576
vn -0.071533 -0.818115 -0.570313
vn 0.222412 -0.824951 -0.519043
vn 0.222412 -0.824951 -0.519043
vn 0.363281 -0.774902 -0.516846
vn 0.088135 -0.802002 -0.590576
vn 0.449951 -0.778076 -0.437500
vn 0.543457 -0.719971 -0.431152
vn 0.363281 -0.774902 -0.516846
vn 0.363281 -0.774902 -0.516846
vn 0.222412 -0.824951 -0.519043
vn 0.449951 -0.778076 -0.437500
vn 0.543457 -0.719971 -0.431152
vn 0.449951 -0.778076 -0.437500
vn 0.597412 -0.713379 -0.365723
vn 0.597412 -0.713379 -0.365723
vn 0.645264 -0.669434 -0.367920
vn 0.543457 -0.719971 -0.431152
vn 0.684082 -0.653564 -0.323730
vn 0.695557 -0.633545 -0.337891
vn 0.645264 -0.669434 -0.367920
vn 0.645264 -0.669434 -0.367920
vn 0.597412 -0.713379 -0.365723
vn 0.684082 -0.653564 -0.323730
vn 0.695557 -0.633545 -0.337891
vn 0.684082 -0.653564 -0.323730
vn 0.724365 -0.611572 -0.317627
vn 0.724365 -0.611572 -0.317627
vn 0.706543 -0.617920 -0.344238
vn 0.695557 -0.633545 -0.337891
vn 0.726074 -0.593018 -0.347412
vn 0.677979 -0.624756 -0.386719
vn 0.706543 -0.617920 -0.344238
vn 0.706543 -0.617920 -0.344238
vn 0.724365 -0.611572 -0.317627
vn 0.726074 -0.593018 -0.347412
vn 0.677979 -0.624756 -0.386719
vn 0.726074 -0.593018 -0.347412
vn 0.685303 -0.597656 -0.415527
vn 0.685303 -0.597656 -0.415527
vn 0.599854 -0.650635 -0.465088
vn 0.677979 -0.624756 -0.386719
vn 0.583008 -0.623779 -0.520264
vn 0.450928 -0.686279 -0.570313
vn 0.599854 -0.650635 -0.465088
vn 0.599854 -0.650635 -0.465088
vn 0.685303 -0.597656 -0.415527
vn 0.583008 -0.623779 -0.520264
vn 0.450928 -0.686279 -0.570313
vn 0.583008 -0.623779 -0.520264
vn 0.395020 -0.654541 -0.644287
vn 0.395020 -0.654541 -0.644287
vn 0.225586 -0.706543 -0.670654
vn 0.450928 -0.686279 -0.570313
vn 0.122314 -0.662109 -0.739014
vn -0.038330 -0.690674 -0.721924
vn 0.225586 -0.706543 -0.670654
vn 0.225586 -0.706543 -0.670654
vn 0.395020 -0.654541 -0.644287
vn 0.122314 -0.662109 -0.739014
vn -0.038330 -0.690674 -0.721924
vn 0.122314 -0.662109 -0.739014
vn -0.162354 -0.631592 -0.757813
vn -0.162354 -0.631592 -0.757813
vn -0.268311 -0.648926 -0.711670
vn -0.038330 -0.690674 -0.721924
vn -0.383057 -0.587402 -0.712646
vn -0.427246 -0.610596 -0.666504
vn -0.268311 -0.648926 -0.711670
vn -0.268311 -0.648926 -0.711670
vn -0.162354 -0.631592 -0.757813
vn -0.383057 -0.587402 -0.712646
vn -0.427246 -0.610596 -0.666504
vn -0.383057 -0.587402 -0.712646
vn -0.504395 -0.556641 -0.659912
vn -0.504395 -0.556641 -0.659912
vn -0.511719 -0.593750 -0.620605
vn -0.427246 -0.610596 -0.666504
vn -0.539551 -0.550293 -0.636963
vn -0.532227 -0.596924 -0.600098
vn -0.511719 -0.593750 -0.620605
vn -0.511719 -0.593750 -0.620605
vn -0.504395 -0.556641 -0.659912
vn -0.539551 -0.550293 -0.636963
vn -0.186768 -0.462646 -0.866455
vn -0.259277 -0.499268 -0.826416
vn -0.217041 -0.491455 -0.843262
vn -0.217041 -0.491455 -0.843262
vn -0.153564 -0.455078 -0.876953
vn -0.186768 -0.462646 -0.866455
vn -0.400635 -0.550049 -0.732422
vn -0.338623 -0.546387 -0.765869
vn -0.217041 -0.491455 -0.843262
vn -0.217041 -0.491455 -0.843262
vn -0.259277 -0.499268 -0.826416
vn -0.400635 -0.550049 -0.732422
vn -0.338623 -0.546387 -0.765869
vn -0.400635 -0.550049 -0.732422
vn -0.486328 -0.605713 -0.629395
vn -0.486328 -0.605713 -0.629395
vn -0.402832 -0.612061 -0.680176
vn -0.338623 -0.546387 -0.765869
vn -0.406738 -0.680908 -0.608643
vn -0.291260 -0.690674 -0.661377
vn -0.402832 -0.612061 -0.680176
vn -0.402832 -0.612061 -0.680176
vn -0.486328 -0.605713 -0.629395
vn -0.406738 -0.680908 -0.608643
vn -0.291260 -0.690674 -0.661377
vn -0.406738 -0.680908 -0.608643
vn -0.200195 -0.761719 -0.615967
vn -0.200195 -0.761719 -0.615967
vn -0.046143 -0.756592 -0.652100
vn -0.291260 -0.690674 -0.661377
vn 0.088135 -0.802002 -0.590576
vn 0.248535 -0.764404 -0.594482
vn -0.046143 -0.756592 -0.652100
vn -0.046143 -0.756592 -0.652100
vn -0.200195 -0.761719 -0.615967
vn 0.088135 -0.802002 -0.590576
vn 0.248535 -0.764404 -0.594482
vn 0.088135 -0.802002 -0.590576
vn 0.363281 -0.774902 -0.516846
vn 0.363281 -0.774902 -0.516846
vn 0.486084 -0.716309 -0.500244
vn 0.248535 -0.764404 -0.594482
vn 0.543457 -0.719971 -0.431152
vn 0.617920 -0.667725 -0.414551
vn 0.486084 -0.716309 -0.500244
vn 0.486084 -0.716309 -0.500244
vn 0.363281 -0.774902 -0.516846
vn 0.543457 -0.719971 -0.431152
vn 0.617920 -0.667725 -0.414551
vn 0.543457 -0.719971 -0.431152
vn 0.645264 -0.669434 -0.367920
vn 0.645264 -0.669434 -0.367920
vn 0.680420 -0.637451 -0.361328
vn 0.617920 -0.667725 -0.414551
vn 0.695557 -0.633545 -0.337891
vn 0.698975 -0.626953 -0.343018
vn 0.680420 -0.637451 -0.361328
vn 0.680420 -0.637451 -0.361328
vn 0.645264 -0.669434 -0.367920
vn 0.695557 -0.633545 -0.337891
vn 0.698975 -0.626953 -0.343018
vn 0.695557 -0.633545 -0.337891
vn 0.706543 -0.617920 -0.344238
vn 0.706543 -0.617920 -0.344238
vn 0.680420 -0.637451 -0.361328
vn 0.698975 -0.626953 -0.343018
vn 0.677979 -0.624756 -0.386719
vn 0.617920 -0.667725 -0.414551
vn 0.680420 -0.637451 -0.361328
vn 0.680420 -0.637451 -0.361328
vn 0.706543 -0.617920 -0.344238
vn 0.677979 -0.624756 -0.386719
vn 0.617920 -0.667725 -0.414551
vn 0.677979 -0.624756 -0.386719
vn 0.599854 -0.650635 -0.465088
vn 0.599854 -0.650635 -0.465088
vn 0.497559 -0.709229 -0.499268
vn 0.617920 -0.667725 -0.414551
vn 0.450928 -0.686279 -0.570313
vn 0.306396 -0.742676 -0.595215
vn 0.497559 -0.709229 -0.499268
vn 0.497559 -0.709229 -0.499268
vn 0.599854 -0.650635 -0.465088
vn 0.450928 -0.686279 -0.570313
vn 0.306396 -0.742676 -0.595215
vn 0.450928 -0.686279 -0.570313
vn 0.225586 -0.706543 -0.670654
vn 0.225586 -0.706543 -0.670654
vn 0.066406 -0.742432 -0.666260
vn 0.306396 -0.742676 -0.595215
vn -0.038330 -0.690674 -0.721924
vn -0.164551 -0.707275 -0.687256
vn 0.066406 -0.742432 -0.666260
vn 0.066406 -0.742432 -0.666260
vn 0.225586 -0.706543 -0.670654
vn -0.038330 -0.690674 -0.721924
vn -0.164551 -0.707275 -0.687256
vn -0.038330 -0.690674 -0.721924
vn -0.268311 -0.648926 -0.711670
vn -0.268311 -0.648926 -0.711670
vn -0.339111 -0.662598 -0.667480
vn -0.164551 -0.707275 -0.687256
vn -0.427246 -0.610596 -0.666504
vn -0.447510 -0.633301 -0.631104
vn -0.339111 -0.662598 -0.667480
vn -0.339111 -0.662598 -0.667480
vn -0.268311 -0.648926 -0.711670
vn -0.427246 -0.610596 -0.666504
vn -0.447510 -0.633301 -0.631104
vn -0.427246 -0.610596 -0.666504
vn -0.511719 -0.593750 -0.620605
vn -0.511719 -0.593750 -0.620605
vn -0.500977 -0.629150 -0.593750
vn -0.447510 -0.633301 -0.631104
vn -0.532227 -0.596924 -0.600098
vn -0.508545 -0.640137 -0.575439
vn -0.500977 -0.629150 -0.593750
vn -0.500977 -0.629150 -0.593750
vn -0.511719 -0.593750 -0.620605
vn -0.532227 -0.596924 -0.600098
vn -0.153564 -0.455078 -0.876953
vn -0.217041 -0.491455 -0.843262
vn -0.173340 -0.480713 -0.859375
vn -0.173340 -0.480713 -0.859375
vn -0.121582 -0.447021 -0.885986
vn -0.153564 -0.455078 -0.876953
vn -0.338623 -0.546387 -0.765869
vn -0.267578 -0.535889 -0.800537
vn -0.173340 -0.480713 -0.859375
vn -0.173340 -0.480713 -0.859375
vn -0.217041 -0.491455 -0.843262
vn -0.338623 -0.546387 -0.765869
vn -0.267578 -0.535889 -0.800537
vn -0.338623 -0.546387 -0.765869
vn -0.402832 -0.612061 -0.680176
vn -0.402832 -0.612061 -0.680176
vn -0.300049 -0.608154 -0.734619
vn -0.267578 -0.535889 -0.800537
vn -0.291260 -0.690674 -0.661377
vn -0.147705 -0.684570 -0.713623
vn -0.300049 -0.608154 -0.734619
vn -0.300049 -0.608154 -0.734619
vn -0.402832 -0.612061 -0.680176
vn -0.291260 -0.690674 -0.661377
vn -0.147705 -0.684570 -0.713623
vn -0.291260 -0.690674 -0.661377
vn -0.046143 -0.756592 -0.652100
vn -0.046143 -0.756592 -0.652100
vn 0.129395 -0.728760 -0.672119
vn -0.147705 -0.684570 -0.713623
vn 0.248535 -0.764404 -0.594482
vn 0.406006 -0.709717 -0.575439
vn 0.129395 -0.728760 -0.672119
vn 0.129395 -0.728760 -0.672119
vn -0.046143 -0.756592 -0.652100
vn 0.248535 -0.764404 -0.594482
vn 0.406006 -0.709717 -0.575439
vn 0.248535 -0.764404 -0.594482
vn 0.486084 -0.716309 -0.500244
vn 0.486084 -0.716309 -0.500244
vn 0.591797 -0.656982 -0.466553
vn 0.406006 -0.709717 -0.575439
vn 0.617920 -0.667725 -0.414551
vn 0.677979 -0.624756 -0.386719
vn 0.591797 -0.656982 -0.466553
vn 0.591797 -0.656982 -0.466553
vn 0.486084 -0.716309 -0.500244
vn 0.617920 -0.667725 -0.414551
vn 0.677979 -0.624756 -0.386719
vn 0.617920 -0.667725 -0.414551
vn 0.680420 -0.637451 -0.361328
vn 0.680420 -0.637451 -0.361328
vn 0.706543 -0.617920 -0.344238
vn 0.677979 -0.624756 -0.386719
vn 0.698975 -0.626953 -0.343018
vn 0.695557 -0.633545 -0.337891
vn 0.706543 -0.617920 -0.344238
vn 0.706543 -0.617920 -0.344238
vn 0.680420 -0.637451 -0.361328
vn 0.698975 -0.626953 -0.343018
vn 0.695557 -0.633545 -0.337891
vn 0.698975 -0.626953 -0.343018
vn 0.680420 -0.637451 -0.361328
vn 0.680420 -0.637451 -0.361328
vn 0.645264 -0.669434 -0.367920
vn 0.695557 -0.633545 -0.337891
vn 0.617920 -0.667725 -0.414551
vn 0.543457 -0.719971 -0.431152
vn 0.645264 -0.669434 -0.367920
vn 0.645264 -0.669434 -0.367920
vn 0.680420 -0.637451 -0.361328
vn 0.617920 -0.667725 -0.414551
vn 0.543457 -0.719971 -0.431152
vn 0.617920 -0.667725 -0.414551
vn 0.497559 -0.709229 -0.499268
vn 0.497559 -0.709229 -0.499268
vn 0.378174 -0.767578 -0.517090
vn 0.543457 -0.719971 -0.431152
vn 0.306396 -0.742676 -0.595215
vn 0.156250 -0.786133 -0.597900
vn 0.378174 -0.767578 -0.517090
vn 0.378174 -0.767578 -0.517090
vn 0.497559 -0.709229 -0.499268
vn 0.306396 -0.742676 -0.595215
vn 0.156250 -0.786133 -0.597900
vn 0.306396 -0.742676 -0.595215
vn 0.066406 -0.742432 -0.666260
vn 0.066406 -0.742432 -0.666260
vn -0.074707 -0.761719 -0.643311
vn 0.156250 -0.786133 -0.597900
vn -0.164551 -0.707275 -0.687256
vn -0.262207 -0.713867 -0.649170
vn -0.074707 -0.761719 -0.643311
vn -0.074707 -0.761719 -0.643311
vn 0.066406 -0.742432 -0.666260
vn -0.164551 -0.707275 -0.687256
vn -0.262207 -0.713867 -0.649170
vn -0.164551 -0.707275 -0.687256
vn -0.339111 -0.662598 -0.667480
vn -0.339111 -0.662598 -0.667480
vn -0.386230 -0.671875 -0.631592
vn -0.262207 -0.713867 -0.649170
vn -0.447510 -0.633301 -0.631104
vn -0.451660 -0.652588 -0.607910
vn -0.386230 -0.671875 -0.631592
vn -0.386230 -0.671875 -0.631592
vn -0.339111 -0.662598 -0.667480
vn -0.447510 -0.633301 -0.631104
vn -0.451660 -0.652588 -0.607910
vn -0.447510 -0.633301 -0.631104
vn -0.500977 -0.629150 -0.593750
vn -0.500977 -0.629150 -0.593750
vn -0.477051 -0.659912 -0.580322
vn -0.451660 -0.652588 -0.607910
vn -0.508545 -0.640137 -0.575439
vn -0.471924 -0.677490 -0.563721
vn -0.477051 -0.659912 -0.580322
vn -0.477051 -0.659912 -0.580322
vn -0.500977 -0.629150 -0.593750
vn -0.508545 -0.640137 -0.575439
vn -0.121582 -0.447021 -0.885986
vn -0.173340 -0.480713 -0.859375
vn -0.129639 -0.468018 -0.874023
vn -0.129639 -0.468018 -0.874023
vn -0.092529 -0.438965 -0.893555
vn -0.121582 -0.447021 -0.885986
vn -0.267578 -0.535889 -0.800537
vn -0.188477 -0.519287 -0.833252
vn -0.129639 -0.468018 -0.874023
vn -0.129639 -0.468018 -0.874023
vn -0.173340 -0.480713 -0.859375
vn -0.267578 -0.535889 -0.800537
vn -0.188477 -0.519287 -0.833252
vn -0.267578 -0.535889 -0.800537
vn -0.300049 -0.608154 -0.734619
vn -0.300049 -0.608154 -0.734619
vn -0.174561 -0.592285 -0.786377
vn -0.188477 -0.519287 -0.833252
vn -0.147705 -0.684570 -0.713623
vn 0.028076 -0.658203 -0.751953
vn -0.174561 -0.592285 -0.786377
vn -0.174561 -0.592285 -0.786377
vn -0.300049 -0.608154 -0.734619
vn -0.147705 -0.684570 -0.713623
vn 0.028076 -0.658203 -0.751953
vn -0.147705 -0.684570 -0.713623
vn 0.129395 -0.728760 -0.672119
vn 0.129395 -0.728760 -0.672119
vn 0.322754 -0.675537 -0.662598
vn 0.028076 -0.658203 -0.751953
vn 0.406006 -0.709717 -0.575439
vn 0.553711 -0.642090 -0.529785
vn 0.322754 -0.675537 -0.662598
vn 0.322754 -0.675537 -0.662598
vn 0.129395 -0.728760 -0.672119
vn 0.406006 -0.709717 -0.575439
vn 0.553711 -0.642090 -0.529785
vn 0.406006 -0.709717 -0.575439
vn 0.591797 -0.656982 -0.466553
vn 0.591797 -0.656982 -0.466553
vn 0.680420 -0.602051 -0.417236
vn 0.553711 -0.642090 -0.529785
vn 0.677979 -0.624756 -0.386719
vn 0.726074 -0.593018 -0.347412
vn 0.680420 -0.602051 -0.417236
vn 0.680420 -0.602051 -0.417236
vn 0.591797 -0.656982 -0.466553
vn 0.677979 -0.624756 -0.386719
vn 0.726074 -0.593018 -0.347412
vn 0.677979 -0.624756 -0.386719
vn 0.706543 -0.617920 -0.344238
vn 0.706543 -0.617920 -0.344238
vn 0.724365 -0.611572 -0.317627
vn 0.726074 -0.593018 -0.347412
vn 0.695557 -0.633545 -0.337891
vn 0.684082 -0.653564 -0.323730
vn 0.724365 -0.611572 -0.317627
vn 0.724365 -0.611572 -0.317627
vn 0.706543 -0.617920 -0.344238
vn 0.695557 -0.633545 -0.337891
vn 0.684082 -0.653564 -0.323730
vn 0.695557 -0.633545 -0.337891
vn 0.645264 -0.669434 -0.367920
vn 0.645264 -0.669434 -0.367920
vn 0.597412 -0.713379 -0.365723
vn 0.684082 -0.653564 -0.323730
vn 0.543457 -0.719971 -0.431152
vn 0.449951 -0.778076 -0.437500
vn 0.597412 -0.713379 -0.365723
vn 0.597412 -0.713379 -0.365723
vn 0.645264 -0.669434 -0.367920
vn 0.543457 -0.719971 -0.431152
vn 0.449951 -0.778076 -0.437500
vn 0.543457 -0.719971 -0.431152
vn 0.378174 -0.767578 -0.517090
vn 0.378174 -0.767578 -0.517090
vn 0.241211 -0.818848 -0.520752
vn 0.449951 -0.778076 -0.437500
vn 0.156250 -0.786133 -0.597900
vn 0.005859 -0.811035 -0.584717
vn 0.241211 -0.818848 -0.520752
vn 0.241211 -0.818848 -0.520752
vn 0.378174 -0.767578 -0.517090
vn 0.156250 -0.786133 -0.597900
vn 0.005859 -0.811035 -0.584717
vn 0.156250 -0.786133 -0.597900
vn -0.074707 -0.761719 -0.643311
vn -0.074707 -0.761719 -0.643311
vn -0.198242 -0.764404 -0.613281
vn 0.005859 -0.811035 -0.584717
vn -0.262207 -0.713867 -0.649170
vn -0.339111 -0.710693 -0.616211
vn -0.198242 -0.764404 -0.613281
vn -0.198242 -0.764404 -0.613281
vn -0.074707 -0.761719 -0.643311
vn -0.262207 -0.713867 -0.649170
vn -0.339111 -0.710693 -0.616211
vn -0.262207 -0.713867 -0.649170
vn -0.386230 -0.671875 -0.631592
vn -0.386230 -0.671875 -0.631592
vn -0.418213 -0.674805 -0.607666
vn -0.339111 -0.710693 -0.616211
vn -0.451660 -0.652588 -0.607910
vn -0.445068 -0.666016 -0.598389
vn -0.418213 -0.674805 -0.607666
vn -0.418213 -0.674805 -0.607666
vn -0.386230 -0.671875 -0.631592
vn -0.451660 -0.652588 -0.607910
vn -0.445068 -0.666016 -0.598389
vn -0.451660 -0.652588 -0.607910
vn -0.477051 -0.659912 -0.580322
vn -0.477051 -0.659912 -0.580322
vn -0.442383 -0.683350 -0.580322
vn -0.445068 -0.666016 -0.598389
vn -0.471924 -0.677490 -0.563721
vn -0.424561 -0.706787 -0.565430
vn -0.442383 -0.683350 -0.580322
vn -0.442383 -0.683350 -0.580322
vn -0.477051 -0.659912 -0.580322
vn -0.471924 -0.677490 -0.563721
vn -0.092529 -0.438965 -0.893555
vn -0.129639 -0.468018 -0.874023
vn -0.087646 -0.454834 -0.885986
vn -0.087646 -0.454834 -0.885986
vn -0.067871 -0.432129 -0.898926
vn -0.092529 -0.438965 -0.893555
vn -0.188477 -0.519287 -0.833252
vn -0.101074 -0.498047 -0.861084
vn -0.087646 -0.454834 -0.885986
vn -0.087646 -0.454834 -0.885986
vn -0.129639 -0.468018 -0.874023
vn -0.188477 -0.519287 -0.833252
vn -0.101074 -0.498047 -0.861084
vn -0.188477 -0.519287 -0.833252
vn -0.174561 -0.592285 -0.786377
vn -0.174561 -0.592285 -0.786377
vn -0.023193 -0.564209 -0.825195
vn -0.101074 -0.498047 -0.861084
vn 0.028076 -0.658203 -0.751953
vn 0.232666 -0.608154 -0.758789
vn -0.023193 -0.564209 -0.825195
vn -0.023193 -0.564209 -0.825195
vn -0.174561 -0.592285 -0.786377
vn 0.028076 -0.658203 -0.751953
vn 0.232666 -0.608154 -0.758789
vn 0.028076 -0.658203 -0.751953
vn 0.322754 -0.675537 -0.662598
vn 0.322754 -0.675537 -0.662598
vn 0.516113 -0.597656 -0.613037
vn 0.232666 -0.608154 -0.758789
vn 0.553711 -0.642090 -0.529785
vn 0.681396 -0.569092 -0.459717
vn 0.516113 -0.597656 -0.613037
vn 0.516113 -0.597656 -0.613037
vn 0.322754 -0.675537 -0.662598
vn 0.553711 -0.642090 -0.529785
vn 0.681396 -0.569092 -0.459717
vn 0.553711 -0.642090 -0.529785
vn 0.680420 -0.602051 -0.417236
vn 0.680420 -0.602051 -0.417236
vn 0.751465 -0.555420 -0.355469
vn 0.681396 -0.569092 -0.459717
vn 0.726074 -0.593018 -0.347412
vn 0.762451 -0.573242 -0.299561
vn 0.751465 -0.555420 -0.355469
vn 0.751465 -0.555420 -0.355469
vn 0.680420 -0.602051 -0.417236
vn 0.726074 -0.593018 -0.347412
vn 0.762451 -0.573242 -0.299561
vn 0.726074 -0.593018 -0.347412
vn 0.724365 -0.611572 -0.317627
vn 0.724365 -0.611572 -0.317627
vn 0.732910 -0.618164 -0.283203
vn 0.762451 -0.573242 -0.299561
vn 0.684082 -0.653564 -0.323730
vn 0.659912 -0.687256 -0.302979
vn 0.732910 -0.618164 -0.283203
vn 0.732910 -0.618164 -0.283203
vn 0.724365 -0.611572 -0.317627
vn 0.684082 -0.653564 -0.323730
vn 0.659912 -0.687256 -0.302979
vn 0.684082 -0.653564 -0.323730
vn 0.597412 -0.713379 -0.365723
vn 0.597412 -0.713379 -0.365723
vn 0.529541 -0.768555 -0.358154
vn 0.659912 -0.687256 -0.302979
vn 0.449951 -0.778076 -0.437500
vn 0.330811 -0.835938 -0.437500
vn 0.529541 -0.768555 -0.358154
vn 0.529541 -0.768555 -0.358154
vn 0.597412 -0.713379 -0.365723
vn 0.449951 -0.778076 -0.437500
vn 0.330811 -0.835938 -0.437500
vn 0.449951 -0.778076 -0.437500
vn 0.241211 -0.818848 -0.520752
vn 0.241211 -0.818848 -0.520752
vn 0.086670 -0.853027 -0.514404
vn 0.330811 -0.835938 -0.437500
vn 0.005859 -0.811035 -0.584717
vn -0.140625 -0.813477 -0.563965
vn 0.086670 -0.853027 -0.514404
vn 0.086670 -0.853027 -0.514404
vn 0.241211 -0.818848 -0.520752
vn 0.005859 -0.811035 -0.584717
vn -0.140625 -0.813477 -0.563965
vn 0.005859 -0.811035 -0.584717
vn -0.198242 -0.764404 -0.613281
vn -0.198242 -0.764404 -0.613281
vn -0.305908 -0.750488 -0.585449
vn -0.140625 -0.813477 -0.563965
vn -0.339111 -0.710693 -0.616211
vn -0.401367 -0.697510 -0.593262
vn -0.305908 -0.750488 -0.585449
vn -0.305908 -0.750488 -0.585449
vn -0.198242 -0.764404 -0.613281
vn -0.339111 -0.710693 -0.616211
vn -0.401367 -0.697510 -0.593262
vn -0.339111 -0.710693 -0.616211
vn -0.418213 -0.674805 -0.607666
vn -0.418213 -0.674805 -0.607666
vn -0.440186 -0.670166 -0.597412
vn -0.401367 -0.697510 -0.593262
vn -0.445068 -0.666016 -0.598389
vn -0.430176 -0.671875 -0.602783
vn -0.440186 -0.670166 -0.597412
vn -0.440186 -0.670166 -0.597412
vn -0.418213 -0.674805 -0.607666
vn -0.445068 -0.666016 -0.598389
vn -0.430176 -0.671875 -0.602783
vn -0.445068 -0.666016 -0.598389
vn -0.442383 -0.683350 -0.580322
vn -0.442383 -0.683350 -0.580322
vn -0.397949 -0.698730 -0.594238
vn -0.430176 -0.671875 -0.602783
vn -0.424561 -0.706787 -0.565430
vn -0.365723 -0.727295 -0.580566
vn -0.397949 -0.698730 -0.594238
vn -0.397949 -0.698730 -0.594238
vn -0.442383 -0.683350 -0.580322
vn -0.424561 -0.706787 -0.565430
vn -0.067871 -0.432129 -0.898926
vn -0.087646 -0.454834 -0.885986
vn -0.046387 -0.443359 -0.895020
vn -0.046387 -0.443359 -0.895020
vn -0.045410 -0.426514 -0.903076
vn -0.067871 -0.432129 -0.898926
vn -0.101074 -0.498047 -0.861084
vn -0.002197 -0.474365 -0.880127
vn -0.046387 -0.443359 -0.895020
vn -0.046387 -0.443359 -0.895020
vn -0.087646 -0.454834 -0.885986
vn -0.101074 -0.498047 -0.861084
vn -0.002197 -0.474365 -0.880127
vn -0.101074 -0.498047 -0.861084
vn -0.023193 -0.564209 -0.825195
vn -0.023193 -0.564209 -0.825195
vn 0.152344 -0.522217 -0.838867
vn -0.002197 -0.474365 -0.880127
vn 0.232666 -0.608154 -0.758789
vn 0.444580 -0.532227 -0.720215
vn 0.152344 -0.522217 -0.838867
vn 0.152344 -0.522217 -0.838867
vn -0.023193 -0.564209 -0.825195
vn 0.232666 -0.608154 -0.758789
vn 0.444580 -0.532227 -0.720215
vn 0.232666 -0.608154 -0.758789
vn 0.516113 -0.597656 -0.613037
vn 0.516113 -0.597656 -0.613037
vn 0.681885 -0.503906 -0.529785
vn 0.444580 -0.532227 -0.720215
vn 0.681396 -0.569092 -0.459717
vn 0.780029 -0.498291 -0.378174
vn 0.681885 -0.503906 -0.529785
vn 0.681885 -0.503906 -0.529785
vn 0.516113 -0.597656 -0.613037
vn 0.681396 -0.569092 -0.459717
vn 0.780029 -0.498291 -0.378174
vn 0.681396 -0.569092 -0.459717
vn 0.751465 -0.555420 -0.355469
vn 0.751465 -0.555420 -0.355469
vn 0.803955 -0.518311 -0.291016
vn 0.780029 -0.498291 -0.378174
vn 0.762451 -0.573242 -0.299561
vn 0.785889 -0.565186 -0.250244
vn 0.803955 -0.518311 -0.291016
vn 0.803955 -0.518311 -0.291016
vn 0.751465 -0.555420 -0.355469
vn 0.762451 -0.573242 -0.299561
vn 0.785889 -0.565186 -0.250244
vn 0.762451 -0.573242 -0.299561
vn 0.732910 -0.618164 -0.283203
vn 0.732910 -0.618164 -0.283203
vn 0.728516 -0.638428 -0.247803
vn 0.785889 -0.565186 -0.250244
vn 0.659912 -0.687256 -0.302979
vn 0.616699 -0.734863 -0.281738
vn 0.728516 -0.638428 -0.247803
vn 0.728516 -0.638428 -0.247803
vn 0.732910 -0.618164 -0.283203
vn 0.659912 -0.687256 -0.302979
vn 0.616699 -0.734863 -0.281738
vn 0.659912 -0.687256 -0.302979
vn 0.529541 -0.768555 -0.358154
vn 0.529541 -0.768555 -0.358154
vn 0.431885 -0.831055 -0.349854
vn 0.616699 -0.734863 -0.281738
vn 0.330811 -0.835938 -0.437500
vn 0.180176 -0.883301 -0.432617
vn 0.431885 -0.831055 -0.349854
vn 0.431885 -0.831055 -0.349854
vn 0.529541 -0.768555 -0.358154
vn 0.330811 -0.835938 -0.437500
vn 0.180176 -0.883301 -0.432617
vn 0.330811 -0.835938 -0.437500
vn 0.086670 -0.853027 -0.514404
vn 0.086670 -0.853027 -0.514404
vn -0.079834 -0.862305 -0.500000
vn 0.180176 -0.883301 -0.432617
vn -0.140625 -0.813477 -0.563965
vn -0.278564 -0.793945 -0.540039
vn -0.079834 -0.862305 -0.500000
vn -0.079834 -0.862305 -0.500000
vn 0.086670 -0.853027 -0.514404
vn -0.140625 -0.813477 -0.563965
vn -0.278564 -0.793945 -0.540039
vn -0.140625 -0.813477 -0.563965
vn -0.305908 -0.750488 -0.585449
vn -0.305908 -0.750488 -0.585449
vn -0.398682 -0.724121 -0.562500
vn -0.278564 -0.793945 -0.540039
vn -0.401367 -0.697510 -0.593262
vn -0.452148 -0.676758 -0.580811
vn -0.398682 -0.724121 -0.562500
vn -0.398682 -0.724121 -0.562500
vn -0.305908 -0.750488 -0.585449
vn -0.401367 -0.697510 -0.593262
vn -0.452148 -0.676758 -0.580811
vn -0.401367 -0.697510 -0.593262
vn -0.440186 -0.670166 -0.597412
vn -0.440186 -0.670166 -0.597412
vn -0.453857 -0.659180 -0.599365
vn -0.452148 -0.676758 -0.580811
vn -0.430176 -0.671875 -0.602783
vn -0.406494 -0.670898 -0.619873
vn -0.453857 -0.659180 -0.599365
vn -0.453857 -0.659180 -0.599365
vn -0.440186 -0.670166 -0.597412
vn -0.430176 -0.671875 -0.602783
vn -0.406494 -0.670898 -0.619873
vn -0.430176 -0.671875 -0.602783
vn -0.397949 -0.698730 -0.594238
vn -0.397949 -0.698730 -0.594238
vn -0.341309 -0.706055 -0.620117
vn -0.406494 -0.670898 -0.619873
vn -0.365723 -0.727295 -0.580566
vn -0.291992 -0.739014 -0.606934
vn -0.341309 -0.706055 -0.620117
vn -0.341309 -0.706055 -0.620117
vn -0.397949 -0.698730 -0.594238
vn -0.365723 -0.727295 -0.580566
vn -0.045410 -0.426514 -0.903076
vn -0.046387 -0.443359 -0.895020
vn -0.005615 -0.437988 -0.898682
vn -0.005615 -0.437988 -0.898682
vn -0.025635 -0.417236 -0.908203
vn -0.045410 -0.426514 -0.903076
vn -0.002197 -0.474365 -0.880127
vn 0.093018 -0.472656 -0.876221
vn -0.005615 -0.437988 -0.898682
vn -0.005615 -0.437988 -0.898682
vn -0.046387 -0.443359 -0.895020
vn -0.002197 -0.474365 -0.880127
vn 0.093018 -0.472656 -0.876221
vn -0.002197 -0.474365 -0.880127
vn 0.152344 -0.522217 -0.838867
vn 0.152344 -0.522217 -0.838867
vn 0.304199 -0.505371 -0.807373
vn 0.093018 -0.472656 -0.876221
vn 0.444580 -0.532227 -0.720215
vn 0.596680 -0.483887 -0.639893
vn 0.304199 -0.505371 -0.807373
vn 0.304199 -0.505371 -0.807373
vn 0.152344 -0.522217 -0.838867
vn 0.444580 -0.532227 -0.720215
vn 0.596680 -0.483887 -0.639893
vn 0.444580 -0.532227 -0.720215
vn 0.681885 -0.503906 -0.529785
vn 0.681885 -0.503906 -0.529785
vn 0.781006 -0.446045 -0.436768
vn 0.596680 -0.483887 -0.639893
vn 0.780029 -0.498291 -0.378174
vn 0.832031 -0.460693 -0.308105
vn 0.781006 -0.446045 -0.436768
vn 0.781006 -0.446045 -0.436768
vn 0.681885 -0.503906 -0.529785
vn 0.780029 -0.498291 -0.378174
vn 0.832031 -0.460693 -0.308105
vn 0.780029 -0.498291 -0.378174
vn 0.803955 -0.518311 -0.291016
vn 0.803955 -0.518311 -0.291016
vn 0.828369 -0.503418 -0.245117
vn 0.832031 -0.460693 -0.308105
vn 0.785889 -0.565186 -0.250244
vn 0.788818 -0.571777 -0.224365
vn 0.828369 -0.503418 -0.245117
vn 0.828369 -0.503418 -0.245117
vn 0.803955 -0.518311 -0.291016
vn 0.785889 -0.565186 -0.250244
vn 0.788818 -0.571777 -0.224365
vn 0.785889 -0.565186 -0.250244
vn 0.728516 -0.638428 -0.247803
vn 0.728516 -0.638428 -0.247803
vn 0.706055 -0.665283 -0.241699
vn 0.788818 -0.571777 -0.224365
vn 0.616699 -0.734863 -0.281738
vn 0.554199 -0.777832 -0.295410
vn 0.706055 -0.665283 -0.241699
vn 0.706055 -0.665283 -0.241699
vn 0.728516 -0.638428 -0.247803
vn 0.616699 -0.734863 -0.281738
vn 0.554199 -0.777832 -0.295410
vn 0.616699 -0.734863 -0.281738
vn 0.431885 -0.831055 -0.349854
vn 0.431885 -0.831055 -0.349854
vn 0.320557 -0.869385 -0.375244
vn 0.554199 -0.777832 -0.295410
vn 0.180176 -0.883301 -0.432617
vn 0.035889 -0.890625 -0.452881
vn 0.320557 -0.869385 -0.375244
vn 0.320557 -0.869385 -0.375244
vn 0.431885 -0.831055 -0.349854
vn 0.180176 -0.883301 -0.432617
vn 0.035889 -0.890625 -0.452881
vn 0.180176 -0.883301 -0.432617
vn -0.079834 -0.862305 -0.500000
vn -0.079834 -0.862305 -0.500000
vn -0.216797 -0.835938 -0.503906
vn 0.035889 -0.890625 -0.452881
vn -0.278564 -0.793945 -0.540039
vn -0.379639 -0.755615 -0.533447
vn -0.216797 -0.835938 -0.503906
vn -0.216797 -0.835938 -0.503906
vn -0.079834 -0.862305 -0.500000
vn -0.278564 -0.793945 -0.540039
vn -0.379639 -0.755615 -0.533447
vn -0.278564 -0.793945 -0.540039
vn -0.398682 -0.724121 -0.562500
vn -0.398682 -0.724121 -0.562500
vn -0.461914 -0.691162 -0.555420
vn -0.379639 -0.755615 -0.533447
vn -0.452148 -0.676758 -0.580811
vn -0.482910 -0.656494 -0.579102
vn -0.461914 -0.691162 -0.555420
vn -0.461914 -0.691162 -0.555420
vn -0.398682 -0.724121 -0.562500
vn -0.452148 -0.676758 -0.580811
vn -0.482910 -0.656494 -0.579102
vn -0.452148 -0.676758 -0.580811
vn -0.453857 -0.659180 -0.599365
vn -0.453857 -0.659180 -0.599365
vn -0.454346 -0.653320 -0.605225
vn -0.482910 -0.656494 -0.579102
vn -0.406494 -0.670898 -0.619873
vn -0.373535 -0.678467 -0.632324
vn -0.454346 -0.653320 -0.605225
vn -0.454346 -0.653320 -0.605225
vn -0.453857 -0.659180 -0.599365
vn -0.406494 -0.670898 -0.619873
vn -0.373535 -0.678467 -0.632324
vn -0.406494 -0.670898 -0.619873
vn -0.341309 -0.706055 -0.620117
vn -0.341309 -0.706055 -0.620117
vn -0.280762 -0.722412 -0.631592
vn -0.373535 -0.678467 -0.632324
vn -0.291992 -0.739014 -0.606934
vn -0.217529 -0.757568 -0.614990
vn -0.280762 -0.722412 -0.631592
vn -0.280762 -0.722412 -0.631592
vn -0.341309 -0.706055 -0.620117
vn -0.291992 -0.739014 -0.606934
usemtl Texture
f 1/1/1 2/2/2 3/3/3
f 4/4/4 5/5/5 6/6/6
f 7/7/7 8/8/8 9/9/9
f 10/10/10 11/11/11 12/12/12
f 13/13/13 14/14/14 15/15/15
f 16/16/16 17/17/17 18/18/18
f 19/19/19 20/20/20 21/21/21
f 22/22/22 23/23/23 24/24/24
f 25/25/25 26/26/26 27/27/27
f 28/28/28 29/29/29 30/30/30
f 31/31/31 32/32/32 33/33/33
f 34/34/34 35/35/35 36/36/36
f 37/37/37 38/38/38 39/39/39
f 40/40/40 41/41/41 42/42/42
f 43/43/43 44/44/44 45/45/45
f 46/46/46 47/47/47 48/48/48
f 49/49/49 50/50/50 51/51/51
f 52/52/52 53/53/53 54/54/54
f 55/55/55 56/56/56 57/57/57
f 58/58/58 59/59/59 60/60/60
f 61/61/61 62/62/62 63/63/63
f 64/64/64 65/65/65 66/66/66
f 67/67/67 68/68/68 69/69/69
f 70/70/70 71/71/71 72/72/72
f 73/73/73 74/74/74 75/75/75
f 76/76/76 77/77/77 78/78/78
f 79/79/79 80/80/80 81/81/81
f 82/82/82 83/83/83 84/84/84
f 85/85/85 86/86/86 87/87/87
f 88/88/88 89/89/89 90/90/90
f 91/91/91 92/92/92 93/93/93
f 94/94/94 95/95/95 96/96/96
f 97/97/97 98/98/98 99/99/99
f 100/100/100 101/101/101 102/102/102
f 103/103/103 104/104/104 105/105/105
f 106/106/106 107/107/107 108/108/108
f 109/109/109 110/110/110 111/111/111
f 112/112/112 113/113/113 114/114/114
f 115/115/115 116/116/116 117/117/117
f 118/118/118 119/119/119 120/120/120
f 121/121/121 122/122/122 123/123/123
f 124/124/124 125/125/125 126/126/126
f 127/127/127 128/128/128 129/129/129
f 130/130/130 131/131/131 132/132/132
f 133/133/133 134/134/134 135/135/135
f 136/136/136 137/137/137 138/138/138
f 139/139/139 140/140/140 141/141/141
f 142/142/142 143/143/143 144/144/144
f 145/145/145 146/146/146 147/147/147
f 148/148/148 149/149/149 150/150/150
f 151/151/151 152/152/152 153/153/153
f 154/154/154 155/155/155 156/156/156
f 157/157/157 158/158/158 159/159/159
f 160/160/160 161/161/161 162/162/162
f 163/163/163 164/164/164 165/165/165
f 166/166/166 167/167/167 168/168/168
f 169/169/169 170/170/170 171/171/171
f 172/172/172 173/173/173 174/174/174
f 175/175/175 176/176/176 177/177/177
f 178/178/178 179/179/179 180/180/180
f 181/181/181 182/182/182 183/183/183
f 184/184/184 185/185/185 186/186/186
f 187/187/187 188/188/188 189/189/189
f 190/190/190 191/191/191 192/192/192
f 193/193/193 194/194/194 195/195/195
f 196/196/196 197/197/197 198/198/198
f 199/199/199 200/200/200 201/201/201
f 202/202/202 203/203/203 204/204/204
f 205/205/205 206/206/206 207/207/207
f 208/208/208 209/209/209 210/210/210
f 211/211/211 212/212/212 213/213/213
f 214/214/214 215/215/215 216/216/216
f 217/217/217 218/218/218 219/219/219
f 220/220/220 221/221/221 222/222/222
f 223/223/223 224/224/224 225/225/225
f 226/226/226 227/227/227 228/228/228
f 229/229/229 230/230/230 231/231/231
f 232/232/232 233/233/233 234/234/234
f 235/235/235 236/236/236 237/237/237
f 238/238/238 239/239/239 240/240/240
f 241/241/241 242/242/242 243/243/243
f 244/244/244 245/245/245 246/246/246
f 247/247/247 248/248/248 249/249/249
f 250/250/250 251/251/251 252/252/252
f 253/253/253 254/254/254 255/255/255
f 256/256/256 257/257/257 258/258/258
f 259/259/259 260/260/260 261/261/261
f 262/262/262 263/263/263 264/264/264
f 265/265/265 266/266/266 267/267/267
f 268/268/268 269/269/269 270/270/270
f 271/271/271 272/272/272 273/273/273
f 274/274/274 275/275/275 276/276/276
f 277/277/277 278/278/278 279/279/279
f 280/280/280 281/281/281 282/282/282
f 283/283/283 284/284/284 285/285/285
f 286/286/286 287/287/287 288/288/288
f 289/289/289 290/290/290 291/291/291
f 292/292/292 293/293/293 294/294/294
f 295/295/295 296/296/296 297/297/297
f 298/298/298 299/299/299 300/300/300
f 301/301/301 302/302/302 303/303/303
f 304/304/304 305/305/305 306/306/306
f 307/307/307 308/308/308 309/309/309
f 310/310/310 311/311/311 312/312/312
f 313/313/313 314/314/314 315/315/315
f 316/316/316 317/317/317 318/318/318
f 319/319/319 320/320/320 321/321/321
f 322/322/322 323/323/323 324/324/324
f 325/325/325 326/326/326 327/327/327
f 328/328/328 329/329/329 330/330/330
f 331/331/331 332/332/332 333/333/333
f 334/334/334 335/335/335 336/336/336
f 337/337/337 338/338/338 339/339/339
f 340/340/340 341/341/341 342/342/342
f 343/343/343 344/344/344 345/345/345
f 346/346/346 347/347/347 348/348/348
f 349/349/349 350/350/350 351/351/351
f 352/352/352 353/353/353 354/354/354
f 355/355/355 356/356/356 357/357/357
f 358/358/358 359/359/359 360/360/360
f 361/361/361 362/362/362 363/363/363
f 364/364/364 365/365/365 366/366/366
f 367/367/367 368/368/368 369/369/369
f 370/370/370 371/371/371 372/372/372
f 373/373/373 374/374/374 375/375/375
f 376/376/376 377/377/377 378/378/378
f 379/379/379 380/380/380 381/381/381
f 382/382/382 383/383/383 384/384/384
f 385/385/385 386/386/386 387/387/387
f 388/388/388 389/389/389 390/390/390
f 391/391/391 392/392/392 393/393/393
f 394/394/394 395/395/395 396/396/396
f 397/397/397 398/398/398 399/399/399
f 400/400/400 401/401/401 402/402/402
f 403/403/403 404/404/404 405/405/405
f 406/406/406 407/407/407 408/408/408
f 409/409/409 410/410/410 411/411/411
f 412/412/412 413/413/413 414/414/414
f 415/415/415 416/416/416 417/417/417
f 418/418/418 419/419/419 420/420/420
f 421/421/421 422/422/422 423/423/423
f 424/424/424 425/425/425 426/426/426
f 427/427/427 428/428/428 429/429/429
f 430/430/430 431/431/431 432/432/432
f 433/433/433 434/434/434 435/435/435
f 436/436/436 437/437/437 438/438/438
f 439/439/439 440/440/440 441/441/441
f 442/442/442 443/443/443 444/444/444
f 445/445/445 446/446/446 447/447/447
f 448/448/448 449/449/449 450/450/450
f 451/451/451 452/452/452 453/453/453
f 454/454/454 455/455/455 456/456/456
f 457/457/457 458/458/458 459/459/459
f 460/460/460 461/461/461 462/462/462
f 463/463/463 464/464/464 465/465/465
f 466/466/466 467/467/467 468/468/468
f 469/469/469 470/470/470 471/471/471
f 472/472/472 473/473/473 474/474/474
f 475/475/475 476/476/476 477/477/477
f 478/478/478 479/479/479 480/480/480
f 481/481/481 482/482/482 483/483/483
f 484/484/484 485/485/485 486/486/486
f 487/487/487 488/488/488 489/489/489
f 490/490/490 491/491/491 492/492/492
f 493/493/493 494/494/494 495/495/495
f 496/496/496 497/497/497 498/498/498
f 499/499/499 500/500/500 501/501/501
f 502/502/502 503/503/503 504/504/504
f 505/505/505 506/506/506 507/507/507
f 508/508/508 509/509/509 510/510/510
f 511/511/511 512/512/512 513/513/513
f 514/514/514 515/515/515 516/516/516
f 517/517/517 518/518/518 519/519/519
f 520/520/520 521/521/521 522/522/522
f 523/523/523 524/524/524 525/525/525
f 526/526/526 527/527/527 528/528/528
f 529/529/529 530/530/530 531/531/531
f 532/532/532 533/533/533 534/534/534
f 535/535/535 536/536/536 537/537/537
f 538/538/538 539/539/539 540/540/540
f 541/541/541 542/542/542 543/543/543
f 544/544/544 545/545/545 546/546/546
f 547/547/547 548/548/548 549/549/549
f 550/550/550 551/551/551 552/552/552
f 553/553/553 554/554/554 555/555/555
f 556/556/556 557/557/557 558/558/558
f 559/559/559 560/560/560 561/561/561
f 562/562/562 563/563/563 564/564/564
f 565/565/565 566/566/566 567/567/567
f 568/568/568 569/569/569 570/570/570
f 571/571/571 572/572/572 573/573/573
f 574/574/574 575/575/575 576/576/576
f 577/577/577 578/578/578 579/579/579
f 580/580/580 581/581/581 582/582/582
f 583/583/583 584/584/584 585/585/585
f 586/586/586 587/587/587 588/588/588
f 589/589/589 590/590/590 591/591/591
f 592/592/592 593/593/593 594/594/594
f 595/595/595 596/596/596 597/597/597
f 598/598/598 599/599/599 600/600/600
f 601/601/601 602/602/602 603/603/603
f 604/604/604 605/605/605 606/606/606
f 607/607/607 608/608/608 609/609/609
f 610/610/610 611/611/611 612/612/612
f 613/613/613 614/614/614 615/615/615
f 616/616/616 617/617/617 618/618/618
f 619/619/619 620/620/620 621/621/621
f 622/622/622 623/623/623 624/624/624
f 625/625/625 626/626/626 627/627/627
f 628/628/628 629/629/629 630/630/630
f 631/631/631 632/632/632 633/633/633
f 634/634/634 635/635/635 636/636/636
f 637/637/637 638/638/638 639/639/639
f 640/640/640 641/641/641 642/642/642
f 643/643/643 644/644/644 645/645/645
f 646/646/646 647/647/647 648/648/648
f 649/649/649 650/650/650 651/651/651
f 652/652/652 653/653/653 654/654/654
f 655/655/655 656/656/656 657/657/657
f 658/658/658 659/659/659 660/660/660
f 661/661/661 662/662/662 663/663/663
f 664/664/664 665/665/665 666/666/666
f 667/667/667 668/668/668 669/669/669
f 670/670/670 671/671/671 672/672/672
f 673/673/673 674/674/674 675/675/675
f 676/676/676 677/677/677 678/678/678
f 679/679/679 680/680/680 681/681/681
f 682/682/682 683/683/683 684/684/684
f 685/685/685 686/686/686 687/687/687
f 688/688/688 689/689/689 690/690/690
f 691/691/691 692/692/692 693/693/693
f 694/694/694 695/695/695 696/696/696
f 697/697/697 698/698/698 699/699/699
f 700/700/700 701/701/701 702/702/702
f 703/703/703 704/704/704 705/705/705
f 706/706/706 707/707/707 708/708/708
f 709/709/709 710/710/710 711/711/711
f 712/712/712 713/713/713 714/714/714
f 715/715/715 716/716/716 717/717/717
f 718/718/718 719/719/719 720/720/720
f 721/721/721 722/722/722 723/723/723
f 724/724/724 725/725/725 726/726/726
f 727/727/727 728/728/728 729/729/729
f 730/730/730 731/731/731 732/732/732
f 733/733/733 734/734/734 735/735/735
f 736/736/736 737/737/737 738/738/738
f 739/739/739 740/740/740 741/741/741
f 742/742/742 743/743/743 744/744/744
f 745/745/745 746/746/746 747/747/747
f 748/748/748 749/749/749 750/750/750
f 751/751/751 752/752/752 753/753/753
f 754/754/754 755/755/755 756/756/756
f 757/757/757 758/758/758 759/759/759
f 760/760/760 761/761/761 762/762/762
f 763/763/763 764/764/764 765/765/765
f 766/766/766 767/767/767 768/768/768
f 769/769/769 770/770/770 771/771/771
f 772/772/772 773/773/773 774/774/774
f 775/775/775 776/776/776 777/777/777
f 778/778/778 779/779/779 780/780/780
f 781/781/781 782/782/782 783/783/783
f 784/784/784 785/785/785 786/786/786
f 787/787/787 788/788/788 789/789/789
f 790/790/790 791/791/791 792/792/792
f 793/793/793 794/794/794 795/795/795
f 796/796/796 797/797/797 798/798/798
f 799/799/799 800/800/800 801/801/801
f 802/802/802 803/803/803 804/804/804
f 805/805/805 806/806/806 807/807/807
f 808/808/808 809/809/809 810/810/810
f 811/811/811 812/812/812 813/813/813
f 814/814/814 815/815/815 816/816/816
f 817/817/817 818/818/818 819/819/819
f 820/820/820 821/821/821 822/822/822
f 823/823/823 824/824/824 825/825/825
f 826/826/826 827/827/827 828/828/828
f 829/829/829 830/830/830 831/831/831
f 832/832/832 833/833/833 834/834/834
f 835/835/835 836/836/836 837/837/837
f 838/838/838 839/839/839 840/840/840
f 841/841/841 842/842/842 843/843/843
f 844/844/844 845/845/845 846/846/846
f 847/847/847 848/848/848 849/849/849
f 850/850/850 851/851/851 852/852/852
f 853/853/853 854/854/854 855/855/855
f 856/856/856 857/857/857 858/858/858
f 859/859/859 860/860/860 861/861/861
f 862/862/862 863/863/863 864/864/864
f 865/865/865 866/866/866 867/867/867
f 868/868/868 869/869/869 870/870/870
f 871/871/871 872/872/872 873/873/873
f 874/874/874 875/875/875 876/876/876
f 877/877/877 878/878/878 879/879/879
f 880/880/880 881/881/881 882/882/882
f 883/883/883 884/884/884 885/885/885
f 886/886/886 887/887/887 888/888/888
f 889/889/889 890/890/890 891/891/891
f 892/892/892 893/893/893 894/894/894
f 895/895/895 896/896/896 897/897/897
f 898/898/898 899/899/899 900/900/900
f 901/901/901 902/902/902 903/903/903
f 904/904/904 905/905/905 906/906/906
f 907/907/907 908/908/908 909/909/909
f 910/910/910 911/911/911 912/912/912
f 913/913/913 914/914/914 915/915/915
f 916/916/916 917/917/917 918/918/918
f 919/919/919 920/920/920 921/921/921
f 922/922/922 923/923/923 924/924/924
f 925/925/925 926/926/926 927/927/927
f 928/928/928 929/929/929 930/930/930
f 931/931/931 932/932/932 933/933/933
f 934/934/934 935/935/935 936/936/936
f 937/937/937 938/938/938 939/939/939
f 940/940/940 941/941/941 942/942/942
f 943/943/943 944/944/944 945/945/945
f 946/946/946 947/947/947 948/948/948
f 949/949/949 950/950/950 951/951/951
f 952/952/952 953/953/953 954/954/954
f 955/955/955 956/956/956 957/957/957
f 958/958/958 959/959/959 960/960/960
f 961/961/961 962/962/962 963/963/963
f 964/964/964 965/965/965 966/966/966
f 967/967/967 968/968/968 969/969/969
f 970/970/970 971/971/971 972/972/972
f 973/973/973 974/974/974 975/975/975
f 976/976/976 977/977/977 978/978/978
f 979/979/979 980/980/980 981/981/981
f 982/982/982 983/983/983 984/984/984
f 985/985/985 986/986/986 987/987/987
f 988/988/988 989/989/989 990/990/990
f 991/991/991 992/992/992 993/993/993
f 994/994/994 995/995/995 996/996/996
f 997/997/997 998/998/998 999/999/999
f 1000/1000/1000 1001/1001/1001 1002/1002/1002
f 1003/1003/1003 1004/1004/1004 1005/1005/1005
f 1006/1006/1006 1007/1007/1007 1008/1008/1008
f 1009/1009/1009 1010/1010/1010 1011/1011/1011
f 1012/1012/1012 1013/1013/1013 1014/1014/1014
f 1015/1015/1015 1016/1016/1016 1017/1017/1017
f 1018/1018/1018 1019/1019/1019 1020/1020/1020
f 1021/1021/1021 1022/1022/1022 1023/1023/1023
f 1024/1024/1024 1025/1025/1025 1026/1026/1026
f 1027/1027/1027 1028/1028/1028 1029/1029/1029
f 1030/1030/1030 1031/1031/1031 1032/1032/1032
f 1033/1033/1033 1034/1034/1034 1035/1035/1035
f 1036/1036/1036 1037/1037/1037 1038/1038/1038
f 1039/1039/1039 1040/1040/1040 1041/1041/1041
f 1042/1042/1042 1043/1043/1043 1044/1044/1044
f 1045/1045/1045 1046/1046/1046 1047/1047/1047
f 1048/1048/1048 1049/1049/1049 1050/1050/1050
f 1051/1051/1051 1052/1052/1052 1053/1053/1053
f 1054/1054/1054 1055/1055/1055 1056/1056/1056
f 1057/1057/1057 1058/1058/1058 1059/1059/1059
f 1060/1060/1060 1061/1061/1061 1062/1062/1062
f 1063/1063/1063 1064/1064/1064 1065/1065/1065
f 1066/1066/1066 1067/1067/1067 1068/1068/1068
f 1069/1069/1069 1070/1070/1070 1071/1071/1071
f 1072/1072/1072 1073/1073/1073 1074/1074/1074
f 1075/1075/1075 1076/1076/1076 1077/1077/1077
f 1078/1078/1078 1079/1079/1079 1080/1080/1080
f 1081/1081/1081 1082/1082/1082 1083/1083/1083
f 1084/1084/1084 1085/1085/1085 1086/1086/1086
f 1087/1087/1087 1088/1088/1088 1089/1089/1089
f 1090/1090/1090 1091/1091/1091 1092/1092/1092
f 1093/1093/1093 1094/1094/1094 1095/1095/1095
f 1096/1096/1096 1097/1097/1097 1098/1098/1098
f 1099/1099/1099 1100/1100/1100 1101/1101/1101
f 1102/1102/1102 1103/1103/1103 1104/1104/1104
f 1105/1105/1105 1106/1106/1106 1107/1107/1107
f 1108/1108/1108 1109/1109/1109 1110/1110/1110
f 1111/1111/1111 1112/1112/1112 1113/1113/1113
f 1114/1114/1114 1115/1115/1115 1116/1116/1116
f 1117/1117/1117 1118/1118/1118 1119/1119/1119
f 1120/1120/1120 1121/1121/1121 1122/1122/1122
f 1123/1123/1123 1124/1124/1124 1125/1125/1125
f 1126/1126/1126 1127/1127/1127 1128/1128/1128
f 1129/1129/1129 1130/1130/1130 1131/1131/1131
f 1132/1132/1132 1133/1133/1133 1134/1134/1134
f 1135/1135/1135 1136/1136/1136 1137/1137/1137
f 1138/1138/1138 1139/1139/1139 1140/1140/1140
f 1141/1141/1141 1142/1142/1142 1143/1143/1143
f 1144/1144/1144 1145/1145/1145 1146/1146/1146
f 1147/1147/1147 1148/1148/1148 1149/1149/1149
f 1150/1150/1150 1151/1151/1151 1152/1152/1152
f 1153/1153/1153 1154/1154/1154 1155/1155/1155
f 1156/1156/1156 1157/1157/1157 1158/1158/1158
f 1159/1159/1159 1160/1160/1160 1161/1161/1161
f 1162/1162/1162 1163/1163/1163 1164/1164/1164
f 1165/1165/1165 1166/1166/1166 1167/1167/1167
f 1168/1168/1168 1169/1169/1169 1170/1170/1170
f 1171/1171/1171 1172/1172/1172 1173/1173/1173
f 1174/1174/1174 1175/1175/1175 1176/1176/1176
f 1177/1177/1177 1178/1178/1178 1179/1179/1179
f 1180/1180/1180 1181/1181/1181 1182/1182/1182
f 1183/1183/1183 1184/1184/1184 1185/1185/1185
f 1186/1186/1186 1187/1187/1187 1188/1188/1188
f 1189/1189/1189 1190/1190/1190 1191/1191/1191
f 1192/1192/1192 1193/1193/1193 1194/1194/1194
f 1195/1195/1195 1196/1196/1196 1197/1197/1197
f 1198/1198/1198 1199/1199/1199 1200/1200/1200
f 1201/1201/1201 1202/1202/1202 1203/1203/1203
f 1204/1204/1204 1205/1205/1205 1206/1206/1206
f 1207/1207/1207 1208/1208/1208 1209/1209/1209
f 1210/1210/1210 1211/1211/1211 1212/1212/1212
f 1213/1213/1213 1214/1214/1214 1215/1215/1215
f 1216/1216/1216 1217/1217/1217 1218/1218/1218
f 1219/1219/1219 1220/1220/1220 1221/1221/1221
f 1222/1222/1222 1223/1223/1223 1224/1224/1224
f 1225/1225/1225 1226/1226/1226 1227/1227/1227
f 1228/1228/1228 1229/1229/1229 1230/1230/1230
f 1231/1231/1231 1232/1232/1232 1233/1233/1233
f 1234/1234/1234 1235/1235/1235 1236/1236/1236
f 1237/1237/1237 1238/1238/1238 1239/1239/1239
f 1240/1240/1240 1241/1241/1241 1242/1242/1242
f 1243/1243/1243 1244/1244/1244 1245/1245/1245
f 1246/1246/1246 1247/1247/1247 1248/1248/1248
f 1249/1249/1249 1250/1250/1250 1251/1251/1251
f 1252/1252/1252 1253/1253/1253 1254/1254/1254
f 1255/1255/1255 1256/1256/1256 1257/1257/1257
f 1258/1258/1258 1259/1259/1259 1260/1260/1260
f 1261/1261/1261 1262/1262/1262 1263/1263/1263
f 1264/1264/1264 1265/1265/1265 1266/1266/1266
f 1267/1267/1267 1268/1268/1268 1269/1269/1269
f 1270/1270/1270 1271/1271/1271 1272/1272/1272
f 1273/1273/1273 1274/1274/1274 1275/1275/1275
f 1276/1276/1276 1277/1277/1277 1278/1278/1278
f 1279/1279/1279 1280/1280/1280 1281/1281/1281
f 1282/1282/1282 1283/1283/1283 1284/1284/1284
f 1285/1285/1285 1286/1286/1286 1287/1287/1287
f 1288/1288/1288 1289/1289/1289 1290/1290/1290
f 1291/1291/1291 1292/1292/1292 1293/1293/1293
f 1294/1294/1294 1295/1295/1295 1296/1296/1296
f 1297/1297/1297 1298/1298/1298 1299/1299/1299
f 1300/1300/1300 1301/1301/1301 1302/1302/1302
f 1303/1303/1303 1304/1304/1304 1305/1305/1305
f 1306/1306/1306 1307/1307/1307 1308/1308/1308
f 1309/1309/1309 1310/1310/1310 1311/1311/1311
f 1312/1312/1312 1313/1313/1313 1314/1314/1314