# OBJ file
mtllib bea.icn.mtl
v -0.409668 1.326416 -0.154053 0.290196 0.290196 0.290196 #0.000000
v -1.003418 1.641846 -0.154053 0.290196 0.290196 0.290196 #0.000000
v -0.466309 1.607422 -0.154053 0.290196 0.290196 0.290196 #0.000000
v -1.003418 1.641846 -0.154053 0.290196 0.290196 0.290196 #0.000000
v -0.860596 1.899902 -0.154053 0.290196 0.290196 0.290196 #0.000000
v -0.466309 1.607422 -0.154053 0.290196 0.290196 0.290196 #0.000000
v -0.860596 1.899902 -0.154053 0.290196 0.290196 0.290196 #0.000000
v -0.495361 1.847412 -0.154053 0.290196 0.290196 0.290196 #0.000000
v -0.466309 1.607422 -0.154053 0.290196 0.290196 0.290196 #0.000000
v -0.495361 1.847412 -0.154053 0.290196 0.290196 0.290196 #0.000000
v -0.104736 1.732178 -0.154053 0.290196 0.290196 0.290196 #0.000000
v -0.466309 1.607422 -0.154053 0.290196 0.290196 0.290196 #0.000000
v -0.466309 1.607422 -0.154053 0.290196 0.290196 0.290196 #0.000000
v -0.104736 1.732178 -0.154053 0.290196 0.290196 0.290196 #0.000000
v 0.072021 1.546143 -0.154053 0.290196 0.290196 0.290196 #0.000000
v -0.104736 1.732178 -0.154053 0.290196 0.290196 0.290196 #0.000000
v 0.281250 1.798828 -0.154053 0.290196 0.290196 0.290196 #0.000000
v 0.072021 1.546143 -0.154053 0.290196 0.290196 0.290196 #0.000000
v 0.072021 1.546143 -0.154053 0.290196 0.290196 0.290196 #0.000000
v 0.281250 1.798828 -0.154053 0.290196 0.290196 0.290196 #0.000000
v 0.237793 1.366943 -0.154053 0.290196 0.290196 0.290196 #0.000000
v 0.281250 1.798828 -0.154053 0.290196 0.290196 0.290196 #0.000000
v 0.638672 1.575928 -0.154053 0.290196 0.290196 0.290196 #0.000000
v 0.237793 1.366943 -0.154053 0.290196 0.290196 0.290196 #0.000000
v 0.761963 2.682861 -0.154053 0.290196 0.290196 0.290196 #0.000000
v 0.436523 2.700684 -0.154053 0.290196 0.290196 0.290196 #0.000000
v 0.761963 2.682861 -0.154053 0.290196 0.290196 0.290196 #0.000000
v 0.761963 2.682861 -0.154053 0.290196 0.290196 0.290196 #0.000000
v 0.515381 2.831055 -0.154053 0.290196 0.290196 0.290196 #0.000000
v 0.765137 2.906494 -0.154053 0.290196 0.290196 0.290196 #0.000000
v 0.476318 2.945312 -0.154053 0.290196 0.290196 0.290196 #0.000000
v 0.765137 2.906494 -0.154053 0.290196 0.290196 0.290196 #0.000000
v 0.515381 2.831055 -0.154053 0.290196 0.290196 0.290196 #0.000000
v 0.761963 2.682861 -0.154053 0.290196 0.290196 0.290196 #0.000000
v 0.436523 2.700684 -0.154053 0.290196 0.290196 0.290196 #0.000000
v 0.515381 2.831055 -0.154053 0.290196 0.290196 0.290196 #0.000000
v 0.436523 2.700684 -0.154053 0.290196 0.290196 0.290196 #0.000000
v 0.436523 2.700684 -0.154053 0.290196 0.290196 0.290196 #0.000000
v 0.515381 2.831055 -0.154053 0.290196 0.290196 0.290196 #0.000000
v 0.515381 2.831055 -0.154053 0.290196 0.290196 0.290196 #0.000000
v 0.436523 2.700684 -0.154053 0.290196 0.290196 0.290196 #0.000000
v 0.323242 2.796143 -0.154053 0.290196 0.290196 0.290196 #0.000000
v 0.436523 2.700684 -0.154053 0.290196 0.290196 0.290196 #0.000000
v 0.273193 2.626221 -0.154053 0.290196 0.290196 0.290196 #0.000000
v 0.323242 2.796143 -0.154053 0.290196 0.290196 0.290196 #0.000000
v 0.323242 2.796143 -0.154053 0.290196 0.290196 0.290196 #0.000000
v 0.273193 2.626221 -0.154053 0.290196 0.290196 0.290196 #0.000000
v 0.137695 2.706543 -0.154053 0.290196 0.290196 0.290196 #0.000000
v 0.273193 2.626221 -0.154053 0.290196 0.290196 0.290196 #0.000000
v 0.148682 2.497070 -0.154053 0.290196 0.290196 0.290196 #0.000000
v 0.137695 2.706543 -0.154053 0.290196 0.290196 0.290196 #0.000000
v 0.137695 2.706543 -0.154053 0.290196 0.290196 0.290196 #0.000000
v 0.148682 2.497070 -0.154053 0.290196 0.290196 0.290196 #0.000000
v -0.050781 2.479248 -0.154053 0.290196 0.290196 0.290196 #0.000000
v 0.148682 2.497070 -0.154053 0.290196 0.290196 0.290196 #0.000000
v 0.085693 2.336914 -0.154053 0.290196 0.290196 0.290196 #0.000000
v -0.050781 2.479248 -0.154053 0.290196 0.290196 0.290196 #0.000000
v -0.050781 2.479248 -0.154053 0.290196 0.290196 0.290196 #0.000000
v 0.085693 2.336914 -0.154053 0.290196 0.290196 0.290196 #0.000000
v -0.144287 2.537109 -0.154053 0.290196 0.290196 0.290196 #0.000000
v -0.144287 2.537109 -0.154053 0.290196 0.290196 0.290196 #0.000000
v 0.085693 2.336914 -0.154053 0.290196 0.290196 0.290196 #0.000000
v -0.231201 2.177979 -0.154053 0.290196 0.290196 0.290196 #0.000000
v 0.085693 2.336914 -0.154053 0.290196 0.290196 0.290196 #0.000000
v 0.090820 2.129883 -0.154053 0.290196 0.290196 0.290196 #0.000000
v -0.231201 2.177979 -0.154053 0.290196 0.290196 0.290196 #0.000000
v -0.231201 2.177979 -0.154053 0.290196 0.290196 0.290196 #0.000000
v 0.090820 2.129883 -0.154053 0.290196 0.290196 0.290196 #0.000000
v -0.165039 1.829102 -0.154053 0.290196 0.290196 0.290196 #0.000000
v 0.090820 2.129883 -0.154053 0.290196 0.290196 0.290196 #0.000000
v 0.202148 1.893066 -0.154053 0.290196 0.290196 0.290196 #0.000000
v -0.165039 1.829102 -0.154053 0.290196 0.290196 0.290196 #0.000000
v -1.159668 1.794678 -0.154053 0.290196 0.290196 0.290196 #0.000000
v -1.412109 2.187256 -0.154053 0.290196 0.290196 0.290196 #0.000000
v -0.960205 2.073730 -0.154053 0.290196 0.290196 0.290196 #0.000000
v -0.960205 2.073730 -0.154053 0.290196 0.290196 0.290196 #0.000000
v -1.412109 2.187256 -0.154053 0.290196 0.290196 0.290196 #0.000000
v -1.008545 2.185791 -0.154053 0.290196 0.290196 0.290196 #0.000000
v -1.412109 2.187256 -0.154053 0.290196 0.290196 0.290196 #0.000000
v -1.517334 2.584229 -0.154053 0.290196 0.290196 0.290196 #0.000000
v -1.008545 2.185791 -0.154053 0.290196 0.290196 0.290196 #0.000000
v -1.008545 2.185791 -0.154053 0.290196 0.290196 0.290196 #0.000000
v -1.517334 2.584229 -0.154053 0.290196 0.290196 0.290196 #0.000000
v -0.948486 2.477051 -0.154053 0.290196 0.290196 0.290196 #0.000000
v -0.948486 2.477051 -0.154053 0.290196 0.290196 0.290196 #0.000000
v -1.517334 2.584229 -0.154053 0.290196 0.290196 0.290196 #0.000000
v -1.138916 2.809814 -0.154053 0.290196 0.290196 0.290196 #0.000000
v -1.517334 2.584229 -0.154053 0.290196 0.290196 0.290196 #0.000000
v -1.531982 2.903076 -0.154053 0.290196 0.290196 0.290196 #0.000000
v -1.138916 2.809814 -0.154053 0.290196 0.290196 0.290196 #0.000000
v -1.138916 2.809814 -0.154053 0.290196 0.290196 0.290196 #0.000000
v -1.531982 2.903076 -0.154053 0.290196 0.290196 0.290196 #0.000000
v -1.196289 3.278320 -0.154053 0.290196 0.290196 0.290196 #0.000000
v -1.531982 2.903076 -0.154053 0.290196 0.290196 0.290196 #0.000000
v -1.456299 3.280029 -0.154053 0.290196 0.290196 0.290196 #0.000000
v -1.196289 3.278320 -0.154053 0.290196 0.290196 0.290196 #0.000000
v -1.456299 3.280029 -0.154053 0.290196 0.290196 0.290196 #0.000000
v -1.370605 3.500000 -0.154053 0.290196 0.290196 0.290196 #0.000000
v -1.196289 3.278320 -0.154053 0.290196 0.290196 0.290196 #0.000000
v 1.206543 2.527344 -0.154053 0.290196 0.290196 0.290196 #0.000000
v 0.826416 2.865234 -0.154053 0.290196 0.290196 0.290196 #0.000000
v 1.230469 2.859619 -0.154053 0.290196 0.290196 0.290196 #0.000000
v 1.230469 2.859619 -0.154053 0.290196 0.290196 0.290196 #0.000000
v 0.826416 2.865234 -0.154053 0.290196 0.290196 0.290196 #0.000000
v 0.977783 2.926514 -0.154053 0.290196 0.290196 0.290196 #0.000000
v 0.826416 2.865234 -0.154053 0.290196 0.290196 0.290196 #0.000000
v 0.755127 3.146973 -0.154053 0.290196 0.290196 0.290196 #0.000000
v 0.977783 2.926514 -0.154053 0.290196 0.290196 0.290196 #0.000000
v 0.977783 2.926514 -0.154053 0.290196 0.290196 0.290196 #0.000000
v 0.755127 3.146973 -0.154053 0.290196 0.290196 0.290196 #0.000000
v 0.718262 3.484375 -0.154053 0.290196 0.290196 0.290196 #0.000000
v 0.755127 3.146973 -0.154053 0.290196 0.290196 0.290196 #0.000000
v 0.584473 3.398438 -0.154053 0.290196 0.290196 0.290196 #0.000000
v 0.718262 3.484375 -0.154053 0.290196 0.290196 0.290196 #0.000000
v 0.584473 3.398438 -0.154053 0.290196 0.290196 0.290196 #0.000000
v 0.121582 3.776855 -0.154053 0.290196 0.290196 0.290196 #0.000000
v 0.718262 3.484375 -0.154053 0.290196 0.290196 0.290196 #0.000000
v 0.718262 3.484375 -0.154053 0.290196 0.290196 0.290196 #0.000000
v 0.121582 3.776855 -0.154053 0.290196 0.290196 0.290196 #0.000000
v 0.997314 3.576172 -0.154053 0.290196 0.290196 0.290196 #0.000000
v 0.997314 3.576172 -0.154053 0.290196 0.290196 0.290196 #0.000000
v 0.121582 3.776855 -0.154053 0.290196 0.290196 0.290196 #0.000000
v 0.729248 3.897949 -0.154053 0.290196 0.290196 0.290196 #0.000000
v 0.121582 3.776855 -0.154053 0.290196 0.290196 0.290196 #0.000000
v 0.121338 3.776855 -0.154053 0.290196 0.290196 0.290196 #0.000000
v 0.729248 3.897949 -0.154053 0.290196 0.290196 0.290196 #0.000000
v 0.729248 3.897949 -0.154053 0.290196 0.290196 0.290196 #0.000000
v 0.121338 3.776855 -0.154053 0.290196 0.290196 0.290196 #0.000000
v 0.378906 4.144287 -0.154053 0.290196 0.290196 0.290196 #0.000000
v 0.121338 3.776855 -0.154053 0.290196 0.290196 0.290196 #0.000000
v -0.233643 4.241455 -0.154053 0.290196 0.290196 0.290196 #0.000000
v 0.378906 4.144287 -0.154053 0.290196 0.290196 0.290196 #0.000000
v 0.119629 3.777832 0.111572 0.290196 0.290196 0.290196 #0.000000
v -0.235107 4.241455 0.111572 0.290196 0.290196 0.290196 #0.000000
v 0.121338 3.776855 -0.154053 0.290196 0.290196 0.290196 #0.000000
v -0.233643 4.241455 -0.154053 0.290196 0.290196 0.290196 #0.000000
v 0.121338 3.776855 -0.154053 0.290196 0.290196 0.290196 #0.000000
v -0.235107 4.241455 0.111572 0.290196 0.290196 0.290196 #0.000000
v 0.727295 3.897949 0.111572 0.290196 0.290196 0.290196 #0.000000
v 0.996094 3.576172 0.111572 0.290196 0.290196 0.290196 #0.000000
v 0.997314 3.576172 -0.154053 0.290196 0.290196 0.290196 #0.000000
v -0.235107 4.241455 0.111572 0.290196 0.290196 0.290196 #0.000000
v 0.377686 4.145508 0.111572 0.290196 0.290196 0.290196 #0.000000
v -0.233643 4.241455 -0.154053 0.290196 0.290196 0.290196 #0.000000
v 0.378906 4.144287 -0.154053 0.290196 0.290196 0.290196 #0.000000
v -0.233643 4.241455 -0.154053 0.290196 0.290196 0.290196 #0.000000
v 0.377686 4.145508 0.111572 0.290196 0.290196 0.290196 #0.000000
v 0.996094 3.576172 0.111572 0.290196 0.290196 0.290196 #0.000000
v 0.717041 3.484375 0.111572 0.290196 0.290196 0.290196 #0.000000
v 0.997314 3.576172 -0.154053 0.290196 0.290196 0.290196 #0.000000
v 0.718262 3.484375 -0.154053 0.290196 0.290196 0.290196 #0.000000
v 0.997314 3.576172 -0.154053 0.290196 0.290196 0.290196 #0.000000
v 0.717041 3.484375 0.111572 0.290196 0.290196 0.290196 #0.000000
v 0.729248 3.897949 -0.154053 0.290196 0.290196 0.290196 #0.000000
v 0.378906 4.144287 -0.154053 0.290196 0.290196 0.290196 #0.000000
v 0.377686 4.145508 0.111572 0.290196 0.290196 0.290196 #0.000000
v 0.121338 3.776855 -0.154053 0.290196 0.290196 0.290196 #0.000000
v 0.121582 3.776855 -0.154053 0.290196 0.290196 0.290196 #0.000000
v 0.119629 3.777832 0.111572 0.290196 0.290196 0.290196 #0.000000
v 0.997314 3.576172 -0.154053 0.290196 0.290196 0.290196 #0.000000
v 0.729248 3.897949 -0.154053 0.290196 0.290196 0.290196 #0.000000
v 0.727295 3.897949 0.111572 0.290196 0.290196 0.290196 #0.000000
v 0.377686 4.145508 0.111572 0.290196 0.290196 0.290196 #0.000000
v 0.727295 3.897949 0.111572 0.290196 0.290196 0.290196 #0.000000
v 0.729248 3.897949 -0.154053 0.290196 0.290196 0.290196 #0.000000
v 0.583252 3.398438 0.111572 0.290196 0.290196 0.290196 #0.000000
v 0.119629 3.777832 0.111572 0.290196 0.290196 0.290196 #0.000000
v 0.584473 3.398438 -0.154053 0.290196 0.290196 0.290196 #0.000000
v 0.121582 3.776855 -0.154053 0.290196 0.290196 0.290196 #0.000000
v 0.584473 3.398438 -0.154053 0.290196 0.290196 0.290196 #0.000000
v 0.119629 3.777832 0.111572 0.290196 0.290196 0.290196 #0.000000
v 0.753906 3.146973 0.111572 0.290196 0.290196 0.290196 #0.000000
v 0.583252 3.398438 0.111572 0.290196 0.290196 0.290196 #0.000000
v 0.755127 3.146973 -0.154053 0.290196 0.290196 0.290196 #0.000000
v 0.584473 3.398438 -0.154053 0.290196 0.290196 0.290196 #0.000000
v 0.755127 3.146973 -0.154053 0.290196 0.290196 0.290196 #0.000000
v 0.583252 3.398438 0.111572 0.290196 0.290196 0.290196 #0.000000
v 0.717041 3.484375 0.111572 0.290196 0.290196 0.290196 #0.000000
v 0.976562 2.926514 0.111572 0.290196 0.290196 0.290196 #0.000000
v 0.718262 3.484375 -0.154053 0.290196 0.290196 0.290196 #0.000000
v 0.977783 2.926514 -0.154053 0.290196 0.290196 0.290196 #0.000000
v 0.718262 3.484375 -0.154053 0.290196 0.290196 0.290196 #0.000000
v 0.976562 2.926514 0.111572 0.290196 0.290196 0.290196 #0.000000
v 0.825195 2.865234 0.111572 0.290196 0.290196 0.290196 #0.000000
v 0.753906 3.146973 0.111572 0.290196 0.290196 0.290196 #0.000000
v 0.826416 2.865234 -0.154053 0.290196 0.290196 0.290196 #0.000000
v 0.755127 3.146973 -0.154053 0.290196 0.290196 0.290196 #0.000000
v 0.826416 2.865234 -0.154053 0.290196 0.290196 0.290196 #0.000000
v 0.753906 3.146973 0.111572 0.290196 0.290196 0.290196 #0.000000
v 1.230469 2.859619 -0.154053 0.290196 0.290196 0.290196 #0.000000
v 0.977783 2.926514 -0.154053 0.290196 0.290196 0.290196 #0.000000
v 0.976562 2.926514 0.111572 0.290196 0.290196 0.290196 #0.000000
v 0.976562 2.926514 0.111572 0.290196 0.290196 0.290196 #0.000000
v 1.229248 2.859619 0.111572 0.290196 0.290196 0.290196 #0.000000
v 1.230469 2.859619 -0.154053 0.290196 0.290196 0.290196 #0.000000
v 1.205322 2.527344 0.111572 0.290196 0.290196 0.290196 #0.000000
v 0.825195 2.865234 0.111572 0.290196 0.290196 0.290196 #0.000000
v 1.206543 2.527344 -0.154053 0.290196 0.290196 0.290196 #0.000000
v 0.826416 2.865234 -0.154053 0.290196 0.290196 0.290196 #0.000000
v 1.206543 2.527344 -0.154053 0.290196 0.290196 0.290196 #0.000000
v 0.825195 2.865234 0.111572 0.290196 0.290196 0.290196 #0.000000
v 1.229248 2.859619 0.111572 0.290196 0.290196 0.290196 #0.000000
v 1.205322 2.527344 0.111572 0.290196 0.290196 0.290196 #0.000000
v 1.230469 2.859619 -0.154053 0.290196 0.290196 0.290196 #0.000000
v 1.206543 2.527344 -0.154053 0.290196 0.290196 0.290196 #0.000000
v 1.230469 2.859619 -0.154053 0.290196 0.290196 0.290196 #0.000000
v 1.205322 2.527344 0.111572 0.290196 0.290196 0.290196 #0.000000
v 0.514160 2.831055 0.111572 0.290196 0.290196 0.290196 #0.000000
v 0.475098 2.945312 0.111572 0.290196 0.290196 0.290196 #0.000000
v 0.515381 2.831055 -0.154053 0.290196 0.290196 0.290196 #0.000000
v 0.476318 2.945312 -0.154053 0.290196 0.290196 0.290196 #0.000000
v 0.515381 2.831055 -0.154053 0.290196 0.290196 0.290196 #0.000000
v 0.475098 2.945312 0.111572 0.290196 0.290196 0.290196 #0.000000
v -0.145752 2.537109 0.111572 0.290196 0.290196 0.290196 #0.000000
v -0.052002 2.479248 0.111572 0.290196 0.290196 0.290196 #0.000000
v -0.144287 2.537109 -0.154053 0.290196 0.290196 0.290196 #0.000000
v -0.050781 2.479248 -0.154053 0.290196 0.290196 0.290196 #0.000000
v -0.144287 2.537109 -0.154053 0.290196 0.290196 0.290196 #0.000000
v -0.052002 2.479248 0.111572 0.290196 0.290196 0.290196 #0.000000
v 0.088379 2.130615 0.111572 0.290196 0.290196 0.290196 #0.000000
v 0.200928 1.893066 0.111572 0.290196 0.290196 0.290196 #0.000000
v 0.090820 2.129883 -0.154053 0.290196 0.290196 0.290196 #0.000000
v 0.202148 1.893066 -0.154053 0.290196 0.290196 0.290196 #0.000000
v 0.090820 2.129883 -0.154053 0.290196 0.290196 0.290196 #0.000000
v 0.200928 1.893066 0.111572 0.290196 0.290196 0.290196 #0.000000
v 0.759277 2.683350 0.111572 0.290196 0.290196 0.290196 #0.000000
v 0.760742 2.682861 0.111572 0.290196 0.290196 0.290196 #0.000000
v 0.761963 2.682861 -0.154053 0.290196 0.290196 0.290196 #0.000000
v 0.761963 2.682861 -0.154053 0.290196 0.290196 0.290196 #0.000000
v 0.761963 2.682861 -0.154053 0.290196 0.290196 0.290196 #0.000000
v 0.760742 2.682861 0.111572 0.290196 0.290196 0.290196 #0.000000
v 0.760742 2.682861 0.111572 0.290196 0.290196 0.290196 #0.000000
v 0.435059 2.700439 0.111572 0.290196 0.290196 0.290196 #0.000000
v 0.761963 2.682861 -0.154053 0.290196 0.290196 0.290196 #0.000000
v 0.436523 2.700684 -0.154053 0.290196 0.290196 0.290196 #0.000000
v 0.761963 2.682861 -0.154053 0.290196 0.290196 0.290196 #0.000000
v 0.435059 2.700439 0.111572 0.290196 0.290196 0.290196 #0.000000
v 0.763916 2.906494 0.111572 0.290196 0.290196 0.290196 #0.000000
v 0.759277 2.683350 0.111572 0.290196 0.290196 0.290196 #0.000000
v 0.765137 2.906494 -0.154053 0.290196 0.290196 0.290196 #0.000000
v 0.761963 2.682861 -0.154053 0.290196 0.290196 0.290196 #0.000000
v 0.765137 2.906494 -0.154053 0.290196 0.290196 0.290196 #0.000000
v 0.759277 2.683350 0.111572 0.290196 0.290196 0.290196 #0.000000
v 0.200928 1.893066 0.111572 0.290196 0.290196 0.290196 #0.000000
v -0.166260 1.829102 0.111572 0.290196 0.290196 0.290196 #0.000000
v 0.202148 1.893066 -0.154053 0.290196 0.290196 0.290196 #0.000000
v -0.165039 1.829102 -0.154053 0.290196 0.290196 0.290196 #0.000000
v 0.202148 1.893066 -0.154053 0.290196 0.290196 0.290196 #0.000000
v -0.166260 1.829102 0.111572 0.290196 0.290196 0.290196 #0.000000
v 0.475098 2.945312 0.111572 0.290196 0.290196 0.290196 #0.000000
v 0.763916 2.906494 0.111572 0.290196 0.290196 0.290196 #0.000000
v 0.476318 2.945312 -0.154053 0.290196 0.290196 0.290196 #0.000000
v 0.765137 2.906494 -0.154053 0.290196 0.290196 0.290196 #0.000000
v 0.476318 2.945312 -0.154053 0.290196 0.290196 0.290196 #0.000000
v 0.763916 2.906494 0.111572 0.290196 0.290196 0.290196 #0.000000
v -0.231201 2.177979 -0.154053 0.290196 0.290196 0.290196 #0.000000
v -0.165039 1.829102 -0.154053 0.290196 0.290196 0.290196 #0.000000
v -0.166260 1.829102 0.111572 0.290196 0.290196 0.290196 #0.000000
v -0.166260 1.829102 0.111572 0.290196 0.290196 0.290196 #0.000000
v -0.232422 2.177979 0.111572 0.290196 0.290196 0.290196 #0.000000
v -0.231201 2.177979 -0.154053 0.290196 0.290196 0.290196 #0.000000
v 0.084473 2.337158 0.111572 0.290196 0.290196 0.290196 #0.000000
v 0.088379 2.130615 0.111572 0.290196 0.290196 0.290196 #0.000000
v 0.085693 2.336914 -0.154053 0.290196 0.290196 0.290196 #0.000000
v 0.090820 2.129883 -0.154053 0.290196 0.290196 0.290196 #0.000000
v 0.085693 2.336914 -0.154053 0.290196 0.290196 0.290196 #0.000000
v 0.088379 2.130615 0.111572 0.290196 0.290196 0.290196 #0.000000
v -0.232422 2.177979 0.111572 0.290196 0.290196 0.290196 #0.000000
v -0.145752 2.537109 0.111572 0.290196 0.290196 0.290196 #0.000000
v -0.231201 2.177979 -0.154053 0.290196 0.290196 0.290196 #0.000000
v -0.144287 2.537109 -0.154053 0.290196 0.290196 0.290196 #0.000000
v -0.231201 2.177979 -0.154053 0.290196 0.290196 0.290196 #0.000000
v -0.145752 2.537109 0.111572 0.290196 0.290196 0.290196 #0.000000
v 0.147461 2.497070 0.111572 0.290196 0.290196 0.290196 #0.000000
v 0.084473 2.337158 0.111572 0.290196 0.290196 0.290196 #0.000000
v 0.148682 2.497070 -0.154053 0.290196 0.290196 0.290196 #0.000000
v 0.085693 2.336914 -0.154053 0.290196 0.290196 0.290196 #0.000000
v 0.148682 2.497070 -0.154053 0.290196 0.290196 0.290196 #0.000000
v 0.084473 2.337158 0.111572 0.290196 0.290196 0.290196 #0.000000
v 0.137695 2.706543 -0.154053 0.290196 0.290196 0.290196 #0.000000
v -0.050781 2.479248 -0.154053 0.290196 0.290196 0.290196 #0.000000
v -0.052002 2.479248 0.111572 0.290196 0.290196 0.290196 #0.000000
v 0.272217 2.626709 0.111572 0.290196 0.290196 0.290196 #0.000000
v 0.147461 2.497070 0.111572 0.290196 0.290196 0.290196 #0.000000
v 0.273193 2.626221 -0.154053 0.290196 0.290196 0.290196 #0.000000
v 0.148682 2.497070 -0.154053 0.290196 0.290196 0.290196 #0.000000
v 0.273193 2.626221 -0.154053 0.290196 0.290196 0.290196 #0.000000
v 0.147461 2.497070 0.111572 0.290196 0.290196 0.290196 #0.000000
v 0.323242 2.796143 -0.154053 0.290196 0.290196 0.290196 #0.000000
v 0.137695 2.706543 -0.154053 0.290196 0.290196 0.290196 #0.000000
v 0.137451 2.707520 0.111572 0.290196 0.290196 0.290196 #0.000000
v -0.052002 2.479248 0.111572 0.290196 0.290196 0.290196 #0.000000
v 0.137451 2.707520 0.111572 0.290196 0.290196 0.290196 #0.000000
v 0.137695 2.706543 -0.154053 0.290196 0.290196 0.290196 #0.000000
v 0.435059 2.700439 0.111572 0.290196 0.290196 0.290196 #0.000000
v 0.272217 2.626709 0.111572 0.290196 0.290196 0.290196 #0.000000
v 0.436523 2.700684 -0.154053 0.290196 0.290196 0.290196 #0.000000
v 0.273193 2.626221 -0.154053 0.290196 0.290196 0.290196 #0.000000
v 0.436523 2.700684 -0.154053 0.290196 0.290196 0.290196 #0.000000
v 0.272217 2.626709 0.111572 0.290196 0.290196 0.290196 #0.000000
v 0.515381 2.831055 -0.154053 0.290196 0.290196 0.290196 #0.000000
v 0.323242 2.796143 -0.154053 0.290196 0.290196 0.290196 #0.000000
v 0.514160 2.831055 0.111572 0.290196 0.290196 0.290196 #0.000000
v 0.321777 2.795410 0.111572 0.290196 0.290196 0.290196 #0.000000
v 0.514160 2.831055 0.111572 0.290196 0.290196 0.290196 #0.000000
v 0.323242 2.796143 -0.154053 0.290196 0.290196 0.290196 #0.000000
v 0.436523 2.700684 -0.154053 0.290196 0.290196 0.290196 #0.000000
v 0.436523 2.700684 -0.154053 0.290196 0.290196 0.290196 #0.000000
v 0.435059 2.700439 0.111572 0.290196 0.290196 0.290196 #0.000000
v -0.467529 1.607422 0.111572 0.290196 0.290196 0.290196 #0.000000
v -0.410889 1.326416 0.111572 0.290196 0.290196 0.290196 #0.000000
v -0.466309 1.607422 -0.154053 0.290196 0.290196 0.290196 #0.000000
v -0.409668 1.326416 -0.154053 0.290196 0.290196 0.290196 #0.000000
v -0.466309 1.607422 -0.154053 0.290196 0.290196 0.290196 #0.000000
v -0.410889 1.326416 0.111572 0.290196 0.290196 0.290196 #0.000000
v -0.410889 1.326416 0.111572 0.290196 0.290196 0.290196 #0.000000
v -1.004883 1.641846 0.111572 0.290196 0.290196 0.290196 #0.000000
v -0.409668 1.326416 -0.154053 0.290196 0.290196 0.290196 #0.000000
v -1.003418 1.641846 -0.154053 0.290196 0.290196 0.290196 #0.000000
v -0.409668 1.326416 -0.154053 0.290196 0.290196 0.290196 #0.000000
v -1.004883 1.641846 0.111572 0.290196 0.290196 0.290196 #0.000000
v 0.637451 1.575928 0.111572 0.290196 0.290196 0.290196 #0.000000
v 0.236572 1.366943 0.111572 0.290196 0.290196 0.290196 #0.000000
v 0.638672 1.575928 -0.154053 0.290196 0.290196 0.290196 #0.000000
v 0.237793 1.366943 -0.154053 0.290196 0.290196 0.290196 #0.000000
v 0.638672 1.575928 -0.154053 0.290196 0.290196 0.290196 #0.000000
v 0.236572 1.366943 0.111572 0.290196 0.290196 0.290196 #0.000000
v -1.004883 1.641846 0.111572 0.290196 0.290196 0.290196 #0.000000
v -0.861816 1.899902 0.111572 0.290196 0.290196 0.290196 #0.000000
v -1.003418 1.641846 -0.154053 0.290196 0.290196 0.290196 #0.000000
v -0.860596 1.899902 -0.154053 0.290196 0.290196 0.290196 #0.000000
v -1.003418 1.641846 -0.154053 0.290196 0.290196 0.290196 #0.000000
v -0.861816 1.899902 0.111572 0.290196 0.290196 0.290196 #0.000000
v -0.861816 1.899902 0.111572 0.290196 0.290196 0.290196 #0.000000
v -0.496582 1.847412 0.111572 0.290196 0.290196 0.290196 #0.000000
v -0.860596 1.899902 -0.154053 0.290196 0.290196 0.290196 #0.000000
v -0.495361 1.847412 -0.154053 0.290196 0.290196 0.290196 #0.000000
v -0.860596 1.899902 -0.154053 0.290196 0.290196 0.290196 #0.000000
v -0.496582 1.847412 0.111572 0.290196 0.290196 0.290196 #0.000000
v -0.104736 1.732178 -0.154053 0.290196 0.290196 0.290196 #0.000000
v -0.495361 1.847412 -0.154053 0.290196 0.290196 0.290196 #0.000000
v -0.496582 1.847412 0.111572 0.290196 0.290196 0.290196 #0.000000
v 0.281250 1.798828 -0.154053 0.290196 0.290196 0.290196 #0.000000
v -0.104736 1.732178 -0.154053 0.290196 0.290196 0.290196 #0.000000
v -0.105957 1.732178 0.111572 0.290196 0.290196 0.290196 #0.000000
v -0.496582 1.847412 0.111572 0.290196 0.290196 0.290196 #0.000000
v -0.105957 1.732178 0.111572 0.290196 0.290196 0.290196 #0.000000
v -0.104736 1.732178 -0.154053 0.290196 0.290196 0.290196 #0.000000
v 0.070801 1.546143 0.111572 0.290196 0.290196 0.290196 #0.000000
v -0.467529 1.607422 0.111572 0.290196 0.290196 0.290196 #0.000000
v 0.072021 1.546143 -0.154053 0.290196 0.290196 0.290196 #0.000000
v -0.466309 1.607422 -0.154053 0.290196 0.290196 0.290196 #0.000000
v 0.072021 1.546143 -0.154053 0.290196 0.290196 0.290196 #0.000000
v -0.467529 1.607422 0.111572 0.290196 0.290196 0.290196 #0.000000
v 0.279785 1.798828 0.111572 0.290196 0.290196 0.290196 #0.000000
v 0.637451 1.575928 0.111572 0.290196 0.290196 0.290196 #0.000000
v 0.281250 1.798828 -0.154053 0.290196 0.290196 0.290196 #0.000000
v 0.638672 1.575928 -0.154053 0.290196 0.290196 0.290196 #0.000000
v 0.281250 1.798828 -0.154053 0.290196 0.290196 0.290196 #0.000000
v 0.637451 1.575928 0.111572 0.290196 0.290196 0.290196 #0.000000
v 0.072021 1.546143 -0.154053 0.290196 0.290196 0.290196 #0.000000
v 0.237793 1.366943 -0.154053 0.290196 0.290196 0.290196 #0.000000
v 0.236572 1.366943 0.111572 0.290196 0.290196 0.290196 #0.000000
v 0.236572 1.366943 0.111572 0.290196 0.290196 0.290196 #0.000000
v 0.070801 1.546143 0.111572 0.290196 0.290196 0.290196 #0.000000
v 0.072021 1.546143 -0.154053 0.290196 0.290196 0.290196 #0.000000
v -0.105957 1.732178 0.111572 0.290196 0.290196 0.290196 #0.000000
v 0.279785 1.798828 0.111572 0.290196 0.290196 0.290196 #0.000000
v 0.281250 1.798828 -0.154053 0.290196 0.290196 0.290196 #0.000000
v -1.457520 3.280029 0.111572 0.290196 0.290196 0.290196 #0.000000
v -1.371826 3.500000 0.111572 0.290196 0.290196 0.290196 #0.000000
v -1.456299 3.280029 -0.154053 0.290196 0.290196 0.290196 #0.000000
v -1.370605 3.500000 -0.154053 0.290196 0.290196 0.290196 #0.000000
v -1.456299 3.280029 -0.154053 0.290196 0.290196 0.290196 #0.000000
v -1.371826 3.500000 0.111572 0.290196 0.290196 0.290196 #0.000000
v -0.961426 2.073730 0.111572 0.290196 0.290196 0.290196 #0.000000
v -1.161133 1.794678 0.111572 0.290196 0.290196 0.290196 #0.000000
v -1.159668 1.794678 -0.154053 0.290196 0.290196 0.290196 #0.000000
v -1.371826 3.500000 0.111572 0.290196 0.290196 0.290196 #0.000000
v -1.197510 3.278320 0.111572 0.290196 0.290196 0.290196 #0.000000
v -1.370605 3.500000 -0.154053 0.290196 0.290196 0.290196 #0.000000
v -1.196289 3.278320 -0.154053 0.290196 0.290196 0.290196 #0.000000
v -1.370605 3.500000 -0.154053 0.290196 0.290196 0.290196 #0.000000
v -1.197510 3.278320 0.111572 0.290196 0.290196 0.290196 #0.000000
v -1.533447 2.903076 0.111572 0.290196 0.290196 0.290196 #0.000000
v -1.457520 3.280029 0.111572 0.290196 0.290196 0.290196 #0.000000
v -1.531982 2.903076 -0.154053 0.290196 0.290196 0.290196 #0.000000
v -1.456299 3.280029 -0.154053 0.290196 0.290196 0.290196 #0.000000
v -1.531982 2.903076 -0.154053 0.290196 0.290196 0.290196 #0.000000
v -1.457520 3.280029 0.111572 0.290196 0.290196 0.290196 #0.000000
v -1.138916 2.809814 -0.154053 0.290196 0.290196 0.290196 #0.000000
v -1.196289 3.278320 -0.154053 0.290196 0.290196 0.290196 #0.000000
v -1.197510 3.278320 0.111572 0.290196 0.290196 0.290196 #0.000000
v -0.948486 2.477051 -0.154053 0.290196 0.290196 0.290196 #0.000000
v -1.138916 2.809814 -0.154053 0.290196 0.290196 0.290196 #0.000000
v -1.140137 2.809814 0.111572 0.290196 0.290196 0.290196 #0.000000
v -1.197510 3.278320 0.111572 0.290196 0.290196 0.290196 #0.000000
v -1.140137 2.809814 0.111572 0.290196 0.290196 0.290196 #0.000000
v -1.138916 2.809814 -0.154053 0.290196 0.290196 0.290196 #0.000000
v -1.518799 2.585693 0.111572 0.290196 0.290196 0.290196 #0.000000
v -1.533447 2.903076 0.111572 0.290196 0.290196 0.290196 #0.000000
v -1.531982 2.903076 -0.154053 0.290196 0.290196 0.290196 #0.000000
v -1.413818 2.186768 0.111572 0.290196 0.290196 0.290196 #0.000000
v -1.518799 2.585693 0.111572 0.290196 0.290196 0.290196 #0.000000
v -1.517334 2.584229 -0.154053 0.290196 0.290196 0.290196 #0.000000
v -1.531982 2.903076 -0.154053 0.290196 0.290196 0.290196 #0.000000
v -1.517334 2.584229 -0.154053 0.290196 0.290196 0.290196 #0.000000
v -1.518799 2.585693 0.111572 0.290196 0.290196 0.290196 #0.000000
v -1.140137 2.809814 0.111572 0.290196 0.290196 0.290196 #0.000000
v -0.949707 2.477051 0.111572 0.290196 0.290196 0.290196 #0.000000
v -0.948486 2.477051 -0.154053 0.290196 0.290196 0.290196 #0.000000
v -0.949707 2.477051 0.111572 0.290196 0.290196 0.290196 #0.000000
v -1.009766 2.185791 0.111572 0.290196 0.290196 0.290196 #0.000000
v -0.948486 2.477051 -0.154053 0.290196 0.290196 0.290196 #0.000000
v -1.008545 2.185791 -0.154053 0.290196 0.290196 0.290196 #0.000000
v -0.948486 2.477051 -0.154053 0.290196 0.290196 0.290196 #0.000000
v -1.009766 2.185791 0.111572 0.290196 0.290196 0.290196 #0.000000
v -1.517334 2.584229 -0.154053 0.290196 0.290196 0.290196 #0.000000
v -1.412109 2.187256 -0.154053 0.290196 0.290196 0.290196 #0.000000
v -1.413818 2.186768 0.111572 0.290196 0.290196 0.290196 #0.000000
v -1.009766 2.185791 0.111572 0.290196 0.290196 0.290196 #0.000000
v -0.961426 2.073730 0.111572 0.290196 0.290196 0.290196 #0.000000
v -1.008545 2.185791 -0.154053 0.290196 0.290196 0.290196 #0.000000
v -0.960205 2.073730 -0.154053 0.290196 0.290196 0.290196 #0.000000
v -1.008545 2.185791 -0.154053 0.290196 0.290196 0.290196 #0.000000
v -0.961426 2.073730 0.111572 0.290196 0.290196 0.290196 #0.000000
v -1.159668 1.794678 -0.154053 0.290196 0.290196 0.290196 #0.000000
v -0.960205 2.073730 -0.154053 0.290196 0.290196 0.290196 #0.000000
v -0.961426 2.073730 0.111572 0.290196 0.290196 0.290196 #0.000000
v -1.161133 1.794678 0.111572 0.290196 0.290196 0.290196 #0.000000
v -1.413818 2.186768 0.111572 0.290196 0.290196 0.290196 #0.000000
v -1.159668 1.794678 -0.154053 0.290196 0.290196 0.290196 #0.000000
v -1.412109 2.187256 -0.154053 0.290196 0.290196 0.290196 #0.000000
v -1.159668 1.794678 -0.154053 0.290196 0.290196 0.290196 #0.000000
v -1.413818 2.186768 0.111572 0.290196 0.290196 0.290196 #0.000000
v -0.235107 4.241455 0.111572 0.290196 0.290196 0.290196 #0.000000
v 0.119629 3.777832 0.111572 0.290196 0.290196 0.290196 #0.000000
v 0.377686 4.145508 0.111572 0.290196 0.290196 0.290196 #0.000000
v 0.377686 4.145508 0.111572 0.290196 0.290196 0.290196 #0.000000
v 0.119629 3.777832 0.111572 0.290196 0.290196 0.290196 #0.000000
v 0.727295 3.897949 0.111572 0.290196 0.290196 0.290196 #0.000000
v 0.996094 3.576172 0.111572 0.290196 0.290196 0.290196 #0.000000
v 0.727295 3.897949 0.111572 0.290196 0.290196 0.290196 #0.000000
v 0.717041 3.484375 0.111572 0.290196 0.290196 0.290196 #0.000000
v 0.727295 3.897949 0.111572 0.290196 0.290196 0.290196 #0.000000
v 0.119629 3.777832 0.111572 0.290196 0.290196 0.290196 #0.000000
v 0.717041 3.484375 0.111572 0.290196 0.290196 0.290196 #0.000000
v 1.205322 2.527344 0.111572 0.290196 0.290196 0.290196 #0.000000
v 1.229248 2.859619 0.111572 0.290196 0.290196 0.290196 #0.000000
v 0.825195 2.865234 0.111572 0.290196 0.290196 0.290196 #0.000000
v 1.229248 2.859619 0.111572 0.290196 0.290196 0.290196 #0.000000
v 0.976562 2.926514 0.111572 0.290196 0.290196 0.290196 #0.000000
v 0.825195 2.865234 0.111572 0.290196 0.290196 0.290196 #0.000000
v 0.825195 2.865234 0.111572 0.290196 0.290196 0.290196 #0.000000
v 0.976562 2.926514 0.111572 0.290196 0.290196 0.290196 #0.000000
v 0.753906 3.146973 0.111572 0.290196 0.290196 0.290196 #0.000000
v 0.976562 2.926514 0.111572 0.290196 0.290196 0.290196 #0.000000
v 0.717041 3.484375 0.111572 0.290196 0.290196 0.290196 #0.000000
v 0.753906 3.146973 0.111572 0.290196 0.290196 0.290196 #0.000000
v 0.753906 3.146973 0.111572 0.290196 0.290196 0.290196 #0.000000
v 0.717041 3.484375 0.111572 0.290196 0.290196 0.290196 #0.000000
v 0.583252 3.398438 0.111572 0.290196 0.290196 0.290196 #0.000000
v 0.717041 3.484375 0.111572 0.290196 0.290196 0.290196 #0.000000
v 0.119629 3.777832 0.111572 0.290196 0.290196 0.290196 #0.000000
v 0.583252 3.398438 0.111572 0.290196 0.290196 0.290196 #0.000000
v 0.200928 1.893066 0.111572 0.290196 0.290196 0.290196 #0.000000
v 0.088379 2.130615 0.111572 0.290196 0.290196 0.290196 #0.000000
v -0.166260 1.829102 0.111572 0.290196 0.290196 0.290196 #0.000000
v -0.166260 1.829102 0.111572 0.290196 0.290196 0.290196 #0.000000
v 0.088379 2.130615 0.111572 0.290196 0.290196 0.290196 #0.000000
v -0.232422 2.177979 0.111572 0.290196 0.290196 0.290196 #0.000000
v -0.232422 2.177979 0.111572 0.290196 0.290196 0.290196 #0.000000
v -0.052002 2.479248 0.111572 0.290196 0.290196 0.290196 #0.000000
v -0.145752 2.537109 0.111572 0.290196 0.290196 0.290196 #0.000000
v -0.232422 2.177979 0.111572 0.290196 0.290196 0.290196 #0.000000
v 0.088379 2.130615 0.111572 0.290196 0.290196 0.290196 #0.000000
v -0.052002 2.479248 0.111572 0.290196 0.290196 0.290196 #0.000000
v 0.475098 2.945312 0.111572 0.290196 0.290196 0.290196 #0.000000
v 0.514160 2.831055 0.111572 0.290196 0.290196 0.290196 #0.000000
v 0.763916 2.906494 0.111572 0.290196 0.290196 0.290196 #0.000000
v 0.760742 2.682861 0.111572 0.290196 0.290196 0.290196 #0.000000
v 0.759277 2.683350 0.111572 0.290196 0.290196 0.290196 #0.000000
v 0.435059 2.700439 0.111572 0.290196 0.290196 0.290196 #0.000000
v 0.759277 2.683350 0.111572 0.290196 0.290196 0.290196 #0.000000
v 0.514160 2.831055 0.111572 0.290196 0.290196 0.290196 #0.000000
v 0.435059 2.700439 0.111572 0.290196 0.290196 0.290196 #0.000000
v 0.763916 2.906494 0.111572 0.290196 0.290196 0.290196 #0.000000
v 0.514160 2.831055 0.111572 0.290196 0.290196 0.290196 #0.000000
v 0.759277 2.683350 0.111572 0.290196 0.290196 0.290196 #0.000000
v 0.435059 2.700439 0.111572 0.290196 0.290196 0.290196 #0.000000
v 0.321777 2.795410 0.111572 0.290196 0.290196 0.290196 #0.000000
v 0.272217 2.626709 0.111572 0.290196 0.290196 0.290196 #0.000000
v 0.514160 2.831055 0.111572 0.290196 0.290196 0.290196 #0.000000
v 0.321777 2.795410 0.111572 0.290196 0.290196 0.290196 #0.000000
v 0.435059 2.700439 0.111572 0.290196 0.290196 0.290196 #0.000000
v 0.272217 2.626709 0.111572 0.290196 0.290196 0.290196 #0.000000
v 0.137451 2.707520 0.111572 0.290196 0.290196 0.290196 #0.000000
v 0.147461 2.497070 0.111572 0.290196 0.290196 0.290196 #0.000000
v 0.137451 2.707520 0.111572 0.290196 0.290196 0.290196 #0.000000
v -0.052002 2.479248 0.111572 0.290196 0.290196 0.290196 #0.000000
v 0.147461 2.497070 0.111572 0.290196 0.290196 0.290196 #0.000000
v 0.147461 2.497070 0.111572 0.290196 0.290196 0.290196 #0.000000
v -0.052002 2.479248 0.111572 0.290196 0.290196 0.290196 #0.000000
v 0.084473 2.337158 0.111572 0.290196 0.290196 0.290196 #0.000000
v -0.052002 2.479248 0.111572 0.290196 0.290196 0.290196 #0.000000
v 0.088379 2.130615 0.111572 0.290196 0.290196 0.290196 #0.000000
v 0.084473 2.337158 0.111572 0.290196 0.290196 0.290196 #0.000000
v 0.236572 1.366943 0.111572 0.290196 0.290196 0.290196 #0.000000
v 0.637451 1.575928 0.111572 0.290196 0.290196 0.290196 #0.000000
v 0.070801 1.546143 0.111572 0.290196 0.290196 0.290196 #0.000000
v -0.410889 1.326416 0.111572 0.290196 0.290196 0.290196 #0.000000
v -0.467529 1.607422 0.111572 0.290196 0.290196 0.290196 #0.000000
v -1.004883 1.641846 0.111572 0.290196 0.290196 0.290196 #0.000000
v -1.004883 1.641846 0.111572 0.290196 0.290196 0.290196 #0.000000
v -0.467529 1.607422 0.111572 0.290196 0.290196 0.290196 #0.000000
v -0.861816 1.899902 0.111572 0.290196 0.290196 0.290196 #0.000000
v -0.861816 1.899902 0.111572 0.290196 0.290196 0.290196 #0.000000
v -0.467529 1.607422 0.111572 0.290196 0.290196 0.290196 #0.000000
v -0.496582 1.847412 0.111572 0.290196 0.290196 0.290196 #0.000000
v -0.496582 1.847412 0.111572 0.290196 0.290196 0.290196 #0.000000
v -0.467529 1.607422 0.111572 0.290196 0.290196 0.290196 #0.000000
v -0.105957 1.732178 0.111572 0.290196 0.290196 0.290196 #0.000000
v -0.467529 1.607422 0.111572 0.290196 0.290196 0.290196 #0.000000
v 0.070801 1.546143 0.111572 0.290196 0.290196 0.290196 #0.000000
v -0.105957 1.732178 0.111572 0.290196 0.290196 0.290196 #0.000000
v 0.070801 1.546143 0.111572 0.290196 0.290196 0.290196 #0.000000
v 0.637451 1.575928 0.111572 0.290196 0.290196 0.290196 #0.000000
v -0.105957 1.732178 0.111572 0.290196 0.290196 0.290196 #0.000000
v -0.105957 1.732178 0.111572 0.290196 0.290196 0.290196 #0.000000
v 0.637451 1.575928 0.111572 0.290196 0.290196 0.290196 #0.000000
v 0.279785 1.798828 0.111572 0.290196 0.290196 0.290196 #0.000000
v -1.371826 3.500000 0.111572 0.290196 0.290196 0.290196 #0.000000
v -1.457520 3.280029 0.111572 0.290196 0.290196 0.290196 #0.000000
v -1.197510 3.278320 0.111572 0.290196 0.290196 0.290196 #0.000000
v -1.161133 1.794678 0.111572 0.290196 0.290196 0.290196 #0.000000
v -0.961426 2.073730 0.111572 0.290196 0.290196 0.290196 #0.000000
v -1.413818 2.186768 0.111572 0.290196 0.290196 0.290196 #0.000000
v -0.961426 2.073730 0.111572 0.290196 0.290196 0.290196 #0.000000
v -1.009766 2.185791 0.111572 0.290196 0.290196 0.290196 #0.000000
v -1.413818 2.186768 0.111572 0.290196 0.290196 0.290196 #0.000000
v -1.413818 2.186768 0.111572 0.290196 0.290196 0.290196 #0.000000
v -1.009766 2.185791 0.111572 0.290196 0.290196 0.290196 #0.000000
v -1.518799 2.585693 0.111572 0.290196 0.290196 0.290196 #0.000000
v -1.009766 2.185791 0.111572 0.290196 0.290196 0.290196 #0.000000
v -0.949707 2.477051 0.111572 0.290196 0.290196 0.290196 #0.000000
v -1.518799 2.585693 0.111572 0.290196 0.290196 0.290196 #0.000000
v -0.949707 2.477051 0.111572 0.290196 0.290196 0.290196 #0.000000
v -1.140137 2.809814 0.111572 0.290196 0.290196 0.290196 #0.000000
v -1.518799 2.585693 0.111572 0.290196 0.290196 0.290196 #0.000000
v -1.518799 2.585693 0.111572 0.290196 0.290196 0.290196 #0.000000
v -1.140137 2.809814 0.111572 0.290196 0.290196 0.290196 #0.000000
v -1.533447 2.903076 0.111572 0.290196 0.290196 0.290196 #0.000000
v -1.140137 2.809814 0.111572 0.290196 0.290196 0.290196 #0.000000
v -1.197510 3.278320 0.111572 0.290196 0.290196 0.290196 #0.000000
v -1.533447 2.903076 0.111572 0.290196 0.290196 0.290196 #0.000000
v -1.197510 3.278320 0.111572 0.290196 0.290196 0.290196 #0.000000
v -1.457520 3.280029 0.111572 0.290196 0.290196 0.290196 #0.000000
v -1.533447 2.903076 0.111572 0.290196 0.290196 0.290196 #0.000000
v 0.321777 2.795410 0.111572 0.290196 0.290196 0.290196 #0.000000
v 0.137451 2.707520 0.111572 0.290196 0.290196 0.290196 #0.000000
v 0.272217 2.626709 0.111572 0.290196 0.290196 0.290196 #0.000000
v 0.137451 2.707520 0.111572 0.290196 0.290196 0.290196 #0.000000
v 0.321777 2.795410 0.111572 0.290196 0.290196 0.290196 #0.000000
v 0.323242 2.796143 -0.154053 0.290196 0.290196 0.290196 #0.000000
v 2.024902 3.786621 -0.021240 0.290196 0.290196 0.290196 #0.000000
v 1.692871 3.762207 -0.117676 0.290196 0.290196 0.290196 #0.000000
v 1.729248 4.154053 -0.021240 0.290196 0.290196 0.290196 #0.000000
v -2.067383 1.954590 -0.021240 0.290196 0.290196 0.290196 #0.000000
v -2.089844 2.572266 -0.021240 0.290196 0.290196 0.290196 #0.000000
v -1.458984 1.986328 -0.154053 0.290196 0.290196 0.290196 #0.000000
v -1.458984 1.986328 -0.154053 0.290196 0.290196 0.290196 #0.000000
v -2.089844 2.572266 -0.021240 0.290196 0.290196 0.290196 #0.000000
v -1.590576 2.483154 -0.154053 0.290196 0.290196 0.290196 #0.000000
v -2.089844 2.572266 -0.021240 0.290196 0.290196 0.290196 #0.000000
v -2.040283 3.111816 -0.021240 0.290196 0.290196 0.290196 #0.000000
v -1.590576 2.483154 -0.154053 0.290196 0.290196 0.290196 #0.000000
v -1.590576 2.483154 -0.154053 0.290196 0.290196 0.290196 #0.000000
v -2.040283 3.111816 -0.021240 0.290196 0.290196 0.290196 #0.000000
v -1.618408 2.879395 -0.154053 0.290196 0.290196 0.290196 #0.000000
v -1.618408 2.879395 -0.154053 0.290196 0.290196 0.290196 #0.000000
v -2.040283 3.111816 -0.021240 0.290196 0.290196 0.290196 #0.000000
v -1.542236 3.292725 -0.154053 0.290196 0.290196 0.290196 #0.000000
v -2.040283 3.111816 -0.021240 0.290196 0.290196 0.290196 #0.000000
v -1.841797 3.696533 -0.021240 0.290196 0.290196 0.290196 #0.000000
v -1.458496 3.538330 -0.154053 0.290196 0.290196 0.290196 #0.000000
v -1.841797 3.696533 -0.021240 0.290196 0.290196 0.290196 #0.000000
v -1.567871 4.113281 -0.021240 0.290196 0.290196 0.290196 #0.000000
v -1.458496 3.538330 -0.154053 0.290196 0.290196 0.290196 #0.000000
v -1.567871 4.113281 -0.021240 0.290196 0.290196 0.290196 #0.000000
v -1.205078 4.455566 -0.021240 0.290196 0.290196 0.290196 #0.000000
v -1.458496 3.538330 -0.154053 0.290196 0.290196 0.290196 #0.000000
v -1.458496 3.538330 -0.154053 0.290196 0.290196 0.290196 #0.000000
v -1.205078 4.455566 -0.021240 0.290196 0.290196 0.290196 #0.000000
v -1.291748 3.823242 -0.154053 0.290196 0.290196 0.290196 #0.000000
v -1.291748 3.823242 -0.154053 0.290196 0.290196 0.290196 #0.000000
v -1.205078 4.455566 -0.021240 0.290196 0.290196 0.290196 #0.000000
v -1.043701 4.057129 -0.154053 0.290196 0.290196 0.290196 #0.000000
v -1.043701 4.057129 -0.154053 0.290196 0.290196 0.290196 #0.000000
v -1.205078 4.455566 -0.021240 0.290196 0.290196 0.290196 #0.000000
v -0.748535 4.227539 -0.154053 0.290196 0.290196 0.290196 #0.000000
v -1.205078 4.455566 -0.021240 0.290196 0.290196 0.290196 #0.000000
v -0.773193 4.704834 -0.021240 0.290196 0.290196 0.290196 #0.000000
v -0.748535 4.227539 -0.154053 0.290196 0.290196 0.290196 #0.000000
v -0.748535 4.227539 -0.154053 0.290196 0.290196 0.290196 #0.000000
v -0.773193 4.704834 -0.021240 0.290196 0.290196 0.290196 #0.000000
v -0.421875 4.300537 -0.154053 0.290196 0.290196 0.290196 #0.000000
v -0.773193 4.704834 -0.021240 0.290196 0.290196 0.290196 #0.000000
v -0.295410 4.847900 -0.021240 0.290196 0.290196 0.290196 #0.000000
v -0.421875 4.300537 -0.154053 0.290196 0.290196 0.290196 #0.000000
v -0.421875 4.300537 -0.154053 0.290196 0.290196 0.290196 #0.000000
v -0.295410 4.847900 -0.021240 0.290196 0.290196 0.290196 #0.000000
v -0.004883 4.311035 -0.154053 0.290196 0.290196 0.290196 #0.000000
v -0.295410 4.847900 -0.021240 0.290196 0.290196 0.290196 #0.000000
v 0.202393 4.876953 -0.021240 0.290196 0.290196 0.290196 #0.000000
v -0.004883 4.311035 -0.154053 0.290196 0.290196 0.290196 #0.000000
v 0.202393 4.876953 -0.021240 0.290196 0.290196 0.290196 #0.000000
v 0.605225 4.834229 -0.021240 0.290196 0.290196 0.290196 #0.000000
v -0.004883 4.311035 -0.154053 0.290196 0.290196 0.290196 #0.000000
v -0.004883 4.311035 -0.154053 0.290196 0.290196 0.290196 #0.000000
v 0.605225 4.834229 -0.021240 0.290196 0.290196 0.290196 #0.000000
v 0.405029 4.224609 -0.154053 0.290196 0.290196 0.290196 #0.000000
v 0.605225 4.834229 -0.021240 0.290196 0.290196 0.290196 #0.000000
v 1.038574 4.673828 -0.021240 0.290196 0.290196 0.290196 #0.000000
v 0.405029 4.224609 -0.154053 0.290196 0.290196 0.290196 #0.000000
v 0.405029 4.224609 -0.154053 0.290196 0.290196 0.290196 #0.000000
v 1.038574 4.673828 -0.021240 0.290196 0.290196 0.290196 #0.000000
v 0.707764 4.039795 -0.154053 0.290196 0.290196 0.290196 #0.000000
v 1.038574 4.673828 -0.021240 0.290196 0.290196 0.290196 #0.000000
v 1.439453 4.427246 -0.021240 0.290196 0.290196 0.290196 #0.000000
v 0.707764 4.039795 -0.154053 0.290196 0.290196 0.290196 #0.000000
v 0.707764 4.039795 -0.154053 0.290196 0.290196 0.290196 #0.000000
v 1.439453 4.427246 -0.021240 0.290196 0.290196 0.290196 #0.000000
v 0.948975 3.814697 -0.154053 0.290196 0.290196 0.290196 #0.000000
v 1.439453 4.427246 -0.021240 0.290196 0.290196 0.290196 #0.000000
v 1.729248 4.154053 -0.021240 0.290196 0.290196 0.290196 #0.000000
v 0.948975 3.814697 -0.154053 0.290196 0.290196 0.290196 #0.000000
v 1.729248 4.154053 -0.021240 0.290196 0.290196 0.290196 #0.000000
v 1.692871 3.762207 -0.117676 0.290196 0.290196 0.290196 #0.000000
v 0.948975 3.814697 -0.154053 0.290196 0.290196 0.290196 #0.000000
v 0.948975 3.814697 -0.154053 0.290196 0.290196 0.290196 #0.000000
v 1.692871 3.762207 -0.117676 0.290196 0.290196 0.290196 #0.000000
v 1.121582 3.593018 -0.154053 0.290196 0.290196 0.290196 #0.000000
v 1.692871 3.762207 -0.117676 0.290196 0.290196 0.290196 #0.000000
v 1.913330 3.174316 -0.117676 0.290196 0.290196 0.290196 #0.000000
v 1.121582 3.593018 -0.154053 0.290196 0.290196 0.290196 #0.000000
v 1.121582 3.593018 -0.154053 0.290196 0.290196 0.290196 #0.000000
v 1.913330 3.174316 -0.117676 0.290196 0.290196 0.290196 #0.000000
v 1.270752 3.212646 -0.154053 0.290196 0.290196 0.290196 #0.000000
v 1.270752 3.212646 -0.154053 0.290196 0.290196 0.290196 #0.000000
v 1.913330 3.174316 -0.117676 0.290196 0.290196 0.290196 #0.000000
v 1.323975 2.785645 -0.154053 0.290196 0.290196 0.290196 #0.000000
v 1.323975 2.785645 -0.154053 0.290196 0.290196 0.290196 #0.000000
v 1.913330 3.174316 -0.117676 0.290196 0.290196 0.290196 #0.000000
v 2.058594 2.430420 -0.021240 0.290196 0.290196 0.290196 #0.000000
v 2.058594 2.430420 -0.021240 0.290196 0.290196 0.290196 #0.000000
v 1.913330 3.174316 -0.117676 0.290196 0.290196 0.290196 #0.000000
v 2.301270 2.730469 -0.020996 0.290196 0.290196 0.290196 #0.000000
v 1.913330 3.174316 -0.117676 0.290196 0.290196 0.290196 #0.000000
v 2.284912 3.140137 -0.020996 0.290196 0.290196 0.290196 #0.000000
v 2.301270 2.730469 -0.020996 0.290196 0.290196 0.290196 #0.000000
v 2.284912 3.140137 -0.020996 0.290196 0.290196 0.290196 #0.000000
v 1.911865 3.174316 0.054932 0.290196 0.290196 0.290196 #0.000000
v 2.301270 2.730469 -0.020996 0.290196 0.290196 0.290196 #0.000000
v 2.301270 2.730469 -0.020996 0.290196 0.290196 0.290196 #0.000000
v 1.911865 3.174316 0.054932 0.290196 0.290196 0.290196 #0.000000
v 2.058594 2.430420 -0.021240 0.290196 0.290196 0.290196 #0.000000
v 2.058594 2.430420 -0.021240 0.290196 0.290196 0.290196 #0.000000
v 1.911865 3.174316 0.054932 0.290196 0.290196 0.290196 #0.000000
v 1.322754 2.785645 0.111572 0.290196 0.290196 0.290196 #0.000000
v 1.322754 2.785645 0.111572 0.290196 0.290196 0.290196 #0.000000
v 1.911865 3.174316 0.054932 0.290196 0.290196 0.290196 #0.000000
v 1.269531 3.212646 0.111572 0.290196 0.290196 0.290196 #0.000000
v 1.269531 3.212646 0.111572 0.290196 0.290196 0.290196 #0.000000
v 1.691650 3.762207 0.054932 0.290196 0.290196 0.290196 #0.000000
v 1.120361 3.593018 0.111572 0.290196 0.290196 0.290196 #0.000000
v -1.460205 1.986328 0.111572 0.290196 0.290196 0.290196 #0.000000
v -1.592041 2.483154 0.111572 0.290196 0.290196 0.290196 #0.000000
v -2.067383 1.954590 -0.021240 0.290196 0.290196 0.290196 #0.000000
v -2.067383 1.954590 -0.021240 0.290196 0.290196 0.290196 #0.000000
v -1.592041 2.483154 0.111572 0.290196 0.290196 0.290196 #0.000000
v -2.089844 2.572266 -0.021240 0.290196 0.290196 0.290196 #0.000000
v -1.592041 2.483154 0.111572 0.290196 0.290196 0.290196 #0.000000
v -1.619629 2.879395 0.111572 0.290196 0.290196 0.290196 #0.000000
v -2.089844 2.572266 -0.021240 0.290196 0.290196 0.290196 #0.000000
v -2.089844 2.572266 -0.021240 0.290196 0.290196 0.290196 #0.000000
v -1.619629 2.879395 0.111572 0.290196 0.290196 0.290196 #0.000000
v -2.040283 3.111816 -0.021240 0.290196 0.290196 0.290196 #0.000000
v -1.619629 2.879395 0.111572 0.290196 0.290196 0.290196 #0.000000
v -1.543945 3.291016 0.111572 0.290196 0.290196 0.290196 #0.000000
v -2.040283 3.111816 -0.021240 0.290196 0.290196 0.290196 #0.000000
v -2.040283 3.111816 -0.021240 0.290196 0.290196 0.290196 #0.000000
v -1.459717 3.538330 0.111572 0.290196 0.290196 0.290196 #0.000000
v -1.841797 3.696533 -0.021240 0.290196 0.290196 0.290196 #0.000000
v -1.841797 3.696533 -0.021240 0.290196 0.290196 0.290196 #0.000000
v -1.459717 3.538330 0.111572 0.290196 0.290196 0.290196 #0.000000
v -1.567871 4.113281 -0.021240 0.290196 0.290196 0.290196 #0.000000
v -1.567871 4.113281 -0.021240 0.290196 0.290196 0.290196 #0.000000
v -1.292969 3.823242 0.111572 0.290196 0.290196 0.290196 #0.000000
v -1.205078 4.455566 -0.021240 0.290196 0.290196 0.290196 #0.000000
v -1.459717 3.538330 0.111572 0.290196 0.290196 0.290196 #0.000000
v -1.292969 3.823242 0.111572 0.290196 0.290196 0.290196 #0.000000
v -1.567871 4.113281 -0.021240 0.290196 0.290196 0.290196 #0.000000
v -1.292969 3.823242 0.111572 0.290196 0.290196 0.290196 #0.000000
v -1.044922 4.057129 0.111572 0.290196 0.290196 0.290196 #0.000000
v -1.205078 4.455566 -0.021240 0.290196 0.290196 0.290196 #0.000000
v -1.044922 4.057129 0.111572 0.290196 0.290196 0.290196 #0.000000
v -0.749756 4.227539 0.111572 0.290196 0.290196 0.290196 #0.000000
v -1.205078 4.455566 -0.021240 0.290196 0.290196 0.290196 #0.000000
v -0.749756 4.227539 0.111572 0.290196 0.290196 0.290196 #0.000000
v -0.423096 4.300537 0.111572 0.290196 0.290196 0.290196 #0.000000
v -1.205078 4.455566 -0.021240 0.290196 0.290196 0.290196 #0.000000
v -1.205078 4.455566 -0.021240 0.290196 0.290196 0.290196 #0.000000
v -0.423096 4.300537 0.111572 0.290196 0.290196 0.290196 #0.000000
v -0.773193 4.704834 -0.021240 0.290196 0.290196 0.290196 #0.000000
v -0.423096 4.300537 0.111572 0.290196 0.290196 0.290196 #0.000000
v -0.006104 4.311035 0.111572 0.290196 0.290196 0.290196 #0.000000
v -0.773193 4.704834 -0.021240 0.290196 0.290196 0.290196 #0.000000
v -0.773193 4.704834 -0.021240 0.290196 0.290196 0.290196 #0.000000
v -0.006104 4.311035 0.111572 0.290196 0.290196 0.290196 #0.000000
v -0.295410 4.847900 -0.021240 0.290196 0.290196 0.290196 #0.000000
v -0.295410 4.847900 -0.021240 0.290196 0.290196 0.290196 #0.000000
v -0.006104 4.311035 0.111572 0.290196 0.290196 0.290196 #0.000000
v 0.202393 4.876953 -0.021240 0.290196 0.290196 0.290196 #0.000000
v 0.202393 4.876953 -0.021240 0.290196 0.290196 0.290196 #0.000000
v -0.006104 4.311035 0.111572 0.290196 0.290196 0.290196 #0.000000
v 0.605225 4.834229 -0.021240 0.290196 0.290196 0.290196 #0.000000
v -0.006104 4.311035 0.111572 0.290196 0.290196 0.290196 #0.000000
v 0.403809 4.224609 0.111572 0.290196 0.290196 0.290196 #0.000000
v 0.605225 4.834229 -0.021240 0.290196 0.290196 0.290196 #0.000000
v 0.605225 4.834229 -0.021240 0.290196 0.290196 0.290196 #0.000000
v 0.403809 4.224609 0.111572 0.290196 0.290196 0.290196 #0.000000
v 1.038574 4.673828 -0.021240 0.290196 0.290196 0.290196 #0.000000
v 0.403809 4.224609 0.111572 0.290196 0.290196 0.290196 #0.000000
v 0.706543 4.039795 0.111572 0.290196 0.290196 0.290196 #0.000000
v 1.038574 4.673828 -0.021240 0.290196 0.290196 0.290196 #0.000000
v 1.038574 4.673828 -0.021240 0.290196 0.290196 0.290196 #0.000000
v 0.706543 4.039795 0.111572 0.290196 0.290196 0.290196 #0.000000
v 1.439453 4.427246 -0.021240 0.290196 0.290196 0.290196 #0.000000
v 0.706543 4.039795 0.111572 0.290196 0.290196 0.290196 #0.000000
v 0.947754 3.814697 0.111572 0.290196 0.290196 0.290196 #0.000000
v 1.439453 4.427246 -0.021240 0.290196 0.290196 0.290196 #0.000000
v 1.439453 4.427246 -0.021240 0.290196 0.290196 0.290196 #0.000000
v 0.947754 3.814697 0.111572 0.290196 0.290196 0.290196 #0.000000
v 1.729248 4.154053 -0.021240 0.290196 0.290196 0.290196 #0.000000
v 2.024902 3.786621 -0.021240 0.290196 0.290196 0.290196 #0.000000
v 1.729248 4.154053 -0.021240 0.290196 0.290196 0.290196 #0.000000
v 1.691650 3.762207 0.054932 0.290196 0.290196 0.290196 #0.000000
v 1.729248 4.154053 -0.021240 0.290196 0.290196 0.290196 #0.000000
v 0.947754 3.814697 0.111572 0.290196 0.290196 0.290196 #0.000000
v 1.691650 3.762207 0.054932 0.290196 0.290196 0.290196 #0.000000
v 0.947754 3.814697 0.111572 0.290196 0.290196 0.290196 #0.000000
v 1.120361 3.593018 0.111572 0.290196 0.290196 0.290196 #0.000000
v 1.691650 3.762207 0.054932 0.290196 0.290196 0.290196 #0.000000
v 1.269531 3.212646 0.111572 0.290196 0.290196 0.290196 #0.000000
v 1.911865 3.174316 0.054932 0.290196 0.290196 0.290196 #0.000000
v 1.691650 3.762207 0.054932 0.290196 0.290196 0.290196 #0.000000
v -1.592041 2.483154 0.111572 0.290196 0.290196 0.290196 #0.000000
v -1.460205 1.986328 0.111572 0.290196 0.290196 0.290196 #0.000000
v -1.458984 1.986328 -0.154053 0.290196 0.290196 0.290196 #0.000000
v 1.692871 3.762207 -0.117676 0.290196 0.290196 0.290196 #0.000000
v 2.024902 3.786621 -0.021240 0.290196 0.290196 0.290196 #0.000000
v 1.691650 3.762207 0.054932 0.290196 0.290196 0.290196 #0.000000
v 1.911865 3.174316 0.054932 0.290196 0.290196 0.290196 #0.000000
v 2.284912 3.140137 -0.020996 0.290196 0.290196 0.290196 #0.000000
v 1.913330 3.174316 -0.117676 0.290196 0.290196 0.290196 #0.000000
v -1.460205 1.986328 0.111572 0.290196 0.290196 0.290196 #0.000000
v -2.067383 1.954590 -0.021240 0.290196 0.290196 0.290196 #0.000000
v -1.458984 1.986328 -0.154053 0.290196 0.290196 0.290196 #0.000000
v 2.058594 2.430420 -0.021240 0.290196 0.290196 0.290196 #0.000000
v 1.322754 2.785645 0.111572 0.290196 0.290196 0.290196 #0.000000
v 1.323975 2.785645 -0.154053 0.290196 0.290196 0.290196 #0.000000
v 1.322754 2.785645 0.111572 0.290196 0.290196 0.290196 #0.000000
v 1.269531 3.212646 0.111572 0.290196 0.290196 0.290196 #0.000000
v 1.323975 2.785645 -0.154053 0.290196 0.290196 0.290196 #0.000000
v 1.270752 3.212646 -0.154053 0.290196 0.290196 0.290196 #0.000000
v 1.323975 2.785645 -0.154053 0.290196 0.290196 0.290196 #0.000000
v 1.269531 3.212646 0.111572 0.290196 0.290196 0.290196 #0.000000
v 1.269531 3.212646 0.111572 0.290196 0.290196 0.290196 #0.000000
v 1.120361 3.593018 0.111572 0.290196 0.290196 0.290196 #0.000000
v 1.270752 3.212646 -0.154053 0.290196 0.290196 0.290196 #0.000000
v 1.121582 3.593018 -0.154053 0.290196 0.290196 0.290196 #0.000000
v 1.270752 3.212646 -0.154053 0.290196 0.290196 0.290196 #0.000000
v 1.120361 3.593018 0.111572 0.290196 0.290196 0.290196 #0.000000
v 1.691650 3.762207 0.054932 0.290196 0.290196 0.290196 #0.000000
v 1.911865 3.174316 0.054932 0.290196 0.290196 0.290196 #0.000000
v 1.692871 3.762207 -0.117676 0.290196 0.290196 0.290196 #0.000000
v 1.913330 3.174316 -0.117676 0.290196 0.290196 0.290196 #0.000000
v 1.692871 3.762207 -0.117676 0.290196 0.290196 0.290196 #0.000000
v 1.911865 3.174316 0.054932 0.290196 0.290196 0.290196 #0.000000
v 1.120361 3.593018 0.111572 0.290196 0.290196 0.290196 #0.000000
v 0.947754 3.814697 0.111572 0.290196 0.290196 0.290196 #0.000000
v 1.121582 3.593018 -0.154053 0.290196 0.290196 0.290196 #0.000000
v 0.948975 3.814697 -0.154053 0.290196 0.290196 0.290196 #0.000000
v 1.121582 3.593018 -0.154053 0.290196 0.290196 0.290196 #0.000000
v 0.947754 3.814697 0.111572 0.290196 0.290196 0.290196 #0.000000
v 0.947754 3.814697 0.111572 0.290196 0.290196 0.290196 #0.000000
v 0.706543 4.039795 0.111572 0.290196 0.290196 0.290196 #0.000000
v 0.948975 3.814697 -0.154053 0.290196 0.290196 0.290196 #0.000000
v 0.707764 4.039795 -0.154053 0.290196 0.290196 0.290196 #0.000000
v 0.948975 3.814697 -0.154053 0.290196 0.290196 0.290196 #0.000000
v 0.706543 4.039795 0.111572 0.290196 0.290196 0.290196 #0.000000
v 0.706543 4.039795 0.111572 0.290196 0.290196 0.290196 #0.000000
v 0.403809 4.224609 0.111572 0.290196 0.290196 0.290196 #0.000000
v 0.707764 4.039795 -0.154053 0.290196 0.290196 0.290196 #0.000000
v 0.405029 4.224609 -0.154053 0.290196 0.290196 0.290196 #0.000000
v 0.707764 4.039795 -0.154053 0.290196 0.290196 0.290196 #0.000000
v 0.403809 4.224609 0.111572 0.290196 0.290196 0.290196 #0.000000
v 0.403809 4.224609 0.111572 0.290196 0.290196 0.290196 #0.000000
v -0.006104 4.311035 0.111572 0.290196 0.290196 0.290196 #0.000000
v 0.405029 4.224609 -0.154053 0.290196 0.290196 0.290196 #0.000000
v -0.004883 4.311035 -0.154053 0.290196 0.290196 0.290196 #0.000000
v 0.405029 4.224609 -0.154053 0.290196 0.290196 0.290196 #0.000000
v -0.006104 4.311035 0.111572 0.290196 0.290196 0.290196 #0.000000
v -0.421875 4.300537 -0.154053 0.290196 0.290196 0.290196 #0.000000
v -0.004883 4.311035 -0.154053 0.290196 0.290196 0.290196 #0.000000
v -0.006104 4.311035 0.111572 0.290196 0.290196 0.290196 #0.000000
v -0.006104 4.311035 0.111572 0.290196 0.290196 0.290196 #0.000000
v -0.423096 4.300537 0.111572 0.290196 0.290196 0.290196 #0.000000
v -0.421875 4.300537 -0.154053 0.290196 0.290196 0.290196 #0.000000
v -0.423096 4.300537 0.111572 0.290196 0.290196 0.290196 #0.000000
v -0.749756 4.227539 0.111572 0.290196 0.290196 0.290196 #0.000000
v -0.421875 4.300537 -0.154053 0.290196 0.290196 0.290196 #0.000000
v -0.748535 4.227539 -0.154053 0.290196 0.290196 0.290196 #0.000000
v -0.421875 4.300537 -0.154053 0.290196 0.290196 0.290196 #0.000000
v -0.749756 4.227539 0.111572 0.290196 0.290196 0.290196 #0.000000
v -0.749756 4.227539 0.111572 0.290196 0.290196 0.290196 #0.000000
v -1.044922 4.057129 0.111572 0.290196 0.290196 0.290196 #0.000000
v -0.748535 4.227539 -0.154053 0.290196 0.290196 0.290196 #0.000000
v -1.043701 4.057129 -0.154053 0.290196 0.290196 0.290196 #0.000000
v -0.748535 4.227539 -0.154053 0.290196 0.290196 0.290196 #0.000000
v -1.044922 4.057129 0.111572 0.290196 0.290196 0.290196 #0.000000
v -1.044922 4.057129 0.111572 0.290196 0.290196 0.290196 #0.000000
v -1.292969 3.823242 0.111572 0.290196 0.290196 0.290196 #0.000000
v -1.043701 4.057129 -0.154053 0.290196 0.290196 0.290196 #0.000000
v -1.291748 3.823242 -0.154053 0.290196 0.290196 0.290196 #0.000000
v -1.043701 4.057129 -0.154053 0.290196 0.290196 0.290196 #0.000000
v -1.292969 3.823242 0.111572 0.290196 0.290196 0.290196 #0.000000
v -1.292969 3.823242 0.111572 0.290196 0.290196 0.290196 #0.000000
v -1.459717 3.538330 0.111572 0.290196 0.290196 0.290196 #0.000000
v -1.291748 3.823242 -0.154053 0.290196 0.290196 0.290196 #0.000000
v -1.458496 3.538330 -0.154053 0.290196 0.290196 0.290196 #0.000000
v -1.291748 3.823242 -0.154053 0.290196 0.290196 0.290196 #0.000000
v -1.459717 3.538330 0.111572 0.290196 0.290196 0.290196 #0.000000
v -1.618408 2.879395 -0.154053 0.290196 0.290196 0.290196 #0.000000
v -1.542236 3.292725 -0.154053 0.290196 0.290196 0.290196 #0.000000
v -1.543945 3.291016 0.111572 0.290196 0.290196 0.290196 #0.000000
v -1.590576 2.483154 -0.154053 0.290196 0.290196 0.290196 #0.000000
v -1.618408 2.879395 -0.154053 0.290196 0.290196 0.290196 #0.000000
v -1.619629 2.879395 0.111572 0.290196 0.290196 0.290196 #0.000000
v -1.543945 3.291016 0.111572 0.290196 0.290196 0.290196 #0.000000
v -1.619629 2.879395 0.111572 0.290196 0.290196 0.290196 #0.000000
v -1.618408 2.879395 -0.154053 0.290196 0.290196 0.290196 #0.000000
v -1.458984 1.986328 -0.154053 0.290196 0.290196 0.290196 #0.000000
v -1.590576 2.483154 -0.154053 0.290196 0.290196 0.290196 #0.000000
v -1.592041 2.483154 0.111572 0.290196 0.290196 0.290196 #0.000000
v -1.619629 2.879395 0.111572 0.290196 0.290196 0.290196 #0.000000
v -1.592041 2.483154 0.111572 0.290196 0.290196 0.290196 #0.000000
v -1.590576 2.483154 -0.154053 0.290196 0.290196 0.290196 #0.000000
v -1.543945 3.291016 0.111572 0.290196 0.290196 0.290196 #0.000000
v -1.459717 3.538330 0.111572 0.290196 0.290196 0.290196 #0.000000
v -2.040283 3.111816 -0.021240 0.290196 0.290196 0.290196 #0.000000
v -1.459717 3.538330 0.111572 0.290196 0.290196 0.290196 #0.000000
v -1.543945 3.291016 0.111572 0.290196 0.290196 0.290196 #0.000000
v -1.458496 3.538330 -0.154053 0.290196 0.290196 0.290196 #0.000000
v -1.542236 3.292725 -0.154053 0.290196 0.290196 0.290196 #0.000000
v -1.458496 3.538330 -0.154053 0.290196 0.290196 0.290196 #0.000000
v -1.543945 3.291016 0.111572 0.290196 0.290196 0.290196 #0.000000
v -1.542236 3.292725 -0.154053 0.290196 0.290196 0.290196 #0.000000
v -2.040283 3.111816 -0.021240 0.290196 0.290196 0.290196 #0.000000
v -1.458496 3.538330 -0.154053 0.290196 0.290196 0.290196 #0.000000
v 0.090820 0.231689 -0.021240 0.290196 0.290196 0.290196 #0.000000
v -0.473389 0.259277 -0.021240 0.290196 0.290196 0.290196 #0.000000
v -0.738281 1.297852 -0.154053 0.290196 0.290196 0.290196 #0.000000
v -0.473389 0.259277 -0.021240 0.290196 0.290196 0.290196 #0.000000
v -1.042480 0.485596 -0.021240 0.290196 0.290196 0.290196 #0.000000
v -0.738281 1.297852 -0.154053 0.290196 0.290196 0.290196 #0.000000
v -1.042480 0.485596 -0.021240 0.290196 0.290196 0.290196 #0.000000
v -0.915039 0.894775 -0.154053 0.290196 0.290196 0.290196 #0.000000
v -0.738281 1.297852 -0.154053 0.290196 0.290196 0.290196 #0.000000
v -0.915039 0.894775 -0.154053 0.290196 0.290196 0.290196 #0.000000
v -1.163086 1.069824 -0.154053 0.290196 0.290196 0.290196 #0.000000
v -0.738281 1.297852 -0.154053 0.290196 0.290196 0.290196 #0.000000
v -0.738281 1.297852 -0.154053 0.290196 0.290196 0.290196 #0.000000
v -1.163086 1.069824 -0.154053 0.290196 0.290196 0.290196 #0.000000
v -1.111572 1.555664 -0.154053 0.290196 0.290196 0.290196 #0.000000
v -1.881348 1.407959 -0.021240 0.290196 0.290196 0.290196 #0.000000
v -1.599121 1.691162 -0.154053 0.290196 0.290196 0.290196 #0.000000
v -1.801025 1.265381 -0.021240 0.290196 0.290196 0.290196 #0.000000
v -1.599121 1.691162 -0.154053 0.290196 0.290196 0.290196 #0.000000
v -1.111572 1.555664 -0.154053 0.290196 0.290196 0.290196 #0.000000
v -1.801025 1.265381 -0.021240 0.290196 0.290196 0.290196 #0.000000
v -1.111572 1.555664 -0.154053 0.290196 0.290196 0.290196 #0.000000
v -1.163086 1.069824 -0.154053 0.290196 0.290196 0.290196 #0.000000
v -1.801025 1.265381 -0.021240 0.290196 0.290196 0.290196 #0.000000
v -1.163086 1.069824 -0.154053 0.290196 0.290196 0.290196 #0.000000
v -1.342041 0.702637 -0.021240 0.290196 0.290196 0.290196 #0.000000
v -1.801025 1.265381 -0.021240 0.290196 0.290196 0.290196 #0.000000
v -0.739746 1.297852 0.111572 0.290196 0.290196 0.290196 #0.000000
v 0.090820 0.231689 -0.021240 0.290196 0.290196 0.290196 #0.000000
v -0.738281 1.297852 -0.154053 0.290196 0.290196 0.290196 #0.000000
v -0.915039 0.894775 -0.154053 0.290196 0.290196 0.290196 #0.000000
v -1.042480 0.485596 -0.021240 0.290196 0.290196 0.290196 #0.000000
v -0.916260 0.894775 0.036865 0.290196 0.290196 0.290196 #0.000000
v -0.916260 0.894775 0.036865 0.290196 0.290196 0.290196 #0.000000
v -1.164307 1.069824 0.036865 0.290196 0.290196 0.290196 #0.000000
v -0.915039 0.894775 -0.154053 0.290196 0.290196 0.290196 #0.000000
v -1.163086 1.069824 -0.154053 0.290196 0.290196 0.290196 #0.000000
v -0.915039 0.894775 -0.154053 0.290196 0.290196 0.290196 #0.000000
v -1.164307 1.069824 0.036865 0.290196 0.290196 0.290196 #0.000000
v -1.112793 1.555664 0.111572 0.290196 0.290196 0.290196 #0.000000
v -0.739746 1.297852 0.111572 0.290196 0.290196 0.290196 #0.000000
v -1.111572 1.555664 -0.154053 0.290196 0.290196 0.290196 #0.000000
v -0.738281 1.297852 -0.154053 0.290196 0.290196 0.290196 #0.000000
v -1.111572 1.555664 -0.154053 0.290196 0.290196 0.290196 #0.000000
v -0.739746 1.297852 0.111572 0.290196 0.290196 0.290196 #0.000000
v -1.599121 1.691162 -0.154053 0.290196 0.290196 0.290196 #0.000000
v -1.881348 1.407959 -0.021240 0.290196 0.290196 0.290196 #0.000000
v -1.600342 1.691162 0.111572 0.290196 0.290196 0.290196 #0.000000
v -1.342041 0.702637 -0.021240 0.290196 0.290196 0.290196 #0.000000
v -1.163086 1.069824 -0.154053 0.290196 0.290196 0.290196 #0.000000
v -1.164307 1.069824 0.036865 0.290196 0.290196 0.290196 #0.000000
v -1.600342 1.691162 0.111572 0.290196 0.290196 0.290196 #0.000000
v -1.112793 1.555664 0.111572 0.290196 0.290196 0.290196 #0.000000
v -1.599121 1.691162 -0.154053 0.290196 0.290196 0.290196 #0.000000
v -1.111572 1.555664 -0.154053 0.290196 0.290196 0.290196 #0.000000
v -1.599121 1.691162 -0.154053 0.290196 0.290196 0.290196 #0.000000
v -1.112793 1.555664 0.111572 0.290196 0.290196 0.290196 #0.000000
v 0.090820 0.231689 -0.021240 0.290196 0.290196 0.290196 #0.000000
v -0.739746 1.297852 0.111572 0.290196 0.290196 0.290196 #0.000000
v -0.473389 0.259277 -0.021240 0.290196 0.290196 0.290196 #0.000000
v -0.473389 0.259277 -0.021240 0.290196 0.290196 0.290196 #0.000000
v -0.739746 1.297852 0.111572 0.290196 0.290196 0.290196 #0.000000
v -1.042480 0.485596 -0.021240 0.290196 0.290196 0.290196 #0.000000
v -1.042480 0.485596 -0.021240 0.290196 0.290196 0.290196 #0.000000
v -0.739746 1.297852 0.111572 0.290196 0.290196 0.290196 #0.000000
v -0.916260 0.894775 0.036865 0.290196 0.290196 0.290196 #0.000000
v -0.916260 0.894775 0.036865 0.290196 0.290196 0.290196 #0.000000
v -0.739746 1.297852 0.111572 0.290196 0.290196 0.290196 #0.000000
v -1.164307 1.069824 0.036865 0.290196 0.290196 0.290196 #0.000000
v -1.881348 1.407959 -0.021240 0.290196 0.290196 0.290196 #0.000000
v -1.801025 1.265381 -0.021240 0.290196 0.290196 0.290196 #0.000000
v -1.600342 1.691162 0.111572 0.290196 0.290196 0.290196 #0.000000
v -1.600342 1.691162 0.111572 0.290196 0.290196 0.290196 #0.000000
v -1.801025 1.265381 -0.021240 0.290196 0.290196 0.290196 #0.000000
v -1.112793 1.555664 0.111572 0.290196 0.290196 0.290196 #0.000000
v -1.801025 1.265381 -0.021240 0.290196 0.290196 0.290196 #0.000000
v -1.342041 0.702637 -0.021240 0.290196 0.290196 0.290196 #0.000000
v -1.112793 1.555664 0.111572 0.290196 0.290196 0.290196 #0.000000
v -1.342041 0.702637 -0.021240 0.290196 0.290196 0.290196 #0.000000
v -1.164307 1.069824 0.036865 0.290196 0.290196 0.290196 #0.000000
v -1.112793 1.555664 0.111572 0.290196 0.290196 0.290196 #0.000000
v -1.164307 1.069824 0.036865 0.290196 0.290196 0.290196 #0.000000
v -0.739746 1.297852 0.111572 0.290196 0.290196 0.290196 #0.000000
v -1.112793 1.555664 0.111572 0.290196 0.290196 0.290196 #0.000000
v 1.102539 2.155029 -0.154053 0.290196 0.290196 0.290196 #0.000000
v 1.399658 1.303467 -0.124023 0.290196 0.290196 0.290196 #0.000000
v 0.813477 1.701416 -0.154053 0.290196 0.290196 0.290196 #0.000000
v 1.399658 1.303467 -0.124023 0.290196 0.290196 0.290196 #0.000000
v 1.492920 1.137451 -0.021240 0.290196 0.290196 0.290196 #0.000000
v 0.813477 1.701416 -0.154053 0.290196 0.290196 0.290196 #0.000000
v 0.813477 1.701416 -0.154053 0.290196 0.290196 0.290196 #0.000000
v 1.492920 1.137451 -0.021240 0.290196 0.290196 0.290196 #0.000000
v 1.180176 0.664795 -0.021240 0.290196 0.290196 0.290196 #0.000000
v 1.492920 1.137451 -0.021240 0.290196 0.290196 0.290196 #0.000000
v 1.270996 0.660645 -0.021240 0.290196 0.290196 0.290196 #0.000000
v 1.180176 0.664795 -0.021240 0.290196 0.290196 0.290196 #0.000000
v 1.101318 2.155029 0.111572 0.290196 0.290196 0.290196 #0.000000
v 1.399414 1.302734 0.072998 0.290196 0.290196 0.290196 #0.000000
v 1.102539 2.155029 -0.154053 0.290196 0.290196 0.290196 #0.000000
v 1.399658 1.303467 -0.124023 0.290196 0.290196 0.290196 #0.000000
v 1.102539 2.155029 -0.154053 0.290196 0.290196 0.290196 #0.000000
v 1.399414 1.302734 0.072998 0.290196 0.290196 0.290196 #0.000000
v 1.492920 1.137451 -0.021240 0.290196 0.290196 0.290196 #0.000000
v 1.399658 1.303467 -0.124023 0.290196 0.290196 0.290196 #0.000000
v 1.399414 1.302734 0.072998 0.290196 0.290196 0.290196 #0.000000
v 1.180176 0.664795 -0.021240 0.290196 0.290196 0.290196 #0.000000
v 0.812256 1.701416 0.111572 0.290196 0.290196 0.290196 #0.000000
v 0.813477 1.701416 -0.154053 0.290196 0.290196 0.290196 #0.000000
v 0.812256 1.701416 0.111572 0.290196 0.290196 0.290196 #0.000000
v 1.101318 2.155029 0.111572 0.290196 0.290196 0.290196 #0.000000
v 0.813477 1.701416 -0.154053 0.290196 0.290196 0.290196 #0.000000
v 1.102539 2.155029 -0.154053 0.290196 0.290196 0.290196 #0.000000
v 0.813477 1.701416 -0.154053 0.290196 0.290196 0.290196 #0.000000
v 1.101318 2.155029 0.111572 0.290196 0.290196 0.290196 #0.000000
v 1.270996 0.660645 -0.021240 0.290196 0.290196 0.290196 #0.000000
v 1.492920 1.137451 -0.021240 0.290196 0.290196 0.290196 #0.000000
v 1.180176 0.664795 -0.021240 0.290196 0.290196 0.290196 #0.000000
v 1.101318 2.155029 0.111572 0.290196 0.290196 0.290196 #0.000000
v 0.812256 1.701416 0.111572 0.290196 0.290196 0.290196 #0.000000
v 1.399414 1.302734 0.072998 0.290196 0.290196 0.290196 #0.000000
v 0.812256 1.701416 0.111572 0.290196 0.290196 0.290196 #0.000000
v 1.180176 0.664795 -0.021240 0.290196 0.290196 0.290196 #0.000000
v 1.399414 1.302734 0.072998 0.290196 0.290196 0.290196 #0.000000
v 1.180176 0.664795 -0.021240 0.290196 0.290196 0.290196 #0.000000
v 1.492920 1.137451 -0.021240 0.290196 0.290196 0.290196 #0.000000
v 1.399414 1.302734 0.072998 0.290196 0.290196 0.290196 #0.000000
v 1.807861 1.113525 -0.028564 0.290196 0.290196 0.290196 #0.000000
v 2.252441 1.893066 -0.020996 0.290196 0.290196 0.290196 #0.000000
v 2.028076 1.357422 -0.021240 0.290196 0.290196 0.290196 #0.000000
v 1.807861 1.113525 -0.028564 0.290196 0.290196 0.290196 #0.000000
v 1.447021 1.839355 -0.154053 0.290196 0.290196 0.290196 #0.000000
v 2.252441 1.893066 -0.020996 0.290196 0.290196 0.290196 #0.000000
v 1.447021 1.839355 -0.154053 0.290196 0.290196 0.290196 #0.000000
v 1.314453 2.515137 -0.154053 0.290196 0.290196 0.290196 #0.000000
v 2.252441 1.893066 -0.020996 0.290196 0.290196 0.290196 #0.000000
v 1.314453 2.515137 -0.154053 0.290196 0.290196 0.290196 #0.000000
v 1.314453 2.515137 -0.154053 0.290196 0.290196 0.290196 #0.000000
v 2.252441 1.893066 -0.020996 0.290196 0.290196 0.290196 #0.000000
v 1.446533 1.837646 0.111572 0.290196 0.290196 0.290196 #0.000000
v 1.312988 2.515137 0.111572 0.290196 0.290196 0.290196 #0.000000
v 1.314453 2.515137 -0.154053 0.290196 0.290196 0.290196 #0.000000
v 1.314453 2.515137 -0.154053 0.290196 0.290196 0.290196 #0.000000
v 1.314453 2.515137 -0.154053 0.290196 0.290196 0.290196 #0.000000
v 1.312988 2.515137 0.111572 0.290196 0.290196 0.290196 #0.000000
v 1.312988 2.515137 0.111572 0.290196 0.290196 0.290196 #0.000000
v 2.252441 1.893066 -0.020996 0.290196 0.290196 0.290196 #0.000000
v 1.314453 2.515137 -0.154053 0.290196 0.290196 0.290196 #0.000000
v 1.314453 2.515137 -0.154053 0.290196 0.290196 0.290196 #0.000000
v 1.447021 1.839355 -0.154053 0.290196 0.290196 0.290196 #0.000000
v 1.446533 1.837646 0.111572 0.290196 0.290196 0.290196 #0.000000
v 1.447021 1.839355 -0.154053 0.290196 0.290196 0.290196 #0.000000
v 1.808105 1.113037 -0.013672 0.290196 0.290196 0.290196 #0.000000
v 1.446533 1.837646 0.111572 0.290196 0.290196 0.290196 #0.000000
v 1.312988 2.515137 0.111572 0.290196 0.290196 0.290196 #0.000000
v 1.446533 1.837646 0.111572 0.290196 0.290196 0.290196 #0.000000
v 2.252441 1.893066 -0.020996 0.290196 0.290196 0.290196 #0.000000
v 2.252441 1.893066 -0.020996 0.290196 0.290196 0.290196 #0.000000
v 1.446533 1.837646 0.111572 0.290196 0.290196 0.290196 #0.000000
v 2.028076 1.357422 -0.021240 0.290196 0.290196 0.290196 #0.000000
v 2.028076 1.357422 -0.021240 0.290196 0.290196 0.290196 #0.000000
v 1.446533 1.837646 0.111572 0.290196 0.290196 0.290196 #0.000000
v 1.808105 1.113037 -0.013672 0.290196 0.290196 0.290196 #0.000000
v 2.028076 1.357422 -0.021240 0.290196 0.290196 0.290196 #0.000000
v 1.808105 1.113037 -0.013672 0.290196 0.290196 0.290196 #0.000000
v 1.841553 1.094482 -0.021240 0.290196 0.290196 0.290196 #0.000000
v 1.447021 1.839355 -0.154053 0.290196 0.290196 0.290196 #0.000000
v 1.807861 1.113525 -0.028564 0.290196 0.290196 0.290196 #0.000000
v 1.808105 1.113037 -0.013672 0.290196 0.290196 0.290196 #0.000000
v 1.807861 1.113525 -0.028564 0.290196 0.290196 0.290196 #0.000000
v 1.841553 1.094482 -0.021240 0.290196 0.290196 0.290196 #0.000000
v 1.808105 1.113037 -0.013672 0.290196 0.290196 0.290196 #0.000000
v 1.841553 1.094482 -0.021240 0.290196 0.290196 0.290196 #0.000000
v 1.807861 1.113525 -0.028564 0.290196 0.290196 0.290196 #0.000000
v 2.028076 1.357422 -0.021240 0.290196 0.290196 0.290196 #0.000000
vt 0.626953 0.276855 0.000000
vt 0.737793 0.332520 0.000000
vt 0.623047 0.301025 0.000000
vt 0.737793 0.332520 0.000000
vt 0.705322 0.388184 0.000000
vt 0.623047 0.301025 0.000000
vt 0.705322 0.388184 0.000000
vt 0.636719 0.374512 0.000000
vt 0.623047 0.301025 0.000000
vt 0.636719 0.374512 0.000000
vt 0.547852 0.330322 0.000000
vt 0.623047 0.301025 0.000000
vt 0.623047 0.301025 0.000000
vt 0.547852 0.330322 0.000000
vt 0.507568 0.297607 0.000000
vt 0.547852 0.330322 0.000000
vt 0.459961 0.334961 0.000000
vt 0.507568 0.297607 0.000000
vt 0.507568 0.297607 0.000000
vt 0.459961 0.334961 0.000000
vt 0.477051 0.261475 0.000000
vt 0.459961 0.334961 0.000000
vt 0.407715 0.299072 0.000000
vt 0.477051 0.261475 0.000000
vt 0.360596 0.510254 0.000000
vt 0.411133 0.520264 0.000000
vt 0.345947 0.539795 0.000000
vt 0.333740 0.510742 0.000000
vt 0.406738 0.559326 0.000000
vt 0.378906 0.582764 0.000000
vt 0.406006 0.576660 0.000000
vt 0.378906 0.582764 0.000000
vt 0.406738 0.559326 0.000000
vt 0.333740 0.510742 0.000000
vt 0.405273 0.531250 0.000000
vt 0.406738 0.559326 0.000000
vt 0.411133 0.520264 0.000000
vt 0.446777 0.535889 0.000000
vt 0.425781 0.565186 0.000000
vt 0.406738 0.559326 0.000000
vt 0.407715 0.536133 0.000000
vt 0.450439 0.551758 0.000000
vt 0.407715 0.536133 0.000000
vt 0.461914 0.515381 0.000000
vt 0.450439 0.551758 0.000000
vt 0.450439 0.551758 0.000000
vt 0.461914 0.515381 0.000000
vt 0.492676 0.532715 0.000000
vt 0.461914 0.515381 0.000000
vt 0.490234 0.487549 0.000000
vt 0.492676 0.532715 0.000000
vt 0.492676 0.532715 0.000000
vt 0.490234 0.487549 0.000000
vt 0.525879 0.502930 0.000000
vt 0.490234 0.487549 0.000000
vt 0.504639 0.453125 0.000000
vt 0.525879 0.502930 0.000000
vt 0.535645 0.483643 0.000000
vt 0.504395 0.453125 0.000000
vt 0.556885 0.496094 0.000000
vt 0.552002 0.489014 0.000000
vt 0.504639 0.453125 0.000000
vt 0.576660 0.418945 0.000000
vt 0.504639 0.453125 0.000000
vt 0.503418 0.408691 0.000000
vt 0.576660 0.418945 0.000000
vt 0.576660 0.418945 0.000000
vt 0.503418 0.408691 0.000000
vt 0.561523 0.343994 0.000000
vt 0.503418 0.408691 0.000000
vt 0.487793 0.357666 0.000000
vt 0.561523 0.343994 0.000000
vt 0.768555 0.372803 0.000000
vt 0.816406 0.437744 0.000000
vt 0.737793 0.408691 0.000000
vt 0.737793 0.408691 0.000000
vt 0.816406 0.437744 0.000000
vt 0.729492 0.447266 0.000000
vt 0.816406 0.437744 0.000000
vt 0.830566 0.506348 0.000000
vt 0.729492 0.447266 0.000000
vt 0.729492 0.447266 0.000000
vt 0.830566 0.506348 0.000000
vt 0.730225 0.500244 0.000000
vt 0.730225 0.500244 0.000000
vt 0.830566 0.506348 0.000000
vt 0.756592 0.576660 0.000000
vt 0.830566 0.506348 0.000000
vt 0.831543 0.572510 0.000000
vt 0.756592 0.576660 0.000000
vt 0.756592 0.576660 0.000000
vt 0.831543 0.572510 0.000000
vt 0.762451 0.648193 0.000000
vt 0.831543 0.572510 0.000000
vt 0.816650 0.653564 0.000000
vt 0.762451 0.648193 0.000000
vt 0.816650 0.653564 0.000000
vt 0.792480 0.693604 0.000000
vt 0.762451 0.648193 0.000000
vt 0.302734 0.484375 0.000000
vt 0.360107 0.581299 0.000000
vt 0.277832 0.531738 0.000000
vt 0.277832 0.531738 0.000000
vt 0.360107 0.581299 0.000000
vt 0.316162 0.587158 0.000000
vt 0.360107 0.581299 0.000000
vt 0.378906 0.622559 0.000000
vt 0.316162 0.587158 0.000000
vt 0.316162 0.587158 0.000000
vt 0.378906 0.622559 0.000000
vt 0.336426 0.658936 0.000000
vt 0.378906 0.622559 0.000000
vt 0.415283 0.664551 0.000000
vt 0.336426 0.658936 0.000000
vt 0.415283 0.664551 0.000000
vt 0.493896 0.762695 0.000000
vt 0.336426 0.658936 0.000000
vt 0.336426 0.658936 0.000000
vt 0.493896 0.762695 0.000000
vt 0.302002 0.680908 0.000000
vt 0.302002 0.680908 0.000000
vt 0.493896 0.762695 0.000000
vt 0.372559 0.779053 0.000000
vt 0.490234 0.728760 0.000000
vt 0.504150 0.750488 0.000000
vt 0.352783 0.764893 0.000000
vt 0.372559 0.779053 0.000000
vt 0.496338 0.762695 0.000000
vt 0.447510 0.820068 0.000000
vt 0.496338 0.762695 0.000000
vt 0.567627 0.826416 0.000000
vt 0.447510 0.820068 0.000000
vt 0.476562 0.739502 0.000000
vt 0.553955 0.820557 0.000000
vt 0.504150 0.750488 0.000000
vt 0.574707 0.833496 0.000000
vt 0.504150 0.750488 0.000000
vt 0.553955 0.820557 0.000000
vt 0.363525 0.758789 0.000000
vt 0.318848 0.684082 0.000000
vt 0.296143 0.671875 0.000000
vt 0.553955 0.820557 0.000000
vt 0.458496 0.813477 0.000000
vt 0.574707 0.833496 0.000000
vt 0.453125 0.823242 0.000000
vt 0.574707 0.833496 0.000000
vt 0.458496 0.813477 0.000000
vt 0.318848 0.684082 0.000000
vt 0.354492 0.671875 0.000000
vt 0.296143 0.671875 0.000000
vt 0.342041 0.664062 0.000000
vt 0.296143 0.671875 0.000000
vt 0.354492 0.671875 0.000000
vt 0.352783 0.764893 0.000000
vt 0.453125 0.823242 0.000000
vt 0.458496 0.813477 0.000000
vt 0.504150 0.750488 0.000000
vt 0.490234 0.728760 0.000000
vt 0.476562 0.739502 0.000000
vt 0.296143 0.671875 0.000000
vt 0.352783 0.764893 0.000000
vt 0.363525 0.758789 0.000000
vt 0.458496 0.813477 0.000000
vt 0.363525 0.758789 0.000000
vt 0.352783 0.764893 0.000000
vt 0.401367 0.667969 0.000000
vt 0.476562 0.739502 0.000000
vt 0.407471 0.658447 0.000000
vt 0.490234 0.728760 0.000000
vt 0.407471 0.658447 0.000000
vt 0.476562 0.739502 0.000000
vt 0.358887 0.621094 0.000000
vt 0.401367 0.667969 0.000000
vt 0.366455 0.614990 0.000000
vt 0.407471 0.658447 0.000000
vt 0.366455 0.614990 0.000000
vt 0.401367 0.667969 0.000000
vt 0.354492 0.671875 0.000000
vt 0.325439 0.576660 0.000000
vt 0.342041 0.664062 0.000000
vt 0.316650 0.584473 0.000000
vt 0.342041 0.664062 0.000000
vt 0.325439 0.576660 0.000000
vt 0.332764 0.559326 0.000000
vt 0.358887 0.621094 0.000000
vt 0.342041 0.551514 0.000000
vt 0.366455 0.614990 0.000000
vt 0.342041 0.551514 0.000000
vt 0.358887 0.621094 0.000000
vt 0.262207 0.544434 0.000000
vt 0.316650 0.584473 0.000000
vt 0.325439 0.576660 0.000000
vt 0.325439 0.576660 0.000000
vt 0.270264 0.536621 0.000000
vt 0.262207 0.544434 0.000000
vt 0.289062 0.493652 0.000000
vt 0.332764 0.559326 0.000000
vt 0.288818 0.474365 0.000000
vt 0.342041 0.551514 0.000000
vt 0.288818 0.474365 0.000000
vt 0.332764 0.559326 0.000000
vt 0.270264 0.536621 0.000000
vt 0.289062 0.493652 0.000000
vt 0.262207 0.544434 0.000000
vt 0.288818 0.474365 0.000000
vt 0.262207 0.544434 0.000000
vt 0.289062 0.493652 0.000000
vt 0.415039 0.554199 0.000000
vt 0.411133 0.566650 0.000000
vt 0.425781 0.565186 0.000000
vt 0.418457 0.575928 0.000000
vt 0.425781 0.565186 0.000000
vt 0.411133 0.566650 0.000000
vt 0.550781 0.483398 0.000000
vt 0.535889 0.494141 0.000000
vt 0.557129 0.504639 0.000000
vt 0.539551 0.512451 0.000000
vt 0.557129 0.504639 0.000000
vt 0.535889 0.494141 0.000000
vt 0.510254 0.417969 0.000000
vt 0.498779 0.373779 0.000000
vt 0.498047 0.416748 0.000000
vt 0.486572 0.363770 0.000000
vt 0.498047 0.416748 0.000000
vt 0.498779 0.373779 0.000000
vt 0.363770 0.538818 0.000000
vt 0.367188 0.524170 0.000000
vt 0.345947 0.539795 0.000000
vt 0.360596 0.510254 0.000000
vt 0.345947 0.539795 0.000000
vt 0.367188 0.524170 0.000000
vt 0.367188 0.524170 0.000000
vt 0.408447 0.529541 0.000000
vt 0.360596 0.510254 0.000000
vt 0.411133 0.520264 0.000000
vt 0.360596 0.510254 0.000000
vt 0.408447 0.529541 0.000000
vt 0.373047 0.568115 0.000000
vt 0.363770 0.538818 0.000000
vt 0.359863 0.580078 0.000000
vt 0.345947 0.539795 0.000000
vt 0.359863 0.580078 0.000000
vt 0.363770 0.538818 0.000000
vt 0.498779 0.373779 0.000000
vt 0.557861 0.373047 0.000000
vt 0.486572 0.363770 0.000000
vt 0.571533 0.364014 0.000000
vt 0.486572 0.363770 0.000000
vt 0.557861 0.373047 0.000000
vt 0.411133 0.566650 0.000000
vt 0.373047 0.568115 0.000000
vt 0.418457 0.575928 0.000000
vt 0.359863 0.580078 0.000000
vt 0.418457 0.575928 0.000000
vt 0.373047 0.568115 0.000000
vt 0.575195 0.437256 0.000000
vt 0.571533 0.364014 0.000000
vt 0.557861 0.373047 0.000000
vt 0.557861 0.373047 0.000000
vt 0.561523 0.435547 0.000000
vt 0.575195 0.437256 0.000000
vt 0.508301 0.458740 0.000000
vt 0.510254 0.417969 0.000000
vt 0.497070 0.452148 0.000000
vt 0.498047 0.416748 0.000000
vt 0.497070 0.452148 0.000000
vt 0.510254 0.417969 0.000000
vt 0.561523 0.435547 0.000000
vt 0.550781 0.483398 0.000000
vt 0.575195 0.437256 0.000000
vt 0.557129 0.504639 0.000000
vt 0.575195 0.437256 0.000000
vt 0.550781 0.483398 0.000000
vt 0.504395 0.494873 0.000000
vt 0.508301 0.458740 0.000000
vt 0.490479 0.486572 0.000000
vt 0.497070 0.452148 0.000000
vt 0.490479 0.486572 0.000000
vt 0.508301 0.458740 0.000000
vt 0.513916 0.541748 0.000000
vt 0.539551 0.512451 0.000000
vt 0.535889 0.494141 0.000000
vt 0.486572 0.512939 0.000000
vt 0.504395 0.494873 0.000000
vt 0.471924 0.510986 0.000000
vt 0.490479 0.486572 0.000000
vt 0.471924 0.510986 0.000000
vt 0.504395 0.494873 0.000000
vt 0.466797 0.558350 0.000000
vt 0.513916 0.541748 0.000000
vt 0.507324 0.529785 0.000000
vt 0.535889 0.494141 0.000000
vt 0.507324 0.529785 0.000000
vt 0.513916 0.541748 0.000000
vt 0.408447 0.529541 0.000000
vt 0.486572 0.512939 0.000000
vt 0.446777 0.535889 0.000000
vt 0.471924 0.510986 0.000000
vt 0.446777 0.535889 0.000000
vt 0.486572 0.512939 0.000000
vt 0.425781 0.565186 0.000000
vt 0.466797 0.558350 0.000000
vt 0.415039 0.554199 0.000000
vt 0.463379 0.549072 0.000000
vt 0.415039 0.554199 0.000000
vt 0.466797 0.558350 0.000000
vt 0.446777 0.535889 0.000000
vt 0.411133 0.520264 0.000000
vt 0.408447 0.529541 0.000000
vt 0.624268 0.325195 0.000000
vt 0.633301 0.275635 0.000000
vt 0.613770 0.311279 0.000000
vt 0.623535 0.260986 0.000000
vt 0.613770 0.311279 0.000000
vt 0.633301 0.275635 0.000000
vt 0.633301 0.275635 0.000000
vt 0.724121 0.328369 0.000000
vt 0.623535 0.260986 0.000000
vt 0.735352 0.323975 0.000000
vt 0.623535 0.260986 0.000000
vt 0.724121 0.328369 0.000000
vt 0.421387 0.309326 0.000000
vt 0.466797 0.275146 0.000000
vt 0.401367 0.312012 0.000000
vt 0.463135 0.255859 0.000000
vt 0.401367 0.312012 0.000000
vt 0.466797 0.275146 0.000000
vt 0.724121 0.328369 0.000000
vt 0.703857 0.380127 0.000000
vt 0.735352 0.323975 0.000000
vt 0.711670 0.390625 0.000000
vt 0.735352 0.323975 0.000000
vt 0.703857 0.380127 0.000000
vt 0.703857 0.380127 0.000000
vt 0.632080 0.367188 0.000000
vt 0.711670 0.390625 0.000000
vt 0.632812 0.380371 0.000000
vt 0.711670 0.390625 0.000000
vt 0.632080 0.367188 0.000000
vt 0.544434 0.350586 0.000000
vt 0.632812 0.380371 0.000000
vt 0.632080 0.367188 0.000000
vt 0.468994 0.356689 0.000000
vt 0.544434 0.350586 0.000000
vt 0.545410 0.339355 0.000000
vt 0.632080 0.367188 0.000000
vt 0.545410 0.339355 0.000000
vt 0.544434 0.350586 0.000000
vt 0.508301 0.302490 0.000000
vt 0.624268 0.325195 0.000000
vt 0.512695 0.293945 0.000000
vt 0.613770 0.311279 0.000000
vt 0.512695 0.293945 0.000000
vt 0.624268 0.325195 0.000000
vt 0.474365 0.342041 0.000000
vt 0.421387 0.309326 0.000000
vt 0.468994 0.356689 0.000000
vt 0.401367 0.312012 0.000000
vt 0.468994 0.356689 0.000000
vt 0.421387 0.309326 0.000000
vt 0.512695 0.293945 0.000000
vt 0.463135 0.255859 0.000000
vt 0.466797 0.275146 0.000000
vt 0.466797 0.275146 0.000000
vt 0.508301 0.302490 0.000000
vt 0.512695 0.293945 0.000000
vt 0.545410 0.339355 0.000000
vt 0.474365 0.342041 0.000000
vt 0.468994 0.356689 0.000000
vt 0.808105 0.632568 0.000000
vt 0.793945 0.668945 0.000000
vt 0.820312 0.639160 0.000000
vt 0.790283 0.695801 0.000000
vt 0.820312 0.639160 0.000000
vt 0.793945 0.668945 0.000000
vt 0.736084 0.411133 0.000000
vt 0.769775 0.380371 0.000000
vt 0.768799 0.359375 0.000000
vt 0.793945 0.668945 0.000000
vt 0.773193 0.644287 0.000000
vt 0.790283 0.695801 0.000000
vt 0.756592 0.653809 0.000000
vt 0.790283 0.695801 0.000000
vt 0.773193 0.644287 0.000000
vt 0.832031 0.565918 0.000000
vt 0.808105 0.632568 0.000000
vt 0.843994 0.567627 0.000000
vt 0.820312 0.639160 0.000000
vt 0.843994 0.567627 0.000000
vt 0.808105 0.632568 0.000000
vt 0.748047 0.555420 0.000000
vt 0.756592 0.653809 0.000000
vt 0.773193 0.644287 0.000000
vt 0.722168 0.494873 0.000000
vt 0.748047 0.555420 0.000000
vt 0.761230 0.552002 0.000000
vt 0.773193 0.644287 0.000000
vt 0.761230 0.552002 0.000000
vt 0.748047 0.555420 0.000000
vt 0.827148 0.507812 0.000000
vt 0.832031 0.565918 0.000000
vt 0.843994 0.567627 0.000000
vt 0.814697 0.428955 0.000000
vt 0.827148 0.507812 0.000000
vt 0.840088 0.504883 0.000000
vt 0.843994 0.567627 0.000000
vt 0.840088 0.504883 0.000000
vt 0.827148 0.507812 0.000000
vt 0.761230 0.552002 0.000000
vt 0.733643 0.492432 0.000000
vt 0.722168 0.494873 0.000000
vt 0.733643 0.492432 0.000000
vt 0.739258 0.447998 0.000000
vt 0.722168 0.494873 0.000000
vt 0.726807 0.444336 0.000000
vt 0.722168 0.494873 0.000000
vt 0.739258 0.447998 0.000000
vt 0.840088 0.504883 0.000000
vt 0.820557 0.422119 0.000000
vt 0.814697 0.428955 0.000000
vt 0.739258 0.447998 0.000000
vt 0.736084 0.411133 0.000000
vt 0.726807 0.444336 0.000000
vt 0.726318 0.407471 0.000000
vt 0.726807 0.444336 0.000000
vt 0.736084 0.411133 0.000000
vt 0.768799 0.359375 0.000000
vt 0.726318 0.407471 0.000000
vt 0.736084 0.411133 0.000000
vt 0.769775 0.380371 0.000000
vt 0.814697 0.428955 0.000000
vt 0.768799 0.359375 0.000000
vt 0.820557 0.422119 0.000000
vt 0.768799 0.359375 0.000000
vt 0.814697 0.428955 0.000000
vt 0.553955 0.820557 0.000000
vt 0.476562 0.739502 0.000000
vt 0.458496 0.813477 0.000000
vt 0.458496 0.813477 0.000000
vt 0.476562 0.739502 0.000000
vt 0.363525 0.758789 0.000000
vt 0.318848 0.684082 0.000000
vt 0.363525 0.758789 0.000000
vt 0.354492 0.671875 0.000000
vt 0.363525 0.758789 0.000000
vt 0.476562 0.739502 0.000000
vt 0.354492 0.671875 0.000000
vt 0.289062 0.493652 0.000000
vt 0.270264 0.536621 0.000000
vt 0.332764 0.559326 0.000000
vt 0.270264 0.536621 0.000000
vt 0.325439 0.576660 0.000000
vt 0.332764 0.559326 0.000000
vt 0.332764 0.559326 0.000000
vt 0.325439 0.576660 0.000000
vt 0.358887 0.621094 0.000000
vt 0.325439 0.576660 0.000000
vt 0.354492 0.671875 0.000000
vt 0.358887 0.621094 0.000000
vt 0.358887 0.621094 0.000000
vt 0.354492 0.671875 0.000000
vt 0.401367 0.667969 0.000000
vt 0.354492 0.671875 0.000000
vt 0.476562 0.739502 0.000000
vt 0.401367 0.667969 0.000000
vt 0.498779 0.373779 0.000000
vt 0.510254 0.417969 0.000000
vt 0.557861 0.373047 0.000000
vt 0.557861 0.373047 0.000000
vt 0.510254 0.417969 0.000000
vt 0.561523 0.435547 0.000000
vt 0.561523 0.435547 0.000000
vt 0.535889 0.494141 0.000000
vt 0.550781 0.483398 0.000000
vt 0.561523 0.435547 0.000000
vt 0.510254 0.417969 0.000000
vt 0.535889 0.494141 0.000000
vt 0.411133 0.566650 0.000000
vt 0.415039 0.554199 0.000000
vt 0.373047 0.568115 0.000000
vt 0.367188 0.524170 0.000000
vt 0.363770 0.538818 0.000000
vt 0.408447 0.529541 0.000000
vt 0.363770 0.538818 0.000000
vt 0.415039 0.554199 0.000000
vt 0.408447 0.529541 0.000000
vt 0.373047 0.568115 0.000000
vt 0.415039 0.554199 0.000000
vt 0.363770 0.538818 0.000000
vt 0.408447 0.529541 0.000000
vt 0.463379 0.549072 0.000000
vt 0.486572 0.512939 0.000000
vt 0.415039 0.554199 0.000000
vt 0.463379 0.549072 0.000000
vt 0.408447 0.529541 0.000000
vt 0.486572 0.512939 0.000000
vt 0.507324 0.529785 0.000000
vt 0.504395 0.494873 0.000000
vt 0.507324 0.529785 0.000000
vt 0.535889 0.494141 0.000000
vt 0.504395 0.494873 0.000000
vt 0.504395 0.494873 0.000000
vt 0.535889 0.494141 0.000000
vt 0.508301 0.458740 0.000000
vt 0.535889 0.494141 0.000000
vt 0.510254 0.417969 0.000000
vt 0.508301 0.458740 0.000000
vt 0.466797 0.275146 0.000000
vt 0.421387 0.309326 0.000000
vt 0.508301 0.302490 0.000000
vt 0.633301 0.275635 0.000000
vt 0.624268 0.325195 0.000000
vt 0.724121 0.328369 0.000000
vt 0.724121 0.328369 0.000000
vt 0.624268 0.325195 0.000000
vt 0.703857 0.380127 0.000000
vt 0.703857 0.380127 0.000000
vt 0.624268 0.325195 0.000000
vt 0.632080 0.367188 0.000000
vt 0.632080 0.367188 0.000000
vt 0.624268 0.325195 0.000000
vt 0.545410 0.339355 0.000000
vt 0.624268 0.325195 0.000000
vt 0.508301 0.302490 0.000000
vt 0.545410 0.339355 0.000000
vt 0.508301 0.302490 0.000000
vt 0.421387 0.309326 0.000000
vt 0.545410 0.339355 0.000000
vt 0.545410 0.339355 0.000000
vt 0.421387 0.309326 0.000000
vt 0.474365 0.342041 0.000000
vt 0.793945 0.668945 0.000000
vt 0.808105 0.632568 0.000000
vt 0.773193 0.644287 0.000000
vt 0.769775 0.380371 0.000000
vt 0.736084 0.411133 0.000000
vt 0.814697 0.428955 0.000000
vt 0.736084 0.411133 0.000000
vt 0.739258 0.447998 0.000000
vt 0.814697 0.428955 0.000000
vt 0.814697 0.428955 0.000000
vt 0.739258 0.447998 0.000000
vt 0.827148 0.507812 0.000000
vt 0.739258 0.447998 0.000000
vt 0.733643 0.492432 0.000000
vt 0.827148 0.507812 0.000000
vt 0.733643 0.492432 0.000000
vt 0.761230 0.552002 0.000000
vt 0.827148 0.507812 0.000000
vt 0.827148 0.507812 0.000000
vt 0.761230 0.552002 0.000000
vt 0.832031 0.565918 0.000000
vt 0.761230 0.552002 0.000000
vt 0.773193 0.644287 0.000000
vt 0.832031 0.565918 0.000000
vt 0.773193 0.644287 0.000000
vt 0.808105 0.632568 0.000000
vt 0.832031 0.565918 0.000000
vt 0.463379 0.549072 0.000000
vt 0.507324 0.529785 0.000000
vt 0.486572 0.512939 0.000000
vt 0.507324 0.529785 0.000000
vt 0.463379 0.549072 0.000000
vt 0.466797 0.558350 0.000000
vt 0.055908 0.723877 0.000000
vt 0.119629 0.708984 0.000000
vt 0.135254 0.836670 0.000000
vt 0.950684 0.392578 0.000000
vt 0.965576 0.508545 0.000000
vt 0.875244 0.399414 0.000000
vt 0.875244 0.399414 0.000000
vt 0.965576 0.508545 0.000000
vt 0.885986 0.484619 0.000000
vt 0.965576 0.508545 0.000000
vt 0.959229 0.612549 0.000000
vt 0.885986 0.484619 0.000000
vt 0.885986 0.484619 0.000000
vt 0.959229 0.612549 0.000000
vt 0.892334 0.569824 0.000000
vt 0.892334 0.569824 0.000000
vt 0.959229 0.612549 0.000000
vt 0.875000 0.658691 0.000000
vt 0.959229 0.612549 0.000000
vt 0.928467 0.738281 0.000000
vt 0.855957 0.711426 0.000000
vt 0.928467 0.738281 0.000000
vt 0.878174 0.827881 0.000000
vt 0.855957 0.711426 0.000000
vt 0.878174 0.827881 0.000000
vt 0.798096 0.896729 0.000000
vt 0.855957 0.711426 0.000000
vt 0.855957 0.711426 0.000000
vt 0.798096 0.896729 0.000000
vt 0.803467 0.767822 0.000000
vt 0.803467 0.767822 0.000000
vt 0.798096 0.896729 0.000000
vt 0.759033 0.798828 0.000000
vt 0.759033 0.798828 0.000000
vt 0.798096 0.896729 0.000000
vt 0.689453 0.842773 0.000000
vt 0.798096 0.896729 0.000000
vt 0.699707 0.947998 0.000000
vt 0.689453 0.842773 0.000000
vt 0.689453 0.842773 0.000000
vt 0.699707 0.947998 0.000000
vt 0.620117 0.875488 0.000000
vt 0.699707 0.947998 0.000000
vt 0.591064 0.978760 0.000000
vt 0.620117 0.875488 0.000000
vt 0.620117 0.875488 0.000000
vt 0.591064 0.978760 0.000000
vt 0.525146 0.877686 0.000000
vt 0.591064 0.978760 0.000000
vt 0.480225 0.982422 0.000000
vt 0.525146 0.877686 0.000000
vt 0.480225 0.982422 0.000000
vt 0.395996 0.970947 0.000000
vt 0.525146 0.877686 0.000000
vt 0.525146 0.877686 0.000000
vt 0.395996 0.970947 0.000000
vt 0.431885 0.859131 0.000000
vt 0.395996 0.970947 0.000000
vt 0.292480 0.943604 0.000000
vt 0.431885 0.859131 0.000000
vt 0.431885 0.859131 0.000000
vt 0.292480 0.943604 0.000000
vt 0.363037 0.819336 0.000000
vt 0.292480 0.943604 0.000000
vt 0.213379 0.893066 0.000000
vt 0.363037 0.819336 0.000000
vt 0.363037 0.819336 0.000000
vt 0.213379 0.893066 0.000000
vt 0.308105 0.775879 0.000000
vt 0.213379 0.893066 0.000000
vt 0.135254 0.836670 0.000000
vt 0.308105 0.775879 0.000000
vt 0.135254 0.836670 0.000000
vt 0.119629 0.708984 0.000000
vt 0.308105 0.775879 0.000000
vt 0.308105 0.775879 0.000000
vt 0.119629 0.708984 0.000000
vt 0.271240 0.716064 0.000000
vt 0.119629 0.708984 0.000000
vt 0.093506 0.613770 0.000000
vt 0.271240 0.716064 0.000000
vt 0.271240 0.716064 0.000000
vt 0.093506 0.613770 0.000000
vt 0.234863 0.641357 0.000000
vt 0.234863 0.641357 0.000000
vt 0.093506 0.613770 0.000000
vt 0.220459 0.513428 0.000000
vt 0.220459 0.513428 0.000000
vt 0.093506 0.613770 0.000000
vt 0.045898 0.429688 0.000000
vt 0.045898 0.429688 0.000000
vt 0.093506 0.613770 0.000000
vt 0.017334 0.535400 0.000000
vt 0.093506 0.613770 0.000000
vt 0.020996 0.601807 0.000000
vt 0.017334 0.535400 0.000000
vt 0.054443 0.601074 0.000000
vt 0.120117 0.605713 0.000000
vt 0.049072 0.534180 0.000000
vt 0.049072 0.534180 0.000000
vt 0.120117 0.605713 0.000000
vt 0.065430 0.468994 0.000000
vt 0.065430 0.468994 0.000000
vt 0.120117 0.605713 0.000000
vt 0.224854 0.539062 0.000000
vt 0.224854 0.539062 0.000000
vt 0.120117 0.605713 0.000000
vt 0.226074 0.633301 0.000000
vt 0.226074 0.633301 0.000000
vt 0.162109 0.733887 0.000000
vt 0.263184 0.712402 0.000000
vt 0.860107 0.405518 0.000000
vt 0.879639 0.481445 0.000000
vt 0.942627 0.393311 0.000000
vt 0.942627 0.393311 0.000000
vt 0.879639 0.481445 0.000000
vt 0.959473 0.505127 0.000000
vt 0.879639 0.481445 0.000000
vt 0.887451 0.563721 0.000000
vt 0.959473 0.505127 0.000000
vt 0.959473 0.505127 0.000000
vt 0.887451 0.563721 0.000000
vt 0.949219 0.611572 0.000000
vt 0.887451 0.563721 0.000000
vt 0.869629 0.646973 0.000000
vt 0.949219 0.611572 0.000000
vt 0.949219 0.611572 0.000000
vt 0.850098 0.707764 0.000000
vt 0.907715 0.726807 0.000000
vt 0.907715 0.726807 0.000000
vt 0.850098 0.707764 0.000000
vt 0.850586 0.809082 0.000000
vt 0.850586 0.809082 0.000000
vt 0.809082 0.760010 0.000000
vt 0.774902 0.876709 0.000000
vt 0.850098 0.707764 0.000000
vt 0.809082 0.760010 0.000000
vt 0.850586 0.809082 0.000000
vt 0.809082 0.760010 0.000000
vt 0.755371 0.812012 0.000000
vt 0.774902 0.876709 0.000000
vt 0.755371 0.812012 0.000000
vt 0.691895 0.843750 0.000000
vt 0.774902 0.876709 0.000000
vt 0.691895 0.843750 0.000000
vt 0.619629 0.868164 0.000000
vt 0.774902 0.876709 0.000000
vt 0.774902 0.876709 0.000000
vt 0.619629 0.868164 0.000000
vt 0.684814 0.925781 0.000000
vt 0.619629 0.868164 0.000000
vt 0.522461 0.878418 0.000000
vt 0.684814 0.925781 0.000000
vt 0.684814 0.925781 0.000000
vt 0.522461 0.878418 0.000000
vt 0.584961 0.954102 0.000000
vt 0.584961 0.954102 0.000000
vt 0.522461 0.878418 0.000000
vt 0.481201 0.959717 0.000000
vt 0.481201 0.959717 0.000000
vt 0.522461 0.878418 0.000000
vt 0.396973 0.951416 0.000000
vt 0.522461 0.878418 0.000000
vt 0.422852 0.851318 0.000000
vt 0.396973 0.951416 0.000000
vt 0.396973 0.951416 0.000000
vt 0.422852 0.851318 0.000000
vt 0.306641 0.919678 0.000000
vt 0.422852 0.851318 0.000000
vt 0.355469 0.808594 0.000000
vt 0.306641 0.919678 0.000000
vt 0.306641 0.919678 0.000000
vt 0.355469 0.808594 0.000000
vt 0.222900 0.871094 0.000000
vt 0.355469 0.808594 0.000000
vt 0.301270 0.764404 0.000000
vt 0.222900 0.871094 0.000000
vt 0.222900 0.871094 0.000000
vt 0.301270 0.764404 0.000000
vt 0.162354 0.817139 0.000000
vt 0.100830 0.744629 0.000000
vt 0.162354 0.817139 0.000000
vt 0.162109 0.733887 0.000000
vt 0.162354 0.817139 0.000000
vt 0.301270 0.764404 0.000000
vt 0.162109 0.733887 0.000000
vt 0.301270 0.764404 0.000000
vt 0.263184 0.712402 0.000000
vt 0.162109 0.733887 0.000000
vt 0.226074 0.633301 0.000000
vt 0.120117 0.605713 0.000000
vt 0.162109 0.733887 0.000000
vt 0.879639 0.481445 0.000000
vt 0.860107 0.405518 0.000000
vt 0.827881 0.385498 0.000000
vt 0.133789 0.715576 0.000000
vt 0.064209 0.730469 0.000000
vt 0.162109 0.733887 0.000000
vt 0.120117 0.605713 0.000000
vt 0.054443 0.601074 0.000000
vt 0.101807 0.621826 0.000000
vt 0.860107 0.405518 0.000000
vt 0.942627 0.393311 0.000000
vt 0.827881 0.385498 0.000000
vt 0.065430 0.468994 0.000000
vt 0.224854 0.539062 0.000000
vt 0.244873 0.520996 0.000000
vt 0.224854 0.539062 0.000000
vt 0.226074 0.633301 0.000000
vt 0.244873 0.520996 0.000000
vt 0.250000 0.627441 0.000000
vt 0.244873 0.520996 0.000000
vt 0.226074 0.633301 0.000000
vt 0.226074 0.633301 0.000000
vt 0.263184 0.712402 0.000000
vt 0.250000 0.627441 0.000000
vt 0.287354 0.700439 0.000000
vt 0.250000 0.627441 0.000000
vt 0.263184 0.712402 0.000000
vt 0.162109 0.733887 0.000000
vt 0.120117 0.605713 0.000000
vt 0.133789 0.715576 0.000000
vt 0.101807 0.621826 0.000000
vt 0.133789 0.715576 0.000000
vt 0.120117 0.605713 0.000000
vt 0.263184 0.712402 0.000000
vt 0.301270 0.764404 0.000000
vt 0.287354 0.700439 0.000000
vt 0.319092 0.748291 0.000000
vt 0.287354 0.700439 0.000000
vt 0.301270 0.764404 0.000000
vt 0.301270 0.764404 0.000000
vt 0.355469 0.808594 0.000000
vt 0.319092 0.748291 0.000000
vt 0.369629 0.792480 0.000000
vt 0.319092 0.748291 0.000000
vt 0.355469 0.808594 0.000000
vt 0.355469 0.808594 0.000000
vt 0.422852 0.851318 0.000000
vt 0.369629 0.792480 0.000000
vt 0.434814 0.833008 0.000000
vt 0.369629 0.792480 0.000000
vt 0.422852 0.851318 0.000000
vt 0.422852 0.851318 0.000000
vt 0.522461 0.878418 0.000000
vt 0.434814 0.833008 0.000000
vt 0.520264 0.860107 0.000000
vt 0.434814 0.833008 0.000000
vt 0.522461 0.878418 0.000000
vt 0.617432 0.850098 0.000000
vt 0.520264 0.860107 0.000000
vt 0.522461 0.878418 0.000000
vt 0.522461 0.878418 0.000000
vt 0.619629 0.868164 0.000000
vt 0.617432 0.850098 0.000000
vt 0.619629 0.868164 0.000000
vt 0.691895 0.843750 0.000000
vt 0.617432 0.850098 0.000000
vt 0.683594 0.825684 0.000000
vt 0.617432 0.850098 0.000000
vt 0.691895 0.843750 0.000000
vt 0.691895 0.843750 0.000000
vt 0.755371 0.812012 0.000000
vt 0.683594 0.825684 0.000000
vt 0.747314 0.790039 0.000000
vt 0.683594 0.825684 0.000000
vt 0.755371 0.812012 0.000000
vt 0.755371 0.812012 0.000000
vt 0.809082 0.760010 0.000000
vt 0.747314 0.790039 0.000000
vt 0.796875 0.749756 0.000000
vt 0.747314 0.790039 0.000000
vt 0.809082 0.760010 0.000000
vt 0.809082 0.760010 0.000000
vt 0.850098 0.707764 0.000000
vt 0.796875 0.749756 0.000000
vt 0.831787 0.701660 0.000000
vt 0.796875 0.749756 0.000000
vt 0.850098 0.707764 0.000000
vt 0.869141 0.561523 0.000000
vt 0.855225 0.641113 0.000000
vt 0.869629 0.646973 0.000000
vt 0.857422 0.483398 0.000000
vt 0.869141 0.561523 0.000000
vt 0.887451 0.563721 0.000000
vt 0.869629 0.646973 0.000000
vt 0.887451 0.563721 0.000000
vt 0.869141 0.561523 0.000000
vt 0.827881 0.385498 0.000000
vt 0.857422 0.483398 0.000000
vt 0.879639 0.481445 0.000000
vt 0.887451 0.563721 0.000000
vt 0.879639 0.481445 0.000000
vt 0.857422 0.483398 0.000000
vt 0.869629 0.646973 0.000000
vt 0.850098 0.707764 0.000000
vt 0.949219 0.611572 0.000000
vt 0.850098 0.707764 0.000000
vt 0.869629 0.646973 0.000000
vt 0.831787 0.701660 0.000000
vt 0.855225 0.641113 0.000000
vt 0.831787 0.701660 0.000000
vt 0.869629 0.646973 0.000000
vt 0.875000 0.658691 0.000000
vt 0.959229 0.612549 0.000000
vt 0.855957 0.711426 0.000000
vt 0.503174 0.031738 0.000000
vt 0.634033 0.037598 0.000000
vt 0.624512 0.210205 0.000000
vt 0.634033 0.037598 0.000000
vt 0.758545 0.067139 0.000000
vt 0.624512 0.210205 0.000000
vt 0.758545 0.067139 0.000000
vt 0.737061 0.176758 0.000000
vt 0.624512 0.210205 0.000000
vt 0.737061 0.176758 0.000000
vt 0.788574 0.207275 0.000000
vt 0.624512 0.210205 0.000000
vt 0.624512 0.210205 0.000000
vt 0.788574 0.207275 0.000000
vt 0.798584 0.340576 0.000000
vt 0.947021 0.287109 0.000000
vt 0.887939 0.343262 0.000000
vt 0.919189 0.229980 0.000000
vt 0.887939 0.343262 0.000000
vt 0.798584 0.340576 0.000000
vt 0.919189 0.229980 0.000000
vt 0.798584 0.340576 0.000000
vt 0.788574 0.207275 0.000000
vt 0.919189 0.229980 0.000000
vt 0.788574 0.207275 0.000000
vt 0.841309 0.125732 0.000000
vt 0.919189 0.229980 0.000000
vt 0.669434 0.237549 0.000000
vt 0.538574 0.053223 0.000000
vt 0.653320 0.251465 0.000000
vt 0.738525 0.170166 0.000000
vt 0.769043 0.077148 0.000000
vt 0.718506 0.182129 0.000000
vt 0.718506 0.182129 0.000000
vt 0.776367 0.226807 0.000000
vt 0.738525 0.170166 0.000000
vt 0.778076 0.198486 0.000000
vt 0.738525 0.170166 0.000000
vt 0.776367 0.226807 0.000000
vt 0.759521 0.292236 0.000000
vt 0.669434 0.237549 0.000000
vt 0.751221 0.312500 0.000000
vt 0.653320 0.251465 0.000000
vt 0.751221 0.312500 0.000000
vt 0.669434 0.237549 0.000000
vt 0.849121 0.359375 0.000000
vt 0.952148 0.279297 0.000000
vt 0.857178 0.331299 0.000000
vt 0.843506 0.125977 0.000000
vt 0.778076 0.198486 0.000000
vt 0.776367 0.226807 0.000000
vt 0.857178 0.331299 0.000000
vt 0.759521 0.292236 0.000000
vt 0.849121 0.359375 0.000000
vt 0.751221 0.312500 0.000000
vt 0.849121 0.359375 0.000000
vt 0.759521 0.292236 0.000000
vt 0.538574 0.053223 0.000000
vt 0.669434 0.237549 0.000000
vt 0.622070 0.048828 0.000000
vt 0.622070 0.048828 0.000000
vt 0.669434 0.237549 0.000000
vt 0.740967 0.093262 0.000000
vt 0.740967 0.093262 0.000000
vt 0.669434 0.237549 0.000000
vt 0.718506 0.182129 0.000000
vt 0.718506 0.182129 0.000000
vt 0.669434 0.237549 0.000000
vt 0.776367 0.226807 0.000000
vt 0.916016 0.275391 0.000000
vt 0.899170 0.247070 0.000000
vt 0.857178 0.331299 0.000000
vt 0.857178 0.331299 0.000000
vt 0.899170 0.247070 0.000000
vt 0.759521 0.292236 0.000000
vt 0.899170 0.247070 0.000000
vt 0.849854 0.166504 0.000000
vt 0.759521 0.292236 0.000000
vt 0.849854 0.166504 0.000000
vt 0.776367 0.226807 0.000000
vt 0.759521 0.292236 0.000000
vt 0.776367 0.226807 0.000000
vt 0.669434 0.237549 0.000000
vt 0.759521 0.292236 0.000000
vt 0.292480 0.409180 0.000000
vt 0.222656 0.235596 0.000000
vt 0.358398 0.316406 0.000000
vt 0.222656 0.235596 0.000000
vt 0.210693 0.180664 0.000000
vt 0.358398 0.316406 0.000000
vt 0.358398 0.316406 0.000000
vt 0.210693 0.180664 0.000000
vt 0.306152 0.103027 0.000000
vt 0.210693 0.180664 0.000000
vt 0.290283 0.085449 0.000000
vt 0.306152 0.103027 0.000000
vt 0.295410 0.374268 0.000000
vt 0.231201 0.254639 0.000000
vt 0.293213 0.410645 0.000000
vt 0.215088 0.260742 0.000000
vt 0.293213 0.410645 0.000000
vt 0.231201 0.254639 0.000000
vt 0.189453 0.185547 0.000000
vt 0.215088 0.260742 0.000000
vt 0.231201 0.254639 0.000000
vt 0.297119 0.114502 0.000000
vt 0.349609 0.315186 0.000000
vt 0.367676 0.321045 0.000000
vt 0.349609 0.315186 0.000000
vt 0.295410 0.374268 0.000000
vt 0.367676 0.321045 0.000000
vt 0.293213 0.410645 0.000000
vt 0.367676 0.321045 0.000000
vt 0.295410 0.374268 0.000000
vt 0.262207 0.117676 0.000000
vt 0.217773 0.185547 0.000000
vt 0.297119 0.114502 0.000000
vt 0.295410 0.374268 0.000000
vt 0.349609 0.315186 0.000000
vt 0.231201 0.254639 0.000000
vt 0.349609 0.315186 0.000000
vt 0.297119 0.114502 0.000000
vt 0.231201 0.254639 0.000000
vt 0.297119 0.114502 0.000000
vt 0.217773 0.185547 0.000000
vt 0.231201 0.254639 0.000000
vt 0.161133 0.196533 0.000000
vt 0.045410 0.369629 0.000000
vt 0.076904 0.252197 0.000000
vt 0.161133 0.196533 0.000000
vt 0.218994 0.331543 0.000000
vt 0.045410 0.369629 0.000000
vt 0.218994 0.331543 0.000000
vt 0.266113 0.476807 0.000000
vt 0.045410 0.369629 0.000000
vt 0.271240 0.445312 0.000000
vt 0.240967 0.507812 0.000000
vt 0.020996 0.375000 0.000000
vt 0.227295 0.355957 0.000000
vt 0.241211 0.447266 0.000000
vt 0.271240 0.445312 0.000000
vt 0.240967 0.507812 0.000000
vt 0.271240 0.445312 0.000000
vt 0.241211 0.447266 0.000000
vt 0.241211 0.447266 0.000000
vt 0.053223 0.371094 0.000000
vt 0.240967 0.507812 0.000000
vt 0.271240 0.445312 0.000000
vt 0.177734 0.212646 0.000000
vt 0.227295 0.355957 0.000000
vt 0.253662 0.352295 0.000000
vt 0.175049 0.204102 0.000000
vt 0.227295 0.355957 0.000000
vt 0.241211 0.447266 0.000000
vt 0.227295 0.355957 0.000000
vt 0.053223 0.371094 0.000000
vt 0.053223 0.371094 0.000000
vt 0.227295 0.355957 0.000000
vt 0.166504 0.227783 0.000000
vt 0.088135 0.295654 0.000000
vt 0.179199 0.212402 0.000000
vt 0.163086 0.220215 0.000000
vt 0.088135 0.295654 0.000000
vt 0.166504 0.227783 0.000000
vt 0.163086 0.220215 0.000000
vt 0.253662 0.352295 0.000000
vt 0.175049 0.204102 0.000000
vt 0.177734 0.212646 0.000000
vt 0.179199 0.212402 0.000000
vt 0.175049 0.204102 0.000000
vt 0.177734 0.212646 0.000000
vt 0.161133 0.196533 0.000000
vt 0.164307 0.203857 0.000000
vt 0.076904 0.252197 0.000000
vn 0.000000 0.000000 -1.000000
vn 0.000000 0.000000 -1.000000
vn 0.000000 0.000000 -1.000000
vn 0.000000 0.000000 -1.000000
vn 0.000000 0.000000 -1.000000
vn 0.000000 0.000000 -1.000000
vn 0.000000 0.000000 -1.000000
vn 0.000000 0.000000 -1.000000
vn 0.000000 0.000000 -1.000000
vn 0.000000 0.000000 -1.000000
vn 0.000000 0.000000 -1.000000
vn 0.000000 0.000000 -1.000000
vn 0.000000 0.000000 -1.000000
vn 0.000000 0.000000 -1.000000
vn 0.000000 0.000000 -1.000000
vn 0.000000 0.000000 -1.000000
vn 0.000000 0.000000 -1.000000
vn 0.000000 0.000000 -1.000000
vn 0.000000 0.000000 -1.000000
vn 0.000000 0.000000 -1.000000
vn 0.000000 0.000000 -1.000000
vn 0.000000 0.000000 -1.000000
vn 0.000000 0.000000 -1.000000
vn 0.000000 0.000000 -1.000000
vn 0.000000 0.000000 1.000000
vn 0.000000 0.000000 1.000000
vn 0.000000 0.000000 -1.000000
vn 0.000000 0.000000 -1.000000
vn 0.000000 0.000000 -1.000000
vn 0.000000 0.000000 -1.000000
vn 0.000000 0.000000 -1.000000
vn 0.000000 0.000000 -1.000000
vn 0.000000 0.000000 -1.000000
vn 0.000000 0.000000 -1.000000
vn 0.000000 0.000000 -1.000000
vn 0.000000 0.000000 -1.000000
vn 0.000000 0.000000 1.000000
vn 0.000000 0.000000 -1.000000
vn 0.000000 0.000000 -1.000000
vn 0.000000 0.000000 -1.000000
vn 0.000000 0.000000 -1.000000
vn 0.000000 0.000000 -1.000000
vn 0.000000 0.000000 -1.000000
vn 0.000000 0.000000 -1.000000
vn 0.000000 0.000000 -1.000000
vn 0.000000 0.000000 -1.000000
vn 0.000000 0.000000 -1.000000
vn 0.000000 0.000000 -1.000000
vn 0.000000 0.000000 -1.000000
vn 0.000000 0.000000 -1.000000
vn 0.000000 0.000000 -1.000000
vn 0.000000 0.000000 -1.000000
vn 0.000000 0.000000 -1.000000
vn 0.000000 0.000000 -1.000000
vn 0.000000 0.000000 -1.000000
vn 0.000000 0.000000 -1.000000
vn 0.000000 0.000000 -1.000000
vn 0.000000 0.000000 -1.000000
vn 0.000000 0.000000 -1.000000
vn 0.000000 0.000000 -1.000000
vn 0.000000 0.000000 -1.000000
vn 0.000000 0.000000 -1.000000
vn 0.000000 0.000000 -1.000000
vn 0.000000 0.000000 -1.000000
vn 0.000000 0.000000 -1.000000
vn 0.000000 0.000000 -1.000000
vn 0.000000 0.000000 -1.000000
vn 0.000000 0.000000 -1.000000
vn 0.000000 0.000000 -1.000000
vn 0.000000 0.000000 -1.000000
vn 0.000000 0.000000 -1.000000
vn 0.000000 0.000000 -1.000000
vn 0.000000 0.000000 -1.000000
vn 0.000000 0.000000 -1.000000
vn 0.000000 0.000000 -1.000000
vn 0.000000 0.000000 -1.000000
vn 0.000000 0.000000 -1.000000
vn 0.000000 0.000000 -1.000000
vn 0.000000 0.000000 -1.000000
vn 0.000000 0.000000 -1.000000
vn 0.000000 0.000000 -1.000000
vn 0.000000 0.000000 -1.000000
vn 0.000000 0.000000 -1.000000
vn 0.000000 0.000000 -1.000000
vn 0.000000 0.000000 -1.000000
vn 0.000000 0.000000 -1.000000
vn 0.000000 0.000000 -1.000000
vn 0.000000 0.000000 -1.000000
vn 0.000000 0.000000 -1.000000
vn 0.000000 0.000000 -1.000000
vn 0.000000 0.000000 -1.000000
vn 0.000000 0.000000 -1.000000
vn 0.000000 0.000000 -1.000000
vn 0.000000 0.000000 -1.000000
vn 0.000000 0.000000 -1.000000
vn 0.000000 0.000000 -1.000000
vn 0.000000 0.000000 -1.000000
vn 0.000000 0.000000 -1.000000
vn 0.000000 0.000000 -1.000000
vn 0.000000 0.000000 -1.000000
vn 0.000000 0.000000 -1.000000
vn 0.000000 0.000000 -1.000000
vn 0.000000 0.000000 -1.000000
vn 0.000000 0.000000 -1.000000
vn 0.000000 0.000000 -1.000000
vn 0.000000 0.000000 -1.000000
vn 0.000000 0.000000 -1.000000
vn 0.000000 0.000000 -1.000000
vn 0.000000 0.000000 -1.000000
vn 0.000000 0.000000 -1.000000
vn 0.000000 0.000000 -1.000000
vn 0.000000 0.000000 -1.000000
vn 0.000000 0.000000 -1.000000
vn 0.000000 0.000000 -1.000000
vn 0.000000 0.000000 -1.000000
vn 0.000000 0.000000 -1.000000
vn 0.000000 0.000000 -1.000000
vn 0.000000 0.000000 -1.000000
vn 0.000000 0.000000 -1.000000
vn 0.000000 0.000000 -1.000000
vn 0.000000 0.000000 -1.000000
vn 0.000000 0.000000 -1.000000
vn 0.000000 0.000000 -1.000000
vn 0.000000 0.000000 -1.000000
vn 0.000000 0.000000 -1.000000
vn 0.000000 0.000000 -1.000000
vn 0.000000 0.000000 -1.000000
vn 0.000000 0.000000 -1.000000
vn 0.000000 0.000000 -1.000000
vn 0.000000 0.000000 -1.000000
vn 0.000000 0.000000 -1.000000
vn 0.000000 0.000000 -1.000000
vn -0.680664 0.732178 -0.007812
vn -0.793945 0.607422 -0.012451
vn -0.749756 0.661377 -0.010010
vn -0.794189 0.607422 -0.013916
vn -0.749756 0.661377 -0.010010
vn -0.793945 0.607422 -0.012451
vn 0.709717 -0.704102 0.014893
vn 0.961182 0.275146 0.017090
vn 0.960938 0.275146 0.018799
vn 0.154541 -0.987793 0.002686
vn 0.155518 -0.987793 -0.005127
vn 0.155518 -0.987793 -0.005127
vn 0.156494 -0.987549 -0.012939
vn 0.155518 -0.987793 -0.005127
vn 0.155518 -0.987793 -0.005127
vn 0.961182 0.275146 0.017090
vn 0.719238 0.694336 0.012695
vn 0.960938 0.275146 0.018799
vn 0.998535 0.050049 0.017578
vn 0.960938 0.275146 0.018799
vn 0.719238 0.694336 0.012695
vn 0.645264 -0.763672 0.008789
vn 0.575195 -0.817627 -0.004395
vn 0.576416 -0.816895 0.004150
vn -0.749756 0.661377 -0.010010
vn -0.641357 0.766846 -0.004883
vn -0.680664 0.732178 -0.007812
vn 0.960938 0.275146 0.018799
vn 0.645264 -0.763672 0.008789
vn 0.709717 -0.704102 0.014893
vn 0.576416 -0.816895 0.004150
vn 0.709717 -0.704102 0.014893
vn 0.645264 -0.763672 0.008789
vn -0.769531 0.638184 -0.013672
vn -0.680664 0.732178 -0.007812
vn -0.704102 0.709717 -0.010254
vn -0.641357 0.766846 -0.004883
vn -0.704102 0.709717 -0.010254
vn -0.680664 0.732178 -0.007812
vn -0.934326 0.355469 -0.016602
vn -0.769531 0.638184 -0.013672
vn -0.886475 0.462402 -0.015625
vn -0.704102 0.709717 -0.010254
vn -0.886475 0.462402 -0.015625
vn -0.769531 0.638184 -0.013672
vn 0.719238 0.694336 0.012695
vn 0.641846 -0.766602 0.011230
vn 0.998535 0.050049 0.017578
vn 0.641846 -0.766602 0.011230
vn 0.998535 0.050049 0.017578
vn 0.641846 -0.766602 0.011230
vn -0.969238 0.245361 -0.017090
vn -0.934326 0.355469 -0.016602
vn -0.969238 0.245361 -0.017090
vn -0.886475 0.462402 -0.015625
vn -0.969238 0.245361 -0.017090
vn -0.934326 0.355469 -0.016602
vn 0.813477 -0.581299 0.014404
vn 0.641846 -0.766602 0.011230
vn 0.641846 -0.766602 0.011230
vn 0.641846 -0.766602 0.011230
vn 0.813477 -0.581299 0.014404
vn 0.813477 -0.581299 0.014404
vn -0.664307 0.747070 -0.011719
vn -0.664307 0.747070 -0.011719
vn -0.664307 0.747070 -0.011719
vn -0.664307 0.747070 -0.011719
vn -0.664307 0.747070 -0.011719
vn -0.664307 0.747070 -0.011719
vn 0.813477 -0.581299 0.014404
vn 0.997070 0.071289 0.017578
vn 0.813477 -0.581299 0.014404
vn 0.997070 0.071289 0.017578
vn 0.813477 -0.581299 0.014404
vn 0.997070 0.071289 0.017578
vn -0.946289 0.322266 -0.016846
vn -0.946289 0.322266 -0.016846
vn -0.946289 0.322266 -0.016846
vn -0.946289 0.322266 -0.016846
vn -0.946289 0.322266 -0.016846
vn -0.946289 0.322266 -0.016846
vn 0.524658 -0.851074 0.009277
vn -0.161621 -0.986816 -0.001465
vn 0.524658 -0.851074 0.009277
vn -0.161865 -0.986572 -0.002686
vn 0.524658 -0.851074 0.009277
vn -0.161621 -0.986816 -0.001465
vn 0.986572 -0.160156 0.024170
vn 0.904297 -0.426270 0.020264
vn 0.954102 -0.298096 0.024658
vn 0.904785 -0.425049 0.015869
vn 0.954102 -0.298096 0.024658
vn 0.904297 -0.426270 0.020264
vn 0.206299 -0.978271 0.003662
vn 0.103760 -0.994385 0.001709
vn 0.103760 -0.994385 0.001709
vn 0.000000 -1.000000 0.000000
vn 0.103760 -0.994385 0.001709
vn 0.103760 -0.994385 0.001709
vn -0.053711 0.998535 -0.000732
vn -0.053955 0.998291 -0.002197
vn -0.053955 0.998291 -0.002197
vn -0.054199 0.998291 -0.003418
vn -0.053955 0.998291 -0.002197
vn -0.053955 0.998291 -0.002197
vn 0.999512 0.020752 0.017578
vn 0.999268 0.017578 0.027588
vn 0.999268 0.017578 0.027588
vn 0.999023 0.014404 0.037354
vn 0.999268 0.017578 0.027588
vn 0.999268 0.017578 0.027588
vn 0.171631 0.985107 0.002930
vn -0.568848 0.822021 -0.010010
vn 0.171631 0.985107 0.002930
vn -0.568848 0.822021 -0.010010
vn 0.171631 0.985107 0.002930
vn -0.568848 0.822021 -0.010010
vn 0.133789 -0.990967 0.002197
vn 0.133789 -0.990967 0.002197
vn 0.133789 -0.990967 0.002197
vn 0.133789 -0.990967 0.002197
vn 0.133789 -0.990967 0.002197
vn 0.133789 -0.990967 0.002197
vn -0.982178 0.186035 -0.017334
vn -0.568848 0.822021 -0.010010
vn -0.568848 0.822021 -0.010010
vn -0.568848 0.822021 -0.010010
vn -0.982178 0.186035 -0.017334
vn -0.982178 0.186035 -0.017334
vn 0.999512 -0.018799 0.014404
vn 0.986572 -0.160156 0.024170
vn 0.999268 -0.021729 0.023193
vn 0.954102 -0.298096 0.024658
vn 0.999268 -0.021729 0.023193
vn 0.986572 -0.160156 0.024170
vn -0.971924 -0.234375 -0.017090
vn -0.971924 -0.234375 -0.017090
vn -0.971924 -0.234375 -0.017090
vn -0.971924 -0.234375 -0.017090
vn -0.971924 -0.234375 -0.017090
vn -0.971924 -0.234375 -0.017090
vn 0.803711 0.594727 0.013672
vn 0.930420 0.365723 0.015137
vn 0.875000 0.483398 0.014404
vn 0.930420 0.365723 0.015381
vn 0.875000 0.483398 0.014404
vn 0.930420 0.365723 0.015137
vn -0.671143 -0.740967 -0.011719
vn -0.161865 -0.986572 -0.002686
vn -0.161621 -0.986816 -0.001465
vn 0.719971 0.693604 0.013672
vn 0.803711 0.594727 0.013672
vn 0.719727 0.693848 0.012695
vn 0.875000 0.483398 0.014404
vn 0.719727 0.693848 0.012695
vn 0.803711 0.594727 0.013672
vn -0.434326 -0.900391 -0.011230
vn -0.671143 -0.740967 -0.011719
vn -0.615723 -0.787842 -0.010742
vn -0.161621 -0.986816 -0.001465
vn -0.615723 -0.787842 -0.010742
vn -0.671143 -0.740967 -0.011719
vn 0.412842 0.910645 0.006836
vn 0.413574 0.910156 0.008789
vn 0.413574 0.910156 0.008789
vn 0.414307 0.909912 0.010986
vn 0.413574 0.910156 0.008789
vn 0.413574 0.910156 0.008789
vn -0.178711 -0.983643 -0.003174
vn -0.265869 -0.963867 0.001221
vn -0.180420 -0.983398 0.001465
vn -0.309082 -0.950928 0.003418
vn -0.180420 -0.983398 0.001465
vn -0.265869 -0.963867 0.001221
vn 0.000000 -0.999756 0.002197
vn 0.000000 -0.999756 0.002197
vn 0.000000 -0.999756 0.002197
vn 0.979980 -0.197266 0.017334
vn 0.979980 -0.197266 0.017334
vn 0.979980 -0.197266 0.017334
vn 0.979980 -0.197266 0.017334
vn 0.979980 -0.197266 0.017334
vn 0.979980 -0.197266 0.017334
vn -0.469238 0.882812 -0.008301
vn -0.469238 0.882812 -0.008301
vn -0.469238 0.882812 -0.008301
vn -0.469238 0.882812 -0.008301
vn -0.469238 0.882812 -0.008301
vn -0.469238 0.882812 -0.008301
vn 0.461914 0.886719 0.008057
vn 0.461914 0.886719 0.008057
vn 0.461914 0.886719 0.008057
vn 0.461914 0.886719 0.008057
vn 0.461914 0.886719 0.008057
vn 0.461914 0.886719 0.008057
vn -0.874512 -0.484375 -0.015381
vn -0.634033 -0.772949 -0.011230
vn -0.874512 -0.484375 -0.015381
vn -0.232910 -0.972412 -0.003906
vn -0.874512 -0.484375 -0.015381
vn -0.634033 -0.772949 -0.011230
vn -0.634033 -0.772949 -0.011230
vn 0.213135 -0.976807 0.003662
vn -0.232910 -0.972412 -0.003906
vn 0.213135 -0.976807 0.003662
vn -0.232910 -0.972412 -0.003906
vn 0.213135 -0.976807 0.003662
vn 0.135010 -0.990723 0.002197
vn 0.213135 -0.976807 0.003662
vn 0.213135 -0.976807 0.003662
vn 0.192139 -0.981201 0.003418
vn 0.135010 -0.990723 0.002197
vn -0.019043 -0.999756 -0.000244
vn 0.213135 -0.976807 0.003662
vn -0.019043 -0.999756 -0.000244
vn 0.135010 -0.990723 0.002197
vn -0.112793 0.993408 -0.001953
vn -0.112793 0.993408 -0.001953
vn -0.112793 0.993408 -0.001953
vn -0.112793 0.993408 -0.001953
vn -0.112793 0.993408 -0.001953
vn -0.112793 0.993408 -0.001953
vn 0.192139 -0.981201 0.003418
vn 0.528809 -0.848633 0.009277
vn 0.192139 -0.981201 0.003418
vn 0.528809 -0.848633 0.009277
vn 0.192139 -0.981201 0.003418
vn 0.528809 -0.848633 0.009277
vn -0.733643 0.679199 -0.012939
vn -0.733643 0.679199 -0.012939
vn -0.733643 0.679199 -0.012939
vn -0.733643 0.679199 -0.012939
vn -0.733643 0.679199 -0.012939
vn -0.733643 0.679199 -0.012939
vn -0.019043 -0.999756 -0.000244
vn 0.192139 -0.981201 0.003418
vn 0.192139 -0.981201 0.003418
vn -0.967041 -0.252930 -0.017090
vn -0.931396 -0.363037 -0.016357
vn -0.950928 -0.308594 -0.016846
vn -0.931396 -0.363037 -0.016357
vn -0.950928 -0.308594 -0.016846
vn -0.931396 -0.363037 -0.016357
vn 0.993896 0.106689 0.017578
vn -0.024170 0.999512 -0.000244
vn -0.024414 0.999512 -0.003174
vn 0.786133 -0.617676 0.013916
vn 0.786133 -0.617676 0.013916
vn 0.786133 -0.617676 0.013916
vn 0.786133 -0.617676 0.013916
vn 0.786133 -0.617676 0.013916
vn 0.786133 -0.617676 0.013916
vn -0.996826 -0.076172 -0.017578
vn -0.967041 -0.252930 -0.017090
vn -0.996826 -0.075928 -0.018311
vn -0.950928 -0.308594 -0.016846
vn -0.996826 -0.075928 -0.018311
vn -0.967041 -0.252930 -0.017090
vn 0.967773 -0.250977 0.017090
vn 0.992188 -0.121582 0.017578
vn 0.992188 -0.121582 0.017578
vn 0.987305 -0.157227 0.017334
vn 0.967773 -0.250977 0.017090
vn 0.925537 -0.378174 0.016357
vn 0.992188 -0.121582 0.017578
vn 0.925537 -0.378174 0.016357
vn 0.967773 -0.250977 0.017090
vn -0.992920 0.115967 -0.017822
vn -0.996826 -0.076172 -0.017578
vn -0.996826 -0.075928 -0.018311
vn -0.914795 0.403076 -0.018799
vn -0.992920 0.115967 -0.017822
vn -0.982178 0.186523 -0.019531
vn -0.996826 -0.075928 -0.018311
vn -0.982178 0.186523 -0.019531
vn -0.992920 0.115967 -0.017822
vn 0.925537 -0.378174 0.016357
vn 0.987305 -0.157227 0.017334
vn 0.987305 -0.157227 0.017334
vn 0.987305 -0.157227 0.017334
vn 0.999756 0.002930 0.017578
vn 0.987305 -0.157227 0.017334
vn 0.978516 -0.204834 0.017334
vn 0.987305 -0.157227 0.017334
vn 0.999756 0.002930 0.017578
vn -0.982178 0.186523 -0.019531
vn -0.914551 0.403320 -0.022461
vn -0.914795 0.403076 -0.018799
vn 0.999756 0.002930 0.017578
vn 0.993896 0.106689 0.017578
vn 0.978516 -0.204834 0.017334
vn 0.993896 0.106689 0.017578
vn 0.978516 -0.204834 0.017334
vn 0.993896 0.106689 0.017578
vn -0.024414 0.999512 -0.003174
vn 0.993896 0.106689 0.017578
vn 0.993896 0.106689 0.017578
vn -0.024170 0.999512 -0.000244
vn -0.914795 0.403076 -0.018799
vn -0.024414 0.999512 -0.003174
vn -0.914551 0.403320 -0.022461
vn -0.024414 0.999512 -0.003174
vn -0.914795 0.403076 -0.018799
vn 0.000000 0.000000 1.000000
vn 0.000000 0.000000 1.000000
vn 0.000000 0.000000 1.000000
vn 0.000000 0.000000 1.000000
vn 0.000000 0.000000 1.000000
vn 0.000000 0.000000 1.000000
vn 0.000000 0.000000 1.000000
vn 0.000000 0.000000 1.000000
vn 0.000000 0.000000 1.000000
vn 0.000000 0.000000 1.000000
vn 0.000000 0.000000 1.000000
vn 0.000000 0.000000 1.000000
vn 0.000000 0.000000 1.000000
vn 0.000000 0.000000 1.000000
vn 0.000000 0.000000 1.000000
vn 0.000000 0.000000 1.000000
vn 0.000000 0.000000 1.000000
vn 0.000000 0.000000 1.000000
vn 0.000000 0.000000 1.000000
vn 0.000000 0.000000 1.000000
vn 0.000000 0.000000 1.000000
vn 0.000000 0.000000 1.000000
vn 0.000000 0.000000 1.000000
vn 0.000000 0.000000 1.000000
vn 0.000000 0.000000 1.000000
vn 0.000000 0.000000 1.000000
vn 0.000000 0.000000 1.000000
vn 0.000000 0.000000 1.000000
vn 0.000000 0.000000 1.000000
vn 0.000000 0.000000 1.000000
vn 0.000000 0.000000 1.000000
vn 0.000000 0.000000 1.000000
vn 0.000000 0.000000 1.000000
vn 0.000000 0.000000 1.000000
vn 0.000000 0.000000 1.000000
vn 0.000000 0.000000 1.000000
vn 0.000000 0.000000 1.000000
vn 0.000000 0.000000 1.000000
vn 0.000000 0.000000 1.000000
vn 0.000000 0.000000 1.000000
vn 0.000000 0.000000 1.000000
vn 0.000000 0.000000 1.000000
vn 0.000000 0.000000 1.000000
vn 0.000000 0.000000 1.000000
vn 0.000000 0.000000 1.000000
vn 0.000000 0.000000 1.000000
vn 0.000000 0.000000 1.000000
vn 0.000000 0.000000 1.000000
vn 0.000000 0.000000 1.000000
vn 0.000000 0.000000 1.000000
vn 0.000000 0.000000 1.000000
vn 0.000000 0.000000 1.000000
vn 0.000000 0.000000 1.000000
vn 0.000000 0.000000 1.000000
vn 0.000000 0.000000 1.000000
vn 0.000000 0.000000 1.000000
vn 0.000000 0.000000 1.000000
vn 0.000000 0.000000 1.000000
vn 0.000000 0.000000 1.000000
vn 0.000000 0.000000 1.000000
vn 0.000000 0.000000 1.000000
vn 0.000000 0.000000 1.000000
vn 0.000000 0.000000 1.000000
vn 0.000000 0.000000 1.000000
vn 0.000000 0.000000 1.000000
vn 0.000000 0.000000 1.000000
vn 0.000000 0.000000 1.000000
vn 0.000000 0.000000 1.000000
vn 0.000000 0.000000 1.000000
vn 0.000000 0.000000 1.000000
vn 0.000000 0.000000 1.000000
vn 0.000000 0.000000 1.000000
vn 0.000000 0.000000 1.000000
vn 0.000000 0.000000 1.000000
vn 0.000000 0.000000 1.000000
vn 0.000000 0.000000 1.000000
vn 0.000000 0.000000 1.000000
vn 0.000000 0.000000 1.000000
vn 0.000000 0.000000 1.000000
vn 0.000000 0.000000 1.000000
vn 0.000000 0.000000 1.000000
vn 0.000000 0.000000 1.000000
vn 0.000000 0.000000 1.000000
vn 0.000000 0.000000 1.000000
vn 0.000000 0.000000 1.000000
vn 0.000000 0.000000 1.000000
vn 0.000000 0.000000 1.000000
vn 0.000000 0.000000 1.000000
vn 0.000000 0.000000 1.000000
vn 0.000000 0.000000 1.000000
vn 0.000000 0.000000 1.000000
vn 0.000000 0.000000 1.000000
vn 0.000000 0.000000 1.000000
vn 0.000000 0.000000 1.000000
vn 0.000000 0.000000 1.000000
vn 0.000000 0.000000 1.000000
vn 0.000000 0.000000 1.000000
vn 0.000000 0.000000 1.000000
vn 0.000000 0.000000 1.000000
vn 0.000000 0.000000 1.000000
vn 0.000000 0.000000 1.000000
vn 0.000000 0.000000 1.000000
vn 0.000000 0.000000 1.000000
vn 0.000000 0.000000 1.000000
vn 0.000000 0.000000 1.000000
vn 0.000000 0.000000 1.000000
vn 0.000000 0.000000 1.000000
vn 0.000000 0.000000 1.000000
vn 0.000000 0.000000 1.000000
vn 0.000000 0.000000 1.000000
vn 0.000000 0.000000 1.000000
vn 0.000000 0.000000 1.000000
vn 0.000000 0.000000 1.000000
vn 0.000000 0.000000 1.000000
vn 0.000000 0.000000 1.000000
vn 0.000000 0.000000 1.000000
vn 0.000000 0.000000 1.000000
vn 0.000000 0.000000 1.000000
vn 0.000000 0.000000 1.000000
vn 0.000000 0.000000 1.000000
vn 0.000000 0.000000 1.000000
vn 0.000000 0.000000 1.000000
vn 0.000000 0.000000 1.000000
vn 0.000000 0.000000 1.000000
vn 0.000000 0.000000 1.000000
vn 0.000000 0.000000 1.000000
vn -0.430664 -0.902344 0.000244
vn -0.309082 -0.950928 0.003418
vn -0.265869 -0.963867 0.001221
vn 0.072998 -0.058838 -0.995361
vn 0.029785 -0.034912 -0.998779
vn 0.040527 -0.052002 -0.997803
vn -0.058105 0.001953 -0.998291
vn -0.067383 0.005127 -0.997559
vn -0.066162 0.010742 -0.997559
vn -0.066162 0.010742 -0.997559
vn -0.067383 0.005127 -0.997559
vn -0.077148 0.006348 -0.996826
vn -0.067383 0.005127 -0.997559
vn -0.079102 -0.013916 -0.996582
vn -0.077148 0.006348 -0.996826
vn -0.077148 0.006348 -0.996826
vn -0.079102 -0.013916 -0.996582
vn -0.081787 -0.003906 -0.996582
vn -0.081787 -0.003906 -0.996582
vn -0.079102 -0.013916 -0.996582
vn -0.078613 -0.020752 -0.996582
vn -0.079102 -0.013916 -0.996582
vn -0.076660 -0.037598 -0.996094
vn -0.081543 -0.045410 -0.995605
vn -0.076660 -0.037598 -0.996094
vn -0.060791 -0.050049 -0.996826
vn -0.081543 -0.045410 -0.995605
vn -0.060791 -0.050049 -0.996826
vn -0.063477 -0.066650 -0.995605
vn -0.081543 -0.045410 -0.995605
vn -0.081543 -0.045410 -0.995605
vn -0.063477 -0.066650 -0.995605
vn -0.092285 -0.068359 -0.993164
vn -0.092285 -0.068359 -0.993164
vn -0.063477 -0.066650 -0.995605
vn -0.051025 -0.068115 -0.996338
vn -0.051025 -0.068115 -0.996338
vn -0.063477 -0.066650 -0.995605
vn -0.033203 -0.072510 -0.996582
vn -0.063477 -0.066650 -0.995605
vn -0.026123 -0.071533 -0.997070
vn -0.033203 -0.072510 -0.996582
vn -0.033203 -0.072510 -0.996582
vn -0.026123 -0.071533 -0.997070
vn -0.012939 -0.069336 -0.997314
vn -0.026123 -0.071533 -0.997070
vn -0.008545 -0.066162 -0.997559
vn -0.012939 -0.069336 -0.997314
vn -0.012939 -0.069336 -0.997314
vn -0.008545 -0.066162 -0.997559
vn 0.002930 -0.060791 -0.998047
vn -0.008545 -0.066162 -0.997559
vn 0.001221 -0.062012 -0.998047
vn 0.002930 -0.060791 -0.998047
vn 0.001221 -0.062012 -0.998047
vn 0.012207 -0.055420 -0.998291
vn 0.002930 -0.060791 -0.998047
vn 0.002930 -0.060791 -0.998047
vn 0.012207 -0.055420 -0.998291
vn 0.018799 -0.049561 -0.998535
vn 0.012207 -0.055420 -0.998291
vn 0.023682 -0.045410 -0.998535
vn 0.018799 -0.049561 -0.998535
vn 0.018799 -0.049561 -0.998535
vn 0.023682 -0.045410 -0.998535
vn 0.027588 -0.039307 -0.998779
vn 0.023682 -0.045410 -0.998535
vn 0.029297 -0.036133 -0.998779
vn 0.027588 -0.039307 -0.998779
vn 0.027588 -0.039307 -0.998779
vn 0.029297 -0.036133 -0.998779
vn 0.023193 -0.035156 -0.999023
vn 0.029297 -0.036133 -0.998779
vn 0.040527 -0.052002 -0.997803
vn 0.023193 -0.035156 -0.999023
vn 0.040527 -0.052002 -0.997803
vn 0.029785 -0.034912 -0.998779
vn 0.023193 -0.035156 -0.999023
vn 0.023193 -0.035156 -0.999023
vn 0.029785 -0.034912 -0.998779
vn 0.014893 -0.007324 -0.999756
vn 0.029785 -0.034912 -0.998779
vn 0.030762 0.006348 -0.999268
vn 0.014893 -0.007324 -0.999756
vn 0.014893 -0.007324 -0.999756
vn 0.030762 0.006348 -0.999268
vn 0.015381 -0.003906 -0.999756
vn 0.015381 -0.003906 -0.999756
vn 0.030762 0.006348 -0.999268
vn 0.024902 0.012939 -0.999512
vn 0.024902 0.012939 -0.999512
vn 0.030762 0.006348 -0.999268
vn 0.034668 0.027832 -0.998779
vn 0.034668 0.027832 -0.998779
vn 0.030762 0.006348 -0.999268
vn 0.052002 0.012451 -0.998535
vn 0.030762 0.006348 -0.999268
vn 0.069336 -0.002686 -0.997559
vn 0.052002 0.012451 -0.998535
vn 0.054688 -0.001953 0.998291
vn 0.040283 0.013184 0.999023
vn 0.041016 0.009766 0.999023
vn 0.041016 0.009766 0.999023
vn 0.040283 0.013184 0.999023
vn 0.032959 0.020752 0.999023
vn 0.032959 0.020752 0.999023
vn 0.040283 0.013184 0.999023
vn 0.038574 0.019775 0.999023
vn 0.023682 -0.002930 0.999512
vn 0.023682 -0.005859 0.999512
vn 0.023682 -0.007080 0.999512
vn 0.023682 -0.007080 0.999512
vn 0.022949 -0.011475 0.999512
vn 0.022461 -0.012939 0.999512
vn -0.057617 0.015137 0.998047
vn -0.067139 0.007568 0.997559
vn -0.064697 0.008789 0.997803
vn -0.064697 0.008789 0.997803
vn -0.067139 0.007568 0.997559
vn -0.074463 0.000000 0.997070
vn -0.067139 0.007568 0.997559
vn -0.076172 -0.005371 0.997070
vn -0.074463 0.000000 0.997070
vn -0.074463 0.000000 0.997070
vn -0.076172 -0.005371 0.997070
vn -0.079346 -0.016357 0.996582
vn -0.076172 -0.005371 0.997070
vn -0.078857 -0.020752 0.996582
vn -0.079346 -0.016357 0.996582
vn -0.081299 -0.027588 0.996094
vn -0.081299 -0.027588 0.996094
vn -0.081299 -0.027588 0.996094
vn -0.072754 -0.047852 0.996094
vn -0.076172 -0.047119 0.995850
vn -0.071045 -0.052979 0.995850
vn -0.071045 -0.052979 0.995850
vn -0.070068 -0.055420 0.995850
vn -0.060791 -0.064453 0.995850
vn -0.076172 -0.047119 0.995850
vn -0.070068 -0.055420 0.995850
vn -0.071045 -0.052979 0.995850
vn -0.060791 -0.064453 0.995850
vn -0.051270 -0.068115 0.996338
vn -0.051270 -0.068115 0.996338
vn -0.051270 -0.068115 0.996338
vn -0.041504 -0.072021 0.996338
vn -0.051270 -0.068115 0.996338
vn -0.023926 -0.107178 0.993896
vn -0.028809 -0.082764 0.996094
vn -0.028809 -0.082764 0.996094
vn -0.028809 -0.082764 0.996094
vn -0.028809 -0.082764 0.996094
vn -0.033691 -0.058350 0.997559
vn -0.001953 -0.085693 0.996094
vn -0.007568 -0.068848 0.997559
vn -0.009521 -0.071289 0.997314
vn -0.009521 -0.071289 0.997314
vn -0.007568 -0.068848 0.997559
vn -0.010254 -0.060303 0.998047
vn -0.010254 -0.060303 0.998047
vn -0.007568 -0.068848 0.997559
vn -0.003662 -0.063965 0.997803
vn 0.006348 -0.060303 0.998047
vn 0.008789 -0.057373 0.998291
vn 0.012207 -0.055420 0.998291
vn 0.008789 -0.057373 0.998291
vn 0.015137 -0.052979 0.998291
vn 0.012207 -0.055420 0.998291
vn 0.012207 -0.055420 0.998291
vn 0.015137 -0.052979 0.998291
vn 0.019043 -0.051758 0.998291
vn 0.025879 -0.042236 0.998535
vn 0.027588 -0.039307 0.998779
vn 0.025879 -0.042236 0.998535
vn 0.025879 -0.042236 0.998535
vn 0.027588 -0.039307 0.998779
vn 0.028320 -0.037598 0.998779
vn 0.027588 -0.039307 0.998779
vn 0.030762 -0.032959 0.998779
vn 0.028320 -0.037598 0.998779
vn 0.031006 -0.032959 0.998779
vn 0.027344 -0.041260 0.998535
vn 0.037354 -0.042969 0.998291
vn 0.057617 -0.046387 0.997070
vn 0.037354 -0.042969 0.998291
vn 0.040771 -0.048096 0.997803
vn 0.037354 -0.042969 0.998291
vn 0.027344 -0.041260 0.998535
vn 0.040771 -0.048096 0.997803
vn 0.021484 -0.016602 0.999512
vn 0.022461 -0.012939 0.999512
vn 0.022949 -0.011475 0.999512
vn 0.023682 -0.007080 0.999512
vn 0.023682 -0.005859 0.999512
vn 0.022949 -0.011475 0.999512
vn 0.980469 -0.194824 0.017334
vn 0.808105 0.588623 0.014160
vn 0.970947 0.237549 0.017090
vn 0.072998 0.997314 0.001953
vn 0.072998 0.997314 0.001953
vn 0.072998 0.997314 0.001953
vn 0.091309 -0.995605 0.002441
vn 0.091309 -0.995605 0.002441
vn 0.091309 -0.995605 0.002441
vn 0.808105 0.588623 0.014160
vn 0.052246 0.998535 0.000732
vn 0.970947 0.237549 0.017090
vn -0.434814 0.900391 -0.007568
vn -0.434814 0.900391 -0.007568
vn -0.434814 0.900391 -0.007568
vn -0.991943 0.123779 -0.017578
vn -0.978271 0.205566 -0.017334
vn -0.991943 0.123779 -0.017578
vn -0.957764 0.286621 -0.016846
vn -0.991943 0.123779 -0.017578
vn -0.978271 0.205566 -0.017334
vn -0.978271 0.205566 -0.017334
vn -0.891602 0.451904 -0.015869
vn -0.957764 0.286621 -0.016846
vn -0.843994 0.535645 -0.014893
vn -0.957764 0.286621 -0.016846
vn -0.891602 0.451904 -0.015869
vn 0.936035 -0.350586 0.025391
vn 0.936035 -0.350586 0.025391
vn 0.936035 -0.350586 0.025391
vn 0.936035 -0.350586 0.025391
vn 0.936035 -0.350586 0.025391
vn 0.936035 -0.350586 0.025391
vn -0.891602 0.451904 -0.015869
vn -0.755615 0.654785 -0.013428
vn -0.843994 0.535645 -0.014893
vn -0.719727 0.693848 -0.012695
vn -0.843994 0.535645 -0.014893
vn -0.755615 0.654785 -0.013428
vn -0.755615 0.654785 -0.013428
vn -0.631104 0.775391 -0.011230
vn -0.719727 0.693848 -0.012695
vn -0.577148 0.816406 -0.010254
vn -0.719727 0.693848 -0.012695
vn -0.631104 0.775391 -0.011230
vn -0.631104 0.775391 -0.011230
vn -0.421387 0.906738 -0.007324
vn -0.577148 0.816406 -0.010254
vn -0.314697 0.948975 -0.005615
vn -0.577148 0.816406 -0.010254
vn -0.421387 0.906738 -0.007324
vn -0.421387 0.906738 -0.007324
vn -0.090820 0.995850 -0.001465
vn -0.314697 0.948975 -0.005615
vn -0.090820 0.995850 -0.001465
vn -0.314697 0.948975 -0.005615
vn -0.090820 0.995850 -0.001465
vn 0.121826 0.992432 0.001953
vn -0.090820 0.995850 -0.001465
vn -0.090820 0.995850 -0.001465
vn -0.090820 0.995850 -0.001465
vn 0.121826 0.992432 0.001953
vn 0.121826 0.992432 0.001953
vn 0.121826 0.992432 0.001953
vn 0.314941 0.948975 0.005371
vn 0.121826 0.992432 0.001953
vn 0.409912 0.911865 0.007080
vn 0.121826 0.992432 0.001953
vn 0.314941 0.948975 0.005371
vn 0.314941 0.948975 0.005371
vn 0.565430 0.824707 0.010010
vn 0.409912 0.911865 0.007080
vn 0.627686 0.778076 0.010986
vn 0.409912 0.911865 0.007080
vn 0.565430 0.824707 0.010010
vn 0.565430 0.824707 0.010010
vn 0.751709 0.659180 0.013184
vn 0.627686 0.778076 0.010986
vn 0.811035 0.584473 0.014404
vn 0.627686 0.778076 0.010986
vn 0.751709 0.659180 0.013184
vn 0.751709 0.659180 0.013184
vn 0.894531 0.446045 0.015869
vn 0.811035 0.584473 0.014404
vn 0.922607 0.385010 0.015381
vn 0.811035 0.584473 0.014404
vn 0.894531 0.446045 0.015869
vn 0.994873 0.097900 0.017822
vn 0.967285 0.252441 0.015869
vn 0.967285 0.252197 0.016602
vn 0.990967 -0.132080 0.017578
vn 0.994873 0.097900 0.017822
vn 0.999512 0.013916 0.017578
vn 0.967285 0.252197 0.016602
vn 0.999512 0.013916 0.017578
vn 0.994873 0.097900 0.017822
vn 0.970947 0.237549 0.017090
vn 0.990967 -0.132080 0.017578
vn 0.980469 -0.194824 0.017334
vn 0.999512 0.013916 0.017578
vn 0.980469 -0.194824 0.017334
vn 0.990967 -0.132080 0.017578
vn -0.078857 -0.020752 0.996582
vn -0.081299 -0.027588 0.996094
vn -0.079346 -0.016357 0.996582
vn 0.894531 0.446045 0.015869
vn 0.967285 0.252197 0.016602
vn 0.922607 0.385010 0.015381
vn 0.967285 0.252441 0.015869
vn 0.922607 0.385010 0.015381
vn 0.967285 0.252197 0.016602
vn -0.078613 -0.020752 -0.996582
vn -0.079102 -0.013916 -0.996582
vn -0.081543 -0.045410 -0.995605
vn -0.001465 0.034424 -0.999268
vn -0.008301 0.036133 -0.999268
vn 0.109863 0.064697 -0.991699
vn -0.008301 0.036133 -0.999268
vn 0.281006 0.146729 -0.948242
vn 0.109863 0.064697 -0.991699
vn 0.281006 0.146729 -0.948242
vn 0.289062 0.126465 -0.948730
vn 0.109863 0.064697 -0.991699
vn 0.289062 0.126465 -0.948730
vn -0.031982 0.013428 -0.999268
vn 0.109863 0.064697 -0.991699
vn 0.109863 0.064697 -0.991699
vn -0.031982 0.013428 -0.999268
vn -0.024658 0.022461 -0.999268
vn -0.080078 0.045166 -0.995605
vn -0.050293 0.059326 -0.996826
vn -0.057129 0.043213 -0.997314
vn -0.050293 0.059326 -0.996826
vn -0.024658 0.022461 -0.999268
vn -0.057129 0.043213 -0.997314
vn -0.024658 0.022461 -0.999268
vn -0.031982 0.013428 -0.999268
vn -0.057129 0.043213 -0.997314
vn -0.031982 0.013428 -0.999268
vn -0.073975 0.060303 -0.995361
vn -0.057129 0.043213 -0.997314
vn 0.648438 -0.760986 0.011719
vn 0.788818 -0.614258 0.014160
vn 0.686523 -0.726807 0.012451
vn -0.843750 0.535889 -0.020996
vn -0.955078 -0.295166 -0.023682
vn -0.946045 0.322266 -0.023682
vn -0.946045 0.322266 -0.023682
vn -0.121094 0.992432 -0.003174
vn -0.843750 0.535889 -0.020996
vn 0.249512 0.968262 0.005859
vn -0.843750 0.535889 -0.020996
vn -0.121094 0.992432 -0.003174
vn 0.372559 -0.927734 0.006836
vn 0.648438 -0.760986 0.011719
vn 0.473877 -0.880371 0.008545
vn 0.686523 -0.726807 0.012451
vn 0.473877 -0.880371 0.008545
vn 0.648438 -0.760986 0.011719
vn -0.065430 -0.997803 -0.000732
vn -0.708740 -0.705078 -0.012451
vn -0.255371 -0.966797 -0.004150
vn 0.899414 0.436279 0.022217
vn 0.249512 0.968262 0.005859
vn -0.121094 0.992432 -0.003174
vn -0.255371 -0.966797 -0.004150
vn 0.372559 -0.927734 0.006836
vn -0.065430 -0.997803 -0.000732
vn 0.473877 -0.880371 0.008545
vn -0.065430 -0.997803 -0.000732
vn 0.372559 -0.927734 0.006836
vn -0.001465 0.034424 0.999268
vn -0.008301 0.036377 0.999268
vn -0.008301 0.036377 0.999268
vn -0.008301 0.036377 0.999268
vn -0.008301 0.036377 0.999268
vn -0.015137 0.038086 0.999023
vn -0.088623 0.010498 0.995850
vn -0.088623 0.010498 0.995850
vn -0.088623 0.010498 0.995850
vn -0.026611 0.037842 0.998779
vn -0.026367 0.038086 0.998779
vn -0.026367 0.038086 0.998779
vn -0.080322 0.045166 0.995605
vn -0.046387 0.050049 0.997559
vn -0.050293 0.059326 0.996826
vn -0.050293 0.059326 0.996826
vn -0.046387 0.050049 0.997559
vn -0.029297 0.052246 0.998047
vn -0.046387 0.050049 0.997559
vn -0.038330 0.031250 0.998535
vn -0.029297 0.052246 0.998047
vn -0.003174 0.040771 0.999023
vn -0.003174 0.040771 0.999023
vn -0.003174 0.040771 0.999023
vn -0.026367 0.038086 0.998779
vn -0.026367 0.038086 0.998779
vn -0.026367 0.038086 0.998779
vn 0.009521 0.005859 -0.999756
vn -0.072754 0.126953 -0.989014
vn -0.036865 0.092041 -0.994873
vn -0.072754 0.126953 -0.989014
vn -0.040283 0.090088 -0.994873
vn -0.036865 0.092041 -0.994873
vn -0.036865 0.092041 -0.994873
vn -0.040283 0.090088 -0.994873
vn 0.016846 0.010986 -0.999756
vn -0.040283 0.090088 -0.994873
vn 0.000000 0.000000 -1.000000
vn 0.016846 0.010986 -0.999756
vn 0.943848 -0.329834 0.016602
vn 0.943848 -0.329590 0.011963
vn 0.943848 -0.329590 0.011963
vn 0.944092 -0.329102 0.007080
vn 0.943848 -0.329590 0.011963
vn 0.943848 -0.329590 0.011963
vn 0.870605 -0.491699 0.008789
vn 0.870605 -0.491699 0.008789
vn 0.870605 -0.491699 0.008789
vn -0.942383 0.333740 -0.016602
vn -0.993164 -0.113037 -0.017578
vn -0.962158 -0.271240 -0.017090
vn -0.993164 -0.113037 -0.017578
vn -0.843018 -0.537354 -0.014893
vn -0.962158 -0.271240 -0.017090
vn -0.843018 -0.537354 -0.014893
vn -0.962158 -0.271240 -0.017090
vn -0.843018 -0.537354 -0.014893
vn 0.000000 0.000000 1.000000
vn 0.061523 0.040771 0.997070
vn 0.038574 0.039551 0.998291
vn 0.012207 0.007568 0.999756
vn 0.012207 0.007568 0.999756
vn 0.012207 0.007568 0.999756
vn -0.007568 0.036865 0.999268
vn 0.038574 0.039551 0.998291
vn 0.057861 0.059326 0.996338
vn 0.038574 0.039551 0.998291
vn 0.061523 0.040771 0.997070
vn 0.057861 0.059326 0.996338
vn 0.034668 0.020020 -0.999023
vn 0.035156 0.007324 -0.999268
vn 0.029297 0.018311 -0.999268
vn 0.034668 0.020020 -0.999023
vn 0.044434 0.007324 -0.998779
vn 0.035156 0.007324 -0.999268
vn 0.044434 0.007324 -0.998779
vn 0.043457 -0.008545 -0.998779
vn 0.035156 0.007324 -0.999268
vn 0.043457 -0.008545 -0.998779
vn 1.000000 0.000000 0.000000
vn 0.035156 0.007324 -0.999268
vn -0.959961 0.279297 -0.015381
vn -0.980957 0.193115 -0.017334
vn -0.980957 0.192871 -0.014404
vn 1.000000 0.000000 0.000000
vn -0.980957 0.192871 -0.014404
vn -0.980957 0.193115 -0.017334
vn 0.552246 -0.833496 0.009766
vn 0.552246 -0.833496 0.009766
vn 0.552246 -0.833496 0.009766
vn -0.980957 0.192871 -0.014404
vn -0.931152 0.364258 -0.014404
vn -0.959961 0.279297 -0.015381
vn -0.931152 0.364258 -0.014404
vn -0.790527 0.611084 -0.037598
vn -0.959961 0.279297 -0.015381
vn 0.043457 -0.008545 0.998779
vn 0.044434 0.005127 0.998779
vn 0.044434 0.005127 0.998779
vn 0.044434 0.005127 0.998779
vn 0.044434 0.005127 0.998779
vn 0.043701 0.024414 0.998535
vn 0.038818 0.026855 0.998779
vn 0.038818 0.026855 0.998779
vn 0.038818 0.026855 0.998779
vn 0.043701 0.024414 0.998535
vn 0.041992 0.029785 0.998535
vn 0.041992 0.029785 0.998535
vn -0.931152 0.364258 -0.014404
vn -0.723633 0.688232 -0.047852
vn -0.790527 0.611084 -0.037598
vn -0.723633 0.688232 -0.047852
vn -0.487549 0.869385 -0.076904
vn -0.790527 0.611084 -0.037598
vn 0.041992 0.029541 -0.998535
vn 0.034668 0.020020 -0.999023
vn 0.029297 0.018311 -0.999268
usemtl Texture
f 1/1/1 2/2/2 3/3/3
f 4/4/4 5/5/5 6/6/6
f 7/7/7 8/8/8 9/9/9
f 10/10/10 11/11/11 12/12/12
f 13/13/13 14/14/14 15/15/15
f 16/16/16 17/17/17 18/18/18
f 19/19/19 20/20/20 21/21/21
f 22/22/22 23/23/23 24/24/24
f 25/25/25 26/26/26 27/27/27
f 28/28/28 29/29/29 30/30/30
f 31/31/31 32/32/32 33/33/33
f 34/34/34 35/35/35 36/36/36
f 37/37/37 38/38/38 39/39/39
f 40/40/40 41/41/41 42/42/42
f 43/43/43 44/44/44 45/45/45
f 46/46/46 47/47/47 48/48/48
f 49/49/49 50/50/50 51/51/51
f 52/52/52 53/53/53 54/54/54
f 55/55/55 56/56/56 57/57/57
f 58/58/58 59/59/59 60/60/60
f 61/61/61 62/62/62 63/63/63
f 64/64/64 65/65/65 66/66/66
f 67/67/67 68/68/68 69/69/69
f 70/70/70 71/71/71 72/72/72
f 73/73/73 74/74/74 75/75/75
f 76/76/76 77/77/77 78/78/78
f 79/79/79 80/80/80 81/81/81
f 82/82/82 83/83/83 84/84/84
f 85/85/85 86/86/86 87/87/87
f 88/88/88 89/89/89 90/90/90
f 91/91/91 92/92/92 93/93/93
f 94/94/94 95/95/95 96/96/96
f 97/97/97 98/98/98 99/99/99
f 100/100/100 101/101/101 102/102/102
f 103/103/103 104/104/104 105/105/105
f 106/106/106 107/107/107 108/108/108
f 109/109/109 110/110/110 111/111/111
f 112/112/112 113/113/113 114/114/114
f 115/115/115 116/116/116 117/117/117
f 118/118/118 119/119/119 120/120/120
f 121/121/121 122/122/122 123/123/123
f 124/124/124 125/125/125 126/126/126
f 127/127/127 128/128/128 129/129/129
f 130/130/130 131/131/131 132/132/132
f 133/133/133 134/134/134 135/135/135
f 136/136/136 137/137/137 138/138/138
f 139/139/139 140/140/140 141/141/141
f 142/142/142 143/143/143 144/144/144
f 145/145/145 146/146/146 147/147/147
f 148/148/148 149/149/149 150/150/150
f 151/151/151 152/152/152 153/153/153
f 154/154/154 155/155/155 156/156/156
f 157/157/157 158/158/158 159/159/159
f 160/160/160 161/161/161 162/162/162
f 163/163/163 164/164/164 165/165/165
f 166/166/166 167/167/167 168/168/168
f 169/169/169 170/170/170 171/171/171
f 172/172/172 173/173/173 174/174/174
f 175/175/175 176/176/176 177/177/177
f 178/178/178 179/179/179 180/180/180
f 181/181/181 182/182/182 183/183/183
f 184/184/184 185/185/185 186/186/186
f 187/187/187 188/188/188 189/189/189
f 190/190/190 191/191/191 192/192/192
f 193/193/193 194/194/194 195/195/195
f 196/196/196 197/197/197 198/198/198
f 199/199/199 200/200/200 201/201/201
f 202/202/202 203/203/203 204/204/204
f 205/205/205 206/206/206 207/207/207
f 208/208/208 209/209/209 210/210/210
f 211/211/211 212/212/212 213/213/213
f 214/214/214 215/215/215 216/216/216
f 217/217/217 218/218/218 219/219/219
f 220/220/220 221/221/221 222/222/222
f 223/223/223 224/224/224 225/225/225
f 226/226/226 227/227/227 228/228/228
f 229/229/229 230/230/230 231/231/231
f 232/232/232 233/233/233 234/234/234
f 235/235/235 236/236/236 237/237/237
f 238/238/238 239/239/239 240/240/240
f 241/241/241 242/242/242 243/243/243
f 244/244/244 245/245/245 246/246/246
f 247/247/247 248/248/248 249/249/249
f 250/250/250 251/251/251 252/252/252
f 253/253/253 254/254/254 255/255/255
f 256/256/256 257/257/257 258/258/258
f 259/259/259 260/260/260 261/261/261
f 262/262/262 263/263/263 264/264/264
f 265/265/265 266/266/266 267/267/267
f 268/268/268 269/269/269 270/270/270
f 271/271/271 272/272/272 273/273/273
f 274/274/274 275/275/275 276/276/276
f 277/277/277 278/278/278 279/279/279
f 280/280/280 281/281/281 282/282/282
f 283/283/283 284/284/284 285/285/285
f 286/286/286 287/287/287 288/288/288
f 289/289/289 290/290/290 291/291/291
f 292/292/292 293/293/293 294/294/294
f 295/295/295 296/296/296 297/297/297
f 298/298/298 299/299/299 300/300/300
f 301/301/301 302/302/302 303/303/303
f 304/304/304 305/305/305 306/306/306
f 307/307/307 308/308/308 309/309/309
f 310/310/310 311/311/311 312/312/312
f 313/313/313 314/314/314 315/315/315
f 316/316/316 317/317/317 318/318/318
f 319/319/319 320/320/320 321/321/321
f 322/322/322 323/323/323 324/324/324
f 325/325/325 326/326/326 327/327/327
f 328/328/328 329/329/329 330/330/330
f 331/331/331 332/332/332 333/333/333
f 334/334/334 335/335/335 336/336/336
f 337/337/337 338/338/338 339/339/339
f 340/340/340 341/341/341 342/342/342
f 343/343/343 344/344/344 345/345/345
f 346/346/346 347/347/347 348/348/348
f 349/349/349 350/350/350 351/351/351
f 352/352/352 353/353/353 354/354/354
f 355/355/355 356/356/356 357/357/357
f 358/358/358 359/359/359 360/360/360
f 361/361/361 362/362/362 363/363/363
f 364/364/364 365/365/365 366/366/366
f 367/367/367 368/368/368 369/369/369
f 370/370/370 371/371/371 372/372/372
f 373/373/373 374/374/374 375/375/375
f 376/376/376 377/377/377 378/378/378
f 379/379/379 380/380/380 381/381/381
f 382/382/382 383/383/383 384/384/384
f 385/385/385 386/386/386 387/387/387
f 388/388/388 389/389/389 390/390/390
f 391/391/391 392/392/392 393/393/393
f 394/394/394 395/395/395 396/396/396
f 397/397/397 398/398/398 399/399/399
f 400/400/400 401/401/401 402/402/402
f 403/403/403 404/404/404 405/405/405
f 406/406/406 407/407/407 408/408/408
f 409/409/409 410/410/410 411/411/411
f 412/412/412 413/413/413 414/414/414
f 415/415/415 416/416/416 417/417/417
f 418/418/418 419/419/419 420/420/420
f 421/421/421 422/422/422 423/423/423
f 424/424/424 425/425/425 426/426/426
f 427/427/427 428/428/428 429/429/429
f 430/430/430 431/431/431 432/432/432
f 433/433/433 434/434/434 435/435/435
f 436/436/436 437/437/437 438/438/438
f 439/439/439 440/440/440 441/441/441
f 442/442/442 443/443/443 444/444/444
f 445/445/445 446/446/446 447/447/447
f 448/448/448 449/449/449 450/450/450
f 451/451/451 452/452/452 453/453/453
f 454/454/454 455/455/455 456/456/456
f 457/457/457 458/458/458 459/459/459
f 460/460/460 461/461/461 462/462/462
f 463/463/463 464/464/464 465/465/465
f 466/466/466 467/467/467 468/468/468
f 469/469/469 470/470/470 471/471/471
f 472/472/472 473/473/473 474/474/474
f 475/475/475 476/476/476 477/477/477
f 478/478/478 479/479/479 480/480/480
f 481/481/481 482/482/482 483/483/483
f 484/484/484 485/485/485 486/486/486
f 487/487/487 488/488/488 489/489/489
f 490/490/490 491/491/491 492/492/492
f 493/493/493 494/494/494 495/495/495
f 496/496/496 497/497/497 498/498/498
f 499/499/499 500/500/500 501/501/501
f 502/502/502 503/503/503 504/504/504
f 505/505/505 506/506/506 507/507/507
f 508/508/508 509/509/509 510/510/510
f 511/511/511 512/512/512 513/513/513
f 514/514/514 515/515/515 516/516/516
f 517/517/517 518/518/518 519/519/519
f 520/520/520 521/521/521 522/522/522
f 523/523/523 524/524/524 525/525/525
f 526/526/526 527/527/527 528/528/528
f 529/529/529 530/530/530 531/531/531
f 532/532/532 533/533/533 534/534/534
f 535/535/535 536/536/536 537/537/537
f 538/538/538 539/539/539 540/540/540
f 541/541/541 542/542/542 543/543/543
f 544/544/544 545/545/545 546/546/546
f 547/547/547 548/548/548 549/549/549
f 550/550/550 551/551/551 552/552/552
f 553/553/553 554/554/554 555/555/555
f 556/556/556 557/557/557 558/558/558
f 559/559/559 560/560/560 561/561/561
f 562/562/562 563/563/563 564/564/564
f 565/565/565 566/566/566 567/567/567
f 568/568/568 569/569/569 570/570/570
f 571/571/571 572/572/572 573/573/573
f 574/574/574 575/575/575 576/576/576
f 577/577/577 578/578/578 579/579/579
f 580/580/580 581/581/581 582/582/582
f 583/583/583 584/584/584 585/585/585
f 586/586/586 587/587/587 588/588/588
f 589/589/589 590/590/590 591/591/591
f 592/592/592 593/593/593 594/594/594
f 595/595/595 596/596/596 597/597/597
f 598/598/598 599/599/599 600/600/600
f 601/601/601 602/602/602 603/603/603
f 604/604/604 605/605/605 606/606/606
f 607/607/607 608/608/608 609/609/609
f 610/610/610 611/611/611 612/612/612
f 613/613/613 614/614/614 615/615/615
f 616/616/616 617/617/617 618/618/618
f 619/619/619 620/620/620 621/621/621
f 622/622/622 623/623/623 624/624/624
f 625/625/625 626/626/626 627/627/627
f 628/628/628 629/629/629 630/630/630
f 631/631/631 632/632/632 633/633/633
f 634/634/634 635/635/635 636/636/636
f 637/637/637 638/638/638 639/639/639
f 640/640/640 641/641/641 642/642/642
f 643/643/643 644/644/644 645/645/645
f 646/646/646 647/647/647 648/648/648
f 649/649/649 650/650/650 651/651/651
f 652/652/652 653/653/653 654/654/654
f 655/655/655 656/656/656 657/657/657
f 658/658/658 659/659/659 660/660/660
f 661/661/661 662/662/662 663/663/663
f 664/664/664 665/665/665 666/666/666
f 667/667/667 668/668/668 669/669/669
f 670/670/670 671/671/671 672/672/672
f 673/673/673 674/674/674 675/675/675
f 676/676/676 677/677/677 678/678/678
f 679/679/679 680/680/680 681/681/681
f 682/682/682 683/683/683 684/684/684
f 685/685/685 686/686/686 687/687/687
f 688/688/688 689/689/689 690/690/690
f 691/691/691 692/692/692 693/693/693
f 694/694/694 695/695/695 696/696/696
f 697/697/697 698/698/698 699/699/699
f 700/700/700 701/701/701 702/702/702
f 703/703/703 704/704/704 705/705/705
f 706/706/706 707/707/707 708/708/708
f 709/709/709 710/710/710 711/711/711
f 712/712/712 713/713/713 714/714/714
f 715/715/715 716/716/716 717/717/717
f 718/718/718 719/719/719 720/720/720
f 721/721/721 722/722/722 723/723/723
f 724/724/724 725/725/725 726/726/726
f 727/727/727 728/728/728 729/729/729
f 730/730/730 731/731/731 732/732/732
f 733/733/733 734/734/734 735/735/735
f 736/736/736 737/737/737 738/738/738
f 739/739/739 740/740/740 741/741/741
f 742/742/742 743/743/743 744/744/744
f 745/745/745 746/746/746 747/747/747
f 748/748/748 749/749/749 750/750/750
f 751/751/751 752/752/752 753/753/753
f 754/754/754 755/755/755 756/756/756
f 757/757/757 758/758/758 759/759/759
f 760/760/760 761/761/761 762/762/762
f 763/763/763 764/764/764 765/765/765
f 766/766/766 767/767/767 768/768/768
f 769/769/769 770/770/770 771/771/771
f 772/772/772 773/773/773 774/774/774
f 775/775/775 776/776/776 777/777/777
f 778/778/778 779/779/779 780/780/780
f 781/781/781 782/782/782 783/783/783
f 784/784/784 785/785/785 786/786/786
f 787/787/787 788/788/788 789/789/789
f 790/790/790 791/791/791 792/792/792
f 793/793/793 794/794/794 795/795/795
f 796/796/796 797/797/797 798/798/798
f 799/799/799 800/800/800 801/801/801
f 802/802/802 803/803/803 804/804/804
f 805/805/805 806/806/806 807/807/807
f 808/808/808 809/809/809 810/810/810
f 811/811/811 812/812/812 813/813/813
f 814/814/814 815/815/815 816/816/816
f 817/817/817 818/818/818 819/819/819
f 820/820/820 821/821/821 822/822/822
f 823/823/823 824/824/824 825/825/825
f 826/826/826 827/827/827 828/828/828
f 829/829/829 830/830/830 831/831/831
f 832/832/832 833/833/833 834/834/834
f 835/835/835 836/836/836 837/837/837
f 838/838/838 839/839/839 840/840/840
f 841/841/841 842/842/842 843/843/843
f 844/844/844 845/845/845 846/846/846
f 847/847/847 848/848/848 849/849/849
f 850/850/850 851/851/851 852/852/852
f 853/853/853 854/854/854 855/855/855
f 856/856/856 857/857/857 858/858/858
f 859/859/859 860/860/860 861/861/861
f 862/862/862 863/863/863 864/864/864
f 865/865/865 866/866/866 867/867/867
f 868/868/868 869/869/869 870/870/870
f 871/871/871 872/872/872 873/873/873
f 874/874/874 875/875/875 876/876/876
f 877/877/877 878/878/878 879/879/879
f 880/880/880 881/881/881 882/882/882
f 883/883/883 884/884/884 885/885/885
f 886/886/886 887/887/887 888/888/888
f 889/889/889 890/890/890 891/891/891
f 892/892/892 893/893/893 894/894/894
f 895/895/895 896/896/896 897/897/897
f 898/898/898 899/899/899 900/900/900
f 901/901/901 902/902/902 903/903/903
f 904/904/904 905/905/905 906/906/906
f 907/907/907 908/908/908 909/909/909
f 910/910/910 911/911/911 912/912/912
f 913/913/913 914/914/914 915/915/915
f 916/916/916 917/917/917 918/918/918
f 919/919/919 920/920/920 921/921/921
f 922/922/922 923/923/923 924/924/924
f 925/925/925 926/926/926 927/927/927
f 928/928/928 929/929/929 930/930/930
f 931/931/931 932/932/932 933/933/933
f 934/934/934 935/935/935 936/936/936
f 937/937/937 938/938/938 939/939/939
f 940/940/940 941/941/941 942/942/942
f 943/943/943 944/944/944 945/945/945
f 946/946/946 947/947/947 948/948/948
f 949/949/949 950/950/950 951/951/951
f 952/952/952 953/953/953 954/954/954
f 955/955/955 956/956/956 957/957/957
f 958/958/958 959/959/959 960/960/960
f 961/961/961 962/962/962 963/963/963
f 964/964/964 965/965/965 966/966/966
f 967/967/967 968/968/968 969/969/969
f 970/970/970 971/971/971 972/972/972
f 973/973/973 974/974/974 975/975/975
f 976/976/976 977/977/977 978/978/978
f 979/979/979 980/980/980 981/981/981
f 982/982/982 983/983/983 984/984/984
f 985/985/985 986/986/986 987/987/987
f 988/988/988 989/989/989 990/990/990
f 991/991/991 992/992/992 993/993/993
f 994/994/994 995/995/995 996/996/996
f 997/997/997 998/998/998 999/999/999
f 1000/1000/1000 1001/1001/1001 1002/1002/1002
f 1003/1003/1003 1004/1004/1004 1005/1005/1005
f 1006/1006/1006 1007/1007/1007 1008/1008/1008
f 1009/1009/1009 1010/1010/1010 1011/1011/1011
f 1012/1012/1012 1013/1013/1013 1014/1014/1014
f 1015/1015/1015 1016/1016/1016 1017/1017/1017
f 1018/1018/1018 1019/1019/1019 1020/1020/1020
f 1021/1021/1021 1022/1022/1022 1023/1023/1023
f 1024/1024/1024 1025/1025/1025 1026/1026/1026
f 1027/1027/1027 1028/1028/1028 1029/1029/1029
f 1030/1030/1030 1031/1031/1031 1032/1032/1032
f 1033/1033/1033 1034/1034/1034 1035/1035/1035
f 1036/1036/1036 1037/1037/1037 1038/1038/1038
f 1039/1039/1039 1040/1040/1040 1041/1041/1041
f 1042/1042/1042 1043/1043/1043 1044/1044/1044
