# OBJ file
mtllib static.ico.mtl
v -0.227539 0.431396 0.754395 0.800000 0.800000 0.800000 #0.000000
v -0.112061 0.039551 0.000000 0.800000 0.800000 0.800000 #0.000000
v 0.894531 0.325439 0.000000 0.800000 0.800000 0.800000 #0.000000
v 0.894531 0.325439 0.000000 0.800000 0.800000 0.800000 #0.000000
v 0.825928 0.585449 0.649170 0.800000 0.800000 0.800000 #0.000000
v -0.227539 0.431396 0.754395 0.800000 0.800000 0.800000 #0.000000
v 0.544922 0.694336 -0.649170 0.800000 0.800000 0.800000 #0.000000
v 0.894531 0.325439 0.000000 0.800000 0.800000 0.800000 #0.000000
v -0.112061 0.039551 0.000000 0.800000 0.800000 0.800000 #0.000000
v 0.544922 0.694336 -0.649170 0.800000 0.800000 0.800000 #0.000000
v -0.112061 0.039551 0.000000 0.800000 0.800000 0.800000 #0.000000
v 0.140381 0.377441 -0.753906 0.800000 0.800000 0.800000 #0.000000
v 0.140381 0.377441 -0.753906 0.800000 0.800000 0.800000 #0.000000
v -0.250000 1.145020 -1.066895 0.800000 0.800000 0.800000 #0.000000
v 0.577393 1.191650 -0.975586 0.800000 0.800000 0.800000 #0.000000
v 0.577393 1.191650 -0.975586 0.800000 0.800000 0.800000 #0.000000
v 0.544922 0.694336 -0.649170 0.800000 0.800000 0.800000 #0.000000
v 0.140381 0.377441 -0.753906 0.800000 0.800000 0.800000 #0.000000
v -0.246338 1.112305 1.066895 0.800000 0.800000 0.800000 #0.000000
v -0.227539 0.431396 0.754395 0.800000 0.800000 0.800000 #0.000000
v 0.825928 0.585449 0.649170 0.800000 0.800000 0.800000 #0.000000
v 0.825928 0.585449 0.649170 0.800000 0.800000 0.800000 #0.000000
v 0.660645 1.213623 0.918213 0.800000 0.800000 0.800000 #0.000000
v -0.246338 1.112305 1.066895 0.800000 0.800000 0.800000 #0.000000
v -0.880127 0.416016 0.000000 0.800000 0.800000 0.800000 #0.000000
v -0.112061 0.039551 0.000000 0.800000 0.800000 0.800000 #0.000000
v -0.227539 0.431396 0.754395 0.800000 0.800000 0.800000 #0.000000
v -0.880127 0.416016 0.000000 0.800000 0.800000 0.800000 #0.000000
v -0.227539 0.431396 0.754395 0.800000 0.800000 0.800000 #0.000000
v -0.869385 0.667480 0.607422 0.800000 0.800000 0.800000 #0.000000
v -0.250000 1.145020 -1.066895 0.800000 0.800000 0.800000 #0.000000
v 0.140381 0.377441 -0.753906 0.800000 0.800000 0.800000 #0.000000
v -1.082275 0.673828 -0.603760 0.800000 0.800000 0.800000 #0.000000
v -0.250000 1.145020 -1.066895 0.800000 0.800000 0.800000 #0.000000
v -1.082275 0.673828 -0.603760 0.800000 0.800000 0.800000 #0.000000
v -0.843262 1.274414 -0.859131 0.800000 0.800000 0.800000 #0.000000
v -0.869385 0.667480 0.607422 0.800000 0.800000 0.800000 #0.000000
v -0.227539 0.431396 0.754395 0.800000 0.800000 0.800000 #0.000000
v -0.246338 1.112305 1.066895 0.800000 0.800000 0.800000 #0.000000
v -0.869385 0.667480 0.607422 0.800000 0.800000 0.800000 #0.000000
v -0.246338 1.112305 1.066895 0.800000 0.800000 0.800000 #0.000000
v -0.843262 1.274414 0.859131 0.800000 0.800000 0.800000 #0.000000
v 0.140381 0.377441 -0.753906 0.800000 0.800000 0.800000 #0.000000
v -0.112061 0.039551 0.000000 0.800000 0.800000 0.800000 #0.000000
v -0.394775 0.120361 -0.598633 0.800000 0.800000 0.800000 #0.000000
v -0.880127 0.416016 0.000000 0.800000 0.800000 0.800000 #0.000000
v -1.082275 0.673828 -0.603760 0.800000 0.800000 0.800000 #0.000000
v -0.790039 0.181641 -0.484375 0.800000 0.800000 0.800000 #0.000000
v -0.112061 0.039551 0.000000 0.800000 0.800000 0.800000 #0.000000
v -0.880127 0.416016 0.000000 0.800000 0.800000 0.800000 #0.000000
v -0.790039 0.181641 -0.484375 0.800000 0.800000 0.800000 #0.000000
v -0.112061 0.039551 0.000000 0.800000 0.800000 0.800000 #0.000000
v -0.790039 0.181641 -0.484375 0.800000 0.800000 0.800000 #0.000000
v -0.394775 0.120361 -0.598633 0.800000 0.800000 0.800000 #0.000000
v -1.082275 0.673828 -0.603760 0.800000 0.800000 0.800000 #0.000000
v 0.140381 0.377441 -0.753906 0.800000 0.800000 0.800000 #0.000000
v -0.113037 0.561279 -0.972656 0.800000 0.800000 0.800000 #0.000000
v -1.082275 0.673828 -0.603760 0.800000 0.800000 0.800000 #0.000000
v -0.113037 0.561279 -0.972656 0.800000 0.800000 0.800000 #0.000000
v -0.821289 0.772949 -1.062500 0.800000 0.800000 0.800000 #0.000000
v -0.931885 0.520264 -1.014160 0.800000 0.800000 0.800000 #0.000000
v -1.082275 0.673828 -0.603760 0.800000 0.800000 0.800000 #0.000000
v -0.821289 0.772949 -1.062500 0.800000 0.800000 0.800000 #0.000000
v -0.394775 0.120361 -0.598633 0.800000 0.800000 0.800000 #0.000000
v -0.790039 0.181641 -0.484375 0.800000 0.800000 0.800000 #0.000000
v -0.706055 0.278809 -0.964355 0.800000 0.800000 0.800000 #0.000000
v -0.394775 0.120361 -0.598633 0.800000 0.800000 0.800000 #0.000000
v -0.706055 0.278809 -0.964355 0.800000 0.800000 0.800000 #0.000000
v -0.418457 0.173584 -0.942383 0.800000 0.800000 0.800000 #0.000000
v 0.140381 0.377441 -0.753906 0.800000 0.800000 0.800000 #0.000000
v -0.394775 0.120361 -0.598633 0.800000 0.800000 0.800000 #0.000000
v -0.418457 0.173584 -0.942383 0.800000 0.800000 0.800000 #0.000000
v 0.140381 0.377441 -0.753906 0.800000 0.800000 0.800000 #0.000000
v -0.418457 0.173584 -0.942383 0.800000 0.800000 0.800000 #0.000000
v -0.113037 0.561279 -0.972656 0.800000 0.800000 0.800000 #0.000000
v 1.459473 0.943115 0.462158 0.800000 0.800000 0.800000 #0.000000
v 1.595215 0.933838 0.490479 0.800000 0.800000 0.800000 #0.000000
v 1.462891 1.429688 0.705566 0.800000 0.800000 0.800000 #0.000000
v 1.462891 1.429688 0.705566 0.800000 0.800000 0.800000 #0.000000
v 1.326660 1.390381 0.655762 0.800000 0.800000 0.800000 #0.000000
v 1.459473 0.943115 0.462158 0.800000 0.800000 0.800000 #0.000000
v 1.459717 0.741211 0.002930 0.800000 0.800000 0.800000 #0.000000
v 1.577148 0.706787 -0.018799 0.800000 0.800000 0.800000 #0.000000
v 1.595215 0.933838 0.490479 0.800000 0.800000 0.800000 #0.000000
v 1.595215 0.933838 0.490479 0.800000 0.800000 0.800000 #0.000000
v 1.459473 0.943115 0.462158 0.800000 0.800000 0.800000 #0.000000
v 1.459717 0.741211 0.002930 0.800000 0.800000 0.800000 #0.000000
v 1.410889 0.878906 -0.521240 0.800000 0.800000 0.800000 #0.000000
v 1.577148 0.706787 -0.018799 0.800000 0.800000 0.800000 #0.000000
v 1.459717 0.741211 0.002930 0.800000 0.800000 0.800000 #0.000000
v 1.410889 0.878906 -0.521240 0.800000 0.800000 0.800000 #0.000000
v 1.459717 0.741211 0.002930 0.800000 0.800000 0.800000 #0.000000
v 1.308594 0.897461 -0.452637 0.800000 0.800000 0.800000 #0.000000
v 1.134521 1.332275 -0.641357 0.800000 0.800000 0.800000 #0.000000
v 1.218994 1.357910 -0.729004 0.800000 0.800000 0.800000 #0.000000
v 1.410889 0.878906 -0.521240 0.800000 0.800000 0.800000 #0.000000
v 1.410889 0.878906 -0.521240 0.800000 0.800000 0.800000 #0.000000
v 1.308594 0.897461 -0.452637 0.800000 0.800000 0.800000 #0.000000
v 1.134521 1.332275 -0.641357 0.800000 0.800000 0.800000 #0.000000
v 1.922607 1.569092 0.576660 0.800000 0.800000 0.800000 #0.000000
v 1.462891 1.429688 0.705566 0.800000 0.800000 0.800000 #0.000000
v 1.595215 0.933838 0.490479 0.800000 0.800000 0.800000 #0.000000
v 1.922607 1.569092 0.576660 0.800000 0.800000 0.800000 #0.000000
v 1.595215 0.933838 0.490479 0.800000 0.800000 0.800000 #0.000000
v 2.020020 1.078857 0.383057 0.800000 0.800000 0.800000 #0.000000
v 1.595215 0.933838 0.490479 0.800000 0.800000 0.800000 #0.000000
v 1.577148 0.706787 -0.018799 0.800000 0.800000 0.800000 #0.000000
v 1.986084 0.855713 -0.114014 0.800000 0.800000 0.800000 #0.000000
v 2.020020 1.078857 0.383057 0.800000 0.800000 0.800000 #0.000000
v 1.595215 0.933838 0.490479 0.800000 0.800000 0.800000 #0.000000
v 1.986084 0.855713 -0.114014 0.800000 0.800000 0.800000 #0.000000
v 1.577148 0.706787 -0.018799 0.800000 0.800000 0.800000 #0.000000
v 1.410889 0.878906 -0.521240 0.800000 0.800000 0.800000 #0.000000
v 1.825439 1.022217 -0.599121 0.800000 0.800000 0.800000 #0.000000
v 1.986084 0.855713 -0.114014 0.800000 0.800000 0.800000 #0.000000
v 1.577148 0.706787 -0.018799 0.800000 0.800000 0.800000 #0.000000
v 1.825439 1.022217 -0.599121 0.800000 0.800000 0.800000 #0.000000
v 1.825439 1.022217 -0.599121 0.800000 0.800000 0.800000 #0.000000
v 1.410889 0.878906 -0.521240 0.800000 0.800000 0.800000 #0.000000
v 1.218994 1.357910 -0.729004 0.800000 0.800000 0.800000 #0.000000
v 1.825439 1.022217 -0.599121 0.800000 0.800000 0.800000 #0.000000
v 1.218994 1.357910 -0.729004 0.800000 0.800000 0.800000 #0.000000
v 1.640137 1.484863 -0.799805 0.800000 0.800000 0.800000 #0.000000
v 2.095215 1.621826 -0.185059 0.800000 0.800000 0.800000 #0.000000
v 2.041748 1.605957 0.444580 0.800000 0.800000 0.800000 #0.000000
v 2.128906 1.186279 0.271973 0.800000 0.800000 0.800000 #0.000000
v 2.095215 1.621826 -0.185059 0.800000 0.800000 0.800000 #0.000000
v 2.128906 1.186279 0.271973 0.800000 0.800000 0.800000 #0.000000
v 2.092773 0.990723 -0.144775 0.800000 0.800000 0.800000 #0.000000
v 2.095215 1.621826 -0.185059 0.800000 0.800000 0.800000 #0.000000
v 1.954590 1.133789 -0.561768 0.800000 0.800000 0.800000 #0.000000
v 1.795410 1.531494 -0.734375 0.800000 0.800000 0.800000 #0.000000
v 1.308594 0.897461 -0.452637 0.800000 0.800000 0.800000 #0.000000
v 0.893311 1.003662 -0.539551 0.800000 0.800000 0.800000 #0.000000
v 0.915039 1.280518 -0.791260 0.800000 0.800000 0.800000 #0.000000
v 0.915039 1.280518 -0.791260 0.800000 0.800000 0.800000 #0.000000
v 1.134521 1.332275 -0.641357 0.800000 0.800000 0.800000 #0.000000
v 1.308594 0.897461 -0.452637 0.800000 0.800000 0.800000 #0.000000
v 1.459473 0.943115 0.462158 0.800000 0.800000 0.800000 #0.000000
v 0.825928 0.585449 0.649170 0.800000 0.800000 0.800000 #0.000000
v 0.894531 0.325439 0.000000 0.800000 0.800000 0.800000 #0.000000
v 0.894531 0.325439 0.000000 0.800000 0.800000 0.800000 #0.000000
v 1.459717 0.741211 0.002930 0.800000 0.800000 0.800000 #0.000000
v 1.459473 0.943115 0.462158 0.800000 0.800000 0.800000 #0.000000
v 1.326660 1.390381 0.655762 0.800000 0.800000 0.800000 #0.000000
v 0.660645 1.213623 0.918213 0.800000 0.800000 0.800000 #0.000000
v 0.825928 0.585449 0.649170 0.800000 0.800000 0.800000 #0.000000
v 0.825928 0.585449 0.649170 0.800000 0.800000 0.800000 #0.000000
v 1.459473 0.943115 0.462158 0.800000 0.800000 0.800000 #0.000000
v 1.326660 1.390381 0.655762 0.800000 0.800000 0.800000 #0.000000
v 2.231934 0.949707 -0.480713 0.800000 0.800000 0.800000 #0.000000
v 2.092773 0.990723 -0.144775 0.800000 0.800000 0.800000 #0.000000
v 1.954590 1.133789 -0.561768 0.800000 0.800000 0.800000 #0.000000
v 2.109131 1.298096 -0.299805 0.800000 0.800000 0.800000 #0.000000
v 1.954590 1.133789 -0.561768 0.800000 0.800000 0.800000 #0.000000
v 2.095215 1.621826 -0.185059 0.800000 0.800000 0.800000 #0.000000
v 2.109131 1.298096 -0.299805 0.800000 0.800000 0.800000 #0.000000
v 2.095215 1.621826 -0.185059 0.800000 0.800000 0.800000 #0.000000
v 2.092773 0.990723 -0.144775 0.800000 0.800000 0.800000 #0.000000
v 2.231934 0.949707 -0.480713 0.800000 0.800000 0.800000 #0.000000
v 2.109131 1.298096 -0.299805 0.800000 0.800000 0.800000 #0.000000
v 2.092773 0.990723 -0.144775 0.800000 0.800000 0.800000 #0.000000
v 2.231934 0.949707 -0.480713 0.800000 0.800000 0.800000 #0.000000
v 1.954590 1.133789 -0.561768 0.800000 0.800000 0.800000 #0.000000
v 2.109131 1.298096 -0.299805 0.800000 0.800000 0.800000 #0.000000
v 1.323730 0.432617 -0.191406 0.800000 0.800000 0.800000 #0.000000
v 1.308594 0.897461 -0.452637 0.800000 0.800000 0.800000 #0.000000
v 1.459717 0.741211 0.002930 0.800000 0.800000 0.800000 #0.000000
v 1.459717 0.741211 0.002930 0.800000 0.800000 0.800000 #0.000000
v 0.894531 0.325439 0.000000 0.800000 0.800000 0.800000 #0.000000
v 0.957275 0.226318 -0.303467 0.800000 0.800000 0.800000 #0.000000
v 1.323730 0.432617 -0.191406 0.800000 0.800000 0.800000 #0.000000
v 1.459717 0.741211 0.002930 0.800000 0.800000 0.800000 #0.000000
v 0.957275 0.226318 -0.303467 0.800000 0.800000 0.800000 #0.000000
v 0.957275 0.226318 -0.303467 0.800000 0.800000 0.800000 #0.000000
v 0.894531 0.325439 0.000000 0.800000 0.800000 0.800000 #0.000000
v 0.544922 0.694336 -0.649170 0.800000 0.800000 0.800000 #0.000000
v 0.950439 0.820313 -0.965332 0.800000 0.800000 0.800000 #0.000000
v 0.893311 1.003662 -0.539551 0.800000 0.800000 0.800000 #0.000000
v 1.308594 0.897461 -0.452637 0.800000 0.800000 0.800000 #0.000000
v 1.301025 0.738037 -0.897705 0.800000 0.800000 0.800000 #0.000000
v 1.323730 0.432617 -0.191406 0.800000 0.800000 0.800000 #0.000000
v 1.215820 0.474121 -0.776367 0.800000 0.800000 0.800000 #0.000000
v 1.215820 0.474121 -0.776367 0.800000 0.800000 0.800000 #0.000000
v 1.323730 0.432617 -0.191406 0.800000 0.800000 0.800000 #0.000000
v 0.957275 0.226318 -0.303467 0.800000 0.800000 0.800000 #0.000000
v 1.215820 0.474121 -0.776367 0.800000 0.800000 0.800000 #0.000000
v 0.957275 0.226318 -0.303467 0.800000 0.800000 0.800000 #0.000000
v 0.914551 0.266846 -0.648926 0.800000 0.800000 0.800000 #0.000000
v 0.914551 0.266846 -0.648926 0.800000 0.800000 0.800000 #0.000000
v 0.957275 0.226318 -0.303467 0.800000 0.800000 0.800000 #0.000000
v 0.544922 0.694336 -0.649170 0.800000 0.800000 0.800000 #0.000000
v 0.914551 0.266846 -0.648926 0.800000 0.800000 0.800000 #0.000000
v 0.544922 0.694336 -0.649170 0.800000 0.800000 0.800000 #0.000000
v 0.631104 0.692139 -0.881348 0.800000 0.800000 0.800000 #0.000000
v 0.950439 0.820313 -0.965332 0.800000 0.800000 0.800000 #0.000000
v 1.308594 0.897461 -0.452637 0.800000 0.800000 0.800000 #0.000000
v 1.301025 0.738037 -0.897705 0.800000 0.800000 0.800000 #0.000000
v 1.301025 0.738037 -0.897705 0.800000 0.800000 0.800000 #0.000000
v 1.308594 0.897461 -0.452637 0.800000 0.800000 0.800000 #0.000000
v 1.323730 0.432617 -0.191406 0.800000 0.800000 0.800000 #0.000000
v 0.761230 0.457031 -1.260254 0.800000 0.800000 0.800000 #0.000000
v 0.914551 0.266846 -0.648926 0.800000 0.800000 0.800000 #0.000000
v 0.631104 0.692139 -0.881348 0.800000 0.800000 0.800000 #0.000000
v 0.761230 0.457031 -1.260254 0.800000 0.800000 0.800000 #0.000000
v 0.631104 0.692139 -0.881348 0.800000 0.800000 0.800000 #0.000000
v 0.586426 0.700439 -1.204346 0.800000 0.800000 0.800000 #0.000000
v 1.215820 0.474121 -0.776367 0.800000 0.800000 0.800000 #0.000000
v 0.914551 0.266846 -0.648926 0.800000 0.800000 0.800000 #0.000000
v 0.761230 0.457031 -1.260254 0.800000 0.800000 0.800000 #0.000000
v 1.215820 0.474121 -0.776367 0.800000 0.800000 0.800000 #0.000000
v 0.761230 0.457031 -1.260254 0.800000 0.800000 0.800000 #0.000000
v 0.993652 0.634033 -1.321777 0.800000 0.800000 0.800000 #0.000000
v 1.301025 0.738037 -0.897705 0.800000 0.800000 0.800000 #0.000000
v 1.215820 0.474121 -0.776367 0.800000 0.800000 0.800000 #0.000000
v 0.993652 0.634033 -1.321777 0.800000 0.800000 0.800000 #0.000000
v 1.301025 0.738037 -0.897705 0.800000 0.800000 0.800000 #0.000000
v 0.993652 0.634033 -1.321777 0.800000 0.800000 0.800000 #0.000000
v 1.024414 0.820557 -1.233887 0.800000 0.800000 0.800000 #0.000000
v 0.950439 0.820313 -0.965332 0.800000 0.800000 0.800000 #0.000000
v 1.301025 0.738037 -0.897705 0.800000 0.800000 0.800000 #0.000000
v 1.024414 0.820557 -1.233887 0.800000 0.800000 0.800000 #0.000000
v 0.950439 0.820313 -0.965332 0.800000 0.800000 0.800000 #0.000000
v 1.024414 0.820557 -1.233887 0.800000 0.800000 0.800000 #0.000000
v 0.755371 0.877441 -1.124268 0.800000 0.800000 0.800000 #0.000000
v 0.631104 0.692139 -0.881348 0.800000 0.800000 0.800000 #0.000000
v 0.950439 0.820313 -0.965332 0.800000 0.800000 0.800000 #0.000000
v 0.755371 0.877441 -1.124268 0.800000 0.800000 0.800000 #0.000000
v 0.631104 0.692139 -0.881348 0.800000 0.800000 0.800000 #0.000000
v 0.755371 0.877441 -1.124268 0.800000 0.800000 0.800000 #0.000000
v 0.586426 0.700439 -1.204346 0.800000 0.800000 0.800000 #0.000000
v -0.790039 0.181641 -0.484375 0.800000 0.800000 0.800000 #0.000000
v -0.931885 0.520264 -1.014160 0.800000 0.800000 0.800000 #0.000000
v -0.706055 0.278809 -0.964355 0.800000 0.800000 0.800000 #0.000000
v -0.790039 0.181641 -0.484375 0.800000 0.800000 0.800000 #0.000000
v -1.082275 0.673828 -0.603760 0.800000 0.800000 0.800000 #0.000000
v -0.931885 0.520264 -1.014160 0.800000 0.800000 0.800000 #0.000000
v -0.590576 0.833252 -1.261230 0.800000 0.800000 0.800000 #0.000000
v -0.821289 0.772949 -1.062500 0.800000 0.800000 0.800000 #0.000000
v -0.113037 0.561279 -0.972656 0.800000 0.800000 0.800000 #0.000000
v -0.590576 0.833252 -1.261230 0.800000 0.800000 0.800000 #0.000000
v -0.113037 0.561279 -0.972656 0.800000 0.800000 0.800000 #0.000000
v -0.212891 0.710205 -1.251465 0.800000 0.800000 0.800000 #0.000000
v -0.752686 0.595703 -1.333252 0.800000 0.800000 0.800000 #0.000000
v -0.931885 0.520264 -1.014160 0.800000 0.800000 0.800000 #0.000000
v -0.821289 0.772949 -1.062500 0.800000 0.800000 0.800000 #0.000000
v -0.752686 0.595703 -1.333252 0.800000 0.800000 0.800000 #0.000000
v -0.821289 0.772949 -1.062500 0.800000 0.800000 0.800000 #0.000000
v -0.590576 0.833252 -1.261230 0.800000 0.800000 0.800000 #0.000000
v -0.675049 0.457764 -1.376221 0.800000 0.800000 0.800000 #0.000000
v -0.706055 0.278809 -0.964355 0.800000 0.800000 0.800000 #0.000000
v -0.931885 0.520264 -1.014160 0.800000 0.800000 0.800000 #0.000000
v -0.675049 0.457764 -1.376221 0.800000 0.800000 0.800000 #0.000000
v -0.931885 0.520264 -1.014160 0.800000 0.800000 0.800000 #0.000000
v -0.752686 0.595703 -1.333252 0.800000 0.800000 0.800000 #0.000000
v -0.418457 0.173584 -0.942383 0.800000 0.800000 0.800000 #0.000000
v -0.706055 0.278809 -0.964355 0.800000 0.800000 0.800000 #0.000000
v -0.675049 0.457764 -1.376221 0.800000 0.800000 0.800000 #0.000000
v -0.418457 0.173584 -0.942383 0.800000 0.800000 0.800000 #0.000000
v -0.675049 0.457764 -1.376221 0.800000 0.800000 0.800000 #0.000000
v -0.414551 0.371094 -1.292236 0.800000 0.800000 0.800000 #0.000000
v -0.113037 0.561279 -0.972656 0.800000 0.800000 0.800000 #0.000000
v -0.418457 0.173584 -0.942383 0.800000 0.800000 0.800000 #0.000000
v -0.414551 0.371094 -1.292236 0.800000 0.800000 0.800000 #0.000000
v -0.113037 0.561279 -0.972656 0.800000 0.800000 0.800000 #0.000000
v -0.414551 0.371094 -1.292236 0.800000 0.800000 0.800000 #0.000000
v -0.212891 0.710205 -1.251465 0.800000 0.800000 0.800000 #0.000000
v 0.893311 1.003662 -0.539551 0.800000 0.800000 0.800000 #0.000000
v 0.544922 0.694336 -0.649170 0.800000 0.800000 0.800000 #0.000000
v 0.577393 1.191650 -0.975586 0.800000 0.800000 0.800000 #0.000000
v 0.577393 1.191650 -0.975586 0.800000 0.800000 0.800000 #0.000000
v 0.915039 1.280518 -0.791260 0.800000 0.800000 0.800000 #0.000000
v 0.893311 1.003662 -0.539551 0.800000 0.800000 0.800000 #0.000000
v 0.893311 1.003662 -0.539551 0.800000 0.800000 0.800000 #0.000000
v 0.950439 0.820313 -0.965332 0.800000 0.800000 0.800000 #0.000000
v 0.631104 0.692139 -0.881348 0.800000 0.800000 0.800000 #0.000000
v 0.631104 0.692139 -0.881348 0.800000 0.800000 0.800000 #0.000000
v 0.544922 0.694336 -0.649170 0.800000 0.800000 0.800000 #0.000000
v 0.893311 1.003662 -0.539551 0.800000 0.800000 0.800000 #0.000000
v 0.586426 0.700439 -1.204346 0.800000 0.800000 0.800000 #0.000000
v 0.755371 0.877441 -1.124268 0.800000 0.800000 0.800000 #0.000000
v 0.542969 1.096924 -1.368164 0.800000 0.800000 0.800000 #0.000000
v 0.586426 0.700439 -1.204346 0.800000 0.800000 0.800000 #0.000000
v 0.542969 1.096924 -1.368164 0.800000 0.800000 0.800000 #0.000000
v 0.374023 0.919922 -1.448486 0.800000 0.800000 0.800000 #0.000000
v 0.534424 0.769287 -1.504150 0.800000 0.800000 0.800000 #0.000000
v 0.761230 0.457031 -1.260254 0.800000 0.800000 0.800000 #0.000000
v 0.586426 0.700439 -1.204346 0.800000 0.800000 0.800000 #0.000000
v 0.534424 0.769287 -1.504150 0.800000 0.800000 0.800000 #0.000000
v 0.586426 0.700439 -1.204346 0.800000 0.800000 0.800000 #0.000000
v 0.374023 0.919922 -1.448486 0.800000 0.800000 0.800000 #0.000000
v 0.993652 0.634033 -1.321777 0.800000 0.800000 0.800000 #0.000000
v 0.761230 0.457031 -1.260254 0.800000 0.800000 0.800000 #0.000000
v 0.534424 0.769287 -1.504150 0.800000 0.800000 0.800000 #0.000000
v 0.534424 0.769287 -1.504150 0.800000 0.800000 0.800000 #0.000000
v 0.781250 0.853516 -1.565674 0.800000 0.800000 0.800000 #0.000000
v 0.993652 0.634033 -1.321777 0.800000 0.800000 0.800000 #0.000000
v 0.812012 1.040039 -1.477783 0.800000 0.800000 0.800000 #0.000000
v 0.542969 1.096924 -1.368164 0.800000 0.800000 0.800000 #0.000000
v 0.755371 0.877441 -1.124268 0.800000 0.800000 0.800000 #0.000000
v 0.812012 1.040039 -1.477783 0.800000 0.800000 0.800000 #0.000000
v 0.755371 0.877441 -1.124268 0.800000 0.800000 0.800000 #0.000000
v 1.024414 0.820557 -1.233887 0.800000 0.800000 0.800000 #0.000000
v 0.781250 0.853516 -1.565674 0.800000 0.800000 0.800000 #0.000000
v 0.812012 1.040039 -1.477783 0.800000 0.800000 0.800000 #0.000000
v 1.024414 0.820557 -1.233887 0.800000 0.800000 0.800000 #0.000000
v 0.781250 0.853516 -1.565674 0.800000 0.800000 0.800000 #0.000000
v 1.024414 0.820557 -1.233887 0.800000 0.800000 0.800000 #0.000000
v 0.993652 0.634033 -1.321777 0.800000 0.800000 0.800000 #0.000000
v 0.812012 1.040039 -1.477783 0.800000 0.800000 0.800000 #0.000000
v 0.781250 0.853516 -1.565674 0.800000 0.800000 0.800000 #0.000000
v 0.533447 0.986572 -1.556152 0.800000 0.800000 0.800000 #0.000000
v 0.542969 1.096924 -1.368164 0.800000 0.800000 0.800000 #0.000000
v 0.812012 1.040039 -1.477783 0.800000 0.800000 0.800000 #0.000000
v 0.533447 0.986572 -1.556152 0.800000 0.800000 0.800000 #0.000000
v 0.374023 0.919922 -1.448486 0.800000 0.800000 0.800000 #0.000000
v 0.542969 1.096924 -1.368164 0.800000 0.800000 0.800000 #0.000000
v 0.533447 0.986572 -1.556152 0.800000 0.800000 0.800000 #0.000000
v 0.534424 0.769287 -1.504150 0.800000 0.800000 0.800000 #0.000000
v 0.374023 0.919922 -1.448486 0.800000 0.800000 0.800000 #0.000000
v 0.533447 0.986572 -1.556152 0.800000 0.800000 0.800000 #0.000000
v 0.781250 0.853516 -1.565674 0.800000 0.800000 0.800000 #0.000000
v 0.534424 0.769287 -1.504150 0.800000 0.800000 0.800000 #0.000000
v 0.533447 0.986572 -1.556152 0.800000 0.800000 0.800000 #0.000000
v -0.590576 0.833252 -1.261230 0.800000 0.800000 0.800000 #0.000000
v -0.212891 0.710205 -1.251465 0.800000 0.800000 0.800000 #0.000000
v -0.166260 0.863281 -1.499268 0.800000 0.800000 0.800000 #0.000000
v -0.590576 0.833252 -1.261230 0.800000 0.800000 0.800000 #0.000000
v -0.166260 0.863281 -1.499268 0.800000 0.800000 0.800000 #0.000000
v -0.471924 0.976563 -1.459473 0.800000 0.800000 0.800000 #0.000000
v -0.628662 0.880615 -1.558105 0.800000 0.800000 0.800000 #0.000000
v -0.752686 0.595703 -1.333252 0.800000 0.800000 0.800000 #0.000000
v -0.590576 0.833252 -1.261230 0.800000 0.800000 0.800000 #0.000000
v -0.628662 0.880615 -1.558105 0.800000 0.800000 0.800000 #0.000000
v -0.590576 0.833252 -1.261230 0.800000 0.800000 0.800000 #0.000000
v -0.471924 0.976563 -1.459473 0.800000 0.800000 0.800000 #0.000000
v -0.550049 0.775879 -1.656494 0.800000 0.800000 0.800000 #0.000000
v -0.675049 0.457764 -1.376221 0.800000 0.800000 0.800000 #0.000000
v -0.752686 0.595703 -1.333252 0.800000 0.800000 0.800000 #0.000000
v -0.550049 0.775879 -1.656494 0.800000 0.800000 0.800000 #0.000000
v -0.752686 0.595703 -1.333252 0.800000 0.800000 0.800000 #0.000000
v -0.628662 0.880615 -1.558105 0.800000 0.800000 0.800000 #0.000000
v -0.290527 0.659912 -1.615479 0.800000 0.800000 0.800000 #0.000000
v -0.414551 0.371094 -1.292236 0.800000 0.800000 0.800000 #0.000000
v -0.675049 0.457764 -1.376221 0.800000 0.800000 0.800000 #0.000000
v -0.290527 0.659912 -1.615479 0.800000 0.800000 0.800000 #0.000000
v -0.675049 0.457764 -1.376221 0.800000 0.800000 0.800000 #0.000000
v -0.550049 0.775879 -1.656494 0.800000 0.800000 0.800000 #0.000000
v -0.212891 0.710205 -1.251465 0.800000 0.800000 0.800000 #0.000000
v -0.414551 0.371094 -1.292236 0.800000 0.800000 0.800000 #0.000000
v -0.290527 0.659912 -1.615479 0.800000 0.800000 0.800000 #0.000000
v -0.212891 0.710205 -1.251465 0.800000 0.800000 0.800000 #0.000000
v -0.290527 0.659912 -1.615479 0.800000 0.800000 0.800000 #0.000000
v -0.166260 0.863281 -1.499268 0.800000 0.800000 0.800000 #0.000000
v -0.471924 0.976563 -1.459473 0.800000 0.800000 0.800000 #0.000000
v -0.166260 0.863281 -1.499268 0.800000 0.800000 0.800000 #0.000000
v -0.407471 0.960205 -1.621582 0.800000 0.800000 0.800000 #0.000000
v -0.628662 0.880615 -1.558105 0.800000 0.800000 0.800000 #0.000000
v -0.471924 0.976563 -1.459473 0.800000 0.800000 0.800000 #0.000000
v -0.407471 0.960205 -1.621582 0.800000 0.800000 0.800000 #0.000000
v -0.550049 0.775879 -1.656494 0.800000 0.800000 0.800000 #0.000000
v -0.628662 0.880615 -1.558105 0.800000 0.800000 0.800000 #0.000000
v -0.407471 0.960205 -1.621582 0.800000 0.800000 0.800000 #0.000000
v -0.290527 0.659912 -1.615479 0.800000 0.800000 0.800000 #0.000000
v -0.550049 0.775879 -1.656494 0.800000 0.800000 0.800000 #0.000000
v -0.407471 0.960205 -1.621582 0.800000 0.800000 0.800000 #0.000000
v -0.166260 0.863281 -1.499268 0.800000 0.800000 0.800000 #0.000000
v -0.290527 0.659912 -1.615479 0.800000 0.800000 0.800000 #0.000000
v -0.407471 0.960205 -1.621582 0.800000 0.800000 0.800000 #0.000000
v 0.426758 2.101807 0.000000 0.800000 0.800000 0.800000 #0.000000
v -0.223877 2.288086 -0.004639 0.800000 0.800000 0.800000 #0.000000
v -0.262939 1.949219 0.753906 0.800000 0.800000 0.800000 #0.000000
v -0.262939 1.949219 0.753906 0.800000 0.800000 0.800000 #0.000000
v 0.495117 1.841553 0.649170 0.800000 0.800000 0.800000 #0.000000
v 0.426758 2.101807 0.000000 0.800000 0.800000 0.800000 #0.000000
v -0.223877 2.288086 -0.004639 0.800000 0.800000 0.800000 #0.000000
v 0.426758 2.101807 0.000000 0.800000 0.800000 0.800000 #0.000000
v 0.276611 1.616699 -0.719482 0.800000 0.800000 0.800000 #0.000000
v -0.223877 2.288086 -0.004639 0.800000 0.800000 0.800000 #0.000000
v 0.276611 1.616699 -0.719482 0.800000 0.800000 0.800000 #0.000000
v -0.065918 1.874756 -0.754883 0.800000 0.800000 0.800000 #0.000000
v 0.276611 1.616699 -0.719482 0.800000 0.800000 0.800000 #0.000000
v 0.577393 1.191650 -0.975586 0.800000 0.800000 0.800000 #0.000000
v -0.250000 1.145020 -1.066895 0.800000 0.800000 0.800000 #0.000000
v -0.065918 1.874756 -0.754883 0.800000 0.800000 0.800000 #0.000000
v 0.276611 1.616699 -0.719482 0.800000 0.800000 0.800000 #0.000000
v -0.250000 1.145020 -1.066895 0.800000 0.800000 0.800000 #0.000000
v -0.262939 1.949219 0.753906 0.800000 0.800000 0.800000 #0.000000
v -0.246338 1.112305 1.066895 0.800000 0.800000 0.800000 #0.000000
v 0.660645 1.213623 0.918213 0.800000 0.800000 0.800000 #0.000000
v -0.262939 1.949219 0.753906 0.800000 0.800000 0.800000 #0.000000
v 0.660645 1.213623 0.918213 0.800000 0.800000 0.800000 #0.000000
v 0.495117 1.841553 0.649170 0.800000 0.800000 0.800000 #0.000000
v -0.262939 1.949219 0.753906 0.800000 0.800000 0.800000 #0.000000
v -0.223877 2.288086 -0.004639 0.800000 0.800000 0.800000 #0.000000
v -0.896729 1.919922 -0.000732 0.800000 0.800000 0.800000 #0.000000
v -0.817383 1.881592 0.607422 0.800000 0.800000 0.800000 #0.000000
v -0.262939 1.949219 0.753906 0.800000 0.800000 0.800000 #0.000000
v -0.896729 1.919922 -0.000732 0.800000 0.800000 0.800000 #0.000000
v -1.027344 1.883789 -0.607422 0.800000 0.800000 0.800000 #0.000000
v -0.065918 1.874756 -0.754883 0.800000 0.800000 0.800000 #0.000000
v -0.250000 1.145020 -1.066895 0.800000 0.800000 0.800000 #0.000000
v -1.027344 1.883789 -0.607422 0.800000 0.800000 0.800000 #0.000000
v -0.250000 1.145020 -1.066895 0.800000 0.800000 0.800000 #0.000000
v -0.843262 1.274414 -0.859131 0.800000 0.800000 0.800000 #0.000000
v -0.843262 1.274414 0.859131 0.800000 0.800000 0.800000 #0.000000
v -0.246338 1.112305 1.066895 0.800000 0.800000 0.800000 #0.000000
v -0.262939 1.949219 0.753906 0.800000 0.800000 0.800000 #0.000000
v -0.843262 1.274414 0.859131 0.800000 0.800000 0.800000 #0.000000
v -0.262939 1.949219 0.753906 0.800000 0.800000 0.800000 #0.000000
v -0.817383 1.881592 0.607422 0.800000 0.800000 0.800000 #0.000000
v -0.299072 2.391602 -0.584717 0.800000 0.800000 0.800000 #0.000000
v -0.223877 2.288086 -0.004639 0.800000 0.800000 0.800000 #0.000000
v -0.065918 1.874756 -0.754883 0.800000 0.800000 0.800000 #0.000000
v -0.719971 2.317139 -0.475342 0.800000 0.800000 0.800000 #0.000000
v -1.027344 1.883789 -0.607422 0.800000 0.800000 0.800000 #0.000000
v -0.896729 1.919922 -0.000732 0.800000 0.800000 0.800000 #0.000000
v -0.719971 2.317139 -0.475342 0.800000 0.800000 0.800000 #0.000000
v -0.896729 1.919922 -0.000732 0.800000 0.800000 0.800000 #0.000000
v -0.223877 2.288086 -0.004639 0.800000 0.800000 0.800000 #0.000000
v -0.719971 2.317139 -0.475342 0.800000 0.800000 0.800000 #0.000000
v -0.223877 2.288086 -0.004639 0.800000 0.800000 0.800000 #0.000000
v -0.299072 2.391602 -0.584717 0.800000 0.800000 0.800000 #0.000000
v -0.167480 1.813965 -0.986572 0.800000 0.800000 0.800000 #0.000000
v -0.065918 1.874756 -0.754883 0.800000 0.800000 0.800000 #0.000000
v -1.027344 1.883789 -0.607422 0.800000 0.800000 0.800000 #0.000000
v -0.167480 1.813965 -0.986572 0.800000 0.800000 0.800000 #0.000000
v -1.027344 1.883789 -0.607422 0.800000 0.800000 0.800000 #0.000000
v -0.773438 1.808838 -1.090820 0.800000 0.800000 0.800000 #0.000000
v -0.773438 1.808838 -1.090820 0.800000 0.800000 0.800000 #0.000000
v -1.027344 1.883789 -0.607422 0.800000 0.800000 0.800000 #0.000000
v -0.864502 2.065186 -1.024170 0.800000 0.800000 0.800000 #0.000000
v -0.620850 2.284424 -0.958252 0.800000 0.800000 0.800000 #0.000000
v -0.719971 2.317139 -0.475342 0.800000 0.800000 0.800000 #0.000000
v -0.299072 2.391602 -0.584717 0.800000 0.800000 0.800000 #0.000000
v -0.620850 2.284424 -0.958252 0.800000 0.800000 0.800000 #0.000000
v -0.299072 2.391602 -0.584717 0.800000 0.800000 0.800000 #0.000000
v -0.325684 2.364990 -0.929932 0.800000 0.800000 0.800000 #0.000000
v -0.325684 2.364990 -0.929932 0.800000 0.800000 0.800000 #0.000000
v -0.299072 2.391602 -0.584717 0.800000 0.800000 0.800000 #0.000000
v -0.065918 1.874756 -0.754883 0.800000 0.800000 0.800000 #0.000000
v -0.325684 2.364990 -0.929932 0.800000 0.800000 0.800000 #0.000000
v -0.065918 1.874756 -0.754883 0.800000 0.800000 0.800000 #0.000000
v -0.167480 1.813965 -0.986572 0.800000 0.800000 0.800000 #0.000000
v 1.462891 1.429688 0.705566 0.800000 0.800000 0.800000 #0.000000
v 1.295166 1.915527 0.496338 0.800000 0.800000 0.800000 #0.000000
v 1.189941 1.836182 0.463867 0.800000 0.800000 0.800000 #0.000000
v 1.189941 1.836182 0.463867 0.800000 0.800000 0.800000 #0.000000
v 1.326660 1.390381 0.655762 0.800000 0.800000 0.800000 #0.000000
v 1.462891 1.429688 0.705566 0.800000 0.800000 0.800000 #0.000000
v 1.295166 1.915527 0.496338 0.800000 0.800000 0.800000 #0.000000
v 1.166992 2.100342 -0.015381 0.800000 0.800000 0.800000 #0.000000
v 1.092041 2.008545 0.001953 0.800000 0.800000 0.800000 #0.000000
v 1.092041 2.008545 0.001953 0.800000 0.800000 0.800000 #0.000000
v 1.189941 1.836182 0.463867 0.800000 0.800000 0.800000 #0.000000
v 1.295166 1.915527 0.496338 0.800000 0.800000 0.800000 #0.000000
v 1.092041 2.008545 0.001953 0.800000 0.800000 0.800000 #0.000000
v 1.166992 2.100342 -0.015381 0.800000 0.800000 0.800000 #0.000000
v 1.114258 1.862793 -0.521240 0.800000 0.800000 0.800000 #0.000000
v 1.039307 1.791016 -0.452637 0.800000 0.800000 0.800000 #0.000000
v 1.092041 2.008545 0.001953 0.800000 0.800000 0.800000 #0.000000
v 1.114258 1.862793 -0.521240 0.800000 0.800000 0.800000 #0.000000
v 1.114258 1.862793 -0.521240 0.800000 0.800000 0.800000 #0.000000
v 1.218994 1.357910 -0.729004 0.800000 0.800000 0.800000 #0.000000
v 1.134521 1.332275 -0.641357 0.800000 0.800000 0.800000 #0.000000
v 1.134521 1.332275 -0.641357 0.800000 0.800000 0.800000 #0.000000
v 1.039307 1.791016 -0.452637 0.800000 0.800000 0.800000 #0.000000
v 1.114258 1.862793 -0.521240 0.800000 0.800000 0.800000 #0.000000
v 1.295166 1.915527 0.496338 0.800000 0.800000 0.800000 #0.000000
v 1.462891 1.429688 0.705566 0.800000 0.800000 0.800000 #0.000000
v 1.922607 1.569092 0.576660 0.800000 0.800000 0.800000 #0.000000
v 1.295166 1.915527 0.496338 0.800000 0.800000 0.800000 #0.000000
v 1.922607 1.569092 0.576660 0.800000 0.800000 0.800000 #0.000000
v 1.740234 2.032959 0.374268 0.800000 0.800000 0.800000 #0.000000
v 1.295166 1.915527 0.496338 0.800000 0.800000 0.800000 #0.000000
v 1.740234 2.032959 0.374268 0.800000 0.800000 0.800000 #0.000000
v 1.580811 2.200195 -0.114014 0.800000 0.800000 0.800000 #0.000000
v 1.166992 2.100342 -0.015381 0.800000 0.800000 0.800000 #0.000000
v 1.295166 1.915527 0.496338 0.800000 0.800000 0.800000 #0.000000
v 1.580811 2.200195 -0.114014 0.800000 0.800000 0.800000 #0.000000
v 1.538818 1.972656 -0.599121 0.800000 0.800000 0.800000 #0.000000
v 1.114258 1.862793 -0.521240 0.800000 0.800000 0.800000 #0.000000
v 1.166992 2.100342 -0.015381 0.800000 0.800000 0.800000 #0.000000
v 1.538818 1.972656 -0.599121 0.800000 0.800000 0.800000 #0.000000
v 1.166992 2.100342 -0.015381 0.800000 0.800000 0.800000 #0.000000
v 1.580811 2.200195 -0.114014 0.800000 0.800000 0.800000 #0.000000
v 1.218994 1.357910 -0.729004 0.800000 0.800000 0.800000 #0.000000
v 1.114258 1.862793 -0.521240 0.800000 0.800000 0.800000 #0.000000
v 1.538818 1.972656 -0.599121 0.800000 0.800000 0.800000 #0.000000
v 1.218994 1.357910 -0.729004 0.800000 0.800000 0.800000 #0.000000
v 1.538818 1.972656 -0.599121 0.800000 0.800000 0.800000 #0.000000
v 1.640137 1.484863 -0.799805 0.800000 0.800000 0.800000 #0.000000
v 1.882568 2.003662 0.271973 0.800000 0.800000 0.800000 #0.000000
v 2.041748 1.605957 0.444580 0.800000 0.800000 0.800000 #0.000000
v 2.095215 1.621826 -0.185059 0.800000 0.800000 0.800000 #0.000000
v 1.744385 2.146484 -0.144775 0.800000 0.800000 0.800000 #0.000000
v 1.882568 2.003662 0.271973 0.800000 0.800000 0.800000 #0.000000
v 2.095215 1.621826 -0.185059 0.800000 0.800000 0.800000 #0.000000
v 1.795410 1.531494 -0.734375 0.800000 0.800000 0.800000 #0.000000
v 1.708252 1.951172 -0.561768 0.800000 0.800000 0.800000 #0.000000
v 2.095215 1.621826 -0.185059 0.800000 0.800000 0.800000 #0.000000
v 1.039307 1.791016 -0.452637 0.800000 0.800000 0.800000 #0.000000
v 1.134521 1.332275 -0.641357 0.800000 0.800000 0.800000 #0.000000
v 0.915039 1.280518 -0.791260 0.800000 0.800000 0.800000 #0.000000
v 1.039307 1.791016 -0.452637 0.800000 0.800000 0.800000 #0.000000
v 0.915039 1.280518 -0.791260 0.800000 0.800000 0.800000 #0.000000
v 0.748779 1.500244 -0.554443 0.800000 0.800000 0.800000 #0.000000
v 0.426758 2.101807 0.000000 0.800000 0.800000 0.800000 #0.000000
v 0.495117 1.841553 0.649170 0.800000 0.800000 0.800000 #0.000000
v 1.189941 1.836182 0.463867 0.800000 0.800000 0.800000 #0.000000
v 1.189941 1.836182 0.463867 0.800000 0.800000 0.800000 #0.000000
v 1.092041 2.008545 0.001953 0.800000 0.800000 0.800000 #0.000000
v 0.426758 2.101807 0.000000 0.800000 0.800000 0.800000 #0.000000
v 1.189941 1.836182 0.463867 0.800000 0.800000 0.800000 #0.000000
v 0.495117 1.841553 0.649170 0.800000 0.800000 0.800000 #0.000000
v 0.660645 1.213623 0.918213 0.800000 0.800000 0.800000 #0.000000
v 1.326660 1.390381 0.655762 0.800000 0.800000 0.800000 #0.000000
v 1.189941 1.836182 0.463867 0.800000 0.800000 0.800000 #0.000000
v 0.660645 1.213623 0.918213 0.800000 0.800000 0.800000 #0.000000
v 1.708252 1.951172 -0.561768 0.800000 0.800000 0.800000 #0.000000
v 1.744385 2.146484 -0.144775 0.800000 0.800000 0.800000 #0.000000
v 1.837158 2.259521 -0.480713 0.800000 0.800000 0.800000 #0.000000
v 2.095215 1.621826 -0.185059 0.800000 0.800000 0.800000 #0.000000
v 1.708252 1.951172 -0.561768 0.800000 0.800000 0.800000 #0.000000
v 1.927734 1.899658 -0.299805 0.800000 0.800000 0.800000 #0.000000
v 1.744385 2.146484 -0.144775 0.800000 0.800000 0.800000 #0.000000
v 2.095215 1.621826 -0.185059 0.800000 0.800000 0.800000 #0.000000
v 1.927734 1.899658 -0.299805 0.800000 0.800000 0.800000 #0.000000
v 1.744385 2.146484 -0.144775 0.800000 0.800000 0.800000 #0.000000
v 1.927734 1.899658 -0.299805 0.800000 0.800000 0.800000 #0.000000
v 1.837158 2.259521 -0.480713 0.800000 0.800000 0.800000 #0.000000
v 1.927734 1.899658 -0.299805 0.800000 0.800000 0.800000 #0.000000
v 1.708252 1.951172 -0.561768 0.800000 0.800000 0.800000 #0.000000
v 1.837158 2.259521 -0.480713 0.800000 0.800000 0.800000 #0.000000
v 1.092041 2.008545 0.001953 0.800000 0.800000 0.800000 #0.000000
v 1.039307 1.791016 -0.452637 0.800000 0.800000 0.800000 #0.000000
v 0.861328 2.219482 -0.206055 0.800000 0.800000 0.800000 #0.000000
v 0.422119 2.208496 -0.306396 0.800000 0.800000 0.800000 #0.000000
v 0.426758 2.101807 0.000000 0.800000 0.800000 0.800000 #0.000000
v 1.092041 2.008545 0.001953 0.800000 0.800000 0.800000 #0.000000
v 0.422119 2.208496 -0.306396 0.800000 0.800000 0.800000 #0.000000
v 1.092041 2.008545 0.001953 0.800000 0.800000 0.800000 #0.000000
v 0.861328 2.219482 -0.206055 0.800000 0.800000 0.800000 #0.000000
v 0.276611 1.616699 -0.719482 0.800000 0.800000 0.800000 #0.000000
v 0.426758 2.101807 0.000000 0.800000 0.800000 0.800000 #0.000000
v 0.422119 2.208496 -0.306396 0.800000 0.800000 0.800000 #0.000000
v 1.039307 1.791016 -0.452637 0.800000 0.800000 0.800000 #0.000000
v 0.748779 1.500244 -0.554443 0.800000 0.800000 0.800000 #0.000000
v 0.711426 1.728760 -1.032715 0.800000 0.800000 0.800000 #0.000000
v 0.769287 2.094727 -0.735840 0.800000 0.800000 0.800000 #0.000000
v 0.861328 2.219482 -0.206055 0.800000 0.800000 0.800000 #0.000000
v 0.976318 1.912109 -0.859375 0.800000 0.800000 0.800000 #0.000000
v 0.422119 2.208496 -0.306396 0.800000 0.800000 0.800000 #0.000000
v 0.861328 2.219482 -0.206055 0.800000 0.800000 0.800000 #0.000000
v 0.769287 2.094727 -0.735840 0.800000 0.800000 0.800000 #0.000000
v 0.422119 2.208496 -0.306396 0.800000 0.800000 0.800000 #0.000000
v 0.769287 2.094727 -0.735840 0.800000 0.800000 0.800000 #0.000000
v 0.393066 2.150391 -0.672363 0.800000 0.800000 0.800000 #0.000000
v 0.276611 1.616699 -0.719482 0.800000 0.800000 0.800000 #0.000000
v 0.422119 2.208496 -0.306396 0.800000 0.800000 0.800000 #0.000000
v 0.393066 2.150391 -0.672363 0.800000 0.800000 0.800000 #0.000000
v 0.276611 1.616699 -0.719482 0.800000 0.800000 0.800000 #0.000000
v 0.393066 2.150391 -0.672363 0.800000 0.800000 0.800000 #0.000000
v 0.359863 1.707764 -1.012939 0.800000 0.800000 0.800000 #0.000000
v 0.976318 1.912109 -0.859375 0.800000 0.800000 0.800000 #0.000000
v 1.039307 1.791016 -0.452637 0.800000 0.800000 0.800000 #0.000000
v 0.711426 1.728760 -1.032715 0.800000 0.800000 0.800000 #0.000000
v 0.861328 2.219482 -0.206055 0.800000 0.800000 0.800000 #0.000000
v 1.039307 1.791016 -0.452637 0.800000 0.800000 0.800000 #0.000000
v 0.976318 1.912109 -0.859375 0.800000 0.800000 0.800000 #0.000000
v 0.393066 2.150391 -0.672363 0.800000 0.800000 0.800000 #0.000000
v 0.462158 2.059570 -1.323242 0.800000 0.800000 0.800000 #0.000000
v 0.390869 1.764160 -1.350586 0.800000 0.800000 0.800000 #0.000000
v 0.390869 1.764160 -1.350586 0.800000 0.800000 0.800000 #0.000000
v 0.359863 1.707764 -1.012939 0.800000 0.800000 0.800000 #0.000000
v 0.393066 2.150391 -0.672363 0.800000 0.800000 0.800000 #0.000000
v 0.462158 2.059570 -1.323242 0.800000 0.800000 0.800000 #0.000000
v 0.393066 2.150391 -0.672363 0.800000 0.800000 0.800000 #0.000000
v 0.769287 2.094727 -0.735840 0.800000 0.800000 0.800000 #0.000000
v 0.462158 2.059570 -1.323242 0.800000 0.800000 0.800000 #0.000000
v 0.769287 2.094727 -0.735840 0.800000 0.800000 0.800000 #0.000000
v 0.752930 1.993896 -1.337158 0.800000 0.800000 0.800000 #0.000000
v 0.752930 1.993896 -1.337158 0.800000 0.800000 0.800000 #0.000000
v 0.769287 2.094727 -0.735840 0.800000 0.800000 0.800000 #0.000000
v 0.976318 1.912109 -0.859375 0.800000 0.800000 0.800000 #0.000000
v 0.752930 1.993896 -1.337158 0.800000 0.800000 0.800000 #0.000000
v 0.976318 1.912109 -0.859375 0.800000 0.800000 0.800000 #0.000000
v 0.835693 1.815674 -1.268311 0.800000 0.800000 0.800000 #0.000000
v 0.835693 1.815674 -1.268311 0.800000 0.800000 0.800000 #0.000000
v 0.976318 1.912109 -0.859375 0.800000 0.800000 0.800000 #0.000000
v 0.711426 1.728760 -1.032715 0.800000 0.800000 0.800000 #0.000000
v 0.835693 1.815674 -1.268311 0.800000 0.800000 0.800000 #0.000000
v 0.711426 1.728760 -1.032715 0.800000 0.800000 0.800000 #0.000000
v 0.594482 1.644531 -1.248047 0.800000 0.800000 0.800000 #0.000000
v 0.594482 1.644531 -1.248047 0.800000 0.800000 0.800000 #0.000000
v 0.711426 1.728760 -1.032715 0.800000 0.800000 0.800000 #0.000000
v 0.359863 1.707764 -1.012939 0.800000 0.800000 0.800000 #0.000000
v 0.594482 1.644531 -1.248047 0.800000 0.800000 0.800000 #0.000000
v 0.359863 1.707764 -1.012939 0.800000 0.800000 0.800000 #0.000000
v 0.390869 1.764160 -1.350586 0.800000 0.800000 0.800000 #0.000000
v -0.620850 2.284424 -0.958252 0.800000 0.800000 0.800000 #0.000000
v -0.864502 2.065186 -1.024170 0.800000 0.800000 0.800000 #0.000000
v -0.719971 2.317139 -0.475342 0.800000 0.800000 0.800000 #0.000000
v -0.864502 2.065186 -1.024170 0.800000 0.800000 0.800000 #0.000000
v -1.027344 1.883789 -0.607422 0.800000 0.800000 0.800000 #0.000000
v -0.719971 2.317139 -0.475342 0.800000 0.800000 0.800000 #0.000000
v -0.167480 1.813965 -0.986572 0.800000 0.800000 0.800000 #0.000000
v -0.773438 1.808838 -1.090820 0.800000 0.800000 0.800000 #0.000000
v -0.547607 1.744873 -1.293701 0.800000 0.800000 0.800000 #0.000000
v -0.161621 1.837402 -1.276367 0.800000 0.800000 0.800000 #0.000000
v -0.167480 1.813965 -0.986572 0.800000 0.800000 0.800000 #0.000000
v -0.547607 1.744873 -1.293701 0.800000 0.800000 0.800000 #0.000000
v -0.773438 1.808838 -1.090820 0.800000 0.800000 0.800000 #0.000000
v -0.864502 2.065186 -1.024170 0.800000 0.800000 0.800000 #0.000000
v -0.690674 1.998779 -1.348389 0.800000 0.800000 0.800000 #0.000000
v -0.547607 1.744873 -1.293701 0.800000 0.800000 0.800000 #0.000000
v -0.773438 1.808838 -1.090820 0.800000 0.800000 0.800000 #0.000000
v -0.690674 1.998779 -1.348389 0.800000 0.800000 0.800000 #0.000000
v -0.864502 2.065186 -1.024170 0.800000 0.800000 0.800000 #0.000000
v -0.620850 2.284424 -0.958252 0.800000 0.800000 0.800000 #0.000000
v -0.602539 2.133057 -1.381836 0.800000 0.800000 0.800000 #0.000000
v -0.690674 1.998779 -1.348389 0.800000 0.800000 0.800000 #0.000000
v -0.864502 2.065186 -1.024170 0.800000 0.800000 0.800000 #0.000000
v -0.602539 2.133057 -1.381836 0.800000 0.800000 0.800000 #0.000000
v -0.336426 2.193115 -1.292725 0.800000 0.800000 0.800000 #0.000000
v -0.602539 2.133057 -1.381836 0.800000 0.800000 0.800000 #0.000000
v -0.620850 2.284424 -0.958252 0.800000 0.800000 0.800000 #0.000000
v -0.336426 2.193115 -1.292725 0.800000 0.800000 0.800000 #0.000000
v -0.620850 2.284424 -0.958252 0.800000 0.800000 0.800000 #0.000000
v -0.325684 2.364990 -0.929932 0.800000 0.800000 0.800000 #0.000000
v -0.336426 2.193115 -1.292725 0.800000 0.800000 0.800000 #0.000000
v -0.325684 2.364990 -0.929932 0.800000 0.800000 0.800000 #0.000000
v -0.167480 1.813965 -0.986572 0.800000 0.800000 0.800000 #0.000000
v -0.336426 2.193115 -1.292725 0.800000 0.800000 0.800000 #0.000000
v -0.167480 1.813965 -0.986572 0.800000 0.800000 0.800000 #0.000000
v -0.161621 1.837402 -1.276367 0.800000 0.800000 0.800000 #0.000000
v 0.577393 1.191650 -0.975586 0.800000 0.800000 0.800000 #0.000000
v 0.276611 1.616699 -0.719482 0.800000 0.800000 0.800000 #0.000000
v 0.748779 1.500244 -0.554443 0.800000 0.800000 0.800000 #0.000000
v 0.748779 1.500244 -0.554443 0.800000 0.800000 0.800000 #0.000000
v 0.915039 1.280518 -0.791260 0.800000 0.800000 0.800000 #0.000000
v 0.577393 1.191650 -0.975586 0.800000 0.800000 0.800000 #0.000000
v 0.359863 1.707764 -1.012939 0.800000 0.800000 0.800000 #0.000000
v 0.711426 1.728760 -1.032715 0.800000 0.800000 0.800000 #0.000000
v 0.748779 1.500244 -0.554443 0.800000 0.800000 0.800000 #0.000000
v 0.748779 1.500244 -0.554443 0.800000 0.800000 0.800000 #0.000000
v 0.276611 1.616699 -0.719482 0.800000 0.800000 0.800000 #0.000000
v 0.359863 1.707764 -1.012939 0.800000 0.800000 0.800000 #0.000000
v 0.545410 1.425293 -1.567871 0.800000 0.800000 0.800000 #0.000000
v 0.594482 1.644531 -1.248047 0.800000 0.800000 0.800000 #0.000000
v 0.390869 1.764160 -1.350586 0.800000 0.800000 0.800000 #0.000000
v 0.545410 1.425293 -1.567871 0.800000 0.800000 0.800000 #0.000000
v 0.390869 1.764160 -1.350586 0.800000 0.800000 0.800000 #0.000000
v 0.341553 1.544922 -1.670410 0.800000 0.800000 0.800000 #0.000000
v 0.390869 1.764160 -1.350586 0.800000 0.800000 0.800000 #0.000000
v 0.462158 2.059570 -1.323242 0.800000 0.800000 0.800000 #0.000000
v 0.437012 1.750732 -1.658936 0.800000 0.800000 0.800000 #0.000000
v 0.341553 1.544922 -1.670410 0.800000 0.800000 0.800000 #0.000000
v 0.390869 1.764160 -1.350586 0.800000 0.800000 0.800000 #0.000000
v 0.437012 1.750732 -1.658936 0.800000 0.800000 0.800000 #0.000000
v 0.437012 1.750732 -1.658936 0.800000 0.800000 0.800000 #0.000000
v 0.462158 2.059570 -1.323242 0.800000 0.800000 0.800000 #0.000000
v 0.752930 1.993896 -1.337158 0.800000 0.800000 0.800000 #0.000000
v 0.752930 1.993896 -1.337158 0.800000 0.800000 0.800000 #0.000000
v 0.703857 1.774658 -1.656982 0.800000 0.800000 0.800000 #0.000000
v 0.437012 1.750732 -1.658936 0.800000 0.800000 0.800000 #0.000000
v 0.594482 1.644531 -1.248047 0.800000 0.800000 0.800000 #0.000000
v 0.545410 1.425293 -1.567871 0.800000 0.800000 0.800000 #0.000000
v 0.786377 1.596191 -1.587891 0.800000 0.800000 0.800000 #0.000000
v 0.594482 1.644531 -1.248047 0.800000 0.800000 0.800000 #0.000000
v 0.786377 1.596191 -1.587891 0.800000 0.800000 0.800000 #0.000000
v 0.835693 1.815674 -1.268311 0.800000 0.800000 0.800000 #0.000000
v 0.835693 1.815674 -1.268311 0.800000 0.800000 0.800000 #0.000000
v 0.786377 1.596191 -1.587891 0.800000 0.800000 0.800000 #0.000000
v 0.703857 1.774658 -1.656982 0.800000 0.800000 0.800000 #0.000000
v 0.835693 1.815674 -1.268311 0.800000 0.800000 0.800000 #0.000000
v 0.703857 1.774658 -1.656982 0.800000 0.800000 0.800000 #0.000000
v 0.752930 1.993896 -1.337158 0.800000 0.800000 0.800000 #0.000000
v 0.533691 1.564453 -1.735596 0.800000 0.800000 0.800000 #0.000000
v 0.703857 1.774658 -1.656982 0.800000 0.800000 0.800000 #0.000000
v 0.786377 1.596191 -1.587891 0.800000 0.800000 0.800000 #0.000000
v 0.533691 1.564453 -1.735596 0.800000 0.800000 0.800000 #0.000000
v 0.786377 1.596191 -1.587891 0.800000 0.800000 0.800000 #0.000000
v 0.545410 1.425293 -1.567871 0.800000 0.800000 0.800000 #0.000000
v 0.533691 1.564453 -1.735596 0.800000 0.800000 0.800000 #0.000000
v 0.545410 1.425293 -1.567871 0.800000 0.800000 0.800000 #0.000000
v 0.341553 1.544922 -1.670410 0.800000 0.800000 0.800000 #0.000000
v 0.533691 1.564453 -1.735596 0.800000 0.800000 0.800000 #0.000000
v 0.341553 1.544922 -1.670410 0.800000 0.800000 0.800000 #0.000000
v 0.437012 1.750732 -1.658936 0.800000 0.800000 0.800000 #0.000000
v 0.533691 1.564453 -1.735596 0.800000 0.800000 0.800000 #0.000000
v 0.437012 1.750732 -1.658936 0.800000 0.800000 0.800000 #0.000000
v 0.703857 1.774658 -1.656982 0.800000 0.800000 0.800000 #0.000000
v -0.161621 1.837402 -1.276367 0.800000 0.800000 0.800000 #0.000000
v -0.547607 1.744873 -1.293701 0.800000 0.800000 0.800000 #0.000000
v -0.439697 1.607178 -1.501953 0.800000 0.800000 0.800000 #0.000000
v -0.126221 1.698975 -1.534424 0.800000 0.800000 0.800000 #0.000000
v -0.161621 1.837402 -1.276367 0.800000 0.800000 0.800000 #0.000000
v -0.439697 1.607178 -1.501953 0.800000 0.800000 0.800000 #0.000000
v -0.547607 1.744873 -1.293701 0.800000 0.800000 0.800000 #0.000000
v -0.690674 1.998779 -1.348389 0.800000 0.800000 0.800000 #0.000000
v -0.588379 1.721680 -1.593018 0.800000 0.800000 0.800000 #0.000000
v -0.439697 1.607178 -1.501953 0.800000 0.800000 0.800000 #0.000000
v -0.547607 1.744873 -1.293701 0.800000 0.800000 0.800000 #0.000000
v -0.588379 1.721680 -1.593018 0.800000 0.800000 0.800000 #0.000000
v -0.690674 1.998779 -1.348389 0.800000 0.800000 0.800000 #0.000000
v -0.602539 2.133057 -1.381836 0.800000 0.800000 0.800000 #0.000000
v -0.501465 1.826660 -1.684082 0.800000 0.800000 0.800000 #0.000000
v -0.588379 1.721680 -1.593018 0.800000 0.800000 0.800000 #0.000000
v -0.690674 1.998779 -1.348389 0.800000 0.800000 0.800000 #0.000000
v -0.501465 1.826660 -1.684082 0.800000 0.800000 0.800000 #0.000000
v -0.602539 2.133057 -1.381836 0.800000 0.800000 0.800000 #0.000000
v -0.336426 2.193115 -1.292725 0.800000 0.800000 0.800000 #0.000000
v -0.234131 1.918945 -1.635986 0.800000 0.800000 0.800000 #0.000000
v -0.501465 1.826660 -1.684082 0.800000 0.800000 0.800000 #0.000000
v -0.602539 2.133057 -1.381836 0.800000 0.800000 0.800000 #0.000000
v -0.234131 1.918945 -1.635986 0.800000 0.800000 0.800000 #0.000000
v -0.234131 1.918945 -1.635986 0.800000 0.800000 0.800000 #0.000000
v -0.336426 2.193115 -1.292725 0.800000 0.800000 0.800000 #0.000000
v -0.161621 1.837402 -1.276367 0.800000 0.800000 0.800000 #0.000000
v -0.234131 1.918945 -1.635986 0.800000 0.800000 0.800000 #0.000000
v -0.161621 1.837402 -1.276367 0.800000 0.800000 0.800000 #0.000000
v -0.126221 1.698975 -1.534424 0.800000 0.800000 0.800000 #0.000000
v -0.373779 1.629639 -1.662598 0.800000 0.800000 0.800000 #0.000000
v -0.126221 1.698975 -1.534424 0.800000 0.800000 0.800000 #0.000000
v -0.439697 1.607178 -1.501953 0.800000 0.800000 0.800000 #0.000000
v -0.373779 1.629639 -1.662598 0.800000 0.800000 0.800000 #0.000000
v -0.439697 1.607178 -1.501953 0.800000 0.800000 0.800000 #0.000000
v -0.588379 1.721680 -1.593018 0.800000 0.800000 0.800000 #0.000000
v -0.373779 1.629639 -1.662598 0.800000 0.800000 0.800000 #0.000000
v -0.588379 1.721680 -1.593018 0.800000 0.800000 0.800000 #0.000000
v -0.501465 1.826660 -1.684082 0.800000 0.800000 0.800000 #0.000000
v -0.373779 1.629639 -1.662598 0.800000 0.800000 0.800000 #0.000000
v -0.501465 1.826660 -1.684082 0.800000 0.800000 0.800000 #0.000000
v -0.234131 1.918945 -1.635986 0.800000 0.800000 0.800000 #0.000000
v -0.373779 1.629639 -1.662598 0.800000 0.800000 0.800000 #0.000000
v -0.234131 1.918945 -1.635986 0.800000 0.800000 0.800000 #0.000000
v -0.126221 1.698975 -1.534424 0.800000 0.800000 0.800000 #0.000000
v -0.997070 1.484863 0.243408 0.800000 0.800000 0.800000 #0.000000
v -0.817383 1.881592 0.607422 0.800000 0.800000 0.800000 #0.000000
v -0.896729 1.919922 -0.000732 0.800000 0.800000 0.800000 #0.000000
v -1.065918 1.502686 -0.191406 0.800000 0.800000 0.800000 #0.000000
v -0.896729 1.919922 -0.000732 0.800000 0.800000 0.800000 #0.000000
v -1.027344 1.883789 -0.607422 0.800000 0.800000 0.800000 #0.000000
v -1.027344 1.883789 -0.607422 0.800000 0.800000 0.800000 #0.000000
v -0.843262 1.274414 -0.859131 0.800000 0.800000 0.800000 #0.000000
v -1.156738 1.202881 -0.292725 0.800000 0.800000 0.800000 #0.000000
v -1.065918 1.502686 -0.191406 0.800000 0.800000 0.800000 #0.000000
v -1.027344 1.883789 -0.607422 0.800000 0.800000 0.800000 #0.000000
v -1.156738 1.202881 -0.292725 0.800000 0.800000 0.800000 #0.000000
v -1.156738 1.202881 -0.292725 0.800000 0.800000 0.800000 #0.000000
v -0.843262 1.274414 -0.859131 0.800000 0.800000 0.800000 #0.000000
v -1.082275 0.673828 -0.603760 0.800000 0.800000 0.800000 #0.000000
v -1.225342 1.016846 0.069580 0.800000 0.800000 0.800000 #0.000000
v -1.082275 0.673828 -0.603760 0.800000 0.800000 0.800000 #0.000000
v -0.880127 0.416016 0.000000 0.800000 0.800000 0.800000 #0.000000
v -1.225342 1.016846 0.069580 0.800000 0.800000 0.800000 #0.000000
v -0.880127 0.416016 0.000000 0.800000 0.800000 0.800000 #0.000000
v -0.869385 0.667480 0.607422 0.800000 0.800000 0.800000 #0.000000
v -1.110840 1.191650 0.374023 0.800000 0.800000 0.800000 #0.000000
v -0.869385 0.667480 0.607422 0.800000 0.800000 0.800000 #0.000000
v -0.843262 1.274414 0.859131 0.800000 0.800000 0.800000 #0.000000
v -0.843262 1.274414 0.859131 0.800000 0.800000 0.800000 #0.000000
v -0.817383 1.881592 0.607422 0.800000 0.800000 0.800000 #0.000000
v -0.997070 1.484863 0.243408 0.800000 0.800000 0.800000 #0.000000
v -1.110840 1.191650 0.374023 0.800000 0.800000 0.800000 #0.000000
v -0.843262 1.274414 0.859131 0.800000 0.800000 0.800000 #0.000000
v -0.997070 1.484863 0.243408 0.800000 0.800000 0.800000 #0.000000
v -0.997070 1.484863 0.243408 0.800000 0.800000 0.800000 #0.000000
v -1.065918 1.502686 -0.191406 0.800000 0.800000 0.800000 #0.000000
v -1.096680 1.491455 -0.117676 0.800000 0.800000 0.800000 #0.000000
v -0.971680 1.452637 0.254150 0.800000 0.800000 0.800000 #0.000000
v -0.997070 1.484863 0.243408 0.800000 0.800000 0.800000 #0.000000
v -1.096680 1.491455 -0.117676 0.800000 0.800000 0.800000 #0.000000
v -1.096680 1.491455 -0.117676 0.800000 0.800000 0.800000 #0.000000
v -1.065918 1.502686 -0.191406 0.800000 0.800000 0.800000 #0.000000
v -1.156738 1.202881 -0.292725 0.800000 0.800000 0.800000 #0.000000
v -1.096680 1.491455 -0.117676 0.800000 0.800000 0.800000 #0.000000
v -1.156738 1.202881 -0.292725 0.800000 0.800000 0.800000 #0.000000
v -1.267822 1.269775 -0.176025 0.800000 0.800000 0.800000 #0.000000
v -1.267822 1.269775 -0.176025 0.800000 0.800000 0.800000 #0.000000
v -1.156738 1.202881 -0.292725 0.800000 0.800000 0.800000 #0.000000
v -1.225342 1.016846 0.069580 0.800000 0.800000 0.800000 #0.000000
v -1.267822 1.269775 -0.176025 0.800000 0.800000 0.800000 #0.000000
v -1.225342 1.016846 0.069580 0.800000 0.800000 0.800000 #0.000000
v -1.316895 1.118164 0.126953 0.800000 0.800000 0.800000 #0.000000
v -1.316895 1.118164 0.126953 0.800000 0.800000 0.800000 #0.000000
v -1.225342 1.016846 0.069580 0.800000 0.800000 0.800000 #0.000000
v -1.110840 1.191650 0.374023 0.800000 0.800000 0.800000 #0.000000
v -1.316895 1.118164 0.126953 0.800000 0.800000 0.800000 #0.000000
v -1.110840 1.191650 0.374023 0.800000 0.800000 0.800000 #0.000000
v -1.151611 1.243408 0.375977 0.800000 0.800000 0.800000 #0.000000
v -0.971680 1.452637 0.254150 0.800000 0.800000 0.800000 #0.000000
v -1.151611 1.243408 0.375977 0.800000 0.800000 0.800000 #0.000000
v -1.110840 1.191650 0.374023 0.800000 0.800000 0.800000 #0.000000
v -0.971680 1.452637 0.254150 0.800000 0.800000 0.800000 #0.000000
v -1.110840 1.191650 0.374023 0.800000 0.800000 0.800000 #0.000000
v -0.997070 1.484863 0.243408 0.800000 0.800000 0.800000 #0.000000
v -1.065918 1.502686 -0.191406 0.800000 0.800000 0.800000 #0.000000
v -0.997070 1.484863 0.243408 0.800000 0.800000 0.800000 #0.000000
v -0.896729 1.919922 -0.000732 0.800000 0.800000 0.800000 #0.000000
v -1.110840 1.191650 0.374023 0.800000 0.800000 0.800000 #0.000000
v -1.225342 1.016846 0.069580 0.800000 0.800000 0.800000 #0.000000
v -0.869385 0.667480 0.607422 0.800000 0.800000 0.800000 #0.000000
v -1.225342 1.016846 0.069580 0.800000 0.800000 0.800000 #0.000000
v -1.156738 1.202881 -0.292725 0.800000 0.800000 0.800000 #0.000000
v -1.082275 0.673828 -0.603760 0.800000 0.800000 0.800000 #0.000000
v -1.641846 2.255615 0.149658 0.800000 0.800000 0.800000 #0.000000
v -1.486084 2.131592 0.687256 0.800000 0.800000 0.800000 #0.000000
v -1.198242 1.919434 0.544189 0.800000 0.800000 0.800000 #0.000000
v -1.641846 2.255615 0.149658 0.800000 0.800000 0.800000 #0.000000
v -1.198242 1.919434 0.544189 0.800000 0.800000 0.800000 #0.000000
v -1.327637 2.046875 0.051270 0.800000 0.800000 0.800000 #0.000000
v -1.327637 2.046875 0.051270 0.800000 0.800000 0.800000 #0.000000
v -1.598389 1.743652 -0.071777 0.800000 0.800000 0.800000 #0.000000
v -2.050537 2.044434 0.092773 0.800000 0.800000 0.800000 #0.000000
v -1.641846 2.255615 0.149658 0.800000 0.800000 0.800000 #0.000000
v -1.327637 2.046875 0.051270 0.800000 0.800000 0.800000 #0.000000
v -2.050537 2.044434 0.092773 0.800000 0.800000 0.800000 #0.000000
v -1.598389 1.743652 -0.071777 0.800000 0.800000 0.800000 #0.000000
v -1.659424 1.447266 0.263184 0.800000 0.800000 0.800000 #0.000000
v -2.175781 1.808594 0.507080 0.800000 0.800000 0.800000 #0.000000
v -2.050537 2.044434 0.092773 0.800000 0.800000 0.800000 #0.000000
v -1.598389 1.743652 -0.071777 0.800000 0.800000 0.800000 #0.000000
v -2.175781 1.808594 0.507080 0.800000 0.800000 0.800000 #0.000000
v -1.830078 1.868896 0.853027 0.800000 0.800000 0.800000 #0.000000
v -2.175781 1.808594 0.507080 0.800000 0.800000 0.800000 #0.000000
v -1.659424 1.447266 0.263184 0.800000 0.800000 0.800000 #0.000000
v -1.830078 1.868896 0.853027 0.800000 0.800000 0.800000 #0.000000
v -1.659424 1.447266 0.263184 0.800000 0.800000 0.800000 #0.000000
v -1.415527 1.563477 0.625000 0.800000 0.800000 0.800000 #0.000000
v -1.486084 2.131592 0.687256 0.800000 0.800000 0.800000 #0.000000
v -1.830078 1.868896 0.853027 0.800000 0.800000 0.800000 #0.000000
v -1.415527 1.563477 0.625000 0.800000 0.800000 0.800000 #0.000000
v -1.486084 2.131592 0.687256 0.800000 0.800000 0.800000 #0.000000
v -1.415527 1.563477 0.625000 0.800000 0.800000 0.800000 #0.000000
v -1.198242 1.919434 0.544189 0.800000 0.800000 0.800000 #0.000000
v -1.732178 2.511230 0.294434 0.800000 0.800000 0.800000 #0.000000
v -1.700195 2.351563 0.923096 0.800000 0.800000 0.800000 #0.000000
v -1.486084 2.131592 0.687256 0.800000 0.800000 0.800000 #0.000000
v -1.732178 2.511230 0.294434 0.800000 0.800000 0.800000 #0.000000
v -1.486084 2.131592 0.687256 0.800000 0.800000 0.800000 #0.000000
v -1.641846 2.255615 0.149658 0.800000 0.800000 0.800000 #0.000000
v -1.641846 2.255615 0.149658 0.800000 0.800000 0.800000 #0.000000
v -2.050537 2.044434 0.092773 0.800000 0.800000 0.800000 #0.000000
v -2.244873 2.569824 0.196533 0.800000 0.800000 0.800000 #0.000000
v -1.732178 2.511230 0.294434 0.800000 0.800000 0.800000 #0.000000
v -1.641846 2.255615 0.149658 0.800000 0.800000 0.800000 #0.000000
v -2.244873 2.569824 0.196533 0.800000 0.800000 0.800000 #0.000000
v -2.050537 2.044434 0.092773 0.800000 0.800000 0.800000 #0.000000
v -2.175781 1.808594 0.507080 0.800000 0.800000 0.800000 #0.000000
v -2.538818 2.472656 0.661133 0.800000 0.800000 0.800000 #0.000000
v -2.244873 2.569824 0.196533 0.800000 0.800000 0.800000 #0.000000
v -2.050537 2.044434 0.092773 0.800000 0.800000 0.800000 #0.000000
v -2.538818 2.472656 0.661133 0.800000 0.800000 0.800000 #0.000000
v -2.199707 2.343506 1.085449 0.800000 0.800000 0.800000 #0.000000
v -2.538818 2.472656 0.661133 0.800000 0.800000 0.800000 #0.000000
v -2.175781 1.808594 0.507080 0.800000 0.800000 0.800000 #0.000000
v -2.199707 2.343506 1.085449 0.800000 0.800000 0.800000 #0.000000
v -2.175781 1.808594 0.507080 0.800000 0.800000 0.800000 #0.000000
v -1.830078 1.868896 0.853027 0.800000 0.800000 0.800000 #0.000000
v -1.700195 2.351563 0.923096 0.800000 0.800000 0.800000 #0.000000
v -2.199707 2.343506 1.085449 0.800000 0.800000 0.800000 #0.000000
v -1.830078 1.868896 0.853027 0.800000 0.800000 0.800000 #0.000000
v -1.700195 2.351563 0.923096 0.800000 0.800000 0.800000 #0.000000
v -1.830078 1.868896 0.853027 0.800000 0.800000 0.800000 #0.000000
v -1.486084 2.131592 0.687256 0.800000 0.800000 0.800000 #0.000000
v -1.659424 3.438477 1.127686 0.800000 0.800000 0.800000 #0.000000
v -1.717529 2.768066 1.075928 0.800000 0.800000 0.800000 #0.000000
v -1.675781 2.942383 0.431885 0.800000 0.800000 0.800000 #0.000000
v -1.659424 3.438477 1.127686 0.800000 0.800000 0.800000 #0.000000
v -1.675781 2.942383 0.431885 0.800000 0.800000 0.800000 #0.000000
v -1.711182 3.475586 0.680176 0.800000 0.800000 0.800000 #0.000000
v -1.711182 3.475586 0.680176 0.800000 0.800000 0.800000 #0.000000
v -1.675781 2.942383 0.431885 0.800000 0.800000 0.800000 #0.000000
v -2.180664 3.109863 0.298340 0.800000 0.800000 0.800000 #0.000000
v -1.711182 3.475586 0.680176 0.800000 0.800000 0.800000 #0.000000
v -2.180664 3.109863 0.298340 0.800000 0.800000 0.800000 #0.000000
v -2.052490 3.568359 0.632568 0.800000 0.800000 0.800000 #0.000000
v -2.052490 3.568359 0.632568 0.800000 0.800000 0.800000 #0.000000
v -2.180664 3.109863 0.298340 0.800000 0.800000 0.800000 #0.000000
v -2.528320 3.070557 0.753418 0.800000 0.800000 0.800000 #0.000000
v -2.052490 3.568359 0.632568 0.800000 0.800000 0.800000 #0.000000
v -2.528320 3.070557 0.753418 0.800000 0.800000 0.800000 #0.000000
v -2.238525 3.576416 0.981445 0.800000 0.800000 0.800000 #0.000000
v -2.238525 3.576416 0.981445 0.800000 0.800000 0.800000 #0.000000
v -2.528320 3.070557 0.753418 0.800000 0.800000 0.800000 #0.000000
v -2.245850 2.855225 1.210938 0.800000 0.800000 0.800000 #0.000000
v -2.238525 3.576416 0.981445 0.800000 0.800000 0.800000 #0.000000
v -2.245850 2.855225 1.210938 0.800000 0.800000 0.800000 #0.000000
v -1.985352 3.508789 1.267090 0.800000 0.800000 0.800000 #0.000000
v -1.985352 3.508789 1.267090 0.800000 0.800000 0.800000 #0.000000
v -2.245850 2.855225 1.210938 0.800000 0.800000 0.800000 #0.000000
v -1.717529 2.768066 1.075928 0.800000 0.800000 0.800000 #0.000000
v -1.985352 3.508789 1.267090 0.800000 0.800000 0.800000 #0.000000
v -1.717529 2.768066 1.075928 0.800000 0.800000 0.800000 #0.000000
v -1.659424 3.438477 1.127686 0.800000 0.800000 0.800000 #0.000000
v -1.786621 4.261963 0.986084 0.800000 0.800000 0.800000 #0.000000
v -1.659424 3.438477 1.127686 0.800000 0.800000 0.800000 #0.000000
v -1.711182 3.475586 0.680176 0.800000 0.800000 0.800000 #0.000000
v -1.786621 4.261963 0.986084 0.800000 0.800000 0.800000 #0.000000
v -1.711182 3.475586 0.680176 0.800000 0.800000 0.800000 #0.000000
v -2.052490 3.568359 0.632568 0.800000 0.800000 0.800000 #0.000000
v -1.786621 4.261963 0.986084 0.800000 0.800000 0.800000 #0.000000
v -2.052490 3.568359 0.632568 0.800000 0.800000 0.800000 #0.000000
v -2.238525 3.576416 0.981445 0.800000 0.800000 0.800000 #0.000000
v -1.786621 4.261963 0.986084 0.800000 0.800000 0.800000 #0.000000
v -2.238525 3.576416 0.981445 0.800000 0.800000 0.800000 #0.000000
v -1.985352 3.508789 1.267090 0.800000 0.800000 0.800000 #0.000000
v -1.786621 4.261963 0.986084 0.800000 0.800000 0.800000 #0.000000
v -1.985352 3.508789 1.267090 0.800000 0.800000 0.800000 #0.000000
v -1.659424 3.438477 1.127686 0.800000 0.800000 0.800000 #0.000000
v -1.327637 2.046875 0.051270 0.800000 0.800000 0.800000 #0.000000
v -1.198242 1.919434 0.544189 0.800000 0.800000 0.800000 #0.000000
v -0.971436 1.452637 0.254150 0.800000 0.800000 0.800000 #0.000000
v -1.327637 2.046875 0.051270 0.800000 0.800000 0.800000 #0.000000
v -0.971436 1.452637 0.254150 0.800000 0.800000 0.800000 #0.000000
v -1.096680 1.491455 -0.117676 0.800000 0.800000 0.800000 #0.000000
v -1.598389 1.743652 -0.071777 0.800000 0.800000 0.800000 #0.000000
v -1.327637 2.046875 0.051270 0.800000 0.800000 0.800000 #0.000000
v -1.096680 1.491455 -0.117676 0.800000 0.800000 0.800000 #0.000000
v -1.598389 1.743652 -0.071777 0.800000 0.800000 0.800000 #0.000000
v -1.096680 1.491455 -0.117676 0.800000 0.800000 0.800000 #0.000000
v -1.267822 1.269775 -0.176025 0.800000 0.800000 0.800000 #0.000000
v -1.659424 1.447266 0.263184 0.800000 0.800000 0.800000 #0.000000
v -1.598389 1.743652 -0.071777 0.800000 0.800000 0.800000 #0.000000
v -1.267822 1.269775 -0.176025 0.800000 0.800000 0.800000 #0.000000
v -1.659424 1.447266 0.263184 0.800000 0.800000 0.800000 #0.000000
v -1.267822 1.269775 -0.176025 0.800000 0.800000 0.800000 #0.000000
v -1.316895 1.118164 0.126953 0.800000 0.800000 0.800000 #0.000000
v -1.415527 1.563477 0.625000 0.800000 0.800000 0.800000 #0.000000
v -1.659424 1.447266 0.263184 0.800000 0.800000 0.800000 #0.000000
v -1.316895 1.118164 0.126953 0.800000 0.800000 0.800000 #0.000000
v -1.415527 1.563477 0.625000 0.800000 0.800000 0.800000 #0.000000
v -1.316895 1.118164 0.126953 0.800000 0.800000 0.800000 #0.000000
v -1.151611 1.243408 0.375977 0.800000 0.800000 0.800000 #0.000000
v -1.151611 1.243408 0.375977 0.800000 0.800000 0.800000 #0.000000
v -0.971436 1.452637 0.254150 0.800000 0.800000 0.800000 #0.000000
v -1.198242 1.919434 0.544189 0.800000 0.800000 0.800000 #0.000000
v -1.415527 1.563477 0.625000 0.800000 0.800000 0.800000 #0.000000
v -1.151611 1.243408 0.375977 0.800000 0.800000 0.800000 #0.000000
v -1.198242 1.919434 0.544189 0.800000 0.800000 0.800000 #0.000000
v -1.096680 1.491455 -0.117676 0.800000 0.800000 0.800000 #0.000000
v -1.096680 1.491455 -0.117676 0.800000 0.800000 0.800000 #0.000000
v -0.971436 1.452637 0.254150 0.800000 0.800000 0.800000 #0.000000
v -0.971436 1.452637 0.254150 0.800000 0.800000 0.800000 #0.000000
v -0.971680 1.452637 0.254150 0.800000 0.800000 0.800000 #0.000000
v -1.096680 1.491455 -0.117676 0.800000 0.800000 0.800000 #0.000000
v -1.267822 1.269775 -0.176025 0.800000 0.800000 0.800000 #0.000000
v -1.096680 1.491455 -0.117676 0.800000 0.800000 0.800000 #0.000000
v -1.096680 1.491455 -0.117676 0.800000 0.800000 0.800000 #0.000000
v -1.267822 1.269775 -0.176025 0.800000 0.800000 0.800000 #0.000000
v -1.096680 1.491455 -0.117676 0.800000 0.800000 0.800000 #0.000000
v -1.267822 1.269775 -0.176025 0.800000 0.800000 0.800000 #0.000000
v -1.316895 1.118164 0.126953 0.800000 0.800000 0.800000 #0.000000
v -1.267822 1.269775 -0.176025 0.800000 0.800000 0.800000 #0.000000
v -1.267822 1.269775 -0.176025 0.800000 0.800000 0.800000 #0.000000
v -1.316895 1.118164 0.126953 0.800000 0.800000 0.800000 #0.000000
v -1.267822 1.269775 -0.176025 0.800000 0.800000 0.800000 #0.000000
v -1.316895 1.118164 0.126953 0.800000 0.800000 0.800000 #0.000000
v -1.151611 1.243408 0.375977 0.800000 0.800000 0.800000 #0.000000
v -1.316895 1.118164 0.126953 0.800000 0.800000 0.800000 #0.000000
v -1.316895 1.118164 0.126953 0.800000 0.800000 0.800000 #0.000000
v -1.151611 1.243408 0.375977 0.800000 0.800000 0.800000 #0.000000
v -1.316895 1.118164 0.126953 0.800000 0.800000 0.800000 #0.000000
v -1.151611 1.243408 0.375977 0.800000 0.800000 0.800000 #0.000000
v -0.971436 1.452637 0.254150 0.800000 0.800000 0.800000 #0.000000
v -1.151611 1.243408 0.375977 0.800000 0.800000 0.800000 #0.000000
v -1.151611 1.243408 0.375977 0.800000 0.800000 0.800000 #0.000000
v -0.971436 1.452637 0.254150 0.800000 0.800000 0.800000 #0.000000
v -1.151611 1.243408 0.375977 0.800000 0.800000 0.800000 #0.000000
v -0.971680 1.452637 0.254150 0.800000 0.800000 0.800000 #0.000000
v 2.041748 1.605957 0.444580 0.800000 0.800000 0.800000 #0.000000
v 1.922607 1.569092 0.576660 0.800000 0.800000 0.800000 #0.000000
v 2.020020 1.078857 0.383057 0.800000 0.800000 0.800000 #0.000000
v 2.041748 1.605957 0.444580 0.800000 0.800000 0.800000 #0.000000
v 2.020020 1.078857 0.383057 0.800000 0.800000 0.800000 #0.000000
v 2.128906 1.186279 0.271973 0.800000 0.800000 0.800000 #0.000000
v 2.020020 1.078857 0.383057 0.800000 0.800000 0.800000 #0.000000
v 1.986084 0.855713 -0.114014 0.800000 0.800000 0.800000 #0.000000
v 2.092773 0.990723 -0.144775 0.800000 0.800000 0.800000 #0.000000
v 2.128906 1.186279 0.271973 0.800000 0.800000 0.800000 #0.000000
v 2.020020 1.078857 0.383057 0.800000 0.800000 0.800000 #0.000000
v 2.092773 0.990723 -0.144775 0.800000 0.800000 0.800000 #0.000000
v 2.092773 0.990723 -0.144775 0.800000 0.800000 0.800000 #0.000000
v 1.986084 0.855713 -0.114014 0.800000 0.800000 0.800000 #0.000000
v 1.825439 1.022217 -0.599121 0.800000 0.800000 0.800000 #0.000000
v 2.092773 0.990723 -0.144775 0.800000 0.800000 0.800000 #0.000000
v 1.825439 1.022217 -0.599121 0.800000 0.800000 0.800000 #0.000000
v 1.954590 1.133789 -0.561768 0.800000 0.800000 0.800000 #0.000000
v 1.954590 1.133789 -0.561768 0.800000 0.800000 0.800000 #0.000000
v 1.825439 1.022217 -0.599121 0.800000 0.800000 0.800000 #0.000000
v 1.640137 1.484863 -0.799805 0.800000 0.800000 0.800000 #0.000000
v 1.954590 1.133789 -0.561768 0.800000 0.800000 0.800000 #0.000000
v 1.640137 1.484863 -0.799805 0.800000 0.800000 0.800000 #0.000000
v 1.795410 1.531494 -0.734375 0.800000 0.800000 0.800000 #0.000000
v 1.740234 2.032959 0.374268 0.800000 0.800000 0.800000 #0.000000
v 1.922607 1.569092 0.576660 0.800000 0.800000 0.800000 #0.000000
v 2.041748 1.605957 0.444580 0.800000 0.800000 0.800000 #0.000000
v 1.882568 2.003662 0.271973 0.800000 0.800000 0.800000 #0.000000
v 1.740234 2.032959 0.374268 0.800000 0.800000 0.800000 #0.000000
v 2.041748 1.605957 0.444580 0.800000 0.800000 0.800000 #0.000000
v 1.744385 2.146484 -0.144775 0.800000 0.800000 0.800000 #0.000000
v 1.580811 2.200195 -0.114014 0.800000 0.800000 0.800000 #0.000000
v 1.740234 2.032959 0.374268 0.800000 0.800000 0.800000 #0.000000
v 1.744385 2.146484 -0.144775 0.800000 0.800000 0.800000 #0.000000
v 1.740234 2.032959 0.374268 0.800000 0.800000 0.800000 #0.000000
v 1.882568 2.003662 0.271973 0.800000 0.800000 0.800000 #0.000000
v 1.708252 1.951172 -0.561768 0.800000 0.800000 0.800000 #0.000000
v 1.538818 1.972656 -0.599121 0.800000 0.800000 0.800000 #0.000000
v 1.580811 2.200195 -0.114014 0.800000 0.800000 0.800000 #0.000000
v 1.708252 1.951172 -0.561768 0.800000 0.800000 0.800000 #0.000000
v 1.580811 2.200195 -0.114014 0.800000 0.800000 0.800000 #0.000000
v 1.744385 2.146484 -0.144775 0.800000 0.800000 0.800000 #0.000000
v 1.640137 1.484863 -0.799805 0.800000 0.800000 0.800000 #0.000000
v 1.538818 1.972656 -0.599121 0.800000 0.800000 0.800000 #0.000000
v 1.708252 1.951172 -0.561768 0.800000 0.800000 0.800000 #0.000000
v 1.795410 1.531494 -0.734375 0.800000 0.800000 0.800000 #0.000000
v 1.640137 1.484863 -0.799805 0.800000 0.800000 0.800000 #0.000000
v 1.708252 1.951172 -0.561768 0.800000 0.800000 0.800000 #0.000000
v -1.675781 2.942383 0.431885 0.800000 0.800000 0.800000 #0.000000
v -1.717529 2.768066 1.075928 0.800000 0.800000 0.800000 #0.000000
v -1.700195 2.351563 0.923096 0.800000 0.800000 0.800000 #0.000000
v -1.675781 2.942383 0.431885 0.800000 0.800000 0.800000 #0.000000
v -1.700195 2.351563 0.923096 0.800000 0.800000 0.800000 #0.000000
v -1.732178 2.511230 0.294434 0.800000 0.800000 0.800000 #0.000000
v -1.732178 2.511230 0.294434 0.800000 0.800000 0.800000 #0.000000
v -2.244873 2.569824 0.196533 0.800000 0.800000 0.800000 #0.000000
v -2.180664 3.109863 0.298340 0.800000 0.800000 0.800000 #0.000000
v -1.675781 2.942383 0.431885 0.800000 0.800000 0.800000 #0.000000
v -1.732178 2.511230 0.294434 0.800000 0.800000 0.800000 #0.000000
v -2.180664 3.109863 0.298340 0.800000 0.800000 0.800000 #0.000000
v -2.244873 2.569824 0.196533 0.800000 0.800000 0.800000 #0.000000
v -2.538818 2.472656 0.661133 0.800000 0.800000 0.800000 #0.000000
v -2.528320 3.070557 0.753418 0.800000 0.800000 0.800000 #0.000000
v -2.180664 3.109863 0.298340 0.800000 0.800000 0.800000 #0.000000
v -2.244873 2.569824 0.196533 0.800000 0.800000 0.800000 #0.000000
v -2.528320 3.070557 0.753418 0.800000 0.800000 0.800000 #0.000000
v -2.528320 3.070557 0.753418 0.800000 0.800000 0.800000 #0.000000
v -2.538818 2.472656 0.661133 0.800000 0.800000 0.800000 #0.000000
v -2.199707 2.343506 1.085449 0.800000 0.800000 0.800000 #0.000000
v -2.528320 3.070557 0.753418 0.800000 0.800000 0.800000 #0.000000
v -2.199707 2.343506 1.085449 0.800000 0.800000 0.800000 #0.000000
v -2.245850 2.855225 1.210938 0.800000 0.800000 0.800000 #0.000000
v -2.245850 2.855225 1.210938 0.800000 0.800000 0.800000 #0.000000
v -2.199707 2.343506 1.085449 0.800000 0.800000 0.800000 #0.000000
v -1.700195 2.351563 0.923096 0.800000 0.800000 0.800000 #0.000000
v -2.245850 2.855225 1.210938 0.800000 0.800000 0.800000 #0.000000
v -1.700195 2.351563 0.923096 0.800000 0.800000 0.800000 #0.000000
v -1.717529 2.768066 1.075928 0.800000 0.800000 0.800000 #0.000000
v 1.676514 0.338379 -0.313477 0.800000 0.800000 0.800000 #0.000000
v 1.834229 0.384277 -0.144531 0.800000 0.800000 0.800000 #0.000000
v 1.649414 0.326660 -0.323730 0.800000 0.800000 0.800000 #0.000000
v 1.546875 0.516357 -0.428467 0.800000 0.800000 0.800000 #0.000000
v 1.519287 0.506592 -0.439209 0.800000 0.800000 0.800000 #0.000000
v 1.438477 0.824463 -0.595947 0.800000 0.800000 0.800000 #0.000000
v 1.438477 0.824463 -0.595947 0.800000 0.800000 0.800000 #0.000000
v 1.519287 0.506592 -0.439209 0.800000 0.800000 0.800000 #0.000000
v 1.409180 0.815674 -0.589355 0.800000 0.800000 0.800000 #0.000000
v 1.519287 0.506592 -0.439209 0.800000 0.800000 0.800000 #0.000000
v 1.546875 0.516357 -0.428467 0.800000 0.800000 0.800000 #0.000000
v 1.649414 0.326660 -0.323730 0.800000 0.800000 0.800000 #0.000000
v 1.546875 0.516357 -0.428467 0.800000 0.800000 0.800000 #0.000000
v 1.676514 0.338379 -0.313477 0.800000 0.800000 0.800000 #0.000000
v 1.649414 0.326660 -0.323730 0.800000 0.800000 0.800000 #0.000000
v 1.424561 1.068848 -0.608398 0.800000 0.800000 0.800000 #0.000000
v 1.438477 0.824463 -0.595947 0.800000 0.800000 0.800000 #0.000000
v 1.409180 0.815674 -0.589355 0.800000 0.800000 0.800000 #0.000000
v 1.980469 0.625244 -0.460449 0.800000 0.800000 0.800000 #0.000000
v 2.086914 0.664795 -0.088867 0.800000 0.800000 0.800000 #0.000000
v 1.953369 0.613525 -0.470947 0.800000 0.800000 0.800000 #0.000000
v 1.845947 0.801758 -0.599854 0.800000 0.800000 0.800000 #0.000000
v 1.818115 0.791992 -0.610840 0.800000 0.800000 0.800000 #0.000000
v 1.717773 0.908691 -0.659668 0.800000 0.800000 0.800000 #0.000000
v 1.717773 0.908691 -0.659668 0.800000 0.800000 0.800000 #0.000000
v 1.818115 0.791992 -0.610840 0.800000 0.800000 0.800000 #0.000000
v 1.688477 0.899902 -0.653076 0.800000 0.800000 0.800000 #0.000000
v 1.818115 0.791992 -0.610840 0.800000 0.800000 0.800000 #0.000000
v 1.845947 0.801758 -0.599854 0.800000 0.800000 0.800000 #0.000000
v 1.953369 0.613525 -0.470947 0.800000 0.800000 0.800000 #0.000000
v 1.845947 0.801758 -0.599854 0.800000 0.800000 0.800000 #0.000000
v 1.980469 0.625244 -0.460449 0.800000 0.800000 0.800000 #0.000000
v 1.953369 0.613525 -0.470947 0.800000 0.800000 0.800000 #0.000000
v 1.590820 1.118896 -0.694336 0.800000 0.800000 0.800000 #0.000000
v 1.717773 0.908691 -0.659668 0.800000 0.800000 0.800000 #0.000000
v 1.688477 0.899902 -0.653076 0.800000 0.800000 0.800000 #0.000000
v 1.841553 0.595459 -0.604492 0.800000 0.800000 0.800000 #0.000000
v 2.048828 0.601807 -0.450439 0.800000 0.800000 0.800000 #0.000000
v 1.826172 0.572754 -0.616699 0.800000 0.800000 0.800000 #0.000000
v 1.675537 0.671387 -0.708740 0.800000 0.800000 0.800000 #0.000000
v 1.568848 0.836914 -0.571289 0.800000 0.800000 0.800000 #0.000000
v 1.691650 0.693115 -0.696289 0.800000 0.800000 0.800000 #0.000000
v 1.584473 0.860840 -0.576172 0.800000 0.800000 0.800000 #0.000000
v 1.691650 0.693115 -0.696289 0.800000 0.800000 0.800000 #0.000000
v 1.568848 0.836914 -0.571289 0.800000 0.800000 0.800000 #0.000000
v 1.675537 0.671387 -0.708740 0.800000 0.800000 0.800000 #0.000000
v 1.691650 0.693115 -0.696289 0.800000 0.800000 0.800000 #0.000000
v 1.826172 0.572754 -0.616699 0.800000 0.800000 0.800000 #0.000000
v 1.691650 0.693115 -0.696289 0.800000 0.800000 0.800000 #0.000000
v 1.841553 0.595459 -0.604492 0.800000 0.800000 0.800000 #0.000000
v 1.826172 0.572754 -0.616699 0.800000 0.800000 0.800000 #0.000000
v 1.512451 1.011230 -0.570557 0.800000 0.800000 0.800000 #0.000000
v 1.584473 0.860840 -0.576172 0.800000 0.800000 0.800000 #0.000000
v 1.568848 0.836914 -0.571289 0.800000 0.800000 0.800000 #0.000000
v 1.902344 1.322754 -0.699707 0.800000 0.800000 0.800000 #0.000000
v 2.097900 1.323730 -0.641846 0.800000 0.800000 0.800000 #0.000000
v 1.900635 1.294922 -0.697510 0.800000 0.800000 0.800000 #0.000000
v 1.900635 1.294922 -0.697510 0.800000 0.800000 0.800000 #0.000000
v 2.097900 1.323730 -0.641846 0.800000 0.800000 0.800000 #0.000000
v 2.094238 1.299561 -0.653809 0.800000 0.800000 0.800000 #0.000000
v 2.094238 1.299561 -0.653809 0.800000 0.800000 0.800000 #0.000000
v 2.097900 1.323730 -0.641846 0.800000 0.800000 0.800000 #0.000000
v 2.180908 1.340576 -0.614990 0.800000 0.800000 0.800000 #0.000000
v 1.776855 1.364990 -0.676025 0.800000 0.800000 0.800000 #0.000000
v 1.902344 1.322754 -0.699707 0.800000 0.800000 0.800000 #0.000000
v 1.900635 1.294922 -0.697510 0.800000 0.800000 0.800000 #0.000000
v 1.039307 2.348877 -0.325195 0.800000 0.800000 0.800000 #0.000000
v 1.069092 2.351318 -0.315674 0.800000 0.800000 0.800000 #0.000000
v 1.150635 2.362793 0.010254 0.800000 0.800000 0.800000 #0.000000
v 1.120117 1.927490 -0.532959 0.800000 0.800000 0.800000 #0.000000
v 1.032227 2.237793 -0.409912 0.800000 0.800000 0.800000 #0.000000
v 1.002930 2.233643 -0.420166 0.800000 0.800000 0.800000 #0.000000
v 1.090820 1.918701 -0.526367 0.800000 0.800000 0.800000 #0.000000
v 1.120117 1.927490 -0.532959 0.800000 0.800000 0.800000 #0.000000
v 1.002930 2.233643 -0.420166 0.800000 0.800000 0.800000 #0.000000
v 1.039307 2.348877 -0.325195 0.800000 0.800000 0.800000 #0.000000
v 1.002930 2.233643 -0.420166 0.800000 0.800000 0.800000 #0.000000
v 1.032227 2.237793 -0.409912 0.800000 0.800000 0.800000 #0.000000
v 1.039307 2.348877 -0.325195 0.800000 0.800000 0.800000 #0.000000
v 1.032227 2.237793 -0.409912 0.800000 0.800000 0.800000 #0.000000
v 1.069092 2.351318 -0.315674 0.800000 0.800000 0.800000 #0.000000
v 1.090820 1.918701 -0.526367 0.800000 0.800000 0.800000 #0.000000
v 1.243652 1.716309 -0.545654 0.800000 0.800000 0.800000 #0.000000
v 1.120117 1.927490 -0.532959 0.800000 0.800000 0.800000 #0.000000
v 1.442383 2.366943 -0.145752 0.800000 0.800000 0.800000 #0.000000
v 1.414795 2.352295 -0.439941 0.800000 0.800000 0.800000 #0.000000
v 1.385010 2.350342 -0.449219 0.800000 0.800000 0.800000 #0.000000
v 1.346924 2.237305 -0.548584 0.800000 0.800000 0.800000 #0.000000
v 1.376221 2.241211 -0.538330 0.800000 0.800000 0.800000 #0.000000
v 1.367920 2.002197 -0.589600 0.800000 0.800000 0.800000 #0.000000
v 1.346924 2.237305 -0.548584 0.800000 0.800000 0.800000 #0.000000
v 1.367920 2.002197 -0.589600 0.800000 0.800000 0.800000 #0.000000
v 1.338623 1.993408 -0.582764 0.800000 0.800000 0.800000 #0.000000
v 1.376221 2.241211 -0.538330 0.800000 0.800000 0.800000 #0.000000
v 1.346924 2.237305 -0.548584 0.800000 0.800000 0.800000 #0.000000
v 1.385010 2.350342 -0.449219 0.800000 0.800000 0.800000 #0.000000
v 1.414795 2.352295 -0.439941 0.800000 0.800000 0.800000 #0.000000
v 1.376221 2.241211 -0.538330 0.800000 0.800000 0.800000 #0.000000
v 1.385010 2.350342 -0.449219 0.800000 0.800000 0.800000 #0.000000
v 1.367920 2.002197 -0.589600 0.800000 0.800000 0.800000 #0.000000
v 1.419434 1.769287 -0.585693 0.800000 0.800000 0.800000 #0.000000
v 1.338623 1.993408 -0.582764 0.800000 0.800000 0.800000 #0.000000
v 1.693359 2.022461 -0.562256 0.800000 0.800000 0.800000 #0.000000
v 1.756836 2.208740 -0.718506 0.800000 0.800000 0.800000 #0.000000
v 1.776855 2.191162 -0.705566 0.800000 0.800000 0.800000 #0.000000
v 1.776855 2.191162 -0.705566 0.800000 0.800000 0.800000 #0.000000
v 1.712891 2.003418 -0.565186 0.800000 0.800000 0.800000 #0.000000
v 1.693359 2.022461 -0.562256 0.800000 0.800000 0.800000 #0.000000
v 1.776855 2.191162 -0.705566 0.800000 0.800000 0.800000 #0.000000
v 1.756836 2.208740 -0.718506 0.800000 0.800000 0.800000 #0.000000
v 1.867432 2.385742 -0.668213 0.800000 0.800000 0.800000 #0.000000
v 1.712891 2.003418 -0.565186 0.800000 0.800000 0.800000 #0.000000
v 1.702881 1.842285 -0.552979 0.800000 0.800000 0.800000 #0.000000
v 1.693359 2.022461 -0.562256 0.800000 0.800000 0.800000 #0.000000
v 1.796143 1.949951 -0.636719 0.800000 0.800000 0.800000 #0.000000
v 1.708740 1.797852 -0.689209 0.800000 0.800000 0.800000 #0.000000
v 1.687256 1.812012 -0.685547 0.800000 0.800000 0.800000 #0.000000
v 1.796143 1.949951 -0.636719 0.800000 0.800000 0.800000 #0.000000
v 1.687256 1.812012 -0.685547 0.800000 0.800000 0.800000 #0.000000
v 1.775391 1.961670 -0.647461 0.800000 0.800000 0.800000 #0.000000
v 1.796143 1.949951 -0.636719 0.800000 0.800000 0.800000 #0.000000
v 1.775391 1.961670 -0.647461 0.800000 0.800000 0.800000 #0.000000
v 1.888672 1.985352 -0.613037 0.800000 0.800000 0.800000 #0.000000
v 1.708740 1.797852 -0.689209 0.800000 0.800000 0.800000 #0.000000
v 1.686523 1.670898 -0.676514 0.800000 0.800000 0.800000 #0.000000
v 1.687256 1.812012 -0.685547 0.800000 0.800000 0.800000 #0.000000
v 0.017334 0.794922 -1.068848 0.800000 0.800000 0.800000 #0.000000
v 0.019043 1.068359 -0.870361 0.800000 0.800000 0.800000 #0.000000
v -0.340088 1.083740 -1.041260 0.800000 0.800000 0.800000 #0.000000
v -0.340088 1.083740 -1.041260 0.800000 0.800000 0.800000 #0.000000
v -0.204590 0.804443 -1.174316 0.800000 0.800000 0.800000 #0.000000
v 0.017334 0.794922 -1.068848 0.800000 0.800000 0.800000 #0.000000
v 0.248779 0.784912 -1.151367 0.800000 0.800000 0.800000 #0.000000
v 0.393555 1.052246 -1.003906 0.800000 0.800000 0.800000 #0.000000
v 0.019043 1.068359 -0.870361 0.800000 0.800000 0.800000 #0.000000
v 0.019043 1.068359 -0.870361 0.800000 0.800000 0.800000 #0.000000
v 0.017334 0.794922 -1.068848 0.800000 0.800000 0.800000 #0.000000
v 0.248779 0.784912 -1.151367 0.800000 0.800000 0.800000 #0.000000
v 0.354248 0.780518 -1.373535 0.800000 0.800000 0.800000 #0.000000
v 0.564209 1.044922 -1.363525 0.800000 0.800000 0.800000 #0.000000
v 0.393555 1.052246 -1.003906 0.800000 0.800000 0.800000 #0.000000
v 0.393555 1.052246 -1.003906 0.800000 0.800000 0.800000 #0.000000
v 0.248779 0.784912 -1.151367 0.800000 0.800000 0.800000 #0.000000
v 0.354248 0.780518 -1.373535 0.800000 0.800000 0.800000 #0.000000
v 0.271973 0.783936 -1.605225 0.800000 0.800000 0.800000 #0.000000
v 0.430908 1.050781 -1.738525 0.800000 0.800000 0.800000 #0.000000
v 0.564209 1.044922 -1.363525 0.800000 0.800000 0.800000 #0.000000
v 0.564209 1.044922 -1.363525 0.800000 0.800000 0.800000 #0.000000
v 0.354248 0.780518 -1.373535 0.800000 0.800000 0.800000 #0.000000
v 0.271973 0.783936 -1.605225 0.800000 0.800000 0.800000 #0.000000
v 0.049805 0.793457 -1.710938 0.800000 0.800000 0.800000 #0.000000
v 0.071777 1.066162 -1.909424 0.800000 0.800000 0.800000 #0.000000
v 0.430908 1.050781 -1.738525 0.800000 0.800000 0.800000 #0.000000
v 0.430908 1.050781 -1.738525 0.800000 0.800000 0.800000 #0.000000
v 0.271973 0.783936 -1.605225 0.800000 0.800000 0.800000 #0.000000
v 0.049805 0.793457 -1.710938 0.800000 0.800000 0.800000 #0.000000
v -0.181396 0.803467 -1.628418 0.800000 0.800000 0.800000 #0.000000
v -0.302734 1.082275 -1.775879 0.800000 0.800000 0.800000 #0.000000
v 0.071777 1.066162 -1.909424 0.800000 0.800000 0.800000 #0.000000
v 0.071777 1.066162 -1.909424 0.800000 0.800000 0.800000 #0.000000
v 0.049805 0.793457 -1.710938 0.800000 0.800000 0.800000 #0.000000
v -0.181396 0.803467 -1.628418 0.800000 0.800000 0.800000 #0.000000
v -0.286865 0.807861 -1.406250 0.800000 0.800000 0.800000 #0.000000
v -0.473389 1.089600 -1.416260 0.800000 0.800000 0.800000 #0.000000
v -0.302734 1.082275 -1.775879 0.800000 0.800000 0.800000 #0.000000
v -0.302734 1.082275 -1.775879 0.800000 0.800000 0.800000 #0.000000
v -0.181396 0.803467 -1.628418 0.800000 0.800000 0.800000 #0.000000
v -0.286865 0.807861 -1.406250 0.800000 0.800000 0.800000 #0.000000
v -0.204590 0.804443 -1.174316 0.800000 0.800000 0.800000 #0.000000
v -0.340088 1.083740 -1.041260 0.800000 0.800000 0.800000 #0.000000
v -0.473389 1.089600 -1.416260 0.800000 0.800000 0.800000 #0.000000
v -0.473389 1.089600 -1.416260 0.800000 0.800000 0.800000 #0.000000
v -0.286865 0.807861 -1.406250 0.800000 0.800000 0.800000 #0.000000
v -0.204590 0.804443 -1.174316 0.800000 0.800000 0.800000 #0.000000
v -0.325684 1.421387 -1.041260 0.800000 0.800000 0.800000 #0.000000
v -0.340088 1.083740 -1.041260 0.800000 0.800000 0.800000 #0.000000
v 0.019043 1.068359 -0.870361 0.800000 0.800000 0.800000 #0.000000
v -0.325684 1.421387 -1.041260 0.800000 0.800000 0.800000 #0.000000
v 0.019043 1.068359 -0.870361 0.800000 0.800000 0.800000 #0.000000
v 0.033447 1.405762 -0.870361 0.800000 0.800000 0.800000 #0.000000
v 0.033447 1.405762 -0.870361 0.800000 0.800000 0.800000 #0.000000
v 0.019043 1.068359 -0.870361 0.800000 0.800000 0.800000 #0.000000
v 0.393555 1.052246 -1.003906 0.800000 0.800000 0.800000 #0.000000
v 0.033447 1.405762 -0.870361 0.800000 0.800000 0.800000 #0.000000
v 0.393555 1.052246 -1.003906 0.800000 0.800000 0.800000 #0.000000
v 0.408203 1.389648 -1.003906 0.800000 0.800000 0.800000 #0.000000
v 0.408203 1.389648 -1.003906 0.800000 0.800000 0.800000 #0.000000
v 0.393555 1.052246 -1.003906 0.800000 0.800000 0.800000 #0.000000
v 0.564209 1.044922 -1.363525 0.800000 0.800000 0.800000 #0.000000
v 0.408203 1.389648 -1.003906 0.800000 0.800000 0.800000 #0.000000
v 0.564209 1.044922 -1.363525 0.800000 0.800000 0.800000 #0.000000
v 0.578857 1.382324 -1.363525 0.800000 0.800000 0.800000 #0.000000
v 0.578857 1.382324 -1.363525 0.800000 0.800000 0.800000 #0.000000
v 0.564209 1.044922 -1.363525 0.800000 0.800000 0.800000 #0.000000
v 0.430908 1.050781 -1.738525 0.800000 0.800000 0.800000 #0.000000
v 0.578857 1.382324 -1.363525 0.800000 0.800000 0.800000 #0.000000
v 0.430908 1.050781 -1.738525 0.800000 0.800000 0.800000 #0.000000
v 0.445557 1.388184 -1.738525 0.800000 0.800000 0.800000 #0.000000
v 0.445557 1.388184 -1.738525 0.800000 0.800000 0.800000 #0.000000
v 0.430908 1.050781 -1.738525 0.800000 0.800000 0.800000 #0.000000
v 0.071777 1.066162 -1.909424 0.800000 0.800000 0.800000 #0.000000
v 0.445557 1.388184 -1.738525 0.800000 0.800000 0.800000 #0.000000
v 0.071777 1.066162 -1.909424 0.800000 0.800000 0.800000 #0.000000
v 0.086182 1.403564 -1.909424 0.800000 0.800000 0.800000 #0.000000
v 0.086182 1.403564 -1.909424 0.800000 0.800000 0.800000 #0.000000
v 0.071777 1.066162 -1.909424 0.800000 0.800000 0.800000 #0.000000
v -0.302734 1.082275 -1.775879 0.800000 0.800000 0.800000 #0.000000
v 0.086182 1.403564 -1.909424 0.800000 0.800000 0.800000 #0.000000
v -0.302734 1.082275 -1.775879 0.800000 0.800000 0.800000 #0.000000
v -0.288330 1.419678 -1.775879 0.800000 0.800000 0.800000 #0.000000
v -0.288330 1.419678 -1.775879 0.800000 0.800000 0.800000 #0.000000
v -0.302734 1.082275 -1.775879 0.800000 0.800000 0.800000 #0.000000
v -0.473389 1.089600 -1.416260 0.800000 0.800000 0.800000 #0.000000
v -0.288330 1.419678 -1.775879 0.800000 0.800000 0.800000 #0.000000
v -0.473389 1.089600 -1.416260 0.800000 0.800000 0.800000 #0.000000
v -0.458984 1.427002 -1.416260 0.800000 0.800000 0.800000 #0.000000
v -0.458984 1.427002 -1.416260 0.800000 0.800000 0.800000 #0.000000
v -0.473389 1.089600 -1.416260 0.800000 0.800000 0.800000 #0.000000
v -0.340088 1.083740 -1.041260 0.800000 0.800000 0.800000 #0.000000
v -0.458984 1.427002 -1.416260 0.800000 0.800000 0.800000 #0.000000
v -0.340088 1.083740 -1.041260 0.800000 0.800000 0.800000 #0.000000
v -0.325684 1.421387 -1.041260 0.800000 0.800000 0.800000 #0.000000
v -0.166504 1.687988 -1.174316 0.800000 0.800000 0.800000 #0.000000
v -0.325684 1.421387 -1.041260 0.800000 0.800000 0.800000 #0.000000
v 0.033447 1.405762 -0.870361 0.800000 0.800000 0.800000 #0.000000
v -0.166504 1.687988 -1.174316 0.800000 0.800000 0.800000 #0.000000
v 0.033447 1.405762 -0.870361 0.800000 0.800000 0.800000 #0.000000
v 0.055176 1.678467 -1.068848 0.800000 0.800000 0.800000 #0.000000
v 0.055176 1.678467 -1.068848 0.800000 0.800000 0.800000 #0.000000
v 0.033447 1.405762 -0.870361 0.800000 0.800000 0.800000 #0.000000
v 0.408203 1.389648 -1.003906 0.800000 0.800000 0.800000 #0.000000
v 0.055176 1.678467 -1.068848 0.800000 0.800000 0.800000 #0.000000
v 0.408203 1.389648 -1.003906 0.800000 0.800000 0.800000 #0.000000
v 0.286865 1.668457 -1.151367 0.800000 0.800000 0.800000 #0.000000
v 0.286865 1.668457 -1.151367 0.800000 0.800000 0.800000 #0.000000
v 0.408203 1.389648 -1.003906 0.800000 0.800000 0.800000 #0.000000
v 0.578857 1.382324 -1.363525 0.800000 0.800000 0.800000 #0.000000
v 0.286865 1.668457 -1.151367 0.800000 0.800000 0.800000 #0.000000
v 0.578857 1.382324 -1.363525 0.800000 0.800000 0.800000 #0.000000
v 0.392334 1.664063 -1.373535 0.800000 0.800000 0.800000 #0.000000
v 0.392334 1.664063 -1.373535 0.800000 0.800000 0.800000 #0.000000
v 0.578857 1.382324 -1.363525 0.800000 0.800000 0.800000 #0.000000
v 0.445557 1.388184 -1.738525 0.800000 0.800000 0.800000 #0.000000
v 0.392334 1.664063 -1.373535 0.800000 0.800000 0.800000 #0.000000
v 0.445557 1.388184 -1.738525 0.800000 0.800000 0.800000 #0.000000
v 0.309814 1.667480 -1.605225 0.800000 0.800000 0.800000 #0.000000
v 0.309814 1.667480 -1.605225 0.800000 0.800000 0.800000 #0.000000
v 0.445557 1.388184 -1.738525 0.800000 0.800000 0.800000 #0.000000
v 0.086182 1.403564 -1.909424 0.800000 0.800000 0.800000 #0.000000
v 0.309814 1.667480 -1.605225 0.800000 0.800000 0.800000 #0.000000
v 0.086182 1.403564 -1.909424 0.800000 0.800000 0.800000 #0.000000
v 0.087891 1.677002 -1.710938 0.800000 0.800000 0.800000 #0.000000
v 0.087891 1.677002 -1.710938 0.800000 0.800000 0.800000 #0.000000
v 0.086182 1.403564 -1.909424 0.800000 0.800000 0.800000 #0.000000
v -0.288330 1.419678 -1.775879 0.800000 0.800000 0.800000 #0.000000
v 0.087891 1.677002 -1.710938 0.800000 0.800000 0.800000 #0.000000
v -0.288330 1.419678 -1.775879 0.800000 0.800000 0.800000 #0.000000
v -0.143555 1.687012 -1.628418 0.800000 0.800000 0.800000 #0.000000
v -0.143555 1.687012 -1.628418 0.800000 0.800000 0.800000 #0.000000
v -0.288330 1.419678 -1.775879 0.800000 0.800000 0.800000 #0.000000
v -0.458984 1.427002 -1.416260 0.800000 0.800000 0.800000 #0.000000
v -0.143555 1.687012 -1.628418 0.800000 0.800000 0.800000 #0.000000
v -0.458984 1.427002 -1.416260 0.800000 0.800000 0.800000 #0.000000
v -0.249023 1.691406 -1.406250 0.800000 0.800000 0.800000 #0.000000
v -0.249023 1.691406 -1.406250 0.800000 0.800000 0.800000 #0.000000
v -0.458984 1.427002 -1.416260 0.800000 0.800000 0.800000 #0.000000
v -0.325684 1.421387 -1.041260 0.800000 0.800000 0.800000 #0.000000
v -0.249023 1.691406 -1.406250 0.800000 0.800000 0.800000 #0.000000
v -0.325684 1.421387 -1.041260 0.800000 0.800000 0.800000 #0.000000
v -0.166504 1.687988 -1.174316 0.800000 0.800000 0.800000 #0.000000
v 0.029053 0.689941 -1.389893 0.800000 0.800000 0.800000 #0.000000
v 0.017334 0.794922 -1.068848 0.800000 0.800000 0.800000 #0.000000
v -0.204590 0.804443 -1.174316 0.800000 0.800000 0.800000 #0.000000
v 0.029053 0.689941 -1.389893 0.800000 0.800000 0.800000 #0.000000
v 0.248779 0.784912 -1.151367 0.800000 0.800000 0.800000 #0.000000
v 0.017334 0.794922 -1.068848 0.800000 0.800000 0.800000 #0.000000
v 0.029053 0.689941 -1.389893 0.800000 0.800000 0.800000 #0.000000
v 0.354248 0.780518 -1.373535 0.800000 0.800000 0.800000 #0.000000
v 0.248779 0.784912 -1.151367 0.800000 0.800000 0.800000 #0.000000
v 0.029053 0.689941 -1.389893 0.800000 0.800000 0.800000 #0.000000
v 0.271973 0.783936 -1.605225 0.800000 0.800000 0.800000 #0.000000
v 0.354248 0.780518 -1.373535 0.800000 0.800000 0.800000 #0.000000
v 0.029053 0.689941 -1.389893 0.800000 0.800000 0.800000 #0.000000
v 0.049805 0.793457 -1.710938 0.800000 0.800000 0.800000 #0.000000
v 0.271973 0.783936 -1.605225 0.800000 0.800000 0.800000 #0.000000
v 0.029053 0.689941 -1.389893 0.800000 0.800000 0.800000 #0.000000
v -0.181396 0.803467 -1.628418 0.800000 0.800000 0.800000 #0.000000
v 0.049805 0.793457 -1.710938 0.800000 0.800000 0.800000 #0.000000
v 0.029053 0.689941 -1.389893 0.800000 0.800000 0.800000 #0.000000
v -0.286865 0.807861 -1.406250 0.800000 0.800000 0.800000 #0.000000
v -0.181396 0.803467 -1.628418 0.800000 0.800000 0.800000 #0.000000
v 0.029053 0.689941 -1.389893 0.800000 0.800000 0.800000 #0.000000
v -0.204590 0.804443 -1.174316 0.800000 0.800000 0.800000 #0.000000
v -0.286865 0.807861 -1.406250 0.800000 0.800000 0.800000 #0.000000
v 0.075928 1.781982 -1.389893 0.800000 0.800000 0.800000 #0.000000
v -0.166504 1.687988 -1.174316 0.800000 0.800000 0.800000 #0.000000
v 0.055176 1.678467 -1.068848 0.800000 0.800000 0.800000 #0.000000
v 0.075928 1.781982 -1.389893 0.800000 0.800000 0.800000 #0.000000
v 0.055176 1.678467 -1.068848 0.800000 0.800000 0.800000 #0.000000
v 0.286865 1.668457 -1.151367 0.800000 0.800000 0.800000 #0.000000
v 0.075928 1.781982 -1.389893 0.800000 0.800000 0.800000 #0.000000
v 0.286865 1.668457 -1.151367 0.800000 0.800000 0.800000 #0.000000
v 0.392334 1.664063 -1.373535 0.800000 0.800000 0.800000 #0.000000
v 0.075928 1.781982 -1.389893 0.800000 0.800000 0.800000 #0.000000
v 0.392334 1.664063 -1.373535 0.800000 0.800000 0.800000 #0.000000
v 0.309814 1.667480 -1.605225 0.800000 0.800000 0.800000 #0.000000
v 0.075928 1.781982 -1.389893 0.800000 0.800000 0.800000 #0.000000
v 0.309814 1.667480 -1.605225 0.800000 0.800000 0.800000 #0.000000
v 0.087891 1.677002 -1.710938 0.800000 0.800000 0.800000 #0.000000
v 0.075928 1.781982 -1.389893 0.800000 0.800000 0.800000 #0.000000
v 0.087891 1.677002 -1.710938 0.800000 0.800000 0.800000 #0.000000
v -0.143555 1.687012 -1.628418 0.800000 0.800000 0.800000 #0.000000
v 0.075928 1.781982 -1.389893 0.800000 0.800000 0.800000 #0.000000
v -0.143555 1.687012 -1.628418 0.800000 0.800000 0.800000 #0.000000
v -0.249023 1.691406 -1.406250 0.800000 0.800000 0.800000 #0.000000
v 0.075928 1.781982 -1.389893 0.800000 0.800000 0.800000 #0.000000
v -0.249023 1.691406 -1.406250 0.800000 0.800000 0.800000 #0.000000
v -0.166504 1.687988 -1.174316 0.800000 0.800000 0.800000 #0.000000
vt 0.038574 0.326660 0.000000
vt 0.037842 0.335449 0.000000
vt 0.031738 0.328857 0.000000
vt 0.031738 0.328857 0.000000
vt 0.032227 0.322998 0.000000
vt 0.038574 0.326660 0.000000
vt 0.033936 0.320557 0.000000
vt 0.031738 0.328857 0.000000
vt 0.037842 0.335449 0.000000
vt 0.033936 0.320557 0.000000
vt 0.037842 0.335449 0.000000
vt 0.036377 0.327881 0.000000
vt 0.036377 0.327881 0.000000
vt 0.038818 0.310303 0.000000
vt 0.033691 0.309082 0.000000
vt 0.033691 0.309082 0.000000
vt 0.033936 0.320557 0.000000
vt 0.036377 0.327881 0.000000
vt 0.038818 0.311035 0.000000
vt 0.038574 0.326660 0.000000
vt 0.032227 0.322998 0.000000
vt 0.032227 0.322998 0.000000
vt 0.033203 0.308594 0.000000
vt 0.038818 0.311035 0.000000
vt 0.042725 0.326904 0.000000
vt 0.037842 0.335449 0.000000
vt 0.038574 0.326660 0.000000
vt 0.042725 0.326904 0.000000
vt 0.038574 0.326660 0.000000
vt 0.042480 0.321045 0.000000
vt 0.038818 0.310303 0.000000
vt 0.036377 0.327881 0.000000
vt 0.043945 0.321045 0.000000
vt 0.038818 0.310303 0.000000
vt 0.043945 0.321045 0.000000
vt 0.042480 0.307373 0.000000
vt 0.042480 0.321045 0.000000
vt 0.038574 0.326660 0.000000
vt 0.038818 0.311035 0.000000
vt 0.042480 0.321045 0.000000
vt 0.038818 0.311035 0.000000
vt 0.042480 0.307373 0.000000
vt 0.036377 0.327881 0.000000
vt 0.037842 0.335449 0.000000
vt 0.039551 0.333740 0.000000
vt 0.042725 0.326904 0.000000
vt 0.043945 0.321045 0.000000
vt 0.041992 0.332275 0.000000
vt 0.037842 0.335449 0.000000
vt 0.042725 0.326904 0.000000
vt 0.041992 0.332275 0.000000
vt 0.037842 0.335449 0.000000
vt 0.041992 0.332275 0.000000
vt 0.039551 0.333740 0.000000
vt 0.052246 0.307373 0.000000
vt 0.046875 0.326660 0.000000
vt 0.950439 0.326660 0.000000
vt 0.052246 0.307373 0.000000
vt 0.950439 0.326660 0.000000
vt 0.937988 0.315430 0.000000
vt 0.945801 0.313721 0.000000
vt 0.052246 0.307373 0.000000
vt 0.937988 0.315430 0.000000
vt 0.051025 0.318115 0.000000
vt 0.053955 0.312012 0.000000
vt 0.953125 0.317139 0.000000
vt 0.051025 0.318115 0.000000
vt 0.953125 0.317139 0.000000
vt 0.955811 0.321777 0.000000
vt 0.046875 0.326660 0.000000
vt 0.051025 0.318115 0.000000
vt 0.955811 0.321777 0.000000
vt 0.046875 0.326660 0.000000
vt 0.955811 0.321777 0.000000
vt 0.950439 0.326660 0.000000
vt 0.028320 0.314941 0.000000
vt 0.027344 0.315186 0.000000
vt 0.028320 0.303711 0.000000
vt 0.028320 0.303711 0.000000
vt 0.029053 0.304688 0.000000
vt 0.028320 0.314941 0.000000
vt 0.028320 0.319580 0.000000
vt 0.027588 0.320313 0.000000
vt 0.027344 0.315186 0.000000
vt 0.027344 0.315186 0.000000
vt 0.028320 0.314941 0.000000
vt 0.028320 0.319580 0.000000
vt 0.028564 0.316406 0.000000
vt 0.027588 0.320313 0.000000
vt 0.028320 0.319580 0.000000
vt 0.028564 0.316406 0.000000
vt 0.028320 0.319580 0.000000
vt 0.029053 0.315918 0.000000
vt 0.030273 0.305908 0.000000
vt 0.029785 0.305420 0.000000
vt 0.028564 0.316406 0.000000
vt 0.028564 0.316406 0.000000
vt 0.029053 0.315918 0.000000
vt 0.030273 0.305908 0.000000
vt 0.025391 0.300537 0.000000
vt 0.028320 0.303711 0.000000
vt 0.027344 0.315186 0.000000
vt 0.025391 0.300537 0.000000
vt 0.027344 0.315186 0.000000
vt 0.024658 0.311768 0.000000
vt 0.027344 0.315186 0.000000
vt 0.027588 0.320313 0.000000
vt 0.024902 0.316895 0.000000
vt 0.024658 0.311768 0.000000
vt 0.027344 0.315186 0.000000
vt 0.024902 0.316895 0.000000
vt 0.488770 0.958008 0.000000
vt 0.386963 0.979248 0.000000
vt 0.384277 0.560303 0.000000
vt 0.485352 0.582520 0.000000
vt 0.488770 0.958008 0.000000
vt 0.384277 0.560303 0.000000
vt 0.384277 0.560303 0.000000
vt 0.386963 0.979248 0.000000
vt 0.001953 0.994873 0.000000
vt 0.384277 0.560303 0.000000
vt 0.001953 0.994873 0.000000
vt 0.004395 0.559570 0.000000
vt 0.024414 0.299316 0.000000
vt 0.024658 0.299805 0.000000
vt 0.024170 0.309326 0.000000
vt 0.024414 0.299316 0.000000
vt 0.024170 0.309326 0.000000
vt 0.024414 0.313721 0.000000
vt 0.024414 0.299316 0.000000
vt 0.025146 0.310547 0.000000
vt 0.026123 0.301514 0.000000
vt 0.029053 0.315918 0.000000
vt 0.031738 0.313477 0.000000
vt 0.031494 0.307129 0.000000
vt 0.031494 0.307129 0.000000
vt 0.030273 0.305908 0.000000
vt 0.029053 0.315918 0.000000
vt 0.028320 0.314941 0.000000
vt 0.032227 0.322998 0.000000
vt 0.031738 0.328857 0.000000
vt 0.031738 0.328857 0.000000
vt 0.028320 0.319580 0.000000
vt 0.028320 0.314941 0.000000
vt 0.029053 0.304688 0.000000
vt 0.033203 0.308594 0.000000
vt 0.032227 0.322998 0.000000
vt 0.032227 0.322998 0.000000
vt 0.028320 0.314941 0.000000
vt 0.029053 0.304688 0.000000
vt 0.548828 0.319092 0.000000
vt 0.361572 0.268799 0.000000
vt 0.361816 0.356934 0.000000
vt 0.024170 0.306641 0.000000
vt 0.025146 0.310547 0.000000
vt 0.024414 0.299316 0.000000
vt 0.024170 0.306641 0.000000
vt 0.024414 0.299316 0.000000
vt 0.024414 0.313721 0.000000
vt 0.976563 0.107178 0.000000
vt 0.083984 0.129883 0.000000
vt 0.195068 0.204102 0.000000
vt 0.976563 0.107178 0.000000
vt 0.158447 0.030273 0.000000
vt 0.083984 0.129883 0.000000
vt 0.029053 0.326416 0.000000
vt 0.029053 0.315918 0.000000
vt 0.028320 0.319580 0.000000
vt 0.028320 0.319580 0.000000
vt 0.031738 0.328857 0.000000
vt 0.031250 0.331299 0.000000
vt 0.029053 0.326416 0.000000
vt 0.028320 0.319580 0.000000
vt 0.031250 0.331299 0.000000
vt 0.031250 0.331299 0.000000
vt 0.031738 0.328857 0.000000
vt 0.033936 0.320557 0.000000
vt 0.904785 0.188965 0.000000
vt 0.065674 0.179199 0.000000
vt 0.067383 0.184814 0.000000
vt 0.915039 0.193359 0.000000
vt 0.072266 0.209473 0.000000
vt 0.933105 0.207275 0.000000
vt 0.933105 0.207275 0.000000
vt 0.072266 0.209473 0.000000
vt 0.070313 0.220459 0.000000
vt 0.933105 0.207275 0.000000
vt 0.070313 0.220459 0.000000
vt 0.952393 0.218262 0.000000
vt 0.952393 0.218262 0.000000
vt 0.070313 0.220459 0.000000
vt 0.063477 0.195557 0.000000
vt 0.952393 0.218262 0.000000
vt 0.063477 0.195557 0.000000
vt 0.917480 0.195801 0.000000
vt 0.904785 0.188965 0.000000
vt 0.067383 0.184814 0.000000
vt 0.915039 0.193359 0.000000
vt 0.915039 0.193359 0.000000
vt 0.067383 0.184814 0.000000
vt 0.072266 0.209473 0.000000
vt 0.969482 0.352295 0.000000
vt 0.970215 0.332275 0.000000
vt 0.968994 0.339844 0.000000
vt 0.969482 0.352295 0.000000
vt 0.968994 0.339844 0.000000
vt 0.968750 0.350342 0.000000
vt 0.971680 0.336426 0.000000
vt 0.970215 0.332275 0.000000
vt 0.969482 0.352295 0.000000
vt 0.971680 0.336426 0.000000
vt 0.969482 0.352295 0.000000
vt 0.970459 0.354248 0.000000
vt 0.971924 0.340332 0.000000
vt 0.971680 0.336426 0.000000
vt 0.970459 0.354248 0.000000
vt 0.971924 0.340332 0.000000
vt 0.970459 0.354248 0.000000
vt 0.970703 0.351318 0.000000
vt 0.970459 0.342529 0.000000
vt 0.971924 0.340332 0.000000
vt 0.970703 0.351318 0.000000
vt 0.970459 0.342529 0.000000
vt 0.970703 0.351318 0.000000
vt 0.969482 0.347900 0.000000
vt 0.033203 0.320557 0.000000
vt 0.031250 0.317627 0.000000
vt 0.032471 0.316406 0.000000
vt 0.033203 0.320557 0.000000
vt 0.032471 0.316406 0.000000
vt 0.033691 0.320313 0.000000
vt 0.053955 0.312012 0.000000
vt 0.945801 0.313721 0.000000
vt 0.953125 0.317139 0.000000
vt 0.053955 0.312012 0.000000
vt 0.052246 0.307373 0.000000
vt 0.945801 0.313721 0.000000
vt 0.963379 0.352295 0.000000
vt 0.962402 0.345703 0.000000
vt 0.965576 0.342773 0.000000
vt 0.963379 0.352295 0.000000
vt 0.965576 0.342773 0.000000
vt 0.965088 0.352051 0.000000
vt 0.962646 0.354492 0.000000
vt 0.961670 0.344238 0.000000
vt 0.962402 0.345703 0.000000
vt 0.962646 0.354492 0.000000
vt 0.962402 0.345703 0.000000
vt 0.963379 0.352295 0.000000
vt 0.962891 0.355957 0.000000
vt 0.962891 0.342529 0.000000
vt 0.961670 0.344238 0.000000
vt 0.962891 0.355957 0.000000
vt 0.961670 0.344238 0.000000
vt 0.962646 0.354492 0.000000
vt 0.964111 0.341797 0.000000
vt 0.962891 0.342529 0.000000
vt 0.962891 0.355957 0.000000
vt 0.964111 0.341797 0.000000
vt 0.962891 0.355957 0.000000
vt 0.964111 0.353271 0.000000
vt 0.965576 0.342773 0.000000
vt 0.964111 0.341797 0.000000
vt 0.964111 0.353271 0.000000
vt 0.965576 0.342773 0.000000
vt 0.964111 0.353271 0.000000
vt 0.965088 0.352051 0.000000
vt 0.031738 0.313477 0.000000
vt 0.033936 0.320557 0.000000
vt 0.033691 0.309082 0.000000
vt 0.033691 0.309082 0.000000
vt 0.031494 0.307129 0.000000
vt 0.031738 0.313477 0.000000
vt 0.065674 0.179199 0.000000
vt 0.904785 0.188965 0.000000
vt 0.917480 0.195801 0.000000
vt 0.917480 0.195801 0.000000
vt 0.063477 0.195557 0.000000
vt 0.065674 0.179199 0.000000
vt 0.968750 0.350342 0.000000
vt 0.969482 0.347900 0.000000
vt 0.968506 0.355713 0.000000
vt 0.968750 0.350342 0.000000
vt 0.968506 0.355713 0.000000
vt 0.967773 0.358398 0.000000
vt 0.968506 0.360107 0.000000
vt 0.969482 0.352295 0.000000
vt 0.968750 0.350342 0.000000
vt 0.968506 0.360107 0.000000
vt 0.968750 0.350342 0.000000
vt 0.967773 0.358398 0.000000
vt 0.970459 0.354248 0.000000
vt 0.969482 0.352295 0.000000
vt 0.968506 0.360107 0.000000
vt 0.968506 0.360107 0.000000
vt 0.969482 0.362305 0.000000
vt 0.970459 0.354248 0.000000
vt 0.969727 0.359375 0.000000
vt 0.968506 0.355713 0.000000
vt 0.969482 0.347900 0.000000
vt 0.969727 0.359375 0.000000
vt 0.969482 0.347900 0.000000
vt 0.970703 0.351318 0.000000
vt 0.969482 0.362305 0.000000
vt 0.969727 0.359375 0.000000
vt 0.970703 0.351318 0.000000
vt 0.969482 0.362305 0.000000
vt 0.970703 0.351318 0.000000
vt 0.970459 0.354248 0.000000
vt 0.969727 0.359375 0.000000
vt 0.969482 0.362305 0.000000
vt 0.968506 0.361816 0.000000
vt 0.968506 0.355713 0.000000
vt 0.969727 0.359375 0.000000
vt 0.968506 0.361816 0.000000
vt 0.967773 0.358398 0.000000
vt 0.968506 0.355713 0.000000
vt 0.968506 0.361816 0.000000
vt 0.968506 0.360107 0.000000
vt 0.967773 0.358398 0.000000
vt 0.968506 0.361816 0.000000
vt 0.969482 0.362305 0.000000
vt 0.968506 0.360107 0.000000
vt 0.968506 0.361816 0.000000
vt 0.963379 0.352295 0.000000
vt 0.965088 0.352051 0.000000
vt 0.965332 0.360107 0.000000
vt 0.963379 0.352295 0.000000
vt 0.965332 0.360107 0.000000
vt 0.963867 0.358643 0.000000
vt 0.963135 0.362061 0.000000
vt 0.962646 0.354492 0.000000
vt 0.963379 0.352295 0.000000
vt 0.963135 0.362061 0.000000
vt 0.963379 0.352295 0.000000
vt 0.963867 0.358643 0.000000
vt 0.963623 0.365234 0.000000
vt 0.962891 0.355957 0.000000
vt 0.962646 0.354492 0.000000
vt 0.963623 0.365234 0.000000
vt 0.962646 0.354492 0.000000
vt 0.963135 0.362061 0.000000
vt 0.964600 0.363770 0.000000
vt 0.964111 0.353271 0.000000
vt 0.962891 0.355957 0.000000
vt 0.964600 0.363770 0.000000
vt 0.962891 0.355957 0.000000
vt 0.963623 0.365234 0.000000
vt 0.965088 0.352051 0.000000
vt 0.964111 0.353271 0.000000
vt 0.964600 0.363770 0.000000
vt 0.965088 0.352051 0.000000
vt 0.964600 0.363770 0.000000
vt 0.965332 0.360107 0.000000
vt 0.963867 0.358643 0.000000
vt 0.965332 0.360107 0.000000
vt 0.964111 0.364014 0.000000
vt 0.963135 0.362061 0.000000
vt 0.963867 0.358643 0.000000
vt 0.964111 0.364014 0.000000
vt 0.963623 0.365234 0.000000
vt 0.963135 0.362061 0.000000
vt 0.964111 0.364014 0.000000
vt 0.964600 0.363770 0.000000
vt 0.963623 0.365234 0.000000
vt 0.964111 0.364014 0.000000
vt 0.965332 0.360107 0.000000
vt 0.964600 0.363770 0.000000
vt 0.964111 0.364014 0.000000
vt 0.034668 0.288330 0.000000
vt 0.038574 0.284180 0.000000
vt 0.038818 0.291748 0.000000
vt 0.038818 0.291748 0.000000
vt 0.034180 0.294189 0.000000
vt 0.034668 0.288330 0.000000
vt 0.038574 0.284180 0.000000
vt 0.034668 0.288330 0.000000
vt 0.035400 0.299561 0.000000
vt 0.038574 0.284180 0.000000
vt 0.035400 0.299561 0.000000
vt 0.037598 0.293457 0.000000
vt 0.035400 0.299561 0.000000
vt 0.033691 0.309082 0.000000
vt 0.038818 0.310303 0.000000
vt 0.037598 0.293457 0.000000
vt 0.035400 0.299561 0.000000
vt 0.038818 0.310303 0.000000
vt 0.038818 0.291748 0.000000
vt 0.038818 0.311035 0.000000
vt 0.033203 0.308594 0.000000
vt 0.038818 0.291748 0.000000
vt 0.033203 0.308594 0.000000
vt 0.034180 0.294189 0.000000
vt 0.038818 0.291748 0.000000
vt 0.038574 0.284180 0.000000
vt 0.042725 0.292480 0.000000
vt 0.042236 0.293457 0.000000
vt 0.038818 0.291748 0.000000
vt 0.042725 0.292480 0.000000
vt 0.043457 0.293457 0.000000
vt 0.037598 0.293457 0.000000
vt 0.038818 0.310303 0.000000
vt 0.043457 0.293457 0.000000
vt 0.038818 0.310303 0.000000
vt 0.042480 0.307373 0.000000
vt 0.042480 0.307373 0.000000
vt 0.038818 0.311035 0.000000
vt 0.038818 0.291748 0.000000
vt 0.042480 0.307373 0.000000
vt 0.038818 0.291748 0.000000
vt 0.042236 0.293457 0.000000
vt 0.039063 0.281738 0.000000
vt 0.038574 0.284180 0.000000
vt 0.037598 0.293457 0.000000
vt 0.041748 0.283447 0.000000
vt 0.043457 0.293457 0.000000
vt 0.042725 0.292480 0.000000
vt 0.041748 0.283447 0.000000
vt 0.042725 0.292480 0.000000
vt 0.038574 0.284180 0.000000
vt 0.041748 0.283447 0.000000
vt 0.038574 0.284180 0.000000
vt 0.039063 0.281738 0.000000
vt 0.948486 0.325684 0.000000
vt 0.047119 0.323242 0.000000
vt 0.052002 0.308350 0.000000
vt 0.948486 0.325684 0.000000
vt 0.052002 0.308350 0.000000
vt 0.933594 0.316162 0.000000
vt 0.933594 0.316162 0.000000
vt 0.052002 0.308350 0.000000
vt 0.944092 0.314697 0.000000
vt 0.953857 0.318604 0.000000
vt 0.053955 0.312988 0.000000
vt 0.051025 0.319580 0.000000
vt 0.953857 0.318604 0.000000
vt 0.051025 0.319580 0.000000
vt 0.957520 0.323242 0.000000
vt 0.957520 0.323242 0.000000
vt 0.051025 0.319580 0.000000
vt 0.047119 0.323242 0.000000
vt 0.957520 0.323242 0.000000
vt 0.047119 0.323242 0.000000
vt 0.948486 0.325684 0.000000
vt 0.028320 0.303711 0.000000
vt 0.029297 0.292725 0.000000
vt 0.029785 0.294434 0.000000
vt 0.029785 0.294434 0.000000
vt 0.029053 0.304688 0.000000
vt 0.028320 0.303711 0.000000
vt 0.029297 0.292725 0.000000
vt 0.030029 0.288330 0.000000
vt 0.030518 0.290527 0.000000
vt 0.030518 0.290527 0.000000
vt 0.029785 0.294434 0.000000
vt 0.029297 0.292725 0.000000
vt 0.030518 0.290527 0.000000
vt 0.030029 0.288330 0.000000
vt 0.030273 0.293701 0.000000
vt 0.030762 0.295410 0.000000
vt 0.030518 0.290527 0.000000
vt 0.030273 0.293701 0.000000
vt 0.030273 0.293701 0.000000
vt 0.029785 0.305420 0.000000
vt 0.030273 0.305908 0.000000
vt 0.030273 0.305908 0.000000
vt 0.030762 0.295410 0.000000
vt 0.030273 0.293701 0.000000
vt 0.029297 0.292725 0.000000
vt 0.028320 0.303711 0.000000
vt 0.025391 0.300537 0.000000
vt 0.029297 0.292725 0.000000
vt 0.025391 0.300537 0.000000
vt 0.026611 0.290039 0.000000
vt 0.029297 0.292725 0.000000
vt 0.026611 0.290039 0.000000
vt 0.027588 0.286133 0.000000
vt 0.030029 0.288330 0.000000
vt 0.029297 0.292725 0.000000
vt 0.027588 0.286133 0.000000
vt 0.380127 0.582764 0.000000
vt 0.386230 0.998291 0.000000
vt 0.483887 0.973633 0.000000
vt 0.380127 0.582764 0.000000
vt 0.483887 0.973633 0.000000
vt 0.478271 0.610596 0.000000
vt 0.006592 1.000732 0.000000
vt 0.386230 0.998291 0.000000
vt 0.380127 0.582764 0.000000
vt 0.006592 1.000732 0.000000
vt 0.380127 0.582764 0.000000
vt 0.005127 0.558105 0.000000
vt 0.025635 0.290527 0.000000
vt 0.024658 0.299805 0.000000
vt 0.024414 0.299316 0.000000
vt 0.026367 0.287354 0.000000
vt 0.025635 0.290527 0.000000
vt 0.024414 0.299316 0.000000
vt 0.026123 0.301514 0.000000
vt 0.026611 0.291748 0.000000
vt 0.024414 0.299316 0.000000
vt 0.030762 0.295410 0.000000
vt 0.030273 0.305908 0.000000
vt 0.031494 0.307129 0.000000
vt 0.030762 0.295410 0.000000
vt 0.031494 0.307129 0.000000
vt 0.032715 0.302002 0.000000
vt 0.034668 0.288330 0.000000
vt 0.034180 0.294189 0.000000
vt 0.029785 0.294434 0.000000
vt 0.029785 0.294434 0.000000
vt 0.030518 0.290527 0.000000
vt 0.034668 0.288330 0.000000
vt 0.029785 0.294434 0.000000
vt 0.034180 0.294189 0.000000
vt 0.033203 0.308594 0.000000
vt 0.029053 0.304688 0.000000
vt 0.029785 0.294434 0.000000
vt 0.033203 0.308594 0.000000
vt 0.359131 0.356689 0.000000
vt 0.362061 0.268799 0.000000
vt 0.547363 0.319336 0.000000
vt 0.024414 0.299316 0.000000
vt 0.026611 0.291748 0.000000
vt 0.025391 0.292969 0.000000
vt 0.026367 0.287354 0.000000
vt 0.024414 0.299316 0.000000
vt 0.025391 0.292969 0.000000
vt 0.151123 0.013184 0.000000
vt 0.150391 0.115479 0.000000
vt 0.980225 0.108887 0.000000
vt 0.150391 0.115479 0.000000
vt 0.187744 0.201172 0.000000
vt 0.980225 0.108887 0.000000
vt 0.030518 0.290527 0.000000
vt 0.030762 0.295410 0.000000
vt 0.031982 0.285645 0.000000
vt 0.034668 0.285889 0.000000
vt 0.034668 0.288330 0.000000
vt 0.030518 0.290527 0.000000
vt 0.034668 0.285889 0.000000
vt 0.030518 0.290527 0.000000
vt 0.031982 0.285645 0.000000
vt 0.035400 0.299561 0.000000
vt 0.034668 0.288330 0.000000
vt 0.034668 0.285889 0.000000
vt 0.067383 0.202393 0.000000
vt 0.065430 0.217529 0.000000
vt 0.894775 0.205566 0.000000
vt 0.939209 0.186279 0.000000
vt 0.072021 0.179688 0.000000
vt 0.920654 0.195801 0.000000
vt 0.070068 0.180176 0.000000
vt 0.072021 0.179688 0.000000
vt 0.939209 0.186279 0.000000
vt 0.070068 0.180176 0.000000
vt 0.939209 0.186279 0.000000
vt 0.948730 0.183350 0.000000
vt 0.062256 0.211426 0.000000
vt 0.070068 0.180176 0.000000
vt 0.948730 0.183350 0.000000
vt 0.062256 0.211426 0.000000
vt 0.948730 0.183350 0.000000
vt 0.897705 0.206787 0.000000
vt 0.920654 0.195801 0.000000
vt 0.067383 0.202393 0.000000
vt 0.894775 0.205566 0.000000
vt 0.072021 0.179688 0.000000
vt 0.067383 0.202393 0.000000
vt 0.920654 0.195801 0.000000
vt 0.967773 0.333008 0.000000
vt 0.968262 0.354248 0.000000
vt 0.967773 0.355225 0.000000
vt 0.967773 0.355225 0.000000
vt 0.967773 0.344238 0.000000
vt 0.967773 0.333008 0.000000
vt 0.968262 0.354248 0.000000
vt 0.967773 0.333008 0.000000
vt 0.969482 0.335205 0.000000
vt 0.968262 0.354248 0.000000
vt 0.969482 0.335205 0.000000
vt 0.969482 0.354736 0.000000
vt 0.969482 0.354736 0.000000
vt 0.969482 0.335205 0.000000
vt 0.970459 0.339111 0.000000
vt 0.969482 0.354736 0.000000
vt 0.970459 0.339111 0.000000
vt 0.969727 0.352539 0.000000
vt 0.969727 0.352539 0.000000
vt 0.970459 0.339111 0.000000
vt 0.969238 0.344727 0.000000
vt 0.969727 0.352539 0.000000
vt 0.969238 0.344727 0.000000
vt 0.968750 0.351807 0.000000
vt 0.968750 0.351807 0.000000
vt 0.969238 0.344727 0.000000
vt 0.967773 0.344238 0.000000
vt 0.968750 0.351807 0.000000
vt 0.967773 0.344238 0.000000
vt 0.967773 0.355225 0.000000
vt 0.953857 0.318604 0.000000
vt 0.944092 0.314697 0.000000
vt 0.053955 0.312988 0.000000
vt 0.944092 0.314697 0.000000
vt 0.052002 0.308350 0.000000
vt 0.053955 0.312988 0.000000
vt 0.965332 0.343262 0.000000
vt 0.962402 0.346680 0.000000
vt 0.963623 0.353271 0.000000
vt 0.965332 0.352783 0.000000
vt 0.965332 0.343262 0.000000
vt 0.963623 0.353271 0.000000
vt 0.962402 0.346680 0.000000
vt 0.962158 0.344482 0.000000
vt 0.962891 0.355225 0.000000
vt 0.963623 0.353271 0.000000
vt 0.962402 0.346680 0.000000
vt 0.962891 0.355225 0.000000
vt 0.962158 0.344482 0.000000
vt 0.963135 0.342285 0.000000
vt 0.963379 0.356201 0.000000
vt 0.962891 0.355225 0.000000
vt 0.962158 0.344482 0.000000
vt 0.963379 0.356201 0.000000
vt 0.964600 0.353271 0.000000
vt 0.963379 0.356201 0.000000
vt 0.963135 0.342285 0.000000
vt 0.964600 0.353271 0.000000
vt 0.963135 0.342285 0.000000
vt 0.964600 0.341553 0.000000
vt 0.964600 0.353271 0.000000
vt 0.964600 0.341553 0.000000
vt 0.965332 0.343262 0.000000
vt 0.964600 0.353271 0.000000
vt 0.965332 0.343262 0.000000
vt 0.965332 0.352783 0.000000
vt 0.033691 0.309082 0.000000
vt 0.035400 0.299561 0.000000
vt 0.032715 0.302002 0.000000
vt 0.032715 0.302002 0.000000
vt 0.031494 0.307129 0.000000
vt 0.033691 0.309082 0.000000
vt 0.897705 0.206787 0.000000
vt 0.894775 0.205566 0.000000
vt 0.065430 0.217529 0.000000
vt 0.065430 0.217529 0.000000
vt 0.062256 0.211426 0.000000
vt 0.897705 0.206787 0.000000
vt 0.968506 0.362305 0.000000
vt 0.968750 0.351807 0.000000
vt 0.967773 0.355225 0.000000
vt 0.968506 0.362305 0.000000
vt 0.967773 0.355225 0.000000
vt 0.967529 0.365723 0.000000
vt 0.967773 0.355225 0.000000
vt 0.968262 0.354248 0.000000
vt 0.968018 0.365234 0.000000
vt 0.967529 0.365723 0.000000
vt 0.967773 0.355225 0.000000
vt 0.968018 0.365234 0.000000
vt 0.968018 0.365234 0.000000
vt 0.968262 0.354248 0.000000
vt 0.969482 0.354736 0.000000
vt 0.969482 0.354736 0.000000
vt 0.969238 0.365234 0.000000
vt 0.968018 0.365234 0.000000
vt 0.968750 0.351807 0.000000
vt 0.968506 0.362305 0.000000
vt 0.969727 0.363037 0.000000
vt 0.968750 0.351807 0.000000
vt 0.969727 0.363037 0.000000
vt 0.969727 0.352539 0.000000
vt 0.969727 0.352539 0.000000
vt 0.969727 0.363037 0.000000
vt 0.969238 0.365234 0.000000
vt 0.969727 0.352539 0.000000
vt 0.969238 0.365234 0.000000
vt 0.969482 0.354736 0.000000
vt 0.968506 0.367676 0.000000
vt 0.969238 0.365234 0.000000
vt 0.969727 0.363037 0.000000
vt 0.968506 0.367676 0.000000
vt 0.969727 0.363037 0.000000
vt 0.968506 0.362305 0.000000
vt 0.968506 0.367676 0.000000
vt 0.968506 0.362305 0.000000
vt 0.967529 0.365723 0.000000
vt 0.968506 0.367676 0.000000
vt 0.967529 0.365723 0.000000
vt 0.968018 0.365234 0.000000
vt 0.968506 0.367676 0.000000
vt 0.968018 0.365234 0.000000
vt 0.969238 0.365234 0.000000
vt 0.965332 0.352783 0.000000
vt 0.963623 0.353271 0.000000
vt 0.964111 0.360107 0.000000
vt 0.965576 0.361084 0.000000
vt 0.965332 0.352783 0.000000
vt 0.964111 0.360107 0.000000
vt 0.963623 0.353271 0.000000
vt 0.962891 0.355225 0.000000
vt 0.963379 0.363037 0.000000
vt 0.964111 0.360107 0.000000
vt 0.963623 0.353271 0.000000
vt 0.963379 0.363037 0.000000
vt 0.962891 0.355225 0.000000
vt 0.963379 0.356201 0.000000
vt 0.963867 0.365967 0.000000
vt 0.963379 0.363037 0.000000
vt 0.962891 0.355225 0.000000
vt 0.963867 0.365967 0.000000
vt 0.963379 0.356201 0.000000
vt 0.964600 0.353271 0.000000
vt 0.965088 0.364502 0.000000
vt 0.963867 0.365967 0.000000
vt 0.963379 0.356201 0.000000
vt 0.965088 0.364502 0.000000
vt 0.965088 0.364502 0.000000
vt 0.964600 0.353271 0.000000
vt 0.965332 0.352783 0.000000
vt 0.965088 0.364502 0.000000
vt 0.965332 0.352783 0.000000
vt 0.965576 0.361084 0.000000
vt 0.964355 0.365479 0.000000
vt 0.965576 0.361084 0.000000
vt 0.964111 0.360107 0.000000
vt 0.964355 0.365479 0.000000
vt 0.964111 0.360107 0.000000
vt 0.963379 0.363037 0.000000
vt 0.964355 0.365479 0.000000
vt 0.963379 0.363037 0.000000
vt 0.963867 0.365967 0.000000
vt 0.964355 0.365479 0.000000
vt 0.963867 0.365967 0.000000
vt 0.965088 0.364502 0.000000
vt 0.964355 0.365479 0.000000
vt 0.965088 0.364502 0.000000
vt 0.965576 0.361084 0.000000
vt 0.043457 0.302490 0.000000
vt 0.042236 0.293457 0.000000
vt 0.042725 0.292480 0.000000
vt 0.043701 0.302002 0.000000
vt 0.042725 0.292480 0.000000
vt 0.043457 0.293457 0.000000
vt 0.043457 0.293457 0.000000
vt 0.042480 0.307373 0.000000
vt 0.044434 0.308838 0.000000
vt 0.043701 0.302002 0.000000
vt 0.043457 0.293457 0.000000
vt 0.044434 0.308838 0.000000
vt 0.044434 0.308838 0.000000
vt 0.042480 0.307373 0.000000
vt 0.043945 0.321045 0.000000
vt 0.044678 0.313232 0.000000
vt 0.043945 0.321045 0.000000
vt 0.042725 0.326904 0.000000
vt 0.044678 0.313232 0.000000
vt 0.042725 0.326904 0.000000
vt 0.042480 0.321045 0.000000
vt 0.043945 0.309082 0.000000
vt 0.042480 0.321045 0.000000
vt 0.042480 0.307373 0.000000
vt 0.042480 0.307373 0.000000
vt 0.042236 0.293457 0.000000
vt 0.043457 0.302490 0.000000
vt 0.043945 0.309082 0.000000
vt 0.042480 0.307373 0.000000
vt 0.043457 0.302490 0.000000
vt 0.043457 0.302490 0.000000
vt 0.043701 0.302002 0.000000
vt 0.043945 0.302246 0.000000
vt 0.043213 0.303223 0.000000
vt 0.043457 0.302490 0.000000
vt 0.043945 0.302246 0.000000
vt 0.043945 0.302246 0.000000
vt 0.043701 0.302002 0.000000
vt 0.044434 0.308838 0.000000
vt 0.043945 0.302246 0.000000
vt 0.044434 0.308838 0.000000
vt 0.044922 0.307373 0.000000
vt 0.044922 0.307373 0.000000
vt 0.044434 0.308838 0.000000
vt 0.044678 0.313232 0.000000
vt 0.044922 0.307373 0.000000
vt 0.044678 0.313232 0.000000
vt 0.045410 0.310791 0.000000
vt 0.045410 0.310791 0.000000
vt 0.044678 0.313232 0.000000
vt 0.043945 0.309082 0.000000
vt 0.045410 0.310791 0.000000
vt 0.043945 0.309082 0.000000
vt 0.044189 0.307861 0.000000
vt 0.043213 0.303223 0.000000
vt 0.044189 0.307861 0.000000
vt 0.043945 0.309082 0.000000
vt 0.043213 0.303223 0.000000
vt 0.043945 0.309082 0.000000
vt 0.043457 0.302490 0.000000
vt 0.043701 0.302002 0.000000
vt 0.043457 0.302490 0.000000
vt 0.042725 0.292480 0.000000
vt 0.043945 0.309082 0.000000
vt 0.044678 0.313232 0.000000
vt 0.042480 0.321045 0.000000
vt 0.044678 0.313232 0.000000
vt 0.044434 0.308838 0.000000
vt 0.043945 0.321045 0.000000
vt 0.958496 0.306152 0.000000
vt 0.959229 0.288574 0.000000
vt 0.960693 0.293457 0.000000
vt 0.958496 0.306152 0.000000
vt 0.960693 0.293457 0.000000
vt 0.959961 0.309326 0.000000
vt 0.959961 0.309326 0.000000
vt 0.958740 0.313477 0.000000
vt 0.956787 0.308105 0.000000
vt 0.958496 0.306152 0.000000
vt 0.959961 0.309326 0.000000
vt 0.956787 0.308105 0.000000
vt 0.958740 0.313477 0.000000
vt 0.958496 0.302490 0.000000
vt 0.956055 0.294678 0.000000
vt 0.956787 0.308105 0.000000
vt 0.958740 0.313477 0.000000
vt 0.956055 0.294678 0.000000
vt 0.957764 0.283203 0.000000
vt 0.956055 0.294678 0.000000
vt 0.958496 0.302490 0.000000
vt 0.957764 0.283203 0.000000
vt 0.958496 0.302490 0.000000
vt 0.959473 0.290771 0.000000
vt 0.959229 0.288574 0.000000
vt 0.957764 0.283203 0.000000
vt 0.959473 0.290771 0.000000
vt 0.959229 0.288574 0.000000
vt 0.959473 0.290771 0.000000
vt 0.960693 0.293457 0.000000
vt 0.958252 0.301514 0.000000
vt 0.958252 0.281006 0.000000
vt 0.959229 0.288574 0.000000
vt 0.958252 0.301514 0.000000
vt 0.959229 0.288574 0.000000
vt 0.958496 0.306152 0.000000
vt 0.958496 0.306152 0.000000
vt 0.956787 0.308105 0.000000
vt 0.955811 0.304688 0.000000
vt 0.958252 0.301514 0.000000
vt 0.958496 0.306152 0.000000
vt 0.955811 0.304688 0.000000
vt 0.956787 0.308105 0.000000
vt 0.956055 0.294678 0.000000
vt 0.954590 0.289551 0.000000
vt 0.955811 0.304688 0.000000
vt 0.956787 0.308105 0.000000
vt 0.954590 0.289551 0.000000
vt 0.956055 0.275635 0.000000
vt 0.954590 0.289551 0.000000
vt 0.956055 0.294678 0.000000
vt 0.956055 0.275635 0.000000
vt 0.956055 0.294678 0.000000
vt 0.957764 0.283203 0.000000
vt 0.958252 0.281006 0.000000
vt 0.956055 0.275635 0.000000
vt 0.957764 0.283203 0.000000
vt 0.958252 0.281006 0.000000
vt 0.957764 0.283203 0.000000
vt 0.959229 0.288574 0.000000
vt 0.958496 0.274414 0.000000
vt 0.958252 0.275879 0.000000
vt 0.958496 0.297119 0.000000
vt 0.958496 0.274414 0.000000
vt 0.958496 0.297119 0.000000
vt 0.958252 0.288818 0.000000
vt 0.958252 0.288818 0.000000
vt 0.958496 0.297119 0.000000
vt 0.956055 0.301270 0.000000
vt 0.958252 0.288818 0.000000
vt 0.956055 0.301270 0.000000
vt 0.956787 0.290527 0.000000
vt 0.956787 0.290527 0.000000
vt 0.956055 0.301270 0.000000
vt 0.954590 0.286621 0.000000
vt 0.956787 0.290527 0.000000
vt 0.954590 0.286621 0.000000
vt 0.955811 0.279053 0.000000
vt 0.955811 0.279053 0.000000
vt 0.954590 0.286621 0.000000
vt 0.955811 0.271484 0.000000
vt 0.955811 0.279053 0.000000
vt 0.955811 0.271484 0.000000
vt 0.957031 0.269775 0.000000
vt 0.957031 0.269775 0.000000
vt 0.955811 0.271484 0.000000
vt 0.958252 0.275879 0.000000
vt 0.957031 0.269775 0.000000
vt 0.958252 0.275879 0.000000
vt 0.958496 0.274414 0.000000
vt 0.958008 0.278809 0.000000
vt 0.958496 0.274414 0.000000
vt 0.958252 0.288818 0.000000
vt 0.958008 0.278809 0.000000
vt 0.958252 0.288818 0.000000
vt 0.956787 0.290527 0.000000
vt 0.958008 0.278809 0.000000
vt 0.956787 0.290527 0.000000
vt 0.955811 0.279053 0.000000
vt 0.958008 0.278809 0.000000
vt 0.955811 0.279053 0.000000
vt 0.957031 0.269775 0.000000
vt 0.958008 0.278809 0.000000
vt 0.957031 0.269775 0.000000
vt 0.958496 0.274414 0.000000
vt 0.965576 0.348633 0.000000
vt 0.956787 0.346924 0.000000
vt 0.121826 0.350830 0.000000
vt 0.965576 0.348633 0.000000
vt 0.121826 0.350830 0.000000
vt 0.120117 0.353516 0.000000
vt 0.961670 0.355957 0.000000
vt 0.965576 0.348633 0.000000
vt 0.120117 0.353516 0.000000
vt 0.961670 0.355957 0.000000
vt 0.120117 0.353516 0.000000
vt 0.119141 0.358398 0.000000
vt 0.952148 0.358398 0.000000
vt 0.961670 0.355957 0.000000
vt 0.119141 0.358398 0.000000
vt 0.952148 0.358398 0.000000
vt 0.119141 0.358398 0.000000
vt 0.123291 0.358887 0.000000
vt 0.950195 0.352783 0.000000
vt 0.952148 0.358398 0.000000
vt 0.123291 0.358887 0.000000
vt 0.950195 0.352783 0.000000
vt 0.123291 0.358887 0.000000
vt 0.125732 0.354736 0.000000
vt 0.125732 0.354736 0.000000
vt 0.121826 0.350830 0.000000
vt 0.956787 0.346924 0.000000
vt 0.950195 0.352783 0.000000
vt 0.125732 0.354736 0.000000
vt 0.956787 0.346924 0.000000
vt 0.043945 0.302246 0.000000
vt 0.043945 0.302246 0.000000
vt 0.043213 0.303223 0.000000
vt 0.043213 0.303223 0.000000
vt 0.043213 0.303223 0.000000
vt 0.043945 0.302246 0.000000
vt 0.044922 0.307373 0.000000
vt 0.043945 0.302246 0.000000
vt 0.043945 0.302246 0.000000
vt 0.044922 0.307373 0.000000
vt 0.043945 0.302246 0.000000
vt 0.044922 0.307373 0.000000
vt 0.045410 0.310791 0.000000
vt 0.044922 0.307373 0.000000
vt 0.044922 0.307373 0.000000
vt 0.045410 0.310791 0.000000
vt 0.044922 0.307373 0.000000
vt 0.045410 0.310791 0.000000
vt 0.044189 0.307861 0.000000
vt 0.045410 0.310791 0.000000
vt 0.045410 0.310791 0.000000
vt 0.044189 0.307861 0.000000
vt 0.045410 0.310791 0.000000
vt 0.044189 0.307861 0.000000
vt 0.043213 0.303223 0.000000
vt 0.044189 0.307861 0.000000
vt 0.044189 0.307861 0.000000
vt 0.043213 0.303223 0.000000
vt 0.044189 0.307861 0.000000
vt 0.043213 0.303223 0.000000
vt 0.024658 0.299805 0.000000
vt 0.025391 0.300537 0.000000
vt 0.024658 0.311768 0.000000
vt 0.024658 0.299805 0.000000
vt 0.024658 0.311768 0.000000
vt 0.024170 0.309326 0.000000
vt 0.024658 0.311768 0.000000
vt 0.024902 0.316895 0.000000
vt 0.024414 0.313721 0.000000
vt 0.024170 0.309326 0.000000
vt 0.024658 0.311768 0.000000
vt 0.024414 0.313721 0.000000
vt 0.420654 0.458984 0.000000
vt 0.485352 0.582520 0.000000
vt 0.384277 0.560303 0.000000
vt 0.420654 0.458984 0.000000
vt 0.384277 0.560303 0.000000
vt 0.328125 0.427979 0.000000
vt 0.328125 0.427979 0.000000
vt 0.384277 0.560303 0.000000
vt 0.004395 0.559570 0.000000
vt 0.328125 0.427979 0.000000
vt 0.004395 0.559570 0.000000
vt 0.004883 0.422852 0.000000
vt 0.026611 0.290039 0.000000
vt 0.025391 0.300537 0.000000
vt 0.024658 0.299805 0.000000
vt 0.025635 0.290527 0.000000
vt 0.026611 0.290039 0.000000
vt 0.024658 0.299805 0.000000
vt 0.026367 0.287354 0.000000
vt 0.027588 0.286133 0.000000
vt 0.026611 0.290039 0.000000
vt 0.026367 0.287354 0.000000
vt 0.026611 0.290039 0.000000
vt 0.025635 0.290527 0.000000
vt 0.325195 0.447510 0.000000
vt 0.380127 0.582764 0.000000
vt 0.478271 0.610596 0.000000
vt 0.325195 0.447510 0.000000
vt 0.478271 0.610596 0.000000
vt 0.415527 0.484619 0.000000
vt 0.005127 0.558105 0.000000
vt 0.380127 0.582764 0.000000
vt 0.325195 0.447510 0.000000
vt 0.004639 0.419434 0.000000
vt 0.005127 0.558105 0.000000
vt 0.325195 0.447510 0.000000
vt 0.958496 0.297119 0.000000
vt 0.958252 0.275879 0.000000
vt 0.958252 0.281006 0.000000
vt 0.958496 0.297119 0.000000
vt 0.958252 0.281006 0.000000
vt 0.958252 0.301514 0.000000
vt 0.958252 0.301514 0.000000
vt 0.955811 0.304688 0.000000
vt 0.956055 0.301270 0.000000
vt 0.958496 0.297119 0.000000
vt 0.958252 0.301514 0.000000
vt 0.956055 0.301270 0.000000
vt 0.955811 0.304688 0.000000
vt 0.954590 0.289551 0.000000
vt 0.954590 0.286621 0.000000
vt 0.956055 0.301270 0.000000
vt 0.955811 0.304688 0.000000
vt 0.954590 0.286621 0.000000
vt 0.954590 0.286621 0.000000
vt 0.954590 0.289551 0.000000
vt 0.956055 0.275635 0.000000
vt 0.954590 0.286621 0.000000
vt 0.956055 0.275635 0.000000
vt 0.955811 0.271484 0.000000
vt 0.955811 0.271484 0.000000
vt 0.956055 0.275635 0.000000
vt 0.958252 0.281006 0.000000
vt 0.955811 0.271484 0.000000
vt 0.958252 0.281006 0.000000
vt 0.958252 0.275879 0.000000
vt 0.550537 0.093018 0.000000
vt 0.550049 0.085693 0.000000
vt 0.551270 0.093750 0.000000
vt 0.553467 0.082764 0.000000
vt 0.554199 0.083252 0.000000
vt 0.555908 0.064941 0.000000
vt 0.555908 0.064941 0.000000
vt 0.554199 0.083252 0.000000
vt 0.556641 0.065430 0.000000
vt 0.554199 0.083252 0.000000
vt 0.553467 0.082764 0.000000
vt 0.551270 0.093750 0.000000
vt 0.553467 0.082764 0.000000
vt 0.550537 0.093018 0.000000
vt 0.551270 0.093750 0.000000
vt 0.556396 0.051025 0.000000
vt 0.555908 0.064941 0.000000
vt 0.556641 0.065430 0.000000
vt 0.549805 0.088135 0.000000
vt 0.547363 0.085205 0.000000
vt 0.550537 0.088867 0.000000
vt 0.553467 0.074707 0.000000
vt 0.554443 0.075439 0.000000
vt 0.557617 0.066895 0.000000
vt 0.557617 0.066895 0.000000
vt 0.554443 0.075439 0.000000
vt 0.558350 0.067627 0.000000
vt 0.554443 0.075439 0.000000
vt 0.553467 0.074707 0.000000
vt 0.550537 0.088867 0.000000
vt 0.553467 0.074707 0.000000
vt 0.549805 0.088135 0.000000
vt 0.550537 0.088867 0.000000
vt 0.561035 0.051025 0.000000
vt 0.557617 0.066895 0.000000
vt 0.558350 0.067627 0.000000
vt 0.555420 0.098877 0.000000
vt 0.520508 0.088867 0.000000
vt 0.556152 0.101318 0.000000
vt 0.561768 0.094238 0.000000
vt 0.566406 0.076416 0.000000
vt 0.561279 0.091797 0.000000
vt 0.565918 0.073730 0.000000
vt 0.561279 0.091797 0.000000
vt 0.566406 0.076416 0.000000
vt 0.561768 0.094238 0.000000
vt 0.561279 0.091797 0.000000
vt 0.556152 0.101318 0.000000
vt 0.561279 0.091797 0.000000
vt 0.555420 0.098877 0.000000
vt 0.556152 0.101318 0.000000
vt 0.569092 0.057617 0.000000
vt 0.565918 0.073730 0.000000
vt 0.566406 0.076416 0.000000
vt 0.562500 0.102295 0.000000
vt 0.553223 0.102295 0.000000
vt 0.562744 0.105957 0.000000
vt 0.562744 0.105957 0.000000
vt 0.553223 0.102295 0.000000
vt 0.553467 0.105469 0.000000
vt 0.553467 0.105469 0.000000
vt 0.553223 0.102295 0.000000
vt 0.560303 0.100830 0.000000
vt 0.569092 0.097168 0.000000
vt 0.562500 0.102295 0.000000
vt 0.562744 0.105957 0.000000
vt 0.552979 0.066162 0.000000
vt 0.552490 0.065918 0.000000
vt 0.533691 0.069336 0.000000
vt 0.550293 0.094482 0.000000
vt 0.552246 0.077393 0.000000
vt 0.552979 0.077881 0.000000
vt 0.550781 0.094971 0.000000
vt 0.550293 0.094482 0.000000
vt 0.552979 0.077881 0.000000
vt 0.552979 0.066162 0.000000
vt 0.552979 0.077881 0.000000
vt 0.552246 0.077393 0.000000
vt 0.552979 0.066162 0.000000
vt 0.552246 0.077393 0.000000
vt 0.552490 0.065918 0.000000
vt 0.550781 0.094971 0.000000
vt 0.547607 0.105957 0.000000
vt 0.550293 0.094482 0.000000
vt 0.539307 0.060059 0.000000
vt 0.548340 0.066895 0.000000
vt 0.549072 0.067383 0.000000
vt 0.549072 0.079834 0.000000
vt 0.548340 0.079590 0.000000
vt 0.548828 0.092285 0.000000
vt 0.549072 0.079834 0.000000
vt 0.548828 0.092285 0.000000
vt 0.549561 0.092773 0.000000
vt 0.548340 0.079590 0.000000
vt 0.549072 0.079834 0.000000
vt 0.549072 0.067383 0.000000
vt 0.548340 0.066895 0.000000
vt 0.548340 0.079590 0.000000
vt 0.549072 0.067383 0.000000
vt 0.548828 0.092285 0.000000
vt 0.547607 0.105957 0.000000
vt 0.549561 0.092773 0.000000
vt 0.553223 0.087646 0.000000
vt 0.551758 0.069092 0.000000
vt 0.551025 0.070801 0.000000
vt 0.551025 0.070801 0.000000
vt 0.552490 0.089600 0.000000
vt 0.553223 0.087646 0.000000
vt 0.551025 0.070801 0.000000
vt 0.551758 0.069092 0.000000
vt 0.529785 0.047852 0.000000
vt 0.552490 0.089600 0.000000
vt 0.552734 0.105957 0.000000
vt 0.553223 0.087646 0.000000
vt 0.552490 0.062012 0.000000
vt 0.557373 0.085938 0.000000
vt 0.558594 0.083740 0.000000
vt 0.552490 0.062012 0.000000
vt 0.558594 0.083740 0.000000
vt 0.553955 0.060059 0.000000
vt 0.552490 0.062012 0.000000
vt 0.553955 0.060059 0.000000
vt 0.534668 0.062500 0.000000
vt 0.557373 0.085938 0.000000
vt 0.558594 0.105957 0.000000
vt 0.558594 0.083740 0.000000
vt 0.743408 0.931396 0.000000
vt 0.743408 0.796143 0.000000
vt 0.908203 0.796387 0.000000
vt 0.908203 0.796387 0.000000
vt 0.845215 0.931396 0.000000
vt 0.743408 0.931396 0.000000
vt 0.641602 0.931396 0.000000
vt 0.578613 0.796143 0.000000
vt 0.743408 0.796143 0.000000
vt 0.743408 0.796143 0.000000
vt 0.743408 0.931396 0.000000
vt 0.641602 0.931396 0.000000
vt 0.599365 0.931152 0.000000
vt 0.510498 0.795898 0.000000
vt 0.578613 0.796143 0.000000
vt 0.578613 0.796143 0.000000
vt 0.641602 0.931396 0.000000
vt 0.599365 0.931152 0.000000
vt 0.641602 0.931396 0.000000
vt 0.578613 0.796143 0.000000
vt 0.510498 0.795898 0.000000
vt 0.510498 0.795898 0.000000
vt 0.599365 0.931152 0.000000
vt 0.641602 0.931396 0.000000
vt 0.743408 0.931396 0.000000
vt 0.743408 0.796143 0.000000
vt 0.578613 0.796143 0.000000
vt 0.578613 0.796143 0.000000
vt 0.641602 0.931396 0.000000
vt 0.743408 0.931396 0.000000
vt 0.845215 0.931396 0.000000
vt 0.908203 0.796387 0.000000
vt 0.743408 0.796143 0.000000
vt 0.743408 0.796143 0.000000
vt 0.743408 0.931396 0.000000
vt 0.845215 0.931396 0.000000
vt 0.887207 0.931641 0.000000
vt 0.976318 0.796387 0.000000
vt 0.908203 0.796387 0.000000
vt 0.908203 0.796387 0.000000
vt 0.845215 0.931396 0.000000
vt 0.887207 0.931641 0.000000
vt 0.845215 0.931396 0.000000
vt 0.908203 0.796387 0.000000
vt 0.976318 0.796387 0.000000
vt 0.976318 0.796387 0.000000
vt 0.887207 0.931641 0.000000
vt 0.845215 0.931396 0.000000
vt 0.908203 0.629395 0.000000
vt 0.908203 0.796387 0.000000
vt 0.743408 0.796143 0.000000
vt 0.908203 0.629395 0.000000
vt 0.743408 0.796143 0.000000
vt 0.743652 0.629150 0.000000
vt 0.743652 0.629150 0.000000
vt 0.743408 0.796143 0.000000
vt 0.578613 0.796143 0.000000
vt 0.743652 0.629150 0.000000
vt 0.578613 0.796143 0.000000
vt 0.578857 0.628906 0.000000
vt 0.578857 0.628906 0.000000
vt 0.578613 0.796143 0.000000
vt 0.510498 0.795898 0.000000
vt 0.578857 0.628906 0.000000
vt 0.510498 0.795898 0.000000
vt 0.510498 0.628906 0.000000
vt 0.510498 0.628906 0.000000
vt 0.510498 0.795898 0.000000
vt 0.578613 0.796143 0.000000
vt 0.510498 0.628906 0.000000
vt 0.578613 0.796143 0.000000
vt 0.578857 0.628906 0.000000
vt 0.578857 0.628906 0.000000
vt 0.578613 0.796143 0.000000
vt 0.743408 0.796143 0.000000
vt 0.578857 0.628906 0.000000
vt 0.743408 0.796143 0.000000
vt 0.743652 0.629150 0.000000
vt 0.743652 0.629150 0.000000
vt 0.743408 0.796143 0.000000
vt 0.908203 0.796387 0.000000
vt 0.743652 0.629150 0.000000
vt 0.908203 0.796387 0.000000
vt 0.908203 0.629395 0.000000
vt 0.908203 0.629395 0.000000
vt 0.908203 0.796387 0.000000
vt 0.976318 0.796387 0.000000
vt 0.908203 0.629395 0.000000
vt 0.976318 0.796387 0.000000
vt 0.976563 0.629395 0.000000
vt 0.976563 0.629395 0.000000
vt 0.976318 0.796387 0.000000
vt 0.908203 0.796387 0.000000
vt 0.976563 0.629395 0.000000
vt 0.908203 0.796387 0.000000
vt 0.908203 0.629395 0.000000
vt 0.845459 0.494141 0.000000
vt 0.908203 0.629395 0.000000
vt 0.743652 0.629150 0.000000
vt 0.845459 0.494141 0.000000
vt 0.743652 0.629150 0.000000
vt 0.743652 0.493896 0.000000
vt 0.743652 0.493896 0.000000
vt 0.743652 0.629150 0.000000
vt 0.578857 0.628906 0.000000
vt 0.743652 0.493896 0.000000
vt 0.578857 0.628906 0.000000
vt 0.641846 0.493896 0.000000
vt 0.641846 0.493896 0.000000
vt 0.578857 0.628906 0.000000
vt 0.510498 0.628906 0.000000
vt 0.641846 0.493896 0.000000
vt 0.510498 0.628906 0.000000
vt 0.599609 0.493896 0.000000
vt 0.599609 0.493896 0.000000
vt 0.510498 0.628906 0.000000
vt 0.578857 0.628906 0.000000
vt 0.599609 0.493896 0.000000
vt 0.578857 0.628906 0.000000
vt 0.641846 0.493896 0.000000
vt 0.641846 0.493896 0.000000
vt 0.578857 0.628906 0.000000
vt 0.743652 0.629150 0.000000
vt 0.641846 0.493896 0.000000
vt 0.743652 0.629150 0.000000
vt 0.743652 0.493896 0.000000
vt 0.743652 0.493896 0.000000
vt 0.743652 0.629150 0.000000
vt 0.908203 0.629395 0.000000
vt 0.743652 0.493896 0.000000
vt 0.908203 0.629395 0.000000
vt 0.845459 0.494141 0.000000
vt 0.845459 0.494141 0.000000
vt 0.908203 0.629395 0.000000
vt 0.976563 0.629395 0.000000
vt 0.845459 0.494141 0.000000
vt 0.976563 0.629395 0.000000
vt 0.887695 0.494141 0.000000
vt 0.887695 0.494141 0.000000
vt 0.976563 0.629395 0.000000
vt 0.908203 0.629395 0.000000
vt 0.887695 0.494141 0.000000
vt 0.908203 0.629395 0.000000
vt 0.845459 0.494141 0.000000
vt 0.743164 0.982910 0.000000
vt 0.743408 0.931396 0.000000
vt 0.845215 0.931396 0.000000
vt 0.743164 0.982910 0.000000
vt 0.641602 0.931396 0.000000
vt 0.743408 0.931396 0.000000
vt 0.743164 0.982910 0.000000
vt 0.599365 0.931152 0.000000
vt 0.641602 0.931396 0.000000
vt 0.743164 0.982910 0.000000
vt 0.641602 0.931396 0.000000
vt 0.599365 0.931152 0.000000
vt 0.743164 0.982910 0.000000
vt 0.743408 0.931396 0.000000
vt 0.641602 0.931396 0.000000
vt 0.743164 0.982910 0.000000
vt 0.845215 0.931396 0.000000
vt 0.743408 0.931396 0.000000
vt 0.743164 0.982910 0.000000
vt 0.887207 0.931641 0.000000
vt 0.845215 0.931396 0.000000
vt 0.743164 0.982910 0.000000
vt 0.845215 0.931396 0.000000
vt 0.887207 0.931641 0.000000
vt 0.743652 0.442383 0.000000
vt 0.845459 0.494141 0.000000
vt 0.743652 0.493896 0.000000
vt 0.743652 0.442383 0.000000
vt 0.743652 0.493896 0.000000
vt 0.641846 0.493896 0.000000
vt 0.743652 0.442383 0.000000
vt 0.641846 0.493896 0.000000
vt 0.599609 0.493896 0.000000
vt 0.743652 0.442383 0.000000
vt 0.599609 0.493896 0.000000
vt 0.641846 0.493896 0.000000
vt 0.743652 0.442383 0.000000
vt 0.641846 0.493896 0.000000
vt 0.743652 0.493896 0.000000
vt 0.743652 0.442383 0.000000
vt 0.743652 0.493896 0.000000
vt 0.845459 0.494141 0.000000
vt 0.743652 0.442383 0.000000
vt 0.845459 0.494141 0.000000
vt 0.887695 0.494141 0.000000
vt 0.743652 0.442383 0.000000
vt 0.887695 0.494141 0.000000
vt 0.845459 0.494141 0.000000
vn -0.146973 0.777344 0.611328
vn -0.314941 0.948730 0.022217
vn -0.470215 0.854736 0.218262
vn -0.470215 0.854736 0.218262
vn -0.531982 0.477539 0.698975
vn -0.146973 0.777344 0.611328
vn -0.069824 0.828369 -0.555420
vn -0.470215 0.854736 0.218262
vn -0.314941 0.948730 0.022217
vn -0.069824 0.828369 -0.555420
vn -0.314941 0.948730 0.022217
vn -0.628418 0.541992 -0.557861
vn -0.628418 0.541992 -0.557861
vn -0.177979 -0.086426 -0.979980
vn -0.604248 -0.017822 -0.796387
vn -0.604248 -0.017822 -0.796387
vn -0.069824 0.828369 -0.555420
vn -0.628418 0.541992 -0.557861
vn -0.160889 0.145752 0.976074
vn -0.146973 0.777344 0.611328
vn -0.531982 0.477539 0.698975
vn -0.531982 0.477539 0.698975
vn -0.456055 -0.170898 0.873047
vn -0.160889 0.145752 0.976074
vn 0.476563 0.827881 0.294922
vn -0.314941 0.948730 0.022217
vn -0.146973 0.777344 0.611328
vn 0.476563 0.827881 0.294922
vn -0.146973 0.777344 0.611328
vn 0.489502 0.528320 0.693359
vn -0.177979 -0.086426 -0.979980
vn -0.628418 0.541992 -0.557861
vn 0.885010 0.004395 -0.465088
vn -0.177979 -0.086426 -0.979980
vn 0.885010 0.004395 -0.465088
vn 0.458984 -0.049561 -0.886719
vn 0.489502 0.528320 0.693359
vn -0.146973 0.777344 0.611328
vn -0.160889 0.145752 0.976074
vn 0.489502 0.528320 0.693359
vn -0.160889 0.145752 0.976074
vn 0.484375 -0.188965 0.854004
vn -0.628418 0.541992 -0.557861
vn -0.314941 0.948730 0.022217
vn -0.250977 0.951904 -0.174561
vn 0.476563 0.827881 0.294922
vn 0.885010 0.004395 -0.465088
vn 0.367432 0.928467 -0.049805
vn -0.314941 0.948730 0.022217
vn 0.476563 0.827881 0.294922
vn 0.367432 0.928467 -0.049805
vn -0.314941 0.948730 0.022217
vn 0.367432 0.928467 -0.049805
vn -0.250977 0.951904 -0.174561
vn 0.885010 0.004395 -0.465088
vn -0.628418 0.541992 -0.557861
vn -0.872803 -0.487793 -0.006592
vn 0.885010 0.004395 -0.465088
vn -0.872803 -0.487793 -0.006592
vn 0.316650 -0.931641 -0.177246
vn 0.786133 0.376709 -0.489746
vn 0.885010 0.004395 -0.465088
vn 0.316650 -0.931641 -0.177246
vn -0.250977 0.951904 -0.174561
vn 0.367432 0.928467 -0.049805
vn 0.208252 0.929199 -0.304932
vn -0.250977 0.951904 -0.174561
vn 0.208252 0.929199 -0.304932
vn -0.380371 0.823975 -0.419434
vn -0.628418 0.541992 -0.557861
vn -0.250977 0.951904 -0.174561
vn -0.380371 0.823975 -0.419434
vn -0.628418 0.541992 -0.557861
vn -0.380371 0.823975 -0.419434
vn -0.872803 -0.487793 -0.006592
vn -0.405029 0.631836 0.660645
vn -0.373779 0.680176 0.630127
vn -0.109619 0.048828 0.992676
vn -0.109619 0.048828 0.992676
vn -0.338135 0.056152 0.939209
vn -0.405029 0.631836 0.660645
vn -0.405762 0.884033 0.231201
vn -0.320313 0.946045 -0.045410
vn -0.373779 0.680176 0.630127
vn -0.373779 0.680176 0.630127
vn -0.405029 0.631836 0.660645
vn -0.405762 0.884033 0.231201
vn 0.023926 0.805176 -0.592285
vn -0.320313 0.946045 -0.045410
vn -0.405762 0.884033 0.231201
vn 0.023926 0.805176 -0.592285
vn -0.405762 0.884033 0.231201
vn -0.677734 0.121338 -0.724854
vn 0.082764 0.107910 -0.990479
vn 0.093262 0.109619 -0.989502
vn 0.023926 0.805176 -0.592285
vn 0.023926 0.805176 -0.592285
vn -0.677734 0.121338 -0.724854
vn 0.082764 0.107910 -0.990479
vn -0.460449 -0.069092 0.884766
vn -0.109619 0.048828 0.992676
vn -0.373779 0.680176 0.630127
vn -0.460449 -0.069092 0.884766
vn -0.373779 0.680176 0.630127
vn -0.569824 0.552979 0.607666
vn -0.373779 0.680176 0.630127
vn -0.320313 0.946045 -0.045410
vn -0.550781 0.827393 0.106934
vn -0.569824 0.552979 0.607666
vn -0.373779 0.680176 0.630127
vn -0.550781 0.827393 0.106934
vn -0.320313 0.946045 -0.045410
vn 0.023926 0.805176 -0.592285
vn -0.345947 0.664307 -0.662109
vn -0.550781 0.827393 0.106934
vn -0.320313 0.946045 -0.045410
vn -0.345947 0.664307 -0.662109
vn -0.345947 0.664307 -0.662109
vn 0.023926 0.805176 -0.592285
vn 0.093262 0.109619 -0.989502
vn -0.345947 0.664307 -0.662109
vn 0.093262 0.109619 -0.989502
vn -0.103516 0.045898 -0.993408
vn -0.958984 -0.227051 -0.168701
vn -0.887451 -0.205078 0.412598
vn -0.975586 0.115723 0.186279
vn -0.958984 -0.227051 -0.168701
vn -0.975586 0.115723 0.186279
vn -0.910156 0.413330 -0.022217
vn -0.958984 -0.227051 -0.168701
vn -0.733643 0.157959 -0.660645
vn -0.755859 -0.162598 -0.633789
vn -0.677734 0.121338 -0.724854
vn -0.350098 -0.219971 -0.910400
vn -0.496094 -0.074219 -0.864746
vn -0.496094 -0.074219 -0.864746
vn 0.082764 0.107910 -0.990479
vn -0.677734 0.121338 -0.724854
vn -0.405029 0.631836 0.660645
vn -0.531982 0.477539 0.698975
vn -0.470215 0.854736 0.218262
vn -0.470215 0.854736 0.218262
vn -0.405762 0.884033 0.231201
vn -0.405029 0.631836 0.660645
vn -0.338135 0.056152 0.939209
vn -0.456055 -0.170898 0.873047
vn -0.531982 0.477539 0.698975
vn -0.531982 0.477539 0.698975
vn -0.405029 0.631836 0.660645
vn -0.338135 0.056152 0.939209
vn -0.939209 0.138916 -0.313721
vn -0.910156 0.413330 -0.022217
vn -0.733643 0.157959 -0.660645
vn -0.959473 -0.214355 -0.182129
vn -0.733643 0.157959 -0.660645
vn -0.958984 -0.227051 -0.168701
vn -0.959473 -0.214355 -0.182129
vn -0.958984 -0.227051 -0.168701
vn -0.910156 0.413330 -0.022217
vn -0.939209 0.138916 -0.313721
vn -0.959473 -0.214355 -0.182129
vn -0.910156 0.413330 -0.022217
vn -0.939209 0.138916 -0.313721
vn -0.733643 0.157959 -0.660645
vn -0.959473 -0.214355 -0.182129
vn -0.915527 0.401367 0.020020
vn -0.677734 0.121338 -0.724854
vn -0.405762 0.884033 0.231201
vn -0.405762 0.884033 0.231201
vn -0.470215 0.854736 0.218262
vn -0.270752 0.939941 0.207031
vn -0.915527 0.401367 0.020020
vn -0.405762 0.884033 0.231201
vn -0.270752 0.939941 0.207031
vn -0.270752 0.939941 0.207031
vn -0.470215 0.854736 0.218262
vn -0.069824 0.828369 -0.555420
vn -0.313721 -0.946533 -0.073975
vn -0.350098 -0.219971 -0.910400
vn -0.677734 0.121338 -0.724854
vn -0.932617 -0.223633 -0.282471
vn -0.915527 0.401367 0.020020
vn -0.749512 0.609375 -0.257813
vn -0.749512 0.609375 -0.257813
vn -0.915527 0.401367 0.020020
vn -0.270752 0.939941 0.207031
vn -0.749512 0.609375 -0.257813
vn -0.270752 0.939941 0.207031
vn 0.116211 0.972168 -0.202881
vn 0.116211 0.972168 -0.202881
vn -0.270752 0.939941 0.207031
vn -0.069824 0.828369 -0.555420
vn 0.116211 0.972168 -0.202881
vn -0.069824 0.828369 -0.555420
vn 0.926514 -0.374512 -0.031982
vn -0.313721 -0.946533 -0.073975
vn -0.677734 0.121338 -0.724854
vn -0.932617 -0.223633 -0.282471
vn -0.932617 -0.223633 -0.282471
vn -0.677734 0.121338 -0.724854
vn -0.915527 0.401367 0.020020
vn 0.065186 0.931641 -0.357178
vn 0.116211 0.972168 -0.202881
vn 0.926514 -0.374512 -0.031982
vn 0.065186 0.931641 -0.357178
vn 0.926514 -0.374512 -0.031982
vn 0.858398 0.210938 0.467529
vn -0.749512 0.609375 -0.257813
vn 0.116211 0.972168 -0.202881
vn 0.065186 0.931641 -0.357178
vn -0.749512 0.609375 -0.257813
vn 0.065186 0.931641 -0.357178
vn -0.724854 0.356201 -0.589111
vn -0.932617 -0.223633 -0.282471
vn -0.749512 0.609375 -0.257813
vn -0.724854 0.356201 -0.589111
vn -0.932617 -0.223633 -0.282471
vn -0.724854 0.356201 -0.589111
vn -0.788574 -0.575928 -0.214600
vn -0.313721 -0.946533 -0.073975
vn -0.932617 -0.223633 -0.282471
vn -0.788574 -0.575928 -0.214600
vn -0.313721 -0.946533 -0.073975
vn -0.788574 -0.575928 -0.214600
vn -0.132324 -0.872559 0.469727
vn 0.926514 -0.374512 -0.031982
vn -0.313721 -0.946533 -0.073975
vn -0.132324 -0.872559 0.469727
vn 0.926514 -0.374512 -0.031982
vn -0.132324 -0.872559 0.469727
vn 0.858398 0.210938 0.467529
vn 0.367432 0.928467 -0.049805
vn 0.786133 0.376709 -0.489746
vn 0.208252 0.929199 -0.304932
vn 0.367432 0.928467 -0.049805
vn 0.885010 0.004395 -0.465088
vn 0.786133 0.376709 -0.489746
vn -0.075195 -0.931885 0.354492
vn 0.316650 -0.931641 -0.177246
vn -0.872803 -0.487793 -0.006592
vn -0.075195 -0.931885 0.354492
vn -0.872803 -0.487793 -0.006592
vn -0.995117 -0.084473 0.048584
vn 0.791260 -0.184814 -0.582764
vn 0.786133 0.376709 -0.489746
vn 0.316650 -0.931641 -0.177246
vn 0.791260 -0.184814 -0.582764
vn 0.316650 -0.931641 -0.177246
vn -0.075195 -0.931885 0.354492
vn 0.201660 0.733398 -0.648926
vn 0.208252 0.929199 -0.304932
vn 0.786133 0.376709 -0.489746
vn 0.201660 0.733398 -0.648926
vn 0.786133 0.376709 -0.489746
vn 0.791260 -0.184814 -0.582764
vn -0.380371 0.823975 -0.419434
vn 0.208252 0.929199 -0.304932
vn 0.201660 0.733398 -0.648926
vn -0.380371 0.823975 -0.419434
vn 0.201660 0.733398 -0.648926
vn -0.662354 0.620361 -0.419434
vn -0.872803 -0.487793 -0.006592
vn -0.380371 0.823975 -0.419434
vn -0.662354 0.620361 -0.419434
vn -0.872803 -0.487793 -0.006592
vn -0.662354 0.620361 -0.419434
vn -0.995117 -0.084473 0.048584
vn -0.350098 -0.219971 -0.910400
vn -0.069824 0.828369 -0.555420
vn -0.604248 -0.017822 -0.796387
vn -0.604248 -0.017822 -0.796387
vn -0.496094 -0.074219 -0.864746
vn -0.350098 -0.219971 -0.910400
vn -0.350098 -0.219971 -0.910400
vn -0.313721 -0.946533 -0.073975
vn 0.926514 -0.374512 -0.031982
vn 0.926514 -0.374512 -0.031982
vn -0.069824 0.828369 -0.555420
vn -0.350098 -0.219971 -0.910400
vn 0.858398 0.210938 0.467529
vn -0.132324 -0.872559 0.469727
vn 0.188965 -0.924072 0.331787
vn 0.858398 0.210938 0.467529
vn 0.188965 -0.924072 0.331787
vn 0.955322 -0.020996 -0.294434
vn 0.144043 0.653320 -0.742920
vn 0.065186 0.931641 -0.357178
vn 0.858398 0.210938 0.467529
vn 0.144043 0.653320 -0.742920
vn 0.858398 0.210938 0.467529
vn 0.955322 -0.020996 -0.294434
vn -0.724854 0.356201 -0.589111
vn 0.065186 0.931641 -0.357178
vn 0.144043 0.653320 -0.742920
vn 0.144043 0.653320 -0.742920
vn -0.592773 0.058350 -0.803223
vn -0.724854 0.356201 -0.589111
vn -0.624756 -0.733643 -0.266846
vn 0.188965 -0.924072 0.331787
vn -0.132324 -0.872559 0.469727
vn -0.624756 -0.733643 -0.266846
vn -0.132324 -0.872559 0.469727
vn -0.788574 -0.575928 -0.214600
vn -0.592773 0.058350 -0.803223
vn -0.624756 -0.733643 -0.266846
vn -0.788574 -0.575928 -0.214600
vn -0.592773 0.058350 -0.803223
vn -0.788574 -0.575928 -0.214600
vn -0.724854 0.356201 -0.589111
vn -0.624756 -0.733643 -0.266846
vn -0.592773 0.058350 -0.803223
vn 0.006104 -0.393066 -0.919434
vn 0.188965 -0.924072 0.331787
vn -0.624756 -0.733643 -0.266846
vn 0.006104 -0.393066 -0.919434
vn 0.955322 -0.020996 -0.294434
vn 0.188965 -0.924072 0.331787
vn 0.006104 -0.393066 -0.919434
vn 0.144043 0.653320 -0.742920
vn 0.955322 -0.020996 -0.294434
vn 0.006104 -0.393066 -0.919434
vn -0.592773 0.058350 -0.803223
vn 0.144043 0.653320 -0.742920
vn 0.006104 -0.393066 -0.919434
vn -0.075195 -0.931885 0.354492
vn -0.995117 -0.084473 0.048584
vn -0.825195 -0.559082 0.078125
vn -0.075195 -0.931885 0.354492
vn -0.825195 -0.559082 0.078125
vn -0.162109 -0.965820 0.201172
vn 0.575195 -0.737793 -0.352539
vn 0.791260 -0.184814 -0.582764
vn -0.075195 -0.931885 0.354492
vn 0.575195 -0.737793 -0.352539
vn -0.075195 -0.931885 0.354492
vn -0.162109 -0.965820 0.201172
vn 0.226318 0.113770 -0.967285
vn 0.201660 0.733398 -0.648926
vn 0.791260 -0.184814 -0.582764
vn 0.226318 0.113770 -0.967285
vn 0.791260 -0.184814 -0.582764
vn 0.575195 -0.737793 -0.352539
vn -0.641602 0.392822 -0.658447
vn -0.662354 0.620361 -0.419434
vn 0.201660 0.733398 -0.648926
vn -0.641602 0.392822 -0.658447
vn 0.201660 0.733398 -0.648926
vn 0.226318 0.113770 -0.967285
vn -0.995117 -0.084473 0.048584
vn -0.662354 0.620361 -0.419434
vn -0.641602 0.392822 -0.658447
vn -0.995117 -0.084473 0.048584
vn -0.641602 0.392822 -0.658447
vn -0.825195 -0.559082 0.078125
vn -0.162109 -0.965820 0.201172
vn -0.825195 -0.559082 0.078125
vn -0.305664 -0.631592 -0.712402
vn 0.575195 -0.737793 -0.352539
vn -0.162109 -0.965820 0.201172
vn -0.305664 -0.631592 -0.712402
vn 0.226318 0.113770 -0.967285
vn 0.575195 -0.737793 -0.352539
vn -0.305664 -0.631592 -0.712402
vn -0.641602 0.392822 -0.658447
vn 0.226318 0.113770 -0.967285
vn -0.305664 -0.631592 -0.712402
vn -0.825195 -0.559082 0.078125
vn -0.641602 0.392822 -0.658447
vn -0.305664 -0.631592 -0.712402
vn -0.253662 -0.943115 0.214111
vn -0.403809 -0.910400 0.087646
vn -0.198242 -0.714355 0.670898
vn -0.198242 -0.714355 0.670898
vn -0.411133 -0.674072 0.613281
vn -0.253662 -0.943115 0.214111
vn -0.403809 -0.910400 0.087646
vn -0.253662 -0.943115 0.214111
vn 0.047607 -0.598877 -0.799072
vn -0.403809 -0.910400 0.087646
vn 0.047607 -0.598877 -0.799072
vn -0.843262 -0.301514 -0.444580
vn 0.047607 -0.598877 -0.799072
vn -0.604248 -0.017822 -0.796387
vn -0.177979 -0.086426 -0.979980
vn -0.843262 -0.301514 -0.444580
vn 0.047607 -0.598877 -0.799072
vn -0.177979 -0.086426 -0.979980
vn -0.198242 -0.714355 0.670898
vn -0.160889 0.145752 0.976074
vn -0.456055 -0.170898 0.873047
vn -0.198242 -0.714355 0.670898
vn -0.456055 -0.170898 0.873047
vn -0.411133 -0.674072 0.613281
vn -0.198242 -0.714355 0.670898
vn -0.403809 -0.910400 0.087646
vn 0.575928 -0.762939 0.293213
vn 0.541016 -0.667725 0.510986
vn -0.198242 -0.714355 0.670898
vn 0.575928 -0.762939 0.293213
vn 0.904053 -0.037842 -0.425293
vn -0.843262 -0.301514 -0.444580
vn -0.177979 -0.086426 -0.979980
vn 0.904053 -0.037842 -0.425293
vn -0.177979 -0.086426 -0.979980
vn 0.458984 -0.049561 -0.886719
vn 0.484375 -0.188965 0.854004
vn -0.160889 0.145752 0.976074
vn -0.198242 -0.714355 0.670898
vn 0.484375 -0.188965 0.854004
vn -0.198242 -0.714355 0.670898
vn 0.541016 -0.667725 0.510986
vn -0.508545 -0.860352 -0.026367
vn -0.403809 -0.910400 0.087646
vn -0.843262 -0.301514 -0.444580
vn 0.326172 -0.940186 0.097412
vn 0.904053 -0.037842 -0.425293
vn 0.575928 -0.762939 0.293213
vn 0.326172 -0.940186 0.097412
vn 0.575928 -0.762939 0.293213
vn -0.403809 -0.910400 0.087646
vn 0.326172 -0.940186 0.097412
vn -0.403809 -0.910400 0.087646
vn -0.508545 -0.860352 -0.026367
vn -0.807617 0.589355 0.003662
vn -0.843262 -0.301514 -0.444580
vn 0.904053 -0.037842 -0.425293
vn -0.807617 0.589355 0.003662
vn 0.904053 -0.037842 -0.425293
vn 0.437012 0.845703 -0.305664
vn 0.437012 0.845703 -0.305664
vn 0.904053 -0.037842 -0.425293
vn 0.751221 -0.488281 -0.443848
vn 0.092285 -0.962646 -0.253906
vn 0.326172 -0.940186 0.097412
vn -0.508545 -0.860352 -0.026367
vn 0.092285 -0.962646 -0.253906
vn -0.508545 -0.860352 -0.026367
vn -0.717773 -0.643555 -0.265381
vn -0.717773 -0.643555 -0.265381
vn -0.508545 -0.860352 -0.026367
vn -0.843262 -0.301514 -0.444580
vn -0.717773 -0.643555 -0.265381
vn -0.843262 -0.301514 -0.444580
vn -0.807617 0.589355 0.003662
vn -0.109619 0.048828 0.992676
vn 0.031250 -0.712646 0.700684
vn -0.127686 -0.644531 0.753418
vn -0.127686 -0.644531 0.753418
vn -0.338135 0.056152 0.939209
vn -0.109619 0.048828 0.992676
vn 0.031250 -0.712646 0.700684
vn 0.258545 -0.964600 -0.050049
vn 0.081787 -0.961914 0.260254
vn 0.081787 -0.961914 0.260254
vn -0.127686 -0.644531 0.753418
vn 0.031250 -0.712646 0.700684
vn 0.081787 -0.961914 0.260254
vn 0.258545 -0.964600 -0.050049
vn 0.476563 -0.578613 -0.661621
vn -0.598877 -0.295898 -0.743896
vn 0.081787 -0.961914 0.260254
vn 0.476563 -0.578613 -0.661621
vn 0.476563 -0.578613 -0.661621
vn 0.093262 0.109619 -0.989502
vn 0.082764 0.107910 -0.990479
vn 0.082764 0.107910 -0.990479
vn -0.598877 -0.295898 -0.743896
vn 0.476563 -0.578613 -0.661621
vn 0.031250 -0.712646 0.700684
vn -0.109619 0.048828 0.992676
vn -0.460449 -0.069092 0.884766
vn 0.031250 -0.712646 0.700684
vn -0.460449 -0.069092 0.884766
vn -0.239746 -0.714111 0.657227
vn 0.031250 -0.712646 0.700684
vn -0.239746 -0.714111 0.657227
vn -0.048584 -0.990723 0.125732
vn 0.258545 -0.964600 -0.050049
vn 0.031250 -0.712646 0.700684
vn -0.048584 -0.990723 0.125732
vn 0.044434 -0.678711 -0.732910
vn 0.476563 -0.578613 -0.661621
vn 0.258545 -0.964600 -0.050049
vn 0.044434 -0.678711 -0.732910
vn 0.258545 -0.964600 -0.050049
vn -0.048584 -0.990723 0.125732
vn 0.093262 0.109619 -0.989502
vn 0.476563 -0.578613 -0.661621
vn 0.044434 -0.678711 -0.732910
vn 0.093262 0.109619 -0.989502
vn 0.044434 -0.678711 -0.732910
vn -0.103516 0.045898 -0.993408
vn -0.815430 -0.544678 0.194824
vn -0.887451 -0.205078 0.412598
vn -0.958984 -0.227051 -0.168701
vn -0.635498 -0.770752 0.043457
vn -0.815430 -0.544678 0.194824
vn -0.958984 -0.227051 -0.168701
vn -0.755859 -0.162598 -0.633789
vn -0.564697 -0.502197 -0.654785
vn -0.958984 -0.227051 -0.168701
vn -0.598877 -0.295898 -0.743896
vn 0.082764 0.107910 -0.990479
vn -0.496094 -0.074219 -0.864746
vn -0.598877 -0.295898 -0.743896
vn -0.496094 -0.074219 -0.864746
vn -0.469482 0.120361 -0.874512
vn -0.253662 -0.943115 0.214111
vn -0.411133 -0.674072 0.613281
vn -0.127686 -0.644531 0.753418
vn -0.127686 -0.644531 0.753418
vn 0.081787 -0.961914 0.260254
vn -0.253662 -0.943115 0.214111
vn -0.127686 -0.644531 0.753418
vn -0.411133 -0.674072 0.613281
vn -0.456055 -0.170898 0.873047
vn -0.338135 0.056152 0.939209
vn -0.127686 -0.644531 0.753418
vn -0.456055 -0.170898 0.873047
vn -0.564697 -0.502197 -0.654785
vn -0.635498 -0.770752 0.043457
vn -0.772949 -0.543701 -0.326660
vn -0.958984 -0.227051 -0.168701
vn -0.564697 -0.502197 -0.654785
vn -0.953613 -0.238525 -0.182129
vn -0.635498 -0.770752 0.043457
vn -0.958984 -0.227051 -0.168701
vn -0.953613 -0.238525 -0.182129
vn -0.635498 -0.770752 0.043457
vn -0.953613 -0.238525 -0.182129
vn -0.772949 -0.543701 -0.326660
vn -0.953613 -0.238525 -0.182129
vn -0.564697 -0.502197 -0.654785
vn -0.772949 -0.543701 -0.326660
vn 0.081787 -0.961914 0.260254
vn -0.598877 -0.295898 -0.743896
vn -0.683838 -0.729248 -0.018311
vn 0.189209 -0.958984 0.210205
vn -0.253662 -0.943115 0.214111
vn 0.081787 -0.961914 0.260254
vn 0.189209 -0.958984 0.210205
vn 0.081787 -0.961914 0.260254
vn -0.683838 -0.729248 -0.018311
vn 0.047607 -0.598877 -0.799072
vn -0.253662 -0.943115 0.214111
vn 0.189209 -0.958984 0.210205
vn -0.598877 -0.295898 -0.743896
vn -0.469482 0.120361 -0.874512
vn -0.643066 0.756104 -0.119385
vn -0.485107 -0.856689 -0.174805
vn -0.683838 -0.729248 -0.018311
vn -0.968750 -0.135986 -0.206055
vn 0.189209 -0.958984 0.210205
vn -0.683838 -0.729248 -0.018311
vn -0.485107 -0.856689 -0.174805
vn 0.189209 -0.958984 0.210205
vn -0.485107 -0.856689 -0.174805
vn 0.653809 -0.736572 -0.172852
vn 0.047607 -0.598877 -0.799072
vn 0.189209 -0.958984 0.210205
vn 0.653809 -0.736572 -0.172852
vn 0.047607 -0.598877 -0.799072
vn 0.653809 -0.736572 -0.172852
vn 0.358398 0.901611 -0.241211
vn -0.968750 -0.135986 -0.206055
vn -0.598877 -0.295898 -0.743896
vn -0.643066 0.756104 -0.119385
vn -0.683838 -0.729248 -0.018311
vn -0.598877 -0.295898 -0.743896
vn -0.968750 -0.135986 -0.206055
vn 0.653809 -0.736572 -0.172852
vn 0.147705 -0.918945 -0.365479
vn 0.964355 0.252686 0.076416
vn 0.964355 0.252686 0.076416
vn 0.358398 0.901611 -0.241211
vn 0.653809 -0.736572 -0.172852
vn 0.147705 -0.918945 -0.365479
vn 0.653809 -0.736572 -0.172852
vn -0.485107 -0.856689 -0.174805
vn 0.147705 -0.918945 -0.365479
vn -0.485107 -0.856689 -0.174805
vn -0.665771 -0.644043 -0.376221
vn -0.665771 -0.644043 -0.376221
vn -0.485107 -0.856689 -0.174805
vn -0.968750 -0.135986 -0.206055
vn -0.665771 -0.644043 -0.376221
vn -0.968750 -0.135986 -0.206055
vn -0.959229 0.261230 -0.107178
vn -0.959229 0.261230 -0.107178
vn -0.968750 -0.135986 -0.206055
vn -0.643066 0.756104 -0.119385
vn -0.959229 0.261230 -0.107178
vn -0.643066 0.756104 -0.119385
vn -0.373779 0.884521 0.278809
vn -0.373779 0.884521 0.278809
vn -0.643066 0.756104 -0.119385
vn 0.358398 0.901611 -0.241211
vn -0.373779 0.884521 0.278809
vn 0.358398 0.901611 -0.241211
vn 0.964355 0.252686 0.076416
vn 0.092285 -0.962646 -0.253906
vn 0.751221 -0.488281 -0.443848
vn 0.326172 -0.940186 0.097412
vn 0.751221 -0.488281 -0.443848
vn 0.904053 -0.037842 -0.425293
vn 0.326172 -0.940186 0.097412
vn -0.807617 0.589355 0.003662
vn 0.437012 0.845703 -0.305664
vn 0.134766 0.983887 0.115723
vn -0.940186 0.280273 0.192627
vn -0.807617 0.589355 0.003662
vn 0.134766 0.983887 0.115723
vn 0.437012 0.845703 -0.305664
vn 0.751221 -0.488281 -0.443848
vn 0.802979 0.056641 -0.593018
vn 0.134766 0.983887 0.115723
vn 0.437012 0.845703 -0.305664
vn 0.802979 0.056641 -0.593018
vn 0.751221 -0.488281 -0.443848
vn 0.092285 -0.962646 -0.253906
vn 0.177734 -0.772217 -0.609619
vn 0.802979 0.056641 -0.593018
vn 0.751221 -0.488281 -0.443848
vn 0.177734 -0.772217 -0.609619
vn -0.669189 -0.686279 -0.284180
vn 0.177734 -0.772217 -0.609619
vn 0.092285 -0.962646 -0.253906
vn -0.669189 -0.686279 -0.284180
vn 0.092285 -0.962646 -0.253906
vn -0.717773 -0.643555 -0.265381
vn -0.669189 -0.686279 -0.284180
vn -0.717773 -0.643555 -0.265381
vn -0.807617 0.589355 0.003662
vn -0.669189 -0.686279 -0.284180
vn -0.807617 0.589355 0.003662
vn -0.940186 0.280273 0.192627
vn -0.604248 -0.017822 -0.796387
vn 0.047607 -0.598877 -0.799072
vn -0.469482 0.120361 -0.874512
vn -0.469482 0.120361 -0.874512
vn -0.496094 -0.074219 -0.864746
vn -0.604248 -0.017822 -0.796387
vn 0.358398 0.901611 -0.241211
vn -0.643066 0.756104 -0.119385
vn -0.469482 0.120361 -0.874512
vn -0.469482 0.120361 -0.874512
vn 0.047607 -0.598877 -0.799072
vn 0.358398 0.901611 -0.241211
vn -0.144043 0.987549 0.061279
vn -0.373779 0.884521 0.278809
vn 0.964355 0.252686 0.076416
vn -0.144043 0.987549 0.061279
vn 0.964355 0.252686 0.076416
vn 0.694336 0.380859 -0.610107
vn 0.964355 0.252686 0.076416
vn 0.147705 -0.918945 -0.365479
vn 0.200928 -0.623291 -0.755615
vn 0.694336 0.380859 -0.610107
vn 0.964355 0.252686 0.076416
vn 0.200928 -0.623291 -0.755615
vn 0.200928 -0.623291 -0.755615
vn 0.147705 -0.918945 -0.365479
vn -0.665771 -0.644043 -0.376221
vn -0.665771 -0.644043 -0.376221
vn -0.686523 -0.353760 -0.635010
vn 0.200928 -0.623291 -0.755615
vn -0.373779 0.884521 0.278809
vn -0.144043 0.987549 0.061279
vn -0.873047 0.437012 -0.215576
vn -0.373779 0.884521 0.278809
vn -0.873047 0.437012 -0.215576
vn -0.959229 0.261230 -0.107178
vn -0.959229 0.261230 -0.107178
vn -0.873047 0.437012 -0.215576
vn -0.686523 -0.353760 -0.635010
vn -0.959229 0.261230 -0.107178
vn -0.686523 -0.353760 -0.635010
vn -0.665771 -0.644043 -0.376221
vn -0.344971 0.223877 -0.911377
vn -0.686523 -0.353760 -0.635010
vn -0.873047 0.437012 -0.215576
vn -0.344971 0.223877 -0.911377
vn -0.873047 0.437012 -0.215576
vn -0.144043 0.987549 0.061279
vn -0.344971 0.223877 -0.911377
vn -0.144043 0.987549 0.061279
vn 0.694336 0.380859 -0.610107
vn -0.344971 0.223877 -0.911377
vn 0.694336 0.380859 -0.610107
vn 0.200928 -0.623291 -0.755615
vn -0.344971 0.223877 -0.911377
vn 0.200928 -0.623291 -0.755615
vn -0.686523 -0.353760 -0.635010
vn -0.940186 0.280273 0.192627
vn 0.134766 0.983887 0.115723
vn -0.163330 0.963623 0.210938
vn -0.851318 0.499756 -0.158447
vn -0.940186 0.280273 0.192627
vn -0.163330 0.963623 0.210938
vn 0.134766 0.983887 0.115723
vn 0.802979 0.056641 -0.593018
vn 0.639404 0.651367 -0.407959
vn -0.163330 0.963623 0.210938
vn 0.134766 0.983887 0.115723
vn 0.639404 0.651367 -0.407959
vn 0.802979 0.056641 -0.593018
vn 0.177734 -0.772217 -0.609619
vn 0.212646 -0.219482 -0.951904
vn 0.639404 0.651367 -0.407959
vn 0.802979 0.056641 -0.593018
vn 0.212646 -0.219482 -0.951904
vn 0.177734 -0.772217 -0.609619
vn -0.669189 -0.686279 -0.284180
vn -0.667969 -0.401855 -0.626221
vn 0.212646 -0.219482 -0.951904
vn 0.177734 -0.772217 -0.609619
vn -0.667969 -0.401855 -0.626221
vn -0.667969 -0.401855 -0.626221
vn -0.669189 -0.686279 -0.284180
vn -0.940186 0.280273 0.192627
vn -0.667969 -0.401855 -0.626221
vn -0.940186 0.280273 0.192627
vn -0.851318 0.499756 -0.158447
vn -0.261719 0.589600 -0.763916
vn -0.851318 0.499756 -0.158447
vn -0.163330 0.963623 0.210938
vn -0.261719 0.589600 -0.763916
vn -0.163330 0.963623 0.210938
vn 0.639404 0.651367 -0.407959
vn -0.261719 0.589600 -0.763916
vn 0.639404 0.651367 -0.407959
vn 0.212646 -0.219482 -0.951904
vn -0.261719 0.589600 -0.763916
vn 0.212646 -0.219482 -0.951904
vn -0.667969 -0.401855 -0.626221
vn -0.261719 0.589600 -0.763916
vn -0.667969 -0.401855 -0.626221
vn -0.851318 0.499756 -0.158447
vn 0.934326 -0.345947 0.084961
vn 0.541016 -0.667725 0.510986
vn 0.575928 -0.762939 0.293213
vn 0.780029 -0.621826 0.068115
vn 0.575928 -0.762939 0.293213
vn 0.904053 -0.037842 -0.425293
vn 0.904053 -0.037842 -0.425293
vn 0.458984 -0.049561 -0.886719
vn 0.851074 -0.141602 -0.505371
vn 0.780029 -0.621826 0.068115
vn 0.904053 -0.037842 -0.425293
vn 0.851074 -0.141602 -0.505371
vn 0.851074 -0.141602 -0.505371
vn 0.458984 -0.049561 -0.886719
vn 0.885010 0.004395 -0.465088
vn 0.795166 0.602539 0.066162
vn 0.885010 0.004395 -0.465088
vn 0.476563 0.827881 0.294922
vn 0.795166 0.602539 0.066162
vn 0.476563 0.827881 0.294922
vn 0.489502 0.528320 0.693359
vn 0.616943 0.349609 0.704834
vn 0.489502 0.528320 0.693359
vn 0.484375 -0.188965 0.854004
vn 0.484375 -0.188965 0.854004
vn 0.541016 -0.667725 0.510986
vn 0.934326 -0.345947 0.084961
vn 0.616943 0.349609 0.704834
vn 0.484375 -0.188965 0.854004
vn 0.934326 -0.345947 0.084961
vn 0.934326 -0.345947 0.084961
vn 0.780029 -0.621826 0.068115
vn 0.725342 -0.597900 -0.340576
vn 0.394287 0.884033 0.250000
vn 0.934326 -0.345947 0.084961
vn 0.725342 -0.597900 -0.340576
vn 0.725342 -0.597900 -0.340576
vn 0.780029 -0.621826 0.068115
vn 0.851074 -0.141602 -0.505371
vn 0.725342 -0.597900 -0.340576
vn 0.851074 -0.141602 -0.505371
vn 0.640625 0.236328 -0.730225
vn 0.640625 0.236328 -0.730225
vn 0.851074 -0.141602 -0.505371
vn 0.795166 0.602539 0.066162
vn 0.640625 0.236328 -0.730225
vn 0.795166 0.602539 0.066162
vn 0.515137 0.769287 0.377197
vn 0.515137 0.769287 0.377197
vn 0.795166 0.602539 0.066162
vn 0.616943 0.349609 0.704834
vn 0.515137 0.769287 0.377197
vn 0.616943 0.349609 0.704834
vn -0.099609 0.161621 0.981689
vn 0.394287 0.884033 0.250000
vn -0.099609 0.161621 0.981689
vn 0.616943 0.349609 0.704834
vn 0.394287 0.884033 0.250000
vn 0.616943 0.349609 0.704834
vn 0.934326 -0.345947 0.084961
vn 0.780029 -0.621826 0.068115
vn 0.934326 -0.345947 0.084961
vn 0.575928 -0.762939 0.293213
vn 0.616943 0.349609 0.704834
vn 0.795166 0.602539 0.066162
vn 0.489502 0.528320 0.693359
vn 0.795166 0.602539 0.066162
vn 0.851074 -0.141602 -0.505371
vn 0.885010 0.004395 -0.465088
vn -0.635986 -0.573975 -0.515381
vn -0.858887 -0.258301 0.441895
vn -0.851807 -0.307373 0.423584
vn -0.635986 -0.573975 -0.515381
vn -0.851807 -0.307373 0.423584
vn -0.639648 -0.521484 -0.564453
vn -0.639648 -0.521484 -0.564453
vn 0.153320 0.126465 -0.979980
vn 0.235107 0.037109 -0.971191
vn -0.635986 -0.573975 -0.515381
vn -0.639648 -0.521484 -0.564453
vn 0.235107 0.037109 -0.971191
vn 0.153320 0.126465 -0.979980
vn 0.454346 0.890625 0.004395
vn 0.560791 0.827637 -0.009766
vn 0.235107 0.037109 -0.971191
vn 0.153320 0.126465 -0.979980
vn 0.560791 0.827637 -0.009766
vn -0.282471 0.537354 0.794434
vn 0.560791 0.827637 -0.009766
vn 0.454346 0.890625 0.004395
vn -0.282471 0.537354 0.794434
vn 0.454346 0.890625 0.004395
vn -0.304443 0.485596 0.819336
vn -0.858887 -0.258301 0.441895
vn -0.282471 0.537354 0.794434
vn -0.304443 0.485596 0.819336
vn -0.858887 -0.258301 0.441895
vn -0.304443 0.485596 0.819336
vn -0.851807 -0.307373 0.423584
vn -0.817871 -0.504395 -0.275879
vn -0.781006 -0.047852 0.622559
vn -0.858887 -0.258301 0.441895
vn -0.817871 -0.504395 -0.275879
vn -0.858887 -0.258301 0.441895
vn -0.635986 -0.573975 -0.515381
vn -0.635986 -0.573975 -0.515381
vn 0.235107 0.037109 -0.971191
vn -0.028320 -0.228760 -0.972900
vn -0.817871 -0.504395 -0.275879
vn -0.635986 -0.573975 -0.515381
vn -0.028320 -0.228760 -0.972900
vn 0.235107 0.037109 -0.971191
vn 0.560791 0.827637 -0.009766
vn 0.819824 0.504150 -0.270752
vn -0.028320 -0.228760 -0.972900
vn 0.235107 0.037109 -0.971191
vn 0.819824 0.504150 -0.270752
vn 0.106689 0.573730 0.811768
vn 0.819824 0.504150 -0.270752
vn 0.560791 0.827637 -0.009766
vn 0.106689 0.573730 0.811768
vn 0.560791 0.827637 -0.009766
vn -0.282471 0.537354 0.794434
vn -0.781006 -0.047852 0.622559
vn 0.106689 0.573730 0.811768
vn -0.282471 0.537354 0.794434
vn -0.781006 -0.047852 0.622559
vn -0.282471 0.537354 0.794434
vn -0.858887 -0.258301 0.441895
vn -0.945313 -0.053467 0.321045
vn -0.785400 0.139893 0.602539
vn -0.951416 -0.095703 -0.291748
vn -0.945313 -0.053467 0.321045
vn -0.951416 -0.095703 -0.291748
vn -0.775879 -0.309814 -0.549316
vn -0.775879 -0.309814 -0.549316
vn -0.951416 -0.095703 -0.291748
vn -0.186035 -0.406494 -0.894287
vn -0.775879 -0.309814 -0.549316
vn -0.186035 -0.406494 -0.894287
vn 0.147949 -0.635986 -0.757080
vn 0.147949 -0.635986 -0.757080
vn -0.186035 -0.406494 -0.894287
vn 0.945557 -0.314941 -0.078613
vn 0.147949 -0.635986 -0.757080
vn 0.945557 -0.314941 -0.078613
vn 0.751465 -0.571045 0.329834
vn 0.751465 -0.571045 0.329834
vn 0.945557 -0.314941 -0.078613
vn 0.093018 0.104248 0.989990
vn 0.751465 -0.571045 0.329834
vn 0.093018 0.104248 0.989990
vn -0.175537 -0.137451 0.974609
vn -0.175537 -0.137451 0.974609
vn 0.093018 0.104248 0.989990
vn -0.785400 0.139893 0.602539
vn -0.175537 -0.137451 0.974609
vn -0.785400 0.139893 0.602539
vn -0.945313 -0.053467 0.321045
vn -0.377686 -0.923340 0.066895
vn -0.945313 -0.053467 0.321045
vn -0.775879 -0.309814 -0.549316
vn -0.377686 -0.923340 0.066895
vn -0.775879 -0.309814 -0.549316
vn 0.147949 -0.635986 -0.757080
vn -0.377686 -0.923340 0.066895
vn 0.147949 -0.635986 -0.757080
vn 0.751465 -0.571045 0.329834
vn -0.377686 -0.923340 0.066895
vn 0.751465 -0.571045 0.329834
vn -0.175537 -0.137451 0.974609
vn -0.377686 -0.923340 0.066895
vn -0.175537 -0.137451 0.974609
vn -0.945313 -0.053467 0.321045
vn -0.639648 -0.521484 -0.564453
vn -0.851807 -0.307373 0.423584
vn -0.960938 -0.247070 0.123047
vn -0.639648 -0.521484 -0.564453
vn -0.960938 -0.247070 0.123047
vn -0.563965 -0.343018 -0.750977
vn 0.153320 0.126465 -0.979980
vn -0.639648 -0.521484 -0.564453
vn -0.563965 -0.343018 -0.750977
vn 0.153320 0.126465 -0.979980
vn -0.563965 -0.343018 -0.750977
vn 0.369141 0.346680 -0.862061
vn 0.454346 0.890625 0.004395
vn 0.153320 0.126465 -0.979980
vn 0.369141 0.346680 -0.862061
vn 0.454346 0.890625 0.004395
vn 0.369141 0.346680 -0.862061
vn 0.365234 0.875488 0.315674
vn -0.304443 0.485596 0.819336
vn 0.454346 0.890625 0.004395
vn 0.365234 0.875488 0.315674
vn -0.304443 0.485596 0.819336
vn 0.365234 0.875488 0.315674
vn -0.544189 0.365234 0.755127
vn -0.544189 0.365234 0.755127
vn -0.960938 -0.247070 0.123047
vn -0.851807 -0.307373 0.423584
vn -0.304443 0.485596 0.819336
vn -0.544189 0.365234 0.755127
vn -0.851807 -0.307373 0.423584
vn -0.052246 0.076660 0.995605
vn -0.192139 -0.476807 0.857422
vn -0.223633 0.684814 -0.693359
vn -0.223633 0.684814 -0.693359
vn -0.129639 0.867188 -0.480469
vn -0.052246 0.076660 0.995605
vn -0.148682 0.472656 0.868408
vn -0.192139 -0.476807 0.857422
vn -0.052246 0.076660 0.995605
vn -0.148682 0.472656 0.868408
vn -0.052246 0.076660 0.995605
vn -0.197510 0.864746 0.461182
vn -0.274414 0.961426 -0.009277
vn -0.148682 0.472656 0.868408
vn -0.197510 0.864746 0.461182
vn -0.274414 0.961426 -0.009277
vn -0.197510 0.864746 0.461182
vn -0.303223 0.950439 -0.067871
vn -0.356934 0.855957 -0.373535
vn -0.274414 0.961426 -0.009277
vn -0.303223 0.950439 -0.067871
vn -0.356934 0.855957 -0.373535
vn -0.303223 0.950439 -0.067871
vn -0.350586 0.707520 -0.613281
vn -0.223633 0.684814 -0.693359
vn -0.356934 0.855957 -0.373535
vn -0.350586 0.707520 -0.613281
vn -0.223633 0.684814 -0.693359
vn -0.350586 0.707520 -0.613281
vn -0.129639 0.867188 -0.480469
vn -0.887451 -0.205078 0.412598
vn -0.798096 -0.177002 0.575684
vn -0.880127 0.297852 0.369141
vn -0.887451 -0.205078 0.412598
vn -0.880127 0.297852 0.369141
vn -0.975586 0.115723 0.186279
vn -0.880127 0.297852 0.369141
vn -0.846191 0.523438 -0.098389
vn -0.910156 0.413330 -0.022217
vn -0.975586 0.115723 0.186279
vn -0.880127 0.297852 0.369141
vn -0.910156 0.413330 -0.022217
vn -0.910156 0.413330 -0.022217
vn -0.846191 0.523438 -0.098389
vn -0.739014 0.430176 -0.518066
vn -0.910156 0.413330 -0.022217
vn -0.739014 0.430176 -0.518066
vn -0.733643 0.157959 -0.660645
vn -0.733643 0.157959 -0.660645
vn -0.739014 0.430176 -0.518066
vn -0.549316 -0.096680 -0.829834
vn -0.733643 0.157959 -0.660645
vn -0.549316 -0.096680 -0.829834
vn -0.755859 -0.162598 -0.633789
vn -0.640869 -0.658691 0.393555
vn -0.798096 -0.177002 0.575684
vn -0.887451 -0.205078 0.412598
vn -0.815430 -0.544678 0.194824
vn -0.640869 -0.658691 0.393555
vn -0.887451 -0.205078 0.412598
vn -0.635498 -0.770752 0.043457
vn -0.473633 -0.855225 -0.209473
vn -0.640869 -0.658691 0.393555
vn -0.635498 -0.770752 0.043457
vn -0.640869 -0.658691 0.393555
vn -0.815430 -0.544678 0.194824
vn -0.564697 -0.502197 -0.654785
vn -0.453857 -0.625977 -0.633789
vn -0.473633 -0.855225 -0.209473
vn -0.564697 -0.502197 -0.654785
vn -0.473633 -0.855225 -0.209473
vn -0.635498 -0.770752 0.043457
vn -0.549316 -0.096680 -0.829834
vn -0.453857 -0.625977 -0.633789
vn -0.564697 -0.502197 -0.654785
vn -0.755859 -0.162598 -0.633789
vn -0.549316 -0.096680 -0.829834
vn -0.564697 -0.502197 -0.654785
vn -0.951416 -0.095703 -0.291748
vn -0.785400 0.139893 0.602539
vn -0.859619 0.162598 0.484131
vn -0.951416 -0.095703 -0.291748
vn -0.859619 0.162598 0.484131
vn -0.736328 -0.103027 -0.668457
vn -0.736328 -0.103027 -0.668457
vn 0.345947 -0.202148 -0.916016
vn -0.186035 -0.406494 -0.894287
vn -0.951416 -0.095703 -0.291748
vn -0.736328 -0.103027 -0.668457
vn -0.186035 -0.406494 -0.894287
vn 0.345947 -0.202148 -0.916016
vn 0.997070 -0.011963 0.072754
vn 0.945557 -0.314941 -0.078613
vn -0.186035 -0.406494 -0.894287
vn 0.345947 -0.202148 -0.916016
vn 0.945557 -0.314941 -0.078613
vn 0.945557 -0.314941 -0.078613
vn 0.997070 -0.011963 0.072754
vn 0.336914 0.216064 0.916260
vn 0.945557 -0.314941 -0.078613
vn 0.336914 0.216064 0.916260
vn 0.093018 0.104248 0.989990
vn 0.093018 0.104248 0.989990
vn 0.336914 0.216064 0.916260
vn -0.859619 0.162598 0.484131
vn 0.093018 0.104248 0.989990
vn -0.859619 0.162598 0.484131
vn -0.785400 0.139893 0.602539
vn -0.925293 0.357910 -0.123535
vn -0.925293 0.357910 -0.123535
vn -0.925293 0.357910 -0.123535
vn -0.670654 -0.255615 -0.696045
vn -0.506348 -0.197998 -0.839111
vn -0.506348 -0.197998 -0.839111
vn -0.506348 -0.197998 -0.839111
vn -0.506348 -0.197998 -0.839111
vn -0.277344 -0.155762 -0.947998
vn -0.646240 -0.300049 -0.701416
vn -0.648438 -0.302002 -0.698730
vn -0.648438 -0.302002 -0.698730
vn -0.648438 -0.302002 -0.698730
vn -0.650635 -0.303711 -0.695801
vn -0.648438 -0.302002 -0.698730
vn -0.093994 -0.502930 -0.859131
vn -0.093994 -0.502930 -0.859131
vn -0.093994 -0.502930 -0.859131
vn -0.903564 0.421143 0.077881
vn -0.903564 0.421143 0.077881
vn -0.903564 0.421143 0.077881
vn -0.565430 -0.437256 -0.699219
vn -0.444824 -0.314209 -0.838379
vn -0.444824 -0.314209 -0.838379
vn -0.444824 -0.314209 -0.838379
vn -0.444824 -0.314209 -0.838379
vn -0.266602 -0.173828 -0.947754
vn -0.678223 -0.241943 -0.693848
vn -0.681152 -0.245117 -0.689453
vn -0.681152 -0.245117 -0.689453
vn -0.681152 -0.245117 -0.689453
vn -0.684326 -0.248535 -0.685303
vn -0.681152 -0.245117 -0.689453
vn -0.164795 -0.357666 -0.918945
vn -0.164795 -0.357666 -0.918945
vn -0.164795 -0.357666 -0.918945
vn -0.513184 -0.566162 -0.644775
vn -0.513184 -0.566162 -0.644775
vn -0.513184 -0.566162 -0.644775
vn -0.066650 -0.847168 -0.526855
vn 0.041504 -0.795166 -0.604736
vn 0.041504 -0.795166 -0.604736
vn 0.156006 -0.728516 -0.666748
vn 0.041504 -0.795166 -0.604736
vn 0.041504 -0.795166 -0.604736
vn -0.474365 -0.589111 -0.653809
vn -0.474854 -0.590332 -0.652344
vn -0.474854 -0.590332 -0.652344
vn -0.474854 -0.590332 -0.652344
vn -0.475098 -0.591553 -0.650879
vn -0.474854 -0.590332 -0.652344
vn -0.045410 -0.543213 -0.838135
vn -0.045410 -0.543213 -0.838135
vn -0.045410 -0.543213 -0.838135
vn -0.556396 -0.179688 -0.811035
vn -0.518799 -0.397461 -0.756592
vn -0.518799 -0.397461 -0.756592
vn -0.518799 -0.397461 -0.756592
vn -0.518799 -0.397461 -0.756592
vn -0.470215 -0.581543 -0.663330
vn -0.479248 -0.578613 -0.659668
vn -0.479248 -0.578613 -0.659668
vn -0.479248 -0.578613 -0.659668
vn -0.061035 -0.160400 -0.985107
vn -0.061035 -0.160400 -0.985107
vn -0.061035 -0.160400 -0.985107
vn -0.668213 0.724854 0.166748
vn -0.668213 0.724854 0.166748
vn -0.668213 0.724854 0.166748
vn -0.293213 -0.226318 0.928711
vn -0.057861 -0.176025 0.982422
vn -0.293213 -0.226318 0.928711
vn -0.480469 -0.289795 0.827393
vn -0.293213 -0.226318 0.928711
vn -0.293213 -0.226318 0.928711
vn -0.121826 -0.001465 0.992432
vn -0.127930 -0.000488 0.991699
vn -0.121826 -0.001465 0.992432
vn -0.121826 -0.001465 0.992432
vn -0.121826 -0.001465 0.992432
vn -0.115479 -0.002686 0.993164
vn -0.378418 -0.485107 0.788086
vn -0.378418 -0.485107 0.788086
vn -0.378418 -0.485107 0.788086
vn -0.154785 -0.987549 0.020508
vn -0.154785 -0.987549 0.020508
vn -0.154785 -0.987549 0.020508
vn -0.262451 -0.620361 -0.739014
vn -0.460449 -0.595947 -0.657471
vn -0.262451 -0.620361 -0.739014
vn -0.262451 -0.620361 -0.739014
vn -0.262451 -0.620361 -0.739014
vn -0.036377 -0.639893 -0.767334
vn -0.335693 -0.816650 -0.468994
vn -0.331787 -0.817871 -0.469727
vn -0.335693 -0.816650 -0.468994
vn -0.339600 -0.815430 -0.468262
vn -0.335693 -0.816650 -0.468994
vn -0.335693 -0.816650 -0.468994
vn -0.093994 -0.502930 -0.859131
vn -0.093994 -0.502930 -0.859131
vn -0.093994 -0.502930 -0.859131
vn -0.397949 -0.168701 -0.901611
vn -0.555664 -0.032227 -0.830566
vn -0.397949 -0.168701 -0.901611
vn -0.397949 -0.168701 -0.901611
vn -0.243408 -0.329102 -0.912109
vn -0.397949 -0.168701 -0.901611
vn -0.590576 -0.379639 -0.711670
vn -0.590576 -0.379639 -0.711670
vn -0.590576 -0.379639 -0.711670
vn -0.271973 -0.509277 -0.816406
vn -0.271973 -0.509277 -0.816406
vn -0.271973 -0.509277 -0.816406
vn -0.387939 -0.557373 -0.733887
vn -0.216309 -0.669189 -0.710693
vn -0.387939 -0.557373 -0.733887
vn -0.387939 -0.557373 -0.733887
vn -0.387939 -0.557373 -0.733887
vn -0.557617 -0.434082 -0.707275
vn -0.518799 -0.286133 -0.805176
vn -0.518799 -0.286133 -0.805176
vn -0.518799 -0.286133 -0.805176
vn -0.035400 -0.469482 -0.882080
vn -0.035400 -0.469482 -0.882080
vn -0.035400 -0.469482 -0.882080
vn -0.141602 0.234131 0.961670
vn -0.151611 -0.295898 0.942871
vn 0.569336 -0.376465 0.730713
vn 0.569336 -0.376465 0.730713
vn 0.616943 0.265869 0.740479
vn -0.141602 0.234131 0.961670
vn -0.714600 0.221680 0.663330
vn -0.736328 -0.237549 0.633301
vn -0.151611 -0.295898 0.942871
vn -0.151611 -0.295898 0.942871
vn -0.141602 0.234131 0.961670
vn -0.714600 0.221680 0.663330
vn -0.966553 0.219727 0.131592
vn -0.974365 -0.216064 0.059814
vn -0.736328 -0.237549 0.633301
vn -0.736328 -0.237549 0.633301
vn -0.714600 0.221680 0.663330
vn -0.966553 0.219727 0.131592
vn -0.868652 0.222656 -0.442139
vn -0.809570 -0.233887 -0.538330
vn -0.974365 -0.216064 0.059814
vn -0.974365 -0.216064 0.059814
vn -0.966553 0.219727 0.131592
vn -0.868652 0.222656 -0.442139
vn -0.420410 0.233398 -0.876465
vn -0.269531 -0.290039 -0.918213
vn -0.809570 -0.233887 -0.538330
vn -0.809570 -0.233887 -0.538330
vn -0.868652 0.222656 -0.442139
vn -0.420410 0.233398 -0.876465
vn 0.320068 0.260010 -0.910889
vn 0.470215 -0.371094 -0.800537
vn -0.269531 -0.290039 -0.918213
vn -0.269531 -0.290039 -0.918213
vn -0.420410 0.233398 -0.876465
vn 0.320068 0.260010 -0.910889
vn 0.937256 0.288574 -0.194580
vn 0.905518 -0.419434 -0.060791
vn 0.470215 -0.371094 -0.800537
vn 0.470215 -0.371094 -0.800537
vn 0.320068 0.260010 -0.910889
vn 0.937256 0.288574 -0.194580
vn 0.616943 0.265869 0.740479
vn 0.569336 -0.376465 0.730713
vn 0.905518 -0.419434 -0.060791
vn 0.905518 -0.419434 -0.060791
vn 0.937256 0.288574 -0.194580
vn 0.616943 0.265869 0.740479
vn 0.365234 -0.766602 0.527588
vn 0.569336 -0.376465 0.730713
vn -0.151611 -0.295898 0.942871
vn 0.365234 -0.766602 0.527588
vn -0.151611 -0.295898 0.942871
vn -0.152100 -0.685791 0.711426
vn -0.152100 -0.685791 0.711426
vn -0.151611 -0.295898 0.942871
vn -0.736328 -0.237549 0.633301
vn -0.152100 -0.685791 0.711426
vn -0.736328 -0.237549 0.633301
vn -0.613037 -0.619873 0.489502
vn -0.613037 -0.619873 0.489502
vn -0.736328 -0.237549 0.633301
vn -0.974365 -0.216064 0.059814
vn -0.613037 -0.619873 0.489502
vn -0.974365 -0.216064 0.059814
vn -0.802246 -0.595703 0.031738
vn -0.802246 -0.595703 0.031738
vn -0.974365 -0.216064 0.059814
vn -0.809570 -0.233887 -0.538330
vn -0.802246 -0.595703 0.031738
vn -0.809570 -0.233887 -0.538330
vn -0.649658 -0.619873 -0.439697
vn -0.649658 -0.619873 -0.439697
vn -0.809570 -0.233887 -0.538330
vn -0.269531 -0.290039 -0.918213
vn -0.649658 -0.619873 -0.439697
vn -0.269531 -0.290039 -0.918213
vn -0.206299 -0.686035 -0.697510
vn -0.206299 -0.686035 -0.697510
vn -0.269531 -0.290039 -0.918213
vn 0.470215 -0.371094 -0.800537
vn -0.206299 -0.686035 -0.697510
vn 0.470215 -0.371094 -0.800537
vn 0.325195 -0.767334 -0.552490
vn 0.325195 -0.767334 -0.552490
vn 0.470215 -0.371094 -0.800537
vn 0.905518 -0.419434 -0.060791
vn 0.325195 -0.767334 -0.552490
vn 0.905518 -0.419434 -0.060791
vn 0.590576 -0.806396 -0.020752
vn 0.590576 -0.806396 -0.020752
vn 0.905518 -0.419434 -0.060791
vn 0.569336 -0.376465 0.730713
vn 0.590576 -0.806396 -0.020752
vn 0.569336 -0.376465 0.730713
vn 0.365234 -0.766602 0.527588
vn 0.107910 -0.939209 0.325684
vn 0.365234 -0.766602 0.527588
vn -0.152100 -0.685791 0.711426
vn 0.107910 -0.939209 0.325684
vn -0.152100 -0.685791 0.711426
vn -0.191650 -0.888916 0.415527
vn -0.191650 -0.888916 0.415527
vn -0.152100 -0.685791 0.711426
vn -0.613037 -0.619873 0.489502
vn -0.191650 -0.888916 0.415527
vn -0.613037 -0.619873 0.489502
vn -0.457275 -0.847168 0.269775
vn -0.457275 -0.847168 0.269775
vn -0.613037 -0.619873 0.489502
vn -0.802246 -0.595703 0.031738
vn -0.457275 -0.847168 0.269775
vn -0.802246 -0.595703 0.031738
vn -0.551025 -0.834229 -0.015625
vn -0.551025 -0.834229 -0.015625
vn -0.802246 -0.595703 0.031738
vn -0.649658 -0.619873 -0.439697
vn -0.551025 -0.834229 -0.015625
vn -0.649658 -0.619873 -0.439697
vn -0.428467 -0.855469 -0.290527
vn -0.428467 -0.855469 -0.290527
vn -0.649658 -0.619873 -0.439697
vn -0.206299 -0.686035 -0.697510
vn -0.428467 -0.855469 -0.290527
vn -0.206299 -0.686035 -0.697510
vn -0.146240 -0.901855 -0.406006
vn -0.146240 -0.901855 -0.406006
vn -0.206299 -0.686035 -0.697510
vn 0.325195 -0.767334 -0.552490
vn -0.146240 -0.901855 -0.406006
vn 0.325195 -0.767334 -0.552490
vn 0.144043 -0.949463 -0.278564
vn 0.144043 -0.949463 -0.278564
vn 0.325195 -0.767334 -0.552490
vn 0.590576 -0.806396 -0.020752
vn 0.144043 -0.949463 -0.278564
vn 0.590576 -0.806396 -0.020752
vn 0.255371 -0.966064 0.032715
vn 0.255371 -0.966064 0.032715
vn 0.590576 -0.806396 -0.020752
vn 0.365234 -0.766602 0.527588
vn 0.255371 -0.966064 0.032715
vn 0.365234 -0.766602 0.527588
vn 0.107910 -0.939209 0.325684
vn -0.430664 0.901855 0.025879
vn -0.141602 0.234131 0.961670
vn 0.616943 0.265869 0.740479
vn -0.430664 0.901855 0.025879
vn -0.714600 0.221680 0.663330
vn -0.141602 0.234131 0.961670
vn -0.430664 0.901855 0.025879
vn -0.966553 0.219727 0.131592
vn -0.714600 0.221680 0.663330
vn -0.430664 0.901855 0.025879
vn -0.868652 0.222656 -0.442139
vn -0.966553 0.219727 0.131592
vn -0.430664 0.901855 0.025879
vn -0.420410 0.233398 -0.876465
vn -0.868652 0.222656 -0.442139
vn -0.430664 0.901855 0.025879
vn 0.320068 0.260010 -0.910889
vn -0.420410 0.233398 -0.876465
vn -0.430664 0.901855 0.025879
vn 0.937256 0.288574 -0.194580
vn 0.320068 0.260010 -0.910889
vn -0.430664 0.901855 0.025879
vn 0.616943 0.265869 0.740479
vn 0.937256 0.288574 -0.194580
vn -0.165771 -0.986084 0.006592
vn 0.107910 -0.939209 0.325684
vn -0.191650 -0.888916 0.415527
vn -0.165771 -0.986084 0.006592
vn -0.191650 -0.888916 0.415527
vn -0.457275 -0.847168 0.269775
vn -0.165771 -0.986084 0.006592
vn -0.457275 -0.847168 0.269775
vn -0.551025 -0.834229 -0.015625
vn -0.165771 -0.986084 0.006592
vn -0.551025 -0.834229 -0.015625
vn -0.428467 -0.855469 -0.290527
vn -0.165771 -0.986084 0.006592
vn -0.428467 -0.855469 -0.290527
vn -0.146240 -0.901855 -0.406006
vn -0.165771 -0.986084 0.006592
vn -0.146240 -0.901855 -0.406006
vn 0.144043 -0.949463 -0.278564
vn -0.165771 -0.986084 0.006592
vn 0.144043 -0.949463 -0.278564
vn 0.255371 -0.966064 0.032715
vn -0.165771 -0.986084 0.006592
vn 0.255371 -0.966064 0.032715
vn 0.107910 -0.939209 0.325684
usemtl Texture
f 1/1/1 2/2/2 3/3/3
f 4/4/4 5/5/5 6/6/6
f 7/7/7 8/8/8 9/9/9
f 10/10/10 11/11/11 12/12/12
f 13/13/13 14/14/14 15/15/15
f 16/16/16 17/17/17 18/18/18
f 19/19/19 20/20/20 21/21/21
f 22/22/22 23/23/23 24/24/24
f 25/25/25 26/26/26 27/27/27
f 28/28/28 29/29/29 30/30/30
f 31/31/31 32/32/32 33/33/33
f 34/34/34 35/35/35 36/36/36
f 37/37/37 38/38/38 39/39/39
f 40/40/40 41/41/41 42/42/42
f 43/43/43 44/44/44 45/45/45
f 46/46/46 47/47/47 48/48/48
f 49/49/49 50/50/50 51/51/51
f 52/52/52 53/53/53 54/54/54
f 55/55/55 56/56/56 57/57/57
f 58/58/58 59/59/59 60/60/60
f 61/61/61 62/62/62 63/63/63
f 64/64/64 65/65/65 66/66/66
f 67/67/67 68/68/68 69/69/69
f 70/70/70 71/71/71 72/72/72
f 73/73/73 74/74/74 75/75/75
f 76/76/76 77/77/77 78/78/78
f 79/79/79 80/80/80 81/81/81
f 82/82/82 83/83/83 84/84/84
f 85/85/85 86/86/86 87/87/87
f 88/88/88 89/89/89 90/90/90
f 91/91/91 92/92/92 93/93/93
f 94/94/94 95/95/95 96/96/96
f 97/97/97 98/98/98 99/99/99
f 100/100/100 101/101/101 102/102/102
f 103/103/103 104/104/104 105/105/105
f 106/106/106 107/107/107 108/108/108
f 109/109/109 110/110/110 111/111/111
f 112/112/112 113/113/113 114/114/114
f 115/115/115 116/116/116 117/117/117
f 118/118/118 119/119/119 120/120/120
f 121/121/121 122/122/122 123/123/123
f 124/124/124 125/125/125 126/126/126
f 127/127/127 128/128/128 129/129/129
f 130/130/130 131/131/131 132/132/132
f 133/133/133 134/134/134 135/135/135
f 136/136/136 137/137/137 138/138/138
f 139/139/139 140/140/140 141/141/141
f 142/142/142 143/143/143 144/144/144
f 145/145/145 146/146/146 147/147/147
f 148/148/148 149/149/149 150/150/150
f 151/151/151 152/152/152 153/153/153
f 154/154/154 155/155/155 156/156/156
f 157/157/157 158/158/158 159/159/159
f 160/160/160 161/161/161 162/162/162
f 163/163/163 164/164/164 165/165/165
f 166/166/166 167/167/167 168/168/168
f 169/169/169 170/170/170 171/171/171
f 172/172/172 173/173/173 174/174/174
f 175/175/175 176/176/176 177/177/177
f 178/178/178 179/179/179 180/180/180
f 181/181/181 182/182/182 183/183/183
f 184/184/184 185/185/185 186/186/186
f 187/187/187 188/188/188 189/189/189
f 190/190/190 191/191/191 192/192/192
f 193/193/193 194/194/194 195/195/195
f 196/196/196 197/197/197 198/198/198
f 199/199/199 200/200/200 201/201/201
f 202/202/202 203/203/203 204/204/204
f 205/205/205 206/206/206 207/207/207
f 208/208/208 209/209/209 210/210/210
f 211/211/211 212/212/212 213/213/213
f 214/214/214 215/215/215 216/216/216
f 217/217/217 218/218/218 219/219/219
f 220/220/220 221/221/221 222/222/222
f 223/223/223 224/224/224 225/225/225
f 226/226/226 227/227/227 228/228/228
f 229/229/229 230/230/230 231/231/231
f 232/232/232 233/233/233 234/234/234
f 235/235/235 236/236/236 237/237/237
f 238/238/238 239/239/239 240/240/240
f 241/241/241 242/242/242 243/243/243
f 244/244/244 245/245/245 246/246/246
f 247/247/247 248/248/248 249/249/249
f 250/250/250 251/251/251 252/252/252
f 253/253/253 254/254/254 255/255/255
f 256/256/256 257/257/257 258/258/258
f 259/259/259 260/260/260 261/261/261
f 262/262/262 263/263/263 264/264/264
f 265/265/265 266/266/266 267/267/267
f 268/268/268 269/269/269 270/270/270
f 271/271/271 272/272/272 273/273/273
f 274/274/274 275/275/275 276/276/276
f 277/277/277 278/278/278 279/279/279
f 280/280/280 281/281/281 282/282/282
f 283/283/283 284/284/284 285/285/285
f 286/286/286 287/287/287 288/288/288
f 289/289/289 290/290/290 291/291/291
f 292/292/292 293/293/293 294/294/294
f 295/295/295 296/296/296 297/297/297
f 298/298/298 299/299/299 300/300/300
f 301/301/301 302/302/302 303/303/303
f 304/304/304 305/305/305 306/306/306
f 307/307/307 308/308/308 309/309/309
f 310/310/310 311/311/311 312/312/312
f 313/313/313 314/314/314 315/315/315
f 316/316/316 317/317/317 318/318/318
f 319/319/319 320/320/320 321/321/321
f 322/322/322 323/323/323 324/324/324
f 325/325/325 326/326/326 327/327/327
f 328/328/328 329/329/329 330/330/330
f 331/331/331 332/332/332 333/333/333
f 334/334/334 335/335/335 336/336/336
f 337/337/337 338/338/338 339/339/339
f 340/340/340 341/341/341 342/342/342
f 343/343/343 344/344/344 345/345/345
f 346/346/346 347/347/347 348/348/348
f 349/349/349 350/350/350 351/351/351
f 352/352/352 353/353/353 354/354/354
f 355/355/355 356/356/356 357/357/357
f 358/358/358 359/359/359 360/360/360
f 361/361/361 362/362/362 363/363/363
f 364/364/364 365/365/365 366/366/366
f 367/367/367 368/368/368 369/369/369
f 370/370/370 371/371/371 372/372/372
f 373/373/373 374/374/374 375/375/375
f 376/376/376 377/377/377 378/378/378
f 379/379/379 380/380/380 381/381/381
f 382/382/382 383/383/383 384/384/384
f 385/385/385 386/386/386 387/387/387
f 388/388/388 389/389/389 390/390/390
f 391/391/391 392/392/392 393/393/393
f 394/394/394 395/395/395 396/396/396
f 397/397/397 398/398/398 399/399/399
f 400/400/400 401/401/401 402/402/402
f 403/403/403 404/404/404 405/405/405
f 406/406/406 407/407/407 408/408/408
f 409/409/409 410/410/410 411/411/411
f 412/412/412 413/413/413 414/414/414
f 415/415/415 416/416/416 417/417/417
f 418/418/418 419/419/419 420/420/420
f 421/421/421 422/422/422 423/423/423
f 424/424/424 425/425/425 426/426/426
f 427/427/427 428/428/428 429/429/429
f 430/430/430 431/431/431 432/432/432
f 433/433/433 434/434/434 435/435/435
f 436/436/436 437/437/437 438/438/438
f 439/439/439 440/440/440 441/441/441
f 442/442/442 443/443/443 444/444/444
f 445/445/445 446/446/446 447/447/447
f 448/448/448 449/449/449 450/450/450
f 451/451/451 452/452/452 453/453/453
f 454/454/454 455/455/455 456/456/456
f 457/457/457 458/458/458 459/459/459
f 460/460/460 461/461/461 462/462/462
f 463/463/463 464/464/464 465/465/465
f 466/466/466 467/467/467 468/468/468
f 469/469/469 470/470/470 471/471/471
f 472/472/472 473/473/473 474/474/474
f 475/475/475 476/476/476 477/477/477
f 478/478/478 479/479/479 480/480/480
f 481/481/481 482/482/482 483/483/483
f 484/484/484 485/485/485 486/486/486
f 487/487/487 488/488/488 489/489/489
f 490/490/490 491/491/491 492/492/492
f 493/493/493 494/494/494 495/495/495
f 496/496/496 497/497/497 498/498/498
f 499/499/499 500/500/500 501/501/501
f 502/502/502 503/503/503 504/504/504
f 505/505/505 506/506/506 507/507/507
f 508/508/508 509/509/509 510/510/510
f 511/511/511 512/512/512 513/513/513
f 514/514/514 515/515/515 516/516/516
f 517/517/517 518/518/518 519/519/519
f 520/520/520 521/521/521 522/522/522
f 523/523/523 524/524/524 525/525/525
f 526/526/526 527/527/527 528/528/528
f 529/529/529 530/530/530 531/531/531
f 532/532/532 533/533/533 534/534/534
f 535/535/535 536/536/536 537/537/537
f 538/538/538 539/539/539 540/540/540
f 541/541/541 542/542/542 543/543/543
f 544/544/544 545/545/545 546/546/546
f 547/547/547 548/548/548 549/549/549
f 550/550/550 551/551/551 552/552/552
f 553/553/553 554/554/554 555/555/555
f 556/556/556 557/557/557 558/558/558
f 559/559/559 560/560/560 561/561/561
f 562/562/562 563/563/563 564/564/564
f 565/565/565 566/566/566 567/567/567
f 568/568/568 569/569/569 570/570/570
f 571/571/571 572/572/572 573/573/573
f 574/574/574 575/575/575 576/576/576
f 577/577/577 578/578/578 579/579/579
f 580/580/580 581/581/581 582/582/582
f 583/583/583 584/584/584 585/585/585
f 586/586/586 587/587/587 588/588/588
f 589/589/589 590/590/590 591/591/591
f 592/592/592 593/593/593 594/594/594
f 595/595/595 596/596/596 597/597/597
f 598/598/598 599/599/599 600/600/600
f 601/601/601 602/602/602 603/603/603
f 604/604/604 605/605/605 606/606/606
f 607/607/607 608/608/608 609/609/609
f 610/610/610 611/611/611 612/612/612
f 613/613/613 614/614/614 615/615/615
f 616/616/616 617/617/617 618/618/618
f 619/619/619 620/620/620 621/621/621
f 622/622/622 623/623/623 624/624/624
f 625/625/625 626/626/626 627/627/627
f 628/628/628 629/629/629 630/630/630
f 631/631/631 632/632/632 633/633/633
f 634/634/634 635/635/635 636/636/636
f 637/637/637 638/638/638 639/639/639
f 640/640/640 641/641/641 642/642/642
f 643/643/643 644/644/644 645/645/645
f 646/646/646 647/647/647 648/648/648
f 649/649/649 650/650/650 651/651/651
f 652/652/652 653/653/653 654/654/654
f 655/655/655 656/656/656 657/657/657
f 658/658/658 659/659/659 660/660/660
f 661/661/661 662/662/662 663/663/663
f 664/664/664 665/665/665 666/666/666
f 667/667/667 668/668/668 669/669/669
f 670/670/670 671/671/671 672/672/672
f 673/673/673 674/674/674 675/675/675
f 676/676/676 677/677/677 678/678/678
f 679/679/679 680/680/680 681/681/681
f 682/682/682 683/683/683 684/684/684
f 685/685/685 686/686/686 687/687/687
f 688/688/688 689/689/689 690/690/690
f 691/691/691 692/692/692 693/693/693
f 694/694/694 695/695/695 696/696/696
f 697/697/697 698/698/698 699/699/699
f 700/700/700 701/701/701 702/702/702
f 703/703/703 704/704/704 705/705/705
f 706/706/706 707/707/707 708/708/708
f 709/709/709 710/710/710 711/711/711
f 712/712/712 713/713/713 714/714/714
f 715/715/715 716/716/716 717/717/717
f 718/718/718 719/719/719 720/720/720
f 721/721/721 722/722/722 723/723/723
f 724/724/724 725/725/725 726/726/726
f 727/727/727 728/728/728 729/729/729
f 730/730/730 731/731/731 732/732/732
f 733/733/733 734/734/734 735/735/735
f 736/736/736 737/737/737 738/738/738
f 739/739/739 740/740/740 741/741/741
f 742/742/742 743/743/743 744/744/744
f 745/745/745 746/746/746 747/747/747
f 748/748/748 749/749/749 750/750/750
f 751/751/751 752/752/752 753/753/753
f 754/754/754 755/755/755 756/756/756
f 757/757/757 758/758/758 759/759/759
f 760/760/760 761/761/761 762/762/762
f 763/763/763 764/764/764 765/765/765
f 766/766/766 767/767/767 768/768/768
f 769/769/769 770/770/770 771/771/771
f 772/772/772 773/773/773 774/774/774
f 775/775/775 776/776/776 777/777/777
f 778/778/778 779/779/779 780/780/780
f 781/781/781 782/782/782 783/783/783
f 784/784/784 785/785/785 786/786/786
f 787/787/787 788/788/788 789/789/789
f 790/790/790 791/791/791 792/792/792
f 793/793/793 794/794/794 795/795/795
f 796/796/796 797/797/797 798/798/798
f 799/799/799 800/800/800 801/801/801
f 802/802/802 803/803/803 804/804/804
f 805/805/805 806/806/806 807/807/807
f 808/808/808 809/809/809 810/810/810
f 811/811/811 812/812/812 813/813/813
f 814/814/814 815/815/815 816/816/816
f 817/817/817 818/818/818 819/819/819
f 820/820/820 821/821/821 822/822/822
f 823/823/823 824/824/824 825/825/825
f 826/826/826 827/827/827 828/828/828
f 829/829/829 830/830/830 831/831/831
f 832/832/832 833/833/833 834/834/834
f 835/835/835 836/836/836 837/837/837
f 838/838/838 839/839/839 840/840/840
f 841/841/841 842/842/842 843/843/843
f 844/844/844 845/845/845 846/846/846
f 847/847/847 848/848/848 849/849/849
f 850/850/850 851/851/851 852/852/852
f 853/853/853 854/854/854 855/855/855
f 856/856/856 857/857/857 858/858/858
f 859/859/859 860/860/860 861/861/861
f 862/862/862 863/863/863 864/864/864
f 865/865/865 866/866/866 867/867/867
f 868/868/868 869/869/869 870/870/870
f 871/871/871 872/872/872 873/873/873
f 874/874/874 875/875/875 876/876/876
f 877/877/877 878/878/878 879/879/879
f 880/880/880 881/881/881 882/882/882
f 883/883/883 884/884/884 885/885/885
f 886/886/886 887/887/887 888/888/888
f 889/889/889 890/890/890 891/891/891
f 892/892/892 893/893/893 894/894/894
f 895/895/895 896/896/896 897/897/897
f 898/898/898 899/899/899 900/900/900
f 901/901/901 902/902/902 903/903/903
f 904/904/904 905/905/905 906/906/906
f 907/907/907 908/908/908 909/909/909
f 910/910/910 911/911/911 912/912/912
f 913/913/913 914/914/914 915/915/915
f 916/916/916 917/917/917 918/918/918
f 919/919/919 920/920/920 921/921/921
f 922/922/922 923/923/923 924/924/924
f 925/925/925 926/926/926 927/927/927
f 928/928/928 929/929/929 930/930/930
f 931/931/931 932/932/932 933/933/933
f 934/934/934 935/935/935 936/936/936
f 937/937/937 938/938/938 939/939/939
f 940/940/940 941/941/941 942/942/942
f 943/943/943 944/944/944 945/945/945
f 946/946/946 947/947/947 948/948/948
f 949/949/949 950/950/950 951/951/951
f 952/952/952 953/953/953 954/954/954
f 955/955/955 956/956/956 957/957/957
f 958/958/958 959/959/959 960/960/960
f 961/961/961 962/962/962 963/963/963
f 964/964/964 965/965/965 966/966/966
f 967/967/967 968/968/968 969/969/969
f 970/970/970 971/971/971 972/972/972
f 973/973/973 974/974/974 975/975/975
f 976/976/976 977/977/977 978/978/978
f 979/979/979 980/980/980 981/981/981
f 982/982/982 983/983/983 984/984/984
f 985/985/985 986/986/986 987/987/987
f 988/988/988 989/989/989 990/990/990
f 991/991/991 992/992/992 993/993/993
f 994/994/994 995/995/995 996/996/996
f 997/997/997 998/998/998 999/999/999
f 1000/1000/1000 1001/1001/1001 1002/1002/1002
f 1003/1003/1003 1004/1004/1004 1005/1005/1005
f 1006/1006/1006 1007/1007/1007 1008/1008/1008
f 1009/1009/1009 1010/1010/1010 1011/1011/1011
f 1012/1012/1012 1013/1013/1013 1014/1014/1014
f 1015/1015/1015 1016/1016/1016 1017/1017/1017
f 1018/1018/1018 1019/1019/1019 1020/1020/1020
f 1021/1021/1021 1022/1022/1022 1023/1023/1023
f 1024/1024/1024 1025/1025/1025 1026/1026/1026
f 1027/1027/1027 1028/1028/1028 1029/1029/1029
f 1030/1030/1030 1031/1031/1031 1032/1032/1032
f 1033/1033/1033 1034/1034/1034 1035/1035/1035
f 1036/1036/1036 1037/1037/1037 1038/1038/1038
f 1039/1039/1039 1040/1040/1040 1041/1041/1041
f 1042/1042/1042 1043/1043/1043 1044/1044/1044
f 1045/1045/1045 1046/1046/1046 1047/1047/1047
f 1048/1048/1048 1049/1049/1049 1050/1050/1050
f 1051/1051/1051 1052/1052/1052 1053/1053/1053
f 1054/1054/1054 1055/1055/1055 1056/1056/1056
f 1057/1057/1057 1058/1058/1058 1059/1059/1059
f 1060/1060/1060 1061/1061/1061 1062/1062/1062
f 1063/1063/1063 1064/1064/1064 1065/1065/1065
f 1066/1066/1066 1067/1067/1067 1068/1068/1068
f 1069/1069/1069 1070/1070/1070 1071/1071/1071
f 1072/1072/1072 1073/1073/1073 1074/1074/1074
f 1075/1075/1075 1076/1076/1076 1077/1077/1077
f 1078/1078/1078 1079/1079/1079 1080/1080/1080
f 1081/1081/1081 1082/1082/1082 1083/1083/1083
f 1084/1084/1084 1085/1085/1085 1086/1086/1086
f 1087/1087/1087 1088/1088/1088 1089/1089/1089
f 1090/1090/1090 1091/1091/1091 1092/1092/1092
f 1093/1093/1093 1094/1094/1094 1095/1095/1095
f 1096/1096/1096 1097/1097/1097 1098/1098/1098
f 1099/1099/1099 1100/1100/1100 1101/1101/1101
f 1102/1102/1102 1103/1103/1103 1104/1104/1104
f 1105/1105/1105 1106/1106/1106 1107/1107/1107
f 1108/1108/1108 1109/1109/1109 1110/1110/1110
f 1111/1111/1111 1112/1112/1112 1113/1113/1113
f 1114/1114/1114 1115/1115/1115 1116/1116/1116
f 1117/1117/1117 1118/1118/1118 1119/1119/1119
f 1120/1120/1120 1121/1121/1121 1122/1122/1122
f 1123/1123/1123 1124/1124/1124 1125/1125/1125
f 1126/1126/1126 1127/1127/1127 1128/1128/1128
f 1129/1129/1129 1130/1130/1130 1131/1131/1131
f 1132/1132/1132 1133/1133/1133 1134/1134/1134
f 1135/1135/1135 1136/1136/1136 1137/1137/1137
f 1138/1138/1138 1139/1139/1139 1140/1140/1140
f 1141/1141/1141 1142/1142/1142 1143/1143/1143
f 1144/1144/1144 1145/1145/1145 1146/1146/1146
f 1147/1147/1147 1148/1148/1148 1149/1149/1149
f 1150/1150/1150 1151/1151/1151 1152/1152/1152
f 1153/1153/1153 1154/1154/1154 1155/1155/1155
f 1156/1156/1156 1157/1157/1157 1158/1158/1158
f 1159/1159/1159 1160/1160/1160 1161/1161/1161
f 1162/1162/1162 1163/1163/1163 1164/1164/1164
f 1165/1165/1165 1166/1166/1166 1167/1167/1167
f 1168/1168/1168 1169/1169/1169 1170/1170/1170
f 1171/1171/1171 1172/1172/1172 1173/1173/1173
f 1174/1174/1174 1175/1175/1175 1176/1176/1176
f 1177/1177/1177 1178/1178/1178 1179/1179/1179
f 1180/1180/1180 1181/1181/1181 1182/1182/1182
f 1183/1183/1183 1184/1184/1184 1185/1185/1185
f 1186/1186/1186 1187/1187/1187 1188/1188/1188
f 1189/1189/1189 1190/1190/1190 1191/1191/1191
f 1192/1192/1192 1193/1193/1193 1194/1194/1194
f 1195/1195/1195 1196/1196/1196 1197/1197/1197
f 1198/1198/1198 1199/1199/1199 1200/1200/1200
f 1201/1201/1201 1202/1202/1202 1203/1203/1203
f 1204/1204/1204 1205/1205/1205 1206/1206/1206
f 1207/1207/1207 1208/1208/1208 1209/1209/1209
f 1210/1210/1210 1211/1211/1211 1212/1212/1212
f 1213/1213/1213 1214/1214/1214 1215/1215/1215
f 1216/1216/1216 1217/1217/1217 1218/1218/1218
f 1219/1219/1219 1220/1220/1220 1221/1221/1221
f 1222/1222/1222 1223/1223/1223 1224/1224/1224
f 1225/1225/1225 1226/1226/1226 1227/1227/1227
f 1228/1228/1228 1229/1229/1229 1230/1230/1230
f 1231/1231/1231 1232/1232/1232 1233/1233/1233
f 1234/1234/1234 1235/1235/1235 1236/1236/1236
f 1237/1237/1237 1238/1238/1238 1239/1239/1239
f 1240/1240/1240 1241/1241/1241 1242/1242/1242
f 1243/1243/1243 1244/1244/1244 1245/1245/1245
f 1246/1246/1246 1247/1247/1247 1248/1248/1248
f 1249/1249/1249 1250/1250/1250 1251/1251/1251
f 1252/1252/1252 1253/1253/1253 1254/1254/1254
f 1255/1255/1255 1256/1256/1256 1257/1257/1257
f 1258/1258/1258 1259/1259/1259 1260/1260/1260
f 1261/1261/1261 1262/1262/1262 1263/1263/1263
f 1264/1264/1264 1265/1265/1265 1266/1266/1266
f 1267/1267/1267 1268/1268/1268 1269/1269/1269
f 1270/1270/1270 1271/1271/1271 1272/1272/1272
f 1273/1273/1273 1274/1274/1274 1275/1275/1275
f 1276/1276/1276 1277/1277/1277 1278/1278/1278
f 1279/1279/1279 1280/1280/1280 1281/1281/1281
f 1282/1282/1282 1283/1283/1283 1284/1284/1284
f 1285/1285/1285 1286/1286/1286 1287/1287/1287
f 1288/1288/1288 1289/1289/1289 1290/1290/1290
f 1291/1291/1291 1292/1292/1292 1293/1293/1293
f 1294/1294/1294 1295/1295/1295 1296/1296/1296
f 1297/1297/1297 1298/1298/1298 1299/1299/1299
f 1300/1300/1300 1301/1301/1301 1302/1302/1302
f 1303/1303/1303 1304/1304/1304 1305/1305/1305
f 1306/1306/1306 1307/1307/1307 1308/1308/1308
f 1309/1309/1309 1310/1310/1310 1311/1311/1311
f 1312/1312/1312 1313/1313/1313 1314/1314/1314
f 1315/1315/1315 1316/1316/1316 1317/1317/1317
f 1318/1318/1318 1319/1319/1319 1320/1320/1320
f 1321/1321/1321 1322/1322/1322 1323/1323/1323
f 1324/1324/1324 1325/1325/1325 1326/1326/1326
f 1327/1327/1327 1328/1328/1328 1329/1329/1329
f 1330/1330/1330 1331/1331/1331 1332/1332/1332
f 1333/1333/1333 1334/1334/1334 1335/1335/1335
f 1336/1336/1336 1337/1337/1337 1338/1338/1338
f 1339/1339/1339 1340/1340/1340 1341/1341/1341
f 1342/1342/1342 1343/1343/1343 1344/1344/1344
f 1345/1345/1345 1346/1346/1346 1347/1347/1347
f 1348/1348/1348 1349/1349/1349 1350/1350/1350
f 1351/1351/1351 1352/1352/1352 1353/1353/1353
f 1354/1354/1354 1355/1355/1355 1356/1356/1356
f 1357/1357/1357 1358/1358/1358 1359/1359/1359
f 1360/1360/1360 1361/1361/1361 1362/1362/1362
f 1363/1363/1363 1364/1364/1364 1365/1365/1365
f 1366/1366/1366 1367/1367/1367 1368/1368/1368