# OBJ file
mtllib wp6_vs.ico.mtl
v -0.565430 0.000000 1.555176 1.000000 1.000000 1.000000 #0.831373
v -1.385254 0.000000 0.747070 1.000000 1.000000 1.000000 #0.815686
v 0.000000 0.000000 0.161377 1.000000 1.000000 1.000000 #0.784314
v -1.385254 0.000000 0.747070 1.000000 1.000000 1.000000 #0.831373
v -0.565430 0.000000 1.555176 1.000000 1.000000 1.000000 #0.815686
v -0.565430 1.016357 1.555176 1.000000 1.000000 1.000000 #0.784314
v -1.385254 0.000000 0.747070 1.000000 1.000000 1.000000 #0.831373
v -0.565430 1.016357 1.555176 1.000000 1.000000 1.000000 #0.784314
v -1.385254 1.016357 0.747070 1.000000 1.000000 1.000000 #1.000000
v -1.385254 1.016357 0.747070 1.000000 1.000000 1.000000 #0.831373
v -0.565430 1.016357 1.555176 1.000000 1.000000 1.000000 #0.815686
v 0.000000 1.016357 0.161377 1.000000 1.000000 1.000000 #0.784314
v 0.585693 0.000000 1.546631 1.000000 1.000000 1.000000 #0.831373
v -0.565430 0.000000 1.555176 1.000000 1.000000 1.000000 #0.815686
v 0.000000 0.000000 0.161377 1.000000 1.000000 1.000000 #0.784314
v -0.565430 0.000000 1.555176 1.000000 1.000000 1.000000 #0.831373
v 0.585693 0.000000 1.546631 1.000000 1.000000 1.000000 #0.815686
v 0.585693 1.016357 1.546631 1.000000 1.000000 1.000000 #0.784314
v -0.565430 0.000000 1.555176 1.000000 1.000000 1.000000 #0.831373
v 0.585693 1.016357 1.546631 1.000000 1.000000 1.000000 #0.784314
v -0.565430 1.016357 1.555176 1.000000 1.000000 1.000000 #1.000000
v -0.565430 1.016357 1.555176 1.000000 1.000000 1.000000 #0.831373
v 0.585693 1.016357 1.546631 1.000000 1.000000 1.000000 #0.815686
v 0.000000 1.016357 0.161377 1.000000 1.000000 1.000000 #0.784314
v 1.393555 0.000000 0.726807 1.000000 1.000000 1.000000 #0.831373
v 0.585693 0.000000 1.546631 1.000000 1.000000 1.000000 #0.815686
v 0.000000 0.000000 0.161377 1.000000 1.000000 1.000000 #0.784314
v 0.585693 0.000000 1.546631 1.000000 1.000000 1.000000 #0.831373
v 1.393555 0.000000 0.726807 1.000000 1.000000 1.000000 #0.815686
v 1.393555 1.016357 0.726807 1.000000 1.000000 1.000000 #0.784314
v 0.585693 0.000000 1.546631 1.000000 1.000000 1.000000 #0.831373
v 1.393555 1.016357 0.726807 1.000000 1.000000 1.000000 #0.784314
v 0.585693 1.016357 1.546631 1.000000 1.000000 1.000000 #1.000000
v 0.585693 1.016357 1.546631 1.000000 1.000000 1.000000 #0.831373
v 1.393555 1.016357 0.726807 1.000000 1.000000 1.000000 #0.815686
v 0.000000 1.016357 0.161377 1.000000 1.000000 1.000000 #0.784314
v 1.385254 0.000000 -0.424072 1.000000 1.000000 1.000000 #0.831373
v 1.393555 0.000000 0.726807 1.000000 1.000000 1.000000 #0.815686
v 0.000000 0.000000 0.161377 1.000000 1.000000 1.000000 #0.784314
v 1.393555 0.000000 0.726807 1.000000 1.000000 1.000000 #0.831373
v 1.385254 0.000000 -0.424072 1.000000 1.000000 1.000000 #0.815686
v 1.385254 1.016357 -0.424072 1.000000 1.000000 1.000000 #0.784314
v 1.393555 0.000000 0.726807 1.000000 1.000000 1.000000 #0.831373
v 1.385254 1.016357 -0.424072 1.000000 1.000000 1.000000 #0.784314
v 1.393555 1.016357 0.726807 1.000000 1.000000 1.000000 #1.000000
v 1.393555 1.016357 0.726807 1.000000 1.000000 1.000000 #0.831373
v 1.385254 1.016357 -0.424072 1.000000 1.000000 1.000000 #0.815686
v 0.000000 1.016357 0.161377 1.000000 1.000000 1.000000 #0.784314
v 0.565430 0.000000 -1.232178 1.000000 1.000000 1.000000 #0.831373
v 1.385254 0.000000 -0.424072 1.000000 1.000000 1.000000 #0.815686
v 0.000000 0.000000 0.161377 1.000000 1.000000 1.000000 #0.784314
v 1.385254 0.000000 -0.424072 1.000000 1.000000 1.000000 #0.831373
v 0.565430 0.000000 -1.232178 1.000000 1.000000 1.000000 #0.815686
v 0.565430 1.016357 -1.232178 1.000000 1.000000 1.000000 #0.784314
v 1.385254 0.000000 -0.424072 1.000000 1.000000 1.000000 #0.831373
v 0.565430 1.016357 -1.232178 1.000000 1.000000 1.000000 #0.784314
v 1.385254 1.016357 -0.424072 1.000000 1.000000 1.000000 #1.000000
v 1.385254 1.016357 -0.424072 1.000000 1.000000 1.000000 #0.831373
v 0.565430 1.016357 -1.232178 1.000000 1.000000 1.000000 #0.815686
v 0.000000 1.016357 0.161377 1.000000 1.000000 1.000000 #0.784314
v -0.585693 0.000000 -1.223877 1.000000 1.000000 1.000000 #0.831373
v 0.565430 0.000000 -1.232178 1.000000 1.000000 1.000000 #0.815686
v 0.000000 0.000000 0.161377 1.000000 1.000000 1.000000 #0.784314
v 0.565430 0.000000 -1.232178 1.000000 1.000000 1.000000 #0.831373
v -0.585693 0.000000 -1.223877 1.000000 1.000000 1.000000 #0.815686
v -0.585693 1.016357 -1.223877 1.000000 1.000000 1.000000 #0.784314
v 0.565430 0.000000 -1.232178 1.000000 1.000000 1.000000 #0.831373
v -0.585693 1.016357 -1.223877 1.000000 1.000000 1.000000 #0.784314
v 0.565430 1.016357 -1.232178 1.000000 1.000000 1.000000 #1.000000
v 0.565430 1.016357 -1.232178 1.000000 1.000000 1.000000 #0.831373
v -0.585693 1.016357 -1.223877 1.000000 1.000000 1.000000 #0.815686
v 0.000000 1.016357 0.161377 1.000000 1.000000 1.000000 #0.784314
v -1.393555 0.000000 -0.403809 1.000000 1.000000 1.000000 #0.831373
v -0.585693 0.000000 -1.223877 1.000000 1.000000 1.000000 #0.815686
v 0.000000 0.000000 0.161377 1.000000 1.000000 1.000000 #0.784314
v -0.585693 0.000000 -1.223877 1.000000 1.000000 1.000000 #0.831373
v -1.393555 0.000000 -0.403809 1.000000 1.000000 1.000000 #0.815686
v -1.393555 1.016357 -0.403809 1.000000 1.000000 1.000000 #0.784314
v -0.585693 0.000000 -1.223877 1.000000 1.000000 1.000000 #0.831373
v -1.393555 1.016357 -0.403809 1.000000 1.000000 1.000000 #0.784314
v -0.585693 1.016357 -1.223877 1.000000 1.000000 1.000000 #1.000000
v -0.585693 1.016357 -1.223877 1.000000 1.000000 1.000000 #0.831373
v -1.393555 1.016357 -0.403809 1.000000 1.000000 1.000000 #0.815686
v 0.000000 1.016357 0.161377 1.000000 1.000000 1.000000 #0.784314
v -1.385254 0.000000 0.747070 1.000000 1.000000 1.000000 #0.831373
v -1.393555 0.000000 -0.403809 1.000000 1.000000 1.000000 #0.815686
v 0.000000 0.000000 0.161377 1.000000 1.000000 1.000000 #0.784314
v -1.393555 0.000000 -0.403809 1.000000 1.000000 1.000000 #0.831373
v -1.385254 0.000000 0.747070 1.000000 1.000000 1.000000 #0.815686
v -1.385254 1.016357 0.747070 1.000000 1.000000 1.000000 #0.784314
v -1.393555 0.000000 -0.403809 1.000000 1.000000 1.000000 #0.831373
v -1.385254 1.016357 0.747070 1.000000 1.000000 1.000000 #0.784314
v -1.393555 1.016357 -0.403809 1.000000 1.000000 1.000000 #1.000000
v -1.393555 1.016357 -0.403809 1.000000 1.000000 1.000000 #0.831373
v -1.385254 1.016357 0.747070 1.000000 1.000000 1.000000 #0.815686
v 0.000000 1.016357 0.161377 1.000000 1.000000 1.000000 #0.784314
v 0.475586 1.539062 2.250488 1.000000 1.000000 1.000000 #0.831373
v 0.537109 1.637207 2.408203 1.000000 1.000000 1.000000 #0.815686
v 0.379639 1.642090 2.459717 1.000000 1.000000 1.000000 #0.784314
v 0.475586 1.539062 2.250488 1.000000 1.000000 1.000000 #0.831373
v 0.379639 1.642090 2.459717 1.000000 1.000000 1.000000 #0.784314
v 0.359131 1.534668 2.323486 1.000000 1.000000 1.000000 #1.000000
v 0.359131 1.534668 2.323486 1.000000 1.000000 1.000000 #0.831373
v 0.379639 1.642090 2.459717 1.000000 1.000000 1.000000 #0.815686
v 0.254639 1.656494 2.293213 1.000000 1.000000 1.000000 #0.784314
v 0.299805 1.792725 1.881836 1.000000 1.000000 1.000000 #0.831373
v 0.218018 1.675049 2.034912 1.000000 1.000000 1.000000 #0.815686
v 0.397949 1.679932 1.951172 1.000000 1.000000 1.000000 #0.784314
v 0.476318 1.780762 1.707520 1.000000 1.000000 1.000000 #0.831373
v 0.397949 1.679932 1.951172 1.000000 1.000000 1.000000 #0.815686
v 0.346191 1.513916 1.932129 1.000000 1.000000 1.000000 #0.784314
v 0.299805 1.792725 1.881836 1.000000 1.000000 1.000000 #0.831373
v 0.397949 1.679932 1.951172 1.000000 1.000000 1.000000 #0.815686
v 0.476318 1.780762 1.707520 1.000000 1.000000 1.000000 #0.784314
v 0.474365 2.064697 1.274414 1.000000 1.000000 1.000000 #0.831373
v 0.459229 2.114258 1.590088 1.000000 1.000000 1.000000 #0.815686
v 0.476318 1.780762 1.707520 1.000000 1.000000 1.000000 #0.784314
v 0.476318 1.780762 1.707520 1.000000 1.000000 1.000000 #0.831373
v 0.459229 2.114258 1.590088 1.000000 1.000000 1.000000 #0.815686
v 0.299805 1.792725 1.881836 1.000000 1.000000 1.000000 #0.784314
v 0.474365 2.064697 1.274414 1.000000 1.000000 1.000000 #0.831373
v 0.476318 1.780762 1.707520 1.000000 1.000000 1.000000 #0.815686
v 0.504883 1.758057 1.373535 1.000000 1.000000 1.000000 #0.784314
v 0.504883 1.758057 1.373535 1.000000 1.000000 1.000000 #0.831373
v 0.476318 1.780762 1.707520 1.000000 1.000000 1.000000 #0.815686
v 0.346191 1.513916 1.932129 1.000000 1.000000 1.000000 #0.784314
v 0.501221 1.758057 0.952637 1.000000 1.000000 1.000000 #0.831373
v 0.443115 1.964600 0.719238 1.000000 1.000000 1.000000 #0.815686
v 0.458252 2.073242 1.009277 1.000000 1.000000 1.000000 #0.784314
v 0.458252 2.073242 1.009277 1.000000 1.000000 1.000000 #0.831373
v 0.443115 1.964600 0.719238 1.000000 1.000000 1.000000 #0.815686
v 0.305420 2.162598 0.581055 1.000000 1.000000 1.000000 #0.784314
v 0.315674 2.356445 1.247070 1.000000 1.000000 1.000000 #0.831373
v 0.334229 2.268799 0.952637 1.000000 1.000000 1.000000 #0.815686
v -0.001465 2.385254 0.869141 1.000000 1.000000 1.000000 #0.784314
v 0.501221 1.758057 0.952637 1.000000 1.000000 1.000000 #0.831373
v 0.458252 2.073242 1.009277 1.000000 1.000000 1.000000 #0.815686
v 0.504883 1.758057 1.373535 1.000000 1.000000 1.000000 #0.784314
v 0.474365 2.064697 1.274414 1.000000 1.000000 1.000000 #0.831373
v 0.504883 1.758057 1.373535 1.000000 1.000000 1.000000 #0.815686
v 0.458252 2.073242 1.009277 1.000000 1.000000 1.000000 #0.784314
v 0.458252 2.073242 1.009277 1.000000 1.000000 1.000000 #0.831373
v 0.315674 2.356445 1.247070 1.000000 1.000000 1.000000 #0.815686
v 0.474365 2.064697 1.274414 1.000000 1.000000 1.000000 #0.784314
v 0.474365 2.064697 1.274414 1.000000 1.000000 1.000000 #0.831373
v 0.315674 2.356445 1.247070 1.000000 1.000000 1.000000 #0.815686
v 0.459229 2.114258 1.590088 1.000000 1.000000 1.000000 #0.784314
v 0.293701 2.131836 1.741211 1.000000 1.000000 1.000000 #0.831373
v 0.459229 2.114258 1.590088 1.000000 1.000000 1.000000 #0.815686
v 0.325439 2.343994 1.612061 1.000000 1.000000 1.000000 #0.784314
v 0.315674 2.356445 1.247070 1.000000 1.000000 1.000000 #0.831373
v 0.122803 2.572998 1.643799 1.000000 1.000000 1.000000 #0.815686
v 0.325439 2.343994 1.612061 1.000000 1.000000 1.000000 #0.784314
v 0.293701 2.131836 1.741211 1.000000 1.000000 1.000000 #0.831373
v 0.325439 2.343994 1.612061 1.000000 1.000000 1.000000 #0.815686
v 0.154785 2.371338 1.725586 1.000000 1.000000 1.000000 #0.784314
v 0.315674 2.356445 1.247070 1.000000 1.000000 1.000000 #0.831373
v 0.325439 2.343994 1.612061 1.000000 1.000000 1.000000 #0.815686
v 0.459229 2.114258 1.590088 1.000000 1.000000 1.000000 #0.784314
v 0.154785 2.371338 1.725586 1.000000 1.000000 1.000000 #0.831373
v 0.325439 2.343994 1.612061 1.000000 1.000000 1.000000 #0.815686
v 0.122803 2.572998 1.643799 1.000000 1.000000 1.000000 #0.784314
v -0.119385 1.596680 1.557861 1.000000 1.000000 1.000000 #0.831373
v -0.125488 1.790283 1.666992 1.000000 1.000000 1.000000 #0.815686
v -0.388428 1.718262 1.474609 1.000000 1.000000 1.000000 #0.784314
v 0.014648 2.293945 1.724365 1.000000 1.000000 1.000000 #0.831373
v 0.154785 2.371338 1.725586 1.000000 1.000000 1.000000 #0.815686
v -0.211426 2.364746 1.689453 1.000000 1.000000 1.000000 #0.784314
v -0.236572 1.350830 1.066406 1.000000 1.000000 1.000000 #0.831373
v 0.040771 1.372559 1.309570 1.000000 1.000000 1.000000 #0.815686
v 0.103027 1.455811 1.581299 1.000000 1.000000 1.000000 #0.784314
v 0.309570 1.420654 0.895752 1.000000 1.000000 1.000000 #0.831373
v 0.501221 1.758057 0.952637 1.000000 1.000000 1.000000 #0.815686
v 0.324463 1.419922 1.426025 1.000000 1.000000 1.000000 #0.784314
v 0.324463 1.419922 1.426025 1.000000 1.000000 1.000000 #0.831373
v 0.040771 1.372559 1.309570 1.000000 1.000000 1.000000 #0.815686
v 0.005127 1.267334 0.926270 1.000000 1.000000 1.000000 #0.784314
v 0.324463 1.419922 1.426025 1.000000 1.000000 1.000000 #0.831373
v 0.501221 1.758057 0.952637 1.000000 1.000000 1.000000 #0.815686
v 0.504883 1.758057 1.373535 1.000000 1.000000 1.000000 #0.784314
v 0.299805 1.792725 1.881836 1.000000 1.000000 1.000000 #0.831373
v 0.459229 2.114258 1.590088 1.000000 1.000000 1.000000 #0.815686
v 0.293701 2.131836 1.741211 1.000000 1.000000 1.000000 #0.784314
v 0.324463 1.419922 1.426025 1.000000 1.000000 1.000000 #0.831373
v 0.504883 1.758057 1.373535 1.000000 1.000000 1.000000 #0.815686
v 0.346191 1.513916 1.932129 1.000000 1.000000 1.000000 #0.784314
v 0.384766 1.624756 0.281738 1.000000 1.000000 1.000000 #0.831373
v 0.331787 1.502197 -0.031006 1.000000 1.000000 1.000000 #0.815686
v 0.354980 1.773193 -0.045410 1.000000 1.000000 1.000000 #0.784314
v 0.384766 1.624756 0.281738 1.000000 1.000000 1.000000 #0.831373
v 0.354980 1.773193 -0.045410 1.000000 1.000000 1.000000 #0.784314
v 0.443115 1.964600 0.719238 1.000000 1.000000 1.000000 #1.000000
v 0.252686 1.419434 -2.115967 1.000000 1.000000 1.000000 #0.831373
v 0.242188 1.453857 -2.148926 1.000000 1.000000 1.000000 #0.815686
v 0.241699 1.465088 -2.121826 1.000000 1.000000 1.000000 #0.784314
v 0.252686 1.419434 -2.115967 1.000000 1.000000 1.000000 #0.831373
v 0.241699 1.465088 -2.121826 1.000000 1.000000 1.000000 #0.784314
v 0.254883 1.449707 -2.113281 1.000000 1.000000 1.000000 #1.000000
v 0.117432 1.322266 -2.321289 1.000000 1.000000 1.000000 #0.831373
v 0.127930 1.449707 -2.360352 1.000000 1.000000 1.000000 #0.815686
v 0.155029 1.448486 -2.327393 1.000000 1.000000 1.000000 #0.784314
v 0.293213 1.411377 -2.038330 1.000000 1.000000 1.000000 #0.831373
v 0.314941 1.370605 -1.984131 1.000000 1.000000 1.000000 #0.815686
v 0.283447 1.402832 -2.066162 1.000000 1.000000 1.000000 #0.784314
v 0.254883 1.449707 -2.113281 1.000000 1.000000 1.000000 #0.831373
v 0.241699 1.465088 -2.121826 1.000000 1.000000 1.000000 #0.815686
v 0.247559 1.497803 -2.124023 1.000000 1.000000 1.000000 #0.784314
v 0.122314 1.519287 -2.344971 1.000000 1.000000 1.000000 #0.831373
v 0.238525 1.636230 -2.078613 1.000000 1.000000 1.000000 #0.815686
v 0.255371 1.562012 -2.112061 1.000000 1.000000 1.000000 #0.784314
v 0.247559 1.497803 -2.124023 1.000000 1.000000 1.000000 #0.831373
v 0.241699 1.465088 -2.121826 1.000000 1.000000 1.000000 #0.815686
v 0.242188 1.453857 -2.148926 1.000000 1.000000 1.000000 #0.784314
v 0.247559 1.497803 -2.124023 1.000000 1.000000 1.000000 #0.831373
v 0.242188 1.453857 -2.148926 1.000000 1.000000 1.000000 #0.784314
v 0.244873 1.510986 -2.142090 1.000000 1.000000 1.000000 #1.000000
v -0.073975 1.537842 -2.340576 1.000000 1.000000 1.000000 #0.831373
v -0.199707 1.642334 -2.110596 1.000000 1.000000 1.000000 #0.815686
v 0.000977 1.653564 -2.105713 1.000000 1.000000 1.000000 #0.784314
v 0.069580 1.532471 -2.346924 1.000000 1.000000 1.000000 #0.831373
v 0.238525 1.636230 -2.078613 1.000000 1.000000 1.000000 #0.815686
v 0.122314 1.519287 -2.344971 1.000000 1.000000 1.000000 #0.784314
v 0.155029 1.448486 -2.327393 1.000000 1.000000 1.000000 #0.831373
v 0.127930 1.449707 -2.360352 1.000000 1.000000 1.000000 #0.815686
v 0.117188 1.529541 -2.316406 1.000000 1.000000 1.000000 #0.784314
v 0.155029 1.448486 -2.327393 1.000000 1.000000 1.000000 #0.831373
v 0.117188 1.529541 -2.316406 1.000000 1.000000 1.000000 #0.784314
v 0.122314 1.519287 -2.344971 1.000000 1.000000 1.000000 #1.000000
v 0.007812 1.229736 -2.096924 1.000000 1.000000 1.000000 #0.831373
v -0.226562 1.264160 -2.045654 1.000000 1.000000 1.000000 #0.815686
v -0.111084 1.328125 -2.320801 1.000000 1.000000 1.000000 #0.784314
v 0.001465 1.356689 -2.459961 1.000000 1.000000 1.000000 #0.831373
v 0.117432 1.322266 -2.321289 1.000000 1.000000 1.000000 #0.815686
v 0.001709 1.298584 -2.330566 1.000000 1.000000 1.000000 #0.784314
v 0.117432 1.322266 -2.321289 1.000000 1.000000 1.000000 #0.831373
v 0.109863 1.322998 -2.321289 1.000000 1.000000 1.000000 #0.815686
v 0.001953 1.294678 -2.330078 1.000000 1.000000 1.000000 #0.784314
v 0.127930 1.449707 -2.360352 1.000000 1.000000 1.000000 #0.831373
v 0.117432 1.322266 -2.321289 1.000000 1.000000 1.000000 #0.815686
v 0.001465 1.356689 -2.459961 1.000000 1.000000 1.000000 #0.784314
v -0.225830 1.507324 -2.143066 1.000000 1.000000 1.000000 #0.831373
v -0.199707 1.642334 -2.110596 1.000000 1.000000 1.000000 #0.815686
v -0.127441 1.520020 -2.325195 1.000000 1.000000 1.000000 #0.784314
v -0.127441 1.520020 -2.325195 1.000000 1.000000 1.000000 #0.831373
v -0.199707 1.642334 -2.110596 1.000000 1.000000 1.000000 #0.815686
v -0.073975 1.537842 -2.340576 1.000000 1.000000 1.000000 #0.784314
v -0.137207 1.436523 -2.319580 1.000000 1.000000 1.000000 #0.831373
v -0.113281 1.467773 -2.365234 1.000000 1.000000 1.000000 #0.815686
v -0.110596 1.334961 -2.334473 1.000000 1.000000 1.000000 #0.784314
v 0.001465 1.356689 -2.459961 1.000000 1.000000 1.000000 #0.831373
v -0.113281 1.467773 -2.365234 1.000000 1.000000 1.000000 #0.815686
v 0.000977 1.473633 -2.474854 1.000000 1.000000 1.000000 #0.784314
v 0.001465 1.356689 -2.459961 1.000000 1.000000 1.000000 #0.831373
v -0.110596 1.334961 -2.334473 1.000000 1.000000 1.000000 #0.815686
v -0.113281 1.467773 -2.365234 1.000000 1.000000 1.000000 #0.784314
v -0.113281 1.467773 -2.365234 1.000000 1.000000 1.000000 #0.831373
v -0.118896 1.523438 -2.332764 1.000000 1.000000 1.000000 #0.815686
v 0.000977 1.473633 -2.474854 1.000000 1.000000 1.000000 #0.784314
v 0.000977 1.473633 -2.474854 1.000000 1.000000 1.000000 #0.831373
v -0.118896 1.523438 -2.332764 1.000000 1.000000 1.000000 #0.815686
v 0.000000 1.541260 -2.316650 1.000000 1.000000 1.000000 #0.784314
v 0.127930 1.449707 -2.360352 1.000000 1.000000 1.000000 #0.831373
v 0.001465 1.356689 -2.459961 1.000000 1.000000 1.000000 #0.815686
v 0.000977 1.473633 -2.474854 1.000000 1.000000 1.000000 #0.784314
v 0.000000 1.541260 -2.316650 1.000000 1.000000 1.000000 #0.831373
v 0.117188 1.529541 -2.316406 1.000000 1.000000 1.000000 #0.815686
v 0.000977 1.473633 -2.474854 1.000000 1.000000 1.000000 #0.784314
v 0.000977 1.473633 -2.474854 1.000000 1.000000 1.000000 #0.831373
v 0.117188 1.529541 -2.316406 1.000000 1.000000 1.000000 #0.815686
v 0.127930 1.449707 -2.360352 1.000000 1.000000 1.000000 #0.784314
v 0.384766 1.624756 0.281738 1.000000 1.000000 1.000000 #0.831373
v 0.309570 1.420654 0.895752 1.000000 1.000000 1.000000 #0.815686
v 0.306641 1.387451 0.180420 1.000000 1.000000 1.000000 #0.784314
v 0.306641 1.387451 0.180420 1.000000 1.000000 1.000000 #0.831373
v 0.309570 1.420654 0.895752 1.000000 1.000000 1.000000 #0.815686
v 0.005127 1.267334 0.926270 1.000000 1.000000 1.000000 #0.784314
v 0.305420 2.162598 0.581055 1.000000 1.000000 1.000000 #0.831373
v 0.443115 1.964600 0.719238 1.000000 1.000000 1.000000 #0.815686
v 0.354980 1.773193 -0.045410 1.000000 1.000000 1.000000 #0.784314
v 0.305420 2.162598 0.581055 1.000000 1.000000 1.000000 #0.831373
v 0.354980 1.773193 -0.045410 1.000000 1.000000 1.000000 #0.784314
v 0.217041 1.937012 -0.077637 1.000000 1.000000 1.000000 #1.000000
v -0.226562 1.264160 -2.045654 1.000000 1.000000 1.000000 #0.831373
v -0.312744 1.433105 -2.010254 1.000000 1.000000 1.000000 #0.815686
v -0.294434 1.438477 -2.067139 1.000000 1.000000 1.000000 #0.784314
v -0.312744 1.433105 -2.010254 1.000000 1.000000 1.000000 #0.831373
v -0.226562 1.264160 -2.045654 1.000000 1.000000 1.000000 #0.815686
v -0.281982 1.256836 -1.816406 1.000000 1.000000 1.000000 #0.784314
v 0.000244 2.218018 0.474121 1.000000 1.000000 1.000000 #0.831373
v 0.305420 2.162598 0.581055 1.000000 1.000000 1.000000 #0.815686
v 0.217041 1.937012 -0.077637 1.000000 1.000000 1.000000 #0.784314
v 0.000244 2.218018 0.474121 1.000000 1.000000 1.000000 #0.831373
v 0.217041 1.937012 -0.077637 1.000000 1.000000 1.000000 #0.784314
v -0.020020 1.997559 -0.105957 1.000000 1.000000 1.000000 #1.000000
v 0.353516 1.734375 -1.753662 1.000000 1.000000 1.000000 #0.831373
v 0.302734 1.657715 -1.707520 1.000000 1.000000 1.000000 #0.815686
v 0.406982 1.656494 -1.662598 1.000000 1.000000 1.000000 #0.784314
v 0.353516 1.734375 -1.753662 1.000000 1.000000 1.000000 #0.831373
v 0.406982 1.656494 -1.662598 1.000000 1.000000 1.000000 #0.815686
v 0.333984 1.614258 -1.807373 1.000000 1.000000 1.000000 #0.784314
v 0.302734 1.657715 -1.707520 1.000000 1.000000 1.000000 #0.831373
v 0.338623 1.453613 -1.731201 1.000000 1.000000 1.000000 #0.815686
v 0.404297 1.533203 -1.658691 1.000000 1.000000 1.000000 #0.784314
v 0.302734 1.657715 -1.707520 1.000000 1.000000 1.000000 #0.831373
v 0.404297 1.533203 -1.658691 1.000000 1.000000 1.000000 #0.815686
v 0.406982 1.656494 -1.662598 1.000000 1.000000 1.000000 #0.784314
v 0.333984 1.614258 -1.807373 1.000000 1.000000 1.000000 #0.831373
v 0.406982 1.656494 -1.662598 1.000000 1.000000 1.000000 #0.815686
v 0.404297 1.533203 -1.658691 1.000000 1.000000 1.000000 #0.784314
v 0.333984 1.614258 -1.807373 1.000000 1.000000 1.000000 #0.831373
v 0.404297 1.533203 -1.658691 1.000000 1.000000 1.000000 #0.815686
v 0.338623 1.453613 -1.731201 1.000000 1.000000 1.000000 #0.784314
v 0.335938 1.510742 -1.925781 1.000000 1.000000 1.000000 #0.831373
v 0.338623 1.453613 -1.731201 1.000000 1.000000 1.000000 #0.815686
v 0.338135 1.442139 -1.962646 1.000000 1.000000 1.000000 #0.784314
v 0.338135 1.442139 -1.962646 1.000000 1.000000 1.000000 #0.831373
v 0.338623 1.453613 -1.731201 1.000000 1.000000 1.000000 #0.815686
v 0.314941 1.370605 -1.984131 1.000000 1.000000 1.000000 #0.784314
v 0.255371 1.562012 -2.112061 1.000000 1.000000 1.000000 #0.831373
v 0.238525 1.636230 -2.078613 1.000000 1.000000 1.000000 #0.815686
v 0.282959 1.585938 -2.020020 1.000000 1.000000 1.000000 #0.784314
v 0.269287 1.261963 -1.816162 1.000000 1.000000 1.000000 #0.831373
v 0.314941 1.370605 -1.984131 1.000000 1.000000 1.000000 #0.815686
v 0.338623 1.453613 -1.731201 1.000000 1.000000 1.000000 #0.784314
v 0.321777 1.565430 -1.949463 1.000000 1.000000 1.000000 #0.831373
v 0.333984 1.614258 -1.807373 1.000000 1.000000 1.000000 #0.815686
v 0.338623 1.453613 -1.731201 1.000000 1.000000 1.000000 #0.784314
v 0.321777 1.565430 -1.949463 1.000000 1.000000 1.000000 #0.831373
v 0.338623 1.453613 -1.731201 1.000000 1.000000 1.000000 #0.784314
v 0.335938 1.510742 -1.925781 1.000000 1.000000 1.000000 #1.000000
v 0.333984 1.614258 -1.807373 1.000000 1.000000 1.000000 #0.831373
v 0.223389 1.719971 -1.879639 1.000000 1.000000 1.000000 #0.815686
v 0.353516 1.734375 -1.753662 1.000000 1.000000 1.000000 #0.784314
v 0.223389 1.719971 -1.879639 1.000000 1.000000 1.000000 #0.831373
v 0.181152 1.751709 -1.742188 1.000000 1.000000 1.000000 #0.815686
v 0.302734 1.657715 -1.707520 1.000000 1.000000 1.000000 #0.784314
v 0.286621 1.644775 -1.600586 1.000000 1.000000 1.000000 #0.831373
v 0.302734 1.657715 -1.707520 1.000000 1.000000 1.000000 #0.815686
v 0.181152 1.751709 -1.742188 1.000000 1.000000 1.000000 #0.784314
v 0.286621 1.644775 -1.600586 1.000000 1.000000 1.000000 #0.831373
v 0.181152 1.751709 -1.742188 1.000000 1.000000 1.000000 #0.784314
v 0.172852 1.758057 -1.504395 1.000000 1.000000 1.000000 #1.000000
v 0.286621 1.644775 -1.600586 1.000000 1.000000 1.000000 #0.831373
v 0.172852 1.758057 -1.504395 1.000000 1.000000 1.000000 #1.000000
v 0.273682 1.634521 -1.514648 1.000000 1.000000 1.000000 #0.831373
v 0.223389 1.719971 -1.879639 1.000000 1.000000 1.000000 #0.831373
v 0.302734 1.657715 -1.707520 1.000000 1.000000 1.000000 #0.815686
v 0.353516 1.734375 -1.753662 1.000000 1.000000 1.000000 #0.784314
v 0.345947 1.444580 -1.690674 1.000000 1.000000 1.000000 #0.831373
v 0.338623 1.453613 -1.731201 1.000000 1.000000 1.000000 #0.815686
v 0.302734 1.657715 -1.707520 1.000000 1.000000 1.000000 #0.784314
v 0.261475 1.245605 -1.731445 1.000000 1.000000 1.000000 #0.831373
v 0.298584 1.452637 -1.514648 1.000000 1.000000 1.000000 #0.815686
v 0.234619 1.281250 -1.506348 1.000000 1.000000 1.000000 #0.784314
v 0.221436 1.259033 -1.116699 1.000000 1.000000 1.000000 #0.831373
v 0.234619 1.281250 -1.506348 1.000000 1.000000 1.000000 #0.815686
v 0.298584 1.452637 -1.514648 1.000000 1.000000 1.000000 #0.784314
v 0.221436 1.259033 -1.116699 1.000000 1.000000 1.000000 #0.831373
v 0.298584 1.452637 -1.514648 1.000000 1.000000 1.000000 #0.784314
v 0.273438 1.421875 -0.923096 1.000000 1.000000 1.000000 #1.000000
v 0.273438 1.421875 -0.923096 1.000000 1.000000 1.000000 #0.831373
v 0.298584 1.452637 -1.514648 1.000000 1.000000 1.000000 #0.815686
v 0.273682 1.634521 -1.514648 1.000000 1.000000 1.000000 #0.784314
v 0.273438 1.421875 -0.923096 1.000000 1.000000 1.000000 #0.831373
v 0.273682 1.634521 -1.514648 1.000000 1.000000 1.000000 #0.784314
v 0.305908 1.650146 -0.963379 1.000000 1.000000 1.000000 #1.000000
v 0.305908 1.650146 -0.963379 1.000000 1.000000 1.000000 #0.831373
v 0.273682 1.634521 -1.514648 1.000000 1.000000 1.000000 #0.815686
v 0.172852 1.758057 -1.504395 1.000000 1.000000 1.000000 #0.784314
v 0.305908 1.650146 -0.963379 1.000000 1.000000 1.000000 #0.831373
v 0.172852 1.758057 -1.504395 1.000000 1.000000 1.000000 #0.784314
v 0.176025 1.811035 -0.984131 1.000000 1.000000 1.000000 #1.000000
v -0.106201 2.967285 2.467529 1.000000 1.000000 1.000000 #0.831373
v -0.131836 2.563965 1.605713 1.000000 1.000000 1.000000 #0.815686
v -0.211426 2.364746 1.689453 1.000000 1.000000 1.000000 #0.784314
v -0.106201 2.967285 2.467529 1.000000 1.000000 1.000000 #0.831373
v -0.211426 2.364746 1.689453 1.000000 1.000000 1.000000 #0.784314
v -0.100586 2.830811 2.406250 1.000000 1.000000 1.000000 #1.000000
v -0.020264 2.534424 1.437012 1.000000 1.000000 1.000000 #0.831373
v -0.001465 2.486084 1.181396 1.000000 1.000000 1.000000 #0.815686
v -0.250977 2.407959 1.216064 1.000000 1.000000 1.000000 #0.784314
v -0.020264 2.534424 1.437012 1.000000 1.000000 1.000000 #0.831373
v 0.122803 2.572998 1.643799 1.000000 1.000000 1.000000 #0.815686
v 0.315674 2.356445 1.247070 1.000000 1.000000 1.000000 #0.784314
v -0.267334 2.150635 0.416504 1.000000 1.000000 1.000000 #0.831373
v 0.000244 2.218018 0.474121 1.000000 1.000000 1.000000 #0.815686
v -0.020020 1.997559 -0.105957 1.000000 1.000000 1.000000 #0.784314
v -0.267334 2.150635 0.416504 1.000000 1.000000 1.000000 #0.831373
v -0.020020 1.997559 -0.105957 1.000000 1.000000 1.000000 #0.784314
v -0.247314 1.982666 -0.109375 1.000000 1.000000 1.000000 #1.000000
v -0.001465 2.385254 0.869141 1.000000 1.000000 1.000000 #0.831373
v -0.339111 2.242920 0.871338 1.000000 1.000000 1.000000 #0.815686
v -0.250977 2.407959 1.216064 1.000000 1.000000 1.000000 #0.784314
v -0.267334 2.150635 0.416504 1.000000 1.000000 1.000000 #0.831373
v -0.339111 2.242920 0.871338 1.000000 1.000000 1.000000 #0.815686
v -0.001465 2.385254 0.869141 1.000000 1.000000 1.000000 #0.784314
v -0.202637 2.198730 1.683594 1.000000 1.000000 1.000000 #0.831373
v -0.211426 2.364746 1.689453 1.000000 1.000000 1.000000 #0.815686
v -0.343994 2.232178 1.501221 1.000000 1.000000 1.000000 #0.784314
v -0.131836 2.563965 1.605713 1.000000 1.000000 1.000000 #0.831373
v -0.250977 2.407959 1.216064 1.000000 1.000000 1.000000 #0.815686
v -0.343994 2.232178 1.501221 1.000000 1.000000 1.000000 #0.784314
v -0.131836 2.563965 1.605713 1.000000 1.000000 1.000000 #0.831373
v -0.343994 2.232178 1.501221 1.000000 1.000000 1.000000 #0.815686
v -0.211426 2.364746 1.689453 1.000000 1.000000 1.000000 #0.784314
v -0.250977 2.407959 1.216064 1.000000 1.000000 1.000000 #0.831373
v -0.339111 2.242920 0.871338 1.000000 1.000000 1.000000 #0.815686
v -0.544678 2.040771 0.888916 1.000000 1.000000 1.000000 #0.784314
v -0.343994 2.232178 1.501221 1.000000 1.000000 1.000000 #0.831373
v -0.250977 2.407959 1.216064 1.000000 1.000000 1.000000 #0.815686
v -0.480469 2.199219 1.186035 1.000000 1.000000 1.000000 #0.784314
v -0.202637 2.198730 1.683594 1.000000 1.000000 1.000000 #0.831373
v -0.343994 2.232178 1.501221 1.000000 1.000000 1.000000 #0.815686
v -0.397949 1.929688 1.526123 1.000000 1.000000 1.000000 #0.784314
v -0.320068 1.623047 -1.016113 1.000000 1.000000 1.000000 #0.831373
v -0.203857 1.820068 -1.027832 1.000000 1.000000 1.000000 #0.815686
v -0.206055 1.755371 -1.494141 1.000000 1.000000 1.000000 #0.784314
v -0.320068 1.623047 -1.016113 1.000000 1.000000 1.000000 #0.831373
v -0.206055 1.755371 -1.494141 1.000000 1.000000 1.000000 #0.784314
v -0.314697 1.644043 -1.511963 1.000000 1.000000 1.000000 #1.000000
v -0.203857 1.820068 -1.027832 1.000000 1.000000 1.000000 #0.831373
v -0.011230 1.862305 -1.010986 1.000000 1.000000 1.000000 #0.815686
v -0.003174 1.826904 -1.486816 1.000000 1.000000 1.000000 #0.784314
v -0.203857 1.820068 -1.027832 1.000000 1.000000 1.000000 #0.831373
v -0.003174 1.826904 -1.486816 1.000000 1.000000 1.000000 #0.784314
v -0.206055 1.755371 -1.494141 1.000000 1.000000 1.000000 #1.000000
v -0.601318 1.737061 0.938965 1.000000 1.000000 1.000000 #0.831373
v -0.469971 1.604004 1.295166 1.000000 1.000000 1.000000 #0.815686
v -0.552734 1.853760 1.233398 1.000000 1.000000 1.000000 #0.784314
v -0.544678 2.040771 0.888916 1.000000 1.000000 1.000000 #0.831373
v -0.339111 2.242920 0.871338 1.000000 1.000000 1.000000 #0.815686
v -0.421143 2.029785 0.446777 1.000000 1.000000 1.000000 #0.784314
v -0.552734 1.853760 1.233398 1.000000 1.000000 1.000000 #0.831373
v -0.469971 1.604004 1.295166 1.000000 1.000000 1.000000 #0.815686
v -0.397949 1.929688 1.526123 1.000000 1.000000 1.000000 #0.784314
v -0.574463 1.722412 0.660400 1.000000 1.000000 1.000000 #0.831373
v -0.421143 2.029785 0.446777 1.000000 1.000000 1.000000 #0.815686
v -0.523926 1.720947 0.369873 1.000000 1.000000 1.000000 #0.784314
v -0.388428 1.718262 1.474609 1.000000 1.000000 1.000000 #0.831373
v -0.166504 1.977539 1.716309 1.000000 1.000000 1.000000 #0.815686
v -0.397949 1.929688 1.526123 1.000000 1.000000 1.000000 #0.784314
v -0.397949 1.929688 1.526123 1.000000 1.000000 1.000000 #0.831373
v -0.166504 1.977539 1.716309 1.000000 1.000000 1.000000 #0.815686
v -0.202637 2.198730 1.683594 1.000000 1.000000 1.000000 #0.784314
v -0.003174 1.826904 -1.486816 1.000000 1.000000 1.000000 #0.831373
v -0.011230 1.862305 -1.010986 1.000000 1.000000 1.000000 #0.815686
v 0.176025 1.811035 -0.984131 1.000000 1.000000 1.000000 #0.784314
v -0.003174 1.826904 -1.486816 1.000000 1.000000 1.000000 #0.831373
v 0.176025 1.811035 -0.984131 1.000000 1.000000 1.000000 #0.784314
v 0.172852 1.758057 -1.504395 1.000000 1.000000 1.000000 #1.000000
v 0.332764 1.521729 -1.959473 1.000000 1.000000 1.000000 #0.831373
v 0.333008 1.460938 -1.991943 1.000000 1.000000 1.000000 #0.815686
v 0.342529 1.508789 -2.021484 1.000000 1.000000 1.000000 #0.784314
v 0.342529 1.508789 -2.021484 1.000000 1.000000 1.000000 #0.831373
v 0.333008 1.460938 -1.991943 1.000000 1.000000 1.000000 #0.815686
v 0.282227 1.432373 -2.066162 1.000000 1.000000 1.000000 #0.784314
v 0.254883 1.449707 -2.113281 1.000000 1.000000 1.000000 #0.831373
v 0.288574 1.516602 -2.105469 1.000000 1.000000 1.000000 #0.815686
v 0.296631 1.470947 -2.093262 1.000000 1.000000 1.000000 #0.784314
v 0.254883 1.449707 -2.113281 1.000000 1.000000 1.000000 #0.831373
v 0.296631 1.470947 -2.093262 1.000000 1.000000 1.000000 #0.815686
v 0.282227 1.432373 -2.066162 1.000000 1.000000 1.000000 #0.784314
v 0.342529 1.508789 -2.021484 1.000000 1.000000 1.000000 #0.831373
v 0.282227 1.432373 -2.066162 1.000000 1.000000 1.000000 #0.815686
v 0.296631 1.470947 -2.093262 1.000000 1.000000 1.000000 #0.784314
v 0.328125 1.553955 -2.030029 1.000000 1.000000 1.000000 #0.831373
v 0.342529 1.508789 -2.021484 1.000000 1.000000 1.000000 #0.815686
v 0.296631 1.470947 -2.093262 1.000000 1.000000 1.000000 #0.784314
v 0.328125 1.553955 -2.030029 1.000000 1.000000 1.000000 #0.831373
v 0.296631 1.470947 -2.093262 1.000000 1.000000 1.000000 #0.815686
v 0.288574 1.516602 -2.105469 1.000000 1.000000 1.000000 #0.784314
v 0.328125 1.553955 -2.030029 1.000000 1.000000 1.000000 #0.831373
v 0.288574 1.516602 -2.105469 1.000000 1.000000 1.000000 #0.815686
v 0.283447 1.574219 -2.027588 1.000000 1.000000 1.000000 #0.784314
v 0.328125 1.553955 -2.030029 1.000000 1.000000 1.000000 #0.831373
v 0.283447 1.574219 -2.027588 1.000000 1.000000 1.000000 #0.815686
v 0.312744 1.547119 -1.983643 1.000000 1.000000 1.000000 #0.784314
v 0.328125 1.553955 -2.030029 1.000000 1.000000 1.000000 #0.831373
v 0.312744 1.547119 -1.983643 1.000000 1.000000 1.000000 #0.815686
v 0.342529 1.508789 -2.021484 1.000000 1.000000 1.000000 #0.784314
v 0.342529 1.508789 -2.021484 1.000000 1.000000 1.000000 #0.831373
v 0.312744 1.547119 -1.983643 1.000000 1.000000 1.000000 #0.815686
v 0.332764 1.521729 -1.959473 1.000000 1.000000 1.000000 #0.784314
v 0.247559 1.497803 -2.124023 1.000000 1.000000 1.000000 #0.831373
v 0.251709 1.551025 -2.099365 1.000000 1.000000 1.000000 #0.815686
v 0.288574 1.516602 -2.105469 1.000000 1.000000 1.000000 #0.784314
v 0.247559 1.497803 -2.124023 1.000000 1.000000 1.000000 #0.831373
v 0.288574 1.516602 -2.105469 1.000000 1.000000 1.000000 #0.815686
v 0.254883 1.449707 -2.113281 1.000000 1.000000 1.000000 #0.784314
v 0.288574 1.516602 -2.105469 1.000000 1.000000 1.000000 #0.831373
v 0.251709 1.551025 -2.099365 1.000000 1.000000 1.000000 #0.815686
v 0.283447 1.574219 -2.027588 1.000000 1.000000 1.000000 #0.784314
v 0.124268 1.283447 -0.959717 1.000000 1.000000 1.000000 #0.831373
v 0.004639 1.211914 -1.098389 1.000000 1.000000 1.000000 #0.815686
v -0.020752 1.162354 -1.522461 1.000000 1.000000 1.000000 #0.784314
v 0.124268 1.283447 -0.959717 1.000000 1.000000 1.000000 #0.831373
v -0.020752 1.162354 -1.522461 1.000000 1.000000 1.000000 #0.784314
v 0.221436 1.259033 -1.116699 1.000000 1.000000 1.000000 #1.000000
v 0.006104 1.786865 -1.734619 1.000000 1.000000 1.000000 #0.831373
v 0.181152 1.751709 -1.742188 1.000000 1.000000 1.000000 #0.815686
v 0.223389 1.719971 -1.879639 1.000000 1.000000 1.000000 #0.784314
v 0.006104 1.786865 -1.734619 1.000000 1.000000 1.000000 #0.831373
v 0.223389 1.719971 -1.879639 1.000000 1.000000 1.000000 #0.784314
v 0.013916 1.747559 -1.878662 1.000000 1.000000 1.000000 #1.000000
v 0.221436 1.259033 -1.116699 1.000000 1.000000 1.000000 #0.831373
v -0.020752 1.162354 -1.522461 1.000000 1.000000 1.000000 #0.815686
v 0.234619 1.281250 -1.506348 1.000000 1.000000 1.000000 #0.784314
v -0.218262 1.738525 -1.881104 1.000000 1.000000 1.000000 #0.831373
v -0.199707 1.642334 -2.110596 1.000000 1.000000 1.000000 #0.815686
v -0.300537 1.614258 -2.014648 1.000000 1.000000 1.000000 #0.784314
v -0.300537 1.614258 -2.014648 1.000000 1.000000 1.000000 #0.831373
v -0.199707 1.642334 -2.110596 1.000000 1.000000 1.000000 #0.815686
v -0.255615 1.583496 -2.105713 1.000000 1.000000 1.000000 #0.784314
v -0.255615 1.583496 -2.105713 1.000000 1.000000 1.000000 #0.831373
v -0.199707 1.642334 -2.110596 1.000000 1.000000 1.000000 #0.815686
v -0.225830 1.507324 -2.143066 1.000000 1.000000 1.000000 #0.784314
v 0.013916 1.747559 -1.878662 1.000000 1.000000 1.000000 #0.831373
v 0.223389 1.719971 -1.879639 1.000000 1.000000 1.000000 #0.815686
v 0.238525 1.636230 -2.078613 1.000000 1.000000 1.000000 #0.784314
v 0.013916 1.747559 -1.878662 1.000000 1.000000 1.000000 #0.831373
v 0.238525 1.636230 -2.078613 1.000000 1.000000 1.000000 #0.784314
v 0.000977 1.653564 -2.105713 1.000000 1.000000 1.000000 #1.000000
v -0.337402 1.585205 -1.963867 1.000000 1.000000 1.000000 #0.831373
v -0.334961 1.575928 -1.977539 1.000000 1.000000 1.000000 #0.815686
v -0.339600 1.539795 -1.967041 1.000000 1.000000 1.000000 #0.784314
v -0.337402 1.585205 -1.963867 1.000000 1.000000 1.000000 #0.831373
v -0.339600 1.539795 -1.967041 1.000000 1.000000 1.000000 #0.784314
v -0.346680 1.534180 -1.953125 1.000000 1.000000 1.000000 #1.000000
v -0.346436 1.479248 -1.973877 1.000000 1.000000 1.000000 #0.831373
v -0.383057 1.486328 -1.762451 1.000000 1.000000 1.000000 #0.815686
v -0.346680 1.534180 -1.953125 1.000000 1.000000 1.000000 #0.784314
v -0.300049 1.484619 -2.089111 1.000000 1.000000 1.000000 #0.831373
v -0.297119 1.454590 -2.066895 1.000000 1.000000 1.000000 #0.815686
v -0.345215 1.523682 -2.015137 1.000000 1.000000 1.000000 #0.784314
v -0.292236 1.528320 -2.099609 1.000000 1.000000 1.000000 #0.831373
v -0.300049 1.484619 -2.089111 1.000000 1.000000 1.000000 #0.815686
v -0.339355 1.564209 -2.026367 1.000000 1.000000 1.000000 #0.784314
v -0.292236 1.528320 -2.099609 1.000000 1.000000 1.000000 #0.831373
v -0.339355 1.564209 -2.026367 1.000000 1.000000 1.000000 #0.815686
v -0.301270 1.596680 -2.017578 1.000000 1.000000 1.000000 #0.784314
v -0.345215 1.523682 -2.015137 1.000000 1.000000 1.000000 #0.831373
v -0.297119 1.454590 -2.066895 1.000000 1.000000 1.000000 #0.815686
v -0.335449 1.489258 -1.988037 1.000000 1.000000 1.000000 #0.784314
v -0.339355 1.564209 -2.026367 1.000000 1.000000 1.000000 #0.831373
v -0.300049 1.484619 -2.089111 1.000000 1.000000 1.000000 #0.815686
v -0.345215 1.523682 -2.015137 1.000000 1.000000 1.000000 #0.784314
v -0.301270 1.596680 -2.017578 1.000000 1.000000 1.000000 #0.831373
v -0.339355 1.564209 -2.026367 1.000000 1.000000 1.000000 #0.815686
v -0.334961 1.575928 -1.977539 1.000000 1.000000 1.000000 #0.784314
v -0.345215 1.523682 -2.015137 1.000000 1.000000 1.000000 #0.831373
v -0.334961 1.575928 -1.977539 1.000000 1.000000 1.000000 #0.815686
v -0.339355 1.564209 -2.026367 1.000000 1.000000 1.000000 #0.784314
v -0.335449 1.489258 -1.988037 1.000000 1.000000 1.000000 #0.831373
v -0.339600 1.539795 -1.967041 1.000000 1.000000 1.000000 #0.815686
v -0.345215 1.523682 -2.015137 1.000000 1.000000 1.000000 #0.784314
v -0.334961 1.575928 -1.977539 1.000000 1.000000 1.000000 #0.831373
v -0.345215 1.523682 -2.015137 1.000000 1.000000 1.000000 #0.815686
v -0.339600 1.539795 -1.967041 1.000000 1.000000 1.000000 #0.784314
v -0.259521 1.567627 -2.100586 1.000000 1.000000 1.000000 #0.831373
v -0.242432 1.511963 -2.128662 1.000000 1.000000 1.000000 #0.815686
v -0.292236 1.528320 -2.099609 1.000000 1.000000 1.000000 #0.784314
v -0.259521 1.567627 -2.100586 1.000000 1.000000 1.000000 #0.831373
v -0.292236 1.528320 -2.099609 1.000000 1.000000 1.000000 #0.815686
v -0.301270 1.596680 -2.017578 1.000000 1.000000 1.000000 #0.784314
v -0.300049 1.484619 -2.089111 1.000000 1.000000 1.000000 #0.831373
v -0.292236 1.528320 -2.099609 1.000000 1.000000 1.000000 #0.815686
v -0.251465 1.465088 -2.118652 1.000000 1.000000 1.000000 #0.784314
v -0.300049 1.484619 -2.089111 1.000000 1.000000 1.000000 #0.831373
v -0.251465 1.465088 -2.118652 1.000000 1.000000 1.000000 #0.815686
v -0.297119 1.454590 -2.066895 1.000000 1.000000 1.000000 #0.784314
v -0.312744 1.433105 -2.010254 1.000000 1.000000 1.000000 #0.831373
v -0.383057 1.486328 -1.762451 1.000000 1.000000 1.000000 #0.815686
v -0.346436 1.479248 -1.973877 1.000000 1.000000 1.000000 #0.784314
v -0.292236 1.528320 -2.099609 1.000000 1.000000 1.000000 #0.831373
v -0.242432 1.511963 -2.128662 1.000000 1.000000 1.000000 #0.815686
v -0.251465 1.465088 -2.118652 1.000000 1.000000 1.000000 #0.784314
v -0.020752 1.162354 -1.522461 1.000000 1.000000 1.000000 #0.831373
v -0.245117 1.227051 -1.536621 1.000000 1.000000 1.000000 #0.815686
v -0.251709 1.248047 -1.752441 1.000000 1.000000 1.000000 #0.784314
v -0.259521 1.567627 -2.100586 1.000000 1.000000 1.000000 #0.831373
v -0.225830 1.507324 -2.143066 1.000000 1.000000 1.000000 #0.815686
v -0.242432 1.511963 -2.128662 1.000000 1.000000 1.000000 #0.784314
v -0.245117 1.227051 -1.536621 1.000000 1.000000 1.000000 #0.831373
v -0.020752 1.162354 -1.522461 1.000000 1.000000 1.000000 #0.815686
v -0.219727 1.178467 -1.191406 1.000000 1.000000 1.000000 #0.784314
v -0.219727 1.178467 -1.191406 1.000000 1.000000 1.000000 #0.831373
v -0.020752 1.162354 -1.522461 1.000000 1.000000 1.000000 #0.815686
v 0.004639 1.211914 -1.098389 1.000000 1.000000 1.000000 #0.784314
v -0.219727 1.178467 -1.191406 1.000000 1.000000 1.000000 #0.831373
v 0.004639 1.211914 -1.098389 1.000000 1.000000 1.000000 #0.784314
v -0.113770 1.183594 -0.935059 1.000000 1.000000 1.000000 #1.000000
v 0.005127 1.267334 0.926270 1.000000 1.000000 1.000000 #0.831373
v -0.272949 1.283447 0.901611 1.000000 1.000000 1.000000 #0.815686
v -0.248535 1.288330 0.638428 1.000000 1.000000 1.000000 #0.784314
v -0.272949 1.283447 0.901611 1.000000 1.000000 1.000000 #0.831373
v -0.374512 1.310791 0.849854 1.000000 1.000000 1.000000 #0.815686
v -0.470947 1.422852 0.532715 1.000000 1.000000 1.000000 #0.784314
v -0.125488 1.790283 1.666992 1.000000 1.000000 1.000000 #0.831373
v -0.166504 1.977539 1.716309 1.000000 1.000000 1.000000 #0.815686
v -0.388428 1.718262 1.474609 1.000000 1.000000 1.000000 #0.784314
v -0.267090 1.499756 1.380371 1.000000 1.000000 1.000000 #0.831373
v -0.388428 1.718262 1.474609 1.000000 1.000000 1.000000 #0.815686
v -0.469971 1.604004 1.295166 1.000000 1.000000 1.000000 #0.784314
v -0.490234 1.469238 1.054932 1.000000 1.000000 1.000000 #0.831373
v -0.601318 1.737061 0.938965 1.000000 1.000000 1.000000 #0.815686
v -0.574463 1.722412 0.660400 1.000000 1.000000 1.000000 #0.784314
v -0.490234 1.469238 1.054932 1.000000 1.000000 1.000000 #0.831373
v -0.574463 1.722412 0.660400 1.000000 1.000000 1.000000 #0.784314
v -0.509277 1.446045 0.813965 1.000000 1.000000 1.000000 #1.000000
v -0.490234 1.469238 1.054932 1.000000 1.000000 1.000000 #0.831373
v -0.381836 1.364014 1.067139 1.000000 1.000000 1.000000 #0.815686
v -0.469971 1.604004 1.295166 1.000000 1.000000 1.000000 #0.784314
v -0.381836 1.364014 1.067139 1.000000 1.000000 1.000000 #0.831373
v -0.490234 1.469238 1.054932 1.000000 1.000000 1.000000 #0.815686
v -0.374512 1.310791 0.849854 1.000000 1.000000 1.000000 #0.784314
v -0.490234 1.469238 1.054932 1.000000 1.000000 1.000000 #0.831373
v -0.469971 1.604004 1.295166 1.000000 1.000000 1.000000 #0.815686
v -0.601318 1.737061 0.938965 1.000000 1.000000 1.000000 #0.784314
v -0.469971 1.604004 1.295166 1.000000 1.000000 1.000000 #0.831373
v -0.381836 1.364014 1.067139 1.000000 1.000000 1.000000 #0.815686
v -0.267090 1.499756 1.380371 1.000000 1.000000 1.000000 #0.784314
v -0.509277 1.191895 0.879883 1.000000 1.000000 1.000000 #0.831373
v -0.381836 1.364014 1.067139 1.000000 1.000000 1.000000 #0.815686
v -0.374512 1.310791 0.849854 1.000000 1.000000 1.000000 #0.784314
v -0.509277 1.191895 0.879883 1.000000 1.000000 1.000000 #0.831373
v -0.374512 1.310791 0.849854 1.000000 1.000000 1.000000 #0.784314
v -0.438965 1.205078 0.701416 1.000000 1.000000 1.000000 #1.000000
v -0.272949 1.283447 0.901611 1.000000 1.000000 1.000000 #0.831373
v 0.040771 1.372559 1.309570 1.000000 1.000000 1.000000 #0.815686
v -0.236572 1.350830 1.066406 1.000000 1.000000 1.000000 #0.784314
v 0.040771 1.372559 1.309570 1.000000 1.000000 1.000000 #0.831373
v -0.272949 1.283447 0.901611 1.000000 1.000000 1.000000 #0.815686
v 0.005127 1.267334 0.926270 1.000000 1.000000 1.000000 #0.784314
v -0.251709 1.248047 -1.752441 1.000000 1.000000 1.000000 #0.831373
v -0.245117 1.227051 -1.536621 1.000000 1.000000 1.000000 #0.815686
v -0.348633 1.432129 -1.516602 1.000000 1.000000 1.000000 #0.784314
v -0.251709 1.248047 -1.752441 1.000000 1.000000 1.000000 #0.831373
v -0.348633 1.432129 -1.516602 1.000000 1.000000 1.000000 #0.815686
v -0.354248 1.474609 -1.710938 1.000000 1.000000 1.000000 #0.784314
v 0.006104 1.786865 -1.734619 1.000000 1.000000 1.000000 #0.831373
v -0.209717 1.775635 -1.729736 1.000000 1.000000 1.000000 #0.815686
v -0.206055 1.755371 -1.494141 1.000000 1.000000 1.000000 #0.784314
v 0.006104 1.786865 -1.734619 1.000000 1.000000 1.000000 #0.831373
v -0.206055 1.755371 -1.494141 1.000000 1.000000 1.000000 #0.784314
v -0.003174 1.826904 -1.486816 1.000000 1.000000 1.000000 #1.000000
v -0.003174 1.826904 -1.486816 1.000000 1.000000 1.000000 #0.831373
v 0.172852 1.758057 -1.504395 1.000000 1.000000 1.000000 #0.815686
v 0.181152 1.751709 -1.742188 1.000000 1.000000 1.000000 #0.784314
v -0.003174 1.826904 -1.486816 1.000000 1.000000 1.000000 #0.831373
v 0.181152 1.751709 -1.742188 1.000000 1.000000 1.000000 #0.784314
v 0.006104 1.786865 -1.734619 1.000000 1.000000 1.000000 #1.000000
v -0.359619 1.645752 -1.815674 1.000000 1.000000 1.000000 #0.831373
v -0.421631 1.705078 -1.670166 1.000000 1.000000 1.000000 #0.815686
v -0.342773 1.766113 -1.742676 1.000000 1.000000 1.000000 #0.784314
v -0.342773 1.766113 -1.742676 1.000000 1.000000 1.000000 #0.831373
v -0.421631 1.705078 -1.670166 1.000000 1.000000 1.000000 #0.815686
v -0.324463 1.704346 -1.721680 1.000000 1.000000 1.000000 #0.784314
v -0.359619 1.645752 -1.815674 1.000000 1.000000 1.000000 #0.831373
v -0.342773 1.766113 -1.742676 1.000000 1.000000 1.000000 #0.815686
v -0.218262 1.738525 -1.881104 1.000000 1.000000 1.000000 #0.784314
v -0.342773 1.766113 -1.742676 1.000000 1.000000 1.000000 #0.831373
v -0.324463 1.704346 -1.721680 1.000000 1.000000 1.000000 #0.815686
v -0.218262 1.738525 -1.881104 1.000000 1.000000 1.000000 #0.784314
v -0.218262 1.738525 -1.881104 1.000000 1.000000 1.000000 #0.831373
v -0.324463 1.704346 -1.721680 1.000000 1.000000 1.000000 #0.815686
v -0.209717 1.775635 -1.729736 1.000000 1.000000 1.000000 #0.784314
v -0.383057 1.486328 -1.762451 1.000000 1.000000 1.000000 #0.831373
v -0.324463 1.704346 -1.721680 1.000000 1.000000 1.000000 #0.815686
v -0.423584 1.591309 -1.632324 1.000000 1.000000 1.000000 #0.784314
v -0.423584 1.591309 -1.632324 1.000000 1.000000 1.000000 #0.831373
v -0.324463 1.704346 -1.721680 1.000000 1.000000 1.000000 #0.815686
v -0.421631 1.705078 -1.670166 1.000000 1.000000 1.000000 #0.784314
v -0.421631 1.705078 -1.670166 1.000000 1.000000 1.000000 #0.831373
v -0.359619 1.645752 -1.815674 1.000000 1.000000 1.000000 #0.815686
v -0.423584 1.591309 -1.632324 1.000000 1.000000 1.000000 #0.784314
v -0.423584 1.591309 -1.632324 1.000000 1.000000 1.000000 #0.831373
v -0.359619 1.645752 -1.815674 1.000000 1.000000 1.000000 #0.815686
v -0.383057 1.486328 -1.762451 1.000000 1.000000 1.000000 #0.784314
v -0.314697 1.644043 -1.511963 1.000000 1.000000 1.000000 #0.831373
v -0.206055 1.755371 -1.494141 1.000000 1.000000 1.000000 #0.815686
v -0.209717 1.775635 -1.729736 1.000000 1.000000 1.000000 #0.784314
v -0.314697 1.644043 -1.511963 1.000000 1.000000 1.000000 #0.831373
v -0.209717 1.775635 -1.729736 1.000000 1.000000 1.000000 #0.784314
v -0.324463 1.704346 -1.721680 1.000000 1.000000 1.000000 #1.000000
v -0.354248 1.474609 -1.710938 1.000000 1.000000 1.000000 #0.831373
v -0.348633 1.432129 -1.516602 1.000000 1.000000 1.000000 #0.815686
v -0.314697 1.644043 -1.511963 1.000000 1.000000 1.000000 #0.784314
v -0.354248 1.474609 -1.710938 1.000000 1.000000 1.000000 #0.831373
v -0.314697 1.644043 -1.511963 1.000000 1.000000 1.000000 #0.784314
v -0.324463 1.704346 -1.721680 1.000000 1.000000 1.000000 #1.000000
v -0.348633 1.432129 -1.516602 1.000000 1.000000 1.000000 #0.831373
v -0.245117 1.227051 -1.536621 1.000000 1.000000 1.000000 #0.815686
v -0.219727 1.178467 -1.191406 1.000000 1.000000 1.000000 #0.784314
v -0.348633 1.432129 -1.516602 1.000000 1.000000 1.000000 #0.831373
v -0.219727 1.178467 -1.191406 1.000000 1.000000 1.000000 #0.815686
v -0.282959 1.253418 -1.195068 1.000000 1.000000 1.000000 #0.784314
v -0.314697 1.644043 -1.511963 1.000000 1.000000 1.000000 #0.831373
v -0.348633 1.432129 -1.516602 1.000000 1.000000 1.000000 #0.815686
v -0.335205 1.408691 -1.181885 1.000000 1.000000 1.000000 #0.784314
v 0.014648 2.293945 1.724365 1.000000 1.000000 1.000000 #0.831373
v -0.211426 2.364746 1.689453 1.000000 1.000000 1.000000 #0.815686
v -0.202637 2.198730 1.683594 1.000000 1.000000 1.000000 #0.784314
v 0.014648 2.293945 1.724365 1.000000 1.000000 1.000000 #0.831373
v -0.202637 2.198730 1.683594 1.000000 1.000000 1.000000 #0.784314
v 0.005371 2.138184 1.773193 1.000000 1.000000 1.000000 #1.000000
v 0.005371 2.138184 1.773193 1.000000 1.000000 1.000000 #0.831373
v -0.202637 2.198730 1.683594 1.000000 1.000000 1.000000 #0.815686
v -0.166504 1.977539 1.716309 1.000000 1.000000 1.000000 #0.784314
v 0.005371 2.138184 1.773193 1.000000 1.000000 1.000000 #0.831373
v -0.166504 1.977539 1.716309 1.000000 1.000000 1.000000 #0.784314
v -0.000488 1.956055 1.774658 1.000000 1.000000 1.000000 #1.000000
v 0.384766 1.624756 0.281738 1.000000 1.000000 1.000000 #0.831373
v 0.501221 1.758057 0.952637 1.000000 1.000000 1.000000 #0.815686
v 0.309570 1.420654 0.895752 1.000000 1.000000 1.000000 #0.784314
v -0.267334 2.150635 0.416504 1.000000 1.000000 1.000000 #0.831373
v -0.421143 2.029785 0.446777 1.000000 1.000000 1.000000 #0.815686
v -0.339111 2.242920 0.871338 1.000000 1.000000 1.000000 #0.784314
v 0.305420 2.162598 0.581055 1.000000 1.000000 1.000000 #0.831373
v 0.000244 2.218018 0.474121 1.000000 1.000000 1.000000 #0.815686
v -0.001465 2.385254 0.869141 1.000000 1.000000 1.000000 #0.784314
v 0.218018 1.675049 2.034912 1.000000 1.000000 1.000000 #0.831373
v 0.299805 1.792725 1.881836 1.000000 1.000000 1.000000 #0.815686
v -0.000488 1.956055 1.774658 1.000000 1.000000 1.000000 #0.784314
v 0.005371 2.138184 1.773193 1.000000 1.000000 1.000000 #0.831373
v 0.293701 2.131836 1.741211 1.000000 1.000000 1.000000 #0.815686
v 0.154785 2.371338 1.725586 1.000000 1.000000 1.000000 #0.784314
v 0.005371 2.138184 1.773193 1.000000 1.000000 1.000000 #0.831373
v 0.154785 2.371338 1.725586 1.000000 1.000000 1.000000 #0.784314
v 0.014648 2.293945 1.724365 1.000000 1.000000 1.000000 #1.000000
v -0.000488 1.956055 1.774658 1.000000 1.000000 1.000000 #0.831373
v 0.299805 1.792725 1.881836 1.000000 1.000000 1.000000 #0.815686
v 0.293701 2.131836 1.741211 1.000000 1.000000 1.000000 #0.784314
v -0.000488 1.956055 1.774658 1.000000 1.000000 1.000000 #0.831373
v 0.293701 2.131836 1.741211 1.000000 1.000000 1.000000 #0.784314
v 0.005371 2.138184 1.773193 1.000000 1.000000 1.000000 #1.000000
v -0.125488 1.790283 1.666992 1.000000 1.000000 1.000000 #0.831373
v -0.119385 1.596680 1.557861 1.000000 1.000000 1.000000 #0.815686
v 0.078125 1.593018 1.663330 1.000000 1.000000 1.000000 #0.784314
v -0.125488 1.790283 1.666992 1.000000 1.000000 1.000000 #0.831373
v 0.078125 1.593018 1.663330 1.000000 1.000000 1.000000 #0.784314
v 0.037842 1.780518 1.735596 1.000000 1.000000 1.000000 #1.000000
v 0.037842 1.780518 1.735596 1.000000 1.000000 1.000000 #0.831373
v -0.000488 1.956055 1.774658 1.000000 1.000000 1.000000 #0.815686
v -0.166504 1.977539 1.716309 1.000000 1.000000 1.000000 #0.784314
v 0.037842 1.780518 1.735596 1.000000 1.000000 1.000000 #0.831373
v -0.166504 1.977539 1.716309 1.000000 1.000000 1.000000 #0.784314
v -0.125488 1.790283 1.666992 1.000000 1.000000 1.000000 #1.000000
v 0.037842 1.780518 1.735596 1.000000 1.000000 1.000000 #0.831373
v 0.078125 1.593018 1.663330 1.000000 1.000000 1.000000 #0.815686
v 0.225098 1.507324 1.963867 1.000000 1.000000 1.000000 #0.784314
v 0.037842 1.780518 1.735596 1.000000 1.000000 1.000000 #0.831373
v 0.225098 1.507324 1.963867 1.000000 1.000000 1.000000 #0.784314
v 0.218018 1.675049 2.034912 1.000000 1.000000 1.000000 #1.000000
v -0.397949 1.929688 1.526123 1.000000 1.000000 1.000000 #0.831373
v -0.469971 1.604004 1.295166 1.000000 1.000000 1.000000 #0.815686
v -0.388428 1.718262 1.474609 1.000000 1.000000 1.000000 #0.784314
v -0.388428 1.718262 1.474609 1.000000 1.000000 1.000000 #0.831373
v -0.267090 1.499756 1.380371 1.000000 1.000000 1.000000 #0.815686
v -0.119385 1.596680 1.557861 1.000000 1.000000 1.000000 #0.784314
v 0.458252 2.073242 1.009277 1.000000 1.000000 1.000000 #0.831373
v 0.305420 2.162598 0.581055 1.000000 1.000000 1.000000 #0.815686
v 0.334229 2.268799 0.952637 1.000000 1.000000 1.000000 #0.784314
v 0.334229 2.268799 0.952637 1.000000 1.000000 1.000000 #0.831373
v 0.315674 2.356445 1.247070 1.000000 1.000000 1.000000 #0.815686
v 0.458252 2.073242 1.009277 1.000000 1.000000 1.000000 #0.784314
v -0.480469 2.199219 1.186035 1.000000 1.000000 1.000000 #0.831373
v -0.552734 1.853760 1.233398 1.000000 1.000000 1.000000 #0.815686
v -0.397949 1.929688 1.526123 1.000000 1.000000 1.000000 #0.784314
v -0.480469 2.199219 1.186035 1.000000 1.000000 1.000000 #0.831373
v -0.397949 1.929688 1.526123 1.000000 1.000000 1.000000 #0.784314
v -0.343994 2.232178 1.501221 1.000000 1.000000 1.000000 #1.000000
v -0.544678 2.040771 0.888916 1.000000 1.000000 1.000000 #0.831373
v -0.601318 1.737061 0.938965 1.000000 1.000000 1.000000 #0.815686
v -0.552734 1.853760 1.233398 1.000000 1.000000 1.000000 #0.784314
v -0.544678 2.040771 0.888916 1.000000 1.000000 1.000000 #0.831373
v -0.421143 2.029785 0.446777 1.000000 1.000000 1.000000 #0.815686
v -0.574463 1.722412 0.660400 1.000000 1.000000 1.000000 #0.784314
v -0.119385 1.596680 1.557861 1.000000 1.000000 1.000000 #0.831373
v -0.267090 1.499756 1.380371 1.000000 1.000000 1.000000 #0.815686
v 0.103027 1.455811 1.581299 1.000000 1.000000 1.000000 #0.784314
v -0.119385 1.596680 1.557861 1.000000 1.000000 1.000000 #0.831373
v 0.103027 1.455811 1.581299 1.000000 1.000000 1.000000 #0.784314
v 0.078125 1.593018 1.663330 1.000000 1.000000 1.000000 #1.000000
v -0.552734 1.853760 1.233398 1.000000 1.000000 1.000000 #0.831373
v -0.480469 2.199219 1.186035 1.000000 1.000000 1.000000 #0.815686
v -0.544678 2.040771 0.888916 1.000000 1.000000 1.000000 #0.784314
v -0.544678 2.040771 0.888916 1.000000 1.000000 1.000000 #0.831373
v -0.480469 2.199219 1.186035 1.000000 1.000000 1.000000 #0.815686
v -0.250977 2.407959 1.216064 1.000000 1.000000 1.000000 #0.784314
v -0.250977 2.407959 1.216064 1.000000 1.000000 1.000000 #0.831373
v -0.131836 2.563965 1.605713 1.000000 1.000000 1.000000 #0.815686
v -0.020264 2.534424 1.437012 1.000000 1.000000 1.000000 #0.784314
v 0.315674 2.356445 1.247070 1.000000 1.000000 1.000000 #0.831373
v -0.001465 2.486084 1.181396 1.000000 1.000000 1.000000 #0.815686
v -0.020264 2.534424 1.437012 1.000000 1.000000 1.000000 #0.784314
v -0.001465 2.385254 0.869141 1.000000 1.000000 1.000000 #0.831373
v 0.000244 2.218018 0.474121 1.000000 1.000000 1.000000 #0.815686
v -0.267334 2.150635 0.416504 1.000000 1.000000 1.000000 #0.784314
v -0.001465 2.385254 0.869141 1.000000 1.000000 1.000000 #0.831373
v 0.334229 2.268799 0.952637 1.000000 1.000000 1.000000 #0.815686
v 0.305420 2.162598 0.581055 1.000000 1.000000 1.000000 #0.784314
v -0.001465 2.385254 0.869141 1.000000 1.000000 1.000000 #0.831373
v -0.001465 2.486084 1.181396 1.000000 1.000000 1.000000 #0.815686
v 0.315674 2.356445 1.247070 1.000000 1.000000 1.000000 #0.784314
v -0.250977 2.407959 1.216064 1.000000 1.000000 1.000000 #0.831373
v -0.001465 2.486084 1.181396 1.000000 1.000000 1.000000 #0.815686
v -0.001465 2.385254 0.869141 1.000000 1.000000 1.000000 #0.784314
v 0.475586 1.539062 2.250488 1.000000 1.000000 1.000000 #0.831373
v 0.346191 1.513916 1.932129 1.000000 1.000000 1.000000 #0.815686
v 0.397949 1.679932 1.951172 1.000000 1.000000 1.000000 #0.784314
v 0.475586 1.539062 2.250488 1.000000 1.000000 1.000000 #0.831373
v 0.397949 1.679932 1.951172 1.000000 1.000000 1.000000 #0.784314
v 0.541016 1.646240 2.196289 1.000000 1.000000 1.000000 #1.000000
v 0.541016 1.646240 2.196289 1.000000 1.000000 1.000000 #0.831373
v 0.397949 1.679932 1.951172 1.000000 1.000000 1.000000 #0.815686
v 0.218018 1.675049 2.034912 1.000000 1.000000 1.000000 #0.784314
v 0.541016 1.646240 2.196289 1.000000 1.000000 1.000000 #0.831373
v 0.218018 1.675049 2.034912 1.000000 1.000000 1.000000 #0.784314
v 0.254639 1.656494 2.293213 1.000000 1.000000 1.000000 #1.000000
v 0.040771 1.372559 1.309570 1.000000 1.000000 1.000000 #0.831373
v 0.324463 1.419922 1.426025 1.000000 1.000000 1.000000 #0.815686
v 0.346191 1.513916 1.932129 1.000000 1.000000 1.000000 #0.784314
v 0.040771 1.372559 1.309570 1.000000 1.000000 1.000000 #0.831373
v 0.346191 1.513916 1.932129 1.000000 1.000000 1.000000 #0.784314
v 0.225098 1.507324 1.963867 1.000000 1.000000 1.000000 #1.000000
v 0.359131 1.534668 2.323486 1.000000 1.000000 1.000000 #0.831373
v 0.225098 1.507324 1.963867 1.000000 1.000000 1.000000 #0.815686
v 0.346191 1.513916 1.932129 1.000000 1.000000 1.000000 #0.784314
v 0.359131 1.534668 2.323486 1.000000 1.000000 1.000000 #0.831373
v 0.346191 1.513916 1.932129 1.000000 1.000000 1.000000 #0.784314
v 0.475586 1.539062 2.250488 1.000000 1.000000 1.000000 #1.000000
v 0.541016 1.646240 2.196289 1.000000 1.000000 1.000000 #0.831373
v 0.537109 1.637207 2.408203 1.000000 1.000000 1.000000 #0.815686
v 0.475586 1.539062 2.250488 1.000000 1.000000 1.000000 #0.784314
v 0.254639 1.656494 2.293213 1.000000 1.000000 1.000000 #0.831373
v 0.379639 1.642090 2.459717 1.000000 1.000000 1.000000 #0.815686
v 0.537109 1.637207 2.408203 1.000000 1.000000 1.000000 #0.784314
v 0.254639 1.656494 2.293213 1.000000 1.000000 1.000000 #0.831373
v 0.537109 1.637207 2.408203 1.000000 1.000000 1.000000 #0.784314
v 0.541016 1.646240 2.196289 1.000000 1.000000 1.000000 #1.000000
v 0.254639 1.656494 2.293213 1.000000 1.000000 1.000000 #0.831373
v 0.218018 1.675049 2.034912 1.000000 1.000000 1.000000 #0.815686
v 0.225098 1.507324 1.963867 1.000000 1.000000 1.000000 #0.784314
v 0.254639 1.656494 2.293213 1.000000 1.000000 1.000000 #0.831373
v 0.225098 1.507324 1.963867 1.000000 1.000000 1.000000 #0.784314
v 0.359131 1.534668 2.323486 1.000000 1.000000 1.000000 #1.000000
v -0.000488 1.956055 1.774658 1.000000 1.000000 1.000000 #0.831373
v 0.037842 1.780518 1.735596 1.000000 1.000000 1.000000 #0.815686
v 0.218018 1.675049 2.034912 1.000000 1.000000 1.000000 #0.784314
v 0.103027 1.455811 1.581299 1.000000 1.000000 1.000000 #0.831373
v 0.040771 1.372559 1.309570 1.000000 1.000000 1.000000 #0.815686
v 0.225098 1.507324 1.963867 1.000000 1.000000 1.000000 #0.784314
v 0.225098 1.507324 1.963867 1.000000 1.000000 1.000000 #0.831373
v 0.078125 1.593018 1.663330 1.000000 1.000000 1.000000 #0.815686
v 0.103027 1.455811 1.581299 1.000000 1.000000 1.000000 #0.784314
v -0.509277 1.191895 0.879883 1.000000 1.000000 1.000000 #0.831373
v -0.474365 1.071777 0.704346 1.000000 1.000000 1.000000 #0.815686
v -0.355469 1.023438 0.658936 1.000000 1.000000 1.000000 #0.784314
v -0.509277 1.191895 0.879883 1.000000 1.000000 1.000000 #0.831373
v -0.355469 1.023438 0.658936 1.000000 1.000000 1.000000 #0.784314
v -0.258789 1.147461 0.858154 1.000000 1.000000 1.000000 #1.000000
v -0.236572 1.350830 1.066406 1.000000 1.000000 1.000000 #0.831373
v 0.103027 1.455811 1.581299 1.000000 1.000000 1.000000 #0.815686
v -0.267090 1.499756 1.380371 1.000000 1.000000 1.000000 #0.784314
v -0.258789 1.147461 0.858154 1.000000 1.000000 1.000000 #0.831373
v -0.355469 1.023438 0.658936 1.000000 1.000000 1.000000 #0.815686
v -0.311768 1.169434 0.658691 1.000000 1.000000 1.000000 #0.784314
v -0.438965 1.205078 0.701416 1.000000 1.000000 1.000000 #0.831373
v -0.374512 1.310791 0.849854 1.000000 1.000000 1.000000 #0.815686
v -0.272949 1.283447 0.901611 1.000000 1.000000 1.000000 #0.784314
v -0.438965 1.205078 0.701416 1.000000 1.000000 1.000000 #0.831373
v -0.272949 1.283447 0.901611 1.000000 1.000000 1.000000 #0.784314
v -0.311768 1.169434 0.658691 1.000000 1.000000 1.000000 #1.000000
v -0.438965 1.205078 0.701416 1.000000 1.000000 1.000000 #0.831373
v -0.474365 1.071777 0.704346 1.000000 1.000000 1.000000 #0.815686
v -0.509277 1.191895 0.879883 1.000000 1.000000 1.000000 #0.784314
v -0.311768 1.169434 0.658691 1.000000 1.000000 1.000000 #0.831373
v -0.355469 1.023438 0.658936 1.000000 1.000000 1.000000 #0.815686
v -0.474365 1.071777 0.704346 1.000000 1.000000 1.000000 #0.784314
v -0.311768 1.169434 0.658691 1.000000 1.000000 1.000000 #0.831373
v -0.474365 1.071777 0.704346 1.000000 1.000000 1.000000 #0.784314
v -0.438965 1.205078 0.701416 1.000000 1.000000 1.000000 #1.000000
v -0.258789 1.147461 0.858154 1.000000 1.000000 1.000000 #0.831373
v -0.236572 1.350830 1.066406 1.000000 1.000000 1.000000 #0.815686
v -0.381836 1.364014 1.067139 1.000000 1.000000 1.000000 #0.784314
v -0.258789 1.147461 0.858154 1.000000 1.000000 1.000000 #0.831373
v -0.381836 1.364014 1.067139 1.000000 1.000000 1.000000 #0.784314
v -0.509277 1.191895 0.879883 1.000000 1.000000 1.000000 #1.000000
v -0.311768 1.169434 0.658691 1.000000 1.000000 1.000000 #0.831373
v -0.272949 1.283447 0.901611 1.000000 1.000000 1.000000 #0.815686
v -0.236572 1.350830 1.066406 1.000000 1.000000 1.000000 #0.784314
v -0.311768 1.169434 0.658691 1.000000 1.000000 1.000000 #0.831373
v -0.236572 1.350830 1.066406 1.000000 1.000000 1.000000 #0.784314
v -0.258789 1.147461 0.858154 1.000000 1.000000 1.000000 #1.000000
v -0.574463 1.722412 0.660400 1.000000 1.000000 1.000000 #0.831373
v -0.601318 1.737061 0.938965 1.000000 1.000000 1.000000 #0.815686
v -0.544678 2.040771 0.888916 1.000000 1.000000 1.000000 #0.784314
v -0.267090 1.499756 1.380371 1.000000 1.000000 1.000000 #0.831373
v -0.381836 1.364014 1.067139 1.000000 1.000000 1.000000 #0.815686
v -0.236572 1.350830 1.066406 1.000000 1.000000 1.000000 #0.784314
v -0.282959 1.253418 -1.195068 1.000000 1.000000 1.000000 #0.831373
v -0.219727 1.178467 -1.191406 1.000000 1.000000 1.000000 #0.815686
v -0.317139 1.138672 -0.914307 1.000000 1.000000 1.000000 #0.784314
v -0.470947 1.422852 0.532715 1.000000 1.000000 1.000000 #0.831373
v -0.374512 1.310791 0.849854 1.000000 1.000000 1.000000 #0.815686
v -0.509277 1.446045 0.813965 1.000000 1.000000 1.000000 #0.784314
v -0.248535 1.288330 0.638428 1.000000 1.000000 1.000000 #0.831373
v -0.272949 1.283447 0.901611 1.000000 1.000000 1.000000 #0.815686
v -0.470947 1.422852 0.532715 1.000000 1.000000 1.000000 #0.784314
v 0.005127 1.267334 0.926270 1.000000 1.000000 1.000000 #0.831373
v 0.309570 1.420654 0.895752 1.000000 1.000000 1.000000 #0.815686
v 0.324463 1.419922 1.426025 1.000000 1.000000 1.000000 #0.784314
v -0.509277 1.446045 0.813965 1.000000 1.000000 1.000000 #0.831373
v -0.374512 1.310791 0.849854 1.000000 1.000000 1.000000 #0.815686
v -0.490234 1.469238 1.054932 1.000000 1.000000 1.000000 #0.784314
v -0.509277 1.446045 0.813965 1.000000 1.000000 1.000000 #0.831373
v -0.574463 1.722412 0.660400 1.000000 1.000000 1.000000 #0.815686
v -0.523926 1.720947 0.369873 1.000000 1.000000 1.000000 #0.784314
v -0.509277 1.446045 0.813965 1.000000 1.000000 1.000000 #0.831373
v -0.523926 1.720947 0.369873 1.000000 1.000000 1.000000 #0.784314
v -0.470947 1.422852 0.532715 1.000000 1.000000 1.000000 #1.000000
v 0.218750 1.073975 -1.337402 1.000000 1.000000 0.992157 #0.831373
v 0.208496 1.011963 -1.354004 1.000000 1.000000 0.992157 #0.815686
v 0.160400 1.077637 -1.303223 1.000000 1.000000 0.992157 #0.784314
v -0.238037 1.264648 0.136230 1.000000 1.000000 1.000000 #0.831373
v -0.248535 1.288330 0.638428 1.000000 1.000000 1.000000 #0.815686
v -0.470947 1.422852 0.532715 1.000000 1.000000 1.000000 #0.784314
v -0.238037 1.264648 0.136230 1.000000 1.000000 1.000000 #0.831373
v -0.470947 1.422852 0.532715 1.000000 1.000000 1.000000 #0.784314
v -0.398682 1.480713 0.122070 1.000000 1.000000 1.000000 #1.000000
v -0.398682 1.480713 0.122070 1.000000 1.000000 1.000000 #0.831373
v -0.470947 1.422852 0.532715 1.000000 1.000000 1.000000 #0.815686
v -0.523926 1.720947 0.369873 1.000000 1.000000 1.000000 #0.784314
v -0.363525 1.771240 -0.064697 1.000000 1.000000 1.000000 #0.831373
v -0.523926 1.720947 0.369873 1.000000 1.000000 1.000000 #0.815686
v -0.421143 2.029785 0.446777 1.000000 1.000000 1.000000 #0.784314
v -0.363525 1.771240 -0.064697 1.000000 1.000000 1.000000 #0.831373
v -0.421143 2.029785 0.446777 1.000000 1.000000 1.000000 #0.784314
v -0.247314 1.982666 -0.109375 1.000000 1.000000 1.000000 #1.000000
v -0.202881 1.838135 -0.882568 1.000000 1.000000 1.000000 #0.831373
v -0.203857 1.820068 -1.027832 1.000000 1.000000 1.000000 #0.815686
v -0.320068 1.623047 -1.016113 1.000000 1.000000 1.000000 #0.784314
v -0.202881 1.838135 -0.882568 1.000000 1.000000 1.000000 #0.831373
v -0.320068 1.623047 -1.016113 1.000000 1.000000 1.000000 #0.784314
v -0.325684 1.663574 -0.761719 1.000000 1.000000 1.000000 #1.000000
v -0.375488 1.506348 -0.037109 1.000000 1.000000 1.000000 #0.831373
v -0.398682 1.480713 0.122070 1.000000 1.000000 1.000000 #0.815686
v -0.363525 1.771240 -0.064697 1.000000 1.000000 1.000000 #0.784314
v -0.238037 1.264648 0.136230 1.000000 1.000000 1.000000 #0.831373
v -0.398682 1.480713 0.122070 1.000000 1.000000 1.000000 #0.815686
v -0.375488 1.506348 -0.037109 1.000000 1.000000 1.000000 #0.784314
v 0.234375 1.323486 -0.551514 1.000000 1.000000 1.000000 #0.831373
v 0.306641 1.387451 0.180420 1.000000 1.000000 1.000000 #0.815686
v -0.238037 1.264648 0.136230 1.000000 1.000000 1.000000 #0.784314
v 0.234375 1.323486 -0.551514 1.000000 1.000000 1.000000 #0.831373
v -0.238037 1.264648 0.136230 1.000000 1.000000 1.000000 #0.784314
v -0.224854 1.241455 -0.555664 1.000000 1.000000 1.000000 #1.000000
v -0.212646 1.206299 -0.824219 1.000000 1.000000 1.000000 #0.831373
v -0.248291 1.071045 -0.626221 1.000000 1.000000 1.000000 #0.815686
v -0.113770 1.183594 -0.935059 1.000000 1.000000 1.000000 #0.784314
v 0.249023 1.025879 -1.205566 1.000000 1.000000 0.992157 #0.831373
v 0.280029 1.169434 -0.880371 1.000000 1.000000 0.992157 #0.815686
v 0.145752 1.169678 -0.864990 1.000000 1.000000 0.992157 #0.784314
v 0.249023 1.025879 -1.205566 1.000000 1.000000 0.992157 #0.831373
v 0.145752 1.169678 -0.864990 1.000000 1.000000 0.992157 #0.784314
v 0.159912 1.041016 -1.143555 1.000000 1.000000 0.992157 #1.000000
v 0.331787 1.502197 -0.031006 1.000000 1.000000 1.000000 #0.831373
v 0.384766 1.624756 0.281738 1.000000 1.000000 1.000000 #0.815686
v 0.306641 1.387451 0.180420 1.000000 1.000000 1.000000 #0.784314
v -0.289307 1.272217 -0.917480 1.000000 1.000000 1.000000 #0.831373
v -0.248291 1.071045 -0.626221 1.000000 1.000000 1.000000 #0.815686
v -0.212646 1.206299 -0.824219 1.000000 1.000000 1.000000 #0.784314
v -0.325684 1.663574 -0.761719 1.000000 1.000000 1.000000 #0.831373
v -0.320068 1.623047 -1.016113 1.000000 1.000000 1.000000 #0.815686
v -0.307617 1.419434 -0.959473 1.000000 1.000000 1.000000 #0.784314
v -0.325684 1.663574 -0.761719 1.000000 1.000000 1.000000 #0.831373
v -0.307617 1.419434 -0.959473 1.000000 1.000000 1.000000 #0.784314
v -0.312256 1.434570 -0.736816 1.000000 1.000000 1.000000 #1.000000
v 0.187500 1.821289 -0.860596 1.000000 1.000000 1.000000 #0.831373
v 0.176025 1.811035 -0.984131 1.000000 1.000000 1.000000 #0.815686
v -0.011230 1.862305 -1.010986 1.000000 1.000000 1.000000 #0.784314
v 0.187500 1.821289 -0.860596 1.000000 1.000000 1.000000 #0.831373
v -0.011230 1.862305 -1.010986 1.000000 1.000000 1.000000 #0.784314
v -0.015381 1.876221 -0.858887 1.000000 1.000000 1.000000 #1.000000
v -0.015381 1.876221 -0.858887 1.000000 1.000000 1.000000 #0.831373
v -0.011230 1.862305 -1.010986 1.000000 1.000000 1.000000 #0.815686
v -0.203857 1.820068 -1.027832 1.000000 1.000000 1.000000 #0.784314
v -0.015381 1.876221 -0.858887 1.000000 1.000000 1.000000 #0.831373
v -0.203857 1.820068 -1.027832 1.000000 1.000000 1.000000 #0.784314
v -0.202881 1.838135 -0.882568 1.000000 1.000000 1.000000 #1.000000
v 0.291748 1.650635 -0.693604 1.000000 1.000000 1.000000 #0.831373
v 0.305908 1.650146 -0.963379 1.000000 1.000000 1.000000 #0.815686
v 0.176025 1.811035 -0.984131 1.000000 1.000000 1.000000 #0.784314
v 0.291748 1.650635 -0.693604 1.000000 1.000000 1.000000 #0.831373
v 0.176025 1.811035 -0.984131 1.000000 1.000000 1.000000 #0.784314
v 0.187500 1.821289 -0.860596 1.000000 1.000000 1.000000 #1.000000
v 0.288086 1.447754 -0.675293 1.000000 1.000000 1.000000 #0.831373
v 0.273438 1.421875 -0.923096 1.000000 1.000000 1.000000 #0.815686
v 0.305908 1.650146 -0.963379 1.000000 1.000000 1.000000 #0.784314
v 0.288086 1.447754 -0.675293 1.000000 1.000000 1.000000 #0.831373
v 0.305908 1.650146 -0.963379 1.000000 1.000000 1.000000 #0.784314
v 0.291748 1.650635 -0.693604 1.000000 1.000000 1.000000 #1.000000
v 0.298340 1.659180 -0.576660 1.000000 1.000000 1.000000 #0.831373
v 0.354980 1.773193 -0.045410 1.000000 1.000000 1.000000 #0.815686
v 0.331787 1.502197 -0.031006 1.000000 1.000000 1.000000 #0.784314
v 0.298340 1.659180 -0.576660 1.000000 1.000000 1.000000 #0.831373
v 0.331787 1.502197 -0.031006 1.000000 1.000000 1.000000 #0.784314
v 0.307373 1.464111 -0.562012 1.000000 1.000000 1.000000 #1.000000
v 0.204102 1.879395 -0.365723 1.000000 1.000000 1.000000 #0.831373
v 0.217041 1.937012 -0.077637 1.000000 1.000000 1.000000 #0.815686
v 0.354980 1.773193 -0.045410 1.000000 1.000000 1.000000 #0.784314
v 0.204102 1.879395 -0.365723 1.000000 1.000000 1.000000 #0.831373
v 0.354980 1.773193 -0.045410 1.000000 1.000000 1.000000 #0.784314
v 0.298340 1.659180 -0.576660 1.000000 1.000000 1.000000 #1.000000
v -0.025879 1.916260 -0.375244 1.000000 1.000000 1.000000 #0.831373
v -0.020020 1.997559 -0.105957 1.000000 1.000000 1.000000 #0.815686
v 0.217041 1.937012 -0.077637 1.000000 1.000000 1.000000 #0.784314
v -0.025879 1.916260 -0.375244 1.000000 1.000000 1.000000 #0.831373
v 0.217041 1.937012 -0.077637 1.000000 1.000000 1.000000 #0.784314
v 0.204102 1.879395 -0.365723 1.000000 1.000000 1.000000 #1.000000
v -0.028076 1.899414 -0.592773 1.000000 1.000000 1.000000 #0.831373
v -0.025879 1.916260 -0.375244 1.000000 1.000000 1.000000 #0.815686
v 0.204102 1.879395 -0.365723 1.000000 1.000000 1.000000 #0.784314
v -0.028076 1.899414 -0.592773 1.000000 1.000000 1.000000 #0.831373
v 0.204102 1.879395 -0.365723 1.000000 1.000000 1.000000 #0.784314
v 0.200928 1.845459 -0.589111 1.000000 1.000000 1.000000 #1.000000
v 0.200928 1.845459 -0.589111 1.000000 1.000000 1.000000 #0.831373
v 0.204102 1.879395 -0.365723 1.000000 1.000000 1.000000 #0.815686
v 0.298340 1.659180 -0.576660 1.000000 1.000000 1.000000 #0.784314
v 0.291748 1.650635 -0.693604 1.000000 1.000000 1.000000 #0.831373
v 0.298340 1.659180 -0.576660 1.000000 1.000000 1.000000 #0.815686
v 0.307373 1.464111 -0.562012 1.000000 1.000000 1.000000 #0.784314
v 0.291748 1.650635 -0.693604 1.000000 1.000000 1.000000 #0.831373
v 0.307373 1.464111 -0.562012 1.000000 1.000000 1.000000 #0.784314
v 0.288086 1.447754 -0.675293 1.000000 1.000000 1.000000 #1.000000
v 0.288086 1.447754 -0.675293 1.000000 1.000000 1.000000 #0.831373
v 0.307373 1.464111 -0.562012 1.000000 1.000000 1.000000 #0.815686
v 0.234375 1.323486 -0.551514 1.000000 1.000000 1.000000 #0.784314
v 0.288086 1.447754 -0.675293 1.000000 1.000000 1.000000 #0.831373
v 0.234375 1.323486 -0.551514 1.000000 1.000000 1.000000 #0.784314
v 0.194580 1.313721 -0.669678 1.000000 1.000000 1.000000 #1.000000
v -0.224854 1.241455 -0.555664 1.000000 1.000000 1.000000 #0.831373
v -0.213623 1.235840 -0.678955 1.000000 1.000000 1.000000 #0.815686
v 0.194580 1.313721 -0.669678 1.000000 1.000000 1.000000 #0.784314
v -0.224854 1.241455 -0.555664 1.000000 1.000000 1.000000 #0.831373
v 0.194580 1.313721 -0.669678 1.000000 1.000000 1.000000 #0.784314
v 0.234375 1.323486 -0.551514 1.000000 1.000000 1.000000 #1.000000
v -0.209473 1.889404 -0.381104 1.000000 1.000000 1.000000 #0.831373
v -0.247314 1.982666 -0.109375 1.000000 1.000000 1.000000 #0.815686
v -0.020020 1.997559 -0.105957 1.000000 1.000000 1.000000 #0.784314
v -0.209473 1.889404 -0.381104 1.000000 1.000000 1.000000 #0.831373
v -0.020020 1.997559 -0.105957 1.000000 1.000000 1.000000 #0.784314
v -0.025879 1.916260 -0.375244 1.000000 1.000000 1.000000 #1.000000
v -0.338623 1.675049 -0.632568 1.000000 1.000000 1.000000 #0.831373
v -0.363525 1.771240 -0.064697 1.000000 1.000000 1.000000 #0.815686
v -0.247314 1.982666 -0.109375 1.000000 1.000000 1.000000 #0.784314
v -0.338623 1.675049 -0.632568 1.000000 1.000000 1.000000 #0.831373
v -0.247314 1.982666 -0.109375 1.000000 1.000000 1.000000 #0.784314
v -0.209473 1.889404 -0.381104 1.000000 1.000000 1.000000 #1.000000
v -0.024170 1.887939 -0.714111 1.000000 1.000000 1.000000 #0.831373
v -0.015381 1.876221 -0.858887 1.000000 1.000000 1.000000 #0.815686
v -0.202881 1.838135 -0.882568 1.000000 1.000000 1.000000 #0.784314
v -0.024170 1.887939 -0.714111 1.000000 1.000000 1.000000 #0.831373
v -0.202881 1.838135 -0.882568 1.000000 1.000000 1.000000 #0.784314
v -0.216797 1.857910 -0.751709 1.000000 1.000000 1.000000 #1.000000
v -0.216797 1.857910 -0.751709 1.000000 1.000000 1.000000 #0.831373
v -0.202881 1.838135 -0.882568 1.000000 1.000000 1.000000 #0.815686
v -0.325684 1.663574 -0.761719 1.000000 1.000000 1.000000 #0.784314
v -0.314697 1.446045 -0.608398 1.000000 1.000000 1.000000 #0.831373
v -0.375488 1.506348 -0.037109 1.000000 1.000000 1.000000 #0.815686
v -0.363525 1.771240 -0.064697 1.000000 1.000000 1.000000 #0.784314
v -0.314697 1.446045 -0.608398 1.000000 1.000000 1.000000 #0.831373
v -0.363525 1.771240 -0.064697 1.000000 1.000000 1.000000 #0.784314
v -0.338623 1.675049 -0.632568 1.000000 1.000000 1.000000 #1.000000
v -0.338623 1.675049 -0.632568 1.000000 1.000000 1.000000 #0.831373
v -0.325684 1.663574 -0.761719 1.000000 1.000000 1.000000 #0.815686
v -0.312256 1.434570 -0.736816 1.000000 1.000000 1.000000 #0.784314
v -0.338623 1.675049 -0.632568 1.000000 1.000000 1.000000 #0.831373
v -0.312256 1.434570 -0.736816 1.000000 1.000000 1.000000 #0.784314
v -0.314697 1.446045 -0.608398 1.000000 1.000000 1.000000 #1.000000
v -0.314697 1.446045 -0.608398 1.000000 1.000000 1.000000 #0.831373
v -0.312256 1.434570 -0.736816 1.000000 1.000000 1.000000 #0.815686
v -0.213623 1.235840 -0.678955 1.000000 1.000000 1.000000 #0.784314
v -0.314697 1.446045 -0.608398 1.000000 1.000000 1.000000 #0.831373
v -0.213623 1.235840 -0.678955 1.000000 1.000000 1.000000 #0.784314
v -0.224854 1.241455 -0.555664 1.000000 1.000000 1.000000 #1.000000
v 0.308838 1.376221 -0.880371 1.000000 1.000000 0.992157 #0.831373
v 0.307617 1.270752 -0.846436 1.000000 1.000000 0.992157 #0.815686
v 0.299316 1.156006 -1.128418 1.000000 1.000000 0.992157 #0.784314
v 0.308838 1.376221 -0.880371 1.000000 1.000000 0.992157 #0.831373
v 0.299316 1.156006 -1.128418 1.000000 1.000000 0.992157 #0.784314
v 0.286377 1.224365 -1.117920 1.000000 1.000000 0.992157 #1.000000
v -0.248291 1.071045 -0.626221 1.000000 1.000000 1.000000 #0.831373
v -0.303467 1.052246 -0.713867 1.000000 1.000000 1.000000 #0.815686
v -0.200684 1.009033 -0.707031 1.000000 1.000000 1.000000 #0.784314
v -0.289307 1.272217 -0.917480 1.000000 1.000000 1.000000 #0.831373
v -0.307617 1.419434 -0.959473 1.000000 1.000000 1.000000 #0.815686
v -0.335205 1.408691 -1.181885 1.000000 1.000000 1.000000 #0.784314
v -0.113770 1.183594 -0.935059 1.000000 1.000000 1.000000 #0.831373
v 0.004639 1.211914 -1.098389 1.000000 1.000000 1.000000 #0.815686
v 0.124268 1.283447 -0.959717 1.000000 1.000000 1.000000 #0.784314
v 0.308838 1.376221 -0.880371 1.000000 1.000000 0.992157 #0.831373
v 0.273438 1.421875 -0.923096 1.000000 1.000000 0.992157 #0.815686
v 0.288086 1.447754 -0.675293 1.000000 1.000000 0.992157 #0.784314
v -0.213623 1.235840 -0.678955 1.000000 1.000000 1.000000 #0.831373
v -0.312256 1.434570 -0.736816 1.000000 1.000000 1.000000 #0.815686
v -0.307617 1.419434 -0.959473 1.000000 1.000000 1.000000 #0.784314
v -0.213623 1.235840 -0.678955 1.000000 1.000000 1.000000 #0.831373
v -0.307617 1.419434 -0.959473 1.000000 1.000000 1.000000 #0.784314
v -0.289307 1.272217 -0.917480 1.000000 1.000000 1.000000 #1.000000
v 0.194580 1.313721 -0.669678 1.000000 1.000000 0.992157 #0.831373
v 0.124268 1.283447 -0.959717 1.000000 1.000000 0.992157 #0.815686
v 0.145752 1.169678 -0.864990 1.000000 1.000000 0.992157 #0.784314
v -0.212646 1.206299 -0.824219 1.000000 1.000000 1.000000 #0.831373
v -0.213623 1.235840 -0.678955 1.000000 1.000000 1.000000 #0.815686
v -0.289307 1.272217 -0.917480 1.000000 1.000000 1.000000 #0.784314
v -0.113770 1.183594 -0.935059 1.000000 1.000000 1.000000 #0.831373
v -0.213623 1.235840 -0.678955 1.000000 1.000000 1.000000 #0.815686
v -0.212646 1.206299 -0.824219 1.000000 1.000000 1.000000 #0.784314
v 0.194580 1.313721 -0.669678 1.000000 1.000000 0.992157 #0.831373
v 0.280029 1.169434 -0.880371 1.000000 1.000000 0.992157 #0.815686
v 0.307617 1.270752 -0.846436 1.000000 1.000000 0.992157 #0.784314
v 0.249023 1.025879 -1.205566 1.000000 1.000000 0.992157 #0.831373
v 0.208496 1.011963 -1.354004 1.000000 1.000000 0.992157 #0.815686
v 0.251953 1.057129 -1.301270 1.000000 1.000000 0.992157 #0.784314
v 0.288086 1.447754 -0.675293 1.000000 1.000000 0.992157 #0.831373
v 0.194580 1.313721 -0.669678 1.000000 1.000000 0.992157 #0.815686
v 0.307617 1.270752 -0.846436 1.000000 1.000000 0.992157 #0.784314
v 0.160400 1.077637 -1.303223 1.000000 1.000000 0.992157 #0.831373
v 0.208496 1.011963 -1.354004 1.000000 1.000000 0.992157 #0.815686
v 0.159912 1.041016 -1.143555 1.000000 1.000000 0.992157 #0.784314
v 0.145752 1.169678 -0.864990 1.000000 1.000000 0.992157 #0.831373
v 0.280029 1.169434 -0.880371 1.000000 1.000000 0.992157 #0.815686
v 0.194580 1.313721 -0.669678 1.000000 1.000000 0.992157 #0.784314
v -0.113770 1.183594 -0.935059 1.000000 1.000000 1.000000 #0.831373
v -0.200684 1.009033 -0.707031 1.000000 1.000000 1.000000 #0.815686
v -0.174805 1.050049 -0.905762 1.000000 1.000000 1.000000 #0.784314
v -0.317139 1.138672 -0.914307 1.000000 1.000000 1.000000 #0.831373
v -0.219727 1.178467 -1.191406 1.000000 1.000000 1.000000 #0.815686
v -0.174805 1.050049 -0.905762 1.000000 1.000000 1.000000 #0.784314
v -0.200684 1.009033 -0.707031 1.000000 1.000000 1.000000 #0.831373
v -0.113770 1.183594 -0.935059 1.000000 1.000000 1.000000 #0.815686
v -0.248291 1.071045 -0.626221 1.000000 1.000000 1.000000 #0.784314
v 0.251953 1.057129 -1.301270 1.000000 1.000000 0.992157 #0.831373
v 0.208496 1.011963 -1.354004 1.000000 1.000000 0.992157 #0.815686
v 0.218750 1.073975 -1.337402 1.000000 1.000000 0.992157 #0.784314
v 0.146729 1.201660 -1.180176 1.000000 1.000000 0.992157 #0.831373
v 0.124268 1.283447 -0.959717 1.000000 1.000000 0.992157 #0.815686
v 0.221436 1.259033 -1.116699 1.000000 1.000000 0.992157 #0.784314
v 0.159912 1.041016 -1.143555 1.000000 1.000000 0.992157 #0.831373
v 0.145752 1.169678 -0.864990 1.000000 1.000000 0.992157 #0.815686
v 0.124268 1.283447 -0.959717 1.000000 1.000000 0.992157 #0.784314
v 0.159912 1.041016 -1.143555 1.000000 1.000000 0.992157 #0.831373
v 0.124268 1.283447 -0.959717 1.000000 1.000000 0.992157 #0.784314
v 0.146729 1.201660 -1.180176 1.000000 1.000000 0.992157 #1.000000
v 0.159912 1.041016 -1.143555 1.000000 1.000000 0.992157 #0.831373
v 0.208496 1.011963 -1.354004 1.000000 1.000000 0.992157 #0.815686
v 0.249023 1.025879 -1.205566 1.000000 1.000000 0.992157 #0.784314
v 0.299316 1.156006 -1.128418 1.000000 1.000000 0.992157 #0.831373
v 0.307617 1.270752 -0.846436 1.000000 1.000000 0.992157 #0.815686
v 0.280029 1.169434 -0.880371 1.000000 1.000000 0.992157 #0.784314
v 0.299316 1.156006 -1.128418 1.000000 1.000000 0.992157 #0.831373
v 0.280029 1.169434 -0.880371 1.000000 1.000000 0.992157 #0.784314
v 0.249023 1.025879 -1.205566 1.000000 1.000000 0.992157 #1.000000
v 0.273438 1.421875 -0.923096 1.000000 1.000000 0.992157 #0.831373
v 0.308838 1.376221 -0.880371 1.000000 1.000000 0.992157 #0.815686
v 0.221436 1.259033 -1.116699 1.000000 1.000000 0.992157 #0.784314
v 0.251953 1.057129 -1.301270 1.000000 1.000000 0.992157 #0.831373
v 0.299316 1.156006 -1.128418 1.000000 1.000000 0.992157 #0.815686
v 0.249023 1.025879 -1.205566 1.000000 1.000000 0.992157 #0.784314
v 0.218750 1.073975 -1.337402 1.000000 1.000000 0.992157 #0.831373
v 0.221436 1.259033 -1.116699 1.000000 1.000000 0.992157 #0.815686
v 0.286377 1.224365 -1.117920 1.000000 1.000000 0.992157 #0.784314
v 0.160400 1.077637 -1.303223 1.000000 1.000000 0.992157 #0.831373
v 0.146729 1.201660 -1.180176 1.000000 1.000000 0.992157 #0.815686
v 0.221436 1.259033 -1.116699 1.000000 1.000000 0.992157 #0.784314
v 0.160400 1.077637 -1.303223 1.000000 1.000000 0.992157 #0.831373
v 0.221436 1.259033 -1.116699 1.000000 1.000000 0.992157 #0.784314
v 0.218750 1.073975 -1.337402 1.000000 1.000000 0.992157 #1.000000
v 0.159912 1.041016 -1.143555 1.000000 1.000000 0.992157 #0.831373
v 0.146729 1.201660 -1.180176 1.000000 1.000000 0.992157 #0.815686
v 0.160400 1.077637 -1.303223 1.000000 1.000000 0.992157 #0.784314
v 0.286377 1.224365 -1.117920 1.000000 1.000000 0.992157 #0.831373
v 0.299316 1.156006 -1.128418 1.000000 1.000000 0.992157 #0.815686
v 0.251953 1.057129 -1.301270 1.000000 1.000000 0.992157 #0.784314
v 0.286377 1.224365 -1.117920 1.000000 1.000000 0.992157 #0.831373
v 0.251953 1.057129 -1.301270 1.000000 1.000000 0.992157 #0.784314
v 0.218750 1.073975 -1.337402 1.000000 1.000000 0.992157 #1.000000
v 0.286377 1.224365 -1.117920 1.000000 1.000000 0.992157 #0.831373
v 0.221436 1.259033 -1.116699 1.000000 1.000000 0.992157 #0.815686
v 0.308838 1.376221 -0.880371 1.000000 1.000000 0.992157 #0.784314
v 0.307617 1.270752 -0.846436 1.000000 1.000000 0.992157 #0.831373
v 0.308838 1.376221 -0.880371 1.000000 1.000000 0.992157 #0.815686
v 0.288086 1.447754 -0.675293 1.000000 1.000000 0.992157 #0.784314
v -0.174805 1.050049 -0.905762 1.000000 1.000000 1.000000 #0.831373
v -0.200684 1.009033 -0.707031 1.000000 1.000000 1.000000 #0.815686
v -0.303467 1.052246 -0.713867 1.000000 1.000000 1.000000 #0.784314
v -0.174805 1.050049 -0.905762 1.000000 1.000000 1.000000 #0.831373
v -0.303467 1.052246 -0.713867 1.000000 1.000000 1.000000 #0.784314
v -0.317139 1.138672 -0.914307 1.000000 1.000000 1.000000 #1.000000
v -0.174805 1.050049 -0.905762 1.000000 1.000000 1.000000 #0.831373
v -0.219727 1.178467 -1.191406 1.000000 1.000000 1.000000 #0.815686
v -0.113770 1.183594 -0.935059 1.000000 1.000000 1.000000 #0.784314
v -0.317139 1.138672 -0.914307 1.000000 1.000000 1.000000 #0.831373
v -0.303467 1.052246 -0.713867 1.000000 1.000000 1.000000 #0.815686
v -0.248291 1.071045 -0.626221 1.000000 1.000000 1.000000 #0.784314
v -0.317139 1.138672 -0.914307 1.000000 1.000000 1.000000 #0.831373
v -0.248291 1.071045 -0.626221 1.000000 1.000000 1.000000 #0.784314
v -0.289307 1.272217 -0.917480 1.000000 1.000000 1.000000 #1.000000
v -0.317139 1.138672 -0.914307 1.000000 1.000000 1.000000 #0.831373
v -0.289307 1.272217 -0.917480 1.000000 1.000000 1.000000 #0.815686
v -0.335205 1.408691 -1.181885 1.000000 1.000000 1.000000 #0.784314
v -0.317139 1.138672 -0.914307 1.000000 1.000000 1.000000 #0.831373
v -0.335205 1.408691 -1.181885 1.000000 1.000000 1.000000 #0.815686
v -0.282959 1.253418 -1.195068 1.000000 1.000000 1.000000 #0.784314
v -0.282959 1.253418 -1.195068 1.000000 1.000000 1.000000 #0.831373
v -0.335205 1.408691 -1.181885 1.000000 1.000000 1.000000 #0.815686
v -0.348633 1.432129 -1.516602 1.000000 1.000000 1.000000 #0.784314
v -0.016357 1.183105 -1.775391 1.000000 1.000000 1.000000 #0.831373
v 0.261475 1.245605 -1.731445 1.000000 1.000000 1.000000 #0.815686
v 0.234619 1.281250 -1.506348 1.000000 1.000000 1.000000 #0.784314
v -0.016357 1.183105 -1.775391 1.000000 1.000000 1.000000 #0.831373
v 0.234619 1.281250 -1.506348 1.000000 1.000000 1.000000 #0.784314
v -0.020752 1.162354 -1.522461 1.000000 1.000000 1.000000 #1.000000
v -0.016357 1.183105 -1.775391 1.000000 1.000000 1.000000 #0.831373
v -0.020752 1.162354 -1.522461 1.000000 1.000000 1.000000 #1.000000
v -0.251709 1.248047 -1.752441 1.000000 1.000000 1.000000 #0.831373
v 0.069580 1.532471 -2.346924 1.000000 1.000000 1.000000 #0.831373
v 0.000000 1.541260 -2.316650 1.000000 1.000000 1.000000 #0.815686
v -0.073975 1.537842 -2.340576 1.000000 1.000000 1.000000 #0.784314
v 0.000977 1.653564 -2.105713 1.000000 1.000000 1.000000 #0.831373
v 0.238525 1.636230 -2.078613 1.000000 1.000000 1.000000 #0.815686
v 0.069580 1.532471 -2.346924 1.000000 1.000000 1.000000 #0.784314
v 0.069580 1.532471 -2.346924 1.000000 1.000000 1.000000 #0.831373
v -0.073975 1.537842 -2.340576 1.000000 1.000000 1.000000 #0.815686
v 0.000977 1.653564 -2.105713 1.000000 1.000000 1.000000 #0.784314
v -0.127441 1.520020 -2.325195 1.000000 1.000000 1.000000 #0.831373
v -0.118896 1.523438 -2.332764 1.000000 1.000000 1.000000 #0.815686
v -0.137207 1.436523 -2.319580 1.000000 1.000000 1.000000 #0.784314
v -0.137207 1.436523 -2.319580 1.000000 1.000000 1.000000 #0.831373
v -0.118896 1.523438 -2.332764 1.000000 1.000000 1.000000 #0.815686
v -0.113281 1.467773 -2.365234 1.000000 1.000000 1.000000 #0.784314
v -0.236084 1.458496 -2.134033 1.000000 1.000000 1.000000 #0.831373
v -0.225830 1.507324 -2.143066 1.000000 1.000000 1.000000 #0.815686
v -0.137207 1.436523 -2.319580 1.000000 1.000000 1.000000 #0.784314
v -0.127441 1.520020 -2.325195 1.000000 1.000000 1.000000 #0.831373
v -0.137207 1.436523 -2.319580 1.000000 1.000000 1.000000 #0.815686
v -0.225830 1.507324 -2.143066 1.000000 1.000000 1.000000 #0.784314
v -0.073975 1.537842 -2.340576 1.000000 1.000000 1.000000 #0.831373
v 0.000000 1.541260 -2.316650 1.000000 1.000000 1.000000 #0.815686
v -0.118896 1.523438 -2.332764 1.000000 1.000000 1.000000 #0.784314
v -0.225830 1.507324 -2.143066 1.000000 1.000000 1.000000 #0.831373
v -0.259521 1.567627 -2.100586 1.000000 1.000000 1.000000 #0.815686
v -0.255615 1.583496 -2.105713 1.000000 1.000000 1.000000 #0.784314
v -0.255615 1.583496 -2.105713 1.000000 1.000000 1.000000 #0.831373
v -0.259521 1.567627 -2.100586 1.000000 1.000000 1.000000 #0.815686
v -0.301270 1.596680 -2.017578 1.000000 1.000000 1.000000 #0.784314
v -0.255615 1.583496 -2.105713 1.000000 1.000000 1.000000 #0.831373
v -0.301270 1.596680 -2.017578 1.000000 1.000000 1.000000 #0.784314
v -0.300537 1.614258 -2.014648 1.000000 1.000000 1.000000 #1.000000
v -0.337402 1.585205 -1.963867 1.000000 1.000000 1.000000 #0.831373
v -0.359619 1.645752 -1.815674 1.000000 1.000000 1.000000 #0.815686
v -0.300537 1.614258 -2.014648 1.000000 1.000000 1.000000 #0.784314
v -0.300537 1.614258 -2.014648 1.000000 1.000000 1.000000 #0.831373
v -0.359619 1.645752 -1.815674 1.000000 1.000000 1.000000 #0.815686
v -0.218262 1.738525 -1.881104 1.000000 1.000000 1.000000 #0.784314
v -0.300537 1.614258 -2.014648 1.000000 1.000000 1.000000 #0.831373
v -0.301270 1.596680 -2.017578 1.000000 1.000000 1.000000 #0.815686
v -0.334961 1.575928 -1.977539 1.000000 1.000000 1.000000 #0.784314
v -0.300537 1.614258 -2.014648 1.000000 1.000000 1.000000 #0.831373
v -0.334961 1.575928 -1.977539 1.000000 1.000000 1.000000 #0.784314
v -0.337402 1.585205 -1.963867 1.000000 1.000000 1.000000 #1.000000
v -0.346680 1.534180 -1.953125 1.000000 1.000000 1.000000 #0.831373
v -0.359619 1.645752 -1.815674 1.000000 1.000000 1.000000 #0.815686
v -0.337402 1.585205 -1.963867 1.000000 1.000000 1.000000 #0.784314
v -0.383057 1.486328 -1.762451 1.000000 1.000000 1.000000 #0.831373
v -0.359619 1.645752 -1.815674 1.000000 1.000000 1.000000 #0.815686
v -0.346680 1.534180 -1.953125 1.000000 1.000000 1.000000 #0.784314
v -0.346680 1.534180 -1.953125 1.000000 1.000000 1.000000 #0.831373
v -0.339600 1.539795 -1.967041 1.000000 1.000000 1.000000 #0.815686
v -0.335449 1.489258 -1.988037 1.000000 1.000000 1.000000 #0.784314
v -0.346680 1.534180 -1.953125 1.000000 1.000000 1.000000 #0.831373
v -0.335449 1.489258 -1.988037 1.000000 1.000000 1.000000 #0.784314
v -0.346436 1.479248 -1.973877 1.000000 1.000000 1.000000 #1.000000
v -0.137207 1.436523 -2.319580 1.000000 1.000000 1.000000 #0.831373
v -0.111084 1.328125 -2.320801 1.000000 1.000000 1.000000 #0.815686
v -0.226562 1.264160 -2.045654 1.000000 1.000000 1.000000 #0.784314
v -0.226562 1.264160 -2.045654 1.000000 1.000000 1.000000 #0.831373
v -0.236084 1.458496 -2.134033 1.000000 1.000000 1.000000 #0.815686
v -0.137207 1.436523 -2.319580 1.000000 1.000000 1.000000 #0.784314
v -0.294434 1.438477 -2.067139 1.000000 1.000000 1.000000 #0.831373
v -0.236084 1.458496 -2.134033 1.000000 1.000000 1.000000 #0.815686
v -0.226562 1.264160 -2.045654 1.000000 1.000000 1.000000 #0.784314
v -0.294434 1.438477 -2.067139 1.000000 1.000000 1.000000 #0.831373
v -0.312744 1.433105 -2.010254 1.000000 1.000000 1.000000 #0.815686
v -0.346436 1.479248 -1.973877 1.000000 1.000000 1.000000 #0.784314
v -0.251465 1.465088 -2.118652 1.000000 1.000000 1.000000 #0.831373
v -0.242432 1.511963 -2.128662 1.000000 1.000000 1.000000 #0.815686
v -0.225830 1.507324 -2.143066 1.000000 1.000000 1.000000 #0.784314
v -0.251465 1.465088 -2.118652 1.000000 1.000000 1.000000 #0.831373
v -0.225830 1.507324 -2.143066 1.000000 1.000000 1.000000 #0.784314
v -0.236084 1.458496 -2.134033 1.000000 1.000000 1.000000 #1.000000
v -0.294434 1.438477 -2.067139 1.000000 1.000000 1.000000 #0.831373
v -0.346436 1.479248 -1.973877 1.000000 1.000000 1.000000 #0.815686
v -0.335449 1.489258 -1.988037 1.000000 1.000000 1.000000 #0.784314
v -0.294434 1.438477 -2.067139 1.000000 1.000000 1.000000 #0.831373
v -0.335449 1.489258 -1.988037 1.000000 1.000000 1.000000 #0.784314
v -0.297119 1.454590 -2.066895 1.000000 1.000000 1.000000 #1.000000
v -0.236084 1.458496 -2.134033 1.000000 1.000000 1.000000 #0.831373
v -0.294434 1.438477 -2.067139 1.000000 1.000000 1.000000 #0.815686
v -0.297119 1.454590 -2.066895 1.000000 1.000000 1.000000 #0.784314
v -0.236084 1.458496 -2.134033 1.000000 1.000000 1.000000 #0.831373
v -0.297119 1.454590 -2.066895 1.000000 1.000000 1.000000 #0.784314
v -0.251465 1.465088 -2.118652 1.000000 1.000000 1.000000 #1.000000
v -0.111084 1.328125 -2.320801 1.000000 1.000000 1.000000 #0.831373
v -0.110596 1.334961 -2.334473 1.000000 1.000000 1.000000 #0.815686
v 0.001953 1.294678 -2.330078 1.000000 1.000000 1.000000 #0.784314
v -0.354248 1.474609 -1.710938 1.000000 1.000000 1.000000 #0.831373
v -0.383057 1.486328 -1.762451 1.000000 1.000000 1.000000 #0.815686
v -0.251709 1.248047 -1.752441 1.000000 1.000000 1.000000 #0.784314
v -0.324463 1.704346 -1.721680 1.000000 1.000000 1.000000 #0.831373
v -0.383057 1.486328 -1.762451 1.000000 1.000000 1.000000 #0.815686
v -0.354248 1.474609 -1.710938 1.000000 1.000000 1.000000 #0.784314
v 0.000977 1.653564 -2.105713 1.000000 1.000000 1.000000 #0.831373
v -0.199707 1.642334 -2.110596 1.000000 1.000000 1.000000 #0.815686
v -0.218262 1.738525 -1.881104 1.000000 1.000000 1.000000 #0.784314
v 0.000977 1.653564 -2.105713 1.000000 1.000000 1.000000 #0.831373
v -0.218262 1.738525 -1.881104 1.000000 1.000000 1.000000 #0.784314
v 0.013916 1.747559 -1.878662 1.000000 1.000000 1.000000 #1.000000
v 0.013916 1.747559 -1.878662 1.000000 1.000000 1.000000 #0.831373
v -0.218262 1.738525 -1.881104 1.000000 1.000000 1.000000 #0.815686
v -0.209717 1.775635 -1.729736 1.000000 1.000000 1.000000 #0.784314
v 0.013916 1.747559 -1.878662 1.000000 1.000000 1.000000 #0.831373
v -0.209717 1.775635 -1.729736 1.000000 1.000000 1.000000 #0.784314
v 0.006104 1.786865 -1.734619 1.000000 1.000000 1.000000 #1.000000
v 0.345947 1.444580 -1.690674 1.000000 1.000000 1.000000 #0.831373
v 0.298584 1.452637 -1.514648 1.000000 1.000000 1.000000 #0.815686
v 0.261475 1.245605 -1.731445 1.000000 1.000000 1.000000 #0.784314
v 0.302734 1.657715 -1.707520 1.000000 1.000000 1.000000 #0.831373
v 0.286621 1.644775 -1.600586 1.000000 1.000000 1.000000 #0.815686
v 0.273682 1.634521 -1.514648 1.000000 1.000000 1.000000 #0.784314
v 0.302734 1.657715 -1.707520 1.000000 1.000000 1.000000 #0.831373
v 0.273682 1.634521 -1.514648 1.000000 1.000000 1.000000 #0.784314
v 0.298584 1.452637 -1.514648 1.000000 1.000000 1.000000 #1.000000
v 0.302734 1.657715 -1.707520 1.000000 1.000000 1.000000 #0.831373
v 0.298584 1.452637 -1.514648 1.000000 1.000000 1.000000 #1.000000
v 0.345947 1.444580 -1.690674 1.000000 1.000000 1.000000 #0.831373
v 0.335938 1.510742 -1.925781 1.000000 1.000000 1.000000 #0.831373
v 0.332764 1.521729 -1.959473 1.000000 1.000000 1.000000 #0.815686
v 0.312744 1.547119 -1.983643 1.000000 1.000000 1.000000 #0.784314
v 0.335938 1.510742 -1.925781 1.000000 1.000000 1.000000 #0.831373
v 0.312744 1.547119 -1.983643 1.000000 1.000000 1.000000 #0.784314
v 0.321777 1.565430 -1.949463 1.000000 1.000000 1.000000 #1.000000
v 0.338135 1.442139 -1.962646 1.000000 1.000000 1.000000 #0.831373
v 0.333008 1.460938 -1.991943 1.000000 1.000000 1.000000 #0.815686
v 0.332764 1.521729 -1.959473 1.000000 1.000000 1.000000 #0.784314
v 0.338135 1.442139 -1.962646 1.000000 1.000000 1.000000 #0.831373
v 0.332764 1.521729 -1.959473 1.000000 1.000000 1.000000 #0.784314
v 0.335938 1.510742 -1.925781 1.000000 1.000000 1.000000 #1.000000
v 0.338135 1.442139 -1.962646 1.000000 1.000000 1.000000 #0.831373
v 0.314941 1.370605 -1.984131 1.000000 1.000000 1.000000 #0.815686
v 0.293213 1.411377 -2.038330 1.000000 1.000000 1.000000 #0.784314
v 0.293213 1.411377 -2.038330 1.000000 1.000000 1.000000 #0.831373
v 0.282227 1.432373 -2.066162 1.000000 1.000000 1.000000 #0.815686
v 0.333008 1.460938 -1.991943 1.000000 1.000000 1.000000 #0.784314
v 0.293213 1.411377 -2.038330 1.000000 1.000000 1.000000 #0.831373
v 0.333008 1.460938 -1.991943 1.000000 1.000000 1.000000 #0.784314
v 0.338135 1.442139 -1.962646 1.000000 1.000000 1.000000 #1.000000
v 0.338623 1.453613 -1.731201 1.000000 1.000000 1.000000 #0.831373
v 0.345947 1.444580 -1.690674 1.000000 1.000000 1.000000 #0.815686
v 0.261475 1.245605 -1.731445 1.000000 1.000000 1.000000 #0.784314
v 0.338623 1.453613 -1.731201 1.000000 1.000000 1.000000 #0.831373
v 0.261475 1.245605 -1.731445 1.000000 1.000000 1.000000 #0.784314
v 0.269287 1.261963 -1.816162 1.000000 1.000000 1.000000 #1.000000
v -0.226562 1.264160 -2.045654 1.000000 1.000000 1.000000 #0.831373
v 0.007812 1.229736 -2.096924 1.000000 1.000000 1.000000 #0.815686
v -0.005371 1.185547 -1.847900 1.000000 1.000000 1.000000 #0.784314
v 0.007812 1.229736 -2.096924 1.000000 1.000000 1.000000 #0.831373
v 0.109863 1.322998 -2.321289 1.000000 1.000000 1.000000 #0.815686
v 0.197998 1.256104 -2.095215 1.000000 1.000000 1.000000 #0.784314
v 0.333984 1.614258 -1.807373 1.000000 1.000000 1.000000 #0.831373
v 0.321777 1.565430 -1.949463 1.000000 1.000000 1.000000 #0.815686
v 0.282959 1.585938 -2.020020 1.000000 1.000000 1.000000 #0.784314
v 0.282959 1.585938 -2.020020 1.000000 1.000000 1.000000 #0.831373
v 0.238525 1.636230 -2.078613 1.000000 1.000000 1.000000 #0.815686
v 0.223389 1.719971 -1.879639 1.000000 1.000000 1.000000 #0.784314
v 0.282959 1.585938 -2.020020 1.000000 1.000000 1.000000 #0.831373
v 0.223389 1.719971 -1.879639 1.000000 1.000000 1.000000 #0.784314
v 0.333984 1.614258 -1.807373 1.000000 1.000000 1.000000 #1.000000
v 0.282959 1.585938 -2.020020 1.000000 1.000000 1.000000 #0.831373
v 0.321777 1.565430 -1.949463 1.000000 1.000000 1.000000 #0.815686
v 0.312744 1.547119 -1.983643 1.000000 1.000000 1.000000 #0.784314
v 0.282959 1.585938 -2.020020 1.000000 1.000000 1.000000 #0.831373
v 0.312744 1.547119 -1.983643 1.000000 1.000000 1.000000 #0.784314
v 0.283447 1.574219 -2.027588 1.000000 1.000000 1.000000 #1.000000
v 0.282959 1.585938 -2.020020 1.000000 1.000000 1.000000 #0.831373
v 0.283447 1.574219 -2.027588 1.000000 1.000000 1.000000 #0.815686
v 0.251709 1.551025 -2.099365 1.000000 1.000000 1.000000 #0.784314
v 0.282959 1.585938 -2.020020 1.000000 1.000000 1.000000 #0.831373
v 0.251709 1.551025 -2.099365 1.000000 1.000000 1.000000 #0.784314
v 0.255371 1.562012 -2.112061 1.000000 1.000000 1.000000 #1.000000
v 0.117188 1.529541 -2.316406 1.000000 1.000000 1.000000 #0.831373
v 0.000000 1.541260 -2.316650 1.000000 1.000000 1.000000 #0.815686
v 0.069580 1.532471 -2.346924 1.000000 1.000000 1.000000 #0.784314
v 0.282227 1.432373 -2.066162 1.000000 1.000000 1.000000 #0.831373
v 0.293213 1.411377 -2.038330 1.000000 1.000000 1.000000 #0.815686
v 0.283447 1.402832 -2.066162 1.000000 1.000000 1.000000 #0.784314
v 0.109863 1.322998 -2.321289 1.000000 1.000000 1.000000 #0.831373
v 0.155029 1.448486 -2.327393 1.000000 1.000000 1.000000 #0.815686
v 0.242188 1.453857 -2.148926 1.000000 1.000000 1.000000 #0.784314
v 0.242188 1.453857 -2.148926 1.000000 1.000000 1.000000 #0.831373
v 0.155029 1.448486 -2.327393 1.000000 1.000000 1.000000 #0.815686
v 0.122314 1.519287 -2.344971 1.000000 1.000000 1.000000 #0.784314
v 0.122314 1.519287 -2.344971 1.000000 1.000000 1.000000 #0.831373
v 0.244873 1.510986 -2.142090 1.000000 1.000000 1.000000 #0.815686
v 0.242188 1.453857 -2.148926 1.000000 1.000000 1.000000 #0.784314
v 0.244873 1.510986 -2.142090 1.000000 1.000000 1.000000 #0.831373
v 0.122314 1.519287 -2.344971 1.000000 1.000000 1.000000 #0.815686
v 0.255371 1.562012 -2.112061 1.000000 1.000000 1.000000 #0.784314
v 0.244873 1.510986 -2.142090 1.000000 1.000000 1.000000 #0.831373
v 0.255371 1.562012 -2.112061 1.000000 1.000000 1.000000 #0.815686
v 0.251709 1.551025 -2.099365 1.000000 1.000000 1.000000 #0.784314
v 0.244873 1.510986 -2.142090 1.000000 1.000000 1.000000 #0.831373
v 0.251709 1.551025 -2.099365 1.000000 1.000000 1.000000 #0.784314
v 0.247559 1.497803 -2.124023 1.000000 1.000000 1.000000 #1.000000
v 0.254883 1.449707 -2.113281 1.000000 1.000000 1.000000 #0.831373
v 0.282227 1.432373 -2.066162 1.000000 1.000000 1.000000 #0.815686
v 0.283447 1.402832 -2.066162 1.000000 1.000000 1.000000 #0.784314
v 0.254883 1.449707 -2.113281 1.000000 1.000000 1.000000 #0.831373
v 0.283447 1.402832 -2.066162 1.000000 1.000000 1.000000 #0.784314
v 0.252686 1.419434 -2.115967 1.000000 1.000000 1.000000 #1.000000
v 0.314941 1.370605 -1.984131 1.000000 1.000000 1.000000 #0.831373
v 0.269287 1.261963 -1.816162 1.000000 1.000000 1.000000 #0.815686
v 0.197998 1.256104 -2.095215 1.000000 1.000000 1.000000 #0.784314
v 0.197998 1.256104 -2.095215 1.000000 1.000000 1.000000 #0.831373
v 0.109863 1.322998 -2.321289 1.000000 1.000000 1.000000 #0.815686
v 0.242188 1.453857 -2.148926 1.000000 1.000000 1.000000 #0.784314
v 0.197998 1.256104 -2.095215 1.000000 1.000000 1.000000 #0.831373
v 0.242188 1.453857 -2.148926 1.000000 1.000000 1.000000 #0.784314
v 0.252686 1.419434 -2.115967 1.000000 1.000000 1.000000 #1.000000
v 0.197998 1.256104 -2.095215 1.000000 1.000000 1.000000 #0.831373
v 0.252686 1.419434 -2.115967 1.000000 1.000000 1.000000 #0.815686
v 0.283447 1.402832 -2.066162 1.000000 1.000000 1.000000 #0.784314
v 0.197998 1.256104 -2.095215 1.000000 1.000000 1.000000 #0.831373
v 0.283447 1.402832 -2.066162 1.000000 1.000000 1.000000 #0.815686
v 0.314941 1.370605 -1.984131 1.000000 1.000000 1.000000 #0.784314
v -0.005371 1.185547 -1.847900 1.000000 1.000000 1.000000 #0.831373
v 0.007812 1.229736 -2.096924 1.000000 1.000000 1.000000 #0.815686
v 0.197998 1.256104 -2.095215 1.000000 1.000000 1.000000 #0.784314
v 0.269287 1.261963 -1.816162 1.000000 1.000000 1.000000 #0.831373
v 0.261475 1.245605 -1.731445 1.000000 1.000000 1.000000 #0.815686
v -0.016357 1.183105 -1.775391 1.000000 1.000000 1.000000 #0.784314
v 0.269287 1.261963 -1.816162 1.000000 1.000000 1.000000 #0.831373
v -0.016357 1.183105 -1.775391 1.000000 1.000000 1.000000 #0.784314
v -0.005371 1.185547 -1.847900 1.000000 1.000000 1.000000 #1.000000
v 0.197998 1.256104 -2.095215 1.000000 1.000000 1.000000 #0.831373
v 0.269287 1.261963 -1.816162 1.000000 1.000000 1.000000 #0.815686
v -0.005371 1.185547 -1.847900 1.000000 1.000000 1.000000 #0.784314
v -0.005371 1.185547 -1.847900 1.000000 1.000000 1.000000 #0.831373
v -0.016357 1.183105 -1.775391 1.000000 1.000000 1.000000 #0.815686
v -0.251709 1.248047 -1.752441 1.000000 1.000000 1.000000 #0.784314
v -0.005371 1.185547 -1.847900 1.000000 1.000000 1.000000 #0.831373
v -0.251709 1.248047 -1.752441 1.000000 1.000000 1.000000 #0.784314
v -0.281982 1.256836 -1.816406 1.000000 1.000000 1.000000 #1.000000
v -0.281982 1.256836 -1.816406 1.000000 1.000000 1.000000 #0.831373
v -0.251709 1.248047 -1.752441 1.000000 1.000000 1.000000 #0.815686
v -0.383057 1.486328 -1.762451 1.000000 1.000000 1.000000 #0.784314
v -0.281982 1.256836 -1.816406 1.000000 1.000000 1.000000 #0.831373
v -0.383057 1.486328 -1.762451 1.000000 1.000000 1.000000 #0.815686
v -0.312744 1.433105 -2.010254 1.000000 1.000000 1.000000 #0.784314
v -0.281982 1.256836 -1.816406 1.000000 1.000000 1.000000 #0.831373
v -0.226562 1.264160 -2.045654 1.000000 1.000000 1.000000 #0.815686
v -0.005371 1.185547 -1.847900 1.000000 1.000000 1.000000 #0.784314
v 0.001953 1.294678 -2.330078 1.000000 1.000000 1.000000 #0.831373
v 0.109863 1.322998 -2.321289 1.000000 1.000000 1.000000 #0.815686
v 0.007812 1.229736 -2.096924 1.000000 1.000000 1.000000 #0.784314
v 0.007812 1.229736 -2.096924 1.000000 1.000000 1.000000 #0.831373
v -0.111084 1.328125 -2.320801 1.000000 1.000000 1.000000 #0.815686
v 0.001953 1.294678 -2.330078 1.000000 1.000000 1.000000 #0.784314
v 0.155029 1.448486 -2.327393 1.000000 1.000000 1.000000 #0.831373
v 0.109863 1.322998 -2.321289 1.000000 1.000000 1.000000 #0.815686
v 0.117432 1.322266 -2.321289 1.000000 1.000000 1.000000 #0.784314
v -0.110596 1.334961 -2.334473 1.000000 1.000000 1.000000 #0.831373
v -0.111084 1.328125 -2.320801 1.000000 1.000000 1.000000 #0.815686
v -0.137207 1.436523 -2.319580 1.000000 1.000000 1.000000 #0.784314
v -0.335205 1.408691 -1.181885 1.000000 1.000000 1.000000 #0.831373
v -0.307617 1.419434 -0.959473 1.000000 1.000000 1.000000 #0.815686
v -0.320068 1.623047 -1.016113 1.000000 1.000000 1.000000 #0.784314
v -0.335205 1.408691 -1.181885 1.000000 1.000000 1.000000 #0.831373
v -0.320068 1.623047 -1.016113 1.000000 1.000000 1.000000 #0.784314
v -0.314697 1.644043 -1.511963 1.000000 1.000000 1.000000 #1.000000
v 0.306641 1.387451 0.180420 1.000000 1.000000 1.000000 #0.831373
v 0.234375 1.323486 -0.551514 1.000000 1.000000 1.000000 #0.815686
v 0.307373 1.464111 -0.562012 1.000000 1.000000 1.000000 #0.784314
v 0.306641 1.387451 0.180420 1.000000 1.000000 1.000000 #0.831373
v 0.307373 1.464111 -0.562012 1.000000 1.000000 1.000000 #0.784314
v 0.331787 1.502197 -0.031006 1.000000 1.000000 1.000000 #1.000000
v -0.375488 1.506348 -0.037109 1.000000 1.000000 1.000000 #0.831373
v -0.314697 1.446045 -0.608398 1.000000 1.000000 1.000000 #0.815686
v -0.224854 1.241455 -0.555664 1.000000 1.000000 1.000000 #0.784314
v -0.375488 1.506348 -0.037109 1.000000 1.000000 1.000000 #0.831373
v -0.224854 1.241455 -0.555664 1.000000 1.000000 1.000000 #0.784314
v -0.238037 1.264648 0.136230 1.000000 1.000000 1.000000 #1.000000
v 0.443115 1.964600 0.719238 1.000000 1.000000 1.000000 #0.831373
v 0.501221 1.758057 0.952637 1.000000 1.000000 1.000000 #0.815686
v 0.384766 1.624756 0.281738 1.000000 1.000000 1.000000 #0.784314
v -0.363525 1.771240 -0.064697 1.000000 1.000000 1.000000 #0.831373
v -0.398682 1.480713 0.122070 1.000000 1.000000 1.000000 #0.815686
v -0.523926 1.720947 0.369873 1.000000 1.000000 1.000000 #0.784314
v -0.247314 1.982666 -0.109375 1.000000 1.000000 1.000000 #0.831373
v -0.421143 2.029785 0.446777 1.000000 1.000000 1.000000 #0.815686
v -0.267334 2.150635 0.416504 1.000000 1.000000 1.000000 #0.784314
v 0.306641 1.387451 0.180420 1.000000 1.000000 1.000000 #0.831373
v 0.005127 1.267334 0.926270 1.000000 1.000000 1.000000 #0.815686
v -0.248535 1.288330 0.638428 1.000000 1.000000 1.000000 #0.784314
v 0.306641 1.387451 0.180420 1.000000 1.000000 1.000000 #0.831373
v -0.248535 1.288330 0.638428 1.000000 1.000000 1.000000 #0.784314
v -0.238037 1.264648 0.136230 1.000000 1.000000 1.000000 #1.000000
v 0.124268 1.283447 -0.959717 1.000000 1.000000 1.000000 #0.831373
v 0.194580 1.313721 -0.669678 1.000000 1.000000 1.000000 #0.815686
v -0.213623 1.235840 -0.678955 1.000000 1.000000 1.000000 #0.784314
v 0.124268 1.283447 -0.959717 1.000000 1.000000 1.000000 #0.831373
v -0.213623 1.235840 -0.678955 1.000000 1.000000 1.000000 #0.784314
v -0.113770 1.183594 -0.935059 1.000000 1.000000 1.000000 #1.000000
v 0.069580 1.532471 -2.346924 1.000000 1.000000 1.000000 #0.831373
v 0.122314 1.519287 -2.344971 1.000000 1.000000 1.000000 #0.815686
v 0.117188 1.529541 -2.316406 1.000000 1.000000 1.000000 #0.784314
v -0.118896 1.523438 -2.332764 1.000000 1.000000 1.000000 #0.831373
v -0.127441 1.520020 -2.325195 1.000000 1.000000 1.000000 #0.815686
v -0.073975 1.537842 -2.340576 1.000000 1.000000 1.000000 #0.784314
v 0.001953 1.294678 -2.330078 1.000000 1.000000 1.000000 #0.831373
v -0.110596 1.334961 -2.334473 1.000000 1.000000 1.000000 #0.815686
v 0.001709 1.298584 -2.330566 1.000000 1.000000 1.000000 #0.784314
v 0.001709 1.298584 -2.330566 1.000000 1.000000 1.000000 #0.831373
v 0.117432 1.322266 -2.321289 1.000000 1.000000 1.000000 #0.815686
v 0.001953 1.294678 -2.330078 1.000000 1.000000 1.000000 #0.784314
v 0.001709 1.298584 -2.330566 1.000000 1.000000 1.000000 #0.831373
v -0.110596 1.334961 -2.334473 1.000000 1.000000 1.000000 #0.815686
v 0.001465 1.356689 -2.459961 1.000000 1.000000 1.000000 #0.784314
v -0.338623 1.675049 -0.632568 1.000000 1.000000 1.000000 #0.831373
v -0.209473 1.889404 -0.381104 1.000000 1.000000 1.000000 #0.815686
v -0.218506 1.870850 -0.626953 1.000000 1.000000 1.000000 #0.784314
v -0.325684 1.663574 -0.761719 1.000000 1.000000 1.000000 #0.831373
v -0.338623 1.675049 -0.632568 1.000000 1.000000 1.000000 #0.815686
v -0.218506 1.870850 -0.626953 1.000000 1.000000 1.000000 #0.784314
v -0.325684 1.663574 -0.761719 1.000000 1.000000 1.000000 #0.831373
v -0.218506 1.870850 -0.626953 1.000000 1.000000 1.000000 #0.784314
v -0.216797 1.857910 -0.751709 1.000000 1.000000 1.000000 #1.000000
v -0.218506 1.870850 -0.626953 1.000000 1.000000 1.000000 #0.831373
v -0.209473 1.889404 -0.381104 1.000000 1.000000 1.000000 #0.815686
v -0.025879 1.916260 -0.375244 1.000000 1.000000 1.000000 #0.784314
v -0.218506 1.870850 -0.626953 1.000000 1.000000 1.000000 #0.831373
v -0.025879 1.916260 -0.375244 1.000000 1.000000 1.000000 #0.784314
v -0.028076 1.899414 -0.592773 1.000000 1.000000 1.000000 #1.000000
v -0.028076 1.899414 -0.592773 1.000000 1.000000 1.000000 #0.831373
v -0.024170 1.887939 -0.714111 1.000000 1.000000 1.000000 #0.815686
v -0.216797 1.857910 -0.751709 1.000000 1.000000 1.000000 #0.784314
v -0.028076 1.899414 -0.592773 1.000000 1.000000 1.000000 #0.831373
v -0.216797 1.857910 -0.751709 1.000000 1.000000 1.000000 #0.784314
v -0.218506 1.870850 -0.626953 1.000000 1.000000 1.000000 #1.000000
v 0.193115 1.831299 -0.704590 1.000000 1.000000 1.000000 #0.831373
v 0.187500 1.821289 -0.860596 1.000000 1.000000 1.000000 #0.815686
v -0.015381 1.876221 -0.858887 1.000000 1.000000 1.000000 #0.784314
v 0.193115 1.831299 -0.704590 1.000000 1.000000 1.000000 #0.831373
v -0.015381 1.876221 -0.858887 1.000000 1.000000 1.000000 #0.784314
v -0.024170 1.887939 -0.714111 1.000000 1.000000 1.000000 #1.000000
v 0.200928 1.845459 -0.589111 1.000000 1.000000 1.000000 #0.831373
v 0.193115 1.831299 -0.704590 1.000000 1.000000 1.000000 #0.815686
v -0.024170 1.887939 -0.714111 1.000000 1.000000 1.000000 #0.784314
v 0.200928 1.845459 -0.589111 1.000000 1.000000 1.000000 #0.831373
v -0.024170 1.887939 -0.714111 1.000000 1.000000 1.000000 #0.784314
v -0.028076 1.899414 -0.592773 1.000000 1.000000 1.000000 #1.000000
v 0.291748 1.650635 -0.693604 1.000000 1.000000 1.000000 #0.831373
v 0.187500 1.821289 -0.860596 1.000000 1.000000 1.000000 #0.815686
v 0.193115 1.831299 -0.704590 1.000000 1.000000 1.000000 #0.784314
v 0.298340 1.659180 -0.576660 1.000000 1.000000 1.000000 #0.831373
v 0.291748 1.650635 -0.693604 1.000000 1.000000 1.000000 #0.815686
v 0.193115 1.831299 -0.704590 1.000000 1.000000 1.000000 #0.784314
v 0.298340 1.659180 -0.576660 1.000000 1.000000 1.000000 #0.831373
v 0.193115 1.831299 -0.704590 1.000000 1.000000 1.000000 #0.784314
v 0.200928 1.845459 -0.589111 1.000000 1.000000 1.000000 #1.000000
v 0.122803 2.572998 1.643799 1.000000 1.000000 1.000000 #0.831373
v -0.020264 2.534424 1.437012 1.000000 1.000000 1.000000 #0.815686
v -0.131836 2.563965 1.605713 1.000000 1.000000 1.000000 #0.784314
v 0.067871 2.947266 2.474854 1.000000 1.000000 1.000000 #0.831373
v 0.122803 2.572998 1.643799 1.000000 1.000000 1.000000 #0.815686
v -0.131836 2.563965 1.605713 1.000000 1.000000 1.000000 #0.784314
v 0.067871 2.947266 2.474854 1.000000 1.000000 1.000000 #0.831373
v -0.131836 2.563965 1.605713 1.000000 1.000000 1.000000 #0.784314
v -0.106201 2.967285 2.467529 1.000000 1.000000 1.000000 #1.000000
v 0.154785 2.371338 1.725586 1.000000 1.000000 1.000000 #0.831373
v 0.122803 2.572998 1.643799 1.000000 1.000000 1.000000 #0.815686
v 0.067871 2.947266 2.474854 1.000000 1.000000 1.000000 #0.784314
v 0.154785 2.371338 1.725586 1.000000 1.000000 1.000000 #0.831373
v 0.067871 2.947266 2.474854 1.000000 1.000000 1.000000 #0.784314
v 0.061279 2.837402 2.428223 1.000000 1.000000 1.000000 #1.000000
v -0.100586 2.830811 2.406250 1.000000 1.000000 1.000000 #0.831373
v -0.211426 2.364746 1.689453 1.000000 1.000000 1.000000 #0.815686
v 0.154785 2.371338 1.725586 1.000000 1.000000 1.000000 #0.784314
v -0.100586 2.830811 2.406250 1.000000 1.000000 1.000000 #0.831373
v 0.154785 2.371338 1.725586 1.000000 1.000000 1.000000 #0.784314
v 0.061279 2.837402 2.428223 1.000000 1.000000 1.000000 #1.000000
v 0.061279 2.837402 2.428223 1.000000 1.000000 1.000000 #0.831373
v 0.067871 2.947266 2.474854 1.000000 1.000000 1.000000 #0.815686
v -0.106201 2.967285 2.467529 1.000000 1.000000 1.000000 #0.784314
v 0.061279 2.837402 2.428223 1.000000 1.000000 1.000000 #0.831373
v -0.106201 2.967285 2.467529 1.000000 1.000000 1.000000 #0.784314
v -0.100586 2.830811 2.406250 1.000000 1.000000 1.000000 #1.000000
vt 0.993164 0.166016 0.000000
vt 1.000000 0.132812 0.000000
vt 0.976562 0.132812 0.000000
vt 0.015137 0.009277 0.000000
vt 0.345215 0.005859 0.000000
vt 0.349609 0.180176 0.000000
vt 0.015137 0.009277 0.000000
vt 0.349609 0.180176 0.000000
vt 0.017090 0.176758 0.000000
vt 1.000000 0.132812 0.000000
vt 0.993164 0.166016 0.000000
vt 0.976562 0.132812 0.000000
vt 0.976562 0.179688 0.000000
vt 0.993164 0.166016 0.000000
vt 0.976562 0.132812 0.000000
vt 0.345215 0.005859 0.000000
vt 0.651367 0.004395 0.000000
vt 0.651367 0.180176 0.000000
vt 0.345215 0.005859 0.000000
vt 0.651367 0.180176 0.000000
vt 0.349609 0.180176 0.000000
vt 0.993164 0.166016 0.000000
vt 0.976562 0.179688 0.000000
vt 0.976562 0.132812 0.000000
vt 0.959961 0.166016 0.000000
vt 0.976562 0.179688 0.000000
vt 0.976562 0.132812 0.000000
vt 0.651367 0.004395 0.000000
vt 0.975586 0.005859 0.000000
vt 0.978027 0.181641 0.000000
vt 0.651367 0.004395 0.000000
vt 0.978027 0.181641 0.000000
vt 0.651367 0.180176 0.000000
vt 0.976562 0.179688 0.000000
vt 0.959961 0.166016 0.000000
vt 0.976562 0.132812 0.000000
vt 0.953125 0.132812 0.000000
vt 0.959961 0.166016 0.000000
vt 0.976562 0.132812 0.000000
vt 0.006348 0.010742 0.000000
vt 0.021973 0.010742 0.000000
vt 0.020508 0.174805 0.000000
vt 0.006348 0.010742 0.000000
vt 0.020508 0.174805 0.000000
vt 0.006348 0.174805 0.000000
vt 0.959961 0.166016 0.000000
vt 0.953125 0.132812 0.000000
vt 0.976562 0.132812 0.000000
vt 0.959961 0.099609 0.000000
vt 0.953125 0.132812 0.000000
vt 0.976562 0.132812 0.000000
vt 0.021973 0.010742 0.000000
vt 0.343750 0.009766 0.000000
vt 0.343750 0.176758 0.000000
vt 0.021973 0.010742 0.000000
vt 0.343750 0.176758 0.000000
vt 0.020508 0.174805 0.000000
vt 0.953125 0.132812 0.000000
vt 0.959961 0.099609 0.000000
vt 0.976562 0.132812 0.000000
vt 0.976562 0.085938 0.000000
vt 0.959961 0.099609 0.000000
vt 0.976562 0.132812 0.000000
vt 0.343750 0.009766 0.000000
vt 0.671875 0.007812 0.000000
vt 0.671875 0.176758 0.000000
vt 0.343750 0.009766 0.000000
vt 0.671875 0.176758 0.000000
vt 0.343750 0.176758 0.000000
vt 0.959961 0.099609 0.000000
vt 0.976562 0.085938 0.000000
vt 0.976562 0.132812 0.000000
vt 0.993164 0.099609 0.000000
vt 0.976562 0.085938 0.000000
vt 0.976562 0.132812 0.000000
vt 0.671875 0.007812 0.000000
vt 0.970215 0.007812 0.000000
vt 0.970215 0.178223 0.000000
vt 0.671875 0.007812 0.000000
vt 0.970215 0.178223 0.000000
vt 0.671875 0.176758 0.000000
vt 0.976562 0.085938 0.000000
vt 0.993164 0.099609 0.000000
vt 0.976562 0.132812 0.000000
vt 1.000000 0.132812 0.000000
vt 0.993164 0.099609 0.000000
vt 0.976562 0.132812 0.000000
vt 0.970215 0.007812 0.000000
vt 0.990723 0.007812 0.000000
vt 0.990723 0.178223 0.000000
vt 0.970215 0.007812 0.000000
vt 0.990723 0.178223 0.000000
vt 0.970215 0.178223 0.000000
vt 0.993164 0.099609 0.000000
vt 1.000000 0.132812 0.000000
vt 0.976562 0.132812 0.000000
vt 0.397949 0.209473 0.000000
vt 0.402832 0.197266 0.000000
vt 0.385742 0.197754 0.000000
vt 0.397949 0.209473 0.000000
vt 0.385742 0.197754 0.000000
vt 0.389160 0.210449 0.000000
vt 0.389160 0.210449 0.000000
vt 0.385742 0.197754 0.000000
vt 0.383301 0.219727 0.000000
vt 0.985840 0.781250 0.000000
vt 0.990234 0.747070 0.000000
vt 0.972168 0.748047 0.000000
vt 0.950684 0.777344 0.000000
vt 0.972168 0.748047 0.000000
vt 0.979004 0.642090 0.000000
vt 0.985840 0.781250 0.000000
vt 0.972168 0.748047 0.000000
vt 0.950684 0.777344 0.000000
vt 0.826660 0.847656 0.000000
vt 0.894043 0.861816 0.000000
vt 0.950684 0.777344 0.000000
vt 0.950684 0.777344 0.000000
vt 0.894043 0.861816 0.000000
vt 0.985840 0.781250 0.000000
vt 0.826660 0.847656 0.000000
vt 0.950684 0.777344 0.000000
vt 0.884277 0.752441 0.000000
vt 0.884277 0.752441 0.000000
vt 0.950684 0.777344 0.000000
vt 0.979004 0.642090 0.000000
vt 0.758789 0.765625 0.000000
vt 0.653809 0.832031 0.000000
vt 0.770020 0.849121 0.000000
vt 0.770020 0.849121 0.000000
vt 0.653809 0.832031 0.000000
vt 0.648438 0.903809 0.000000
vt 0.820312 0.924805 0.000000
vt 0.757812 0.900879 0.000000
vt 0.753906 0.984375 0.000000
vt 0.758789 0.765625 0.000000
vt 0.770020 0.849121 0.000000
vt 0.884277 0.752441 0.000000
vt 0.826660 0.847656 0.000000
vt 0.884277 0.752441 0.000000
vt 0.770020 0.849121 0.000000
vt 0.770020 0.849121 0.000000
vt 0.820312 0.924805 0.000000
vt 0.826660 0.847656 0.000000
vt 0.826660 0.847656 0.000000
vt 0.820312 0.924805 0.000000
vt 0.894043 0.861816 0.000000
vt 0.985840 0.851562 0.000000
vt 0.894043 0.861816 0.000000
vt 0.899902 0.916504 0.000000
vt 0.820312 0.924805 0.000000
vt 0.932129 0.988281 0.000000
vt 0.899902 0.916504 0.000000
vt 0.985840 0.851562 0.000000
vt 0.899902 0.916504 0.000000
vt 0.985352 0.880859 0.000000
vt 0.820312 0.924805 0.000000
vt 0.899902 0.916504 0.000000
vt 0.894043 0.861816 0.000000
vt 0.985352 0.880859 0.000000
vt 0.899902 0.916504 0.000000
vt 0.932129 0.988281 0.000000
vt 0.922852 0.668945 0.000000
vt 0.960938 0.698242 0.000000
vt 0.885254 0.756348 0.000000
vt 0.991211 0.833984 0.000000
vt 0.985352 0.880859 0.000000
vt 0.899902 0.916504 0.000000
vt 0.786621 0.656250 0.000000
vt 0.843750 0.575684 0.000000
vt 0.903809 0.585938 0.000000
vt 0.747559 0.676270 0.000000
vt 0.758789 0.765625 0.000000
vt 0.881348 0.688965 0.000000
vt 0.881348 0.688965 0.000000
vt 0.843750 0.575684 0.000000
vt 0.739746 0.627441 0.000000
vt 0.881348 0.688965 0.000000
vt 0.758789 0.765625 0.000000
vt 0.884277 0.752441 0.000000
vt 0.985840 0.781250 0.000000
vt 0.894043 0.861816 0.000000
vt 0.985840 0.851562 0.000000
vt 0.881348 0.688965 0.000000
vt 0.884277 0.752441 0.000000
vt 0.979004 0.642090 0.000000
vt 0.603516 0.742188 0.000000
vt 0.474609 0.748535 0.000000
vt 0.475586 0.810059 0.000000
vt 0.603516 0.742188 0.000000
vt 0.475586 0.810059 0.000000
vt 0.653809 0.832031 0.000000
vt 0.097168 0.717773 0.000000
vt 0.089355 0.711426 0.000000
vt 0.092285 0.713379 0.000000
vt 0.097168 0.717773 0.000000
vt 0.092285 0.713379 0.000000
vt 0.099609 0.713379 0.000000
vt 0.078613 0.601562 0.000000
vt 0.049316 0.600098 0.000000
vt 0.061523 0.619141 0.000000
vt 0.692383 0.358398 0.000000
vt 0.721191 0.305664 0.000000
vt 0.665039 0.357910 0.000000
vt 0.099609 0.713379 0.000000
vt 0.092285 0.713379 0.000000
vt 0.071289 0.716309 0.000000
vt 0.512695 0.422363 0.000000
vt 0.734863 0.510254 0.000000
vt 0.699707 0.444824 0.000000
vt 0.071289 0.716309 0.000000
vt 0.092285 0.713379 0.000000
vt 0.089355 0.711426 0.000000
vt 0.071289 0.716309 0.000000
vt 0.089355 0.711426 0.000000
vt 0.073730 0.716797 0.000000
vt 0.512695 0.480957 0.000000
vt 0.691406 0.497070 0.000000
vt 0.690430 0.519531 0.000000
vt 0.512695 0.480957 0.000000
vt 0.734863 0.510254 0.000000
vt 0.512695 0.422363 0.000000
vt 0.061523 0.619141 0.000000
vt 0.049316 0.600098 0.000000
vt 0.029297 0.634766 0.000000
vt 0.061523 0.619141 0.000000
vt 0.029297 0.634766 0.000000
vt 0.048828 0.670898 0.000000
vt 0.703613 0.202148 0.000000
vt 0.724121 0.288574 0.000000
vt 0.514648 0.231934 0.000000
vt 0.054199 0.569824 0.000000
vt 0.078613 0.601562 0.000000
vt 0.082520 0.570801 0.000000
vt 0.078613 0.601562 0.000000
vt 0.136719 0.645020 0.000000
vt 0.130371 0.572266 0.000000
vt 0.049316 0.600098 0.000000
vt 0.078613 0.601562 0.000000
vt 0.054199 0.569824 0.000000
vt 0.653320 0.420898 0.000000
vt 0.691406 0.497070 0.000000
vt 0.512695 0.422363 0.000000
vt 0.512695 0.422363 0.000000
vt 0.691406 0.497070 0.000000
vt 0.512695 0.480957 0.000000
vt 0.061523 0.619141 0.000000
vt 0.049316 0.600098 0.000000
vt 0.078613 0.601562 0.000000
vt 0.054199 0.569824 0.000000
vt 0.049316 0.600098 0.000000
vt 0.006836 0.567871 0.000000
vt 0.054199 0.569824 0.000000
vt 0.078613 0.601562 0.000000
vt 0.049316 0.600098 0.000000
vt 0.049316 0.600098 0.000000
vt 0.029297 0.634766 0.000000
vt 0.006836 0.567871 0.000000
vt 0.006836 0.567871 0.000000
vt 0.029297 0.634766 0.000000
vt 0.006836 0.638672 0.000000
vt 0.049316 0.600098 0.000000
vt 0.054199 0.569824 0.000000
vt 0.006836 0.567871 0.000000
vt 0.006836 0.638672 0.000000
vt 0.029297 0.634766 0.000000
vt 0.006836 0.567871 0.000000
vt 0.006836 0.567871 0.000000
vt 0.029297 0.634766 0.000000
vt 0.049316 0.600098 0.000000
vt 0.603516 0.742188 0.000000
vt 0.747559 0.676270 0.000000
vt 0.575684 0.673340 0.000000
vt 0.575684 0.673340 0.000000
vt 0.747559 0.676270 0.000000
vt 0.739746 0.627441 0.000000
vt 0.648438 0.903809 0.000000
vt 0.653809 0.832031 0.000000
vt 0.475586 0.810059 0.000000
vt 0.648438 0.903809 0.000000
vt 0.475586 0.810059 0.000000
vt 0.482422 0.900391 0.000000
vt 0.724121 0.288574 0.000000
vt 0.708984 0.354004 0.000000
vt 0.676758 0.359863 0.000000
vt 0.708984 0.354004 0.000000
vt 0.724121 0.288574 0.000000
vt 0.856934 0.234863 0.000000
vt 0.683594 0.978027 0.000000
vt 0.648438 0.903809 0.000000
vt 0.482422 0.900391 0.000000
vt 0.683594 0.978027 0.000000
vt 0.482422 0.900391 0.000000
vt 0.502441 0.982422 0.000000
vt 0.078125 0.867188 0.000000
vt 0.118164 0.878418 0.000000
vt 0.101562 0.854004 0.000000
vt 0.078125 0.867188 0.000000
vt 0.101562 0.854004 0.000000
vt 0.066895 0.825195 0.000000
vt 0.118164 0.878418 0.000000
vt 0.110352 0.813477 0.000000
vt 0.109863 0.838867 0.000000
vt 0.118164 0.878418 0.000000
vt 0.109863 0.838867 0.000000
vt 0.101562 0.854004 0.000000
vt 0.066895 0.825195 0.000000
vt 0.101562 0.854004 0.000000
vt 0.109863 0.838867 0.000000
vt 0.066895 0.825195 0.000000
vt 0.109863 0.838867 0.000000
vt 0.110352 0.813477 0.000000
vt 0.752441 0.401855 0.000000
vt 0.912109 0.323730 0.000000
vt 0.724121 0.363770 0.000000
vt 0.724121 0.363770 0.000000
vt 0.912109 0.323730 0.000000
vt 0.721191 0.305664 0.000000
vt 0.699707 0.444824 0.000000
vt 0.734863 0.510254 0.000000
vt 0.750000 0.459473 0.000000
vt 0.856934 0.234863 0.000000
vt 0.721191 0.305664 0.000000
vt 0.912109 0.323730 0.000000
vt 0.733887 0.427246 0.000000
vt 0.888184 0.486328 0.000000
vt 0.912109 0.323730 0.000000
vt 0.733887 0.427246 0.000000
vt 0.912109 0.323730 0.000000
vt 0.752441 0.401855 0.000000
vt 0.066895 0.825195 0.000000
vt 0.047363 0.868164 0.000000
vt 0.078125 0.867188 0.000000
vt 0.874512 0.502441 0.000000
vt 0.982422 0.460449 0.000000
vt 0.982422 0.427246 0.000000
vt 0.166016 0.858398 0.000000
vt 0.118164 0.878418 0.000000
vt 0.059082 0.971191 0.000000
vt 0.166016 0.858398 0.000000
vt 0.059082 0.971191 0.000000
vt 0.172852 0.901855 0.000000
vt 0.166016 0.858398 0.000000
vt 0.172852 0.901855 0.000000
vt 0.204102 0.842773 0.000000
vt 0.047363 0.868164 0.000000
vt 0.118164 0.878418 0.000000
vt 0.078125 0.867188 0.000000
vt 0.979004 0.371582 0.000000
vt 0.912109 0.323730 0.000000
vt 0.982422 0.427246 0.000000
vt 0.209473 0.691406 0.000000
vt 0.187500 0.773926 0.000000
vt 0.272461 0.619629 0.000000
vt 0.354004 0.622559 0.000000
vt 0.272461 0.619629 0.000000
vt 0.187500 0.773926 0.000000
vt 0.354004 0.622559 0.000000
vt 0.187500 0.773926 0.000000
vt 0.371582 0.789062 0.000000
vt 0.371582 0.789062 0.000000
vt 0.187500 0.773926 0.000000
vt 0.204102 0.842773 0.000000
vt 0.371582 0.789062 0.000000
vt 0.204102 0.842773 0.000000
vt 0.360352 0.846680 0.000000
vt 0.360352 0.846680 0.000000
vt 0.204102 0.842773 0.000000
vt 0.172852 0.901855 0.000000
vt 0.360352 0.846680 0.000000
vt 0.172852 0.901855 0.000000
vt 0.356934 0.907715 0.000000
vt 0.485352 0.520508 0.000000
vt 0.154297 0.526367 0.000000
vt 0.151367 0.490234 0.000000
vt 0.485352 0.520508 0.000000
vt 0.151367 0.490234 0.000000
vt 0.487305 0.466797 0.000000
vt 0.882324 0.981934 0.000000
vt 0.820312 0.988281 0.000000
vt 0.829590 0.916504 0.000000
vt 0.882324 0.981934 0.000000
vt 0.932129 0.988281 0.000000
vt 0.820312 0.924805 0.000000
vt 0.648438 0.903809 0.000000
vt 0.683594 0.978027 0.000000
vt 0.502441 0.982422 0.000000
vt 0.648438 0.903809 0.000000
vt 0.502441 0.982422 0.000000
vt 0.497070 0.899414 0.000000
vt 0.753906 0.984375 0.000000
vt 0.740234 0.893555 0.000000
vt 0.829590 0.916504 0.000000
vt 0.648438 0.903809 0.000000
vt 0.740234 0.893555 0.000000
vt 0.753906 0.984375 0.000000
vt 0.971680 0.800781 0.000000
vt 0.899902 0.916504 0.000000
vt 0.875000 0.892578 0.000000
vt 0.932129 0.988281 0.000000
vt 0.829590 0.916504 0.000000
vt 0.875000 0.892578 0.000000
vt 0.932129 0.988281 0.000000
vt 0.875000 0.892578 0.000000
vt 0.899902 0.916504 0.000000
vt 0.829590 0.916504 0.000000
vt 0.740234 0.893555 0.000000
vt 0.744629 0.840332 0.000000
vt 0.875000 0.892578 0.000000
vt 0.829590 0.916504 0.000000
vt 0.807617 0.883301 0.000000
vt 0.971680 0.800781 0.000000
vt 0.875000 0.892578 0.000000
vt 0.880859 0.812988 0.000000
vt 0.354004 0.849121 0.000000
vt 0.352051 0.907715 0.000000
vt 0.172852 0.901855 0.000000
vt 0.354004 0.849121 0.000000
vt 0.172852 0.901855 0.000000
vt 0.204102 0.842773 0.000000
vt 0.352051 0.907715 0.000000
vt 0.364258 0.982910 0.000000
vt 0.145020 0.981934 0.000000
vt 0.352051 0.907715 0.000000
vt 0.145020 0.981934 0.000000
vt 0.172852 0.901855 0.000000
vt 0.754395 0.800293 0.000000
vt 0.844727 0.764648 0.000000
vt 0.825684 0.833496 0.000000
vt 0.744629 0.840332 0.000000
vt 0.740234 0.893555 0.000000
vt 0.650391 0.836426 0.000000
vt 0.825684 0.833496 0.000000
vt 0.844727 0.764648 0.000000
vt 0.880859 0.812988 0.000000
vt 0.696289 0.784668 0.000000
vt 0.650391 0.836426 0.000000
vt 0.634277 0.754395 0.000000
vt 0.885254 0.756348 0.000000
vt 0.962891 0.721680 0.000000
vt 0.880859 0.812988 0.000000
vt 0.880859 0.812988 0.000000
vt 0.962891 0.721680 0.000000
vt 0.971680 0.800781 0.000000
vt 0.145020 0.981934 0.000000
vt 0.364258 0.982910 0.000000
vt 0.356934 0.907715 0.000000
vt 0.145020 0.981934 0.000000
vt 0.356934 0.907715 0.000000
vt 0.172852 0.901855 0.000000
vt 0.017090 0.470703 0.000000
vt 0.043457 0.452637 0.000000
vt 0.037598 0.490234 0.000000
vt 0.037598 0.490234 0.000000
vt 0.043457 0.452637 0.000000
vt 0.078613 0.452637 0.000000
vt 0.099609 0.469727 0.000000
vt 0.079590 0.517578 0.000000
vt 0.078613 0.475098 0.000000
vt 0.099609 0.469727 0.000000
vt 0.078613 0.475098 0.000000
vt 0.078613 0.452637 0.000000
vt 0.037598 0.490234 0.000000
vt 0.078613 0.452637 0.000000
vt 0.078613 0.475098 0.000000
vt 0.039062 0.515625 0.000000
vt 0.037598 0.490234 0.000000
vt 0.078613 0.475098 0.000000
vt 0.039062 0.515625 0.000000
vt 0.078613 0.475098 0.000000
vt 0.079590 0.517578 0.000000
vt 0.039062 0.515625 0.000000
vt 0.079590 0.517578 0.000000
vt 0.040527 0.538086 0.000000
vt 0.039062 0.515625 0.000000
vt 0.040527 0.538086 0.000000
vt 0.017090 0.517090 0.000000
vt 0.039062 0.515625 0.000000
vt 0.017090 0.517090 0.000000
vt 0.037598 0.490234 0.000000
vt 0.037598 0.490234 0.000000
vt 0.017090 0.517090 0.000000
vt 0.017090 0.470703 0.000000
vt 0.097656 0.516113 0.000000
vt 0.089355 0.533203 0.000000
vt 0.079590 0.517578 0.000000
vt 0.097656 0.516113 0.000000
vt 0.079590 0.517578 0.000000
vt 0.099609 0.469727 0.000000
vt 0.079590 0.517578 0.000000
vt 0.089355 0.533203 0.000000
vt 0.040527 0.538086 0.000000
vt 0.397949 0.633789 0.000000
vt 0.396973 0.624512 0.000000
vt 0.250000 0.571289 0.000000
vt 0.397949 0.633789 0.000000
vt 0.250000 0.571289 0.000000
vt 0.356934 0.630371 0.000000
vt 0.980469 0.489258 0.000000
vt 0.982422 0.460449 0.000000
vt 0.874512 0.502441 0.000000
vt 0.980469 0.489258 0.000000
vt 0.874512 0.502441 0.000000
vt 0.878906 0.520508 0.000000
vt 0.354004 0.622559 0.000000
vt 0.250000 0.571289 0.000000
vt 0.272461 0.619629 0.000000
vt 0.865723 0.498047 0.000000
vt 0.691406 0.497070 0.000000
vt 0.699707 0.444824 0.000000
vt 0.699707 0.444824 0.000000
vt 0.691406 0.497070 0.000000
vt 0.653320 0.420898 0.000000
vt 0.653320 0.420898 0.000000
vt 0.691406 0.497070 0.000000
vt 0.649902 0.426270 0.000000
vt 0.878906 0.520508 0.000000
vt 0.874512 0.502441 0.000000
vt 0.734863 0.510254 0.000000
vt 0.878906 0.520508 0.000000
vt 0.734863 0.510254 0.000000
vt 0.690430 0.519531 0.000000
vt 0.093750 0.751953 0.000000
vt 0.097656 0.753906 0.000000
vt 0.077637 0.756836 0.000000
vt 0.093750 0.751953 0.000000
vt 0.077637 0.756836 0.000000
vt 0.078125 0.751953 0.000000
vt 0.724121 0.363770 0.000000
vt 0.912109 0.323730 0.000000
vt 0.751465 0.402832 0.000000
vt 0.078613 0.475098 0.000000
vt 0.078613 0.452637 0.000000
vt 0.037598 0.490234 0.000000
vt 0.079590 0.517578 0.000000
vt 0.078613 0.475098 0.000000
vt 0.039062 0.515625 0.000000
vt 0.079590 0.517578 0.000000
vt 0.039062 0.515625 0.000000
vt 0.040527 0.538086 0.000000
vt 0.037598 0.490234 0.000000
vt 0.078613 0.452637 0.000000
vt 0.043457 0.452637 0.000000
vt 0.039062 0.515625 0.000000
vt 0.078613 0.475098 0.000000
vt 0.037598 0.490234 0.000000
vt 0.040527 0.538086 0.000000
vt 0.039062 0.515625 0.000000
vt 0.017090 0.517090 0.000000
vt 0.037598 0.490234 0.000000
vt 0.017090 0.517090 0.000000
vt 0.039062 0.515625 0.000000
vt 0.043457 0.452637 0.000000
vt 0.017090 0.470703 0.000000
vt 0.037598 0.490234 0.000000
vt 0.017090 0.517090 0.000000
vt 0.037598 0.490234 0.000000
vt 0.017090 0.470703 0.000000
vt 0.089355 0.533203 0.000000
vt 0.097656 0.516113 0.000000
vt 0.079590 0.517578 0.000000
vt 0.089355 0.533203 0.000000
vt 0.079590 0.517578 0.000000
vt 0.040527 0.538086 0.000000
vt 0.078613 0.475098 0.000000
vt 0.079590 0.517578 0.000000
vt 0.099609 0.469727 0.000000
vt 0.078613 0.475098 0.000000
vt 0.099609 0.469727 0.000000
vt 0.078613 0.452637 0.000000
vt 0.693848 0.359863 0.000000
vt 0.912109 0.323730 0.000000
vt 0.724121 0.363770 0.000000
vt 0.079590 0.517578 0.000000
vt 0.097656 0.516113 0.000000
vt 0.099609 0.469727 0.000000
vt 0.250000 0.571289 0.000000
vt 0.272461 0.619629 0.000000
vt 0.209473 0.691406 0.000000
vt 0.058105 0.734375 0.000000
vt 0.074707 0.719727 0.000000
vt 0.071289 0.716309 0.000000
vt 0.272461 0.619629 0.000000
vt 0.250000 0.571289 0.000000
vt 0.354004 0.622559 0.000000
vt 0.354004 0.622559 0.000000
vt 0.250000 0.571289 0.000000
vt 0.410156 0.575195 0.000000
vt 0.354004 0.622559 0.000000
vt 0.410156 0.575195 0.000000
vt 0.402832 0.605469 0.000000
vt 0.739746 0.627441 0.000000
vt 0.757812 0.578125 0.000000
vt 0.693848 0.572754 0.000000
vt 0.757812 0.578125 0.000000
vt 0.739746 0.627441 0.000000
vt 0.652344 0.669434 0.000000
vt 0.960938 0.698242 0.000000
vt 0.962891 0.721680 0.000000
vt 0.885254 0.756348 0.000000
vt 0.850586 0.698730 0.000000
vt 0.885254 0.756348 0.000000
vt 0.844727 0.764648 0.000000
vt 0.777832 0.758789 0.000000
vt 0.754395 0.800293 0.000000
vt 0.696289 0.784668 0.000000
vt 0.777832 0.758789 0.000000
vt 0.696289 0.784668 0.000000
vt 0.705566 0.729980 0.000000
vt 0.777832 0.758789 0.000000
vt 0.796875 0.705566 0.000000
vt 0.844727 0.764648 0.000000
vt 0.796875 0.705566 0.000000
vt 0.777832 0.758789 0.000000
vt 0.745605 0.698730 0.000000
vt 0.777832 0.758789 0.000000
vt 0.844727 0.764648 0.000000
vt 0.754395 0.800293 0.000000
vt 0.844727 0.764648 0.000000
vt 0.796875 0.705566 0.000000
vt 0.850586 0.698730 0.000000
vt 0.428223 0.219727 0.000000
vt 0.427246 0.261230 0.000000
vt 0.422852 0.253906 0.000000
vt 0.428223 0.219727 0.000000
vt 0.422852 0.253906 0.000000
vt 0.422363 0.211426 0.000000
vt 0.757812 0.578125 0.000000
vt 0.843750 0.575684 0.000000
vt 0.786621 0.656250 0.000000
vt 0.843750 0.575684 0.000000
vt 0.757812 0.578125 0.000000
vt 0.739746 0.627441 0.000000
vt 0.209473 0.691406 0.000000
vt 0.272461 0.619629 0.000000
vt 0.187500 0.773926 0.000000
vt 0.209473 0.691406 0.000000
vt 0.187500 0.773926 0.000000
vt 0.150879 0.792480 0.000000
vt 0.059082 0.971191 0.000000
vt 0.059082 0.971191 0.000000
vt 0.172852 0.901855 0.000000
vt 0.059082 0.971191 0.000000
vt 0.172852 0.901855 0.000000
vt 0.145020 0.981934 0.000000
vt 0.145020 0.981934 0.000000
vt 0.172852 0.901855 0.000000
vt 0.059082 0.971191 0.000000
vt 0.145020 0.981934 0.000000
vt 0.059082 0.971191 0.000000
vt 0.059082 0.971191 0.000000
vt 0.067383 0.826660 0.000000
vt 0.101562 0.854004 0.000000
vt 0.078125 0.867188 0.000000
vt 0.078125 0.867188 0.000000
vt 0.101562 0.854004 0.000000
vt 0.118164 0.878418 0.000000
vt 0.067383 0.826660 0.000000
vt 0.078125 0.867188 0.000000
vt 0.047363 0.868164 0.000000
vt 0.078125 0.867188 0.000000
vt 0.118164 0.878418 0.000000
vt 0.047363 0.868164 0.000000
vt 0.865723 0.498047 0.000000
vt 0.982422 0.427246 0.000000
vt 0.980469 0.489258 0.000000
vt 0.109863 0.838867 0.000000
vt 0.118164 0.878418 0.000000
vt 0.101562 0.854004 0.000000
vt 0.109863 0.838867 0.000000
vt 0.118164 0.878418 0.000000
vt 0.101562 0.854004 0.000000
vt 0.101562 0.854004 0.000000
vt 0.067383 0.826660 0.000000
vt 0.109375 0.842773 0.000000
vt 0.109375 0.842773 0.000000
vt 0.067383 0.826660 0.000000
vt 0.117676 0.809570 0.000000
vt 0.204102 0.842773 0.000000
vt 0.172852 0.901855 0.000000
vt 0.059082 0.971191 0.000000
vt 0.204102 0.842773 0.000000
vt 0.059082 0.971191 0.000000
vt 0.118164 0.878418 0.000000
vt 0.149902 0.803223 0.000000
vt 0.187500 0.773926 0.000000
vt 0.204102 0.842773 0.000000
vt 0.149902 0.803223 0.000000
vt 0.204102 0.842773 0.000000
vt 0.118164 0.878418 0.000000
vt 0.187500 0.773926 0.000000
vt 0.272461 0.619629 0.000000
vt 0.354004 0.622559 0.000000
vt 0.402832 0.414062 0.000000
vt 0.426758 0.345703 0.000000
vt 0.388184 0.329102 0.000000
vt 0.204102 0.842773 0.000000
vt 0.187500 0.773926 0.000000
vt 0.307129 0.799316 0.000000
vt 0.991211 0.833984 0.000000
vt 0.899902 0.916504 0.000000
vt 0.971680 0.800781 0.000000
vt 0.991211 0.833984 0.000000
vt 0.971680 0.800781 0.000000
vt 0.992188 0.812500 0.000000
vt 0.992188 0.812500 0.000000
vt 0.971680 0.800781 0.000000
vt 0.962891 0.721680 0.000000
vt 0.992188 0.812500 0.000000
vt 0.962891 0.721680 0.000000
vt 0.979492 0.734375 0.000000
vt 0.603516 0.742188 0.000000
vt 0.758789 0.765625 0.000000
vt 0.747559 0.676270 0.000000
vt 0.648438 0.903809 0.000000
vt 0.650391 0.836426 0.000000
vt 0.740234 0.893555 0.000000
vt 0.648438 0.903809 0.000000
vt 0.683594 0.978027 0.000000
vt 0.753906 0.984375 0.000000
vt 0.986328 0.698242 0.000000
vt 0.989258 0.727539 0.000000
vt 0.979492 0.734375 0.000000
vt 0.992188 0.812500 0.000000
vt 0.987305 0.780273 0.000000
vt 0.985352 0.880859 0.000000
vt 0.992188 0.812500 0.000000
vt 0.985352 0.880859 0.000000
vt 0.991211 0.833984 0.000000
vt 0.979492 0.734375 0.000000
vt 0.989258 0.727539 0.000000
vt 0.987305 0.780273 0.000000
vt 0.979492 0.734375 0.000000
vt 0.987305 0.780273 0.000000
vt 0.992188 0.812500 0.000000
vt 0.960938 0.698242 0.000000
vt 0.922852 0.668945 0.000000
vt 0.974609 0.642578 0.000000
vt 0.960938 0.698242 0.000000
vt 0.974609 0.642578 0.000000
vt 0.975586 0.686523 0.000000
vt 0.975586 0.686523 0.000000
vt 0.979492 0.734375 0.000000
vt 0.962891 0.721680 0.000000
vt 0.975586 0.686523 0.000000
vt 0.962891 0.721680 0.000000
vt 0.960938 0.698242 0.000000
vt 0.975586 0.686523 0.000000
vt 0.974609 0.642578 0.000000
vt 0.988281 0.591309 0.000000
vt 0.975586 0.686523 0.000000
vt 0.988281 0.591309 0.000000
vt 0.986328 0.698242 0.000000
vt 0.880859 0.812988 0.000000
vt 0.844727 0.764648 0.000000
vt 0.885254 0.756348 0.000000
vt 0.885254 0.756348 0.000000
vt 0.850586 0.698730 0.000000
vt 0.922852 0.668945 0.000000
vt 0.770020 0.849121 0.000000
vt 0.648438 0.903809 0.000000
vt 0.757812 0.900879 0.000000
vt 0.757812 0.900879 0.000000
vt 0.820312 0.924805 0.000000
vt 0.770020 0.849121 0.000000
vt 0.807617 0.883301 0.000000
vt 0.825684 0.833496 0.000000
vt 0.880859 0.812988 0.000000
vt 0.807617 0.883301 0.000000
vt 0.880859 0.812988 0.000000
vt 0.875000 0.892578 0.000000
vt 0.744629 0.840332 0.000000
vt 0.754395 0.800293 0.000000
vt 0.825684 0.833496 0.000000
vt 0.744629 0.840332 0.000000
vt 0.650391 0.836426 0.000000
vt 0.696289 0.784668 0.000000
vt 0.922852 0.668945 0.000000
vt 0.850586 0.698730 0.000000
vt 0.903809 0.585938 0.000000
vt 0.922852 0.668945 0.000000
vt 0.903809 0.585938 0.000000
vt 0.974609 0.642578 0.000000
vt 0.825684 0.833496 0.000000
vt 0.807617 0.883301 0.000000
vt 0.744629 0.840332 0.000000
vt 0.744629 0.840332 0.000000
vt 0.807617 0.883301 0.000000
vt 0.829590 0.916504 0.000000
vt 0.829590 0.916504 0.000000
vt 0.932129 0.988281 0.000000
vt 0.882324 0.981934 0.000000
vt 0.820312 0.924805 0.000000
vt 0.820312 0.988281 0.000000
vt 0.882324 0.981934 0.000000
vt 0.753906 0.984375 0.000000
vt 0.683594 0.978027 0.000000
vt 0.648438 0.903809 0.000000
vt 0.753906 0.984375 0.000000
vt 0.757812 0.900879 0.000000
vt 0.648438 0.903809 0.000000
vt 0.753906 0.984375 0.000000
vt 0.820312 0.988281 0.000000
vt 0.820312 0.924805 0.000000
vt 0.829590 0.916504 0.000000
vt 0.820312 0.988281 0.000000
vt 0.753906 0.984375 0.000000
vt 0.397949 0.209473 0.000000
vt 0.388672 0.254395 0.000000
vt 0.403809 0.261230 0.000000
vt 0.397949 0.209473 0.000000
vt 0.403809 0.261230 0.000000
vt 0.405273 0.220215 0.000000
vt 0.405273 0.220215 0.000000
vt 0.403809 0.261230 0.000000
vt 0.384766 0.261230 0.000000
vt 0.405273 0.220215 0.000000
vt 0.384766 0.261230 0.000000
vt 0.383301 0.219727 0.000000
vt 0.843750 0.575684 0.000000
vt 0.881348 0.688965 0.000000
vt 0.979004 0.642090 0.000000
vt 0.843750 0.575684 0.000000
vt 0.979004 0.642090 0.000000
vt 0.988281 0.591309 0.000000
vt 0.389160 0.210449 0.000000
vt 0.388672 0.254395 0.000000
vt 0.398438 0.254883 0.000000
vt 0.389160 0.210449 0.000000
vt 0.398438 0.254883 0.000000
vt 0.397949 0.209473 0.000000
vt 0.405273 0.220215 0.000000
vt 0.402832 0.197266 0.000000
vt 0.397949 0.209473 0.000000
vt 0.383301 0.219727 0.000000
vt 0.385742 0.197754 0.000000
vt 0.402832 0.197266 0.000000
vt 0.383301 0.219727 0.000000
vt 0.402832 0.197266 0.000000
vt 0.405273 0.220215 0.000000
vt 0.383301 0.219727 0.000000
vt 0.384766 0.261230 0.000000
vt 0.388672 0.254395 0.000000
vt 0.383301 0.219727 0.000000
vt 0.388672 0.254395 0.000000
vt 0.389160 0.210449 0.000000
vt 0.979492 0.734375 0.000000
vt 0.975586 0.686523 0.000000
vt 0.986328 0.698242 0.000000
vt 0.903809 0.585938 0.000000
vt 0.843750 0.575684 0.000000
vt 0.988281 0.591309 0.000000
vt 0.988281 0.591309 0.000000
vt 0.979004 0.643066 0.000000
vt 0.903809 0.585938 0.000000
vt 0.428223 0.219727 0.000000
vt 0.423340 0.197266 0.000000
vt 0.409668 0.199219 0.000000
vt 0.428223 0.219727 0.000000
vt 0.409668 0.199219 0.000000
vt 0.405762 0.219727 0.000000
vt 0.786621 0.656250 0.000000
vt 0.903809 0.585938 0.000000
vt 0.850586 0.698730 0.000000
vt 0.405762 0.219727 0.000000
vt 0.409668 0.199219 0.000000
vt 0.411133 0.211914 0.000000
vt 0.422363 0.211426 0.000000
vt 0.422852 0.253906 0.000000
vt 0.411133 0.254395 0.000000
vt 0.422363 0.211426 0.000000
vt 0.411133 0.254395 0.000000
vt 0.411133 0.211914 0.000000
vt 0.422363 0.211426 0.000000
vt 0.423340 0.197266 0.000000
vt 0.428223 0.219727 0.000000
vt 0.411133 0.211914 0.000000
vt 0.409668 0.199219 0.000000
vt 0.423340 0.197266 0.000000
vt 0.411133 0.211914 0.000000
vt 0.423340 0.197266 0.000000
vt 0.422363 0.211426 0.000000
vt 0.405762 0.219727 0.000000
vt 0.406738 0.261230 0.000000
vt 0.427246 0.261230 0.000000
vt 0.405762 0.219727 0.000000
vt 0.427246 0.261230 0.000000
vt 0.428223 0.219727 0.000000
vt 0.411133 0.211914 0.000000
vt 0.411133 0.254395 0.000000
vt 0.406738 0.261230 0.000000
vt 0.411133 0.211914 0.000000
vt 0.406738 0.261230 0.000000
vt 0.405762 0.219727 0.000000
vt 0.696289 0.784668 0.000000
vt 0.754395 0.800293 0.000000
vt 0.744629 0.840332 0.000000
vt 0.850586 0.698730 0.000000
vt 0.786621 0.656250 0.000000
vt 0.817871 0.662598 0.000000
vt 0.426758 0.345703 0.000000
vt 0.388184 0.329102 0.000000
vt 0.464355 0.268066 0.000000
vt 0.652344 0.669434 0.000000
vt 0.745605 0.698730 0.000000
vt 0.705566 0.729980 0.000000
vt 0.693848 0.572754 0.000000
vt 0.757812 0.578125 0.000000
vt 0.652344 0.669434 0.000000
vt 0.739746 0.627441 0.000000
vt 0.747559 0.676270 0.000000
vt 0.881348 0.688965 0.000000
vt 0.705566 0.729980 0.000000
vt 0.745605 0.698730 0.000000
vt 0.777832 0.758789 0.000000
vt 0.705566 0.729980 0.000000
vt 0.696289 0.784668 0.000000
vt 0.634277 0.754395 0.000000
vt 0.705566 0.729980 0.000000
vt 0.634277 0.754395 0.000000
vt 0.652344 0.669434 0.000000
vt 0.482910 0.242188 0.000000
vt 0.491211 0.241699 0.000000
vt 0.485840 0.242188 0.000000
vt 0.578125 0.632812 0.000000
vt 0.693848 0.572754 0.000000
vt 0.652344 0.669434 0.000000
vt 0.578125 0.632812 0.000000
vt 0.652344 0.669434 0.000000
vt 0.574707 0.674316 0.000000
vt 0.574707 0.674316 0.000000
vt 0.652344 0.669434 0.000000
vt 0.634277 0.754395 0.000000
vt 0.499512 0.803223 0.000000
vt 0.634277 0.754395 0.000000
vt 0.650391 0.836426 0.000000
vt 0.499512 0.803223 0.000000
vt 0.650391 0.836426 0.000000
vt 0.497070 0.899414 0.000000
vt 0.034668 0.352539 0.000000
vt 0.006836 0.351074 0.000000
vt 0.004883 0.287109 0.000000
vt 0.034668 0.352539 0.000000
vt 0.004883 0.287109 0.000000
vt 0.031250 0.286133 0.000000
vt 0.498047 0.700684 0.000000
vt 0.574707 0.674316 0.000000
vt 0.499512 0.803223 0.000000
vt 0.578125 0.632812 0.000000
vt 0.574707 0.674316 0.000000
vt 0.498047 0.700684 0.000000
vt 0.456543 0.649902 0.000000
vt 0.575684 0.673340 0.000000
vt 0.578125 0.632812 0.000000
vt 0.456543 0.649902 0.000000
vt 0.578125 0.632812 0.000000
vt 0.458496 0.627441 0.000000
vt 0.473145 0.268555 0.000000
vt 0.470215 0.199219 0.000000
vt 0.464355 0.268066 0.000000
vt 0.491211 0.245117 0.000000
vt 0.488770 0.264648 0.000000
vt 0.489746 0.264648 0.000000
vt 0.491211 0.245117 0.000000
vt 0.489746 0.264648 0.000000
vt 0.483887 0.250488 0.000000
vt 0.474609 0.748535 0.000000
vt 0.603516 0.742188 0.000000
vt 0.575684 0.673340 0.000000
vt 0.485840 0.289062 0.000000
vt 0.470215 0.199219 0.000000
vt 0.473145 0.268555 0.000000
vt 0.031250 0.286133 0.000000
vt 0.004883 0.287109 0.000000
vt 0.008789 0.210449 0.000000
vt 0.031250 0.286133 0.000000
vt 0.008789 0.210449 0.000000
vt 0.032715 0.213379 0.000000
vt 0.034668 0.352539 0.000000
vt 0.006836 0.351074 0.000000
vt 0.005859 0.417480 0.000000
vt 0.034668 0.352539 0.000000
vt 0.005859 0.417480 0.000000
vt 0.034668 0.417480 0.000000
vt 0.034668 0.417480 0.000000
vt 0.005859 0.417480 0.000000
vt 0.006836 0.351074 0.000000
vt 0.034668 0.417480 0.000000
vt 0.006836 0.351074 0.000000
vt 0.034668 0.352539 0.000000
vt 0.031250 0.286133 0.000000
vt 0.004883 0.287109 0.000000
vt 0.006836 0.351074 0.000000
vt 0.031250 0.286133 0.000000
vt 0.006836 0.351074 0.000000
vt 0.034668 0.352539 0.000000
vt 0.032715 0.213379 0.000000
vt 0.008789 0.210449 0.000000
vt 0.004883 0.287109 0.000000
vt 0.032715 0.213379 0.000000
vt 0.004883 0.287109 0.000000
vt 0.031250 0.286133 0.000000
vt 0.361816 0.307617 0.000000
vt 0.230469 0.310059 0.000000
vt 0.225098 0.203125 0.000000
vt 0.361816 0.307617 0.000000
vt 0.225098 0.203125 0.000000
vt 0.361816 0.204102 0.000000
vt 0.306152 0.382324 0.000000
vt 0.238281 0.380371 0.000000
vt 0.230469 0.310059 0.000000
vt 0.306152 0.382324 0.000000
vt 0.230469 0.310059 0.000000
vt 0.361816 0.307617 0.000000
vt 0.350586 0.430176 0.000000
vt 0.260254 0.427734 0.000000
vt 0.243652 0.383301 0.000000
vt 0.350586 0.430176 0.000000
vt 0.243652 0.383301 0.000000
vt 0.354492 0.387207 0.000000
vt 0.201172 0.423340 0.000000
vt 0.263672 0.424805 0.000000
vt 0.267578 0.409180 0.000000
vt 0.201172 0.423340 0.000000
vt 0.267578 0.409180 0.000000
vt 0.202148 0.402832 0.000000
vt 0.202148 0.402832 0.000000
vt 0.267578 0.409180 0.000000
vt 0.202148 0.375000 0.000000
vt 0.124023 0.372070 0.000000
vt 0.202148 0.375000 0.000000
vt 0.198730 0.275879 0.000000
vt 0.124023 0.372070 0.000000
vt 0.198730 0.275879 0.000000
vt 0.125000 0.275391 0.000000
vt 0.125000 0.275391 0.000000
vt 0.198730 0.275879 0.000000
vt 0.197266 0.251465 0.000000
vt 0.125000 0.275391 0.000000
vt 0.197266 0.251465 0.000000
vt 0.123535 0.243652 0.000000
vt 0.197754 0.227539 0.000000
vt 0.124512 0.230957 0.000000
vt 0.125000 0.275391 0.000000
vt 0.197754 0.227539 0.000000
vt 0.125000 0.275391 0.000000
vt 0.197266 0.251465 0.000000
vt 0.243652 0.383301 0.000000
vt 0.354492 0.387207 0.000000
vt 0.350586 0.430176 0.000000
vt 0.243652 0.383301 0.000000
vt 0.350586 0.430176 0.000000
vt 0.260254 0.427734 0.000000
vt 0.206543 0.299805 0.000000
vt 0.357910 0.300293 0.000000
vt 0.354492 0.387207 0.000000
vt 0.206543 0.299805 0.000000
vt 0.354492 0.387207 0.000000
vt 0.243652 0.383301 0.000000
vt 0.125000 0.423340 0.000000
vt 0.090820 0.424316 0.000000
vt 0.092773 0.376465 0.000000
vt 0.125000 0.423340 0.000000
vt 0.092773 0.376465 0.000000
vt 0.123047 0.408691 0.000000
vt 0.123047 0.408691 0.000000
vt 0.092773 0.376465 0.000000
vt 0.124023 0.372070 0.000000
vt 0.208496 0.199707 0.000000
vt 0.358398 0.200684 0.000000
vt 0.357910 0.300293 0.000000
vt 0.208496 0.199707 0.000000
vt 0.357910 0.300293 0.000000
vt 0.206543 0.299805 0.000000
vt 0.202148 0.375000 0.000000
vt 0.124023 0.372070 0.000000
vt 0.125000 0.275391 0.000000
vt 0.202148 0.375000 0.000000
vt 0.125000 0.275391 0.000000
vt 0.198730 0.275879 0.000000
vt 0.198730 0.275879 0.000000
vt 0.125000 0.275391 0.000000
vt 0.124512 0.230957 0.000000
vt 0.198730 0.275879 0.000000
vt 0.124512 0.230957 0.000000
vt 0.197754 0.227539 0.000000
vt 0.483398 0.265137 0.000000
vt 0.486328 0.265137 0.000000
vt 0.489746 0.248047 0.000000
vt 0.483398 0.265137 0.000000
vt 0.489746 0.248047 0.000000
vt 0.484375 0.248047 0.000000
vt 0.470215 0.199219 0.000000
vt 0.447266 0.207520 0.000000
vt 0.406738 0.200684 0.000000
vt 0.383301 0.674316 0.000000
vt 0.360352 0.749512 0.000000
vt 0.307129 0.799316 0.000000
vt 0.402832 0.605469 0.000000
vt 0.396973 0.624512 0.000000
vt 0.397949 0.633789 0.000000
vt 0.483398 0.265137 0.000000
vt 0.479980 0.263184 0.000000
vt 0.481445 0.273438 0.000000
vt 0.441895 0.626465 0.000000
vt 0.396484 0.736816 0.000000
vt 0.360352 0.749512 0.000000
vt 0.441895 0.626465 0.000000
vt 0.360352 0.749512 0.000000
vt 0.383301 0.674316 0.000000
vt 0.489258 0.272949 0.000000
vt 0.489746 0.264648 0.000000
vt 0.479004 0.266602 0.000000
vt 0.416992 0.625488 0.000000
vt 0.441895 0.626465 0.000000
vt 0.383301 0.674316 0.000000
vt 0.402832 0.605469 0.000000
vt 0.441895 0.626465 0.000000
vt 0.416992 0.625488 0.000000
vt 0.489258 0.272949 0.000000
vt 0.488770 0.264648 0.000000
vt 0.486328 0.265137 0.000000
vt 0.491211 0.245117 0.000000
vt 0.491211 0.241699 0.000000
vt 0.488770 0.242676 0.000000
vt 0.481445 0.273438 0.000000
vt 0.489258 0.272949 0.000000
vt 0.486328 0.265137 0.000000
vt 0.485840 0.242188 0.000000
vt 0.491211 0.241699 0.000000
vt 0.483887 0.250488 0.000000
vt 0.489746 0.264648 0.000000
vt 0.488770 0.264648 0.000000
vt 0.489258 0.272949 0.000000
vt 0.464355 0.268066 0.000000
vt 0.406738 0.200684 0.000000
vt 0.394043 0.267578 0.000000
vt 0.464355 0.268066 0.000000
vt 0.388184 0.329102 0.000000
vt 0.394043 0.267578 0.000000
vt 0.406738 0.200684 0.000000
vt 0.464355 0.268066 0.000000
vt 0.470215 0.199219 0.000000
vt 0.488770 0.242676 0.000000
vt 0.491211 0.241699 0.000000
vt 0.482910 0.242188 0.000000
vt 0.471191 0.249023 0.000000
vt 0.489746 0.264648 0.000000
vt 0.479492 0.248047 0.000000
vt 0.483887 0.250488 0.000000
vt 0.489746 0.264648 0.000000
vt 0.479004 0.266602 0.000000
vt 0.483887 0.250488 0.000000
vt 0.479004 0.266602 0.000000
vt 0.471191 0.249023 0.000000
vt 0.483887 0.250488 0.000000
vt 0.491211 0.241699 0.000000
vt 0.491211 0.245117 0.000000
vt 0.489746 0.248047 0.000000
vt 0.486328 0.265137 0.000000
vt 0.488770 0.264648 0.000000
vt 0.489746 0.248047 0.000000
vt 0.488770 0.264648 0.000000
vt 0.491211 0.245117 0.000000
vt 0.479980 0.263184 0.000000
vt 0.483398 0.265137 0.000000
vt 0.479492 0.248047 0.000000
vt 0.488770 0.242676 0.000000
vt 0.489746 0.248047 0.000000
vt 0.491211 0.245117 0.000000
vt 0.482910 0.242188 0.000000
vt 0.479492 0.248047 0.000000
vt 0.484375 0.248047 0.000000
vt 0.485840 0.242188 0.000000
vt 0.471191 0.249023 0.000000
vt 0.479492 0.248047 0.000000
vt 0.485840 0.242188 0.000000
vt 0.479492 0.248047 0.000000
vt 0.482910 0.242188 0.000000
vt 0.483887 0.250488 0.000000
vt 0.471191 0.249023 0.000000
vt 0.485840 0.242188 0.000000
vt 0.484375 0.248047 0.000000
vt 0.489746 0.248047 0.000000
vt 0.488770 0.242676 0.000000
vt 0.484375 0.248047 0.000000
vt 0.488770 0.242676 0.000000
vt 0.482910 0.242188 0.000000
vt 0.484375 0.248047 0.000000
vt 0.479492 0.248047 0.000000
vt 0.483398 0.265137 0.000000
vt 0.486328 0.265137 0.000000
vt 0.483398 0.265137 0.000000
vt 0.481445 0.273438 0.000000
vt 0.394043 0.267578 0.000000
vt 0.406738 0.200684 0.000000
vt 0.447266 0.207520 0.000000
vt 0.394043 0.267578 0.000000
vt 0.447266 0.207520 0.000000
vt 0.464355 0.268066 0.000000
vt 0.394043 0.267578 0.000000
vt 0.388184 0.329102 0.000000
vt 0.464355 0.268066 0.000000
vt 0.464355 0.268066 0.000000
vt 0.447266 0.207520 0.000000
vt 0.470215 0.199219 0.000000
vt 0.464355 0.268066 0.000000
vt 0.470215 0.199219 0.000000
vt 0.485840 0.289062 0.000000
vt 0.464355 0.268066 0.000000
vt 0.485840 0.289062 0.000000
vt 0.485352 0.337402 0.000000
vt 0.464355 0.268066 0.000000
vt 0.485352 0.337402 0.000000
vt 0.426758 0.345703 0.000000
vt 0.426758 0.345703 0.000000
vt 0.485352 0.337402 0.000000
vt 0.402832 0.414062 0.000000
vt 0.209473 0.691406 0.000000
vt 0.209473 0.691406 0.000000
vt 0.272461 0.619629 0.000000
vt 0.209473 0.691406 0.000000
vt 0.272461 0.619629 0.000000
vt 0.250000 0.571289 0.000000
vt 0.209473 0.691406 0.000000
vt 0.250000 0.571289 0.000000
vt 0.209473 0.691406 0.000000
vt 0.005371 0.666016 0.000000
vt 0.006836 0.638672 0.000000
vt 0.031250 0.674316 0.000000
vt 0.690430 0.519531 0.000000
vt 0.734863 0.510254 0.000000
vt 0.512695 0.480957 0.000000
vt 0.512695 0.480957 0.000000
vt 0.511230 0.520020 0.000000
vt 0.690430 0.519531 0.000000
vt 0.048828 0.670898 0.000000
vt 0.029297 0.634766 0.000000
vt 0.061523 0.619141 0.000000
vt 0.061523 0.619141 0.000000
vt 0.029297 0.634766 0.000000
vt 0.049316 0.600098 0.000000
vt 0.656738 0.365723 0.000000
vt 0.653320 0.420898 0.000000
vt 0.512695 0.310547 0.000000
vt 0.512695 0.422363 0.000000
vt 0.512695 0.310547 0.000000
vt 0.653320 0.420898 0.000000
vt 0.031250 0.674316 0.000000
vt 0.006836 0.638672 0.000000
vt 0.029297 0.634766 0.000000
vt 0.074707 0.719727 0.000000
vt 0.058105 0.734375 0.000000
vt 0.061523 0.733398 0.000000
vt 0.061523 0.733398 0.000000
vt 0.058105 0.734375 0.000000
vt 0.078125 0.757324 0.000000
vt 0.061523 0.733398 0.000000
vt 0.078125 0.757324 0.000000
vt 0.068848 0.756836 0.000000
vt 0.733398 0.426758 0.000000
vt 0.888184 0.486328 0.000000
vt 0.699707 0.444824 0.000000
vt 0.699707 0.444824 0.000000
vt 0.888184 0.486328 0.000000
vt 0.865723 0.498047 0.000000
vt 0.068848 0.756836 0.000000
vt 0.078125 0.757324 0.000000
vt 0.084473 0.754883 0.000000
vt 0.068848 0.756836 0.000000
vt 0.084473 0.754883 0.000000
vt 0.072266 0.755371 0.000000
vt 0.751465 0.402832 0.000000
vt 0.888184 0.486328 0.000000
vt 0.733398 0.426758 0.000000
vt 0.912109 0.323730 0.000000
vt 0.888184 0.486328 0.000000
vt 0.751465 0.402832 0.000000
vt 0.093262 0.760742 0.000000
vt 0.093750 0.751953 0.000000
vt 0.100586 0.747559 0.000000
vt 0.093262 0.760742 0.000000
vt 0.100586 0.747559 0.000000
vt 0.102051 0.753906 0.000000
vt 0.512695 0.310547 0.000000
vt 0.514648 0.231934 0.000000
vt 0.724121 0.288574 0.000000
vt 0.724121 0.288574 0.000000
vt 0.656738 0.365723 0.000000
vt 0.512695 0.310547 0.000000
vt 0.676758 0.359863 0.000000
vt 0.656738 0.365723 0.000000
vt 0.724121 0.288574 0.000000
vt 0.654785 0.356934 0.000000
vt 0.693848 0.359863 0.000000
vt 0.724121 0.363770 0.000000
vt 0.099609 0.713379 0.000000
vt 0.071289 0.716309 0.000000
vt 0.074707 0.719727 0.000000
vt 0.099609 0.713379 0.000000
vt 0.074707 0.719727 0.000000
vt 0.089355 0.711426 0.000000
vt 0.100586 0.716797 0.000000
vt 0.102051 0.753906 0.000000
vt 0.100586 0.747559 0.000000
vt 0.100586 0.716797 0.000000
vt 0.100586 0.747559 0.000000
vt 0.103027 0.717773 0.000000
vt 0.089355 0.711426 0.000000
vt 0.100586 0.716797 0.000000
vt 0.106445 0.723633 0.000000
vt 0.089355 0.711426 0.000000
vt 0.106445 0.723633 0.000000
vt 0.099609 0.713379 0.000000
vt 0.136719 0.645020 0.000000
vt 0.078613 0.601562 0.000000
vt 0.130371 0.572266 0.000000
vt 0.979004 0.371582 0.000000
vt 0.912109 0.323730 0.000000
vt 0.980469 0.234863 0.000000
vt 0.982422 0.427246 0.000000
vt 0.912109 0.323730 0.000000
vt 0.979004 0.371582 0.000000
vt 0.690430 0.519531 0.000000
vt 0.691406 0.497070 0.000000
vt 0.865723 0.498047 0.000000
vt 0.690430 0.519531 0.000000
vt 0.865723 0.498047 0.000000
vt 0.878906 0.520508 0.000000
vt 0.878906 0.520508 0.000000
vt 0.865723 0.498047 0.000000
vt 0.980469 0.489258 0.000000
vt 0.878906 0.520508 0.000000
vt 0.980469 0.489258 0.000000
vt 0.979004 0.508789 0.000000
vt 0.145508 0.794922 0.000000
vt 0.187500 0.773926 0.000000
vt 0.209473 0.691406 0.000000
vt 0.118164 0.878418 0.000000
vt 0.166016 0.858398 0.000000
vt 0.204102 0.842773 0.000000
vt 0.118164 0.878418 0.000000
vt 0.204102 0.842773 0.000000
vt 0.187500 0.773926 0.000000
vt 0.118164 0.878418 0.000000
vt 0.187500 0.773926 0.000000
vt 0.145508 0.794922 0.000000
vt 0.101562 0.757812 0.000000
vt 0.100586 0.747559 0.000000
vt 0.078125 0.757324 0.000000
vt 0.101562 0.757812 0.000000
vt 0.078125 0.757324 0.000000
vt 0.078613 0.757812 0.000000
vt 0.101074 0.755371 0.000000
vt 0.110352 0.813477 0.000000
vt 0.100586 0.747559 0.000000
vt 0.101074 0.755371 0.000000
vt 0.100586 0.747559 0.000000
vt 0.098145 0.755859 0.000000
vt 0.724121 0.363770 0.000000
vt 0.721191 0.305664 0.000000
vt 0.692383 0.358398 0.000000
vt 0.106445 0.727539 0.000000
vt 0.106445 0.723633 0.000000
vt 0.110352 0.813477 0.000000
vt 0.106445 0.727539 0.000000
vt 0.110352 0.813477 0.000000
vt 0.101074 0.755371 0.000000
vt 0.912109 0.323730 0.000000
vt 0.979004 0.371582 0.000000
vt 0.980469 0.234863 0.000000
vt 0.912109 0.323730 0.000000
vt 0.980469 0.234863 0.000000
vt 0.856934 0.234863 0.000000
vt 0.724121 0.288574 0.000000
vt 0.703613 0.202148 0.000000
vt 0.860352 0.204102 0.000000
vt 0.654785 0.206055 0.000000
vt 0.513672 0.241699 0.000000
vt 0.675293 0.247559 0.000000
vt 0.888184 0.486328 0.000000
vt 0.733887 0.427246 0.000000
vt 0.699707 0.444824 0.000000
vt 0.750000 0.459473 0.000000
vt 0.734863 0.510254 0.000000
vt 0.874512 0.502441 0.000000
vt 0.750000 0.459473 0.000000
vt 0.874512 0.502441 0.000000
vt 0.888184 0.486328 0.000000
vt 0.067383 0.749023 0.000000
vt 0.078613 0.757812 0.000000
vt 0.078125 0.757324 0.000000
vt 0.067383 0.749023 0.000000
vt 0.078125 0.757324 0.000000
vt 0.064941 0.752441 0.000000
vt 0.067383 0.749023 0.000000
vt 0.064941 0.752441 0.000000
vt 0.058105 0.734375 0.000000
vt 0.067383 0.749023 0.000000
vt 0.058105 0.734375 0.000000
vt 0.061523 0.733398 0.000000
vt 0.029297 0.634766 0.000000
vt 0.006836 0.638672 0.000000
vt 0.031250 0.674316 0.000000
vt 0.106445 0.723633 0.000000
vt 0.106445 0.727539 0.000000
vt 0.102539 0.714355 0.000000
vt 0.513672 0.241699 0.000000
vt 0.512695 0.310547 0.000000
vt 0.634766 0.385742 0.000000
vt 0.634766 0.385742 0.000000
vt 0.512695 0.310547 0.000000
vt 0.512695 0.422363 0.000000
vt 0.512695 0.422363 0.000000
vt 0.653320 0.420898 0.000000
vt 0.634766 0.385742 0.000000
vt 0.653320 0.420898 0.000000
vt 0.512695 0.422363 0.000000
vt 0.699707 0.444824 0.000000
vt 0.071289 0.716309 0.000000
vt 0.061523 0.733398 0.000000
vt 0.058105 0.734375 0.000000
vt 0.071289 0.716309 0.000000
vt 0.058105 0.734375 0.000000
vt 0.066406 0.708008 0.000000
vt 0.099609 0.713379 0.000000
vt 0.106445 0.723633 0.000000
vt 0.102539 0.714355 0.000000
vt 0.099609 0.713379 0.000000
vt 0.102539 0.714355 0.000000
vt 0.097168 0.717773 0.000000
vt 0.721191 0.305664 0.000000
vt 0.856934 0.234863 0.000000
vt 0.675293 0.247559 0.000000
vt 0.675293 0.247559 0.000000
vt 0.513672 0.241699 0.000000
vt 0.634766 0.385742 0.000000
vt 0.675293 0.247559 0.000000
vt 0.634766 0.385742 0.000000
vt 0.645020 0.360840 0.000000
vt 0.675293 0.247559 0.000000
vt 0.645020 0.360840 0.000000
vt 0.665039 0.357910 0.000000
vt 0.675293 0.247559 0.000000
vt 0.665039 0.357910 0.000000
vt 0.721191 0.305664 0.000000
vt 0.860352 0.204102 0.000000
vt 0.654785 0.206055 0.000000
vt 0.675293 0.247559 0.000000
vt 0.856934 0.234863 0.000000
vt 0.980469 0.234863 0.000000
vt 0.979004 0.202637 0.000000
vt 0.856934 0.234863 0.000000
vt 0.979004 0.202637 0.000000
vt 0.860352 0.204102 0.000000
vt 0.675293 0.247559 0.000000
vt 0.856934 0.234863 0.000000
vt 0.860352 0.204102 0.000000
vt 0.860352 0.204102 0.000000
vt 0.979004 0.202637 0.000000
vt 0.980469 0.234863 0.000000
vt 0.860352 0.204102 0.000000
vt 0.980469 0.234863 0.000000
vt 0.856934 0.234863 0.000000
vt 0.856934 0.234863 0.000000
vt 0.980469 0.234863 0.000000
vt 0.912109 0.323730 0.000000
vt 0.856934 0.234863 0.000000
vt 0.912109 0.323730 0.000000
vt 0.693848 0.359863 0.000000
vt 0.856934 0.234863 0.000000
vt 0.724121 0.288574 0.000000
vt 0.860352 0.204102 0.000000
vt 0.516602 0.207031 0.000000
vt 0.513672 0.241699 0.000000
vt 0.654785 0.206055 0.000000
vt 0.703613 0.202148 0.000000
vt 0.514648 0.231934 0.000000
vt 0.512695 0.202637 0.000000
vt 0.061523 0.619141 0.000000
vt 0.136719 0.645020 0.000000
vt 0.078613 0.601562 0.000000
vt 0.078613 0.601562 0.000000
vt 0.136719 0.645020 0.000000
vt 0.061523 0.619141 0.000000
vt 0.307129 0.799316 0.000000
vt 0.360352 0.749512 0.000000
vt 0.354004 0.849121 0.000000
vt 0.307129 0.799316 0.000000
vt 0.354004 0.849121 0.000000
vt 0.204102 0.842773 0.000000
vt 0.575684 0.673340 0.000000
vt 0.455078 0.645508 0.000000
vt 0.422852 0.754395 0.000000
vt 0.575684 0.673340 0.000000
vt 0.422852 0.754395 0.000000
vt 0.474609 0.748535 0.000000
vt 0.498047 0.700684 0.000000
vt 0.419434 0.729004 0.000000
vt 0.458496 0.627441 0.000000
vt 0.498047 0.700684 0.000000
vt 0.458496 0.627441 0.000000
vt 0.578125 0.632812 0.000000
vt 0.653809 0.832031 0.000000
vt 0.758789 0.765625 0.000000
vt 0.603516 0.742188 0.000000
vt 0.501953 0.802734 0.000000
vt 0.574707 0.674316 0.000000
vt 0.634766 0.753906 0.000000
vt 0.497070 0.899414 0.000000
vt 0.650391 0.836426 0.000000
vt 0.648438 0.903809 0.000000
vt 0.575684 0.673340 0.000000
vt 0.739746 0.627441 0.000000
vt 0.693848 0.572754 0.000000
vt 0.575684 0.673340 0.000000
vt 0.693848 0.572754 0.000000
vt 0.591309 0.572754 0.000000
vt 0.397949 0.633789 0.000000
vt 0.436035 0.645996 0.000000
vt 0.441895 0.626465 0.000000
vt 0.397949 0.633789 0.000000
vt 0.441895 0.626465 0.000000
vt 0.402832 0.605469 0.000000
vt 0.048828 0.670898 0.000000
vt 0.031250 0.674316 0.000000
vt 0.029297 0.634766 0.000000
vt 0.029297 0.634766 0.000000
vt 0.048828 0.670898 0.000000
vt 0.031250 0.674316 0.000000
vt 0.130371 0.572266 0.000000
vt 0.082520 0.570801 0.000000
vt 0.078613 0.601562 0.000000
vt 0.078613 0.601562 0.000000
vt 0.082520 0.570801 0.000000
vt 0.130371 0.572266 0.000000
vt 0.082520 0.570801 0.000000
vt 0.078613 0.601562 0.000000
vt 0.054199 0.569824 0.000000
vt 0.202148 0.375000 0.000000
vt 0.267578 0.409180 0.000000
vt 0.202148 0.402832 0.000000
vt 0.124023 0.372070 0.000000
vt 0.202148 0.375000 0.000000
vt 0.202148 0.402832 0.000000
vt 0.124023 0.372070 0.000000
vt 0.202148 0.402832 0.000000
vt 0.123047 0.408691 0.000000
vt 0.202148 0.402832 0.000000
vt 0.267578 0.409180 0.000000
vt 0.263672 0.424805 0.000000
vt 0.202148 0.402832 0.000000
vt 0.263672 0.424805 0.000000
vt 0.201172 0.423340 0.000000
vt 0.201172 0.423340 0.000000
vt 0.125000 0.423340 0.000000
vt 0.123047 0.408691 0.000000
vt 0.201172 0.423340 0.000000
vt 0.123047 0.408691 0.000000
vt 0.202148 0.402832 0.000000
vt 0.123047 0.408691 0.000000
vt 0.092773 0.376465 0.000000
vt 0.090820 0.424316 0.000000
vt 0.123047 0.408691 0.000000
vt 0.090820 0.424316 0.000000
vt 0.125000 0.423340 0.000000
vt 0.202148 0.402832 0.000000
vt 0.123047 0.408691 0.000000
vt 0.125000 0.423340 0.000000
vt 0.202148 0.402832 0.000000
vt 0.125000 0.423340 0.000000
vt 0.201172 0.423340 0.000000
vt 0.124023 0.372070 0.000000
vt 0.092773 0.376465 0.000000
vt 0.123047 0.408691 0.000000
vt 0.202148 0.375000 0.000000
vt 0.124023 0.372070 0.000000
vt 0.123047 0.408691 0.000000
vt 0.202148 0.375000 0.000000
vt 0.123047 0.408691 0.000000
vt 0.202148 0.402832 0.000000
vt 0.182617 0.549805 0.000000
vt 0.159180 0.553711 0.000000
vt 0.154297 0.526367 0.000000
vt 0.492188 0.552734 0.000000
vt 0.182617 0.549805 0.000000
vt 0.154297 0.526367 0.000000
vt 0.492188 0.552734 0.000000
vt 0.154297 0.526367 0.000000
vt 0.485352 0.520508 0.000000
vt 0.144531 0.449219 0.000000
vt 0.182617 0.549805 0.000000
vt 0.492188 0.552734 0.000000
vt 0.144531 0.449219 0.000000
vt 0.492188 0.552734 0.000000
vt 0.486328 0.447266 0.000000
vt 0.487305 0.466797 0.000000
vt 0.151367 0.490234 0.000000
vt 0.144531 0.449219 0.000000
vt 0.487305 0.466797 0.000000
vt 0.144531 0.449219 0.000000
vt 0.486328 0.447266 0.000000
vt 0.486328 0.447266 0.000000
vt 0.492188 0.552734 0.000000
vt 0.485352 0.520508 0.000000
vt 0.486328 0.447266 0.000000
vt 0.485352 0.520508 0.000000
vt 0.487305 0.466797 0.000000
vn 0.000000 1.000000 0.000000
vn 0.000000 1.000000 0.000000
vn 0.000000 1.000000 0.000000
vn 0.920898 0.000000 0.389404
vn 0.375732 0.000000 0.926514
vn 0.375732 0.000000 0.926514
vn 0.920898 0.000000 0.389404
vn 0.375732 0.000000 0.926514
vn 0.920898 0.000000 0.389404
vn 0.000000 -1.000000 0.000000
vn 0.000000 -1.000000 0.000000
vn 0.000000 -1.000000 0.000000
vn 0.000000 1.000000 0.000000
vn 0.000000 1.000000 0.000000
vn 0.000000 1.000000 0.000000
vn 0.375732 0.000000 0.926514
vn -0.389404 0.000000 0.920898
vn -0.389404 0.000000 0.920898
vn 0.375732 0.000000 0.926514
vn -0.389404 0.000000 0.920898
vn 0.375732 0.000000 0.926514
vn 0.000000 -1.000000 0.000000
vn 0.000000 -1.000000 0.000000
vn 0.000000 -1.000000 0.000000
vn 0.000000 1.000000 0.000000
vn 0.000000 1.000000 0.000000
vn 0.000000 1.000000 0.000000
vn -0.389404 0.000000 0.920898
vn -0.926514 0.000000 0.375732
vn -0.926514 0.000000 0.375732
vn -0.389404 0.000000 0.920898
vn -0.926514 0.000000 0.375732
vn -0.389404 0.000000 0.920898
vn 0.000000 -1.000000 0.000000
vn 0.000000 -1.000000 0.000000
vn 0.000000 -1.000000 0.000000
vn 0.000000 1.000000 0.000000
vn 0.000000 1.000000 0.000000
vn 0.000000 1.000000 0.000000
vn -0.926514 0.000000 0.375732
vn -0.920898 0.000000 -0.389404
vn -0.920898 0.000000 -0.389404
vn -0.926514 0.000000 0.375732
vn -0.920898 0.000000 -0.389404
vn -0.926514 0.000000 0.375732
vn 0.000000 -1.000000 0.000000
vn 0.000000 -1.000000 0.000000
vn 0.000000 -1.000000 0.000000
vn 0.000000 1.000000 0.000000
vn 0.000000 1.000000 0.000000
vn 0.000000 1.000000 0.000000
vn -0.920898 0.000000 -0.389404
vn -0.375732 0.000000 -0.926514
vn -0.375732 0.000000 -0.926514
vn -0.920898 0.000000 -0.389404
vn -0.375732 0.000000 -0.926514
vn -0.920898 0.000000 -0.389404
vn 0.000000 -1.000000 0.000000
vn 0.000000 -1.000000 0.000000
vn 0.000000 -1.000000 0.000000
vn 0.000000 1.000000 0.000000
vn 0.000000 1.000000 0.000000
vn 0.000000 1.000000 0.000000
vn -0.375732 0.000000 -0.926514
vn 0.389404 0.000000 -0.920898
vn 0.389404 0.000000 -0.920898
vn -0.375732 0.000000 -0.926514
vn 0.389404 0.000000 -0.920898
vn -0.375732 0.000000 -0.926514
vn 0.000000 -1.000000 0.000000
vn 0.000000 -1.000000 0.000000
vn 0.000000 -1.000000 0.000000
vn 0.000000 1.000000 0.000000
vn 0.000000 1.000000 0.000000
vn 0.000000 1.000000 0.000000
vn 0.389404 0.000000 -0.920898
vn 0.926514 0.000000 -0.375732
vn 0.926514 0.000000 -0.375732
vn 0.389404 0.000000 -0.920898
vn 0.926514 0.000000 -0.375732
vn 0.389404 0.000000 -0.920898
vn 0.000000 -1.000000 0.000000
vn 0.000000 -1.000000 0.000000
vn 0.000000 -1.000000 0.000000
vn 0.000000 1.000000 0.000000
vn 0.000000 1.000000 0.000000
vn 0.000000 1.000000 0.000000
vn 0.926514 0.000000 -0.375732
vn 0.920898 0.000000 0.389404
vn 0.920898 0.000000 0.389404
vn 0.926514 0.000000 -0.375732
vn 0.920898 0.000000 0.389404
vn 0.926514 0.000000 -0.375732
vn 0.000000 -1.000000 0.000000
vn 0.000000 -1.000000 0.000000
vn 0.000000 -1.000000 0.000000
vn -0.582764 0.811279 0.045166
vn -0.601318 0.747803 0.280762
vn 0.280518 0.761719 0.583740
vn -0.582764 0.811279 0.045166
vn 0.280518 0.761719 0.583740
vn 0.400146 0.823730 0.401123
vn 0.400146 0.823730 0.401123
vn 0.280518 0.761719 0.583740
vn 0.814209 0.439941 0.378174
vn -0.385986 -0.532959 0.752686
vn 0.600098 -0.421387 0.679688
vn -0.799805 -0.516357 0.305664
vn -0.952393 -0.096680 0.288818
vn -0.799805 -0.516357 0.305664
vn -0.727051 0.685791 0.028564
vn -0.385986 -0.532959 0.752686
vn -0.799805 -0.516357 0.305664
vn -0.952393 -0.096680 0.288818
vn -0.968506 -0.248535 -0.002930
vn -0.860107 -0.349121 0.371338
vn -0.952393 -0.096680 0.288818
vn -0.952393 -0.096680 0.288818
vn -0.860107 -0.349121 0.371338
vn -0.385986 -0.532959 0.752686
vn -0.968506 -0.248535 -0.002930
vn -0.952393 -0.096680 0.288818
vn -0.985352 0.166992 0.026611
vn -0.985352 0.166992 0.026611
vn -0.952393 -0.096680 0.288818
vn -0.727051 0.685791 0.028564
vn -0.984131 0.159912 -0.076416
vn -0.919922 -0.349365 -0.177002
vn -0.936279 -0.333984 -0.106445
vn -0.936279 -0.333984 -0.106445
vn -0.919922 -0.349365 -0.177002
vn -0.626709 -0.728271 -0.276367
vn -0.687988 -0.713623 -0.129883
vn -0.646484 -0.730957 -0.217773
vn -0.031006 -0.946045 -0.321777
vn -0.984131 0.159912 -0.076416
vn -0.936279 -0.333984 -0.106445
vn -0.985352 0.166992 0.026611
vn -0.968506 -0.248535 -0.002930
vn -0.985352 0.166992 0.026611
vn -0.936279 -0.333984 -0.106445
vn -0.936279 -0.333984 -0.106445
vn -0.687988 -0.713623 -0.129883
vn -0.968506 -0.248535 -0.002930
vn -0.968506 -0.248535 -0.002930
vn -0.687988 -0.713623 -0.129883
vn -0.860107 -0.349121 0.371338
vn -0.412354 -0.253174 0.874756
vn -0.860107 -0.349121 0.371338
vn -0.735596 -0.511963 0.443115
vn -0.687988 -0.713623 -0.129883
vn -0.690918 -0.697998 0.187744
vn -0.735596 -0.511963 0.443115
vn -0.412354 -0.253174 0.874756
vn -0.735596 -0.511963 0.443115
vn -0.414062 -0.262451 0.871338
vn -0.687988 -0.713623 -0.129883
vn -0.735596 -0.511963 0.443115
vn -0.860107 -0.349121 0.371338
vn -0.414062 -0.262451 0.871338
vn -0.735596 -0.511963 0.443115
vn -0.690918 -0.697998 0.187744
vn 0.436279 0.501221 0.746826
vn 0.421875 0.366455 0.829102
vn 0.584473 0.389404 0.711670
vn 0.245117 0.148193 0.958008
vn -0.414062 -0.262451 0.871338
vn 0.669678 0.084717 0.737549
vn 0.197510 0.866699 0.457764
vn 0.230713 0.918701 0.319824
vn 0.578857 0.679932 0.449707
vn -0.747559 0.663574 -0.019287
vn -0.984131 0.159912 -0.076416
vn -0.602295 0.793945 0.081299
vn -0.602295 0.793945 0.081299
vn 0.230713 0.918701 0.319824
vn -0.122314 0.987549 0.097656
vn -0.602295 0.793945 0.081299
vn -0.984131 0.159912 -0.076416
vn -0.985352 0.166992 0.026611
vn -0.385986 -0.532959 0.752686
vn -0.860107 -0.349121 0.371338
vn -0.412354 -0.253174 0.874756
vn -0.602295 0.793945 0.081299
vn -0.985352 0.166992 0.026611
vn -0.727051 0.685791 0.028564
vn -0.952881 0.292969 -0.076660
vn -0.952881 0.300049 -0.038574
vn -0.954346 -0.263916 -0.139160
vn -0.952881 0.292969 -0.076660
vn -0.954346 -0.263916 -0.139160
vn -0.919922 -0.349365 -0.177002
vn -0.867676 0.113525 -0.483398
vn -0.839355 0.072754 -0.538574
vn -0.881348 0.016113 -0.471680
vn -0.867676 0.113525 -0.483398
vn -0.881348 0.016113 -0.471680
vn -0.674316 0.146973 -0.723389
vn -0.513428 0.645020 -0.565430
vn -0.796631 -0.022461 -0.603760
vn -0.810303 0.050537 -0.583496
vn -0.911865 0.085938 -0.400635
vn -0.919678 0.305908 -0.245117
vn -0.880615 0.125000 -0.456787
vn -0.674316 0.146973 -0.723389
vn -0.881348 0.016113 -0.471680
vn -0.744141 0.017578 -0.667480
vn -0.656006 -0.376221 -0.654053
vn -0.530029 -0.699951 -0.478271
vn -0.896240 -0.152100 -0.416260
vn -0.744141 0.017578 -0.667480
vn -0.881348 0.016113 -0.471680
vn -0.839355 0.072754 -0.538574
vn -0.744141 0.017578 -0.667480
vn -0.839355 0.072754 -0.538574
vn -0.918945 -0.020264 -0.393799
vn 0.129150 -0.840088 -0.526367
vn 0.422363 -0.658936 -0.622070
vn -0.030762 -0.896973 -0.440430
vn -0.148682 -0.853516 -0.499023
vn -0.530029 -0.699951 -0.478271
vn -0.656006 -0.376221 -0.654053
vn -0.810303 0.050537 -0.583496
vn -0.796631 -0.022461 -0.603760
vn -0.517822 -0.676025 -0.523926
vn -0.810303 0.050537 -0.583496
vn -0.517822 -0.676025 -0.523926
vn -0.656006 -0.376221 -0.654053
vn 0.022217 0.984863 -0.171143
vn 0.649414 0.672363 -0.354492
vn 0.568848 0.774658 -0.275879
vn -0.040283 0.525879 -0.849365
vn -0.513428 0.645020 -0.565430
vn -0.059814 0.654785 -0.561768
vn -0.513428 0.645020 -0.565430
vn -0.556152 0.699463 -0.448486
vn -0.003418 0.940430 -0.339355
vn -0.796631 -0.022461 -0.603760
vn -0.513428 0.645020 -0.565430
vn -0.040283 0.525879 -0.849365
vn 0.608154 -0.161377 -0.777100
vn 0.422363 -0.658936 -0.622070
vn 0.636475 -0.497070 -0.589355
vn 0.636475 -0.497070 -0.589355
vn 0.422363 -0.658936 -0.622070
vn 0.129150 -0.840088 -0.526367
vn 0.894775 -0.050293 -0.443604
vn 0.781738 -0.036133 -0.622070
vn 0.494629 0.666748 -0.557373
vn -0.040283 0.525879 -0.849365
vn 0.781738 -0.036133 -0.622070
vn -0.007568 -0.547852 -0.836426
vn -0.040283 0.525879 -0.849365
vn 0.494629 0.666748 -0.557373
vn 0.781738 -0.036133 -0.622070
vn 0.781738 -0.036133 -0.622070
vn 0.589844 -0.634277 -0.499512
vn -0.007568 -0.547852 -0.836426
vn -0.007568 -0.547852 -0.836426
vn 0.589844 -0.634277 -0.499512
vn -0.003662 -0.902588 -0.430176
vn -0.796631 -0.022461 -0.603760
vn -0.040283 0.525879 -0.849365
vn -0.007568 -0.547852 -0.836426
vn -0.003662 -0.902588 -0.430176
vn -0.517822 -0.676025 -0.523926
vn -0.007568 -0.547852 -0.836426
vn -0.007568 -0.547852 -0.836426
vn -0.517822 -0.676025 -0.523926
vn -0.796631 -0.022461 -0.603760
vn -0.952881 0.292969 -0.076660
vn -0.747559 0.663574 -0.019287
vn -0.723633 0.689941 -0.010742
vn -0.723633 0.689941 -0.010742
vn -0.747559 0.663574 -0.019287
vn -0.122314 0.987549 0.097656
vn -0.626709 -0.728271 -0.276367
vn -0.919922 -0.349365 -0.177002
vn -0.954346 -0.263916 -0.139160
vn -0.626709 -0.728271 -0.276367
vn -0.954346 -0.263916 -0.139160
vn -0.558838 -0.797363 -0.227295
vn 0.649414 0.672363 -0.354492
vn 0.862793 0.461670 -0.205322
vn 0.814209 0.256104 -0.520752
vn 0.862793 0.461670 -0.205322
vn 0.649414 0.672363 -0.354492
vn 0.697266 0.709229 -0.102539
vn -0.040527 -0.932129 -0.359375
vn -0.626709 -0.728271 -0.276367
vn -0.558838 -0.797363 -0.227295
vn -0.040527 -0.932129 -0.359375
vn -0.558838 -0.797363 -0.227295
vn -0.017090 -0.977539 -0.208740
vn 0.434082 -0.658203 0.614990
vn -0.296387 -0.645752 0.703369
vn 0.367676 -0.352051 0.860596
vn -0.788330 -0.138428 -0.599121
vn -0.890869 -0.014404 -0.453613
vn -0.892578 -0.204102 -0.401367
vn -0.296387 -0.645752 0.703369
vn 0.610107 0.196289 0.767334
vn 0.510742 0.080811 0.855713
vn -0.296387 -0.645752 0.703369
vn 0.510742 0.080811 0.855713
vn 0.367676 -0.352051 0.860596
vn -0.892578 -0.204102 -0.401367
vn -0.890869 -0.014404 -0.453613
vn -0.868164 0.126465 -0.479492
vn -0.892578 -0.204102 -0.401367
vn -0.868164 0.126465 -0.479492
vn -0.984619 0.167236 -0.046143
vn -0.978271 -0.086914 -0.187256
vn -0.984619 0.167236 -0.046143
vn -0.951172 0.178223 -0.251221
vn -0.951172 0.178223 -0.251221
vn -0.984619 0.167236 -0.046143
vn -0.919678 0.305908 -0.245117
vn -0.896240 -0.152100 -0.416260
vn -0.530029 -0.699951 -0.478271
vn -0.885010 -0.340088 -0.317139
vn -0.698730 0.712402 -0.060547
vn -0.919678 0.305908 -0.245117
vn -0.984619 0.167236 -0.046143
vn -0.899658 -0.343994 -0.268311
vn -0.892578 -0.204102 -0.401367
vn -0.984619 0.167236 -0.046143
vn -0.899658 -0.343994 -0.268311
vn -0.984619 0.167236 -0.046143
vn -0.978271 -0.086914 -0.187256
vn -0.892578 -0.204102 -0.401367
vn -0.383301 -0.895508 -0.224609
vn -0.788330 -0.138428 -0.599121
vn -0.383301 -0.895508 -0.224609
vn -0.430176 -0.899902 -0.070068
vn -0.296387 -0.645752 0.703369
vn -0.884033 -0.444092 0.144531
vn -0.296387 -0.645752 0.703369
vn -0.430176 -0.899902 -0.070068
vn -0.884033 -0.444092 0.144531
vn -0.430176 -0.899902 -0.070068
vn -0.572998 -0.817139 -0.060303
vn -0.884033 -0.444092 0.144531
vn -0.572998 -0.817139 -0.060303
vn -0.935547 -0.352783 0.003906
vn -0.383301 -0.895508 -0.224609
vn -0.296387 -0.645752 0.703369
vn 0.434082 -0.658203 0.614990
vn -0.983887 0.067627 0.165039
vn -0.984619 0.167236 -0.046143
vn -0.296387 -0.645752 0.703369
vn -0.670166 0.736572 0.090576
vn -0.970459 0.220215 0.096924
vn -0.731445 0.675781 0.089111
vn -0.904297 0.162598 -0.394043
vn -0.731445 0.675781 0.089111
vn -0.970459 0.220215 0.096924
vn -0.904297 0.162598 -0.394043
vn -0.970459 0.220215 0.096924
vn -0.996826 0.052002 -0.058594
vn -0.996826 0.052002 -0.058594
vn -0.970459 0.220215 0.096924
vn -0.935547 -0.352783 0.003906
vn -0.996826 0.052002 -0.058594
vn -0.935547 -0.352783 0.003906
vn -0.904785 -0.423584 -0.041016
vn -0.904785 -0.423584 -0.041016
vn -0.935547 -0.352783 0.003906
vn -0.572998 -0.817139 -0.060303
vn -0.904785 -0.423584 -0.041016
vn -0.572998 -0.817139 -0.060303
vn -0.440186 -0.891602 -0.103516
vn 0.986328 0.116943 -0.115479
vn 0.920898 -0.350098 0.169678
vn 0.669678 0.084717 0.737549
vn 0.986328 0.116943 -0.115479
vn 0.669678 0.084717 0.737549
vn 0.879150 0.106201 0.172607
vn -0.000977 -0.962402 -0.271240
vn -0.048096 -0.950928 -0.304688
vn 0.578857 -0.800049 -0.156250
vn -0.000977 -0.962402 -0.271240
vn -0.690918 -0.697998 0.187744
vn -0.687988 -0.713623 -0.129883
vn 0.400391 -0.869385 -0.288818
vn -0.040527 -0.932129 -0.359375
vn -0.017090 -0.977539 -0.208740
vn 0.400391 -0.869385 -0.288818
vn -0.017090 -0.977539 -0.208740
vn 0.543213 -0.811768 -0.213379
vn -0.031006 -0.946045 -0.321777
vn 0.562988 -0.790527 -0.239746
vn 0.578857 -0.800049 -0.156250
vn 0.400391 -0.869385 -0.288818
vn 0.562988 -0.790527 -0.239746
vn -0.031006 -0.946045 -0.321777
vn 0.600342 -0.061523 0.797119
vn 0.669678 0.084717 0.737549
vn 0.817871 -0.279297 0.502686
vn 0.920898 -0.350098 0.169678
vn 0.578857 -0.800049 -0.156250
vn 0.817871 -0.279297 0.502686
vn 0.920898 -0.350098 0.169678
vn 0.817871 -0.279297 0.502686
vn 0.669678 0.084717 0.737549
vn 0.578857 -0.800049 -0.156250
vn 0.562988 -0.790527 -0.239746
vn 0.885742 -0.447510 -0.122070
vn 0.817871 -0.279297 0.502686
vn 0.578857 -0.800049 -0.156250
vn 0.854492 -0.504883 0.120605
vn 0.600342 -0.061523 0.797119
vn 0.817871 -0.279297 0.502686
vn 0.781250 0.002441 0.624023
vn 0.936279 -0.344971 -0.062988
vn 0.504395 -0.854492 -0.122070
vn 0.574219 -0.817627 0.035156
vn 0.936279 -0.344971 -0.062988
vn 0.574219 -0.817627 0.035156
vn 0.930664 -0.350342 0.103516
vn 0.504395 -0.854492 -0.122070
vn -0.007568 -0.990234 -0.138184
vn -0.020508 -0.998779 -0.042969
vn 0.504395 -0.854492 -0.122070
vn -0.020508 -0.998779 -0.042969
vn 0.574219 -0.817627 0.035156
vn 0.990234 0.098145 0.098877
vn 0.797119 0.406494 0.446045
vn 0.960938 -0.045898 0.272461
vn 0.885742 -0.447510 -0.122070
vn 0.562988 -0.790527 -0.239746
vn 0.806152 -0.546875 -0.225586
vn 0.960938 -0.045898 0.272461
vn 0.797119 0.406494 0.446045
vn 0.781250 0.002441 0.624023
vn 0.989258 -0.044678 -0.137695
vn 0.806152 -0.546875 -0.225586
vn 0.976807 -0.060791 -0.204102
vn 0.584473 0.389404 0.711670
vn 0.494385 0.129883 0.859375
vn 0.781250 0.002441 0.624023
vn 0.781250 0.002441 0.624023
vn 0.494385 0.129883 0.859375
vn 0.600342 -0.061523 0.797119
vn -0.020508 -0.998779 -0.042969
vn -0.007568 -0.990234 -0.138184
vn -0.440186 -0.891602 -0.103516
vn -0.020508 -0.998779 -0.042969
vn -0.440186 -0.891602 -0.103516
vn -0.572998 -0.817139 -0.060303
vn -0.957764 -0.243896 -0.150879
vn -0.946289 0.184814 -0.264160
vn -0.989258 -0.020264 -0.144531
vn -0.989258 -0.020264 -0.144531
vn -0.946289 0.184814 -0.264160
vn -0.847168 0.301514 -0.437012
vn -0.674316 0.146973 -0.723389
vn -0.551514 -0.301514 -0.777588
vn -0.770508 0.232422 -0.593262
vn -0.674316 0.146973 -0.723389
vn -0.770508 0.232422 -0.593262
vn -0.847168 0.301514 -0.437012
vn -0.989258 -0.020264 -0.144531
vn -0.847168 0.301514 -0.437012
vn -0.770508 0.232422 -0.593262
vn -0.809570 -0.531982 -0.247559
vn -0.989258 -0.020264 -0.144531
vn -0.770508 0.232422 -0.593262
vn -0.809570 -0.531982 -0.247559
vn -0.770508 0.232422 -0.593262
vn -0.551514 -0.301514 -0.777588
vn -0.809570 -0.531982 -0.247559
vn -0.551514 -0.301514 -0.777588
vn -0.738525 -0.581787 -0.340332
vn -0.809570 -0.531982 -0.247559
vn -0.738525 -0.581787 -0.340332
vn -0.840820 -0.539551 -0.039795
vn -0.809570 -0.531982 -0.247559
vn -0.840820 -0.539551 -0.039795
vn -0.989258 -0.020264 -0.144531
vn -0.989258 -0.020264 -0.144531
vn -0.840820 -0.539551 -0.039795
vn -0.957764 -0.243896 -0.150879
vn -0.744141 0.017578 -0.667480
vn -0.823242 -0.235840 -0.515869
vn -0.551514 -0.301514 -0.777588
vn -0.744141 0.017578 -0.667480
vn -0.551514 -0.301514 -0.777588
vn -0.674316 0.146973 -0.723389
vn -0.551514 -0.301514 -0.777588
vn -0.823242 -0.235840 -0.515869
vn -0.738525 -0.581787 -0.340332
vn -0.434326 0.892334 0.121094
vn -0.236572 0.965332 0.107666
vn -0.074463 0.996826 -0.018311
vn -0.434326 0.892334 0.121094
vn -0.074463 0.996826 -0.018311
vn -0.904297 0.162598 -0.394043
vn -0.067627 -0.980469 -0.184082
vn -0.430176 -0.899902 -0.070068
vn -0.383301 -0.895508 -0.224609
vn -0.067627 -0.980469 -0.184082
vn -0.383301 -0.895508 -0.224609
vn -0.046387 -0.949219 -0.310303
vn -0.904297 0.162598 -0.394043
vn -0.074463 0.996826 -0.018311
vn -0.731445 0.675781 0.089111
vn 0.295410 -0.914551 -0.275391
vn 0.422363 -0.658936 -0.622070
vn 0.748535 -0.491211 -0.445068
vn 0.748535 -0.491211 -0.445068
vn 0.422363 -0.658936 -0.622070
vn 0.684082 -0.225830 -0.693359
vn 0.684082 -0.225830 -0.693359
vn 0.422363 -0.658936 -0.622070
vn 0.608154 -0.161377 -0.777100
vn -0.046387 -0.949219 -0.310303
vn -0.383301 -0.895508 -0.224609
vn -0.530029 -0.699951 -0.478271
vn -0.046387 -0.949219 -0.310303
vn -0.530029 -0.699951 -0.478271
vn -0.030762 -0.896973 -0.440430
vn 0.900391 -0.200684 -0.385742
vn 0.938477 -0.267090 -0.218506
vn 0.986816 -0.031006 -0.158203
vn 0.900391 -0.200684 -0.385742
vn 0.986816 -0.031006 -0.158203
vn 0.958252 -0.072998 -0.276123
vn 0.942139 0.154297 -0.296875
vn 0.978760 0.186279 -0.084473
vn 0.958252 -0.072998 -0.276123
vn 0.774170 0.199707 -0.600342
vn 0.825439 0.250977 -0.505371
vn 0.983154 0.111572 -0.144043
vn 0.609375 -0.241699 -0.754883
vn 0.774170 0.199707 -0.600342
vn 0.845215 -0.360840 -0.394043
vn 0.609375 -0.241699 -0.754883
vn 0.845215 -0.360840 -0.394043
vn 0.729736 -0.472412 -0.493896
vn 0.983154 0.111572 -0.144043
vn 0.825439 0.250977 -0.505371
vn 0.962158 0.102051 -0.252197
vn 0.845215 -0.360840 -0.394043
vn 0.774170 0.199707 -0.600342
vn 0.983154 0.111572 -0.144043
vn 0.729736 -0.472412 -0.493896
vn 0.845215 -0.360840 -0.394043
vn 0.938477 -0.267090 -0.218506
vn 0.983154 0.111572 -0.144043
vn 0.938477 -0.267090 -0.218506
vn 0.845215 -0.360840 -0.394043
vn 0.962158 0.102051 -0.252197
vn 0.986816 -0.031006 -0.158203
vn 0.983154 0.111572 -0.144043
vn 0.938477 -0.267090 -0.218506
vn 0.983154 0.111572 -0.144043
vn 0.986816 -0.031006 -0.158203
vn 0.614014 -0.279297 -0.738037
vn 0.389893 -0.135742 -0.910645
vn 0.609375 -0.241699 -0.754883
vn 0.614014 -0.279297 -0.738037
vn 0.609375 -0.241699 -0.754883
vn 0.729736 -0.472412 -0.493896
vn 0.774170 0.199707 -0.600342
vn 0.609375 -0.241699 -0.754883
vn 0.566895 0.160400 -0.807617
vn 0.774170 0.199707 -0.600342
vn 0.566895 0.160400 -0.807617
vn 0.825439 0.250977 -0.505371
vn 0.862793 0.461670 -0.205322
vn 0.978760 0.186279 -0.084473
vn 0.942139 0.154297 -0.296875
vn 0.609375 -0.241699 -0.754883
vn 0.389893 -0.135742 -0.910645
vn 0.566895 0.160400 -0.807617
vn -0.074463 0.996826 -0.018311
vn 0.635498 0.770264 -0.049316
vn 0.674561 0.738037 -0.000977
vn 0.614014 -0.279297 -0.738037
vn 0.608154 -0.161377 -0.777100
vn 0.389893 -0.135742 -0.910645
vn 0.635498 0.770264 -0.049316
vn -0.074463 0.996826 -0.018311
vn 0.351562 0.917480 -0.184570
vn 0.351562 0.917480 -0.184570
vn -0.074463 0.996826 -0.018311
vn -0.236572 0.965332 0.107666
vn 0.351562 0.917480 -0.184570
vn -0.236572 0.965332 0.107666
vn -0.705078 0.679932 0.200684
vn -0.122314 0.987549 0.097656
vn 0.215820 0.974365 0.062256
vn 0.348145 0.936768 -0.033447
vn 0.215820 0.974365 0.062256
vn 0.839600 0.480469 -0.252930
vn 0.704590 0.690918 -0.160889
vn 0.421875 0.366455 0.829102
vn 0.494385 0.129883 0.859375
vn 0.584473 0.389404 0.711670
vn 0.410889 0.711426 0.569580
vn 0.584473 0.389404 0.711670
vn 0.797119 0.406494 0.446045
vn 0.819824 0.539307 0.191406
vn 0.990234 0.098145 0.098877
vn 0.989258 -0.044678 -0.137695
vn 0.819824 0.539307 0.191406
vn 0.989258 -0.044678 -0.137695
vn 0.860352 0.509277 -0.010986
vn 0.819824 0.539307 0.191406
vn 0.613281 0.654053 0.442383
vn 0.797119 0.406494 0.446045
vn 0.613281 0.654053 0.442383
vn 0.819824 0.539307 0.191406
vn 0.839600 0.480469 -0.252930
vn 0.819824 0.539307 0.191406
vn 0.797119 0.406494 0.446045
vn 0.990234 0.098145 0.098877
vn 0.797119 0.406494 0.446045
vn 0.613281 0.654053 0.442383
vn 0.410889 0.711426 0.569580
vn 0.823486 -0.491455 -0.282959
vn 0.613281 0.654053 0.442383
vn 0.839600 0.480469 -0.252930
vn 0.823486 -0.491455 -0.282959
vn 0.839600 0.480469 -0.252930
vn 0.517578 -0.576904 -0.631592
vn 0.215820 0.974365 0.062256
vn 0.230713 0.918701 0.319824
vn 0.197510 0.866699 0.457764
vn 0.230713 0.918701 0.319824
vn 0.215820 0.974365 0.062256
vn -0.122314 0.987549 0.097656
vn 0.674561 0.738037 -0.000977
vn 0.635498 0.770264 -0.049316
vn 0.949951 0.311523 0.020508
vn 0.674561 0.738037 -0.000977
vn 0.949951 0.311523 0.020508
vn 0.992432 0.097168 0.073730
vn -0.067627 -0.980469 -0.184082
vn 0.326416 -0.932373 -0.153564
vn 0.574219 -0.817627 0.035156
vn -0.067627 -0.980469 -0.184082
vn 0.574219 -0.817627 0.035156
vn -0.020508 -0.998779 -0.042969
vn -0.020508 -0.998779 -0.042969
vn -0.572998 -0.817139 -0.060303
vn -0.430176 -0.899902 -0.070068
vn -0.020508 -0.998779 -0.042969
vn -0.430176 -0.899902 -0.070068
vn -0.067627 -0.980469 -0.184082
vn 0.880615 -0.300049 -0.366211
vn 0.883057 -0.157471 -0.441650
vn 0.691895 -0.441895 -0.570801
vn -0.584961 -0.411377 0.698730
vn -0.442139 -0.339600 0.829834
vn 0.175049 -0.710205 0.681641
vn 0.880615 -0.300049 -0.366211
vn 0.691895 -0.441895 -0.570801
vn 0.295410 -0.914551 -0.275391
vn -0.584961 -0.411377 0.698730
vn 0.175049 -0.710205 0.681641
vn 0.295410 -0.914551 -0.275391
vn 0.295410 -0.914551 -0.275391
vn 0.175049 -0.710205 0.681641
vn 0.326416 -0.932373 -0.153564
vn -0.806885 0.311279 0.501709
vn 0.175049 -0.710205 0.681641
vn -0.681396 0.019287 0.731445
vn -0.681396 0.019287 0.731445
vn 0.175049 -0.710205 0.681641
vn -0.442139 -0.339600 0.829834
vn 0.883057 -0.157471 -0.441650
vn 0.880615 -0.300049 -0.366211
vn 0.940186 0.035156 -0.338623
vn 0.940186 0.035156 -0.338623
vn 0.880615 -0.300049 -0.366211
vn 0.978760 0.186279 -0.084473
vn 0.930664 -0.350342 0.103516
vn 0.574219 -0.817627 0.035156
vn 0.326416 -0.932373 -0.153564
vn 0.930664 -0.350342 0.103516
vn 0.326416 -0.932373 -0.153564
vn 0.175049 -0.710205 0.681641
vn 0.992432 0.097168 0.073730
vn 0.949951 0.311523 0.020508
vn 0.930664 -0.350342 0.103516
vn 0.992432 0.097168 0.073730
vn 0.930664 -0.350342 0.103516
vn 0.175049 -0.710205 0.681641
vn 0.949951 0.311523 0.020508
vn 0.635498 0.770264 -0.049316
vn 0.351562 0.917480 -0.184570
vn 0.949951 0.311523 0.020508
vn 0.351562 0.917480 -0.184570
vn 0.855469 0.479736 -0.194580
vn 0.930664 -0.350342 0.103516
vn 0.949951 0.311523 0.020508
vn 0.997559 0.068604 0.011963
vn 0.245117 0.148193 0.958008
vn 0.669678 0.084717 0.737549
vn 0.600342 -0.061523 0.797119
vn 0.245117 0.148193 0.958008
vn 0.600342 -0.061523 0.797119
vn 0.251953 -0.051758 0.966309
vn 0.251953 -0.051758 0.966309
vn 0.600342 -0.061523 0.797119
vn 0.494385 0.129883 0.859375
vn 0.251953 -0.051758 0.966309
vn 0.494385 0.129883 0.859375
vn 0.373047 -0.115967 0.920410
vn -0.952881 0.292969 -0.076660
vn -0.984131 0.159912 -0.076416
vn -0.747559 0.663574 -0.019287
vn 0.400391 -0.869385 -0.288818
vn 0.806152 -0.546875 -0.225586
vn 0.562988 -0.790527 -0.239746
vn -0.626709 -0.728271 -0.276367
vn -0.040527 -0.932129 -0.359375
vn -0.031006 -0.946045 -0.321777
vn 0.600098 -0.421387 0.679688
vn -0.385986 -0.532959 0.752686
vn 0.373047 -0.115967 0.920410
vn 0.251953 -0.051758 0.966309
vn -0.412354 -0.253174 0.874756
vn -0.414062 -0.262451 0.871338
vn 0.251953 -0.051758 0.966309
vn -0.414062 -0.262451 0.871338
vn 0.245117 0.148193 0.958008
vn 0.373047 -0.115967 0.920410
vn -0.385986 -0.532959 0.752686
vn -0.412354 -0.253174 0.874756
vn 0.373047 -0.115967 0.920410
vn -0.412354 -0.253174 0.874756
vn 0.251953 -0.051758 0.966309
vn 0.421875 0.366455 0.829102
vn 0.436279 0.501221 0.746826
vn 0.683594 0.429199 0.590088
vn 0.421875 0.366455 0.829102
vn 0.683594 0.429199 0.590088
vn 0.660889 0.319336 0.678955
vn 0.660889 0.319336 0.678955
vn 0.373047 -0.115967 0.920410
vn 0.494385 0.129883 0.859375
vn 0.660889 0.319336 0.678955
vn 0.494385 0.129883 0.859375
vn 0.421875 0.366455 0.829102
vn 0.660889 0.319336 0.678955
vn 0.683594 0.429199 0.590088
vn 0.663330 0.683350 0.304199
vn 0.660889 0.319336 0.678955
vn 0.663330 0.683350 0.304199
vn 0.600098 -0.421387 0.679688
vn 0.781250 0.002441 0.624023
vn 0.797119 0.406494 0.446045
vn 0.584473 0.389404 0.711670
vn 0.584473 0.389404 0.711670
vn 0.410889 0.711426 0.569580
vn 0.436279 0.501221 0.746826
vn -0.936279 -0.333984 -0.106445
vn -0.626709 -0.728271 -0.276367
vn -0.646484 -0.730957 -0.217773
vn -0.646484 -0.730957 -0.217773
vn -0.687988 -0.713623 -0.129883
vn -0.936279 -0.333984 -0.106445
vn 0.854492 -0.504883 0.120605
vn 0.960938 -0.045898 0.272461
vn 0.781250 0.002441 0.624023
vn 0.854492 -0.504883 0.120605
vn 0.781250 0.002441 0.624023
vn 0.817871 -0.279297 0.502686
vn 0.885742 -0.447510 -0.122070
vn 0.990234 0.098145 0.098877
vn 0.960938 -0.045898 0.272461
vn 0.885742 -0.447510 -0.122070
vn 0.806152 -0.546875 -0.225586
vn 0.989258 -0.044678 -0.137695
vn 0.436279 0.501221 0.746826
vn 0.410889 0.711426 0.569580
vn 0.578857 0.679932 0.449707
vn 0.436279 0.501221 0.746826
vn 0.578857 0.679932 0.449707
vn 0.683594 0.429199 0.590088
vn 0.960938 -0.045898 0.272461
vn 0.854492 -0.504883 0.120605
vn 0.885742 -0.447510 -0.122070
vn 0.885742 -0.447510 -0.122070
vn 0.854492 -0.504883 0.120605
vn 0.578857 -0.800049 -0.156250
vn 0.578857 -0.800049 -0.156250
vn 0.920898 -0.350098 0.169678
vn -0.000977 -0.962402 -0.271240
vn -0.687988 -0.713623 -0.129883
vn -0.048096 -0.950928 -0.304688
vn -0.000977 -0.962402 -0.271240
vn -0.031006 -0.946045 -0.321777
vn -0.040527 -0.932129 -0.359375
vn 0.400391 -0.869385 -0.288818
vn -0.031006 -0.946045 -0.321777
vn -0.646484 -0.730957 -0.217773
vn -0.626709 -0.728271 -0.276367
vn -0.031006 -0.946045 -0.321777
vn -0.048096 -0.950928 -0.304688
vn -0.687988 -0.713623 -0.129883
vn 0.578857 -0.800049 -0.156250
vn -0.048096 -0.950928 -0.304688
vn -0.031006 -0.946045 -0.321777
vn -0.582764 0.811279 0.045166
vn -0.727051 0.685791 0.028564
vn -0.799805 -0.516357 0.305664
vn -0.582764 0.811279 0.045166
vn -0.799805 -0.516357 0.305664
vn -0.855469 0.472900 -0.209717
vn -0.047363 -0.996582 0.066162
vn -0.799805 -0.516357 0.305664
vn 0.600098 -0.421387 0.679688
vn -0.047363 -0.996582 0.066162
vn 0.600098 -0.421387 0.679688
vn -0.047363 -0.996582 0.066162
vn 0.230713 0.918701 0.319824
vn -0.602295 0.793945 0.081299
vn -0.727051 0.685791 0.028564
vn 0.230713 0.918701 0.319824
vn -0.727051 0.685791 0.028564
vn 0.663330 0.683350 0.304199
vn 0.400146 0.823730 0.401123
vn 0.663330 0.683350 0.304199
vn -0.727051 0.685791 0.028564
vn 0.400146 0.823730 0.401123
vn -0.727051 0.685791 0.028564
vn -0.582764 0.811279 0.045166
vn -0.855469 0.472900 -0.209717
vn -0.601318 0.747803 0.280762
vn -0.582764 0.811279 0.045166
vn -0.047363 -0.996582 0.066162
vn -0.049561 -0.997559 0.045166
vn -0.049561 -0.997559 0.045166
vn -0.047363 -0.996582 0.066162
vn -0.049561 -0.997559 0.045166
vn -0.047363 -0.996582 0.066162
vn 0.814209 0.439941 0.378174
vn 0.600098 -0.421387 0.679688
vn 0.663330 0.683350 0.304199
vn 0.814209 0.439941 0.378174
vn 0.663330 0.683350 0.304199
vn 0.400146 0.823730 0.401123
vn 0.373047 -0.115967 0.920410
vn 0.660889 0.319336 0.678955
vn 0.600098 -0.421387 0.679688
vn 0.578857 0.679932 0.449707
vn 0.230713 0.918701 0.319824
vn 0.663330 0.683350 0.304199
vn 0.663330 0.683350 0.304199
vn 0.683594 0.429199 0.590088
vn 0.578857 0.679932 0.449707
vn 0.085205 0.771729 0.630127
vn 0.105713 0.824951 0.554932
vn -0.380615 0.774658 -0.504883
vn 0.085205 0.771729 0.630127
vn -0.380615 0.774658 -0.504883
vn -0.689697 0.661621 0.293457
vn 0.197510 0.866699 0.457764
vn 0.578857 0.679932 0.449707
vn 0.410889 0.711426 0.569580
vn -0.689697 0.661621 0.293457
vn -0.380615 0.774658 -0.504883
vn -0.641846 -0.284424 -0.711914
vn 0.517578 -0.576904 -0.631592
vn 0.839600 0.480469 -0.252930
vn -0.686523 -0.573242 -0.447021
vn 0.517578 -0.576904 -0.631592
vn -0.686523 -0.573242 -0.447021
vn -0.641846 -0.284424 -0.711914
vn 0.517578 -0.576904 -0.631592
vn 0.678223 -0.173096 -0.713867
vn 0.823486 -0.491455 -0.282959
vn -0.641846 -0.284424 -0.711914
vn -0.380615 0.774658 -0.504883
vn 0.678223 -0.173096 -0.713867
vn -0.641846 -0.284424 -0.711914
vn 0.678223 -0.173096 -0.713867
vn 0.517578 -0.576904 -0.631592
vn -0.689697 0.661621 0.293457
vn 0.197510 0.866699 0.457764
vn 0.613281 0.654053 0.442383
vn -0.689697 0.661621 0.293457
vn 0.613281 0.654053 0.442383
vn 0.085205 0.771729 0.630127
vn -0.641846 -0.284424 -0.711914
vn -0.686523 -0.573242 -0.447021
vn -0.949463 -0.181641 -0.255615
vn -0.641846 -0.284424 -0.711914
vn -0.949463 -0.181641 -0.255615
vn -0.689697 0.661621 0.293457
vn 0.989258 -0.044678 -0.137695
vn 0.990234 0.098145 0.098877
vn 0.885742 -0.447510 -0.122070
vn 0.410889 0.711426 0.569580
vn 0.613281 0.654053 0.442383
vn 0.197510 0.866699 0.457764
vn 0.855469 0.479736 -0.194580
vn 0.351562 0.917480 -0.184570
vn 0.900146 0.418213 -0.119629
vn 0.704590 0.690918 -0.160889
vn 0.839600 0.480469 -0.252930
vn 0.860352 0.509277 -0.010986
vn 0.348145 0.936768 -0.033447
vn 0.215820 0.974365 0.062256
vn 0.704590 0.690918 -0.160889
vn -0.122314 0.987549 0.097656
vn -0.747559 0.663574 -0.019287
vn -0.602295 0.793945 0.081299
vn 0.860352 0.509277 -0.010986
vn 0.839600 0.480469 -0.252930
vn 0.819824 0.539307 0.191406
vn 0.860352 0.509277 -0.010986
vn 0.989258 -0.044678 -0.137695
vn 0.976807 -0.060791 -0.204102
vn 0.860352 0.509277 -0.010986
vn 0.976807 -0.060791 -0.204102
vn 0.704590 0.690918 -0.160889
vn -0.326416 -0.520264 -0.788818
vn -0.061279 0.720703 -0.690186
vn 0.823730 -0.140137 -0.548828
vn 0.474121 0.879639 -0.036133
vn 0.348145 0.936768 -0.033447
vn 0.704590 0.690918 -0.160889
vn 0.474121 0.879639 -0.036133
vn 0.704590 0.690918 -0.160889
vn 0.895508 0.410889 -0.169922
vn 0.895508 0.410889 -0.169922
vn 0.704590 0.690918 -0.160889
vn 0.976807 -0.060791 -0.204102
vn 0.943115 -0.279053 -0.180176
vn 0.976807 -0.060791 -0.204102
vn 0.806152 -0.546875 -0.225586
vn 0.943115 -0.279053 -0.180176
vn 0.806152 -0.546875 -0.225586
vn 0.543213 -0.811768 -0.213379
vn 0.531982 -0.827393 -0.179199
vn 0.504395 -0.854492 -0.122070
vn 0.936279 -0.344971 -0.062988
vn 0.531982 -0.827393 -0.179199
vn 0.936279 -0.344971 -0.062988
vn 0.937012 -0.337646 -0.087646
vn 0.959717 0.264160 -0.093506
vn 0.895508 0.410889 -0.169922
vn 0.943115 -0.279053 -0.180176
vn 0.474121 0.879639 -0.036133
vn 0.895508 0.410889 -0.169922
vn 0.959717 0.264160 -0.093506
vn -0.647705 0.761475 0.017822
vn -0.723633 0.689941 -0.010742
vn 0.474121 0.879639 -0.036133
vn -0.647705 0.761475 0.017822
vn 0.474121 0.879639 -0.036133
vn 0.535156 0.844238 0.020264
vn -0.374268 -0.733154 0.567383
vn -0.130371 -0.406738 0.904053
vn -0.705078 0.679932 0.200684
vn -0.643799 0.759521 0.090576
vn -0.540283 0.711182 0.449219
vn 0.635742 0.640869 0.429932
vn -0.643799 0.759521 0.090576
vn 0.635742 0.640869 0.429932
vn 0.728271 0.678711 0.092773
vn -0.952881 0.300049 -0.038574
vn -0.952881 0.292969 -0.076660
vn -0.723633 0.689941 -0.010742
vn 0.957031 -0.012695 0.288818
vn -0.130371 -0.406738 0.904053
vn -0.374268 -0.733154 0.567383
vn 0.937012 -0.337646 -0.087646
vn 0.936279 -0.344971 -0.062988
vn 0.990479 0.135254 0.018799
vn 0.937012 -0.337646 -0.087646
vn 0.990479 0.135254 0.018799
vn 0.982910 0.182861 -0.001465
vn -0.515137 -0.843262 -0.151611
vn -0.440186 -0.891602 -0.103516
vn -0.007568 -0.990234 -0.138184
vn -0.515137 -0.843262 -0.151611
vn -0.007568 -0.990234 -0.138184
vn -0.012207 -0.979004 -0.202881
vn -0.012207 -0.979004 -0.202881
vn -0.007568 -0.990234 -0.138184
vn 0.504395 -0.854492 -0.122070
vn -0.012207 -0.979004 -0.202881
vn 0.504395 -0.854492 -0.122070
vn 0.531982 -0.827393 -0.179199
vn -0.939209 -0.331787 -0.085938
vn -0.904785 -0.423584 -0.041016
vn -0.440186 -0.891602 -0.103516
vn -0.939209 -0.331787 -0.085938
vn -0.440186 -0.891602 -0.103516
vn -0.515137 -0.843262 -0.151611
vn -0.981201 0.179199 0.068848
vn -0.996826 0.052002 -0.058594
vn -0.904785 -0.423584 -0.041016
vn -0.981201 0.179199 0.068848
vn -0.904785 -0.423584 -0.041016
vn -0.939209 -0.331787 -0.085938
vn -0.952637 -0.282227 -0.112549
vn -0.954346 -0.263916 -0.139160
vn -0.952881 0.300049 -0.038574
vn -0.952637 -0.282227 -0.112549
vn -0.952881 0.300049 -0.038574
vn -0.940918 0.336670 -0.030273
vn -0.565186 -0.806152 -0.174316
vn -0.558838 -0.797363 -0.227295
vn -0.954346 -0.263916 -0.139160
vn -0.565186 -0.806152 -0.174316
vn -0.954346 -0.263916 -0.139160
vn -0.952637 -0.282227 -0.112549
vn -0.024658 -0.982178 -0.185059
vn -0.017090 -0.977539 -0.208740
vn -0.558838 -0.797363 -0.227295
vn -0.024658 -0.982178 -0.185059
vn -0.558838 -0.797363 -0.227295
vn -0.565186 -0.806152 -0.174316
vn -0.019043 -0.980713 -0.193115
vn -0.024658 -0.982178 -0.185059
vn -0.565186 -0.806152 -0.174316
vn -0.019043 -0.980713 -0.193115
vn -0.565186 -0.806152 -0.174316
vn -0.543213 -0.822510 -0.164307
vn -0.543213 -0.822510 -0.164307
vn -0.565186 -0.806152 -0.174316
vn -0.952637 -0.282227 -0.112549
vn -0.939209 -0.331787 -0.085938
vn -0.952637 -0.282227 -0.112549
vn -0.940918 0.336670 -0.030273
vn -0.939209 -0.331787 -0.085938
vn -0.940918 0.336670 -0.030273
vn -0.981201 0.179199 0.068848
vn -0.981201 0.179199 0.068848
vn -0.940918 0.336670 -0.030273
vn -0.647705 0.761475 0.017822
vn -0.981201 0.179199 0.068848
vn -0.647705 0.761475 0.017822
vn -0.471191 0.796875 0.377686
vn 0.535156 0.844238 0.020264
vn 0.495361 0.864014 0.088867
vn -0.471191 0.796875 0.377686
vn 0.535156 0.844238 0.020264
vn -0.471191 0.796875 0.377686
vn -0.647705 0.761475 0.017822
vn 0.550781 -0.816406 -0.172607
vn 0.543213 -0.811768 -0.213379
vn -0.017090 -0.977539 -0.208740
vn 0.550781 -0.816406 -0.172607
vn -0.017090 -0.977539 -0.208740
vn -0.024658 -0.982178 -0.185059
vn 0.938965 -0.328125 -0.101318
vn 0.943115 -0.279053 -0.180176
vn 0.543213 -0.811768 -0.213379
vn 0.938965 -0.328125 -0.101318
vn 0.543213 -0.811768 -0.213379
vn 0.550781 -0.816406 -0.172607
vn -0.014648 -0.979736 -0.199219
vn -0.012207 -0.979004 -0.202881
vn 0.531982 -0.827393 -0.179199
vn -0.014648 -0.979736 -0.199219
vn 0.531982 -0.827393 -0.179199
vn 0.535400 -0.825439 -0.177979
vn 0.535400 -0.825439 -0.177979
vn 0.531982 -0.827393 -0.179199
vn 0.937012 -0.337646 -0.087646
vn 0.976318 0.214355 -0.024658
vn 0.959717 0.264160 -0.093506
vn 0.943115 -0.279053 -0.180176
vn 0.976318 0.214355 -0.024658
vn 0.943115 -0.279053 -0.180176
vn 0.938965 -0.328125 -0.101318
vn 0.938965 -0.328125 -0.101318
vn 0.937012 -0.337646 -0.087646
vn 0.982910 0.182861 -0.001465
vn 0.938965 -0.328125 -0.101318
vn 0.982910 0.182861 -0.001465
vn 0.976318 0.214355 -0.024658
vn 0.976318 0.214355 -0.024658
vn 0.982910 0.182861 -0.001465
vn 0.495361 0.864014 0.088867
vn 0.976318 0.214355 -0.024658
vn 0.495361 0.864014 0.088867
vn 0.535156 0.844238 0.020264
vn -0.963623 -0.172852 -0.202637
vn -0.940430 0.260010 0.218018
vn -0.986328 0.090088 -0.136475
vn -0.963623 -0.172852 -0.202637
vn -0.986328 0.090088 -0.136475
vn -0.727295 -0.505371 -0.463867
vn -0.130371 -0.406738 0.904053
vn 0.770996 0.607666 0.189209
vn -0.432861 0.862793 0.260742
vn 0.957031 -0.012695 0.288818
vn 0.990479 0.135254 0.018799
vn 0.997559 0.068604 0.011963
vn -0.705078 0.679932 0.200684
vn -0.236572 0.965332 0.107666
vn -0.434326 0.892334 0.121094
vn -0.963623 -0.172852 -0.202637
vn -0.996826 0.052002 -0.058594
vn -0.981201 0.179199 0.068848
vn 0.495361 0.864014 0.088867
vn 0.982910 0.182861 -0.001465
vn 0.990479 0.135254 0.018799
vn 0.495361 0.864014 0.088867
vn 0.990479 0.135254 0.018799
vn 0.957031 -0.012695 0.288818
vn -0.471191 0.796875 0.377686
vn 0.948730 -0.311768 -0.045898
vn 0.635742 0.640869 0.429932
vn 0.416504 0.901855 0.112793
vn 0.495361 0.864014 0.088867
vn 0.957031 -0.012695 0.288818
vn -0.705078 0.679932 0.200684
vn 0.495361 0.864014 0.088867
vn 0.416504 0.901855 0.112793
vn -0.471191 0.796875 0.377686
vn -0.540283 0.711182 0.449219
vn -0.940430 0.260010 0.218018
vn -0.643799 0.759521 0.090576
vn -0.061279 0.720703 -0.690186
vn -0.916992 0.143555 -0.371826
vn -0.981201 0.179199 0.068848
vn -0.471191 0.796875 0.377686
vn -0.940430 0.260010 0.218018
vn 0.823730 -0.140137 -0.548828
vn -0.061279 0.720703 -0.690186
vn 0.728271 0.678711 0.092773
vn 0.635742 0.640869 0.429932
vn -0.540283 0.711182 0.449219
vn -0.471191 0.796875 0.377686
vn -0.705078 0.679932 0.200684
vn -0.432861 0.862793 0.260742
vn -0.287598 0.905029 -0.312744
vn 0.900146 0.418213 -0.119629
vn 0.351562 0.917480 -0.184570
vn -0.287598 0.905029 -0.312744
vn -0.432861 0.862793 0.260742
vn -0.705078 0.679932 0.200684
vn -0.130371 -0.406738 0.904053
vn -0.916992 0.143555 -0.371826
vn -0.061279 0.720703 -0.690186
vn -0.326416 -0.520264 -0.788818
vn 0.821289 -0.451416 -0.348145
vn 0.948730 -0.311768 -0.045898
vn -0.904297 0.162598 -0.394043
vn 0.728271 0.678711 0.092773
vn 0.635742 0.640869 0.429932
vn 0.948730 -0.311768 -0.045898
vn 0.728271 0.678711 0.092773
vn 0.948730 -0.311768 -0.045898
vn 0.821289 -0.451416 -0.348145
vn 0.728271 0.678711 0.092773
vn -0.061279 0.720703 -0.690186
vn -0.643799 0.759521 0.090576
vn -0.986328 0.090088 -0.136475
vn -0.940430 0.260010 0.218018
vn -0.540283 0.711182 0.449219
vn -0.986328 0.090088 -0.136475
vn -0.540283 0.711182 0.449219
vn -0.643799 0.759521 0.090576
vn -0.996826 0.052002 -0.058594
vn -0.963623 -0.172852 -0.202637
vn -0.904297 0.162598 -0.394043
vn -0.916992 0.143555 -0.371826
vn -0.986328 0.090088 -0.136475
vn -0.643799 0.759521 0.090576
vn -0.326416 -0.520264 -0.788818
vn -0.904297 0.162598 -0.394043
vn -0.727295 -0.505371 -0.463867
vn 0.823730 -0.140137 -0.548828
vn 0.821289 -0.451416 -0.348145
vn -0.904297 0.162598 -0.394043
vn 0.823730 -0.140137 -0.548828
vn -0.904297 0.162598 -0.394043
vn -0.326416 -0.520264 -0.788818
vn 0.728271 0.678711 0.092773
vn 0.821289 -0.451416 -0.348145
vn 0.823730 -0.140137 -0.548828
vn -0.727295 -0.505371 -0.463867
vn -0.986328 0.090088 -0.136475
vn -0.916992 0.143555 -0.371826
vn -0.727295 -0.505371 -0.463867
vn -0.916992 0.143555 -0.371826
vn -0.326416 -0.520264 -0.788818
vn -0.727295 -0.505371 -0.463867
vn -0.904297 0.162598 -0.394043
vn -0.963623 -0.172852 -0.202637
vn -0.940430 0.260010 0.218018
vn -0.963623 -0.172852 -0.202637
vn -0.981201 0.179199 0.068848
vn -0.287598 0.905029 -0.312744
vn -0.432861 0.862793 0.260742
vn 0.770996 0.607666 0.189209
vn -0.287598 0.905029 -0.312744
vn 0.770996 0.607666 0.189209
vn 0.900146 0.418213 -0.119629
vn -0.287598 0.905029 -0.312744
vn 0.351562 0.917480 -0.184570
vn -0.705078 0.679932 0.200684
vn 0.900146 0.418213 -0.119629
vn 0.770996 0.607666 0.189209
vn -0.130371 -0.406738 0.904053
vn 0.900146 0.418213 -0.119629
vn -0.130371 -0.406738 0.904053
vn 0.957031 -0.012695 0.288818
vn 0.900146 0.418213 -0.119629
vn 0.957031 -0.012695 0.288818
vn 0.997559 0.068604 0.011963
vn 0.900146 0.418213 -0.119629
vn 0.997559 0.068604 0.011963
vn 0.855469 0.479736 -0.194580
vn 0.855469 0.479736 -0.194580
vn 0.997559 0.068604 0.011963
vn 0.949951 0.311523 0.020508
vn 0.010498 0.996826 -0.077148
vn -0.670166 0.736572 0.090576
vn -0.731445 0.675781 0.089111
vn 0.010498 0.996826 -0.077148
vn -0.731445 0.675781 0.089111
vn -0.074463 0.996826 -0.018311
vn 0.010498 0.996826 -0.077148
vn -0.074463 0.996826 -0.018311
vn 0.674561 0.738037 -0.000977
vn -0.148682 -0.853516 -0.499023
vn -0.003662 -0.902588 -0.430176
vn 0.129150 -0.840088 -0.526367
vn -0.030762 -0.896973 -0.440430
vn -0.530029 -0.699951 -0.478271
vn -0.148682 -0.853516 -0.499023
vn -0.148682 -0.853516 -0.499023
vn 0.129150 -0.840088 -0.526367
vn -0.030762 -0.896973 -0.440430
vn 0.636475 -0.497070 -0.589355
vn 0.589844 -0.634277 -0.499512
vn 0.894775 -0.050293 -0.443604
vn 0.894775 -0.050293 -0.443604
vn 0.589844 -0.634277 -0.499512
vn 0.781738 -0.036133 -0.622070
vn 0.685547 0.132080 -0.715576
vn 0.608154 -0.161377 -0.777100
vn 0.894775 -0.050293 -0.443604
vn 0.636475 -0.497070 -0.589355
vn 0.894775 -0.050293 -0.443604
vn 0.608154 -0.161377 -0.777100
vn 0.129150 -0.840088 -0.526367
vn -0.003662 -0.902588 -0.430176
vn 0.589844 -0.634277 -0.499512
vn 0.608154 -0.161377 -0.777100
vn 0.614014 -0.279297 -0.738037
vn 0.684082 -0.225830 -0.693359
vn 0.684082 -0.225830 -0.693359
vn 0.614014 -0.279297 -0.738037
vn 0.729736 -0.472412 -0.493896
vn 0.684082 -0.225830 -0.693359
vn 0.729736 -0.472412 -0.493896
vn 0.748535 -0.491211 -0.445068
vn 0.900391 -0.200684 -0.385742
vn 0.880615 -0.300049 -0.366211
vn 0.748535 -0.491211 -0.445068
vn 0.748535 -0.491211 -0.445068
vn 0.880615 -0.300049 -0.366211
vn 0.295410 -0.914551 -0.275391
vn 0.748535 -0.491211 -0.445068
vn 0.729736 -0.472412 -0.493896
vn 0.938477 -0.267090 -0.218506
vn 0.748535 -0.491211 -0.445068
vn 0.938477 -0.267090 -0.218506
vn 0.900391 -0.200684 -0.385742
vn 0.958252 -0.072998 -0.276123
vn 0.880615 -0.300049 -0.366211
vn 0.900391 -0.200684 -0.385742
vn 0.978760 0.186279 -0.084473
vn 0.880615 -0.300049 -0.366211
vn 0.958252 -0.072998 -0.276123
vn 0.958252 -0.072998 -0.276123
vn 0.986816 -0.031006 -0.158203
vn 0.962158 0.102051 -0.252197
vn 0.958252 -0.072998 -0.276123
vn 0.962158 0.102051 -0.252197
vn 0.942139 0.154297 -0.296875
vn 0.894775 -0.050293 -0.443604
vn 0.568848 0.774658 -0.275879
vn 0.649414 0.672363 -0.354492
vn 0.649414 0.672363 -0.354492
vn 0.685547 0.132080 -0.715576
vn 0.894775 -0.050293 -0.443604
vn 0.814209 0.256104 -0.520752
vn 0.685547 0.132080 -0.715576
vn 0.649414 0.672363 -0.354492
vn 0.814209 0.256104 -0.520752
vn 0.862793 0.461670 -0.205322
vn 0.942139 0.154297 -0.296875
vn 0.566895 0.160400 -0.807617
vn 0.389893 -0.135742 -0.910645
vn 0.608154 -0.161377 -0.777100
vn 0.566895 0.160400 -0.807617
vn 0.608154 -0.161377 -0.777100
vn 0.685547 0.132080 -0.715576
vn 0.814209 0.256104 -0.520752
vn 0.942139 0.154297 -0.296875
vn 0.962158 0.102051 -0.252197
vn 0.814209 0.256104 -0.520752
vn 0.962158 0.102051 -0.252197
vn 0.825439 0.250977 -0.505371
vn 0.685547 0.132080 -0.715576
vn 0.814209 0.256104 -0.520752
vn 0.825439 0.250977 -0.505371
vn 0.685547 0.132080 -0.715576
vn 0.825439 0.250977 -0.505371
vn 0.566895 0.160400 -0.807617
vn 0.568848 0.774658 -0.275879
vn 0.494629 0.666748 -0.557373
vn -0.003418 0.940430 -0.339355
vn 0.992432 0.097168 0.073730
vn 0.978760 0.186279 -0.084473
vn 0.674561 0.738037 -0.000977
vn 0.175049 -0.710205 0.681641
vn 0.978760 0.186279 -0.084473
vn 0.992432 0.097168 0.073730
vn -0.030762 -0.896973 -0.440430
vn 0.422363 -0.658936 -0.622070
vn 0.295410 -0.914551 -0.275391
vn -0.030762 -0.896973 -0.440430
vn 0.295410 -0.914551 -0.275391
vn -0.046387 -0.949219 -0.310303
vn -0.046387 -0.949219 -0.310303
vn 0.295410 -0.914551 -0.275391
vn 0.326416 -0.932373 -0.153564
vn -0.046387 -0.949219 -0.310303
vn 0.326416 -0.932373 -0.153564
vn -0.067627 -0.980469 -0.184082
vn -0.983887 0.067627 0.165039
vn -0.970459 0.220215 0.096924
vn -0.670166 0.736572 0.090576
vn -0.296387 -0.645752 0.703369
vn -0.884033 -0.444092 0.144531
vn -0.935547 -0.352783 0.003906
vn -0.296387 -0.645752 0.703369
vn -0.935547 -0.352783 0.003906
vn -0.970459 0.220215 0.096924
vn -0.296387 -0.645752 0.703369
vn -0.970459 0.220215 0.096924
vn -0.983887 0.067627 0.165039
vn -0.978271 -0.086914 -0.187256
vn -0.957764 -0.243896 -0.150879
vn -0.840820 -0.539551 -0.039795
vn -0.978271 -0.086914 -0.187256
vn -0.840820 -0.539551 -0.039795
vn -0.899658 -0.343994 -0.268311
vn -0.951172 0.178223 -0.251221
vn -0.946289 0.184814 -0.264160
vn -0.957764 -0.243896 -0.150879
vn -0.951172 0.178223 -0.251221
vn -0.957764 -0.243896 -0.150879
vn -0.978271 -0.086914 -0.187256
vn -0.951172 0.178223 -0.251221
vn -0.919678 0.305908 -0.245117
vn -0.911865 0.085938 -0.400635
vn -0.911865 0.085938 -0.400635
vn -0.847168 0.301514 -0.437012
vn -0.946289 0.184814 -0.264160
vn -0.911865 0.085938 -0.400635
vn -0.946289 0.184814 -0.264160
vn -0.951172 0.178223 -0.251221
vn -0.984619 0.167236 -0.046143
vn -0.983887 0.067627 0.165039
vn -0.670166 0.736572 0.090576
vn -0.984619 0.167236 -0.046143
vn -0.670166 0.736572 0.090576
vn -0.698730 0.712402 -0.060547
vn 0.649414 0.672363 -0.354492
vn 0.022217 0.984863 -0.171143
vn 0.007568 0.993408 -0.112549
vn 0.022217 0.984863 -0.171143
vn -0.556152 0.699463 -0.448486
vn -0.593994 0.729980 -0.337402
vn -0.892578 -0.204102 -0.401367
vn -0.899658 -0.343994 -0.268311
vn -0.885010 -0.340088 -0.317139
vn -0.885010 -0.340088 -0.317139
vn -0.530029 -0.699951 -0.478271
vn -0.383301 -0.895508 -0.224609
vn -0.885010 -0.340088 -0.317139
vn -0.383301 -0.895508 -0.224609
vn -0.892578 -0.204102 -0.401367
vn -0.885010 -0.340088 -0.317139
vn -0.899658 -0.343994 -0.268311
vn -0.840820 -0.539551 -0.039795
vn -0.885010 -0.340088 -0.317139
vn -0.840820 -0.539551 -0.039795
vn -0.738525 -0.581787 -0.340332
vn -0.885010 -0.340088 -0.317139
vn -0.738525 -0.581787 -0.340332
vn -0.823242 -0.235840 -0.515869
vn -0.885010 -0.340088 -0.317139
vn -0.823242 -0.235840 -0.515869
vn -0.896240 -0.152100 -0.416260
vn -0.517822 -0.676025 -0.523926
vn -0.003662 -0.902588 -0.430176
vn -0.148682 -0.853516 -0.499023
vn -0.847168 0.301514 -0.437012
vn -0.911865 0.085938 -0.400635
vn -0.880615 0.125000 -0.456787
vn -0.556152 0.699463 -0.448486
vn -0.810303 0.050537 -0.583496
vn -0.839355 0.072754 -0.538574
vn -0.839355 0.072754 -0.538574
vn -0.810303 0.050537 -0.583496
vn -0.656006 -0.376221 -0.654053
vn -0.656006 -0.376221 -0.654053
vn -0.918945 -0.020264 -0.393799
vn -0.839355 0.072754 -0.538574
vn -0.918945 -0.020264 -0.393799
vn -0.656006 -0.376221 -0.654053
vn -0.896240 -0.152100 -0.416260
vn -0.918945 -0.020264 -0.393799
vn -0.896240 -0.152100 -0.416260
vn -0.823242 -0.235840 -0.515869
vn -0.918945 -0.020264 -0.393799
vn -0.823242 -0.235840 -0.515869
vn -0.744141 0.017578 -0.667480
vn -0.674316 0.146973 -0.723389
vn -0.847168 0.301514 -0.437012
vn -0.880615 0.125000 -0.456787
vn -0.674316 0.146973 -0.723389
vn -0.880615 0.125000 -0.456787
vn -0.867676 0.113525 -0.483398
vn -0.919678 0.305908 -0.245117
vn -0.698730 0.712402 -0.060547
vn -0.593994 0.729980 -0.337402
vn -0.593994 0.729980 -0.337402
vn -0.556152 0.699463 -0.448486
vn -0.839355 0.072754 -0.538574
vn -0.593994 0.729980 -0.337402
vn -0.839355 0.072754 -0.538574
vn -0.867676 0.113525 -0.483398
vn -0.593994 0.729980 -0.337402
vn -0.867676 0.113525 -0.483398
vn -0.880615 0.125000 -0.456787
vn -0.593994 0.729980 -0.337402
vn -0.880615 0.125000 -0.456787
vn -0.919678 0.305908 -0.245117
vn 0.007568 0.993408 -0.112549
vn 0.022217 0.984863 -0.171143
vn -0.593994 0.729980 -0.337402
vn -0.698730 0.712402 -0.060547
vn -0.670166 0.736572 0.090576
vn 0.010498 0.996826 -0.077148
vn -0.698730 0.712402 -0.060547
vn 0.010498 0.996826 -0.077148
vn 0.007568 0.993408 -0.112549
vn -0.593994 0.729980 -0.337402
vn -0.698730 0.712402 -0.060547
vn 0.007568 0.993408 -0.112549
vn 0.007568 0.993408 -0.112549
vn 0.010498 0.996826 -0.077148
vn 0.674561 0.738037 -0.000977
vn 0.007568 0.993408 -0.112549
vn 0.674561 0.738037 -0.000977
vn 0.697266 0.709229 -0.102539
vn 0.697266 0.709229 -0.102539
vn 0.674561 0.738037 -0.000977
vn 0.978760 0.186279 -0.084473
vn 0.697266 0.709229 -0.102539
vn 0.978760 0.186279 -0.084473
vn 0.862793 0.461670 -0.205322
vn 0.697266 0.709229 -0.102539
vn 0.649414 0.672363 -0.354492
vn 0.007568 0.993408 -0.112549
vn -0.003418 0.940430 -0.339355
vn -0.556152 0.699463 -0.448486
vn 0.022217 0.984863 -0.171143
vn 0.022217 0.984863 -0.171143
vn 0.568848 0.774658 -0.275879
vn -0.003418 0.940430 -0.339355
vn -0.810303 0.050537 -0.583496
vn -0.556152 0.699463 -0.448486
vn -0.513428 0.645020 -0.565430
vn 0.494629 0.666748 -0.557373
vn 0.568848 0.774658 -0.275879
vn 0.894775 -0.050293 -0.443604
vn 0.997559 0.068604 0.011963
vn 0.990479 0.135254 0.018799
vn 0.936279 -0.344971 -0.062988
vn 0.997559 0.068604 0.011963
vn 0.936279 -0.344971 -0.062988
vn 0.930664 -0.350342 0.103516
vn -0.723633 0.689941 -0.010742
vn -0.647705 0.761475 0.017822
vn -0.940918 0.336670 -0.030273
vn -0.723633 0.689941 -0.010742
vn -0.940918 0.336670 -0.030273
vn -0.952881 0.300049 -0.038574
vn 0.959717 0.264160 -0.093506
vn 0.976318 0.214355 -0.024658
vn 0.535156 0.844238 0.020264
vn 0.959717 0.264160 -0.093506
vn 0.535156 0.844238 0.020264
vn 0.474121 0.879639 -0.036133
vn -0.919922 -0.349365 -0.177002
vn -0.984131 0.159912 -0.076416
vn -0.952881 0.292969 -0.076660
vn 0.933594 0.152344 -0.323730
vn 0.933594 0.152344 -0.323730
vn 0.933594 0.152344 -0.323730
vn 0.543213 -0.811768 -0.213379
vn 0.806152 -0.546875 -0.225586
vn 0.400391 -0.869385 -0.288818
vn -0.723633 0.689941 -0.010742
vn -0.122314 0.987549 0.097656
vn 0.348145 0.936768 -0.033447
vn -0.723633 0.689941 -0.010742
vn 0.348145 0.936768 -0.033447
vn 0.474121 0.879639 -0.036133
vn -0.434326 0.892334 0.121094
vn -0.471191 0.796875 0.377686
vn 0.495361 0.864014 0.088867
vn -0.434326 0.892334 0.121094
vn 0.495361 0.864014 0.088867
vn -0.705078 0.679932 0.200684
vn -0.148682 -0.853516 -0.499023
vn -0.656006 -0.376221 -0.654053
vn -0.517822 -0.676025 -0.523926
vn 0.589844 -0.634277 -0.499512
vn 0.636475 -0.497070 -0.589355
vn 0.129150 -0.840088 -0.526367
vn -0.003418 0.940430 -0.339355
vn 0.494629 0.666748 -0.557373
vn -0.059814 0.654785 -0.561768
vn -0.059814 0.654785 -0.561768
vn -0.513428 0.645020 -0.565430
vn -0.003418 0.940430 -0.339355
vn -0.059814 0.654785 -0.561768
vn 0.494629 0.666748 -0.557373
vn -0.040283 0.525879 -0.849365
vn 0.938965 -0.328125 -0.101318
vn 0.550781 -0.816406 -0.172607
vn 0.541504 -0.821777 -0.175781
vn 0.937012 -0.337646 -0.087646
vn 0.938965 -0.328125 -0.101318
vn 0.541504 -0.821777 -0.175781
vn 0.937012 -0.337646 -0.087646
vn 0.541504 -0.821777 -0.175781
vn 0.535400 -0.825439 -0.177979
vn 0.541504 -0.821777 -0.175781
vn 0.550781 -0.816406 -0.172607
vn -0.024658 -0.982178 -0.185059
vn 0.541504 -0.821777 -0.175781
vn -0.024658 -0.982178 -0.185059
vn -0.019043 -0.980713 -0.193115
vn -0.019043 -0.980713 -0.193115
vn -0.014648 -0.979736 -0.199219
vn 0.535400 -0.825439 -0.177979
vn -0.019043 -0.980713 -0.193115
vn 0.535400 -0.825439 -0.177979
vn 0.541504 -0.821777 -0.175781
vn -0.525391 -0.835693 -0.156006
vn -0.515137 -0.843262 -0.151611
vn -0.012207 -0.979004 -0.202881
vn -0.525391 -0.835693 -0.156006
vn -0.012207 -0.979004 -0.202881
vn -0.014648 -0.979736 -0.199219
vn -0.543213 -0.822510 -0.164307
vn -0.525391 -0.835693 -0.156006
vn -0.014648 -0.979736 -0.199219
vn -0.543213 -0.822510 -0.164307
vn -0.014648 -0.979736 -0.199219
vn -0.019043 -0.980713 -0.193115
vn -0.939209 -0.331787 -0.085938
vn -0.515137 -0.843262 -0.151611
vn -0.525391 -0.835693 -0.156006
vn -0.952637 -0.282227 -0.112549
vn -0.939209 -0.331787 -0.085938
vn -0.525391 -0.835693 -0.156006
vn -0.952637 -0.282227 -0.112549
vn -0.525391 -0.835693 -0.156006
vn -0.543213 -0.822510 -0.164307
vn -0.690918 -0.697998 0.187744
vn -0.000977 -0.962402 -0.271240
vn 0.920898 -0.350098 0.169678
vn -0.971924 -0.166992 0.164062
vn -0.690918 -0.697998 0.187744
vn 0.920898 -0.350098 0.169678
vn -0.971924 -0.166992 0.164062
vn 0.920898 -0.350098 0.169678
vn 0.986328 0.116943 -0.115479
vn -0.414062 -0.262451 0.871338
vn -0.690918 -0.697998 0.187744
vn -0.971924 -0.166992 0.164062
vn -0.414062 -0.262451 0.871338
vn -0.971924 -0.166992 0.164062
vn -0.727051 -0.208984 0.474609
vn 0.879150 0.106201 0.172607
vn 0.669678 0.084717 0.737549
vn -0.414062 -0.262451 0.871338
vn 0.879150 0.106201 0.172607
vn -0.414062 -0.262451 0.871338
vn -0.727051 -0.208984 0.474609
vn -0.727051 -0.208984 0.474609
vn -0.971924 -0.166992 0.164062
vn 0.986328 0.116943 -0.115479
vn -0.727051 -0.208984 0.474609
vn 0.986328 0.116943 -0.115479
vn 0.879150 0.106201 0.172607
usemtl Texture
f 1/1/1 2/2/2 3/3/3
f 4/4/4 5/5/5 6/6/6
f 7/7/7 8/8/8 9/9/9
f 10/10/10 11/11/11 12/12/12
f 13/13/13 14/14/14 15/15/15
f 16/16/16 17/17/17 18/18/18
f 19/19/19 20/20/20 21/21/21
f 22/22/22 23/23/23 24/24/24
f 25/25/25 26/26/26 27/27/27
f 28/28/28 29/29/29 30/30/30
f 31/31/31 32/32/32 33/33/33
f 34/34/34 35/35/35 36/36/36
f 37/37/37 38/38/38 39/39/39
f 40/40/40 41/41/41 42/42/42
f 43/43/43 44/44/44 45/45/45
f 46/46/46 47/47/47 48/48/48
f 49/49/49 50/50/50 51/51/51
f 52/52/52 53/53/53 54/54/54
f 55/55/55 56/56/56 57/57/57
f 58/58/58 59/59/59 60/60/60
f 61/61/61 62/62/62 63/63/63
f 64/64/64 65/65/65 66/66/66
f 67/67/67 68/68/68 69/69/69
f 70/70/70 71/71/71 72/72/72
f 73/73/73 74/74/74 75/75/75
f 76/76/76 77/77/77 78/78/78
f 79/79/79 80/80/80 81/81/81
f 82/82/82 83/83/83 84/84/84
f 85/85/85 86/86/86 87/87/87
f 88/88/88 89/89/89 90/90/90
f 91/91/91 92/92/92 93/93/93
f 94/94/94 95/95/95 96/96/96
f 97/97/97 98/98/98 99/99/99
f 100/100/100 101/101/101 102/102/102
f 103/103/103 104/104/104 105/105/105
f 106/106/106 107/107/107 108/108/108
f 109/109/109 110/110/110 111/111/111
f 112/112/112 113/113/113 114/114/114
f 115/115/115 116/116/116 117/117/117
f 118/118/118 119/119/119 120/120/120
f 121/121/121 122/122/122 123/123/123
f 124/124/124 125/125/125 126/126/126
f 127/127/127 128/128/128 129/129/129
f 130/130/130 131/131/131 132/132/132
f 133/133/133 134/134/134 135/135/135
f 136/136/136 137/137/137 138/138/138
f 139/139/139 140/140/140 141/141/141
f 142/142/142 143/143/143 144/144/144
f 145/145/145 146/146/146 147/147/147
f 148/148/148 149/149/149 150/150/150
f 151/151/151 152/152/152 153/153/153
f 154/154/154 155/155/155 156/156/156
f 157/157/157 158/158/158 159/159/159
f 160/160/160 161/161/161 162/162/162
f 163/163/163 164/164/164 165/165/165
f 166/166/166 167/167/167 168/168/168
f 169/169/169 170/170/170 171/171/171
f 172/172/172 173/173/173 174/174/174
f 175/175/175 176/176/176 177/177/177
f 178/178/178 179/179/179 180/180/180
f 181/181/181 182/182/182 183/183/183
f 184/184/184 185/185/185 186/186/186
f 187/187/187 188/188/188 189/189/189
f 190/190/190 191/191/191 192/192/192
f 193/193/193 194/194/194 195/195/195
f 196/196/196 197/197/197 198/198/198
f 199/199/199 200/200/200 201/201/201
f 202/202/202 203/203/203 204/204/204
f 205/205/205 206/206/206 207/207/207
f 208/208/208 209/209/209 210/210/210
f 211/211/211 212/212/212 213/213/213
f 214/214/214 215/215/215 216/216/216
f 217/217/217 218/218/218 219/219/219
f 220/220/220 221/221/221 222/222/222
f 223/223/223 224/224/224 225/225/225
f 226/226/226 227/227/227 228/228/228
f 229/229/229 230/230/230 231/231/231
f 232/232/232 233/233/233 234/234/234
f 235/235/235 236/236/236 237/237/237
f 238/238/238 239/239/239 240/240/240
f 241/241/241 242/242/242 243/243/243
f 244/244/244 245/245/245 246/246/246
f 247/247/247 248/248/248 249/249/249
f 250/250/250 251/251/251 252/252/252
f 253/253/253 254/254/254 255/255/255
f 256/256/256 257/257/257 258/258/258
f 259/259/259 260/260/260 261/261/261
f 262/262/262 263/263/263 264/264/264
f 265/265/265 266/266/266 267/267/267
f 268/268/268 269/269/269 270/270/270
f 271/271/271 272/272/272 273/273/273
f 274/274/274 275/275/275 276/276/276
f 277/277/277 278/278/278 279/279/279
f 280/280/280 281/281/281 282/282/282
f 283/283/283 284/284/284 285/285/285
f 286/286/286 287/287/287 288/288/288
f 289/289/289 290/290/290 291/291/291
f 292/292/292 293/293/293 294/294/294
f 295/295/295 296/296/296 297/297/297
f 298/298/298 299/299/299 300/300/300
f 301/301/301 302/302/302 303/303/303
f 304/304/304 305/305/305 306/306/306
f 307/307/307 308/308/308 309/309/309
f 310/310/310 311/311/311 312/312/312
f 313/313/313 314/314/314 315/315/315
f 316/316/316 317/317/317 318/318/318
f 319/319/319 320/320/320 321/321/321
f 322/322/322 323/323/323 324/324/324
f 325/325/325 326/326/326 327/327/327
f 328/328/328 329/329/329 330/330/330
f 331/331/331 332/332/332 333/333/333
f 334/334/334 335/335/335 336/336/336
f 337/337/337 338/338/338 339/339/339
f 340/340/340 341/341/341 342/342/342
f 343/343/343 344/344/344 345/345/345
f 346/346/346 347/347/347 348/348/348
f 349/349/349 350/350/350 351/351/351
f 352/352/352 353/353/353 354/354/354
f 355/355/355 356/356/356 357/357/357
f 358/358/358 359/359/359 360/360/360
f 361/361/361 362/362/362 363/363/363
f 364/364/364 365/365/365 366/366/366
f 367/367/367 368/368/368 369/369/369
f 370/370/370 371/371/371 372/372/372
f 373/373/373 374/374/374 375/375/375
f 376/376/376 377/377/377 378/378/378
f 379/379/379 380/380/380 381/381/381
f 382/382/382 383/383/383 384/384/384
f 385/385/385 386/386/386 387/387/387
f 388/388/388 389/389/389 390/390/390
f 391/391/391 392/392/392 393/393/393
f 394/394/394 395/395/395 396/396/396
f 397/397/397 398/398/398 399/399/399
f 400/400/400 401/401/401 402/402/402
f 403/403/403 404/404/404 405/405/405
f 406/406/406 407/407/407 408/408/408
f 409/409/409 410/410/410 411/411/411
f 412/412/412 413/413/413 414/414/414
f 415/415/415 416/416/416 417/417/417
f 418/418/418 419/419/419 420/420/420
f 421/421/421 422/422/422 423/423/423
f 424/424/424 425/425/425 426/426/426
f 427/427/427 428/428/428 429/429/429
f 430/430/430 431/431/431 432/432/432
f 433/433/433 434/434/434 435/435/435
f 436/436/436 437/437/437 438/438/438
f 439/439/439 440/440/440 441/441/441
f 442/442/442 443/443/443 444/444/444
f 445/445/445 446/446/446 447/447/447
f 448/448/448 449/449/449 450/450/450
f 451/451/451 452/452/452 453/453/453
f 454/454/454 455/455/455 456/456/456
f 457/457/457 458/458/458 459/459/459
f 460/460/460 461/461/461 462/462/462
f 463/463/463 464/464/464 465/465/465
f 466/466/466 467/467/467 468/468/468
f 469/469/469 470/470/470 471/471/471
f 472/472/472 473/473/473 474/474/474
f 475/475/475 476/476/476 477/477/477
f 478/478/478 479/479/479 480/480/480
f 481/481/481 482/482/482 483/483/483
f 484/484/484 485/485/485 486/486/486
f 487/487/487 488/488/488 489/489/489
f 490/490/490 491/491/491 492/492/492
f 493/493/493 494/494/494 495/495/495
f 496/496/496 497/497/497 498/498/498
f 499/499/499 500/500/500 501/501/501
f 502/502/502 503/503/503 504/504/504
f 505/505/505 506/506/506 507/507/507
f 508/508/508 509/509/509 510/510/510
f 511/511/511 512/512/512 513/513/513
f 514/514/514 515/515/515 516/516/516
f 517/517/517 518/518/518 519/519/519
f 520/520/520 521/521/521 522/522/522
f 523/523/523 524/524/524 525/525/525
f 526/526/526 527/527/527 528/528/528
f 529/529/529 530/530/530 531/531/531
f 532/532/532 533/533/533 534/534/534
f 535/535/535 536/536/536 537/537/537
f 538/538/538 539/539/539 540/540/540
f 541/541/541 542/542/542 543/543/543
f 544/544/544 545/545/545 546/546/546
f 547/547/547 548/548/548 549/549/549
f 550/550/550 551/551/551 552/552/552
f 553/553/553 554/554/554 555/555/555
f 556/556/556 557/557/557 558/558/558
f 559/559/559 560/560/560 561/561/561
f 562/562/562 563/563/563 564/564/564
f 565/565/565 566/566/566 567/567/567
f 568/568/568 569/569/569 570/570/570
f 571/571/571 572/572/572 573/573/573
f 574/574/574 575/575/575 576/576/576
f 577/577/577 578/578/578 579/579/579
f 580/580/580 581/581/581 582/582/582
f 583/583/583 584/584/584 585/585/585
f 586/586/586 587/587/587 588/588/588
f 589/589/589 590/590/590 591/591/591
f 592/592/592 593/593/593 594/594/594
f 595/595/595 596/596/596 597/597/597
f 598/598/598 599/599/599 600/600/600
f 601/601/601 602/602/602 603/603/603
f 604/604/604 605/605/605 606/606/606
f 607/607/607 608/608/608 609/609/609
f 610/610/610 611/611/611 612/612/612
f 613/613/613 614/614/614 615/615/615
f 616/616/616 617/617/617 618/618/618
f 619/619/619 620/620/620 621/621/621
f 622/622/622 623/623/623 624/624/624
f 625/625/625 626/626/626 627/627/627
f 628/628/628 629/629/629 630/630/630
f 631/631/631 632/632/632 633/633/633
f 634/634/634 635/635/635 636/636/636
f 637/637/637 638/638/638 639/639/639
f 640/640/640 641/641/641 642/642/642
f 643/643/643 644/644/644 645/645/645
f 646/646/646 647/647/647 648/648/648
f 649/649/649 650/650/650 651/651/651
f 652/652/652 653/653/653 654/654/654
f 655/655/655 656/656/656 657/657/657
f 658/658/658 659/659/659 660/660/660
f 661/661/661 662/662/662 663/663/663
f 664/664/664 665/665/665 666/666/666
f 667/667/667 668/668/668 669/669/669
f 670/670/670 671/671/671 672/672/672
f 673/673/673 674/674/674 675/675/675
f 676/676/676 677/677/677 678/678/678
f 679/679/679 680/680/680 681/681/681
f 682/682/682 683/683/683 684/684/684
f 685/685/685 686/686/686 687/687/687
f 688/688/688 689/689/689 690/690/690
f 691/691/691 692/692/692 693/693/693
f 694/694/694 695/695/695 696/696/696
f 697/697/697 698/698/698 699/699/699
f 700/700/700 701/701/701 702/702/702
f 703/703/703 704/704/704 705/705/705
f 706/706/706 707/707/707 708/708/708
f 709/709/709 710/710/710 711/711/711
f 712/712/712 713/713/713 714/714/714
f 715/715/715 716/716/716 717/717/717
f 718/718/718 719/719/719 720/720/720
f 721/721/721 722/722/722 723/723/723
f 724/724/724 725/725/725 726/726/726
f 727/727/727 728/728/728 729/729/729
f 730/730/730 731/731/731 732/732/732
f 733/733/733 734/734/734 735/735/735
f 736/736/736 737/737/737 738/738/738
f 739/739/739 740/740/740 741/741/741
f 742/742/742 743/743/743 744/744/744
f 745/745/745 746/746/746 747/747/747
f 748/748/748 749/749/749 750/750/750
f 751/751/751 752/752/752 753/753/753
f 754/754/754 755/755/755 756/756/756
f 757/757/757 758/758/758 759/759/759
f 760/760/760 761/761/761 762/762/762
f 763/763/763 764/764/764 765/765/765
f 766/766/766 767/767/767 768/768/768
f 769/769/769 770/770/770 771/771/771
f 772/772/772 773/773/773 774/774/774
f 775/775/775 776/776/776 777/777/777
f 778/778/778 779/779/779 780/780/780
f 781/781/781 782/782/782 783/783/783
f 784/784/784 785/785/785 786/786/786
f 787/787/787 788/788/788 789/789/789
f 790/790/790 791/791/791 792/792/792
f 793/793/793 794/794/794 795/795/795
f 796/796/796 797/797/797 798/798/798
f 799/799/799 800/800/800 801/801/801
f 802/802/802 803/803/803 804/804/804
f 805/805/805 806/806/806 807/807/807
f 808/808/808 809/809/809 810/810/810
f 811/811/811 812/812/812 813/813/813
f 814/814/814 815/815/815 816/816/816
f 817/817/817 818/818/818 819/819/819
f 820/820/820 821/821/821 822/822/822
f 823/823/823 824/824/824 825/825/825
f 826/826/826 827/827/827 828/828/828
f 829/829/829 830/830/830 831/831/831
f 832/832/832 833/833/833 834/834/834
f 835/835/835 836/836/836 837/837/837
f 838/838/838 839/839/839 840/840/840
f 841/841/841 842/842/842 843/843/843
f 844/844/844 845/845/845 846/846/846
f 847/847/847 848/848/848 849/849/849
f 850/850/850 851/851/851 852/852/852
f 853/853/853 854/854/854 855/855/855
f 856/856/856 857/857/857 858/858/858
f 859/859/859 860/860/860 861/861/861
f 862/862/862 863/863/863 864/864/864
f 865/865/865 866/866/866 867/867/867
f 868/868/868 869/869/869 870/870/870
f 871/871/871 872/872/872 873/873/873
f 874/874/874 875/875/875 876/876/876
f 877/877/877 878/878/878 879/879/879
f 880/880/880 881/881/881 882/882/882
f 883/883/883 884/884/884 885/885/885
f 886/886/886 887/887/887 888/888/888
f 889/889/889 890/890/890 891/891/891
f 892/892/892 893/893/893 894/894/894
f 895/895/895 896/896/896 897/897/897
f 898/898/898 899/899/899 900/900/900
f 901/901/901 902/902/902 903/903/903
f 904/904/904 905/905/905 906/906/906
f 907/907/907 908/908/908 909/909/909
f 910/910/910 911/911/911 912/912/912
f 913/913/913 914/914/914 915/915/915
f 916/916/916 917/917/917 918/918/918
f 919/919/919 920/920/920 921/921/921
f 922/922/922 923/923/923 924/924/924
f 925/925/925 926/926/926 927/927/927
f 928/928/928 929/929/929 930/930/930
f 931/931/931 932/932/932 933/933/933
f 934/934/934 935/935/935 936/936/936
f 937/937/937 938/938/938 939/939/939
f 940/940/940 941/941/941 942/942/942
f 943/943/943 944/944/944 945/945/945
f 946/946/946 947/947/947 948/948/948
f 949/949/949 950/950/950 951/951/951
f 952/952/952 953/953/953 954/954/954
f 955/955/955 956/956/956 957/957/957
f 958/958/958 959/959/959 960/960/960
f 961/961/961 962/962/962 963/963/963
f 964/964/964 965/965/965 966/966/966
f 967/967/967 968/968/968 969/969/969
f 970/970/970 971/971/971 972/972/972
f 973/973/973 974/974/974 975/975/975
f 976/976/976 977/977/977 978/978/978
f 979/979/979 980/980/980 981/981/981
f 982/982/982 983/983/983 984/984/984
f 985/985/985 986/986/986 987/987/987
f 988/988/988 989/989/989 990/990/990
f 991/991/991 992/992/992 993/993/993
f 994/994/994 995/995/995 996/996/996
f 997/997/997 998/998/998 999/999/999
f 1000/1000/1000 1001/1001/1001 1002/1002/1002
f 1003/1003/1003 1004/1004/1004 1005/1005/1005
f 1006/1006/1006 1007/1007/1007 1008/1008/1008
f 1009/1009/1009 1010/1010/1010 1011/1011/1011
f 1012/1012/1012 1013/1013/1013 1014/1014/1014
f 1015/1015/1015 1016/1016/1016 1017/1017/1017
f 1018/1018/1018 1019/1019/1019 1020/1020/1020
f 1021/1021/1021 1022/1022/1022 1023/1023/1023
f 1024/1024/1024 1025/1025/1025 1026/1026/1026
f 1027/1027/1027 1028/1028/1028 1029/1029/1029
f 1030/1030/1030 1031/1031/1031 1032/1032/1032
f 1033/1033/1033 1034/1034/1034 1035/1035/1035
f 1036/1036/1036 1037/1037/1037 1038/1038/1038
f 1039/1039/1039 1040/1040/1040 1041/1041/1041
f 1042/1042/1042 1043/1043/1043 1044/1044/1044
f 1045/1045/1045 1046/1046/1046 1047/1047/1047
f 1048/1048/1048 1049/1049/1049 1050/1050/1050
f 1051/1051/1051 1052/1052/1052 1053/1053/1053
f 1054/1054/1054 1055/1055/1055 1056/1056/1056
f 1057/1057/1057 1058/1058/1058 1059/1059/1059
f 1060/1060/1060 1061/1061/1061 1062/1062/1062
f 1063/1063/1063 1064/1064/1064 1065/1065/1065
f 1066/1066/1066 1067/1067/1067 1068/1068/1068
f 1069/1069/1069 1070/1070/1070 1071/1071/1071
f 1072/1072/1072 1073/1073/1073 1074/1074/1074
f 1075/1075/1075 1076/1076/1076 1077/1077/1077
f 1078/1078/1078 1079/1079/1079 1080/1080/1080
f 1081/1081/1081 1082/1082/1082 1083/1083/1083
f 1084/1084/1084 1085/1085/1085 1086/1086/1086
f 1087/1087/1087 1088/1088/1088 1089/1089/1089
f 1090/1090/1090 1091/1091/1091 1092/1092/1092
f 1093/1093/1093 1094/1094/1094 1095/1095/1095
f 1096/1096/1096 1097/1097/1097 1098/1098/1098
f 1099/1099/1099 1100/1100/1100 1101/1101/1101
f 1102/1102/1102 1103/1103/1103 1104/1104/1104
f 1105/1105/1105 1106/1106/1106 1107/1107/1107
f 1108/1108/1108 1109/1109/1109 1110/1110/1110
f 1111/1111/1111 1112/1112/1112 1113/1113/1113
f 1114/1114/1114 1115/1115/1115 1116/1116/1116
f 1117/1117/1117 1118/1118/1118 1119/1119/1119
f 1120/1120/1120 1121/1121/1121 1122/1122/1122
f 1123/1123/1123 1124/1124/1124 1125/1125/1125
f 1126/1126/1126 1127/1127/1127 1128/1128/1128
f 1129/1129/1129 1130/1130/1130 1131/1131/1131
f 1132/1132/1132 1133/1133/1133 1134/1134/1134
f 1135/1135/1135 1136/1136/1136 1137/1137/1137
f 1138/1138/1138 1139/1139/1139 1140/1140/1140
f 1141/1141/1141 1142/1142/1142 1143/1143/1143
f 1144/1144/1144 1145/1145/1145 1146/1146/1146
f 1147/1147/1147 1148/1148/1148 1149/1149/1149
f 1150/1150/1150 1151/1151/1151 1152/1152/1152
f 1153/1153/1153 1154/1154/1154 1155/1155/1155
f 1156/1156/1156 1157/1157/1157 1158/1158/1158
f 1159/1159/1159 1160/1160/1160 1161/1161/1161
f 1162/1162/1162 1163/1163/1163 1164/1164/1164
f 1165/1165/1165 1166/1166/1166 1167/1167/1167
f 1168/1168/1168 1169/1169/1169 1170/1170/1170
f 1171/1171/1171 1172/1172/1172 1173/1173/1173
f 1174/1174/1174 1175/1175/1175 1176/1176/1176
f 1177/1177/1177 1178/1178/1178 1179/1179/1179
f 1180/1180/1180 1181/1181/1181 1182/1182/1182
f 1183/1183/1183 1184/1184/1184 1185/1185/1185
f 1186/1186/1186 1187/1187/1187 1188/1188/1188
f 1189/1189/1189 1190/1190/1190 1191/1191/1191
f 1192/1192/1192 1193/1193/1193 1194/1194/1194
f 1195/1195/1195 1196/1196/1196 1197/1197/1197
f 1198/1198/1198 1199/1199/1199 1200/1200/1200
f 1201/1201/1201 1202/1202/1202 1203/1203/1203
f 1204/1204/1204 1205/1205/1205 1206/1206/1206
f 1207/1207/1207 1208/1208/1208 1209/1209/1209
f 1210/1210/1210 1211/1211/1211 1212/1212/1212
f 1213/1213/1213 1214/1214/1214 1215/1215/1215
f 1216/1216/1216 1217/1217/1217 1218/1218/1218
f 1219/1219/1219 1220/1220/1220 1221/1221/1221
f 1222/1222/1222 1223/1223/1223 1224/1224/1224
f 1225/1225/1225 1226/1226/1226 1227/1227/1227
f 1228/1228/1228 1229/1229/1229 1230/1230/1230
f 1231/1231/1231 1232/1232/1232 1233/1233/1233
f 1234/1234/1234 1235/1235/1235 1236/1236/1236
f 1237/1237/1237 1238/1238/1238 1239/1239/1239
f 1240/1240/1240 1241/1241/1241 1242/1242/1242
f 1243/1243/1243 1244/1244/1244 1245/1245/1245
f 1246/1246/1246 1247/1247/1247 1248/1248/1248
f 1249/1249/1249 1250/1250/1250 1251/1251/1251
f 1252/1252/1252 1253/1253/1253 1254/1254/1254
f 1255/1255/1255 1256/1256/1256 1257/1257/1257
f 1258/1258/1258 1259/1259/1259 1260/1260/1260
f 1261/1261/1261 1262/1262/1262 1263/1263/1263
f 1264/1264/1264 1265/1265/1265 1266/1266/1266
f 1267/1267/1267 1268/1268/1268 1269/1269/1269
f 1270/1270/1270 1271/1271/1271 1272/1272/1272
f 1273/1273/1273 1274/1274/1274 1275/1275/1275
f 1276/1276/1276 1277/1277/1277 1278/1278/1278
f 1279/1279/1279 1280/1280/1280 1281/1281/1281
f 1282/1282/1282 1283/1283/1283 1284/1284/1284
f 1285/1285/1285 1286/1286/1286 1287/1287/1287
f 1288/1288/1288 1289/1289/1289 1290/1290/1290
f 1291/1291/1291 1292/1292/1292 1293/1293/1293
f 1294/1294/1294 1295/1295/1295 1296/1296/1296
f 1297/1297/1297 1298/1298/1298 1299/1299/1299
f 1300/1300/1300 1301/1301/1301 1302/1302/1302
f 1303/1303/1303 1304/1304/1304 1305/1305/1305
f 1306/1306/1306 1307/1307/1307 1308/1308/1308
f 1309/1309/1309 1310/1310/1310 1311/1311/1311
f 1312/1312/1312 1313/1313/1313 1314/1314/1314
f 1315/1315/1315 1316/1316/1316 1317/1317/1317
f 1318/1318/1318 1319/1319/1319 1320/1320/1320
f 1321/1321/1321 1322/1322/1322 1323/1323/1323
f 1324/1324/1324 1325/1325/1325 1326/1326/1326
f 1327/1327/1327 1328/1328/1328 1329/1329/1329
f 1330/1330/1330 1331/1331/1331 1332/1332/1332
f 1333/1333/1333 1334/1334/1334 1335/1335/1335
f 1336/1336/1336 1337/1337/1337 1338/1338/1338
f 1339/1339/1339 1340/1340/1340 1341/1341/1341
f 1342/1342/1342 1343/1343/1343 1344/1344/1344
f 1345/1345/1345 1346/1346/1346 1347/1347/1347
f 1348/1348/1348 1349/1349/1349 1350/1350/1350
f 1351/1351/1351 1352/1352/1352 1353/1353/1353
f 1354/1354/1354 1355/1355/1355 1356/1356/1356
f 1357/1357/1357 1358/1358/1358 1359/1359/1359
f 1360/1360/1360 1361/1361/1361 1362/1362/1362
f 1363/1363/1363 1364/1364/1364 1365/1365/1365
f 1366/1366/1366 1367/1367/1367 1368/1368/1368
f 1369/1369/1369 1370/1370/1370 1371/1371/1371
f 1372/1372/1372 1373/1373/1373 1374/1374/1374
f 1375/1375/1375 1376/1376/1376 1377/1377/1377
f 1378/1378/1378 1379/1379/1379 1380/1380/1380
f 1381/1381/1381 1382/1382/1382 1383/1383/1383
f 1384/1384/1384 1385/1385/1385 1386/1386/1386
f 1387/1387/1387 1388/1388/1388 1389/1389/1389
f 1390/1390/1390 1391/1391/1391 1392/1392/1392
f 1393/1393/1393 1394/1394/1394 1395/1395/1395
f 1396/1396/1396 1397/1397/1397 1398/1398/1398
f 1399/1399/1399 1400/1400/1400 1401/1401/1401
f 1402/1402/1402 1403/1403/1403 1404/1404/1404
f 1405/1405/1405 1406/1406/1406 1407/1407/1407
f 1408/1408/1408 1409/1409/1409 1410/1410/1410
f 1411/1411/1411 1412/1412/1412 1413/1413/1413
f 1414/1414/1414 1415/1415/1415 1416/1416/1416
f 1417/1417/1417 1418/1418/1418 1419/1419/1419
f 1420/1420/1420 1421/1421/1421 1422/1422/1422
f 1423/1423/1423 1424/1424/1424 1425/1425/1425
f 1426/1426/1426 1427/1427/1427 1428/1428/1428
f 1429/1429/1429 1430/1430/1430 1431/1431/1431
f 1432/1432/1432 1433/1433/1433 1434/1434/1434
f 1435/1435/1435 1436/1436/1436 1437/1437/1437
f 1438/1438/1438 1439/1439/1439 1440/1440/1440
f 1441/1441/1441 1442/1442/1442 1443/1443/1443
f 1444/1444/1444 1445/1445/1445 1446/1446/1446
f 1447/1447/1447 1448/1448/1448 1449/1449/1449
f 1450/1450/1450 1451/1451/1451 1452/1452/1452
f 1453/1453/1453 1454/1454/1454 1455/1455/1455
f 1456/1456/1456 1457/1457/1457 1458/1458/1458
f 1459/1459/1459 1460/1460/1460 1461/1461/1461
f 1462/1462/1462 1463/1463/1463 1464/1464/1464
f 1465/1465/1465 1466/1466/1466 1467/1467/1467
f 1468/1468/1468 1469/1469/1469 1470/1470/1470
f 1471/1471/1471 1472/1472/1472 1473/1473/1473
f 1474/1474/1474 1475/1475/1475 1476/1476/1476
f 1477/1477/1477 1478/1478/1478 1479/1479/1479
f 1480/1480/1480 1481/1481/1481 1482/1482/1482
f 1483/1483/1483 1484/1484/1484 1485/1485/1485
f 1486/1486/1486 1487/1487/1487 1488/1488/1488
f 1489/1489/1489 1490/1490/1490 1491/1491/1491
f 1492/1492/1492 1493/1493/1493 1494/1494/1494
f 1495/1495/1495 1496/1496/1496 1497/1497/1497
f 1498/1498/1498 1499/1499/1499 1500/1500/1500
f 1501/1501/1501 1502/1502/1502 1503/1503/1503
f 1504/1504/1504 1505/1505/1505 1506/1506/1506
f 1507/1507/1507 1508/1508/1508 1509/1509/1509
f 1510/1510/1510 1511/1511/1511 1512/1512/1512
f 1513/1513/1513 1514/1514/1514 1515/1515/1515
f 1516/1516/1516 1517/1517/1517 1518/1518/1518
f 1519/1519/1519 1520/1520/1520 1521/1521/1521
f 1522/1522/1522 1523/1523/1523 1524/1524/1524
f 1525/1525/1525 1526/1526/1526 1527/1527/1527
f 1528/1528/1528 1529/1529/1529 1530/1530/1530
f 1531/1531/1531 1532/1532/1532 1533/1533/1533
f 1534/1534/1534 1535/1535/1535 1536/1536/1536
f 1537/1537/1537 1538/1538/1538 1539/1539/1539
f 1540/1540/1540 1541/1541/1541 1542/1542/1542
f 1543/1543/1543 1544/1544/1544 1545/1545/1545
f 1546/1546/1546 1547/1547/1547 1548/1548/1548
f 1549/1549/1549 1550/1550/1550 1551/1551/1551
f 1552/1552/1552 1553/1553/1553 1554/1554/1554
f 1555/1555/1555 1556/1556/1556 1557/1557/1557
f 1558/1558/1558 1559/1559/1559 1560/1560/1560
f 1561/1561/1561 1562/1562/1562 1563/1563/1563
f 1564/1564/1564 1565/1565/1565 1566/1566/1566
f 1567/1567/1567 1568/1568/1568 1569/1569/1569
f 1570/1570/1570 1571/1571/1571 1572/1572/1572
f 1573/1573/1573 1574/1574/1574 1575/1575/1575
f 1576/1576/1576 1577/1577/1577 1578/1578/1578
f 1579/1579/1579 1580/1580/1580 1581/1581/1581
f 1582/1582/1582 1583/1583/1583 1584/1584/1584
f 1585/1585/1585 1586/1586/1586 1587/1587/1587
f 1588/1588/1588 1589/1589/1589 1590/1590/1590
f 1591/1591/1591 1592/1592/1592 1593/1593/1593
f 1594/1594/1594 1595/1595/1595 1596/1596/1596
f 1597/1597/1597 1598/1598/1598 1599/1599/1599
f 1600/1600/1600 1601/1601/1601 1602/1602/1602
f 1603/1603/1603 1604/1604/1604 1605/1605/1605
f 1606/1606/1606 1607/1607/1607 1608/1608/1608
