# OBJ file
mtllib delete.ico.mtl
v -1.732422 3.643311 -0.380127 0.498039 0.498039 0.498039 #1.000000
v -1.081543 3.971191 -0.434326 0.498039 0.498039 0.498039 #1.000000
v -1.467285 3.246826 -0.740479 0.498039 0.498039 0.498039 #1.000000
v -0.936279 3.558105 -0.781738 0.498039 0.498039 0.498039 #1.000000
v -1.467285 3.246826 -0.740479 0.498039 0.498039 0.498039 #1.000000
v -1.081543 3.971191 -0.434326 0.498039 0.498039 0.498039 #1.000000
v -2.023926 3.332275 -0.228027 0.498039 0.498039 0.498039 #1.000000
v -1.732422 3.643311 -0.380127 0.498039 0.498039 0.498039 #1.000000
v -1.762695 2.939697 -0.682617 0.498039 0.498039 0.498039 #1.000000
v -1.467285 3.246826 -0.740479 0.498039 0.498039 0.498039 #1.000000
v -1.762695 2.939697 -0.682617 0.498039 0.498039 0.498039 #1.000000
v -1.732422 3.643311 -0.380127 0.498039 0.498039 0.498039 #1.000000
v -2.265381 3.030029 -0.044434 0.498039 0.498039 0.498039 #1.000000
v -2.023926 3.332275 -0.228027 0.498039 0.498039 0.498039 #1.000000
v -1.886475 2.597168 -0.639404 0.498039 0.498039 0.498039 #1.000000
v -1.762695 2.939697 -0.682617 0.498039 0.498039 0.498039 #1.000000
v -1.886475 2.597168 -0.639404 0.498039 0.498039 0.498039 #1.000000
v -2.023926 3.332275 -0.228027 0.498039 0.498039 0.498039 #1.000000
v -2.361572 2.339844 -0.072021 0.498039 0.498039 0.498039 #1.000000
v -2.265381 3.030029 -0.044434 0.498039 0.498039 0.498039 #1.000000
v -1.804932 2.066895 -0.578613 0.498039 0.498039 0.498039 #1.000000
v -1.886475 2.597168 -0.639404 0.498039 0.498039 0.498039 #1.000000
v -1.804932 2.066895 -0.578613 0.498039 0.498039 0.498039 #1.000000
v -2.265381 3.030029 -0.044434 0.498039 0.498039 0.498039 #1.000000
v -2.281982 1.624268 0.041504 0.498039 0.498039 0.498039 #1.000000
v -2.361572 2.339844 -0.072021 0.498039 0.498039 0.498039 #1.000000
v -1.671387 1.584961 -0.423340 0.498039 0.498039 0.498039 #1.000000
v -1.804932 2.066895 -0.578613 0.498039 0.498039 0.498039 #1.000000
v -1.671387 1.584961 -0.423340 0.498039 0.498039 0.498039 #1.000000
v -2.361572 2.339844 -0.072021 0.498039 0.498039 0.498039 #1.000000
v -2.134766 1.200195 0.081787 0.498039 0.498039 0.498039 #1.000000
v -2.281982 1.624268 0.041504 0.498039 0.498039 0.498039 #1.000000
v -1.516357 1.265137 -0.355713 0.498039 0.498039 0.498039 #1.000000
v -1.671387 1.584961 -0.423340 0.498039 0.498039 0.498039 #1.000000
v -1.516357 1.265137 -0.355713 0.498039 0.498039 0.498039 #1.000000
v -2.281982 1.624268 0.041504 0.498039 0.498039 0.498039 #1.000000
v -1.796143 0.790039 0.077881 0.498039 0.498039 0.498039 #1.000000
v -2.134766 1.200195 0.081787 0.498039 0.498039 0.498039 #1.000000
v -1.303467 1.083496 -0.382080 0.498039 0.498039 0.498039 #1.000000
v -1.516357 1.265137 -0.355713 0.498039 0.498039 0.498039 #1.000000
v -1.303467 1.083496 -0.382080 0.498039 0.498039 0.498039 #1.000000
v -2.134766 1.200195 0.081787 0.498039 0.498039 0.498039 #1.000000
v -1.212158 0.289551 0.077881 0.498039 0.498039 0.498039 #1.000000
v -1.796143 0.790039 0.077881 0.498039 0.498039 0.498039 #1.000000
v -0.906738 0.839111 -0.397949 0.498039 0.498039 0.498039 #1.000000
v -1.303467 1.083496 -0.382080 0.498039 0.498039 0.498039 #1.000000
v -0.906738 0.839111 -0.397949 0.498039 0.498039 0.498039 #1.000000
v -1.796143 0.790039 0.077881 0.498039 0.498039 0.498039 #1.000000
v -1.212158 0.289551 0.077881 0.498039 0.498039 0.498039 #1.000000
v -0.906738 0.839111 -0.397949 0.498039 0.498039 0.498039 #1.000000
v -0.510254 0.002930 0.077881 0.498039 0.498039 0.498039 #1.000000
v -0.906738 0.839111 -0.397949 0.498039 0.498039 0.498039 #1.000000
v -0.373779 0.624023 -0.397949 0.498039 0.498039 0.498039 #1.000000
v -0.510254 0.002930 0.077881 0.498039 0.498039 0.498039 #1.000000
v -0.510254 0.002930 0.077881 0.498039 0.498039 0.498039 #1.000000
v -0.373779 0.624023 -0.397949 0.498039 0.498039 0.498039 #1.000000
v 0.241455 0.000000 0.077881 0.498039 0.498039 0.498039 #1.000000
v -0.373779 0.624023 -0.397949 0.498039 0.498039 0.498039 #1.000000
v 0.187256 0.590820 -0.397949 0.498039 0.498039 0.498039 #1.000000
v 0.241455 0.000000 0.077881 0.498039 0.498039 0.498039 #1.000000
v 0.969727 0.159912 0.077881 0.498039 0.498039 0.498039 #1.000000
v 0.241455 0.000000 0.077881 0.498039 0.498039 0.498039 #1.000000
v 0.725342 0.741943 -0.397949 0.498039 0.498039 0.498039 #1.000000
v 0.187256 0.590820 -0.397949 0.498039 0.498039 0.498039 #1.000000
v 0.725342 0.741943 -0.397949 0.498039 0.498039 0.498039 #1.000000
v 0.241455 0.000000 0.077881 0.498039 0.498039 0.498039 #1.000000
v 1.603760 0.587891 0.077881 0.498039 0.498039 0.498039 #1.000000
v 0.969727 0.159912 0.077881 0.498039 0.498039 0.498039 #1.000000
v 1.195312 1.123779 -0.396973 0.498039 0.498039 0.498039 #1.000000
v 0.725342 0.741943 -0.397949 0.498039 0.498039 0.498039 #1.000000
v 1.195312 1.123779 -0.396973 0.498039 0.498039 0.498039 #1.000000
v 0.969727 0.159912 0.077881 0.498039 0.498039 0.498039 #1.000000
v 2.057129 1.325928 0.076904 0.498039 0.498039 0.498039 #1.000000
v 1.603760 0.587891 0.077881 0.498039 0.498039 0.498039 #1.000000
v 1.419189 1.862793 -0.396973 0.498039 0.498039 0.498039 #1.000000
v 1.195312 1.123779 -0.396973 0.498039 0.498039 0.498039 #1.000000
v 1.419189 1.862793 -0.396973 0.498039 0.498039 0.498039 #1.000000
v 1.603760 0.587891 0.077881 0.498039 0.498039 0.498039 #1.000000
v 2.245605 2.382080 0.073975 0.498039 0.498039 0.498039 #1.000000
v 2.057129 1.325928 0.076904 0.498039 0.498039 0.498039 #1.000000
v 1.554688 2.591064 -0.404785 0.498039 0.498039 0.498039 #1.000000
v 1.419189 1.862793 -0.396973 0.498039 0.498039 0.498039 #1.000000
v 1.554688 2.591064 -0.404785 0.498039 0.498039 0.498039 #1.000000
v 2.057129 1.325928 0.076904 0.498039 0.498039 0.498039 #1.000000
v 2.124023 3.197754 0.073975 0.498039 0.498039 0.498039 #1.000000
v 2.245605 2.382080 0.073975 0.498039 0.498039 0.498039 #1.000000
v 1.358398 3.137939 -0.471436 0.498039 0.498039 0.498039 #1.000000
v 1.554688 2.591064 -0.404785 0.498039 0.498039 0.498039 #1.000000
v 1.358398 3.137939 -0.471436 0.498039 0.498039 0.498039 #1.000000
v 2.245605 2.382080 0.073975 0.498039 0.498039 0.498039 #1.000000
v 1.562500 4.053711 0.018066 0.498039 0.498039 0.498039 #1.000000
v 2.124023 3.197754 0.073975 0.498039 0.498039 0.498039 #1.000000
v 0.814453 3.894775 -0.569580 0.498039 0.498039 0.498039 #1.000000
v 1.358398 3.137939 -0.471436 0.498039 0.498039 0.498039 #1.000000
v 0.814453 3.894775 -0.569580 0.498039 0.498039 0.498039 #1.000000
v 2.124023 3.197754 0.073975 0.498039 0.498039 0.498039 #1.000000
v 0.588867 4.764404 -0.177002 0.498039 0.498039 0.498039 #1.000000
v 1.562500 4.053711 0.018066 0.498039 0.498039 0.498039 #1.000000
v 0.285400 4.186279 -0.708008 0.498039 0.498039 0.498039 #1.000000
v 0.814453 3.894775 -0.569580 0.498039 0.498039 0.498039 #1.000000
v 0.285400 4.186279 -0.708008 0.498039 0.498039 0.498039 #1.000000
v 1.562500 4.053711 0.018066 0.498039 0.498039 0.498039 #1.000000
v -0.193359 4.833984 -0.411621 0.498039 0.498039 0.498039 #1.000000
v 0.588867 4.764404 -0.177002 0.498039 0.498039 0.498039 #1.000000
v -0.146240 4.221436 -0.763916 0.498039 0.498039 0.498039 #1.000000
v 0.285400 4.186279 -0.708008 0.498039 0.498039 0.498039 #1.000000
v -0.146240 4.221436 -0.763916 0.498039 0.498039 0.498039 #1.000000
v 0.588867 4.764404 -0.177002 0.498039 0.498039 0.498039 #1.000000
v -0.707520 4.354004 -0.445068 0.498039 0.498039 0.498039 #1.000000
v -0.193359 4.833984 -0.411621 0.498039 0.498039 0.498039 #1.000000
v -0.557373 3.914307 -0.789551 0.498039 0.498039 0.498039 #1.000000
v -0.146240 4.221436 -0.763916 0.498039 0.498039 0.498039 #1.000000
v -0.557373 3.914307 -0.789551 0.498039 0.498039 0.498039 #1.000000
v -0.193359 4.833984 -0.411621 0.498039 0.498039 0.498039 #1.000000
v -1.081543 3.971191 -0.434326 0.498039 0.498039 0.498039 #1.000000
v -0.707520 4.354004 -0.445068 0.498039 0.498039 0.498039 #1.000000
v -0.936279 3.558105 -0.781738 0.498039 0.498039 0.498039 #1.000000
v -0.557373 3.914307 -0.789551 0.498039 0.498039 0.498039 #1.000000
v -0.936279 3.558105 -0.781738 0.498039 0.498039 0.498039 #1.000000
v -0.707520 4.354004 -0.445068 0.498039 0.498039 0.498039 #1.000000
v -1.732422 3.643311 -0.380127 0.498039 0.498039 0.498039 #1.000000
v -2.023926 3.332275 -0.228027 0.498039 0.498039 0.498039 #1.000000
v -1.482910 3.342041 0.134766 0.498039 0.498039 0.498039 #1.000000
v -2.023926 3.332275 -0.228027 0.498039 0.498039 0.498039 #1.000000
v -1.758789 3.034912 0.189697 0.498039 0.498039 0.498039 #1.000000
v -1.482910 3.342041 0.134766 0.498039 0.498039 0.498039 #1.000000
v -1.081543 3.971191 -0.434326 0.498039 0.498039 0.498039 #1.000000
v -1.732422 3.643311 -0.380127 0.498039 0.498039 0.498039 #1.000000
v -0.938232 3.656250 0.094482 0.498039 0.498039 0.498039 #1.000000
v -1.732422 3.643311 -0.380127 0.498039 0.498039 0.498039 #1.000000
v -1.482910 3.342041 0.134766 0.498039 0.498039 0.498039 #1.000000
v -0.938232 3.656250 0.094482 0.498039 0.498039 0.498039 #1.000000
v -2.023926 3.332275 -0.228027 0.498039 0.498039 0.498039 #1.000000
v -2.265381 3.030029 -0.044434 0.498039 0.498039 0.498039 #1.000000
v -1.758789 3.034912 0.189697 0.498039 0.498039 0.498039 #1.000000
v -2.265381 3.030029 -0.044434 0.498039 0.498039 0.498039 #1.000000
v -1.922607 2.725586 0.227051 0.498039 0.498039 0.498039 #1.000000
v -1.758789 3.034912 0.189697 0.498039 0.498039 0.498039 #1.000000
v -2.265381 3.030029 -0.044434 0.498039 0.498039 0.498039 #1.000000
v -2.361572 2.339844 -0.072021 0.498039 0.498039 0.498039 #1.000000
v -1.922607 2.725586 0.227051 0.498039 0.498039 0.498039 #1.000000
v -2.361572 2.339844 -0.072021 0.498039 0.498039 0.498039 #1.000000
v -1.831543 2.168213 0.291992 0.498039 0.498039 0.498039 #1.000000
v -1.922607 2.725586 0.227051 0.498039 0.498039 0.498039 #1.000000
v -2.361572 2.339844 -0.072021 0.498039 0.498039 0.498039 #1.000000
v -2.281982 1.624268 0.041504 0.498039 0.498039 0.498039 #1.000000
v -1.831543 2.168213 0.291992 0.498039 0.498039 0.498039 #1.000000
v -2.281982 1.624268 0.041504 0.498039 0.498039 0.498039 #1.000000
v -1.663574 1.670410 0.448975 0.498039 0.498039 0.498039 #1.000000
v -1.831543 2.168213 0.291992 0.498039 0.498039 0.498039 #1.000000
v -2.281982 1.624268 0.041504 0.498039 0.498039 0.498039 #1.000000
v -2.134766 1.200195 0.081787 0.498039 0.498039 0.498039 #1.000000
v -1.663574 1.670410 0.448975 0.498039 0.498039 0.498039 #1.000000
v -2.134766 1.200195 0.081787 0.498039 0.498039 0.498039 #1.000000
v -1.502686 1.340576 0.527344 0.498039 0.498039 0.498039 #1.000000
v -1.663574 1.670410 0.448975 0.498039 0.498039 0.498039 #1.000000
v -2.134766 1.200195 0.081787 0.498039 0.498039 0.498039 #1.000000
v -1.796143 0.790039 0.077881 0.498039 0.498039 0.498039 #1.000000
v -1.502686 1.340576 0.527344 0.498039 0.498039 0.498039 #1.000000
v -1.796143 0.790039 0.077881 0.498039 0.498039 0.498039 #1.000000
v -1.283691 1.123779 0.513672 0.498039 0.498039 0.498039 #1.000000
v -1.502686 1.340576 0.527344 0.498039 0.498039 0.498039 #1.000000
v -1.796143 0.790039 0.077881 0.498039 0.498039 0.498039 #1.000000
v -1.212158 0.289551 0.077881 0.498039 0.498039 0.498039 #1.000000
v -1.283691 1.123779 0.513672 0.498039 0.498039 0.498039 #1.000000
v -1.212158 0.289551 0.077881 0.498039 0.498039 0.498039 #1.000000
v -0.892090 0.866699 0.503906 0.498039 0.498039 0.498039 #1.000000
v -1.283691 1.123779 0.513672 0.498039 0.498039 0.498039 #1.000000
v -1.212158 0.289551 0.077881 0.498039 0.498039 0.498039 #1.000000
v -0.510254 0.002930 0.077881 0.498039 0.498039 0.498039 #1.000000
v -0.892090 0.866699 0.503906 0.498039 0.498039 0.498039 #1.000000
v -0.510254 0.002930 0.077881 0.498039 0.498039 0.498039 #1.000000
v -0.367920 0.655518 0.503906 0.498039 0.498039 0.498039 #1.000000
v -0.892090 0.866699 0.503906 0.498039 0.498039 0.498039 #1.000000
v -0.510254 0.002930 0.077881 0.498039 0.498039 0.498039 #1.000000
v 0.241455 0.000000 0.077881 0.498039 0.498039 0.498039 #1.000000
v -0.367920 0.655518 0.503906 0.498039 0.498039 0.498039 #1.000000
v 0.241455 0.000000 0.077881 0.498039 0.498039 0.498039 #1.000000
v 0.184326 0.623047 0.503906 0.498039 0.498039 0.498039 #1.000000
v -0.367920 0.655518 0.503906 0.498039 0.498039 0.498039 #1.000000
v 0.969727 0.159912 0.077881 0.498039 0.498039 0.498039 #1.000000
v 0.713379 0.771484 0.503906 0.498039 0.498039 0.498039 #1.000000
v 0.241455 0.000000 0.077881 0.498039 0.498039 0.498039 #1.000000
v 0.241455 0.000000 0.077881 0.498039 0.498039 0.498039 #1.000000
v 0.713379 0.771484 0.503906 0.498039 0.498039 0.498039 #1.000000
v 0.184326 0.623047 0.503906 0.498039 0.498039 0.498039 #1.000000
v 0.969727 0.159912 0.077881 0.498039 0.498039 0.498039 #1.000000
v 1.603760 0.587891 0.077881 0.498039 0.498039 0.498039 #1.000000
v 0.713379 0.771484 0.503906 0.498039 0.498039 0.498039 #1.000000
v 1.603760 0.587891 0.077881 0.498039 0.498039 0.498039 #1.000000
v 1.169922 1.184570 0.501953 0.498039 0.498039 0.498039 #1.000000
v 0.713379 0.771484 0.503906 0.498039 0.498039 0.498039 #1.000000
v 1.603760 0.587891 0.077881 0.498039 0.498039 0.498039 #1.000000
v 2.057129 1.325928 0.076904 0.498039 0.498039 0.498039 #1.000000
v 1.169922 1.184570 0.501953 0.498039 0.498039 0.498039 #1.000000
v 2.057129 1.325928 0.076904 0.498039 0.498039 0.498039 #1.000000
v 1.372070 2.007080 0.489258 0.498039 0.498039 0.498039 #1.000000
v 1.169922 1.184570 0.501953 0.498039 0.498039 0.498039 #1.000000
v 2.057129 1.325928 0.076904 0.498039 0.498039 0.498039 #1.000000
v 2.245605 2.382080 0.073975 0.498039 0.498039 0.498039 #1.000000
v 1.372070 2.007080 0.489258 0.498039 0.498039 0.498039 #1.000000
v 2.245605 2.382080 0.073975 0.498039 0.498039 0.498039 #1.000000
v 1.472168 2.726562 0.469482 0.498039 0.498039 0.498039 #1.000000
v 1.372070 2.007080 0.489258 0.498039 0.498039 0.498039 #1.000000
v 2.245605 2.382080 0.073975 0.498039 0.498039 0.498039 #1.000000
v 2.124023 3.197754 0.073975 0.498039 0.498039 0.498039 #1.000000
v 1.472168 2.726562 0.469482 0.498039 0.498039 0.498039 #1.000000
v 2.124023 3.197754 0.073975 0.498039 0.498039 0.498039 #1.000000
v 1.260254 3.257568 0.396973 0.498039 0.498039 0.498039 #1.000000
v 1.472168 2.726562 0.469482 0.498039 0.498039 0.498039 #1.000000
v 2.124023 3.197754 0.073975 0.498039 0.498039 0.498039 #1.000000
v 1.562500 4.053711 0.018066 0.498039 0.498039 0.498039 #1.000000
v 1.260254 3.257568 0.396973 0.498039 0.498039 0.498039 #1.000000
v 1.562500 4.053711 0.018066 0.498039 0.498039 0.498039 #1.000000
v 0.727295 3.994873 0.294922 0.498039 0.498039 0.498039 #1.000000
v 1.260254 3.257568 0.396973 0.498039 0.498039 0.498039 #1.000000
v 1.562500 4.053711 0.018066 0.498039 0.498039 0.498039 #1.000000
v 0.588867 4.764404 -0.177002 0.498039 0.498039 0.498039 #1.000000
v 0.727295 3.994873 0.294922 0.498039 0.498039 0.498039 #1.000000
v 0.588867 4.764404 -0.177002 0.498039 0.498039 0.498039 #1.000000
v 0.253174 4.305908 0.167236 0.498039 0.498039 0.498039 #1.000000
v 0.727295 3.994873 0.294922 0.498039 0.498039 0.498039 #1.000000
v 0.588867 4.764404 -0.177002 0.498039 0.498039 0.498039 #1.000000
v -0.193359 4.833984 -0.411621 0.498039 0.498039 0.498039 #1.000000
v 0.253174 4.305908 0.167236 0.498039 0.498039 0.498039 #1.000000
v -0.193359 4.833984 -0.411621 0.498039 0.498039 0.498039 #1.000000
v -0.169678 4.332520 0.111328 0.498039 0.498039 0.498039 #1.000000
v 0.253174 4.305908 0.167236 0.498039 0.498039 0.498039 #1.000000
v -0.193359 4.833984 -0.411621 0.498039 0.498039 0.498039 #1.000000
v -0.707520 4.354004 -0.445068 0.498039 0.498039 0.498039 #1.000000
v -0.169678 4.332520 0.111328 0.498039 0.498039 0.498039 #1.000000
v -0.707520 4.354004 -0.445068 0.498039 0.498039 0.498039 #1.000000
v -0.572998 4.013428 0.087646 0.498039 0.498039 0.498039 #1.000000
v -0.169678 4.332520 0.111328 0.498039 0.498039 0.498039 #1.000000
v -0.707520 4.354004 -0.445068 0.498039 0.498039 0.498039 #1.000000
v -1.081543 3.971191 -0.434326 0.498039 0.498039 0.498039 #1.000000
v -0.572998 4.013428 0.087646 0.498039 0.498039 0.498039 #1.000000
v -1.081543 3.971191 -0.434326 0.498039 0.498039 0.498039 #1.000000
v -0.938232 3.656250 0.094482 0.498039 0.498039 0.498039 #1.000000
v -0.572998 4.013428 0.087646 0.498039 0.498039 0.498039 #1.000000
v -1.263184 2.485107 0.300781 0.498039 0.498039 0.498039 #1.000000
v -1.096191 2.240723 0.107422 0.498039 0.498039 0.498039 #1.000000
v -1.125732 2.275146 0.464600 0.498039 0.498039 0.498039 #1.000000
v -1.096191 2.240723 0.107422 0.498039 0.498039 0.498039 #1.000000
v -1.006836 2.097412 0.004395 0.498039 0.498039 0.498039 #1.000000
v -1.125732 2.275146 0.464600 0.498039 0.498039 0.498039 #1.000000
v -0.785156 1.958008 -0.056396 0.498039 0.498039 0.498039 #1.000000
v -1.006836 2.097412 0.004395 0.498039 0.498039 0.498039 #1.000000
v -1.044189 2.227051 -0.338135 0.498039 0.498039 0.498039 #1.000000
v -0.785156 1.958008 -0.056396 0.498039 0.498039 0.498039 #1.000000
v -0.697754 2.072021 -0.035645 0.498039 0.498039 0.498039 #1.000000
v -1.006836 2.097412 0.004395 0.498039 0.498039 0.498039 #1.000000
v -1.006836 2.097412 0.004395 0.498039 0.498039 0.498039 #1.000000
v -0.697754 2.072021 -0.035645 0.498039 0.498039 0.498039 #1.000000
v -0.746826 1.665527 0.115234 0.498039 0.498039 0.498039 #1.000000
v -1.125732 2.275146 0.464600 0.498039 0.498039 0.498039 #1.000000
v -1.006836 2.097412 0.004395 0.498039 0.498039 0.498039 #1.000000
v -0.745850 1.715576 0.487305 0.498039 0.498039 0.498039 #1.000000
v -0.745850 1.715576 0.487305 0.498039 0.498039 0.498039 #1.000000
v -1.006836 2.097412 0.004395 0.498039 0.498039 0.498039 #1.000000
v -0.746826 1.665527 0.115234 0.498039 0.498039 0.498039 #1.000000
v 0.825439 2.318359 0.023926 0.498039 0.498039 0.498039 #1.000000
v 0.807617 2.419434 0.329102 0.498039 0.498039 0.498039 #1.000000
v 0.651611 2.091553 0.184814 0.498039 0.498039 0.498039 #1.000000
v 0.462158 1.926758 -0.099609 0.498039 0.498039 0.498039 #1.000000
v 0.741943 2.261475 -0.299805 0.498039 0.498039 0.498039 #1.000000
v 0.651611 2.091553 0.184814 0.498039 0.498039 0.498039 #1.000000
v 0.651611 2.091553 0.184814 0.498039 0.498039 0.498039 #1.000000
v 0.741943 2.261475 -0.299805 0.498039 0.498039 0.498039 #1.000000
v 0.825439 2.318359 0.023926 0.498039 0.498039 0.498039 #1.000000
v 0.741943 2.261475 -0.299805 0.498039 0.498039 0.498039 #1.000000
v 0.919678 2.770752 -0.549072 0.498039 0.498039 0.498039 #1.000000
v 0.825439 2.318359 0.023926 0.498039 0.498039 0.498039 #1.000000
v 0.975586 2.825684 -0.276123 0.498039 0.498039 0.498039 #1.000000
v 0.825439 2.318359 0.023926 0.498039 0.498039 0.498039 #1.000000
v 0.919678 2.770752 -0.549072 0.498039 0.498039 0.498039 #1.000000
v 0.854736 2.893555 0.173096 0.498039 0.498039 0.498039 #1.000000
v 0.807617 2.419434 0.329102 0.498039 0.498039 0.498039 #1.000000
v 0.975586 2.825684 -0.276123 0.498039 0.498039 0.498039 #1.000000
v 0.975586 2.825684 -0.276123 0.498039 0.498039 0.498039 #1.000000
v 0.807617 2.419434 0.329102 0.498039 0.498039 0.498039 #1.000000
v 0.825439 2.318359 0.023926 0.498039 0.498039 0.498039 #1.000000
v 0.462158 1.926758 -0.099609 0.498039 0.498039 0.498039 #1.000000
v 0.461182 1.819580 -0.109375 0.498039 0.498039 0.498039 #1.000000
v 0.094971 1.754883 -0.120117 0.498039 0.498039 0.498039 #1.000000
v 0.094971 1.754883 -0.120117 0.498039 0.498039 0.498039 #1.000000
v 0.461182 1.819580 -0.109375 0.498039 0.498039 0.498039 #1.000000
v 0.154053 1.694092 -0.140625 0.498039 0.498039 0.498039 #1.000000
v 0.651611 2.091553 0.184814 0.498039 0.498039 0.498039 #1.000000
v 0.661377 1.939453 0.156494 0.498039 0.498039 0.498039 #1.000000
v 0.462158 1.926758 -0.099609 0.498039 0.498039 0.498039 #1.000000
v 0.661377 1.939453 0.156494 0.498039 0.498039 0.498039 #1.000000
v 0.461182 1.819580 -0.109375 0.498039 0.498039 0.498039 #1.000000
v 0.462158 1.926758 -0.099609 0.498039 0.498039 0.498039 #1.000000
v 0.661377 1.939453 0.156494 0.498039 0.498039 0.498039 #1.000000
v 0.651611 2.091553 0.184814 0.498039 0.498039 0.498039 #1.000000
v 0.593750 1.950195 0.463623 0.498039 0.498039 0.498039 #1.000000
v 0.651611 2.091553 0.184814 0.498039 0.498039 0.498039 #1.000000
v 0.604492 2.073975 0.487305 0.498039 0.498039 0.498039 #1.000000
v 0.593750 1.950195 0.463623 0.498039 0.498039 0.498039 #1.000000
v -0.673340 1.429932 0.030762 0.498039 0.498039 0.498039 #1.000000
v -0.626221 1.565430 0.038574 0.498039 0.498039 0.498039 #1.000000
v -0.328613 1.525146 -0.106445 0.498039 0.498039 0.498039 #1.000000
v -0.626221 1.565430 0.038574 0.498039 0.498039 0.498039 #1.000000
v -0.364014 1.600830 -0.073975 0.498039 0.498039 0.498039 #1.000000
v -0.328613 1.525146 -0.106445 0.498039 0.498039 0.498039 #1.000000
v -0.626221 1.565430 0.038574 0.498039 0.498039 0.498039 #1.000000
v -0.673340 1.429932 0.030762 0.498039 0.498039 0.498039 #1.000000
v -0.551514 1.574219 0.439209 0.498039 0.498039 0.498039 #1.000000
v -0.551514 1.574219 0.439209 0.498039 0.498039 0.498039 #1.000000
v -0.673340 1.429932 0.030762 0.498039 0.498039 0.498039 #1.000000
v -0.570068 1.499756 0.409668 0.498039 0.498039 0.498039 #1.000000
v -0.215820 1.636230 0.556885 0.498039 0.498039 0.498039 #1.000000
v 0.248291 1.814697 0.553955 0.498039 0.498039 0.498039 #1.000000
v -0.200195 1.726318 0.570557 0.498039 0.498039 0.498039 #1.000000
v 0.252197 1.922607 0.566650 0.498039 0.498039 0.498039 #1.000000
v -0.200195 1.726318 0.570557 0.498039 0.498039 0.498039 #1.000000
v 0.248291 1.814697 0.553955 0.498039 0.498039 0.498039 #1.000000
v 0.154053 1.694092 -0.140625 0.498039 0.498039 0.498039 #1.000000
v -0.328613 1.525146 -0.106445 0.498039 0.498039 0.498039 #1.000000
v 0.094971 1.754883 -0.120117 0.498039 0.498039 0.498039 #1.000000
v -0.364014 1.600830 -0.073975 0.498039 0.498039 0.498039 #1.000000
v 0.094971 1.754883 -0.120117 0.498039 0.498039 0.498039 #1.000000
v -0.328613 1.525146 -0.106445 0.498039 0.498039 0.498039 #1.000000
v 0.604492 2.073975 0.487305 0.498039 0.498039 0.498039 #1.000000
v 0.252197 1.922607 0.566650 0.498039 0.498039 0.498039 #1.000000
v 0.593750 1.950195 0.463623 0.498039 0.498039 0.498039 #1.000000
v 0.248291 1.814697 0.553955 0.498039 0.498039 0.498039 #1.000000
v 0.593750 1.950195 0.463623 0.498039 0.498039 0.498039 #1.000000
v 0.252197 1.922607 0.566650 0.498039 0.498039 0.498039 #1.000000
v -0.551514 1.574219 0.439209 0.498039 0.498039 0.498039 #1.000000
v -0.745850 1.715576 0.487305 0.498039 0.498039 0.498039 #1.000000
v -0.626221 1.565430 0.038574 0.498039 0.498039 0.498039 #1.000000
v -0.745850 1.715576 0.487305 0.498039 0.498039 0.498039 #1.000000
v -0.746826 1.665527 0.115234 0.498039 0.498039 0.498039 #1.000000
v -0.626221 1.565430 0.038574 0.498039 0.498039 0.498039 #1.000000
v -0.745850 1.715576 0.487305 0.498039 0.498039 0.498039 #1.000000
v -0.551514 1.574219 0.439209 0.498039 0.498039 0.498039 #1.000000
v -0.209961 1.986572 0.670654 0.498039 0.498039 0.498039 #1.000000
v -0.200195 1.726318 0.570557 0.498039 0.498039 0.498039 #1.000000
v -0.209961 1.986572 0.670654 0.498039 0.498039 0.498039 #1.000000
v -0.551514 1.574219 0.439209 0.498039 0.498039 0.498039 #1.000000
v -0.209961 1.986572 0.670654 0.498039 0.498039 0.498039 #1.000000
v -1.125732 2.526367 0.569580 0.498039 0.498039 0.498039 #1.000000
v -0.745850 1.715576 0.487305 0.498039 0.498039 0.498039 #1.000000
v -0.745850 1.715576 0.487305 0.498039 0.498039 0.498039 #1.000000
v -1.125732 2.526367 0.569580 0.498039 0.498039 0.498039 #1.000000
v -1.125732 2.275146 0.464600 0.498039 0.498039 0.498039 #1.000000
v 0.217773 2.284912 0.652100 0.498039 0.498039 0.498039 #1.000000
v -0.209961 1.986572 0.670654 0.498039 0.498039 0.498039 #1.000000
v 0.252197 1.922607 0.566650 0.498039 0.498039 0.498039 #1.000000
v -0.209961 1.986572 0.670654 0.498039 0.498039 0.498039 #1.000000
v -0.200195 1.726318 0.570557 0.498039 0.498039 0.498039 #1.000000
v 0.252197 1.922607 0.566650 0.498039 0.498039 0.498039 #1.000000
v 0.217773 2.284912 0.652100 0.498039 0.498039 0.498039 #1.000000
v 0.252197 1.922607 0.566650 0.498039 0.498039 0.498039 #1.000000
v 0.644775 2.410645 0.566650 0.498039 0.498039 0.498039 #1.000000
v 0.604492 2.073975 0.487305 0.498039 0.498039 0.498039 #1.000000
v 0.644775 2.410645 0.566650 0.498039 0.498039 0.498039 #1.000000
v 0.252197 1.922607 0.566650 0.498039 0.498039 0.498039 #1.000000
v -0.938232 2.309570 -0.634521 0.498039 0.498039 0.498039 #1.000000
v -0.697754 2.072021 -0.035645 0.498039 0.498039 0.498039 #1.000000
v -1.004883 2.159180 -0.583496 0.498039 0.498039 0.498039 #1.000000
v -0.697754 2.072021 -0.035645 0.498039 0.498039 0.498039 #1.000000
v -0.785156 1.958008 -0.056396 0.498039 0.498039 0.498039 #1.000000
v -1.004883 2.159180 -0.583496 0.498039 0.498039 0.498039 #1.000000
v -1.044189 2.227051 -0.338135 0.498039 0.498039 0.498039 #1.000000
v -1.004883 2.159180 -0.583496 0.498039 0.498039 0.498039 #1.000000
v -0.785156 1.958008 -0.056396 0.498039 0.498039 0.498039 #1.000000
v -0.697754 2.072021 -0.035645 0.498039 0.498039 0.498039 #1.000000
v -0.563232 2.218262 -0.066162 0.498039 0.498039 0.498039 #1.000000
v -0.404297 1.885498 -0.111328 0.498039 0.498039 0.498039 #1.000000
v -0.697754 2.072021 -0.035645 0.498039 0.498039 0.498039 #1.000000
v -0.404297 1.885498 -0.111328 0.498039 0.498039 0.498039 #1.000000
v -0.746826 1.665527 0.115234 0.498039 0.498039 0.498039 #1.000000
v -0.697754 2.072021 -0.035645 0.498039 0.498039 0.498039 #1.000000
v -0.938232 2.309570 -0.634521 0.498039 0.498039 0.498039 #1.000000
v -0.563232 2.218262 -0.066162 0.498039 0.498039 0.498039 #1.000000
v -0.938232 2.309570 -0.634521 0.498039 0.498039 0.498039 #1.000000
v -0.787109 2.439941 -0.586426 0.498039 0.498039 0.498039 #1.000000
v -0.563232 2.218262 -0.066162 0.498039 0.498039 0.498039 #1.000000
v -0.347412 2.295654 -0.035645 0.498039 0.498039 0.498039 #1.000000
v -0.563232 2.218262 -0.066162 0.498039 0.498039 0.498039 #1.000000
v -0.571045 2.567627 -0.633545 0.498039 0.498039 0.498039 #1.000000
v -0.571045 2.567627 -0.633545 0.498039 0.498039 0.498039 #1.000000
v -0.563232 2.218262 -0.066162 0.498039 0.498039 0.498039 #1.000000
v -0.787109 2.439941 -0.586426 0.498039 0.498039 0.498039 #1.000000
v -0.563232 2.218262 -0.066162 0.498039 0.498039 0.498039 #1.000000
v -0.347412 2.295654 -0.035645 0.498039 0.498039 0.498039 #1.000000
v -0.404297 1.885498 -0.111328 0.498039 0.498039 0.498039 #1.000000
v -0.009766 2.490967 -0.041504 0.498039 0.498039 0.498039 #1.000000
v -0.185303 2.442871 -0.073975 0.498039 0.498039 0.498039 #1.000000
v -0.181396 2.821777 -0.645264 0.498039 0.498039 0.498039 #1.000000
v -0.181396 2.821777 -0.645264 0.498039 0.498039 0.498039 #1.000000
v -0.185303 2.442871 -0.073975 0.498039 0.498039 0.498039 #1.000000
v -0.375732 2.709961 -0.596191 0.498039 0.498039 0.498039 #1.000000
v -0.009766 2.490967 -0.041504 0.498039 0.498039 0.498039 #1.000000
v -0.061768 2.146484 -0.072998 0.498039 0.498039 0.498039 #1.000000
v -0.185303 2.442871 -0.073975 0.498039 0.498039 0.498039 #1.000000
v -0.185303 2.442871 -0.073975 0.498039 0.498039 0.498039 #1.000000
v -0.061768 2.146484 -0.072998 0.498039 0.498039 0.498039 #1.000000
v -0.347412 2.295654 -0.035645 0.498039 0.498039 0.498039 #1.000000
v -0.347412 2.295654 -0.035645 0.498039 0.498039 0.498039 #1.000000
v -0.571045 2.567627 -0.633545 0.498039 0.498039 0.498039 #1.000000
v -0.185303 2.442871 -0.073975 0.498039 0.498039 0.498039 #1.000000
v -0.571045 2.567627 -0.633545 0.498039 0.498039 0.498039 #1.000000
v -0.375732 2.709961 -0.596191 0.498039 0.498039 0.498039 #1.000000
v -0.185303 2.442871 -0.073975 0.498039 0.498039 0.498039 #1.000000
v 0.119629 2.708008 -0.094482 0.498039 0.498039 0.498039 #1.000000
v 0.226562 2.672607 -0.036621 0.498039 0.498039 0.498039 #1.000000
v -0.009766 2.490967 -0.041504 0.498039 0.498039 0.498039 #1.000000
v 0.226562 2.672607 -0.036621 0.498039 0.498039 0.498039 #1.000000
v -0.061768 2.146484 -0.072998 0.498039 0.498039 0.498039 #1.000000
v -0.009766 2.490967 -0.041504 0.498039 0.498039 0.498039 #1.000000
v -0.181396 2.821777 -0.645264 0.498039 0.498039 0.498039 #1.000000
v -0.006836 2.957275 -0.577637 0.498039 0.498039 0.498039 #1.000000
v -0.009766 2.490967 -0.041504 0.498039 0.498039 0.498039 #1.000000
v -0.006836 2.957275 -0.577637 0.498039 0.498039 0.498039 #1.000000
v 0.119629 2.708008 -0.094482 0.498039 0.498039 0.498039 #1.000000
v -0.009766 2.490967 -0.041504 0.498039 0.498039 0.498039 #1.000000
v 0.243408 2.814941 -0.106445 0.498039 0.498039 0.498039 #1.000000
v 0.119629 2.708008 -0.094482 0.498039 0.498039 0.498039 #1.000000
v 0.164795 3.054443 -0.625732 0.498039 0.498039 0.498039 #1.000000
v 0.164795 3.054443 -0.625732 0.498039 0.498039 0.498039 #1.000000
v 0.119629 2.708008 -0.094482 0.498039 0.498039 0.498039 #1.000000
v -0.006836 2.957275 -0.577637 0.498039 0.498039 0.498039 #1.000000
v 0.243408 2.814941 -0.106445 0.498039 0.498039 0.498039 #1.000000
v 0.226562 2.672607 -0.036621 0.498039 0.498039 0.498039 #1.000000
v 0.119629 2.708008 -0.094482 0.498039 0.498039 0.498039 #1.000000
v 0.309082 3.251709 0.076904 0.498039 0.498039 0.498039 #1.000000
v 0.226562 2.672607 -0.036621 0.498039 0.498039 0.498039 #1.000000
v 0.285400 2.972900 -0.094482 0.498039 0.498039 0.498039 #1.000000
v 0.285400 2.972900 -0.094482 0.498039 0.498039 0.498039 #1.000000
v 0.226562 2.672607 -0.036621 0.498039 0.498039 0.498039 #1.000000
v 0.243408 2.814941 -0.106445 0.498039 0.498039 0.498039 #1.000000
v 0.243408 2.814941 -0.106445 0.498039 0.498039 0.498039 #1.000000
v 0.164795 3.054443 -0.625732 0.498039 0.498039 0.498039 #1.000000
v 0.285400 2.972900 -0.094482 0.498039 0.498039 0.498039 #1.000000
v 0.164795 3.054443 -0.625732 0.498039 0.498039 0.498039 #1.000000
v 0.273682 3.146729 -0.558838 0.498039 0.498039 0.498039 #1.000000
v 0.285400 2.972900 -0.094482 0.498039 0.498039 0.498039 #1.000000
v 0.285400 2.972900 -0.094482 0.498039 0.498039 0.498039 #1.000000
v 0.273682 3.146729 -0.558838 0.498039 0.498039 0.498039 #1.000000
v 0.215820 3.278320 -0.233887 0.498039 0.498039 0.498039 #1.000000
v 0.285400 2.972900 -0.094482 0.498039 0.498039 0.498039 #1.000000
v 0.215820 3.278320 -0.233887 0.498039 0.498039 0.498039 #1.000000
v 0.309082 3.251709 0.076904 0.498039 0.498039 0.498039 #1.000000
v -1.258301 2.820801 -0.411621 0.498039 0.498039 0.498039 #1.000000
v -0.938232 2.309570 -0.634521 0.498039 0.498039 0.498039 #1.000000
v -1.323975 2.566650 -0.386230 0.498039 0.498039 0.498039 #1.000000
v -0.938232 2.309570 -0.634521 0.498039 0.498039 0.498039 #1.000000
v -1.004883 2.159180 -0.583496 0.498039 0.498039 0.498039 #1.000000
v -1.323975 2.566650 -0.386230 0.498039 0.498039 0.498039 #1.000000
v -1.004883 2.159180 -0.583496 0.498039 0.498039 0.498039 #1.000000
v -1.044189 2.227051 -0.338135 0.498039 0.498039 0.498039 #1.000000
v -1.323975 2.566650 -0.386230 0.498039 0.498039 0.498039 #1.000000
v -1.044189 2.227051 -0.338135 0.498039 0.498039 0.498039 #1.000000
v -1.160156 2.401611 -0.255615 0.498039 0.498039 0.498039 #1.000000
v -1.323975 2.566650 -0.386230 0.498039 0.498039 0.498039 #1.000000
v 0.008789 3.708252 -0.381104 0.498039 0.498039 0.498039 #1.000000
v 0.111816 3.619873 0.460693 0.498039 0.498039 0.498039 #1.000000
v 0.148193 3.486328 -0.268311 0.498039 0.498039 0.498039 #1.000000
v 0.148193 3.486328 -0.268311 0.498039 0.498039 0.498039 #1.000000
v 0.111816 3.619873 0.460693 0.498039 0.498039 0.498039 #1.000000
v 0.301270 3.391113 0.140625 0.498039 0.498039 0.498039 #1.000000
v 0.008789 3.708252 -0.381104 0.498039 0.498039 0.498039 #1.000000
v 0.148193 3.486328 -0.268311 0.498039 0.498039 0.498039 #1.000000
v 0.273682 3.146729 -0.558838 0.498039 0.498039 0.498039 #1.000000
v 0.215820 3.278320 -0.233887 0.498039 0.498039 0.498039 #1.000000
v 0.273682 3.146729 -0.558838 0.498039 0.498039 0.498039 #1.000000
v 0.148193 3.486328 -0.268311 0.498039 0.498039 0.498039 #1.000000
v -1.258301 2.820801 -0.411621 0.498039 0.498039 0.498039 #1.000000
v -1.069824 2.953369 -0.369385 0.498039 0.498039 0.498039 #1.000000
v -0.938232 2.309570 -0.634521 0.498039 0.498039 0.498039 #1.000000
v -1.069824 2.953369 -0.369385 0.498039 0.498039 0.498039 #1.000000
v -0.787109 2.439941 -0.586426 0.498039 0.498039 0.498039 #1.000000
v -0.938232 2.309570 -0.634521 0.498039 0.498039 0.498039 #1.000000
v -0.571045 2.567627 -0.633545 0.498039 0.498039 0.498039 #1.000000
v -0.787109 2.439941 -0.586426 0.498039 0.498039 0.498039 #1.000000
v -0.909668 3.193848 -0.386230 0.498039 0.498039 0.498039 #1.000000
v -0.909668 3.193848 -0.386230 0.498039 0.498039 0.498039 #1.000000
v -0.787109 2.439941 -0.586426 0.498039 0.498039 0.498039 #1.000000
v -1.069824 2.953369 -0.369385 0.498039 0.498039 0.498039 #1.000000
v -0.909668 3.193848 -0.386230 0.498039 0.498039 0.498039 #1.000000
v -0.697754 3.307617 -0.375244 0.498039 0.498039 0.498039 #1.000000
v -0.571045 2.567627 -0.633545 0.498039 0.498039 0.498039 #1.000000
v -0.697754 3.307617 -0.375244 0.498039 0.498039 0.498039 #1.000000
v -0.375732 2.709961 -0.596191 0.498039 0.498039 0.498039 #1.000000
v -0.571045 2.567627 -0.633545 0.498039 0.498039 0.498039 #1.000000
v -0.181396 2.821777 -0.645264 0.498039 0.498039 0.498039 #1.000000
v -0.375732 2.709961 -0.596191 0.498039 0.498039 0.498039 #1.000000
v -0.532959 3.497070 -0.404785 0.498039 0.498039 0.498039 #1.000000
v -0.532959 3.497070 -0.404785 0.498039 0.498039 0.498039 #1.000000
v -0.375732 2.709961 -0.596191 0.498039 0.498039 0.498039 #1.000000
v -0.697754 3.307617 -0.375244 0.498039 0.498039 0.498039 #1.000000
v -0.532959 3.497070 -0.404785 0.498039 0.498039 0.498039 #1.000000
v -0.303223 3.533447 -0.381104 0.498039 0.498039 0.498039 #1.000000
v -0.181396 2.821777 -0.645264 0.498039 0.498039 0.498039 #1.000000
v -0.303223 3.533447 -0.381104 0.498039 0.498039 0.498039 #1.000000
v -0.006836 2.957275 -0.577637 0.498039 0.498039 0.498039 #1.000000
v -0.181396 2.821777 -0.645264 0.498039 0.498039 0.498039 #1.000000
v 0.164795 3.054443 -0.625732 0.498039 0.498039 0.498039 #1.000000
v -0.006836 2.957275 -0.577637 0.498039 0.498039 0.498039 #1.000000
v -0.148193 3.686523 -0.401855 0.498039 0.498039 0.498039 #1.000000
v -0.148193 3.686523 -0.401855 0.498039 0.498039 0.498039 #1.000000
v -0.006836 2.957275 -0.577637 0.498039 0.498039 0.498039 #1.000000
v -0.303223 3.533447 -0.381104 0.498039 0.498039 0.498039 #1.000000
v -0.148193 3.686523 -0.401855 0.498039 0.498039 0.498039 #1.000000
v 0.008789 3.708252 -0.381104 0.498039 0.498039 0.498039 #1.000000
v 0.164795 3.054443 -0.625732 0.498039 0.498039 0.498039 #1.000000
v 0.008789 3.708252 -0.381104 0.498039 0.498039 0.498039 #1.000000
v 0.273682 3.146729 -0.558838 0.498039 0.498039 0.498039 #1.000000
v 0.164795 3.054443 -0.625732 0.498039 0.498039 0.498039 #1.000000
v 0.249268 3.110352 -0.654053 0.498039 0.498039 0.498039 #1.000000
v 0.256104 3.185059 -0.521484 0.498039 0.498039 0.498039 #1.000000
v -0.121582 3.120117 -0.726807 0.498039 0.498039 0.498039 #1.000000
v 0.256104 3.185059 -0.521484 0.498039 0.498039 0.498039 #1.000000
v 0.249268 3.110352 -0.654053 0.498039 0.498039 0.498039 #1.000000
v 0.507324 2.995605 -0.466553 0.498039 0.498039 0.498039 #1.000000
v 0.507324 2.995605 -0.466553 0.498039 0.498039 0.498039 #1.000000
v 0.581055 3.203613 -0.311523 0.498039 0.498039 0.498039 #1.000000
v 0.256104 3.185059 -0.521484 0.498039 0.498039 0.498039 #1.000000
v 0.327637 3.488281 -0.582520 0.498039 0.498039 0.498039 #1.000000
v 0.256104 3.185059 -0.521484 0.498039 0.498039 0.498039 #1.000000
v 0.581055 3.203613 -0.311523 0.498039 0.498039 0.498039 #1.000000
v 0.327637 3.488281 -0.582520 0.498039 0.498039 0.498039 #1.000000
v -0.189209 3.306641 -0.714844 0.498039 0.498039 0.498039 #1.000000
v 0.256104 3.185059 -0.521484 0.498039 0.498039 0.498039 #1.000000
v -0.189209 3.306641 -0.714844 0.498039 0.498039 0.498039 #1.000000
v -0.121582 3.120117 -0.726807 0.498039 0.498039 0.498039 #1.000000
v 0.256104 3.185059 -0.521484 0.498039 0.498039 0.498039 #1.000000
v -1.258301 2.820801 -0.411621 0.498039 0.498039 0.498039 #1.000000
v -1.323975 2.566650 -0.386230 0.498039 0.498039 0.498039 #1.000000
v -1.211182 2.697266 0.408691 0.498039 0.498039 0.498039 #1.000000
v -1.211182 2.697266 0.408691 0.498039 0.498039 0.498039 #1.000000
v -1.323975 2.566650 -0.386230 0.498039 0.498039 0.498039 #1.000000
v -1.263184 2.485107 0.300781 0.498039 0.498039 0.498039 #1.000000
v -1.008789 2.831543 0.505859 0.498039 0.498039 0.498039 #1.000000
v -1.069824 2.953369 -0.369385 0.498039 0.498039 0.498039 #1.000000
v -1.211182 2.697266 0.408691 0.498039 0.498039 0.498039 #1.000000
v -1.211182 2.697266 0.408691 0.498039 0.498039 0.498039 #1.000000
v -1.069824 2.953369 -0.369385 0.498039 0.498039 0.498039 #1.000000
v -1.258301 2.820801 -0.411621 0.498039 0.498039 0.498039 #1.000000
v -1.263184 2.485107 0.300781 0.498039 0.498039 0.498039 #1.000000
v -1.323975 2.566650 -0.386230 0.498039 0.498039 0.498039 #1.000000
v -1.096191 2.240723 0.107422 0.498039 0.498039 0.498039 #1.000000
v -1.160156 2.401611 -0.255615 0.498039 0.498039 0.498039 #1.000000
v -1.096191 2.240723 0.107422 0.498039 0.498039 0.498039 #1.000000
v -1.323975 2.566650 -0.386230 0.498039 0.498039 0.498039 #1.000000
v -0.909668 3.193848 -0.386230 0.498039 0.498039 0.498039 #1.000000
v -1.069824 2.953369 -0.369385 0.498039 0.498039 0.498039 #1.000000
v -0.833252 3.063232 0.590332 0.498039 0.498039 0.498039 #1.000000
v -0.833252 3.063232 0.590332 0.498039 0.498039 0.498039 #1.000000
v -1.069824 2.953369 -0.369385 0.498039 0.498039 0.498039 #1.000000
v -1.008789 2.831543 0.505859 0.498039 0.498039 0.498039 #1.000000
v -0.614258 3.194824 0.607910 0.498039 0.498039 0.498039 #1.000000
v -0.697754 3.307617 -0.375244 0.498039 0.498039 0.498039 #1.000000
v -0.833252 3.063232 0.590332 0.498039 0.498039 0.498039 #1.000000
v -0.833252 3.063232 0.590332 0.498039 0.498039 0.498039 #1.000000
v -0.697754 3.307617 -0.375244 0.498039 0.498039 0.498039 #1.000000
v -0.909668 3.193848 -0.386230 0.498039 0.498039 0.498039 #1.000000
v -0.532959 3.497070 -0.404785 0.498039 0.498039 0.498039 #1.000000
v -0.697754 3.307617 -0.375244 0.498039 0.498039 0.498039 #1.000000
v -0.454346 3.349854 0.640381 0.498039 0.498039 0.498039 #1.000000
v -0.454346 3.349854 0.640381 0.498039 0.498039 0.498039 #1.000000
v -0.697754 3.307617 -0.375244 0.498039 0.498039 0.498039 #1.000000
v -0.614258 3.194824 0.607910 0.498039 0.498039 0.498039 #1.000000
v -0.532959 3.497070 -0.404785 0.498039 0.498039 0.498039 #1.000000
v -0.454346 3.349854 0.640381 0.498039 0.498039 0.498039 #1.000000
v -0.303223 3.533447 -0.381104 0.498039 0.498039 0.498039 #1.000000
v -0.454346 3.349854 0.640381 0.498039 0.498039 0.498039 #1.000000
v -0.255127 3.437256 0.580566 0.498039 0.498039 0.498039 #1.000000
v -0.303223 3.533447 -0.381104 0.498039 0.498039 0.498039 #1.000000
v -0.614258 3.194824 0.607910 0.498039 0.498039 0.498039 #1.000000
v -0.361084 3.170166 0.798340 0.498039 0.498039 0.498039 #1.000000
v -0.454346 3.349854 0.640381 0.498039 0.498039 0.498039 #1.000000
v -0.255127 3.437256 0.580566 0.498039 0.498039 0.498039 #1.000000
v -0.454346 3.349854 0.640381 0.498039 0.498039 0.498039 #1.000000
v -0.361084 3.170166 0.798340 0.498039 0.498039 0.498039 #1.000000
v -0.121582 3.587402 0.565674 0.498039 0.498039 0.498039 #1.000000
v 0.111816 3.619873 0.460693 0.498039 0.498039 0.498039 #1.000000
v -0.148193 3.686523 -0.401855 0.498039 0.498039 0.498039 #1.000000
v 0.111816 3.619873 0.460693 0.498039 0.498039 0.498039 #1.000000
v 0.008789 3.708252 -0.381104 0.498039 0.498039 0.498039 #1.000000
v -0.148193 3.686523 -0.401855 0.498039 0.498039 0.498039 #1.000000
v -0.255127 3.437256 0.580566 0.498039 0.498039 0.498039 #1.000000
v -0.361084 3.170166 0.798340 0.498039 0.498039 0.498039 #1.000000
v -0.024414 3.389160 0.660889 0.498039 0.498039 0.498039 #1.000000
v -0.255127 3.437256 0.580566 0.498039 0.498039 0.498039 #1.000000
v -0.024414 3.389160 0.660889 0.498039 0.498039 0.498039 #1.000000
v -0.121582 3.587402 0.565674 0.498039 0.498039 0.498039 #1.000000
v -0.148193 3.686523 -0.401855 0.498039 0.498039 0.498039 #1.000000
v -0.303223 3.533447 -0.381104 0.498039 0.498039 0.498039 #1.000000
v -0.121582 3.587402 0.565674 0.498039 0.498039 0.498039 #1.000000
v -0.121582 3.587402 0.565674 0.498039 0.498039 0.498039 #1.000000
v -0.303223 3.533447 -0.381104 0.498039 0.498039 0.498039 #1.000000
v -0.255127 3.437256 0.580566 0.498039 0.498039 0.498039 #1.000000
v 0.364014 3.338135 -0.934814 0.498039 0.498039 0.498039 #1.000000
v -0.156982 3.225342 -0.968262 0.498039 0.498039 0.498039 #1.000000
v 0.327637 3.488281 -0.582520 0.498039 0.498039 0.498039 #1.000000
v -0.156982 3.225342 -0.968262 0.498039 0.498039 0.498039 #1.000000
v -0.189209 3.306641 -0.714844 0.498039 0.498039 0.498039 #1.000000
v 0.327637 3.488281 -0.582520 0.498039 0.498039 0.498039 #1.000000
v -0.156982 3.225342 -0.968262 0.498039 0.498039 0.498039 #1.000000
v -0.109863 3.089844 -0.946533 0.498039 0.498039 0.498039 #1.000000
v -0.189209 3.306641 -0.714844 0.498039 0.498039 0.498039 #1.000000
v -0.109863 3.089844 -0.946533 0.498039 0.498039 0.498039 #1.000000
v -0.121582 3.120117 -0.726807 0.498039 0.498039 0.498039 #1.000000
v -0.189209 3.306641 -0.714844 0.498039 0.498039 0.498039 #1.000000
v 0.291504 3.089844 -0.882812 0.498039 0.498039 0.498039 #1.000000
v 0.249268 3.110352 -0.654053 0.498039 0.498039 0.498039 #1.000000
v -0.109863 3.089844 -0.946533 0.498039 0.498039 0.498039 #1.000000
v 0.249268 3.110352 -0.654053 0.498039 0.498039 0.498039 #1.000000
v -0.121582 3.120117 -0.726807 0.498039 0.498039 0.498039 #1.000000
v -0.109863 3.089844 -0.946533 0.498039 0.498039 0.498039 #1.000000
v 0.364014 3.338135 -0.934814 0.498039 0.498039 0.498039 #1.000000
v 0.291504 3.089844 -0.882812 0.498039 0.498039 0.498039 #1.000000
v -0.156982 3.225342 -0.968262 0.498039 0.498039 0.498039 #1.000000
v -0.156982 3.225342 -0.968262 0.498039 0.498039 0.498039 #1.000000
v 0.291504 3.089844 -0.882812 0.498039 0.498039 0.498039 #1.000000
v -0.109863 3.089844 -0.946533 0.498039 0.498039 0.498039 #1.000000
v -0.061768 2.146484 -0.072998 0.498039 0.498039 0.498039 #1.000000
v 0.226562 2.672607 -0.036621 0.498039 0.498039 0.498039 #1.000000
v 0.395508 2.716797 -0.281982 0.498039 0.498039 0.498039 #1.000000
v 0.309082 3.251709 0.076904 0.498039 0.498039 0.498039 #1.000000
v 0.395508 2.716797 -0.281982 0.498039 0.498039 0.498039 #1.000000
v 0.226562 2.672607 -0.036621 0.498039 0.498039 0.498039 #1.000000
v 0.309082 3.251709 0.076904 0.498039 0.498039 0.498039 #1.000000
v 0.513184 3.098633 0.208496 0.498039 0.498039 0.498039 #1.000000
v 0.581055 3.203613 -0.311523 0.498039 0.498039 0.498039 #1.000000
v 0.513184 3.098633 0.208496 0.498039 0.498039 0.498039 #1.000000
v 0.800781 3.291992 -0.299805 0.498039 0.498039 0.498039 #1.000000
v 0.581055 3.203613 -0.311523 0.498039 0.498039 0.498039 #1.000000
v 0.327637 3.488281 -0.582520 0.498039 0.498039 0.498039 #1.000000
v 0.581055 3.203613 -0.311523 0.498039 0.498039 0.498039 #1.000000
v 0.800781 3.291992 -0.299805 0.498039 0.498039 0.498039 #1.000000
v 0.309082 3.251709 0.076904 0.498039 0.498039 0.498039 #1.000000
v 0.581055 3.203613 -0.311523 0.498039 0.498039 0.498039 #1.000000
v 0.395508 2.716797 -0.281982 0.498039 0.498039 0.498039 #1.000000
v 0.395508 2.716797 -0.281982 0.498039 0.498039 0.498039 #1.000000
v 0.581055 3.203613 -0.311523 0.498039 0.498039 0.498039 #1.000000
v 0.507324 2.995605 -0.466553 0.498039 0.498039 0.498039 #1.000000
v 0.090088 1.844238 -0.171143 0.498039 0.498039 0.498039 #1.000000
v 0.462158 1.926758 -0.099609 0.498039 0.498039 0.498039 #1.000000
v 0.094971 1.754883 -0.120117 0.498039 0.498039 0.498039 #1.000000
v 0.741943 2.261475 -0.299805 0.498039 0.498039 0.498039 #1.000000
v 0.462158 1.926758 -0.099609 0.498039 0.498039 0.498039 #1.000000
v 0.336670 2.159180 -0.364502 0.498039 0.498039 0.498039 #1.000000
v 0.090088 1.844238 -0.171143 0.498039 0.498039 0.498039 #1.000000
v 0.336670 2.159180 -0.364502 0.498039 0.498039 0.498039 #1.000000
v 0.462158 1.926758 -0.099609 0.498039 0.498039 0.498039 #1.000000
v 0.291504 3.089844 -0.882812 0.498039 0.498039 0.498039 #1.000000
v 0.635986 2.946533 -0.685547 0.498039 0.498039 0.498039 #1.000000
v 0.249268 3.110352 -0.654053 0.498039 0.498039 0.498039 #1.000000
v 0.635986 2.946533 -0.685547 0.498039 0.498039 0.498039 #1.000000
v 0.507324 2.995605 -0.466553 0.498039 0.498039 0.498039 #1.000000
v 0.249268 3.110352 -0.654053 0.498039 0.498039 0.498039 #1.000000
v 0.741943 2.261475 -0.299805 0.498039 0.498039 0.498039 #1.000000
v 0.336670 2.159180 -0.364502 0.498039 0.498039 0.498039 #1.000000
v 0.919678 2.770752 -0.549072 0.498039 0.498039 0.498039 #1.000000
v 0.336670 2.159180 -0.364502 0.498039 0.498039 0.498039 #1.000000
v 0.568115 2.707031 -0.585449 0.498039 0.498039 0.498039 #1.000000
v 0.919678 2.770752 -0.549072 0.498039 0.498039 0.498039 #1.000000
v 0.336670 2.159180 -0.364502 0.498039 0.498039 0.498039 #1.000000
v 0.090088 1.844238 -0.171143 0.498039 0.498039 0.498039 #1.000000
v -0.061768 2.146484 -0.072998 0.498039 0.498039 0.498039 #1.000000
v 0.395508 2.716797 -0.281982 0.498039 0.498039 0.498039 #1.000000
v 0.336670 2.159180 -0.364502 0.498039 0.498039 0.498039 #1.000000
v -0.061768 2.146484 -0.072998 0.498039 0.498039 0.498039 #1.000000
v 0.336670 2.159180 -0.364502 0.498039 0.498039 0.498039 #1.000000
v 0.395508 2.716797 -0.281982 0.498039 0.498039 0.498039 #1.000000
v 0.568115 2.707031 -0.585449 0.498039 0.498039 0.498039 #1.000000
v 0.507324 2.995605 -0.466553 0.498039 0.498039 0.498039 #1.000000
v 0.635986 2.946533 -0.685547 0.498039 0.498039 0.498039 #1.000000
v 0.395508 2.716797 -0.281982 0.498039 0.498039 0.498039 #1.000000
v 0.635986 2.946533 -0.685547 0.498039 0.498039 0.498039 #1.000000
v 0.568115 2.707031 -0.585449 0.498039 0.498039 0.498039 #1.000000
v 0.395508 2.716797 -0.281982 0.498039 0.498039 0.498039 #1.000000
v 0.784180 3.148682 -0.706055 0.498039 0.498039 0.498039 #1.000000
v 0.919678 2.770752 -0.549072 0.498039 0.498039 0.498039 #1.000000
v 0.635986 2.946533 -0.685547 0.498039 0.498039 0.498039 #1.000000
v 0.919678 2.770752 -0.549072 0.498039 0.498039 0.498039 #1.000000
v 0.568115 2.707031 -0.585449 0.498039 0.498039 0.498039 #1.000000
v 0.635986 2.946533 -0.685547 0.498039 0.498039 0.498039 #1.000000
v 0.784180 3.148682 -0.706055 0.498039 0.498039 0.498039 #1.000000
v 0.635986 2.946533 -0.685547 0.498039 0.498039 0.498039 #1.000000
v 0.364014 3.338135 -0.934814 0.498039 0.498039 0.498039 #1.000000
v 0.364014 3.338135 -0.934814 0.498039 0.498039 0.498039 #1.000000
v 0.635986 2.946533 -0.685547 0.498039 0.498039 0.498039 #1.000000
v 0.291504 3.089844 -0.882812 0.498039 0.498039 0.498039 #1.000000
v 0.327637 3.488281 -0.582520 0.498039 0.498039 0.498039 #1.000000
v 0.800781 3.291992 -0.299805 0.498039 0.498039 0.498039 #1.000000
v 0.364014 3.338135 -0.934814 0.498039 0.498039 0.498039 #1.000000
v 0.800781 3.291992 -0.299805 0.498039 0.498039 0.498039 #1.000000
v 0.784180 3.148682 -0.706055 0.498039 0.498039 0.498039 #1.000000
v 0.364014 3.338135 -0.934814 0.498039 0.498039 0.498039 #1.000000
v 0.975586 2.825684 -0.276123 0.498039 0.498039 0.498039 #1.000000
v 0.800781 3.291992 -0.299805 0.498039 0.498039 0.498039 #1.000000
v 0.854736 2.893555 0.173096 0.498039 0.498039 0.498039 #1.000000
v 0.800781 3.291992 -0.299805 0.498039 0.498039 0.498039 #1.000000
v 0.513184 3.098633 0.208496 0.498039 0.498039 0.498039 #1.000000
v 0.854736 2.893555 0.173096 0.498039 0.498039 0.498039 #1.000000
v 0.800781 3.291992 -0.299805 0.498039 0.498039 0.498039 #1.000000
v 0.975586 2.825684 -0.276123 0.498039 0.498039 0.498039 #1.000000
v 0.784180 3.148682 -0.706055 0.498039 0.498039 0.498039 #1.000000
v 0.975586 2.825684 -0.276123 0.498039 0.498039 0.498039 #1.000000
v 0.919678 2.770752 -0.549072 0.498039 0.498039 0.498039 #1.000000
v 0.784180 3.148682 -0.706055 0.498039 0.498039 0.498039 #1.000000
v -0.061768 2.146484 -0.072998 0.498039 0.498039 0.498039 #1.000000
v 0.090088 1.844238 -0.171143 0.498039 0.498039 0.498039 #1.000000
v -0.345459 1.706787 -0.119141 0.498039 0.498039 0.498039 #1.000000
v 0.094971 1.754883 -0.120117 0.498039 0.498039 0.498039 #1.000000
v -0.364014 1.600830 -0.073975 0.498039 0.498039 0.498039 #1.000000
v 0.090088 1.844238 -0.171143 0.498039 0.498039 0.498039 #1.000000
v -0.364014 1.600830 -0.073975 0.498039 0.498039 0.498039 #1.000000
v -0.345459 1.706787 -0.119141 0.498039 0.498039 0.498039 #1.000000
v 0.090088 1.844238 -0.171143 0.498039 0.498039 0.498039 #1.000000
v -0.364014 1.600830 -0.073975 0.498039 0.498039 0.498039 #1.000000
v -0.626221 1.565430 0.038574 0.498039 0.498039 0.498039 #1.000000
v -0.345459 1.706787 -0.119141 0.498039 0.498039 0.498039 #1.000000
v 0.651611 2.091553 0.184814 0.498039 0.498039 0.498039 #1.000000
v 0.807617 2.419434 0.329102 0.498039 0.498039 0.498039 #1.000000
v 0.604492 2.073975 0.487305 0.498039 0.498039 0.498039 #1.000000
v 0.807617 2.419434 0.329102 0.498039 0.498039 0.498039 #1.000000
v 0.644775 2.410645 0.566650 0.498039 0.498039 0.498039 #1.000000
v 0.604492 2.073975 0.487305 0.498039 0.498039 0.498039 #1.000000
v 0.807617 2.419434 0.329102 0.498039 0.498039 0.498039 #1.000000
v 0.854736 2.893555 0.173096 0.498039 0.498039 0.498039 #1.000000
v 0.644775 2.410645 0.566650 0.498039 0.498039 0.498039 #1.000000
v 0.384766 3.101562 0.550049 0.498039 0.498039 0.498039 #1.000000
v 0.644775 2.410645 0.566650 0.498039 0.498039 0.498039 #1.000000
v 0.854736 2.893555 0.173096 0.498039 0.498039 0.498039 #1.000000
v -0.061768 2.146484 -0.072998 0.498039 0.498039 0.498039 #1.000000
v -0.404297 1.885498 -0.111328 0.498039 0.498039 0.498039 #1.000000
v -0.347412 2.295654 -0.035645 0.498039 0.498039 0.498039 #1.000000
v -0.404297 1.885498 -0.111328 0.498039 0.498039 0.498039 #1.000000
v -0.061768 2.146484 -0.072998 0.498039 0.498039 0.498039 #1.000000
v -0.345459 1.706787 -0.119141 0.498039 0.498039 0.498039 #1.000000
v 0.309082 3.251709 0.076904 0.498039 0.498039 0.498039 #1.000000
v 0.301270 3.391113 0.140625 0.498039 0.498039 0.498039 #1.000000
v 0.513184 3.098633 0.208496 0.498039 0.498039 0.498039 #1.000000
v 0.111816 3.619873 0.460693 0.498039 0.498039 0.498039 #1.000000
v 0.233398 3.370605 0.493164 0.498039 0.498039 0.498039 #1.000000
v 0.301270 3.391113 0.140625 0.498039 0.498039 0.498039 #1.000000
v 0.301270 3.391113 0.140625 0.498039 0.498039 0.498039 #1.000000
v 0.233398 3.370605 0.493164 0.498039 0.498039 0.498039 #1.000000
v 0.384766 3.101562 0.550049 0.498039 0.498039 0.498039 #1.000000
v 0.513184 3.098633 0.208496 0.498039 0.498039 0.498039 #1.000000
v 0.301270 3.391113 0.140625 0.498039 0.498039 0.498039 #1.000000
v 0.384766 3.101562 0.550049 0.498039 0.498039 0.498039 #1.000000
v 0.384766 3.101562 0.550049 0.498039 0.498039 0.498039 #1.000000
v 0.854736 2.893555 0.173096 0.498039 0.498039 0.498039 #1.000000
v 0.513184 3.098633 0.208496 0.498039 0.498039 0.498039 #1.000000
v 0.217773 2.284912 0.652100 0.498039 0.498039 0.498039 #1.000000
v 0.644775 2.410645 0.566650 0.498039 0.498039 0.498039 #1.000000
v -0.024414 3.389160 0.660889 0.498039 0.498039 0.498039 #1.000000
v 0.644775 2.410645 0.566650 0.498039 0.498039 0.498039 #1.000000
v 0.384766 3.101562 0.550049 0.498039 0.498039 0.498039 #1.000000
v -0.024414 3.389160 0.660889 0.498039 0.498039 0.498039 #1.000000
v 0.233398 3.370605 0.493164 0.498039 0.498039 0.498039 #1.000000
v -0.024414 3.389160 0.660889 0.498039 0.498039 0.498039 #1.000000
v 0.384766 3.101562 0.550049 0.498039 0.498039 0.498039 #1.000000
v -0.024414 3.389160 0.660889 0.498039 0.498039 0.498039 #1.000000
v 0.233398 3.370605 0.493164 0.498039 0.498039 0.498039 #1.000000
v -0.121582 3.587402 0.565674 0.498039 0.498039 0.498039 #1.000000
v 0.111816 3.619873 0.460693 0.498039 0.498039 0.498039 #1.000000
v -0.121582 3.587402 0.565674 0.498039 0.498039 0.498039 #1.000000
v 0.233398 3.370605 0.493164 0.498039 0.498039 0.498039 #1.000000
v 0.217773 2.284912 0.652100 0.498039 0.498039 0.498039 #1.000000
v -0.024414 3.389160 0.660889 0.498039 0.498039 0.498039 #1.000000
v -0.361084 3.170166 0.798340 0.498039 0.498039 0.498039 #1.000000
v 0.217773 2.284912 0.652100 0.498039 0.498039 0.498039 #1.000000
v -0.361084 3.170166 0.798340 0.498039 0.498039 0.498039 #1.000000
v -0.209961 1.986572 0.670654 0.498039 0.498039 0.498039 #1.000000
v -0.361084 3.170166 0.798340 0.498039 0.498039 0.498039 #1.000000
v -0.739990 2.892578 0.740479 0.498039 0.498039 0.498039 #1.000000
v -0.209961 1.986572 0.670654 0.498039 0.498039 0.498039 #1.000000
v -0.614258 3.194824 0.607910 0.498039 0.498039 0.498039 #1.000000
v -0.739990 2.892578 0.740479 0.498039 0.498039 0.498039 #1.000000
v -0.361084 3.170166 0.798340 0.498039 0.498039 0.498039 #1.000000
v -0.614258 3.194824 0.607910 0.498039 0.498039 0.498039 #1.000000
v -0.833252 3.063232 0.590332 0.498039 0.498039 0.498039 #1.000000
v -0.739990 2.892578 0.740479 0.498039 0.498039 0.498039 #1.000000
v -1.125732 2.526367 0.569580 0.498039 0.498039 0.498039 #1.000000
v -0.209961 1.986572 0.670654 0.498039 0.498039 0.498039 #1.000000
v -0.739990 2.892578 0.740479 0.498039 0.498039 0.498039 #1.000000
v -1.008789 2.831543 0.505859 0.498039 0.498039 0.498039 #1.000000
v -0.739990 2.892578 0.740479 0.498039 0.498039 0.498039 #1.000000
v -0.833252 3.063232 0.590332 0.498039 0.498039 0.498039 #1.000000
v -1.008789 2.831543 0.505859 0.498039 0.498039 0.498039 #1.000000
v -1.125732 2.526367 0.569580 0.498039 0.498039 0.498039 #1.000000
v -0.739990 2.892578 0.740479 0.498039 0.498039 0.498039 #1.000000
v -1.008789 2.831543 0.505859 0.498039 0.498039 0.498039 #1.000000
v -1.211182 2.697266 0.408691 0.498039 0.498039 0.498039 #1.000000
v -1.125732 2.526367 0.569580 0.498039 0.498039 0.498039 #1.000000
v -1.125732 2.275146 0.464600 0.498039 0.498039 0.498039 #1.000000
v -1.125732 2.526367 0.569580 0.498039 0.498039 0.498039 #1.000000
v -1.263184 2.485107 0.300781 0.498039 0.498039 0.498039 #1.000000
v -1.125732 2.526367 0.569580 0.498039 0.498039 0.498039 #1.000000
v -1.211182 2.697266 0.408691 0.498039 0.498039 0.498039 #1.000000
v -1.263184 2.485107 0.300781 0.498039 0.498039 0.498039 #1.000000
v -0.404297 1.885498 -0.111328 0.498039 0.498039 0.498039 #1.000000
v -0.345459 1.706787 -0.119141 0.498039 0.498039 0.498039 #1.000000
v -0.746826 1.665527 0.115234 0.498039 0.498039 0.498039 #1.000000
v -0.345459 1.706787 -0.119141 0.498039 0.498039 0.498039 #1.000000
v -0.626221 1.565430 0.038574 0.498039 0.498039 0.498039 #1.000000
v -0.746826 1.665527 0.115234 0.498039 0.498039 0.498039 #1.000000
v -0.570068 1.499756 0.409668 0.498039 0.498039 0.498039 #1.000000
v -0.215820 1.636230 0.556885 0.498039 0.498039 0.498039 #1.000000
v -0.551514 1.574219 0.439209 0.498039 0.498039 0.498039 #1.000000
v -0.200195 1.726318 0.570557 0.498039 0.498039 0.498039 #1.000000
v -0.551514 1.574219 0.439209 0.498039 0.498039 0.498039 #1.000000
v -0.215820 1.636230 0.556885 0.498039 0.498039 0.498039 #1.000000
v -0.410156 0.772461 -0.292969 0.498039 0.498039 0.498039 #1.000000
v -0.903809 1.008789 -0.049561 0.498039 0.498039 0.498039 #1.000000
v -0.347412 1.517334 -0.205566 0.498039 0.498039 0.498039 #1.000000
v -0.903809 1.008789 -0.049561 0.498039 0.498039 0.498039 #1.000000
v -0.786133 1.398682 -0.020020 0.498039 0.498039 0.498039 #1.000000
v -0.347412 1.517334 -0.205566 0.498039 0.498039 0.498039 #1.000000
v 0.131348 0.743896 -0.310547 0.498039 0.498039 0.498039 #1.000000
v -0.410156 0.772461 -0.292969 0.498039 0.498039 0.498039 #1.000000
v 0.160889 1.697998 -0.241943 0.498039 0.498039 0.498039 #1.000000
v -0.410156 0.772461 -0.292969 0.498039 0.498039 0.498039 #1.000000
v -0.347412 1.517334 -0.205566 0.498039 0.498039 0.498039 #1.000000
v 0.160889 1.697998 -0.241943 0.498039 0.498039 0.498039 #1.000000
v 0.160889 1.697998 -0.241943 0.498039 0.498039 0.498039 #1.000000
v 0.507324 1.840332 -0.205566 0.498039 0.498039 0.498039 #1.000000
v 0.131348 0.743896 -0.310547 0.498039 0.498039 0.498039 #1.000000
v 0.466064 0.840088 -0.239746 0.498039 0.498039 0.498039 #1.000000
v 0.131348 0.743896 -0.310547 0.498039 0.498039 0.498039 #1.000000
v 0.507324 1.840332 -0.205566 0.498039 0.498039 0.498039 #1.000000
v 0.507324 1.840332 -0.205566 0.498039 0.498039 0.498039 #1.000000
v 0.766357 1.982666 0.127930 0.498039 0.498039 0.498039 #1.000000
v 0.466064 0.840088 -0.239746 0.498039 0.498039 0.498039 #1.000000
v 0.805664 0.949951 0.064209 0.498039 0.498039 0.498039 #1.000000
v 0.466064 0.840088 -0.239746 0.498039 0.498039 0.498039 #1.000000
v 0.766357 1.982666 0.127930 0.498039 0.498039 0.498039 #1.000000
v 0.664307 1.968750 0.545166 0.498039 0.498039 0.498039 #1.000000
v 0.650635 0.875488 0.483398 0.498039 0.498039 0.498039 #1.000000
v 0.766357 1.982666 0.127930 0.498039 0.498039 0.498039 #1.000000
v 0.650635 0.875488 0.483398 0.498039 0.498039 0.498039 #1.000000
v 0.805664 0.949951 0.064209 0.498039 0.498039 0.498039 #1.000000
v 0.766357 1.982666 0.127930 0.498039 0.498039 0.498039 #1.000000
v -0.300293 0.693848 0.619629 0.498039 0.498039 0.498039 #1.000000
v 0.248291 0.690918 0.623535 0.498039 0.498039 0.498039 #1.000000
v -0.237305 1.630127 0.657959 0.498039 0.498039 0.498039 #1.000000
v 0.248291 0.690918 0.623535 0.498039 0.498039 0.498039 #1.000000
v 0.258057 1.815674 0.655029 0.498039 0.498039 0.498039 #1.000000
v -0.237305 1.630127 0.657959 0.498039 0.498039 0.498039 #1.000000
v 0.258057 1.815674 0.655029 0.498039 0.498039 0.498039 #1.000000
v 0.248291 0.690918 0.623535 0.498039 0.498039 0.498039 #1.000000
v 0.664307 1.968750 0.545166 0.498039 0.498039 0.498039 #1.000000
v 0.248291 0.690918 0.623535 0.498039 0.498039 0.498039 #1.000000
v 0.650635 0.875488 0.483398 0.498039 0.498039 0.498039 #1.000000
v 0.664307 1.968750 0.545166 0.498039 0.498039 0.498039 #1.000000
v -0.300293 0.693848 0.619629 0.498039 0.498039 0.498039 #1.000000
v -0.237305 1.630127 0.657959 0.498039 0.498039 0.498039 #1.000000
v -0.739014 0.903809 0.398926 0.498039 0.498039 0.498039 #1.000000
v -0.739014 0.903809 0.398926 0.498039 0.498039 0.498039 #1.000000
v -0.237305 1.630127 0.657959 0.498039 0.498039 0.498039 #1.000000
v -0.645752 1.481934 0.486328 0.498039 0.498039 0.498039 #1.000000
v -0.739014 0.903809 0.398926 0.498039 0.498039 0.498039 #1.000000
v -0.645752 1.481934 0.486328 0.498039 0.498039 0.498039 #1.000000
v -0.903809 1.008789 -0.049561 0.498039 0.498039 0.498039 #1.000000
v -0.903809 1.008789 -0.049561 0.498039 0.498039 0.498039 #1.000000
v -0.645752 1.481934 0.486328 0.498039 0.498039 0.498039 #1.000000
v -0.786133 1.398682 -0.020020 0.498039 0.498039 0.498039 #1.000000
v -0.840088 0.932373 0.002441 0.498039 0.498039 0.498039 #1.000000
v -0.784180 0.941162 0.004395 0.498039 0.498039 0.498039 #1.000000
v -0.373779 0.624023 -0.397949 0.498039 0.498039 0.498039 #1.000000
v -0.373779 0.624023 -0.397949 0.498039 0.498039 0.498039 #1.000000
v -0.784180 0.941162 0.004395 0.498039 0.498039 0.498039 #1.000000
v -0.387695 0.761475 -0.190674 0.498039 0.498039 0.498039 #1.000000
v -0.373779 0.624023 -0.397949 0.498039 0.498039 0.498039 #1.000000
v -0.387695 0.761475 -0.190674 0.498039 0.498039 0.498039 #1.000000
v 0.187256 0.590820 -0.397949 0.498039 0.498039 0.498039 #1.000000
v 0.187256 0.590820 -0.397949 0.498039 0.498039 0.498039 #1.000000
v -0.387695 0.761475 -0.190674 0.498039 0.498039 0.498039 #1.000000
v 0.127441 0.733154 -0.207520 0.498039 0.498039 0.498039 #1.000000
v 0.187256 0.590820 -0.397949 0.498039 0.498039 0.498039 #1.000000
v 0.127441 0.733154 -0.207520 0.498039 0.498039 0.498039 #1.000000
v 0.437744 0.711426 -0.186768 0.498039 0.498039 0.498039 #1.000000
v 0.437744 0.711426 -0.186768 0.498039 0.498039 0.498039 #1.000000
v 0.127441 0.733154 -0.207520 0.498039 0.498039 0.498039 #1.000000
v 0.456299 0.846924 -0.142578 0.498039 0.498039 0.498039 #1.000000
v 0.437744 0.711426 -0.186768 0.498039 0.498039 0.498039 #1.000000
v 0.456299 0.846924 -0.142578 0.498039 0.498039 0.498039 #1.000000
v 0.698730 0.841064 0.002441 0.498039 0.498039 0.498039 #1.000000
v 0.698730 0.841064 0.002441 0.498039 0.498039 0.498039 #1.000000
v 0.456299 0.846924 -0.142578 0.498039 0.498039 0.498039 #1.000000
v 0.694824 0.925537 0.090576 0.498039 0.498039 0.498039 #1.000000
v 0.698730 0.841064 0.002441 0.498039 0.498039 0.498039 #1.000000
v 0.694824 0.925537 0.090576 0.498039 0.498039 0.498039 #1.000000
v 0.490723 0.767334 0.289062 0.498039 0.498039 0.498039 #1.000000
v 0.490723 0.767334 0.289062 0.498039 0.498039 0.498039 #1.000000
v 0.694824 0.925537 0.090576 0.498039 0.498039 0.498039 #1.000000
v 0.572998 0.846924 0.399902 0.498039 0.498039 0.498039 #1.000000
v 0.184326 0.623047 0.503906 0.498039 0.498039 0.498039 #1.000000
v 0.490723 0.767334 0.289062 0.498039 0.498039 0.498039 #1.000000
v 0.235352 0.701660 0.520508 0.498039 0.498039 0.498039 #1.000000
v 0.490723 0.767334 0.289062 0.498039 0.498039 0.498039 #1.000000
v 0.572998 0.846924 0.399902 0.498039 0.498039 0.498039 #1.000000
v 0.235352 0.701660 0.520508 0.498039 0.498039 0.498039 #1.000000
v -0.367920 0.655518 0.503906 0.498039 0.498039 0.498039 #1.000000
v 0.184326 0.623047 0.503906 0.498039 0.498039 0.498039 #1.000000
v -0.278564 0.701660 0.516602 0.498039 0.498039 0.498039 #1.000000
v 0.184326 0.623047 0.503906 0.498039 0.498039 0.498039 #1.000000
v 0.235352 0.701660 0.520508 0.498039 0.498039 0.498039 #1.000000
v -0.278564 0.701660 0.516602 0.498039 0.498039 0.498039 #1.000000
v -0.721436 0.843994 0.224121 0.498039 0.498039 0.498039 #1.000000
v -0.367920 0.655518 0.503906 0.498039 0.498039 0.498039 #1.000000
v -0.660400 0.904785 0.322266 0.498039 0.498039 0.498039 #1.000000
v -0.367920 0.655518 0.503906 0.498039 0.498039 0.498039 #1.000000
v -0.278564 0.701660 0.516602 0.498039 0.498039 0.498039 #1.000000
v -0.660400 0.904785 0.322266 0.498039 0.498039 0.498039 #1.000000
v -0.660400 0.904785 0.322266 0.498039 0.498039 0.498039 #1.000000
v -0.784180 0.941162 0.004395 0.498039 0.498039 0.498039 #1.000000
v -0.721436 0.843994 0.224121 0.498039 0.498039 0.498039 #1.000000
v -0.840088 0.932373 0.002441 0.498039 0.498039 0.498039 #1.000000
v -0.721436 0.843994 0.224121 0.498039 0.498039 0.498039 #1.000000
v -0.784180 0.941162 0.004395 0.498039 0.498039 0.498039 #1.000000
v 0.650635 0.875488 0.483398 0.498039 0.498039 0.498039 #1.000000
v 0.572998 0.846924 0.399902 0.498039 0.498039 0.498039 #1.000000
v 0.805664 0.949951 0.064209 0.498039 0.498039 0.498039 #1.000000
v 0.805664 0.949951 0.064209 0.498039 0.498039 0.498039 #1.000000
v 0.572998 0.846924 0.399902 0.498039 0.498039 0.498039 #1.000000
v 0.694824 0.925537 0.090576 0.498039 0.498039 0.498039 #1.000000
v 0.248291 0.690918 0.623535 0.498039 0.498039 0.498039 #1.000000
v 0.235352 0.701660 0.520508 0.498039 0.498039 0.498039 #1.000000
v 0.650635 0.875488 0.483398 0.498039 0.498039 0.498039 #1.000000
v 0.650635 0.875488 0.483398 0.498039 0.498039 0.498039 #1.000000
v 0.235352 0.701660 0.520508 0.498039 0.498039 0.498039 #1.000000
v 0.572998 0.846924 0.399902 0.498039 0.498039 0.498039 #1.000000
v -0.300293 0.693848 0.619629 0.498039 0.498039 0.498039 #1.000000
v -0.278564 0.701660 0.516602 0.498039 0.498039 0.498039 #1.000000
v 0.248291 0.690918 0.623535 0.498039 0.498039 0.498039 #1.000000
v 0.248291 0.690918 0.623535 0.498039 0.498039 0.498039 #1.000000
v -0.278564 0.701660 0.516602 0.498039 0.498039 0.498039 #1.000000
v 0.235352 0.701660 0.520508 0.498039 0.498039 0.498039 #1.000000
v -0.300293 0.693848 0.619629 0.498039 0.498039 0.498039 #1.000000
v -0.739014 0.903809 0.398926 0.498039 0.498039 0.498039 #1.000000
v -0.278564 0.701660 0.516602 0.498039 0.498039 0.498039 #1.000000
v -0.739014 0.903809 0.398926 0.498039 0.498039 0.498039 #1.000000
v -0.660400 0.904785 0.322266 0.498039 0.498039 0.498039 #1.000000
v -0.278564 0.701660 0.516602 0.498039 0.498039 0.498039 #1.000000
v -0.903809 1.008789 -0.049561 0.498039 0.498039 0.498039 #1.000000
v -0.784180 0.941162 0.004395 0.498039 0.498039 0.498039 #1.000000
v -0.739014 0.903809 0.398926 0.498039 0.498039 0.498039 #1.000000
v -0.739014 0.903809 0.398926 0.498039 0.498039 0.498039 #1.000000
v -0.784180 0.941162 0.004395 0.498039 0.498039 0.498039 #1.000000
v -0.660400 0.904785 0.322266 0.498039 0.498039 0.498039 #1.000000
v -0.903809 1.008789 -0.049561 0.498039 0.498039 0.498039 #1.000000
v -0.410156 0.772461 -0.292969 0.498039 0.498039 0.498039 #1.000000
v -0.784180 0.941162 0.004395 0.498039 0.498039 0.498039 #1.000000
v -0.410156 0.772461 -0.292969 0.498039 0.498039 0.498039 #1.000000
v -0.387695 0.761475 -0.190674 0.498039 0.498039 0.498039 #1.000000
v -0.784180 0.941162 0.004395 0.498039 0.498039 0.498039 #1.000000
v -0.410156 0.772461 -0.292969 0.498039 0.498039 0.498039 #1.000000
v 0.131348 0.743896 -0.310547 0.498039 0.498039 0.498039 #1.000000
v -0.387695 0.761475 -0.190674 0.498039 0.498039 0.498039 #1.000000
v 0.131348 0.743896 -0.310547 0.498039 0.498039 0.498039 #1.000000
v 0.127441 0.733154 -0.207520 0.498039 0.498039 0.498039 #1.000000
v -0.387695 0.761475 -0.190674 0.498039 0.498039 0.498039 #1.000000
v 0.466064 0.840088 -0.239746 0.498039 0.498039 0.498039 #1.000000
v 0.456299 0.846924 -0.142578 0.498039 0.498039 0.498039 #1.000000
v 0.131348 0.743896 -0.310547 0.498039 0.498039 0.498039 #1.000000
v 0.131348 0.743896 -0.310547 0.498039 0.498039 0.498039 #1.000000
v 0.456299 0.846924 -0.142578 0.498039 0.498039 0.498039 #1.000000
v 0.127441 0.733154 -0.207520 0.498039 0.498039 0.498039 #1.000000
v 0.805664 0.949951 0.064209 0.498039 0.498039 0.498039 #1.000000
v 0.694824 0.925537 0.090576 0.498039 0.498039 0.498039 #1.000000
v 0.466064 0.840088 -0.239746 0.498039 0.498039 0.498039 #1.000000
v 0.466064 0.840088 -0.239746 0.498039 0.498039 0.498039 #1.000000
v 0.694824 0.925537 0.090576 0.498039 0.498039 0.498039 #1.000000
v 0.456299 0.846924 -0.142578 0.498039 0.498039 0.498039 #1.000000
v 0.664307 1.968750 0.545166 0.498039 0.498039 0.498039 #1.000000
v 0.766357 1.982666 0.127930 0.498039 0.498039 0.498039 #1.000000
v 0.593750 1.950195 0.463623 0.498039 0.498039 0.498039 #1.000000
v 0.766357 1.982666 0.127930 0.498039 0.498039 0.498039 #1.000000
v 0.661377 1.939453 0.156494 0.498039 0.498039 0.498039 #1.000000
v 0.593750 1.950195 0.463623 0.498039 0.498039 0.498039 #1.000000
v 0.507324 1.840332 -0.205566 0.498039 0.498039 0.498039 #1.000000
v 0.461182 1.819580 -0.109375 0.498039 0.498039 0.498039 #1.000000
v 0.766357 1.982666 0.127930 0.498039 0.498039 0.498039 #1.000000
v 0.766357 1.982666 0.127930 0.498039 0.498039 0.498039 #1.000000
v 0.461182 1.819580 -0.109375 0.498039 0.498039 0.498039 #1.000000
v 0.661377 1.939453 0.156494 0.498039 0.498039 0.498039 #1.000000
v 0.507324 1.840332 -0.205566 0.498039 0.498039 0.498039 #1.000000
v 0.160889 1.697998 -0.241943 0.498039 0.498039 0.498039 #1.000000
v 0.461182 1.819580 -0.109375 0.498039 0.498039 0.498039 #1.000000
v 0.160889 1.697998 -0.241943 0.498039 0.498039 0.498039 #1.000000
v 0.154053 1.694092 -0.140625 0.498039 0.498039 0.498039 #1.000000
v 0.461182 1.819580 -0.109375 0.498039 0.498039 0.498039 #1.000000
v -0.347412 1.517334 -0.205566 0.498039 0.498039 0.498039 #1.000000
v -0.328613 1.525146 -0.106445 0.498039 0.498039 0.498039 #1.000000
v 0.160889 1.697998 -0.241943 0.498039 0.498039 0.498039 #1.000000
v 0.160889 1.697998 -0.241943 0.498039 0.498039 0.498039 #1.000000
v -0.328613 1.525146 -0.106445 0.498039 0.498039 0.498039 #1.000000
v 0.154053 1.694092 -0.140625 0.498039 0.498039 0.498039 #1.000000
v -0.786133 1.398682 -0.020020 0.498039 0.498039 0.498039 #1.000000
v -0.673340 1.429932 0.030762 0.498039 0.498039 0.498039 #1.000000
v -0.347412 1.517334 -0.205566 0.498039 0.498039 0.498039 #1.000000
v -0.347412 1.517334 -0.205566 0.498039 0.498039 0.498039 #1.000000
v -0.673340 1.429932 0.030762 0.498039 0.498039 0.498039 #1.000000
v -0.328613 1.525146 -0.106445 0.498039 0.498039 0.498039 #1.000000
v -0.645752 1.481934 0.486328 0.498039 0.498039 0.498039 #1.000000
v -0.570068 1.499756 0.409668 0.498039 0.498039 0.498039 #1.000000
v -0.786133 1.398682 -0.020020 0.498039 0.498039 0.498039 #1.000000
v -0.786133 1.398682 -0.020020 0.498039 0.498039 0.498039 #1.000000
v -0.570068 1.499756 0.409668 0.498039 0.498039 0.498039 #1.000000
v -0.673340 1.429932 0.030762 0.498039 0.498039 0.498039 #1.000000
v -0.645752 1.481934 0.486328 0.498039 0.498039 0.498039 #1.000000
v -0.237305 1.630127 0.657959 0.498039 0.498039 0.498039 #1.000000
v -0.570068 1.499756 0.409668 0.498039 0.498039 0.498039 #1.000000
v -0.237305 1.630127 0.657959 0.498039 0.498039 0.498039 #1.000000
v -0.215820 1.636230 0.556885 0.498039 0.498039 0.498039 #1.000000
v -0.570068 1.499756 0.409668 0.498039 0.498039 0.498039 #1.000000
v -0.237305 1.630127 0.657959 0.498039 0.498039 0.498039 #1.000000
v 0.258057 1.815674 0.655029 0.498039 0.498039 0.498039 #1.000000
v -0.215820 1.636230 0.556885 0.498039 0.498039 0.498039 #1.000000
v 0.258057 1.815674 0.655029 0.498039 0.498039 0.498039 #1.000000
v 0.248291 1.814697 0.553955 0.498039 0.498039 0.498039 #1.000000
v -0.215820 1.636230 0.556885 0.498039 0.498039 0.498039 #1.000000
v 0.664307 1.968750 0.545166 0.498039 0.498039 0.498039 #1.000000
v 0.593750 1.950195 0.463623 0.498039 0.498039 0.498039 #1.000000
v 0.258057 1.815674 0.655029 0.498039 0.498039 0.498039 #1.000000
v 0.258057 1.815674 0.655029 0.498039 0.498039 0.498039 #1.000000
v 0.593750 1.950195 0.463623 0.498039 0.498039 0.498039 #1.000000
v 0.248291 1.814697 0.553955 0.498039 0.498039 0.498039 #1.000000
v 0.702637 3.890625 -0.197754 0.498039 0.498039 0.498039 #1.000000
v 0.874512 3.796387 0.147705 0.498039 0.498039 0.498039 #1.000000
v 0.727295 3.994873 0.294922 0.498039 0.498039 0.498039 #1.000000
v 0.814453 3.894775 -0.569580 0.498039 0.498039 0.498039 #1.000000
v 1.358398 3.137939 -0.471436 0.498039 0.498039 0.498039 #1.000000
v 0.702637 3.890625 -0.197754 0.498039 0.498039 0.498039 #1.000000
v 0.702637 3.890625 -0.197754 0.498039 0.498039 0.498039 #1.000000
v 1.358398 3.137939 -0.471436 0.498039 0.498039 0.498039 #1.000000
v 0.873535 3.767090 -0.138672 0.498039 0.498039 0.498039 #1.000000
v -1.649902 1.770508 0.029785 0.498039 0.498039 0.498039 #1.000000
v -1.722412 1.925781 0.131836 0.498039 0.498039 0.498039 #1.000000
v -1.663574 1.670410 0.448975 0.498039 0.498039 0.498039 #1.000000
v -1.715576 1.885498 -0.342041 0.498039 0.498039 0.498039 #1.000000
v -1.804932 2.066895 -0.578613 0.498039 0.498039 0.498039 #1.000000
v -1.739258 2.071045 -0.269287 0.498039 0.498039 0.498039 #1.000000
v -1.663574 1.670410 0.448975 0.498039 0.498039 0.498039 #1.000000
v -1.502686 1.340576 0.527344 0.498039 0.498039 0.498039 #1.000000
v -1.582031 1.617432 -0.036621 0.498039 0.498039 0.498039 #1.000000
v -1.418213 1.309326 0.041504 0.498039 0.498039 0.498039 #1.000000
v -1.582031 1.617432 -0.036621 0.498039 0.498039 0.498039 #1.000000
v -1.502686 1.340576 0.527344 0.498039 0.498039 0.498039 #1.000000
v -1.663574 1.670410 0.448975 0.498039 0.498039 0.498039 #1.000000
v -1.582031 1.617432 -0.036621 0.498039 0.498039 0.498039 #1.000000
v -1.649902 1.770508 0.029785 0.498039 0.498039 0.498039 #1.000000
v -1.502686 1.340576 0.527344 0.498039 0.498039 0.498039 #1.000000
v -1.283691 1.123779 0.513672 0.498039 0.498039 0.498039 #1.000000
v -1.418213 1.309326 0.041504 0.498039 0.498039 0.498039 #1.000000
v -1.218018 1.139404 0.019043 0.498039 0.498039 0.498039 #1.000000
v -1.418213 1.309326 0.041504 0.498039 0.498039 0.498039 #1.000000
v -1.283691 1.123779 0.513672 0.498039 0.498039 0.498039 #1.000000
v -0.840088 0.932373 0.002441 0.498039 0.498039 0.498039 #1.000000
v -1.218018 1.139404 0.019043 0.498039 0.498039 0.498039 #1.000000
v -0.892090 0.866699 0.503906 0.498039 0.498039 0.498039 #1.000000
v -1.218018 1.139404 0.019043 0.498039 0.498039 0.498039 #1.000000
v -1.283691 1.123779 0.513672 0.498039 0.498039 0.498039 #1.000000
v -0.892090 0.866699 0.503906 0.498039 0.498039 0.498039 #1.000000
v -0.840088 0.932373 0.002441 0.498039 0.498039 0.498039 #1.000000
v -0.892090 0.866699 0.503906 0.498039 0.498039 0.498039 #1.000000
v -0.721436 0.843994 0.224121 0.498039 0.498039 0.498039 #1.000000
v 0.490723 0.767334 0.289062 0.498039 0.498039 0.498039 #1.000000
v 0.184326 0.623047 0.503906 0.498039 0.498039 0.498039 #1.000000
v 0.713379 0.771484 0.503906 0.498039 0.498039 0.498039 #1.000000
v 0.713379 0.771484 0.503906 0.498039 0.498039 0.498039 #1.000000
v 1.169922 1.184570 0.501953 0.498039 0.498039 0.498039 #1.000000
v 0.698730 0.841064 0.002441 0.498039 0.498039 0.498039 #1.000000
v 1.118896 1.279785 0.001465 0.498039 0.498039 0.498039 #1.000000
v 0.698730 0.841064 0.002441 0.498039 0.498039 0.498039 #1.000000
v 1.169922 1.184570 0.501953 0.498039 0.498039 0.498039 #1.000000
v 1.169922 1.184570 0.501953 0.498039 0.498039 0.498039 #1.000000
v 1.372070 2.007080 0.489258 0.498039 0.498039 0.498039 #1.000000
v 1.118896 1.279785 0.001465 0.498039 0.498039 0.498039 #1.000000
v 1.315186 2.054199 -0.004395 0.498039 0.498039 0.498039 #1.000000
v 1.118896 1.279785 0.001465 0.498039 0.498039 0.498039 #1.000000
v 1.372070 2.007080 0.489258 0.498039 0.498039 0.498039 #1.000000
v 1.372070 2.007080 0.489258 0.498039 0.498039 0.498039 #1.000000
v 1.472168 2.726562 0.469482 0.498039 0.498039 0.498039 #1.000000
v 1.315186 2.054199 -0.004395 0.498039 0.498039 0.498039 #1.000000
v 1.406494 2.708984 -0.020996 0.498039 0.498039 0.498039 #1.000000
v 1.315186 2.054199 -0.004395 0.498039 0.498039 0.498039 #1.000000
v 1.472168 2.726562 0.469482 0.498039 0.498039 0.498039 #1.000000
v 1.472168 2.726562 0.469482 0.498039 0.498039 0.498039 #1.000000
v 1.260254 3.257568 0.396973 0.498039 0.498039 0.498039 #1.000000
v 1.406494 2.708984 -0.020996 0.498039 0.498039 0.498039 #1.000000
v 1.197266 3.218262 -0.094482 0.498039 0.498039 0.498039 #1.000000
v 1.406494 2.708984 -0.020996 0.498039 0.498039 0.498039 #1.000000
v 1.260254 3.257568 0.396973 0.498039 0.498039 0.498039 #1.000000
v 0.952881 3.679688 0.118164 0.498039 0.498039 0.498039 #1.000000
v 0.873535 3.767090 -0.138672 0.498039 0.498039 0.498039 #1.000000
v 1.197266 3.218262 -0.094482 0.498039 0.498039 0.498039 #1.000000
v -1.762695 2.939697 -0.682617 0.498039 0.498039 0.498039 #1.000000
v -1.467285 3.246826 -0.740479 0.498039 0.498039 0.498039 #1.000000
v -1.703857 2.927734 -0.290039 0.498039 0.498039 0.498039 #1.000000
v -1.467285 3.246826 -0.740479 0.498039 0.498039 0.498039 #1.000000
v -1.417236 3.269531 -0.337158 0.498039 0.498039 0.498039 #1.000000
v -1.703857 2.927734 -0.290039 0.498039 0.498039 0.498039 #1.000000
v -1.467285 3.246826 -0.740479 0.498039 0.498039 0.498039 #1.000000
v -0.936279 3.558105 -0.781738 0.498039 0.498039 0.498039 #1.000000
v -1.417236 3.269531 -0.337158 0.498039 0.498039 0.498039 #1.000000
v -0.936279 3.558105 -0.781738 0.498039 0.498039 0.498039 #1.000000
v -0.915771 3.553955 -0.375244 0.498039 0.498039 0.498039 #1.000000
v -1.417236 3.269531 -0.337158 0.498039 0.498039 0.498039 #1.000000
v -1.886475 2.597168 -0.639404 0.498039 0.498039 0.498039 #1.000000
v -1.762695 2.939697 -0.682617 0.498039 0.498039 0.498039 #1.000000
v -1.830566 2.586182 -0.268311 0.498039 0.498039 0.498039 #1.000000
v -1.762695 2.939697 -0.682617 0.498039 0.498039 0.498039 #1.000000
v -1.703857 2.927734 -0.290039 0.498039 0.498039 0.498039 #1.000000
v -1.830566 2.586182 -0.268311 0.498039 0.498039 0.498039 #1.000000
v -1.804932 2.066895 -0.578613 0.498039 0.498039 0.498039 #1.000000
v -1.886475 2.597168 -0.639404 0.498039 0.498039 0.498039 #1.000000
v -1.739258 2.071045 -0.269287 0.498039 0.498039 0.498039 #1.000000
v -1.886475 2.597168 -0.639404 0.498039 0.498039 0.498039 #1.000000
v -1.830566 2.586182 -0.268311 0.498039 0.498039 0.498039 #1.000000
v -1.739258 2.071045 -0.269287 0.498039 0.498039 0.498039 #1.000000
v -1.804932 2.066895 -0.578613 0.498039 0.498039 0.498039 #1.000000
v -1.715576 1.885498 -0.342041 0.498039 0.498039 0.498039 #1.000000
v -1.671387 1.584961 -0.423340 0.498039 0.498039 0.498039 #1.000000
v -1.671387 1.584961 -0.423340 0.498039 0.498039 0.498039 #1.000000
v -1.715576 1.885498 -0.342041 0.498039 0.498039 0.498039 #1.000000
v -1.582031 1.617432 -0.036621 0.498039 0.498039 0.498039 #1.000000
v -1.516357 1.265137 -0.355713 0.498039 0.498039 0.498039 #1.000000
v -1.671387 1.584961 -0.423340 0.498039 0.498039 0.498039 #1.000000
v -1.418213 1.309326 0.041504 0.498039 0.498039 0.498039 #1.000000
v -1.671387 1.584961 -0.423340 0.498039 0.498039 0.498039 #1.000000
v -1.582031 1.617432 -0.036621 0.498039 0.498039 0.498039 #1.000000
v -1.418213 1.309326 0.041504 0.498039 0.498039 0.498039 #1.000000
v -1.303467 1.083496 -0.382080 0.498039 0.498039 0.498039 #1.000000
v -1.516357 1.265137 -0.355713 0.498039 0.498039 0.498039 #1.000000
v -1.218018 1.139404 0.019043 0.498039 0.498039 0.498039 #1.000000
v -1.516357 1.265137 -0.355713 0.498039 0.498039 0.498039 #1.000000
v -1.418213 1.309326 0.041504 0.498039 0.498039 0.498039 #1.000000
v -1.218018 1.139404 0.019043 0.498039 0.498039 0.498039 #1.000000
v -1.303467 1.083496 -0.382080 0.498039 0.498039 0.498039 #1.000000
v -1.218018 1.139404 0.019043 0.498039 0.498039 0.498039 #1.000000
v -0.906738 0.839111 -0.397949 0.498039 0.498039 0.498039 #1.000000
v -0.906738 0.839111 -0.397949 0.498039 0.498039 0.498039 #1.000000
v -1.218018 1.139404 0.019043 0.498039 0.498039 0.498039 #1.000000
v -0.840088 0.932373 0.002441 0.498039 0.498039 0.498039 #1.000000
v 0.725342 0.741943 -0.397949 0.498039 0.498039 0.498039 #1.000000
v 0.187256 0.590820 -0.397949 0.498039 0.498039 0.498039 #1.000000
v 0.437744 0.711426 -0.186768 0.498039 0.498039 0.498039 #1.000000
v 0.725342 0.741943 -0.397949 0.498039 0.498039 0.498039 #1.000000
v 0.698730 0.841064 0.002441 0.498039 0.498039 0.498039 #1.000000
v 1.195312 1.123779 -0.396973 0.498039 0.498039 0.498039 #1.000000
v 1.195312 1.123779 -0.396973 0.498039 0.498039 0.498039 #1.000000
v 0.698730 0.841064 0.002441 0.498039 0.498039 0.498039 #1.000000
v 1.118896 1.279785 0.001465 0.498039 0.498039 0.498039 #1.000000
v 1.419189 1.862793 -0.396973 0.498039 0.498039 0.498039 #1.000000
v 1.195312 1.123779 -0.396973 0.498039 0.498039 0.498039 #1.000000
v 1.315186 2.054199 -0.004395 0.498039 0.498039 0.498039 #1.000000
v 1.195312 1.123779 -0.396973 0.498039 0.498039 0.498039 #1.000000
v 1.118896 1.279785 0.001465 0.498039 0.498039 0.498039 #1.000000
v 1.315186 2.054199 -0.004395 0.498039 0.498039 0.498039 #1.000000
v 1.554688 2.591064 -0.404785 0.498039 0.498039 0.498039 #1.000000
v 1.419189 1.862793 -0.396973 0.498039 0.498039 0.498039 #1.000000
v 1.406494 2.708984 -0.020996 0.498039 0.498039 0.498039 #1.000000
v 1.419189 1.862793 -0.396973 0.498039 0.498039 0.498039 #1.000000
v 1.315186 2.054199 -0.004395 0.498039 0.498039 0.498039 #1.000000
v 1.406494 2.708984 -0.020996 0.498039 0.498039 0.498039 #1.000000
v 1.358398 3.137939 -0.471436 0.498039 0.498039 0.498039 #1.000000
v 1.554688 2.591064 -0.404785 0.498039 0.498039 0.498039 #1.000000
v 1.197266 3.218262 -0.094482 0.498039 0.498039 0.498039 #1.000000
v 1.554688 2.591064 -0.404785 0.498039 0.498039 0.498039 #1.000000
v 1.406494 2.708984 -0.020996 0.498039 0.498039 0.498039 #1.000000
v 1.197266 3.218262 -0.094482 0.498039 0.498039 0.498039 #1.000000
v 0.873535 3.767090 -0.138672 0.498039 0.498039 0.498039 #1.000000
v 1.358398 3.137939 -0.471436 0.498039 0.498039 0.498039 #1.000000
v 1.197266 3.218262 -0.094482 0.498039 0.498039 0.498039 #1.000000
v 0.285400 4.186279 -0.708008 0.498039 0.498039 0.498039 #1.000000
v 0.814453 3.894775 -0.569580 0.498039 0.498039 0.498039 #1.000000
v 0.228516 4.149902 -0.305664 0.498039 0.498039 0.498039 #1.000000
v 0.814453 3.894775 -0.569580 0.498039 0.498039 0.498039 #1.000000
v 0.702637 3.890625 -0.197754 0.498039 0.498039 0.498039 #1.000000
v 0.228516 4.149902 -0.305664 0.498039 0.498039 0.498039 #1.000000
v -0.146240 4.221436 -0.763916 0.498039 0.498039 0.498039 #1.000000
v 0.285400 4.186279 -0.708008 0.498039 0.498039 0.498039 #1.000000
v -0.173584 4.181152 -0.359619 0.498039 0.498039 0.498039 #1.000000
v 0.285400 4.186279 -0.708008 0.498039 0.498039 0.498039 #1.000000
v 0.228516 4.149902 -0.305664 0.498039 0.498039 0.498039 #1.000000
v -0.173584 4.181152 -0.359619 0.498039 0.498039 0.498039 #1.000000
v -0.557373 3.914307 -0.789551 0.498039 0.498039 0.498039 #1.000000
v -0.146240 4.221436 -0.763916 0.498039 0.498039 0.498039 #1.000000
v -0.560303 3.887695 -0.383057 0.498039 0.498039 0.498039 #1.000000
v -0.146240 4.221436 -0.763916 0.498039 0.498039 0.498039 #1.000000
v -0.173584 4.181152 -0.359619 0.498039 0.498039 0.498039 #1.000000
v -0.560303 3.887695 -0.383057 0.498039 0.498039 0.498039 #1.000000
v -0.936279 3.558105 -0.781738 0.498039 0.498039 0.498039 #1.000000
v -0.557373 3.914307 -0.789551 0.498039 0.498039 0.498039 #1.000000
v -0.915771 3.553955 -0.375244 0.498039 0.498039 0.498039 #1.000000
v -0.557373 3.914307 -0.789551 0.498039 0.498039 0.498039 #1.000000
v -0.560303 3.887695 -0.383057 0.498039 0.498039 0.498039 #1.000000
v -0.915771 3.553955 -0.375244 0.498039 0.498039 0.498039 #1.000000
v -1.482910 3.342041 0.134766 0.498039 0.498039 0.498039 #1.000000
v -1.758789 3.034912 0.189697 0.498039 0.498039 0.498039 #1.000000
v -1.417236 3.269531 -0.337158 0.498039 0.498039 0.498039 #1.000000
v -1.703857 2.927734 -0.290039 0.498039 0.498039 0.498039 #1.000000
v -1.417236 3.269531 -0.337158 0.498039 0.498039 0.498039 #1.000000
v -1.758789 3.034912 0.189697 0.498039 0.498039 0.498039 #1.000000
v -0.938232 3.656250 0.094482 0.498039 0.498039 0.498039 #1.000000
v -1.482910 3.342041 0.134766 0.498039 0.498039 0.498039 #1.000000
v -0.915771 3.553955 -0.375244 0.498039 0.498039 0.498039 #1.000000
v -1.417236 3.269531 -0.337158 0.498039 0.498039 0.498039 #1.000000
v -0.915771 3.553955 -0.375244 0.498039 0.498039 0.498039 #1.000000
v -1.482910 3.342041 0.134766 0.498039 0.498039 0.498039 #1.000000
v -1.758789 3.034912 0.189697 0.498039 0.498039 0.498039 #1.000000
v -1.922607 2.725586 0.227051 0.498039 0.498039 0.498039 #1.000000
v -1.703857 2.927734 -0.290039 0.498039 0.498039 0.498039 #1.000000
v -1.830566 2.586182 -0.268311 0.498039 0.498039 0.498039 #1.000000
v -1.703857 2.927734 -0.290039 0.498039 0.498039 0.498039 #1.000000
v -1.922607 2.725586 0.227051 0.498039 0.498039 0.498039 #1.000000
v -1.922607 2.725586 0.227051 0.498039 0.498039 0.498039 #1.000000
v -1.831543 2.168213 0.291992 0.498039 0.498039 0.498039 #1.000000
v -1.830566 2.586182 -0.268311 0.498039 0.498039 0.498039 #1.000000
v -1.739258 2.071045 -0.269287 0.498039 0.498039 0.498039 #1.000000
v -1.830566 2.586182 -0.268311 0.498039 0.498039 0.498039 #1.000000
v -1.831543 2.168213 0.291992 0.498039 0.498039 0.498039 #1.000000
v 0.727295 3.994873 0.294922 0.498039 0.498039 0.498039 #1.000000
v 0.253174 4.305908 0.167236 0.498039 0.498039 0.498039 #1.000000
v 0.702637 3.890625 -0.197754 0.498039 0.498039 0.498039 #1.000000
v 0.228516 4.149902 -0.305664 0.498039 0.498039 0.498039 #1.000000
v 0.702637 3.890625 -0.197754 0.498039 0.498039 0.498039 #1.000000
v 0.253174 4.305908 0.167236 0.498039 0.498039 0.498039 #1.000000
v 0.253174 4.305908 0.167236 0.498039 0.498039 0.498039 #1.000000
v -0.169678 4.332520 0.111328 0.498039 0.498039 0.498039 #1.000000
v 0.228516 4.149902 -0.305664 0.498039 0.498039 0.498039 #1.000000
v -0.173584 4.181152 -0.359619 0.498039 0.498039 0.498039 #1.000000
v 0.228516 4.149902 -0.305664 0.498039 0.498039 0.498039 #1.000000
v -0.169678 4.332520 0.111328 0.498039 0.498039 0.498039 #1.000000
v -0.169678 4.332520 0.111328 0.498039 0.498039 0.498039 #1.000000
v -0.572998 4.013428 0.087646 0.498039 0.498039 0.498039 #1.000000
v -0.173584 4.181152 -0.359619 0.498039 0.498039 0.498039 #1.000000
v -0.560303 3.887695 -0.383057 0.498039 0.498039 0.498039 #1.000000
v -0.173584 4.181152 -0.359619 0.498039 0.498039 0.498039 #1.000000
v -0.572998 4.013428 0.087646 0.498039 0.498039 0.498039 #1.000000
v -0.572998 4.013428 0.087646 0.498039 0.498039 0.498039 #1.000000
v -0.938232 3.656250 0.094482 0.498039 0.498039 0.498039 #1.000000
v -0.560303 3.887695 -0.383057 0.498039 0.498039 0.498039 #1.000000
v -0.915771 3.553955 -0.375244 0.498039 0.498039 0.498039 #1.000000
v -0.560303 3.887695 -0.383057 0.498039 0.498039 0.498039 #1.000000
v -0.938232 3.656250 0.094482 0.498039 0.498039 0.498039 #1.000000
v -0.373779 0.624023 -0.397949 0.498039 0.498039 0.498039 #1.000000
v -0.906738 0.839111 -0.397949 0.498039 0.498039 0.498039 #1.000000
v -0.840088 0.932373 0.002441 0.498039 0.498039 0.498039 #1.000000
v 0.698730 0.841064 0.002441 0.498039 0.498039 0.498039 #1.000000
v 0.490723 0.767334 0.289062 0.498039 0.498039 0.498039 #1.000000
v 0.713379 0.771484 0.503906 0.498039 0.498039 0.498039 #1.000000
v 0.698730 0.841064 0.002441 0.498039 0.498039 0.498039 #1.000000
v 0.725342 0.741943 -0.397949 0.498039 0.498039 0.498039 #1.000000
v 0.437744 0.711426 -0.186768 0.498039 0.498039 0.498039 #1.000000
v -0.367920 0.655518 0.503906 0.498039 0.498039 0.498039 #1.000000
v -0.721436 0.843994 0.224121 0.498039 0.498039 0.498039 #1.000000
v -0.892090 0.866699 0.503906 0.498039 0.498039 0.498039 #1.000000
v -1.096191 2.240723 0.107422 0.498039 0.498039 0.498039 #1.000000
v -1.722412 1.925781 0.131836 0.498039 0.498039 0.498039 #1.000000
v -1.006836 2.097412 0.004395 0.498039 0.498039 0.498039 #1.000000
v -1.006836 2.097412 0.004395 0.498039 0.498039 0.498039 #1.000000
v -1.722412 1.925781 0.131836 0.498039 0.498039 0.498039 #1.000000
v -1.649902 1.770508 0.029785 0.498039 0.498039 0.498039 #1.000000
v -1.722412 1.925781 0.131836 0.498039 0.498039 0.498039 #1.000000
v -1.096191 2.240723 0.107422 0.498039 0.498039 0.498039 #1.000000
v -1.739258 2.071045 -0.269287 0.498039 0.498039 0.498039 #1.000000
v -1.096191 2.240723 0.107422 0.498039 0.498039 0.498039 #1.000000
v -1.160156 2.401611 -0.255615 0.498039 0.498039 0.498039 #1.000000
v -1.739258 2.071045 -0.269287 0.498039 0.498039 0.498039 #1.000000
v -1.715576 1.885498 -0.342041 0.498039 0.498039 0.498039 #1.000000
v -1.739258 2.071045 -0.269287 0.498039 0.498039 0.498039 #1.000000
v -1.044189 2.227051 -0.338135 0.498039 0.498039 0.498039 #1.000000
v -1.160156 2.401611 -0.255615 0.498039 0.498039 0.498039 #1.000000
v -1.044189 2.227051 -0.338135 0.498039 0.498039 0.498039 #1.000000
v -1.739258 2.071045 -0.269287 0.498039 0.498039 0.498039 #1.000000
v -1.044189 2.227051 -0.338135 0.498039 0.498039 0.498039 #1.000000
v -1.006836 2.097412 0.004395 0.498039 0.498039 0.498039 #1.000000
v -1.715576 1.885498 -0.342041 0.498039 0.498039 0.498039 #1.000000
v -1.006836 2.097412 0.004395 0.498039 0.498039 0.498039 #1.000000
v -1.649902 1.770508 0.029785 0.498039 0.498039 0.498039 #1.000000
v -1.715576 1.885498 -0.342041 0.498039 0.498039 0.498039 #1.000000
v 0.309082 3.251709 0.076904 0.498039 0.498039 0.498039 #1.000000
v 0.952881 3.679688 0.118164 0.498039 0.498039 0.498039 #1.000000
v 0.301270 3.391113 0.140625 0.498039 0.498039 0.498039 #1.000000
v 0.301270 3.391113 0.140625 0.498039 0.498039 0.498039 #1.000000
v 0.952881 3.679688 0.118164 0.498039 0.498039 0.498039 #1.000000
v 0.874512 3.796387 0.147705 0.498039 0.498039 0.498039 #1.000000
v 0.215820 3.278320 -0.233887 0.498039 0.498039 0.498039 #1.000000
v 0.873535 3.767090 -0.138672 0.498039 0.498039 0.498039 #1.000000
v 0.309082 3.251709 0.076904 0.498039 0.498039 0.498039 #1.000000
v 0.309082 3.251709 0.076904 0.498039 0.498039 0.498039 #1.000000
v 0.873535 3.767090 -0.138672 0.498039 0.498039 0.498039 #1.000000
v 0.952881 3.679688 0.118164 0.498039 0.498039 0.498039 #1.000000
v 0.215820 3.278320 -0.233887 0.498039 0.498039 0.498039 #1.000000
v 0.148193 3.486328 -0.268311 0.498039 0.498039 0.498039 #1.000000
v 0.873535 3.767090 -0.138672 0.498039 0.498039 0.498039 #1.000000
v 0.148193 3.486328 -0.268311 0.498039 0.498039 0.498039 #1.000000
v 0.702637 3.890625 -0.197754 0.498039 0.498039 0.498039 #1.000000
v 0.873535 3.767090 -0.138672 0.498039 0.498039 0.498039 #1.000000
v 0.148193 3.486328 -0.268311 0.498039 0.498039 0.498039 #1.000000
v 0.301270 3.391113 0.140625 0.498039 0.498039 0.498039 #1.000000
v 0.702637 3.890625 -0.197754 0.498039 0.498039 0.498039 #1.000000
v 0.301270 3.391113 0.140625 0.498039 0.498039 0.498039 #1.000000
v 0.874512 3.796387 0.147705 0.498039 0.498039 0.498039 #1.000000
v 0.702637 3.890625 -0.197754 0.498039 0.498039 0.498039 #1.000000
v 1.260254 3.257568 0.396973 0.498039 0.498039 0.498039 #1.000000
v 0.952881 3.679688 0.118164 0.498039 0.498039 0.498039 #1.000000
v 1.197266 3.218262 -0.094482 0.498039 0.498039 0.498039 #1.000000
v 1.260254 3.257568 0.396973 0.498039 0.498039 0.498039 #1.000000
v 0.727295 3.994873 0.294922 0.498039 0.498039 0.498039 #1.000000
v 0.874512 3.796387 0.147705 0.498039 0.498039 0.498039 #1.000000
v 1.260254 3.257568 0.396973 0.498039 0.498039 0.498039 #1.000000
v 0.874512 3.796387 0.147705 0.498039 0.498039 0.498039 #1.000000
v 0.952881 3.679688 0.118164 0.498039 0.498039 0.498039 #1.000000
v -1.649902 1.770508 0.029785 0.498039 0.498039 0.498039 #1.000000
v -1.582031 1.617432 -0.036621 0.498039 0.498039 0.498039 #1.000000
v -1.715576 1.885498 -0.342041 0.498039 0.498039 0.498039 #1.000000
v -1.722412 1.925781 0.131836 0.498039 0.498039 0.498039 #1.000000
v -1.739258 2.071045 -0.269287 0.498039 0.498039 0.498039 #1.000000
v -1.831543 2.168213 0.291992 0.498039 0.498039 0.498039 #1.000000
v -1.663574 1.670410 0.448975 0.498039 0.498039 0.498039 #1.000000
v -1.722412 1.925781 0.131836 0.498039 0.498039 0.498039 #1.000000
v -1.831543 2.168213 0.291992 0.498039 0.498039 0.498039 #1.000000
vt 0.428467 0.001465 0.000000
vt 0.428467 0.504883 0.000000
vt 0.000000 0.000000 0.000000
vt 0.000000 0.506348 0.000000
vt 0.000000 0.000000 0.000000
vt 0.428467 0.504883 0.000000
vt 0.428467 0.001465 0.000000
vt 0.428467 0.504883 0.000000
vt 0.000000 0.000000 0.000000
vt 0.000000 0.506348 0.000000
vt 0.000000 0.000000 0.000000
vt 0.428467 0.504883 0.000000
vt 0.428223 0.001465 0.000000
vt 0.428467 0.504883 0.000000
vt 0.000000 0.000000 0.000000
vt 0.000000 0.506348 0.000000
vt 0.000000 0.000000 0.000000
vt 0.428467 0.504883 0.000000
vt 0.428223 0.001465 0.000000
vt 0.428467 0.504883 0.000000
vt 0.000000 0.000000 0.000000
vt 0.000000 0.506348 0.000000
vt 0.000000 0.000000 0.000000
vt 0.428467 0.504883 0.000000
vt 0.428467 0.001465 0.000000
vt 0.428223 0.504883 0.000000
vt 0.000000 0.000000 0.000000
vt 0.000000 0.506348 0.000000
vt 0.000000 0.000000 0.000000
vt 0.428223 0.504883 0.000000
vt 0.428467 0.001465 0.000000
vt 0.428467 0.504883 0.000000
vt 0.000000 0.000000 0.000000
vt 0.000000 0.506348 0.000000
vt 0.000000 0.000000 0.000000
vt 0.428467 0.504883 0.000000
vt 0.428467 0.001465 0.000000
vt 0.428467 0.504883 0.000000
vt 0.000000 0.000000 0.000000
vt 0.000000 0.506348 0.000000
vt 0.000000 0.000000 0.000000
vt 0.428467 0.504883 0.000000
vt 0.428223 0.001465 0.000000
vt 0.428467 0.504883 0.000000
vt 0.000000 0.000000 0.000000
vt 0.000000 0.506348 0.000000
vt 0.000000 0.000000 0.000000
vt 0.428467 0.504883 0.000000
vt 0.428467 0.504883 0.000000
vt 0.000000 0.506348 0.000000
vt 0.428467 0.001465 0.000000
vt 0.000000 0.506348 0.000000
vt 0.000000 0.000000 0.000000
vt 0.428467 0.001465 0.000000
vt 0.428467 0.504883 0.000000
vt 0.000000 0.506348 0.000000
vt 0.428467 0.001465 0.000000
vt 0.000000 0.506348 0.000000
vt 0.000000 0.000000 0.000000
vt 0.428467 0.001465 0.000000
vt 0.428467 0.001465 0.000000
vt 0.428467 0.504883 0.000000
vt 0.000000 0.000000 0.000000
vt 0.000000 0.506348 0.000000
vt 0.000000 0.000000 0.000000
vt 0.428467 0.504883 0.000000
vt 0.428467 0.001465 0.000000
vt 0.428467 0.504883 0.000000
vt 0.000000 0.000000 0.000000
vt 0.000000 0.506348 0.000000
vt 0.000000 0.000000 0.000000
vt 0.428467 0.504883 0.000000
vt 0.428223 0.001465 0.000000
vt 0.428467 0.504883 0.000000
vt 0.000000 0.000000 0.000000
vt 0.000000 0.506348 0.000000
vt 0.000000 0.000000 0.000000
vt 0.428467 0.504883 0.000000
vt 0.428223 0.001465 0.000000
vt 0.428467 0.504883 0.000000
vt 0.000000 0.000000 0.000000
vt 0.000000 0.506348 0.000000
vt 0.000000 0.000000 0.000000
vt 0.428467 0.504883 0.000000
vt 0.428467 0.001465 0.000000
vt 0.428223 0.504883 0.000000
vt 0.000000 0.000000 0.000000
vt 0.000000 0.506348 0.000000
vt 0.000000 0.000000 0.000000
vt 0.428223 0.504883 0.000000
vt 0.428467 0.001465 0.000000
vt 0.428467 0.504883 0.000000
vt 0.000000 0.000000 0.000000
vt 0.000000 0.506348 0.000000
vt 0.000000 0.000000 0.000000
vt 0.428467 0.504883 0.000000
vt 0.428467 0.001465 0.000000
vt 0.428467 0.504883 0.000000
vt 0.000000 0.000000 0.000000
vt 0.000000 0.506348 0.000000
vt 0.000000 0.000000 0.000000
vt 0.428467 0.504883 0.000000
vt 0.428223 0.001465 0.000000
vt 0.428467 0.504883 0.000000
vt 0.000000 0.000000 0.000000
vt 0.000000 0.506348 0.000000
vt 0.000000 0.000000 0.000000
vt 0.428467 0.504883 0.000000
vt 0.428223 0.001465 0.000000
vt 0.428223 0.504883 0.000000
vt 0.000000 0.000000 0.000000
vt 0.000000 0.506348 0.000000
vt 0.000000 0.000000 0.000000
vt 0.428223 0.504883 0.000000
vt 0.428467 0.001465 0.000000
vt 0.428223 0.504883 0.000000
vt 0.000000 0.000000 0.000000
vt 0.000000 0.506348 0.000000
vt 0.000000 0.000000 0.000000
vt 0.428223 0.504883 0.000000
vt 0.000000 0.750977 0.000000
vt 0.000000 0.248535 0.000000
vt 0.432373 0.750977 0.000000
vt 0.000000 0.248535 0.000000
vt 0.432373 0.248535 0.000000
vt 0.432373 0.750977 0.000000
vt 0.000000 0.750977 0.000000
vt 0.000000 0.248535 0.000000
vt 0.432373 0.750977 0.000000
vt 0.000000 0.248535 0.000000
vt 0.432373 0.248535 0.000000
vt 0.432373 0.750977 0.000000
vt 0.000000 0.750977 0.000000
vt 0.000000 0.248535 0.000000
vt 0.432373 0.750977 0.000000
vt 0.000000 0.248535 0.000000
vt 0.432373 0.248535 0.000000
vt 0.432373 0.750977 0.000000
vt 0.000000 0.750977 0.000000
vt 0.000000 0.248535 0.000000
vt 0.432373 0.750977 0.000000
vt 0.000000 0.248535 0.000000
vt 0.432373 0.248535 0.000000
vt 0.432373 0.750977 0.000000
vt 0.000000 0.750977 0.000000
vt 0.000000 0.248535 0.000000
vt 0.432373 0.750977 0.000000
vt 0.000000 0.248535 0.000000
vt 0.432373 0.248535 0.000000
vt 0.432373 0.750977 0.000000
vt 0.000000 0.750977 0.000000
vt 0.000000 0.248535 0.000000
vt 0.432373 0.750977 0.000000
vt 0.000000 0.248535 0.000000
vt 0.432373 0.248535 0.000000
vt 0.432373 0.750977 0.000000
vt 0.000000 0.750977 0.000000
vt 0.000000 0.248535 0.000000
vt 0.432373 0.750977 0.000000
vt 0.000000 0.248535 0.000000
vt 0.432373 0.248535 0.000000
vt 0.432373 0.750977 0.000000
vt 0.000000 0.750977 0.000000
vt 0.000000 0.248535 0.000000
vt 0.432373 0.750977 0.000000
vt 0.000000 0.248535 0.000000
vt 0.432373 0.248535 0.000000
vt 0.432373 0.750977 0.000000
vt 0.000000 0.750977 0.000000
vt 0.000000 0.248535 0.000000
vt 0.432373 0.750977 0.000000
vt 0.000000 0.248535 0.000000
vt 0.432373 0.248535 0.000000
vt 0.432373 0.750977 0.000000
vt 0.000000 0.750977 0.000000
vt 0.000000 0.248535 0.000000
vt 0.432373 0.750977 0.000000
vt 0.000000 0.248535 0.000000
vt 0.432373 0.248535 0.000000
vt 0.432373 0.750977 0.000000
vt 0.000000 0.248535 0.000000
vt 0.432373 0.248535 0.000000
vt 0.000000 0.750977 0.000000
vt 0.000000 0.750977 0.000000
vt 0.432373 0.248535 0.000000
vt 0.432373 0.750977 0.000000
vt 0.000000 0.750977 0.000000
vt 0.000000 0.248535 0.000000
vt 0.432373 0.750977 0.000000
vt 0.000000 0.248535 0.000000
vt 0.432373 0.248535 0.000000
vt 0.432373 0.750977 0.000000
vt 0.000000 0.750977 0.000000
vt 0.000000 0.248535 0.000000
vt 0.432373 0.750977 0.000000
vt 0.000000 0.248535 0.000000
vt 0.432373 0.248535 0.000000
vt 0.432373 0.750977 0.000000
vt 0.000000 0.750977 0.000000
vt 0.000000 0.248535 0.000000
vt 0.432373 0.750977 0.000000
vt 0.000000 0.248535 0.000000
vt 0.432373 0.248535 0.000000
vt 0.432373 0.750977 0.000000
vt 0.000000 0.750977 0.000000
vt 0.000000 0.248535 0.000000
vt 0.432373 0.750977 0.000000
vt 0.000000 0.248535 0.000000
vt 0.432373 0.248535 0.000000
vt 0.432373 0.750977 0.000000
vt 0.000000 0.750977 0.000000
vt 0.000000 0.248535 0.000000
vt 0.432373 0.750977 0.000000
vt 0.000000 0.248535 0.000000
vt 0.432373 0.248535 0.000000
vt 0.432373 0.750977 0.000000
vt 0.000000 0.750977 0.000000
vt 0.000000 0.248535 0.000000
vt 0.432373 0.750977 0.000000
vt 0.000000 0.248535 0.000000
vt 0.432373 0.248535 0.000000
vt 0.432373 0.750977 0.000000
vt 0.000000 0.750977 0.000000
vt 0.000000 0.248535 0.000000
vt 0.432373 0.750977 0.000000
vt 0.000000 0.248535 0.000000
vt 0.432373 0.248535 0.000000
vt 0.432373 0.750977 0.000000
vt 0.000000 0.750977 0.000000
vt 0.000000 0.248535 0.000000
vt 0.432373 0.750977 0.000000
vt 0.000000 0.248535 0.000000
vt 0.432373 0.248535 0.000000
vt 0.432373 0.750977 0.000000
vt 0.000000 0.750977 0.000000
vt 0.000000 0.248535 0.000000
vt 0.432373 0.750977 0.000000
vt 0.000000 0.248535 0.000000
vt 0.432373 0.248535 0.000000
vt 0.432373 0.750977 0.000000
vt 0.594727 0.303467 0.000000
vt 0.614014 0.282959 0.000000
vt 0.583252 0.284180 0.000000
vt 0.614014 0.282959 0.000000
vt 0.610352 0.273682 0.000000
vt 0.583252 0.284180 0.000000
vt 0.629883 0.242432 0.000000
vt 0.610352 0.273682 0.000000
vt 0.650879 0.274902 0.000000
vt 0.562256 0.224854 0.000000
vt 0.577637 0.224854 0.000000
vt 0.560059 0.156494 0.000000
vt 0.560059 0.156494 0.000000
vt 0.577637 0.224854 0.000000
vt 0.573242 0.101562 0.000000
vt 0.583252 0.284180 0.000000
vt 0.610352 0.273682 0.000000
vt 0.583252 0.211914 0.000000
vt 0.583252 0.211914 0.000000
vt 0.610352 0.273682 0.000000
vt 0.614990 0.208252 0.000000
vt 0.535889 0.703613 0.000000
vt 0.532471 0.710449 0.000000
vt 0.578613 0.698242 0.000000
vt 0.817139 0.058594 0.000000
vt 0.885498 0.118652 0.000000
vt 0.863037 0.052490 0.000000
vt 0.863037 0.052490 0.000000
vt 0.885498 0.118652 0.000000
vt 0.904053 0.084473 0.000000
vt 0.885498 0.118652 0.000000
vt 0.962158 0.175049 0.000000
vt 0.904053 0.084473 0.000000
vt 0.965820 0.137207 0.000000
vt 0.904053 0.084473 0.000000
vt 0.962158 0.175049 0.000000
vt 0.489258 0.719238 0.000000
vt 0.532471 0.710449 0.000000
vt 0.473877 0.711914 0.000000
vt 0.473877 0.711914 0.000000
vt 0.532471 0.710449 0.000000
vt 0.535889 0.703613 0.000000
vt 0.817139 0.058594 0.000000
vt 0.816162 0.044922 0.000000
vt 0.734619 0.056885 0.000000
vt 0.734619 0.056885 0.000000
vt 0.816162 0.044922 0.000000
vt 0.737549 0.044922 0.000000
vt 0.863037 0.052490 0.000000
vt 0.864258 0.037354 0.000000
vt 0.817139 0.058594 0.000000
vt 0.864258 0.037354 0.000000
vt 0.816162 0.044922 0.000000
vt 0.817139 0.058594 0.000000
vt 0.577637 0.682617 0.000000
vt 0.578613 0.698242 0.000000
vt 0.590088 0.682373 0.000000
vt 0.578613 0.698242 0.000000
vt 0.587158 0.694092 0.000000
vt 0.590088 0.682373 0.000000
vt 0.598145 0.047119 0.000000
vt 0.590088 0.072998 0.000000
vt 0.638672 0.044922 0.000000
vt 0.590088 0.072998 0.000000
vt 0.636963 0.061035 0.000000
vt 0.638672 0.044922 0.000000
vt 0.617432 0.189209 0.000000
vt 0.615479 0.176758 0.000000
vt 0.581787 0.187012 0.000000
vt 0.581787 0.187012 0.000000
vt 0.615479 0.176758 0.000000
vt 0.583252 0.180420 0.000000
vt 0.759766 0.682129 0.000000
vt 0.662598 0.682373 0.000000
vt 0.757080 0.694580 0.000000
vt 0.661377 0.694580 0.000000
vt 0.757080 0.694580 0.000000
vt 0.662598 0.682373 0.000000
vt 0.737549 0.044922 0.000000
vt 0.638672 0.044922 0.000000
vt 0.734619 0.056885 0.000000
vt 0.636963 0.061035 0.000000
vt 0.734619 0.056885 0.000000
vt 0.638672 0.044922 0.000000
vt 0.587158 0.694092 0.000000
vt 0.661377 0.694580 0.000000
vt 0.590088 0.682373 0.000000
vt 0.662598 0.682373 0.000000
vt 0.590088 0.682373 0.000000
vt 0.661377 0.694580 0.000000
vt 0.581787 0.187012 0.000000
vt 0.583252 0.211914 0.000000
vt 0.617432 0.189209 0.000000
vt 0.583252 0.211914 0.000000
vt 0.614990 0.208252 0.000000
vt 0.617432 0.189209 0.000000
vt 0.878906 0.732666 0.000000
vt 0.831543 0.694336 0.000000
vt 0.759277 0.723145 0.000000
vt 0.757080 0.694580 0.000000
vt 0.759277 0.723145 0.000000
vt 0.831543 0.694336 0.000000
vt 0.759277 0.723145 0.000000
vt 0.864014 0.856201 0.000000
vt 0.878906 0.732666 0.000000
vt 0.878906 0.732666 0.000000
vt 0.864014 0.856201 0.000000
vt 0.903320 0.844238 0.000000
vt 0.657471 0.729004 0.000000
vt 0.759277 0.723145 0.000000
vt 0.661377 0.694580 0.000000
vt 0.759277 0.723145 0.000000
vt 0.757080 0.694580 0.000000
vt 0.661377 0.694580 0.000000
vt 0.657471 0.729004 0.000000
vt 0.661377 0.694580 0.000000
vt 0.564209 0.715332 0.000000
vt 0.587158 0.694092 0.000000
vt 0.564209 0.715332 0.000000
vt 0.661377 0.694580 0.000000
vt 0.580811 0.315918 0.000000
vt 0.577637 0.224854 0.000000
vt 0.543701 0.312744 0.000000
vt 0.577637 0.224854 0.000000
vt 0.562256 0.224854 0.000000
vt 0.543701 0.312744 0.000000
vt 0.650879 0.274902 0.000000
vt 0.671875 0.269043 0.000000
vt 0.629883 0.242432 0.000000
vt 0.577637 0.224854 0.000000
vt 0.626709 0.210449 0.000000
vt 0.621338 0.123047 0.000000
vt 0.577637 0.224854 0.000000
vt 0.621338 0.123047 0.000000
vt 0.573242 0.101562 0.000000
vt 0.577637 0.224854 0.000000
vt 0.580811 0.315918 0.000000
vt 0.626709 0.210449 0.000000
vt 0.580811 0.315918 0.000000
vt 0.624512 0.312500 0.000000
vt 0.626709 0.210449 0.000000
vt 0.663330 0.212891 0.000000
vt 0.626709 0.210449 0.000000
vt 0.678223 0.314697 0.000000
vt 0.678223 0.314697 0.000000
vt 0.626709 0.210449 0.000000
vt 0.624512 0.312500 0.000000
vt 0.626709 0.210449 0.000000
vt 0.663330 0.212891 0.000000
vt 0.621338 0.123047 0.000000
vt 0.773438 0.211670 0.000000
vt 0.719971 0.204346 0.000000
vt 0.776611 0.312012 0.000000
vt 0.776611 0.312012 0.000000
vt 0.719971 0.204346 0.000000
vt 0.729004 0.309082 0.000000
vt 0.773438 0.211670 0.000000
vt 0.711426 0.119629 0.000000
vt 0.719971 0.204346 0.000000
vt 0.719971 0.204346 0.000000
vt 0.711426 0.119629 0.000000
vt 0.663330 0.212891 0.000000
vt 0.663330 0.212891 0.000000
vt 0.678223 0.314697 0.000000
vt 0.719971 0.204346 0.000000
vt 0.678223 0.314697 0.000000
vt 0.729004 0.309082 0.000000
vt 0.719971 0.204346 0.000000
vt 0.817139 0.230225 0.000000
vt 0.815186 0.197998 0.000000
vt 0.773438 0.211670 0.000000
vt 0.815186 0.197998 0.000000
vt 0.711426 0.119629 0.000000
vt 0.773438 0.211670 0.000000
vt 0.776611 0.312012 0.000000
vt 0.822754 0.303223 0.000000
vt 0.773438 0.211670 0.000000
vt 0.822754 0.303223 0.000000
vt 0.817139 0.230225 0.000000
vt 0.773438 0.211670 0.000000
vt 0.853760 0.222168 0.000000
vt 0.817139 0.230225 0.000000
vt 0.865479 0.305664 0.000000
vt 0.865479 0.305664 0.000000
vt 0.817139 0.230225 0.000000
vt 0.822754 0.303223 0.000000
vt 0.853760 0.222168 0.000000
vt 0.815186 0.197998 0.000000
vt 0.817139 0.230225 0.000000
vt 0.901123 0.211426 0.000000
vt 0.815186 0.197998 0.000000
vt 0.871826 0.223633 0.000000
vt 0.871826 0.223633 0.000000
vt 0.815186 0.197998 0.000000
vt 0.853760 0.222168 0.000000
vt 0.853760 0.222168 0.000000
vt 0.865479 0.305664 0.000000
vt 0.871826 0.223633 0.000000
vt 0.865479 0.305664 0.000000
vt 0.894531 0.298096 0.000000
vt 0.871826 0.223633 0.000000
vt 0.523926 0.812012 0.000000
vt 0.537842 0.842529 0.000000
vt 0.562012 0.833740 0.000000
vt 0.523926 0.812012 0.000000
vt 0.562012 0.833740 0.000000
vt 0.516113 0.803223 0.000000
vt 0.577637 0.385742 0.000000
vt 0.580811 0.315918 0.000000
vt 0.544922 0.367432 0.000000
vt 0.580811 0.315918 0.000000
vt 0.543701 0.312744 0.000000
vt 0.544922 0.367432 0.000000
vt 0.671875 0.269043 0.000000
vt 0.650879 0.274902 0.000000
vt 0.654297 0.316406 0.000000
vt 0.650879 0.274902 0.000000
vt 0.642334 0.292969 0.000000
vt 0.654297 0.316406 0.000000
vt 0.545654 0.963379 0.000000
vt 0.538086 0.903809 0.000000
vt 0.542969 0.904785 0.000000
vt 0.542969 0.904785 0.000000
vt 0.538086 0.903809 0.000000
vt 0.513672 0.846436 0.000000
vt 0.545654 0.963379 0.000000
vt 0.542969 0.904785 0.000000
vt 0.537842 0.842529 0.000000
vt 0.562012 0.833740 0.000000
vt 0.537842 0.842529 0.000000
vt 0.542969 0.904785 0.000000
vt 0.577637 0.385742 0.000000
vt 0.624756 0.399170 0.000000
vt 0.580811 0.315918 0.000000
vt 0.624756 0.399170 0.000000
vt 0.624512 0.312500 0.000000
vt 0.580811 0.315918 0.000000
vt 0.678223 0.314697 0.000000
vt 0.624512 0.312500 0.000000
vt 0.684570 0.415039 0.000000
vt 0.684570 0.415039 0.000000
vt 0.624512 0.312500 0.000000
vt 0.624756 0.399170 0.000000
vt 0.684570 0.415039 0.000000
vt 0.730713 0.408447 0.000000
vt 0.678223 0.314697 0.000000
vt 0.730713 0.408447 0.000000
vt 0.729004 0.309082 0.000000
vt 0.678223 0.314697 0.000000
vt 0.776611 0.312012 0.000000
vt 0.729004 0.309082 0.000000
vt 0.780518 0.413086 0.000000
vt 0.780518 0.413086 0.000000
vt 0.729004 0.309082 0.000000
vt 0.730713 0.408447 0.000000
vt 0.780518 0.413086 0.000000
vt 0.827393 0.399658 0.000000
vt 0.776611 0.312012 0.000000
vt 0.827393 0.399658 0.000000
vt 0.822754 0.303223 0.000000
vt 0.776611 0.312012 0.000000
vt 0.865479 0.305664 0.000000
vt 0.822754 0.303223 0.000000
vt 0.872070 0.409912 0.000000
vt 0.872070 0.409912 0.000000
vt 0.822754 0.303223 0.000000
vt 0.827393 0.399658 0.000000
vt 0.872070 0.409912 0.000000
vt 0.903076 0.395020 0.000000
vt 0.865479 0.305664 0.000000
vt 0.903076 0.395020 0.000000
vt 0.894531 0.298096 0.000000
vt 0.865479 0.305664 0.000000
vt 0.878174 0.278320 0.000000
vt 0.897217 0.279541 0.000000
vt 0.822754 0.320557 0.000000
vt 0.897217 0.279541 0.000000
vt 0.878174 0.278320 0.000000
vt 0.895020 0.236084 0.000000
vt 0.895020 0.236084 0.000000
vt 0.909180 0.234375 0.000000
vt 0.897217 0.279541 0.000000
vt 0.944824 0.336670 0.000000
vt 0.897217 0.279541 0.000000
vt 0.909180 0.234375 0.000000
vt 0.944824 0.336670 0.000000
vt 0.836914 0.374512 0.000000
vt 0.897217 0.279541 0.000000
vt 0.836914 0.374512 0.000000
vt 0.822754 0.320557 0.000000
vt 0.897217 0.279541 0.000000
vt 0.857422 0.963379 0.000000
vt 0.893555 0.948975 0.000000
vt 0.860840 0.899902 0.000000
vt 0.860840 0.899902 0.000000
vt 0.893555 0.948975 0.000000
vt 0.897217 0.894287 0.000000
vt 0.812500 0.895508 0.000000
vt 0.812744 0.964600 0.000000
vt 0.860840 0.899902 0.000000
vt 0.860840 0.899902 0.000000
vt 0.812744 0.964600 0.000000
vt 0.857422 0.963379 0.000000
vt 0.594727 0.303467 0.000000
vt 0.654297 0.316406 0.000000
vt 0.614014 0.282959 0.000000
vt 0.642334 0.292969 0.000000
vt 0.614014 0.282959 0.000000
vt 0.654297 0.316406 0.000000
vt 0.762695 0.988281 0.000000
vt 0.812744 0.964600 0.000000
vt 0.760254 0.913086 0.000000
vt 0.760254 0.913086 0.000000
vt 0.812744 0.964600 0.000000
vt 0.812500 0.895508 0.000000
vt 0.708496 0.908203 0.000000
vt 0.713379 0.979004 0.000000
vt 0.760254 0.913086 0.000000
vt 0.760254 0.913086 0.000000
vt 0.713379 0.979004 0.000000
vt 0.762695 0.988281 0.000000
vt 0.666748 0.995117 0.000000
vt 0.713379 0.979004 0.000000
vt 0.666260 0.916504 0.000000
vt 0.666260 0.916504 0.000000
vt 0.713379 0.979004 0.000000
vt 0.708496 0.908203 0.000000
vt 0.666748 0.995117 0.000000
vt 0.666260 0.916504 0.000000
vt 0.622070 0.973633 0.000000
vt 0.666260 0.916504 0.000000
vt 0.622070 0.910889 0.000000
vt 0.622070 0.973633 0.000000
vt 0.708496 0.908203 0.000000
vt 0.666504 0.867920 0.000000
vt 0.666260 0.916504 0.000000
vt 0.622070 0.910889 0.000000
vt 0.666260 0.916504 0.000000
vt 0.666504 0.867920 0.000000
vt 0.583740 0.921875 0.000000
vt 0.538086 0.903809 0.000000
vt 0.577881 0.980713 0.000000
vt 0.538086 0.903809 0.000000
vt 0.545654 0.963379 0.000000
vt 0.577881 0.980713 0.000000
vt 0.622070 0.910889 0.000000
vt 0.666504 0.867920 0.000000
vt 0.585449 0.864502 0.000000
vt 0.622070 0.910889 0.000000
vt 0.585449 0.864502 0.000000
vt 0.583740 0.921875 0.000000
vt 0.577881 0.980713 0.000000
vt 0.622070 0.973633 0.000000
vt 0.583740 0.921875 0.000000
vt 0.583740 0.921875 0.000000
vt 0.622070 0.973633 0.000000
vt 0.622070 0.910889 0.000000
vt 0.933838 0.319824 0.000000
vt 0.821289 0.358643 0.000000
vt 0.944824 0.336670 0.000000
vt 0.821289 0.358643 0.000000
vt 0.836914 0.374512 0.000000
vt 0.944824 0.336670 0.000000
vt 0.821289 0.358643 0.000000
vt 0.812744 0.347168 0.000000
vt 0.836914 0.374512 0.000000
vt 0.812744 0.347168 0.000000
vt 0.822754 0.320557 0.000000
vt 0.836914 0.374512 0.000000
vt 0.917236 0.303711 0.000000
vt 0.878174 0.278320 0.000000
vt 0.812744 0.347168 0.000000
vt 0.878174 0.278320 0.000000
vt 0.822754 0.320557 0.000000
vt 0.812744 0.347168 0.000000
vt 0.933838 0.319824 0.000000
vt 0.917236 0.303711 0.000000
vt 0.821289 0.358643 0.000000
vt 0.821289 0.358643 0.000000
vt 0.917236 0.303711 0.000000
vt 0.812744 0.347168 0.000000
vt 0.711426 0.119629 0.000000
vt 0.815186 0.197998 0.000000
vt 0.845459 0.187744 0.000000
vt 0.901123 0.211426 0.000000
vt 0.845459 0.187744 0.000000
vt 0.815186 0.197998 0.000000
vt 0.516113 0.803223 0.000000
vt 0.471680 0.791992 0.000000
vt 0.498779 0.814453 0.000000
vt 0.471680 0.791992 0.000000
vt 0.452637 0.805420 0.000000
vt 0.498779 0.814453 0.000000
vt 0.944824 0.336670 0.000000
vt 0.909180 0.234375 0.000000
vt 1.001709 0.225586 0.000000
vt 0.901123 0.211426 0.000000
vt 0.909180 0.234375 0.000000
vt 0.845459 0.187744 0.000000
vt 0.845459 0.187744 0.000000
vt 0.909180 0.234375 0.000000
vt 0.895020 0.236084 0.000000
vt 0.732910 0.080078 0.000000
vt 0.817139 0.058594 0.000000
vt 0.734619 0.056885 0.000000
vt 0.885498 0.118652 0.000000
vt 0.817139 0.058594 0.000000
vt 0.792236 0.120361 0.000000
vt 0.732910 0.080078 0.000000
vt 0.792236 0.120361 0.000000
vt 0.817139 0.058594 0.000000
vt 0.917236 0.303711 0.000000
vt 0.920410 0.245850 0.000000
vt 0.878174 0.278320 0.000000
vt 0.920410 0.245850 0.000000
vt 0.895020 0.236084 0.000000
vt 0.878174 0.278320 0.000000
vt 0.885498 0.118652 0.000000
vt 0.792236 0.120361 0.000000
vt 0.962158 0.175049 0.000000
vt 0.792236 0.120361 0.000000
vt 0.893311 0.189453 0.000000
vt 0.962158 0.175049 0.000000
vt 0.792236 0.120361 0.000000
vt 0.732910 0.080078 0.000000
vt 0.711426 0.119629 0.000000
vt 0.845459 0.187744 0.000000
vt 0.792236 0.120361 0.000000
vt 0.711426 0.119629 0.000000
vt 0.792236 0.120361 0.000000
vt 0.845459 0.187744 0.000000
vt 0.893311 0.189453 0.000000
vt 0.895020 0.236084 0.000000
vt 0.920410 0.245850 0.000000
vt 0.845459 0.187744 0.000000
vt 0.920410 0.245850 0.000000
vt 0.893311 0.189453 0.000000
vt 0.845459 0.187744 0.000000
vt 0.967285 0.244141 0.000000
vt 0.962158 0.175049 0.000000
vt 0.920410 0.245850 0.000000
vt 0.962158 0.175049 0.000000
vt 0.893311 0.189453 0.000000
vt 0.920410 0.245850 0.000000
vt 0.967285 0.244141 0.000000
vt 0.920410 0.245850 0.000000
vt 0.933838 0.319824 0.000000
vt 0.933838 0.319824 0.000000
vt 0.920410 0.245850 0.000000
vt 0.917236 0.303711 0.000000
vt 0.944824 0.336670 0.000000
vt 1.001709 0.225586 0.000000
vt 0.933838 0.319824 0.000000
vt 1.001709 0.225586 0.000000
vt 0.967285 0.244141 0.000000
vt 0.933838 0.319824 0.000000
vt 0.473877 0.711914 0.000000
vt 0.452637 0.805420 0.000000
vt 0.489258 0.719238 0.000000
vt 0.452637 0.805420 0.000000
vt 0.471680 0.791992 0.000000
vt 0.489258 0.719238 0.000000
vt 1.001709 0.225586 0.000000
vt 0.965820 0.137207 0.000000
vt 0.967285 0.244141 0.000000
vt 0.965820 0.137207 0.000000
vt 0.962158 0.175049 0.000000
vt 0.967285 0.244141 0.000000
vt 0.711426 0.119629 0.000000
vt 0.732910 0.080078 0.000000
vt 0.633789 0.075684 0.000000
vt 0.734619 0.056885 0.000000
vt 0.636963 0.061035 0.000000
vt 0.732910 0.080078 0.000000
vt 0.636963 0.061035 0.000000
vt 0.633789 0.075684 0.000000
vt 0.732910 0.080078 0.000000
vt 0.636963 0.061035 0.000000
vt 0.590088 0.072998 0.000000
vt 0.633789 0.075684 0.000000
vt 0.578613 0.698242 0.000000
vt 0.532471 0.710449 0.000000
vt 0.587158 0.694092 0.000000
vt 0.532471 0.710449 0.000000
vt 0.564209 0.715332 0.000000
vt 0.587158 0.694092 0.000000
vt 0.532471 0.710449 0.000000
vt 0.489258 0.719238 0.000000
vt 0.564209 0.715332 0.000000
vt 0.547119 0.788086 0.000000
vt 0.564209 0.715332 0.000000
vt 0.489258 0.719238 0.000000
vt 0.711426 0.119629 0.000000
vt 0.621338 0.123047 0.000000
vt 0.663330 0.212891 0.000000
vt 0.621338 0.123047 0.000000
vt 0.711426 0.119629 0.000000
vt 0.633789 0.075684 0.000000
vt 0.516113 0.803223 0.000000
vt 0.513672 0.846436 0.000000
vt 0.471680 0.791992 0.000000
vt 0.538086 0.903809 0.000000
vt 0.525879 0.848633 0.000000
vt 0.513672 0.846436 0.000000
vt 0.513672 0.846436 0.000000
vt 0.525879 0.848633 0.000000
vt 0.547119 0.788086 0.000000
vt 0.471680 0.791992 0.000000
vt 0.513672 0.846436 0.000000
vt 0.547119 0.788086 0.000000
vt 0.547119 0.788086 0.000000
vt 0.489258 0.719238 0.000000
vt 0.471680 0.791992 0.000000
vt 0.657471 0.729004 0.000000
vt 0.564209 0.715332 0.000000
vt 0.585449 0.864502 0.000000
vt 0.564209 0.715332 0.000000
vt 0.547119 0.788086 0.000000
vt 0.585449 0.864502 0.000000
vt 0.525879 0.848633 0.000000
vt 0.585449 0.864502 0.000000
vt 0.547119 0.788086 0.000000
vt 0.585449 0.864502 0.000000
vt 0.525879 0.848633 0.000000
vt 0.583740 0.921875 0.000000
vt 0.538086 0.903809 0.000000
vt 0.583740 0.921875 0.000000
vt 0.525879 0.848633 0.000000
vt 0.657471 0.729004 0.000000
vt 0.585449 0.864502 0.000000
vt 0.666504 0.867920 0.000000
vt 0.657471 0.729004 0.000000
vt 0.666504 0.867920 0.000000
vt 0.759277 0.723145 0.000000
vt 0.666504 0.867920 0.000000
vt 0.760010 0.864990 0.000000
vt 0.759277 0.723145 0.000000
vt 0.708496 0.908203 0.000000
vt 0.760010 0.864990 0.000000
vt 0.666504 0.867920 0.000000
vt 0.708496 0.908203 0.000000
vt 0.760254 0.913086 0.000000
vt 0.760010 0.864990 0.000000
vt 0.864014 0.856201 0.000000
vt 0.759277 0.723145 0.000000
vt 0.760010 0.864990 0.000000
vt 0.812500 0.895508 0.000000
vt 0.760010 0.864990 0.000000
vt 0.760254 0.913086 0.000000
vt 0.812500 0.895508 0.000000
vt 0.864014 0.856201 0.000000
vt 0.760010 0.864990 0.000000
vt 0.812500 0.895508 0.000000
vt 0.860840 0.899902 0.000000
vt 0.864014 0.856201 0.000000
vt 0.903320 0.844238 0.000000
vt 0.864014 0.856201 0.000000
vt 0.897217 0.894287 0.000000
vt 0.864014 0.856201 0.000000
vt 0.860840 0.899902 0.000000
vt 0.897217 0.894287 0.000000
vt 0.621338 0.123047 0.000000
vt 0.633789 0.075684 0.000000
vt 0.573242 0.101562 0.000000
vt 0.633789 0.075684 0.000000
vt 0.590088 0.072998 0.000000
vt 0.573242 0.101562 0.000000
vt 0.834229 0.681885 0.000000
vt 0.759766 0.682129 0.000000
vt 0.831543 0.694336 0.000000
vt 0.757080 0.694580 0.000000
vt 0.831543 0.694336 0.000000
vt 0.759766 0.682129 0.000000
vt 0.617188 0.673096 0.000000
vt 0.444092 0.670166 0.000000
vt 0.617188 0.444580 0.000000
vt 0.444092 0.670166 0.000000
vt 0.444092 0.450928 0.000000
vt 0.617188 0.444580 0.000000
vt 0.770020 0.673584 0.000000
vt 0.617188 0.673096 0.000000
vt 0.770020 0.444336 0.000000
vt 0.617188 0.673096 0.000000
vt 0.617188 0.444580 0.000000
vt 0.770020 0.444336 0.000000
vt 0.770020 0.444336 0.000000
vt 0.873047 0.446777 0.000000
vt 0.770020 0.673584 0.000000
vt 0.877197 0.671631 0.000000
vt 0.770020 0.673584 0.000000
vt 0.873047 0.446777 0.000000
vt 0.873047 0.446777 0.000000
vt 0.958740 0.450928 0.000000
vt 0.877197 0.671631 0.000000
vt 0.966309 0.665039 0.000000
vt 0.877197 0.671631 0.000000
vt 0.958740 0.450928 0.000000
vt 0.574463 0.449707 0.000000
vt 0.573486 0.671875 0.000000
vt 0.500488 0.449707 0.000000
vt 0.573486 0.671875 0.000000
vt 0.500488 0.668701 0.000000
vt 0.500488 0.449707 0.000000
vt 0.796875 0.673584 0.000000
vt 0.669922 0.668701 0.000000
vt 0.796875 0.447754 0.000000
vt 0.669922 0.668701 0.000000
vt 0.673340 0.449707 0.000000
vt 0.796875 0.447754 0.000000
vt 0.673340 0.449707 0.000000
vt 0.669922 0.668701 0.000000
vt 0.574463 0.449707 0.000000
vt 0.669922 0.668701 0.000000
vt 0.573486 0.671875 0.000000
vt 0.574463 0.449707 0.000000
vt 0.796875 0.673584 0.000000
vt 0.796875 0.447754 0.000000
vt 0.878906 0.673340 0.000000
vt 0.878906 0.673340 0.000000
vt 0.796875 0.447754 0.000000
vt 0.878174 0.452637 0.000000
vt 0.878906 0.673340 0.000000
vt 0.878174 0.452637 0.000000
vt 0.959961 0.673584 0.000000
vt 0.959961 0.673584 0.000000
vt 0.878174 0.452637 0.000000
vt 0.957031 0.456787 0.000000
vt 0.508789 0.375977 0.000000
vt 0.437500 0.371826 0.000000
vt 0.509277 0.290039 0.000000
vt 0.509277 0.290039 0.000000
vt 0.437500 0.371826 0.000000
vt 0.453125 0.310303 0.000000
vt 0.509277 0.290039 0.000000
vt 0.453125 0.310303 0.000000
vt 0.510986 0.201172 0.000000
vt 0.510986 0.201172 0.000000
vt 0.453125 0.310303 0.000000
vt 0.455811 0.239746 0.000000
vt 0.510986 0.201172 0.000000
vt 0.455811 0.239746 0.000000
vt 0.480713 0.167725 0.000000
vt 0.480713 0.167725 0.000000
vt 0.455811 0.239746 0.000000
vt 0.446045 0.176758 0.000000
vt 0.480713 0.167725 0.000000
vt 0.446045 0.176758 0.000000
vt 0.468750 0.131836 0.000000
vt 0.468750 0.131836 0.000000
vt 0.446045 0.176758 0.000000
vt 0.442627 0.140625 0.000000
vt 0.511475 0.016846 0.000000
vt 0.550537 0.019531 0.000000
vt 0.503418 0.038086 0.000000
vt 0.503418 0.038086 0.000000
vt 0.550537 0.019531 0.000000
vt 0.553711 0.032227 0.000000
vt 0.474854 0.069336 0.000000
vt 0.503418 0.038086 0.000000
vt 0.540039 0.068115 0.000000
vt 0.503418 0.038086 0.000000
vt 0.553711 0.032227 0.000000
vt 0.540039 0.068115 0.000000
vt 0.474854 0.129639 0.000000
vt 0.474854 0.069336 0.000000
vt 0.532959 0.123779 0.000000
vt 0.474854 0.069336 0.000000
vt 0.540039 0.068115 0.000000
vt 0.532959 0.123779 0.000000
vt 0.501709 0.169922 0.000000
vt 0.474854 0.129639 0.000000
vt 0.532959 0.165527 0.000000
vt 0.474854 0.129639 0.000000
vt 0.532959 0.123779 0.000000
vt 0.532959 0.165527 0.000000
vt 0.532959 0.165527 0.000000
vt 0.526367 0.179688 0.000000
vt 0.501709 0.169922 0.000000
vt 0.511475 0.183594 0.000000
vt 0.501709 0.169922 0.000000
vt 0.526367 0.179688 0.000000
vt 0.940186 0.971680 0.000000
vt 0.944580 0.951660 0.000000
vt 0.925293 0.944580 0.000000
vt 0.925293 0.944580 0.000000
vt 0.944580 0.951660 0.000000
vt 0.943848 0.939697 0.000000
vt 0.970215 0.960449 0.000000
vt 0.961670 0.949463 0.000000
vt 0.940186 0.971680 0.000000
vt 0.940186 0.971680 0.000000
vt 0.961670 0.949463 0.000000
vt 0.944580 0.951660 0.000000
vt 0.975830 0.845459 0.000000
vt 0.962402 0.845215 0.000000
vt 0.970215 0.960449 0.000000
vt 0.970215 0.960449 0.000000
vt 0.962402 0.845215 0.000000
vt 0.961670 0.949463 0.000000
vt 0.975830 0.845459 0.000000
vt 0.970215 0.789795 0.000000
vt 0.962402 0.845215 0.000000
vt 0.970215 0.789795 0.000000
vt 0.950684 0.809326 0.000000
vt 0.962402 0.845215 0.000000
vt 0.962158 0.767090 0.000000
vt 0.945557 0.779541 0.000000
vt 0.970215 0.789795 0.000000
vt 0.970215 0.789795 0.000000
vt 0.945557 0.779541 0.000000
vt 0.950684 0.809326 0.000000
vt 0.962158 0.767090 0.000000
vt 0.924072 0.767334 0.000000
vt 0.945557 0.779541 0.000000
vt 0.924072 0.767334 0.000000
vt 0.941895 0.775879 0.000000
vt 0.945557 0.779541 0.000000
vt 0.924072 0.767334 0.000000
vt 0.922363 0.890381 0.000000
vt 0.941895 0.775879 0.000000
vt 0.922363 0.890381 0.000000
vt 0.942139 0.895508 0.000000
vt 0.941895 0.775879 0.000000
vt 0.923096 0.920654 0.000000
vt 0.940918 0.911621 0.000000
vt 0.922363 0.890381 0.000000
vt 0.922363 0.890381 0.000000
vt 0.940918 0.911621 0.000000
vt 0.942139 0.895508 0.000000
vt 0.925293 0.944580 0.000000
vt 0.943848 0.939697 0.000000
vt 0.923096 0.920654 0.000000
vt 0.923096 0.920654 0.000000
vt 0.943848 0.939697 0.000000
vt 0.940918 0.911621 0.000000
vt 0.293213 0.406494 0.000000
vt 0.341797 0.401367 0.000000
vt 0.302979 0.411133 0.000000
vt 0.341797 0.401367 0.000000
vt 0.338623 0.407715 0.000000
vt 0.302979 0.411133 0.000000
vt 0.381348 0.417236 0.000000
vt 0.370117 0.419922 0.000000
vt 0.341797 0.401367 0.000000
vt 0.341797 0.401367 0.000000
vt 0.370117 0.419922 0.000000
vt 0.338623 0.407715 0.000000
vt 0.381348 0.417236 0.000000
vt 0.385742 0.439209 0.000000
vt 0.370117 0.419922 0.000000
vt 0.385742 0.439209 0.000000
vt 0.373779 0.440918 0.000000
vt 0.370117 0.419922 0.000000
vt 0.381836 0.469971 0.000000
vt 0.370117 0.468750 0.000000
vt 0.385742 0.439209 0.000000
vt 0.385742 0.439209 0.000000
vt 0.370117 0.468750 0.000000
vt 0.373779 0.440918 0.000000
vt 0.360840 0.493408 0.000000
vt 0.354492 0.486572 0.000000
vt 0.381836 0.469971 0.000000
vt 0.381836 0.469971 0.000000
vt 0.354492 0.486572 0.000000
vt 0.370117 0.468750 0.000000
vt 0.301270 0.484375 0.000000
vt 0.310059 0.479736 0.000000
vt 0.360840 0.493408 0.000000
vt 0.360840 0.493408 0.000000
vt 0.310059 0.479736 0.000000
vt 0.354492 0.486572 0.000000
vt 0.301270 0.484375 0.000000
vt 0.281006 0.459961 0.000000
vt 0.310059 0.479736 0.000000
vt 0.281006 0.459961 0.000000
vt 0.292725 0.458740 0.000000
vt 0.310059 0.479736 0.000000
vt 0.281006 0.459961 0.000000
vt 0.281006 0.430420 0.000000
vt 0.292725 0.458740 0.000000
vt 0.281006 0.430420 0.000000
vt 0.292725 0.431152 0.000000
vt 0.292725 0.458740 0.000000
vt 0.293213 0.406494 0.000000
vt 0.302979 0.411133 0.000000
vt 0.281006 0.430420 0.000000
vt 0.281006 0.430420 0.000000
vt 0.302979 0.411133 0.000000
vt 0.292725 0.431152 0.000000
vt 0.250244 0.425537 0.000000
vt 0.248047 0.444336 0.000000
vt 0.251953 0.424561 0.000000
vt 0.250977 0.431152 0.000000
vt 0.245850 0.457031 0.000000
vt 0.250244 0.425537 0.000000
vt 0.250244 0.425537 0.000000
vt 0.245850 0.457031 0.000000
vt 0.246338 0.448975 0.000000
vt 0.214600 0.287354 0.000000
vt 0.216553 0.282715 0.000000
vt 0.212158 0.292969 0.000000
vt 0.216797 0.284668 0.000000
vt 0.217041 0.279053 0.000000
vt 0.218750 0.282227 0.000000
vt 0.212158 0.292969 0.000000
vt 0.207031 0.317871 0.000000
vt 0.211914 0.299072 0.000000
vt 0.207520 0.323486 0.000000
vt 0.211914 0.299072 0.000000
vt 0.207031 0.317871 0.000000
vt 0.212158 0.292969 0.000000
vt 0.211914 0.299072 0.000000
vt 0.214600 0.287354 0.000000
vt 0.207031 0.317871 0.000000
vt 0.204590 0.348877 0.000000
vt 0.207520 0.323486 0.000000
vt 0.204590 0.352783 0.000000
vt 0.207520 0.323486 0.000000
vt 0.204590 0.348877 0.000000
vt 0.204346 0.384277 0.000000
vt 0.204590 0.352783 0.000000
vt 0.204102 0.381836 0.000000
vt 0.204590 0.352783 0.000000
vt 0.204590 0.348877 0.000000
vt 0.204102 0.381836 0.000000
vt 0.204346 0.384277 0.000000
vt 0.204102 0.381836 0.000000
vt 0.204834 0.391846 0.000000
vt 0.214600 0.452393 0.000000
vt 0.210449 0.441162 0.000000
vt 0.216797 0.462158 0.000000
vt 0.216797 0.462158 0.000000
vt 0.224365 0.474121 0.000000
vt 0.216797 0.461670 0.000000
vt 0.223877 0.473389 0.000000
vt 0.216797 0.461670 0.000000
vt 0.224365 0.474121 0.000000
vt 0.224365 0.474121 0.000000
vt 0.232422 0.476074 0.000000
vt 0.223877 0.473389 0.000000
vt 0.231445 0.475342 0.000000
vt 0.223877 0.473389 0.000000
vt 0.232422 0.476074 0.000000
vt 0.232422 0.476074 0.000000
vt 0.240479 0.468018 0.000000
vt 0.231445 0.475342 0.000000
vt 0.239258 0.467041 0.000000
vt 0.231445 0.475342 0.000000
vt 0.240479 0.468018 0.000000
vt 0.240479 0.468018 0.000000
vt 0.246826 0.449707 0.000000
vt 0.239258 0.467041 0.000000
vt 0.245361 0.449951 0.000000
vt 0.239258 0.467041 0.000000
vt 0.246826 0.449707 0.000000
vt 0.246826 0.449707 0.000000
vt 0.246582 0.449707 0.000000
vt 0.245361 0.449951 0.000000
vt 0.233154 0.272461 0.000000
vt 0.241211 0.284668 0.000000
vt 0.233887 0.275879 0.000000
vt 0.241211 0.284668 0.000000
vt 0.241211 0.287598 0.000000
vt 0.233887 0.275879 0.000000
vt 0.241211 0.284668 0.000000
vt 0.247559 0.305908 0.000000
vt 0.241211 0.287598 0.000000
vt 0.247559 0.305908 0.000000
vt 0.246826 0.307373 0.000000
vt 0.241211 0.287598 0.000000
vt 0.225342 0.270508 0.000000
vt 0.233154 0.272461 0.000000
vt 0.225830 0.274170 0.000000
vt 0.233154 0.272461 0.000000
vt 0.233887 0.275879 0.000000
vt 0.225830 0.274170 0.000000
vt 0.217041 0.279053 0.000000
vt 0.225342 0.270508 0.000000
vt 0.218750 0.282227 0.000000
vt 0.225342 0.270508 0.000000
vt 0.225830 0.274170 0.000000
vt 0.218750 0.282227 0.000000
vt 0.217041 0.279053 0.000000
vt 0.216797 0.284668 0.000000
vt 0.210205 0.296875 0.000000
vt 0.210205 0.296875 0.000000
vt 0.216797 0.284668 0.000000
vt 0.211914 0.299072 0.000000
vt 0.205078 0.322754 0.000000
vt 0.210205 0.296875 0.000000
vt 0.207520 0.323486 0.000000
vt 0.210205 0.296875 0.000000
vt 0.211914 0.299072 0.000000
vt 0.207520 0.323486 0.000000
vt 0.202637 0.354004 0.000000
vt 0.205078 0.322754 0.000000
vt 0.204590 0.352783 0.000000
vt 0.205078 0.322754 0.000000
vt 0.207520 0.323486 0.000000
vt 0.204590 0.352783 0.000000
vt 0.202637 0.354004 0.000000
vt 0.204590 0.352783 0.000000
vt 0.201904 0.387451 0.000000
vt 0.201904 0.387451 0.000000
vt 0.204590 0.352783 0.000000
vt 0.204346 0.384277 0.000000
vt 0.215088 0.469727 0.000000
vt 0.208496 0.448242 0.000000
vt 0.212402 0.454834 0.000000
vt 0.215088 0.469727 0.000000
vt 0.216797 0.461670 0.000000
vt 0.222656 0.481934 0.000000
vt 0.222656 0.481934 0.000000
vt 0.216797 0.461670 0.000000
vt 0.223877 0.473389 0.000000
vt 0.230957 0.483887 0.000000
vt 0.222656 0.481934 0.000000
vt 0.231445 0.475342 0.000000
vt 0.222656 0.481934 0.000000
vt 0.223877 0.473389 0.000000
vt 0.231445 0.475342 0.000000
vt 0.239014 0.475342 0.000000
vt 0.230957 0.483887 0.000000
vt 0.239258 0.467041 0.000000
vt 0.230957 0.483887 0.000000
vt 0.231445 0.475342 0.000000
vt 0.239258 0.467041 0.000000
vt 0.245850 0.457031 0.000000
vt 0.239014 0.475342 0.000000
vt 0.245361 0.449951 0.000000
vt 0.239014 0.475342 0.000000
vt 0.239258 0.467041 0.000000
vt 0.245361 0.449951 0.000000
vt 0.246338 0.448975 0.000000
vt 0.245850 0.457031 0.000000
vt 0.245361 0.449951 0.000000
vt 0.253662 0.399902 0.000000
vt 0.250977 0.431152 0.000000
vt 0.253174 0.395996 0.000000
vt 0.250977 0.431152 0.000000
vt 0.250244 0.425537 0.000000
vt 0.253174 0.395996 0.000000
vt 0.254395 0.366455 0.000000
vt 0.253662 0.399902 0.000000
vt 0.253418 0.364502 0.000000
vt 0.253662 0.399902 0.000000
vt 0.253174 0.395996 0.000000
vt 0.253418 0.364502 0.000000
vt 0.251953 0.334229 0.000000
vt 0.254395 0.366455 0.000000
vt 0.251465 0.334229 0.000000
vt 0.254395 0.366455 0.000000
vt 0.253418 0.364502 0.000000
vt 0.251465 0.334229 0.000000
vt 0.247559 0.305908 0.000000
vt 0.251953 0.334229 0.000000
vt 0.246826 0.307373 0.000000
vt 0.251953 0.334229 0.000000
vt 0.251465 0.334229 0.000000
vt 0.246826 0.307373 0.000000
vt 0.242432 0.280518 0.000000
vt 0.234619 0.268555 0.000000
vt 0.241211 0.287598 0.000000
vt 0.233887 0.275879 0.000000
vt 0.241211 0.287598 0.000000
vt 0.234619 0.268555 0.000000
vt 0.248535 0.301514 0.000000
vt 0.242432 0.280518 0.000000
vt 0.246826 0.307373 0.000000
vt 0.241211 0.287598 0.000000
vt 0.246826 0.307373 0.000000
vt 0.242432 0.280518 0.000000
vt 0.234619 0.268555 0.000000
vt 0.226807 0.266602 0.000000
vt 0.233887 0.275879 0.000000
vt 0.225830 0.274170 0.000000
vt 0.233887 0.275879 0.000000
vt 0.226807 0.266602 0.000000
vt 0.226807 0.266602 0.000000
vt 0.218994 0.275391 0.000000
vt 0.225830 0.274170 0.000000
vt 0.218750 0.282227 0.000000
vt 0.225830 0.274170 0.000000
vt 0.218994 0.275391 0.000000
vt 0.251953 0.424561 0.000000
vt 0.255127 0.394043 0.000000
vt 0.250244 0.425537 0.000000
vt 0.253174 0.395996 0.000000
vt 0.250244 0.425537 0.000000
vt 0.255127 0.394043 0.000000
vt 0.255127 0.394043 0.000000
vt 0.255127 0.361084 0.000000
vt 0.253174 0.395996 0.000000
vt 0.253418 0.364502 0.000000
vt 0.253174 0.395996 0.000000
vt 0.255127 0.361084 0.000000
vt 0.255127 0.361084 0.000000
vt 0.253174 0.329346 0.000000
vt 0.253418 0.364502 0.000000
vt 0.251465 0.334229 0.000000
vt 0.253418 0.364502 0.000000
vt 0.253174 0.329346 0.000000
vt 0.253174 0.329346 0.000000
vt 0.248535 0.301514 0.000000
vt 0.251465 0.334229 0.000000
vt 0.246826 0.307373 0.000000
vt 0.251465 0.334229 0.000000
vt 0.248535 0.301514 0.000000
vt 0.204346 0.419922 0.000000
vt 0.201904 0.387451 0.000000
vt 0.204346 0.384277 0.000000
vt 0.216797 0.461670 0.000000
vt 0.214600 0.452393 0.000000
vt 0.216797 0.462158 0.000000
vt 0.216797 0.461670 0.000000
vt 0.215088 0.469727 0.000000
vt 0.212402 0.454834 0.000000
vt 0.206299 0.413574 0.000000
vt 0.204834 0.391846 0.000000
vt 0.204102 0.381836 0.000000
vt 0.491211 0.440918 0.000000
vt 0.743164 0.442139 0.000000
vt 0.490967 0.505127 0.000000
vt 0.490967 0.505127 0.000000
vt 0.743164 0.442139 0.000000
vt 0.742920 0.506104 0.000000
vt 0.742920 0.506104 0.000000
vt 0.490967 0.505127 0.000000
vt 0.743164 0.442139 0.000000
vt 0.490967 0.505127 0.000000
vt 0.491211 0.440918 0.000000
vt 0.743164 0.442139 0.000000
vt 0.743164 0.442139 0.000000
vt 0.742920 0.506104 0.000000
vt 0.491211 0.440918 0.000000
vt 0.490967 0.505127 0.000000
vt 0.491211 0.440918 0.000000
vt 0.742920 0.506104 0.000000
vt 0.490967 0.505127 0.000000
vt 0.491211 0.440918 0.000000
vt 0.742920 0.506104 0.000000
vt 0.491211 0.440918 0.000000
vt 0.743164 0.442139 0.000000
vt 0.742920 0.506104 0.000000
vt 0.975342 0.451172 0.000000
vt 0.834961 0.454346 0.000000
vt 0.983643 0.437256 0.000000
vt 0.983643 0.437256 0.000000
vt 0.834961 0.454346 0.000000
vt 0.830811 0.437744 0.000000
vt 0.973389 0.466553 0.000000
vt 0.836426 0.469971 0.000000
vt 0.975342 0.451172 0.000000
vt 0.975342 0.451172 0.000000
vt 0.836426 0.469971 0.000000
vt 0.834961 0.454346 0.000000
vt 0.973389 0.466553 0.000000
vt 0.983643 0.486084 0.000000
vt 0.836426 0.469971 0.000000
vt 0.983643 0.486084 0.000000
vt 0.827393 0.486084 0.000000
vt 0.836426 0.469971 0.000000
vt 0.983643 0.486084 0.000000
vt 0.983643 0.437256 0.000000
vt 0.827393 0.486084 0.000000
vt 0.983643 0.437256 0.000000
vt 0.830811 0.437744 0.000000
vt 0.827393 0.486084 0.000000
vt 0.246826 0.449707 0.000000
vt 0.246826 0.449707 0.000000
vt 0.245361 0.449951 0.000000
vt 0.246826 0.449707 0.000000
vt 0.251953 0.424561 0.000000
vt 0.248047 0.444336 0.000000
vt 0.246826 0.449707 0.000000
vt 0.248047 0.444336 0.000000
vt 0.246826 0.449707 0.000000
vt 0.214600 0.287354 0.000000
vt 0.211914 0.299072 0.000000
vt 0.216797 0.282471 0.000000
vt 0.216553 0.282715 0.000000
vt 0.218750 0.282227 0.000000
vt 0.218994 0.275391 0.000000
vt 0.212158 0.292969 0.000000
vt 0.216553 0.282715 0.000000
vt 0.218994 0.275391 0.000000
vn 0.239990 -0.555420 -0.795410
vn 0.239990 -0.555420 -0.795410
vn 0.239990 -0.555420 -0.795410
vn 0.239990 -0.555420 -0.795410
vn 0.239990 -0.555420 -0.795410
vn 0.239990 -0.555420 -0.795410
vn 0.374756 -0.456543 -0.806641
vn 0.391113 -0.454834 -0.799561
vn 0.391113 -0.454834 -0.799561
vn 0.407715 -0.453125 -0.792236
vn 0.391113 -0.454834 -0.799561
vn 0.391113 -0.454834 -0.799561
vn 0.444336 -0.346924 -0.825195
vn 0.476074 -0.334961 -0.812500
vn 0.476074 -0.334961 -0.812500
vn 0.507324 -0.322754 -0.798584
vn 0.476074 -0.334961 -0.812500
vn 0.476074 -0.334961 -0.812500
vn 0.523682 -0.201904 -0.827393
vn 0.542969 -0.189209 -0.817627
vn 0.542969 -0.189209 -0.817627
vn 0.562012 -0.176270 -0.807617
vn 0.542969 -0.189209 -0.817627
vn 0.542969 -0.189209 -0.817627
vn 0.551514 -0.032471 -0.833252
vn 0.572266 -0.008057 -0.819580
vn 0.572266 -0.008057 -0.819580
vn 0.592285 0.016113 -0.805176
vn 0.572266 -0.008057 -0.819580
vn 0.572266 -0.008057 -0.819580
vn 0.553955 0.150391 -0.818604
vn 0.554199 0.150879 -0.817871
vn 0.554199 0.150879 -0.817871
vn 0.554932 0.152100 -0.817627
vn 0.554199 0.150879 -0.817871
vn 0.554199 0.150879 -0.817871
vn 0.519043 0.310303 -0.796143
vn 0.517578 0.292236 -0.803711
vn 0.517578 0.292236 -0.803711
vn 0.516113 0.274414 -0.810791
vn 0.517578 0.292236 -0.803711
vn 0.517578 0.292236 -0.803711
vn 0.397705 0.464111 -0.790527
vn 0.398682 0.462158 -0.791504
vn 0.398682 0.462158 -0.791504
vn 0.399170 0.460449 -0.792236
vn 0.398682 0.462158 -0.791504
vn 0.398682 0.462158 -0.791504
vn 0.229004 0.561768 -0.794678
vn 0.227295 0.561035 -0.795410
vn 0.227295 0.561035 -0.795410
vn 0.227295 0.561035 -0.795410
vn 0.225586 0.560547 -0.796387
vn 0.227295 0.561035 -0.795410
vn 0.002197 0.607422 -0.793701
vn 0.019531 0.618164 -0.785156
vn 0.019531 0.618164 -0.785156
vn 0.019531 0.618164 -0.785156
vn 0.036865 0.628418 -0.776367
vn 0.019531 0.618164 -0.785156
vn -0.130127 0.593994 -0.793213
vn -0.150635 0.601562 -0.784180
vn -0.150635 0.601562 -0.784180
vn -0.170410 0.608643 -0.774414
vn -0.150635 0.601562 -0.784180
vn -0.150635 0.601562 -0.784180
vn -0.340088 0.503662 -0.793457
vn -0.341797 0.503662 -0.792969
vn -0.341797 0.503662 -0.792969
vn -0.343506 0.503662 -0.791992
vn -0.341797 0.503662 -0.792969
vn -0.341797 0.503662 -0.792969
vn -0.489014 0.381836 -0.783936
vn -0.485840 0.382324 -0.785645
vn -0.485840 0.382324 -0.785645
vn -0.482422 0.383301 -0.787354
vn -0.485840 0.382324 -0.785645
vn -0.485840 0.382324 -0.785645
vn -0.619629 0.227051 -0.750977
vn -0.609131 0.232422 -0.757812
vn -0.609131 0.232422 -0.757812
vn -0.598389 0.237793 -0.764404
vn -0.609131 0.232422 -0.757812
vn -0.609131 0.232422 -0.757812
vn -0.659424 0.029053 -0.750977
vn -0.687012 -0.000977 -0.726562
vn -0.687012 -0.000977 -0.726562
vn -0.712891 -0.031250 -0.699951
vn -0.687012 -0.000977 -0.726562
vn -0.687012 -0.000977 -0.726562
vn -0.634033 -0.153076 -0.757324
vn -0.647949 -0.181641 -0.739258
vn -0.647949 -0.181641 -0.739258
vn -0.661133 -0.209717 -0.719971
vn -0.647949 -0.181641 -0.739258
vn -0.647949 -0.181641 -0.739258
vn -0.548584 -0.346680 -0.760254
vn -0.551514 -0.367920 -0.748291
vn -0.551514 -0.367920 -0.748291
vn -0.553711 -0.388672 -0.736084
vn -0.551514 -0.367920 -0.748291
vn -0.551514 -0.367920 -0.748291
vn -0.380371 -0.489502 -0.783936
vn -0.369629 -0.524414 -0.766602
vn -0.369629 -0.524414 -0.766602
vn -0.357910 -0.558594 -0.747803
vn -0.369629 -0.524414 -0.766602
vn -0.369629 -0.524414 -0.766602
vn -0.149170 -0.587891 -0.794678
vn -0.149170 -0.587891 -0.794678
vn -0.149170 -0.587891 -0.794678
vn -0.149170 -0.587891 -0.794678
vn -0.149170 -0.587891 -0.794678
vn -0.149170 -0.587891 -0.794678
vn 0.047363 -0.602295 -0.796631
vn 0.047852 -0.602295 -0.796631
vn 0.047852 -0.602295 -0.796631
vn 0.047852 -0.602295 -0.796631
vn 0.047852 -0.602295 -0.796631
vn 0.047852 -0.602295 -0.796631
vn 0.345947 -0.421875 0.837402
vn 0.350586 -0.407959 0.842529
vn 0.350586 -0.407959 0.842529
vn 0.350586 -0.407959 0.842529
vn 0.354492 -0.394043 0.847412
vn 0.350586 -0.407959 0.842529
vn 0.216309 -0.500000 0.838379
vn 0.216309 -0.500000 0.838379
vn 0.216309 -0.500000 0.838379
vn 0.216309 -0.500000 0.838379
vn 0.216309 -0.500000 0.838379
vn 0.216309 -0.500000 0.838379
vn 0.421143 -0.328369 0.845215
vn 0.425293 -0.298096 0.854004
vn 0.425293 -0.298096 0.854004
vn 0.425293 -0.298096 0.854004
vn 0.428711 -0.267334 0.862793
vn 0.425293 -0.298096 0.854004
vn 0.484375 -0.187012 0.854004
vn 0.481201 -0.161377 0.861084
vn 0.481201 -0.161377 0.861084
vn 0.481201 -0.161377 0.861084
vn 0.477295 -0.135498 0.867920
vn 0.481201 -0.161377 0.861084
vn 0.512207 -0.030029 0.857666
vn 0.500244 -0.006836 0.865479
vn 0.500244 -0.006836 0.865479
vn 0.500244 -0.006836 0.865479
vn 0.488037 0.015869 0.872070
vn 0.500244 -0.006836 0.865479
vn 0.490967 0.133301 0.860840
vn 0.494141 0.130127 0.859375
vn 0.494141 0.130127 0.859375
vn 0.494141 0.130127 0.859375
vn 0.496826 0.126709 0.857910
vn 0.494141 0.130127 0.859375
vn 0.454102 0.271240 0.848389
vn 0.468506 0.263428 0.843018
vn 0.468506 0.263428 0.843018
vn 0.468506 0.263428 0.843018
vn 0.482666 0.255127 0.837158
vn 0.468506 0.263428 0.843018
vn 0.357178 0.416504 0.835449
vn 0.359375 0.416504 0.834717
vn 0.359375 0.416504 0.834717
vn 0.359375 0.416504 0.834717
vn 0.362061 0.416260 0.833740
vn 0.359375 0.416504 0.834717
vn 0.206055 0.505371 0.837402
vn 0.204590 0.505127 0.838135
vn 0.204590 0.505127 0.838135
vn 0.204590 0.505127 0.838135
vn 0.202881 0.504639 0.838623
vn 0.204590 0.505127 0.838135
vn 0.001953 0.546875 0.836670
vn 0.017578 0.557129 0.829834
vn 0.017578 0.557129 0.829834
vn 0.017578 0.557129 0.829834
vn 0.033447 0.567139 0.822754
vn 0.017578 0.557129 0.829834
vn -0.117432 0.534912 0.836426
vn -0.135498 0.541992 0.828613
vn -0.135498 0.541992 0.828613
vn -0.135498 0.541992 0.828613
vn -0.135498 0.541992 0.828613
vn -0.154053 0.548828 0.821045
vn -0.307129 0.454834 0.835449
vn -0.307617 0.453125 0.836182
vn -0.307617 0.453125 0.836182
vn -0.307617 0.453125 0.836182
vn -0.308594 0.451172 0.836670
vn -0.307617 0.453125 0.836182
vn -0.438965 0.342529 0.830078
vn -0.438721 0.345459 0.829346
vn -0.438721 0.345459 0.829346
vn -0.438721 0.345459 0.829346
vn -0.438721 0.348145 0.828125
vn -0.438721 0.345459 0.829346
vn -0.552490 0.202393 0.807861
vn -0.554199 0.211670 0.804688
vn -0.554199 0.211670 0.804688
vn -0.554199 0.211670 0.804688
vn -0.555908 0.220459 0.800781
vn -0.554199 0.211670 0.804688
vn -0.636963 0.027832 0.770264
vn -0.617920 -0.005127 0.785889
vn -0.617920 -0.005127 0.785889
vn -0.617920 -0.005127 0.785889
vn -0.598389 -0.038330 0.800049
vn -0.617920 -0.005127 0.785889
vn -0.600586 -0.145264 0.785889
vn -0.580078 -0.162842 0.797852
vn -0.580078 -0.162842 0.797852
vn -0.580078 -0.162842 0.797852
vn -0.559082 -0.179932 0.808838
vn -0.580078 -0.162842 0.797852
vn -0.511963 -0.323242 0.795166
vn -0.496826 -0.328369 0.802979
vn -0.496826 -0.328369 0.802979
vn -0.496826 -0.328369 0.802979
vn -0.481934 -0.333252 0.810059
vn -0.496826 -0.328369 0.802979
vn -0.363281 -0.467529 0.805420
vn -0.330322 -0.465820 0.820312
vn -0.330322 -0.465820 0.820312
vn -0.330322 -0.465820 0.820312
vn -0.297119 -0.463623 0.834229
vn -0.330322 -0.465820 0.820312
vn -0.134033 -0.529297 0.837402
vn -0.134033 -0.529297 0.837402
vn -0.134033 -0.529297 0.837402
vn -0.134033 -0.529297 0.837402
vn -0.134033 -0.529297 0.837402
vn -0.134033 -0.529297 0.837402
vn 0.042969 -0.541504 0.838867
vn 0.042969 -0.541504 0.838867
vn 0.042969 -0.541504 0.838867
vn 0.042969 -0.541504 0.838867
vn 0.042969 -0.541504 0.838867
vn 0.042969 -0.541504 0.838867
vn 0.947266 -0.123779 0.294922
vn 0.970459 0.218994 -0.099854
vn 0.947754 0.141113 0.284668
vn 0.970459 0.218994 -0.099854
vn 0.944824 0.314697 -0.085205
vn 0.947754 0.141113 0.284668
vn 0.601807 0.797852 -0.030518
vn 0.944824 0.314697 -0.085205
vn 0.946533 0.320312 -0.023438
vn 0.601807 0.797852 -0.030518
vn 0.024902 0.492188 -0.869629
vn 0.944824 0.314697 -0.085205
vn 0.944824 0.314697 -0.085205
vn 0.024902 0.492188 -0.869629
vn 0.714600 0.132324 -0.686279
vn 0.947754 0.141113 0.284668
vn 0.944824 0.314697 -0.085205
vn 0.791016 0.412598 0.451172
vn 0.791016 0.412598 0.451172
vn 0.944824 0.314697 -0.085205
vn 0.714600 0.132324 -0.686279
vn -0.612061 0.781738 -0.116211
vn -0.729248 0.647461 0.218994
vn -0.756836 0.646240 -0.093750
vn -0.383789 0.475586 -0.791016
vn -0.334473 0.819824 -0.463867
vn -0.756836 0.646240 -0.093750
vn -0.756836 0.646240 -0.093750
vn -0.334473 0.819824 -0.463867
vn -0.612061 0.781738 -0.116211
vn -0.334473 0.819824 -0.463867
vn -0.404541 0.498779 -0.765869
vn -0.612061 0.781738 -0.116211
vn -0.923584 0.378906 -0.053711
vn -0.612061 0.781738 -0.116211
vn -0.404541 0.498779 -0.765869
vn -0.896973 0.037598 0.440186
vn -0.729248 0.647461 0.218994
vn -0.923584 0.378906 -0.053711
vn -0.923584 0.378906 -0.053711
vn -0.729248 0.647461 0.218994
vn -0.612061 0.781738 -0.116211
vn -0.383789 0.475586 -0.791016
vn -0.105469 -0.879639 -0.463379
vn -0.009766 0.023926 -0.999512
vn -0.009766 0.023926 -0.999512
vn -0.105469 -0.879639 -0.463379
vn 0.050781 -0.827393 -0.558838
vn -0.756836 0.646240 -0.093750
vn -0.753418 -0.572754 -0.321777
vn -0.383789 0.475586 -0.791016
vn -0.753418 -0.572754 -0.321777
vn -0.105469 -0.879639 -0.463379
vn -0.383789 0.475586 -0.791016
vn -0.753418 -0.572754 -0.321777
vn -0.756836 0.646240 -0.093750
vn -0.503662 -0.654297 0.563477
vn -0.756836 0.646240 -0.093750
vn -0.585449 0.609619 0.533203
vn -0.503662 -0.654297 0.563477
vn 0.508301 -0.859131 -0.055420
vn 0.771729 0.126953 -0.622803
vn 0.199951 -0.725586 -0.657959
vn 0.771729 0.126953 -0.622803
vn 0.203613 0.147461 -0.967285
vn 0.199951 -0.725586 -0.657959
vn 0.771729 0.126953 -0.622803
vn 0.508301 -0.859131 -0.055420
vn 0.673584 0.161377 0.720947
vn 0.673584 0.161377 0.720947
vn 0.508301 -0.859131 -0.055420
vn 0.337158 -0.898438 0.280518
vn 0.234131 -0.622070 0.746582
vn -0.032959 -0.417969 0.907715
vn 0.123779 0.233643 0.963867
vn -0.131348 0.333252 0.933594
vn 0.123779 0.233643 0.963867
vn -0.032959 -0.417969 0.907715
vn 0.050781 -0.827393 -0.558838
vn 0.199951 -0.725586 -0.657959
vn -0.009766 0.023926 -0.999512
vn 0.203613 0.147461 -0.967285
vn -0.009766 0.023926 -0.999512
vn 0.199951 -0.725586 -0.657959
vn -0.585449 0.609619 0.533203
vn -0.131348 0.333252 0.933594
vn -0.503662 -0.654297 0.563477
vn -0.032959 -0.417969 0.907715
vn -0.503662 -0.654297 0.563477
vn -0.131348 0.333252 0.933594
vn 0.673584 0.161377 0.720947
vn 0.791016 0.412598 0.451172
vn 0.771729 0.126953 -0.622803
vn 0.791016 0.412598 0.451172
vn 0.714600 0.132324 -0.686279
vn 0.771729 0.126953 -0.622803
vn 0.791016 0.412598 0.451172
vn 0.673584 0.161377 0.720947
vn 0.135254 0.324219 0.935791
vn 0.123779 0.233643 0.963867
vn 0.135254 0.324219 0.935791
vn 0.673584 0.161377 0.720947
vn 0.135254 0.324219 0.935791
vn 0.513184 -0.079834 0.854004
vn 0.791016 0.412598 0.451172
vn 0.791016 0.412598 0.451172
vn 0.513184 -0.079834 0.854004
vn 0.947754 0.141113 0.284668
vn -0.156250 0.287598 0.944580
vn 0.135254 0.324219 0.935791
vn -0.131348 0.333252 0.933594
vn 0.135254 0.324219 0.935791
vn 0.123779 0.233643 0.963867
vn -0.131348 0.333252 0.933594
vn -0.156250 0.287598 0.944580
vn -0.131348 0.333252 0.933594
vn -0.480713 0.343262 0.806641
vn -0.585449 0.609619 0.533203
vn -0.480713 0.343262 0.806641
vn -0.131348 0.333252 0.933594
vn 0.052002 0.090820 -0.994385
vn 0.024902 0.492188 -0.869629
vn 0.554199 0.497559 -0.666504
vn 0.024902 0.492188 -0.869629
vn 0.601807 0.797852 -0.030518
vn 0.554199 0.497559 -0.666504
vn 0.946533 0.320312 -0.023438
vn 0.554199 0.497559 -0.666504
vn 0.601807 0.797852 -0.030518
vn 0.024902 0.492188 -0.869629
vn -0.052002 0.466553 -0.882812
vn 0.164551 -0.179932 -0.969727
vn 0.024902 0.492188 -0.869629
vn 0.164551 -0.179932 -0.969727
vn 0.714600 0.132324 -0.686279
vn 0.024902 0.492188 -0.869629
vn 0.052002 0.090820 -0.994385
vn -0.052002 0.466553 -0.882812
vn 0.052002 0.090820 -0.994385
vn 0.058838 0.030762 -0.997559
vn -0.052002 0.466553 -0.882812
vn -0.038574 0.154785 -0.987061
vn -0.052002 0.466553 -0.882812
vn -0.054932 0.288086 -0.955811
vn -0.054932 0.288086 -0.955811
vn -0.052002 0.466553 -0.882812
vn 0.058838 0.030762 -0.997559
vn -0.052002 0.466553 -0.882812
vn -0.038574 0.154785 -0.987061
vn 0.164551 -0.179932 -0.969727
vn -0.185547 0.378418 -0.906494
vn -0.056641 0.485596 -0.871826
vn -0.090820 0.178467 -0.979248
vn -0.090820 0.178467 -0.979248
vn -0.056641 0.485596 -0.871826
vn 0.048340 0.035156 -0.998047
vn -0.185547 0.378418 -0.906494
vn 0.177979 -0.343262 -0.921875
vn -0.056641 0.485596 -0.871826
vn -0.056641 0.485596 -0.871826
vn 0.177979 -0.343262 -0.921875
vn -0.038574 0.154785 -0.987061
vn -0.038574 0.154785 -0.987061
vn -0.054932 0.288086 -0.955811
vn -0.056641 0.485596 -0.871826
vn -0.054932 0.288086 -0.955811
vn 0.048340 0.035156 -0.998047
vn -0.056641 0.485596 -0.871826
vn -0.161377 0.615967 -0.770752
vn -0.153809 0.024414 -0.987549
vn -0.185547 0.378418 -0.906494
vn -0.153809 0.024414 -0.987549
vn 0.177979 -0.343262 -0.921875
vn -0.185547 0.378418 -0.906494
vn -0.090820 0.178467 -0.979248
vn -0.108887 0.180664 -0.977295
vn -0.185547 0.378418 -0.906494
vn -0.108887 0.180664 -0.977295
vn -0.161377 0.615967 -0.770752
vn -0.185547 0.378418 -0.906494
vn -0.491211 0.621338 -0.609375
vn -0.161377 0.615967 -0.770752
vn -0.315430 0.317627 -0.893799
vn -0.315430 0.317627 -0.893799
vn -0.161377 0.615967 -0.770752
vn -0.108887 0.180664 -0.977295
vn -0.491211 0.621338 -0.609375
vn -0.153809 0.024414 -0.987549
vn -0.161377 0.615967 -0.770752
vn -0.740479 -0.399658 -0.539795
vn -0.153809 0.024414 -0.987549
vn -0.809570 0.529297 -0.252686
vn -0.809570 0.529297 -0.252686
vn -0.153809 0.024414 -0.987549
vn -0.491211 0.621338 -0.609375
vn -0.491211 0.621338 -0.609375
vn -0.315430 0.317627 -0.893799
vn -0.809570 0.529297 -0.252686
vn -0.315430 0.317627 -0.893799
vn -0.926270 0.133545 -0.351562
vn -0.809570 0.529297 -0.252686
vn -0.809570 0.529297 -0.252686
vn -0.926270 0.133545 -0.351562
vn -0.978027 0.182373 -0.097656
vn -0.809570 0.529297 -0.252686
vn -0.978027 0.182373 -0.097656
vn -0.740479 -0.399658 -0.539795
vn 0.534180 -0.770264 -0.347412
vn 0.052002 0.090820 -0.994385
vn 0.979492 -0.086914 -0.178711
vn 0.052002 0.090820 -0.994385
vn 0.554199 0.497559 -0.666504
vn 0.979492 -0.086914 -0.178711
vn 0.554199 0.497559 -0.666504
vn 0.946533 0.320312 -0.023438
vn 0.979492 -0.086914 -0.178711
vn 0.946533 0.320312 -0.023438
vn 0.925781 0.367676 -0.081543
vn 0.979492 -0.086914 -0.178711
vn -0.735840 -0.537842 -0.410645
vn -0.818604 -0.469727 0.329834
vn -0.985596 -0.157471 -0.060303
vn -0.985596 -0.157471 -0.060303
vn -0.818604 -0.469727 0.329834
vn -0.985352 -0.169922 0.010498
vn -0.735840 -0.537842 -0.410645
vn -0.985596 -0.157471 -0.060303
vn -0.926270 0.133545 -0.351562
vn -0.978027 0.182373 -0.097656
vn -0.926270 0.133545 -0.351562
vn -0.985596 -0.157471 -0.060303
vn 0.534180 -0.770264 -0.347412
vn 0.310547 -0.925293 -0.216553
vn 0.052002 0.090820 -0.994385
vn 0.310547 -0.925293 -0.216553
vn 0.058838 0.030762 -0.997559
vn 0.052002 0.090820 -0.994385
vn -0.054932 0.288086 -0.955811
vn 0.058838 0.030762 -0.997559
vn 0.244385 -0.824463 -0.510010
vn 0.244385 -0.824463 -0.510010
vn 0.058838 0.030762 -0.997559
vn 0.310547 -0.925293 -0.216553
vn 0.244385 -0.824463 -0.510010
vn 0.179199 -0.956787 -0.227051
vn -0.054932 0.288086 -0.955811
vn 0.179199 -0.956787 -0.227051
vn 0.048340 0.035156 -0.998047
vn -0.054932 0.288086 -0.955811
vn -0.090820 0.178467 -0.979248
vn 0.048340 0.035156 -0.998047
vn 0.114258 -0.839600 -0.530762
vn 0.114258 -0.839600 -0.530762
vn 0.048340 0.035156 -0.998047
vn 0.179199 -0.956787 -0.227051
vn 0.114258 -0.839600 -0.530762
vn 0.006592 -0.965576 -0.258545
vn -0.090820 0.178467 -0.979248
vn 0.006592 -0.965576 -0.258545
vn -0.108887 0.180664 -0.977295
vn -0.090820 0.178467 -0.979248
vn -0.315430 0.317627 -0.893799
vn -0.108887 0.180664 -0.977295
vn -0.057129 -0.916016 -0.396729
vn -0.057129 -0.916016 -0.396729
vn -0.108887 0.180664 -0.977295
vn 0.006592 -0.965576 -0.258545
vn -0.057129 -0.916016 -0.396729
vn -0.735840 -0.537842 -0.410645
vn -0.315430 0.317627 -0.893799
vn -0.735840 -0.537842 -0.410645
vn -0.926270 0.133545 -0.351562
vn -0.315430 0.317627 -0.893799
vn 0.652588 0.755127 0.055420
vn 0.563965 0.243652 0.788330
vn 0.730957 0.584473 0.351074
vn 0.563965 0.243652 0.788330
vn 0.652588 0.755127 0.055420
vn 0.985352 0.055420 0.159668
vn 0.985352 0.055420 0.159668
vn 0.311279 -0.721680 0.617676
vn 0.563965 0.243652 0.788330
vn -0.181152 -0.828369 0.529053
vn 0.563965 0.243652 0.788330
vn 0.311279 -0.721680 0.617676
vn -0.181152 -0.828369 0.529053
vn 0.793945 -0.271729 0.543213
vn 0.563965 0.243652 0.788330
vn 0.793945 -0.271729 0.543213
vn 0.730957 0.584473 0.351074
vn 0.563965 0.243652 0.788330
vn 0.534180 -0.770264 -0.347412
vn 0.979492 -0.086914 -0.178711
vn 0.550293 -0.666992 0.501221
vn 0.550293 -0.666992 0.501221
vn 0.979492 -0.086914 -0.178711
vn 0.947266 -0.123779 0.294922
vn 0.381104 -0.623779 0.681885
vn 0.310547 -0.925293 -0.216553
vn 0.550293 -0.666992 0.501221
vn 0.550293 -0.666992 0.501221
vn 0.310547 -0.925293 -0.216553
vn 0.534180 -0.770264 -0.347412
vn 0.947266 -0.123779 0.294922
vn 0.979492 -0.086914 -0.178711
vn 0.970459 0.218994 -0.099854
vn 0.925781 0.367676 -0.081543
vn 0.970459 0.218994 -0.099854
vn 0.979492 -0.086914 -0.178711
vn 0.244385 -0.824463 -0.510010
vn 0.310547 -0.925293 -0.216553
vn 0.310303 -0.745850 0.588867
vn 0.310303 -0.745850 0.588867
vn 0.310547 -0.925293 -0.216553
vn 0.381104 -0.623779 0.681885
vn 0.229248 -0.647705 0.725830
vn 0.179199 -0.956787 -0.227051
vn 0.310303 -0.745850 0.588867
vn 0.310303 -0.745850 0.588867
vn 0.179199 -0.956787 -0.227051
vn 0.244385 -0.824463 -0.510010
vn 0.114258 -0.839600 -0.530762
vn 0.179199 -0.956787 -0.227051
vn 0.092041 -0.804199 0.586426
vn 0.092041 -0.804199 0.586426
vn 0.179199 -0.956787 -0.227051
vn 0.229248 -0.647705 0.725830
vn 0.114258 -0.839600 -0.530762
vn 0.092041 -0.804199 0.586426
vn 0.006592 -0.965576 -0.258545
vn 0.092041 -0.804199 0.586426
vn -0.005371 -0.649902 0.759277
vn 0.006592 -0.965576 -0.258545
vn 0.229248 -0.647705 0.725830
vn -0.026367 -0.148682 0.988037
vn 0.092041 -0.804199 0.586426
vn -0.005371 -0.649902 0.759277
vn 0.092041 -0.804199 0.586426
vn -0.026367 -0.148682 0.988037
vn -0.156250 -0.641846 0.750000
vn -0.818604 -0.469727 0.329834
vn -0.057129 -0.916016 -0.396729
vn -0.818604 -0.469727 0.329834
vn -0.735840 -0.537842 -0.410645
vn -0.057129 -0.916016 -0.396729
vn -0.005371 -0.649902 0.759277
vn -0.026367 -0.148682 0.988037
vn -0.360840 -0.045410 0.931152
vn -0.005371 -0.649902 0.759277
vn -0.360840 -0.045410 0.931152
vn -0.156250 -0.641846 0.750000
vn -0.057129 -0.916016 -0.396729
vn 0.006592 -0.965576 -0.258545
vn -0.156250 -0.641846 0.750000
vn -0.156250 -0.641846 0.750000
vn 0.006592 -0.965576 -0.258545
vn -0.005371 -0.649902 0.759277
vn -0.508057 -0.327393 -0.796387
vn 0.140625 -0.608643 -0.780762
vn -0.181152 -0.828369 0.529053
vn 0.140625 -0.608643 -0.780762
vn 0.793945 -0.271729 0.543213
vn -0.181152 -0.828369 0.529053
vn 0.140625 -0.608643 -0.780762
vn 0.801270 0.510742 -0.310547
vn 0.793945 -0.271729 0.543213
vn 0.801270 0.510742 -0.310547
vn 0.730957 0.584473 0.351074
vn 0.793945 -0.271729 0.543213
vn 0.233154 0.489014 -0.840088
vn 0.652588 0.755127 0.055420
vn 0.801270 0.510742 -0.310547
vn 0.652588 0.755127 0.055420
vn 0.730957 0.584473 0.351074
vn 0.801270 0.510742 -0.310547
vn -0.508057 -0.327393 -0.796387
vn 0.233154 0.489014 -0.840088
vn 0.140625 -0.608643 -0.780762
vn 0.140625 -0.608643 -0.780762
vn 0.233154 0.489014 -0.840088
vn 0.801270 0.510742 -0.310547
vn 0.177979 -0.343262 -0.921875
vn -0.153809 0.024414 -0.987549
vn 0.666260 -0.633057 -0.393799
vn -0.740479 -0.399658 -0.539795
vn 0.666260 -0.633057 -0.393799
vn -0.153809 0.024414 -0.987549
vn -0.740479 -0.399658 -0.539795
vn -0.821045 -0.515869 0.242920
vn 0.311279 -0.721680 0.617676
vn -0.821045 -0.515869 0.242920
vn -0.822754 -0.498535 0.270752
vn 0.311279 -0.721680 0.617676
vn -0.181152 -0.828369 0.529053
vn 0.311279 -0.721680 0.617676
vn -0.822754 -0.498535 0.270752
vn -0.740479 -0.399658 -0.539795
vn 0.311279 -0.721680 0.617676
vn 0.666260 -0.633057 -0.393799
vn 0.666260 -0.633057 -0.393799
vn 0.311279 -0.721680 0.617676
vn 0.985352 0.055420 0.159668
vn 0.119385 0.317627 -0.940430
vn -0.383789 0.475586 -0.791016
vn -0.009766 0.023926 -0.999512
vn -0.334473 0.819824 -0.463867
vn -0.383789 0.475586 -0.791016
vn 0.301514 0.193115 -0.933350
vn 0.119385 0.317627 -0.940430
vn 0.301514 0.193115 -0.933350
vn -0.383789 0.475586 -0.791016
vn 0.233154 0.489014 -0.840088
vn 0.448486 0.237305 -0.861084
vn 0.652588 0.755127 0.055420
vn 0.448486 0.237305 -0.861084
vn 0.985352 0.055420 0.159668
vn 0.652588 0.755127 0.055420
vn -0.334473 0.819824 -0.463867
vn 0.301514 0.193115 -0.933350
vn -0.404541 0.498779 -0.765869
vn 0.301514 0.193115 -0.933350
vn 0.489014 -0.149414 -0.859131
vn -0.404541 0.498779 -0.765869
vn 0.301514 0.193115 -0.933350
vn 0.119385 0.317627 -0.940430
vn 0.177979 -0.343262 -0.921875
vn 0.666260 -0.633057 -0.393799
vn 0.301514 0.193115 -0.933350
vn 0.177979 -0.343262 -0.921875
vn 0.301514 0.193115 -0.933350
vn 0.666260 -0.633057 -0.393799
vn 0.489014 -0.149414 -0.859131
vn 0.985352 0.055420 0.159668
vn 0.448486 0.237305 -0.861084
vn 0.666260 -0.633057 -0.393799
vn 0.448486 0.237305 -0.861084
vn 0.489014 -0.149414 -0.859131
vn 0.666260 -0.633057 -0.393799
vn -0.761475 0.030029 -0.647217
vn -0.404541 0.498779 -0.765869
vn 0.448486 0.237305 -0.861084
vn -0.404541 0.498779 -0.765869
vn 0.489014 -0.149414 -0.859131
vn 0.448486 0.237305 -0.861084
vn -0.761475 0.030029 -0.647217
vn 0.448486 0.237305 -0.861084
vn -0.508057 -0.327393 -0.796387
vn -0.508057 -0.327393 -0.796387
vn 0.448486 0.237305 -0.861084
vn 0.233154 0.489014 -0.840088
vn -0.181152 -0.828369 0.529053
vn -0.822754 -0.498535 0.270752
vn -0.508057 -0.327393 -0.796387
vn -0.822754 -0.498535 0.270752
vn -0.761475 0.030029 -0.647217
vn -0.508057 -0.327393 -0.796387
vn -0.923584 0.378906 -0.053711
vn -0.822754 -0.498535 0.270752
vn -0.896973 0.037598 0.440186
vn -0.822754 -0.498535 0.270752
vn -0.821045 -0.515869 0.242920
vn -0.896973 0.037598 0.440186
vn -0.822754 -0.498535 0.270752
vn -0.923584 0.378906 -0.053711
vn -0.761475 0.030029 -0.647217
vn -0.923584 0.378906 -0.053711
vn -0.404541 0.498779 -0.765869
vn -0.761475 0.030029 -0.647217
vn 0.177979 -0.343262 -0.921875
vn 0.119385 0.317627 -0.940430
vn 0.246338 0.053223 -0.967285
vn -0.009766 0.023926 -0.999512
vn 0.203613 0.147461 -0.967285
vn 0.119385 0.317627 -0.940430
vn 0.203613 0.147461 -0.967285
vn 0.246338 0.053223 -0.967285
vn 0.119385 0.317627 -0.940430
vn 0.203613 0.147461 -0.967285
vn 0.771729 0.126953 -0.622803
vn 0.246338 0.053223 -0.967285
vn -0.756836 0.646240 -0.093750
vn -0.729248 0.647461 0.218994
vn -0.585449 0.609619 0.533203
vn -0.729248 0.647461 0.218994
vn -0.480713 0.343262 0.806641
vn -0.585449 0.609619 0.533203
vn -0.729248 0.647461 0.218994
vn -0.896973 0.037598 0.440186
vn -0.480713 0.343262 0.806641
vn -0.823975 -0.090576 0.558838
vn -0.480713 0.343262 0.806641
vn -0.896973 0.037598 0.440186
vn 0.177979 -0.343262 -0.921875
vn 0.164551 -0.179932 -0.969727
vn -0.038574 0.154785 -0.987061
vn 0.164551 -0.179932 -0.969727
vn 0.177979 -0.343262 -0.921875
vn 0.246338 0.053223 -0.967285
vn -0.740479 -0.399658 -0.539795
vn -0.985352 -0.169922 0.010498
vn -0.821045 -0.515869 0.242920
vn -0.818604 -0.469727 0.329834
vn -0.798828 -0.063965 0.597168
vn -0.985352 -0.169922 0.010498
vn -0.985352 -0.169922 0.010498
vn -0.798828 -0.063965 0.597168
vn -0.823975 -0.090576 0.558838
vn -0.821045 -0.515869 0.242920
vn -0.985352 -0.169922 0.010498
vn -0.823975 -0.090576 0.558838
vn -0.823975 -0.090576 0.558838
vn -0.896973 0.037598 0.440186
vn -0.821045 -0.515869 0.242920
vn -0.156250 0.287598 0.944580
vn -0.480713 0.343262 0.806641
vn -0.360840 -0.045410 0.931152
vn -0.480713 0.343262 0.806641
vn -0.823975 -0.090576 0.558838
vn -0.360840 -0.045410 0.931152
vn -0.798828 -0.063965 0.597168
vn -0.360840 -0.045410 0.931152
vn -0.823975 -0.090576 0.558838
vn -0.360840 -0.045410 0.931152
vn -0.798828 -0.063965 0.597168
vn -0.156250 -0.641846 0.750000
vn -0.818604 -0.469727 0.329834
vn -0.156250 -0.641846 0.750000
vn -0.798828 -0.063965 0.597168
vn -0.156250 0.287598 0.944580
vn -0.360840 -0.045410 0.931152
vn -0.026367 -0.148682 0.988037
vn -0.156250 0.287598 0.944580
vn -0.026367 -0.148682 0.988037
vn 0.135254 0.324219 0.935791
vn -0.026367 -0.148682 0.988037
vn 0.268311 -0.211670 0.939453
vn 0.135254 0.324219 0.935791
vn 0.229248 -0.647705 0.725830
vn 0.268311 -0.211670 0.939453
vn -0.026367 -0.148682 0.988037
vn 0.229248 -0.647705 0.725830
vn 0.310303 -0.745850 0.588867
vn 0.268311 -0.211670 0.939453
vn 0.513184 -0.079834 0.854004
vn 0.135254 0.324219 0.935791
vn 0.268311 -0.211670 0.939453
vn 0.381104 -0.623779 0.681885
vn 0.268311 -0.211670 0.939453
vn 0.310303 -0.745850 0.588867
vn 0.381104 -0.623779 0.681885
vn 0.513184 -0.079834 0.854004
vn 0.268311 -0.211670 0.939453
vn 0.381104 -0.623779 0.681885
vn 0.550293 -0.666992 0.501221
vn 0.513184 -0.079834 0.854004
vn 0.947754 0.141113 0.284668
vn 0.513184 -0.079834 0.854004
vn 0.947266 -0.123779 0.294922
vn 0.513184 -0.079834 0.854004
vn 0.550293 -0.666992 0.501221
vn 0.947266 -0.123779 0.294922
vn 0.164551 -0.179932 -0.969727
vn 0.246338 0.053223 -0.967285
vn 0.714600 0.132324 -0.686279
vn 0.246338 0.053223 -0.967285
vn 0.771729 0.126953 -0.622803
vn 0.714600 0.132324 -0.686279
vn 0.337158 -0.898438 0.280518
vn 0.234131 -0.622070 0.746582
vn 0.673584 0.161377 0.720947
vn 0.123779 0.233643 0.963867
vn 0.673584 0.161377 0.720947
vn 0.234131 -0.622070 0.746582
vn 0.337158 0.585449 -0.736572
vn 0.909424 0.246338 -0.334229
vn 0.228027 -0.773926 -0.590088
vn 0.909424 0.246338 -0.334229
vn 0.371582 -0.916260 -0.147461
vn 0.228027 -0.773926 -0.590088
vn -0.155518 0.758545 -0.632324
vn 0.337158 0.585449 -0.736572
vn 0.063721 -0.848877 -0.524414
vn 0.337158 0.585449 -0.736572
vn 0.228027 -0.773926 -0.590088
vn 0.063721 -0.848877 -0.524414
vn 0.063721 -0.848877 -0.524414
vn -0.271729 -0.589844 -0.760254
vn -0.155518 0.758545 -0.632324
vn -0.539307 0.697998 -0.470215
vn -0.155518 0.758545 -0.632324
vn -0.271729 -0.589844 -0.760254
vn -0.271729 -0.589844 -0.760254
vn -0.658203 -0.737793 -0.147949
vn -0.539307 0.697998 -0.470215
vn -0.607910 0.781250 -0.138184
vn -0.539307 0.697998 -0.470215
vn -0.658203 -0.737793 -0.147949
vn -0.499268 -0.482422 0.718994
vn -0.693604 0.674561 0.251709
vn -0.658203 -0.737793 -0.147949
vn -0.693604 0.674561 0.251709
vn -0.607910 0.781250 -0.138184
vn -0.658203 -0.737793 -0.147949
vn 0.303711 0.717285 0.626709
vn -0.201660 0.657959 0.725098
vn 0.215088 -0.578613 0.786377
vn -0.201660 0.657959 0.725098
vn 0.002930 -0.850098 0.526123
vn 0.215088 -0.578613 0.786377
vn 0.002930 -0.850098 0.526123
vn -0.201660 0.657959 0.725098
vn -0.499268 -0.482422 0.718994
vn -0.201660 0.657959 0.725098
vn -0.693604 0.674561 0.251709
vn -0.499268 -0.482422 0.718994
vn 0.303711 0.717285 0.626709
vn 0.215088 -0.578613 0.786377
vn 0.619141 0.710938 0.333252
vn 0.619141 0.710938 0.333252
vn 0.215088 -0.578613 0.786377
vn 0.625000 -0.651367 0.428711
vn 0.619141 0.710938 0.333252
vn 0.625000 -0.651367 0.428711
vn 0.909424 0.246338 -0.334229
vn 0.909424 0.246338 -0.334229
vn 0.625000 -0.651367 0.428711
vn 0.371582 -0.916260 -0.147461
vn 0.152344 -0.977783 -0.142090
vn 0.916992 0.323242 -0.231445
vn -0.020752 -0.804199 -0.593262
vn -0.020752 -0.804199 -0.593262
vn 0.916992 0.323242 -0.231445
vn 0.175049 0.216553 -0.959961
vn -0.020752 -0.804199 -0.593262
vn 0.175049 0.216553 -0.959961
vn -0.055908 -0.817627 -0.572754
vn -0.055908 -0.817627 -0.572754
vn 0.175049 0.216553 -0.959961
vn -0.204834 0.004639 -0.978760
vn -0.055908 -0.817627 -0.572754
vn -0.204834 0.004639 -0.978760
vn -0.244873 -0.470703 -0.847168
vn -0.244873 -0.470703 -0.847168
vn -0.204834 0.004639 -0.978760
vn -0.534424 0.497803 -0.682373
vn -0.244873 -0.470703 -0.847168
vn -0.534424 0.497803 -0.682373
vn -0.835449 -0.220947 -0.502197
vn -0.835449 -0.220947 -0.502197
vn -0.534424 0.497803 -0.682373
vn -0.581787 0.812500 -0.027100
vn -0.835449 -0.220947 -0.502197
vn -0.581787 0.812500 -0.027100
vn -0.657715 0.667725 0.348389
vn -0.657715 0.667725 0.348389
vn -0.581787 0.812500 -0.027100
vn -0.416748 0.908447 0.017578
vn -0.223877 0.350342 0.909180
vn -0.657715 0.667725 0.348389
vn -0.367188 0.878662 0.303711
vn -0.657715 0.667725 0.348389
vn -0.416748 0.908447 0.017578
vn -0.367188 0.878662 0.303711
vn 0.365723 0.095459 0.925293
vn -0.223877 0.350342 0.909180
vn 0.214844 0.852539 0.475342
vn -0.223877 0.350342 0.909180
vn -0.367188 0.878662 0.303711
vn 0.214844 0.852539 0.475342
vn 0.718994 -0.340820 0.604736
vn 0.365723 0.095459 0.925293
vn 0.709961 0.518311 0.476074
vn 0.365723 0.095459 0.925293
vn 0.214844 0.852539 0.475342
vn 0.709961 0.518311 0.476074
vn 0.709961 0.518311 0.476074
vn 0.916992 0.323242 -0.231445
vn 0.718994 -0.340820 0.604736
vn 0.152344 -0.977783 -0.142090
vn 0.718994 -0.340820 0.604736
vn 0.916992 0.323242 -0.231445
vn -0.693604 0.674561 0.251709
vn -0.416748 0.908447 0.017578
vn -0.607910 0.781250 -0.138184
vn -0.607910 0.781250 -0.138184
vn -0.416748 0.908447 0.017578
vn -0.581787 0.812500 -0.027100
vn -0.201660 0.657959 0.725098
vn -0.367188 0.878662 0.303711
vn -0.693604 0.674561 0.251709
vn -0.693604 0.674561 0.251709
vn -0.367188 0.878662 0.303711
vn -0.416748 0.908447 0.017578
vn 0.303711 0.717285 0.626709
vn 0.214844 0.852539 0.475342
vn -0.201660 0.657959 0.725098
vn -0.201660 0.657959 0.725098
vn 0.214844 0.852539 0.475342
vn -0.367188 0.878662 0.303711
vn 0.303711 0.717285 0.626709
vn 0.619141 0.710938 0.333252
vn 0.214844 0.852539 0.475342
vn 0.619141 0.710938 0.333252
vn 0.709961 0.518311 0.476074
vn 0.214844 0.852539 0.475342
vn 0.909424 0.246338 -0.334229
vn 0.916992 0.323242 -0.231445
vn 0.619141 0.710938 0.333252
vn 0.619141 0.710938 0.333252
vn 0.916992 0.323242 -0.231445
vn 0.709961 0.518311 0.476074
vn 0.909424 0.246338 -0.334229
vn 0.337158 0.585449 -0.736572
vn 0.916992 0.323242 -0.231445
vn 0.337158 0.585449 -0.736572
vn 0.175049 0.216553 -0.959961
vn 0.916992 0.323242 -0.231445
vn 0.337158 0.585449 -0.736572
vn -0.155518 0.758545 -0.632324
vn 0.175049 0.216553 -0.959961
vn -0.155518 0.758545 -0.632324
vn -0.204834 0.004639 -0.978760
vn 0.175049 0.216553 -0.959961
vn -0.539307 0.697998 -0.470215
vn -0.534424 0.497803 -0.682373
vn -0.155518 0.758545 -0.632324
vn -0.155518 0.758545 -0.632324
vn -0.534424 0.497803 -0.682373
vn -0.204834 0.004639 -0.978760
vn -0.607910 0.781250 -0.138184
vn -0.581787 0.812500 -0.027100
vn -0.539307 0.697998 -0.470215
vn -0.539307 0.697998 -0.470215
vn -0.581787 0.812500 -0.027100
vn -0.534424 0.497803 -0.682373
vn -0.499268 -0.482422 0.718994
vn -0.658203 -0.737793 -0.147949
vn -0.503662 -0.654297 0.563477
vn -0.658203 -0.737793 -0.147949
vn -0.753418 -0.572754 -0.321777
vn -0.503662 -0.654297 0.563477
vn -0.271729 -0.589844 -0.760254
vn -0.105469 -0.879639 -0.463379
vn -0.658203 -0.737793 -0.147949
vn -0.658203 -0.737793 -0.147949
vn -0.105469 -0.879639 -0.463379
vn -0.753418 -0.572754 -0.321777
vn -0.271729 -0.589844 -0.760254
vn 0.063721 -0.848877 -0.524414
vn -0.105469 -0.879639 -0.463379
vn 0.063721 -0.848877 -0.524414
vn 0.050781 -0.827393 -0.558838
vn -0.105469 -0.879639 -0.463379
vn 0.228027 -0.773926 -0.590088
vn 0.199951 -0.725586 -0.657959
vn 0.063721 -0.848877 -0.524414
vn 0.063721 -0.848877 -0.524414
vn 0.199951 -0.725586 -0.657959
vn 0.050781 -0.827393 -0.558838
vn 0.371582 -0.916260 -0.147461
vn 0.508301 -0.859131 -0.055420
vn 0.228027 -0.773926 -0.590088
vn 0.228027 -0.773926 -0.590088
vn 0.508301 -0.859131 -0.055420
vn 0.199951 -0.725586 -0.657959
vn 0.625000 -0.651367 0.428711
vn 0.337158 -0.898438 0.280518
vn 0.371582 -0.916260 -0.147461
vn 0.371582 -0.916260 -0.147461
vn 0.337158 -0.898438 0.280518
vn 0.508301 -0.859131 -0.055420
vn 0.625000 -0.651367 0.428711
vn 0.215088 -0.578613 0.786377
vn 0.337158 -0.898438 0.280518
vn 0.215088 -0.578613 0.786377
vn 0.234131 -0.622070 0.746582
vn 0.337158 -0.898438 0.280518
vn 0.215088 -0.578613 0.786377
vn 0.002930 -0.850098 0.526123
vn 0.234131 -0.622070 0.746582
vn 0.002930 -0.850098 0.526123
vn -0.032959 -0.417969 0.907715
vn 0.234131 -0.622070 0.746582
vn -0.499268 -0.482422 0.718994
vn -0.503662 -0.654297 0.563477
vn 0.002930 -0.850098 0.526123
vn 0.002930 -0.850098 0.526123
vn -0.503662 -0.654297 0.563477
vn -0.032959 -0.417969 0.907715
vn 0.943848 0.308838 0.114990
vn 0.943848 0.308838 0.114990
vn 0.943848 0.308838 0.114990
vn 0.929688 0.294922 -0.219238
vn 0.922119 0.371338 -0.104248
vn 0.922119 0.371338 -0.104248
vn 0.922119 0.371338 -0.104248
vn 0.922119 0.371338 -0.104248
vn 0.897217 0.440918 0.011963
vn -0.987793 -0.076660 0.131836
vn -0.992920 -0.033447 0.111084
vn -0.987793 -0.076660 0.131836
vn -0.948486 0.041260 -0.312500
vn -0.948486 0.041260 -0.312500
vn -0.948486 0.041260 -0.312500
vn -0.955811 -0.253906 0.146973
vn -0.951660 -0.262695 0.156738
vn -0.951660 -0.262695 0.156738
vn -0.947754 -0.271729 0.166504
vn -0.951660 -0.262695 0.156738
vn -0.951660 -0.262695 0.156738
vn -0.987793 -0.076660 0.131836
vn -0.980713 -0.119629 0.152100
vn -0.987793 -0.076660 0.131836
vn -0.872559 -0.460938 0.160645
vn -0.874756 -0.458008 0.157471
vn -0.874756 -0.458008 0.157471
vn -0.876709 -0.454834 0.154297
vn -0.874756 -0.458008 0.157471
vn -0.874756 -0.458008 0.157471
vn -0.635254 -0.753906 0.164551
vn -0.642090 -0.750000 0.157471
vn -0.642090 -0.750000 0.157471
vn -0.642090 -0.750000 0.157471
vn -0.648682 -0.745850 0.150391
vn -0.642090 -0.750000 0.157471
vn -0.383057 -0.909668 0.158936
vn -0.383057 -0.909668 0.158936
vn -0.383057 -0.909668 0.158936
vn 0.260742 -0.930908 0.253418
vn 0.260742 -0.930908 0.253418
vn 0.260742 -0.930908 0.253418
vn 0.559326 -0.818115 0.129639
vn 0.565918 -0.812500 0.138916
vn 0.565918 -0.812500 0.138916
vn 0.572266 -0.806152 0.148682
vn 0.565918 -0.812500 0.138916
vn 0.565918 -0.812500 0.138916
vn 0.775635 -0.615479 0.138428
vn 0.775879 -0.614502 0.139893
vn 0.775879 -0.614502 0.139893
vn 0.776611 -0.613281 0.141113
vn 0.775879 -0.614502 0.139893
vn 0.775879 -0.614502 0.139893
vn 0.921631 -0.365723 0.128662
vn 0.921875 -0.364502 0.130127
vn 0.921875 -0.364502 0.130127
vn 0.921875 -0.362793 0.131836
vn 0.921875 -0.364502 0.130127
vn 0.921875 -0.364502 0.130127
vn 0.991455 0.055908 0.113281
vn 0.991455 0.057129 0.114502
vn 0.991455 0.057129 0.114502
vn 0.991211 0.058350 0.115967
vn 0.991455 0.057129 0.114502
vn 0.991455 0.057129 0.114502
vn 0.969727 0.242676 -0.017334
vn 0.969727 0.242676 -0.017334
vn 0.969727 0.242676 -0.017334
vn -0.646729 0.718750 -0.254639
vn -0.646240 0.718750 -0.254639
vn -0.646240 0.718750 -0.254639
vn -0.646240 0.718750 -0.254639
vn -0.646240 0.718750 -0.254639
vn -0.646240 0.718750 -0.254639
vn -0.383545 0.886719 -0.257080
vn -0.383545 0.886719 -0.257080
vn -0.383545 0.886719 -0.257080
vn -0.383545 0.886719 -0.257080
vn -0.383545 0.886719 -0.257080
vn -0.383545 0.886719 -0.257080
vn -0.806885 0.513428 -0.291504
vn -0.819824 0.503174 -0.271729
vn -0.819824 0.503174 -0.271729
vn -0.819824 0.503174 -0.271729
vn -0.832764 0.492676 -0.251709
vn -0.819824 0.503174 -0.271729
vn -0.901367 0.282715 -0.326172
vn -0.914795 0.268799 -0.300293
vn -0.914795 0.268799 -0.300293
vn -0.914795 0.268799 -0.300293
vn -0.927002 0.254639 -0.274170
vn -0.914795 0.268799 -0.300293
vn -0.970947 -0.026611 -0.235840
vn -0.963867 -0.041260 -0.261719
vn -0.963867 -0.041260 -0.261719
vn -0.963867 -0.041260 -0.261719
vn -0.963867 -0.041260 -0.261719
vn -0.956055 -0.055420 -0.287598
vn -0.923340 -0.253174 -0.288086
vn -0.923828 -0.258789 -0.280762
vn -0.923828 -0.258789 -0.280762
vn -0.923828 -0.258789 -0.280762
vn -0.924561 -0.265137 -0.272949
vn -0.923828 -0.258789 -0.280762
vn -0.850586 -0.452393 -0.267578
vn -0.851074 -0.447510 -0.272705
vn -0.851074 -0.447510 -0.272705
vn -0.851074 -0.447510 -0.272705
vn -0.852295 -0.442383 -0.278076
vn -0.851074 -0.447510 -0.272705
vn -0.631836 -0.729248 -0.260498
vn -0.625488 -0.732178 -0.267822
vn -0.625488 -0.732178 -0.267822
vn -0.625488 -0.732178 -0.267822
vn -0.625488 -0.732178 -0.267822
vn -0.619385 -0.734619 -0.275635
vn 0.262695 -0.937744 -0.225586
vn 0.262695 -0.937744 -0.225586
vn 0.262695 -0.937744 -0.225586
vn 0.547119 -0.802979 -0.234863
vn 0.553223 -0.795166 -0.246582
vn 0.553223 -0.795166 -0.246582
vn 0.553223 -0.795166 -0.246582
vn 0.553223 -0.795166 -0.246582
vn 0.558838 -0.787598 -0.258545
vn 0.758545 -0.602539 -0.246338
vn 0.760010 -0.602051 -0.244141
vn 0.760010 -0.602051 -0.244141
vn 0.760010 -0.602051 -0.244141
vn 0.761475 -0.601074 -0.241455
vn 0.760010 -0.602051 -0.244141
vn 0.904053 -0.359375 -0.230469
vn 0.905029 -0.357910 -0.227783
vn 0.905029 -0.357910 -0.227783
vn 0.905029 -0.357910 -0.227783
vn 0.906250 -0.356934 -0.225342
vn 0.905029 -0.357910 -0.227783
vn 0.974121 0.042725 -0.219727
vn 0.976074 0.050049 -0.209473
vn 0.976074 0.050049 -0.209473
vn 0.976074 0.050049 -0.209473
vn 0.978027 0.057373 -0.198975
vn 0.976074 0.050049 -0.209473
vn 0.950684 0.228760 -0.208740
vn 0.950684 0.228760 -0.208740
vn 0.950684 0.228760 -0.208740
vn 0.793213 0.556885 -0.245361
vn 0.789062 0.571045 -0.225342
vn 0.789062 0.571045 -0.225342
vn 0.789062 0.571045 -0.225342
vn 0.784424 0.584961 -0.204834
vn 0.789062 0.571045 -0.225342
vn 0.521973 0.814209 -0.253418
vn 0.521973 0.814209 -0.253418
vn 0.521973 0.814209 -0.253418
vn 0.521973 0.814209 -0.253418
vn 0.521973 0.814209 -0.253418
vn 0.521973 0.814209 -0.253418
vn 0.237793 0.936279 -0.256592
vn 0.237793 0.936279 -0.256592
vn 0.237793 0.936279 -0.256592
vn 0.237793 0.936279 -0.256592
vn 0.237793 0.936279 -0.256592
vn 0.237793 0.936279 -0.256592
vn -0.076172 0.962891 -0.258057
vn -0.076172 0.962891 -0.258057
vn -0.076172 0.962891 -0.258057
vn -0.076172 0.962891 -0.258057
vn -0.076172 0.962891 -0.258057
vn -0.076172 0.962891 -0.258057
vn -0.661377 0.735352 0.146240
vn -0.661377 0.735352 0.146240
vn -0.661377 0.735352 0.146240
vn -0.661377 0.735352 0.146240
vn -0.661377 0.735352 0.146240
vn -0.661377 0.735352 0.146240
vn -0.392334 0.907471 0.147705
vn -0.392334 0.907471 0.147705
vn -0.392334 0.907471 0.147705
vn -0.392334 0.907471 0.147705
vn -0.392334 0.907471 0.147705
vn -0.392334 0.907471 0.147705
vn -0.839111 0.522949 0.145264
vn -0.843750 0.512451 0.156738
vn -0.843750 0.512451 0.156738
vn -0.848145 0.501709 0.168457
vn -0.843750 0.512451 0.156738
vn -0.843750 0.512451 0.156738
vn -0.946045 0.280518 0.159668
vn -0.942627 0.302002 0.138672
vn -0.942627 0.302002 0.138672
vn -0.938477 0.323486 0.117676
vn -0.942627 0.302002 0.138672
vn -0.942627 0.302002 0.138672
vn 0.812744 0.571289 0.109131
vn 0.803467 0.581543 0.125488
vn 0.803467 0.581543 0.125488
vn 0.793213 0.591553 0.142090
vn 0.803467 0.581543 0.125488
vn 0.803467 0.581543 0.125488
vn 0.533447 0.832764 0.145508
vn 0.533447 0.832764 0.145508
vn 0.533447 0.832764 0.145508
vn 0.533447 0.832764 0.145508
vn 0.533447 0.832764 0.145508
vn 0.533447 0.832764 0.145508
vn 0.243164 0.958252 0.147461
vn 0.243164 0.958252 0.147461
vn 0.243164 0.958252 0.147461
vn 0.243164 0.958252 0.147461
vn 0.243164 0.958252 0.147461
vn 0.243164 0.958252 0.147461
vn -0.078125 0.985596 0.148438
vn -0.078125 0.985596 0.148438
vn -0.078125 0.985596 0.148438
vn -0.078125 0.985596 0.148438
vn -0.078125 0.985596 0.148438
vn -0.078125 0.985596 0.148438
vn -0.359131 -0.893311 -0.269043
vn -0.359131 -0.893311 -0.269043
vn -0.359131 -0.893311 -0.269043
vn 0.152344 -0.977783 0.140381
vn 0.152344 -0.977783 0.140381
vn 0.152344 -0.977783 0.140381
vn 0.278076 -0.927490 -0.248047
vn 0.278076 -0.927490 -0.248047
vn 0.278076 -0.927490 -0.248047
vn -0.368408 -0.916992 0.149414
vn -0.368408 -0.916992 0.149414
vn -0.368408 -0.916992 0.149414
vn -0.098877 0.684082 0.722168
vn -0.098389 0.686035 0.720459
vn -0.098389 0.686035 0.720459
vn -0.098389 0.686035 0.720459
vn -0.098389 0.686035 0.720459
vn -0.097656 0.687744 0.718750
vn 0.076416 -0.854736 0.512207
vn 0.100098 -0.822754 0.558838
vn 0.100098 -0.822754 0.558838
vn 0.100098 -0.822754 0.558838
vn 0.122803 -0.787598 0.603516
vn 0.100098 -0.822754 0.558838
vn 0.076904 -0.604004 -0.792725
vn 0.081787 -0.580078 -0.810059
vn 0.081787 -0.580078 -0.810059
vn 0.086670 -0.555908 -0.826172
vn 0.081787 -0.580078 -0.810059
vn 0.081787 -0.580078 -0.810059
vn -0.106934 0.836426 -0.537354
vn -0.093506 0.857910 -0.504639
vn -0.093506 0.857910 -0.504639
vn -0.093506 0.857910 -0.504639
vn -0.079590 0.878418 -0.470703
vn -0.093506 0.857910 -0.504639
vn -0.079834 0.623535 0.777344
vn -0.080811 0.491211 0.867188
vn -0.080811 0.491211 0.867188
vn -0.080811 0.491211 0.867188
vn -0.080811 0.491211 0.867188
vn -0.079834 0.345703 0.934570
vn -0.244385 0.874756 -0.417725
vn -0.216797 0.850586 -0.478760
vn -0.216797 0.850586 -0.478760
vn -0.216797 0.850586 -0.478760
vn -0.216797 0.850586 -0.478760
vn -0.188477 0.821533 -0.537354
vn -0.119141 -0.025879 -0.992432
vn -0.116455 0.006348 -0.992920
vn -0.116455 0.006348 -0.992920
vn -0.116455 0.006348 -0.992920
vn -0.114014 0.039062 -0.992676
vn -0.116455 0.006348 -0.992920
vn 0.208252 -0.800781 0.560547
vn 0.201416 -0.797119 0.568115
vn 0.201416 -0.797119 0.568115
vn 0.201416 -0.797119 0.568115
vn 0.195312 -0.793457 0.575928
vn 0.201416 -0.797119 0.568115
vn 0.924561 0.366211 0.102783
vn 0.924561 0.366211 0.102783
vn 0.924561 0.366211 0.102783
vn 0.946045 0.304199 0.109863
vn 0.946045 0.304199 0.109863
vn 0.946045 0.304199 0.109863
vn 0.941162 0.237793 0.238281
vn 0.941162 0.237793 0.238281
vn 0.941162 0.237793 0.238281
vn -0.974365 -0.223145 -0.010010
vn -0.974365 -0.223145 -0.010010
vn -0.974365 -0.223145 -0.010010
vn -0.993164 -0.034180 0.108643
vn -0.993164 -0.034180 0.108643
vn -0.993164 -0.034180 0.108643
vn -0.992920 -0.032715 0.109863
vn -0.992920 -0.032715 0.109863
vn -0.992920 -0.032715 0.109863
usemtl Texture
f 1/1/1 2/2/2 3/3/3
f 4/4/4 5/5/5 6/6/6
f 7/7/7 8/8/8 9/9/9
f 10/10/10 11/11/11 12/12/12
f 13/13/13 14/14/14 15/15/15
f 16/16/16 17/17/17 18/18/18
f 19/19/19 20/20/20 21/21/21
f 22/22/22 23/23/23 24/24/24
f 25/25/25 26/26/26 27/27/27
f 28/28/28 29/29/29 30/30/30
f 31/31/31 32/32/32 33/33/33
f 34/34/34 35/35/35 36/36/36
f 37/37/37 38/38/38 39/39/39
f 40/40/40 41/41/41 42/42/42
f 43/43/43 44/44/44 45/45/45
f 46/46/46 47/47/47 48/48/48
f 49/49/49 50/50/50 51/51/51
f 52/52/52 53/53/53 54/54/54
f 55/55/55 56/56/56 57/57/57
f 58/58/58 59/59/59 60/60/60
f 61/61/61 62/62/62 63/63/63
f 64/64/64 65/65/65 66/66/66
f 67/67/67 68/68/68 69/69/69
f 70/70/70 71/71/71 72/72/72
f 73/73/73 74/74/74 75/75/75
f 76/76/76 77/77/77 78/78/78
f 79/79/79 80/80/80 81/81/81
f 82/82/82 83/83/83 84/84/84
f 85/85/85 86/86/86 87/87/87
f 88/88/88 89/89/89 90/90/90
f 91/91/91 92/92/92 93/93/93
f 94/94/94 95/95/95 96/96/96
f 97/97/97 98/98/98 99/99/99
f 100/100/100 101/101/101 102/102/102
f 103/103/103 104/104/104 105/105/105
f 106/106/106 107/107/107 108/108/108
f 109/109/109 110/110/110 111/111/111
f 112/112/112 113/113/113 114/114/114
f 115/115/115 116/116/116 117/117/117
f 118/118/118 119/119/119 120/120/120
f 121/121/121 122/122/122 123/123/123
f 124/124/124 125/125/125 126/126/126
f 127/127/127 128/128/128 129/129/129
f 130/130/130 131/131/131 132/132/132
f 133/133/133 134/134/134 135/135/135
f 136/136/136 137/137/137 138/138/138
f 139/139/139 140/140/140 141/141/141
f 142/142/142 143/143/143 144/144/144
f 145/145/145 146/146/146 147/147/147
f 148/148/148 149/149/149 150/150/150
f 151/151/151 152/152/152 153/153/153
f 154/154/154 155/155/155 156/156/156
f 157/157/157 158/158/158 159/159/159
f 160/160/160 161/161/161 162/162/162
f 163/163/163 164/164/164 165/165/165
f 166/166/166 167/167/167 168/168/168
f 169/169/169 170/170/170 171/171/171
f 172/172/172 173/173/173 174/174/174
f 175/175/175 176/176/176 177/177/177
f 178/178/178 179/179/179 180/180/180
f 181/181/181 182/182/182 183/183/183
f 184/184/184 185/185/185 186/186/186
f 187/187/187 188/188/188 189/189/189
f 190/190/190 191/191/191 192/192/192
f 193/193/193 194/194/194 195/195/195
f 196/196/196 197/197/197 198/198/198
f 199/199/199 200/200/200 201/201/201
f 202/202/202 203/203/203 204/204/204
f 205/205/205 206/206/206 207/207/207
f 208/208/208 209/209/209 210/210/210
f 211/211/211 212/212/212 213/213/213
f 214/214/214 215/215/215 216/216/216
f 217/217/217 218/218/218 219/219/219
f 220/220/220 221/221/221 222/222/222
f 223/223/223 224/224/224 225/225/225
f 226/226/226 227/227/227 228/228/228
f 229/229/229 230/230/230 231/231/231
f 232/232/232 233/233/233 234/234/234
f 235/235/235 236/236/236 237/237/237
f 238/238/238 239/239/239 240/240/240
f 241/241/241 242/242/242 243/243/243
f 244/244/244 245/245/245 246/246/246
f 247/247/247 248/248/248 249/249/249
f 250/250/250 251/251/251 252/252/252
f 253/253/253 254/254/254 255/255/255
f 256/256/256 257/257/257 258/258/258
f 259/259/259 260/260/260 261/261/261
f 262/262/262 263/263/263 264/264/264
f 265/265/265 266/266/266 267/267/267
f 268/268/268 269/269/269 270/270/270
f 271/271/271 272/272/272 273/273/273
f 274/274/274 275/275/275 276/276/276
f 277/277/277 278/278/278 279/279/279
f 280/280/280 281/281/281 282/282/282
f 283/283/283 284/284/284 285/285/285
f 286/286/286 287/287/287 288/288/288
f 289/289/289 290/290/290 291/291/291
f 292/292/292 293/293/293 294/294/294
f 295/295/295 296/296/296 297/297/297
f 298/298/298 299/299/299 300/300/300
f 301/301/301 302/302/302 303/303/303
f 304/304/304 305/305/305 306/306/306
f 307/307/307 308/308/308 309/309/309
f 310/310/310 311/311/311 312/312/312
f 313/313/313 314/314/314 315/315/315
f 316/316/316 317/317/317 318/318/318
f 319/319/319 320/320/320 321/321/321
f 322/322/322 323/323/323 324/324/324
f 325/325/325 326/326/326 327/327/327
f 328/328/328 329/329/329 330/330/330
f 331/331/331 332/332/332 333/333/333
f 334/334/334 335/335/335 336/336/336
f 337/337/337 338/338/338 339/339/339
f 340/340/340 341/341/341 342/342/342
f 343/343/343 344/344/344 345/345/345
f 346/346/346 347/347/347 348/348/348
f 349/349/349 350/350/350 351/351/351
f 352/352/352 353/353/353 354/354/354
f 355/355/355 356/356/356 357/357/357
f 358/358/358 359/359/359 360/360/360
f 361/361/361 362/362/362 363/363/363
f 364/364/364 365/365/365 366/366/366
f 367/367/367 368/368/368 369/369/369
f 370/370/370 371/371/371 372/372/372
f 373/373/373 374/374/374 375/375/375
f 376/376/376 377/377/377 378/378/378
f 379/379/379 380/380/380 381/381/381
f 382/382/382 383/383/383 384/384/384
f 385/385/385 386/386/386 387/387/387
f 388/388/388 389/389/389 390/390/390
f 391/391/391 392/392/392 393/393/393
f 394/394/394 395/395/395 396/396/396
f 397/397/397 398/398/398 399/399/399
f 400/400/400 401/401/401 402/402/402
f 403/403/403 404/404/404 405/405/405
f 406/406/406 407/407/407 408/408/408
f 409/409/409 410/410/410 411/411/411
f 412/412/412 413/413/413 414/414/414
f 415/415/415 416/416/416 417/417/417
f 418/418/418 419/419/419 420/420/420
f 421/421/421 422/422/422 423/423/423
f 424/424/424 425/425/425 426/426/426
f 427/427/427 428/428/428 429/429/429
f 430/430/430 431/431/431 432/432/432
f 433/433/433 434/434/434 435/435/435
f 436/436/436 437/437/437 438/438/438
f 439/439/439 440/440/440 441/441/441
f 442/442/442 443/443/443 444/444/444
f 445/445/445 446/446/446 447/447/447
f 448/448/448 449/449/449 450/450/450
f 451/451/451 452/452/452 453/453/453
f 454/454/454 455/455/455 456/456/456
f 457/457/457 458/458/458 459/459/459
f 460/460/460 461/461/461 462/462/462
f 463/463/463 464/464/464 465/465/465
f 466/466/466 467/467/467 468/468/468
f 469/469/469 470/470/470 471/471/471
f 472/472/472 473/473/473 474/474/474
f 475/475/475 476/476/476 477/477/477
f 478/478/478 479/479/479 480/480/480
f 481/481/481 482/482/482 483/483/483
f 484/484/484 485/485/485 486/486/486
f 487/487/487 488/488/488 489/489/489
f 490/490/490 491/491/491 492/492/492
f 493/493/493 494/494/494 495/495/495
f 496/496/496 497/497/497 498/498/498
f 499/499/499 500/500/500 501/501/501
f 502/502/502 503/503/503 504/504/504
f 505/505/505 506/506/506 507/507/507
f 508/508/508 509/509/509 510/510/510
f 511/511/511 512/512/512 513/513/513
f 514/514/514 515/515/515 516/516/516
f 517/517/517 518/518/518 519/519/519
f 520/520/520 521/521/521 522/522/522
f 523/523/523 524/524/524 525/525/525
f 526/526/526 527/527/527 528/528/528
f 529/529/529 530/530/530 531/531/531
f 532/532/532 533/533/533 534/534/534
f 535/535/535 536/536/536 537/537/537
f 538/538/538 539/539/539 540/540/540
f 541/541/541 542/542/542 543/543/543
f 544/544/544 545/545/545 546/546/546
f 547/547/547 548/548/548 549/549/549
f 550/550/550 551/551/551 552/552/552
f 553/553/553 554/554/554 555/555/555
f 556/556/556 557/557/557 558/558/558
f 559/559/559 560/560/560 561/561/561
f 562/562/562 563/563/563 564/564/564
f 565/565/565 566/566/566 567/567/567
f 568/568/568 569/569/569 570/570/570
f 571/571/571 572/572/572 573/573/573
f 574/574/574 575/575/575 576/576/576
f 577/577/577 578/578/578 579/579/579
f 580/580/580 581/581/581 582/582/582
f 583/583/583 584/584/584 585/585/585
f 586/586/586 587/587/587 588/588/588
f 589/589/589 590/590/590 591/591/591
f 592/592/592 593/593/593 594/594/594
f 595/595/595 596/596/596 597/597/597
f 598/598/598 599/599/599 600/600/600
f 601/601/601 602/602/602 603/603/603
f 604/604/604 605/605/605 606/606/606
f 607/607/607 608/608/608 609/609/609
f 610/610/610 611/611/611 612/612/612
f 613/613/613 614/614/614 615/615/615
f 616/616/616 617/617/617 618/618/618
f 619/619/619 620/620/620 621/621/621
f 622/622/622 623/623/623 624/624/624
f 625/625/625 626/626/626 627/627/627
f 628/628/628 629/629/629 630/630/630
f 631/631/631 632/632/632 633/633/633
f 634/634/634 635/635/635 636/636/636
f 637/637/637 638/638/638 639/639/639
f 640/640/640 641/641/641 642/642/642
f 643/643/643 644/644/644 645/645/645
f 646/646/646 647/647/647 648/648/648
f 649/649/649 650/650/650 651/651/651
f 652/652/652 653/653/653 654/654/654
f 655/655/655 656/656/656 657/657/657
f 658/658/658 659/659/659 660/660/660
f 661/661/661 662/662/662 663/663/663
f 664/664/664 665/665/665 666/666/666
f 667/667/667 668/668/668 669/669/669
f 670/670/670 671/671/671 672/672/672
f 673/673/673 674/674/674 675/675/675
f 676/676/676 677/677/677 678/678/678
f 679/679/679 680/680/680 681/681/681
f 682/682/682 683/683/683 684/684/684
f 685/685/685 686/686/686 687/687/687
f 688/688/688 689/689/689 690/690/690
f 691/691/691 692/692/692 693/693/693
f 694/694/694 695/695/695 696/696/696
f 697/697/697 698/698/698 699/699/699
f 700/700/700 701/701/701 702/702/702
f 703/703/703 704/704/704 705/705/705
f 706/706/706 707/707/707 708/708/708
f 709/709/709 710/710/710 711/711/711
f 712/712/712 713/713/713 714/714/714
f 715/715/715 716/716/716 717/717/717
f 718/718/718 719/719/719 720/720/720
f 721/721/721 722/722/722 723/723/723
f 724/724/724 725/725/725 726/726/726
f 727/727/727 728/728/728 729/729/729
f 730/730/730 731/731/731 732/732/732
f 733/733/733 734/734/734 735/735/735
f 736/736/736 737/737/737 738/738/738
f 739/739/739 740/740/740 741/741/741
f 742/742/742 743/743/743 744/744/744
f 745/745/745 746/746/746 747/747/747
f 748/748/748 749/749/749 750/750/750
f 751/751/751 752/752/752 753/753/753
f 754/754/754 755/755/755 756/756/756
f 757/757/757 758/758/758 759/759/759
f 760/760/760 761/761/761 762/762/762
f 763/763/763 764/764/764 765/765/765
f 766/766/766 767/767/767 768/768/768
f 769/769/769 770/770/770 771/771/771
f 772/772/772 773/773/773 774/774/774
f 775/775/775 776/776/776 777/777/777
f 778/778/778 779/779/779 780/780/780
f 781/781/781 782/782/782 783/783/783
f 784/784/784 785/785/785 786/786/786
f 787/787/787 788/788/788 789/789/789
f 790/790/790 791/791/791 792/792/792
f 793/793/793 794/794/794 795/795/795
f 796/796/796 797/797/797 798/798/798
f 799/799/799 800/800/800 801/801/801
f 802/802/802 803/803/803 804/804/804
f 805/805/805 806/806/806 807/807/807
f 808/808/808 809/809/809 810/810/810
f 811/811/811 812/812/812 813/813/813
f 814/814/814 815/815/815 816/816/816
f 817/817/817 818/818/818 819/819/819
f 820/820/820 821/821/821 822/822/822
f 823/823/823 824/824/824 825/825/825
f 826/826/826 827/827/827 828/828/828
f 829/829/829 830/830/830 831/831/831
f 832/832/832 833/833/833 834/834/834
f 835/835/835 836/836/836 837/837/837
f 838/838/838 839/839/839 840/840/840
f 841/841/841 842/842/842 843/843/843
f 844/844/844 845/845/845 846/846/846
f 847/847/847 848/848/848 849/849/849
f 850/850/850 851/851/851 852/852/852
f 853/853/853 854/854/854 855/855/855
f 856/856/856 857/857/857 858/858/858
f 859/859/859 860/860/860 861/861/861
f 862/862/862 863/863/863 864/864/864
f 865/865/865 866/866/866 867/867/867
f 868/868/868 869/869/869 870/870/870
f 871/871/871 872/872/872 873/873/873
f 874/874/874 875/875/875 876/876/876
f 877/877/877 878/878/878 879/879/879
f 880/880/880 881/881/881 882/882/882
f 883/883/883 884/884/884 885/885/885
f 886/886/886 887/887/887 888/888/888
f 889/889/889 890/890/890 891/891/891
f 892/892/892 893/893/893 894/894/894
f 895/895/895 896/896/896 897/897/897
f 898/898/898 899/899/899 900/900/900
f 901/901/901 902/902/902 903/903/903
f 904/904/904 905/905/905 906/906/906
f 907/907/907 908/908/908 909/909/909
f 910/910/910 911/911/911 912/912/912
f 913/913/913 914/914/914 915/915/915
f 916/916/916 917/917/917 918/918/918
f 919/919/919 920/920/920 921/921/921
f 922/922/922 923/923/923 924/924/924
f 925/925/925 926/926/926 927/927/927
f 928/928/928 929/929/929 930/930/930
f 931/931/931 932/932/932 933/933/933
f 934/934/934 935/935/935 936/936/936
f 937/937/937 938/938/938 939/939/939
f 940/940/940 941/941/941 942/942/942
f 943/943/943 944/944/944 945/945/945
f 946/946/946 947/947/947 948/948/948
f 949/949/949 950/950/950 951/951/951
f 952/952/952 953/953/953 954/954/954
f 955/955/955 956/956/956 957/957/957
f 958/958/958 959/959/959 960/960/960
f 961/961/961 962/962/962 963/963/963
f 964/964/964 965/965/965 966/966/966
f 967/967/967 968/968/968 969/969/969
f 970/970/970 971/971/971 972/972/972
f 973/973/973 974/974/974 975/975/975
f 976/976/976 977/977/977 978/978/978
f 979/979/979 980/980/980 981/981/981
f 982/982/982 983/983/983 984/984/984
f 985/985/985 986/986/986 987/987/987
f 988/988/988 989/989/989 990/990/990
f 991/991/991 992/992/992 993/993/993
f 994/994/994 995/995/995 996/996/996
f 997/997/997 998/998/998 999/999/999
f 1000/1000/1000 1001/1001/1001 1002/1002/1002
f 1003/1003/1003 1004/1004/1004 1005/1005/1005
f 1006/1006/1006 1007/1007/1007 1008/1008/1008
f 1009/1009/1009 1010/1010/1010 1011/1011/1011
f 1012/1012/1012 1013/1013/1013 1014/1014/1014
f 1015/1015/1015 1016/1016/1016 1017/1017/1017
f 1018/1018/1018 1019/1019/1019 1020/1020/1020
f 1021/1021/1021 1022/1022/1022 1023/1023/1023
f 1024/1024/1024 1025/1025/1025 1026/1026/1026
f 1027/1027/1027 1028/1028/1028 1029/1029/1029
f 1030/1030/1030 1031/1031/1031 1032/1032/1032
f 1033/1033/1033 1034/1034/1034 1035/1035/1035
f 1036/1036/1036 1037/1037/1037 1038/1038/1038
f 1039/1039/1039 1040/1040/1040 1041/1041/1041
f 1042/1042/1042 1043/1043/1043 1044/1044/1044
f 1045/1045/1045 1046/1046/1046 1047/1047/1047
f 1048/1048/1048 1049/1049/1049 1050/1050/1050
f 1051/1051/1051 1052/1052/1052 1053/1053/1053
f 1054/1054/1054 1055/1055/1055 1056/1056/1056
f 1057/1057/1057 1058/1058/1058 1059/1059/1059
f 1060/1060/1060 1061/1061/1061 1062/1062/1062
f 1063/1063/1063 1064/1064/1064 1065/1065/1065
f 1066/1066/1066 1067/1067/1067 1068/1068/1068
f 1069/1069/1069 1070/1070/1070 1071/1071/1071
f 1072/1072/1072 1073/1073/1073 1074/1074/1074
f 1075/1075/1075 1076/1076/1076 1077/1077/1077
f 1078/1078/1078 1079/1079/1079 1080/1080/1080
f 1081/1081/1081 1082/1082/1082 1083/1083/1083
f 1084/1084/1084 1085/1085/1085 1086/1086/1086
f 1087/1087/1087 1088/1088/1088 1089/1089/1089
f 1090/1090/1090 1091/1091/1091 1092/1092/1092
f 1093/1093/1093 1094/1094/1094 1095/1095/1095
f 1096/1096/1096 1097/1097/1097 1098/1098/1098
f 1099/1099/1099 1100/1100/1100 1101/1101/1101
f 1102/1102/1102 1103/1103/1103 1104/1104/1104
f 1105/1105/1105 1106/1106/1106 1107/1107/1107
f 1108/1108/1108 1109/1109/1109 1110/1110/1110
f 1111/1111/1111 1112/1112/1112 1113/1113/1113
f 1114/1114/1114 1115/1115/1115 1116/1116/1116
f 1117/1117/1117 1118/1118/1118 1119/1119/1119
f 1120/1120/1120 1121/1121/1121 1122/1122/1122
f 1123/1123/1123 1124/1124/1124 1125/1125/1125
f 1126/1126/1126 1127/1127/1127 1128/1128/1128
f 1129/1129/1129 1130/1130/1130 1131/1131/1131
f 1132/1132/1132 1133/1133/1133 1134/1134/1134
f 1135/1135/1135 1136/1136/1136 1137/1137/1137
f 1138/1138/1138 1139/1139/1139 1140/1140/1140
f 1141/1141/1141 1142/1142/1142 1143/1143/1143
f 1144/1144/1144 1145/1145/1145 1146/1146/1146
f 1147/1147/1147 1148/1148/1148 1149/1149/1149
f 1150/1150/1150 1151/1151/1151 1152/1152/1152
f 1153/1153/1153 1154/1154/1154 1155/1155/1155
f 1156/1156/1156 1157/1157/1157 1158/1158/1158
f 1159/1159/1159 1160/1160/1160 1161/1161/1161
f 1162/1162/1162 1163/1163/1163 1164/1164/1164
f 1165/1165/1165 1166/1166/1166 1167/1167/1167
f 1168/1168/1168 1169/1169/1169 1170/1170/1170
f 1171/1171/1171 1172/1172/1172 1173/1173/1173
f 1174/1174/1174 1175/1175/1175 1176/1176/1176
f 1177/1177/1177 1178/1178/1178 1179/1179/1179
f 1180/1180/1180 1181/1181/1181 1182/1182/1182
f 1183/1183/1183 1184/1184/1184 1185/1185/1185
f 1186/1186/1186 1187/1187/1187 1188/1188/1188
f 1189/1189/1189 1190/1190/1190 1191/1191/1191
f 1192/1192/1192 1193/1193/1193 1194/1194/1194
f 1195/1195/1195 1196/1196/1196 1197/1197/1197
f 1198/1198/1198 1199/1199/1199 1200/1200/1200
f 1201/1201/1201 1202/1202/1202 1203/1203/1203
f 1204/1204/1204 1205/1205/1205 1206/1206/1206
f 1207/1207/1207 1208/1208/1208 1209/1209/1209
f 1210/1210/1210 1211/1211/1211 1212/1212/1212
f 1213/1213/1213 1214/1214/1214 1215/1215/1215
f 1216/1216/1216 1217/1217/1217 1218/1218/1218
f 1219/1219/1219 1220/1220/1220 1221/1221/1221
f 1222/1222/1222 1223/1223/1223 1224/1224/1224
f 1225/1225/1225 1226/1226/1226 1227/1227/1227
f 1228/1228/1228 1229/1229/1229 1230/1230/1230
f 1231/1231/1231 1232/1232/1232 1233/1233/1233
f 1234/1234/1234 1235/1235/1235 1236/1236/1236
f 1237/1237/1237 1238/1238/1238 1239/1239/1239
f 1240/1240/1240 1241/1241/1241 1242/1242/1242
f 1243/1243/1243 1244/1244/1244 1245/1245/1245
f 1246/1246/1246 1247/1247/1247 1248/1248/1248
f 1249/1249/1249 1250/1250/1250 1251/1251/1251
f 1252/1252/1252 1253/1253/1253 1254/1254/1254
f 1255/1255/1255 1256/1256/1256 1257/1257/1257
f 1258/1258/1258 1259/1259/1259 1260/1260/1260
f 1261/1261/1261 1262/1262/1262 1263/1263/1263
f 1264/1264/1264 1265/1265/1265 1266/1266/1266
f 1267/1267/1267 1268/1268/1268 1269/1269/1269
f 1270/1270/1270 1271/1271/1271 1272/1272/1272
f 1273/1273/1273 1274/1274/1274 1275/1275/1275
f 1276/1276/1276 1277/1277/1277 1278/1278/1278
f 1279/1279/1279 1280/1280/1280 1281/1281/1281
f 1282/1282/1282 1283/1283/1283 1284/1284/1284
f 1285/1285/1285 1286/1286/1286 1287/1287/1287
f 1288/1288/1288 1289/1289/1289 1290/1290/1290
f 1291/1291/1291 1292/1292/1292 1293/1293/1293
f 1294/1294/1294 1295/1295/1295 1296/1296/1296
f 1297/1297/1297 1298/1298/1298 1299/1299/1299
f 1300/1300/1300 1301/1301/1301 1302/1302/1302
f 1303/1303/1303 1304/1304/1304 1305/1305/1305
f 1306/1306/1306 1307/1307/1307 1308/1308/1308
f 1309/1309/1309 1310/1310/1310 1311/1311/1311
f 1312/1312/1312 1313/1313/1313 1314/1314/1314
f 1315/1315/1315 1316/1316/1316 1317/1317/1317
f 1318/1318/1318 1319/1319/1319 1320/1320/1320
f 1321/1321/1321 1322/1322/1322 1323/1323/1323
f 1324/1324/1324 1325/1325/1325 1326/1326/1326
