# OBJ file
mtllib VIEW.ICO.mtl
v -0.428223 2.125244 -1.728027 0.501961 0.501961 0.501961 #0.501961
v -0.616211 2.145508 -1.638428 0.501961 0.501961 0.501961 #0.501961
v -0.349854 2.508789 -1.836182 0.501961 0.501961 0.501961 #0.501961
v -0.349854 2.508789 -1.836182 0.501961 0.501961 0.501961 #0.501961
v -0.616211 2.145508 -1.638428 0.501961 0.501961 0.501961 #0.501961
v -0.699951 2.508789 -1.680176 0.501961 0.501961 0.501961 #0.501961
v -0.880127 2.203125 -0.979736 0.501961 0.501961 0.501961 #0.501961
v -0.989990 2.508789 -0.979736 0.501961 0.501961 0.501961 #0.501961
v -0.753662 2.184570 -1.348145 0.501961 0.501961 0.501961 #0.501961
v -0.953857 3.593506 -0.979736 0.501961 0.501961 0.501961 #0.501961
v -0.606201 3.003662 -1.596680 0.501961 0.501961 0.501961 #0.501961
v -0.887451 3.003662 -0.979736 0.501961 0.501961 0.501961 #0.501961
v -0.616211 2.145508 -1.638428 0.501961 0.501961 0.501961 #0.501961
v -0.454590 1.964355 -1.689209 0.501961 0.501961 0.501961 #0.501961
v -0.606201 1.964355 -1.596680 0.501961 0.501961 0.501961 #0.501961
v -0.606201 3.003662 -1.596680 0.501961 0.501961 0.501961 #0.501961
v -0.349854 2.508789 -1.836182 0.501961 0.501961 0.501961 #0.501961
v -0.699951 2.508789 -1.680176 0.501961 0.501961 0.501961 #0.501961
v -0.606201 3.003662 -1.596680 0.501961 0.501961 0.501961 #0.501961
v -0.953857 3.593506 -0.979736 0.501961 0.501961 0.501961 #0.501961
v -0.384521 3.366211 -1.312012 0.501961 0.501961 0.501961 #0.501961
v -0.190186 2.125244 -1.813965 0.501961 0.501961 0.501961 #0.501961
v 0.000000 1.964355 -1.819824 0.501961 0.501961 0.501961 #0.501961
v -0.163574 1.964355 -1.772705 0.501961 0.501961 0.501961 #0.501961
v -0.428223 2.125244 -1.728027 0.501961 0.501961 0.501961 #0.501961
v -0.349854 2.508789 -1.836182 0.501961 0.501961 0.501961 #0.501961
v -0.190186 2.125244 -1.813965 0.501961 0.501961 0.501961 #0.501961
v -0.190186 2.125244 -1.813965 0.501961 0.501961 0.501961 #0.501961
v -0.349854 2.508789 -1.836182 0.501961 0.501961 0.501961 #0.501961
v 0.000000 2.508789 -1.937744 0.501961 0.501961 0.501961 #0.501961
v -0.887451 3.003662 -0.979736 0.501961 0.501961 0.501961 #0.501961
v -0.606201 3.003662 -1.596680 0.501961 0.501961 0.501961 #0.501961
v -0.989990 2.508789 -0.979736 0.501961 0.501961 0.501961 #0.501961
v 0.989990 2.508789 -0.979736 0.501961 0.501961 0.501961 #0.501961
v 0.753662 2.184570 -1.348145 0.501961 0.501961 0.501961 #0.501961
v 0.699951 2.508789 -1.680176 0.501961 0.501961 0.501961 #0.501961
v -0.880127 2.203125 -0.979736 0.501961 0.501961 0.501961 #0.501961
v -0.731689 1.964355 -1.327148 0.501961 0.501961 0.501961 #0.501961
v -0.857178 1.964355 -0.979736 0.501961 0.501961 0.501961 #0.501961
v -0.753662 2.184570 -1.348145 0.501961 0.501961 0.501961 #0.501961
v -0.606201 1.964355 -1.596680 0.501961 0.501961 0.501961 #0.501961
v -0.731689 1.964355 -1.327148 0.501961 0.501961 0.501961 #0.501961
v 0.349854 2.508789 -1.836182 0.501961 0.501961 0.501961 #0.501961
v 0.616211 2.145508 -1.638428 0.501961 0.501961 0.501961 #0.501961
v 0.428223 2.125244 -1.728027 0.501961 0.501961 0.501961 #0.501961
v 0.699951 2.508789 -1.680176 0.501961 0.501961 0.501961 #0.501961
v 0.616211 2.145508 -1.638428 0.501961 0.501961 0.501961 #0.501961
v 0.349854 2.508789 -1.836182 0.501961 0.501961 0.501961 #0.501961
v 0.989990 2.508789 -0.979736 0.501961 0.501961 0.501961 #0.501961
v 0.606201 3.003662 -1.596680 0.501961 0.501961 0.501961 #0.501961
v 0.887451 3.003662 -0.979736 0.501961 0.501961 0.501961 #0.501961
v 0.887451 3.003662 -0.979736 0.501961 0.501961 0.501961 #0.501961
v 0.606201 3.003662 -1.596680 0.501961 0.501961 0.501961 #0.501961
v 0.953857 3.593506 -0.979736 0.501961 0.501961 0.501961 #0.501961
v 0.699951 2.508789 -1.680176 0.501961 0.501961 0.501961 #0.501961
v 0.349854 2.508789 -1.836182 0.501961 0.501961 0.501961 #0.501961
v 0.606201 3.003662 -1.596680 0.501961 0.501961 0.501961 #0.501961
v 0.606201 3.003662 -1.596680 0.501961 0.501961 0.501961 #0.501961
v 0.000000 3.366211 -1.440918 0.501961 0.501961 0.501961 #0.501961
v 0.384521 3.366211 -1.312012 0.501961 0.501961 0.501961 #0.501961
v -0.989990 2.508789 -0.979736 0.501961 0.501961 0.501961 #0.501961
v -0.699951 2.508789 -1.680176 0.501961 0.501961 0.501961 #0.501961
v -0.753662 2.184570 -1.348145 0.501961 0.501961 0.501961 #0.501961
v 0.384521 3.366211 -1.312012 0.501961 0.501961 0.501961 #0.501961
v 0.953857 3.593506 -0.979736 0.501961 0.501961 0.501961 #0.501961
v 0.606201 3.003662 -1.596680 0.501961 0.501961 0.501961 #0.501961
v 0.190186 2.125244 -1.813965 0.501961 0.501961 0.501961 #0.501961
v 0.349854 2.508789 -1.836182 0.501961 0.501961 0.501961 #0.501961
v 0.428223 2.125244 -1.728027 0.501961 0.501961 0.501961 #0.501961
v 0.000000 2.508789 -1.937744 0.501961 0.501961 0.501961 #0.501961
v 0.349854 2.508789 -1.836182 0.501961 0.501961 0.501961 #0.501961
v 0.190186 2.125244 -1.813965 0.501961 0.501961 0.501961 #0.501961
v 0.699951 2.508789 -1.680176 0.501961 0.501961 0.501961 #0.501961
v 0.753662 2.184570 -1.348145 0.501961 0.501961 0.501961 #0.501961
v 0.616211 2.145508 -1.638428 0.501961 0.501961 0.501961 #0.501961
v 0.000000 3.003662 -1.819824 0.501961 0.501961 0.501961 #0.501961
v -0.606201 3.003662 -1.596680 0.501961 0.501961 0.501961 #0.501961
v 0.000000 3.366211 -1.440918 0.501961 0.501961 0.501961 #0.501961
v -0.606201 3.003662 -1.596680 0.501961 0.501961 0.501961 #0.501961
v 0.000000 3.003662 -1.819824 0.501961 0.501961 0.501961 #0.501961
v -0.349854 2.508789 -1.836182 0.501961 0.501961 0.501961 #0.501961
v 0.753662 2.184570 -1.348145 0.501961 0.501961 0.501961 #0.501961
v 0.880127 2.203125 -0.979736 0.501961 0.501961 0.501961 #0.501961
v 0.731689 1.964355 -1.327148 0.501961 0.501961 0.501961 #0.501961
v 0.163574 1.964355 -1.816895 0.501961 0.501961 0.501961 #0.501961
v 0.000000 1.964355 -1.819824 0.501961 0.501961 0.501961 #0.501961
v 0.190186 2.125244 -1.813965 0.501961 0.501961 0.501961 #0.501961
v -0.699951 2.508789 -1.680176 0.501961 0.501961 0.501961 #0.501961
v -0.989990 2.508789 -0.979736 0.501961 0.501961 0.501961 #0.501961
v -0.606201 3.003662 -1.596680 0.501961 0.501961 0.501961 #0.501961
v -0.428223 2.125244 -1.728027 0.501961 0.501961 0.501961 #0.501961
v -0.454590 1.964355 -1.689209 0.501961 0.501961 0.501961 #0.501961
v -0.616211 2.145508 -1.638428 0.501961 0.501961 0.501961 #0.501961
v -0.349854 2.508789 -1.836182 0.501961 0.501961 0.501961 #0.501961
v 0.000000 3.003662 -1.819824 0.501961 0.501961 0.501961 #0.501961
v 0.000000 2.508789 -1.937744 0.501961 0.501961 0.501961 #0.501961
v -0.384521 3.366211 -1.312012 0.501961 0.501961 0.501961 #0.501961
v 0.000000 3.366211 -1.440918 0.501961 0.501961 0.501961 #0.501961
v -0.606201 3.003662 -1.596680 0.501961 0.501961 0.501961 #0.501961
v 0.000000 2.508789 -1.937744 0.501961 0.501961 0.501961 #0.501961
v 0.000000 1.964355 -1.819824 0.501961 0.501961 0.501961 #0.501961
v -0.190186 2.125244 -1.813965 0.501961 0.501961 0.501961 #0.501961
v 0.880127 2.203125 -0.979736 0.501961 0.501961 0.501961 #0.501961
v 0.753662 2.184570 -1.348145 0.501961 0.501961 0.501961 #0.501961
v 0.989990 2.508789 -0.979736 0.501961 0.501961 0.501961 #0.501961
v -0.616211 2.145508 -1.638428 0.501961 0.501961 0.501961 #0.501961
v -0.753662 2.184570 -1.348145 0.501961 0.501961 0.501961 #0.501961
v -0.699951 2.508789 -1.680176 0.501961 0.501961 0.501961 #0.501961
v -0.753662 2.184570 -1.348145 0.501961 0.501961 0.501961 #0.501961
v -0.731689 1.964355 -1.327148 0.501961 0.501961 0.501961 #0.501961
v -0.880127 2.203125 -0.979736 0.501961 0.501961 0.501961 #0.501961
v -0.616211 2.145508 -1.638428 0.501961 0.501961 0.501961 #0.501961
v -0.606201 1.964355 -1.596680 0.501961 0.501961 0.501961 #0.501961
v -0.753662 2.184570 -1.348145 0.501961 0.501961 0.501961 #0.501961
v 0.606201 1.964355 -1.596680 0.501961 0.501961 0.501961 #0.501961
v 0.753662 2.184570 -1.348145 0.501961 0.501961 0.501961 #0.501961
v 0.731689 1.964355 -1.327148 0.501961 0.501961 0.501961 #0.501961
v 0.699951 2.508789 -1.680176 0.501961 0.501961 0.501961 #0.501961
v 0.606201 3.003662 -1.596680 0.501961 0.501961 0.501961 #0.501961
v 0.989990 2.508789 -0.979736 0.501961 0.501961 0.501961 #0.501961
v 0.606201 1.964355 -1.596680 0.501961 0.501961 0.501961 #0.501961
v 0.454590 1.964355 -1.689209 0.501961 0.501961 0.501961 #0.501961
v 0.616211 2.145508 -1.638428 0.501961 0.501961 0.501961 #0.501961
v 0.000000 2.508789 -1.937744 0.501961 0.501961 0.501961 #0.501961
v 0.000000 3.003662 -1.819824 0.501961 0.501961 0.501961 #0.501961
v 0.349854 2.508789 -1.836182 0.501961 0.501961 0.501961 #0.501961
v 0.000000 3.003662 -1.819824 0.501961 0.501961 0.501961 #0.501961
v 0.606201 3.003662 -1.596680 0.501961 0.501961 0.501961 #0.501961
v 0.349854 2.508789 -1.836182 0.501961 0.501961 0.501961 #0.501961
v 0.000000 3.003662 -1.819824 0.501961 0.501961 0.501961 #0.501961
v 0.000000 3.366211 -1.440918 0.501961 0.501961 0.501961 #0.501961
v 0.606201 3.003662 -1.596680 0.501961 0.501961 0.501961 #0.501961
v 0.000000 2.508789 -1.937744 0.501961 0.501961 0.501961 #0.501961
v 0.190186 2.125244 -1.813965 0.501961 0.501961 0.501961 #0.501961
v 0.000000 1.964355 -1.819824 0.501961 0.501961 0.501961 #0.501961
v 0.428223 2.125244 -1.728027 0.501961 0.501961 0.501961 #0.501961
v 0.616211 2.145508 -1.638428 0.501961 0.501961 0.501961 #0.501961
v 0.454590 1.964355 -1.689209 0.501961 0.501961 0.501961 #0.501961
v 0.616211 2.145508 -1.638428 0.501961 0.501961 0.501961 #0.501961
v 0.753662 2.184570 -1.348145 0.501961 0.501961 0.501961 #0.501961
v 0.606201 1.964355 -1.596680 0.501961 0.501961 0.501961 #0.501961
v 0.857178 1.964355 -0.979736 0.501961 0.501961 0.501961 #0.501961
v 0.731689 1.964355 -1.327148 0.501961 0.501961 0.501961 #0.501961
v 0.880127 2.203125 -0.979736 0.501961 0.501961 0.501961 #0.501961
v 0.699951 2.508789 -0.414307 0.501961 0.501961 0.501961 #0.501961
v 0.000000 2.508789 -0.163574 0.501961 0.501961 0.501961 #0.501961
v 0.606201 1.964355 -0.440918 0.501961 0.501961 0.501961 #0.501961
v 0.000000 3.498779 -0.979736 0.501961 0.501961 0.501961 #0.501961
v -0.384521 3.366211 -1.312012 0.501961 0.501961 0.501961 #0.501961
v -0.489502 3.444336 -0.979736 0.501961 0.501961 0.501961 #0.501961
v -0.384521 3.366211 -0.668457 0.501961 0.501961 0.501961 #0.501961
v -0.953857 3.593506 -0.979736 0.501961 0.501961 0.501961 #0.501961
v -0.606201 3.003662 -0.469238 0.501961 0.501961 0.501961 #0.501961
v 0.000000 3.498779 -0.979736 0.501961 0.501961 0.501961 #0.501961
v -0.489502 3.444336 -0.979736 0.501961 0.501961 0.501961 #0.501961
v -0.384521 3.366211 -0.668457 0.501961 0.501961 0.501961 #0.501961
v 0.606201 3.003662 -0.469238 0.501961 0.501961 0.501961 #0.501961
v 0.000000 3.003662 -0.246094 0.501961 0.501961 0.501961 #0.501961
v 0.699951 2.508789 -0.414307 0.501961 0.501961 0.501961 #0.501961
v 0.000000 3.498779 -0.979736 0.501961 0.501961 0.501961 #0.501961
v 0.000000 3.366211 -1.440918 0.501961 0.501961 0.501961 #0.501961
v -0.384521 3.366211 -1.312012 0.501961 0.501961 0.501961 #0.501961
v -0.844971 2.508789 -0.668457 0.501961 0.501961 0.501961 #0.501961
v -0.880127 2.203125 -0.979736 0.501961 0.501961 0.501961 #0.501961
v -0.731689 1.964355 -0.710205 0.501961 0.501961 0.501961 #0.501961
v -0.606201 3.003662 -0.469238 0.501961 0.501961 0.501961 #0.501961
v -0.844971 2.508789 -0.668457 0.501961 0.501961 0.501961 #0.501961
v -0.699951 2.508789 -0.414307 0.501961 0.501961 0.501961 #0.501961
v -0.606201 3.003662 -0.469238 0.501961 0.501961 0.501961 #0.501961
v -0.953857 3.593506 -0.979736 0.501961 0.501961 0.501961 #0.501961
v -0.887451 3.003662 -0.979736 0.501961 0.501961 0.501961 #0.501961
v -0.384521 3.366211 -1.312012 0.501961 0.501961 0.501961 #0.501961
v -0.953857 3.593506 -0.979736 0.501961 0.501961 0.501961 #0.501961
v -0.489502 3.444336 -0.979736 0.501961 0.501961 0.501961 #0.501961
v -0.953857 3.593506 -0.979736 0.501961 0.501961 0.501961 #0.501961
v -0.384521 3.366211 -0.668457 0.501961 0.501961 0.501961 #0.501961
v -0.489502 3.444336 -0.979736 0.501961 0.501961 0.501961 #0.501961
v 0.000000 2.508789 -0.163574 0.501961 0.501961 0.501961 #0.501961
v -0.606201 1.964355 -0.440918 0.501961 0.501961 0.501961 #0.501961
v 0.000000 1.964355 -0.217529 0.501961 0.501961 0.501961 #0.501961
v 0.000000 3.003662 -0.246094 0.501961 0.501961 0.501961 #0.501961
v -0.699951 2.508789 -0.414307 0.501961 0.501961 0.501961 #0.501961
v 0.000000 2.508789 -0.163574 0.501961 0.501961 0.501961 #0.501961
v -0.880127 2.203125 -0.979736 0.501961 0.501961 0.501961 #0.501961
v -0.844971 2.508789 -0.668457 0.501961 0.501961 0.501961 #0.501961
v -0.989990 2.508789 -0.979736 0.501961 0.501961 0.501961 #0.501961
v -0.731689 1.964355 -0.710205 0.501961 0.501961 0.501961 #0.501961
v -0.880127 2.203125 -0.979736 0.501961 0.501961 0.501961 #0.501961
v -0.857178 1.964355 -0.979736 0.501961 0.501961 0.501961 #0.501961
v 0.000000 3.366211 -0.539795 0.501961 0.501961 0.501961 #0.501961
v -0.606201 3.003662 -0.469238 0.501961 0.501961 0.501961 #0.501961
v 0.000000 3.003662 -0.246094 0.501961 0.501961 0.501961 #0.501961
v 0.000000 3.498779 -0.979736 0.501961 0.501961 0.501961 #0.501961
v -0.384521 3.366211 -0.668457 0.501961 0.501961 0.501961 #0.501961
v 0.000000 3.366211 -0.539795 0.501961 0.501961 0.501961 #0.501961
v 0.699951 2.508789 -0.414307 0.501961 0.501961 0.501961 #0.501961
v 0.731689 1.964355 -0.710205 0.501961 0.501961 0.501961 #0.501961
v 0.844971 2.508789 -0.668457 0.501961 0.501961 0.501961 #0.501961
v 0.489502 3.444336 -0.979736 0.501961 0.501961 0.501961 #0.501961
v 0.384521 3.366211 -1.312012 0.501961 0.501961 0.501961 #0.501961
v 0.000000 3.498779 -0.979736 0.501961 0.501961 0.501961 #0.501961
v 0.606201 3.003662 -0.469238 0.501961 0.501961 0.501961 #0.501961
v 0.953857 3.593506 -0.979736 0.501961 0.501961 0.501961 #0.501961
v 0.384521 3.366211 -0.668457 0.501961 0.501961 0.501961 #0.501961
v 0.384521 3.366211 -0.668457 0.501961 0.501961 0.501961 #0.501961
v 0.489502 3.444336 -0.979736 0.501961 0.501961 0.501961 #0.501961
v 0.000000 3.498779 -0.979736 0.501961 0.501961 0.501961 #0.501961
v 0.000000 1.964355 -0.217529 0.501961 0.501961 0.501961 #0.501961
v 0.606201 1.964355 -0.440918 0.501961 0.501961 0.501961 #0.501961
v 0.000000 2.508789 -0.163574 0.501961 0.501961 0.501961 #0.501961
v 0.384521 3.366211 -1.312012 0.501961 0.501961 0.501961 #0.501961
v 0.000000 3.366211 -1.440918 0.501961 0.501961 0.501961 #0.501961
v 0.000000 3.498779 -0.979736 0.501961 0.501961 0.501961 #0.501961
v 0.731689 1.964355 -0.710205 0.501961 0.501961 0.501961 #0.501961
v 0.880127 2.203125 -0.979736 0.501961 0.501961 0.501961 #0.501961
v 0.844971 2.508789 -0.668457 0.501961 0.501961 0.501961 #0.501961
v 0.887451 3.003662 -0.979736 0.501961 0.501961 0.501961 #0.501961
v 0.953857 3.593506 -0.979736 0.501961 0.501961 0.501961 #0.501961
v 0.606201 3.003662 -0.469238 0.501961 0.501961 0.501961 #0.501961
v 0.489502 3.444336 -0.979736 0.501961 0.501961 0.501961 #0.501961
v 0.953857 3.593506 -0.979736 0.501961 0.501961 0.501961 #0.501961
v 0.384521 3.366211 -1.312012 0.501961 0.501961 0.501961 #0.501961
v 0.489502 3.444336 -0.979736 0.501961 0.501961 0.501961 #0.501961
v 0.384521 3.366211 -0.668457 0.501961 0.501961 0.501961 #0.501961
v 0.953857 3.593506 -0.979736 0.501961 0.501961 0.501961 #0.501961
v 0.989990 2.508789 -0.979736 0.501961 0.501961 0.501961 #0.501961
v 0.887451 3.003662 -0.979736 0.501961 0.501961 0.501961 #0.501961
v 0.844971 2.508789 -0.668457 0.501961 0.501961 0.501961 #0.501961
v -0.606201 3.003662 -0.469238 0.501961 0.501961 0.501961 #0.501961
v -0.887451 3.003662 -0.979736 0.501961 0.501961 0.501961 #0.501961
v -0.844971 2.508789 -0.668457 0.501961 0.501961 0.501961 #0.501961
v 0.989990 2.508789 -0.979736 0.501961 0.501961 0.501961 #0.501961
v 0.844971 2.508789 -0.668457 0.501961 0.501961 0.501961 #0.501961
v 0.880127 2.203125 -0.979736 0.501961 0.501961 0.501961 #0.501961
v 0.857178 1.964355 -0.979736 0.501961 0.501961 0.501961 #0.501961
v 0.880127 2.203125 -0.979736 0.501961 0.501961 0.501961 #0.501961
v 0.731689 1.964355 -0.710205 0.501961 0.501961 0.501961 #0.501961
v -0.606201 1.964355 -0.440918 0.501961 0.501961 0.501961 #0.501961
v -0.699951 2.508789 -0.414307 0.501961 0.501961 0.501961 #0.501961
v -0.731689 1.964355 -0.710205 0.501961 0.501961 0.501961 #0.501961
v 0.000000 3.003662 -0.246094 0.501961 0.501961 0.501961 #0.501961
v 0.606201 3.003662 -0.469238 0.501961 0.501961 0.501961 #0.501961
v 0.000000 3.366211 -0.539795 0.501961 0.501961 0.501961 #0.501961
v 0.000000 3.366211 -0.539795 0.501961 0.501961 0.501961 #0.501961
v 0.384521 3.366211 -0.668457 0.501961 0.501961 0.501961 #0.501961
v 0.000000 3.498779 -0.979736 0.501961 0.501961 0.501961 #0.501961
v -0.731689 1.964355 -0.710205 0.501961 0.501961 0.501961 #0.501961
v -0.699951 2.508789 -0.414307 0.501961 0.501961 0.501961 #0.501961
v -0.844971 2.508789 -0.668457 0.501961 0.501961 0.501961 #0.501961
v 0.384521 3.366211 -0.668457 0.501961 0.501961 0.501961 #0.501961
v 0.000000 3.366211 -0.539795 0.501961 0.501961 0.501961 #0.501961
v 0.606201 3.003662 -0.469238 0.501961 0.501961 0.501961 #0.501961
v 0.606201 3.003662 -0.469238 0.501961 0.501961 0.501961 #0.501961
v 0.844971 2.508789 -0.668457 0.501961 0.501961 0.501961 #0.501961
v 0.887451 3.003662 -0.979736 0.501961 0.501961 0.501961 #0.501961
v -0.989990 2.508789 -0.979736 0.501961 0.501961 0.501961 #0.501961
v -0.844971 2.508789 -0.668457 0.501961 0.501961 0.501961 #0.501961
v -0.887451 3.003662 -0.979736 0.501961 0.501961 0.501961 #0.501961
v -0.699951 2.508789 -0.414307 0.501961 0.501961 0.501961 #0.501961
v -0.606201 1.964355 -0.440918 0.501961 0.501961 0.501961 #0.501961
v 0.000000 2.508789 -0.163574 0.501961 0.501961 0.501961 #0.501961
v -0.606201 3.003662 -0.469238 0.501961 0.501961 0.501961 #0.501961
v -0.699951 2.508789 -0.414307 0.501961 0.501961 0.501961 #0.501961
v 0.000000 3.003662 -0.246094 0.501961 0.501961 0.501961 #0.501961
v -0.384521 3.366211 -0.668457 0.501961 0.501961 0.501961 #0.501961
v -0.606201 3.003662 -0.469238 0.501961 0.501961 0.501961 #0.501961
v 0.000000 3.366211 -0.539795 0.501961 0.501961 0.501961 #0.501961
v 0.606201 1.964355 -0.440918 0.501961 0.501961 0.501961 #0.501961
v 0.731689 1.964355 -0.710205 0.501961 0.501961 0.501961 #0.501961
v 0.699951 2.508789 -0.414307 0.501961 0.501961 0.501961 #0.501961
v 0.844971 2.508789 -0.668457 0.501961 0.501961 0.501961 #0.501961
v 0.606201 3.003662 -0.469238 0.501961 0.501961 0.501961 #0.501961
v 0.699951 2.508789 -0.414307 0.501961 0.501961 0.501961 #0.501961
v 0.000000 2.508789 -0.163574 0.501961 0.501961 0.501961 #0.501961
v 0.699951 2.508789 -0.414307 0.501961 0.501961 0.501961 #0.501961
v 0.000000 3.003662 -0.246094 0.501961 0.501961 0.501961 #0.501961
v -0.163574 1.964355 -1.466309 0.501961 0.501961 0.501961 #0.501961
v 0.000000 1.964355 -1.819824 0.501961 0.501961 0.501961 #0.501961
v 0.000000 1.964355 -0.217529 0.501961 0.501961 0.501961 #0.501961
v -0.163574 1.964355 -1.466309 0.501961 0.501961 0.501961 #0.501961
v -0.606201 1.964355 -0.440918 0.501961 0.501961 0.501961 #0.501961
v -0.454590 1.964355 -1.466309 0.501961 0.501961 0.501961 #0.501961
v 0.000000 1.964355 -1.819824 0.501961 0.501961 0.501961 #0.501961
v -0.163574 1.964355 -1.466309 0.501961 0.501961 0.501961 #0.501961
v -0.163574 1.964355 -1.772705 0.501961 0.501961 0.501961 #0.501961
v -0.428223 2.113037 -1.507813 0.501961 0.501961 0.501961 #0.501961
v -0.171387 2.113037 -1.507813 0.501961 0.501961 0.501961 #0.501961
v -0.163574 1.964355 -1.466309 0.501961 0.501961 0.501961 #0.501961
v -0.428223 2.125244 -1.728027 0.501961 0.501961 0.501961 #0.501961
v -0.454590 1.964355 -1.466309 0.501961 0.501961 0.501961 #0.501961
v -0.454590 1.964355 -1.689209 0.501961 0.501961 0.501961 #0.501961
v -0.454590 1.964355 -1.466309 0.501961 0.501961 0.501961 #0.501961
v -0.428223 2.113037 -1.507813 0.501961 0.501961 0.501961 #0.501961
v -0.163574 1.964355 -1.466309 0.501961 0.501961 0.501961 #0.501961
v -0.163574 1.964355 -1.772705 0.501961 0.501961 0.501961 #0.501961
v -0.171387 2.113037 -1.507813 0.501961 0.501961 0.501961 #0.501961
v -0.190186 2.125244 -1.813965 0.501961 0.501961 0.501961 #0.501961
v -0.190186 2.125244 -1.813965 0.501961 0.501961 0.501961 #0.501961
v -0.428223 2.113037 -1.507813 0.501961 0.501961 0.501961 #0.501961
v -0.428223 2.125244 -1.728027 0.501961 0.501961 0.501961 #0.501961
v -0.606201 1.964355 -1.596680 0.501961 0.501961 0.501961 #0.501961
v -0.454590 1.964355 -1.689209 0.501961 0.501961 0.501961 #0.501961
v -0.454590 1.964355 -1.466309 0.501961 0.501961 0.501961 #0.501961
v -0.731689 1.964355 -1.327148 0.501961 0.501961 0.501961 #0.501961
v -0.606201 1.964355 -1.596680 0.501961 0.501961 0.501961 #0.501961
v -0.454590 1.964355 -1.466309 0.501961 0.501961 0.501961 #0.501961
v -0.731689 1.964355 -1.327148 0.501961 0.501961 0.501961 #0.501961
v -0.454590 1.964355 -1.466309 0.501961 0.501961 0.501961 #0.501961
v -0.857178 1.964355 -0.979736 0.501961 0.501961 0.501961 #0.501961
v -0.857178 1.964355 -0.979736 0.501961 0.501961 0.501961 #0.501961
v -0.454590 1.964355 -1.466309 0.501961 0.501961 0.501961 #0.501961
v -0.731689 1.964355 -0.710205 0.501961 0.501961 0.501961 #0.501961
v -0.731689 1.964355 -0.710205 0.501961 0.501961 0.501961 #0.501961
v -0.454590 1.964355 -1.466309 0.501961 0.501961 0.501961 #0.501961
v -0.606201 1.964355 -0.440918 0.501961 0.501961 0.501961 #0.501961
v -0.606201 1.964355 -0.440918 0.501961 0.501961 0.501961 #0.501961
v -0.163574 1.964355 -1.466309 0.501961 0.501961 0.501961 #0.501961
v 0.000000 1.964355 -0.217529 0.501961 0.501961 0.501961 #0.501961
v 0.000000 1.964355 -0.217529 0.501961 0.501961 0.501961 #0.501961
v 0.000000 1.964355 -1.819824 0.501961 0.501961 0.501961 #0.501961
v 0.163574 1.964355 -1.466309 0.501961 0.501961 0.501961 #0.501961
v 0.454590 1.964355 -1.466309 0.501961 0.501961 0.501961 #0.501961
v 0.606201 1.964355 -0.440918 0.501961 0.501961 0.501961 #0.501961
v 0.163574 1.964355 -1.466309 0.501961 0.501961 0.501961 #0.501961
v 0.163574 1.964355 -1.772705 0.501961 0.501961 0.501961 #0.501961
v 0.163574 1.964355 -1.466309 0.501961 0.501961 0.501961 #0.501961
v 0.000000 1.964355 -1.819824 0.501961 0.501961 0.501961 #0.501961
v 0.163574 1.964355 -1.466309 0.501961 0.501961 0.501961 #0.501961
v 0.171387 2.113037 -1.507813 0.501961 0.501961 0.501961 #0.501961
v 0.428223 2.113037 -1.507813 0.501961 0.501961 0.501961 #0.501961
v 0.454590 1.964355 -1.689209 0.501961 0.501961 0.501961 #0.501961
v 0.428223 2.113037 -1.507813 0.501961 0.501961 0.501961 #0.501961
v 0.428223 2.125244 -1.728027 0.501961 0.501961 0.501961 #0.501961
v 0.163574 1.964355 -1.466309 0.501961 0.501961 0.501961 #0.501961
v 0.428223 2.113037 -1.507813 0.501961 0.501961 0.501961 #0.501961
v 0.454590 1.964355 -1.466309 0.501961 0.501961 0.501961 #0.501961
v 0.190186 2.125244 -1.813965 0.501961 0.501961 0.501961 #0.501961
v 0.163574 1.964355 -1.466309 0.501961 0.501961 0.501961 #0.501961
v 0.163574 1.964355 -1.772705 0.501961 0.501961 0.501961 #0.501961
v 0.428223 2.125244 -1.728027 0.501961 0.501961 0.501961 #0.501961
v 0.171387 2.113037 -1.507813 0.501961 0.501961 0.501961 #0.501961
v 0.190186 2.125244 -1.813965 0.501961 0.501961 0.501961 #0.501961
v 0.454590 1.964355 -1.466309 0.501961 0.501961 0.501961 #0.501961
v 0.454590 1.964355 -1.689209 0.501961 0.501961 0.501961 #0.501961
v 0.606201 1.964355 -1.596680 0.501961 0.501961 0.501961 #0.501961
v 0.454590 1.964355 -1.466309 0.501961 0.501961 0.501961 #0.501961
v 0.606201 1.964355 -1.596680 0.501961 0.501961 0.501961 #0.501961
v 0.731689 1.964355 -1.327148 0.501961 0.501961 0.501961 #0.501961
v 0.857178 1.964355 -0.979736 0.501961 0.501961 0.501961 #0.501961
v 0.454590 1.964355 -1.466309 0.501961 0.501961 0.501961 #0.501961
v 0.731689 1.964355 -1.327148 0.501961 0.501961 0.501961 #0.501961
v 0.731689 1.964355 -0.710205 0.501961 0.501961 0.501961 #0.501961
v 0.454590 1.964355 -1.466309 0.501961 0.501961 0.501961 #0.501961
v 0.857178 1.964355 -0.979736 0.501961 0.501961 0.501961 #0.501961
v 0.606201 1.964355 -0.440918 0.501961 0.501961 0.501961 #0.501961
v 0.454590 1.964355 -1.466309 0.501961 0.501961 0.501961 #0.501961
v 0.731689 1.964355 -0.710205 0.501961 0.501961 0.501961 #0.501961
v 0.000000 1.964355 -0.217529 0.501961 0.501961 0.501961 #0.501961
v 0.163574 1.964355 -1.466309 0.501961 0.501961 0.501961 #0.501961
v 0.606201 1.964355 -0.440918 0.501961 0.501961 0.501961 #0.501961
v -0.428223 2.113037 -1.507813 0.501961 0.501961 0.501961 #0.501961
v -0.454590 1.964355 -1.466309 0.501961 0.501961 0.501961 #0.501961
v -0.428223 2.125244 -1.728027 0.501961 0.501961 0.501961 #0.501961
v -0.163574 1.964355 -1.466309 0.501961 0.501961 0.501961 #0.501961
v -0.171387 2.113037 -1.507813 0.501961 0.501961 0.501961 #0.501961
v -0.163574 1.964355 -1.772705 0.501961 0.501961 0.501961 #0.501961
v -0.171387 2.113037 -1.507813 0.501961 0.501961 0.501961 #0.501961
v -0.428223 2.113037 -1.507813 0.501961 0.501961 0.501961 #0.501961
v -0.190186 2.125244 -1.813965 0.501961 0.501961 0.501961 #0.501961
v 0.454590 1.964355 -1.466309 0.501961 0.501961 0.501961 #0.501961
v 0.428223 2.113037 -1.507813 0.501961 0.501961 0.501961 #0.501961
v 0.454590 1.964355 -1.689209 0.501961 0.501961 0.501961 #0.501961
v 0.171387 2.113037 -1.507813 0.501961 0.501961 0.501961 #0.501961
v 0.163574 1.964355 -1.466309 0.501961 0.501961 0.501961 #0.501961
v 0.190186 2.125244 -1.813965 0.501961 0.501961 0.501961 #0.501961
v 0.428223 2.113037 -1.507813 0.501961 0.501961 0.501961 #0.501961
v 0.171387 2.113037 -1.507813 0.501961 0.501961 0.501961 #0.501961
v 0.428223 2.125244 -1.728027 0.501961 0.501961 0.501961 #0.501961
v -0.697754 1.486084 -0.895264 0.501961 0.501961 0.501961 #0.501961
v -0.284668 1.263672 -1.177979 0.501961 0.501961 0.501961 #0.501961
v -0.438477 1.342285 -0.855713 0.501961 0.501961 0.501961 #0.501961
v 0.000000 1.649658 -0.296875 0.501961 0.501961 0.501961 #0.501961
v -0.493408 1.601807 -0.472168 0.501961 0.501961 0.501961 #0.501961
v 0.000000 1.445557 -0.512695 0.501961 0.501961 0.501961 #0.501961
v 0.000000 1.445557 -0.512695 0.501961 0.501961 0.501961 #0.501961
v -0.284668 1.417969 -0.614014 0.501961 0.501961 0.501961 #0.501961
v 0.000000 1.301758 -0.844727 0.501961 0.501961 0.501961 #0.501961
v -0.805664 1.670410 -0.945557 0.501961 0.501961 0.501961 #0.501961
v -0.493408 1.349609 -1.393555 0.501961 0.501961 0.501961 #0.501961
v -0.697754 1.486084 -0.895264 0.501961 0.501961 0.501961 #0.501961
v -0.569580 1.804199 -0.457031 0.501961 0.501961 0.501961 #0.501961
v -0.805664 1.670410 -0.945557 0.501961 0.501961 0.501961 #0.501961
v -0.493408 1.601807 -0.472168 0.501961 0.501961 0.501961 #0.501961
v -0.284668 1.417969 -0.614014 0.501961 0.501961 0.501961 #0.501961
v -0.438477 1.342285 -0.855713 0.501961 0.501961 0.501961 #0.501961
v 0.000000 1.301758 -0.844727 0.501961 0.501961 0.501961 #0.501961
v -0.438477 1.342285 -0.855713 0.501961 0.501961 0.501961 #0.501961
v -0.284668 1.417969 -0.614014 0.501961 0.501961 0.501961 #0.501961
v -0.697754 1.486084 -0.895264 0.501961 0.501961 0.501961 #0.501961
v -0.284668 1.263672 -1.177979 0.501961 0.501961 0.501961 #0.501961
v 0.000000 1.301758 -0.844727 0.501961 0.501961 0.501961 #0.501961
v -0.438477 1.342285 -0.855713 0.501961 0.501961 0.501961 #0.501961
v 0.000000 1.859375 -0.254639 0.501961 0.501961 0.501961 #0.501961
v -0.569580 1.804199 -0.457031 0.501961 0.501961 0.501961 #0.501961
v 0.000000 1.649658 -0.296875 0.501961 0.501961 0.501961 #0.501961
v -0.246582 1.325684 -1.481201 0.501961 0.501961 0.501961 #0.501961
v 0.000000 1.235840 -1.279053 0.501961 0.501961 0.501961 #0.501961
v -0.493408 1.349609 -1.393555 0.501961 0.501961 0.501961 #0.501961
v -0.493408 1.349609 -1.393555 0.501961 0.501961 0.501961 #0.501961
v 0.000000 1.235840 -1.279053 0.501961 0.501961 0.501961 #0.501961
v -0.284668 1.263672 -1.177979 0.501961 0.501961 0.501961 #0.501961
v -0.284668 1.263672 -1.177979 0.501961 0.501961 0.501961 #0.501961
v 0.000000 1.235840 -1.279053 0.501961 0.501961 0.501961 #0.501961
v 0.000000 1.301758 -0.844727 0.501961 0.501961 0.501961 #0.501961
v 0.449707 1.485352 -1.622070 0.501961 0.501961 0.501961 #0.501961
v 0.246582 1.325684 -1.481201 0.501961 0.501961 0.501961 #0.501961
v 0.187012 1.464355 -1.698730 0.501961 0.501961 0.501961 #0.501961
v 0.000000 1.301758 -1.568848 0.501961 0.501961 0.501961 #0.501961
v -0.187012 1.464355 -1.698730 0.501961 0.501961 0.501961 #0.501961
v 0.000000 1.460938 -1.711914 0.501961 0.501961 0.501961 #0.501961
v 0.000000 1.235840 -1.279053 0.501961 0.501961 0.501961 #0.501961
v -0.246582 1.325684 -1.481201 0.501961 0.501961 0.501961 #0.501961
v 0.000000 1.301758 -1.568848 0.501961 0.501961 0.501961 #0.501961
v -0.493408 1.349609 -1.393555 0.501961 0.501961 0.501961 #0.501961
v -0.805664 1.670410 -0.945557 0.501961 0.501961 0.501961 #0.501961
v -0.569580 1.514160 -1.517334 0.501961 0.501961 0.501961 #0.501961
v -0.284668 1.263672 -1.177979 0.501961 0.501961 0.501961 #0.501961
v -0.697754 1.486084 -0.895264 0.501961 0.501961 0.501961 #0.501961
v -0.493408 1.349609 -1.393555 0.501961 0.501961 0.501961 #0.501961
v -0.697754 1.486084 -0.895264 0.501961 0.501961 0.501961 #0.501961
v -0.284668 1.417969 -0.614014 0.501961 0.501961 0.501961 #0.501961
v -0.493408 1.601807 -0.472168 0.501961 0.501961 0.501961 #0.501961
v 0.000000 1.445557 -0.512695 0.501961 0.501961 0.501961 #0.501961
v -0.493408 1.601807 -0.472168 0.501961 0.501961 0.501961 #0.501961
v -0.284668 1.417969 -0.614014 0.501961 0.501961 0.501961 #0.501961
v -0.493408 1.601807 -0.472168 0.501961 0.501961 0.501961 #0.501961
v -0.805664 1.670410 -0.945557 0.501961 0.501961 0.501961 #0.501961
v -0.697754 1.486084 -0.895264 0.501961 0.501961 0.501961 #0.501961
v 0.000000 1.649658 -0.296875 0.501961 0.501961 0.501961 #0.501961
v -0.569580 1.804199 -0.457031 0.501961 0.501961 0.501961 #0.501961
v -0.493408 1.601807 -0.472168 0.501961 0.501961 0.501961 #0.501961
v 0.000000 1.301758 -1.568848 0.501961 0.501961 0.501961 #0.501961
v 0.187012 1.464355 -1.698730 0.501961 0.501961 0.501961 #0.501961
v 0.246582 1.325684 -1.481201 0.501961 0.501961 0.501961 #0.501961
v 0.246582 1.325684 -1.481201 0.501961 0.501961 0.501961 #0.501961
v 0.449707 1.485352 -1.622070 0.501961 0.501961 0.501961 #0.501961
v 0.493408 1.349609 -1.393555 0.501961 0.501961 0.501961 #0.501961
v 0.493408 1.349609 -1.393555 0.501961 0.501961 0.501961 #0.501961
v 0.449707 1.485352 -1.622070 0.501961 0.501961 0.501961 #0.501961
v 0.569580 1.514160 -1.517334 0.501961 0.501961 0.501961 #0.501961
v -0.187012 1.464355 -1.698730 0.501961 0.501961 0.501961 #0.501961
v -0.449707 1.485352 -1.622070 0.501961 0.501961 0.501961 #0.501961
v -0.197998 1.564697 -1.754150 0.501961 0.501961 0.501961 #0.501961
v -0.246582 1.325684 -1.481201 0.501961 0.501961 0.501961 #0.501961
v -0.187012 1.464355 -1.698730 0.501961 0.501961 0.501961 #0.501961
v 0.000000 1.301758 -1.568848 0.501961 0.501961 0.501961 #0.501961
v -0.569580 1.514160 -1.517334 0.501961 0.501961 0.501961 #0.501961
v -0.449707 1.485352 -1.622070 0.501961 0.501961 0.501961 #0.501961
v -0.493408 1.349609 -1.393555 0.501961 0.501961 0.501961 #0.501961
v -0.187012 1.464355 -1.698730 0.501961 0.501961 0.501961 #0.501961
v -0.246582 1.325684 -1.481201 0.501961 0.501961 0.501961 #0.501961
v -0.449707 1.485352 -1.622070 0.501961 0.501961 0.501961 #0.501961
v -0.493408 1.349609 -1.393555 0.501961 0.501961 0.501961 #0.501961
v -0.449707 1.485352 -1.622070 0.501961 0.501961 0.501961 #0.501961
v -0.246582 1.325684 -1.481201 0.501961 0.501961 0.501961 #0.501961
v 0.438477 1.342285 -0.855713 0.501961 0.501961 0.501961 #0.501961
v 0.284668 1.263672 -1.177979 0.501961 0.501961 0.501961 #0.501961
v 0.697754 1.486084 -0.895264 0.501961 0.501961 0.501961 #0.501961
v 0.000000 1.445557 -0.512695 0.501961 0.501961 0.501961 #0.501961
v 0.493408 1.601807 -0.472168 0.501961 0.501961 0.501961 #0.501961
v 0.000000 1.649658 -0.296875 0.501961 0.501961 0.501961 #0.501961
v 0.000000 1.301758 -0.844727 0.501961 0.501961 0.501961 #0.501961
v 0.284668 1.417969 -0.614014 0.501961 0.501961 0.501961 #0.501961
v 0.000000 1.445557 -0.512695 0.501961 0.501961 0.501961 #0.501961
v 0.697754 1.486084 -0.895264 0.501961 0.501961 0.501961 #0.501961
v 0.493408 1.349609 -1.393555 0.501961 0.501961 0.501961 #0.501961
v 0.805664 1.670410 -0.945557 0.501961 0.501961 0.501961 #0.501961
v 0.493408 1.601807 -0.472168 0.501961 0.501961 0.501961 #0.501961
v 0.805664 1.670410 -0.945557 0.501961 0.501961 0.501961 #0.501961
v 0.569580 1.804199 -0.457031 0.501961 0.501961 0.501961 #0.501961
v 0.000000 1.301758 -0.844727 0.501961 0.501961 0.501961 #0.501961
v 0.438477 1.342285 -0.855713 0.501961 0.501961 0.501961 #0.501961
v 0.284668 1.417969 -0.614014 0.501961 0.501961 0.501961 #0.501961
v 0.697754 1.486084 -0.895264 0.501961 0.501961 0.501961 #0.501961
v 0.284668 1.417969 -0.614014 0.501961 0.501961 0.501961 #0.501961
v 0.438477 1.342285 -0.855713 0.501961 0.501961 0.501961 #0.501961
v 0.438477 1.342285 -0.855713 0.501961 0.501961 0.501961 #0.501961
v 0.000000 1.301758 -0.844727 0.501961 0.501961 0.501961 #0.501961
v 0.284668 1.263672 -1.177979 0.501961 0.501961 0.501961 #0.501961
v 0.000000 1.649658 -0.296875 0.501961 0.501961 0.501961 #0.501961
v 0.569580 1.804199 -0.457031 0.501961 0.501961 0.501961 #0.501961
v 0.000000 1.859375 -0.254639 0.501961 0.501961 0.501961 #0.501961
v 0.493408 1.349609 -1.393555 0.501961 0.501961 0.501961 #0.501961
v 0.000000 1.235840 -1.279053 0.501961 0.501961 0.501961 #0.501961
v 0.246582 1.325684 -1.481201 0.501961 0.501961 0.501961 #0.501961
v 0.284668 1.263672 -1.177979 0.501961 0.501961 0.501961 #0.501961
v 0.000000 1.235840 -1.279053 0.501961 0.501961 0.501961 #0.501961
v 0.493408 1.349609 -1.393555 0.501961 0.501961 0.501961 #0.501961
v 0.000000 1.301758 -0.844727 0.501961 0.501961 0.501961 #0.501961
v 0.000000 1.235840 -1.279053 0.501961 0.501961 0.501961 #0.501961
v 0.284668 1.263672 -1.177979 0.501961 0.501961 0.501961 #0.501961
v 0.449707 1.485352 -1.622070 0.501961 0.501961 0.501961 #0.501961
v 0.197998 1.564697 -1.754150 0.501961 0.501961 0.501961 #0.501961
v 0.421387 1.583252 -1.686035 0.501961 0.501961 0.501961 #0.501961
v 0.000000 1.460938 -1.711914 0.501961 0.501961 0.501961 #0.501961
v 0.187012 1.464355 -1.698730 0.501961 0.501961 0.501961 #0.501961
v 0.000000 1.301758 -1.568848 0.501961 0.501961 0.501961 #0.501961
v 0.000000 1.301758 -1.568848 0.501961 0.501961 0.501961 #0.501961
v 0.246582 1.325684 -1.481201 0.501961 0.501961 0.501961 #0.501961
v 0.000000 1.235840 -1.279053 0.501961 0.501961 0.501961 #0.501961
v 0.569580 1.514160 -1.517334 0.501961 0.501961 0.501961 #0.501961
v 0.805664 1.670410 -0.945557 0.501961 0.501961 0.501961 #0.501961
v 0.493408 1.349609 -1.393555 0.501961 0.501961 0.501961 #0.501961
v 0.493408 1.349609 -1.393555 0.501961 0.501961 0.501961 #0.501961
v 0.697754 1.486084 -0.895264 0.501961 0.501961 0.501961 #0.501961
v 0.284668 1.263672 -1.177979 0.501961 0.501961 0.501961 #0.501961
v 0.493408 1.601807 -0.472168 0.501961 0.501961 0.501961 #0.501961
v 0.284668 1.417969 -0.614014 0.501961 0.501961 0.501961 #0.501961
v 0.697754 1.486084 -0.895264 0.501961 0.501961 0.501961 #0.501961
v 0.284668 1.417969 -0.614014 0.501961 0.501961 0.501961 #0.501961
v 0.493408 1.601807 -0.472168 0.501961 0.501961 0.501961 #0.501961
v 0.000000 1.445557 -0.512695 0.501961 0.501961 0.501961 #0.501961
v 0.697754 1.486084 -0.895264 0.501961 0.501961 0.501961 #0.501961
v 0.805664 1.670410 -0.945557 0.501961 0.501961 0.501961 #0.501961
v 0.493408 1.601807 -0.472168 0.501961 0.501961 0.501961 #0.501961
v 0.493408 1.601807 -0.472168 0.501961 0.501961 0.501961 #0.501961
v 0.569580 1.804199 -0.457031 0.501961 0.501961 0.501961 #0.501961
v 0.000000 1.649658 -0.296875 0.501961 0.501961 0.501961 #0.501961
v -0.421387 1.583252 -1.686035 0.501961 0.501961 0.501961 #0.501961
v -0.197998 1.564697 -1.754150 0.501961 0.501961 0.501961 #0.501961
v -0.449707 1.485352 -1.622070 0.501961 0.501961 0.501961 #0.501961
v 0.187012 1.464355 -1.698730 0.501961 0.501961 0.501961 #0.501961
v 0.197998 1.564697 -1.754150 0.501961 0.501961 0.501961 #0.501961
v 0.449707 1.485352 -1.622070 0.501961 0.501961 0.501961 #0.501961
v 0.000000 1.859375 -0.254639 0.501961 0.501961 0.501961 #0.501961
v -0.447266 1.537598 -1.431641 0.501961 0.501961 0.501961 #0.501961
v -0.569580 1.804199 -0.457031 0.501961 0.501961 0.501961 #0.501961
v -0.449707 1.489990 -1.622803 0.501961 0.501961 0.501961 #0.501961
v -0.430664 1.634521 -1.499268 0.501961 0.501961 0.501961 #0.501961
v -0.421387 1.583252 -1.686035 0.501961 0.501961 0.501961 #0.501961
v -0.197998 1.564697 -1.754150 0.501961 0.501961 0.501961 #0.501961
v -0.182373 1.508057 -1.539307 0.501961 0.501961 0.501961 #0.501961
v -0.187012 1.468994 -1.699219 0.501961 0.501961 0.501961 #0.501961
v -0.447266 1.537598 -1.431641 0.501961 0.501961 0.501961 #0.501961
v -0.197754 1.604980 -1.607422 0.501961 0.501961 0.501961 #0.501961
v -0.430664 1.634521 -1.499268 0.501961 0.501961 0.501961 #0.501961
v -0.421387 1.583252 -1.686035 0.501961 0.501961 0.501961 #0.501961
v -0.197754 1.604980 -1.607422 0.501961 0.501961 0.501961 #0.501961
v -0.197998 1.564697 -1.754150 0.501961 0.501961 0.501961 #0.501961
v -0.805664 1.670410 -0.945557 0.501961 0.501961 0.501961 #0.501961
v -0.449707 1.489990 -1.622803 0.501961 0.501961 0.501961 #0.501961
v -0.569580 1.516113 -1.517578 0.501961 0.501961 0.501961 #0.501961
v -0.447266 1.537598 -1.431641 0.501961 0.501961 0.501961 #0.501961
v -0.805664 1.670410 -0.945557 0.501961 0.501961 0.501961 #0.501961
v -0.569580 1.804199 -0.457031 0.501961 0.501961 0.501961 #0.501961
v -0.187012 1.468994 -1.699219 0.501961 0.501961 0.501961 #0.501961
v 0.000000 1.508057 -1.539307 0.501961 0.501961 0.501961 #0.501961
v 0.000000 1.460938 -1.711914 0.501961 0.501961 0.501961 #0.501961
v 0.000000 1.508057 -1.539307 0.501961 0.501961 0.501961 #0.501961
v -0.182373 1.508057 -1.539307 0.501961 0.501961 0.501961 #0.501961
v 0.000000 1.859375 -0.254639 0.501961 0.501961 0.501961 #0.501961
v 0.569580 1.804199 -0.457031 0.501961 0.501961 0.501961 #0.501961
v 0.182373 1.508057 -1.539307 0.501961 0.501961 0.501961 #0.501961
v 0.000000 1.859375 -0.254639 0.501961 0.501961 0.501961 #0.501961
v 0.421387 1.583252 -1.686035 0.501961 0.501961 0.501961 #0.501961
v 0.447266 1.537598 -1.431641 0.501961 0.501961 0.501961 #0.501961
v 0.449707 1.489990 -1.622803 0.501961 0.501961 0.501961 #0.501961
v 0.187012 1.468994 -1.699219 0.501961 0.501961 0.501961 #0.501961
v 0.197754 1.604980 -1.607422 0.501961 0.501961 0.501961 #0.501961
v 0.197998 1.564697 -1.754150 0.501961 0.501961 0.501961 #0.501961
v 0.430664 1.634521 -1.499268 0.501961 0.501961 0.501961 #0.501961
v 0.182373 1.508057 -1.539307 0.501961 0.501961 0.501961 #0.501961
v 0.447266 1.537598 -1.431641 0.501961 0.501961 0.501961 #0.501961
v 0.197998 1.564697 -1.754150 0.501961 0.501961 0.501961 #0.501961
v 0.430664 1.634521 -1.499268 0.501961 0.501961 0.501961 #0.501961
v 0.421387 1.583252 -1.686035 0.501961 0.501961 0.501961 #0.501961
v 0.569580 1.516113 -1.517578 0.501961 0.501961 0.501961 #0.501961
v 0.447266 1.537598 -1.431641 0.501961 0.501961 0.501961 #0.501961
v 0.805664 1.670410 -0.945557 0.501961 0.501961 0.501961 #0.501961
v 0.569580 1.804199 -0.457031 0.501961 0.501961 0.501961 #0.501961
v 0.805664 1.670410 -0.945557 0.501961 0.501961 0.501961 #0.501961
v 0.447266 1.537598 -1.431641 0.501961 0.501961 0.501961 #0.501961
v 0.000000 1.460938 -1.711914 0.501961 0.501961 0.501961 #0.501961
v 0.182373 1.508057 -1.539307 0.501961 0.501961 0.501961 #0.501961
v 0.187012 1.468994 -1.699219 0.501961 0.501961 0.501961 #0.501961
v 0.000000 1.859375 -0.254639 0.501961 0.501961 0.501961 #0.501961
v 0.182373 1.508057 -1.539307 0.501961 0.501961 0.501961 #0.501961
v 0.000000 1.508057 -1.539307 0.501961 0.501961 0.501961 #0.501961
v -0.182373 1.508057 -1.539307 0.501961 0.501961 0.501961 #0.501961
v -0.447266 1.537598 -1.431641 0.501961 0.501961 0.501961 #0.501961
v 0.000000 1.859375 -0.254639 0.501961 0.501961 0.501961 #0.501961
v -0.447266 1.537598 -1.431641 0.501961 0.501961 0.501961 #0.501961
v -0.430664 1.634521 -1.499268 0.501961 0.501961 0.501961 #0.501961
v -0.449707 1.489990 -1.622803 0.501961 0.501961 0.501961 #0.501961
v -0.197754 1.604980 -1.607422 0.501961 0.501961 0.501961 #0.501961
v -0.182373 1.508057 -1.539307 0.501961 0.501961 0.501961 #0.501961
v -0.197998 1.564697 -1.754150 0.501961 0.501961 0.501961 #0.501961
v -0.182373 1.508057 -1.539307 0.501961 0.501961 0.501961 #0.501961
v -0.197754 1.604980 -1.607422 0.501961 0.501961 0.501961 #0.501961
v -0.447266 1.537598 -1.431641 0.501961 0.501961 0.501961 #0.501961
v -0.430664 1.634521 -1.499268 0.501961 0.501961 0.501961 #0.501961
v -0.197754 1.604980 -1.607422 0.501961 0.501961 0.501961 #0.501961
v -0.421387 1.583252 -1.686035 0.501961 0.501961 0.501961 #0.501961
v -0.447266 1.537598 -1.431641 0.501961 0.501961 0.501961 #0.501961
v -0.449707 1.489990 -1.622803 0.501961 0.501961 0.501961 #0.501961
v -0.805664 1.670410 -0.945557 0.501961 0.501961 0.501961 #0.501961
v -0.182373 1.508057 -1.539307 0.501961 0.501961 0.501961 #0.501961
v 0.000000 1.508057 -1.539307 0.501961 0.501961 0.501961 #0.501961
v -0.187012 1.468994 -1.699219 0.501961 0.501961 0.501961 #0.501961
v 0.447266 1.537598 -1.431641 0.501961 0.501961 0.501961 #0.501961
v 0.182373 1.508057 -1.539307 0.501961 0.501961 0.501961 #0.501961
v 0.569580 1.804199 -0.457031 0.501961 0.501961 0.501961 #0.501961
v 0.430664 1.634521 -1.499268 0.501961 0.501961 0.501961 #0.501961
v 0.447266 1.537598 -1.431641 0.501961 0.501961 0.501961 #0.501961
v 0.421387 1.583252 -1.686035 0.501961 0.501961 0.501961 #0.501961
v 0.182373 1.508057 -1.539307 0.501961 0.501961 0.501961 #0.501961
v 0.197754 1.604980 -1.607422 0.501961 0.501961 0.501961 #0.501961
v 0.187012 1.468994 -1.699219 0.501961 0.501961 0.501961 #0.501961
v 0.197754 1.604980 -1.607422 0.501961 0.501961 0.501961 #0.501961
v 0.182373 1.508057 -1.539307 0.501961 0.501961 0.501961 #0.501961
v 0.430664 1.634521 -1.499268 0.501961 0.501961 0.501961 #0.501961
v 0.197754 1.604980 -1.607422 0.501961 0.501961 0.501961 #0.501961
v 0.430664 1.634521 -1.499268 0.501961 0.501961 0.501961 #0.501961
v 0.197998 1.564697 -1.754150 0.501961 0.501961 0.501961 #0.501961
v 0.449707 1.489990 -1.622803 0.501961 0.501961 0.501961 #0.501961
v 0.447266 1.537598 -1.431641 0.501961 0.501961 0.501961 #0.501961
v 0.569580 1.516113 -1.517578 0.501961 0.501961 0.501961 #0.501961
v 0.000000 1.508057 -1.539307 0.501961 0.501961 0.501961 #0.501961
v 0.182373 1.508057 -1.539307 0.501961 0.501961 0.501961 #0.501961
v 0.000000 1.460938 -1.711914 0.501961 0.501961 0.501961 #0.501961
v 0.064209 0.911377 0.852295 0.501961 0.501961 0.501961 #0.501961
v 0.573486 1.006104 0.851318 0.501961 0.501961 0.501961 #0.501961
v 0.406006 0.999268 1.116211 0.501961 0.501961 0.501961 #0.501961
v 1.077393 1.701660 0.850586 0.501961 0.501961 0.501961 #0.501961
v 0.677002 1.297363 1.353516 0.501961 0.501961 0.501961 #0.501961
v 0.875000 1.218018 0.850830 0.501961 0.501961 0.501961 #0.501961
v -0.632568 2.290771 0.853760 0.501961 0.501961 0.501961 #0.501961
v -0.796143 1.865479 0.854004 0.501961 0.501961 0.501961 #0.501961
v -0.518555 2.280762 1.082520 0.501961 0.501961 0.501961 #0.501961
v 0.886963 2.348633 0.850830 0.501961 0.501961 0.501961 #0.501961
v 0.876953 2.158691 1.079834 0.501961 0.501961 0.501961 #0.501961
v 0.989990 2.148682 0.850830 0.501961 0.501961 0.501961 #0.501961
v 0.216797 2.655762 0.852295 0.501961 0.501961 0.501961 #0.501961
v 0.607422 2.512451 0.983643 0.501961 0.501961 0.501961 #0.501961
v 0.676025 2.510498 0.851318 0.501961 0.501961 0.501961 #0.501961
v 0.064209 0.911377 0.852295 0.501961 0.501961 0.501961 #0.501961
v 0.406006 0.999268 1.116211 0.501961 0.501961 0.501961 #0.501961
v 0.078369 1.064209 1.270508 0.501961 0.501961 0.501961 #0.501961
v 0.677002 1.297363 1.353516 0.501961 0.501961 0.501961 #0.501961
v 0.078369 1.064209 1.270508 0.501961 0.501961 0.501961 #0.501961
v 0.406006 0.999268 1.116211 0.501961 0.501961 0.501961 #0.501961
v 0.753174 2.169434 1.309082 0.501961 0.501961 0.501961 #0.501961
v 0.141846 1.783447 1.600098 0.501961 0.501961 0.501961 #0.501961
v 0.803955 1.725586 1.379883 0.501961 0.501961 0.501961 #0.501961
v 0.538330 2.510010 1.115967 0.501961 0.501961 0.501961 #0.501961
v 0.179688 2.219727 1.500000 0.501961 0.501961 0.501961 #0.501961
v 0.753174 2.169434 1.309082 0.501961 0.501961 0.501961 #0.501961
v 0.216797 2.655762 0.852295 0.501961 0.501961 0.501961 #0.501961
v 0.207275 2.538818 1.226074 0.501961 0.501961 0.501961 #0.501961
v 0.538330 2.510010 1.115967 0.501961 0.501961 0.501961 #0.501961
v 0.876953 2.158691 1.079834 0.501961 0.501961 0.501961 #0.501961
v 0.538330 2.510010 1.115967 0.501961 0.501961 0.501961 #0.501961
v 0.753174 2.169434 1.309082 0.501961 0.501961 0.501961 #0.501961
v 0.607422 2.512451 0.983643 0.501961 0.501961 0.501961 #0.501961
v 0.737793 2.458984 0.917236 0.501961 0.501961 0.501961 #0.501961
v 0.676025 2.510498 0.851318 0.501961 0.501961 0.501961 #0.501961
v 0.833984 2.380371 0.965576 0.501961 0.501961 0.501961 #0.501961
v 0.607422 2.512451 0.983643 0.501961 0.501961 0.501961 #0.501961
v 0.876953 2.158691 1.079834 0.501961 0.501961 0.501961 #0.501961
v -0.520752 1.841553 1.382324 0.501961 0.501961 0.501961 #0.501961
v -0.796143 1.865479 0.854004 0.501961 0.501961 0.501961 #0.501961
v -0.470215 1.397705 1.355713 0.501961 0.501961 0.501961 #0.501961
v 0.989990 2.148682 0.850830 0.501961 0.501961 0.501961 #0.501961
v 0.876953 2.158691 1.079834 0.501961 0.501961 0.501961 #0.501961
v 1.077393 1.701660 0.850586 0.501961 0.501961 0.501961 #0.501961
v -0.256104 1.057129 1.117432 0.501961 0.501961 0.501961 #0.501961
v -0.420654 1.093262 0.853271 0.501961 0.501961 0.501961 #0.501961
v 0.064209 0.911377 0.852295 0.501961 0.501961 0.501961 #0.501961
v 0.179688 2.219727 1.500000 0.501961 0.501961 0.501961 #0.501961
v -0.394043 2.269775 1.311279 0.501961 0.501961 0.501961 #0.501961
v 0.141846 1.783447 1.600098 0.501961 0.501961 0.501961 #0.501961
v -0.520752 1.841553 1.382324 0.501961 0.501961 0.501961 #0.501961
v -0.518555 2.280762 1.082520 0.501961 0.501961 0.501961 #0.501961
v -0.796143 1.865479 0.854004 0.501961 0.501961 0.501961 #0.501961
v 0.103516 1.347412 1.500000 0.501961 0.501961 0.501961 #0.501961
v -0.470215 1.397705 1.355713 0.501961 0.501961 0.501961 #0.501961
v 0.078369 1.064209 1.270508 0.501961 0.501961 0.501961 #0.501961
v -0.632568 2.290771 0.853760 0.501961 0.501961 0.501961 #0.501961
v -0.438477 2.491699 0.967773 0.501961 0.501961 0.501961 #0.501961
v -0.496338 2.469727 0.853516 0.501961 0.501961 0.501961 #0.501961
v -0.260498 2.592529 0.853027 0.501961 0.501961 0.501961 #0.501961
v -0.192139 2.582275 0.985107 0.501961 0.501961 0.501961 #0.501961
v 0.216797 2.655762 0.852295 0.501961 0.501961 0.501961 #0.501961
v 0.078369 1.064209 1.270508 0.501961 0.501961 0.501961 #0.501961
v -0.256104 1.057129 1.117432 0.501961 0.501961 0.501961 #0.501961
v 0.064209 0.911377 0.852295 0.501961 0.501961 0.501961 #0.501961
v 0.753174 2.169434 1.309082 0.501961 0.501961 0.501961 #0.501961
v 0.803955 1.725586 1.379883 0.501961 0.501961 0.501961 #0.501961
v 0.876953 2.158691 1.079834 0.501961 0.501961 0.501961 #0.501961
v -0.124023 2.567871 1.117188 0.501961 0.501961 0.501961 #0.501961
v 0.207275 2.538818 1.226074 0.501961 0.501961 0.501961 #0.501961
v 0.216797 2.655762 0.852295 0.501961 0.501961 0.501961 #0.501961
v -0.394043 2.269775 1.311279 0.501961 0.501961 0.501961 #0.501961
v -0.192139 2.582275 0.985107 0.501961 0.501961 0.501961 #0.501961
v -0.518555 2.280762 1.082520 0.501961 0.501961 0.501961 #0.501961
v -0.260498 2.592529 0.853027 0.501961 0.501961 0.501961 #0.501961
v -0.330078 2.552490 0.919189 0.501961 0.501961 0.501961 #0.501961
v -0.192139 2.582275 0.985107 0.501961 0.501961 0.501961 #0.501961
v -0.518555 2.280762 1.082520 0.501961 0.501961 0.501961 #0.501961
v -0.330078 2.552490 0.919189 0.501961 0.501961 0.501961 #0.501961
v -0.438477 2.491699 0.967773 0.501961 0.501961 0.501961 #0.501961
v 0.103516 1.347412 1.500000 0.501961 0.501961 0.501961 #0.501961
v 0.141846 1.783447 1.600098 0.501961 0.501961 0.501961 #0.501961
v -0.470215 1.397705 1.355713 0.501961 0.501961 0.501961 #0.501961
v 0.103516 1.347412 1.500000 0.501961 0.501961 0.501961 #0.501961
v 0.677002 1.297363 1.353516 0.501961 0.501961 0.501961 #0.501961
v 0.141846 1.783447 1.600098 0.501961 0.501961 0.501961 #0.501961
v 0.803955 1.725586 1.379883 0.501961 0.501961 0.501961 #0.501961
v 0.677002 1.297363 1.353516 0.501961 0.501961 0.501961 #0.501961
v 1.077393 1.701660 0.850586 0.501961 0.501961 0.501961 #0.501961
v 0.179688 2.219727 1.500000 0.501961 0.501961 0.501961 #0.501961
v -0.124023 2.567871 1.117188 0.501961 0.501961 0.501961 #0.501961
v -0.394043 2.269775 1.311279 0.501961 0.501961 0.501961 #0.501961
v 1.077393 1.701660 0.850586 0.501961 0.501961 0.501961 #0.501961
v 0.876953 2.158691 1.079834 0.501961 0.501961 0.501961 #0.501961
v 0.803955 1.725586 1.379883 0.501961 0.501961 0.501961 #0.501961
v 0.833984 2.380371 0.965576 0.501961 0.501961 0.501961 #0.501961
v 0.876953 2.158691 1.079834 0.501961 0.501961 0.501961 #0.501961
v 0.886963 2.348633 0.850830 0.501961 0.501961 0.501961 #0.501961
v 0.538330 2.510010 1.115967 0.501961 0.501961 0.501961 #0.501961
v 0.607422 2.512451 0.983643 0.501961 0.501961 0.501961 #0.501961
v 0.216797 2.655762 0.852295 0.501961 0.501961 0.501961 #0.501961
v 0.103516 1.347412 1.500000 0.501961 0.501961 0.501961 #0.501961
v 0.078369 1.064209 1.270508 0.501961 0.501961 0.501961 #0.501961
v 0.677002 1.297363 1.353516 0.501961 0.501961 0.501961 #0.501961
v 0.179688 2.219727 1.500000 0.501961 0.501961 0.501961 #0.501961
v 0.141846 1.783447 1.600098 0.501961 0.501961 0.501961 #0.501961
v 0.753174 2.169434 1.309082 0.501961 0.501961 0.501961 #0.501961
v 0.207275 2.538818 1.226074 0.501961 0.501961 0.501961 #0.501961
v 0.179688 2.219727 1.500000 0.501961 0.501961 0.501961 #0.501961
v 0.538330 2.510010 1.115967 0.501961 0.501961 0.501961 #0.501961
v 0.607422 2.512451 0.983643 0.501961 0.501961 0.501961 #0.501961
v 0.538330 2.510010 1.115967 0.501961 0.501961 0.501961 #0.501961
v 0.876953 2.158691 1.079834 0.501961 0.501961 0.501961 #0.501961
v 0.737793 2.458984 0.917236 0.501961 0.501961 0.501961 #0.501961
v 0.607422 2.512451 0.983643 0.501961 0.501961 0.501961 #0.501961
v 0.833984 2.380371 0.965576 0.501961 0.501961 0.501961 #0.501961
v 0.803955 1.725586 1.379883 0.501961 0.501961 0.501961 #0.501961
v 0.141846 1.783447 1.600098 0.501961 0.501961 0.501961 #0.501961
v 0.677002 1.297363 1.353516 0.501961 0.501961 0.501961 #0.501961
v 0.207275 2.538818 1.226074 0.501961 0.501961 0.501961 #0.501961
v -0.124023 2.567871 1.117188 0.501961 0.501961 0.501961 #0.501961
v 0.179688 2.219727 1.500000 0.501961 0.501961 0.501961 #0.501961
v 0.078369 1.064209 1.270508 0.501961 0.501961 0.501961 #0.501961
v -0.470215 1.397705 1.355713 0.501961 0.501961 0.501961 #0.501961
v -0.256104 1.057129 1.117432 0.501961 0.501961 0.501961 #0.501961
v 0.573486 1.006104 0.851318 0.501961 0.501961 0.501961 #0.501961
v 0.677002 1.297363 1.353516 0.501961 0.501961 0.501961 #0.501961
v 0.406006 0.999268 1.116211 0.501961 0.501961 0.501961 #0.501961
v -0.470215 1.397705 1.355713 0.501961 0.501961 0.501961 #0.501961
v -0.796143 1.865479 0.854004 0.501961 0.501961 0.501961 #0.501961
v -0.680908 1.354004 0.853760 0.501961 0.501961 0.501961 #0.501961
v -0.518555 2.280762 1.082520 0.501961 0.501961 0.501961 #0.501961
v -0.438477 2.491699 0.967773 0.501961 0.501961 0.501961 #0.501961
v -0.632568 2.290771 0.853760 0.501961 0.501961 0.501961 #0.501961
v -0.124023 2.567871 1.117188 0.501961 0.501961 0.501961 #0.501961
v 0.216797 2.655762 0.852295 0.501961 0.501961 0.501961 #0.501961
v -0.192139 2.582275 0.985107 0.501961 0.501961 0.501961 #0.501961
v -0.256104 1.057129 1.117432 0.501961 0.501961 0.501961 #0.501961
v -0.470215 1.397705 1.355713 0.501961 0.501961 0.501961 #0.501961
v -0.420654 1.093262 0.853271 0.501961 0.501961 0.501961 #0.501961
v -0.394043 2.269775 1.311279 0.501961 0.501961 0.501961 #0.501961
v -0.518555 2.280762 1.082520 0.501961 0.501961 0.501961 #0.501961
v -0.520752 1.841553 1.382324 0.501961 0.501961 0.501961 #0.501961
v -0.520752 1.841553 1.382324 0.501961 0.501961 0.501961 #0.501961
v 0.141846 1.783447 1.600098 0.501961 0.501961 0.501961 #0.501961
v -0.394043 2.269775 1.311279 0.501961 0.501961 0.501961 #0.501961
v -0.192139 2.582275 0.985107 0.501961 0.501961 0.501961 #0.501961
v -0.394043 2.269775 1.311279 0.501961 0.501961 0.501961 #0.501961
v -0.124023 2.567871 1.117188 0.501961 0.501961 0.501961 #0.501961
v -0.192139 2.582275 0.985107 0.501961 0.501961 0.501961 #0.501961
v -0.330078 2.552490 0.919189 0.501961 0.501961 0.501961 #0.501961
v -0.518555 2.280762 1.082520 0.501961 0.501961 0.501961 #0.501961
v -0.470215 1.397705 1.355713 0.501961 0.501961 0.501961 #0.501961
v 0.141846 1.783447 1.600098 0.501961 0.501961 0.501961 #0.501961
v -0.520752 1.841553 1.382324 0.501961 0.501961 0.501961 #0.501961
v -0.680908 1.354004 0.853760 0.501961 0.501961 0.501961 #0.501961
v -0.420654 1.093262 0.853271 0.501961 0.501961 0.501961 #0.501961
v -0.470215 1.397705 1.355713 0.501961 0.501961 0.501961 #0.501961
v 0.875000 1.218018 0.850830 0.501961 0.501961 0.501961 #0.501961
v 0.677002 1.297363 1.353516 0.501961 0.501961 0.501961 #0.501961
v 0.573486 1.006104 0.851318 0.501961 0.501961 0.501961 #0.501961
v 0.101074 1.347412 0.204590 0.501961 0.501961 0.501961 #0.501961
v -0.522705 1.841553 0.316650 0.501961 0.501961 0.501961 #0.501961
v 0.139160 1.783691 0.104248 0.501961 0.501961 0.501961 #0.501961
v 0.573486 1.006104 0.851318 0.501961 0.501961 0.501961 #0.501961
v 0.675049 1.297363 0.369141 0.501961 0.501961 0.501961 #0.501961
v 0.875000 1.218018 0.850830 0.501961 0.501961 0.501961 #0.501961
v 0.876221 2.158691 0.621826 0.501961 0.501961 0.501961 #0.501961
v 0.886963 2.348633 0.850830 0.501961 0.501961 0.501961 #0.501961
v 0.989990 2.148682 0.850830 0.501961 0.501961 0.501961 #0.501961
v 1.000000 3.262939 0.836182 0.501961 0.501961 0.501961 #0.501961
v 0.737549 2.458984 0.785156 0.501961 0.501961 0.501961 #0.501961
v 0.676025 2.510498 0.851318 0.501961 0.501961 0.501961 #0.501961
v 0.676025 2.510498 0.851318 0.501961 0.501961 0.501961 #0.501961
v 0.737549 2.458984 0.785156 0.501961 0.501961 0.501961 #0.501961
v 0.606934 2.512451 0.719238 0.501961 0.501961 0.501961 #0.501961
v 1.192627 3.629395 0.850586 0.501961 0.501961 0.501961 #0.501961
v 1.279541 3.542969 0.947510 0.501961 0.501961 0.501961 #0.501961
v 1.526123 3.626953 0.849854 0.501961 0.501961 0.501961 #0.501961
v 1.000000 3.262939 0.836182 0.501961 0.501961 0.501961 #0.501961
v 1.279541 3.542969 0.947510 0.501961 0.501961 0.501961 #0.501961
v 1.192627 3.629395 0.850586 0.501961 0.501961 0.501961 #0.501961
v 0.737549 2.458984 0.785156 0.501961 0.501961 0.501961 #0.501961
v 0.876221 2.158691 0.621826 0.501961 0.501961 0.501961 #0.501961
v 0.606934 2.512451 0.719238 0.501961 0.501961 0.501961 #0.501961
v 1.279053 3.542969 0.753174 0.501961 0.501961 0.501961 #0.501961
v 1.192627 3.629395 0.850586 0.501961 0.501961 0.501961 #0.501961
v 1.526123 3.626953 0.849854 0.501961 0.501961 0.501961 #0.501961
v 0.833984 2.380371 0.965576 0.501961 0.501961 0.501961 #0.501961
v 1.095703 3.176025 0.941162 0.501961 0.501961 0.501961 #0.501961
v 0.737793 2.458984 0.917236 0.501961 0.501961 0.501961 #0.501961
v 0.833740 2.380371 0.736572 0.501961 0.501961 0.501961 #0.501961
v 1.389893 3.011475 0.835693 0.501961 0.501961 0.501961 #0.501961
v 0.886963 2.348633 0.850830 0.501961 0.501961 0.501961 #0.501961
v 1.597412 3.362549 0.849854 0.501961 0.501961 0.501961 #0.501961
v 1.460449 3.442139 0.681641 0.501961 0.501961 0.501961 #0.501961
v 1.526123 3.626953 0.849854 0.501961 0.501961 0.501961 #0.501961
v 1.279541 3.542969 0.947510 0.501961 0.501961 0.501961 #0.501961
v 1.460938 3.442139 1.018311 0.501961 0.501961 0.501961 #0.501961
v 1.526123 3.626953 0.849854 0.501961 0.501961 0.501961 #0.501961
v 0.737549 2.458984 0.785156 0.501961 0.501961 0.501961 #0.501961
v 1.258545 3.084473 0.690918 0.501961 0.501961 0.501961 #0.501961
v 0.833740 2.380371 0.736572 0.501961 0.501961 0.501961 #0.501961
v 1.460449 3.442139 0.681641 0.501961 0.501961 0.501961 #0.501961
v 1.279053 3.542969 0.753174 0.501961 0.501961 0.501961 #0.501961
v 1.526123 3.626953 0.849854 0.501961 0.501961 0.501961 #0.501961
v 0.886963 2.348633 0.850830 0.501961 0.501961 0.501961 #0.501961
v 1.259033 3.084473 0.999268 0.501961 0.501961 0.501961 #0.501961
v 0.833984 2.380371 0.965576 0.501961 0.501961 0.501961 #0.501961
v 1.460938 3.442139 1.018311 0.501961 0.501961 0.501961 #0.501961
v 1.597412 3.362549 0.849854 0.501961 0.501961 0.501961 #0.501961
v 1.526123 3.626953 0.849854 0.501961 0.501961 0.501961 #0.501961
v 1.258545 3.084473 0.690918 0.501961 0.501961 0.501961 #0.501961
v 1.279053 3.542969 0.753174 0.501961 0.501961 0.501961 #0.501961
v 1.460449 3.442139 0.681641 0.501961 0.501961 0.501961 #0.501961
v 1.095215 3.176025 0.730957 0.501961 0.501961 0.501961 #0.501961
v 1.192627 3.629395 0.850586 0.501961 0.501961 0.501961 #0.501961
v 1.279053 3.542969 0.753174 0.501961 0.501961 0.501961 #0.501961
v 1.095703 3.176025 0.941162 0.501961 0.501961 0.501961 #0.501961
v 0.676025 2.510498 0.851318 0.501961 0.501961 0.501961 #0.501961
v 0.737793 2.458984 0.917236 0.501961 0.501961 0.501961 #0.501961
v 1.095703 3.176025 0.941162 0.501961 0.501961 0.501961 #0.501961
v 1.460938 3.442139 1.018311 0.501961 0.501961 0.501961 #0.501961
v 1.279541 3.542969 0.947510 0.501961 0.501961 0.501961 #0.501961
v 1.259033 3.084473 0.999268 0.501961 0.501961 0.501961 #0.501961
v 1.597412 3.362549 0.849854 0.501961 0.501961 0.501961 #0.501961
v 1.460938 3.442139 1.018311 0.501961 0.501961 0.501961 #0.501961
v 1.389893 3.011475 0.835693 0.501961 0.501961 0.501961 #0.501961
v 1.460449 3.442139 0.681641 0.501961 0.501961 0.501961 #0.501961
v 1.597412 3.362549 0.849854 0.501961 0.501961 0.501961 #0.501961
v 0.064209 0.911377 0.852295 0.501961 0.501961 0.501961 #0.501961
v 0.076904 1.064453 0.458252 0.501961 0.501961 0.501961 #0.501961
v 0.405029 0.999268 0.587158 0.501961 0.501961 0.501961 #0.501961
v 0.139160 1.783691 0.104248 0.501961 0.501961 0.501961 #0.501961
v -0.522705 1.841553 0.316650 0.501961 0.501961 0.501961 #0.501961
v 0.177490 2.219727 0.204590 0.501961 0.501961 0.501961 #0.501961
v 0.177490 2.219727 0.204590 0.501961 0.501961 0.501961 #0.501961
v 0.802002 1.725586 0.314209 0.501961 0.501961 0.501961 #0.501961
v 0.139160 1.783691 0.104248 0.501961 0.501961 0.501961 #0.501961
v 0.205811 2.539063 0.478271 0.501961 0.501961 0.501961 #0.501961
v 0.751465 2.169678 0.393066 0.501961 0.501961 0.501961 #0.501961
v 0.177490 2.219727 0.204590 0.501961 0.501961 0.501961 #0.501961
v 0.216797 2.655762 0.852295 0.501961 0.501961 0.501961 #0.501961
v 0.537354 2.510010 0.587158 0.501961 0.501961 0.501961 #0.501961
v 0.205811 2.539063 0.478271 0.501961 0.501961 0.501961 #0.501961
v 0.064209 0.911377 0.852295 0.501961 0.501961 0.501961 #0.501961
v 0.405029 0.999268 0.587158 0.501961 0.501961 0.501961 #0.501961
v 0.573486 1.006104 0.851318 0.501961 0.501961 0.501961 #0.501961
v 0.101074 1.347412 0.204590 0.501961 0.501961 0.501961 #0.501961
v 0.675049 1.297363 0.369141 0.501961 0.501961 0.501961 #0.501961
v 0.076904 1.064453 0.458252 0.501961 0.501961 0.501961 #0.501961
v 0.139160 1.783691 0.104248 0.501961 0.501961 0.501961 #0.501961
v 0.798828 1.715088 0.315430 0.501961 0.501961 0.501961 #0.501961
v 0.101074 1.347412 0.204590 0.501961 0.501961 0.501961 #0.501961
v 0.537354 2.510010 0.587158 0.501961 0.501961 0.501961 #0.501961
v 0.876221 2.158691 0.621826 0.501961 0.501961 0.501961 #0.501961
v 0.751465 2.169678 0.393066 0.501961 0.501961 0.501961 #0.501961
v 0.216797 2.655762 0.852295 0.501961 0.501961 0.501961 #0.501961
v 0.606934 2.512451 0.719238 0.501961 0.501961 0.501961 #0.501961
v 0.537354 2.510010 0.587158 0.501961 0.501961 0.501961 #0.501961
v -0.680908 1.354004 0.853760 0.501961 0.501961 0.501961 #0.501961
v -0.796143 1.865479 0.854004 0.501961 0.501961 0.501961 #0.501961
v -0.471924 1.397705 0.371094 0.501961 0.501961 0.501961 #0.501961
v -0.796143 1.865479 0.854004 0.501961 0.501961 0.501961 #0.501961
v -0.519531 2.280762 0.624512 0.501961 0.501961 0.501961 #0.501961
v -0.522705 1.841553 0.316650 0.501961 0.501961 0.501961 #0.501961
v -0.519531 2.280762 0.624512 0.501961 0.501961 0.501961 #0.501961
v -0.192627 2.582275 0.720703 0.501961 0.501961 0.501961 #0.501961
v -0.395752 2.270020 0.395264 0.501961 0.501961 0.501961 #0.501961
v -0.632568 2.290771 0.853760 0.501961 0.501961 0.501961 #0.501961
v -0.438721 2.491699 0.738770 0.501961 0.501961 0.501961 #0.501961
v -0.519531 2.280762 0.624512 0.501961 0.501961 0.501961 #0.501961
v -0.260498 2.592529 0.853027 0.501961 0.501961 0.501961 #0.501961
v -0.558350 3.320557 0.733887 0.501961 0.501961 0.501961 #0.501961
v -0.448975 3.389893 0.838867 0.501961 0.501961 0.501961 #0.501961
v -0.192627 2.582275 0.720703 0.501961 0.501961 0.501961 #0.501961
v -0.330322 2.552490 0.787109 0.501961 0.501961 0.501961 #0.501961
v -0.260498 2.592529 0.853027 0.501961 0.501961 0.501961 #0.501961
v -0.904053 3.839600 0.854248 0.501961 0.501961 0.501961 #0.501961
v -0.675293 3.714111 0.951172 0.501961 0.501961 0.501961 #0.501961
v -0.574951 3.784180 0.853760 0.501961 0.501961 0.501961 #0.501961
v -0.574951 3.784180 0.853760 0.501961 0.501961 0.501961 #0.501961
v -0.557861 3.320557 0.944336 0.501961 0.501961 0.501961 #0.501961
v -0.448975 3.389893 0.838867 0.501961 0.501961 0.501961 #0.501961
v -0.192627 2.582275 0.720703 0.501961 0.501961 0.501961 #0.501961
v -0.438721 2.491699 0.738770 0.501961 0.501961 0.501961 #0.501961
v -0.330322 2.552490 0.787109 0.501961 0.501961 0.501961 #0.501961
v -0.904053 3.839600 0.854248 0.501961 0.501961 0.501961 #0.501961
v -0.574951 3.784180 0.853760 0.501961 0.501961 0.501961 #0.501961
v -0.675537 3.714111 0.756592 0.501961 0.501961 0.501961 #0.501961
v -0.330078 2.552490 0.919189 0.501961 0.501961 0.501961 #0.501961
v -0.734375 3.258789 1.002930 0.501961 0.501961 0.501961 #0.501961
v -0.438477 2.491699 0.967773 0.501961 0.501961 0.501961 #0.501961
v -0.496338 2.469727 0.853516 0.501961 0.501961 0.501961 #0.501961
v -0.735107 3.258789 0.694580 0.501961 0.501961 0.501961 #0.501961
v -0.438721 2.491699 0.738770 0.501961 0.501961 0.501961 #0.501961
v -0.904053 3.839600 0.854248 0.501961 0.501961 0.501961 #0.501961
v -0.871826 3.646240 0.685791 0.501961 0.501961 0.501961 #0.501961
v -1.020020 3.591553 0.854492 0.501961 0.501961 0.501961 #0.501961
v -0.904053 3.839600 0.854248 0.501961 0.501961 0.501961 #0.501961
v -0.871338 3.645996 1.022705 0.501961 0.501961 0.501961 #0.501961
v -0.675293 3.714111 0.951172 0.501961 0.501961 0.501961 #0.501961
v -0.438721 2.491699 0.738770 0.501961 0.501961 0.501961 #0.501961
v -0.558350 3.320557 0.733887 0.501961 0.501961 0.501961 #0.501961
v -0.330322 2.552490 0.787109 0.501961 0.501961 0.501961 #0.501961
v -0.904053 3.839600 0.854248 0.501961 0.501961 0.501961 #0.501961
v -0.675537 3.714111 0.756592 0.501961 0.501961 0.501961 #0.501961
v -0.871826 3.646240 0.685791 0.501961 0.501961 0.501961 #0.501961
v -0.438477 2.491699 0.967773 0.501961 0.501961 0.501961 #0.501961
v -0.876465 3.209717 0.839600 0.501961 0.501961 0.501961 #0.501961
v -0.496338 2.469727 0.853516 0.501961 0.501961 0.501961 #0.501961
v -0.904053 3.839600 0.854248 0.501961 0.501961 0.501961 #0.501961
v -1.020020 3.591553 0.854492 0.501961 0.501961 0.501961 #0.501961
v -0.871338 3.645996 1.022705 0.501961 0.501961 0.501961 #0.501961
v -0.871826 3.646240 0.685791 0.501961 0.501961 0.501961 #0.501961
v -0.558350 3.320557 0.733887 0.501961 0.501961 0.501961 #0.501961
v -0.735107 3.258789 0.694580 0.501961 0.501961 0.501961 #0.501961
v -0.675537 3.714111 0.756592 0.501961 0.501961 0.501961 #0.501961
v -0.448975 3.389893 0.838867 0.501961 0.501961 0.501961 #0.501961
v -0.558350 3.320557 0.733887 0.501961 0.501961 0.501961 #0.501961
v -0.330078 2.552490 0.919189 0.501961 0.501961 0.501961 #0.501961
v -0.448975 3.389893 0.838867 0.501961 0.501961 0.501961 #0.501961
v -0.557861 3.320557 0.944336 0.501961 0.501961 0.501961 #0.501961
v -0.675293 3.714111 0.951172 0.501961 0.501961 0.501961 #0.501961
v -0.734375 3.258789 1.002930 0.501961 0.501961 0.501961 #0.501961
v -0.557861 3.320557 0.944336 0.501961 0.501961 0.501961 #0.501961
v -0.871338 3.645996 1.022705 0.501961 0.501961 0.501961 #0.501961
v -0.876465 3.209717 0.839600 0.501961 0.501961 0.501961 #0.501961
v -0.734375 3.258789 1.002930 0.501961 0.501961 0.501961 #0.501961
v -1.020020 3.591553 0.854492 0.501961 0.501961 0.501961 #0.501961
v -0.735107 3.258789 0.694580 0.501961 0.501961 0.501961 #0.501961
v -0.876465 3.209717 0.839600 0.501961 0.501961 0.501961 #0.501961
v -0.257080 1.057129 0.588379 0.501961 0.501961 0.501961 #0.501961
v 0.076904 1.064453 0.458252 0.501961 0.501961 0.501961 #0.501961
v 0.064209 0.911377 0.852295 0.501961 0.501961 0.501961 #0.501961
v 0.076904 1.064453 0.458252 0.501961 0.501961 0.501961 #0.501961
v -0.471924 1.397705 0.371094 0.501961 0.501961 0.501961 #0.501961
v 0.101074 1.347412 0.204590 0.501961 0.501961 0.501961 #0.501961
v 0.177490 2.219727 0.204590 0.501961 0.501961 0.501961 #0.501961
v -0.395752 2.270020 0.395264 0.501961 0.501961 0.501961 #0.501961
v 0.205811 2.539063 0.478271 0.501961 0.501961 0.501961 #0.501961
v 0.802002 1.725586 0.314209 0.501961 0.501961 0.501961 #0.501961
v 0.876221 2.158691 0.621826 0.501961 0.501961 0.501961 #0.501961
v 1.077393 1.701660 0.850586 0.501961 0.501961 0.501961 #0.501961
v 0.751465 2.169678 0.393066 0.501961 0.501961 0.501961 #0.501961
v 0.876221 2.158691 0.621826 0.501961 0.501961 0.501961 #0.501961
v 0.802002 1.725586 0.314209 0.501961 0.501961 0.501961 #0.501961
v 0.205811 2.539063 0.478271 0.501961 0.501961 0.501961 #0.501961
v -0.125000 2.567871 0.588379 0.501961 0.501961 0.501961 #0.501961
v 0.216797 2.655762 0.852295 0.501961 0.501961 0.501961 #0.501961
v -0.420654 1.093262 0.853271 0.501961 0.501961 0.501961 #0.501961
v -0.257080 1.057129 0.588379 0.501961 0.501961 0.501961 #0.501961
v 0.064209 0.911377 0.852295 0.501961 0.501961 0.501961 #0.501961
v -0.471924 1.397705 0.371094 0.501961 0.501961 0.501961 #0.501961
v -0.796143 1.865479 0.854004 0.501961 0.501961 0.501961 #0.501961
v -0.522705 1.841553 0.316650 0.501961 0.501961 0.501961 #0.501961
v -0.522705 1.841553 0.316650 0.501961 0.501961 0.501961 #0.501961
v -0.519531 2.280762 0.624512 0.501961 0.501961 0.501961 #0.501961
v -0.395752 2.270020 0.395264 0.501961 0.501961 0.501961 #0.501961
v -0.395752 2.270020 0.395264 0.501961 0.501961 0.501961 #0.501961
v -0.192627 2.582275 0.720703 0.501961 0.501961 0.501961 #0.501961
v -0.125000 2.567871 0.588379 0.501961 0.501961 0.501961 #0.501961
v -0.125000 2.567871 0.588379 0.501961 0.501961 0.501961 #0.501961
v -0.192627 2.582275 0.720703 0.501961 0.501961 0.501961 #0.501961
v 0.216797 2.655762 0.852295 0.501961 0.501961 0.501961 #0.501961
v -0.632568 2.290771 0.853760 0.501961 0.501961 0.501961 #0.501961
v -0.519531 2.280762 0.624512 0.501961 0.501961 0.501961 #0.501961
v -0.796143 1.865479 0.854004 0.501961 0.501961 0.501961 #0.501961
v 0.833740 2.380371 0.736572 0.501961 0.501961 0.501961 #0.501961
v 0.886963 2.348633 0.850830 0.501961 0.501961 0.501961 #0.501961
v 0.876221 2.158691 0.621826 0.501961 0.501961 0.501961 #0.501961
v 1.095215 3.176025 0.730957 0.501961 0.501961 0.501961 #0.501961
v 0.737549 2.458984 0.785156 0.501961 0.501961 0.501961 #0.501961
v 1.000000 3.262939 0.836182 0.501961 0.501961 0.501961 #0.501961
v 1.095703 3.176025 0.941162 0.501961 0.501961 0.501961 #0.501961
v 1.279541 3.542969 0.947510 0.501961 0.501961 0.501961 #0.501961
v 1.000000 3.262939 0.836182 0.501961 0.501961 0.501961 #0.501961
v 0.833740 2.380371 0.736572 0.501961 0.501961 0.501961 #0.501961
v 0.876221 2.158691 0.621826 0.501961 0.501961 0.501961 #0.501961
v 0.737549 2.458984 0.785156 0.501961 0.501961 0.501961 #0.501961
v 1.259033 3.084473 0.999268 0.501961 0.501961 0.501961 #0.501961
v 1.095703 3.176025 0.941162 0.501961 0.501961 0.501961 #0.501961
v 0.833984 2.380371 0.965576 0.501961 0.501961 0.501961 #0.501961
v 1.258545 3.084473 0.690918 0.501961 0.501961 0.501961 #0.501961
v 1.389893 3.011475 0.835693 0.501961 0.501961 0.501961 #0.501961
v 0.833740 2.380371 0.736572 0.501961 0.501961 0.501961 #0.501961
v 1.095215 3.176025 0.730957 0.501961 0.501961 0.501961 #0.501961
v 1.258545 3.084473 0.690918 0.501961 0.501961 0.501961 #0.501961
v 0.737549 2.458984 0.785156 0.501961 0.501961 0.501961 #0.501961
v 1.389893 3.011475 0.835693 0.501961 0.501961 0.501961 #0.501961
v 1.259033 3.084473 0.999268 0.501961 0.501961 0.501961 #0.501961
v 0.886963 2.348633 0.850830 0.501961 0.501961 0.501961 #0.501961
v 1.095215 3.176025 0.730957 0.501961 0.501961 0.501961 #0.501961
v 1.279053 3.542969 0.753174 0.501961 0.501961 0.501961 #0.501961
v 1.258545 3.084473 0.690918 0.501961 0.501961 0.501961 #0.501961
v 1.000000 3.262939 0.836182 0.501961 0.501961 0.501961 #0.501961
v 1.192627 3.629395 0.850586 0.501961 0.501961 0.501961 #0.501961
v 1.095215 3.176025 0.730957 0.501961 0.501961 0.501961 #0.501961
v 1.000000 3.262939 0.836182 0.501961 0.501961 0.501961 #0.501961
v 0.676025 2.510498 0.851318 0.501961 0.501961 0.501961 #0.501961
v 1.095703 3.176025 0.941162 0.501961 0.501961 0.501961 #0.501961
v 1.259033 3.084473 0.999268 0.501961 0.501961 0.501961 #0.501961
v 1.460938 3.442139 1.018311 0.501961 0.501961 0.501961 #0.501961
v 1.095703 3.176025 0.941162 0.501961 0.501961 0.501961 #0.501961
v 1.389893 3.011475 0.835693 0.501961 0.501961 0.501961 #0.501961
v 1.597412 3.362549 0.849854 0.501961 0.501961 0.501961 #0.501961
v 1.259033 3.084473 0.999268 0.501961 0.501961 0.501961 #0.501961
v 1.258545 3.084473 0.690918 0.501961 0.501961 0.501961 #0.501961
v 1.460449 3.442139 0.681641 0.501961 0.501961 0.501961 #0.501961
v 1.389893 3.011475 0.835693 0.501961 0.501961 0.501961 #0.501961
v 0.076904 1.064453 0.458252 0.501961 0.501961 0.501961 #0.501961
v 0.675049 1.297363 0.369141 0.501961 0.501961 0.501961 #0.501961
v 0.405029 0.999268 0.587158 0.501961 0.501961 0.501961 #0.501961
v 0.751465 2.169678 0.393066 0.501961 0.501961 0.501961 #0.501961
v 0.802002 1.725586 0.314209 0.501961 0.501961 0.501961 #0.501961
v 0.177490 2.219727 0.204590 0.501961 0.501961 0.501961 #0.501961
v 0.537354 2.510010 0.587158 0.501961 0.501961 0.501961 #0.501961
v 0.751465 2.169678 0.393066 0.501961 0.501961 0.501961 #0.501961
v 0.205811 2.539063 0.478271 0.501961 0.501961 0.501961 #0.501961
v -0.471924 1.397705 0.371094 0.501961 0.501961 0.501961 #0.501961
v -0.420654 1.093262 0.853271 0.501961 0.501961 0.501961 #0.501961
v -0.680908 1.354004 0.853760 0.501961 0.501961 0.501961 #0.501961
v 0.875000 1.218018 0.850830 0.501961 0.501961 0.501961 #0.501961
v 0.675049 1.297363 0.369141 0.501961 0.501961 0.501961 #0.501961
v 1.077393 1.701660 0.850586 0.501961 0.501961 0.501961 #0.501961
v 1.077393 1.701660 0.850586 0.501961 0.501961 0.501961 #0.501961
v 0.876221 2.158691 0.621826 0.501961 0.501961 0.501961 #0.501961
v 0.989990 2.148682 0.850830 0.501961 0.501961 0.501961 #0.501961
v 0.606934 2.512451 0.719238 0.501961 0.501961 0.501961 #0.501961
v 0.876221 2.158691 0.621826 0.501961 0.501961 0.501961 #0.501961
v 0.537354 2.510010 0.587158 0.501961 0.501961 0.501961 #0.501961
v 0.676025 2.510498 0.851318 0.501961 0.501961 0.501961 #0.501961
v 0.606934 2.512451 0.719238 0.501961 0.501961 0.501961 #0.501961
v 0.216797 2.655762 0.852295 0.501961 0.501961 0.501961 #0.501961
v -0.260498 2.592529 0.853027 0.501961 0.501961 0.501961 #0.501961
v 0.216797 2.655762 0.852295 0.501961 0.501961 0.501961 #0.501961
v -0.192627 2.582275 0.720703 0.501961 0.501961 0.501961 #0.501961
v 0.101074 1.347412 0.204590 0.501961 0.501961 0.501961 #0.501961
v 0.798828 1.715088 0.315430 0.501961 0.501961 0.501961 #0.501961
v 0.675049 1.297363 0.369141 0.501961 0.501961 0.501961 #0.501961
v -0.496338 2.469727 0.853516 0.501961 0.501961 0.501961 #0.501961
v -0.438721 2.491699 0.738770 0.501961 0.501961 0.501961 #0.501961
v -0.632568 2.290771 0.853760 0.501961 0.501961 0.501961 #0.501961
v -0.330322 2.552490 0.787109 0.501961 0.501961 0.501961 #0.501961
v -0.558350 3.320557 0.733887 0.501961 0.501961 0.501961 #0.501961
v -0.260498 2.592529 0.853027 0.501961 0.501961 0.501961 #0.501961
v -0.675293 3.714111 0.951172 0.501961 0.501961 0.501961 #0.501961
v -0.557861 3.320557 0.944336 0.501961 0.501961 0.501961 #0.501961
v -0.574951 3.784180 0.853760 0.501961 0.501961 0.501961 #0.501961
v -0.519531 2.280762 0.624512 0.501961 0.501961 0.501961 #0.501961
v -0.438721 2.491699 0.738770 0.501961 0.501961 0.501961 #0.501961
v -0.192627 2.582275 0.720703 0.501961 0.501961 0.501961 #0.501961
v -0.557861 3.320557 0.944336 0.501961 0.501961 0.501961 #0.501961
v -0.734375 3.258789 1.002930 0.501961 0.501961 0.501961 #0.501961
v -0.330078 2.552490 0.919189 0.501961 0.501961 0.501961 #0.501961
v -0.876465 3.209717 0.839600 0.501961 0.501961 0.501961 #0.501961
v -0.735107 3.258789 0.694580 0.501961 0.501961 0.501961 #0.501961
v -0.496338 2.469727 0.853516 0.501961 0.501961 0.501961 #0.501961
v -0.735107 3.258789 0.694580 0.501961 0.501961 0.501961 #0.501961
v -0.558350 3.320557 0.733887 0.501961 0.501961 0.501961 #0.501961
v -0.438721 2.491699 0.738770 0.501961 0.501961 0.501961 #0.501961
v -0.734375 3.258789 1.002930 0.501961 0.501961 0.501961 #0.501961
v -0.876465 3.209717 0.839600 0.501961 0.501961 0.501961 #0.501961
v -0.438477 2.491699 0.967773 0.501961 0.501961 0.501961 #0.501961
v -0.675537 3.714111 0.756592 0.501961 0.501961 0.501961 #0.501961
v -0.558350 3.320557 0.733887 0.501961 0.501961 0.501961 #0.501961
v -0.871826 3.646240 0.685791 0.501961 0.501961 0.501961 #0.501961
v -0.574951 3.784180 0.853760 0.501961 0.501961 0.501961 #0.501961
v -0.448975 3.389893 0.838867 0.501961 0.501961 0.501961 #0.501961
v -0.675537 3.714111 0.756592 0.501961 0.501961 0.501961 #0.501961
v -0.260498 2.592529 0.853027 0.501961 0.501961 0.501961 #0.501961
v -0.448975 3.389893 0.838867 0.501961 0.501961 0.501961 #0.501961
v -0.330078 2.552490 0.919189 0.501961 0.501961 0.501961 #0.501961
v -0.871338 3.645996 1.022705 0.501961 0.501961 0.501961 #0.501961
v -0.734375 3.258789 1.002930 0.501961 0.501961 0.501961 #0.501961
v -0.675293 3.714111 0.951172 0.501961 0.501961 0.501961 #0.501961
v -1.020020 3.591553 0.854492 0.501961 0.501961 0.501961 #0.501961
v -0.876465 3.209717 0.839600 0.501961 0.501961 0.501961 #0.501961
v -0.871338 3.645996 1.022705 0.501961 0.501961 0.501961 #0.501961
v -0.871826 3.646240 0.685791 0.501961 0.501961 0.501961 #0.501961
v -0.735107 3.258789 0.694580 0.501961 0.501961 0.501961 #0.501961
v -1.020020 3.591553 0.854492 0.501961 0.501961 0.501961 #0.501961
v -0.257080 1.057129 0.588379 0.501961 0.501961 0.501961 #0.501961
v -0.471924 1.397705 0.371094 0.501961 0.501961 0.501961 #0.501961
v 0.076904 1.064453 0.458252 0.501961 0.501961 0.501961 #0.501961
v -0.125000 2.567871 0.588379 0.501961 0.501961 0.501961 #0.501961
v 0.205811 2.539063 0.478271 0.501961 0.501961 0.501961 #0.501961
v -0.395752 2.270020 0.395264 0.501961 0.501961 0.501961 #0.501961
v -0.395752 2.270020 0.395264 0.501961 0.501961 0.501961 #0.501961
v 0.177490 2.219727 0.204590 0.501961 0.501961 0.501961 #0.501961
v -0.522705 1.841553 0.316650 0.501961 0.501961 0.501961 #0.501961
v 0.405029 0.999268 0.587158 0.501961 0.501961 0.501961 #0.501961
v 0.675049 1.297363 0.369141 0.501961 0.501961 0.501961 #0.501961
v 0.573486 1.006104 0.851318 0.501961 0.501961 0.501961 #0.501961
v -0.257080 1.057129 0.588379 0.501961 0.501961 0.501961 #0.501961
v -0.420654 1.093262 0.853271 0.501961 0.501961 0.501961 #0.501961
v -0.471924 1.397705 0.371094 0.501961 0.501961 0.501961 #0.501961
v -0.471924 1.397705 0.371094 0.501961 0.501961 0.501961 #0.501961
v -0.522705 1.841553 0.316650 0.501961 0.501961 0.501961 #0.501961
v 0.101074 1.347412 0.204590 0.501961 0.501961 0.501961 #0.501961
v 0.798828 1.715088 0.315430 0.501961 0.501961 0.501961 #0.501961
v 1.077393 1.701660 0.850586 0.501961 0.501961 0.501961 #0.501961
v 0.675049 1.297363 0.369141 0.501961 0.501961 0.501961 #0.501961
v 0.000000 0.000000 0.000000 0.000000 0.000000 0.000000 #0.000000
v 0.000000 0.000000 0.000000 0.000000 0.000000 0.000000 #0.000000
v 0.000000 0.000000 0.000000 0.000000 0.000000 0.000000 #0.000000
v 0.000000 0.000000 0.000000 0.000000 0.000000 0.000000 #0.000000
v 0.000000 0.000000 0.000000 0.000000 0.000000 0.000000 #0.000000
v 0.000000 0.000000 0.000000 0.000000 0.000000 0.000000 #0.000000
vt 0.291992 0.888184 0.000000
vt 0.211182 0.865234 0.000000
vt 0.330078 0.662109 0.000000
vt 0.330078 0.662109 0.000000
vt 0.211182 0.865234 0.000000
vt 0.114014 0.662109 0.000000
vt 0.085693 0.842285 0.000000
vt 0.019531 0.662109 0.000000
vt 0.146729 0.853271 0.000000
vt 0.052979 0.022461 0.000000
vt 0.134277 0.370117 0.000000
vt 0.019287 0.370117 0.000000
vt 0.211182 0.865234 0.000000
vt 0.279297 0.983154 0.000000
vt 0.205811 0.983154 0.000000
vt 0.134277 0.370117 0.000000
vt 0.330078 0.662109 0.000000
vt 0.114014 0.662109 0.000000
vt 0.134277 0.370117 0.000000
vt 0.052979 0.022461 0.000000
vt 0.330078 0.156494 0.000000
vt 0.407471 0.888184 0.000000
vt 0.500000 0.983154 0.000000
vt 0.420410 0.983154 0.000000
vt 0.291992 0.888184 0.000000
vt 0.330078 0.662109 0.000000
vt 0.407471 0.888184 0.000000
vt 0.407471 0.888184 0.000000
vt 0.330078 0.662109 0.000000
vt 0.488281 0.662109 0.000000
vt 0.019287 0.370117 0.000000
vt 0.134277 0.370117 0.000000
vt 0.019531 0.662109 0.000000
vt 0.019531 0.662109 0.000000
vt 0.146729 0.853271 0.000000
vt 0.114014 0.662109 0.000000
vt 0.085693 0.842285 0.000000
vt 0.144775 0.983154 0.000000
vt 0.083984 0.983154 0.000000
vt 0.146729 0.853271 0.000000
vt 0.205811 0.983154 0.000000
vt 0.144775 0.983154 0.000000
vt 0.330078 0.662109 0.000000
vt 0.211182 0.865234 0.000000
vt 0.291992 0.888184 0.000000
vt 0.114014 0.662109 0.000000
vt 0.211182 0.865234 0.000000
vt 0.330078 0.662109 0.000000
vt 0.019531 0.662109 0.000000
vt 0.134277 0.370117 0.000000
vt 0.019287 0.370117 0.000000
vt 0.019287 0.370117 0.000000
vt 0.134277 0.370117 0.000000
vt 0.052979 0.022461 0.000000
vt 0.114014 0.662109 0.000000
vt 0.330078 0.662109 0.000000
vt 0.134277 0.370117 0.000000
vt 0.134277 0.370117 0.000000
vt 0.428467 0.156494 0.000000
vt 0.330078 0.156494 0.000000
vt 0.019531 0.662109 0.000000
vt 0.114014 0.662109 0.000000
vt 0.146729 0.853271 0.000000
vt 0.330078 0.156494 0.000000
vt 0.052979 0.022461 0.000000
vt 0.134277 0.370117 0.000000
vt 0.407471 0.888184 0.000000
vt 0.330078 0.662109 0.000000
vt 0.291992 0.888184 0.000000
vt 0.488281 0.662109 0.000000
vt 0.330078 0.662109 0.000000
vt 0.407471 0.888184 0.000000
vt 0.114014 0.662109 0.000000
vt 0.146729 0.853271 0.000000
vt 0.211182 0.865234 0.000000
vt 0.428467 0.370117 0.000000
vt 0.134277 0.370117 0.000000
vt 0.428467 0.156494 0.000000
vt 0.134277 0.370117 0.000000
vt 0.428467 0.370117 0.000000
vt 0.330078 0.662109 0.000000
vt 0.146729 0.853271 0.000000
vt 0.085693 0.842285 0.000000
vt 0.144775 0.983154 0.000000
vt 0.420410 0.983154 0.000000
vt 0.500000 0.983154 0.000000
vt 0.407471 0.888184 0.000000
vt 0.114014 0.662109 0.000000
vt 0.019531 0.662109 0.000000
vt 0.134277 0.370117 0.000000
vt 0.291992 0.888184 0.000000
vt 0.279297 0.983154 0.000000
vt 0.211182 0.865234 0.000000
vt 0.330078 0.662109 0.000000
vt 0.428467 0.370117 0.000000
vt 0.488281 0.662109 0.000000
vt 0.330078 0.156494 0.000000
vt 0.428467 0.156494 0.000000
vt 0.134277 0.370117 0.000000
vt 0.488281 0.662109 0.000000
vt 0.500000 0.983154 0.000000
vt 0.407471 0.888184 0.000000
vt 0.085693 0.842285 0.000000
vt 0.146729 0.853271 0.000000
vt 0.019531 0.662109 0.000000
vt 0.211182 0.865234 0.000000
vt 0.146729 0.853271 0.000000
vt 0.114014 0.662109 0.000000
vt 0.146729 0.853271 0.000000
vt 0.144775 0.983154 0.000000
vt 0.085693 0.842285 0.000000
vt 0.211182 0.865234 0.000000
vt 0.205811 0.983154 0.000000
vt 0.146729 0.853271 0.000000
vt 0.205811 0.983154 0.000000
vt 0.146729 0.853271 0.000000
vt 0.144775 0.983154 0.000000
vt 0.114014 0.662109 0.000000
vt 0.134277 0.370117 0.000000
vt 0.019531 0.662109 0.000000
vt 0.205811 0.983154 0.000000
vt 0.279297 0.983154 0.000000
vt 0.211182 0.865234 0.000000
vt 0.488281 0.662109 0.000000
vt 0.428467 0.370117 0.000000
vt 0.330078 0.662109 0.000000
vt 0.428467 0.370117 0.000000
vt 0.134277 0.370117 0.000000
vt 0.330078 0.662109 0.000000
vt 0.428467 0.370117 0.000000
vt 0.428467 0.156494 0.000000
vt 0.134277 0.370117 0.000000
vt 0.488281 0.662109 0.000000
vt 0.407471 0.888184 0.000000
vt 0.500000 0.983154 0.000000
vt 0.291992 0.888184 0.000000
vt 0.211182 0.865234 0.000000
vt 0.279297 0.983154 0.000000
vt 0.211182 0.865234 0.000000
vt 0.146729 0.853271 0.000000
vt 0.205811 0.983154 0.000000
vt 0.083984 0.983154 0.000000
vt 0.144775 0.983154 0.000000
vt 0.085693 0.842285 0.000000
vt 0.171875 0.243408 0.000000
vt 0.256348 0.243408 0.000000
vt 0.183105 0.323242 0.000000
vt 0.256348 0.098145 0.000000
vt 0.298584 0.117676 0.000000
vt 0.310059 0.106201 0.000000
vt 0.298584 0.117676 0.000000
vt 0.367676 0.084229 0.000000
vt 0.329590 0.170654 0.000000
vt 0.256348 0.098145 0.000000
vt 0.310059 0.106201 0.000000
vt 0.298584 0.117676 0.000000
vt 0.183105 0.170654 0.000000
vt 0.256348 0.170654 0.000000
vt 0.171875 0.243408 0.000000
vt 0.256348 0.098145 0.000000
vt 0.256348 0.117676 0.000000
vt 0.298584 0.117676 0.000000
vt 0.358398 0.243408 0.000000
vt 0.359375 0.288330 0.000000
vt 0.344727 0.323242 0.000000
vt 0.329590 0.170654 0.000000
vt 0.358398 0.243408 0.000000
vt 0.340820 0.243408 0.000000
vt 0.329590 0.170654 0.000000
vt 0.367676 0.084229 0.000000
vt 0.359863 0.170654 0.000000
vt 0.298584 0.117676 0.000000
vt 0.367676 0.084229 0.000000
vt 0.310059 0.106201 0.000000
vt 0.367676 0.084229 0.000000
vt 0.298584 0.117676 0.000000
vt 0.310059 0.106201 0.000000
vt 0.256348 0.243408 0.000000
vt 0.329590 0.323242 0.000000
vt 0.256348 0.323242 0.000000
vt 0.256348 0.170654 0.000000
vt 0.340820 0.243408 0.000000
vt 0.256348 0.243408 0.000000
vt 0.359375 0.288330 0.000000
vt 0.358398 0.243408 0.000000
vt 0.375732 0.243408 0.000000
vt 0.344727 0.323242 0.000000
vt 0.359375 0.288330 0.000000
vt 0.359863 0.323242 0.000000
vt 0.256348 0.117676 0.000000
vt 0.329590 0.170654 0.000000
vt 0.256348 0.170654 0.000000
vt 0.256348 0.098145 0.000000
vt 0.298584 0.117676 0.000000
vt 0.256348 0.117676 0.000000
vt 0.171875 0.243408 0.000000
vt 0.167969 0.323242 0.000000
vt 0.154297 0.243408 0.000000
vt 0.202637 0.106201 0.000000
vt 0.214111 0.117676 0.000000
vt 0.256348 0.098145 0.000000
vt 0.183105 0.170654 0.000000
vt 0.145020 0.084229 0.000000
vt 0.214111 0.117676 0.000000
vt 0.214111 0.117676 0.000000
vt 0.202637 0.106201 0.000000
vt 0.256348 0.098145 0.000000
vt 0.256348 0.323242 0.000000
vt 0.183105 0.323242 0.000000
vt 0.256348 0.243408 0.000000
vt 0.214111 0.117676 0.000000
vt 0.256348 0.117676 0.000000
vt 0.256348 0.098145 0.000000
vt 0.167969 0.323242 0.000000
vt 0.153320 0.288330 0.000000
vt 0.154297 0.243408 0.000000
vt 0.152832 0.170654 0.000000
vt 0.145020 0.084229 0.000000
vt 0.183105 0.170654 0.000000
vt 0.202637 0.106201 0.000000
vt 0.145020 0.084229 0.000000
vt 0.214111 0.117676 0.000000
vt 0.202637 0.106201 0.000000
vt 0.214111 0.117676 0.000000
vt 0.145020 0.084229 0.000000
vt 0.136719 0.243408 0.000000
vt 0.152832 0.170654 0.000000
vt 0.154297 0.243408 0.000000
vt 0.329590 0.170654 0.000000
vt 0.359863 0.170654 0.000000
vt 0.358398 0.243408 0.000000
vt 0.136719 0.243408 0.000000
vt 0.154297 0.243408 0.000000
vt 0.153320 0.288330 0.000000
vt 0.152832 0.323242 0.000000
vt 0.153320 0.288330 0.000000
vt 0.167969 0.323242 0.000000
vt 0.329590 0.323242 0.000000
vt 0.340820 0.243408 0.000000
vt 0.344727 0.323242 0.000000
vt 0.256348 0.170654 0.000000
vt 0.183105 0.170654 0.000000
vt 0.256348 0.117676 0.000000
vt 0.256348 0.117676 0.000000
vt 0.214111 0.117676 0.000000
vt 0.256348 0.098145 0.000000
vt 0.344727 0.323242 0.000000
vt 0.340820 0.243408 0.000000
vt 0.358398 0.243408 0.000000
vt 0.214111 0.117676 0.000000
vt 0.256348 0.117676 0.000000
vt 0.183105 0.170654 0.000000
vt 0.183105 0.170654 0.000000
vt 0.154297 0.243408 0.000000
vt 0.152832 0.170654 0.000000
vt 0.375732 0.243408 0.000000
vt 0.358398 0.243408 0.000000
vt 0.359863 0.170654 0.000000
vt 0.340820 0.243408 0.000000
vt 0.329590 0.323242 0.000000
vt 0.256348 0.243408 0.000000
vt 0.329590 0.170654 0.000000
vt 0.340820 0.243408 0.000000
vt 0.256348 0.170654 0.000000
vt 0.298584 0.117676 0.000000
vt 0.329590 0.170654 0.000000
vt 0.256348 0.117676 0.000000
vt 0.183105 0.323242 0.000000
vt 0.167969 0.323242 0.000000
vt 0.171875 0.243408 0.000000
vt 0.154297 0.243408 0.000000
vt 0.183105 0.170654 0.000000
vt 0.171875 0.243408 0.000000
vt 0.256348 0.243408 0.000000
vt 0.171875 0.243408 0.000000
vt 0.256348 0.170654 0.000000
vt 0.249512 0.549072 0.000000
vt 0.241455 0.580078 0.000000
vt 0.241455 0.495117 0.000000
vt 0.249512 0.549072 0.000000
vt 0.271484 0.507080 0.000000
vt 0.263916 0.549072 0.000000
vt 0.241455 0.580078 0.000000
vt 0.249512 0.549072 0.000000
vt 0.249512 0.577637 0.000000
vt 0.262695 0.554199 0.000000
vt 0.250000 0.554199 0.000000
vt 0.249512 0.549072 0.000000
vt 0.262695 0.575195 0.000000
vt 0.263916 0.549072 0.000000
vt 0.263916 0.573242 0.000000
vt 0.263916 0.549072 0.000000
vt 0.262695 0.554199 0.000000
vt 0.249512 0.549072 0.000000
vt 0.249512 0.577637 0.000000
vt 0.250000 0.554199 0.000000
vt 0.250977 0.579834 0.000000
vt 0.250977 0.579834 0.000000
vt 0.262695 0.554199 0.000000
vt 0.262695 0.575195 0.000000
vt 0.271484 0.568359 0.000000
vt 0.263916 0.573242 0.000000
vt 0.263916 0.549072 0.000000
vt 0.277832 0.549072 0.000000
vt 0.271484 0.568359 0.000000
vt 0.263916 0.549072 0.000000
vt 0.277832 0.549072 0.000000
vt 0.263916 0.549072 0.000000
vt 0.283936 0.535645 0.000000
vt 0.283936 0.535645 0.000000
vt 0.263916 0.549072 0.000000
vt 0.277832 0.521240 0.000000
vt 0.277832 0.521240 0.000000
vt 0.263916 0.549072 0.000000
vt 0.271484 0.507080 0.000000
vt 0.271484 0.507080 0.000000
vt 0.249512 0.549072 0.000000
vt 0.241455 0.495117 0.000000
vt 0.241455 0.495117 0.000000
vt 0.241455 0.580078 0.000000
vt 0.233398 0.549072 0.000000
vt 0.218994 0.549072 0.000000
vt 0.211426 0.507080 0.000000
vt 0.233398 0.549072 0.000000
vt 0.233398 0.577637 0.000000
vt 0.233398 0.549072 0.000000
vt 0.241455 0.580078 0.000000
vt 0.233398 0.549072 0.000000
vt 0.232910 0.554199 0.000000
vt 0.220215 0.554199 0.000000
vt 0.218994 0.573242 0.000000
vt 0.220215 0.554199 0.000000
vt 0.220215 0.575195 0.000000
vt 0.233398 0.549072 0.000000
vt 0.220215 0.554199 0.000000
vt 0.218994 0.549072 0.000000
vt 0.232178 0.579834 0.000000
vt 0.233398 0.549072 0.000000
vt 0.233398 0.577637 0.000000
vt 0.220215 0.575195 0.000000
vt 0.232910 0.554199 0.000000
vt 0.232178 0.579834 0.000000
vt 0.218994 0.549072 0.000000
vt 0.218994 0.573242 0.000000
vt 0.211426 0.568359 0.000000
vt 0.218994 0.549072 0.000000
vt 0.211426 0.568359 0.000000
vt 0.205322 0.549072 0.000000
vt 0.198975 0.535645 0.000000
vt 0.218994 0.549072 0.000000
vt 0.205322 0.549072 0.000000
vt 0.205322 0.521240 0.000000
vt 0.218994 0.549072 0.000000
vt 0.198975 0.535645 0.000000
vt 0.211426 0.507080 0.000000
vt 0.218994 0.549072 0.000000
vt 0.205322 0.521240 0.000000
vt 0.241455 0.495117 0.000000
vt 0.233398 0.549072 0.000000
vt 0.211426 0.507080 0.000000
vt 0.262695 0.554199 0.000000
vt 0.263916 0.549072 0.000000
vt 0.262695 0.575195 0.000000
vt 0.249512 0.549072 0.000000
vt 0.250000 0.554199 0.000000
vt 0.249512 0.577637 0.000000
vt 0.250000 0.554199 0.000000
vt 0.262695 0.554199 0.000000
vt 0.250977 0.579834 0.000000
vt 0.218994 0.549072 0.000000
vt 0.220215 0.554199 0.000000
vt 0.218994 0.573242 0.000000
vt 0.232910 0.554199 0.000000
vt 0.233398 0.549072 0.000000
vt 0.232178 0.579834 0.000000
vt 0.220215 0.554199 0.000000
vt 0.232910 0.554199 0.000000
vt 0.220215 0.575195 0.000000
vt 0.348145 0.247559 0.000000
vt 0.280518 0.322510 0.000000
vt 0.305664 0.327393 0.000000
vt 0.233887 0.247559 0.000000
vt 0.314697 0.247559 0.000000
vt 0.233887 0.322510 0.000000
vt 0.233887 0.322510 0.000000
vt 0.280518 0.322510 0.000000
vt 0.233887 0.349854 0.000000
vt 0.365723 0.145508 0.000000
vt 0.314697 0.247559 0.000000
vt 0.348145 0.247559 0.000000
vt 0.327148 0.145508 0.000000
vt 0.365723 0.145508 0.000000
vt 0.314697 0.247559 0.000000
vt 0.280518 0.322510 0.000000
vt 0.305664 0.327393 0.000000
vt 0.233887 0.349854 0.000000
vt 0.305664 0.327393 0.000000
vt 0.280518 0.322510 0.000000
vt 0.348145 0.247559 0.000000
vt 0.280518 0.322510 0.000000
vt 0.233887 0.349854 0.000000
vt 0.305664 0.327393 0.000000
vt 0.233887 0.145508 0.000000
vt 0.327148 0.145508 0.000000
vt 0.233887 0.247559 0.000000
vt 0.274170 0.247559 0.000000
vt 0.233887 0.322510 0.000000
vt 0.314697 0.247559 0.000000
vt 0.314697 0.247559 0.000000
vt 0.233887 0.322510 0.000000
vt 0.280518 0.322510 0.000000
vt 0.280518 0.322510 0.000000
vt 0.233887 0.322510 0.000000
vt 0.233887 0.349854 0.000000
vt 0.164063 0.145508 0.000000
vt 0.193359 0.247559 0.000000
vt 0.198730 0.145508 0.000000
vt 0.233887 0.247559 0.000000
vt 0.268799 0.145508 0.000000
vt 0.233887 0.145508 0.000000
vt 0.233887 0.322510 0.000000
vt 0.274170 0.247559 0.000000
vt 0.233887 0.247559 0.000000
vt 0.314697 0.247559 0.000000
vt 0.365723 0.145508 0.000000
vt 0.327148 0.145508 0.000000
vt 0.280518 0.322510 0.000000
vt 0.348145 0.247559 0.000000
vt 0.314697 0.247559 0.000000
vt 0.348145 0.247559 0.000000
vt 0.280518 0.322510 0.000000
vt 0.314697 0.247559 0.000000
vt 0.233887 0.322510 0.000000
vt 0.314697 0.247559 0.000000
vt 0.280518 0.322510 0.000000
vt 0.314697 0.247559 0.000000
vt 0.365723 0.145508 0.000000
vt 0.348145 0.247559 0.000000
vt 0.233887 0.247559 0.000000
vt 0.327148 0.145508 0.000000
vt 0.314697 0.247559 0.000000
vt 0.233887 0.247559 0.000000
vt 0.198730 0.145508 0.000000
vt 0.193359 0.247559 0.000000
vt 0.193359 0.247559 0.000000
vt 0.164063 0.145508 0.000000
vt 0.152832 0.247559 0.000000
vt 0.152832 0.247559 0.000000
vt 0.164063 0.145508 0.000000
vt 0.140381 0.145508 0.000000
vt 0.268799 0.145508 0.000000
vt 0.303467 0.145508 0.000000
vt 0.267090 0.085938 0.000000
vt 0.274170 0.247559 0.000000
vt 0.268799 0.145508 0.000000
vt 0.233887 0.247559 0.000000
vt 0.327148 0.145508 0.000000
vt 0.303467 0.145508 0.000000
vt 0.314697 0.247559 0.000000
vt 0.268799 0.145508 0.000000
vt 0.274170 0.247559 0.000000
vt 0.303467 0.145508 0.000000
vt 0.314697 0.247559 0.000000
vt 0.303467 0.145508 0.000000
vt 0.274170 0.247559 0.000000
vt 0.161865 0.327393 0.000000
vt 0.187012 0.322510 0.000000
vt 0.119385 0.247559 0.000000
vt 0.233887 0.322510 0.000000
vt 0.152832 0.247559 0.000000
vt 0.233887 0.247559 0.000000
vt 0.233887 0.349854 0.000000
vt 0.187012 0.322510 0.000000
vt 0.233887 0.322510 0.000000
vt 0.119385 0.247559 0.000000
vt 0.152832 0.247559 0.000000
vt 0.101807 0.145508 0.000000
vt 0.152832 0.247559 0.000000
vt 0.101807 0.145508 0.000000
vt 0.140381 0.145508 0.000000
vt 0.233887 0.349854 0.000000
vt 0.161865 0.327393 0.000000
vt 0.187012 0.322510 0.000000
vt 0.119385 0.247559 0.000000
vt 0.187012 0.322510 0.000000
vt 0.161865 0.327393 0.000000
vt 0.161865 0.327393 0.000000
vt 0.233887 0.349854 0.000000
vt 0.187012 0.322510 0.000000
vt 0.233887 0.247559 0.000000
vt 0.140381 0.145508 0.000000
vt 0.233887 0.145508 0.000000
vt 0.152832 0.247559 0.000000
vt 0.233887 0.322510 0.000000
vt 0.193359 0.247559 0.000000
vt 0.187012 0.322510 0.000000
vt 0.233887 0.322510 0.000000
vt 0.152832 0.247559 0.000000
vt 0.233887 0.349854 0.000000
vt 0.233887 0.322510 0.000000
vt 0.187012 0.322510 0.000000
vt 0.164063 0.145508 0.000000
vt 0.200439 0.085938 0.000000
vt 0.165039 0.085938 0.000000
vt 0.233887 0.145508 0.000000
vt 0.198730 0.145508 0.000000
vt 0.233887 0.247559 0.000000
vt 0.233887 0.247559 0.000000
vt 0.193359 0.247559 0.000000
vt 0.233887 0.322510 0.000000
vt 0.140381 0.145508 0.000000
vt 0.101807 0.145508 0.000000
vt 0.152832 0.247559 0.000000
vt 0.152832 0.247559 0.000000
vt 0.119385 0.247559 0.000000
vt 0.187012 0.322510 0.000000
vt 0.152832 0.247559 0.000000
vt 0.187012 0.322510 0.000000
vt 0.119385 0.247559 0.000000
vt 0.187012 0.322510 0.000000
vt 0.152832 0.247559 0.000000
vt 0.233887 0.322510 0.000000
vt 0.119385 0.247559 0.000000
vt 0.101807 0.145508 0.000000
vt 0.152832 0.247559 0.000000
vt 0.152832 0.247559 0.000000
vt 0.140381 0.145508 0.000000
vt 0.233887 0.247559 0.000000
vt 0.302490 0.085938 0.000000
vt 0.267090 0.085938 0.000000
vt 0.303467 0.145508 0.000000
vt 0.198730 0.145508 0.000000
vt 0.200439 0.085938 0.000000
vt 0.164063 0.145508 0.000000
vt 0.237549 0.487061 0.000000
vt 0.264893 0.563477 0.000000
vt 0.271484 0.500000 0.000000
vt 0.262939 0.574707 0.000000
vt 0.263916 0.565918 0.000000
vt 0.262451 0.578125 0.000000
vt 0.249756 0.582520 0.000000
vt 0.248291 0.570557 0.000000
vt 0.250244 0.579834 0.000000
vt 0.264893 0.563477 0.000000
vt 0.248047 0.572998 0.000000
vt 0.263916 0.565918 0.000000
vt 0.262451 0.578125 0.000000
vt 0.248047 0.572998 0.000000
vt 0.249756 0.582520 0.000000
vt 0.285400 0.531982 0.000000
vt 0.262939 0.574707 0.000000
vt 0.271484 0.568604 0.000000
vt 0.264893 0.563477 0.000000
vt 0.285400 0.531982 0.000000
vt 0.271484 0.500000 0.000000
vt 0.250244 0.579834 0.000000
vt 0.237549 0.570557 0.000000
vt 0.237549 0.581787 0.000000
vt 0.237549 0.570557 0.000000
vt 0.248291 0.570557 0.000000
vt 0.237549 0.487061 0.000000
vt 0.203857 0.500000 0.000000
vt 0.227051 0.570557 0.000000
vt 0.237549 0.487061 0.000000
vt 0.212646 0.578125 0.000000
vt 0.210449 0.563477 0.000000
vt 0.212402 0.574707 0.000000
vt 0.225098 0.579834 0.000000
vt 0.227295 0.572998 0.000000
vt 0.225586 0.582520 0.000000
vt 0.211426 0.565918 0.000000
vt 0.227051 0.570557 0.000000
vt 0.210449 0.563477 0.000000
vt 0.225586 0.582520 0.000000
vt 0.211426 0.565918 0.000000
vt 0.212646 0.578125 0.000000
vt 0.203857 0.568604 0.000000
vt 0.210449 0.563477 0.000000
vt 0.189941 0.531982 0.000000
vt 0.203857 0.500000 0.000000
vt 0.189941 0.531982 0.000000
vt 0.210449 0.563477 0.000000
vt 0.237549 0.581787 0.000000
vt 0.227051 0.570557 0.000000
vt 0.225098 0.579834 0.000000
vt 0.237549 0.487061 0.000000
vt 0.227051 0.570557 0.000000
vt 0.237549 0.570557 0.000000
vt 0.248291 0.570557 0.000000
vt 0.264893 0.563477 0.000000
vt 0.237549 0.487061 0.000000
vt 0.264893 0.563477 0.000000
vt 0.263916 0.565918 0.000000
vt 0.262939 0.574707 0.000000
vt 0.248047 0.572998 0.000000
vt 0.248291 0.570557 0.000000
vt 0.249756 0.582520 0.000000
vt 0.248291 0.570557 0.000000
vt 0.248047 0.572998 0.000000
vt 0.264893 0.563477 0.000000
vt 0.263916 0.565918 0.000000
vt 0.248047 0.572998 0.000000
vt 0.262451 0.578125 0.000000
vt 0.264893 0.563477 0.000000
vt 0.262939 0.574707 0.000000
vt 0.285400 0.531982 0.000000
vt 0.248291 0.570557 0.000000
vt 0.237549 0.570557 0.000000
vt 0.250244 0.579834 0.000000
vt 0.210449 0.563477 0.000000
vt 0.227051 0.570557 0.000000
vt 0.203857 0.500000 0.000000
vt 0.211426 0.565918 0.000000
vt 0.210449 0.563477 0.000000
vt 0.212646 0.578125 0.000000
vt 0.227051 0.570557 0.000000
vt 0.227295 0.572998 0.000000
vt 0.225098 0.579834 0.000000
vt 0.227295 0.572998 0.000000
vt 0.227051 0.570557 0.000000
vt 0.211426 0.565918 0.000000
vt 0.227295 0.572998 0.000000
vt 0.211426 0.565918 0.000000
vt 0.225586 0.582520 0.000000
vt 0.212402 0.574707 0.000000
vt 0.210449 0.563477 0.000000
vt 0.203857 0.568604 0.000000
vt 0.237549 0.570557 0.000000
vt 0.227051 0.570557 0.000000
vt 0.237549 0.581787 0.000000
vt 0.508057 0.969727 0.000000
vt 0.753418 0.949463 0.000000
vt 0.684326 0.949463 0.000000
vt 0.989990 0.538574 0.000000
vt 0.806641 0.732666 0.000000
vt 0.926758 0.732666 0.000000
vt 0.926758 0.330322 0.000000
vt 0.989990 0.538574 0.000000
vt 0.866699 0.330322 0.000000
vt 0.866211 0.225586 0.000000
vt 0.866699 0.330322 0.000000
vt 0.926758 0.330322 0.000000
vt 0.508057 0.107666 0.000000
vt 0.718750 0.159668 0.000000
vt 0.753418 0.157471 0.000000
vt 0.508057 0.969727 0.000000
vt 0.684326 0.949463 0.000000
vt 0.508057 0.949463 0.000000
vt 0.806641 0.732666 0.000000
vt 0.508057 0.949463 0.000000
vt 0.684326 0.949463 0.000000
vt 0.806641 0.330322 0.000000
vt 0.508057 0.538574 0.000000
vt 0.851563 0.538574 0.000000
vt 0.684326 0.163574 0.000000
vt 0.508057 0.330322 0.000000
vt 0.806641 0.330322 0.000000
vt 0.508057 0.107666 0.000000
vt 0.508057 0.163574 0.000000
vt 0.684326 0.163574 0.000000
vt 0.866699 0.330322 0.000000
vt 0.684326 0.163574 0.000000
vt 0.806641 0.330322 0.000000
vt 0.718750 0.159668 0.000000
vt 0.786621 0.179443 0.000000
vt 0.753418 0.157471 0.000000
vt 0.838379 0.212646 0.000000
vt 0.718750 0.159668 0.000000
vt 0.866699 0.330322 0.000000
vt 0.851563 0.538574 0.000000
vt 0.989990 0.538574 0.000000
vt 0.806641 0.732666 0.000000
vt 0.926758 0.330322 0.000000
vt 0.866699 0.330322 0.000000
vt 0.989990 0.538574 0.000000
vt 0.684326 0.949463 0.000000
vt 0.753418 0.949463 0.000000
vt 0.508057 0.969727 0.000000
vt 0.508057 0.330322 0.000000
vt 0.806641 0.330322 0.000000
vt 0.508057 0.538574 0.000000
vt 0.851563 0.538574 0.000000
vt 0.866699 0.330322 0.000000
vt 0.989990 0.538574 0.000000
vt 0.508057 0.732666 0.000000
vt 0.806641 0.732666 0.000000
vt 0.508057 0.949463 0.000000
vt 0.926758 0.330322 0.000000
vt 0.838379 0.212646 0.000000
vt 0.866211 0.225586 0.000000
vt 0.753418 0.157471 0.000000
vt 0.718750 0.159668 0.000000
vt 0.508057 0.107666 0.000000
vt 0.508057 0.949463 0.000000
vt 0.684326 0.949463 0.000000
vt 0.508057 0.969727 0.000000
vt 0.806641 0.330322 0.000000
vt 0.851563 0.538574 0.000000
vt 0.866699 0.330322 0.000000
vt 0.684326 0.163574 0.000000
vt 0.508057 0.163574 0.000000
vt 0.508057 0.107666 0.000000
vt 0.806641 0.330322 0.000000
vt 0.718750 0.159668 0.000000
vt 0.866699 0.330322 0.000000
vt 0.753418 0.157471 0.000000
vt 0.786621 0.179443 0.000000
vt 0.718750 0.159668 0.000000
vt 0.866699 0.330322 0.000000
vt 0.786621 0.179443 0.000000
vt 0.838379 0.212646 0.000000
vt 0.508057 0.732666 0.000000
vt 0.508057 0.538574 0.000000
vt 0.806641 0.732666 0.000000
vt 0.508057 0.732666 0.000000
vt 0.806641 0.732666 0.000000
vt 0.508057 0.538574 0.000000
vt 0.851563 0.538574 0.000000
vt 0.806641 0.732666 0.000000
vt 0.989990 0.538574 0.000000
vt 0.508057 0.330322 0.000000
vt 0.684326 0.163574 0.000000
vt 0.806641 0.330322 0.000000
vt 0.989990 0.538574 0.000000
vt 0.866699 0.330322 0.000000
vt 0.851563 0.538574 0.000000
vt 0.838379 0.212646 0.000000
vt 0.866699 0.330322 0.000000
vt 0.866211 0.225586 0.000000
vt 0.684326 0.163574 0.000000
vt 0.718750 0.159668 0.000000
vt 0.508057 0.107666 0.000000
vt 0.508057 0.732666 0.000000
vt 0.508057 0.949463 0.000000
vt 0.806641 0.732666 0.000000
vt 0.508057 0.330322 0.000000
vt 0.508057 0.538574 0.000000
vt 0.806641 0.330322 0.000000
vt 0.508057 0.163574 0.000000
vt 0.508057 0.330322 0.000000
vt 0.684326 0.163574 0.000000
vt 0.718750 0.159668 0.000000
vt 0.684326 0.163574 0.000000
vt 0.866699 0.330322 0.000000
vt 0.786621 0.179443 0.000000
vt 0.718750 0.159668 0.000000
vt 0.838379 0.212646 0.000000
vt 0.851563 0.538574 0.000000
vt 0.508057 0.538574 0.000000
vt 0.806641 0.732666 0.000000
vt 0.508057 0.163574 0.000000
vt 0.684326 0.163574 0.000000
vt 0.508057 0.330322 0.000000
vt 0.508057 0.949463 0.000000
vt 0.806641 0.732666 0.000000
vt 0.684326 0.949463 0.000000
vt 0.753418 0.949463 0.000000
vt 0.806641 0.732666 0.000000
vt 0.684326 0.949463 0.000000
vt 0.806641 0.732666 0.000000
vt 0.989990 0.538574 0.000000
vt 0.926758 0.732666 0.000000
vt 0.866699 0.330322 0.000000
vt 0.838379 0.212646 0.000000
vt 0.926758 0.330322 0.000000
vt 0.684326 0.163574 0.000000
vt 0.508057 0.107666 0.000000
vt 0.718750 0.159668 0.000000
vt 0.684326 0.949463 0.000000
vt 0.806641 0.732666 0.000000
vt 0.753418 0.949463 0.000000
vt 0.806641 0.330322 0.000000
vt 0.866699 0.330322 0.000000
vt 0.851563 0.538574 0.000000
vt 0.851563 0.538574 0.000000
vt 0.508057 0.538574 0.000000
vt 0.806641 0.330322 0.000000
vt 0.718750 0.159668 0.000000
vt 0.806641 0.330322 0.000000
vt 0.684326 0.163574 0.000000
vt 0.718750 0.159668 0.000000
vt 0.786621 0.179443 0.000000
vt 0.866699 0.330322 0.000000
vt 0.806641 0.732666 0.000000
vt 0.508057 0.538574 0.000000
vt 0.851563 0.538574 0.000000
vt 0.926758 0.732666 0.000000
vt 0.753418 0.949463 0.000000
vt 0.806641 0.732666 0.000000
vt 0.926758 0.732666 0.000000
vt 0.806641 0.732666 0.000000
vt 0.753418 0.949463 0.000000
vt 0.777344 0.306396 0.000000
vt 0.720215 0.271484 0.000000
vt 0.777344 0.271484 0.000000
vt 0.817871 0.332031 0.000000
vt 0.826904 0.306396 0.000000
vt 0.847412 0.306396 0.000000
vt 0.837158 0.236572 0.000000
vt 0.837158 0.221191 0.000000
vt 0.847412 0.236572 0.000000
vt 0.840088 0.147705 0.000000
vt 0.823486 0.213623 0.000000
vt 0.817871 0.209961 0.000000
vt 0.817871 0.209961 0.000000
vt 0.823486 0.213623 0.000000
vt 0.812012 0.210205 0.000000
vt 0.853760 0.117188 0.000000
vt 0.861816 0.123535 0.000000
vt 0.882324 0.115234 0.000000
vt 0.840088 0.147705 0.000000
vt 0.861816 0.123535 0.000000
vt 0.853760 0.117188 0.000000
vt 0.823486 0.213623 0.000000
vt 0.837158 0.236572 0.000000
vt 0.812012 0.210205 0.000000
vt 0.861816 0.123535 0.000000
vt 0.853760 0.117188 0.000000
vt 0.882324 0.115234 0.000000
vt 0.832275 0.219238 0.000000
vt 0.848877 0.154053 0.000000
vt 0.823486 0.213623 0.000000
vt 0.832275 0.219238 0.000000
vt 0.875244 0.165039 0.000000
vt 0.837158 0.221191 0.000000
vt 0.890381 0.135742 0.000000
vt 0.878174 0.130371 0.000000
vt 0.882324 0.115234 0.000000
vt 0.861816 0.123535 0.000000
vt 0.878174 0.130371 0.000000
vt 0.882324 0.115234 0.000000
vt 0.823486 0.213623 0.000000
vt 0.863525 0.160156 0.000000
vt 0.832275 0.219238 0.000000
vt 0.878174 0.130371 0.000000
vt 0.861816 0.123535 0.000000
vt 0.882324 0.115234 0.000000
vt 0.837158 0.221191 0.000000
vt 0.863525 0.160156 0.000000
vt 0.832275 0.219238 0.000000
vt 0.878174 0.130371 0.000000
vt 0.890381 0.135742 0.000000
vt 0.882324 0.115234 0.000000
vt 0.863525 0.160156 0.000000
vt 0.861816 0.123535 0.000000
vt 0.878174 0.130371 0.000000
vt 0.848877 0.154053 0.000000
vt 0.853760 0.117188 0.000000
vt 0.861816 0.123535 0.000000
vt 0.848877 0.154053 0.000000
vt 0.817871 0.209961 0.000000
vt 0.823486 0.213623 0.000000
vt 0.848877 0.154053 0.000000
vt 0.878174 0.130371 0.000000
vt 0.861816 0.123535 0.000000
vt 0.863525 0.160156 0.000000
vt 0.890381 0.135742 0.000000
vt 0.878174 0.130371 0.000000
vt 0.875244 0.165039 0.000000
vt 0.878174 0.130371 0.000000
vt 0.890381 0.135742 0.000000
vt 0.777344 0.341309 0.000000
vt 0.777344 0.332031 0.000000
vt 0.805908 0.332031 0.000000
vt 0.777344 0.271484 0.000000
vt 0.720215 0.271484 0.000000
vt 0.777344 0.236572 0.000000
vt 0.777344 0.236572 0.000000
vt 0.834717 0.271484 0.000000
vt 0.777344 0.271484 0.000000
vt 0.777344 0.210938 0.000000
vt 0.826904 0.236572 0.000000
vt 0.777344 0.236572 0.000000
vt 0.777344 0.201416 0.000000
vt 0.805908 0.210938 0.000000
vt 0.777344 0.210938 0.000000
vt 0.777344 0.341309 0.000000
vt 0.805908 0.332031 0.000000
vt 0.817871 0.332031 0.000000
vt 0.777344 0.306396 0.000000
vt 0.826904 0.306396 0.000000
vt 0.777344 0.332031 0.000000
vt 0.777344 0.271484 0.000000
vt 0.834473 0.272217 0.000000
vt 0.777344 0.306396 0.000000
vt 0.805908 0.210938 0.000000
vt 0.837158 0.236572 0.000000
vt 0.826904 0.236572 0.000000
vt 0.777344 0.201416 0.000000
vt 0.812012 0.210205 0.000000
vt 0.805908 0.210938 0.000000
vt 0.707275 0.306396 0.000000
vt 0.696289 0.271484 0.000000
vt 0.727783 0.306396 0.000000
vt 0.696289 0.271484 0.000000
vt 0.717529 0.236572 0.000000
vt 0.720215 0.271484 0.000000
vt 0.717529 0.236572 0.000000
vt 0.742920 0.210205 0.000000
vt 0.727783 0.236572 0.000000
vt 0.707275 0.236572 0.000000
vt 0.722412 0.219238 0.000000
vt 0.717529 0.236572 0.000000
vt 0.736816 0.209961 0.000000
vt 0.705811 0.154053 0.000000
vt 0.714844 0.147705 0.000000
vt 0.742920 0.210205 0.000000
vt 0.731201 0.213623 0.000000
vt 0.736816 0.209961 0.000000
vt 0.672363 0.115234 0.000000
vt 0.692871 0.123535 0.000000
vt 0.700928 0.117188 0.000000
vt 0.700928 0.117188 0.000000
vt 0.705811 0.154053 0.000000
vt 0.714844 0.147705 0.000000
vt 0.742920 0.210205 0.000000
vt 0.722412 0.219238 0.000000
vt 0.731201 0.213623 0.000000
vt 0.672363 0.115234 0.000000
vt 0.700928 0.117188 0.000000
vt 0.692871 0.123535 0.000000
vt 0.731201 0.213623 0.000000
vt 0.691162 0.160156 0.000000
vt 0.722412 0.219238 0.000000
vt 0.717529 0.221191 0.000000
vt 0.691162 0.160156 0.000000
vt 0.722412 0.219238 0.000000
vt 0.672363 0.115234 0.000000
vt 0.676514 0.130371 0.000000
vt 0.664307 0.135742 0.000000
vt 0.672363 0.115234 0.000000
vt 0.676514 0.130371 0.000000
vt 0.692871 0.123535 0.000000
vt 0.722412 0.219238 0.000000
vt 0.705811 0.154053 0.000000
vt 0.731201 0.213623 0.000000
vt 0.672363 0.115234 0.000000
vt 0.692871 0.123535 0.000000
vt 0.676514 0.130371 0.000000
vt 0.722412 0.219238 0.000000
vt 0.679443 0.165039 0.000000
vt 0.717529 0.221191 0.000000
vt 0.672363 0.115234 0.000000
vt 0.664307 0.135742 0.000000
vt 0.676514 0.130371 0.000000
vt 0.676514 0.130371 0.000000
vt 0.705811 0.154053 0.000000
vt 0.691162 0.160156 0.000000
vt 0.692871 0.123535 0.000000
vt 0.714844 0.147705 0.000000
vt 0.705811 0.154053 0.000000
vt 0.731201 0.213623 0.000000
vt 0.714844 0.147705 0.000000
vt 0.705811 0.154053 0.000000
vt 0.692871 0.123535 0.000000
vt 0.691162 0.160156 0.000000
vt 0.705811 0.154053 0.000000
vt 0.676514 0.130371 0.000000
vt 0.679443 0.165039 0.000000
vt 0.691162 0.160156 0.000000
vt 0.664307 0.135742 0.000000
vt 0.691162 0.160156 0.000000
vt 0.679443 0.165039 0.000000
vt 0.748779 0.332031 0.000000
vt 0.777344 0.332031 0.000000
vt 0.777344 0.341309 0.000000
vt 0.777344 0.332031 0.000000
vt 0.727783 0.306396 0.000000
vt 0.777344 0.306396 0.000000
vt 0.777344 0.236572 0.000000
vt 0.727783 0.236572 0.000000
vt 0.777344 0.210938 0.000000
vt 0.834717 0.271484 0.000000
vt 0.837158 0.236572 0.000000
vt 0.858398 0.271484 0.000000
vt 0.826904 0.236572 0.000000
vt 0.837158 0.236572 0.000000
vt 0.834717 0.271484 0.000000
vt 0.777344 0.210938 0.000000
vt 0.748779 0.210938 0.000000
vt 0.777344 0.201416 0.000000
vt 0.736816 0.332031 0.000000
vt 0.748779 0.332031 0.000000
vt 0.777344 0.341309 0.000000
vt 0.727783 0.306396 0.000000
vt 0.696289 0.271484 0.000000
vt 0.720215 0.271484 0.000000
vt 0.720215 0.271484 0.000000
vt 0.717529 0.236572 0.000000
vt 0.727783 0.236572 0.000000
vt 0.727783 0.236572 0.000000
vt 0.742920 0.210205 0.000000
vt 0.748779 0.210938 0.000000
vt 0.748779 0.210938 0.000000
vt 0.742920 0.210205 0.000000
vt 0.777344 0.201416 0.000000
vt 0.707275 0.236572 0.000000
vt 0.717529 0.236572 0.000000
vt 0.696289 0.271484 0.000000
vt 0.832275 0.219238 0.000000
vt 0.837158 0.221191 0.000000
vt 0.837158 0.236572 0.000000
vt 0.848877 0.154053 0.000000
vt 0.823486 0.213623 0.000000
vt 0.840088 0.147705 0.000000
vt 0.848877 0.154053 0.000000
vt 0.861816 0.123535 0.000000
vt 0.840088 0.147705 0.000000
vt 0.832275 0.219238 0.000000
vt 0.837158 0.236572 0.000000
vt 0.823486 0.213623 0.000000
vt 0.863525 0.160156 0.000000
vt 0.848877 0.154053 0.000000
vt 0.832275 0.219238 0.000000
vt 0.863525 0.160156 0.000000
vt 0.875244 0.165039 0.000000
vt 0.832275 0.219238 0.000000
vt 0.848877 0.154053 0.000000
vt 0.863525 0.160156 0.000000
vt 0.823486 0.213623 0.000000
vt 0.875244 0.165039 0.000000
vt 0.863525 0.160156 0.000000
vt 0.837158 0.221191 0.000000
vt 0.848877 0.154053 0.000000
vt 0.861816 0.123535 0.000000
vt 0.863525 0.160156 0.000000
vt 0.840088 0.147705 0.000000
vt 0.853760 0.117188 0.000000
vt 0.848877 0.154053 0.000000
vt 0.840088 0.147705 0.000000
vt 0.817871 0.209961 0.000000
vt 0.848877 0.154053 0.000000
vt 0.863525 0.160156 0.000000
vt 0.878174 0.130371 0.000000
vt 0.848877 0.154053 0.000000
vt 0.875244 0.165039 0.000000
vt 0.890381 0.135742 0.000000
vt 0.863525 0.160156 0.000000
vt 0.863525 0.160156 0.000000
vt 0.878174 0.130371 0.000000
vt 0.875244 0.165039 0.000000
vt 0.777344 0.332031 0.000000
vt 0.826904 0.306396 0.000000
vt 0.805908 0.332031 0.000000
vt 0.826904 0.236572 0.000000
vt 0.834717 0.271484 0.000000
vt 0.777344 0.236572 0.000000
vt 0.805908 0.210938 0.000000
vt 0.826904 0.236572 0.000000
vt 0.777344 0.210938 0.000000
vt 0.727783 0.306396 0.000000
vt 0.736816 0.332031 0.000000
vt 0.707275 0.306396 0.000000
vt 0.847412 0.306396 0.000000
vt 0.826904 0.306396 0.000000
vt 0.858398 0.271484 0.000000
vt 0.858398 0.271484 0.000000
vt 0.837158 0.236572 0.000000
vt 0.847412 0.236572 0.000000
vt 0.812012 0.210205 0.000000
vt 0.837158 0.236572 0.000000
vt 0.805908 0.210938 0.000000
vt 0.817871 0.209961 0.000000
vt 0.812012 0.210205 0.000000
vt 0.777344 0.201416 0.000000
vt 0.736816 0.209961 0.000000
vt 0.777344 0.201416 0.000000
vt 0.742920 0.210205 0.000000
vt 0.777344 0.306396 0.000000
vt 0.834473 0.272217 0.000000
vt 0.826904 0.306396 0.000000
vt 0.717529 0.221191 0.000000
vt 0.722412 0.219238 0.000000
vt 0.707275 0.236572 0.000000
vt 0.731201 0.213623 0.000000
vt 0.705811 0.154053 0.000000
vt 0.736816 0.209961 0.000000
vt 0.692871 0.123535 0.000000
vt 0.705811 0.154053 0.000000
vt 0.700928 0.117188 0.000000
vt 0.717529 0.236572 0.000000
vt 0.722412 0.219238 0.000000
vt 0.742920 0.210205 0.000000
vt 0.705811 0.154053 0.000000
vt 0.691162 0.160156 0.000000
vt 0.731201 0.213623 0.000000
vt 0.679443 0.165039 0.000000
vt 0.691162 0.160156 0.000000
vt 0.717529 0.221191 0.000000
vt 0.691162 0.160156 0.000000
vt 0.705811 0.154053 0.000000
vt 0.722412 0.219238 0.000000
vt 0.691162 0.160156 0.000000
vt 0.679443 0.165039 0.000000
vt 0.722412 0.219238 0.000000
vt 0.692871 0.123535 0.000000
vt 0.705811 0.154053 0.000000
vt 0.676514 0.130371 0.000000
vt 0.700928 0.117188 0.000000
vt 0.714844 0.147705 0.000000
vt 0.692871 0.123535 0.000000
vt 0.736816 0.209961 0.000000
vt 0.714844 0.147705 0.000000
vt 0.731201 0.213623 0.000000
vt 0.676514 0.130371 0.000000
vt 0.691162 0.160156 0.000000
vt 0.692871 0.123535 0.000000
vt 0.664307 0.135742 0.000000
vt 0.679443 0.165039 0.000000
vt 0.676514 0.130371 0.000000
vt 0.676514 0.130371 0.000000
vt 0.691162 0.160156 0.000000
vt 0.664307 0.135742 0.000000
vt 0.748779 0.332031 0.000000
vt 0.727783 0.306396 0.000000
vt 0.777344 0.332031 0.000000
vt 0.748779 0.210938 0.000000
vt 0.777344 0.210938 0.000000
vt 0.727783 0.236572 0.000000
vt 0.727783 0.236572 0.000000
vt 0.777344 0.236572 0.000000
vt 0.720215 0.271484 0.000000
vt 0.805908 0.332031 0.000000
vt 0.826904 0.306396 0.000000
vt 0.817871 0.332031 0.000000
vt 0.748779 0.332031 0.000000
vt 0.736816 0.332031 0.000000
vt 0.727783 0.306396 0.000000
vt 0.727783 0.306396 0.000000
vt 0.720215 0.271484 0.000000
vt 0.777344 0.306396 0.000000
vt 0.834473 0.272217 0.000000
vt 0.858398 0.271484 0.000000
vt 0.826904 0.306396 0.000000
vt 0.000000 0.000000 0.000000
vt 0.000000 0.000000 0.000000
vt 0.000000 0.000000 0.000000
vt 0.000000 0.000000 0.000000
vt 0.000000 0.000000 0.000000
vt 0.000000 0.000000 0.000000
vn 0.404053 0.165039 -0.899658
vn 0.627197 0.194580 -0.753906
vn 0.358154 0.000244 -0.933594
vn 0.358154 0.000244 -0.933594
vn 0.627197 0.194580 -0.753906
vn 0.765625 0.047607 -0.641357
vn 0.977783 0.205566 0.034180
vn 0.991943 0.048584 -0.116455
vn 0.907959 0.200928 -0.366943
vn 0.464844 -0.884033 0.043945
vn 0.572021 -0.402344 -0.714355
vn 0.988525 -0.087646 0.122070
vn 0.627197 0.194580 -0.753906
vn 0.473877 0.181152 -0.861572
vn 0.800049 0.170898 -0.574707
vn 0.572021 -0.402344 -0.714355
vn 0.358154 0.000244 -0.933594
vn 0.765625 0.047607 -0.641357
vn 0.572021 -0.402344 -0.714355
vn 0.464844 -0.884033 0.043945
vn 0.060303 -0.895020 -0.441650
vn 0.270264 0.212646 -0.938965
vn 0.063232 0.173828 -0.982666
vn 0.265625 0.280273 -0.922363
vn 0.404053 0.165039 -0.899658
vn 0.358154 0.000244 -0.933594
vn 0.270264 0.212646 -0.938965
vn 0.270264 0.212646 -0.938965
vn 0.358154 0.000244 -0.933594
vn 0.000000 0.053955 -0.998535
vn 0.988525 -0.087646 0.122070
vn 0.572021 -0.402344 -0.714355
vn 0.991943 0.048584 -0.116455
vn -0.991943 0.048584 -0.116455
vn -0.907959 0.200928 -0.366943
vn -0.765625 0.047607 -0.641357
vn 0.977783 0.205566 0.034180
vn 0.926514 0.114502 -0.358154
vn 0.994385 0.095215 0.044434
vn 0.907959 0.200928 -0.366943
vn 0.800049 0.170898 -0.574707
vn 0.926514 0.114502 -0.358154
vn -0.358154 0.000244 -0.933594
vn -0.627197 0.194580 -0.753906
vn -0.404053 0.165039 -0.899658
vn -0.765625 0.047607 -0.641357
vn -0.627197 0.194580 -0.753906
vn -0.358154 0.000244 -0.933594
vn -0.991943 0.048584 -0.116455
vn -0.572021 -0.402344 -0.714355
vn -0.988525 -0.087646 0.122070
vn -0.988525 -0.087646 0.122070
vn -0.572021 -0.402344 -0.714355
vn -0.464844 -0.884033 0.043945
vn -0.765625 0.047607 -0.641357
vn -0.358154 0.000244 -0.933594
vn -0.572021 -0.402344 -0.714355
vn -0.572021 -0.402344 -0.714355
vn 0.000000 -0.819580 -0.572510
vn -0.060303 -0.895020 -0.441650
vn 0.991943 0.048584 -0.116455
vn 0.765625 0.047607 -0.641357
vn 0.907959 0.200928 -0.366943
vn -0.060303 -0.895020 -0.441650
vn -0.464844 -0.884033 0.043945
vn -0.572021 -0.402344 -0.714355
vn -0.210205 0.139893 -0.967529
vn -0.358154 0.000244 -0.933594
vn -0.404053 0.165039 -0.899658
vn 0.000000 0.053955 -0.998535
vn -0.358154 0.000244 -0.933594
vn -0.210205 0.139893 -0.967529
vn -0.765625 0.047607 -0.641357
vn -0.907959 0.200928 -0.366943
vn -0.627197 0.194580 -0.753906
vn 0.000000 -0.427734 -0.903809
vn 0.572021 -0.402344 -0.714355
vn 0.000000 -0.819580 -0.572510
vn 0.572021 -0.402344 -0.714355
vn 0.000000 -0.427734 -0.903809
vn 0.358154 0.000244 -0.933594
vn -0.907959 0.200928 -0.366943
vn -0.977783 0.205566 0.034180
vn -0.926514 0.114502 -0.358154
vn -0.018066 -0.015381 -0.999512
vn 0.063232 0.173828 -0.982666
vn -0.210205 0.139893 -0.967529
vn 0.765625 0.047607 -0.641357
vn 0.991943 0.048584 -0.116455
vn 0.572021 -0.402344 -0.714355
vn 0.404053 0.165039 -0.899658
vn 0.473877 0.181152 -0.861572
vn 0.627197 0.194580 -0.753906
vn 0.358154 0.000244 -0.933594
vn 0.000000 -0.427734 -0.903809
vn 0.000000 0.053955 -0.998535
vn 0.060303 -0.895020 -0.441650
vn 0.000000 -0.819580 -0.572510
vn 0.572021 -0.402344 -0.714355
vn 0.000000 0.053955 -0.998535
vn 0.063232 0.173828 -0.982666
vn 0.270264 0.212646 -0.938965
vn -0.977783 0.205566 0.034180
vn -0.907959 0.200928 -0.366943
vn -0.991943 0.048584 -0.116455
vn 0.627197 0.194580 -0.753906
vn 0.907959 0.200928 -0.366943
vn 0.765625 0.047607 -0.641357
vn 0.907959 0.200928 -0.366943
vn 0.926514 0.114502 -0.358154
vn 0.977783 0.205566 0.034180
vn 0.627197 0.194580 -0.753906
vn 0.800049 0.170898 -0.574707
vn 0.907959 0.200928 -0.366943
vn -0.800049 0.170898 -0.574707
vn -0.907959 0.200928 -0.366943
vn -0.926514 0.114502 -0.358154
vn -0.765625 0.047607 -0.641357
vn -0.572021 -0.402344 -0.714355
vn -0.991943 0.048584 -0.116455
vn -0.800049 0.170898 -0.574707
vn -0.473877 0.181152 -0.861572
vn -0.627197 0.194580 -0.753906
vn 0.000000 0.053955 -0.998535
vn 0.000000 -0.427734 -0.903809
vn -0.358154 0.000244 -0.933594
vn 0.000000 -0.427734 -0.903809
vn -0.572021 -0.402344 -0.714355
vn -0.358154 0.000244 -0.933594
vn 0.000000 -0.427734 -0.903809
vn 0.000000 -0.819580 -0.572510
vn -0.572021 -0.402344 -0.714355
vn 0.000000 0.053955 -0.998535
vn -0.210205 0.139893 -0.967529
vn 0.063232 0.173828 -0.982666
vn -0.404053 0.165039 -0.899658
vn -0.627197 0.194580 -0.753906
vn -0.473877 0.181152 -0.861572
vn -0.627197 0.194580 -0.753906
vn -0.907959 0.200928 -0.366943
vn -0.800049 0.170898 -0.574707
vn -0.994385 0.095215 0.044434
vn -0.926514 0.114502 -0.358154
vn -0.977783 0.205566 0.034180
vn -0.652832 -0.008057 0.757324
vn 0.000000 0.014648 0.999756
vn -0.561279 0.132080 0.816650
vn 0.000000 -0.999756 0.007324
vn 0.060303 -0.895020 -0.441650
vn -0.103027 -0.994629 0.006348
vn 0.079346 -0.867188 0.491211
vn 0.464844 -0.884033 0.043945
vn 0.575684 -0.355713 0.736084
vn 0.000000 -0.999756 0.007324
vn -0.103027 -0.994629 0.006348
vn 0.079346 -0.867188 0.491211
vn -0.575684 -0.355713 0.736084
vn 0.000000 -0.335693 0.941895
vn -0.652832 -0.008057 0.757324
vn 0.000000 -0.999756 0.007324
vn 0.000000 -0.819580 -0.572510
vn 0.060303 -0.895020 -0.441650
vn 0.896973 0.020264 0.441406
vn 0.977783 0.205566 0.034180
vn 0.895020 0.173096 0.410645
vn 0.575684 -0.355713 0.736084
vn 0.896973 0.020264 0.441406
vn 0.652832 -0.008057 0.757324
vn 0.575684 -0.355713 0.736084
vn 0.464844 -0.884033 0.043945
vn 0.988525 -0.087646 0.122070
vn 0.060303 -0.895020 -0.441650
vn 0.464844 -0.884033 0.043945
vn -0.103027 -0.994629 0.006348
vn 0.464844 -0.884033 0.043945
vn 0.079346 -0.867188 0.491211
vn -0.103027 -0.994629 0.006348
vn 0.000000 0.014648 0.999756
vn 0.561279 0.132080 0.816650
vn 0.000000 0.098633 0.995117
vn 0.000000 -0.335693 0.941895
vn 0.652832 -0.008057 0.757324
vn 0.000000 0.014648 0.999756
vn 0.977783 0.205566 0.034180
vn 0.896973 0.020264 0.441406
vn 0.991943 0.048584 -0.116455
vn 0.895020 0.173096 0.410645
vn 0.977783 0.205566 0.034180
vn 0.994385 0.095215 0.044434
vn 0.000000 -0.764404 0.644531
vn 0.575684 -0.355713 0.736084
vn 0.000000 -0.335693 0.941895
vn 0.000000 -0.999756 0.007324
vn 0.079346 -0.867188 0.491211
vn 0.000000 -0.764404 0.644531
vn -0.652832 -0.008057 0.757324
vn -0.895020 0.173096 0.410645
vn -0.896973 0.020264 0.441406
vn 0.103027 -0.994629 0.006348
vn -0.060303 -0.895020 -0.441650
vn 0.000000 -0.999756 0.007324
vn -0.575684 -0.355713 0.736084
vn -0.464844 -0.884033 0.043945
vn -0.079346 -0.867188 0.491211
vn -0.079346 -0.867188 0.491211
vn 0.103027 -0.994629 0.006348
vn 0.000000 -0.999756 0.007324
vn 0.000000 0.098633 0.995117
vn -0.561279 0.132080 0.816650
vn 0.000000 0.014648 0.999756
vn -0.060303 -0.895020 -0.441650
vn 0.000000 -0.819580 -0.572510
vn 0.000000 -0.999756 0.007324
vn -0.895020 0.173096 0.410645
vn -0.977783 0.205566 0.034180
vn -0.896973 0.020264 0.441406
vn -0.988525 -0.087646 0.122070
vn -0.464844 -0.884033 0.043945
vn -0.575684 -0.355713 0.736084
vn 0.103027 -0.994629 0.006348
vn -0.464844 -0.884033 0.043945
vn -0.060303 -0.895020 -0.441650
vn 0.103027 -0.994629 0.006348
vn -0.079346 -0.867188 0.491211
vn -0.464844 -0.884033 0.043945
vn -0.991943 0.048584 -0.116455
vn -0.988525 -0.087646 0.122070
vn -0.896973 0.020264 0.441406
vn 0.575684 -0.355713 0.736084
vn 0.988525 -0.087646 0.122070
vn 0.896973 0.020264 0.441406
vn -0.991943 0.048584 -0.116455
vn -0.896973 0.020264 0.441406
vn -0.977783 0.205566 0.034180
vn -0.994385 0.095215 0.044434
vn -0.977783 0.205566 0.034180
vn -0.895020 0.173096 0.410645
vn 0.561279 0.132080 0.816650
vn 0.652832 -0.008057 0.757324
vn 0.895020 0.173096 0.410645
vn 0.000000 -0.335693 0.941895
vn -0.575684 -0.355713 0.736084
vn 0.000000 -0.764404 0.644531
vn 0.000000 -0.764404 0.644531
vn -0.079346 -0.867188 0.491211
vn 0.000000 -0.999756 0.007324
vn 0.895020 0.173096 0.410645
vn 0.652832 -0.008057 0.757324
vn 0.896973 0.020264 0.441406
vn -0.079346 -0.867188 0.491211
vn 0.000000 -0.764404 0.644531
vn -0.575684 -0.355713 0.736084
vn -0.575684 -0.355713 0.736084
vn -0.896973 0.020264 0.441406
vn -0.988525 -0.087646 0.122070
vn 0.991943 0.048584 -0.116455
vn 0.896973 0.020264 0.441406
vn 0.988525 -0.087646 0.122070
vn 0.652832 -0.008057 0.757324
vn 0.561279 0.132080 0.816650
vn 0.000000 0.014648 0.999756
vn 0.575684 -0.355713 0.736084
vn 0.652832 -0.008057 0.757324
vn 0.000000 -0.335693 0.941895
vn 0.079346 -0.867188 0.491211
vn 0.575684 -0.355713 0.736084
vn 0.000000 -0.764404 0.644531
vn -0.561279 0.132080 0.816650
vn -0.895020 0.173096 0.410645
vn -0.652832 -0.008057 0.757324
vn -0.896973 0.020264 0.441406
vn -0.575684 -0.355713 0.736084
vn -0.652832 -0.008057 0.757324
vn 0.000000 0.014648 0.999756
vn -0.652832 -0.008057 0.757324
vn 0.000000 -0.335693 0.941895
vn 0.000000 1.000000 0.000000
vn 0.000000 1.000000 0.000000
vn 0.000000 1.000000 0.000000
vn 0.000000 1.000000 0.000000
vn 0.000000 1.000000 0.000000
vn 0.000000 1.000000 0.000000
vn 0.000000 1.000000 0.000000
vn 0.000000 1.000000 0.000000
vn 0.000000 1.000000 0.000000
vn 0.000000 0.267578 -0.963379
vn 0.000000 0.267578 -0.963379
vn 0.000000 0.267578 -0.963379
vn -0.985596 0.168945 -0.004883
vn -0.985596 0.168945 -0.004883
vn -0.986816 0.161133 0.000000
vn 0.000000 0.267578 -0.963379
vn 0.000000 0.267578 -0.963379
vn 0.000000 0.267578 -0.963379
vn 0.994385 0.100830 0.027344
vn 0.994385 0.100830 0.027344
vn 0.987305 0.148926 0.054443
vn 0.009766 0.998779 -0.047363
vn 0.009766 0.998779 -0.047363
vn 0.019775 0.998047 -0.055176
vn 0.000000 1.000000 0.000000
vn 0.000000 1.000000 0.000000
vn 0.000000 1.000000 0.000000
vn 0.000000 1.000000 0.000000
vn 0.000000 1.000000 0.000000
vn 0.000000 1.000000 0.000000
vn 0.000000 1.000000 0.000000
vn 0.000000 1.000000 0.000000
vn 0.000000 1.000000 0.000000
vn 0.000000 1.000000 0.000000
vn 0.000000 1.000000 0.000000
vn 0.000000 1.000000 0.000000
vn 0.000000 1.000000 0.000000
vn 0.000000 1.000000 0.000000
vn 0.000000 1.000000 0.000000
vn 0.000000 1.000000 0.000000
vn 0.000000 1.000000 0.000000
vn 0.000000 1.000000 0.000000
vn 0.000000 1.000000 0.000000
vn 0.000000 1.000000 0.000000
vn 0.000000 1.000000 0.000000
vn 0.000000 1.000000 0.000000
vn 0.000000 1.000000 0.000000
vn 0.000000 1.000000 0.000000
vn 0.000000 1.000000 0.000000
vn 0.000000 1.000000 0.000000
vn 0.000000 1.000000 0.000000
vn 0.000000 0.267578 -0.963379
vn 0.000000 0.267578 -0.963379
vn 0.000000 0.267578 -0.963379
vn 0.985596 0.168701 -0.004395
vn 0.985596 0.168701 -0.004395
vn 0.986328 0.163330 -0.009033
vn 0.000000 0.267578 -0.963379
vn 0.000000 0.267578 -0.963379
vn 0.000000 0.267578 -0.963379
vn -0.994385 0.099365 0.029785
vn -0.994385 0.099365 0.029785
vn -0.986572 0.162842 0.000000
vn -0.006836 0.998779 -0.047119
vn -0.006836 0.998779 -0.047119
vn -0.013916 0.999023 -0.038818
vn 0.000000 1.000000 0.000000
vn 0.000000 1.000000 0.000000
vn 0.000000 1.000000 0.000000
vn 0.000000 1.000000 0.000000
vn 0.000000 1.000000 0.000000
vn 0.000000 1.000000 0.000000
vn 0.000000 1.000000 0.000000
vn 0.000000 1.000000 0.000000
vn 0.000000 1.000000 0.000000
vn 0.000000 1.000000 0.000000
vn 0.000000 1.000000 0.000000
vn 0.000000 1.000000 0.000000
vn 0.000000 1.000000 0.000000
vn 0.000000 1.000000 0.000000
vn 0.000000 1.000000 0.000000
vn 0.000000 1.000000 0.000000
vn 0.000000 1.000000 0.000000
vn 0.000000 1.000000 0.000000
vn -0.984131 0.176514 -0.009766
vn -0.985596 0.168945 -0.004883
vn -0.985596 0.168945 -0.004883
vn 0.998535 0.052246 0.000000
vn 0.994385 0.100830 0.027344
vn 0.994385 0.100830 0.027344
vn 0.000000 0.999023 -0.039795
vn 0.009766 0.998779 -0.047363
vn 0.009766 0.998779 -0.047363
vn 0.984619 0.174072 0.000000
vn 0.985596 0.168701 -0.004395
vn 0.985596 0.168701 -0.004395
vn -0.997559 0.035400 0.059814
vn -0.994385 0.099365 0.029785
vn -0.994385 0.099365 0.029785
vn 0.000000 0.998291 -0.055176
vn -0.006836 0.998779 -0.047119
vn -0.006836 0.998779 -0.047119
vn 0.620361 0.749023 0.231445
vn 0.253174 0.966553 0.035400
vn 0.299805 0.913330 0.274658
vn 0.000000 0.394287 0.918701
vn 0.487793 0.562988 0.666748
vn 0.000000 0.801514 0.597656
vn 0.000000 0.801514 0.597656
vn 0.248779 0.837158 0.487061
vn 0.000000 0.961182 0.275146
vn 0.871094 0.466064 0.154541
vn 0.503662 0.819092 -0.273438
vn 0.620361 0.749023 0.231445
vn 0.504150 0.251465 0.825928
vn 0.871094 0.466064 0.154541
vn 0.487793 0.562988 0.666748
vn 0.248779 0.837158 0.487061
vn 0.299805 0.913330 0.274658
vn 0.000000 0.961182 0.275146
vn 0.299805 0.913330 0.274658
vn 0.248779 0.837158 0.487061
vn 0.620361 0.749023 0.231445
vn 0.253174 0.966553 0.035400
vn 0.000000 0.961182 0.275146
vn 0.299805 0.913330 0.274658
vn 0.000000 0.196777 0.980225
vn 0.504150 0.251465 0.825928
vn 0.000000 0.394287 0.918701
vn 0.226807 0.874512 -0.428467
vn 0.000000 0.991455 -0.129395
vn 0.503662 0.819092 -0.273438
vn 0.503662 0.819092 -0.273438
vn 0.000000 0.991455 -0.129395
vn 0.253174 0.966553 0.035400
vn 0.253174 0.966553 0.035400
vn 0.000000 0.991455 -0.129395
vn 0.000000 0.961182 0.275146
vn -0.340820 0.657959 -0.671143
vn -0.226807 0.874512 -0.428467
vn -0.216309 0.692139 -0.688477
vn 0.000000 0.843262 -0.537109
vn 0.216309 0.692139 -0.688477
vn 0.000000 0.668457 -0.743652
vn 0.000000 0.991455 -0.129395
vn 0.226807 0.874512 -0.428467
vn 0.000000 0.843262 -0.537109
vn 0.503662 0.819092 -0.273438
vn 0.871094 0.466064 0.154541
vn 0.719482 0.598633 -0.351563
vn 0.253174 0.966553 0.035400
vn 0.620361 0.749023 0.231445
vn 0.503662 0.819092 -0.273438
vn 0.620361 0.749023 0.231445
vn 0.248779 0.837158 0.487061
vn 0.487793 0.562988 0.666748
vn 0.000000 0.801514 0.597656
vn 0.487793 0.562988 0.666748
vn 0.248779 0.837158 0.487061
vn 0.487793 0.562988 0.666748
vn 0.871094 0.466064 0.154541
vn 0.620361 0.749023 0.231445
vn 0.000000 0.394287 0.918701
vn 0.504150 0.251465 0.825928
vn 0.487793 0.562988 0.666748
vn 0.000000 0.843262 -0.537109
vn -0.216309 0.692139 -0.688477
vn -0.226807 0.874512 -0.428467
vn -0.226807 0.874512 -0.428467
vn -0.340820 0.657959 -0.671143
vn -0.503662 0.819092 -0.273438
vn -0.503662 0.819092 -0.273438
vn -0.340820 0.657959 -0.671143
vn -0.719482 0.598633 -0.351563
vn 0.216309 0.692139 -0.688477
vn 0.340820 0.657959 -0.671143
vn 0.286377 0.475342 -0.831543
vn 0.226807 0.874512 -0.428467
vn 0.216309 0.692139 -0.688477
vn 0.000000 0.843262 -0.537109
vn 0.719482 0.598633 -0.351563
vn 0.340820 0.657959 -0.671143
vn 0.503662 0.819092 -0.273438
vn 0.216309 0.692139 -0.688477
vn 0.226807 0.874512 -0.428467
vn 0.340820 0.657959 -0.671143
vn 0.503662 0.819092 -0.273438
vn 0.340820 0.657959 -0.671143
vn 0.226807 0.874512 -0.428467
vn -0.299805 0.913330 0.274658
vn -0.253174 0.966553 0.035400
vn -0.620361 0.749023 0.231445
vn 0.000000 0.801514 0.597656
vn -0.487793 0.562988 0.666748
vn 0.000000 0.394287 0.918701
vn 0.000000 0.961182 0.275146
vn -0.248779 0.837158 0.487061
vn 0.000000 0.801514 0.597656
vn -0.620361 0.749023 0.231445
vn -0.503662 0.819092 -0.273438
vn -0.871094 0.466064 0.154541
vn -0.487793 0.562988 0.666748
vn -0.871094 0.466064 0.154541
vn -0.504150 0.251465 0.825928
vn 0.000000 0.961182 0.275146
vn -0.299805 0.913330 0.274658
vn -0.248779 0.837158 0.487061
vn -0.620361 0.749023 0.231445
vn -0.248779 0.837158 0.487061
vn -0.299805 0.913330 0.274658
vn -0.299805 0.913330 0.274658
vn 0.000000 0.961182 0.275146
vn -0.253174 0.966553 0.035400
vn 0.000000 0.394287 0.918701
vn -0.504150 0.251465 0.825928
vn 0.000000 0.196777 0.980225
vn -0.503662 0.819092 -0.273438
vn 0.000000 0.991455 -0.129395
vn -0.226807 0.874512 -0.428467
vn -0.253174 0.966553 0.035400
vn 0.000000 0.991455 -0.129395
vn -0.503662 0.819092 -0.273438
vn 0.000000 0.961182 0.275146
vn 0.000000 0.991455 -0.129395
vn -0.253174 0.966553 0.035400
vn -0.340820 0.657959 -0.671143
vn -0.286377 0.475342 -0.831543
vn -0.293213 0.462158 -0.836670
vn 0.000000 0.668457 -0.743652
vn -0.216309 0.692139 -0.688477
vn 0.000000 0.843262 -0.537109
vn 0.000000 0.843262 -0.537109
vn -0.226807 0.874512 -0.428467
vn 0.000000 0.991455 -0.129395
vn -0.719482 0.598633 -0.351563
vn -0.871094 0.466064 0.154541
vn -0.503662 0.819092 -0.273438
vn -0.503662 0.819092 -0.273438
vn -0.620361 0.749023 0.231445
vn -0.253174 0.966553 0.035400
vn -0.487793 0.562988 0.666748
vn -0.248779 0.837158 0.487061
vn -0.620361 0.749023 0.231445
vn -0.248779 0.837158 0.487061
vn -0.487793 0.562988 0.666748
vn 0.000000 0.801514 0.597656
vn -0.620361 0.749023 0.231445
vn -0.871094 0.466064 0.154541
vn -0.487793 0.562988 0.666748
vn -0.487793 0.562988 0.666748
vn -0.504150 0.251465 0.825928
vn 0.000000 0.394287 0.918701
vn 0.293213 0.462158 -0.836670
vn 0.286377 0.475342 -0.831543
vn 0.340820 0.657959 -0.671143
vn -0.216309 0.692139 -0.688477
vn -0.286377 0.475342 -0.831543
vn -0.340820 0.657959 -0.671143
vn 0.000000 -0.964355 -0.263672
vn -0.008057 -0.965820 -0.258301
vn 0.000000 -0.964355 -0.263672
vn 0.979980 -0.187012 -0.067139
vn 0.979980 -0.187012 -0.067139
vn 0.969238 -0.220703 -0.108398
vn -0.992920 -0.109131 -0.042969
vn -0.992920 -0.109131 -0.042969
vn -0.994873 -0.087646 -0.048584
vn -0.392334 -0.521973 0.757080
vn -0.392334 -0.521973 0.757080
vn -0.420410 -0.468750 0.776611
vn 0.000244 -0.964355 -0.264404
vn 0.000244 -0.964355 -0.264404
vn 0.000000 -0.964111 -0.264404
vn -0.001465 -0.965820 -0.258789
vn -0.002441 -0.966553 -0.256104
vn 0.027100 -0.962158 -0.270752
vn -0.008057 -0.965820 -0.258301
vn -0.001465 -0.965820 -0.258789
vn 0.000000 -0.964355 -0.263672
vn -0.012207 -0.968018 -0.250244
vn -0.004883 -0.965820 -0.258301
vn 0.000488 -0.966797 -0.254883
vn -0.004883 -0.965820 -0.258301
vn 0.000000 -0.966797 -0.254639
vn 0.000000 -0.964355 -0.263672
vn 0.000000 -0.964355 -0.263672
vn 0.005127 -0.965820 -0.258545
vn 0.000000 -0.964355 -0.263672
vn -0.979980 -0.187012 -0.066406
vn -0.979980 -0.187012 -0.066406
vn -0.964600 -0.257568 -0.052002
vn 0.993164 -0.108398 -0.042236
vn 0.993164 -0.108398 -0.042236
vn 0.994629 -0.099121 -0.028564
vn 0.390625 -0.527344 0.754150
vn 0.390625 -0.527344 0.754150
vn 0.375000 -0.485596 0.789307
vn -0.000244 -0.964355 -0.264404
vn -0.000244 -0.964355 -0.264404
vn 0.000000 -0.964355 -0.264404
vn 0.005859 -0.968506 -0.248535
vn 0.002930 -0.966553 -0.256104
vn 0.005615 -0.965576 -0.259766
vn 0.000000 -0.964355 -0.263672
vn 0.005615 -0.965576 -0.259766
vn 0.002930 -0.966553 -0.256104
vn 0.000488 -0.966797 -0.254883
vn 0.005127 -0.965820 -0.258545
vn 0.026611 -0.970947 -0.237305
vn 0.000000 -0.964355 -0.263672
vn 0.005127 -0.965820 -0.258545
vn -0.004883 -0.965820 -0.258301
vn 0.000000 -0.966797 -0.254639
vn -0.008057 -0.965820 -0.258301
vn 0.000000 -0.964355 -0.263672
vn 0.987793 -0.152832 -0.025635
vn 0.979980 -0.187012 -0.067139
vn 0.979980 -0.187012 -0.067139
vn -0.990723 -0.130371 -0.037109
vn -0.992920 -0.109131 -0.042969
vn -0.992920 -0.109131 -0.042969
vn -0.362549 -0.573242 0.734375
vn -0.392334 -0.521973 0.757080
vn -0.392334 -0.521973 0.757080
vn 0.000244 -0.964355 -0.264404
vn 0.000244 -0.964355 -0.264404
vn 0.000244 -0.964355 -0.264404
vn -0.008057 -0.965820 -0.258301
vn -0.002441 -0.966553 -0.256104
vn -0.001465 -0.965820 -0.258789
vn 0.000000 -0.966797 -0.254639
vn -0.004883 -0.965820 -0.258301
vn -0.012207 -0.968018 -0.250244
vn 0.002930 -0.966553 -0.256104
vn 0.005127 -0.965820 -0.258545
vn 0.000000 -0.964355 -0.263672
vn -0.989990 -0.115234 -0.080322
vn -0.979980 -0.187012 -0.066406
vn -0.979980 -0.187012 -0.066406
vn 0.991455 -0.117432 -0.055908
vn 0.993164 -0.108398 -0.042236
vn 0.993164 -0.108398 -0.042236
vn 0.405029 -0.567383 0.716553
vn 0.390625 -0.527344 0.754150
vn 0.390625 -0.527344 0.754150
vn -0.000244 -0.964111 -0.264404
vn -0.000244 -0.964355 -0.264404
vn -0.000244 -0.964355 -0.264404
vn 0.000244 -0.970459 -0.241211
vn 0.002930 -0.966553 -0.256104
vn 0.005859 -0.968506 -0.248535
vn -0.004883 -0.965820 -0.258301
vn 0.005127 -0.965820 -0.258545
vn 0.000488 -0.966797 -0.254883
vn 0.086914 0.996094 -0.004639
vn -0.454346 0.890625 -0.004150
vn -0.235107 0.894043 0.381104
vn -0.995850 0.089355 -0.001709
vn -0.504883 0.540771 0.672363
vn -0.776855 0.629395 -0.008545
vn 0.858643 -0.512207 0.001465
vn 0.996338 -0.084717 0.001709
vn 0.644775 -0.515869 0.563721
vn -0.992432 -0.011963 0.121094
vn -0.793213 -0.392578 0.465332
vn -0.944092 -0.329346 -0.001465
vn -0.086914 -0.996094 0.000000
vn -0.453125 -0.816162 0.358154
vn -0.391357 -0.919922 -0.000488
vn 0.086914 0.996094 -0.004639
vn -0.235107 0.894043 0.381104
vn 0.066895 0.778564 0.623779
vn -0.504883 0.540771 0.672363
vn 0.066895 0.778564 0.623779
vn -0.235107 0.894043 0.381104
vn -0.547363 -0.388428 0.740967
vn -0.003662 -0.023193 0.999512
vn -0.706055 -0.020264 0.707520
vn -0.432861 -0.769287 0.469482
vn -0.046875 -0.520264 0.852539
vn -0.547363 -0.388428 0.740967
vn -0.086914 -0.996094 0.000000
vn -0.073730 -0.833008 0.548096
vn -0.432861 -0.769287 0.469482
vn -0.793213 -0.392578 0.465332
vn -0.432861 -0.769287 0.469482
vn -0.547363 -0.388428 0.740967
vn -0.453125 -0.816162 0.358154
vn -0.481689 -0.830566 0.278564
vn -0.391357 -0.919922 -0.000488
vn -0.740967 -0.344971 0.575928
vn -0.453125 -0.816162 0.358154
vn -0.793213 -0.392578 0.465332
vn 0.689453 -0.142334 0.709961
vn 0.996338 -0.084717 0.001709
vn 0.588623 0.445068 0.674561
vn -0.944092 -0.329346 -0.001465
vn -0.793213 -0.392578 0.465332
vn -0.995850 0.089355 -0.001709
vn 0.385254 0.839600 0.382324
vn 0.602051 0.798340 -0.002197
vn 0.086914 0.996094 -0.004639
vn -0.046875 -0.520264 0.852539
vn 0.493652 -0.532715 0.687256
vn -0.003662 -0.023193 0.999512
vn 0.689453 -0.142334 0.709961
vn 0.644775 -0.515869 0.563721
vn 0.996338 -0.084717 0.001709
vn 0.036377 0.436279 0.898926
vn 0.588623 0.445068 0.674561
vn 0.066895 0.778564 0.623779
vn 0.858643 -0.512207 0.001465
vn 0.847412 -0.114014 0.518311
vn 0.982178 -0.025146 -0.186035
vn 0.225830 -0.974121 0.000244
vn 0.368896 -0.871094 0.323730
vn -0.086914 -0.996094 0.000000
vn 0.066895 0.778564 0.623779
vn 0.385254 0.839600 0.382324
vn 0.086914 0.996094 -0.004639
vn -0.547363 -0.388428 0.740967
vn -0.706055 -0.020264 0.707520
vn -0.793213 -0.392578 0.465332
vn 0.225342 -0.842041 0.489746
vn -0.073730 -0.833008 0.548096
vn -0.086914 -0.996094 0.000000
vn 0.493652 -0.532715 0.687256
vn 0.368896 -0.871094 0.323730
vn 0.644775 -0.515869 0.563721
vn 0.225830 -0.974121 0.000244
vn -0.228027 -0.424805 0.875732
vn 0.368896 -0.871094 0.323730
vn 0.644775 -0.515869 0.563721
vn -0.228027 -0.424805 0.875732
vn -0.267090 -0.264648 0.926514
vn 0.036377 0.436279 0.898926
vn -0.003662 -0.023193 0.999512
vn 0.588623 0.445068 0.674561
vn 0.036377 0.436279 0.898926
vn -0.504883 0.540771 0.672363
vn -0.003662 -0.023193 0.999512
vn -0.706055 -0.020264 0.707520
vn -0.504883 0.540771 0.672363
vn -0.995850 0.089355 -0.001709
vn -0.046875 -0.520264 0.852539
vn 0.225342 -0.842041 0.489746
vn 0.493652 -0.532715 0.687256
vn -0.995850 0.089355 -0.001709
vn -0.793213 -0.392578 0.465332
vn -0.706055 -0.020264 0.707520
vn -0.740967 -0.344971 0.575928
vn -0.793213 -0.392578 0.465332
vn -0.992432 -0.011963 0.121094
vn -0.432861 -0.769287 0.469482
vn -0.453125 -0.816162 0.358154
vn -0.086914 -0.996094 0.000000
vn 0.036377 0.436279 0.898926
vn 0.066895 0.778564 0.623779
vn -0.504883 0.540771 0.672363
vn -0.046875 -0.520264 0.852539
vn -0.003662 -0.023193 0.999512
vn -0.547363 -0.388428 0.740967
vn -0.073730 -0.833008 0.548096
vn -0.046875 -0.520264 0.852539
vn -0.432861 -0.769287 0.469482
vn -0.453125 -0.816162 0.358154
vn -0.432861 -0.769287 0.469482
vn -0.793213 -0.392578 0.465332
vn -0.481689 -0.830566 0.278564
vn -0.453125 -0.816162 0.358154
vn -0.740967 -0.344971 0.575928
vn -0.706055 -0.020264 0.707520
vn -0.003662 -0.023193 0.999512
vn -0.504883 0.540771 0.672363
vn -0.073730 -0.833008 0.548096
vn 0.225342 -0.842041 0.489746
vn -0.046875 -0.520264 0.852539
vn 0.066895 0.778564 0.623779
vn 0.588623 0.445068 0.674561
vn 0.385254 0.839600 0.382324
vn -0.454346 0.890625 -0.004150
vn -0.504883 0.540771 0.672363
vn -0.235107 0.894043 0.381104
vn 0.588623 0.445068 0.674561
vn 0.996338 -0.084717 0.001709
vn 0.874268 0.484863 -0.005615
vn 0.644775 -0.515869 0.563721
vn 0.847412 -0.114014 0.518311
vn 0.858643 -0.512207 0.001465
vn 0.225342 -0.842041 0.489746
vn -0.086914 -0.996094 0.000000
vn 0.368896 -0.871094 0.323730
vn 0.385254 0.839600 0.382324
vn 0.588623 0.445068 0.674561
vn 0.602051 0.798340 -0.002197
vn 0.493652 -0.532715 0.687256
vn 0.644775 -0.515869 0.563721
vn 0.689453 -0.142334 0.709961
vn 0.689453 -0.142334 0.709961
vn -0.003662 -0.023193 0.999512
vn 0.493652 -0.532715 0.687256
vn 0.368896 -0.871094 0.323730
vn 0.493652 -0.532715 0.687256
vn 0.225342 -0.842041 0.489746
vn 0.368896 -0.871094 0.323730
vn -0.228027 -0.424805 0.875732
vn 0.644775 -0.515869 0.563721
vn 0.588623 0.445068 0.674561
vn -0.003662 -0.023193 0.999512
vn 0.689453 -0.142334 0.709961
vn 0.874268 0.484863 -0.005615
vn 0.602051 0.798340 -0.002197
vn 0.588623 0.445068 0.674561
vn -0.776855 0.629395 -0.008545
vn -0.504883 0.540771 0.672363
vn -0.454346 0.890625 -0.004150
vn 0.033936 0.368164 -0.928955
vn 0.587158 -0.102051 -0.802734
vn 0.001709 -0.000244 -0.999756
vn -0.454346 0.890625 -0.004150
vn -0.524658 0.583496 -0.619385
vn -0.776855 0.629395 -0.008545
vn -0.742920 -0.428467 -0.513916
vn -0.992432 -0.011963 0.121094
vn -0.944092 -0.329346 -0.001465
vn 0.590576 -0.271484 -0.759766
vn 0.147705 -0.439941 -0.885498
vn 0.606689 -0.246094 -0.755615
vn -0.391357 -0.919922 -0.000488
vn 0.147705 -0.439941 -0.885498
vn -0.474854 -0.820801 -0.317139
vn 0.310547 -0.554688 0.771729
vn 0.298340 -0.452637 0.840088
vn -0.328613 -0.602295 0.727295
vn 0.584717 -0.274658 0.762939
vn 0.298340 -0.452637 0.840088
vn 0.310547 -0.554688 0.771729
vn 0.147705 -0.439941 -0.885498
vn -0.742920 -0.428467 -0.513916
vn -0.474854 -0.820801 -0.317139
vn 0.198975 -0.430664 -0.880127
vn 0.388672 -0.492432 -0.778320
vn -0.325928 -0.602295 -0.728271
vn 0.310303 -0.130615 0.941406
vn 0.429932 -0.191406 0.882080
vn 0.474365 -0.208252 0.855225
vn -0.798340 0.220703 -0.560059
vn -0.631836 0.413086 -0.655518
vn -0.992432 -0.011963 0.121094
vn -0.756836 0.069580 -0.649414
vn -0.443359 -0.075684 -0.892822
vn -0.325928 -0.602295 -0.728271
vn 0.298340 -0.452637 0.840088
vn -0.227783 -0.178955 0.957031
vn -0.328613 -0.602295 0.727295
vn 0.147705 -0.439941 -0.885498
vn 0.256104 -0.116699 -0.959473
vn 0.220703 -0.302490 -0.927002
vn -0.443359 -0.075684 -0.892822
vn 0.198975 -0.430664 -0.880127
vn -0.325928 -0.602295 -0.728271
vn -0.992432 -0.011963 0.121094
vn -0.649902 0.425293 0.629395
vn -0.740967 -0.344971 0.575928
vn -0.227783 -0.178955 0.957031
vn -0.717529 0.197754 0.667725
vn -0.328613 -0.602295 0.727295
vn 0.256104 -0.116699 -0.959473
vn 0.198975 -0.430664 -0.880127
vn -0.443359 -0.075684 -0.892822
vn 0.431152 -0.219238 -0.875000
vn 0.388672 -0.492432 -0.778320
vn 0.198975 -0.430664 -0.880127
vn 0.429932 -0.191406 0.882080
vn 0.589600 -0.268799 0.761475
vn 0.474365 -0.208252 0.855225
vn 0.429932 -0.191406 0.882080
vn -0.227783 -0.178955 0.957031
vn 0.298340 -0.452637 0.840088
vn -0.649902 0.425293 0.629395
vn -0.717529 0.197754 0.667725
vn -0.227783 -0.178955 0.957031
vn -0.631836 0.413086 -0.655518
vn -0.443359 -0.075684 -0.892822
vn -0.756836 0.069580 -0.649414
vn 0.086914 0.996094 -0.004639
vn 0.068604 0.772705 -0.630615
vn -0.226807 0.886475 -0.403076
vn 0.001709 -0.000244 -0.999756
vn 0.587158 -0.102051 -0.802734
vn -0.031494 -0.380371 -0.924072
vn -0.031494 -0.380371 -0.924072
vn -0.644287 -0.035156 -0.763672
vn 0.001709 -0.000244 -0.999756
vn -0.066650 -0.776855 -0.625732
vn -0.534424 -0.481689 -0.694336
vn -0.031494 -0.380371 -0.924072
vn -0.086914 -0.996094 0.000000
vn -0.453369 -0.792480 -0.407471
vn -0.066650 -0.776855 -0.625732
vn 0.086914 0.996094 -0.004639
vn -0.226807 0.886475 -0.403076
vn -0.454346 0.890625 -0.004150
vn 0.033936 0.368164 -0.928955
vn -0.524658 0.583496 -0.619385
vn 0.068604 0.772705 -0.630615
vn 0.001709 -0.000244 -0.999756
vn -0.489258 0.264404 -0.830811
vn 0.033936 0.368164 -0.928955
vn -0.453369 -0.792480 -0.407471
vn -0.742920 -0.428467 -0.513916
vn -0.534424 -0.481689 -0.694336
vn -0.086914 -0.996094 0.000000
vn -0.474854 -0.820801 -0.317139
vn -0.453369 -0.792480 -0.407471
vn 0.874268 0.484863 -0.005615
vn 0.996338 -0.084717 0.001709
vn 0.620361 0.483398 -0.617432
vn 0.996338 -0.084717 0.001709
vn 0.717529 -0.480713 -0.503662
vn 0.587158 -0.102051 -0.802734
vn 0.717529 -0.480713 -0.503662
vn 0.345703 -0.867188 -0.358154
vn 0.471436 -0.604492 -0.641846
vn 0.858643 -0.512207 0.001465
vn 0.684082 -0.502197 -0.528564
vn 0.717529 -0.480713 -0.503662
vn -0.638428 -0.137207 -0.757080
vn -0.433105 -0.111328 -0.894287
vn -0.611084 -0.193115 -0.767334
vn 0.345703 -0.867188 -0.358154
vn 0.330078 -0.901611 -0.278809
vn 0.225830 -0.974121 0.000244
vn 0.216309 -0.649902 0.728271
vn -0.303467 -0.368164 0.878662
vn -0.490967 -0.386719 0.780518
vn -0.490967 -0.386719 0.780518
vn -0.503174 -0.129150 0.854248
vn -0.628906 -0.165283 0.759521
vn 0.345703 -0.867188 -0.358154
vn 0.684082 -0.502197 -0.528564
vn 0.330078 -0.901611 -0.278809
vn 0.218994 -0.649902 -0.727295
vn -0.384033 -0.512695 -0.767578
vn -0.352783 -0.423828 -0.833984
vn -0.228027 -0.424805 0.875732
vn -0.318115 -0.072510 0.945068
vn -0.267090 -0.264648 0.926514
vn 0.982178 -0.025146 -0.186035
vn 0.451416 0.205322 -0.868164
vn 0.684082 -0.502197 -0.528564
vn 0.218994 -0.649902 -0.727295
vn 0.219482 -0.229492 -0.947998
vn 0.731689 0.042969 -0.679932
vn 0.216309 -0.649902 0.728271
vn 0.431152 -0.129639 0.892822
vn -0.303467 -0.368164 0.878662
vn -0.296875 -0.037109 -0.954102
vn -0.433105 -0.111328 -0.894287
vn -0.516357 -0.094482 -0.850830
vn 0.218994 -0.649902 -0.727295
vn -0.352783 -0.423828 -0.833984
vn 0.219482 -0.229492 -0.947998
vn 0.847412 -0.114014 0.518311
vn 0.708984 0.312256 0.632080
vn 0.982178 -0.025146 -0.186035
vn 0.216309 -0.649902 0.728271
vn 0.754639 -0.039063 0.654541
vn 0.431152 -0.129639 0.892822
vn 0.219482 -0.229492 -0.947998
vn -0.433105 -0.111328 -0.894287
vn 0.451416 0.205322 -0.868164
vn -0.352783 -0.423828 -0.833984
vn -0.611084 -0.193115 -0.767334
vn -0.433105 -0.111328 -0.894287
vn -0.228027 -0.424805 0.875732
vn -0.628906 -0.165283 0.759521
vn -0.503174 -0.129150 0.854248
vn -0.303467 -0.368164 0.878662
vn -0.318115 -0.072510 0.945068
vn -0.503174 -0.129150 0.854248
vn 0.431152 -0.129639 0.892822
vn 0.708984 0.312256 0.632080
vn 0.679199 0.283691 0.676514
vn 0.731689 0.042969 -0.679932
vn 0.451416 0.205322 -0.868164
vn 0.639648 0.275635 -0.717285
vn 0.378662 0.833496 -0.402100
vn 0.068604 0.772705 -0.630615
vn 0.086914 0.996094 -0.004639
vn 0.068604 0.772705 -0.630615
vn 0.620361 0.483398 -0.617432
vn 0.033936 0.368164 -0.928955
vn -0.031494 -0.380371 -0.924072
vn 0.471436 -0.604492 -0.641846
vn -0.066650 -0.776855 -0.625732
vn -0.644287 -0.035156 -0.763672
vn -0.742920 -0.428467 -0.513916
vn -0.995850 0.089355 -0.001709
vn -0.534424 -0.481689 -0.694336
vn -0.742920 -0.428467 -0.513916
vn -0.644287 -0.035156 -0.763672
vn -0.066650 -0.776855 -0.625732
vn 0.233398 -0.879150 -0.414795
vn -0.086914 -0.996094 0.000000
vn 0.602051 0.798340 -0.002197
vn 0.378662 0.833496 -0.402100
vn 0.086914 0.996094 -0.004639
vn 0.620361 0.483398 -0.617432
vn 0.996338 -0.084717 0.001709
vn 0.587158 -0.102051 -0.802734
vn 0.587158 -0.102051 -0.802734
vn 0.717529 -0.480713 -0.503662
vn 0.471436 -0.604492 -0.641846
vn 0.471436 -0.604492 -0.641846
vn 0.345703 -0.867188 -0.358154
vn 0.233398 -0.879150 -0.414795
vn 0.233398 -0.879150 -0.414795
vn 0.345703 -0.867188 -0.358154
vn -0.086914 -0.996094 0.000000
vn 0.858643 -0.512207 0.001465
vn 0.717529 -0.480713 -0.503662
vn 0.996338 -0.084717 0.001709
vn -0.798340 0.220703 -0.560059
vn -0.992432 -0.011963 0.121094
vn -0.742920 -0.428467 -0.513916
vn 0.431152 -0.219238 -0.875000
vn 0.147705 -0.439941 -0.885498
vn 0.590576 -0.271484 -0.759766
vn 0.429932 -0.191406 0.882080
vn 0.298340 -0.452637 0.840088
vn 0.584717 -0.274658 0.762939
vn 0.220703 -0.302490 -0.927002
vn -0.742920 -0.428467 -0.513916
vn 0.147705 -0.439941 -0.885498
vn 0.275879 -0.112549 0.954346
vn 0.429932 -0.191406 0.882080
vn 0.310303 -0.130615 0.941406
vn -0.584473 0.373779 -0.719971
vn -0.631836 0.413086 -0.655518
vn -0.798340 0.220703 -0.560059
vn 0.431152 -0.219238 -0.875000
vn 0.256104 -0.116699 -0.959473
vn 0.147705 -0.439941 -0.885498
vn -0.610352 0.416504 0.673340
vn -0.649902 0.425293 0.629395
vn -0.992432 -0.011963 0.121094
vn 0.431152 -0.219238 -0.875000
vn 0.198975 -0.430664 -0.880127
vn 0.256104 -0.116699 -0.959473
vn 0.590576 -0.271484 -0.759766
vn 0.388672 -0.492432 -0.778320
vn 0.431152 -0.219238 -0.875000
vn 0.584717 -0.274658 0.762939
vn 0.589600 -0.268799 0.761475
vn 0.429932 -0.191406 0.882080
vn 0.275879 -0.112549 0.954346
vn -0.227783 -0.178955 0.957031
vn 0.429932 -0.191406 0.882080
vn -0.610352 0.416504 0.673340
vn -0.717529 0.197754 0.667725
vn -0.649902 0.425293 0.629395
vn -0.584473 0.373779 -0.719971
vn -0.443359 -0.075684 -0.892822
vn -0.631836 0.413086 -0.655518
vn 0.068604 0.772705 -0.630615
vn -0.524658 0.583496 -0.619385
vn -0.226807 0.886475 -0.403076
vn -0.534424 -0.481689 -0.694336
vn -0.644287 -0.035156 -0.763672
vn -0.031494 -0.380371 -0.924072
vn -0.453369 -0.792480 -0.407471
vn -0.534424 -0.481689 -0.694336
vn -0.066650 -0.776855 -0.625732
vn 0.620361 0.483398 -0.617432
vn 0.602051 0.798340 -0.002197
vn 0.874268 0.484863 -0.005615
vn -0.776855 0.629395 -0.008545
vn -0.524658 0.583496 -0.619385
vn -0.995850 0.089355 -0.001709
vn -0.995850 0.089355 -0.001709
vn -0.742920 -0.428467 -0.513916
vn -0.944092 -0.329346 -0.001465
vn -0.474854 -0.820801 -0.317139
vn -0.742920 -0.428467 -0.513916
vn -0.453369 -0.792480 -0.407471
vn -0.391357 -0.919922 -0.000488
vn -0.474854 -0.820801 -0.317139
vn -0.086914 -0.996094 0.000000
vn 0.225830 -0.974121 0.000244
vn -0.086914 -0.996094 0.000000
vn 0.345703 -0.867188 -0.358154
vn 0.033936 0.368164 -0.928955
vn -0.489258 0.264404 -0.830811
vn -0.524658 0.583496 -0.619385
vn 0.982178 -0.025146 -0.186035
vn 0.684082 -0.502197 -0.528564
vn 0.858643 -0.512207 0.001465
vn -0.516357 -0.094482 -0.850830
vn -0.433105 -0.111328 -0.894287
vn -0.638428 -0.137207 -0.757080
vn -0.303467 -0.368164 0.878662
vn -0.503174 -0.129150 0.854248
vn -0.490967 -0.386719 0.780518
vn 0.717529 -0.480713 -0.503662
vn 0.684082 -0.502197 -0.528564
vn 0.345703 -0.867188 -0.358154
vn -0.503174 -0.129150 0.854248
vn -0.318115 -0.072510 0.945068
vn -0.228027 -0.424805 0.875732
vn 0.639648 0.275635 -0.717285
vn 0.451416 0.205322 -0.868164
vn 0.982178 -0.025146 -0.186035
vn 0.451416 0.205322 -0.868164
vn -0.433105 -0.111328 -0.894287
vn -0.296875 -0.037109 -0.954102
vn 0.679199 0.283691 0.676514
vn 0.708984 0.312256 0.632080
vn 0.847412 -0.114014 0.518311
vn -0.352783 -0.423828 -0.833984
vn -0.433105 -0.111328 -0.894287
vn 0.219482 -0.229492 -0.947998
vn -0.384033 -0.512695 -0.767578
vn -0.611084 -0.193115 -0.767334
vn -0.352783 -0.423828 -0.833984
vn -0.629639 -0.162109 0.759521
vn -0.628906 -0.165283 0.759521
vn -0.228027 -0.424805 0.875732
vn 0.431152 -0.129639 0.892822
vn -0.318115 -0.072510 0.945068
vn -0.303467 -0.368164 0.878662
vn 0.754639 -0.039063 0.654541
vn 0.708984 0.312256 0.632080
vn 0.431152 -0.129639 0.892822
vn 0.219482 -0.229492 -0.947998
vn 0.451416 0.205322 -0.868164
vn 0.731689 0.042969 -0.679932
vn 0.378662 0.833496 -0.402100
vn 0.620361 0.483398 -0.617432
vn 0.068604 0.772705 -0.630615
vn 0.233398 -0.879150 -0.414795
vn -0.066650 -0.776855 -0.625732
vn 0.471436 -0.604492 -0.641846
vn 0.471436 -0.604492 -0.641846
vn -0.031494 -0.380371 -0.924072
vn 0.587158 -0.102051 -0.802734
vn -0.226807 0.886475 -0.403076
vn -0.524658 0.583496 -0.619385
vn -0.454346 0.890625 -0.004150
vn 0.378662 0.833496 -0.402100
vn 0.602051 0.798340 -0.002197
vn 0.620361 0.483398 -0.617432
vn 0.620361 0.483398 -0.617432
vn 0.587158 -0.102051 -0.802734
vn 0.033936 0.368164 -0.928955
vn -0.489258 0.264404 -0.830811
vn -0.995850 0.089355 -0.001709
vn -0.524658 0.583496 -0.619385
vn 0.000000 0.000000 0.000000
vn 0.000000 0.000000 0.000000
vn 0.000000 0.000000 0.000000
vn 0.000000 0.000000 0.000000
vn 0.000000 0.000000 0.000000
vn 0.000000 0.000000 0.000000
usemtl Texture
f 1/1/1 2/2/2 3/3/3
f 4/4/4 5/5/5 6/6/6
f 7/7/7 8/8/8 9/9/9
f 10/10/10 11/11/11 12/12/12
f 13/13/13 14/14/14 15/15/15
f 16/16/16 17/17/17 18/18/18
f 19/19/19 20/20/20 21/21/21
f 22/22/22 23/23/23 24/24/24
f 25/25/25 26/26/26 27/27/27
f 28/28/28 29/29/29 30/30/30
f 31/31/31 32/32/32 33/33/33
f 34/34/34 35/35/35 36/36/36
f 37/37/37 38/38/38 39/39/39
f 40/40/40 41/41/41 42/42/42
f 43/43/43 44/44/44 45/45/45
f 46/46/46 47/47/47 48/48/48
f 49/49/49 50/50/50 51/51/51
f 52/52/52 53/53/53 54/54/54
f 55/55/55 56/56/56 57/57/57
f 58/58/58 59/59/59 60/60/60
f 61/61/61 62/62/62 63/63/63
f 64/64/64 65/65/65 66/66/66
f 67/67/67 68/68/68 69/69/69
f 70/70/70 71/71/71 72/72/72
f 73/73/73 74/74/74 75/75/75
f 76/76/76 77/77/77 78/78/78
f 79/79/79 80/80/80 81/81/81
f 82/82/82 83/83/83 84/84/84
f 85/85/85 86/86/86 87/87/87
f 88/88/88 89/89/89 90/90/90
f 91/91/91 92/92/92 93/93/93
f 94/94/94 95/95/95 96/96/96
f 97/97/97 98/98/98 99/99/99
f 100/100/100 101/101/101 102/102/102
f 103/103/103 104/104/104 105/105/105
f 106/106/106 107/107/107 108/108/108
f 109/109/109 110/110/110 111/111/111
f 112/112/112 113/113/113 114/114/114
f 115/115/115 116/116/116 117/117/117
f 118/118/118 119/119/119 120/120/120
f 121/121/121 122/122/122 123/123/123
f 124/124/124 125/125/125 126/126/126
f 127/127/127 128/128/128 129/129/129
f 130/130/130 131/131/131 132/132/132
f 133/133/133 134/134/134 135/135/135
f 136/136/136 137/137/137 138/138/138
f 139/139/139 140/140/140 141/141/141
f 142/142/142 143/143/143 144/144/144
f 145/145/145 146/146/146 147/147/147
f 148/148/148 149/149/149 150/150/150
f 151/151/151 152/152/152 153/153/153
f 154/154/154 155/155/155 156/156/156
f 157/157/157 158/158/158 159/159/159
f 160/160/160 161/161/161 162/162/162
f 163/163/163 164/164/164 165/165/165
f 166/166/166 167/167/167 168/168/168
f 169/169/169 170/170/170 171/171/171
f 172/172/172 173/173/173 174/174/174
f 175/175/175 176/176/176 177/177/177
f 178/178/178 179/179/179 180/180/180
f 181/181/181 182/182/182 183/183/183
f 184/184/184 185/185/185 186/186/186
f 187/187/187 188/188/188 189/189/189
f 190/190/190 191/191/191 192/192/192
f 193/193/193 194/194/194 195/195/195
f 196/196/196 197/197/197 198/198/198
f 199/199/199 200/200/200 201/201/201
f 202/202/202 203/203/203 204/204/204
f 205/205/205 206/206/206 207/207/207
f 208/208/208 209/209/209 210/210/210
f 211/211/211 212/212/212 213/213/213
f 214/214/214 215/215/215 216/216/216
f 217/217/217 218/218/218 219/219/219
f 220/220/220 221/221/221 222/222/222
f 223/223/223 224/224/224 225/225/225
f 226/226/226 227/227/227 228/228/228
f 229/229/229 230/230/230 231/231/231
f 232/232/232 233/233/233 234/234/234
f 235/235/235 236/236/236 237/237/237
f 238/238/238 239/239/239 240/240/240
f 241/241/241 242/242/242 243/243/243
f 244/244/244 245/245/245 246/246/246
f 247/247/247 248/248/248 249/249/249
f 250/250/250 251/251/251 252/252/252
f 253/253/253 254/254/254 255/255/255
f 256/256/256 257/257/257 258/258/258
f 259/259/259 260/260/260 261/261/261
f 262/262/262 263/263/263 264/264/264
f 265/265/265 266/266/266 267/267/267
f 268/268/268 269/269/269 270/270/270
f 271/271/271 272/272/272 273/273/273
f 274/274/274 275/275/275 276/276/276
f 277/277/277 278/278/278 279/279/279
f 280/280/280 281/281/281 282/282/282
f 283/283/283 284/284/284 285/285/285
f 286/286/286 287/287/287 288/288/288
f 289/289/289 290/290/290 291/291/291
f 292/292/292 293/293/293 294/294/294
f 295/295/295 296/296/296 297/297/297
f 298/298/298 299/299/299 300/300/300
f 301/301/301 302/302/302 303/303/303
f 304/304/304 305/305/305 306/306/306
f 307/307/307 308/308/308 309/309/309
f 310/310/310 311/311/311 312/312/312
f 313/313/313 314/314/314 315/315/315
f 316/316/316 317/317/317 318/318/318
f 319/319/319 320/320/320 321/321/321
f 322/322/322 323/323/323 324/324/324
f 325/325/325 326/326/326 327/327/327
f 328/328/328 329/329/329 330/330/330
f 331/331/331 332/332/332 333/333/333
f 334/334/334 335/335/335 336/336/336
f 337/337/337 338/338/338 339/339/339
f 340/340/340 341/341/341 342/342/342
f 343/343/343 344/344/344 345/345/345
f 346/346/346 347/347/347 348/348/348
f 349/349/349 350/350/350 351/351/351
f 352/352/352 353/353/353 354/354/354
f 355/355/355 356/356/356 357/357/357
f 358/358/358 359/359/359 360/360/360
f 361/361/361 362/362/362 363/363/363
f 364/364/364 365/365/365 366/366/366
f 367/367/367 368/368/368 369/369/369
f 370/370/370 371/371/371 372/372/372
f 373/373/373 374/374/374 375/375/375
f 376/376/376 377/377/377 378/378/378
f 379/379/379 380/380/380 381/381/381
f 382/382/382 383/383/383 384/384/384
f 385/385/385 386/386/386 387/387/387
f 388/388/388 389/389/389 390/390/390
f 391/391/391 392/392/392 393/393/393
f 394/394/394 395/395/395 396/396/396
f 397/397/397 398/398/398 399/399/399
f 400/400/400 401/401/401 402/402/402
f 403/403/403 404/404/404 405/405/405
f 406/406/406 407/407/407 408/408/408
f 409/409/409 410/410/410 411/411/411
f 412/412/412 413/413/413 414/414/414
f 415/415/415 416/416/416 417/417/417
f 418/418/418 419/419/419 420/420/420
f 421/421/421 422/422/422 423/423/423
f 424/424/424 425/425/425 426/426/426
f 427/427/427 428/428/428 429/429/429
f 430/430/430 431/431/431 432/432/432
f 433/433/433 434/434/434 435/435/435
f 436/436/436 437/437/437 438/438/438
f 439/439/439 440/440/440 441/441/441
f 442/442/442 443/443/443 444/444/444
f 445/445/445 446/446/446 447/447/447
f 448/448/448 449/449/449 450/450/450
f 451/451/451 452/452/452 453/453/453
f 454/454/454 455/455/455 456/456/456
f 457/457/457 458/458/458 459/459/459
f 460/460/460 461/461/461 462/462/462
f 463/463/463 464/464/464 465/465/465
f 466/466/466 467/467/467 468/468/468
f 469/469/469 470/470/470 471/471/471
f 472/472/472 473/473/473 474/474/474
f 475/475/475 476/476/476 477/477/477
f 478/478/478 479/479/479 480/480/480
f 481/481/481 482/482/482 483/483/483
f 484/484/484 485/485/485 486/486/486
f 487/487/487 488/488/488 489/489/489
f 490/490/490 491/491/491 492/492/492
f 493/493/493 494/494/494 495/495/495
f 496/496/496 497/497/497 498/498/498
f 499/499/499 500/500/500 501/501/501
f 502/502/502 503/503/503 504/504/504
f 505/505/505 506/506/506 507/507/507
f 508/508/508 509/509/509 510/510/510
f 511/511/511 512/512/512 513/513/513
f 514/514/514 515/515/515 516/516/516
f 517/517/517 518/518/518 519/519/519
f 520/520/520 521/521/521 522/522/522
f 523/523/523 524/524/524 525/525/525
f 526/526/526 527/527/527 528/528/528
f 529/529/529 530/530/530 531/531/531
f 532/532/532 533/533/533 534/534/534
f 535/535/535 536/536/536 537/537/537
f 538/538/538 539/539/539 540/540/540
f 541/541/541 542/542/542 543/543/543
f 544/544/544 545/545/545 546/546/546
f 547/547/547 548/548/548 549/549/549
f 550/550/550 551/551/551 552/552/552
f 553/553/553 554/554/554 555/555/555
f 556/556/556 557/557/557 558/558/558
f 559/559/559 560/560/560 561/561/561
f 562/562/562 563/563/563 564/564/564
f 565/565/565 566/566/566 567/567/567
f 568/568/568 569/569/569 570/570/570
f 571/571/571 572/572/572 573/573/573
f 574/574/574 575/575/575 576/576/576
f 577/577/577 578/578/578 579/579/579
f 580/580/580 581/581/581 582/582/582
f 583/583/583 584/584/584 585/585/585
f 586/586/586 587/587/587 588/588/588
f 589/589/589 590/590/590 591/591/591
f 592/592/592 593/593/593 594/594/594
f 595/595/595 596/596/596 597/597/597
f 598/598/598 599/599/599 600/600/600
f 601/601/601 602/602/602 603/603/603
f 604/604/604 605/605/605 606/606/606
f 607/607/607 608/608/608 609/609/609
f 610/610/610 611/611/611 612/612/612
f 613/613/613 614/614/614 615/615/615
f 616/616/616 617/617/617 618/618/618
f 619/619/619 620/620/620 621/621/621
f 622/622/622 623/623/623 624/624/624
f 625/625/625 626/626/626 627/627/627
f 628/628/628 629/629/629 630/630/630
f 631/631/631 632/632/632 633/633/633
f 634/634/634 635/635/635 636/636/636
f 637/637/637 638/638/638 639/639/639
f 640/640/640 641/641/641 642/642/642
f 643/643/643 644/644/644 645/645/645
f 646/646/646 647/647/647 648/648/648
f 649/649/649 650/650/650 651/651/651
f 652/652/652 653/653/653 654/654/654
f 655/655/655 656/656/656 657/657/657
f 658/658/658 659/659/659 660/660/660
f 661/661/661 662/662/662 663/663/663
f 664/664/664 665/665/665 666/666/666
f 667/667/667 668/668/668 669/669/669
f 670/670/670 671/671/671 672/672/672
f 673/673/673 674/674/674 675/675/675
f 676/676/676 677/677/677 678/678/678
f 679/679/679 680/680/680 681/681/681
f 682/682/682 683/683/683 684/684/684
f 685/685/685 686/686/686 687/687/687
f 688/688/688 689/689/689 690/690/690
f 691/691/691 692/692/692 693/693/693
f 694/694/694 695/695/695 696/696/696
f 697/697/697 698/698/698 699/699/699
f 700/700/700 701/701/701 702/702/702
f 703/703/703 704/704/704 705/705/705
f 706/706/706 707/707/707 708/708/708
f 709/709/709 710/710/710 711/711/711
f 712/712/712 713/713/713 714/714/714
f 715/715/715 716/716/716 717/717/717
f 718/718/718 719/719/719 720/720/720
f 721/721/721 722/722/722 723/723/723
f 724/724/724 725/725/725 726/726/726
f 727/727/727 728/728/728 729/729/729
f 730/730/730 731/731/731 732/732/732
f 733/733/733 734/734/734 735/735/735
f 736/736/736 737/737/737 738/738/738
f 739/739/739 740/740/740 741/741/741
f 742/742/742 743/743/743 744/744/744
f 745/745/745 746/746/746 747/747/747
f 748/748/748 749/749/749 750/750/750
f 751/751/751 752/752/752 753/753/753
f 754/754/754 755/755/755 756/756/756
f 757/757/757 758/758/758 759/759/759
f 760/760/760 761/761/761 762/762/762
f 763/763/763 764/764/764 765/765/765
f 766/766/766 767/767/767 768/768/768
f 769/769/769 770/770/770 771/771/771
f 772/772/772 773/773/773 774/774/774
f 775/775/775 776/776/776 777/777/777
f 778/778/778 779/779/779 780/780/780
f 781/781/781 782/782/782 783/783/783
f 784/784/784 785/785/785 786/786/786
f 787/787/787 788/788/788 789/789/789
f 790/790/790 791/791/791 792/792/792
f 793/793/793 794/794/794 795/795/795
f 796/796/796 797/797/797 798/798/798
f 799/799/799 800/800/800 801/801/801
f 802/802/802 803/803/803 804/804/804
f 805/805/805 806/806/806 807/807/807
f 808/808/808 809/809/809 810/810/810
f 811/811/811 812/812/812 813/813/813
f 814/814/814 815/815/815 816/816/816
f 817/817/817 818/818/818 819/819/819
f 820/820/820 821/821/821 822/822/822
f 823/823/823 824/824/824 825/825/825
f 826/826/826 827/827/827 828/828/828
f 829/829/829 830/830/830 831/831/831
f 832/832/832 833/833/833 834/834/834
f 835/835/835 836/836/836 837/837/837
f 838/838/838 839/839/839 840/840/840
f 841/841/841 842/842/842 843/843/843
f 844/844/844 845/845/845 846/846/846
f 847/847/847 848/848/848 849/849/849
f 850/850/850 851/851/851 852/852/852
f 853/853/853 854/854/854 855/855/855
f 856/856/856 857/857/857 858/858/858
f 859/859/859 860/860/860 861/861/861
f 862/862/862 863/863/863 864/864/864
f 865/865/865 866/866/866 867/867/867
f 868/868/868 869/869/869 870/870/870
f 871/871/871 872/872/872 873/873/873
f 874/874/874 875/875/875 876/876/876
f 877/877/877 878/878/878 879/879/879
f 880/880/880 881/881/881 882/882/882
f 883/883/883 884/884/884 885/885/885
f 886/886/886 887/887/887 888/888/888
f 889/889/889 890/890/890 891/891/891
f 892/892/892 893/893/893 894/894/894
f 895/895/895 896/896/896 897/897/897
f 898/898/898 899/899/899 900/900/900
f 901/901/901 902/902/902 903/903/903
f 904/904/904 905/905/905 906/906/906
f 907/907/907 908/908/908 909/909/909
f 910/910/910 911/911/911 912/912/912
f 913/913/913 914/914/914 915/915/915
f 916/916/916 917/917/917 918/918/918
f 919/919/919 920/920/920 921/921/921
f 922/922/922 923/923/923 924/924/924
f 925/925/925 926/926/926 927/927/927
f 928/928/928 929/929/929 930/930/930
f 931/931/931 932/932/932 933/933/933
f 934/934/934 935/935/935 936/936/936
f 937/937/937 938/938/938 939/939/939
f 940/940/940 941/941/941 942/942/942
f 943/943/943 944/944/944 945/945/945
f 946/946/946 947/947/947 948/948/948
f 949/949/949 950/950/950 951/951/951
f 952/952/952 953/953/953 954/954/954
f 955/955/955 956/956/956 957/957/957
f 958/958/958 959/959/959 960/960/960
f 961/961/961 962/962/962 963/963/963
f 964/964/964 965/965/965 966/966/966
f 967/967/967 968/968/968 969/969/969
f 970/970/970 971/971/971 972/972/972
f 973/973/973 974/974/974 975/975/975
f 976/976/976 977/977/977 978/978/978
f 979/979/979 980/980/980 981/981/981
f 982/982/982 983/983/983 984/984/984
f 985/985/985 986/986/986 987/987/987
f 988/988/988 989/989/989 990/990/990
f 991/991/991 992/992/992 993/993/993
f 994/994/994 995/995/995 996/996/996
f 997/997/997 998/998/998 999/999/999
f 1000/1000/1000 1001/1001/1001 1002/1002/1002
f 1003/1003/1003 1004/1004/1004 1005/1005/1005
f 1006/1006/1006 1007/1007/1007 1008/1008/1008
f 1009/1009/1009 1010/1010/1010 1011/1011/1011
f 1012/1012/1012 1013/1013/1013 1014/1014/1014
f 1015/1015/1015 1016/1016/1016 1017/1017/1017
f 1018/1018/1018 1019/1019/1019 1020/1020/1020
f 1021/1021/1021 1022/1022/1022 1023/1023/1023
f 1024/1024/1024 1025/1025/1025 1026/1026/1026
f 1027/1027/1027 1028/1028/1028 1029/1029/1029
f 1030/1030/1030 1031/1031/1031 1032/1032/1032
f 1033/1033/1033 1034/1034/1034 1035/1035/1035
f 1036/1036/1036 1037/1037/1037 1038/1038/1038
f 1039/1039/1039 1040/1040/1040 1041/1041/1041
f 1042/1042/1042 1043/1043/1043 1044/1044/1044
f 1045/1045/1045 1046/1046/1046 1047/1047/1047
f 1048/1048/1048 1049/1049/1049 1050/1050/1050
f 1051/1051/1051 1052/1052/1052 1053/1053/1053
f 1054/1054/1054 1055/1055/1055 1056/1056/1056
f 1057/1057/1057 1058/1058/1058 1059/1059/1059
f 1060/1060/1060 1061/1061/1061 1062/1062/1062
f 1063/1063/1063 1064/1064/1064 1065/1065/1065
f 1066/1066/1066 1067/1067/1067 1068/1068/1068
f 1069/1069/1069 1070/1070/1070 1071/1071/1071
f 1072/1072/1072 1073/1073/1073 1074/1074/1074
f 1075/1075/1075 1076/1076/1076 1077/1077/1077
f 1078/1078/1078 1079/1079/1079 1080/1080/1080
f 1081/1081/1081 1082/1082/1082 1083/1083/1083
f 1084/1084/1084 1085/1085/1085 1086/1086/1086
f 1087/1087/1087 1088/1088/1088 1089/1089/1089
f 1090/1090/1090 1091/1091/1091 1092/1092/1092
f 1093/1093/1093 1094/1094/1094 1095/1095/1095
f 1096/1096/1096 1097/1097/1097 1098/1098/1098
f 1099/1099/1099 1100/1100/1100 1101/1101/1101
f 1102/1102/1102 1103/1103/1103 1104/1104/1104
f 1105/1105/1105 1106/1106/1106 1107/1107/1107
f 1108/1108/1108 1109/1109/1109 1110/1110/1110
f 1111/1111/1111 1112/1112/1112 1113/1113/1113
f 1114/1114/1114 1115/1115/1115 1116/1116/1116
f 1117/1117/1117 1118/1118/1118 1119/1119/1119
f 1120/1120/1120 1121/1121/1121 1122/1122/1122
f 1123/1123/1123 1124/1124/1124 1125/1125/1125
f 1126/1126/1126 1127/1127/1127 1128/1128/1128
f 1129/1129/1129 1130/1130/1130 1131/1131/1131
f 1132/1132/1132 1133/1133/1133 1134/1134/1134
f 1135/1135/1135 1136/1136/1136 1137/1137/1137
f 1138/1138/1138 1139/1139/1139 1140/1140/1140