# OBJ file
mtllib MY2.ICO.mtl
v -0.776611 2.214600 -0.283203 0.266667 0.192157 0.545098 #0.501961
v -0.979248 1.801025 -0.693604 0.266667 0.192157 0.545098 #0.501961
v -1.134277 1.996338 -0.242920 0.266667 0.192157 0.545098 #0.501961
v -0.666016 1.963135 -0.757812 0.266667 0.192157 0.545098 #0.501961
v -0.979248 1.801025 -0.693604 0.266667 0.192157 0.545098 #0.501961
v -0.776611 2.214600 -0.283203 0.266667 0.192157 0.545098 #0.501961
v -0.666016 1.963135 -0.757812 0.266667 0.192157 0.545098 #0.501961
v -0.572510 1.597900 -1.075684 0.266667 0.192157 0.545098 #0.501961
v -0.979248 1.801025 -0.693604 0.266667 0.192157 0.545098 #0.501961
v -0.572510 1.597900 -1.075684 0.266667 0.192157 0.545098 #0.501961
v -0.842285 1.489990 -0.998779 0.266667 0.192157 0.545098 #0.501961
v -0.979248 1.801025 -0.693604 0.266667 0.192157 0.545098 #0.501961
v -0.979248 1.801025 -0.693604 0.266667 0.192157 0.545098 #0.501961
v -1.385498 1.620850 -0.238281 0.266667 0.192157 0.545098 #0.501961
v -1.134277 1.996338 -0.242920 0.266667 0.192157 0.545098 #0.501961
v -0.979248 1.801025 -0.693604 0.266667 0.192157 0.545098 #0.501961
v -1.202393 1.515137 -0.654053 0.266667 0.192157 0.545098 #0.501961
v -1.385498 1.620850 -0.238281 0.266667 0.192157 0.545098 #0.501961
v -0.979248 1.801025 -0.693604 0.266667 0.192157 0.545098 #0.501961
v -1.037598 1.369141 -0.915283 0.266667 0.192157 0.545098 #0.501961
v -1.202393 1.515137 -0.654053 0.266667 0.192157 0.545098 #0.501961
v -0.842285 1.489990 -0.998779 0.266667 0.192157 0.545098 #0.501961
v -1.037598 1.369141 -0.915283 0.266667 0.192157 0.545098 #0.501961
v -0.979248 1.801025 -0.693604 0.266667 0.192157 0.545098 #0.501961
v -0.391357 2.327881 -0.304199 0.266667 0.192157 0.545098 #0.501961
v -0.666016 1.963135 -0.757812 0.266667 0.192157 0.545098 #0.501961
v -0.776611 2.214600 -0.283203 0.266667 0.192157 0.545098 #0.501961
v -0.334229 2.045410 -0.795898 0.266667 0.192157 0.545098 #0.501961
v -0.666016 1.963135 -0.757812 0.266667 0.192157 0.545098 #0.501961
v -0.391357 2.327881 -0.304199 0.266667 0.192157 0.545098 #0.501961
v -0.334229 2.045410 -0.795898 0.266667 0.192157 0.545098 #0.501961
v -0.286865 1.656738 -1.124023 0.266667 0.192157 0.545098 #0.501961
v -0.666016 1.963135 -0.757812 0.266667 0.192157 0.545098 #0.501961
v -0.286865 1.656738 -1.124023 0.266667 0.192157 0.545098 #0.501961
v -0.572510 1.597900 -1.075684 0.266667 0.192157 0.545098 #0.501961
v -0.666016 1.963135 -0.757812 0.266667 0.192157 0.545098 #0.501961
v -0.851562 2.322998 0.290527 0.266667 0.192157 0.545098 #0.501961
v -0.882080 2.310547 0.874268 0.266667 0.192157 0.545098 #0.501961
v -0.449951 2.483154 0.891113 0.266667 0.192157 0.545098 #0.501961
v -0.432129 2.469971 0.290039 0.266667 0.192157 0.545098 #0.501961
v -0.851562 2.322998 0.290527 0.266667 0.192157 0.545098 #0.501961
v -0.449951 2.483154 0.891113 0.266667 0.192157 0.545098 #0.501961
v -0.432129 2.469971 0.290039 0.266667 0.192157 0.545098 #0.501961
v -0.776611 2.214600 -0.283203 0.266667 0.192157 0.545098 #0.501961
v -0.851562 2.322998 0.290527 0.266667 0.192157 0.545098 #0.501961
v -0.391357 2.327881 -0.304199 0.266667 0.192157 0.545098 #0.501961
v -0.776611 2.214600 -0.283203 0.266667 0.192157 0.545098 #0.501961
v -0.432129 2.469971 0.290039 0.266667 0.192157 0.545098 #0.501961
v -1.232666 2.036865 0.292480 0.266667 0.192157 0.545098 #0.501961
v -1.267822 1.967041 0.842529 0.266667 0.192157 0.545098 #0.501961
v -0.882080 2.310547 0.874268 0.266667 0.192157 0.545098 #0.501961
v -0.851562 2.322998 0.290527 0.266667 0.192157 0.545098 #0.501961
v -1.232666 2.036865 0.292480 0.266667 0.192157 0.545098 #0.501961
v -0.882080 2.310547 0.874268 0.266667 0.192157 0.545098 #0.501961
v -0.851562 2.322998 0.290527 0.266667 0.192157 0.545098 #0.501961
v -1.134277 1.996338 -0.242920 0.266667 0.192157 0.545098 #0.501961
v -1.232666 2.036865 0.292480 0.266667 0.192157 0.545098 #0.501961
v -0.776611 2.214600 -0.283203 0.266667 0.192157 0.545098 #0.501961
v -1.134277 1.996338 -0.242920 0.266667 0.192157 0.545098 #0.501961
v -0.851562 2.322998 0.290527 0.266667 0.192157 0.545098 #0.501961
v -1.498535 1.594971 0.261963 0.266667 0.192157 0.545098 #0.501961
v -1.537354 1.480713 0.785156 0.266667 0.192157 0.545098 #0.501961
v -1.267822 1.967041 0.842529 0.266667 0.192157 0.545098 #0.501961
v -1.232666 2.036865 0.292480 0.266667 0.192157 0.545098 #0.501961
v -1.498535 1.594971 0.261963 0.266667 0.192157 0.545098 #0.501961
v -1.267822 1.967041 0.842529 0.266667 0.192157 0.545098 #0.501961
v -1.134277 1.996338 -0.242920 0.266667 0.192157 0.545098 #0.501961
v -1.498535 1.594971 0.261963 0.266667 0.192157 0.545098 #0.501961
v -1.232666 2.036865 0.292480 0.266667 0.192157 0.545098 #0.501961
v -1.385498 1.620850 -0.238281 0.266667 0.192157 0.545098 #0.501961
v -1.498535 1.594971 0.261963 0.266667 0.192157 0.545098 #0.501961
v -1.134277 1.996338 -0.242920 0.266667 0.192157 0.545098 #0.501961
v -1.467773 0.187988 -0.541504 0.266667 0.192157 0.545098 #0.501961
v -1.399658 0.138428 -0.678467 0.266667 0.192157 0.545098 #0.501961
v -1.550781 0.169922 -0.067139 0.266667 0.192157 0.545098 #0.501961
v -1.467773 0.187988 -0.541504 0.266667 0.192157 0.545098 #0.501961
v -1.550781 0.169922 -0.067139 0.266667 0.192157 0.545098 #0.501961
v -1.572266 0.343506 -0.023438 0.266667 0.192157 0.545098 #0.501961
v -1.572266 0.343506 -0.023438 0.266667 0.192157 0.545098 #0.501961
v -1.550781 0.169922 -0.067139 0.266667 0.192157 0.545098 #0.501961
v -1.647217 0.274170 0.516357 0.266667 0.192157 0.545098 #0.501961
v -1.454590 0.366943 -0.545898 0.266667 0.192157 0.545098 #0.501961
v -1.467773 0.187988 -0.541504 0.266667 0.192157 0.545098 #0.501961
v -1.572266 0.343506 -0.023438 0.266667 0.192157 0.545098 #0.501961
v -0.449951 2.483154 0.891113 0.266667 0.192157 0.545098 #0.501961
v -0.871338 2.199707 1.384766 0.266667 0.192157 0.545098 #0.501961
v -0.445801 2.376221 1.412842 0.266667 0.192157 0.545098 #0.501961
v -0.882080 2.310547 0.874268 0.266667 0.192157 0.545098 #0.501961
v -0.871338 2.199707 1.384766 0.266667 0.192157 0.545098 #0.501961
v -0.449951 2.483154 0.891113 0.266667 0.192157 0.545098 #0.501961
v -0.445801 2.376221 1.412842 0.266667 0.192157 0.545098 #0.501961
v -0.827881 1.963867 1.796875 0.266667 0.192157 0.545098 #0.501961
v -0.427002 2.102783 1.846436 0.266667 0.192157 0.545098 #0.501961
v -0.871338 2.199707 1.384766 0.266667 0.192157 0.545098 #0.501961
v -0.827881 1.963867 1.796875 0.266667 0.192157 0.545098 #0.501961
v -0.445801 2.376221 1.412842 0.266667 0.192157 0.545098 #0.501961
v -0.827881 1.963867 1.796875 0.266667 0.192157 0.545098 #0.501961
v -0.408203 1.632812 2.190430 0.266667 0.192157 0.545098 #0.501961
v -0.427002 2.102783 1.846436 0.266667 0.192157 0.545098 #0.501961
v -0.827881 1.963867 1.796875 0.266667 0.192157 0.545098 #0.501961
v -0.807373 1.547607 2.085205 0.266667 0.192157 0.545098 #0.501961
v -0.408203 1.632812 2.190430 0.266667 0.192157 0.545098 #0.501961
v -0.807373 1.547607 2.085205 0.266667 0.192157 0.545098 #0.501961
v -0.385986 1.082520 2.410400 0.266667 0.192157 0.545098 #0.501961
v -0.408203 1.632812 2.190430 0.266667 0.192157 0.545098 #0.501961
v -0.807373 1.547607 2.085205 0.266667 0.192157 0.545098 #0.501961
v -0.761963 1.060547 2.260498 0.266667 0.192157 0.545098 #0.501961
v -0.385986 1.082520 2.410400 0.266667 0.192157 0.545098 #0.501961
v -1.067139 0.101074 -1.763916 0.266667 0.192157 0.545098 #0.501961
v -1.294678 0.041992 -1.435547 0.266667 0.192157 0.545098 #0.501961
v -1.301025 0.082031 -1.432617 0.266667 0.192157 0.545098 #0.501961
v -1.067139 0.101074 -1.763916 0.266667 0.192157 0.545098 #0.501961
v -1.301025 0.082031 -1.432617 0.266667 0.192157 0.545098 #0.501961
v -1.029053 0.142578 -1.878906 0.266667 0.192157 0.545098 #0.501961
v -1.029053 0.142578 -1.878906 0.266667 0.192157 0.545098 #0.501961
v -1.301025 0.082031 -1.432617 0.266667 0.192157 0.545098 #0.501961
v -1.005615 0.214844 -1.840820 0.266667 0.192157 0.545098 #0.501961
v -1.005615 0.214844 -1.840820 0.266667 0.192157 0.545098 #0.501961
v -1.301025 0.082031 -1.432617 0.266667 0.192157 0.545098 #0.501961
v -1.280518 0.153564 -1.410645 0.266667 0.192157 0.545098 #0.501961
v -0.752197 0.188477 -2.123535 0.266667 0.192157 0.545098 #0.501961
v -1.067139 0.101074 -1.763916 0.266667 0.192157 0.545098 #0.501961
v -1.029053 0.142578 -1.878906 0.266667 0.192157 0.545098 #0.501961
v -0.752197 0.188477 -2.123535 0.266667 0.192157 0.545098 #0.501961
v -1.029053 0.142578 -1.878906 0.266667 0.192157 0.545098 #0.501961
v -0.709229 0.215576 -2.288818 0.266667 0.192157 0.545098 #0.501961
v -0.709229 0.215576 -2.288818 0.266667 0.192157 0.545098 #0.501961
v -1.029053 0.142578 -1.878906 0.266667 0.192157 0.545098 #0.501961
v -0.690674 0.284424 -2.230225 0.266667 0.192157 0.545098 #0.501961
v -0.690674 0.284424 -2.230225 0.266667 0.192157 0.545098 #0.501961
v -1.029053 0.142578 -1.878906 0.266667 0.192157 0.545098 #0.501961
v -1.005615 0.214844 -1.840820 0.266667 0.192157 0.545098 #0.501961
v -0.354248 0.237549 -2.452393 0.266667 0.192157 0.545098 #0.501961
v -0.357178 0.211670 -2.343262 0.266667 0.192157 0.545098 #0.501961
v -0.709229 0.215576 -2.288818 0.266667 0.192157 0.545098 #0.501961
v -0.357178 0.211670 -2.343262 0.266667 0.192157 0.545098 #0.501961
v -0.752197 0.188477 -2.123535 0.266667 0.192157 0.545098 #0.501961
v -0.709229 0.215576 -2.288818 0.266667 0.192157 0.545098 #0.501961
v -0.354248 0.237549 -2.452393 0.266667 0.192157 0.545098 #0.501961
v -0.709229 0.215576 -2.288818 0.266667 0.192157 0.545098 #0.501961
v -0.347656 0.307861 -2.376709 0.266667 0.192157 0.545098 #0.501961
v -0.347656 0.307861 -2.376709 0.266667 0.192157 0.545098 #0.501961
v -0.709229 0.215576 -2.288818 0.266667 0.192157 0.545098 #0.501961
v -0.690674 0.284424 -2.230225 0.266667 0.192157 0.545098 #0.501961
v -1.068604 0.566162 -1.085205 0.266667 0.192157 0.545098 #0.501961
v -1.179932 0.324707 -1.238037 0.266667 0.192157 0.545098 #0.501961
v -1.273926 0.475586 -0.854248 0.266667 0.192157 0.545098 #0.501961
v -1.179932 0.324707 -1.238037 0.266667 0.192157 0.545098 #0.501961
v -1.370605 0.216553 -0.996094 0.266667 0.192157 0.545098 #0.501961
v -1.273926 0.475586 -0.854248 0.266667 0.192157 0.545098 #0.501961
v -1.179932 0.324707 -1.238037 0.266667 0.192157 0.545098 #0.501961
v -1.280518 0.153564 -1.410645 0.266667 0.192157 0.545098 #0.501961
v -1.370605 0.216553 -0.996094 0.266667 0.192157 0.545098 #0.501961
v -1.273926 0.475586 -0.854248 0.266667 0.192157 0.545098 #0.501961
v -1.370605 0.216553 -0.996094 0.266667 0.192157 0.545098 #0.501961
v -1.454590 0.366943 -0.545898 0.266667 0.192157 0.545098 #0.501961
v -1.370605 0.216553 -0.996094 0.266667 0.192157 0.545098 #0.501961
v -1.467773 0.187988 -0.541504 0.266667 0.192157 0.545098 #0.501961
v -1.454590 0.366943 -0.545898 0.266667 0.192157 0.545098 #0.501961
v -1.370605 0.216553 -0.996094 0.266667 0.192157 0.545098 #0.501961
v -1.392578 0.124023 -1.008545 0.266667 0.192157 0.545098 #0.501961
v -1.467773 0.187988 -0.541504 0.266667 0.192157 0.545098 #0.501961
v -1.280518 0.153564 -1.410645 0.266667 0.192157 0.545098 #0.501961
v -1.392578 0.124023 -1.008545 0.266667 0.192157 0.545098 #0.501961
v -1.370605 0.216553 -0.996094 0.266667 0.192157 0.545098 #0.501961
v -1.280518 0.153564 -1.410645 0.266667 0.192157 0.545098 #0.501961
v -1.301025 0.082031 -1.432617 0.266667 0.192157 0.545098 #0.501961
v -1.392578 0.124023 -1.008545 0.266667 0.192157 0.545098 #0.501961
v -1.467773 0.187988 -0.541504 0.266667 0.192157 0.545098 #0.501961
v -1.392578 0.124023 -1.008545 0.266667 0.192157 0.545098 #0.501961
v -1.399658 0.138428 -0.678467 0.266667 0.192157 0.545098 #0.501961
v -1.392578 0.124023 -1.008545 0.266667 0.192157 0.545098 #0.501961
v -1.334961 0.080566 -1.129883 0.266667 0.192157 0.545098 #0.501961
v -1.399658 0.138428 -0.678467 0.266667 0.192157 0.545098 #0.501961
v -1.301025 0.082031 -1.432617 0.266667 0.192157 0.545098 #0.501961
v -1.334961 0.080566 -1.129883 0.266667 0.192157 0.545098 #0.501961
v -1.392578 0.124023 -1.008545 0.266667 0.192157 0.545098 #0.501961
v -1.301025 0.082031 -1.432617 0.266667 0.192157 0.545098 #0.501961
v -1.294678 0.041992 -1.435547 0.266667 0.192157 0.545098 #0.501961
v -1.334961 0.080566 -1.129883 0.266667 0.192157 0.545098 #0.501961
v -0.690674 0.284424 -2.230225 0.266667 0.192157 0.545098 #0.501961
v -1.005615 0.214844 -1.840820 0.266667 0.192157 0.545098 #0.501961
v -0.629883 0.449463 -1.793213 0.266667 0.192157 0.545098 #0.501961
v -0.629883 0.449463 -1.793213 0.266667 0.192157 0.545098 #0.501961
v -1.005615 0.214844 -1.840820 0.266667 0.192157 0.545098 #0.501961
v -0.916992 0.387207 -1.539307 0.266667 0.192157 0.545098 #0.501961
v -1.005615 0.214844 -1.840820 0.266667 0.192157 0.545098 #0.501961
v -1.280518 0.153564 -1.410645 0.266667 0.192157 0.545098 #0.501961
v -0.916992 0.387207 -1.539307 0.266667 0.192157 0.545098 #0.501961
v -0.916992 0.387207 -1.539307 0.266667 0.192157 0.545098 #0.501961
v -1.280518 0.153564 -1.410645 0.266667 0.192157 0.545098 #0.501961
v -1.179932 0.324707 -1.238037 0.266667 0.192157 0.545098 #0.501961
v -0.629883 0.449463 -1.793213 0.266667 0.192157 0.545098 #0.501961
v -0.916992 0.387207 -1.539307 0.266667 0.192157 0.545098 #0.501961
v -0.566406 0.685547 -1.352539 0.266667 0.192157 0.545098 #0.501961
v -0.566406 0.685547 -1.352539 0.266667 0.192157 0.545098 #0.501961
v -0.916992 0.387207 -1.539307 0.266667 0.192157 0.545098 #0.501961
v -0.824951 0.627441 -1.236572 0.266667 0.192157 0.545098 #0.501961
v -0.916992 0.387207 -1.539307 0.266667 0.192157 0.545098 #0.501961
v -1.179932 0.324707 -1.238037 0.266667 0.192157 0.545098 #0.501961
v -0.824951 0.627441 -1.236572 0.266667 0.192157 0.545098 #0.501961
v -0.824951 0.627441 -1.236572 0.266667 0.192157 0.545098 #0.501961
v -1.179932 0.324707 -1.238037 0.266667 0.192157 0.545098 #0.501961
v -1.068604 0.566162 -1.085205 0.266667 0.192157 0.545098 #0.501961
v -0.347656 0.307861 -2.376709 0.266667 0.192157 0.545098 #0.501961
v -0.690674 0.284424 -2.230225 0.266667 0.192157 0.545098 #0.501961
v -0.317139 0.477539 -1.892822 0.266667 0.192157 0.545098 #0.501961
v -0.317139 0.477539 -1.892822 0.266667 0.192157 0.545098 #0.501961
v -0.690674 0.284424 -2.230225 0.266667 0.192157 0.545098 #0.501961
v -0.629883 0.449463 -1.793213 0.266667 0.192157 0.545098 #0.501961
v -0.317139 0.477539 -1.892822 0.266667 0.192157 0.545098 #0.501961
v -0.629883 0.449463 -1.793213 0.266667 0.192157 0.545098 #0.501961
v -0.285156 0.718750 -1.406006 0.266667 0.192157 0.545098 #0.501961
v -0.285156 0.718750 -1.406006 0.266667 0.192157 0.545098 #0.501961
v -0.629883 0.449463 -1.793213 0.266667 0.192157 0.545098 #0.501961
v -0.566406 0.685547 -1.352539 0.266667 0.192157 0.545098 #0.501961
v -1.499268 1.345459 1.284180 0.266667 0.192157 0.545098 #0.501961
v -1.371094 1.204102 1.713867 0.266667 0.192157 0.545098 #0.501961
v -1.151123 1.633057 1.764893 0.266667 0.192157 0.545098 #0.501961
v -1.244141 1.836670 1.343750 0.266667 0.192157 0.545098 #0.501961
v -1.499268 1.345459 1.284180 0.266667 0.192157 0.545098 #0.501961
v -1.151123 1.633057 1.764893 0.266667 0.192157 0.545098 #0.501961
v -1.244141 1.836670 1.343750 0.266667 0.192157 0.545098 #0.501961
v -1.151123 1.633057 1.764893 0.266667 0.192157 0.545098 #0.501961
v -0.827881 1.963867 1.796875 0.266667 0.192157 0.545098 #0.501961
v -0.871338 2.199707 1.384766 0.266667 0.192157 0.545098 #0.501961
v -1.244141 1.836670 1.343750 0.266667 0.192157 0.545098 #0.501961
v -0.827881 1.963867 1.796875 0.266667 0.192157 0.545098 #0.501961
v -1.537354 1.480713 0.785156 0.266667 0.192157 0.545098 #0.501961
v -1.499268 1.345459 1.284180 0.266667 0.192157 0.545098 #0.501961
v -1.244141 1.836670 1.343750 0.266667 0.192157 0.545098 #0.501961
v -1.267822 1.967041 0.842529 0.266667 0.192157 0.545098 #0.501961
v -1.537354 1.480713 0.785156 0.266667 0.192157 0.545098 #0.501961
v -1.244141 1.836670 1.343750 0.266667 0.192157 0.545098 #0.501961
v -1.267822 1.967041 0.842529 0.266667 0.192157 0.545098 #0.501961
v -1.244141 1.836670 1.343750 0.266667 0.192157 0.545098 #0.501961
v -0.882080 2.310547 0.874268 0.266667 0.192157 0.545098 #0.501961
v -0.882080 2.310547 0.874268 0.266667 0.192157 0.545098 #0.501961
v -1.244141 1.836670 1.343750 0.266667 0.192157 0.545098 #0.501961
v -0.871338 2.199707 1.384766 0.266667 0.192157 0.545098 #0.501961
v -1.371094 1.204102 1.713867 0.266667 0.192157 0.545098 #0.501961
v -1.101074 1.127686 2.027100 0.266667 0.192157 0.545098 #0.501961
v -1.151123 1.633057 1.764893 0.266667 0.192157 0.545098 #0.501961
v -1.151123 1.633057 1.764893 0.266667 0.192157 0.545098 #0.501961
v -1.101074 1.127686 2.027100 0.266667 0.192157 0.545098 #0.501961
v -0.807373 1.547607 2.085205 0.266667 0.192157 0.545098 #0.501961
v -1.101074 1.127686 2.027100 0.266667 0.192157 0.545098 #0.501961
v -0.761963 1.060547 2.260498 0.266667 0.192157 0.545098 #0.501961
v -0.807373 1.547607 2.085205 0.266667 0.192157 0.545098 #0.501961
v -1.151123 1.633057 1.764893 0.266667 0.192157 0.545098 #0.501961
v -0.807373 1.547607 2.085205 0.266667 0.192157 0.545098 #0.501961
v -0.827881 1.963867 1.796875 0.266667 0.192157 0.545098 #0.501961
v -0.789307 0.371582 -1.339844 0.266667 0.192157 0.545098 #0.501961
v -0.641846 0.291016 -1.790039 0.266667 0.192157 0.545098 #0.501961
v -0.575439 0.409912 -1.371826 0.266667 0.192157 0.545098 #0.501961
v -0.789307 0.371582 -1.339844 0.266667 0.192157 0.545098 #0.501961
v -0.889404 0.246338 -1.620117 0.266667 0.192157 0.545098 #0.501961
v -0.641846 0.291016 -1.790039 0.266667 0.192157 0.545098 #0.501961
v -0.982422 0.322754 -1.189941 0.266667 0.192157 0.545098 #0.501961
v -0.889404 0.246338 -1.620117 0.266667 0.192157 0.545098 #0.501961
v -0.789307 0.371582 -1.339844 0.266667 0.192157 0.545098 #0.501961
v -0.889404 0.246338 -1.620117 0.266667 0.192157 0.545098 #0.501961
v -0.752197 0.188477 -2.123535 0.266667 0.192157 0.545098 #0.501961
v -0.641846 0.291016 -1.790039 0.266667 0.192157 0.545098 #0.501961
v -0.329346 0.299072 -1.912842 0.266667 0.192157 0.545098 #0.501961
v -0.752197 0.188477 -2.123535 0.266667 0.192157 0.545098 #0.501961
v -0.357178 0.211670 -2.343262 0.266667 0.192157 0.545098 #0.501961
v -0.641846 0.291016 -1.790039 0.266667 0.192157 0.545098 #0.501961
v -0.752197 0.188477 -2.123535 0.266667 0.192157 0.545098 #0.501961
v -0.329346 0.299072 -1.912842 0.266667 0.192157 0.545098 #0.501961
v -0.301758 0.427490 -1.421631 0.266667 0.192157 0.545098 #0.501961
v -0.641846 0.291016 -1.790039 0.266667 0.192157 0.545098 #0.501961
v -0.329346 0.299072 -1.912842 0.266667 0.192157 0.545098 #0.501961
v -0.575439 0.409912 -1.371826 0.266667 0.192157 0.545098 #0.501961
v -0.641846 0.291016 -1.790039 0.266667 0.192157 0.545098 #0.501961
v -0.301758 0.427490 -1.421631 0.266667 0.192157 0.545098 #0.501961
v -1.190674 0.223145 -0.989746 0.266667 0.192157 0.545098 #0.501961
v -1.102539 0.149658 -1.426270 0.266667 0.192157 0.545098 #0.501961
v -0.982422 0.322754 -1.189941 0.266667 0.192157 0.545098 #0.501961
v -0.982422 0.322754 -1.189941 0.266667 0.192157 0.545098 #0.501961
v -1.102539 0.149658 -1.426270 0.266667 0.192157 0.545098 #0.501961
v -0.889404 0.246338 -1.620117 0.266667 0.192157 0.545098 #0.501961
v -0.889404 0.246338 -1.620117 0.266667 0.192157 0.545098 #0.501961
v -1.067139 0.101074 -1.763916 0.266667 0.192157 0.545098 #0.501961
v -0.752197 0.188477 -2.123535 0.266667 0.192157 0.545098 #0.501961
v -1.102539 0.149658 -1.426270 0.266667 0.192157 0.545098 #0.501961
v -1.067139 0.101074 -1.763916 0.266667 0.192157 0.545098 #0.501961
v -0.889404 0.246338 -1.620117 0.266667 0.192157 0.545098 #0.501961
v -1.102539 0.149658 -1.426270 0.266667 0.192157 0.545098 #0.501961
v -1.294678 0.041992 -1.435547 0.266667 0.192157 0.545098 #0.501961
v -1.067139 0.101074 -1.763916 0.266667 0.192157 0.545098 #0.501961
v -1.334961 0.080566 -1.129883 0.266667 0.192157 0.545098 #0.501961
v -1.294678 0.041992 -1.435547 0.266667 0.192157 0.545098 #0.501961
v -1.102539 0.149658 -1.426270 0.266667 0.192157 0.545098 #0.501961
v -1.399658 0.138428 -0.678467 0.266667 0.192157 0.545098 #0.501961
v -1.334961 0.080566 -1.129883 0.266667 0.192157 0.545098 #0.501961
v -1.190674 0.223145 -0.989746 0.266667 0.192157 0.545098 #0.501961
v -1.190674 0.223145 -0.989746 0.266667 0.192157 0.545098 #0.501961
v -1.334961 0.080566 -1.129883 0.266667 0.192157 0.545098 #0.501961
v -1.102539 0.149658 -1.426270 0.266667 0.192157 0.545098 #0.501961
v -0.725098 2.125732 -0.234375 0.266667 0.192157 0.545098 #0.501961
v -0.912354 1.742432 -0.619629 0.266667 0.192157 0.545098 #0.501961
v -0.620850 1.890137 -0.681885 0.266667 0.192157 0.545098 #0.501961
v -1.058350 1.928467 -0.193604 0.266667 0.192157 0.545098 #0.501961
v -0.912354 1.742432 -0.619629 0.266667 0.192157 0.545098 #0.501961
v -0.725098 2.125732 -0.234375 0.266667 0.192157 0.545098 #0.501961
v -1.058350 1.928467 -0.193604 0.266667 0.192157 0.545098 #0.501961
v -1.290039 1.576660 -0.188721 0.266667 0.192157 0.545098 #0.501961
v -0.912354 1.742432 -0.619629 0.266667 0.192157 0.545098 #0.501961
v -1.290039 1.576660 -0.188721 0.266667 0.192157 0.545098 #0.501961
v -1.119873 1.467529 -0.581055 0.266667 0.192157 0.545098 #0.501961
v -0.912354 1.742432 -0.619629 0.266667 0.192157 0.545098 #0.501961
v -0.912354 1.742432 -0.619629 0.266667 0.192157 0.545098 #0.501961
v -0.532715 1.535889 -0.978760 0.266667 0.192157 0.545098 #0.501961
v -0.620850 1.890137 -0.681885 0.266667 0.192157 0.545098 #0.501961
v -0.912354 1.742432 -0.619629 0.266667 0.192157 0.545098 #0.501961
v -0.782959 1.436279 -0.906738 0.266667 0.192157 0.545098 #0.501961
v -0.532715 1.535889 -0.978760 0.266667 0.192157 0.545098 #0.501961
v -1.119873 1.467529 -0.581055 0.266667 0.192157 0.545098 #0.501961
v -0.782959 1.436279 -0.906738 0.266667 0.192157 0.545098 #0.501961
v -0.912354 1.742432 -0.619629 0.266667 0.192157 0.545098 #0.501961
v -1.119873 1.467529 -0.581055 0.266667 0.192157 0.545098 #0.501961
v -0.963135 1.317627 -0.827881 0.266667 0.192157 0.545098 #0.501961
v -0.782959 1.436279 -0.906738 0.266667 0.192157 0.545098 #0.501961
v -0.365723 2.227295 -0.255859 0.266667 0.192157 0.545098 #0.501961
v -0.620850 1.890137 -0.681885 0.266667 0.192157 0.545098 #0.501961
v -0.311523 1.963867 -0.719238 0.266667 0.192157 0.545098 #0.501961
v -0.725098 2.125732 -0.234375 0.266667 0.192157 0.545098 #0.501961
v -0.620850 1.890137 -0.681885 0.266667 0.192157 0.545098 #0.501961
v -0.365723 2.227295 -0.255859 0.266667 0.192157 0.545098 #0.501961
v -0.620850 1.890137 -0.681885 0.266667 0.192157 0.545098 #0.501961
v -0.267334 1.589600 -1.024902 0.266667 0.192157 0.545098 #0.501961
v -0.311523 1.963867 -0.719238 0.266667 0.192157 0.545098 #0.501961
v -0.620850 1.890137 -0.681885 0.266667 0.192157 0.545098 #0.501961
v -0.532715 1.535889 -0.978760 0.266667 0.192157 0.545098 #0.501961
v -0.267334 1.589600 -1.024902 0.266667 0.192157 0.545098 #0.501961
v -0.420166 2.373047 0.879150 0.266667 0.192157 0.545098 #0.501961
v -0.822998 2.214844 0.863770 0.266667 0.192157 0.545098 #0.501961
v -0.794922 2.226318 0.310303 0.266667 0.192157 0.545098 #0.501961
v -0.420166 2.373047 0.879150 0.266667 0.192157 0.545098 #0.501961
v -0.794922 2.226318 0.310303 0.266667 0.192157 0.545098 #0.501961
v -0.403564 2.359619 0.308350 0.266667 0.192157 0.545098 #0.501961
v -0.794922 2.226318 0.310303 0.266667 0.192157 0.545098 #0.501961
v -0.725098 2.125732 -0.234375 0.266667 0.192157 0.545098 #0.501961
v -0.403564 2.359619 0.308350 0.266667 0.192157 0.545098 #0.501961
v -0.403564 2.359619 0.308350 0.266667 0.192157 0.545098 #0.501961
v -0.725098 2.125732 -0.234375 0.266667 0.192157 0.545098 #0.501961
v -0.365723 2.227295 -0.255859 0.266667 0.192157 0.545098 #0.501961
v -0.822998 2.214844 0.863770 0.266667 0.192157 0.545098 #0.501961
v -1.149658 1.964355 0.314453 0.266667 0.192157 0.545098 #0.501961
v -0.794922 2.226318 0.310303 0.266667 0.192157 0.545098 #0.501961
v -0.822998 2.214844 0.863770 0.266667 0.192157 0.545098 #0.501961
v -1.182129 1.896484 0.835205 0.266667 0.192157 0.545098 #0.501961
v -1.149658 1.964355 0.314453 0.266667 0.192157 0.545098 #0.501961
v -1.182129 1.896484 0.835205 0.266667 0.192157 0.545098 #0.501961
v -1.395264 1.549805 0.286133 0.266667 0.192157 0.545098 #0.501961
v -1.149658 1.964355 0.314453 0.266667 0.192157 0.545098 #0.501961
v -1.182129 1.896484 0.835205 0.266667 0.192157 0.545098 #0.501961
v -1.431396 1.438477 0.781250 0.266667 0.192157 0.545098 #0.501961
v -1.395264 1.549805 0.286133 0.266667 0.192157 0.545098 #0.501961
v -0.794922 2.226318 0.310303 0.266667 0.192157 0.545098 #0.501961
v -1.058350 1.928467 -0.193604 0.266667 0.192157 0.545098 #0.501961
v -0.725098 2.125732 -0.234375 0.266667 0.192157 0.545098 #0.501961
v -1.149658 1.964355 0.314453 0.266667 0.192157 0.545098 #0.501961
v -1.058350 1.928467 -0.193604 0.266667 0.192157 0.545098 #0.501961
v -0.794922 2.226318 0.310303 0.266667 0.192157 0.545098 #0.501961
v -1.149658 1.964355 0.314453 0.266667 0.192157 0.545098 #0.501961
v -1.395264 1.549805 0.286133 0.266667 0.192157 0.545098 #0.501961
v -1.058350 1.928467 -0.193604 0.266667 0.192157 0.545098 #0.501961
v -1.058350 1.928467 -0.193604 0.266667 0.192157 0.545098 #0.501961
v -1.395264 1.549805 0.286133 0.266667 0.192157 0.545098 #0.501961
v -1.290039 1.576660 -0.188721 0.266667 0.192157 0.545098 #0.501961
v -0.420166 2.373047 0.879150 0.266667 0.192157 0.545098 #0.501961
v -0.813965 2.112549 1.343750 0.266667 0.192157 0.545098 #0.501961
v -0.822998 2.214844 0.863770 0.266667 0.192157 0.545098 #0.501961
v -0.416504 2.274902 1.370605 0.266667 0.192157 0.545098 #0.501961
v -0.813965 2.112549 1.343750 0.266667 0.192157 0.545098 #0.501961
v -0.420166 2.373047 0.879150 0.266667 0.192157 0.545098 #0.501961
v -0.416504 2.274902 1.370605 0.266667 0.192157 0.545098 #0.501961
v -0.774170 1.891357 1.728516 0.266667 0.192157 0.545098 #0.501961
v -0.813965 2.112549 1.343750 0.266667 0.192157 0.545098 #0.501961
v -0.399414 2.019043 1.776367 0.266667 0.192157 0.545098 #0.501961
v -0.774170 1.891357 1.728516 0.266667 0.192157 0.545098 #0.501961
v -0.416504 2.274902 1.370605 0.266667 0.192157 0.545098 #0.501961
v -0.399414 2.019043 1.776367 0.266667 0.192157 0.545098 #0.501961
v -0.381104 1.574951 2.099365 0.266667 0.192157 0.545098 #0.501961
v -0.774170 1.891357 1.728516 0.266667 0.192157 0.545098 #0.501961
v -0.381104 1.574951 2.099365 0.266667 0.192157 0.545098 #0.501961
v -0.754150 1.497803 1.998291 0.266667 0.192157 0.545098 #0.501961
v -0.774170 1.891357 1.728516 0.266667 0.192157 0.545098 #0.501961
v -0.381104 1.574951 2.099365 0.266667 0.192157 0.545098 #0.501961
v -0.358643 1.051758 2.306152 0.266667 0.192157 0.545098 #0.501961
v -0.754150 1.497803 1.998291 0.266667 0.192157 0.545098 #0.501961
v -0.358643 1.051758 2.306152 0.266667 0.192157 0.545098 #0.501961
v -0.708984 1.033691 2.162354 0.266667 0.192157 0.545098 #0.501961
v -0.754150 1.497803 1.998291 0.266667 0.192157 0.545098 #0.501961
v -1.075684 1.581299 1.698486 0.266667 0.192157 0.545098 #0.501961
v -1.279297 1.174561 1.651367 0.266667 0.192157 0.545098 #0.501961
v -1.397461 1.309082 1.250000 0.266667 0.192157 0.545098 #0.501961
v -1.075684 1.581299 1.698486 0.266667 0.192157 0.545098 #0.501961
v -1.397461 1.309082 1.250000 0.266667 0.192157 0.545098 #0.501961
v -1.161377 1.773438 1.305664 0.266667 0.192157 0.545098 #0.501961
v -1.161377 1.773438 1.305664 0.266667 0.192157 0.545098 #0.501961
v -1.397461 1.309082 1.250000 0.266667 0.192157 0.545098 #0.501961
v -1.431396 1.438477 0.781250 0.266667 0.192157 0.545098 #0.501961
v -1.161377 1.773438 1.305664 0.266667 0.192157 0.545098 #0.501961
v -1.431396 1.438477 0.781250 0.266667 0.192157 0.545098 #0.501961
v -1.182129 1.896484 0.835205 0.266667 0.192157 0.545098 #0.501961
v -0.774170 1.891357 1.728516 0.266667 0.192157 0.545098 #0.501961
v -1.075684 1.581299 1.698486 0.266667 0.192157 0.545098 #0.501961
v -1.161377 1.773438 1.305664 0.266667 0.192157 0.545098 #0.501961
v -0.774170 1.891357 1.728516 0.266667 0.192157 0.545098 #0.501961
v -1.161377 1.773438 1.305664 0.266667 0.192157 0.545098 #0.501961
v -0.813965 2.112549 1.343750 0.266667 0.192157 0.545098 #0.501961
v -0.813965 2.112549 1.343750 0.266667 0.192157 0.545098 #0.501961
v -1.161377 1.773438 1.305664 0.266667 0.192157 0.545098 #0.501961
v -0.822998 2.214844 0.863770 0.266667 0.192157 0.545098 #0.501961
v -0.822998 2.214844 0.863770 0.266667 0.192157 0.545098 #0.501961
v -1.161377 1.773438 1.305664 0.266667 0.192157 0.545098 #0.501961
v -1.182129 1.896484 0.835205 0.266667 0.192157 0.545098 #0.501961
v -1.075684 1.581299 1.698486 0.266667 0.192157 0.545098 #0.501961
v -1.026855 1.100342 1.943359 0.266667 0.192157 0.545098 #0.501961
v -1.279297 1.174561 1.651367 0.266667 0.192157 0.545098 #0.501961
v -0.754150 1.497803 1.998291 0.266667 0.192157 0.545098 #0.501961
v -1.026855 1.100342 1.943359 0.266667 0.192157 0.545098 #0.501961
v -1.075684 1.581299 1.698486 0.266667 0.192157 0.545098 #0.501961
v -0.774170 1.891357 1.728516 0.266667 0.192157 0.545098 #0.501961
v -0.754150 1.497803 1.998291 0.266667 0.192157 0.545098 #0.501961
v -1.075684 1.581299 1.698486 0.266667 0.192157 0.545098 #0.501961
v -0.754150 1.497803 1.998291 0.266667 0.192157 0.545098 #0.501961
v -0.708984 1.033691 2.162354 0.266667 0.192157 0.545098 #0.501961
v -1.026855 1.100342 1.943359 0.266667 0.192157 0.545098 #0.501961
v -1.647217 0.274170 0.516357 0.266667 0.192157 0.545098 #0.501961
v -1.599609 0.193359 0.564209 0.266667 0.192157 0.545098 #0.501961
v -1.566406 0.241699 1.122070 0.266667 0.192157 0.545098 #0.501961
v -1.599609 0.193359 0.564209 0.266667 0.192157 0.545098 #0.501961
v -1.515137 0.152100 1.105469 0.266667 0.192157 0.545098 #0.501961
v -1.566406 0.241699 1.122070 0.266667 0.192157 0.545098 #0.501961
v -1.515137 0.152100 1.105469 0.266667 0.192157 0.545098 #0.501961
v -1.360840 0.105469 1.605957 0.266667 0.192157 0.545098 #0.501961
v -1.566406 0.241699 1.122070 0.266667 0.192157 0.545098 #0.501961
v -1.566406 0.241699 1.122070 0.266667 0.192157 0.545098 #0.501961
v -1.360840 0.105469 1.605957 0.266667 0.192157 0.545098 #0.501961
v -1.410156 0.188477 1.637939 0.266667 0.192157 0.545098 #0.501961
v -1.410156 0.188477 1.637939 0.266667 0.192157 0.545098 #0.501961
v -1.030762 0.068848 1.954834 0.266667 0.192157 0.545098 #0.501961
v -1.072754 0.145020 1.994385 0.266667 0.192157 0.545098 #0.501961
v -1.360840 0.105469 1.605957 0.266667 0.192157 0.545098 #0.501961
v -1.030762 0.068848 1.954834 0.266667 0.192157 0.545098 #0.501961
v -1.410156 0.188477 1.637939 0.266667 0.192157 0.545098 #0.501961
v -1.072754 0.145020 1.994385 0.266667 0.192157 0.545098 #0.501961
v -1.030762 0.068848 1.954834 0.266667 0.192157 0.545098 #0.501961
v -0.700928 0.112549 2.292725 0.266667 0.192157 0.545098 #0.501961
v -1.030762 0.068848 1.954834 0.266667 0.192157 0.545098 #0.501961
v -0.670166 0.040527 2.247559 0.266667 0.192157 0.545098 #0.501961
v -0.700928 0.112549 2.292725 0.266667 0.192157 0.545098 #0.501961
v -0.700928 0.112549 2.292725 0.266667 0.192157 0.545098 #0.501961
v -0.670166 0.040527 2.247559 0.266667 0.192157 0.545098 #0.501961
v -0.347656 0.111328 2.460205 0.266667 0.192157 0.545098 #0.501961
v -0.670166 0.040527 2.247559 0.266667 0.192157 0.545098 #0.501961
v -0.332031 0.038086 2.411377 0.266667 0.192157 0.545098 #0.501961
v -0.347656 0.111328 2.460205 0.266667 0.192157 0.545098 #0.501961
v -1.550781 0.169922 -0.067139 0.266667 0.192157 0.545098 #0.501961
v -1.399658 0.138428 -0.678467 0.266667 0.192157 0.545098 #0.501961
v -1.386230 0.220215 -0.501953 0.266667 0.192157 0.545098 #0.501961
v -1.516846 0.197510 0.016357 0.266667 0.192157 0.545098 #0.501961
v -1.550781 0.169922 -0.067139 0.266667 0.192157 0.545098 #0.501961
v -1.386230 0.220215 -0.501953 0.266667 0.192157 0.545098 #0.501961
v -1.647217 0.274170 0.516357 0.266667 0.192157 0.545098 #0.501961
v -1.550781 0.169922 -0.067139 0.266667 0.192157 0.545098 #0.501961
v -1.516846 0.197510 0.016357 0.266667 0.192157 0.545098 #0.501961
v -1.516846 0.197510 0.016357 0.266667 0.192157 0.545098 #0.501961
v -1.599609 0.193359 0.564209 0.266667 0.192157 0.545098 #0.501961
v -1.647217 0.274170 0.516357 0.266667 0.192157 0.545098 #0.501961
v -0.991943 0.417480 -1.004883 0.266667 0.192157 0.545098 #0.501961
v -1.190674 0.223145 -0.989746 0.266667 0.192157 0.545098 #0.501961
v -0.982422 0.322754 -1.189941 0.266667 0.192157 0.545098 #0.501961
v -1.212891 0.309082 -0.777344 0.266667 0.192157 0.545098 #0.501961
v -1.190674 0.223145 -0.989746 0.266667 0.192157 0.545098 #0.501961
v -0.991943 0.417480 -1.004883 0.266667 0.192157 0.545098 #0.501961
v -1.212891 0.309082 -0.777344 0.266667 0.192157 0.545098 #0.501961
v -1.399658 0.138428 -0.678467 0.266667 0.192157 0.545098 #0.501961
v -1.190674 0.223145 -0.989746 0.266667 0.192157 0.545098 #0.501961
v -1.386230 0.220215 -0.501953 0.266667 0.192157 0.545098 #0.501961
v -1.399658 0.138428 -0.678467 0.266667 0.192157 0.545098 #0.501961
v -1.212891 0.309082 -0.777344 0.266667 0.192157 0.545098 #0.501961
v -0.548340 0.525146 -1.192139 0.266667 0.192157 0.545098 #0.501961
v -0.789307 0.371582 -1.339844 0.266667 0.192157 0.545098 #0.501961
v -0.575439 0.409912 -1.371826 0.266667 0.192157 0.545098 #0.501961
v -0.782227 0.481445 -1.128418 0.266667 0.192157 0.545098 #0.501961
v -0.789307 0.371582 -1.339844 0.266667 0.192157 0.545098 #0.501961
v -0.548340 0.525146 -1.192139 0.266667 0.192157 0.545098 #0.501961
v -0.782227 0.481445 -1.128418 0.266667 0.192157 0.545098 #0.501961
v -0.982422 0.322754 -1.189941 0.266667 0.192157 0.545098 #0.501961
v -0.789307 0.371582 -1.339844 0.266667 0.192157 0.545098 #0.501961
v -0.991943 0.417480 -1.004883 0.266667 0.192157 0.545098 #0.501961
v -0.982422 0.322754 -1.189941 0.266667 0.192157 0.545098 #0.501961
v -0.782227 0.481445 -1.128418 0.266667 0.192157 0.545098 #0.501961
v -0.282959 0.552002 -1.232178 0.266667 0.192157 0.545098 #0.501961
v -0.575439 0.409912 -1.371826 0.266667 0.192157 0.545098 #0.501961
v -0.301758 0.427490 -1.421631 0.266667 0.192157 0.545098 #0.501961
v -0.548340 0.525146 -1.192139 0.266667 0.192157 0.545098 #0.501961
v -0.575439 0.409912 -1.371826 0.266667 0.192157 0.545098 #0.501961
v -0.282959 0.552002 -1.232178 0.266667 0.192157 0.545098 #0.501961
v 0.776611 2.214600 -0.283203 0.266667 0.192157 0.545098 #0.501961
v 0.979248 1.801025 -0.693604 0.266667 0.192157 0.545098 #0.501961
v 0.666016 1.963135 -0.757812 0.266667 0.192157 0.545098 #0.501961
v 1.134277 1.996338 -0.242920 0.266667 0.192157 0.545098 #0.501961
v 0.979248 1.801025 -0.693604 0.266667 0.192157 0.545098 #0.501961
v 0.776611 2.214600 -0.283203 0.266667 0.192157 0.545098 #0.501961
v 1.134277 1.996338 -0.242920 0.266667 0.192157 0.545098 #0.501961
v 1.385498 1.620850 -0.238281 0.266667 0.192157 0.545098 #0.501961
v 0.979248 1.801025 -0.693604 0.266667 0.192157 0.545098 #0.501961
v 1.385498 1.620850 -0.238281 0.266667 0.192157 0.545098 #0.501961
v 1.202393 1.515137 -0.654053 0.266667 0.192157 0.545098 #0.501961
v 0.979248 1.801025 -0.693604 0.266667 0.192157 0.545098 #0.501961
v 0.979248 1.801025 -0.693604 0.266667 0.192157 0.545098 #0.501961
v 0.572510 1.597900 -1.075684 0.266667 0.192157 0.545098 #0.501961
v 0.666016 1.963135 -0.757812 0.266667 0.192157 0.545098 #0.501961
v 0.979248 1.801025 -0.693604 0.266667 0.192157 0.545098 #0.501961
v 0.842285 1.489990 -0.998779 0.266667 0.192157 0.545098 #0.501961
v 0.572510 1.597900 -1.075684 0.266667 0.192157 0.545098 #0.501961
v 0.979248 1.801025 -0.693604 0.266667 0.192157 0.545098 #0.501961
v 1.037598 1.369141 -0.915283 0.266667 0.192157 0.545098 #0.501961
v 0.842285 1.489990 -0.998779 0.266667 0.192157 0.545098 #0.501961
v 1.202393 1.515137 -0.654053 0.266667 0.192157 0.545098 #0.501961
v 1.037598 1.369141 -0.915283 0.266667 0.192157 0.545098 #0.501961
v 0.979248 1.801025 -0.693604 0.266667 0.192157 0.545098 #0.501961
v 0.391357 2.327881 -0.304199 0.266667 0.192157 0.545098 #0.501961
v 0.666016 1.963135 -0.757812 0.266667 0.192157 0.545098 #0.501961
v 0.334229 2.045410 -0.795898 0.266667 0.192157 0.545098 #0.501961
v 0.776611 2.214600 -0.283203 0.266667 0.192157 0.545098 #0.501961
v 0.666016 1.963135 -0.757812 0.266667 0.192157 0.545098 #0.501961
v 0.391357 2.327881 -0.304199 0.266667 0.192157 0.545098 #0.501961
v 0.666016 1.963135 -0.757812 0.266667 0.192157 0.545098 #0.501961
v 0.286865 1.656738 -1.124023 0.266667 0.192157 0.545098 #0.501961
v 0.334229 2.045410 -0.795898 0.266667 0.192157 0.545098 #0.501961
v 0.666016 1.963135 -0.757812 0.266667 0.192157 0.545098 #0.501961
v 0.572510 1.597900 -1.075684 0.266667 0.192157 0.545098 #0.501961
v 0.286865 1.656738 -1.124023 0.266667 0.192157 0.545098 #0.501961
v 0.449951 2.483154 0.891113 0.266667 0.192157 0.545098 #0.501961
v 0.882080 2.310547 0.874268 0.266667 0.192157 0.545098 #0.501961
v 0.851562 2.322998 0.290527 0.266667 0.192157 0.545098 #0.501961
v 0.449951 2.483154 0.891113 0.266667 0.192157 0.545098 #0.501961
v 0.851562 2.322998 0.290527 0.266667 0.192157 0.545098 #0.501961
v 0.432129 2.469971 0.290039 0.266667 0.192157 0.545098 #0.501961
v 0.851562 2.322998 0.290527 0.266667 0.192157 0.545098 #0.501961
v 0.776611 2.214600 -0.283203 0.266667 0.192157 0.545098 #0.501961
v 0.432129 2.469971 0.290039 0.266667 0.192157 0.545098 #0.501961
v 0.432129 2.469971 0.290039 0.266667 0.192157 0.545098 #0.501961
v 0.776611 2.214600 -0.283203 0.266667 0.192157 0.545098 #0.501961
v 0.391357 2.327881 -0.304199 0.266667 0.192157 0.545098 #0.501961
v 0.882080 2.310547 0.874268 0.266667 0.192157 0.545098 #0.501961
v 1.232666 2.036865 0.292480 0.266667 0.192157 0.545098 #0.501961
v 0.851562 2.322998 0.290527 0.266667 0.192157 0.545098 #0.501961
v 0.882080 2.310547 0.874268 0.266667 0.192157 0.545098 #0.501961
v 1.267822 1.967041 0.842529 0.266667 0.192157 0.545098 #0.501961
v 1.232666 2.036865 0.292480 0.266667 0.192157 0.545098 #0.501961
v 1.267822 1.967041 0.842529 0.266667 0.192157 0.545098 #0.501961
v 1.498535 1.594971 0.261963 0.266667 0.192157 0.545098 #0.501961
v 1.232666 2.036865 0.292480 0.266667 0.192157 0.545098 #0.501961
v 1.267822 1.967041 0.842529 0.266667 0.192157 0.545098 #0.501961
v 1.537354 1.480713 0.785156 0.266667 0.192157 0.545098 #0.501961
v 1.498535 1.594971 0.261963 0.266667 0.192157 0.545098 #0.501961
v 0.851562 2.322998 0.290527 0.266667 0.192157 0.545098 #0.501961
v 1.134277 1.996338 -0.242920 0.266667 0.192157 0.545098 #0.501961
v 0.776611 2.214600 -0.283203 0.266667 0.192157 0.545098 #0.501961
v 1.232666 2.036865 0.292480 0.266667 0.192157 0.545098 #0.501961
v 1.134277 1.996338 -0.242920 0.266667 0.192157 0.545098 #0.501961
v 0.851562 2.322998 0.290527 0.266667 0.192157 0.545098 #0.501961
v 1.232666 2.036865 0.292480 0.266667 0.192157 0.545098 #0.501961
v 1.498535 1.594971 0.261963 0.266667 0.192157 0.545098 #0.501961
v 1.134277 1.996338 -0.242920 0.266667 0.192157 0.545098 #0.501961
v 1.134277 1.996338 -0.242920 0.266667 0.192157 0.545098 #0.501961
v 1.498535 1.594971 0.261963 0.266667 0.192157 0.545098 #0.501961
v 1.385498 1.620850 -0.238281 0.266667 0.192157 0.545098 #0.501961
v 1.550781 0.169922 -0.067139 0.266667 0.192157 0.545098 #0.501961
v 1.399658 0.138428 -0.678467 0.266667 0.192157 0.545098 #0.501961
v 1.467773 0.187988 -0.541504 0.266667 0.192157 0.545098 #0.501961
v 1.572266 0.343506 -0.023438 0.266667 0.192157 0.545098 #0.501961
v 1.550781 0.169922 -0.067139 0.266667 0.192157 0.545098 #0.501961
v 1.467773 0.187988 -0.541504 0.266667 0.192157 0.545098 #0.501961
v 1.572266 0.343506 -0.023438 0.266667 0.192157 0.545098 #0.501961
v 1.467773 0.187988 -0.541504 0.266667 0.192157 0.545098 #0.501961
v 1.454590 0.366943 -0.545898 0.266667 0.192157 0.545098 #0.501961
v 1.647217 0.274170 0.516357 0.266667 0.192157 0.545098 #0.501961
v 1.550781 0.169922 -0.067139 0.266667 0.192157 0.545098 #0.501961
v 1.572266 0.343506 -0.023438 0.266667 0.192157 0.545098 #0.501961
v 0.449951 2.483154 0.891113 0.266667 0.192157 0.545098 #0.501961
v 0.871338 2.199707 1.384766 0.266667 0.192157 0.545098 #0.501961
v 0.882080 2.310547 0.874268 0.266667 0.192157 0.545098 #0.501961
v 0.445801 2.376221 1.412842 0.266667 0.192157 0.545098 #0.501961
v 0.871338 2.199707 1.384766 0.266667 0.192157 0.545098 #0.501961
v 0.449951 2.483154 0.891113 0.266667 0.192157 0.545098 #0.501961
v 0.445801 2.376221 1.412842 0.266667 0.192157 0.545098 #0.501961
v 0.827881 1.963867 1.796875 0.266667 0.192157 0.545098 #0.501961
v 0.871338 2.199707 1.384766 0.266667 0.192157 0.545098 #0.501961
v 0.427002 2.102783 1.846436 0.266667 0.192157 0.545098 #0.501961
v 0.827881 1.963867 1.796875 0.266667 0.192157 0.545098 #0.501961
v 0.445801 2.376221 1.412842 0.266667 0.192157 0.545098 #0.501961
v 0.427002 2.102783 1.846436 0.266667 0.192157 0.545098 #0.501961
v 0.408203 1.632812 2.190430 0.266667 0.192157 0.545098 #0.501961
v 0.827881 1.963867 1.796875 0.266667 0.192157 0.545098 #0.501961
v 0.408203 1.632812 2.190430 0.266667 0.192157 0.545098 #0.501961
v 0.807373 1.547607 2.085205 0.266667 0.192157 0.545098 #0.501961
v 0.827881 1.963867 1.796875 0.266667 0.192157 0.545098 #0.501961
v 0.408203 1.632812 2.190430 0.266667 0.192157 0.545098 #0.501961
v 0.385986 1.082520 2.410400 0.266667 0.192157 0.545098 #0.501961
v 0.807373 1.547607 2.085205 0.266667 0.192157 0.545098 #0.501961
v 0.385986 1.082520 2.410400 0.266667 0.192157 0.545098 #0.501961
v 0.761963 1.060547 2.260498 0.266667 0.192157 0.545098 #0.501961
v 0.807373 1.547607 2.085205 0.266667 0.192157 0.545098 #0.501961
v 1.301025 0.082031 -1.432617 0.266667 0.192157 0.545098 #0.501961
v 1.294678 0.041992 -1.435547 0.266667 0.192157 0.545098 #0.501961
v 1.067139 0.101074 -1.763916 0.266667 0.192157 0.545098 #0.501961
v 1.029053 0.142578 -1.878906 0.266667 0.192157 0.545098 #0.501961
v 1.301025 0.082031 -1.432617 0.266667 0.192157 0.545098 #0.501961
v 1.067139 0.101074 -1.763916 0.266667 0.192157 0.545098 #0.501961
v 1.029053 0.142578 -1.878906 0.266667 0.192157 0.545098 #0.501961
v 1.067139 0.101074 -1.763916 0.266667 0.192157 0.545098 #0.501961
v 0.752197 0.188477 -2.123535 0.266667 0.192157 0.545098 #0.501961
v 0.709229 0.215576 -2.288818 0.266667 0.192157 0.545098 #0.501961
v 1.029053 0.142578 -1.878906 0.266667 0.192157 0.545098 #0.501961
v 0.752197 0.188477 -2.123535 0.266667 0.192157 0.545098 #0.501961
v 1.280518 0.153564 -1.410645 0.266667 0.192157 0.545098 #0.501961
v 1.301025 0.082031 -1.432617 0.266667 0.192157 0.545098 #0.501961
v 1.005615 0.214844 -1.840820 0.266667 0.192157 0.545098 #0.501961
v 1.005615 0.214844 -1.840820 0.266667 0.192157 0.545098 #0.501961
v 1.301025 0.082031 -1.432617 0.266667 0.192157 0.545098 #0.501961
v 1.029053 0.142578 -1.878906 0.266667 0.192157 0.545098 #0.501961
v 1.005615 0.214844 -1.840820 0.266667 0.192157 0.545098 #0.501961
v 1.029053 0.142578 -1.878906 0.266667 0.192157 0.545098 #0.501961
v 0.690674 0.284424 -2.230225 0.266667 0.192157 0.545098 #0.501961
v 0.690674 0.284424 -2.230225 0.266667 0.192157 0.545098 #0.501961
v 1.029053 0.142578 -1.878906 0.266667 0.192157 0.545098 #0.501961
v 0.709229 0.215576 -2.288818 0.266667 0.192157 0.545098 #0.501961
v 0.709229 0.215576 -2.288818 0.266667 0.192157 0.545098 #0.501961
v 0.752197 0.188477 -2.123535 0.266667 0.192157 0.545098 #0.501961
v 0.357178 0.211670 -2.343262 0.266667 0.192157 0.545098 #0.501961
v 0.709229 0.215576 -2.288818 0.266667 0.192157 0.545098 #0.501961
v 0.357178 0.211670 -2.343262 0.266667 0.192157 0.545098 #0.501961
v 0.354248 0.237549 -2.452393 0.266667 0.192157 0.545098 #0.501961
v 0.347656 0.307861 -2.376709 0.266667 0.192157 0.545098 #0.501961
v 0.709229 0.215576 -2.288818 0.266667 0.192157 0.545098 #0.501961
v 0.354248 0.237549 -2.452393 0.266667 0.192157 0.545098 #0.501961
v 0.690674 0.284424 -2.230225 0.266667 0.192157 0.545098 #0.501961
v 0.709229 0.215576 -2.288818 0.266667 0.192157 0.545098 #0.501961
v 0.347656 0.307861 -2.376709 0.266667 0.192157 0.545098 #0.501961
v 1.273926 0.475586 -0.854248 0.266667 0.192157 0.545098 #0.501961
v 1.179932 0.324707 -1.238037 0.266667 0.192157 0.545098 #0.501961
v 1.068604 0.566162 -1.085205 0.266667 0.192157 0.545098 #0.501961
v 1.273926 0.475586 -0.854248 0.266667 0.192157 0.545098 #0.501961
v 1.370605 0.216553 -0.996094 0.266667 0.192157 0.545098 #0.501961
v 1.179932 0.324707 -1.238037 0.266667 0.192157 0.545098 #0.501961
v 1.454590 0.366943 -0.545898 0.266667 0.192157 0.545098 #0.501961
v 1.370605 0.216553 -0.996094 0.266667 0.192157 0.545098 #0.501961
v 1.273926 0.475586 -0.854248 0.266667 0.192157 0.545098 #0.501961
v 1.370605 0.216553 -0.996094 0.266667 0.192157 0.545098 #0.501961
v 1.280518 0.153564 -1.410645 0.266667 0.192157 0.545098 #0.501961
v 1.179932 0.324707 -1.238037 0.266667 0.192157 0.545098 #0.501961
v 1.454590 0.366943 -0.545898 0.266667 0.192157 0.545098 #0.501961
v 1.467773 0.187988 -0.541504 0.266667 0.192157 0.545098 #0.501961
v 1.370605 0.216553 -0.996094 0.266667 0.192157 0.545098 #0.501961
v 1.467773 0.187988 -0.541504 0.266667 0.192157 0.545098 #0.501961
v 1.392578 0.124023 -1.008545 0.266667 0.192157 0.545098 #0.501961
v 1.370605 0.216553 -0.996094 0.266667 0.192157 0.545098 #0.501961
v 1.399658 0.138428 -0.678467 0.266667 0.192157 0.545098 #0.501961
v 1.392578 0.124023 -1.008545 0.266667 0.192157 0.545098 #0.501961
v 1.467773 0.187988 -0.541504 0.266667 0.192157 0.545098 #0.501961
v 1.399658 0.138428 -0.678467 0.266667 0.192157 0.545098 #0.501961
v 1.334961 0.080566 -1.129883 0.266667 0.192157 0.545098 #0.501961
v 1.392578 0.124023 -1.008545 0.266667 0.192157 0.545098 #0.501961
v 1.370605 0.216553 -0.996094 0.266667 0.192157 0.545098 #0.501961
v 1.392578 0.124023 -1.008545 0.266667 0.192157 0.545098 #0.501961
v 1.280518 0.153564 -1.410645 0.266667 0.192157 0.545098 #0.501961
v 1.392578 0.124023 -1.008545 0.266667 0.192157 0.545098 #0.501961
v 1.301025 0.082031 -1.432617 0.266667 0.192157 0.545098 #0.501961
v 1.280518 0.153564 -1.410645 0.266667 0.192157 0.545098 #0.501961
v 1.392578 0.124023 -1.008545 0.266667 0.192157 0.545098 #0.501961
v 1.334961 0.080566 -1.129883 0.266667 0.192157 0.545098 #0.501961
v 1.301025 0.082031 -1.432617 0.266667 0.192157 0.545098 #0.501961
v 1.334961 0.080566 -1.129883 0.266667 0.192157 0.545098 #0.501961
v 1.294678 0.041992 -1.435547 0.266667 0.192157 0.545098 #0.501961
v 1.301025 0.082031 -1.432617 0.266667 0.192157 0.545098 #0.501961
v 0.629883 0.449463 -1.793213 0.266667 0.192157 0.545098 #0.501961
v 1.005615 0.214844 -1.840820 0.266667 0.192157 0.545098 #0.501961
v 0.690674 0.284424 -2.230225 0.266667 0.192157 0.545098 #0.501961
v 0.916992 0.387207 -1.539307 0.266667 0.192157 0.545098 #0.501961
v 1.005615 0.214844 -1.840820 0.266667 0.192157 0.545098 #0.501961
v 0.629883 0.449463 -1.793213 0.266667 0.192157 0.545098 #0.501961
v 0.566406 0.685547 -1.352539 0.266667 0.192157 0.545098 #0.501961
v 0.916992 0.387207 -1.539307 0.266667 0.192157 0.545098 #0.501961
v 0.629883 0.449463 -1.793213 0.266667 0.192157 0.545098 #0.501961
v 0.824951 0.627441 -1.236572 0.266667 0.192157 0.545098 #0.501961
v 0.916992 0.387207 -1.539307 0.266667 0.192157 0.545098 #0.501961
v 0.566406 0.685547 -1.352539 0.266667 0.192157 0.545098 #0.501961
v 0.916992 0.387207 -1.539307 0.266667 0.192157 0.545098 #0.501961
v 1.280518 0.153564 -1.410645 0.266667 0.192157 0.545098 #0.501961
v 1.005615 0.214844 -1.840820 0.266667 0.192157 0.545098 #0.501961
v 1.179932 0.324707 -1.238037 0.266667 0.192157 0.545098 #0.501961
v 1.280518 0.153564 -1.410645 0.266667 0.192157 0.545098 #0.501961
v 0.916992 0.387207 -1.539307 0.266667 0.192157 0.545098 #0.501961
v 0.824951 0.627441 -1.236572 0.266667 0.192157 0.545098 #0.501961
v 1.179932 0.324707 -1.238037 0.266667 0.192157 0.545098 #0.501961
v 0.916992 0.387207 -1.539307 0.266667 0.192157 0.545098 #0.501961
v 1.068604 0.566162 -1.085205 0.266667 0.192157 0.545098 #0.501961
v 1.179932 0.324707 -1.238037 0.266667 0.192157 0.545098 #0.501961
v 0.824951 0.627441 -1.236572 0.266667 0.192157 0.545098 #0.501961
v 0.317139 0.477539 -1.892822 0.266667 0.192157 0.545098 #0.501961
v 0.690674 0.284424 -2.230225 0.266667 0.192157 0.545098 #0.501961
v 0.347656 0.307861 -2.376709 0.266667 0.192157 0.545098 #0.501961
v 0.629883 0.449463 -1.793213 0.266667 0.192157 0.545098 #0.501961
v 0.690674 0.284424 -2.230225 0.266667 0.192157 0.545098 #0.501961
v 0.317139 0.477539 -1.892822 0.266667 0.192157 0.545098 #0.501961
v 0.285156 0.718750 -1.406006 0.266667 0.192157 0.545098 #0.501961
v 0.629883 0.449463 -1.793213 0.266667 0.192157 0.545098 #0.501961
v 0.317139 0.477539 -1.892822 0.266667 0.192157 0.545098 #0.501961
v 0.566406 0.685547 -1.352539 0.266667 0.192157 0.545098 #0.501961
v 0.629883 0.449463 -1.793213 0.266667 0.192157 0.545098 #0.501961
v 0.285156 0.718750 -1.406006 0.266667 0.192157 0.545098 #0.501961
v 1.151123 1.633057 1.764893 0.266667 0.192157 0.545098 #0.501961
v 1.371094 1.204102 1.713867 0.266667 0.192157 0.545098 #0.501961
v 1.499268 1.345459 1.284180 0.266667 0.192157 0.545098 #0.501961
v 1.151123 1.633057 1.764893 0.266667 0.192157 0.545098 #0.501961
v 1.499268 1.345459 1.284180 0.266667 0.192157 0.545098 #0.501961
v 1.244141 1.836670 1.343750 0.266667 0.192157 0.545098 #0.501961
v 1.244141 1.836670 1.343750 0.266667 0.192157 0.545098 #0.501961
v 1.499268 1.345459 1.284180 0.266667 0.192157 0.545098 #0.501961
v 1.537354 1.480713 0.785156 0.266667 0.192157 0.545098 #0.501961
v 1.244141 1.836670 1.343750 0.266667 0.192157 0.545098 #0.501961
v 1.537354 1.480713 0.785156 0.266667 0.192157 0.545098 #0.501961
v 1.267822 1.967041 0.842529 0.266667 0.192157 0.545098 #0.501961
v 0.827881 1.963867 1.796875 0.266667 0.192157 0.545098 #0.501961
v 1.151123 1.633057 1.764893 0.266667 0.192157 0.545098 #0.501961
v 1.244141 1.836670 1.343750 0.266667 0.192157 0.545098 #0.501961
v 0.827881 1.963867 1.796875 0.266667 0.192157 0.545098 #0.501961
v 1.244141 1.836670 1.343750 0.266667 0.192157 0.545098 #0.501961
v 0.871338 2.199707 1.384766 0.266667 0.192157 0.545098 #0.501961
v 0.871338 2.199707 1.384766 0.266667 0.192157 0.545098 #0.501961
v 1.244141 1.836670 1.343750 0.266667 0.192157 0.545098 #0.501961
v 0.882080 2.310547 0.874268 0.266667 0.192157 0.545098 #0.501961
v 0.882080 2.310547 0.874268 0.266667 0.192157 0.545098 #0.501961
v 1.244141 1.836670 1.343750 0.266667 0.192157 0.545098 #0.501961
v 1.267822 1.967041 0.842529 0.266667 0.192157 0.545098 #0.501961
v 1.151123 1.633057 1.764893 0.266667 0.192157 0.545098 #0.501961
v 1.101074 1.127686 2.027100 0.266667 0.192157 0.545098 #0.501961
v 1.371094 1.204102 1.713867 0.266667 0.192157 0.545098 #0.501961
v 0.807373 1.547607 2.085205 0.266667 0.192157 0.545098 #0.501961
v 1.101074 1.127686 2.027100 0.266667 0.192157 0.545098 #0.501961
v 1.151123 1.633057 1.764893 0.266667 0.192157 0.545098 #0.501961
v 0.827881 1.963867 1.796875 0.266667 0.192157 0.545098 #0.501961
v 0.807373 1.547607 2.085205 0.266667 0.192157 0.545098 #0.501961
v 1.151123 1.633057 1.764893 0.266667 0.192157 0.545098 #0.501961
v 0.807373 1.547607 2.085205 0.266667 0.192157 0.545098 #0.501961
v 0.761963 1.060547 2.260498 0.266667 0.192157 0.545098 #0.501961
v 1.101074 1.127686 2.027100 0.266667 0.192157 0.545098 #0.501961
v 0.641846 0.291016 -1.790039 0.266667 0.192157 0.545098 #0.501961
v 0.889404 0.246338 -1.620117 0.266667 0.192157 0.545098 #0.501961
v 0.575439 0.409912 -1.371826 0.266667 0.192157 0.545098 #0.501961
v 0.575439 0.409912 -1.371826 0.266667 0.192157 0.545098 #0.501961
v 0.889404 0.246338 -1.620117 0.266667 0.192157 0.545098 #0.501961
v 0.789307 0.371582 -1.339844 0.266667 0.192157 0.545098 #0.501961
v 0.641846 0.291016 -1.790039 0.266667 0.192157 0.545098 #0.501961
v 0.752197 0.188477 -2.123535 0.266667 0.192157 0.545098 #0.501961
v 0.889404 0.246338 -1.620117 0.266667 0.192157 0.545098 #0.501961
v 0.789307 0.371582 -1.339844 0.266667 0.192157 0.545098 #0.501961
v 0.889404 0.246338 -1.620117 0.266667 0.192157 0.545098 #0.501961
v 0.982422 0.322754 -1.189941 0.266667 0.192157 0.545098 #0.501961
v 0.357178 0.211670 -2.343262 0.266667 0.192157 0.545098 #0.501961
v 0.752197 0.188477 -2.123535 0.266667 0.192157 0.545098 #0.501961
v 0.329346 0.299072 -1.912842 0.266667 0.192157 0.545098 #0.501961
v 0.329346 0.299072 -1.912842 0.266667 0.192157 0.545098 #0.501961
v 0.752197 0.188477 -2.123535 0.266667 0.192157 0.545098 #0.501961
v 0.641846 0.291016 -1.790039 0.266667 0.192157 0.545098 #0.501961
v 0.329346 0.299072 -1.912842 0.266667 0.192157 0.545098 #0.501961
v 0.641846 0.291016 -1.790039 0.266667 0.192157 0.545098 #0.501961
v 0.301758 0.427490 -1.421631 0.266667 0.192157 0.545098 #0.501961
v 0.301758 0.427490 -1.421631 0.266667 0.192157 0.545098 #0.501961
v 0.641846 0.291016 -1.790039 0.266667 0.192157 0.545098 #0.501961
v 0.575439 0.409912 -1.371826 0.266667 0.192157 0.545098 #0.501961
v 1.102539 0.149658 -1.426270 0.266667 0.192157 0.545098 #0.501961
v 1.334961 0.080566 -1.129883 0.266667 0.192157 0.545098 #0.501961
v 1.190674 0.223145 -0.989746 0.266667 0.192157 0.545098 #0.501961
v 1.190674 0.223145 -0.989746 0.266667 0.192157 0.545098 #0.501961
v 1.334961 0.080566 -1.129883 0.266667 0.192157 0.545098 #0.501961
v 1.399658 0.138428 -0.678467 0.266667 0.192157 0.545098 #0.501961
v 0.889404 0.246338 -1.620117 0.266667 0.192157 0.545098 #0.501961
v 1.102539 0.149658 -1.426270 0.266667 0.192157 0.545098 #0.501961
v 0.982422 0.322754 -1.189941 0.266667 0.192157 0.545098 #0.501961
v 0.982422 0.322754 -1.189941 0.266667 0.192157 0.545098 #0.501961
v 1.102539 0.149658 -1.426270 0.266667 0.192157 0.545098 #0.501961
v 1.190674 0.223145 -0.989746 0.266667 0.192157 0.545098 #0.501961
v 0.752197 0.188477 -2.123535 0.266667 0.192157 0.545098 #0.501961
v 1.067139 0.101074 -1.763916 0.266667 0.192157 0.545098 #0.501961
v 0.889404 0.246338 -1.620117 0.266667 0.192157 0.545098 #0.501961
v 0.889404 0.246338 -1.620117 0.266667 0.192157 0.545098 #0.501961
v 1.067139 0.101074 -1.763916 0.266667 0.192157 0.545098 #0.501961
v 1.102539 0.149658 -1.426270 0.266667 0.192157 0.545098 #0.501961
v 1.102539 0.149658 -1.426270 0.266667 0.192157 0.545098 #0.501961
v 1.294678 0.041992 -1.435547 0.266667 0.192157 0.545098 #0.501961
v 1.334961 0.080566 -1.129883 0.266667 0.192157 0.545098 #0.501961
v 1.067139 0.101074 -1.763916 0.266667 0.192157 0.545098 #0.501961
v 1.294678 0.041992 -1.435547 0.266667 0.192157 0.545098 #0.501961
v 1.102539 0.149658 -1.426270 0.266667 0.192157 0.545098 #0.501961
v 0.725098 2.125732 -0.234375 0.266667 0.192157 0.545098 #0.501961
v 0.912354 1.742432 -0.619629 0.266667 0.192157 0.545098 #0.501961
v 1.058350 1.928467 -0.193604 0.266667 0.192157 0.545098 #0.501961
v 0.620850 1.890137 -0.681885 0.266667 0.192157 0.545098 #0.501961
v 0.912354 1.742432 -0.619629 0.266667 0.192157 0.545098 #0.501961
v 0.725098 2.125732 -0.234375 0.266667 0.192157 0.545098 #0.501961
v 0.620850 1.890137 -0.681885 0.266667 0.192157 0.545098 #0.501961
v 0.532715 1.535889 -0.978760 0.266667 0.192157 0.545098 #0.501961
v 0.912354 1.742432 -0.619629 0.266667 0.192157 0.545098 #0.501961
v 0.532715 1.535889 -0.978760 0.266667 0.192157 0.545098 #0.501961
v 0.782959 1.436279 -0.906738 0.266667 0.192157 0.545098 #0.501961
v 0.912354 1.742432 -0.619629 0.266667 0.192157 0.545098 #0.501961
v 0.912354 1.742432 -0.619629 0.266667 0.192157 0.545098 #0.501961
v 1.290039 1.576660 -0.188721 0.266667 0.192157 0.545098 #0.501961
v 1.058350 1.928467 -0.193604 0.266667 0.192157 0.545098 #0.501961
v 0.912354 1.742432 -0.619629 0.266667 0.192157 0.545098 #0.501961
v 1.119873 1.467529 -0.581055 0.266667 0.192157 0.545098 #0.501961
v 1.290039 1.576660 -0.188721 0.266667 0.192157 0.545098 #0.501961
v 0.912354 1.742432 -0.619629 0.266667 0.192157 0.545098 #0.501961
v 0.782959 1.436279 -0.906738 0.266667 0.192157 0.545098 #0.501961
v 1.119873 1.467529 -0.581055 0.266667 0.192157 0.545098 #0.501961
v 0.782959 1.436279 -0.906738 0.266667 0.192157 0.545098 #0.501961
v 0.963135 1.317627 -0.827881 0.266667 0.192157 0.545098 #0.501961
v 1.119873 1.467529 -0.581055 0.266667 0.192157 0.545098 #0.501961
v 0.365723 2.227295 -0.255859 0.266667 0.192157 0.545098 #0.501961
v 0.620850 1.890137 -0.681885 0.266667 0.192157 0.545098 #0.501961
v 0.725098 2.125732 -0.234375 0.266667 0.192157 0.545098 #0.501961
v 0.311523 1.963867 -0.719238 0.266667 0.192157 0.545098 #0.501961
v 0.620850 1.890137 -0.681885 0.266667 0.192157 0.545098 #0.501961
v 0.365723 2.227295 -0.255859 0.266667 0.192157 0.545098 #0.501961
v 0.311523 1.963867 -0.719238 0.266667 0.192157 0.545098 #0.501961
v 0.267334 1.589600 -1.024902 0.266667 0.192157 0.545098 #0.501961
v 0.620850 1.890137 -0.681885 0.266667 0.192157 0.545098 #0.501961
v 0.267334 1.589600 -1.024902 0.266667 0.192157 0.545098 #0.501961
v 0.532715 1.535889 -0.978760 0.266667 0.192157 0.545098 #0.501961
v 0.620850 1.890137 -0.681885 0.266667 0.192157 0.545098 #0.501961
v 0.794922 2.226318 0.310303 0.266667 0.192157 0.545098 #0.501961
v 0.822998 2.214844 0.863770 0.266667 0.192157 0.545098 #0.501961
v 0.420166 2.373047 0.879150 0.266667 0.192157 0.545098 #0.501961
v 0.403564 2.359619 0.308350 0.266667 0.192157 0.545098 #0.501961
v 0.794922 2.226318 0.310303 0.266667 0.192157 0.545098 #0.501961
v 0.420166 2.373047 0.879150 0.266667 0.192157 0.545098 #0.501961
v 0.403564 2.359619 0.308350 0.266667 0.192157 0.545098 #0.501961
v 0.725098 2.125732 -0.234375 0.266667 0.192157 0.545098 #0.501961
v 0.794922 2.226318 0.310303 0.266667 0.192157 0.545098 #0.501961
v 0.365723 2.227295 -0.255859 0.266667 0.192157 0.545098 #0.501961
v 0.725098 2.125732 -0.234375 0.266667 0.192157 0.545098 #0.501961
v 0.403564 2.359619 0.308350 0.266667 0.192157 0.545098 #0.501961
v 1.149658 1.964355 0.314453 0.266667 0.192157 0.545098 #0.501961
v 1.182129 1.896484 0.835205 0.266667 0.192157 0.545098 #0.501961
v 0.822998 2.214844 0.863770 0.266667 0.192157 0.545098 #0.501961
v 0.794922 2.226318 0.310303 0.266667 0.192157 0.545098 #0.501961
v 1.149658 1.964355 0.314453 0.266667 0.192157 0.545098 #0.501961
v 0.822998 2.214844 0.863770 0.266667 0.192157 0.545098 #0.501961
v 0.794922 2.226318 0.310303 0.266667 0.192157 0.545098 #0.501961
v 1.058350 1.928467 -0.193604 0.266667 0.192157 0.545098 #0.501961
v 1.149658 1.964355 0.314453 0.266667 0.192157 0.545098 #0.501961
v 0.725098 2.125732 -0.234375 0.266667 0.192157 0.545098 #0.501961
v 1.058350 1.928467 -0.193604 0.266667 0.192157 0.545098 #0.501961
v 0.794922 2.226318 0.310303 0.266667 0.192157 0.545098 #0.501961
v 1.395264 1.549805 0.286133 0.266667 0.192157 0.545098 #0.501961
v 1.431396 1.438477 0.781250 0.266667 0.192157 0.545098 #0.501961
v 1.182129 1.896484 0.835205 0.266667 0.192157 0.545098 #0.501961
v 1.149658 1.964355 0.314453 0.266667 0.192157 0.545098 #0.501961
v 1.395264 1.549805 0.286133 0.266667 0.192157 0.545098 #0.501961
v 1.182129 1.896484 0.835205 0.266667 0.192157 0.545098 #0.501961
v 1.058350 1.928467 -0.193604 0.266667 0.192157 0.545098 #0.501961
v 1.395264 1.549805 0.286133 0.266667 0.192157 0.545098 #0.501961
v 1.149658 1.964355 0.314453 0.266667 0.192157 0.545098 #0.501961
v 1.290039 1.576660 -0.188721 0.266667 0.192157 0.545098 #0.501961
v 1.395264 1.549805 0.286133 0.266667 0.192157 0.545098 #0.501961
v 1.058350 1.928467 -0.193604 0.266667 0.192157 0.545098 #0.501961
v 0.420166 2.373047 0.879150 0.266667 0.192157 0.545098 #0.501961
v 0.813965 2.112549 1.343750 0.266667 0.192157 0.545098 #0.501961
v 0.416504 2.274902 1.370605 0.266667 0.192157 0.545098 #0.501961
v 0.822998 2.214844 0.863770 0.266667 0.192157 0.545098 #0.501961
v 0.813965 2.112549 1.343750 0.266667 0.192157 0.545098 #0.501961
v 0.420166 2.373047 0.879150 0.266667 0.192157 0.545098 #0.501961
v 0.416504 2.274902 1.370605 0.266667 0.192157 0.545098 #0.501961
v 0.774170 1.891357 1.728516 0.266667 0.192157 0.545098 #0.501961
v 0.399414 2.019043 1.776367 0.266667 0.192157 0.545098 #0.501961
v 0.813965 2.112549 1.343750 0.266667 0.192157 0.545098 #0.501961
v 0.774170 1.891357 1.728516 0.266667 0.192157 0.545098 #0.501961
v 0.416504 2.274902 1.370605 0.266667 0.192157 0.545098 #0.501961
v 0.774170 1.891357 1.728516 0.266667 0.192157 0.545098 #0.501961
v 0.381104 1.574951 2.099365 0.266667 0.192157 0.545098 #0.501961
v 0.399414 2.019043 1.776367 0.266667 0.192157 0.545098 #0.501961
v 0.774170 1.891357 1.728516 0.266667 0.192157 0.545098 #0.501961
v 0.754150 1.497803 1.998291 0.266667 0.192157 0.545098 #0.501961
v 0.381104 1.574951 2.099365 0.266667 0.192157 0.545098 #0.501961
v 0.754150 1.497803 1.998291 0.266667 0.192157 0.545098 #0.501961
v 0.358643 1.051758 2.306152 0.266667 0.192157 0.545098 #0.501961
v 0.381104 1.574951 2.099365 0.266667 0.192157 0.545098 #0.501961
v 0.754150 1.497803 1.998291 0.266667 0.192157 0.545098 #0.501961
v 0.708984 1.033691 2.162354 0.266667 0.192157 0.545098 #0.501961
v 0.358643 1.051758 2.306152 0.266667 0.192157 0.545098 #0.501961
v 1.397461 1.309082 1.250000 0.266667 0.192157 0.545098 #0.501961
v 1.279297 1.174561 1.651367 0.266667 0.192157 0.545098 #0.501961
v 1.075684 1.581299 1.698486 0.266667 0.192157 0.545098 #0.501961
v 1.161377 1.773438 1.305664 0.266667 0.192157 0.545098 #0.501961
v 1.397461 1.309082 1.250000 0.266667 0.192157 0.545098 #0.501961
v 1.075684 1.581299 1.698486 0.266667 0.192157 0.545098 #0.501961
v 1.161377 1.773438 1.305664 0.266667 0.192157 0.545098 #0.501961
v 1.075684 1.581299 1.698486 0.266667 0.192157 0.545098 #0.501961
v 0.774170 1.891357 1.728516 0.266667 0.192157 0.545098 #0.501961
v 0.813965 2.112549 1.343750 0.266667 0.192157 0.545098 #0.501961
v 1.161377 1.773438 1.305664 0.266667 0.192157 0.545098 #0.501961
v 0.774170 1.891357 1.728516 0.266667 0.192157 0.545098 #0.501961
v 1.431396 1.438477 0.781250 0.266667 0.192157 0.545098 #0.501961
v 1.397461 1.309082 1.250000 0.266667 0.192157 0.545098 #0.501961
v 1.161377 1.773438 1.305664 0.266667 0.192157 0.545098 #0.501961
v 1.182129 1.896484 0.835205 0.266667 0.192157 0.545098 #0.501961
v 1.431396 1.438477 0.781250 0.266667 0.192157 0.545098 #0.501961
v 1.161377 1.773438 1.305664 0.266667 0.192157 0.545098 #0.501961
v 1.182129 1.896484 0.835205 0.266667 0.192157 0.545098 #0.501961
v 1.161377 1.773438 1.305664 0.266667 0.192157 0.545098 #0.501961
v 0.822998 2.214844 0.863770 0.266667 0.192157 0.545098 #0.501961
v 0.822998 2.214844 0.863770 0.266667 0.192157 0.545098 #0.501961
v 1.161377 1.773438 1.305664 0.266667 0.192157 0.545098 #0.501961
v 0.813965 2.112549 1.343750 0.266667 0.192157 0.545098 #0.501961
v 1.279297 1.174561 1.651367 0.266667 0.192157 0.545098 #0.501961
v 1.026855 1.100342 1.943359 0.266667 0.192157 0.545098 #0.501961
v 1.075684 1.581299 1.698486 0.266667 0.192157 0.545098 #0.501961
v 1.075684 1.581299 1.698486 0.266667 0.192157 0.545098 #0.501961
v 1.026855 1.100342 1.943359 0.266667 0.192157 0.545098 #0.501961
v 0.754150 1.497803 1.998291 0.266667 0.192157 0.545098 #0.501961
v 1.026855 1.100342 1.943359 0.266667 0.192157 0.545098 #0.501961
v 0.708984 1.033691 2.162354 0.266667 0.192157 0.545098 #0.501961
v 0.754150 1.497803 1.998291 0.266667 0.192157 0.545098 #0.501961
v 1.075684 1.581299 1.698486 0.266667 0.192157 0.545098 #0.501961
v 0.754150 1.497803 1.998291 0.266667 0.192157 0.545098 #0.501961
v 0.774170 1.891357 1.728516 0.266667 0.192157 0.545098 #0.501961
v 1.566406 0.241699 1.122070 0.266667 0.192157 0.545098 #0.501961
v 1.515137 0.152100 1.105469 0.266667 0.192157 0.545098 #0.501961
v 1.599609 0.193359 0.564209 0.266667 0.192157 0.545098 #0.501961
v 1.566406 0.241699 1.122070 0.266667 0.192157 0.545098 #0.501961
v 1.599609 0.193359 0.564209 0.266667 0.192157 0.545098 #0.501961
v 1.647217 0.274170 0.516357 0.266667 0.192157 0.545098 #0.501961
v 1.566406 0.241699 1.122070 0.266667 0.192157 0.545098 #0.501961
v 1.360840 0.105469 1.605957 0.266667 0.192157 0.545098 #0.501961
v 1.515137 0.152100 1.105469 0.266667 0.192157 0.545098 #0.501961
v 1.410156 0.188477 1.637939 0.266667 0.192157 0.545098 #0.501961
v 1.360840 0.105469 1.605957 0.266667 0.192157 0.545098 #0.501961
v 1.566406 0.241699 1.122070 0.266667 0.192157 0.545098 #0.501961
v 1.410156 0.188477 1.637939 0.266667 0.192157 0.545098 #0.501961
v 1.030762 0.068848 1.954834 0.266667 0.192157 0.545098 #0.501961
v 1.360840 0.105469 1.605957 0.266667 0.192157 0.545098 #0.501961
v 1.072754 0.145020 1.994385 0.266667 0.192157 0.545098 #0.501961
v 1.030762 0.068848 1.954834 0.266667 0.192157 0.545098 #0.501961
v 1.410156 0.188477 1.637939 0.266667 0.192157 0.545098 #0.501961
v 0.700928 0.112549 2.292725 0.266667 0.192157 0.545098 #0.501961
v 0.670166 0.040527 2.247559 0.266667 0.192157 0.545098 #0.501961
v 1.030762 0.068848 1.954834 0.266667 0.192157 0.545098 #0.501961
v 0.700928 0.112549 2.292725 0.266667 0.192157 0.545098 #0.501961
v 1.030762 0.068848 1.954834 0.266667 0.192157 0.545098 #0.501961
v 1.072754 0.145020 1.994385 0.266667 0.192157 0.545098 #0.501961
v 0.347656 0.111328 2.460205 0.266667 0.192157 0.545098 #0.501961
v 0.332031 0.038086 2.411377 0.266667 0.192157 0.545098 #0.501961
v 0.670166 0.040527 2.247559 0.266667 0.192157 0.545098 #0.501961
v 0.347656 0.111328 2.460205 0.266667 0.192157 0.545098 #0.501961
v 0.670166 0.040527 2.247559 0.266667 0.192157 0.545098 #0.501961
v 0.700928 0.112549 2.292725 0.266667 0.192157 0.545098 #0.501961
v 1.386230 0.220215 -0.501953 0.266667 0.192157 0.545098 #0.501961
v 1.550781 0.169922 -0.067139 0.266667 0.192157 0.545098 #0.501961
v 1.516846 0.197510 0.016357 0.266667 0.192157 0.545098 #0.501961
v 1.386230 0.220215 -0.501953 0.266667 0.192157 0.545098 #0.501961
v 1.399658 0.138428 -0.678467 0.266667 0.192157 0.545098 #0.501961
v 1.550781 0.169922 -0.067139 0.266667 0.192157 0.545098 #0.501961
v 1.647217 0.274170 0.516357 0.266667 0.192157 0.545098 #0.501961
v 1.599609 0.193359 0.564209 0.266667 0.192157 0.545098 #0.501961
v 1.516846 0.197510 0.016357 0.266667 0.192157 0.545098 #0.501961
v 1.516846 0.197510 0.016357 0.266667 0.192157 0.545098 #0.501961
v 1.550781 0.169922 -0.067139 0.266667 0.192157 0.545098 #0.501961
v 1.647217 0.274170 0.516357 0.266667 0.192157 0.545098 #0.501961
v 0.991943 0.417480 -1.004883 0.266667 0.192157 0.545098 #0.501961
v 1.190674 0.223145 -0.989746 0.266667 0.192157 0.545098 #0.501961
v 1.212891 0.309082 -0.777344 0.266667 0.192157 0.545098 #0.501961
v 0.982422 0.322754 -1.189941 0.266667 0.192157 0.545098 #0.501961
v 1.190674 0.223145 -0.989746 0.266667 0.192157 0.545098 #0.501961
v 0.991943 0.417480 -1.004883 0.266667 0.192157 0.545098 #0.501961
v 1.212891 0.309082 -0.777344 0.266667 0.192157 0.545098 #0.501961
v 1.399658 0.138428 -0.678467 0.266667 0.192157 0.545098 #0.501961
v 1.386230 0.220215 -0.501953 0.266667 0.192157 0.545098 #0.501961
v 1.190674 0.223145 -0.989746 0.266667 0.192157 0.545098 #0.501961
v 1.399658 0.138428 -0.678467 0.266667 0.192157 0.545098 #0.501961
v 1.212891 0.309082 -0.777344 0.266667 0.192157 0.545098 #0.501961
v 0.548340 0.525146 -1.192139 0.266667 0.192157 0.545098 #0.501961
v 0.789307 0.371582 -1.339844 0.266667 0.192157 0.545098 #0.501961
v 0.782227 0.481445 -1.128418 0.266667 0.192157 0.545098 #0.501961
v 0.575439 0.409912 -1.371826 0.266667 0.192157 0.545098 #0.501961
v 0.789307 0.371582 -1.339844 0.266667 0.192157 0.545098 #0.501961
v 0.548340 0.525146 -1.192139 0.266667 0.192157 0.545098 #0.501961
v 0.782227 0.481445 -1.128418 0.266667 0.192157 0.545098 #0.501961
v 0.982422 0.322754 -1.189941 0.266667 0.192157 0.545098 #0.501961
v 0.991943 0.417480 -1.004883 0.266667 0.192157 0.545098 #0.501961
v 0.789307 0.371582 -1.339844 0.266667 0.192157 0.545098 #0.501961
v 0.982422 0.322754 -1.189941 0.266667 0.192157 0.545098 #0.501961
v 0.782227 0.481445 -1.128418 0.266667 0.192157 0.545098 #0.501961
v 0.282959 0.552002 -1.232178 0.266667 0.192157 0.545098 #0.501961
v 0.575439 0.409912 -1.371826 0.266667 0.192157 0.545098 #0.501961
v 0.548340 0.525146 -1.192139 0.266667 0.192157 0.545098 #0.501961
v 0.301758 0.427490 -1.421631 0.266667 0.192157 0.545098 #0.501961
v 0.575439 0.409912 -1.371826 0.266667 0.192157 0.545098 #0.501961
v 0.282959 0.552002 -1.232178 0.266667 0.192157 0.545098 #0.501961
v -0.532715 1.535889 -0.978760 0.266667 0.192157 0.545098 #0.501961
v -0.282959 0.552002 -1.232178 0.266667 0.192157 0.545098 #0.501961
v -0.267334 1.589600 -1.024902 0.266667 0.192157 0.545098 #0.501961
v -0.532715 1.535889 -0.978760 0.266667 0.192157 0.545098 #0.501961
v -0.548340 0.525146 -1.192139 0.266667 0.192157 0.545098 #0.501961
v -0.282959 0.552002 -1.232178 0.266667 0.192157 0.545098 #0.501961
v 0.267334 1.589600 -1.024902 0.266667 0.192157 0.545098 #0.501961
v 0.282959 0.552002 -1.232178 0.266667 0.192157 0.545098 #0.501961
v 0.532715 1.535889 -0.978760 0.266667 0.192157 0.545098 #0.501961
v 0.282959 0.552002 -1.232178 0.266667 0.192157 0.545098 #0.501961
v 0.548340 0.525146 -1.192139 0.266667 0.192157 0.545098 #0.501961
v 0.532715 1.535889 -0.978760 0.266667 0.192157 0.545098 #0.501961
v 0.532715 1.535889 -0.978760 0.266667 0.192157 0.545098 #0.501961
v 0.548340 0.525146 -1.192139 0.266667 0.192157 0.545098 #0.501961
v 0.782959 1.436279 -0.906738 0.266667 0.192157 0.545098 #0.501961
v 0.548340 0.525146 -1.192139 0.266667 0.192157 0.545098 #0.501961
v 0.782227 0.481445 -1.128418 0.266667 0.192157 0.545098 #0.501961
v 0.782959 1.436279 -0.906738 0.266667 0.192157 0.545098 #0.501961
v 0.782959 1.436279 -0.906738 0.266667 0.192157 0.545098 #0.501961
v 0.782227 0.481445 -1.128418 0.266667 0.192157 0.545098 #0.501961
v 0.963135 1.317627 -0.827881 0.266667 0.192157 0.545098 #0.501961
v 0.782227 0.481445 -1.128418 0.266667 0.192157 0.545098 #0.501961
v 0.991943 0.417480 -1.004883 0.266667 0.192157 0.545098 #0.501961
v 0.963135 1.317627 -0.827881 0.266667 0.192157 0.545098 #0.501961
v 0.963135 1.317627 -0.827881 0.266667 0.192157 0.545098 #0.501961
v 1.212891 0.309082 -0.777344 0.266667 0.192157 0.545098 #0.501961
v 1.119873 1.467529 -0.581055 0.266667 0.192157 0.545098 #0.501961
v 0.991943 0.417480 -1.004883 0.266667 0.192157 0.545098 #0.501961
v 1.212891 0.309082 -0.777344 0.266667 0.192157 0.545098 #0.501961
v 0.963135 1.317627 -0.827881 0.266667 0.192157 0.545098 #0.501961
v 1.119873 1.467529 -0.581055 0.266667 0.192157 0.545098 #0.501961
v 1.386230 0.220215 -0.501953 0.266667 0.192157 0.545098 #0.501961
v 1.290039 1.576660 -0.188721 0.266667 0.192157 0.545098 #0.501961
v 1.212891 0.309082 -0.777344 0.266667 0.192157 0.545098 #0.501961
v 1.386230 0.220215 -0.501953 0.266667 0.192157 0.545098 #0.501961
v 1.119873 1.467529 -0.581055 0.266667 0.192157 0.545098 #0.501961
v 1.386230 0.220215 -0.501953 0.266667 0.192157 0.545098 #0.501961
v 1.516846 0.197510 0.016357 0.266667 0.192157 0.545098 #0.501961
v 1.290039 1.576660 -0.188721 0.266667 0.192157 0.545098 #0.501961
v 1.290039 1.576660 -0.188721 0.266667 0.192157 0.545098 #0.501961
v 1.516846 0.197510 0.016357 0.266667 0.192157 0.545098 #0.501961
v 1.395264 1.549805 0.286133 0.266667 0.192157 0.545098 #0.501961
v 1.395264 1.549805 0.286133 0.266667 0.192157 0.545098 #0.501961
v 1.599609 0.193359 0.564209 0.266667 0.192157 0.545098 #0.501961
v 1.431396 1.438477 0.781250 0.266667 0.192157 0.545098 #0.501961
v 1.516846 0.197510 0.016357 0.266667 0.192157 0.545098 #0.501961
v 1.599609 0.193359 0.564209 0.266667 0.192157 0.545098 #0.501961
v 1.395264 1.549805 0.286133 0.266667 0.192157 0.545098 #0.501961
v 1.431396 1.438477 0.781250 0.266667 0.192157 0.545098 #0.501961
v 1.599609 0.193359 0.564209 0.266667 0.192157 0.545098 #0.501961
v 1.397461 1.309082 1.250000 0.266667 0.192157 0.545098 #0.501961
v 1.599609 0.193359 0.564209 0.266667 0.192157 0.545098 #0.501961
v 1.515137 0.152100 1.105469 0.266667 0.192157 0.545098 #0.501961
v 1.397461 1.309082 1.250000 0.266667 0.192157 0.545098 #0.501961
v 1.397461 1.309082 1.250000 0.266667 0.192157 0.545098 #0.501961
v 1.515137 0.152100 1.105469 0.266667 0.192157 0.545098 #0.501961
v 1.279297 1.174561 1.651367 0.266667 0.192157 0.545098 #0.501961
v 1.515137 0.152100 1.105469 0.266667 0.192157 0.545098 #0.501961
v 1.360840 0.105469 1.605957 0.266667 0.192157 0.545098 #0.501961
v 1.279297 1.174561 1.651367 0.266667 0.192157 0.545098 #0.501961
v 1.279297 1.174561 1.651367 0.266667 0.192157 0.545098 #0.501961
v 1.360840 0.105469 1.605957 0.266667 0.192157 0.545098 #0.501961
v 1.026855 1.100342 1.943359 0.266667 0.192157 0.545098 #0.501961
v 1.360840 0.105469 1.605957 0.266667 0.192157 0.545098 #0.501961
v 1.030762 0.068848 1.954834 0.266667 0.192157 0.545098 #0.501961
v 1.026855 1.100342 1.943359 0.266667 0.192157 0.545098 #0.501961
v 1.026855 1.100342 1.943359 0.266667 0.192157 0.545098 #0.501961
v 1.030762 0.068848 1.954834 0.266667 0.192157 0.545098 #0.501961
v 0.708984 1.033691 2.162354 0.266667 0.192157 0.545098 #0.501961
v 1.030762 0.068848 1.954834 0.266667 0.192157 0.545098 #0.501961
v 0.670166 0.040527 2.247559 0.266667 0.192157 0.545098 #0.501961
v 0.708984 1.033691 2.162354 0.266667 0.192157 0.545098 #0.501961
v 0.708984 1.033691 2.162354 0.266667 0.192157 0.545098 #0.501961
v 0.670166 0.040527 2.247559 0.266667 0.192157 0.545098 #0.501961
v 0.358643 1.051758 2.306152 0.266667 0.192157 0.545098 #0.501961
v 0.670166 0.040527 2.247559 0.266667 0.192157 0.545098 #0.501961
v 0.332031 0.038086 2.411377 0.266667 0.192157 0.545098 #0.501961
v 0.358643 1.051758 2.306152 0.266667 0.192157 0.545098 #0.501961
v -0.358643 1.051758 2.306152 0.266667 0.192157 0.545098 #0.501961
v -0.670166 0.040527 2.247559 0.266667 0.192157 0.545098 #0.501961
v -0.708984 1.033691 2.162354 0.266667 0.192157 0.545098 #0.501961
v -0.358643 1.051758 2.306152 0.266667 0.192157 0.545098 #0.501961
v -0.332031 0.038086 2.411377 0.266667 0.192157 0.545098 #0.501961
v -0.670166 0.040527 2.247559 0.266667 0.192157 0.545098 #0.501961
v -0.708984 1.033691 2.162354 0.266667 0.192157 0.545098 #0.501961
v -1.030762 0.068848 1.954834 0.266667 0.192157 0.545098 #0.501961
v -1.026855 1.100342 1.943359 0.266667 0.192157 0.545098 #0.501961
v -0.708984 1.033691 2.162354 0.266667 0.192157 0.545098 #0.501961
v -0.670166 0.040527 2.247559 0.266667 0.192157 0.545098 #0.501961
v -1.030762 0.068848 1.954834 0.266667 0.192157 0.545098 #0.501961
v -1.026855 1.100342 1.943359 0.266667 0.192157 0.545098 #0.501961
v -1.360840 0.105469 1.605957 0.266667 0.192157 0.545098 #0.501961
v -1.279297 1.174561 1.651367 0.266667 0.192157 0.545098 #0.501961
v -1.026855 1.100342 1.943359 0.266667 0.192157 0.545098 #0.501961
v -1.030762 0.068848 1.954834 0.266667 0.192157 0.545098 #0.501961
v -1.360840 0.105469 1.605957 0.266667 0.192157 0.545098 #0.501961
v -1.279297 1.174561 1.651367 0.266667 0.192157 0.545098 #0.501961
v -1.515137 0.152100 1.105469 0.266667 0.192157 0.545098 #0.501961
v -1.397461 1.309082 1.250000 0.266667 0.192157 0.545098 #0.501961
v -1.279297 1.174561 1.651367 0.266667 0.192157 0.545098 #0.501961
v -1.360840 0.105469 1.605957 0.266667 0.192157 0.545098 #0.501961
v -1.515137 0.152100 1.105469 0.266667 0.192157 0.545098 #0.501961
v -1.397461 1.309082 1.250000 0.266667 0.192157 0.545098 #0.501961
v -1.599609 0.193359 0.564209 0.266667 0.192157 0.545098 #0.501961
v -1.431396 1.438477 0.781250 0.266667 0.192157 0.545098 #0.501961
v -1.397461 1.309082 1.250000 0.266667 0.192157 0.545098 #0.501961
v -1.515137 0.152100 1.105469 0.266667 0.192157 0.545098 #0.501961
v -1.599609 0.193359 0.564209 0.266667 0.192157 0.545098 #0.501961
v -1.431396 1.438477 0.781250 0.266667 0.192157 0.545098 #0.501961
v -1.599609 0.193359 0.564209 0.266667 0.192157 0.545098 #0.501961
v -1.395264 1.549805 0.286133 0.266667 0.192157 0.545098 #0.501961
v -1.395264 1.549805 0.286133 0.266667 0.192157 0.545098 #0.501961
v -1.599609 0.193359 0.564209 0.266667 0.192157 0.545098 #0.501961
v -1.516846 0.197510 0.016357 0.266667 0.192157 0.545098 #0.501961
v -1.395264 1.549805 0.286133 0.266667 0.192157 0.545098 #0.501961
v -1.516846 0.197510 0.016357 0.266667 0.192157 0.545098 #0.501961
v -1.290039 1.576660 -0.188721 0.266667 0.192157 0.545098 #0.501961
v -1.290039 1.576660 -0.188721 0.266667 0.192157 0.545098 #0.501961
v -1.516846 0.197510 0.016357 0.266667 0.192157 0.545098 #0.501961
v -1.386230 0.220215 -0.501953 0.266667 0.192157 0.545098 #0.501961
v -1.290039 1.576660 -0.188721 0.266667 0.192157 0.545098 #0.501961
v -1.386230 0.220215 -0.501953 0.266667 0.192157 0.545098 #0.501961
v -1.119873 1.467529 -0.581055 0.266667 0.192157 0.545098 #0.501961
v -1.119873 1.467529 -0.581055 0.266667 0.192157 0.545098 #0.501961
v -1.386230 0.220215 -0.501953 0.266667 0.192157 0.545098 #0.501961
v -1.212891 0.309082 -0.777344 0.266667 0.192157 0.545098 #0.501961
v -1.119873 1.467529 -0.581055 0.266667 0.192157 0.545098 #0.501961
v -1.212891 0.309082 -0.777344 0.266667 0.192157 0.545098 #0.501961
v -0.963135 1.317627 -0.827881 0.266667 0.192157 0.545098 #0.501961
v -0.963135 1.317627 -0.827881 0.266667 0.192157 0.545098 #0.501961
v -1.212891 0.309082 -0.777344 0.266667 0.192157 0.545098 #0.501961
v -0.991943 0.417480 -1.004883 0.266667 0.192157 0.545098 #0.501961
v -0.963135 1.317627 -0.827881 0.266667 0.192157 0.545098 #0.501961
v -0.782227 0.481445 -1.128418 0.266667 0.192157 0.545098 #0.501961
v -0.782959 1.436279 -0.906738 0.266667 0.192157 0.545098 #0.501961
v -0.963135 1.317627 -0.827881 0.266667 0.192157 0.545098 #0.501961
v -0.991943 0.417480 -1.004883 0.266667 0.192157 0.545098 #0.501961
v -0.782227 0.481445 -1.128418 0.266667 0.192157 0.545098 #0.501961
v -0.782959 1.436279 -0.906738 0.266667 0.192157 0.545098 #0.501961
v -0.548340 0.525146 -1.192139 0.266667 0.192157 0.545098 #0.501961
v -0.532715 1.535889 -0.978760 0.266667 0.192157 0.545098 #0.501961
v -0.782959 1.436279 -0.906738 0.266667 0.192157 0.545098 #0.501961
v -0.782227 0.481445 -1.128418 0.266667 0.192157 0.545098 #0.501961
v -0.548340 0.525146 -1.192139 0.266667 0.192157 0.545098 #0.501961
v -0.282959 0.552002 -1.232178 0.266667 0.192157 0.545098 #0.501961
v 0.282959 0.552002 -1.232178 0.266667 0.192157 0.545098 #0.501961
v -0.267334 1.589600 -1.024902 0.266667 0.192157 0.545098 #0.501961
v -0.267334 1.589600 -1.024902 0.266667 0.192157 0.545098 #0.501961
v 0.282959 0.552002 -1.232178 0.266667 0.192157 0.545098 #0.501961
v 0.267334 1.589600 -1.024902 0.266667 0.192157 0.545098 #0.501961
v -0.267334 1.589600 -1.024902 0.266667 0.192157 0.545098 #0.501961
v 0.267334 1.589600 -1.024902 0.266667 0.192157 0.545098 #0.501961
v -0.311523 1.963867 -0.719238 0.266667 0.192157 0.545098 #0.501961
v -0.311523 1.963867 -0.719238 0.266667 0.192157 0.545098 #0.501961
v 0.267334 1.589600 -1.024902 0.266667 0.192157 0.545098 #0.501961
v 0.311523 1.963867 -0.719238 0.266667 0.192157 0.545098 #0.501961
v -0.365723 2.227295 -0.255859 0.266667 0.192157 0.545098 #0.501961
v -0.311523 1.963867 -0.719238 0.266667 0.192157 0.545098 #0.501961
v 0.365723 2.227295 -0.255859 0.266667 0.192157 0.545098 #0.501961
v 0.365723 2.227295 -0.255859 0.266667 0.192157 0.545098 #0.501961
v -0.311523 1.963867 -0.719238 0.266667 0.192157 0.545098 #0.501961
v 0.311523 1.963867 -0.719238 0.266667 0.192157 0.545098 #0.501961
v -0.403564 2.359619 0.308350 0.266667 0.192157 0.545098 #0.501961
v -0.365723 2.227295 -0.255859 0.266667 0.192157 0.545098 #0.501961
v 0.365723 2.227295 -0.255859 0.266667 0.192157 0.545098 #0.501961
v -0.403564 2.359619 0.308350 0.266667 0.192157 0.545098 #0.501961
v 0.365723 2.227295 -0.255859 0.266667 0.192157 0.545098 #0.501961
v 0.403564 2.359619 0.308350 0.266667 0.192157 0.545098 #0.501961
v -0.403564 2.359619 0.308350 0.266667 0.192157 0.545098 #0.501961
v 0.403564 2.359619 0.308350 0.266667 0.192157 0.545098 #0.501961
v -0.420166 2.373047 0.879150 0.266667 0.192157 0.545098 #0.501961
v -0.420166 2.373047 0.879150 0.266667 0.192157 0.545098 #0.501961
v 0.403564 2.359619 0.308350 0.266667 0.192157 0.545098 #0.501961
v 0.420166 2.373047 0.879150 0.266667 0.192157 0.545098 #0.501961
v 0.420166 2.373047 0.879150 0.266667 0.192157 0.545098 #0.501961
v -0.416504 2.274902 1.370605 0.266667 0.192157 0.545098 #0.501961
v -0.420166 2.373047 0.879150 0.266667 0.192157 0.545098 #0.501961
v 0.420166 2.373047 0.879150 0.266667 0.192157 0.545098 #0.501961
v 0.416504 2.274902 1.370605 0.266667 0.192157 0.545098 #0.501961
v -0.416504 2.274902 1.370605 0.266667 0.192157 0.545098 #0.501961
v 0.416504 2.274902 1.370605 0.266667 0.192157 0.545098 #0.501961
v -0.399414 2.019043 1.776367 0.266667 0.192157 0.545098 #0.501961
v -0.416504 2.274902 1.370605 0.266667 0.192157 0.545098 #0.501961
v 0.416504 2.274902 1.370605 0.266667 0.192157 0.545098 #0.501961
v 0.399414 2.019043 1.776367 0.266667 0.192157 0.545098 #0.501961
v -0.399414 2.019043 1.776367 0.266667 0.192157 0.545098 #0.501961
v 0.381104 1.574951 2.099365 0.266667 0.192157 0.545098 #0.501961
v -0.381104 1.574951 2.099365 0.266667 0.192157 0.545098 #0.501961
v -0.399414 2.019043 1.776367 0.266667 0.192157 0.545098 #0.501961
v 0.399414 2.019043 1.776367 0.266667 0.192157 0.545098 #0.501961
v 0.381104 1.574951 2.099365 0.266667 0.192157 0.545098 #0.501961
v -0.399414 2.019043 1.776367 0.266667 0.192157 0.545098 #0.501961
v 0.381104 1.574951 2.099365 0.266667 0.192157 0.545098 #0.501961
v -0.358643 1.051758 2.306152 0.266667 0.192157 0.545098 #0.501961
v -0.381104 1.574951 2.099365 0.266667 0.192157 0.545098 #0.501961
v 0.358643 1.051758 2.306152 0.266667 0.192157 0.545098 #0.501961
v -0.358643 1.051758 2.306152 0.266667 0.192157 0.545098 #0.501961
v 0.381104 1.574951 2.099365 0.266667 0.192157 0.545098 #0.501961
v 0.358643 1.051758 2.306152 0.266667 0.192157 0.545098 #0.501961
v -0.332031 0.038086 2.411377 0.266667 0.192157 0.545098 #0.501961
v -0.358643 1.051758 2.306152 0.266667 0.192157 0.545098 #0.501961
v 0.332031 0.038086 2.411377 0.266667 0.192157 0.545098 #0.501961
v -0.332031 0.038086 2.411377 0.266667 0.192157 0.545098 #0.501961
v 0.358643 1.051758 2.306152 0.266667 0.192157 0.545098 #0.501961
v -0.332031 0.038086 2.411377 0.266667 0.192157 0.545098 #0.501961
v 0.332031 0.038086 2.411377 0.266667 0.192157 0.545098 #0.501961
v -0.347656 0.111328 2.460205 0.266667 0.192157 0.545098 #0.501961
v -0.347656 0.111328 2.460205 0.266667 0.192157 0.545098 #0.501961
v 0.332031 0.038086 2.411377 0.266667 0.192157 0.545098 #0.501961
v 0.347656 0.111328 2.460205 0.266667 0.192157 0.545098 #0.501961
v -0.385986 1.082520 2.410400 0.266667 0.192157 0.545098 #0.501961
v 0.385986 1.082520 2.410400 0.266667 0.192157 0.545098 #0.501961
v -0.408203 1.632812 2.190430 0.266667 0.192157 0.545098 #0.501961
v -0.408203 1.632812 2.190430 0.266667 0.192157 0.545098 #0.501961
v 0.385986 1.082520 2.410400 0.266667 0.192157 0.545098 #0.501961
v 0.408203 1.632812 2.190430 0.266667 0.192157 0.545098 #0.501961
v -0.408203 1.632812 2.190430 0.266667 0.192157 0.545098 #0.501961
v 0.408203 1.632812 2.190430 0.266667 0.192157 0.545098 #0.501961
v -0.427002 2.102783 1.846436 0.266667 0.192157 0.545098 #0.501961
v -0.427002 2.102783 1.846436 0.266667 0.192157 0.545098 #0.501961
v 0.408203 1.632812 2.190430 0.266667 0.192157 0.545098 #0.501961
v 0.427002 2.102783 1.846436 0.266667 0.192157 0.545098 #0.501961
v -0.427002 2.102783 1.846436 0.266667 0.192157 0.545098 #0.501961
v 0.427002 2.102783 1.846436 0.266667 0.192157 0.545098 #0.501961
v -0.445801 2.376221 1.412842 0.266667 0.192157 0.545098 #0.501961
v -0.445801 2.376221 1.412842 0.266667 0.192157 0.545098 #0.501961
v 0.427002 2.102783 1.846436 0.266667 0.192157 0.545098 #0.501961
v 0.445801 2.376221 1.412842 0.266667 0.192157 0.545098 #0.501961
v -0.449951 2.483154 0.891113 0.266667 0.192157 0.545098 #0.501961
v -0.445801 2.376221 1.412842 0.266667 0.192157 0.545098 #0.501961
v 0.449951 2.483154 0.891113 0.266667 0.192157 0.545098 #0.501961
v 0.449951 2.483154 0.891113 0.266667 0.192157 0.545098 #0.501961
v -0.445801 2.376221 1.412842 0.266667 0.192157 0.545098 #0.501961
v 0.445801 2.376221 1.412842 0.266667 0.192157 0.545098 #0.501961
v 0.449951 2.483154 0.891113 0.266667 0.192157 0.545098 #0.501961
v -0.432129 2.469971 0.290039 0.266667 0.192157 0.545098 #0.501961
v -0.449951 2.483154 0.891113 0.266667 0.192157 0.545098 #0.501961
v 0.449951 2.483154 0.891113 0.266667 0.192157 0.545098 #0.501961
v 0.432129 2.469971 0.290039 0.266667 0.192157 0.545098 #0.501961
v -0.432129 2.469971 0.290039 0.266667 0.192157 0.545098 #0.501961
v 0.391357 2.327881 -0.304199 0.266667 0.192157 0.545098 #0.501961
v -0.391357 2.327881 -0.304199 0.266667 0.192157 0.545098 #0.501961
v -0.432129 2.469971 0.290039 0.266667 0.192157 0.545098 #0.501961
v 0.432129 2.469971 0.290039 0.266667 0.192157 0.545098 #0.501961
v 0.391357 2.327881 -0.304199 0.266667 0.192157 0.545098 #0.501961
v -0.432129 2.469971 0.290039 0.266667 0.192157 0.545098 #0.501961
v 0.391357 2.327881 -0.304199 0.266667 0.192157 0.545098 #0.501961
v -0.334229 2.045410 -0.795898 0.266667 0.192157 0.545098 #0.501961
v -0.391357 2.327881 -0.304199 0.266667 0.192157 0.545098 #0.501961
v 0.334229 2.045410 -0.795898 0.266667 0.192157 0.545098 #0.501961
v -0.334229 2.045410 -0.795898 0.266667 0.192157 0.545098 #0.501961
v 0.391357 2.327881 -0.304199 0.266667 0.192157 0.545098 #0.501961
v 0.334229 2.045410 -0.795898 0.266667 0.192157 0.545098 #0.501961
v -0.286865 1.656738 -1.124023 0.266667 0.192157 0.545098 #0.501961
v -0.334229 2.045410 -0.795898 0.266667 0.192157 0.545098 #0.501961
v 0.286865 1.656738 -1.124023 0.266667 0.192157 0.545098 #0.501961
v -0.286865 1.656738 -1.124023 0.266667 0.192157 0.545098 #0.501961
v 0.334229 2.045410 -0.795898 0.266667 0.192157 0.545098 #0.501961
v -0.285156 0.718750 -1.406006 0.266667 0.192157 0.545098 #0.501961
v 0.317139 0.477539 -1.892822 0.266667 0.192157 0.545098 #0.501961
v -0.317139 0.477539 -1.892822 0.266667 0.192157 0.545098 #0.501961
v 0.285156 0.718750 -1.406006 0.266667 0.192157 0.545098 #0.501961
v 0.317139 0.477539 -1.892822 0.266667 0.192157 0.545098 #0.501961
v -0.285156 0.718750 -1.406006 0.266667 0.192157 0.545098 #0.501961
v 0.317139 0.477539 -1.892822 0.266667 0.192157 0.545098 #0.501961
v -0.347656 0.307861 -2.376709 0.266667 0.192157 0.545098 #0.501961
v -0.317139 0.477539 -1.892822 0.266667 0.192157 0.545098 #0.501961
v 0.347656 0.307861 -2.376709 0.266667 0.192157 0.545098 #0.501961
v -0.347656 0.307861 -2.376709 0.266667 0.192157 0.545098 #0.501961
v 0.317139 0.477539 -1.892822 0.266667 0.192157 0.545098 #0.501961
v 0.347656 0.307861 -2.376709 0.266667 0.192157 0.545098 #0.501961
v -0.354248 0.237549 -2.452393 0.266667 0.192157 0.545098 #0.501961
v -0.347656 0.307861 -2.376709 0.266667 0.192157 0.545098 #0.501961
v 0.354248 0.237549 -2.452393 0.266667 0.192157 0.545098 #0.501961
v -0.354248 0.237549 -2.452393 0.266667 0.192157 0.545098 #0.501961
v 0.347656 0.307861 -2.376709 0.266667 0.192157 0.545098 #0.501961
v 0.354248 0.237549 -2.452393 0.266667 0.192157 0.545098 #0.501961
v -0.357178 0.211670 -2.343262 0.266667 0.192157 0.545098 #0.501961
v -0.354248 0.237549 -2.452393 0.266667 0.192157 0.545098 #0.501961
v 0.357178 0.211670 -2.343262 0.266667 0.192157 0.545098 #0.501961
v -0.357178 0.211670 -2.343262 0.266667 0.192157 0.545098 #0.501961
v 0.354248 0.237549 -2.452393 0.266667 0.192157 0.545098 #0.501961
v -0.329346 0.299072 -1.912842 0.266667 0.192157 0.545098 #0.501961
v -0.357178 0.211670 -2.343262 0.266667 0.192157 0.545098 #0.501961
v 0.329346 0.299072 -1.912842 0.266667 0.192157 0.545098 #0.501961
v 0.329346 0.299072 -1.912842 0.266667 0.192157 0.545098 #0.501961
v -0.357178 0.211670 -2.343262 0.266667 0.192157 0.545098 #0.501961
v 0.357178 0.211670 -2.343262 0.266667 0.192157 0.545098 #0.501961
v -0.329346 0.299072 -1.912842 0.266667 0.192157 0.545098 #0.501961
v 0.329346 0.299072 -1.912842 0.266667 0.192157 0.545098 #0.501961
v -0.301758 0.427490 -1.421631 0.266667 0.192157 0.545098 #0.501961
v -0.301758 0.427490 -1.421631 0.266667 0.192157 0.545098 #0.501961
v 0.329346 0.299072 -1.912842 0.266667 0.192157 0.545098 #0.501961
v 0.301758 0.427490 -1.421631 0.266667 0.192157 0.545098 #0.501961
v -0.282959 0.552002 -1.232178 0.266667 0.192157 0.545098 #0.501961
v -0.301758 0.427490 -1.421631 0.266667 0.192157 0.545098 #0.501961
v 0.282959 0.552002 -1.232178 0.266667 0.192157 0.545098 #0.501961
v -0.301758 0.427490 -1.421631 0.266667 0.192157 0.545098 #0.501961
v 0.301758 0.427490 -1.421631 0.266667 0.192157 0.545098 #0.501961
v 0.282959 0.552002 -1.232178 0.266667 0.192157 0.545098 #0.501961
v -1.454590 0.366943 -0.545898 0.266667 0.192157 0.545098 #0.501961
v -1.572266 0.343506 -0.023438 0.266667 0.192157 0.545098 #0.501961
v -1.385498 1.620850 -0.238281 0.266667 0.192157 0.545098 #0.501961
v -1.385498 1.620850 -0.238281 0.266667 0.192157 0.545098 #0.501961
v -1.572266 0.343506 -0.023438 0.266667 0.192157 0.545098 #0.501961
v -1.498535 1.594971 0.261963 0.266667 0.192157 0.545098 #0.501961
v -1.572266 0.343506 -0.023438 0.266667 0.192157 0.545098 #0.501961
v -1.647217 0.274170 0.516357 0.266667 0.192157 0.545098 #0.501961
v -1.498535 1.594971 0.261963 0.266667 0.192157 0.545098 #0.501961
v -1.498535 1.594971 0.261963 0.266667 0.192157 0.545098 #0.501961
v -1.647217 0.274170 0.516357 0.266667 0.192157 0.545098 #0.501961
v -1.537354 1.480713 0.785156 0.266667 0.192157 0.545098 #0.501961
v -1.537354 1.480713 0.785156 0.266667 0.192157 0.545098 #0.501961
v -1.566406 0.241699 1.122070 0.266667 0.192157 0.545098 #0.501961
v -1.499268 1.345459 1.284180 0.266667 0.192157 0.545098 #0.501961
v -1.647217 0.274170 0.516357 0.266667 0.192157 0.545098 #0.501961
v -1.566406 0.241699 1.122070 0.266667 0.192157 0.545098 #0.501961
v -1.537354 1.480713 0.785156 0.266667 0.192157 0.545098 #0.501961
v -1.499268 1.345459 1.284180 0.266667 0.192157 0.545098 #0.501961
v -1.566406 0.241699 1.122070 0.266667 0.192157 0.545098 #0.501961
v -1.371094 1.204102 1.713867 0.266667 0.192157 0.545098 #0.501961
v -1.566406 0.241699 1.122070 0.266667 0.192157 0.545098 #0.501961
v -1.410156 0.188477 1.637939 0.266667 0.192157 0.545098 #0.501961
v -1.371094 1.204102 1.713867 0.266667 0.192157 0.545098 #0.501961
v -1.371094 1.204102 1.713867 0.266667 0.192157 0.545098 #0.501961
v -1.410156 0.188477 1.637939 0.266667 0.192157 0.545098 #0.501961
v -1.101074 1.127686 2.027100 0.266667 0.192157 0.545098 #0.501961
v -1.410156 0.188477 1.637939 0.266667 0.192157 0.545098 #0.501961
v -1.072754 0.145020 1.994385 0.266667 0.192157 0.545098 #0.501961
v -1.101074 1.127686 2.027100 0.266667 0.192157 0.545098 #0.501961
v -1.101074 1.127686 2.027100 0.266667 0.192157 0.545098 #0.501961
v -1.072754 0.145020 1.994385 0.266667 0.192157 0.545098 #0.501961
v -0.761963 1.060547 2.260498 0.266667 0.192157 0.545098 #0.501961
v -1.072754 0.145020 1.994385 0.266667 0.192157 0.545098 #0.501961
v -0.700928 0.112549 2.292725 0.266667 0.192157 0.545098 #0.501961
v -0.761963 1.060547 2.260498 0.266667 0.192157 0.545098 #0.501961
v -0.761963 1.060547 2.260498 0.266667 0.192157 0.545098 #0.501961
v -0.700928 0.112549 2.292725 0.266667 0.192157 0.545098 #0.501961
v -0.385986 1.082520 2.410400 0.266667 0.192157 0.545098 #0.501961
v -0.700928 0.112549 2.292725 0.266667 0.192157 0.545098 #0.501961
v -0.347656 0.111328 2.460205 0.266667 0.192157 0.545098 #0.501961
v -0.385986 1.082520 2.410400 0.266667 0.192157 0.545098 #0.501961
v -0.385986 1.082520 2.410400 0.266667 0.192157 0.545098 #0.501961
v -0.347656 0.111328 2.460205 0.266667 0.192157 0.545098 #0.501961
v 0.385986 1.082520 2.410400 0.266667 0.192157 0.545098 #0.501961
v -0.347656 0.111328 2.460205 0.266667 0.192157 0.545098 #0.501961
v 0.347656 0.111328 2.460205 0.266667 0.192157 0.545098 #0.501961
v 0.385986 1.082520 2.410400 0.266667 0.192157 0.545098 #0.501961
v 0.385986 1.082520 2.410400 0.266667 0.192157 0.545098 #0.501961
v 0.700928 0.112549 2.292725 0.266667 0.192157 0.545098 #0.501961
v 0.761963 1.060547 2.260498 0.266667 0.192157 0.545098 #0.501961
v 0.385986 1.082520 2.410400 0.266667 0.192157 0.545098 #0.501961
v 0.347656 0.111328 2.460205 0.266667 0.192157 0.545098 #0.501961
v 0.700928 0.112549 2.292725 0.266667 0.192157 0.545098 #0.501961
v 0.761963 1.060547 2.260498 0.266667 0.192157 0.545098 #0.501961
v 1.072754 0.145020 1.994385 0.266667 0.192157 0.545098 #0.501961
v 1.101074 1.127686 2.027100 0.266667 0.192157 0.545098 #0.501961
v 0.761963 1.060547 2.260498 0.266667 0.192157 0.545098 #0.501961
v 0.700928 0.112549 2.292725 0.266667 0.192157 0.545098 #0.501961
v 1.072754 0.145020 1.994385 0.266667 0.192157 0.545098 #0.501961
v 1.101074 1.127686 2.027100 0.266667 0.192157 0.545098 #0.501961
v 1.410156 0.188477 1.637939 0.266667 0.192157 0.545098 #0.501961
v 1.371094 1.204102 1.713867 0.266667 0.192157 0.545098 #0.501961
v 1.101074 1.127686 2.027100 0.266667 0.192157 0.545098 #0.501961
v 1.072754 0.145020 1.994385 0.266667 0.192157 0.545098 #0.501961
v 1.410156 0.188477 1.637939 0.266667 0.192157 0.545098 #0.501961
v 1.371094 1.204102 1.713867 0.266667 0.192157 0.545098 #0.501961
v 1.566406 0.241699 1.122070 0.266667 0.192157 0.545098 #0.501961
v 1.499268 1.345459 1.284180 0.266667 0.192157 0.545098 #0.501961
v 1.371094 1.204102 1.713867 0.266667 0.192157 0.545098 #0.501961
v 1.410156 0.188477 1.637939 0.266667 0.192157 0.545098 #0.501961
v 1.566406 0.241699 1.122070 0.266667 0.192157 0.545098 #0.501961
v 1.499268 1.345459 1.284180 0.266667 0.192157 0.545098 #0.501961
v 1.566406 0.241699 1.122070 0.266667 0.192157 0.545098 #0.501961
v 1.537354 1.480713 0.785156 0.266667 0.192157 0.545098 #0.501961
v 1.537354 1.480713 0.785156 0.266667 0.192157 0.545098 #0.501961
v 1.566406 0.241699 1.122070 0.266667 0.192157 0.545098 #0.501961
v 1.647217 0.274170 0.516357 0.266667 0.192157 0.545098 #0.501961
v 1.537354 1.480713 0.785156 0.266667 0.192157 0.545098 #0.501961
v 1.647217 0.274170 0.516357 0.266667 0.192157 0.545098 #0.501961
v 1.498535 1.594971 0.261963 0.266667 0.192157 0.545098 #0.501961
v 1.498535 1.594971 0.261963 0.266667 0.192157 0.545098 #0.501961
v 1.647217 0.274170 0.516357 0.266667 0.192157 0.545098 #0.501961
v 1.572266 0.343506 -0.023438 0.266667 0.192157 0.545098 #0.501961
v 1.498535 1.594971 0.261963 0.266667 0.192157 0.545098 #0.501961
v 1.572266 0.343506 -0.023438 0.266667 0.192157 0.545098 #0.501961
v 1.385498 1.620850 -0.238281 0.266667 0.192157 0.545098 #0.501961
v 1.385498 1.620850 -0.238281 0.266667 0.192157 0.545098 #0.501961
v 1.572266 0.343506 -0.023438 0.266667 0.192157 0.545098 #0.501961
v 1.454590 0.366943 -0.545898 0.266667 0.192157 0.545098 #0.501961
v 1.385498 1.620850 -0.238281 0.266667 0.192157 0.545098 #0.501961
v 1.454590 0.366943 -0.545898 0.266667 0.192157 0.545098 #0.501961
v 1.202393 1.515137 -0.654053 0.266667 0.192157 0.545098 #0.501961
v 1.202393 1.515137 -0.654053 0.266667 0.192157 0.545098 #0.501961
v 1.454590 0.366943 -0.545898 0.266667 0.192157 0.545098 #0.501961
v 1.273926 0.475586 -0.854248 0.266667 0.192157 0.545098 #0.501961
v 1.202393 1.515137 -0.654053 0.266667 0.192157 0.545098 #0.501961
v 1.273926 0.475586 -0.854248 0.266667 0.192157 0.545098 #0.501961
v 1.037598 1.369141 -0.915283 0.266667 0.192157 0.545098 #0.501961
v 1.037598 1.369141 -0.915283 0.266667 0.192157 0.545098 #0.501961
v 1.273926 0.475586 -0.854248 0.266667 0.192157 0.545098 #0.501961
v 1.068604 0.566162 -1.085205 0.266667 0.192157 0.545098 #0.501961
v 1.037598 1.369141 -0.915283 0.266667 0.192157 0.545098 #0.501961
v 0.824951 0.627441 -1.236572 0.266667 0.192157 0.545098 #0.501961
v 0.842285 1.489990 -0.998779 0.266667 0.192157 0.545098 #0.501961
v 1.037598 1.369141 -0.915283 0.266667 0.192157 0.545098 #0.501961
v 1.068604 0.566162 -1.085205 0.266667 0.192157 0.545098 #0.501961
v 0.824951 0.627441 -1.236572 0.266667 0.192157 0.545098 #0.501961
v 0.842285 1.489990 -0.998779 0.266667 0.192157 0.545098 #0.501961
v 0.566406 0.685547 -1.352539 0.266667 0.192157 0.545098 #0.501961
v 0.572510 1.597900 -1.075684 0.266667 0.192157 0.545098 #0.501961
v 0.842285 1.489990 -0.998779 0.266667 0.192157 0.545098 #0.501961
v 0.824951 0.627441 -1.236572 0.266667 0.192157 0.545098 #0.501961
v 0.566406 0.685547 -1.352539 0.266667 0.192157 0.545098 #0.501961
v 0.572510 1.597900 -1.075684 0.266667 0.192157 0.545098 #0.501961
v 0.285156 0.718750 -1.406006 0.266667 0.192157 0.545098 #0.501961
v 0.286865 1.656738 -1.124023 0.266667 0.192157 0.545098 #0.501961
v 0.572510 1.597900 -1.075684 0.266667 0.192157 0.545098 #0.501961
v 0.566406 0.685547 -1.352539 0.266667 0.192157 0.545098 #0.501961
v 0.285156 0.718750 -1.406006 0.266667 0.192157 0.545098 #0.501961
v 0.286865 1.656738 -1.124023 0.266667 0.192157 0.545098 #0.501961
v -0.285156 0.718750 -1.406006 0.266667 0.192157 0.545098 #0.501961
v -0.286865 1.656738 -1.124023 0.266667 0.192157 0.545098 #0.501961
v 0.285156 0.718750 -1.406006 0.266667 0.192157 0.545098 #0.501961
v -0.285156 0.718750 -1.406006 0.266667 0.192157 0.545098 #0.501961
v 0.286865 1.656738 -1.124023 0.266667 0.192157 0.545098 #0.501961
v -0.286865 1.656738 -1.124023 0.266667 0.192157 0.545098 #0.501961
v -0.285156 0.718750 -1.406006 0.266667 0.192157 0.545098 #0.501961
v -0.572510 1.597900 -1.075684 0.266667 0.192157 0.545098 #0.501961
v -0.285156 0.718750 -1.406006 0.266667 0.192157 0.545098 #0.501961
v -0.566406 0.685547 -1.352539 0.266667 0.192157 0.545098 #0.501961
v -0.572510 1.597900 -1.075684 0.266667 0.192157 0.545098 #0.501961
v -0.572510 1.597900 -1.075684 0.266667 0.192157 0.545098 #0.501961
v -0.566406 0.685547 -1.352539 0.266667 0.192157 0.545098 #0.501961
v -0.842285 1.489990 -0.998779 0.266667 0.192157 0.545098 #0.501961
v -0.566406 0.685547 -1.352539 0.266667 0.192157 0.545098 #0.501961
v -0.824951 0.627441 -1.236572 0.266667 0.192157 0.545098 #0.501961
v -0.842285 1.489990 -0.998779 0.266667 0.192157 0.545098 #0.501961
v -0.842285 1.489990 -0.998779 0.266667 0.192157 0.545098 #0.501961
v -0.824951 0.627441 -1.236572 0.266667 0.192157 0.545098 #0.501961
v -1.037598 1.369141 -0.915283 0.266667 0.192157 0.545098 #0.501961
v -0.824951 0.627441 -1.236572 0.266667 0.192157 0.545098 #0.501961
v -1.068604 0.566162 -1.085205 0.266667 0.192157 0.545098 #0.501961
v -1.037598 1.369141 -0.915283 0.266667 0.192157 0.545098 #0.501961
v -1.037598 1.369141 -0.915283 0.266667 0.192157 0.545098 #0.501961
v -1.273926 0.475586 -0.854248 0.266667 0.192157 0.545098 #0.501961
v -1.202393 1.515137 -0.654053 0.266667 0.192157 0.545098 #0.501961
v -1.068604 0.566162 -1.085205 0.266667 0.192157 0.545098 #0.501961
v -1.273926 0.475586 -0.854248 0.266667 0.192157 0.545098 #0.501961
v -1.037598 1.369141 -0.915283 0.266667 0.192157 0.545098 #0.501961
v -1.202393 1.515137 -0.654053 0.266667 0.192157 0.545098 #0.501961
v -1.454590 0.366943 -0.545898 0.266667 0.192157 0.545098 #0.501961
v -1.385498 1.620850 -0.238281 0.266667 0.192157 0.545098 #0.501961
v -1.273926 0.475586 -0.854248 0.266667 0.192157 0.545098 #0.501961
v -1.454590 0.366943 -0.545898 0.266667 0.192157 0.545098 #0.501961
v -1.202393 1.515137 -0.654053 0.266667 0.192157 0.545098 #0.501961
vt 0.733398 0.582520 0.000000
vt 0.784668 0.643799 0.000000
vt 0.845215 0.564697 0.000000
vt 0.691162 0.661865 0.000000
vt 0.784668 0.643799 0.000000
vt 0.733398 0.582520 0.000000
vt 0.691162 0.661865 0.000000
vt 0.648926 0.741211 0.000000
vt 0.784668 0.643799 0.000000
vt 0.648926 0.741211 0.000000
vt 0.723877 0.722656 0.000000
vt 0.784668 0.643799 0.000000
vt 0.784668 0.643799 0.000000
vt 0.957031 0.546631 0.000000
vt 0.845215 0.564697 0.000000
vt 0.784668 0.643799 0.000000
vt 0.877930 0.625488 0.000000
vt 0.957031 0.546631 0.000000
vt 0.784668 0.643799 0.000000
vt 0.798828 0.704102 0.000000
vt 0.877930 0.625488 0.000000
vt 0.723877 0.722656 0.000000
vt 0.798828 0.704102 0.000000
vt 0.784668 0.643799 0.000000
vt 0.616699 0.581299 0.000000
vt 0.691162 0.661865 0.000000
vt 0.733398 0.582520 0.000000
vt 0.595459 0.665283 0.000000
vt 0.691162 0.661865 0.000000
vt 0.616699 0.581299 0.000000
vt 0.595459 0.665283 0.000000
vt 0.574463 0.749268 0.000000
vt 0.691162 0.661865 0.000000
vt 0.574463 0.749268 0.000000
vt 0.648926 0.741211 0.000000
vt 0.691162 0.661865 0.000000
vt 0.751465 0.456055 0.000000
vt 0.769531 0.329590 0.000000
vt 0.634766 0.328613 0.000000
vt 0.625732 0.454834 0.000000
vt 0.751465 0.456055 0.000000
vt 0.634766 0.328613 0.000000
vt 0.625732 0.454834 0.000000
vt 0.733398 0.582520 0.000000
vt 0.751465 0.456055 0.000000
vt 0.616699 0.581299 0.000000
vt 0.733398 0.582520 0.000000
vt 0.625732 0.454834 0.000000
vt 0.862549 0.453613 0.000000
vt 0.879883 0.342529 0.000000
vt 0.769531 0.329590 0.000000
vt 0.751465 0.456055 0.000000
vt 0.862549 0.453613 0.000000
vt 0.769531 0.329590 0.000000
vt 0.751465 0.456055 0.000000
vt 0.845215 0.564697 0.000000
vt 0.862549 0.453613 0.000000
vt 0.733398 0.582520 0.000000
vt 0.845215 0.564697 0.000000
vt 0.751465 0.456055 0.000000
vt 0.973633 0.450928 0.000000
vt 0.990234 0.355469 0.000000
vt 0.879883 0.342529 0.000000
vt 0.862549 0.453613 0.000000
vt 0.973633 0.450928 0.000000
vt 0.879883 0.342529 0.000000
vt 0.845215 0.564697 0.000000
vt 0.973633 0.450928 0.000000
vt 0.862549 0.453613 0.000000
vt 0.957031 0.546631 0.000000
vt 0.973633 0.450928 0.000000
vt 0.845215 0.564697 0.000000
vt 0.920654 0.615479 0.000000
vt 0.919678 0.618408 0.000000
vt 0.954834 0.510254 0.000000
vt 0.920654 0.615479 0.000000
vt 0.954834 0.510254 0.000000
vt 0.955811 0.507568 0.000000
vt 0.955811 0.507568 0.000000
vt 0.954834 0.510254 0.000000
vt 0.989990 0.402344 0.000000
vt 0.921387 0.612793 0.000000
vt 0.920654 0.615479 0.000000
vt 0.955811 0.507568 0.000000
vt 0.634766 0.328613 0.000000
vt 0.759277 0.243164 0.000000
vt 0.629639 0.239746 0.000000
vt 0.769531 0.329590 0.000000
vt 0.759277 0.243164 0.000000
vt 0.634766 0.328613 0.000000
vt 0.629639 0.239746 0.000000
vt 0.748779 0.156494 0.000000
vt 0.624268 0.151123 0.000000
vt 0.759277 0.243164 0.000000
vt 0.748779 0.156494 0.000000
vt 0.629639 0.239746 0.000000
vt 0.748779 0.156494 0.000000
vt 0.617676 0.090820 0.000000
vt 0.624268 0.151123 0.000000
vt 0.748779 0.156494 0.000000
vt 0.735352 0.108398 0.000000
vt 0.617676 0.090820 0.000000
vt 0.735352 0.108398 0.000000
vt 0.610840 0.030273 0.000000
vt 0.617676 0.090820 0.000000
vt 0.735352 0.108398 0.000000
vt 0.721680 0.060303 0.000000
vt 0.610840 0.030273 0.000000
vt 0.796875 0.868408 0.000000
vt 0.889160 0.776611 0.000000
vt 0.889160 0.777832 0.000000
vt 0.796875 0.868408 0.000000
vt 0.889160 0.777832 0.000000
vt 0.796631 0.869629 0.000000
vt 0.796631 0.869629 0.000000
vt 0.889160 0.777832 0.000000
vt 0.796631 0.870605 0.000000
vt 0.796631 0.870605 0.000000
vt 0.889160 0.777832 0.000000
vt 0.889160 0.779053 0.000000
vt 0.704346 0.960205 0.000000
vt 0.796875 0.868408 0.000000
vt 0.796631 0.869629 0.000000
vt 0.704346 0.960205 0.000000
vt 0.796631 0.869629 0.000000
vt 0.704346 0.961182 0.000000
vt 0.704346 0.961182 0.000000
vt 0.796631 0.869629 0.000000
vt 0.704102 0.962402 0.000000
vt 0.704102 0.962402 0.000000
vt 0.796631 0.869629 0.000000
vt 0.796631 0.870605 0.000000
vt 0.602051 0.979736 0.000000
vt 0.602051 0.978516 0.000000
vt 0.704346 0.961182 0.000000
vt 0.602051 0.978516 0.000000
vt 0.704346 0.960205 0.000000
vt 0.704346 0.961182 0.000000
vt 0.602051 0.979736 0.000000
vt 0.704346 0.961182 0.000000
vt 0.602051 0.980957 0.000000
vt 0.602051 0.980957 0.000000
vt 0.704346 0.961182 0.000000
vt 0.704102 0.962402 0.000000
vt 0.803223 0.714600 0.000000
vt 0.846191 0.746826 0.000000
vt 0.862305 0.663574 0.000000
vt 0.846191 0.746826 0.000000
vt 0.905273 0.695801 0.000000
vt 0.862305 0.663574 0.000000
vt 0.846191 0.746826 0.000000
vt 0.889160 0.779053 0.000000
vt 0.905273 0.695801 0.000000
vt 0.862305 0.663574 0.000000
vt 0.905273 0.695801 0.000000
vt 0.921387 0.612793 0.000000
vt 0.905273 0.695801 0.000000
vt 0.920654 0.615479 0.000000
vt 0.921387 0.612793 0.000000
vt 0.905273 0.695801 0.000000
vt 0.904785 0.696777 0.000000
vt 0.920654 0.615479 0.000000
vt 0.889160 0.779053 0.000000
vt 0.904785 0.696777 0.000000
vt 0.905273 0.695801 0.000000
vt 0.889160 0.779053 0.000000
vt 0.889160 0.777832 0.000000
vt 0.904785 0.696777 0.000000
vt 0.920654 0.615479 0.000000
vt 0.904785 0.696777 0.000000
vt 0.919678 0.618408 0.000000
vt 0.904785 0.696777 0.000000
vt 0.904541 0.697510 0.000000
vt 0.919678 0.618408 0.000000
vt 0.889160 0.777832 0.000000
vt 0.904541 0.697510 0.000000
vt 0.904785 0.696777 0.000000
vt 0.889160 0.777832 0.000000
vt 0.889160 0.776611 0.000000
vt 0.904541 0.697510 0.000000
vt 0.704102 0.962402 0.000000
vt 0.796631 0.870605 0.000000
vt 0.682861 0.854980 0.000000
vt 0.682861 0.854980 0.000000
vt 0.796631 0.870605 0.000000
vt 0.764404 0.801025 0.000000
vt 0.796631 0.870605 0.000000
vt 0.889160 0.779053 0.000000
vt 0.764404 0.801025 0.000000
vt 0.764404 0.801025 0.000000
vt 0.889160 0.779053 0.000000
vt 0.846191 0.746826 0.000000
vt 0.682861 0.854980 0.000000
vt 0.764404 0.801025 0.000000
vt 0.661377 0.747803 0.000000
vt 0.661377 0.747803 0.000000
vt 0.764404 0.801025 0.000000
vt 0.732422 0.731201 0.000000
vt 0.764404 0.801025 0.000000
vt 0.846191 0.746826 0.000000
vt 0.732422 0.731201 0.000000
vt 0.732422 0.731201 0.000000
vt 0.846191 0.746826 0.000000
vt 0.803223 0.714600 0.000000
vt 0.602051 0.980957 0.000000
vt 0.704102 0.962402 0.000000
vt 0.591309 0.867432 0.000000
vt 0.591309 0.867432 0.000000
vt 0.704102 0.962402 0.000000
vt 0.682861 0.854980 0.000000
vt 0.591309 0.867432 0.000000
vt 0.682861 0.854980 0.000000
vt 0.580566 0.754150 0.000000
vt 0.580566 0.754150 0.000000
vt 0.682861 0.854980 0.000000
vt 0.661377 0.747803 0.000000
vt 0.973389 0.262939 0.000000
vt 0.956787 0.170654 0.000000
vt 0.852783 0.163574 0.000000
vt 0.866211 0.253174 0.000000
vt 0.973389 0.262939 0.000000
vt 0.852783 0.163574 0.000000
vt 0.866211 0.253174 0.000000
vt 0.852783 0.163574 0.000000
vt 0.748779 0.156494 0.000000
vt 0.759277 0.243164 0.000000
vt 0.866211 0.253174 0.000000
vt 0.748779 0.156494 0.000000
vt 0.990234 0.355469 0.000000
vt 0.973389 0.262939 0.000000
vt 0.866211 0.253174 0.000000
vt 0.879883 0.342529 0.000000
vt 0.990234 0.355469 0.000000
vt 0.866211 0.253174 0.000000
vt 0.879883 0.342529 0.000000
vt 0.866211 0.253174 0.000000
vt 0.769531 0.329590 0.000000
vt 0.769531 0.329590 0.000000
vt 0.866211 0.253174 0.000000
vt 0.759277 0.243164 0.000000
vt 0.956787 0.170654 0.000000
vt 0.839111 0.115479 0.000000
vt 0.852783 0.163574 0.000000
vt 0.852783 0.163574 0.000000
vt 0.839111 0.115479 0.000000
vt 0.735352 0.108398 0.000000
vt 0.839111 0.115479 0.000000
vt 0.721680 0.060303 0.000000
vt 0.735352 0.108398 0.000000
vt 0.852783 0.163574 0.000000
vt 0.735352 0.108398 0.000000
vt 0.748779 0.156494 0.000000
vt 0.736816 0.726318 0.000000
vt 0.689941 0.850342 0.000000
vt 0.675537 0.740479 0.000000
vt 0.736816 0.726318 0.000000
vt 0.751221 0.836182 0.000000
vt 0.689941 0.850342 0.000000
vt 0.798096 0.712158 0.000000
vt 0.751221 0.836182 0.000000
vt 0.736816 0.726318 0.000000
vt 0.751221 0.836182 0.000000
vt 0.704346 0.960205 0.000000
vt 0.689941 0.850342 0.000000
vt 0.594971 0.861328 0.000000
vt 0.704346 0.960205 0.000000
vt 0.602051 0.978516 0.000000
vt 0.689941 0.850342 0.000000
vt 0.704346 0.960205 0.000000
vt 0.594971 0.861328 0.000000
vt 0.587646 0.743896 0.000000
vt 0.689941 0.850342 0.000000
vt 0.594971 0.861328 0.000000
vt 0.675537 0.740479 0.000000
vt 0.689941 0.850342 0.000000
vt 0.587646 0.743896 0.000000
vt 0.858887 0.665283 0.000000
vt 0.812012 0.789307 0.000000
vt 0.798096 0.712158 0.000000
vt 0.798096 0.712158 0.000000
vt 0.812012 0.789307 0.000000
vt 0.751221 0.836182 0.000000
vt 0.751221 0.836182 0.000000
vt 0.796875 0.868408 0.000000
vt 0.704346 0.960205 0.000000
vt 0.812012 0.789307 0.000000
vt 0.796875 0.868408 0.000000
vt 0.751221 0.836182 0.000000
vt 0.812012 0.789307 0.000000
vt 0.889160 0.776611 0.000000
vt 0.796875 0.868408 0.000000
vt 0.904541 0.697510 0.000000
vt 0.889160 0.776611 0.000000
vt 0.812012 0.789307 0.000000
vt 0.919678 0.618408 0.000000
vt 0.904541 0.697510 0.000000
vt 0.858887 0.665283 0.000000
vt 0.858887 0.665283 0.000000
vt 0.904541 0.697510 0.000000
vt 0.812012 0.789307 0.000000
vt 0.733398 0.582520 0.000000
vt 0.784668 0.643799 0.000000
vt 0.691162 0.661865 0.000000
vt 0.845215 0.564697 0.000000
vt 0.784668 0.643799 0.000000
vt 0.733398 0.582520 0.000000
vt 0.845215 0.564697 0.000000
vt 0.957031 0.546631 0.000000
vt 0.784668 0.643799 0.000000
vt 0.957031 0.546631 0.000000
vt 0.877930 0.625488 0.000000
vt 0.784668 0.643799 0.000000
vt 0.784668 0.643799 0.000000
vt 0.648926 0.741211 0.000000
vt 0.691162 0.661865 0.000000
vt 0.784668 0.643799 0.000000
vt 0.723877 0.722656 0.000000
vt 0.648926 0.741211 0.000000
vt 0.877930 0.625488 0.000000
vt 0.723877 0.722656 0.000000
vt 0.784668 0.643799 0.000000
vt 0.877930 0.625488 0.000000
vt 0.798828 0.704102 0.000000
vt 0.723877 0.722656 0.000000
vt 0.616699 0.581299 0.000000
vt 0.691162 0.661865 0.000000
vt 0.595459 0.665283 0.000000
vt 0.733398 0.582520 0.000000
vt 0.691162 0.661865 0.000000
vt 0.616699 0.581299 0.000000
vt 0.691162 0.661865 0.000000
vt 0.574463 0.749268 0.000000
vt 0.595459 0.665283 0.000000
vt 0.691162 0.661865 0.000000
vt 0.648926 0.741211 0.000000
vt 0.574463 0.749268 0.000000
vt 0.634766 0.328613 0.000000
vt 0.769531 0.329590 0.000000
vt 0.751465 0.456055 0.000000
vt 0.634766 0.328613 0.000000
vt 0.751465 0.456055 0.000000
vt 0.625732 0.454834 0.000000
vt 0.751465 0.456055 0.000000
vt 0.733398 0.582520 0.000000
vt 0.625732 0.454834 0.000000
vt 0.625732 0.454834 0.000000
vt 0.733398 0.582520 0.000000
vt 0.616699 0.581299 0.000000
vt 0.769531 0.329590 0.000000
vt 0.862549 0.453613 0.000000
vt 0.751465 0.456055 0.000000
vt 0.769531 0.329590 0.000000
vt 0.879883 0.342529 0.000000
vt 0.862549 0.453613 0.000000
vt 0.879883 0.342529 0.000000
vt 0.973633 0.450928 0.000000
vt 0.862549 0.453613 0.000000
vt 0.879883 0.342529 0.000000
vt 0.990234 0.355469 0.000000
vt 0.973633 0.450928 0.000000
vt 0.751465 0.456055 0.000000
vt 0.845215 0.564697 0.000000
vt 0.733398 0.582520 0.000000
vt 0.862549 0.453613 0.000000
vt 0.845215 0.564697 0.000000
vt 0.751465 0.456055 0.000000
vt 0.862549 0.453613 0.000000
vt 0.973633 0.450928 0.000000
vt 0.845215 0.564697 0.000000
vt 0.845215 0.564697 0.000000
vt 0.973633 0.450928 0.000000
vt 0.957031 0.546631 0.000000
vt 0.634766 0.328613 0.000000
vt 0.759277 0.243164 0.000000
vt 0.769531 0.329590 0.000000
vt 0.629639 0.239746 0.000000
vt 0.759277 0.243164 0.000000
vt 0.634766 0.328613 0.000000
vt 0.629639 0.239746 0.000000
vt 0.748779 0.156494 0.000000
vt 0.759277 0.243164 0.000000
vt 0.624268 0.151123 0.000000
vt 0.748779 0.156494 0.000000
vt 0.629639 0.239746 0.000000
vt 0.624268 0.151123 0.000000
vt 0.617676 0.090820 0.000000
vt 0.748779 0.156494 0.000000
vt 0.617676 0.090820 0.000000
vt 0.735352 0.108398 0.000000
vt 0.748779 0.156494 0.000000
vt 0.617676 0.090820 0.000000
vt 0.610840 0.030273 0.000000
vt 0.735352 0.108398 0.000000
vt 0.610840 0.030273 0.000000
vt 0.721680 0.060303 0.000000
vt 0.735352 0.108398 0.000000
vt 0.852783 0.163574 0.000000
vt 0.956787 0.170654 0.000000
vt 0.973389 0.262939 0.000000
vt 0.852783 0.163574 0.000000
vt 0.973389 0.262939 0.000000
vt 0.866211 0.253174 0.000000
vt 0.866211 0.253174 0.000000
vt 0.973389 0.262939 0.000000
vt 0.990234 0.355469 0.000000
vt 0.866211 0.253174 0.000000
vt 0.990234 0.355469 0.000000
vt 0.879883 0.342529 0.000000
vt 0.748779 0.156494 0.000000
vt 0.852783 0.163574 0.000000
vt 0.866211 0.253174 0.000000
vt 0.748779 0.156494 0.000000
vt 0.866211 0.253174 0.000000
vt 0.759277 0.243164 0.000000
vt 0.759277 0.243164 0.000000
vt 0.866211 0.253174 0.000000
vt 0.769531 0.329590 0.000000
vt 0.769531 0.329590 0.000000
vt 0.866211 0.253174 0.000000
vt 0.879883 0.342529 0.000000
vt 0.852783 0.163574 0.000000
vt 0.839111 0.115479 0.000000
vt 0.956787 0.170654 0.000000
vt 0.735352 0.108398 0.000000
vt 0.839111 0.115479 0.000000
vt 0.852783 0.163574 0.000000
vt 0.748779 0.156494 0.000000
vt 0.735352 0.108398 0.000000
vt 0.852783 0.163574 0.000000
vt 0.735352 0.108398 0.000000
vt 0.721680 0.060303 0.000000
vt 0.839111 0.115479 0.000000
vt 0.989990 0.402344 0.000000
vt 0.989990 0.402344 0.000000
vt 0.954590 0.298096 0.000000
vt 0.989990 0.402344 0.000000
vt 0.954590 0.298096 0.000000
vt 0.954590 0.298096 0.000000
vt 0.954590 0.298096 0.000000
vt 0.919434 0.193848 0.000000
vt 0.954590 0.298096 0.000000
vt 0.954590 0.298096 0.000000
vt 0.919434 0.193848 0.000000
vt 0.919434 0.193848 0.000000
vt 0.919434 0.193848 0.000000
vt 0.808838 0.131836 0.000000
vt 0.808838 0.131836 0.000000
vt 0.919434 0.193848 0.000000
vt 0.808838 0.131836 0.000000
vt 0.919434 0.193848 0.000000
vt 0.808838 0.131836 0.000000
vt 0.808838 0.131836 0.000000
vt 0.698486 0.070068 0.000000
vt 0.808838 0.131836 0.000000
vt 0.698486 0.070068 0.000000
vt 0.698486 0.070068 0.000000
vt 0.698486 0.070068 0.000000
vt 0.698486 0.070068 0.000000
vt 0.599121 0.042969 0.000000
vt 0.698486 0.070068 0.000000
vt 0.599121 0.042969 0.000000
vt 0.599121 0.042969 0.000000
vt 0.954834 0.510254 0.000000
vt 0.919678 0.618408 0.000000
vt 0.920654 0.615479 0.000000
vt 0.955322 0.509033 0.000000
vt 0.954834 0.510254 0.000000
vt 0.920654 0.615479 0.000000
vt 0.989990 0.402344 0.000000
vt 0.954834 0.510254 0.000000
vt 0.955322 0.509033 0.000000
vt 0.955322 0.509033 0.000000
vt 0.989990 0.402344 0.000000
vt 0.989990 0.402344 0.000000
vt 0.800537 0.713379 0.000000
vt 0.858887 0.665283 0.000000
vt 0.798096 0.712158 0.000000
vt 0.860596 0.664551 0.000000
vt 0.858887 0.665283 0.000000
vt 0.800537 0.713379 0.000000
vt 0.860596 0.664551 0.000000
vt 0.919678 0.618408 0.000000
vt 0.858887 0.665283 0.000000
vt 0.920654 0.615479 0.000000
vt 0.919678 0.618408 0.000000
vt 0.860596 0.664551 0.000000
vt 0.668457 0.744141 0.000000
vt 0.736816 0.726318 0.000000
vt 0.675537 0.740479 0.000000
vt 0.734619 0.728760 0.000000
vt 0.736816 0.726318 0.000000
vt 0.668457 0.744141 0.000000
vt 0.734619 0.728760 0.000000
vt 0.798096 0.712158 0.000000
vt 0.736816 0.726318 0.000000
vt 0.800537 0.713379 0.000000
vt 0.798096 0.712158 0.000000
vt 0.734619 0.728760 0.000000
vt 0.584229 0.749023 0.000000
vt 0.675537 0.740479 0.000000
vt 0.587646 0.743896 0.000000
vt 0.668457 0.744141 0.000000
vt 0.675537 0.740479 0.000000
vt 0.584229 0.749023 0.000000
vt 0.733398 0.582520 0.000000
vt 0.784668 0.643799 0.000000
vt 0.691162 0.661865 0.000000
vt 0.845215 0.564697 0.000000
vt 0.784668 0.643799 0.000000
vt 0.733398 0.582520 0.000000
vt 0.845215 0.564697 0.000000
vt 0.957031 0.546631 0.000000
vt 0.784668 0.643799 0.000000
vt 0.957031 0.546631 0.000000
vt 0.877930 0.625488 0.000000
vt 0.784668 0.643799 0.000000
vt 0.784668 0.643799 0.000000
vt 0.648926 0.741211 0.000000
vt 0.691162 0.661865 0.000000
vt 0.784668 0.643799 0.000000
vt 0.723877 0.722656 0.000000
vt 0.648926 0.741211 0.000000
vt 0.784668 0.643799 0.000000
vt 0.798828 0.704102 0.000000
vt 0.723877 0.722656 0.000000
vt 0.877930 0.625488 0.000000
vt 0.798828 0.704102 0.000000
vt 0.784668 0.643799 0.000000
vt 0.616699 0.581299 0.000000
vt 0.691162 0.661865 0.000000
vt 0.595459 0.665283 0.000000
vt 0.733398 0.582520 0.000000
vt 0.691162 0.661865 0.000000
vt 0.616699 0.581299 0.000000
vt 0.691162 0.661865 0.000000
vt 0.574463 0.749268 0.000000
vt 0.595459 0.665283 0.000000
vt 0.691162 0.661865 0.000000
vt 0.648926 0.741211 0.000000
vt 0.574463 0.749268 0.000000
vt 0.634766 0.328613 0.000000
vt 0.769531 0.329590 0.000000
vt 0.751465 0.456055 0.000000
vt 0.634766 0.328613 0.000000
vt 0.751465 0.456055 0.000000
vt 0.625732 0.454834 0.000000
vt 0.751465 0.456055 0.000000
vt 0.733398 0.582520 0.000000
vt 0.625732 0.454834 0.000000
vt 0.625732 0.454834 0.000000
vt 0.733398 0.582520 0.000000
vt 0.616699 0.581299 0.000000
vt 0.769531 0.329590 0.000000
vt 0.862549 0.453613 0.000000
vt 0.751465 0.456055 0.000000
vt 0.769531 0.329590 0.000000
vt 0.879883 0.342529 0.000000
vt 0.862549 0.453613 0.000000
vt 0.879883 0.342529 0.000000
vt 0.973633 0.450928 0.000000
vt 0.862549 0.453613 0.000000
vt 0.879883 0.342529 0.000000
vt 0.990234 0.355469 0.000000
vt 0.973633 0.450928 0.000000
vt 0.751465 0.456055 0.000000
vt 0.845215 0.564697 0.000000
vt 0.733398 0.582520 0.000000
vt 0.862549 0.453613 0.000000
vt 0.845215 0.564697 0.000000
vt 0.751465 0.456055 0.000000
vt 0.862549 0.453613 0.000000
vt 0.973633 0.450928 0.000000
vt 0.845215 0.564697 0.000000
vt 0.845215 0.564697 0.000000
vt 0.973633 0.450928 0.000000
vt 0.957031 0.546631 0.000000
vt 0.954834 0.510254 0.000000
vt 0.919678 0.618408 0.000000
vt 0.920654 0.615479 0.000000
vt 0.955811 0.507568 0.000000
vt 0.954834 0.510254 0.000000
vt 0.920654 0.615479 0.000000
vt 0.955811 0.507568 0.000000
vt 0.920654 0.615479 0.000000
vt 0.921387 0.612793 0.000000
vt 0.989990 0.402344 0.000000
vt 0.954834 0.510254 0.000000
vt 0.955811 0.507568 0.000000
vt 0.634766 0.328613 0.000000
vt 0.759277 0.243164 0.000000
vt 0.769531 0.329590 0.000000
vt 0.629639 0.239746 0.000000
vt 0.759277 0.243164 0.000000
vt 0.634766 0.328613 0.000000
vt 0.629639 0.239746 0.000000
vt 0.748779 0.156494 0.000000
vt 0.759277 0.243164 0.000000
vt 0.624268 0.151123 0.000000
vt 0.748779 0.156494 0.000000
vt 0.629639 0.239746 0.000000
vt 0.624268 0.151123 0.000000
vt 0.617676 0.090820 0.000000
vt 0.748779 0.156494 0.000000
vt 0.617676 0.090820 0.000000
vt 0.735352 0.108398 0.000000
vt 0.748779 0.156494 0.000000
vt 0.617676 0.090820 0.000000
vt 0.610840 0.030273 0.000000
vt 0.735352 0.108398 0.000000
vt 0.610840 0.030273 0.000000
vt 0.721680 0.060303 0.000000
vt 0.735352 0.108398 0.000000
vt 0.889160 0.777832 0.000000
vt 0.889160 0.776611 0.000000
vt 0.796875 0.868408 0.000000
vt 0.796631 0.869629 0.000000
vt 0.889160 0.777832 0.000000
vt 0.796875 0.868408 0.000000
vt 0.796631 0.869629 0.000000
vt 0.796875 0.868408 0.000000
vt 0.704346 0.960205 0.000000
vt 0.704346 0.961182 0.000000
vt 0.796631 0.869629 0.000000
vt 0.704346 0.960205 0.000000
vt 0.889160 0.779053 0.000000
vt 0.889160 0.777832 0.000000
vt 0.796631 0.870605 0.000000
vt 0.796631 0.870605 0.000000
vt 0.889160 0.777832 0.000000
vt 0.796631 0.869629 0.000000
vt 0.796631 0.870605 0.000000
vt 0.796631 0.869629 0.000000
vt 0.704102 0.962402 0.000000
vt 0.704102 0.962402 0.000000
vt 0.796631 0.869629 0.000000
vt 0.704346 0.961182 0.000000
vt 0.704346 0.961182 0.000000
vt 0.704346 0.960205 0.000000
vt 0.602051 0.978516 0.000000
vt 0.704346 0.961182 0.000000
vt 0.602051 0.978516 0.000000
vt 0.602051 0.979736 0.000000
vt 0.602051 0.980957 0.000000
vt 0.704346 0.961182 0.000000
vt 0.602051 0.979736 0.000000
vt 0.704102 0.962402 0.000000
vt 0.704346 0.961182 0.000000
vt 0.602051 0.980957 0.000000
vt 0.862305 0.663574 0.000000
vt 0.846191 0.746826 0.000000
vt 0.803223 0.714600 0.000000
vt 0.862305 0.663574 0.000000
vt 0.905273 0.695801 0.000000
vt 0.846191 0.746826 0.000000
vt 0.921387 0.612793 0.000000
vt 0.905273 0.695801 0.000000
vt 0.862305 0.663574 0.000000
vt 0.905273 0.695801 0.000000
vt 0.889160 0.779053 0.000000
vt 0.846191 0.746826 0.000000
vt 0.921387 0.612793 0.000000
vt 0.920654 0.615479 0.000000
vt 0.905273 0.695801 0.000000
vt 0.920654 0.615479 0.000000
vt 0.904785 0.696777 0.000000
vt 0.905273 0.695801 0.000000
vt 0.919678 0.618408 0.000000
vt 0.904785 0.696777 0.000000
vt 0.920654 0.615479 0.000000
vt 0.919678 0.618408 0.000000
vt 0.904541 0.697510 0.000000
vt 0.904785 0.696777 0.000000
vt 0.905273 0.695801 0.000000
vt 0.904785 0.696777 0.000000
vt 0.889160 0.779053 0.000000
vt 0.904785 0.696777 0.000000
vt 0.889160 0.777832 0.000000
vt 0.889160 0.779053 0.000000
vt 0.904785 0.696777 0.000000
vt 0.904541 0.697510 0.000000
vt 0.889160 0.777832 0.000000
vt 0.904541 0.697510 0.000000
vt 0.889160 0.776611 0.000000
vt 0.889160 0.777832 0.000000
vt 0.682861 0.854980 0.000000
vt 0.796631 0.870605 0.000000
vt 0.704102 0.962402 0.000000
vt 0.764404 0.801025 0.000000
vt 0.796631 0.870605 0.000000
vt 0.682861 0.854980 0.000000
vt 0.661377 0.747803 0.000000
vt 0.764404 0.801025 0.000000
vt 0.682861 0.854980 0.000000
vt 0.732422 0.731201 0.000000
vt 0.764404 0.801025 0.000000
vt 0.661377 0.747803 0.000000
vt 0.764404 0.801025 0.000000
vt 0.889160 0.779053 0.000000
vt 0.796631 0.870605 0.000000
vt 0.846191 0.746826 0.000000
vt 0.889160 0.779053 0.000000
vt 0.764404 0.801025 0.000000
vt 0.732422 0.731201 0.000000
vt 0.846191 0.746826 0.000000
vt 0.764404 0.801025 0.000000
vt 0.803223 0.714600 0.000000
vt 0.846191 0.746826 0.000000
vt 0.732422 0.731201 0.000000
vt 0.591309 0.867432 0.000000
vt 0.704102 0.962402 0.000000
vt 0.602051 0.980957 0.000000
vt 0.682861 0.854980 0.000000
vt 0.704102 0.962402 0.000000
vt 0.591309 0.867432 0.000000
vt 0.580566 0.754150 0.000000
vt 0.682861 0.854980 0.000000
vt 0.591309 0.867432 0.000000
vt 0.661377 0.747803 0.000000
vt 0.682861 0.854980 0.000000
vt 0.580566 0.754150 0.000000
vt 0.852783 0.163574 0.000000
vt 0.956787 0.170654 0.000000
vt 0.973389 0.262939 0.000000
vt 0.852783 0.163574 0.000000
vt 0.973389 0.262939 0.000000
vt 0.866211 0.253174 0.000000
vt 0.866211 0.253174 0.000000
vt 0.973389 0.262939 0.000000
vt 0.990234 0.355469 0.000000
vt 0.866211 0.253174 0.000000
vt 0.990234 0.355469 0.000000
vt 0.879883 0.342529 0.000000
vt 0.748779 0.156494 0.000000
vt 0.852783 0.163574 0.000000
vt 0.866211 0.253174 0.000000
vt 0.748779 0.156494 0.000000
vt 0.866211 0.253174 0.000000
vt 0.759277 0.243164 0.000000
vt 0.759277 0.243164 0.000000
vt 0.866211 0.253174 0.000000
vt 0.769531 0.329590 0.000000
vt 0.769531 0.329590 0.000000
vt 0.866211 0.253174 0.000000
vt 0.879883 0.342529 0.000000
vt 0.852783 0.163574 0.000000
vt 0.839111 0.115479 0.000000
vt 0.956787 0.170654 0.000000
vt 0.735352 0.108398 0.000000
vt 0.839111 0.115479 0.000000
vt 0.852783 0.163574 0.000000
vt 0.748779 0.156494 0.000000
vt 0.735352 0.108398 0.000000
vt 0.852783 0.163574 0.000000
vt 0.735352 0.108398 0.000000
vt 0.721680 0.060303 0.000000
vt 0.839111 0.115479 0.000000
vt 0.689941 0.850342 0.000000
vt 0.751221 0.836182 0.000000
vt 0.675537 0.740479 0.000000
vt 0.675537 0.740479 0.000000
vt 0.751221 0.836182 0.000000
vt 0.736816 0.726318 0.000000
vt 0.689941 0.850342 0.000000
vt 0.704346 0.960205 0.000000
vt 0.751221 0.836182 0.000000
vt 0.736816 0.726318 0.000000
vt 0.751221 0.836182 0.000000
vt 0.798096 0.712158 0.000000
vt 0.602051 0.978516 0.000000
vt 0.704346 0.960205 0.000000
vt 0.594971 0.861328 0.000000
vt 0.594971 0.861328 0.000000
vt 0.704346 0.960205 0.000000
vt 0.689941 0.850342 0.000000
vt 0.594971 0.861328 0.000000
vt 0.689941 0.850342 0.000000
vt 0.587646 0.743896 0.000000
vt 0.587646 0.743896 0.000000
vt 0.689941 0.850342 0.000000
vt 0.675537 0.740479 0.000000
vt 0.812012 0.789307 0.000000
vt 0.904541 0.697510 0.000000
vt 0.858887 0.665283 0.000000
vt 0.858887 0.665283 0.000000
vt 0.904541 0.697510 0.000000
vt 0.919678 0.618408 0.000000
vt 0.751221 0.836182 0.000000
vt 0.812012 0.789307 0.000000
vt 0.798096 0.712158 0.000000
vt 0.798096 0.712158 0.000000
vt 0.812012 0.789307 0.000000
vt 0.858887 0.665283 0.000000
vt 0.704346 0.960205 0.000000
vt 0.796875 0.868408 0.000000
vt 0.751221 0.836182 0.000000
vt 0.751221 0.836182 0.000000
vt 0.796875 0.868408 0.000000
vt 0.812012 0.789307 0.000000
vt 0.812012 0.789307 0.000000
vt 0.889160 0.776611 0.000000
vt 0.904541 0.697510 0.000000
vt 0.796875 0.868408 0.000000
vt 0.889160 0.776611 0.000000
vt 0.812012 0.789307 0.000000
vt 0.733398 0.582520 0.000000
vt 0.784668 0.643799 0.000000
vt 0.845215 0.564697 0.000000
vt 0.691162 0.661865 0.000000
vt 0.784668 0.643799 0.000000
vt 0.733398 0.582520 0.000000
vt 0.691162 0.661865 0.000000
vt 0.648926 0.741211 0.000000
vt 0.784668 0.643799 0.000000
vt 0.648926 0.741211 0.000000
vt 0.723877 0.722656 0.000000
vt 0.784668 0.643799 0.000000
vt 0.784668 0.643799 0.000000
vt 0.957031 0.546631 0.000000
vt 0.845215 0.564697 0.000000
vt 0.784668 0.643799 0.000000
vt 0.877930 0.625488 0.000000
vt 0.957031 0.546631 0.000000
vt 0.784668 0.643799 0.000000
vt 0.723877 0.722656 0.000000
vt 0.877930 0.625488 0.000000
vt 0.723877 0.722656 0.000000
vt 0.798828 0.704102 0.000000
vt 0.877930 0.625488 0.000000
vt 0.616699 0.581299 0.000000
vt 0.691162 0.661865 0.000000
vt 0.733398 0.582520 0.000000
vt 0.595459 0.665283 0.000000
vt 0.691162 0.661865 0.000000
vt 0.616699 0.581299 0.000000
vt 0.595459 0.665283 0.000000
vt 0.574463 0.749268 0.000000
vt 0.691162 0.661865 0.000000
vt 0.574463 0.749268 0.000000
vt 0.648926 0.741211 0.000000
vt 0.691162 0.661865 0.000000
vt 0.751465 0.456055 0.000000
vt 0.769531 0.329590 0.000000
vt 0.634766 0.328613 0.000000
vt 0.625732 0.454834 0.000000
vt 0.751465 0.456055 0.000000
vt 0.634766 0.328613 0.000000
vt 0.625732 0.454834 0.000000
vt 0.733398 0.582520 0.000000
vt 0.751465 0.456055 0.000000
vt 0.616699 0.581299 0.000000
vt 0.733398 0.582520 0.000000
vt 0.625732 0.454834 0.000000
vt 0.862549 0.453613 0.000000
vt 0.879883 0.342529 0.000000
vt 0.769531 0.329590 0.000000
vt 0.751465 0.456055 0.000000
vt 0.862549 0.453613 0.000000
vt 0.769531 0.329590 0.000000
vt 0.751465 0.456055 0.000000
vt 0.845215 0.564697 0.000000
vt 0.862549 0.453613 0.000000
vt 0.733398 0.582520 0.000000
vt 0.845215 0.564697 0.000000
vt 0.751465 0.456055 0.000000
vt 0.973633 0.450928 0.000000
vt 0.990234 0.355469 0.000000
vt 0.879883 0.342529 0.000000
vt 0.862549 0.453613 0.000000
vt 0.973633 0.450928 0.000000
vt 0.879883 0.342529 0.000000
vt 0.845215 0.564697 0.000000
vt 0.973633 0.450928 0.000000
vt 0.862549 0.453613 0.000000
vt 0.957031 0.546631 0.000000
vt 0.973633 0.450928 0.000000
vt 0.845215 0.564697 0.000000
vt 0.634766 0.328613 0.000000
vt 0.759277 0.243164 0.000000
vt 0.629639 0.239746 0.000000
vt 0.769531 0.329590 0.000000
vt 0.759277 0.243164 0.000000
vt 0.634766 0.328613 0.000000
vt 0.629639 0.239746 0.000000
vt 0.748779 0.156494 0.000000
vt 0.624268 0.151123 0.000000
vt 0.759277 0.243164 0.000000
vt 0.748779 0.156494 0.000000
vt 0.629639 0.239746 0.000000
vt 0.748779 0.156494 0.000000
vt 0.617676 0.090820 0.000000
vt 0.624268 0.151123 0.000000
vt 0.748779 0.156494 0.000000
vt 0.735352 0.108398 0.000000
vt 0.617676 0.090820 0.000000
vt 0.735352 0.108398 0.000000
vt 0.610840 0.030273 0.000000
vt 0.617676 0.090820 0.000000
vt 0.735352 0.108398 0.000000
vt 0.721680 0.060303 0.000000
vt 0.610840 0.030273 0.000000
vt 0.973389 0.262939 0.000000
vt 0.956787 0.170654 0.000000
vt 0.852783 0.163574 0.000000
vt 0.866211 0.253174 0.000000
vt 0.973389 0.262939 0.000000
vt 0.852783 0.163574 0.000000
vt 0.866211 0.253174 0.000000
vt 0.852783 0.163574 0.000000
vt 0.748779 0.156494 0.000000
vt 0.759277 0.243164 0.000000
vt 0.866211 0.253174 0.000000
vt 0.748779 0.156494 0.000000
vt 0.990234 0.355469 0.000000
vt 0.973389 0.262939 0.000000
vt 0.866211 0.253174 0.000000
vt 0.879883 0.342529 0.000000
vt 0.990234 0.355469 0.000000
vt 0.866211 0.253174 0.000000
vt 0.879883 0.342529 0.000000
vt 0.866211 0.253174 0.000000
vt 0.769531 0.329590 0.000000
vt 0.769531 0.329590 0.000000
vt 0.866211 0.253174 0.000000
vt 0.759277 0.243164 0.000000
vt 0.956787 0.170654 0.000000
vt 0.839111 0.115479 0.000000
vt 0.852783 0.163574 0.000000
vt 0.852783 0.163574 0.000000
vt 0.839111 0.115479 0.000000
vt 0.735352 0.108398 0.000000
vt 0.839111 0.115479 0.000000
vt 0.721680 0.060303 0.000000
vt 0.735352 0.108398 0.000000
vt 0.852783 0.163574 0.000000
vt 0.735352 0.108398 0.000000
vt 0.748779 0.156494 0.000000
vt 0.954590 0.298096 0.000000
vt 0.954590 0.298096 0.000000
vt 0.989990 0.402344 0.000000
vt 0.954590 0.298096 0.000000
vt 0.989990 0.402344 0.000000
vt 0.989990 0.402344 0.000000
vt 0.954590 0.298096 0.000000
vt 0.919434 0.193848 0.000000
vt 0.954590 0.298096 0.000000
vt 0.919434 0.193848 0.000000
vt 0.919434 0.193848 0.000000
vt 0.954590 0.298096 0.000000
vt 0.919434 0.193848 0.000000
vt 0.808838 0.131836 0.000000
vt 0.919434 0.193848 0.000000
vt 0.808838 0.131836 0.000000
vt 0.808838 0.131836 0.000000
vt 0.919434 0.193848 0.000000
vt 0.698486 0.070068 0.000000
vt 0.698486 0.070068 0.000000
vt 0.808838 0.131836 0.000000
vt 0.698486 0.070068 0.000000
vt 0.808838 0.131836 0.000000
vt 0.808838 0.131836 0.000000
vt 0.599121 0.042969 0.000000
vt 0.599121 0.042969 0.000000
vt 0.698486 0.070068 0.000000
vt 0.599121 0.042969 0.000000
vt 0.698486 0.070068 0.000000
vt 0.698486 0.070068 0.000000
vt 0.920654 0.615479 0.000000
vt 0.954834 0.510254 0.000000
vt 0.955322 0.509033 0.000000
vt 0.920654 0.615479 0.000000
vt 0.919678 0.618408 0.000000
vt 0.954834 0.510254 0.000000
vt 0.989990 0.402344 0.000000
vt 0.989990 0.402344 0.000000
vt 0.955322 0.509033 0.000000
vt 0.955322 0.509033 0.000000
vt 0.954834 0.510254 0.000000
vt 0.989990 0.402344 0.000000
vt 0.800537 0.713379 0.000000
vt 0.858887 0.665283 0.000000
vt 0.860596 0.664551 0.000000
vt 0.798096 0.712158 0.000000
vt 0.858887 0.665283 0.000000
vt 0.800537 0.713379 0.000000
vt 0.860596 0.664551 0.000000
vt 0.919678 0.618408 0.000000
vt 0.920654 0.615479 0.000000
vt 0.858887 0.665283 0.000000
vt 0.919678 0.618408 0.000000
vt 0.860596 0.664551 0.000000
vt 0.668457 0.744141 0.000000
vt 0.736816 0.726318 0.000000
vt 0.734619 0.728760 0.000000
vt 0.675537 0.740479 0.000000
vt 0.736816 0.726318 0.000000
vt 0.668457 0.744141 0.000000
vt 0.734619 0.728760 0.000000
vt 0.798096 0.712158 0.000000
vt 0.800537 0.713379 0.000000
vt 0.736816 0.726318 0.000000
vt 0.798096 0.712158 0.000000
vt 0.734619 0.728760 0.000000
vt 0.584229 0.749023 0.000000
vt 0.675537 0.740479 0.000000
vt 0.668457 0.744141 0.000000
vt 0.587646 0.743896 0.000000
vt 0.675537 0.740479 0.000000
vt 0.584229 0.749023 0.000000
vt 0.648926 0.741211 0.000000
vt 0.584229 0.749023 0.000000
vt 0.574463 0.749268 0.000000
vt 0.648926 0.741211 0.000000
vt 0.668457 0.744141 0.000000
vt 0.584229 0.749023 0.000000
vt 0.574463 0.749268 0.000000
vt 0.584229 0.749023 0.000000
vt 0.648926 0.741211 0.000000
vt 0.584229 0.749023 0.000000
vt 0.668457 0.744141 0.000000
vt 0.648926 0.741211 0.000000
vt 0.648926 0.741211 0.000000
vt 0.668457 0.744141 0.000000
vt 0.723877 0.722656 0.000000
vt 0.668457 0.744141 0.000000
vt 0.734619 0.728760 0.000000
vt 0.723877 0.722656 0.000000
vt 0.723877 0.722656 0.000000
vt 0.734619 0.728760 0.000000
vt 0.798828 0.704102 0.000000
vt 0.734619 0.728760 0.000000
vt 0.800537 0.713379 0.000000
vt 0.798828 0.704102 0.000000
vt 0.798828 0.704102 0.000000
vt 0.860596 0.664551 0.000000
vt 0.877930 0.625488 0.000000
vt 0.800537 0.713379 0.000000
vt 0.860596 0.664551 0.000000
vt 0.798828 0.704102 0.000000
vt 0.877930 0.625488 0.000000
vt 0.920654 0.615479 0.000000
vt 0.957031 0.546631 0.000000
vt 0.860596 0.664551 0.000000
vt 0.920654 0.615479 0.000000
vt 0.877930 0.625488 0.000000
vt 0.920654 0.615479 0.000000
vt 0.955322 0.509033 0.000000
vt 0.957031 0.546631 0.000000
vt 0.957031 0.546631 0.000000
vt 0.955322 0.509033 0.000000
vt 0.973633 0.450928 0.000000
vt 0.973633 0.450928 0.000000
vt 0.989990 0.402344 0.000000
vt 0.990234 0.355469 0.000000
vt 0.955322 0.509033 0.000000
vt 0.989990 0.402344 0.000000
vt 0.973633 0.450928 0.000000
vt 0.990234 0.355469 0.000000
vt 0.989990 0.402344 0.000000
vt 0.973389 0.262939 0.000000
vt 0.989990 0.402344 0.000000
vt 0.954590 0.298096 0.000000
vt 0.973389 0.262939 0.000000
vt 0.973389 0.262939 0.000000
vt 0.954590 0.298096 0.000000
vt 0.956787 0.170654 0.000000
vt 0.954590 0.298096 0.000000
vt 0.919434 0.193848 0.000000
vt 0.956787 0.170654 0.000000
vt 0.956787 0.170654 0.000000
vt 0.919434 0.193848 0.000000
vt 0.839111 0.115479 0.000000
vt 0.919434 0.193848 0.000000
vt 0.808838 0.131836 0.000000
vt 0.839111 0.115479 0.000000
vt 0.839111 0.115479 0.000000
vt 0.808838 0.131836 0.000000
vt 0.721680 0.060303 0.000000
vt 0.808838 0.131836 0.000000
vt 0.698486 0.070068 0.000000
vt 0.721680 0.060303 0.000000
vt 0.721680 0.060303 0.000000
vt 0.698486 0.070068 0.000000
vt 0.610840 0.030273 0.000000
vt 0.698486 0.070068 0.000000
vt 0.599121 0.042969 0.000000
vt 0.610840 0.030273 0.000000
vt 0.610840 0.030273 0.000000
vt 0.698486 0.070068 0.000000
vt 0.721680 0.060303 0.000000
vt 0.610840 0.030273 0.000000
vt 0.599121 0.042969 0.000000
vt 0.698486 0.070068 0.000000
vt 0.721680 0.060303 0.000000
vt 0.808838 0.131836 0.000000
vt 0.839111 0.115479 0.000000
vt 0.721680 0.060303 0.000000
vt 0.698486 0.070068 0.000000
vt 0.808838 0.131836 0.000000
vt 0.839111 0.115479 0.000000
vt 0.919434 0.193848 0.000000
vt 0.956787 0.170654 0.000000
vt 0.839111 0.115479 0.000000
vt 0.808838 0.131836 0.000000
vt 0.919434 0.193848 0.000000
vt 0.956787 0.170654 0.000000
vt 0.954590 0.298096 0.000000
vt 0.973389 0.262939 0.000000
vt 0.956787 0.170654 0.000000
vt 0.919434 0.193848 0.000000
vt 0.954590 0.298096 0.000000
vt 0.973389 0.262939 0.000000
vt 0.989990 0.402344 0.000000
vt 0.990234 0.355469 0.000000
vt 0.973389 0.262939 0.000000
vt 0.954590 0.298096 0.000000
vt 0.989990 0.402344 0.000000
vt 0.990234 0.355469 0.000000
vt 0.989990 0.402344 0.000000
vt 0.973633 0.450928 0.000000
vt 0.973633 0.450928 0.000000
vt 0.989990 0.402344 0.000000
vt 0.955322 0.509033 0.000000
vt 0.973633 0.450928 0.000000
vt 0.955322 0.509033 0.000000
vt 0.957031 0.546631 0.000000
vt 0.957031 0.546631 0.000000
vt 0.955322 0.509033 0.000000
vt 0.920654 0.615479 0.000000
vt 0.957031 0.546631 0.000000
vt 0.920654 0.615479 0.000000
vt 0.877930 0.625488 0.000000
vt 0.877930 0.625488 0.000000
vt 0.920654 0.615479 0.000000
vt 0.860596 0.664551 0.000000
vt 0.877930 0.625488 0.000000
vt 0.860596 0.664551 0.000000
vt 0.798828 0.704102 0.000000
vt 0.798828 0.704102 0.000000
vt 0.860596 0.664551 0.000000
vt 0.800537 0.713379 0.000000
vt 0.798828 0.704102 0.000000
vt 0.734619 0.728760 0.000000
vt 0.723877 0.722656 0.000000
vt 0.798828 0.704102 0.000000
vt 0.800537 0.713379 0.000000
vt 0.734619 0.728760 0.000000
vt 0.723877 0.722656 0.000000
vt 0.668457 0.744141 0.000000
vt 0.648926 0.741211 0.000000
vt 0.723877 0.722656 0.000000
vt 0.734619 0.728760 0.000000
vt 0.668457 0.744141 0.000000
vt 0.584229 0.749023 0.000000
vt 0.584229 0.749023 0.000000
vt 0.574463 0.749268 0.000000
vt 0.574463 0.749268 0.000000
vt 0.584229 0.749023 0.000000
vt 0.574463 0.749268 0.000000
vt 0.574463 0.749268 0.000000
vt 0.574463 0.749268 0.000000
vt 0.595459 0.665283 0.000000
vt 0.595459 0.665283 0.000000
vt 0.574463 0.749268 0.000000
vt 0.595459 0.665283 0.000000
vt 0.616699 0.581299 0.000000
vt 0.595459 0.665283 0.000000
vt 0.616699 0.581299 0.000000
vt 0.616699 0.581299 0.000000
vt 0.595459 0.665283 0.000000
vt 0.595459 0.665283 0.000000
vt 0.625732 0.454834 0.000000
vt 0.616699 0.581299 0.000000
vt 0.616699 0.581299 0.000000
vt 0.625732 0.454834 0.000000
vt 0.616699 0.581299 0.000000
vt 0.625732 0.454834 0.000000
vt 0.625732 0.454834 0.000000
vt 0.625732 0.454834 0.000000
vt 0.634766 0.328613 0.000000
vt 0.634766 0.328613 0.000000
vt 0.625732 0.454834 0.000000
vt 0.634766 0.328613 0.000000
vt 0.634766 0.328613 0.000000
vt 0.629639 0.239746 0.000000
vt 0.634766 0.328613 0.000000
vt 0.634766 0.328613 0.000000
vt 0.629639 0.239746 0.000000
vt 0.629639 0.239746 0.000000
vt 0.629639 0.239746 0.000000
vt 0.624268 0.151123 0.000000
vt 0.629639 0.239746 0.000000
vt 0.629639 0.239746 0.000000
vt 0.624268 0.151123 0.000000
vt 0.624268 0.151123 0.000000
vt 0.617676 0.090820 0.000000
vt 0.617676 0.090820 0.000000
vt 0.624268 0.151123 0.000000
vt 0.624268 0.151123 0.000000
vt 0.617676 0.090820 0.000000
vt 0.624268 0.151123 0.000000
vt 0.617676 0.090820 0.000000
vt 0.610840 0.030273 0.000000
vt 0.617676 0.090820 0.000000
vt 0.610840 0.030273 0.000000
vt 0.610840 0.030273 0.000000
vt 0.617676 0.090820 0.000000
vt 0.610840 0.030273 0.000000
vt 0.599121 0.042969 0.000000
vt 0.610840 0.030273 0.000000
vt 0.599121 0.042969 0.000000
vt 0.599121 0.042969 0.000000
vt 0.610840 0.030273 0.000000
vt 0.599121 0.042969 0.000000
vt 0.599121 0.042969 0.000000
vt 0.599121 0.042969 0.000000
vt 0.599121 0.042969 0.000000
vt 0.599121 0.042969 0.000000
vt 0.599121 0.042969 0.000000
vt 0.610840 0.030273 0.000000
vt 0.610840 0.030273 0.000000
vt 0.617676 0.090820 0.000000
vt 0.617676 0.090820 0.000000
vt 0.610840 0.030273 0.000000
vt 0.617676 0.090820 0.000000
vt 0.617676 0.090820 0.000000
vt 0.617676 0.090820 0.000000
vt 0.624268 0.151123 0.000000
vt 0.624268 0.151123 0.000000
vt 0.617676 0.090820 0.000000
vt 0.624268 0.151123 0.000000
vt 0.624268 0.151123 0.000000
vt 0.624268 0.151123 0.000000
vt 0.629639 0.239746 0.000000
vt 0.629639 0.239746 0.000000
vt 0.624268 0.151123 0.000000
vt 0.629639 0.239746 0.000000
vt 0.634766 0.328613 0.000000
vt 0.629639 0.239746 0.000000
vt 0.634766 0.328613 0.000000
vt 0.634766 0.328613 0.000000
vt 0.629639 0.239746 0.000000
vt 0.629639 0.239746 0.000000
vt 0.634766 0.328613 0.000000
vt 0.625732 0.454834 0.000000
vt 0.634766 0.328613 0.000000
vt 0.634766 0.328613 0.000000
vt 0.625732 0.454834 0.000000
vt 0.625732 0.454834 0.000000
vt 0.616699 0.581299 0.000000
vt 0.616699 0.581299 0.000000
vt 0.625732 0.454834 0.000000
vt 0.625732 0.454834 0.000000
vt 0.616699 0.581299 0.000000
vt 0.625732 0.454834 0.000000
vt 0.616699 0.581299 0.000000
vt 0.595459 0.665283 0.000000
vt 0.616699 0.581299 0.000000
vt 0.595459 0.665283 0.000000
vt 0.595459 0.665283 0.000000
vt 0.616699 0.581299 0.000000
vt 0.595459 0.665283 0.000000
vt 0.574463 0.749268 0.000000
vt 0.595459 0.665283 0.000000
vt 0.574463 0.749268 0.000000
vt 0.574463 0.749268 0.000000
vt 0.595459 0.665283 0.000000
vt 0.580566 0.754150 0.000000
vt 0.591309 0.867432 0.000000
vt 0.591309 0.867432 0.000000
vt 0.580566 0.754150 0.000000
vt 0.591309 0.867432 0.000000
vt 0.580566 0.754150 0.000000
vt 0.591309 0.867432 0.000000
vt 0.602051 0.980957 0.000000
vt 0.591309 0.867432 0.000000
vt 0.602051 0.980957 0.000000
vt 0.602051 0.980957 0.000000
vt 0.591309 0.867432 0.000000
vt 0.602051 0.980957 0.000000
vt 0.602051 0.979736 0.000000
vt 0.602051 0.980957 0.000000
vt 0.602051 0.979736 0.000000
vt 0.602051 0.979736 0.000000
vt 0.602051 0.980957 0.000000
vt 0.602051 0.979736 0.000000
vt 0.602051 0.978516 0.000000
vt 0.602051 0.979736 0.000000
vt 0.602051 0.978516 0.000000
vt 0.602051 0.978516 0.000000
vt 0.602051 0.979736 0.000000
vt 0.594971 0.861328 0.000000
vt 0.602051 0.978516 0.000000
vt 0.594971 0.861328 0.000000
vt 0.594971 0.861328 0.000000
vt 0.602051 0.978516 0.000000
vt 0.602051 0.978516 0.000000
vt 0.594971 0.861328 0.000000
vt 0.594971 0.861328 0.000000
vt 0.587646 0.743896 0.000000
vt 0.587646 0.743896 0.000000
vt 0.594971 0.861328 0.000000
vt 0.587646 0.743896 0.000000
vt 0.584229 0.749023 0.000000
vt 0.587646 0.743896 0.000000
vt 0.584229 0.749023 0.000000
vt 0.587646 0.743896 0.000000
vt 0.587646 0.743896 0.000000
vt 0.584229 0.749023 0.000000
vt 0.921387 0.612793 0.000000
vt 0.955811 0.507568 0.000000
vt 0.957031 0.546631 0.000000
vt 0.957031 0.546631 0.000000
vt 0.955811 0.507568 0.000000
vt 0.973633 0.450928 0.000000
vt 0.955811 0.507568 0.000000
vt 0.989990 0.402344 0.000000
vt 0.973633 0.450928 0.000000
vt 0.973633 0.450928 0.000000
vt 0.989990 0.402344 0.000000
vt 0.990234 0.355469 0.000000
vt 0.990234 0.355469 0.000000
vt 0.954590 0.298096 0.000000
vt 0.973389 0.262939 0.000000
vt 0.989990 0.402344 0.000000
vt 0.954590 0.298096 0.000000
vt 0.990234 0.355469 0.000000
vt 0.973389 0.262939 0.000000
vt 0.954590 0.298096 0.000000
vt 0.956787 0.170654 0.000000
vt 0.954590 0.298096 0.000000
vt 0.919434 0.193848 0.000000
vt 0.956787 0.170654 0.000000
vt 0.956787 0.170654 0.000000
vt 0.919434 0.193848 0.000000
vt 0.839111 0.115479 0.000000
vt 0.919434 0.193848 0.000000
vt 0.808838 0.131836 0.000000
vt 0.839111 0.115479 0.000000
vt 0.839111 0.115479 0.000000
vt 0.808838 0.131836 0.000000
vt 0.721680 0.060303 0.000000
vt 0.808838 0.131836 0.000000
vt 0.698486 0.070068 0.000000
vt 0.721680 0.060303 0.000000
vt 0.721680 0.060303 0.000000
vt 0.698486 0.070068 0.000000
vt 0.610840 0.030273 0.000000
vt 0.698486 0.070068 0.000000
vt 0.599121 0.042969 0.000000
vt 0.610840 0.030273 0.000000
vt 0.610840 0.030273 0.000000
vt 0.599121 0.042969 0.000000
vt 0.610840 0.030273 0.000000
vt 0.599121 0.042969 0.000000
vt 0.599121 0.042969 0.000000
vt 0.610840 0.030273 0.000000
vt 0.610840 0.030273 0.000000
vt 0.698486 0.070068 0.000000
vt 0.721680 0.060303 0.000000
vt 0.610840 0.030273 0.000000
vt 0.599121 0.042969 0.000000
vt 0.698486 0.070068 0.000000
vt 0.721680 0.060303 0.000000
vt 0.808838 0.131836 0.000000
vt 0.839111 0.115479 0.000000
vt 0.721680 0.060303 0.000000
vt 0.698486 0.070068 0.000000
vt 0.808838 0.131836 0.000000
vt 0.839111 0.115479 0.000000
vt 0.919434 0.193848 0.000000
vt 0.956787 0.170654 0.000000
vt 0.839111 0.115479 0.000000
vt 0.808838 0.131836 0.000000
vt 0.919434 0.193848 0.000000
vt 0.956787 0.170654 0.000000
vt 0.954590 0.298096 0.000000
vt 0.973389 0.262939 0.000000
vt 0.956787 0.170654 0.000000
vt 0.919434 0.193848 0.000000
vt 0.954590 0.298096 0.000000
vt 0.973389 0.262939 0.000000
vt 0.954590 0.298096 0.000000
vt 0.990234 0.355469 0.000000
vt 0.990234 0.355469 0.000000
vt 0.954590 0.298096 0.000000
vt 0.989990 0.402344 0.000000
vt 0.990234 0.355469 0.000000
vt 0.989990 0.402344 0.000000
vt 0.973633 0.450928 0.000000
vt 0.973633 0.450928 0.000000
vt 0.989990 0.402344 0.000000
vt 0.955811 0.507568 0.000000
vt 0.973633 0.450928 0.000000
vt 0.955811 0.507568 0.000000
vt 0.957031 0.546631 0.000000
vt 0.957031 0.546631 0.000000
vt 0.955811 0.507568 0.000000
vt 0.921387 0.612793 0.000000
vt 0.957031 0.546631 0.000000
vt 0.921387 0.612793 0.000000
vt 0.877930 0.625488 0.000000
vt 0.877930 0.625488 0.000000
vt 0.921387 0.612793 0.000000
vt 0.862305 0.663574 0.000000
vt 0.877930 0.625488 0.000000
vt 0.862305 0.663574 0.000000
vt 0.798828 0.704102 0.000000
vt 0.798828 0.704102 0.000000
vt 0.862305 0.663574 0.000000
vt 0.803223 0.714600 0.000000
vt 0.798828 0.704102 0.000000
vt 0.732422 0.731201 0.000000
vt 0.723877 0.722656 0.000000
vt 0.798828 0.704102 0.000000
vt 0.803223 0.714600 0.000000
vt 0.732422 0.731201 0.000000
vt 0.723877 0.722656 0.000000
vt 0.661377 0.747803 0.000000
vt 0.648926 0.741211 0.000000
vt 0.723877 0.722656 0.000000
vt 0.732422 0.731201 0.000000
vt 0.661377 0.747803 0.000000
vt 0.648926 0.741211 0.000000
vt 0.580566 0.754150 0.000000
vt 0.574463 0.749268 0.000000
vt 0.648926 0.741211 0.000000
vt 0.661377 0.747803 0.000000
vt 0.580566 0.754150 0.000000
vt 0.574463 0.749268 0.000000
vt 0.580566 0.754150 0.000000
vt 0.574463 0.749268 0.000000
vt 0.580566 0.754150 0.000000
vt 0.580566 0.754150 0.000000
vt 0.574463 0.749268 0.000000
vt 0.574463 0.749268 0.000000
vt 0.580566 0.754150 0.000000
vt 0.648926 0.741211 0.000000
vt 0.580566 0.754150 0.000000
vt 0.661377 0.747803 0.000000
vt 0.648926 0.741211 0.000000
vt 0.648926 0.741211 0.000000
vt 0.661377 0.747803 0.000000
vt 0.723877 0.722656 0.000000
vt 0.661377 0.747803 0.000000
vt 0.732422 0.731201 0.000000
vt 0.723877 0.722656 0.000000
vt 0.723877 0.722656 0.000000
vt 0.732422 0.731201 0.000000
vt 0.798828 0.704102 0.000000
vt 0.732422 0.731201 0.000000
vt 0.803223 0.714600 0.000000
vt 0.798828 0.704102 0.000000
vt 0.798828 0.704102 0.000000
vt 0.862305 0.663574 0.000000
vt 0.877930 0.625488 0.000000
vt 0.803223 0.714600 0.000000
vt 0.862305 0.663574 0.000000
vt 0.798828 0.704102 0.000000
vt 0.877930 0.625488 0.000000
vt 0.921387 0.612793 0.000000
vt 0.957031 0.546631 0.000000
vt 0.862305 0.663574 0.000000
vt 0.921387 0.612793 0.000000
vt 0.877930 0.625488 0.000000
vn 0.395752 -0.823486 -0.359863
vn 0.562744 -0.544922 -0.587646
vn 0.667725 -0.646973 -0.281738
vn 0.320312 -0.685059 -0.624756
vn 0.562744 -0.544922 -0.587646
vn 0.395752 -0.823486 -0.359863
vn 0.320312 -0.685059 -0.624756
vn 0.314453 -0.415527 -0.831787
vn 0.562744 -0.544922 -0.587646
vn 0.314453 -0.415527 -0.831787
vn 0.457764 -0.337646 -0.806152
vn 0.562744 -0.544922 -0.587646
vn 0.562744 -0.544922 -0.587646
vn 0.854004 -0.318359 -0.322021
vn 0.667725 -0.646973 -0.281738
vn 0.562744 -0.544922 -0.587646
vn 0.786133 -0.279297 -0.514893
vn 0.854004 -0.318359 -0.322021
vn 0.562744 -0.544922 -0.587646
vn 0.636230 -0.265625 -0.699951
vn 0.786133 -0.279297 -0.514893
vn 0.457764 -0.337646 -0.806152
vn 0.636230 -0.265625 -0.699951
vn 0.562744 -0.544922 -0.587646
vn 0.163330 -0.882568 -0.394775
vn 0.320312 -0.685059 -0.624756
vn 0.395752 -0.823486 -0.359863
vn 0.099854 -0.762207 -0.603760
vn 0.320312 -0.685059 -0.624756
vn 0.163330 -0.882568 -0.394775
vn 0.099854 -0.762207 -0.603760
vn 0.117432 -0.510986 -0.822754
vn 0.320312 -0.685059 -0.624756
vn 0.117432 -0.510986 -0.822754
vn 0.314453 -0.415527 -0.831787
vn 0.320312 -0.685059 -0.624756
vn 0.457031 -0.866699 -0.108643
vn 0.560547 -0.799072 0.104248
vn 0.243164 -0.943115 0.090088
vn 0.134277 -0.962158 -0.142334
vn 0.457031 -0.866699 -0.108643
vn 0.243164 -0.943115 0.090088
vn 0.134277 -0.962158 -0.142334
vn 0.395752 -0.823486 -0.359863
vn 0.457031 -0.866699 -0.108643
vn 0.163330 -0.882568 -0.394775
vn 0.395752 -0.823486 -0.359863
vn 0.134277 -0.962158 -0.142334
vn 0.709961 -0.672363 -0.062256
vn 0.785889 -0.584473 0.096436
vn 0.560547 -0.799072 0.104248
vn 0.457031 -0.866699 -0.108643
vn 0.709961 -0.672363 -0.062256
vn 0.560547 -0.799072 0.104248
vn 0.457031 -0.866699 -0.108643
vn 0.667725 -0.646973 -0.281738
vn 0.709961 -0.672363 -0.062256
vn 0.395752 -0.823486 -0.359863
vn 0.667725 -0.646973 -0.281738
vn 0.457031 -0.866699 -0.108643
vn 0.906006 -0.336182 -0.098389
vn 0.934082 -0.264648 0.093018
vn 0.785889 -0.584473 0.096436
vn 0.709961 -0.672363 -0.062256
vn 0.906006 -0.336182 -0.098389
vn 0.785889 -0.584473 0.096436
vn 0.667725 -0.646973 -0.281738
vn 0.906006 -0.336182 -0.098389
vn 0.709961 -0.672363 -0.062256
vn 0.854004 -0.318359 -0.322021
vn 0.906006 -0.336182 -0.098389
vn 0.667725 -0.646973 -0.281738
vn 0.866943 0.190918 -0.152588
vn -0.131348 0.702148 0.123535
vn 0.203369 0.532227 0.006104
vn 0.866943 0.190918 -0.152588
vn 0.203369 0.532227 0.006104
vn 0.978516 -0.033936 -0.181885
vn 0.978516 -0.033936 -0.181885
vn 0.203369 0.532227 0.006104
vn 0.772217 0.257080 -0.001953
vn 0.917725 -0.170166 -0.306396
vn 0.866943 0.190918 -0.152588
vn 0.978516 -0.033936 -0.181885
vn 0.243164 -0.943115 0.090088
vn 0.493896 -0.784424 0.295166
vn 0.154785 -0.876465 0.380127
vn 0.560547 -0.799072 0.104248
vn 0.493896 -0.784424 0.295166
vn 0.243164 -0.943115 0.090088
vn 0.154785 -0.876465 0.380127
vn 0.452393 -0.622559 0.591064
vn 0.125244 -0.674805 0.687256
vn 0.493896 -0.784424 0.295166
vn 0.452393 -0.622559 0.591064
vn 0.154785 -0.876465 0.380127
vn 0.452393 -0.622559 0.591064
vn 0.152832 -0.460205 0.852539
vn 0.125244 -0.674805 0.687256
vn 0.452393 -0.622559 0.591064
vn 0.442627 -0.363770 0.802246
vn 0.152832 -0.460205 0.852539
vn 0.442627 -0.363770 0.802246
vn 0.245850 -0.180664 0.921875
vn 0.152832 -0.460205 0.852539
vn 0.442627 -0.363770 0.802246
vn 0.490723 -0.095947 0.846436
vn 0.245850 -0.180664 0.921875
vn 0.010498 0.702393 -0.137451
vn 0.210449 0.491455 -0.085693
vn 0.794678 0.066895 -0.330566
vn 0.010498 0.702393 -0.137451
vn 0.794678 0.066895 -0.330566
vn 0.487793 0.176514 -0.388428
vn 0.487793 0.176514 -0.388428
vn 0.794678 0.066895 -0.330566
vn 0.641602 -0.625488 -0.368164
vn 0.641602 -0.625488 -0.368164
vn 0.794678 0.066895 -0.330566
vn 0.755371 -0.518555 -0.303223
vn -0.125000 0.938965 0.020508
vn 0.010498 0.702393 -0.137451
vn 0.487793 0.176514 -0.388428
vn -0.125000 0.938965 0.020508
vn 0.487793 0.176514 -0.388428
vn 0.236084 0.168457 -0.382812
vn 0.236084 0.168457 -0.382812
vn 0.487793 0.176514 -0.388428
vn 0.436768 -0.735107 -0.415039
vn 0.436768 -0.735107 -0.415039
vn 0.487793 0.176514 -0.388428
vn 0.641602 -0.625488 -0.368164
vn 0.075684 -0.045166 -0.489746
vn -0.010742 0.975830 -0.039551
vn 0.236084 0.168457 -0.382812
vn -0.010742 0.975830 -0.039551
vn -0.125000 0.938965 0.020508
vn 0.236084 0.168457 -0.382812
vn 0.075684 -0.045166 -0.489746
vn 0.236084 0.168457 -0.382812
vn 0.143311 -0.819336 -0.491943
vn 0.143311 -0.819336 -0.491943
vn 0.236084 0.168457 -0.382812
vn 0.436768 -0.735107 -0.415039
vn 0.637451 -0.386963 -0.605957
vn 0.649170 -0.631104 -0.396240
vn 0.789062 -0.339355 -0.461914
vn 0.649170 -0.631104 -0.396240
vn 0.859375 -0.370117 -0.264404
vn 0.789062 -0.339355 -0.461914
vn 0.649170 -0.631104 -0.396240
vn 0.755371 -0.518555 -0.303223
vn 0.859375 -0.370117 -0.264404
vn 0.789062 -0.339355 -0.461914
vn 0.859375 -0.370117 -0.264404
vn 0.917725 -0.170166 -0.306396
vn 0.859375 -0.370117 -0.264404
vn 0.866943 0.190918 -0.152588
vn 0.917725 -0.170166 -0.306396
vn 0.859375 -0.370117 -0.264404
vn 0.771240 0.252930 -0.115479
vn 0.866943 0.190918 -0.152588
vn 0.755371 -0.518555 -0.303223
vn 0.771240 0.252930 -0.115479
vn 0.859375 -0.370117 -0.264404
vn 0.755371 -0.518555 -0.303223
vn 0.794678 0.066895 -0.330566
vn 0.771240 0.252930 -0.115479
vn 0.866943 0.190918 -0.152588
vn 0.771240 0.252930 -0.115479
vn -0.131348 0.702148 0.123535
vn 0.771240 0.252930 -0.115479
vn 0.105957 0.686523 0.072021
vn -0.131348 0.702148 0.123535
vn 0.794678 0.066895 -0.330566
vn 0.105957 0.686523 0.072021
vn 0.771240 0.252930 -0.115479
vn 0.794678 0.066895 -0.330566
vn 0.210449 0.491455 -0.085693
vn 0.105957 0.686523 0.072021
vn 0.436768 -0.735107 -0.415039
vn 0.641602 -0.625488 -0.368164
vn 0.339355 -0.855957 -0.353760
vn 0.339355 -0.855957 -0.353760
vn 0.641602 -0.625488 -0.368164
vn 0.521484 -0.763184 -0.364990
vn 0.641602 -0.625488 -0.368164
vn 0.755371 -0.518555 -0.303223
vn 0.521484 -0.763184 -0.364990
vn 0.521484 -0.763184 -0.364990
vn 0.755371 -0.518555 -0.303223
vn 0.649170 -0.631104 -0.396240
vn 0.339355 -0.855957 -0.353760
vn 0.521484 -0.763184 -0.364990
vn 0.347656 -0.538086 -0.664795
vn 0.347656 -0.538086 -0.664795
vn 0.521484 -0.763184 -0.364990
vn 0.500732 -0.456299 -0.663574
vn 0.521484 -0.763184 -0.364990
vn 0.649170 -0.631104 -0.396240
vn 0.500732 -0.456299 -0.663574
vn 0.500732 -0.456299 -0.663574
vn 0.649170 -0.631104 -0.396240
vn 0.637451 -0.386963 -0.605957
vn 0.143311 -0.819336 -0.491943
vn 0.436768 -0.735107 -0.415039
vn 0.119385 -0.915283 -0.366943
vn 0.119385 -0.915283 -0.366943
vn 0.436768 -0.735107 -0.415039
vn 0.339355 -0.855957 -0.353760
vn 0.119385 -0.915283 -0.366943
vn 0.339355 -0.855957 -0.353760
vn 0.103516 -0.585938 -0.692383
vn 0.103516 -0.585938 -0.692383
vn 0.339355 -0.855957 -0.353760
vn 0.347656 -0.538086 -0.664795
vn 0.902832 -0.255127 0.263428
vn 0.841309 -0.134766 0.455078
vn 0.696777 -0.406738 0.548584
vn 0.752197 -0.562256 0.281494
vn 0.902832 -0.255127 0.263428
vn 0.696777 -0.406738 0.548584
vn 0.752197 -0.562256 0.281494
vn 0.696777 -0.406738 0.548584
vn 0.452393 -0.622559 0.591064
vn 0.493896 -0.784424 0.295166
vn 0.752197 -0.562256 0.281494
vn 0.452393 -0.622559 0.591064
vn 0.934082 -0.264648 0.093018
vn 0.902832 -0.255127 0.263428
vn 0.752197 -0.562256 0.281494
vn 0.785889 -0.584473 0.096436
vn 0.934082 -0.264648 0.093018
vn 0.752197 -0.562256 0.281494
vn 0.785889 -0.584473 0.096436
vn 0.752197 -0.562256 0.281494
vn 0.560547 -0.799072 0.104248
vn 0.560547 -0.799072 0.104248
vn 0.752197 -0.562256 0.281494
vn 0.493896 -0.784424 0.295166
vn 0.841309 -0.134766 0.455078
vn 0.645020 -0.122559 0.728271
vn 0.696777 -0.406738 0.548584
vn 0.696777 -0.406738 0.548584
vn 0.645020 -0.122559 0.728271
vn 0.442627 -0.363770 0.802246
vn 0.645020 -0.122559 0.728271
vn 0.490723 -0.095947 0.846436
vn 0.442627 -0.363770 0.802246
vn 0.696777 -0.406738 0.548584
vn 0.442627 -0.363770 0.802246
vn 0.452393 -0.622559 0.591064
vn -0.327881 0.864990 0.346680
vn -0.201416 0.943604 0.242188
vn -0.170654 0.883789 0.408203
vn -0.327881 0.864990 0.346680
vn -0.446045 0.856445 0.229492
vn -0.201416 0.943604 0.242188
vn -0.540283 0.766846 0.321289
vn -0.446045 0.856445 0.229492
vn -0.327881 0.864990 0.346680
vn -0.446045 0.856445 0.229492
vn -0.125000 0.938965 0.020508
vn -0.201416 0.943604 0.242188
vn -0.081299 0.967529 0.227295
vn -0.125000 0.938965 0.020508
vn -0.010742 0.975830 -0.039551
vn -0.201416 0.943604 0.242188
vn -0.125000 0.938965 0.020508
vn -0.081299 0.967529 0.227295
vn -0.054443 0.908691 0.376465
vn -0.201416 0.943604 0.242188
vn -0.081299 0.967529 0.227295
vn -0.170654 0.883789 0.408203
vn -0.201416 0.943604 0.242188
vn -0.054443 0.908691 0.376465
vn -0.634521 0.709717 0.284180
vn -0.537109 0.812500 0.212891
vn -0.540283 0.766846 0.321289
vn -0.540283 0.766846 0.321289
vn -0.537109 0.812500 0.212891
vn -0.446045 0.856445 0.229492
vn -0.446045 0.856445 0.229492
vn 0.010498 0.702393 -0.137451
vn -0.125000 0.938965 0.020508
vn -0.537109 0.812500 0.212891
vn 0.010498 0.702393 -0.137451
vn -0.446045 0.856445 0.229492
vn -0.537109 0.812500 0.212891
vn 0.210449 0.491455 -0.085693
vn 0.010498 0.702393 -0.137451
vn 0.105957 0.686523 0.072021
vn 0.210449 0.491455 -0.085693
vn -0.537109 0.812500 0.212891
vn -0.131348 0.702148 0.123535
vn 0.105957 0.686523 0.072021
vn -0.634521 0.709717 0.284180
vn -0.634521 0.709717 0.284180
vn 0.105957 0.686523 0.072021
vn -0.537109 0.812500 0.212891
vn -0.389404 0.827148 0.356934
vn -0.558838 0.549316 0.581543
vn -0.317383 0.680176 0.628662
vn -0.666748 0.646729 0.278320
vn -0.558838 0.549316 0.581543
vn -0.389404 0.827148 0.356934
vn -0.666748 0.646729 0.278320
vn -0.854492 0.322021 0.325195
vn -0.558838 0.549316 0.581543
vn -0.854492 0.322021 0.325195
vn -0.748047 0.302002 0.552979
vn -0.558838 0.549316 0.581543
vn -0.558838 0.549316 0.581543
vn -0.301514 0.370361 0.849854
vn -0.317383 0.680176 0.628662
vn -0.558838 0.549316 0.581543
vn -0.462402 0.328369 0.796143
vn -0.301514 0.370361 0.849854
vn -0.748047 0.302002 0.552979
vn -0.462402 0.328369 0.796143
vn -0.558838 0.549316 0.581543
vn -0.748047 0.302002 0.552979
vn -0.632080 0.230469 0.714600
vn -0.462402 0.328369 0.796143
vn -0.159424 0.885498 0.391113
vn -0.317383 0.680176 0.628662
vn -0.082031 0.738037 0.634033
vn -0.389404 0.827148 0.356934
vn -0.317383 0.680176 0.628662
vn -0.159424 0.885498 0.391113
vn -0.317383 0.680176 0.628662
vn -0.115479 0.400146 0.871826
vn -0.082031 0.738037 0.634033
vn -0.317383 0.680176 0.628662
vn -0.301514 0.370361 0.849854
vn -0.115479 0.400146 0.871826
vn -0.204834 0.952881 -0.071777
vn -0.557129 0.801270 -0.103760
vn -0.450195 0.871094 0.105957
vn -0.204834 0.952881 -0.071777
vn -0.450195 0.871094 0.105957
vn -0.152588 0.958008 0.159668
vn -0.450195 0.871094 0.105957
vn -0.389404 0.827148 0.356934
vn -0.152588 0.958008 0.159668
vn -0.152588 0.958008 0.159668
vn -0.389404 0.827148 0.356934
vn -0.159424 0.885498 0.391113
vn -0.557129 0.801270 -0.103760
vn -0.708984 0.672119 0.058594
vn -0.450195 0.871094 0.105957
vn -0.557129 0.801270 -0.103760
vn -0.787354 0.581299 -0.097412
vn -0.708984 0.672119 0.058594
vn -0.787354 0.581299 -0.097412
vn -0.906494 0.345947 0.096924
vn -0.708984 0.672119 0.058594
vn -0.787354 0.581299 -0.097412
vn -0.923340 0.322998 -0.089111
vn -0.906494 0.345947 0.096924
vn -0.450195 0.871094 0.105957
vn -0.666748 0.646729 0.278320
vn -0.389404 0.827148 0.356934
vn -0.708984 0.672119 0.058594
vn -0.666748 0.646729 0.278320
vn -0.450195 0.871094 0.105957
vn -0.708984 0.672119 0.058594
vn -0.906494 0.345947 0.096924
vn -0.666748 0.646729 0.278320
vn -0.666748 0.646729 0.278320
vn -0.906494 0.345947 0.096924
vn -0.854492 0.322021 0.325195
vn -0.204834 0.952881 -0.071777
vn -0.491455 0.785889 -0.292969
vn -0.557129 0.801270 -0.103760
vn -0.178955 0.882812 -0.352295
vn -0.491455 0.785889 -0.292969
vn -0.204834 0.952881 -0.071777
vn -0.178955 0.882812 -0.352295
vn -0.451660 0.621094 -0.592285
vn -0.491455 0.785889 -0.292969
vn -0.103760 0.702393 -0.662598
vn -0.451660 0.621094 -0.592285
vn -0.178955 0.882812 -0.352295
vn -0.103760 0.702393 -0.662598
vn -0.184082 0.474609 -0.839111
vn -0.451660 0.621094 -0.592285
vn -0.184082 0.474609 -0.839111
vn -0.444824 0.357666 -0.803955
vn -0.451660 0.621094 -0.592285
vn -0.184082 0.474609 -0.839111
vn -0.214844 0.228271 -0.920654
vn -0.444824 0.357666 -0.803955
vn -0.214844 0.228271 -0.920654
vn -0.493652 0.126709 -0.845703
vn -0.444824 0.357666 -0.803955
vn -0.698486 0.400879 -0.549561
vn -0.838867 0.159424 -0.460449
vn -0.916260 0.241211 -0.248779
vn -0.698486 0.400879 -0.549561
vn -0.916260 0.241211 -0.248779
vn -0.754150 0.559570 -0.279785
vn -0.754150 0.559570 -0.279785
vn -0.916260 0.241211 -0.248779
vn -0.923340 0.322998 -0.089111
vn -0.754150 0.559570 -0.279785
vn -0.923340 0.322998 -0.089111
vn -0.787354 0.581299 -0.097412
vn -0.451660 0.621094 -0.592285
vn -0.698486 0.400879 -0.549561
vn -0.754150 0.559570 -0.279785
vn -0.451660 0.621094 -0.592285
vn -0.754150 0.559570 -0.279785
vn -0.491455 0.785889 -0.292969
vn -0.491455 0.785889 -0.292969
vn -0.754150 0.559570 -0.279785
vn -0.557129 0.801270 -0.103760
vn -0.557129 0.801270 -0.103760
vn -0.754150 0.559570 -0.279785
vn -0.787354 0.581299 -0.097412
vn -0.698486 0.400879 -0.549561
vn -0.642578 0.145508 -0.732422
vn -0.838867 0.159424 -0.460449
vn -0.444824 0.357666 -0.803955
vn -0.642578 0.145508 -0.732422
vn -0.698486 0.400879 -0.549561
vn -0.451660 0.621094 -0.592285
vn -0.444824 0.357666 -0.803955
vn -0.698486 0.400879 -0.549561
vn -0.444824 0.357666 -0.803955
vn -0.493652 0.126709 -0.845703
vn -0.642578 0.145508 -0.732422
vn 0.772217 0.257080 -0.001953
vn -0.197754 0.282959 -0.002197
vn 0.909424 0.237549 0.173584
vn -0.197754 0.282959 -0.002197
vn -0.239990 0.244141 -0.091064
vn 0.909424 0.237549 0.173584
vn -0.239990 0.244141 -0.091064
vn -0.027344 0.290283 -0.119629
vn 0.909424 0.237549 0.173584
vn 0.909424 0.237549 0.173584
vn -0.027344 0.290283 -0.119629
vn 0.748779 0.296631 0.475342
vn 0.748779 0.296631 0.475342
vn 0.054443 0.349121 -0.008057
vn 0.614258 0.261475 0.677246
vn -0.027344 0.290283 -0.119629
vn 0.054443 0.349121 -0.008057
vn 0.748779 0.296631 0.475342
vn 0.614258 0.261475 0.677246
vn 0.054443 0.349121 -0.008057
vn 0.472168 0.296143 0.754395
vn 0.054443 0.349121 -0.008057
vn -0.033936 0.325684 -0.089355
vn 0.472168 0.296143 0.754395
vn 0.472168 0.296143 0.754395
vn -0.033936 0.325684 -0.089355
vn 0.162109 0.306152 0.860840
vn -0.033936 0.325684 -0.089355
vn -0.014404 0.281982 -0.262939
vn 0.162109 0.306152 0.860840
vn 0.203369 0.532227 0.006104
vn -0.131348 0.702148 0.123535
vn -0.781982 0.425049 0.285400
vn -0.473145 0.456055 0.126709
vn 0.203369 0.532227 0.006104
vn -0.781982 0.425049 0.285400
vn 0.772217 0.257080 -0.001953
vn 0.203369 0.532227 0.006104
vn -0.473145 0.456055 0.126709
vn -0.473145 0.456055 0.126709
vn -0.197754 0.282959 -0.002197
vn 0.772217 0.257080 -0.001953
vn -0.619873 0.482422 0.519287
vn -0.634521 0.709717 0.284180
vn -0.540283 0.766846 0.321289
vn -0.750732 0.397217 0.440674
vn -0.634521 0.709717 0.284180
vn -0.619873 0.482422 0.519287
vn -0.750732 0.397217 0.440674
vn -0.131348 0.702148 0.123535
vn -0.634521 0.709717 0.284180
vn -0.781982 0.425049 0.285400
vn -0.131348 0.702148 0.123535
vn -0.750732 0.397217 0.440674
vn -0.244873 0.525635 0.710693
vn -0.327881 0.864990 0.346680
vn -0.170654 0.883789 0.408203
vn -0.431641 0.498779 0.639648
vn -0.327881 0.864990 0.346680
vn -0.244873 0.525635 0.710693
vn -0.431641 0.498779 0.639648
vn -0.540283 0.766846 0.321289
vn -0.327881 0.864990 0.346680
vn -0.619873 0.482422 0.519287
vn -0.540283 0.766846 0.321289
vn -0.431641 0.498779 0.639648
vn -0.114258 0.517822 0.749756
vn -0.170654 0.883789 0.408203
vn -0.054443 0.908691 0.376465
vn -0.244873 0.525635 0.710693
vn -0.170654 0.883789 0.408203
vn -0.114258 0.517822 0.749756
vn -0.395752 -0.823486 -0.359863
vn -0.562744 -0.544922 -0.587646
vn -0.320312 -0.685059 -0.624756
vn -0.667725 -0.646973 -0.281738
vn -0.562744 -0.544922 -0.587646
vn -0.395752 -0.823486 -0.359863
vn -0.667725 -0.646973 -0.281738
vn -0.854004 -0.318359 -0.322021
vn -0.562744 -0.544922 -0.587646
vn -0.854004 -0.318359 -0.322021
vn -0.786133 -0.279297 -0.514893
vn -0.562744 -0.544922 -0.587646
vn -0.562744 -0.544922 -0.587646
vn -0.314453 -0.415527 -0.831787
vn -0.320312 -0.685059 -0.624756
vn -0.562744 -0.544922 -0.587646
vn -0.457764 -0.337646 -0.806152
vn -0.314453 -0.415527 -0.831787
vn -0.562744 -0.544922 -0.587646
vn -0.636230 -0.265625 -0.699951
vn -0.457764 -0.337646 -0.806152
vn -0.786133 -0.279297 -0.514893
vn -0.636230 -0.265625 -0.699951
vn -0.562744 -0.544922 -0.587646
vn -0.116699 -0.893311 -0.386475
vn -0.320312 -0.685059 -0.624756
vn -0.099854 -0.718018 -0.656982
vn -0.395752 -0.823486 -0.359863
vn -0.320312 -0.685059 -0.624756
vn -0.116699 -0.893311 -0.386475
vn -0.320312 -0.685059 -0.624756
vn -0.117432 -0.451416 -0.855225
vn -0.099854 -0.718018 -0.656982
vn -0.320312 -0.685059 -0.624756
vn -0.314453 -0.415527 -0.831787
vn -0.117432 -0.451416 -0.855225
vn -0.182373 -0.954834 0.089844
vn -0.560547 -0.799072 0.104248
vn -0.457031 -0.866699 -0.108643
vn -0.182373 -0.954834 0.089844
vn -0.457031 -0.866699 -0.108643
vn -0.187988 -0.952637 -0.148438
vn -0.457031 -0.866699 -0.108643
vn -0.395752 -0.823486 -0.359863
vn -0.187988 -0.952637 -0.148438
vn -0.187988 -0.952637 -0.148438
vn -0.395752 -0.823486 -0.359863
vn -0.116699 -0.893311 -0.386475
vn -0.560547 -0.799072 0.104248
vn -0.709961 -0.672363 -0.062256
vn -0.457031 -0.866699 -0.108643
vn -0.560547 -0.799072 0.104248
vn -0.785889 -0.584473 0.096436
vn -0.709961 -0.672363 -0.062256
vn -0.785889 -0.584473 0.096436
vn -0.906006 -0.336182 -0.098389
vn -0.709961 -0.672363 -0.062256
vn -0.785889 -0.584473 0.096436
vn -0.934082 -0.264648 0.093018
vn -0.906006 -0.336182 -0.098389
vn -0.457031 -0.866699 -0.108643
vn -0.667725 -0.646973 -0.281738
vn -0.395752 -0.823486 -0.359863
vn -0.709961 -0.672363 -0.062256
vn -0.667725 -0.646973 -0.281738
vn -0.457031 -0.866699 -0.108643
vn -0.709961 -0.672363 -0.062256
vn -0.906006 -0.336182 -0.098389
vn -0.667725 -0.646973 -0.281738
vn -0.667725 -0.646973 -0.281738
vn -0.906006 -0.336182 -0.098389
vn -0.854004 -0.318359 -0.322021
vn -0.203369 0.532227 0.006104
vn 0.131348 0.702148 0.123535
vn -0.866943 0.190918 -0.152588
vn -0.978516 -0.033936 -0.181885
vn -0.203369 0.532227 0.006104
vn -0.866943 0.190918 -0.152588
vn -0.978516 -0.033936 -0.181885
vn -0.866943 0.190918 -0.152588
vn -0.917725 -0.170166 -0.306396
vn -0.772217 0.257080 -0.001953
vn -0.203369 0.532227 0.006104
vn -0.978516 -0.033936 -0.181885
vn -0.182373 -0.954834 0.089844
vn -0.493896 -0.784424 0.295166
vn -0.560547 -0.799072 0.104248
vn -0.216797 -0.862061 0.385254
vn -0.493896 -0.784424 0.295166
vn -0.182373 -0.954834 0.089844
vn -0.216797 -0.862061 0.385254
vn -0.452393 -0.622559 0.591064
vn -0.493896 -0.784424 0.295166
vn -0.125244 -0.725830 0.632568
vn -0.452393 -0.622559 0.591064
vn -0.216797 -0.862061 0.385254
vn -0.125244 -0.725830 0.632568
vn -0.152832 -0.496826 0.832275
vn -0.452393 -0.622559 0.591064
vn -0.152832 -0.496826 0.832275
vn -0.442627 -0.363770 0.802246
vn -0.452393 -0.622559 0.591064
vn -0.152832 -0.496826 0.832275
vn -0.184326 -0.188232 0.932129
vn -0.442627 -0.363770 0.802246
vn -0.184326 -0.188232 0.932129
vn -0.490723 -0.095947 0.846436
vn -0.442627 -0.363770 0.802246
vn -0.794678 0.066895 -0.330566
vn -0.210449 0.491455 -0.085693
vn -0.010498 0.702393 -0.137451
vn -0.487793 0.176514 -0.388428
vn -0.794678 0.066895 -0.330566
vn -0.010498 0.702393 -0.137451
vn -0.487793 0.176514 -0.388428
vn -0.010498 0.702393 -0.137451
vn 0.125000 0.938965 0.020508
vn -0.236084 0.168457 -0.382812
vn -0.487793 0.176514 -0.388428
vn 0.125000 0.938965 0.020508
vn -0.755371 -0.518555 -0.303223
vn -0.794678 0.066895 -0.330566
vn -0.641602 -0.625488 -0.368164
vn -0.641602 -0.625488 -0.368164
vn -0.794678 0.066895 -0.330566
vn -0.487793 0.176514 -0.388428
vn -0.641602 -0.625488 -0.368164
vn -0.487793 0.176514 -0.388428
vn -0.436768 -0.735107 -0.415039
vn -0.436768 -0.735107 -0.415039
vn -0.487793 0.176514 -0.388428
vn -0.236084 0.168457 -0.382812
vn -0.236084 0.168457 -0.382812
vn 0.125000 0.938965 0.020508
vn 0.015137 0.975586 -0.049316
vn -0.236084 0.168457 -0.382812
vn 0.015137 0.975586 -0.049316
vn -0.075684 0.295898 -0.399902
vn -0.143311 -0.784180 -0.550293
vn -0.236084 0.168457 -0.382812
vn -0.075684 0.295898 -0.399902
vn -0.436768 -0.735107 -0.415039
vn -0.236084 0.168457 -0.382812
vn -0.143311 -0.784180 -0.550293
vn -0.789062 -0.339355 -0.461914
vn -0.649170 -0.631104 -0.396240
vn -0.637451 -0.386963 -0.605957
vn -0.789062 -0.339355 -0.461914
vn -0.859375 -0.370117 -0.264404
vn -0.649170 -0.631104 -0.396240
vn -0.917725 -0.170166 -0.306396
vn -0.859375 -0.370117 -0.264404
vn -0.789062 -0.339355 -0.461914
vn -0.859375 -0.370117 -0.264404
vn -0.755371 -0.518555 -0.303223
vn -0.649170 -0.631104 -0.396240
vn -0.917725 -0.170166 -0.306396
vn -0.866943 0.190918 -0.152588
vn -0.859375 -0.370117 -0.264404
vn -0.866943 0.190918 -0.152588
vn -0.771240 0.252930 -0.115479
vn -0.859375 -0.370117 -0.264404
vn 0.131348 0.702148 0.123535
vn -0.771240 0.252930 -0.115479
vn -0.866943 0.190918 -0.152588
vn 0.131348 0.702148 0.123535
vn -0.105957 0.686523 0.072021
vn -0.771240 0.252930 -0.115479
vn -0.859375 -0.370117 -0.264404
vn -0.771240 0.252930 -0.115479
vn -0.755371 -0.518555 -0.303223
vn -0.771240 0.252930 -0.115479
vn -0.794678 0.066895 -0.330566
vn -0.755371 -0.518555 -0.303223
vn -0.771240 0.252930 -0.115479
vn -0.105957 0.686523 0.072021
vn -0.794678 0.066895 -0.330566
vn -0.105957 0.686523 0.072021
vn -0.210449 0.491455 -0.085693
vn -0.794678 0.066895 -0.330566
vn -0.339355 -0.855957 -0.353760
vn -0.641602 -0.625488 -0.368164
vn -0.436768 -0.735107 -0.415039
vn -0.521484 -0.763184 -0.364990
vn -0.641602 -0.625488 -0.368164
vn -0.339355 -0.855957 -0.353760
vn -0.347656 -0.538086 -0.664795
vn -0.521484 -0.763184 -0.364990
vn -0.339355 -0.855957 -0.353760
vn -0.500732 -0.456299 -0.663574
vn -0.521484 -0.763184 -0.364990
vn -0.347656 -0.538086 -0.664795
vn -0.521484 -0.763184 -0.364990
vn -0.755371 -0.518555 -0.303223
vn -0.641602 -0.625488 -0.368164
vn -0.649170 -0.631104 -0.396240
vn -0.755371 -0.518555 -0.303223
vn -0.521484 -0.763184 -0.364990
vn -0.500732 -0.456299 -0.663574
vn -0.649170 -0.631104 -0.396240
vn -0.521484 -0.763184 -0.364990
vn -0.637451 -0.386963 -0.605957
vn -0.649170 -0.631104 -0.396240
vn -0.500732 -0.456299 -0.663574
vn -0.085205 -0.916504 -0.372803
vn -0.436768 -0.735107 -0.415039
vn -0.143311 -0.784180 -0.550293
vn -0.339355 -0.855957 -0.353760
vn -0.436768 -0.735107 -0.415039
vn -0.085205 -0.916504 -0.372803
vn -0.138184 -0.583984 -0.689453
vn -0.339355 -0.855957 -0.353760
vn -0.085205 -0.916504 -0.372803
vn -0.347656 -0.538086 -0.664795
vn -0.339355 -0.855957 -0.353760
vn -0.138184 -0.583984 -0.689453
vn -0.696777 -0.406738 0.548584
vn -0.841309 -0.134766 0.455078
vn -0.902832 -0.255127 0.263428
vn -0.696777 -0.406738 0.548584
vn -0.902832 -0.255127 0.263428
vn -0.752197 -0.562256 0.281494
vn -0.752197 -0.562256 0.281494
vn -0.902832 -0.255127 0.263428
vn -0.934082 -0.264648 0.093018
vn -0.752197 -0.562256 0.281494
vn -0.934082 -0.264648 0.093018
vn -0.785889 -0.584473 0.096436
vn -0.452393 -0.622559 0.591064
vn -0.696777 -0.406738 0.548584
vn -0.752197 -0.562256 0.281494
vn -0.452393 -0.622559 0.591064
vn -0.752197 -0.562256 0.281494
vn -0.493896 -0.784424 0.295166
vn -0.493896 -0.784424 0.295166
vn -0.752197 -0.562256 0.281494
vn -0.560547 -0.799072 0.104248
vn -0.560547 -0.799072 0.104248
vn -0.752197 -0.562256 0.281494
vn -0.785889 -0.584473 0.096436
vn -0.696777 -0.406738 0.548584
vn -0.645020 -0.122559 0.728271
vn -0.841309 -0.134766 0.455078
vn -0.442627 -0.363770 0.802246
vn -0.645020 -0.122559 0.728271
vn -0.696777 -0.406738 0.548584
vn -0.452393 -0.622559 0.591064
vn -0.442627 -0.363770 0.802246
vn -0.696777 -0.406738 0.548584
vn -0.442627 -0.363770 0.802246
vn -0.490723 -0.095947 0.846436
vn -0.645020 -0.122559 0.728271
vn 0.193115 0.948486 0.230957
vn 0.407715 0.869385 0.235596
vn 0.195801 0.885498 0.391846
vn 0.195801 0.885498 0.391846
vn 0.407715 0.869385 0.235596
vn 0.325439 0.852783 0.380127
vn 0.193115 0.948486 0.230957
vn 0.125000 0.938965 0.020508
vn 0.407715 0.869385 0.235596
vn 0.325439 0.852783 0.380127
vn 0.407715 0.869385 0.235596
vn 0.540283 0.766846 0.321289
vn 0.015137 0.975586 -0.049316
vn 0.125000 0.938965 0.020508
vn 0.058105 0.969238 0.227051
vn 0.058105 0.969238 0.227051
vn 0.125000 0.938965 0.020508
vn 0.193115 0.948486 0.230957
vn 0.058105 0.969238 0.227051
vn 0.193115 0.948486 0.230957
vn 0.076172 0.911621 0.366699
vn 0.076172 0.911621 0.366699
vn 0.193115 0.948486 0.230957
vn 0.195801 0.885498 0.391846
vn 0.537109 0.812500 0.212891
vn -0.105957 0.686523 0.072021
vn 0.634521 0.709717 0.284180
vn 0.634521 0.709717 0.284180
vn -0.105957 0.686523 0.072021
vn 0.131348 0.702148 0.123535
vn 0.407715 0.869385 0.235596
vn 0.537109 0.812500 0.212891
vn 0.540283 0.766846 0.321289
vn 0.540283 0.766846 0.321289
vn 0.537109 0.812500 0.212891
vn 0.634521 0.709717 0.284180
vn 0.125000 0.938965 0.020508
vn -0.010498 0.702393 -0.137451
vn 0.407715 0.869385 0.235596
vn 0.407715 0.869385 0.235596
vn -0.010498 0.702393 -0.137451
vn 0.537109 0.812500 0.212891
vn 0.537109 0.812500 0.212891
vn -0.210449 0.491455 -0.085693
vn -0.105957 0.686523 0.072021
vn -0.010498 0.702393 -0.137451
vn -0.210449 0.491455 -0.085693
vn 0.537109 0.812500 0.212891
vn 0.389404 0.827148 0.356934
vn 0.558838 0.549316 0.581543
vn 0.666748 0.646729 0.278320
vn 0.317383 0.680176 0.628662
vn 0.558838 0.549316 0.581543
vn 0.389404 0.827148 0.356934
vn 0.317383 0.680176 0.628662
vn 0.301514 0.370361 0.849854
vn 0.558838 0.549316 0.581543
vn 0.301514 0.370361 0.849854
vn 0.462402 0.328369 0.796143
vn 0.558838 0.549316 0.581543
vn 0.558838 0.549316 0.581543
vn 0.854492 0.322021 0.325195
vn 0.666748 0.646729 0.278320
vn 0.558838 0.549316 0.581543
vn 0.748047 0.302002 0.552979
vn 0.854492 0.322021 0.325195
vn 0.558838 0.549316 0.581543
vn 0.462402 0.328369 0.796143
vn 0.748047 0.302002 0.552979
vn 0.462402 0.328369 0.796143
vn 0.632080 0.230469 0.714600
vn 0.748047 0.302002 0.552979
vn 0.113770 0.895752 0.382568
vn 0.317383 0.680176 0.628662
vn 0.389404 0.827148 0.356934
vn 0.123047 0.731445 0.633789
vn 0.317383 0.680176 0.628662
vn 0.113770 0.895752 0.382568
vn 0.123047 0.731445 0.633789
vn 0.115479 0.472900 0.837646
vn 0.317383 0.680176 0.628662
vn 0.115479 0.472900 0.837646
vn 0.301514 0.370361 0.849854
vn 0.317383 0.680176 0.628662
vn 0.450195 0.871094 0.105957
vn 0.557129 0.801270 -0.103760
vn 0.204834 0.950195 -0.103027
vn 0.152588 0.962402 0.125732
vn 0.450195 0.871094 0.105957
vn 0.204834 0.950195 -0.103027
vn 0.152588 0.962402 0.125732
vn 0.389404 0.827148 0.356934
vn 0.450195 0.871094 0.105957
vn 0.113770 0.895752 0.382568
vn 0.389404 0.827148 0.356934
vn 0.152588 0.962402 0.125732
vn 0.708984 0.672119 0.058594
vn 0.787354 0.581299 -0.097412
vn 0.557129 0.801270 -0.103760
vn 0.450195 0.871094 0.105957
vn 0.708984 0.672119 0.058594
vn 0.557129 0.801270 -0.103760
vn 0.450195 0.871094 0.105957
vn 0.666748 0.646729 0.278320
vn 0.708984 0.672119 0.058594
vn 0.389404 0.827148 0.356934
vn 0.666748 0.646729 0.278320
vn 0.450195 0.871094 0.105957
vn 0.906494 0.345947 0.096924
vn 0.923340 0.322998 -0.089111
vn 0.787354 0.581299 -0.097412
vn 0.708984 0.672119 0.058594
vn 0.906494 0.345947 0.096924
vn 0.787354 0.581299 -0.097412
vn 0.666748 0.646729 0.278320
vn 0.906494 0.345947 0.096924
vn 0.708984 0.672119 0.058594
vn 0.854492 0.322021 0.325195
vn 0.906494 0.345947 0.096924
vn 0.666748 0.646729 0.278320
vn 0.204834 0.950195 -0.103027
vn 0.491455 0.785889 -0.292969
vn 0.178955 0.860352 -0.408447
vn 0.557129 0.801270 -0.103760
vn 0.491455 0.785889 -0.292969
vn 0.204834 0.950195 -0.103027
vn 0.178955 0.860352 -0.408447
vn 0.451660 0.621094 -0.592285
vn 0.155762 0.694824 -0.658447
vn 0.491455 0.785889 -0.292969
vn 0.451660 0.621094 -0.592285
vn 0.178955 0.860352 -0.408447
vn 0.451660 0.621094 -0.592285
vn 0.131592 0.475342 -0.847656
vn 0.155762 0.694824 -0.658447
vn 0.451660 0.621094 -0.592285
vn 0.444824 0.357666 -0.803955
vn 0.131592 0.475342 -0.847656
vn 0.444824 0.357666 -0.803955
vn 0.214844 0.190430 -0.929932
vn 0.131592 0.475342 -0.847656
vn 0.444824 0.357666 -0.803955
vn 0.493652 0.126709 -0.845703
vn 0.214844 0.190430 -0.929932
vn 0.916260 0.241211 -0.248779
vn 0.838867 0.159424 -0.460449
vn 0.698486 0.400879 -0.549561
vn 0.754150 0.559570 -0.279785
vn 0.916260 0.241211 -0.248779
vn 0.698486 0.400879 -0.549561
vn 0.754150 0.559570 -0.279785
vn 0.698486 0.400879 -0.549561
vn 0.451660 0.621094 -0.592285
vn 0.491455 0.785889 -0.292969
vn 0.754150 0.559570 -0.279785
vn 0.451660 0.621094 -0.592285
vn 0.923340 0.322998 -0.089111
vn 0.916260 0.241211 -0.248779
vn 0.754150 0.559570 -0.279785
vn 0.787354 0.581299 -0.097412
vn 0.923340 0.322998 -0.089111
vn 0.754150 0.559570 -0.279785
vn 0.787354 0.581299 -0.097412
vn 0.754150 0.559570 -0.279785
vn 0.557129 0.801270 -0.103760
vn 0.557129 0.801270 -0.103760
vn 0.754150 0.559570 -0.279785
vn 0.491455 0.785889 -0.292969
vn 0.838867 0.159424 -0.460449
vn 0.642578 0.145508 -0.732422
vn 0.698486 0.400879 -0.549561
vn 0.698486 0.400879 -0.549561
vn 0.642578 0.145508 -0.732422
vn 0.444824 0.357666 -0.803955
vn 0.642578 0.145508 -0.732422
vn 0.493652 0.126709 -0.845703
vn 0.444824 0.357666 -0.803955
vn 0.698486 0.400879 -0.549561
vn 0.444824 0.357666 -0.803955
vn 0.451660 0.621094 -0.592285
vn -0.909424 0.237549 0.173584
vn 0.239990 0.244141 -0.091064
vn 0.197754 0.282959 -0.002197
vn -0.909424 0.237549 0.173584
vn 0.197754 0.282959 -0.002197
vn -0.772217 0.257080 -0.001953
vn -0.909424 0.237549 0.173584
vn 0.027344 0.290283 -0.119629
vn 0.239990 0.244141 -0.091064
vn -0.748779 0.296631 0.475342
vn 0.027344 0.290283 -0.119629
vn -0.909424 0.237549 0.173584
vn -0.748779 0.296631 0.475342
vn -0.054443 0.349121 -0.008057
vn 0.027344 0.290283 -0.119629
vn -0.614258 0.261475 0.677246
vn -0.054443 0.349121 -0.008057
vn -0.748779 0.296631 0.475342
vn -0.472168 0.296143 0.754395
vn 0.033936 0.325684 -0.089355
vn -0.054443 0.349121 -0.008057
vn -0.472168 0.296143 0.754395
vn -0.054443 0.349121 -0.008057
vn -0.614258 0.261475 0.677246
vn -0.226807 0.328125 0.839111
vn 0.014404 0.372314 0.102295
vn 0.033936 0.325684 -0.089355
vn -0.226807 0.328125 0.839111
vn 0.033936 0.325684 -0.089355
vn -0.472168 0.296143 0.754395
vn 0.781982 0.425049 0.285400
vn -0.203369 0.532227 0.006104
vn 0.473145 0.456055 0.126709
vn 0.781982 0.425049 0.285400
vn 0.131348 0.702148 0.123535
vn -0.203369 0.532227 0.006104
vn -0.772217 0.257080 -0.001953
vn 0.197754 0.282959 -0.002197
vn 0.473145 0.456055 0.126709
vn 0.473145 0.456055 0.126709
vn -0.203369 0.532227 0.006104
vn -0.772217 0.257080 -0.001953
vn 0.619873 0.482422 0.519287
vn 0.634521 0.709717 0.284180
vn 0.750732 0.397217 0.440674
vn 0.540283 0.766846 0.321289
vn 0.634521 0.709717 0.284180
vn 0.619873 0.482422 0.519287
vn 0.750732 0.397217 0.440674
vn 0.131348 0.702148 0.123535
vn 0.781982 0.425049 0.285400
vn 0.634521 0.709717 0.284180
vn 0.131348 0.702148 0.123535
vn 0.750732 0.397217 0.440674
vn 0.244873 0.525635 0.710693
vn 0.325439 0.852783 0.380127
vn 0.431641 0.498779 0.639648
vn 0.195801 0.885498 0.391846
vn 0.325439 0.852783 0.380127
vn 0.244873 0.525635 0.710693
vn 0.431641 0.498779 0.639648
vn 0.540283 0.766846 0.321289
vn 0.619873 0.482422 0.519287
vn 0.325439 0.852783 0.380127
vn 0.540283 0.766846 0.321289
vn 0.431641 0.498779 0.639648
vn 0.085693 0.517334 0.753662
vn 0.195801 0.885498 0.391846
vn 0.244873 0.525635 0.710693
vn 0.076172 0.911621 0.366699
vn 0.195801 0.885498 0.391846
vn 0.085693 0.517334 0.753662
vn -0.301514 0.370361 0.849854
vn -0.114258 0.517822 0.749756
vn -0.115479 0.400146 0.871826
vn -0.301514 0.370361 0.849854
vn -0.244873 0.525635 0.710693
vn -0.114258 0.517822 0.749756
vn 0.115479 0.472900 0.837646
vn 0.085693 0.517334 0.753662
vn 0.301514 0.370361 0.849854
vn 0.085693 0.517334 0.753662
vn 0.244873 0.525635 0.710693
vn 0.301514 0.370361 0.849854
vn 0.301514 0.370361 0.849854
vn 0.244873 0.525635 0.710693
vn 0.462402 0.328369 0.796143
vn 0.244873 0.525635 0.710693
vn 0.431641 0.498779 0.639648
vn 0.462402 0.328369 0.796143
vn 0.462402 0.328369 0.796143
vn 0.431641 0.498779 0.639648
vn 0.632080 0.230469 0.714600
vn 0.431641 0.498779 0.639648
vn 0.619873 0.482422 0.519287
vn 0.632080 0.230469 0.714600
vn 0.632080 0.230469 0.714600
vn 0.750732 0.397217 0.440674
vn 0.748047 0.302002 0.552979
vn 0.619873 0.482422 0.519287
vn 0.750732 0.397217 0.440674
vn 0.632080 0.230469 0.714600
vn 0.748047 0.302002 0.552979
vn 0.781982 0.425049 0.285400
vn 0.854492 0.322021 0.325195
vn 0.750732 0.397217 0.440674
vn 0.781982 0.425049 0.285400
vn 0.748047 0.302002 0.552979
vn 0.781982 0.425049 0.285400
vn 0.473145 0.456055 0.126709
vn 0.854492 0.322021 0.325195
vn 0.854492 0.322021 0.325195
vn 0.473145 0.456055 0.126709
vn 0.906494 0.345947 0.096924
vn 0.906494 0.345947 0.096924
vn 0.197754 0.282959 -0.002197
vn 0.923340 0.322998 -0.089111
vn 0.473145 0.456055 0.126709
vn 0.197754 0.282959 -0.002197
vn 0.906494 0.345947 0.096924
vn 0.923340 0.322998 -0.089111
vn 0.197754 0.282959 -0.002197
vn 0.916260 0.241211 -0.248779
vn 0.197754 0.282959 -0.002197
vn 0.239990 0.244141 -0.091064
vn 0.916260 0.241211 -0.248779
vn 0.916260 0.241211 -0.248779
vn 0.239990 0.244141 -0.091064
vn 0.838867 0.159424 -0.460449
vn 0.239990 0.244141 -0.091064
vn 0.027344 0.290283 -0.119629
vn 0.838867 0.159424 -0.460449
vn 0.838867 0.159424 -0.460449
vn 0.027344 0.290283 -0.119629
vn 0.642578 0.145508 -0.732422
vn 0.027344 0.290283 -0.119629
vn -0.054443 0.349121 -0.008057
vn 0.642578 0.145508 -0.732422
vn 0.642578 0.145508 -0.732422
vn -0.054443 0.349121 -0.008057
vn 0.493652 0.126709 -0.845703
vn -0.054443 0.349121 -0.008057
vn 0.033936 0.325684 -0.089355
vn 0.493652 0.126709 -0.845703
vn 0.493652 0.126709 -0.845703
vn 0.033936 0.325684 -0.089355
vn 0.214844 0.190430 -0.929932
vn 0.033936 0.325684 -0.089355
vn 0.014404 0.372314 0.102295
vn 0.214844 0.190430 -0.929932
vn -0.214844 0.228271 -0.920654
vn -0.033936 0.325684 -0.089355
vn -0.493652 0.126709 -0.845703
vn -0.214844 0.228271 -0.920654
vn -0.014404 0.281982 -0.262939
vn -0.033936 0.325684 -0.089355
vn -0.493652 0.126709 -0.845703
vn 0.054443 0.349121 -0.008057
vn -0.642578 0.145508 -0.732422
vn -0.493652 0.126709 -0.845703
vn -0.033936 0.325684 -0.089355
vn 0.054443 0.349121 -0.008057
vn -0.642578 0.145508 -0.732422
vn -0.027344 0.290283 -0.119629
vn -0.838867 0.159424 -0.460449
vn -0.642578 0.145508 -0.732422
vn 0.054443 0.349121 -0.008057
vn -0.027344 0.290283 -0.119629
vn -0.838867 0.159424 -0.460449
vn -0.239990 0.244141 -0.091064
vn -0.916260 0.241211 -0.248779
vn -0.838867 0.159424 -0.460449
vn -0.027344 0.290283 -0.119629
vn -0.239990 0.244141 -0.091064
vn -0.916260 0.241211 -0.248779
vn -0.197754 0.282959 -0.002197
vn -0.923340 0.322998 -0.089111
vn -0.916260 0.241211 -0.248779
vn -0.239990 0.244141 -0.091064
vn -0.197754 0.282959 -0.002197
vn -0.923340 0.322998 -0.089111
vn -0.197754 0.282959 -0.002197
vn -0.906494 0.345947 0.096924
vn -0.906494 0.345947 0.096924
vn -0.197754 0.282959 -0.002197
vn -0.473145 0.456055 0.126709
vn -0.906494 0.345947 0.096924
vn -0.473145 0.456055 0.126709
vn -0.854492 0.322021 0.325195
vn -0.854492 0.322021 0.325195
vn -0.473145 0.456055 0.126709
vn -0.781982 0.425049 0.285400
vn -0.854492 0.322021 0.325195
vn -0.781982 0.425049 0.285400
vn -0.748047 0.302002 0.552979
vn -0.748047 0.302002 0.552979
vn -0.781982 0.425049 0.285400
vn -0.750732 0.397217 0.440674
vn -0.748047 0.302002 0.552979
vn -0.750732 0.397217 0.440674
vn -0.632080 0.230469 0.714600
vn -0.632080 0.230469 0.714600
vn -0.750732 0.397217 0.440674
vn -0.619873 0.482422 0.519287
vn -0.632080 0.230469 0.714600
vn -0.431641 0.498779 0.639648
vn -0.462402 0.328369 0.796143
vn -0.632080 0.230469 0.714600
vn -0.619873 0.482422 0.519287
vn -0.431641 0.498779 0.639648
vn -0.462402 0.328369 0.796143
vn -0.244873 0.525635 0.710693
vn -0.301514 0.370361 0.849854
vn -0.462402 0.328369 0.796143
vn -0.431641 0.498779 0.639648
vn -0.244873 0.525635 0.710693
vn -0.114258 0.517822 0.749756
vn 0.085693 0.517334 0.753662
vn -0.115479 0.400146 0.871826
vn -0.115479 0.400146 0.871826
vn 0.085693 0.517334 0.753662
vn 0.115479 0.472900 0.837646
vn -0.115479 0.400146 0.871826
vn 0.115479 0.472900 0.837646
vn -0.082031 0.738037 0.634033
vn -0.082031 0.738037 0.634033
vn 0.115479 0.472900 0.837646
vn 0.123047 0.731445 0.633789
vn -0.159424 0.885498 0.391113
vn -0.082031 0.738037 0.634033
vn 0.113770 0.895752 0.382568
vn 0.113770 0.895752 0.382568
vn -0.082031 0.738037 0.634033
vn 0.123047 0.731445 0.633789
vn -0.152588 0.958008 0.159668
vn -0.159424 0.885498 0.391113
vn 0.113770 0.895752 0.382568
vn -0.152588 0.958008 0.159668
vn 0.113770 0.895752 0.382568
vn 0.152588 0.962402 0.125732
vn -0.152588 0.958008 0.159668
vn 0.152588 0.962402 0.125732
vn -0.204834 0.952881 -0.071777
vn -0.204834 0.952881 -0.071777
vn 0.152588 0.962402 0.125732
vn 0.204834 0.950195 -0.103027
vn 0.204834 0.950195 -0.103027
vn -0.178955 0.882812 -0.352295
vn -0.204834 0.952881 -0.071777
vn 0.204834 0.950195 -0.103027
vn 0.178955 0.860352 -0.408447
vn -0.178955 0.882812 -0.352295
vn 0.178955 0.860352 -0.408447
vn -0.103760 0.702393 -0.662598
vn -0.178955 0.882812 -0.352295
vn 0.178955 0.860352 -0.408447
vn 0.155762 0.694824 -0.658447
vn -0.103760 0.702393 -0.662598
vn 0.131592 0.475342 -0.847656
vn -0.184082 0.474609 -0.839111
vn -0.103760 0.702393 -0.662598
vn 0.155762 0.694824 -0.658447
vn 0.131592 0.475342 -0.847656
vn -0.103760 0.702393 -0.662598
vn 0.131592 0.475342 -0.847656
vn -0.214844 0.228271 -0.920654
vn -0.184082 0.474609 -0.839111
vn 0.214844 0.190430 -0.929932
vn -0.214844 0.228271 -0.920654
vn 0.131592 0.475342 -0.847656
vn 0.214844 0.190430 -0.929932
vn -0.014404 0.281982 -0.262939
vn -0.214844 0.228271 -0.920654
vn 0.014404 0.372314 0.102295
vn -0.014404 0.281982 -0.262939
vn 0.214844 0.190430 -0.929932
vn -0.014404 0.281982 -0.262939
vn 0.014404 0.372314 0.102295
vn 0.162109 0.306152 0.860840
vn 0.162109 0.306152 0.860840
vn 0.014404 0.372314 0.102295
vn -0.226807 0.328125 0.839111
vn 0.245850 -0.180664 0.921875
vn -0.184326 -0.188232 0.932129
vn 0.152832 -0.460205 0.852539
vn 0.152832 -0.460205 0.852539
vn -0.184326 -0.188232 0.932129
vn -0.152832 -0.496826 0.832275
vn 0.152832 -0.460205 0.852539
vn -0.152832 -0.496826 0.832275
vn 0.125244 -0.674805 0.687256
vn 0.125244 -0.674805 0.687256
vn -0.152832 -0.496826 0.832275
vn -0.125244 -0.725830 0.632568
vn 0.125244 -0.674805 0.687256
vn -0.125244 -0.725830 0.632568
vn 0.154785 -0.876465 0.380127
vn 0.154785 -0.876465 0.380127
vn -0.125244 -0.725830 0.632568
vn -0.216797 -0.862061 0.385254
vn 0.243164 -0.943115 0.090088
vn 0.154785 -0.876465 0.380127
vn -0.182373 -0.954834 0.089844
vn -0.182373 -0.954834 0.089844
vn 0.154785 -0.876465 0.380127
vn -0.216797 -0.862061 0.385254
vn -0.182373 -0.954834 0.089844
vn 0.134277 -0.962158 -0.142334
vn 0.243164 -0.943115 0.090088
vn -0.182373 -0.954834 0.089844
vn -0.187988 -0.952637 -0.148438
vn 0.134277 -0.962158 -0.142334
vn -0.116699 -0.893311 -0.386475
vn 0.163330 -0.882568 -0.394775
vn 0.134277 -0.962158 -0.142334
vn -0.187988 -0.952637 -0.148438
vn -0.116699 -0.893311 -0.386475
vn 0.134277 -0.962158 -0.142334
vn -0.116699 -0.893311 -0.386475
vn 0.099854 -0.762207 -0.603760
vn 0.163330 -0.882568 -0.394775
vn -0.099854 -0.718018 -0.656982
vn 0.099854 -0.762207 -0.603760
vn -0.116699 -0.893311 -0.386475
vn -0.099854 -0.718018 -0.656982
vn 0.117432 -0.510986 -0.822754
vn 0.099854 -0.762207 -0.603760
vn -0.117432 -0.451416 -0.855225
vn 0.117432 -0.510986 -0.822754
vn -0.099854 -0.718018 -0.656982
vn 0.103516 -0.585938 -0.692383
vn -0.085205 -0.916504 -0.372803
vn 0.119385 -0.915283 -0.366943
vn -0.138184 -0.583984 -0.689453
vn -0.085205 -0.916504 -0.372803
vn 0.103516 -0.585938 -0.692383
vn -0.085205 -0.916504 -0.372803
vn 0.143311 -0.819336 -0.491943
vn 0.119385 -0.915283 -0.366943
vn -0.143311 -0.784180 -0.550293
vn 0.143311 -0.819336 -0.491943
vn -0.085205 -0.916504 -0.372803
vn -0.143311 -0.784180 -0.550293
vn 0.075684 -0.045166 -0.489746
vn 0.143311 -0.819336 -0.491943
vn -0.075684 0.295898 -0.399902
vn 0.075684 -0.045166 -0.489746
vn -0.143311 -0.784180 -0.550293
vn -0.075684 0.295898 -0.399902
vn -0.010742 0.975830 -0.039551
vn 0.075684 -0.045166 -0.489746
vn 0.015137 0.975586 -0.049316
vn -0.010742 0.975830 -0.039551
vn -0.075684 0.295898 -0.399902
vn -0.081299 0.967529 0.227295
vn -0.010742 0.975830 -0.039551
vn 0.058105 0.969238 0.227051
vn 0.058105 0.969238 0.227051
vn -0.010742 0.975830 -0.039551
vn 0.015137 0.975586 -0.049316
vn -0.081299 0.967529 0.227295
vn 0.058105 0.969238 0.227051
vn -0.054443 0.908691 0.376465
vn -0.054443 0.908691 0.376465
vn 0.058105 0.969238 0.227051
vn 0.076172 0.911621 0.366699
vn -0.114258 0.517822 0.749756
vn -0.054443 0.908691 0.376465
vn 0.085693 0.517334 0.753662
vn -0.054443 0.908691 0.376465
vn 0.076172 0.911621 0.366699
vn 0.085693 0.517334 0.753662
vn 0.917725 -0.170166 -0.306396
vn 0.978516 -0.033936 -0.181885
vn 0.854004 -0.318359 -0.322021
vn 0.854004 -0.318359 -0.322021
vn 0.978516 -0.033936 -0.181885
vn 0.906006 -0.336182 -0.098389
vn 0.978516 -0.033936 -0.181885
vn 0.772217 0.257080 -0.001953
vn 0.906006 -0.336182 -0.098389
vn 0.906006 -0.336182 -0.098389
vn 0.772217 0.257080 -0.001953
vn 0.934082 -0.264648 0.093018
vn 0.934082 -0.264648 0.093018
vn 0.909424 0.237549 0.173584
vn 0.902832 -0.255127 0.263428
vn 0.772217 0.257080 -0.001953
vn 0.909424 0.237549 0.173584
vn 0.934082 -0.264648 0.093018
vn 0.902832 -0.255127 0.263428
vn 0.909424 0.237549 0.173584
vn 0.841309 -0.134766 0.455078
vn 0.909424 0.237549 0.173584
vn 0.748779 0.296631 0.475342
vn 0.841309 -0.134766 0.455078
vn 0.841309 -0.134766 0.455078
vn 0.748779 0.296631 0.475342
vn 0.645020 -0.122559 0.728271
vn 0.748779 0.296631 0.475342
vn 0.614258 0.261475 0.677246
vn 0.645020 -0.122559 0.728271
vn 0.645020 -0.122559 0.728271
vn 0.614258 0.261475 0.677246
vn 0.490723 -0.095947 0.846436
vn 0.614258 0.261475 0.677246
vn 0.472168 0.296143 0.754395
vn 0.490723 -0.095947 0.846436
vn 0.490723 -0.095947 0.846436
vn 0.472168 0.296143 0.754395
vn 0.245850 -0.180664 0.921875
vn 0.472168 0.296143 0.754395
vn 0.162109 0.306152 0.860840
vn 0.245850 -0.180664 0.921875
vn 0.245850 -0.180664 0.921875
vn 0.162109 0.306152 0.860840
vn -0.184326 -0.188232 0.932129
vn 0.162109 0.306152 0.860840
vn -0.226807 0.328125 0.839111
vn -0.184326 -0.188232 0.932129
vn -0.184326 -0.188232 0.932129
vn -0.472168 0.296143 0.754395
vn -0.490723 -0.095947 0.846436
vn -0.184326 -0.188232 0.932129
vn -0.226807 0.328125 0.839111
vn -0.472168 0.296143 0.754395
vn -0.490723 -0.095947 0.846436
vn -0.614258 0.261475 0.677246
vn -0.645020 -0.122559 0.728271
vn -0.490723 -0.095947 0.846436
vn -0.472168 0.296143 0.754395
vn -0.614258 0.261475 0.677246
vn -0.645020 -0.122559 0.728271
vn -0.748779 0.296631 0.475342
vn -0.841309 -0.134766 0.455078
vn -0.645020 -0.122559 0.728271
vn -0.614258 0.261475 0.677246
vn -0.748779 0.296631 0.475342
vn -0.841309 -0.134766 0.455078
vn -0.909424 0.237549 0.173584
vn -0.902832 -0.255127 0.263428
vn -0.841309 -0.134766 0.455078
vn -0.748779 0.296631 0.475342
vn -0.909424 0.237549 0.173584
vn -0.902832 -0.255127 0.263428
vn -0.909424 0.237549 0.173584
vn -0.934082 -0.264648 0.093018
vn -0.934082 -0.264648 0.093018
vn -0.909424 0.237549 0.173584
vn -0.772217 0.257080 -0.001953
vn -0.934082 -0.264648 0.093018
vn -0.772217 0.257080 -0.001953
vn -0.906006 -0.336182 -0.098389
vn -0.906006 -0.336182 -0.098389
vn -0.772217 0.257080 -0.001953
vn -0.978516 -0.033936 -0.181885
vn -0.906006 -0.336182 -0.098389
vn -0.978516 -0.033936 -0.181885
vn -0.854004 -0.318359 -0.322021
vn -0.854004 -0.318359 -0.322021
vn -0.978516 -0.033936 -0.181885
vn -0.917725 -0.170166 -0.306396
vn -0.854004 -0.318359 -0.322021
vn -0.917725 -0.170166 -0.306396
vn -0.786133 -0.279297 -0.514893
vn -0.786133 -0.279297 -0.514893
vn -0.917725 -0.170166 -0.306396
vn -0.789062 -0.339355 -0.461914
vn -0.786133 -0.279297 -0.514893
vn -0.789062 -0.339355 -0.461914
vn -0.636230 -0.265625 -0.699951
vn -0.636230 -0.265625 -0.699951
vn -0.789062 -0.339355 -0.461914
vn -0.637451 -0.386963 -0.605957
vn -0.636230 -0.265625 -0.699951
vn -0.500732 -0.456299 -0.663574
vn -0.457764 -0.337646 -0.806152
vn -0.636230 -0.265625 -0.699951
vn -0.637451 -0.386963 -0.605957
vn -0.500732 -0.456299 -0.663574
vn -0.457764 -0.337646 -0.806152
vn -0.347656 -0.538086 -0.664795
vn -0.314453 -0.415527 -0.831787
vn -0.457764 -0.337646 -0.806152
vn -0.500732 -0.456299 -0.663574
vn -0.347656 -0.538086 -0.664795
vn -0.314453 -0.415527 -0.831787
vn -0.138184 -0.583984 -0.689453
vn -0.117432 -0.451416 -0.855225
vn -0.314453 -0.415527 -0.831787
vn -0.347656 -0.538086 -0.664795
vn -0.138184 -0.583984 -0.689453
vn -0.117432 -0.451416 -0.855225
vn 0.103516 -0.585938 -0.692383
vn 0.117432 -0.510986 -0.822754
vn -0.138184 -0.583984 -0.689453
vn 0.103516 -0.585938 -0.692383
vn -0.117432 -0.451416 -0.855225
vn 0.117432 -0.510986 -0.822754
vn 0.103516 -0.585938 -0.692383
vn 0.314453 -0.415527 -0.831787
vn 0.103516 -0.585938 -0.692383
vn 0.347656 -0.538086 -0.664795
vn 0.314453 -0.415527 -0.831787
vn 0.314453 -0.415527 -0.831787
vn 0.347656 -0.538086 -0.664795
vn 0.457764 -0.337646 -0.806152
vn 0.347656 -0.538086 -0.664795
vn 0.500732 -0.456299 -0.663574
vn 0.457764 -0.337646 -0.806152
vn 0.457764 -0.337646 -0.806152
vn 0.500732 -0.456299 -0.663574
vn 0.636230 -0.265625 -0.699951
vn 0.500732 -0.456299 -0.663574
vn 0.637451 -0.386963 -0.605957
vn 0.636230 -0.265625 -0.699951
vn 0.636230 -0.265625 -0.699951
vn 0.789062 -0.339355 -0.461914
vn 0.786133 -0.279297 -0.514893
vn 0.637451 -0.386963 -0.605957
vn 0.789062 -0.339355 -0.461914
vn 0.636230 -0.265625 -0.699951
vn 0.786133 -0.279297 -0.514893
vn 0.917725 -0.170166 -0.306396
vn 0.854004 -0.318359 -0.322021
vn 0.789062 -0.339355 -0.461914
vn 0.917725 -0.170166 -0.306396
vn 0.786133 -0.279297 -0.514893
usemtl Texture
f 1/1/1 2/2/2 3/3/3
f 4/4/4 5/5/5 6/6/6
f 7/7/7 8/8/8 9/9/9
f 10/10/10 11/11/11 12/12/12
f 13/13/13 14/14/14 15/15/15
f 16/16/16 17/17/17 18/18/18
f 19/19/19 20/20/20 21/21/21
f 22/22/22 23/23/23 24/24/24
f 25/25/25 26/26/26 27/27/27
f 28/28/28 29/29/29 30/30/30
f 31/31/31 32/32/32 33/33/33
f 34/34/34 35/35/35 36/36/36
f 37/37/37 38/38/38 39/39/39
f 40/40/40 41/41/41 42/42/42
f 43/43/43 44/44/44 45/45/45
f 46/46/46 47/47/47 48/48/48
f 49/49/49 50/50/50 51/51/51
f 52/52/52 53/53/53 54/54/54
f 55/55/55 56/56/56 57/57/57
f 58/58/58 59/59/59 60/60/60
f 61/61/61 62/62/62 63/63/63
f 64/64/64 65/65/65 66/66/66
f 67/67/67 68/68/68 69/69/69
f 70/70/70 71/71/71 72/72/72
f 73/73/73 74/74/74 75/75/75
f 76/76/76 77/77/77 78/78/78
f 79/79/79 80/80/80 81/81/81
f 82/82/82 83/83/83 84/84/84
f 85/85/85 86/86/86 87/87/87
f 88/88/88 89/89/89 90/90/90
f 91/91/91 92/92/92 93/93/93
f 94/94/94 95/95/95 96/96/96
f 97/97/97 98/98/98 99/99/99
f 100/100/100 101/101/101 102/102/102
f 103/103/103 104/104/104 105/105/105
f 106/106/106 107/107/107 108/108/108
f 109/109/109 110/110/110 111/111/111
f 112/112/112 113/113/113 114/114/114
f 115/115/115 116/116/116 117/117/117
f 118/118/118 119/119/119 120/120/120
f 121/121/121 122/122/122 123/123/123
f 124/124/124 125/125/125 126/126/126
f 127/127/127 128/128/128 129/129/129
f 130/130/130 131/131/131 132/132/132
f 133/133/133 134/134/134 135/135/135
f 136/136/136 137/137/137 138/138/138
f 139/139/139 140/140/140 141/141/141
f 142/142/142 143/143/143 144/144/144
f 145/145/145 146/146/146 147/147/147
f 148/148/148 149/149/149 150/150/150
f 151/151/151 152/152/152 153/153/153
f 154/154/154 155/155/155 156/156/156
f 157/157/157 158/158/158 159/159/159
f 160/160/160 161/161/161 162/162/162
f 163/163/163 164/164/164 165/165/165
f 166/166/166 167/167/167 168/168/168
f 169/169/169 170/170/170 171/171/171
f 172/172/172 173/173/173 174/174/174
f 175/175/175 176/176/176 177/177/177
f 178/178/178 179/179/179 180/180/180
f 181/181/181 182/182/182 183/183/183
f 184/184/184 185/185/185 186/186/186
f 187/187/187 188/188/188 189/189/189
f 190/190/190 191/191/191 192/192/192
f 193/193/193 194/194/194 195/195/195
f 196/196/196 197/197/197 198/198/198
f 199/199/199 200/200/200 201/201/201
f 202/202/202 203/203/203 204/204/204
f 205/205/205 206/206/206 207/207/207
f 208/208/208 209/209/209 210/210/210
f 211/211/211 212/212/212 213/213/213
f 214/214/214 215/215/215 216/216/216
f 217/217/217 218/218/218 219/219/219
f 220/220/220 221/221/221 222/222/222
f 223/223/223 224/224/224 225/225/225
f 226/226/226 227/227/227 228/228/228
f 229/229/229 230/230/230 231/231/231
f 232/232/232 233/233/233 234/234/234
f 235/235/235 236/236/236 237/237/237
f 238/238/238 239/239/239 240/240/240
f 241/241/241 242/242/242 243/243/243
f 244/244/244 245/245/245 246/246/246
f 247/247/247 248/248/248 249/249/249
f 250/250/250 251/251/251 252/252/252
f 253/253/253 254/254/254 255/255/255
f 256/256/256 257/257/257 258/258/258
f 259/259/259 260/260/260 261/261/261
f 262/262/262 263/263/263 264/264/264
f 265/265/265 266/266/266 267/267/267
f 268/268/268 269/269/269 270/270/270
f 271/271/271 272/272/272 273/273/273
f 274/274/274 275/275/275 276/276/276
f 277/277/277 278/278/278 279/279/279
f 280/280/280 281/281/281 282/282/282
f 283/283/283 284/284/284 285/285/285
f 286/286/286 287/287/287 288/288/288
f 289/289/289 290/290/290 291/291/291
f 292/292/292 293/293/293 294/294/294
f 295/295/295 296/296/296 297/297/297
f 298/298/298 299/299/299 300/300/300
f 301/301/301 302/302/302 303/303/303
f 304/304/304 305/305/305 306/306/306
f 307/307/307 308/308/308 309/309/309
f 310/310/310 311/311/311 312/312/312
f 313/313/313 314/314/314 315/315/315
f 316/316/316 317/317/317 318/318/318
f 319/319/319 320/320/320 321/321/321
f 322/322/322 323/323/323 324/324/324
f 325/325/325 326/326/326 327/327/327
f 328/328/328 329/329/329 330/330/330
f 331/331/331 332/332/332 333/333/333
f 334/334/334 335/335/335 336/336/336
f 337/337/337 338/338/338 339/339/339
f 340/340/340 341/341/341 342/342/342
f 343/343/343 344/344/344 345/345/345
f 346/346/346 347/347/347 348/348/348
f 349/349/349 350/350/350 351/351/351
f 352/352/352 353/353/353 354/354/354
f 355/355/355 356/356/356 357/357/357
f 358/358/358 359/359/359 360/360/360
f 361/361/361 362/362/362 363/363/363
f 364/364/364 365/365/365 366/366/366
f 367/367/367 368/368/368 369/369/369
f 370/370/370 371/371/371 372/372/372
f 373/373/373 374/374/374 375/375/375
f 376/376/376 377/377/377 378/378/378
f 379/379/379 380/380/380 381/381/381
f 382/382/382 383/383/383 384/384/384
f 385/385/385 386/386/386 387/387/387
f 388/388/388 389/389/389 390/390/390
f 391/391/391 392/392/392 393/393/393
f 394/394/394 395/395/395 396/396/396
f 397/397/397 398/398/398 399/399/399
f 400/400/400 401/401/401 402/402/402
f 403/403/403 404/404/404 405/405/405
f 406/406/406 407/407/407 408/408/408
f 409/409/409 410/410/410 411/411/411
f 412/412/412 413/413/413 414/414/414
f 415/415/415 416/416/416 417/417/417
f 418/418/418 419/419/419 420/420/420
f 421/421/421 422/422/422 423/423/423
f 424/424/424 425/425/425 426/426/426
f 427/427/427 428/428/428 429/429/429
f 430/430/430 431/431/431 432/432/432
f 433/433/433 434/434/434 435/435/435
f 436/436/436 437/437/437 438/438/438
f 439/439/439 440/440/440 441/441/441
f 442/442/442 443/443/443 444/444/444
f 445/445/445 446/446/446 447/447/447
f 448/448/448 449/449/449 450/450/450
f 451/451/451 452/452/452 453/453/453
f 454/454/454 455/455/455 456/456/456
f 457/457/457 458/458/458 459/459/459
f 460/460/460 461/461/461 462/462/462
f 463/463/463 464/464/464 465/465/465
f 466/466/466 467/467/467 468/468/468
f 469/469/469 470/470/470 471/471/471
f 472/472/472 473/473/473 474/474/474
f 475/475/475 476/476/476 477/477/477
f 478/478/478 479/479/479 480/480/480
f 481/481/481 482/482/482 483/483/483
f 484/484/484 485/485/485 486/486/486
f 487/487/487 488/488/488 489/489/489
f 490/490/490 491/491/491 492/492/492
f 493/493/493 494/494/494 495/495/495
f 496/496/496 497/497/497 498/498/498
f 499/499/499 500/500/500 501/501/501
f 502/502/502 503/503/503 504/504/504
f 505/505/505 506/506/506 507/507/507
f 508/508/508 509/509/509 510/510/510
f 511/511/511 512/512/512 513/513/513
f 514/514/514 515/515/515 516/516/516
f 517/517/517 518/518/518 519/519/519
f 520/520/520 521/521/521 522/522/522
f 523/523/523 524/524/524 525/525/525
f 526/526/526 527/527/527 528/528/528
f 529/529/529 530/530/530 531/531/531
f 532/532/532 533/533/533 534/534/534
f 535/535/535 536/536/536 537/537/537
f 538/538/538 539/539/539 540/540/540
f 541/541/541 542/542/542 543/543/543
f 544/544/544 545/545/545 546/546/546
f 547/547/547 548/548/548 549/549/549
f 550/550/550 551/551/551 552/552/552
f 553/553/553 554/554/554 555/555/555
f 556/556/556 557/557/557 558/558/558
f 559/559/559 560/560/560 561/561/561
f 562/562/562 563/563/563 564/564/564
f 565/565/565 566/566/566 567/567/567
f 568/568/568 569/569/569 570/570/570
f 571/571/571 572/572/572 573/573/573
f 574/574/574 575/575/575 576/576/576
f 577/577/577 578/578/578 579/579/579
f 580/580/580 581/581/581 582/582/582
f 583/583/583 584/584/584 585/585/585
f 586/586/586 587/587/587 588/588/588
f 589/589/589 590/590/590 591/591/591
f 592/592/592 593/593/593 594/594/594
f 595/595/595 596/596/596 597/597/597
f 598/598/598 599/599/599 600/600/600
f 601/601/601 602/602/602 603/603/603
f 604/604/604 605/605/605 606/606/606
f 607/607/607 608/608/608 609/609/609
f 610/610/610 611/611/611 612/612/612
f 613/613/613 614/614/614 615/615/615
f 616/616/616 617/617/617 618/618/618
f 619/619/619 620/620/620 621/621/621
f 622/622/622 623/623/623 624/624/624
f 625/625/625 626/626/626 627/627/627
f 628/628/628 629/629/629 630/630/630
f 631/631/631 632/632/632 633/633/633
f 634/634/634 635/635/635 636/636/636
f 637/637/637 638/638/638 639/639/639
f 640/640/640 641/641/641 642/642/642
f 643/643/643 644/644/644 645/645/645
f 646/646/646 647/647/647 648/648/648
f 649/649/649 650/650/650 651/651/651
f 652/652/652 653/653/653 654/654/654
f 655/655/655 656/656/656 657/657/657
f 658/658/658 659/659/659 660/660/660
f 661/661/661 662/662/662 663/663/663
f 664/664/664 665/665/665 666/666/666
f 667/667/667 668/668/668 669/669/669
f 670/670/670 671/671/671 672/672/672
f 673/673/673 674/674/674 675/675/675
f 676/676/676 677/677/677 678/678/678
f 679/679/679 680/680/680 681/681/681
f 682/682/682 683/683/683 684/684/684
f 685/685/685 686/686/686 687/687/687
f 688/688/688 689/689/689 690/690/690
f 691/691/691 692/692/692 693/693/693
f 694/694/694 695/695/695 696/696/696
f 697/697/697 698/698/698 699/699/699
f 700/700/700 701/701/701 702/702/702
f 703/703/703 704/704/704 705/705/705
f 706/706/706 707/707/707 708/708/708
f 709/709/709 710/710/710 711/711/711
f 712/712/712 713/713/713 714/714/714
f 715/715/715 716/716/716 717/717/717
f 718/718/718 719/719/719 720/720/720
f 721/721/721 722/722/722 723/723/723
f 724/724/724 725/725/725 726/726/726
f 727/727/727 728/728/728 729/729/729
f 730/730/730 731/731/731 732/732/732
f 733/733/733 734/734/734 735/735/735
f 736/736/736 737/737/737 738/738/738
f 739/739/739 740/740/740 741/741/741
f 742/742/742 743/743/743 744/744/744
f 745/745/745 746/746/746 747/747/747
f 748/748/748 749/749/749 750/750/750
f 751/751/751 752/752/752 753/753/753
f 754/754/754 755/755/755 756/756/756
f 757/757/757 758/758/758 759/759/759
f 760/760/760 761/761/761 762/762/762
f 763/763/763 764/764/764 765/765/765
f 766/766/766 767/767/767 768/768/768
f 769/769/769 770/770/770 771/771/771
f 772/772/772 773/773/773 774/774/774
f 775/775/775 776/776/776 777/777/777
f 778/778/778 779/779/779 780/780/780
f 781/781/781 782/782/782 783/783/783
f 784/784/784 785/785/785 786/786/786
f 787/787/787 788/788/788 789/789/789
f 790/790/790 791/791/791 792/792/792
f 793/793/793 794/794/794 795/795/795
f 796/796/796 797/797/797 798/798/798
f 799/799/799 800/800/800 801/801/801
f 802/802/802 803/803/803 804/804/804
f 805/805/805 806/806/806 807/807/807
f 808/808/808 809/809/809 810/810/810
f 811/811/811 812/812/812 813/813/813
f 814/814/814 815/815/815 816/816/816
f 817/817/817 818/818/818 819/819/819
f 820/820/820 821/821/821 822/822/822
f 823/823/823 824/824/824 825/825/825
f 826/826/826 827/827/827 828/828/828
f 829/829/829 830/830/830 831/831/831
f 832/832/832 833/833/833 834/834/834
f 835/835/835 836/836/836 837/837/837
f 838/838/838 839/839/839 840/840/840
f 841/841/841 842/842/842 843/843/843
f 844/844/844 845/845/845 846/846/846
f 847/847/847 848/848/848 849/849/849
f 850/850/850 851/851/851 852/852/852
f 853/853/853 854/854/854 855/855/855
f 856/856/856 857/857/857 858/858/858
f 859/859/859 860/860/860 861/861/861
f 862/862/862 863/863/863 864/864/864
f 865/865/865 866/866/866 867/867/867
f 868/868/868 869/869/869 870/870/870
f 871/871/871 872/872/872 873/873/873
f 874/874/874 875/875/875 876/876/876
f 877/877/877 878/878/878 879/879/879
f 880/880/880 881/881/881 882/882/882
f 883/883/883 884/884/884 885/885/885
f 886/886/886 887/887/887 888/888/888
f 889/889/889 890/890/890 891/891/891
f 892/892/892 893/893/893 894/894/894
f 895/895/895 896/896/896 897/897/897
f 898/898/898 899/899/899 900/900/900
f 901/901/901 902/902/902 903/903/903
f 904/904/904 905/905/905 906/906/906
f 907/907/907 908/908/908 909/909/909
f 910/910/910 911/911/911 912/912/912
f 913/913/913 914/914/914 915/915/915
f 916/916/916 917/917/917 918/918/918
f 919/919/919 920/920/920 921/921/921
f 922/922/922 923/923/923 924/924/924
f 925/925/925 926/926/926 927/927/927
f 928/928/928 929/929/929 930/930/930
f 931/931/931 932/932/932 933/933/933
f 934/934/934 935/935/935 936/936/936
f 937/937/937 938/938/938 939/939/939
f 940/940/940 941/941/941 942/942/942
f 943/943/943 944/944/944 945/945/945
f 946/946/946 947/947/947 948/948/948
f 949/949/949 950/950/950 951/951/951
f 952/952/952 953/953/953 954/954/954
f 955/955/955 956/956/956 957/957/957
f 958/958/958 959/959/959 960/960/960
f 961/961/961 962/962/962 963/963/963
f 964/964/964 965/965/965 966/966/966
f 967/967/967 968/968/968 969/969/969
f 970/970/970 971/971/971 972/972/972
f 973/973/973 974/974/974 975/975/975
f 976/976/976 977/977/977 978/978/978
f 979/979/979 980/980/980 981/981/981
f 982/982/982 983/983/983 984/984/984
f 985/985/985 986/986/986 987/987/987
f 988/988/988 989/989/989 990/990/990
f 991/991/991 992/992/992 993/993/993
f 994/994/994 995/995/995 996/996/996
f 997/997/997 998/998/998 999/999/999
f 1000/1000/1000 1001/1001/1001 1002/1002/1002
f 1003/1003/1003 1004/1004/1004 1005/1005/1005
f 1006/1006/1006 1007/1007/1007 1008/1008/1008
f 1009/1009/1009 1010/1010/1010 1011/1011/1011
f 1012/1012/1012 1013/1013/1013 1014/1014/1014
f 1015/1015/1015 1016/1016/1016 1017/1017/1017
f 1018/1018/1018 1019/1019/1019 1020/1020/1020
f 1021/1021/1021 1022/1022/1022 1023/1023/1023
f 1024/1024/1024 1025/1025/1025 1026/1026/1026
f 1027/1027/1027 1028/1028/1028 1029/1029/1029
f 1030/1030/1030 1031/1031/1031 1032/1032/1032
f 1033/1033/1033 1034/1034/1034 1035/1035/1035
f 1036/1036/1036 1037/1037/1037 1038/1038/1038
f 1039/1039/1039 1040/1040/1040 1041/1041/1041
f 1042/1042/1042 1043/1043/1043 1044/1044/1044
f 1045/1045/1045 1046/1046/1046 1047/1047/1047
f 1048/1048/1048 1049/1049/1049 1050/1050/1050
f 1051/1051/1051 1052/1052/1052 1053/1053/1053
f 1054/1054/1054 1055/1055/1055 1056/1056/1056
f 1057/1057/1057 1058/1058/1058 1059/1059/1059
f 1060/1060/1060 1061/1061/1061 1062/1062/1062
f 1063/1063/1063 1064/1064/1064 1065/1065/1065
f 1066/1066/1066 1067/1067/1067 1068/1068/1068
f 1069/1069/1069 1070/1070/1070 1071/1071/1071
f 1072/1072/1072 1073/1073/1073 1074/1074/1074
f 1075/1075/1075 1076/1076/1076 1077/1077/1077
f 1078/1078/1078 1079/1079/1079 1080/1080/1080
f 1081/1081/1081 1082/1082/1082 1083/1083/1083
f 1084/1084/1084 1085/1085/1085 1086/1086/1086
f 1087/1087/1087 1088/1088/1088 1089/1089/1089
f 1090/1090/1090 1091/1091/1091 1092/1092/1092
f 1093/1093/1093 1094/1094/1094 1095/1095/1095
f 1096/1096/1096 1097/1097/1097 1098/1098/1098
f 1099/1099/1099 1100/1100/1100 1101/1101/1101
f 1102/1102/1102 1103/1103/1103 1104/1104/1104
f 1105/1105/1105 1106/1106/1106 1107/1107/1107
f 1108/1108/1108 1109/1109/1109 1110/1110/1110
f 1111/1111/1111 1112/1112/1112 1113/1113/1113
f 1114/1114/1114 1115/1115/1115 1116/1116/1116
f 1117/1117/1117 1118/1118/1118 1119/1119/1119
f 1120/1120/1120 1121/1121/1121 1122/1122/1122
f 1123/1123/1123 1124/1124/1124 1125/1125/1125
f 1126/1126/1126 1127/1127/1127 1128/1128/1128
f 1129/1129/1129 1130/1130/1130 1131/1131/1131
f 1132/1132/1132 1133/1133/1133 1134/1134/1134
f 1135/1135/1135 1136/1136/1136 1137/1137/1137
f 1138/1138/1138 1139/1139/1139 1140/1140/1140
f 1141/1141/1141 1142/1142/1142 1143/1143/1143
f 1144/1144/1144 1145/1145/1145 1146/1146/1146
f 1147/1147/1147 1148/1148/1148 1149/1149/1149
f 1150/1150/1150 1151/1151/1151 1152/1152/1152
f 1153/1153/1153 1154/1154/1154 1155/1155/1155
f 1156/1156/1156 1157/1157/1157 1158/1158/1158
f 1159/1159/1159 1160/1160/1160 1161/1161/1161
f 1162/1162/1162 1163/1163/1163 1164/1164/1164
f 1165/1165/1165 1166/1166/1166 1167/1167/1167
f 1168/1168/1168 1169/1169/1169 1170/1170/1170
f 1171/1171/1171 1172/1172/1172 1173/1173/1173
f 1174/1174/1174 1175/1175/1175 1176/1176/1176
f 1177/1177/1177 1178/1178/1178 1179/1179/1179
f 1180/1180/1180 1181/1181/1181 1182/1182/1182
f 1183/1183/1183 1184/1184/1184 1185/1185/1185
f 1186/1186/1186 1187/1187/1187 1188/1188/1188
f 1189/1189/1189 1190/1190/1190 1191/1191/1191
f 1192/1192/1192 1193/1193/1193 1194/1194/1194
f 1195/1195/1195 1196/1196/1196 1197/1197/1197
f 1198/1198/1198 1199/1199/1199 1200/1200/1200
f 1201/1201/1201 1202/1202/1202 1203/1203/1203
f 1204/1204/1204 1205/1205/1205 1206/1206/1206
f 1207/1207/1207 1208/1208/1208 1209/1209/1209
f 1210/1210/1210 1211/1211/1211 1212/1212/1212
f 1213/1213/1213 1214/1214/1214 1215/1215/1215
f 1216/1216/1216 1217/1217/1217 1218/1218/1218
f 1219/1219/1219 1220/1220/1220 1221/1221/1221
f 1222/1222/1222 1223/1223/1223 1224/1224/1224
f 1225/1225/1225 1226/1226/1226 1227/1227/1227
f 1228/1228/1228 1229/1229/1229 1230/1230/1230
f 1231/1231/1231 1232/1232/1232 1233/1233/1233
f 1234/1234/1234 1235/1235/1235 1236/1236/1236
f 1237/1237/1237 1238/1238/1238 1239/1239/1239
f 1240/1240/1240 1241/1241/1241 1242/1242/1242
f 1243/1243/1243 1244/1244/1244 1245/1245/1245
f 1246/1246/1246 1247/1247/1247 1248/1248/1248
f 1249/1249/1249 1250/1250/1250 1251/1251/1251
f 1252/1252/1252 1253/1253/1253 1254/1254/1254
f 1255/1255/1255 1256/1256/1256 1257/1257/1257
f 1258/1258/1258 1259/1259/1259 1260/1260/1260
f 1261/1261/1261 1262/1262/1262 1263/1263/1263
f 1264/1264/1264 1265/1265/1265 1266/1266/1266
f 1267/1267/1267 1268/1268/1268 1269/1269/1269
f 1270/1270/1270 1271/1271/1271 1272/1272/1272
f 1273/1273/1273 1274/1274/1274 1275/1275/1275
f 1276/1276/1276 1277/1277/1277 1278/1278/1278
f 1279/1279/1279 1280/1280/1280 1281/1281/1281
f 1282/1282/1282 1283/1283/1283 1284/1284/1284
f 1285/1285/1285 1286/1286/1286 1287/1287/1287
f 1288/1288/1288 1289/1289/1289 1290/1290/1290
f 1291/1291/1291 1292/1292/1292 1293/1293/1293
f 1294/1294/1294 1295/1295/1295 1296/1296/1296
f 1297/1297/1297 1298/1298/1298 1299/1299/1299
f 1300/1300/1300 1301/1301/1301 1302/1302/1302
f 1303/1303/1303 1304/1304/1304 1305/1305/1305
f 1306/1306/1306 1307/1307/1307 1308/1308/1308
f 1309/1309/1309 1310/1310/1310 1311/1311/1311
f 1312/1312/1312 1313/1313/1313 1314/1314/1314
f 1315/1315/1315 1316/1316/1316 1317/1317/1317
f 1318/1318/1318 1319/1319/1319 1320/1320/1320
f 1321/1321/1321 1322/1322/1322 1323/1323/1323
f 1324/1324/1324 1325/1325/1325 1326/1326/1326
f 1327/1327/1327 1328/1328/1328 1329/1329/1329
f 1330/1330/1330 1331/1331/1331 1332/1332/1332
f 1333/1333/1333 1334/1334/1334 1335/1335/1335
f 1336/1336/1336 1337/1337/1337 1338/1338/1338
f 1339/1339/1339 1340/1340/1340 1341/1341/1341
f 1342/1342/1342 1343/1343/1343 1344/1344/1344
f 1345/1345/1345 1346/1346/1346 1347/1347/1347
f 1348/1348/1348 1349/1349/1349 1350/1350/1350
f 1351/1351/1351 1352/1352/1352 1353/1353/1353
f 1354/1354/1354 1355/1355/1355 1356/1356/1356
f 1357/1357/1357 1358/1358/1358 1359/1359/1359
f 1360/1360/1360 1361/1361/1361 1362/1362/1362
f 1363/1363/1363 1364/1364/1364 1365/1365/1365
f 1366/1366/1366 1367/1367/1367 1368/1368/1368
f 1369/1369/1369 1370/1370/1370 1371/1371/1371
f 1372/1372/1372 1373/1373/1373 1374/1374/1374
f 1375/1375/1375 1376/1376/1376 1377/1377/1377
f 1378/1378/1378 1379/1379/1379 1380/1380/1380
f 1381/1381/1381 1382/1382/1382 1383/1383/1383
f 1384/1384/1384 1385/1385/1385 1386/1386/1386
f 1387/1387/1387 1388/1388/1388 1389/1389/1389
f 1390/1390/1390 1391/1391/1391 1392/1392/1392
f 1393/1393/1393 1394/1394/1394 1395/1395/1395
f 1396/1396/1396 1397/1397/1397 1398/1398/1398
f 1399/1399/1399 1400/1400/1400 1401/1401/1401
f 1402/1402/1402 1403/1403/1403 1404/1404/1404
f 1405/1405/1405 1406/1406/1406 1407/1407/1407
f 1408/1408/1408 1409/1409/1409 1410/1410/1410
f 1411/1411/1411 1412/1412/1412 1413/1413/1413
f 1414/1414/1414 1415/1415/1415 1416/1416/1416
f 1417/1417/1417 1418/1418/1418 1419/1419/1419
f 1420/1420/1420 1421/1421/1421 1422/1422/1422
f 1423/1423/1423 1424/1424/1424 1425/1425/1425
f 1426/1426/1426 1427/1427/1427 1428/1428/1428
f 1429/1429/1429 1430/1430/1430 1431/1431/1431
f 1432/1432/1432 1433/1433/1433 1434/1434/1434
f 1435/1435/1435 1436/1436/1436 1437/1437/1437
f 1438/1438/1438 1439/1439/1439 1440/1440/1440
f 1441/1441/1441 1442/1442/1442 1443/1443/1443
f 1444/1444/1444 1445/1445/1445 1446/1446/1446
f 1447/1447/1447 1448/1448/1448 1449/1449/1449
f 1450/1450/1450 1451/1451/1451 1452/1452/1452
f 1453/1453/1453 1454/1454/1454 1455/1455/1455
f 1456/1456/1456 1457/1457/1457 1458/1458/1458
f 1459/1459/1459 1460/1460/1460 1461/1461/1461
f 1462/1462/1462 1463/1463/1463 1464/1464/1464
