# OBJ file
mtllib icon1.ico.mtl
v 2.184814 1.700439 -0.064697 1.000000 1.000000 1.000000 #0.000000
v 2.498291 2.517090 -0.064697 1.000000 1.000000 1.000000 #0.000000
v 1.471436 2.911377 -0.064697 1.000000 1.000000 1.000000 #0.000000
v 2.184814 1.700439 -0.064697 1.000000 1.000000 1.000000 #0.000000
v 1.471436 2.911377 -0.064697 1.000000 1.000000 1.000000 #0.000000
v 1.157715 2.094482 -0.064697 1.000000 1.000000 1.000000 #0.000000
v 2.184814 1.700439 -0.064697 1.000000 1.000000 1.000000 #0.000000
v 1.471436 2.911377 -0.064697 1.000000 1.000000 1.000000 #0.000000
v 2.498291 2.517090 -0.064697 1.000000 1.000000 1.000000 #0.000000
v 2.184814 1.700439 -0.064697 1.000000 1.000000 1.000000 #0.000000
v 1.157715 2.094482 -0.064697 1.000000 1.000000 1.000000 #0.000000
v 1.471436 2.911377 -0.064697 1.000000 1.000000 1.000000 #0.000000
v 0.000000 3.514160 -0.918701 1.000000 1.000000 1.000000 #0.000000
v 0.000000 4.010498 -0.704590 1.000000 1.000000 1.000000 #0.000000
v 0.724854 3.604492 -0.465332 1.000000 1.000000 1.000000 #0.000000
v 0.000000 3.989014 0.739746 1.000000 1.000000 1.000000 #0.000000
v 0.577881 4.057373 -0.047363 1.000000 1.000000 1.000000 #0.000000
v 0.000000 4.204590 0.277100 1.000000 1.000000 1.000000 #0.000000
v 0.577881 4.057373 -0.047363 1.000000 1.000000 1.000000 #0.000000
v 0.000000 4.202148 -0.289063 1.000000 1.000000 1.000000 #0.000000
v 0.000000 4.204590 0.277100 1.000000 1.000000 1.000000 #0.000000
v 0.000000 3.540283 0.944824 1.000000 1.000000 1.000000 #0.000000
v 1.027100 3.550537 0.506348 1.000000 1.000000 1.000000 #0.000000
v 0.000000 3.989014 0.739746 1.000000 1.000000 1.000000 #0.000000
v 0.000000 3.285645 -1.160400 1.000000 1.000000 1.000000 #0.000000
v 0.000000 3.514160 -0.918701 1.000000 1.000000 1.000000 #0.000000
v 0.724854 3.604492 -0.465332 1.000000 1.000000 1.000000 #0.000000
v 0.000000 3.285645 -1.160400 1.000000 1.000000 1.000000 #0.000000
v 0.724854 3.604492 -0.465332 1.000000 1.000000 1.000000 #0.000000
v 0.964844 3.345459 -0.855713 1.000000 1.000000 1.000000 #0.000000
v 0.000000 3.255615 1.239746 1.000000 1.000000 1.000000 #0.000000
v 1.027100 3.550537 0.506348 1.000000 1.000000 1.000000 #0.000000
v 0.000000 3.540283 0.944824 1.000000 1.000000 1.000000 #0.000000
v 0.000000 3.255615 1.239746 1.000000 1.000000 1.000000 #0.000000
v 0.927979 3.309326 0.909424 1.000000 1.000000 1.000000 #0.000000
v 1.027100 3.550537 0.506348 1.000000 1.000000 1.000000 #0.000000
v 0.000000 3.514160 -0.918701 1.000000 1.000000 1.000000 #0.000000
v -0.724854 3.604492 -0.465332 1.000000 1.000000 1.000000 #0.000000
v 0.000000 4.010498 -0.704590 1.000000 1.000000 1.000000 #0.000000
v 0.000000 3.989014 0.739746 1.000000 1.000000 1.000000 #0.000000
v 0.000000 4.204590 0.277100 1.000000 1.000000 1.000000 #0.000000
v -0.577881 4.057373 -0.047363 1.000000 1.000000 1.000000 #0.000000
v -0.577881 4.057373 -0.047363 1.000000 1.000000 1.000000 #0.000000
v 0.000000 4.204590 0.277100 1.000000 1.000000 1.000000 #0.000000
v 0.000000 4.202148 -0.289063 1.000000 1.000000 1.000000 #0.000000
v 0.000000 3.540283 0.944824 1.000000 1.000000 1.000000 #0.000000
v 0.000000 3.989014 0.739746 1.000000 1.000000 1.000000 #0.000000
v -1.027100 3.550537 0.506348 1.000000 1.000000 1.000000 #0.000000
v 0.000000 3.285645 -1.160400 1.000000 1.000000 1.000000 #0.000000
v -0.724854 3.604492 -0.465332 1.000000 1.000000 1.000000 #0.000000
v 0.000000 3.514160 -0.918701 1.000000 1.000000 1.000000 #0.000000
v 0.000000 3.285645 -1.160400 1.000000 1.000000 1.000000 #0.000000
v -0.964844 3.345459 -0.855713 1.000000 1.000000 1.000000 #0.000000
v -0.724854 3.604492 -0.465332 1.000000 1.000000 1.000000 #0.000000
v 0.000000 3.255615 1.239746 1.000000 1.000000 1.000000 #0.000000
v 0.000000 3.540283 0.944824 1.000000 1.000000 1.000000 #0.000000
v -1.027100 3.550537 0.506348 1.000000 1.000000 1.000000 #0.000000
v 0.000000 3.255615 1.239746 1.000000 1.000000 1.000000 #0.000000
v -1.027100 3.550537 0.506348 1.000000 1.000000 1.000000 #0.000000
v -0.927979 3.309326 0.909424 1.000000 1.000000 1.000000 #0.000000
v -1.108398 2.111328 0.879639 1.000000 1.000000 1.000000 #0.000000
v -1.414063 2.612549 0.800049 1.000000 1.000000 1.000000 #0.000000
v -1.140625 2.605225 0.676758 1.000000 1.000000 1.000000 #0.000000
v -1.452881 2.254639 0.644775 1.000000 1.000000 1.000000 #0.000000
v -1.140625 2.605225 0.676758 1.000000 1.000000 1.000000 #0.000000
v -1.414063 2.612549 0.800049 1.000000 1.000000 1.000000 #0.000000
v -1.452881 2.254639 0.644775 1.000000 1.000000 1.000000 #0.000000
v -1.360596 2.738770 0.530029 1.000000 1.000000 1.000000 #0.000000
v -1.140625 2.605225 0.676758 1.000000 1.000000 1.000000 #0.000000
v -1.108398 2.111328 0.879639 1.000000 1.000000 1.000000 #0.000000
v -1.140625 2.605225 0.676758 1.000000 1.000000 1.000000 #0.000000
v -0.793945 2.780029 0.699219 1.000000 1.000000 1.000000 #0.000000
v -1.140625 2.605225 0.676758 1.000000 1.000000 1.000000 #0.000000
v -1.360596 2.738770 0.530029 1.000000 1.000000 1.000000 #0.000000
v -0.793945 2.780029 0.699219 1.000000 1.000000 1.000000 #0.000000
v -1.108398 2.111328 0.879639 1.000000 1.000000 1.000000 #0.000000
v -1.059082 2.781494 0.989502 1.000000 1.000000 1.000000 #0.000000
v -1.414063 2.612549 0.800049 1.000000 1.000000 1.000000 #0.000000
v -1.452881 2.254639 0.644775 1.000000 1.000000 1.000000 #0.000000
v -1.414063 2.612549 0.800049 1.000000 1.000000 1.000000 #0.000000
v -1.360596 2.738770 0.530029 1.000000 1.000000 1.000000 #0.000000
v -1.683350 2.496338 0.738770 1.000000 1.000000 1.000000 #0.000000
v -1.360596 2.738770 0.530029 1.000000 1.000000 1.000000 #0.000000
v -1.414063 2.612549 0.800049 1.000000 1.000000 1.000000 #0.000000
v -1.683350 2.496338 0.738770 1.000000 1.000000 1.000000 #0.000000
v -1.532715 2.906982 0.779053 1.000000 1.000000 1.000000 #0.000000
v -1.360596 2.738770 0.530029 1.000000 1.000000 1.000000 #0.000000
v -1.683350 2.496338 0.738770 1.000000 1.000000 1.000000 #0.000000
v -1.414063 2.612549 0.800049 1.000000 1.000000 1.000000 #0.000000
v -1.532715 2.906982 0.779053 1.000000 1.000000 1.000000 #0.000000
v -1.717529 2.900146 0.481689 1.000000 1.000000 1.000000 #0.000000
v -1.159180 3.124023 0.538818 1.000000 1.000000 1.000000 #0.000000
v -1.532715 2.906982 0.779053 1.000000 1.000000 1.000000 #0.000000
v -1.717529 2.900146 0.481689 1.000000 1.000000 1.000000 #0.000000
v -1.190674 3.382324 0.661865 1.000000 1.000000 1.000000 #0.000000
v -1.159180 3.124023 0.538818 1.000000 1.000000 1.000000 #0.000000
v -1.717529 2.900146 0.481689 1.000000 1.000000 1.000000 #0.000000
v -1.532715 2.906982 0.779053 1.000000 1.000000 1.000000 #0.000000
v -1.190674 3.382324 0.661865 1.000000 1.000000 1.000000 #0.000000
v -1.360596 2.738770 0.530029 1.000000 1.000000 1.000000 #0.000000
v -1.159180 3.124023 0.538818 1.000000 1.000000 1.000000 #0.000000
v -0.793945 2.780029 0.699219 1.000000 1.000000 1.000000 #0.000000
v -1.360596 2.738770 0.530029 1.000000 1.000000 1.000000 #0.000000
v -1.532715 2.906982 0.779053 1.000000 1.000000 1.000000 #0.000000
v -1.159180 3.124023 0.538818 1.000000 1.000000 1.000000 #0.000000
v -1.414063 2.612549 0.800049 1.000000 1.000000 1.000000 #0.000000
v -1.059082 2.781494 0.989502 1.000000 1.000000 1.000000 #0.000000
v -1.532715 2.906982 0.779053 1.000000 1.000000 1.000000 #0.000000
v -1.108398 2.111328 0.879639 1.000000 1.000000 1.000000 #0.000000
v -0.793945 2.780029 0.699219 1.000000 1.000000 1.000000 #0.000000
v -1.059082 2.781494 0.989502 1.000000 1.000000 1.000000 #0.000000
v -1.159180 3.124023 0.538818 1.000000 1.000000 1.000000 #0.000000
v -1.190674 3.382324 0.661865 1.000000 1.000000 1.000000 #0.000000
v -0.671875 3.487305 0.474609 1.000000 1.000000 1.000000 #0.000000
v -1.532715 2.906982 0.779053 1.000000 1.000000 1.000000 #0.000000
v -0.790771 3.236572 0.955566 1.000000 1.000000 1.000000 #0.000000
v -1.190674 3.382324 0.661865 1.000000 1.000000 1.000000 #0.000000
v -1.059082 2.781494 0.989502 1.000000 1.000000 1.000000 #0.000000
v -0.790771 3.236572 0.955566 1.000000 1.000000 1.000000 #0.000000
v -1.532715 2.906982 0.779053 1.000000 1.000000 1.000000 #0.000000
v -0.790771 3.236572 0.955566 1.000000 1.000000 1.000000 #0.000000
v -0.671875 3.487305 0.474609 1.000000 1.000000 1.000000 #0.000000
v -1.190674 3.382324 0.661865 1.000000 1.000000 1.000000 #0.000000
v -0.790771 3.236572 0.955566 1.000000 1.000000 1.000000 #0.000000
v -0.459229 3.426758 0.653809 1.000000 1.000000 1.000000 #0.000000
v -0.671875 3.487305 0.474609 1.000000 1.000000 1.000000 #0.000000
v -0.793945 2.780029 0.699219 1.000000 1.000000 1.000000 #0.000000
v -1.159180 3.124023 0.538818 1.000000 1.000000 1.000000 #0.000000
v -0.670654 3.115479 0.678711 1.000000 1.000000 1.000000 #0.000000
v -0.670654 3.115479 0.678711 1.000000 1.000000 1.000000 #0.000000
v -1.159180 3.124023 0.538818 1.000000 1.000000 1.000000 #0.000000
v -0.671875 3.487305 0.474609 1.000000 1.000000 1.000000 #0.000000
v -0.670654 3.115479 0.678711 1.000000 1.000000 1.000000 #0.000000
v -0.671875 3.487305 0.474609 1.000000 1.000000 1.000000 #0.000000
v -0.459229 3.426758 0.653809 1.000000 1.000000 1.000000 #0.000000
v -1.059082 2.781494 0.989502 1.000000 1.000000 1.000000 #0.000000
v -0.670654 3.115479 0.678711 1.000000 1.000000 1.000000 #0.000000
v -0.790771 3.236572 0.955566 1.000000 1.000000 1.000000 #0.000000
v -0.793945 2.780029 0.699219 1.000000 1.000000 1.000000 #0.000000
v -0.670654 3.115479 0.678711 1.000000 1.000000 1.000000 #0.000000
v -1.059082 2.781494 0.989502 1.000000 1.000000 1.000000 #0.000000
v -0.670654 3.115479 0.678711 1.000000 1.000000 1.000000 #0.000000
v -0.459229 3.426758 0.653809 1.000000 1.000000 1.000000 #0.000000
v -0.790771 3.236572 0.955566 1.000000 1.000000 1.000000 #0.000000
v -0.739746 1.024170 -0.232178 1.000000 1.000000 1.000000 #0.000000
v -0.621094 1.053711 0.287598 1.000000 1.000000 1.000000 #0.000000
v -0.634033 1.775146 0.182861 1.000000 1.000000 1.000000 #0.000000
v -0.739746 1.024170 -0.232178 1.000000 1.000000 1.000000 #0.000000
v -0.634033 1.775146 0.182861 1.000000 1.000000 1.000000 #0.000000
v -0.681396 1.808350 -0.196045 1.000000 1.000000 1.000000 #0.000000
v -0.466064 1.003906 -0.361084 1.000000 1.000000 1.000000 #0.000000
v -0.739746 1.024170 -0.232178 1.000000 1.000000 1.000000 #0.000000
v -0.681396 1.808350 -0.196045 1.000000 1.000000 1.000000 #0.000000
v -0.799072 0.751953 -0.305420 1.000000 1.000000 1.000000 #0.000000
v -0.739746 1.024170 -0.232178 1.000000 1.000000 1.000000 #0.000000
v -0.466064 1.003906 -0.361084 1.000000 1.000000 1.000000 #0.000000
v -0.799072 0.751953 -0.305420 1.000000 1.000000 1.000000 #0.000000
v -0.621094 1.053711 0.287598 1.000000 1.000000 1.000000 #0.000000
v -0.739746 1.024170 -0.232178 1.000000 1.000000 1.000000 #0.000000
v -0.621094 1.053711 0.287598 1.000000 1.000000 1.000000 #0.000000
v 0.621094 1.053711 0.287598 1.000000 1.000000 1.000000 #0.000000
v 0.634033 1.775146 0.182861 1.000000 1.000000 1.000000 #0.000000
v -0.621094 1.053711 0.287598 1.000000 1.000000 1.000000 #0.000000
v 0.634033 1.775146 0.182861 1.000000 1.000000 1.000000 #0.000000
v -0.634033 1.775146 0.182861 1.000000 1.000000 1.000000 #0.000000
v -0.634033 1.775146 0.182861 1.000000 1.000000 1.000000 #0.000000
v -0.593018 2.115723 0.005859 1.000000 1.000000 1.000000 #0.000000
v -1.412842 1.993896 0.123779 1.000000 1.000000 1.000000 #0.000000
v -1.412842 1.993896 0.123779 1.000000 1.000000 1.000000 #0.000000
v -0.593018 2.115723 0.005859 1.000000 1.000000 1.000000 #0.000000
v -1.353760 2.130371 -0.082520 1.000000 1.000000 1.000000 #0.000000
v -0.634033 1.775146 0.182861 1.000000 1.000000 1.000000 #0.000000
v -1.309082 1.917236 -0.196777 1.000000 1.000000 1.000000 #0.000000
v -0.681396 1.808350 -0.196045 1.000000 1.000000 1.000000 #0.000000
v -0.634033 1.775146 0.182861 1.000000 1.000000 1.000000 #0.000000
v -1.412842 1.993896 0.123779 1.000000 1.000000 1.000000 #0.000000
v -1.309082 1.917236 -0.196777 1.000000 1.000000 1.000000 #0.000000
v -1.309082 1.917236 -0.196777 1.000000 1.000000 1.000000 #0.000000
v -1.353760 2.130371 -0.082520 1.000000 1.000000 1.000000 #0.000000
v -0.593018 2.115723 0.005859 1.000000 1.000000 1.000000 #0.000000
v -0.681396 1.808350 -0.196045 1.000000 1.000000 1.000000 #0.000000
v -1.309082 1.917236 -0.196777 1.000000 1.000000 1.000000 #0.000000
v -0.593018 2.115723 0.005859 1.000000 1.000000 1.000000 #0.000000
v 0.000000 0.687012 0.287598 1.000000 1.000000 1.000000 #0.000000
v 0.621094 1.053711 0.287598 1.000000 1.000000 1.000000 #0.000000
v -0.621094 1.053711 0.287598 1.000000 1.000000 1.000000 #0.000000
v -0.614990 0.587402 0.107666 1.000000 1.000000 1.000000 #0.000000
v 0.000000 0.687012 0.287598 1.000000 1.000000 1.000000 #0.000000
v -0.621094 1.053711 0.287598 1.000000 1.000000 1.000000 #0.000000
v -0.614990 0.587402 0.107666 1.000000 1.000000 1.000000 #0.000000
v -0.621094 1.053711 0.287598 1.000000 1.000000 1.000000 #0.000000
v -0.799072 0.751953 -0.305420 1.000000 1.000000 1.000000 #0.000000
v -0.601807 0.508789 -0.232910 1.000000 1.000000 1.000000 #0.000000
v -0.614990 0.587402 0.107666 1.000000 1.000000 1.000000 #0.000000
v -0.799072 0.751953 -0.305420 1.000000 1.000000 1.000000 #0.000000
v 0.634033 1.775146 0.182861 1.000000 1.000000 1.000000 #0.000000
v -0.593018 2.115723 0.005859 1.000000 1.000000 1.000000 #0.000000
v -0.634033 1.775146 0.182861 1.000000 1.000000 1.000000 #0.000000
v -0.601807 0.508789 -0.232910 1.000000 1.000000 1.000000 #0.000000
v 0.000000 0.687012 0.287598 1.000000 1.000000 1.000000 #0.000000
v -0.614990 0.587402 0.107666 1.000000 1.000000 1.000000 #0.000000
v -0.601807 0.508789 -0.232910 1.000000 1.000000 1.000000 #0.000000
v -0.189697 0.680908 -0.380371 1.000000 1.000000 1.000000 #0.000000
v 0.000000 0.687012 0.287598 1.000000 1.000000 1.000000 #0.000000
v -1.309082 1.917236 -0.196777 1.000000 1.000000 1.000000 #0.000000
v -1.412842 1.993896 0.123779 1.000000 1.000000 1.000000 #0.000000
v -1.353760 2.130371 -0.082520 1.000000 1.000000 1.000000 #0.000000
v 0.739746 1.024170 -0.232178 1.000000 1.000000 1.000000 #0.000000
v 0.634033 1.775146 0.182861 1.000000 1.000000 1.000000 #0.000000
v 0.621094 1.053711 0.287598 1.000000 1.000000 1.000000 #0.000000
v 0.739746 1.024170 -0.232178 1.000000 1.000000 1.000000 #0.000000
v 0.681396 1.808350 -0.196045 1.000000 1.000000 1.000000 #0.000000
v 0.634033 1.775146 0.182861 1.000000 1.000000 1.000000 #0.000000
v 0.466064 0.979004 -0.361084 1.000000 1.000000 1.000000 #0.000000
v 0.681396 1.808350 -0.196045 1.000000 1.000000 1.000000 #0.000000
v 0.739746 1.024170 -0.232178 1.000000 1.000000 1.000000 #0.000000
v 0.799072 0.751953 -0.305420 1.000000 1.000000 1.000000 #0.000000
v 0.466064 0.979004 -0.361084 1.000000 1.000000 1.000000 #0.000000
v 0.739746 1.024170 -0.232178 1.000000 1.000000 1.000000 #0.000000
v 0.799072 0.751953 -0.305420 1.000000 1.000000 1.000000 #0.000000
v 0.739746 1.024170 -0.232178 1.000000 1.000000 1.000000 #0.000000
v 0.621094 1.053711 0.287598 1.000000 1.000000 1.000000 #0.000000
v 0.634033 1.775146 0.182861 1.000000 1.000000 1.000000 #0.000000
v 1.412842 1.993896 0.123779 1.000000 1.000000 1.000000 #0.000000
v 0.593018 2.115723 0.005859 1.000000 1.000000 1.000000 #0.000000
v 1.412842 1.993896 0.123779 1.000000 1.000000 1.000000 #0.000000
v 1.353760 2.130371 -0.082520 1.000000 1.000000 1.000000 #0.000000
v 0.593018 2.115723 0.005859 1.000000 1.000000 1.000000 #0.000000
v 0.634033 1.775146 0.182861 1.000000 1.000000 1.000000 #0.000000
v 0.681396 1.808350 -0.196045 1.000000 1.000000 1.000000 #0.000000
v 1.309082 1.917236 -0.196777 1.000000 1.000000 1.000000 #0.000000
v 0.634033 1.775146 0.182861 1.000000 1.000000 1.000000 #0.000000
v 1.309082 1.917236 -0.196777 1.000000 1.000000 1.000000 #0.000000
v 1.412842 1.993896 0.123779 1.000000 1.000000 1.000000 #0.000000
v 1.309082 1.917236 -0.196777 1.000000 1.000000 1.000000 #0.000000
v 0.593018 2.115723 0.005859 1.000000 1.000000 1.000000 #0.000000
v 1.353760 2.130371 -0.082520 1.000000 1.000000 1.000000 #0.000000
v 0.681396 1.808350 -0.196045 1.000000 1.000000 1.000000 #0.000000
v 0.593018 2.115723 0.005859 1.000000 1.000000 1.000000 #0.000000
v 1.309082 1.917236 -0.196777 1.000000 1.000000 1.000000 #0.000000
v 0.189697 0.680908 -0.380371 1.000000 1.000000 1.000000 #0.000000
v -0.466064 1.003906 -0.361084 1.000000 1.000000 1.000000 #0.000000
v 0.466064 0.979004 -0.361084 1.000000 1.000000 1.000000 #0.000000
v -0.189697 0.680908 -0.380371 1.000000 1.000000 1.000000 #0.000000
v -0.466064 1.003906 -0.361084 1.000000 1.000000 1.000000 #0.000000
v 0.189697 0.680908 -0.380371 1.000000 1.000000 1.000000 #0.000000
v 0.466064 0.979004 -0.361084 1.000000 1.000000 1.000000 #0.000000
v -0.466064 1.003906 -0.361084 1.000000 1.000000 1.000000 #0.000000
v -0.681396 1.808350 -0.196045 1.000000 1.000000 1.000000 #0.000000
v 0.466064 0.979004 -0.361084 1.000000 1.000000 1.000000 #0.000000
v -0.681396 1.808350 -0.196045 1.000000 1.000000 1.000000 #0.000000
v 0.681396 1.808350 -0.196045 1.000000 1.000000 1.000000 #0.000000
v 0.614990 0.587402 0.107666 1.000000 1.000000 1.000000 #0.000000
v 0.621094 1.053711 0.287598 1.000000 1.000000 1.000000 #0.000000
v 0.000000 0.687012 0.287598 1.000000 1.000000 1.000000 #0.000000
v 0.614990 0.587402 0.107666 1.000000 1.000000 1.000000 #0.000000
v 0.799072 0.751953 -0.305420 1.000000 1.000000 1.000000 #0.000000
v 0.621094 1.053711 0.287598 1.000000 1.000000 1.000000 #0.000000
v 0.601807 0.508789 -0.232910 1.000000 1.000000 1.000000 #0.000000
v 0.799072 0.751953 -0.305420 1.000000 1.000000 1.000000 #0.000000
v 0.614990 0.587402 0.107666 1.000000 1.000000 1.000000 #0.000000
v 0.634033 1.775146 0.182861 1.000000 1.000000 1.000000 #0.000000
v 0.593018 2.115723 0.005859 1.000000 1.000000 1.000000 #0.000000
v -0.593018 2.115723 0.005859 1.000000 1.000000 1.000000 #0.000000
v 0.601807 0.508789 -0.232910 1.000000 1.000000 1.000000 #0.000000
v 0.614990 0.587402 0.107666 1.000000 1.000000 1.000000 #0.000000
v 0.000000 0.687012 0.287598 1.000000 1.000000 1.000000 #0.000000
v -0.189697 0.680908 -0.380371 1.000000 1.000000 1.000000 #0.000000
v 0.189697 0.680908 -0.380371 1.000000 1.000000 1.000000 #0.000000
v 0.000000 0.687012 0.287598 1.000000 1.000000 1.000000 #0.000000
v 0.601807 0.508789 -0.232910 1.000000 1.000000 1.000000 #0.000000
v 0.000000 0.687012 0.287598 1.000000 1.000000 1.000000 #0.000000
v 0.189697 0.680908 -0.380371 1.000000 1.000000 1.000000 #0.000000
v 1.309082 1.917236 -0.196777 1.000000 1.000000 1.000000 #0.000000
v 1.353760 2.130371 -0.082520 1.000000 1.000000 1.000000 #0.000000
v 1.412842 1.993896 0.123779 1.000000 1.000000 1.000000 #0.000000
v -0.681396 1.808350 -0.196045 1.000000 1.000000 1.000000 #0.000000
v 0.593018 2.115723 0.005859 1.000000 1.000000 1.000000 #0.000000
v 0.681396 1.808350 -0.196045 1.000000 1.000000 1.000000 #0.000000
v -0.681396 1.808350 -0.196045 1.000000 1.000000 1.000000 #0.000000
v -0.593018 2.115723 0.005859 1.000000 1.000000 1.000000 #0.000000
v 0.593018 2.115723 0.005859 1.000000 1.000000 1.000000 #0.000000
v -0.189697 0.680908 -0.380371 1.000000 1.000000 1.000000 #0.000000
v -0.448242 1.083984 -0.846436 1.000000 1.000000 1.000000 #0.000000
v -0.466064 1.003906 -0.361084 1.000000 1.000000 1.000000 #0.000000
v -0.189697 0.680908 -0.380371 1.000000 1.000000 1.000000 #0.000000
v -0.285156 0.760742 -0.865234 1.000000 1.000000 1.000000 #0.000000
v -0.448242 1.083984 -0.846436 1.000000 1.000000 1.000000 #0.000000
v -0.799072 0.857178 -0.861328 1.000000 1.000000 1.000000 #0.000000
v -0.448242 1.083984 -0.846436 1.000000 1.000000 1.000000 #0.000000
v -0.759521 1.130371 -0.929688 1.000000 1.000000 1.000000 #0.000000
v -0.448242 1.083984 -0.846436 1.000000 1.000000 1.000000 #0.000000
v -0.536621 1.254883 -0.914307 1.000000 1.000000 1.000000 #0.000000
v -0.759521 1.130371 -0.929688 1.000000 1.000000 1.000000 #0.000000
v -0.294678 0.774170 -0.973389 1.000000 1.000000 1.000000 #0.000000
v -0.759521 1.130371 -0.929688 1.000000 1.000000 1.000000 #0.000000
v -0.536621 1.254883 -0.914307 1.000000 1.000000 1.000000 #0.000000
v -0.294678 0.774170 -0.973389 1.000000 1.000000 1.000000 #0.000000
v -0.799072 0.869385 -0.961670 1.000000 1.000000 1.000000 #0.000000
v -0.759521 1.130371 -0.929688 1.000000 1.000000 1.000000 #0.000000
v -0.799072 0.857178 -0.861328 1.000000 1.000000 1.000000 #0.000000
v -0.759521 1.130371 -0.929688 1.000000 1.000000 1.000000 #0.000000
v -0.799072 0.869385 -0.961670 1.000000 1.000000 1.000000 #0.000000
v -0.294678 0.774170 -0.973389 1.000000 1.000000 1.000000 #0.000000
v -0.536621 1.254883 -0.914307 1.000000 1.000000 1.000000 #0.000000
v -0.294678 1.080811 -0.935547 1.000000 1.000000 1.000000 #0.000000
v -0.294678 1.080811 -0.935547 1.000000 1.000000 1.000000 #0.000000
v -0.536621 1.254883 -0.914307 1.000000 1.000000 1.000000 #0.000000
v -0.448242 1.083984 -0.846436 1.000000 1.000000 1.000000 #0.000000
v -0.285156 0.760742 -0.865234 1.000000 1.000000 1.000000 #0.000000
v -0.294678 1.080811 -0.935547 1.000000 1.000000 1.000000 #0.000000
v -0.448242 1.083984 -0.846436 1.000000 1.000000 1.000000 #0.000000
v -0.285156 0.760742 -0.865234 1.000000 1.000000 1.000000 #0.000000
v -0.294678 0.774170 -0.973389 1.000000 1.000000 1.000000 #0.000000
v -0.294678 1.080811 -0.935547 1.000000 1.000000 1.000000 #0.000000
v -0.799072 0.857178 -0.861328 1.000000 1.000000 1.000000 #0.000000
v -0.466064 1.003906 -0.361084 1.000000 1.000000 1.000000 #0.000000
v -0.448242 1.083984 -0.846436 1.000000 1.000000 1.000000 #0.000000
v -0.799072 0.751953 -0.305420 1.000000 1.000000 1.000000 #0.000000
v -0.466064 1.003906 -0.361084 1.000000 1.000000 1.000000 #0.000000
v -0.799072 0.857178 -0.861328 1.000000 1.000000 1.000000 #0.000000
v -0.601807 0.603271 -0.994385 1.000000 1.000000 1.000000 #0.000000
v -0.799072 0.857178 -0.861328 1.000000 1.000000 1.000000 #0.000000
v -0.799072 0.869385 -0.961670 1.000000 1.000000 1.000000 #0.000000
v -0.601807 0.508789 -0.232910 1.000000 1.000000 1.000000 #0.000000
v -0.799072 0.857178 -0.861328 1.000000 1.000000 1.000000 #0.000000
v -0.601807 0.603271 -0.994385 1.000000 1.000000 1.000000 #0.000000
v -0.601807 0.508789 -0.232910 1.000000 1.000000 1.000000 #0.000000
v -0.799072 0.751953 -0.305420 1.000000 1.000000 1.000000 #0.000000
v -0.799072 0.857178 -0.861328 1.000000 1.000000 1.000000 #0.000000
v -0.601807 0.508789 -0.232910 1.000000 1.000000 1.000000 #0.000000
v -0.601807 0.603271 -0.994385 1.000000 1.000000 1.000000 #0.000000
v -0.285156 0.760742 -0.865234 1.000000 1.000000 1.000000 #0.000000
v -0.601807 0.508789 -0.232910 1.000000 1.000000 1.000000 #0.000000
v -0.285156 0.760742 -0.865234 1.000000 1.000000 1.000000 #0.000000
v -0.189697 0.680908 -0.380371 1.000000 1.000000 1.000000 #0.000000
v -0.601807 0.603271 -0.994385 1.000000 1.000000 1.000000 #0.000000
v -0.294678 0.774170 -0.973389 1.000000 1.000000 1.000000 #0.000000
v -0.285156 0.760742 -0.865234 1.000000 1.000000 1.000000 #0.000000
v -0.601807 0.603271 -0.994385 1.000000 1.000000 1.000000 #0.000000
v -0.799072 0.869385 -0.961670 1.000000 1.000000 1.000000 #0.000000
v -0.294678 0.774170 -0.973389 1.000000 1.000000 1.000000 #0.000000
v 0.189697 0.680908 -0.380371 1.000000 1.000000 1.000000 #0.000000
v 0.466064 0.979004 -0.361084 1.000000 1.000000 1.000000 #0.000000
v 0.448242 0.854980 -0.938721 1.000000 1.000000 1.000000 #0.000000
v 0.285156 0.544678 -0.845947 1.000000 1.000000 1.000000 #0.000000
v 0.189697 0.680908 -0.380371 1.000000 1.000000 1.000000 #0.000000
v 0.448242 0.854980 -0.938721 1.000000 1.000000 1.000000 #0.000000
v 0.799072 0.636475 -0.875000 1.000000 1.000000 1.000000 #0.000000
v 0.759521 0.870117 -1.032715 1.000000 1.000000 1.000000 #0.000000
v 0.448242 0.854980 -0.938721 1.000000 1.000000 1.000000 #0.000000
v 0.448242 0.854980 -0.938721 1.000000 1.000000 1.000000 #0.000000
v 0.759521 0.870117 -1.032715 1.000000 1.000000 1.000000 #0.000000
v 0.536621 0.992432 -1.061035 1.000000 1.000000 1.000000 #0.000000
v 0.294678 0.520264 -0.951904 1.000000 1.000000 1.000000 #0.000000
v 0.536621 0.992432 -1.061035 1.000000 1.000000 1.000000 #0.000000
v 0.759521 0.870117 -1.032715 1.000000 1.000000 1.000000 #0.000000
v 0.294678 0.520264 -0.951904 1.000000 1.000000 1.000000 #0.000000
v 0.759521 0.870117 -1.032715 1.000000 1.000000 1.000000 #0.000000
v 0.799072 0.613770 -0.973633 1.000000 1.000000 1.000000 #0.000000
v 0.799072 0.613770 -0.973633 1.000000 1.000000 1.000000 #0.000000
v 0.759521 0.870117 -1.032715 1.000000 1.000000 1.000000 #0.000000
v 0.799072 0.636475 -0.875000 1.000000 1.000000 1.000000 #0.000000
v 0.294678 0.520264 -0.951904 1.000000 1.000000 1.000000 #0.000000
v 0.294678 0.821533 -1.021484 1.000000 1.000000 1.000000 #0.000000
v 0.536621 0.992432 -1.061035 1.000000 1.000000 1.000000 #0.000000
v 0.294678 0.821533 -1.021484 1.000000 1.000000 1.000000 #0.000000
v 0.448242 0.854980 -0.938721 1.000000 1.000000 1.000000 #0.000000
v 0.536621 0.992432 -1.061035 1.000000 1.000000 1.000000 #0.000000
v 0.285156 0.544678 -0.845947 1.000000 1.000000 1.000000 #0.000000
v 0.448242 0.854980 -0.938721 1.000000 1.000000 1.000000 #0.000000
v 0.294678 0.821533 -1.021484 1.000000 1.000000 1.000000 #0.000000
v 0.294678 0.520264 -0.951904 1.000000 1.000000 1.000000 #0.000000
v 0.285156 0.544678 -0.845947 1.000000 1.000000 1.000000 #0.000000
v 0.294678 0.821533 -1.021484 1.000000 1.000000 1.000000 #0.000000
v 0.799072 0.636475 -0.875000 1.000000 1.000000 1.000000 #0.000000
v 0.448242 0.854980 -0.938721 1.000000 1.000000 1.000000 #0.000000
v 0.466064 0.979004 -0.361084 1.000000 1.000000 1.000000 #0.000000
v 0.799072 0.636475 -0.875000 1.000000 1.000000 1.000000 #0.000000
v 0.466064 0.979004 -0.361084 1.000000 1.000000 1.000000 #0.000000
v 0.799072 0.751953 -0.305420 1.000000 1.000000 1.000000 #0.000000
v 0.601807 0.352539 -0.913330 1.000000 1.000000 1.000000 #0.000000
v 0.799072 0.613770 -0.973633 1.000000 1.000000 1.000000 #0.000000
v 0.799072 0.636475 -0.875000 1.000000 1.000000 1.000000 #0.000000
v 0.601807 0.352539 -0.913330 1.000000 1.000000 1.000000 #0.000000
v 0.799072 0.636475 -0.875000 1.000000 1.000000 1.000000 #0.000000
v 0.601807 0.508789 -0.232910 1.000000 1.000000 1.000000 #0.000000
v 0.601807 0.508789 -0.232910 1.000000 1.000000 1.000000 #0.000000
v 0.799072 0.636475 -0.875000 1.000000 1.000000 1.000000 #0.000000
v 0.799072 0.751953 -0.305420 1.000000 1.000000 1.000000 #0.000000
v 0.601807 0.352539 -0.913330 1.000000 1.000000 1.000000 #0.000000
v 0.601807 0.508789 -0.232910 1.000000 1.000000 1.000000 #0.000000
v 0.285156 0.544678 -0.845947 1.000000 1.000000 1.000000 #0.000000
v 0.601807 0.508789 -0.232910 1.000000 1.000000 1.000000 #0.000000
v 0.189697 0.680908 -0.380371 1.000000 1.000000 1.000000 #0.000000
v 0.285156 0.544678 -0.845947 1.000000 1.000000 1.000000 #0.000000
v 0.601807 0.352539 -0.913330 1.000000 1.000000 1.000000 #0.000000
v 0.285156 0.544678 -0.845947 1.000000 1.000000 1.000000 #0.000000
v 0.294678 0.520264 -0.951904 1.000000 1.000000 1.000000 #0.000000
v 0.601807 0.352539 -0.913330 1.000000 1.000000 1.000000 #0.000000
v 0.294678 0.520264 -0.951904 1.000000 1.000000 1.000000 #0.000000
v 0.799072 0.613770 -0.973633 1.000000 1.000000 1.000000 #0.000000
v -0.124268 0.758057 0.184814 1.000000 1.000000 1.000000 #0.000000
v 0.658447 0.917969 1.070557 1.000000 1.000000 1.000000 #0.000000
v 0.021484 0.917969 0.089844 1.000000 1.000000 1.000000 #0.000000
v 0.699463 0.758057 1.133789 1.000000 1.000000 1.000000 #0.000000
v 0.658447 0.917969 1.070557 1.000000 1.000000 1.000000 #0.000000
v 0.512451 0.758057 1.165527 1.000000 1.000000 1.000000 #0.000000
v 0.658447 0.598389 1.070557 1.000000 1.000000 1.000000 #0.000000
v 0.699463 0.758057 1.133789 1.000000 1.000000 1.000000 #0.000000
v 0.512451 0.758057 1.165527 1.000000 1.000000 1.000000 #0.000000
v 0.658447 0.598389 1.070557 1.000000 1.000000 1.000000 #0.000000
v 0.512451 0.758057 1.165527 1.000000 1.000000 1.000000 #0.000000
v -0.124268 0.758057 0.184814 1.000000 1.000000 1.000000 #0.000000
v 0.021484 0.598389 0.089844 1.000000 1.000000 1.000000 #0.000000
v 0.658447 0.598389 1.070557 1.000000 1.000000 1.000000 #0.000000
v -0.124268 0.758057 0.184814 1.000000 1.000000 1.000000 #0.000000
v -0.124268 0.758057 0.184814 1.000000 1.000000 1.000000 #0.000000
v 0.512451 0.758057 1.165527 1.000000 1.000000 1.000000 #0.000000
v 0.658447 0.917969 1.070557 1.000000 1.000000 1.000000 #0.000000
v 0.804443 0.758057 0.975830 1.000000 1.000000 1.000000 #0.000000
v 0.658447 0.917969 1.070557 1.000000 1.000000 1.000000 #0.000000
v 0.699463 0.758057 1.133789 1.000000 1.000000 1.000000 #0.000000
v 0.658447 0.598389 1.070557 1.000000 1.000000 1.000000 #0.000000
v 0.804443 0.758057 0.975830 1.000000 1.000000 1.000000 #0.000000
v 0.699463 0.758057 1.133789 1.000000 1.000000 1.000000 #0.000000
v 0.658447 0.598389 1.070557 1.000000 1.000000 1.000000 #0.000000
v 0.167480 0.758057 -0.004639 1.000000 1.000000 1.000000 #0.000000
v 0.804443 0.758057 0.975830 1.000000 1.000000 1.000000 #0.000000
v 0.021484 0.598389 0.089844 1.000000 1.000000 1.000000 #0.000000
v 0.167480 0.758057 -0.004639 1.000000 1.000000 1.000000 #0.000000
v 0.658447 0.598389 1.070557 1.000000 1.000000 1.000000 #0.000000
v 0.167480 0.758057 -0.004639 1.000000 1.000000 1.000000 #0.000000
v 0.658447 0.917969 1.070557 1.000000 1.000000 1.000000 #0.000000
v 0.804443 0.758057 0.975830 1.000000 1.000000 1.000000 #0.000000
v 0.167480 0.758057 -0.004639 1.000000 1.000000 1.000000 #0.000000
v 0.021484 0.917969 0.089844 1.000000 1.000000 1.000000 #0.000000
v 0.658447 0.917969 1.070557 1.000000 1.000000 1.000000 #0.000000
v 0.522705 2.128662 0.000000 1.000000 1.000000 1.000000 #0.000000
v 0.522705 2.128662 0.133301 1.000000 1.000000 1.000000 #0.000000
v 0.784424 2.131348 0.000000 1.000000 1.000000 1.000000 #0.000000
v 0.522705 2.128662 0.133301 1.000000 1.000000 1.000000 #0.000000
v 0.784424 2.131348 0.133301 1.000000 1.000000 1.000000 #0.000000
v 0.784424 2.131348 0.000000 1.000000 1.000000 1.000000 #0.000000
v -0.522705 2.128662 0.000000 1.000000 1.000000 1.000000 #0.000000
v -0.784424 2.131348 0.000000 1.000000 1.000000 1.000000 #0.000000
v -0.522705 2.128662 0.133301 1.000000 1.000000 1.000000 #0.000000
v -0.522705 2.128662 0.133301 1.000000 1.000000 1.000000 #0.000000
v -0.784424 2.131348 0.000000 1.000000 1.000000 1.000000 #0.000000
v -0.784424 2.131348 0.133301 1.000000 1.000000 1.000000 #0.000000
v 0.650146 1.047363 0.343506 1.000000 1.000000 1.000000 #0.000000
v 0.820557 1.222168 0.000000 1.000000 1.000000 1.000000 #0.000000
v 0.645508 1.319580 0.305176 1.000000 1.000000 1.000000 #0.000000
v 0.825195 0.947266 0.000000 1.000000 1.000000 1.000000 #0.000000
v 0.820557 1.222168 0.000000 1.000000 1.000000 1.000000 #0.000000
v 0.650146 1.047363 0.343506 1.000000 1.000000 1.000000 #0.000000
v -0.825195 0.947266 0.000000 1.000000 1.000000 1.000000 #0.000000
v -0.650146 1.047363 0.343506 1.000000 1.000000 1.000000 #0.000000
v -0.820557 1.222168 0.000000 1.000000 1.000000 1.000000 #0.000000
v -0.650146 1.047363 0.343506 1.000000 1.000000 1.000000 #0.000000
v -0.645508 1.319580 0.305176 1.000000 1.000000 1.000000 #0.000000
v -0.820557 1.222168 0.000000 1.000000 1.000000 1.000000 #0.000000
v 0.000000 1.399902 0.358154 1.000000 1.000000 1.000000 #0.000000
v 0.213379 1.588867 0.358154 1.000000 1.000000 1.000000 #0.000000
v -0.200684 1.614014 0.358154 1.000000 1.000000 1.000000 #0.000000
v 0.213379 1.588867 0.358154 1.000000 1.000000 1.000000 #0.000000
v 0.000000 1.799805 0.358154 1.000000 1.000000 1.000000 #0.000000
v -0.200684 1.614014 0.358154 1.000000 1.000000 1.000000 #0.000000
v 0.213379 1.588867 0.358154 1.000000 1.000000 1.000000 #0.000000
v 0.784424 2.131348 0.133301 1.000000 1.000000 1.000000 #0.000000
v 0.522705 2.128662 0.133301 1.000000 1.000000 1.000000 #0.000000
v 0.213379 1.588867 0.358154 1.000000 1.000000 1.000000 #0.000000
v 0.522705 2.128662 0.133301 1.000000 1.000000 1.000000 #0.000000
v 0.000000 1.799805 0.358154 1.000000 1.000000 1.000000 #0.000000
v -0.200684 1.614014 0.358154 1.000000 1.000000 1.000000 #0.000000
v 0.000000 1.799805 0.358154 1.000000 1.000000 1.000000 #0.000000
v -0.522705 2.128662 0.133301 1.000000 1.000000 1.000000 #0.000000
v -0.200684 1.614014 0.358154 1.000000 1.000000 1.000000 #0.000000
v -0.522705 2.128662 0.133301 1.000000 1.000000 1.000000 #0.000000
v -0.784424 2.131348 0.133301 1.000000 1.000000 1.000000 #0.000000
v 0.645508 1.319580 0.305176 1.000000 1.000000 1.000000 #0.000000
v 0.213379 1.588867 0.358154 1.000000 1.000000 1.000000 #0.000000
v 0.000000 1.399902 0.358154 1.000000 1.000000 1.000000 #0.000000
v 0.650146 1.047363 0.343506 1.000000 1.000000 1.000000 #0.000000
v 0.645508 1.319580 0.305176 1.000000 1.000000 1.000000 #0.000000
v 0.000000 1.399902 0.358154 1.000000 1.000000 1.000000 #0.000000
v -0.645508 1.319580 0.305176 1.000000 1.000000 1.000000 #0.000000
v 0.000000 1.399902 0.358154 1.000000 1.000000 1.000000 #0.000000
v -0.200684 1.614014 0.358154 1.000000 1.000000 1.000000 #0.000000
v -0.650146 1.047363 0.343506 1.000000 1.000000 1.000000 #0.000000
v 0.000000 1.399902 0.358154 1.000000 1.000000 1.000000 #0.000000
v -0.645508 1.319580 0.305176 1.000000 1.000000 1.000000 #0.000000
v 0.825195 0.947266 0.000000 1.000000 1.000000 1.000000 #0.000000
v 0.725342 1.047363 -0.343506 1.000000 1.000000 1.000000 #0.000000
v 0.820557 1.222168 0.000000 1.000000 1.000000 1.000000 #0.000000
v 0.725342 1.047363 -0.343506 1.000000 1.000000 1.000000 #0.000000
v 0.720459 1.319580 -0.305176 1.000000 1.000000 1.000000 #0.000000
v 0.820557 1.222168 0.000000 1.000000 1.000000 1.000000 #0.000000
v -0.725342 1.047363 -0.343506 1.000000 1.000000 1.000000 #0.000000
v -0.820557 1.222168 0.000000 1.000000 1.000000 1.000000 #0.000000
v -0.720459 1.319580 -0.305176 1.000000 1.000000 1.000000 #0.000000
v -0.825195 0.947266 0.000000 1.000000 1.000000 1.000000 #0.000000
v -0.820557 1.222168 0.000000 1.000000 1.000000 1.000000 #0.000000
v -0.725342 1.047363 -0.343506 1.000000 1.000000 1.000000 #0.000000
v 0.188232 1.601563 -0.408203 1.000000 1.000000 1.000000 #0.000000
v -0.188232 1.601563 -0.408203 1.000000 1.000000 1.000000 #0.000000
v 0.000000 1.799805 -0.408203 1.000000 1.000000 1.000000 #0.000000
v 0.000000 1.399902 -0.408203 1.000000 1.000000 1.000000 #0.000000
v -0.188232 1.601563 -0.408203 1.000000 1.000000 1.000000 #0.000000
v 0.188232 1.601563 -0.408203 1.000000 1.000000 1.000000 #0.000000
v 0.188232 1.601563 -0.408203 1.000000 1.000000 1.000000 #0.000000
v 0.000000 1.799805 -0.408203 1.000000 1.000000 1.000000 #0.000000
v 0.522705 2.128662 -0.133301 1.000000 1.000000 1.000000 #0.000000
v 0.188232 1.601563 -0.408203 1.000000 1.000000 1.000000 #0.000000
v 0.522705 2.128662 -0.133301 1.000000 1.000000 1.000000 #0.000000
v 0.784424 2.131348 -0.133301 1.000000 1.000000 1.000000 #0.000000
v -0.188232 1.601563 -0.408203 1.000000 1.000000 1.000000 #0.000000
v -0.784424 2.131348 -0.133301 1.000000 1.000000 1.000000 #0.000000
v -0.522705 2.128662 -0.133301 1.000000 1.000000 1.000000 #0.000000
v -0.188232 1.601563 -0.408203 1.000000 1.000000 1.000000 #0.000000
v -0.522705 2.128662 -0.133301 1.000000 1.000000 1.000000 #0.000000
v 0.000000 1.799805 -0.408203 1.000000 1.000000 1.000000 #0.000000
v 0.720459 1.319580 -0.305176 1.000000 1.000000 1.000000 #0.000000
v 0.000000 1.399902 -0.408203 1.000000 1.000000 1.000000 #0.000000
v 0.188232 1.601563 -0.408203 1.000000 1.000000 1.000000 #0.000000
v 0.725342 1.047363 -0.343506 1.000000 1.000000 1.000000 #0.000000
v 0.000000 1.399902 -0.408203 1.000000 1.000000 1.000000 #0.000000
v 0.720459 1.319580 -0.305176 1.000000 1.000000 1.000000 #0.000000
v -0.720459 1.319580 -0.305176 1.000000 1.000000 1.000000 #0.000000
v -0.188232 1.601563 -0.408203 1.000000 1.000000 1.000000 #0.000000
v 0.000000 1.399902 -0.408203 1.000000 1.000000 1.000000 #0.000000
v -0.725342 1.047363 -0.343506 1.000000 1.000000 1.000000 #0.000000
v -0.720459 1.319580 -0.305176 1.000000 1.000000 1.000000 #0.000000
v 0.000000 1.399902 -0.408203 1.000000 1.000000 1.000000 #0.000000
v 0.522705 2.128662 -0.133301 1.000000 1.000000 1.000000 #0.000000
v 0.522705 2.128662 0.000000 1.000000 1.000000 1.000000 #0.000000
v 0.784424 2.131348 0.000000 1.000000 1.000000 1.000000 #0.000000
v 0.522705 2.128662 -0.133301 1.000000 1.000000 1.000000 #0.000000
v 0.784424 2.131348 0.000000 1.000000 1.000000 1.000000 #0.000000
v 0.784424 2.131348 -0.133301 1.000000 1.000000 1.000000 #0.000000
v -0.522705 2.128662 -0.133301 1.000000 1.000000 1.000000 #0.000000
v -0.784424 2.131348 0.000000 1.000000 1.000000 1.000000 #0.000000
v -0.522705 2.128662 0.000000 1.000000 1.000000 1.000000 #0.000000
v -0.522705 2.128662 -0.133301 1.000000 1.000000 1.000000 #0.000000
v -0.784424 2.131348 -0.133301 1.000000 1.000000 1.000000 #0.000000
v -0.784424 2.131348 0.000000 1.000000 1.000000 1.000000 #0.000000
v 0.389160 2.466309 -0.867920 1.000000 1.000000 1.000000 #0.000000
v -0.389160 2.466309 -0.867920 1.000000 1.000000 1.000000 #0.000000
v 0.363037 3.414551 -0.772949 1.000000 1.000000 1.000000 #0.000000
v -0.389160 2.466309 -0.867920 1.000000 1.000000 1.000000 #0.000000
v -0.363037 3.414551 -0.772949 1.000000 1.000000 1.000000 #0.000000
v 0.363037 3.414551 -0.772949 1.000000 1.000000 1.000000 #0.000000
v 0.500244 2.604980 0.943604 1.000000 1.000000 1.000000 #0.000000
v 0.446289 3.357910 0.805420 1.000000 1.000000 1.000000 #0.000000
v -0.446289 3.357910 0.805420 1.000000 1.000000 1.000000 #0.000000
v 0.500244 2.604980 0.943604 1.000000 1.000000 1.000000 #0.000000
v -0.446289 3.357910 0.805420 1.000000 1.000000 1.000000 #0.000000
v -0.500244 2.604980 0.943604 1.000000 1.000000 1.000000 #0.000000
v 0.547852 2.134521 0.654053 1.000000 1.000000 1.000000 #0.000000
v 0.500244 2.604980 0.943604 1.000000 1.000000 1.000000 #0.000000
v -0.500244 2.604980 0.943604 1.000000 1.000000 1.000000 #0.000000
v 0.500244 2.604980 0.943604 1.000000 1.000000 1.000000 #0.000000
v 0.948730 2.671143 0.584473 1.000000 1.000000 1.000000 #0.000000
v 0.902832 3.025391 0.552002 1.000000 1.000000 1.000000 #0.000000
v 0.811279 2.327148 0.577393 1.000000 1.000000 1.000000 #0.000000
v 0.948730 2.671143 0.584473 1.000000 1.000000 1.000000 #0.000000
v 0.500244 2.604980 0.943604 1.000000 1.000000 1.000000 #0.000000
v 0.547852 2.134521 0.654053 1.000000 1.000000 1.000000 #0.000000
v 0.811279 2.327148 0.577393 1.000000 1.000000 1.000000 #0.000000
v 0.500244 2.604980 0.943604 1.000000 1.000000 1.000000 #0.000000
v -0.500244 2.604980 0.943604 1.000000 1.000000 1.000000 #0.000000
v -0.446289 3.357910 0.805420 1.000000 1.000000 1.000000 #0.000000
v -0.902832 3.025391 0.552002 1.000000 1.000000 1.000000 #0.000000
v -0.500244 2.604980 0.943604 1.000000 1.000000 1.000000 #0.000000
v -0.902832 3.025391 0.552002 1.000000 1.000000 1.000000 #0.000000
v -0.948730 2.671143 0.584473 1.000000 1.000000 1.000000 #0.000000
v -0.811279 2.327148 0.577393 1.000000 1.000000 1.000000 #0.000000
v -0.500244 2.604980 0.943604 1.000000 1.000000 1.000000 #0.000000
v -0.948730 2.671143 0.584473 1.000000 1.000000 1.000000 #0.000000
v 0.811279 2.327148 0.577393 1.000000 1.000000 1.000000 #0.000000
v 1.119141 2.662109 0.002441 1.000000 1.000000 1.000000 #0.000000
v 0.948730 2.671143 0.584473 1.000000 1.000000 1.000000 #0.000000
v 0.945068 2.273438 0.002441 1.000000 1.000000 1.000000 #0.000000
v 1.119141 2.662109 0.002441 1.000000 1.000000 1.000000 #0.000000
v 0.811279 2.327148 0.577393 1.000000 1.000000 1.000000 #0.000000
v 1.119141 2.662109 0.002441 1.000000 1.000000 1.000000 #0.000000
v 0.902832 3.025391 0.552002 1.000000 1.000000 1.000000 #0.000000
v 0.948730 2.671143 0.584473 1.000000 1.000000 1.000000 #0.000000
v 0.811279 2.327148 -0.616699 1.000000 1.000000 1.000000 #0.000000
v 0.948730 2.671143 -0.623779 1.000000 1.000000 1.000000 #0.000000
v 1.119141 2.662109 0.002441 1.000000 1.000000 1.000000 #0.000000
v 1.119141 2.662109 0.002441 1.000000 1.000000 1.000000 #0.000000
v 0.948730 2.671143 -0.623779 1.000000 1.000000 1.000000 #0.000000
v 0.902832 3.025391 -0.594727 1.000000 1.000000 1.000000 #0.000000
v 1.119141 2.662109 0.002441 1.000000 1.000000 1.000000 #0.000000
v 0.902832 3.025391 -0.594727 1.000000 1.000000 1.000000 #0.000000
v 1.038330 3.054443 0.002441 1.000000 1.000000 1.000000 #0.000000
v -0.811279 2.327148 0.577393 1.000000 1.000000 1.000000 #0.000000
v -0.948730 2.671143 0.584473 1.000000 1.000000 1.000000 #0.000000
v -1.119141 2.662109 0.002441 1.000000 1.000000 1.000000 #0.000000
v -1.119141 2.662109 0.002441 1.000000 1.000000 1.000000 #0.000000
v -0.948730 2.671143 0.584473 1.000000 1.000000 1.000000 #0.000000
v -0.902832 3.025391 0.552002 1.000000 1.000000 1.000000 #0.000000
v -1.119141 2.662109 0.002441 1.000000 1.000000 1.000000 #0.000000
v -0.902832 3.025391 0.552002 1.000000 1.000000 1.000000 #0.000000
v -1.038330 3.054443 0.002441 1.000000 1.000000 1.000000 #0.000000
v -0.811279 2.327148 -0.616699 1.000000 1.000000 1.000000 #0.000000
v -1.119141 2.662109 0.002441 1.000000 1.000000 1.000000 #0.000000
v -0.948730 2.671143 -0.623779 1.000000 1.000000 1.000000 #0.000000
v -1.119141 2.662109 0.002441 1.000000 1.000000 1.000000 #0.000000
v -0.902832 3.025391 -0.594727 1.000000 1.000000 1.000000 #0.000000
v -0.948730 2.671143 -0.623779 1.000000 1.000000 1.000000 #0.000000
v -1.119141 2.662109 0.002441 1.000000 1.000000 1.000000 #0.000000
v -1.038330 3.054443 0.002441 1.000000 1.000000 1.000000 #0.000000
v -0.902832 3.025391 -0.594727 1.000000 1.000000 1.000000 #0.000000
v 0.500244 2.604980 0.943604 1.000000 1.000000 1.000000 #0.000000
v 0.902832 3.025391 0.552002 1.000000 1.000000 1.000000 #0.000000
v 0.446289 3.357910 0.805420 1.000000 1.000000 1.000000 #0.000000
v 0.902832 3.025391 0.552002 1.000000 1.000000 1.000000 #0.000000
v 0.692383 3.444824 0.484131 1.000000 1.000000 1.000000 #0.000000
v 0.446289 3.357910 0.805420 1.000000 1.000000 1.000000 #0.000000
v 0.659424 2.055664 0.002441 1.000000 1.000000 1.000000 #0.000000
v 0.811279 2.327148 0.577393 1.000000 1.000000 1.000000 #0.000000
v 0.547852 2.134521 0.654053 1.000000 1.000000 1.000000 #0.000000
v 0.659424 2.055664 0.002441 1.000000 1.000000 1.000000 #0.000000
v 0.945068 2.273438 0.002441 1.000000 1.000000 1.000000 #0.000000
v 0.811279 2.327148 0.577393 1.000000 1.000000 1.000000 #0.000000
v 1.119141 2.662109 0.002441 1.000000 1.000000 1.000000 #0.000000
v 1.038330 3.054443 0.002441 1.000000 1.000000 1.000000 #0.000000
v 0.902832 3.025391 0.552002 1.000000 1.000000 1.000000 #0.000000
v 0.902832 3.025391 0.552002 1.000000 1.000000 1.000000 #0.000000
v 1.038330 3.054443 0.002441 1.000000 1.000000 1.000000 #0.000000
v 0.692383 3.444824 0.484131 1.000000 1.000000 1.000000 #0.000000
v 0.547852 2.134521 0.654053 1.000000 1.000000 1.000000 #0.000000
v -0.500244 2.604980 0.943604 1.000000 1.000000 1.000000 #0.000000
v -0.547852 2.134521 0.654053 1.000000 1.000000 1.000000 #0.000000
v -0.902832 3.025391 0.552002 1.000000 1.000000 1.000000 #0.000000
v -0.446289 3.357910 0.805420 1.000000 1.000000 1.000000 #0.000000
v -0.692383 3.444824 0.484131 1.000000 1.000000 1.000000 #0.000000
v -0.547852 2.134521 0.654053 1.000000 1.000000 1.000000 #0.000000
v -0.500244 2.604980 0.943604 1.000000 1.000000 1.000000 #0.000000
v -0.811279 2.327148 0.577393 1.000000 1.000000 1.000000 #0.000000
v 0.659424 2.055664 0.002441 1.000000 1.000000 1.000000 #0.000000
v 0.547852 2.134521 0.654053 1.000000 1.000000 1.000000 #0.000000
v -0.547852 2.134521 0.654053 1.000000 1.000000 1.000000 #0.000000
v 0.659424 2.055664 0.002441 1.000000 1.000000 1.000000 #0.000000
v -0.547852 2.134521 0.654053 1.000000 1.000000 1.000000 #0.000000
v -0.659424 2.055664 0.002441 1.000000 1.000000 1.000000 #0.000000
v -0.659424 2.055664 0.002441 1.000000 1.000000 1.000000 #0.000000
v -0.547852 2.134521 0.654053 1.000000 1.000000 1.000000 #0.000000
v -0.811279 2.327148 0.577393 1.000000 1.000000 1.000000 #0.000000
v -0.659424 2.055664 0.002441 1.000000 1.000000 1.000000 #0.000000
v -0.811279 2.327148 0.577393 1.000000 1.000000 1.000000 #0.000000
v -0.945068 2.273438 0.002441 1.000000 1.000000 1.000000 #0.000000
v -0.945068 2.273438 0.002441 1.000000 1.000000 1.000000 #0.000000
v -0.811279 2.327148 0.577393 1.000000 1.000000 1.000000 #0.000000
v -1.119141 2.662109 0.002441 1.000000 1.000000 1.000000 #0.000000
v -0.902832 3.025391 0.552002 1.000000 1.000000 1.000000 #0.000000
v -0.692383 3.444824 0.484131 1.000000 1.000000 1.000000 #0.000000
v -1.038330 3.054443 0.002441 1.000000 1.000000 1.000000 #0.000000
v -1.038330 3.054443 0.002441 1.000000 1.000000 1.000000 #0.000000
v -0.692383 3.444824 0.484131 1.000000 1.000000 1.000000 #0.000000
v -0.868408 3.489990 0.002441 1.000000 1.000000 1.000000 #0.000000
v 0.389160 2.466309 -0.867920 1.000000 1.000000 1.000000 #0.000000
v 0.363037 3.414551 -0.772949 1.000000 1.000000 1.000000 #0.000000
v 0.902832 3.025391 -0.594727 1.000000 1.000000 1.000000 #0.000000
v 0.389160 2.466309 -0.867920 1.000000 1.000000 1.000000 #0.000000
v 0.902832 3.025391 -0.594727 1.000000 1.000000 1.000000 #0.000000
v 0.948730 2.671143 -0.623779 1.000000 1.000000 1.000000 #0.000000
v 0.902832 3.025391 -0.594727 1.000000 1.000000 1.000000 #0.000000
v 0.363037 3.414551 -0.772949 1.000000 1.000000 1.000000 #0.000000
v 0.692383 3.444824 -0.578125 1.000000 1.000000 1.000000 #0.000000
v 0.811279 2.327148 -0.616699 1.000000 1.000000 1.000000 #0.000000
v 0.389160 2.466309 -0.867920 1.000000 1.000000 1.000000 #0.000000
v 0.948730 2.671143 -0.623779 1.000000 1.000000 1.000000 #0.000000
v 0.325684 2.134521 -0.601563 1.000000 1.000000 1.000000 #0.000000
v 0.389160 2.466309 -0.867920 1.000000 1.000000 1.000000 #0.000000
v 0.811279 2.327148 -0.616699 1.000000 1.000000 1.000000 #0.000000
v 0.659424 2.055664 0.002441 1.000000 1.000000 1.000000 #0.000000
v 0.325684 2.134521 -0.601563 1.000000 1.000000 1.000000 #0.000000
v 0.811279 2.327148 -0.616699 1.000000 1.000000 1.000000 #0.000000
v 0.659424 2.055664 0.002441 1.000000 1.000000 1.000000 #0.000000
v 0.811279 2.327148 -0.616699 1.000000 1.000000 1.000000 #0.000000
v 0.945068 2.273438 0.002441 1.000000 1.000000 1.000000 #0.000000
v 0.945068 2.273438 0.002441 1.000000 1.000000 1.000000 #0.000000
v 0.811279 2.327148 -0.616699 1.000000 1.000000 1.000000 #0.000000
v 1.119141 2.662109 0.002441 1.000000 1.000000 1.000000 #0.000000
v 0.902832 3.025391 -0.594727 1.000000 1.000000 1.000000 #0.000000
v 0.692383 3.444824 -0.578125 1.000000 1.000000 1.000000 #0.000000
v 1.038330 3.054443 0.002441 1.000000 1.000000 1.000000 #0.000000
v -0.389160 2.466309 -0.867920 1.000000 1.000000 1.000000 #0.000000
v -0.902832 3.025391 -0.594727 1.000000 1.000000 1.000000 #0.000000
v -0.363037 3.414551 -0.772949 1.000000 1.000000 1.000000 #0.000000
v -0.389160 2.466309 -0.867920 1.000000 1.000000 1.000000 #0.000000
v -0.948730 2.671143 -0.623779 1.000000 1.000000 1.000000 #0.000000
v -0.902832 3.025391 -0.594727 1.000000 1.000000 1.000000 #0.000000
v 0.325684 2.134521 -0.601563 1.000000 1.000000 1.000000 #0.000000
v -0.389160 2.466309 -0.867920 1.000000 1.000000 1.000000 #0.000000
v 0.389160 2.466309 -0.867920 1.000000 1.000000 1.000000 #0.000000
v 0.325684 2.134521 -0.601563 1.000000 1.000000 1.000000 #0.000000
v -0.325684 2.134521 -0.601563 1.000000 1.000000 1.000000 #0.000000
v -0.389160 2.466309 -0.867920 1.000000 1.000000 1.000000 #0.000000
v -0.902832 3.025391 -0.594727 1.000000 1.000000 1.000000 #0.000000
v -0.692383 3.444824 -0.578125 1.000000 1.000000 1.000000 #0.000000
v -0.363037 3.414551 -0.772949 1.000000 1.000000 1.000000 #0.000000
v -0.811279 2.327148 -0.616699 1.000000 1.000000 1.000000 #0.000000
v -0.948730 2.671143 -0.623779 1.000000 1.000000 1.000000 #0.000000
v -0.389160 2.466309 -0.867920 1.000000 1.000000 1.000000 #0.000000
v -0.325684 2.134521 -0.601563 1.000000 1.000000 1.000000 #0.000000
v -0.811279 2.327148 -0.616699 1.000000 1.000000 1.000000 #0.000000
v -0.389160 2.466309 -0.867920 1.000000 1.000000 1.000000 #0.000000
v 0.659424 2.055664 0.002441 1.000000 1.000000 1.000000 #0.000000
v -0.325684 2.134521 -0.601563 1.000000 1.000000 1.000000 #0.000000
v 0.325684 2.134521 -0.601563 1.000000 1.000000 1.000000 #0.000000
v 0.659424 2.055664 0.002441 1.000000 1.000000 1.000000 #0.000000
v -0.659424 2.055664 0.002441 1.000000 1.000000 1.000000 #0.000000
v -0.325684 2.134521 -0.601563 1.000000 1.000000 1.000000 #0.000000
v -0.659424 2.055664 0.002441 1.000000 1.000000 1.000000 #0.000000
v -0.811279 2.327148 -0.616699 1.000000 1.000000 1.000000 #0.000000
v -0.325684 2.134521 -0.601563 1.000000 1.000000 1.000000 #0.000000
v -0.659424 2.055664 0.002441 1.000000 1.000000 1.000000 #0.000000
v -0.945068 2.273438 0.002441 1.000000 1.000000 1.000000 #0.000000
v -0.811279 2.327148 -0.616699 1.000000 1.000000 1.000000 #0.000000
v -0.945068 2.273438 0.002441 1.000000 1.000000 1.000000 #0.000000
v -1.119141 2.662109 0.002441 1.000000 1.000000 1.000000 #0.000000
v -0.811279 2.327148 -0.616699 1.000000 1.000000 1.000000 #0.000000
v -0.902832 3.025391 -0.594727 1.000000 1.000000 1.000000 #0.000000
v -1.038330 3.054443 0.002441 1.000000 1.000000 1.000000 #0.000000
v -0.692383 3.444824 -0.578125 1.000000 1.000000 1.000000 #0.000000
v -1.038330 3.054443 0.002441 1.000000 1.000000 1.000000 #0.000000
v -0.868408 3.489990 0.002441 1.000000 1.000000 1.000000 #0.000000
v -0.692383 3.444824 -0.578125 1.000000 1.000000 1.000000 #0.000000
v -0.842773 4.005859 -0.288330 1.000000 1.000000 1.000000 #0.000000
v -1.145996 4.299072 -0.042480 1.000000 1.000000 1.000000 #0.000000
v -0.577881 4.057373 -0.047363 1.000000 1.000000 1.000000 #0.000000
v -0.724854 3.604492 -0.465332 1.000000 1.000000 1.000000 #0.000000
v -0.842773 4.005859 -0.288330 1.000000 1.000000 1.000000 #0.000000
v -0.577881 4.057373 -0.047363 1.000000 1.000000 1.000000 #0.000000
v -0.724854 3.604492 -0.465332 1.000000 1.000000 1.000000 #0.000000
v -0.851074 3.779541 -0.042480 1.000000 1.000000 1.000000 #0.000000
v -0.842773 4.005859 -0.288330 1.000000 1.000000 1.000000 #0.000000
v -0.851074 3.779541 -0.042480 1.000000 1.000000 1.000000 #0.000000
v -1.145996 4.299072 -0.042480 1.000000 1.000000 1.000000 #0.000000
v -0.842773 4.005859 -0.288330 1.000000 1.000000 1.000000 #0.000000
v -1.027100 3.550537 0.506348 1.000000 1.000000 1.000000 #0.000000
v -0.577881 4.057373 -0.047363 1.000000 1.000000 1.000000 #0.000000
v -1.145020 3.952148 0.270508 1.000000 1.000000 1.000000 #0.000000
v -1.145020 3.952148 0.270508 1.000000 1.000000 1.000000 #0.000000
v -0.577881 4.057373 -0.047363 1.000000 1.000000 1.000000 #0.000000
v -1.145996 4.299072 -0.042480 1.000000 1.000000 1.000000 #0.000000
v -0.851074 3.779541 -0.042480 1.000000 1.000000 1.000000 #0.000000
v -1.145020 3.952148 0.270508 1.000000 1.000000 1.000000 #0.000000
v -1.145996 4.299072 -0.042480 1.000000 1.000000 1.000000 #0.000000
v -1.027100 3.550537 0.506348 1.000000 1.000000 1.000000 #0.000000
v -1.145020 3.952148 0.270508 1.000000 1.000000 1.000000 #0.000000
v -0.851074 3.779541 -0.042480 1.000000 1.000000 1.000000 #0.000000
v 0.842773 4.005859 -0.288330 1.000000 1.000000 1.000000 #0.000000
v 0.577881 4.057373 -0.047363 1.000000 1.000000 1.000000 #0.000000
v 1.145996 4.299072 -0.042480 1.000000 1.000000 1.000000 #0.000000
v 0.724854 3.604492 -0.465332 1.000000 1.000000 1.000000 #0.000000
v 0.577881 4.057373 -0.047363 1.000000 1.000000 1.000000 #0.000000
v 0.842773 4.005859 -0.288330 1.000000 1.000000 1.000000 #0.000000
v 0.724854 3.604492 -0.465332 1.000000 1.000000 1.000000 #0.000000
v 0.842773 4.005859 -0.288330 1.000000 1.000000 1.000000 #0.000000
v 0.851074 3.779541 -0.042480 1.000000 1.000000 1.000000 #0.000000
v 0.851074 3.779541 -0.042480 1.000000 1.000000 1.000000 #0.000000
v 0.842773 4.005859 -0.288330 1.000000 1.000000 1.000000 #0.000000
v 1.145996 4.299072 -0.042480 1.000000 1.000000 1.000000 #0.000000
v 1.027100 3.550537 0.506348 1.000000 1.000000 1.000000 #0.000000
v 1.145020 3.952148 0.270508 1.000000 1.000000 1.000000 #0.000000
v 0.577881 4.057373 -0.047363 1.000000 1.000000 1.000000 #0.000000
v 1.145020 3.952148 0.270508 1.000000 1.000000 1.000000 #0.000000
v 1.145996 4.299072 -0.042480 1.000000 1.000000 1.000000 #0.000000
v 0.577881 4.057373 -0.047363 1.000000 1.000000 1.000000 #0.000000
v 0.851074 3.779541 -0.042480 1.000000 1.000000 1.000000 #0.000000
v 1.145996 4.299072 -0.042480 1.000000 1.000000 1.000000 #0.000000
v 1.145020 3.952148 0.270508 1.000000 1.000000 1.000000 #0.000000
v 1.027100 3.550537 0.506348 1.000000 1.000000 1.000000 #0.000000
v 0.851074 3.779541 -0.042480 1.000000 1.000000 1.000000 #0.000000
v 1.145020 3.952148 0.270508 1.000000 1.000000 1.000000 #0.000000
v 0.000000 3.285645 -1.160400 1.000000 1.000000 1.000000 #0.000000
v 0.964844 3.345459 -0.855713 1.000000 1.000000 1.000000 #0.000000
v 0.363037 3.414551 -0.772949 1.000000 1.000000 1.000000 #0.000000
v 0.000000 3.255615 1.239746 1.000000 1.000000 1.000000 #0.000000
v 0.446289 3.357910 0.805420 1.000000 1.000000 1.000000 #0.000000
v 0.927979 3.309326 0.909424 1.000000 1.000000 1.000000 #0.000000
v 0.000000 3.255615 1.239746 1.000000 1.000000 1.000000 #0.000000
v -0.446289 3.357910 0.805420 1.000000 1.000000 1.000000 #0.000000
v 0.446289 3.357910 0.805420 1.000000 1.000000 1.000000 #0.000000
v 0.000000 3.285645 -1.160400 1.000000 1.000000 1.000000 #0.000000
v 0.363037 3.414551 -0.772949 1.000000 1.000000 1.000000 #0.000000
v -0.363037 3.414551 -0.772949 1.000000 1.000000 1.000000 #0.000000
v -1.417969 3.392822 0.202148 1.000000 1.000000 1.000000 #0.000000
v -0.868408 3.489990 0.002441 1.000000 1.000000 1.000000 #0.000000
v -0.692383 3.444824 0.484131 1.000000 1.000000 1.000000 #0.000000
v 0.000000 3.285645 -1.160400 1.000000 1.000000 1.000000 #0.000000
v -0.363037 3.414551 -0.772949 1.000000 1.000000 1.000000 #0.000000
v -0.964844 3.345459 -0.855713 1.000000 1.000000 1.000000 #0.000000
v -0.964844 3.345459 -0.855713 1.000000 1.000000 1.000000 #0.000000
v -0.363037 3.414551 -0.772949 1.000000 1.000000 1.000000 #0.000000
v -0.692383 3.444824 -0.578125 1.000000 1.000000 1.000000 #0.000000
v -0.964844 3.345459 -0.855713 1.000000 1.000000 1.000000 #0.000000
v -0.692383 3.444824 -0.578125 1.000000 1.000000 1.000000 #0.000000
v -1.417969 3.392822 0.202148 1.000000 1.000000 1.000000 #0.000000
v -1.417969 3.392822 0.202148 1.000000 1.000000 1.000000 #0.000000
v -0.692383 3.444824 -0.578125 1.000000 1.000000 1.000000 #0.000000
v -0.868408 3.489990 0.002441 1.000000 1.000000 1.000000 #0.000000
v -0.927979 3.309326 0.909424 1.000000 1.000000 1.000000 #0.000000
v -1.417969 3.392822 0.202148 1.000000 1.000000 1.000000 #0.000000
v -0.692383 3.444824 0.484131 1.000000 1.000000 1.000000 #0.000000
v -0.927979 3.309326 0.909424 1.000000 1.000000 1.000000 #0.000000
v -0.692383 3.444824 0.484131 1.000000 1.000000 1.000000 #0.000000
v -0.446289 3.357910 0.805420 1.000000 1.000000 1.000000 #0.000000
v 0.000000 3.255615 1.239746 1.000000 1.000000 1.000000 #0.000000
v -0.927979 3.309326 0.909424 1.000000 1.000000 1.000000 #0.000000
v -0.446289 3.357910 0.805420 1.000000 1.000000 1.000000 #0.000000
v -0.964844 3.345459 -0.855713 1.000000 1.000000 1.000000 #0.000000
v -0.963867 3.581299 -0.000977 1.000000 1.000000 1.000000 #0.000000
v -0.724854 3.604492 -0.465332 1.000000 1.000000 1.000000 #0.000000
v 0.724854 3.604492 -0.465332 1.000000 1.000000 1.000000 #0.000000
v 0.000000 4.010498 -0.704590 1.000000 1.000000 1.000000 #0.000000
v 0.577881 4.057373 -0.047363 1.000000 1.000000 1.000000 #0.000000
v -0.724854 3.604492 -0.465332 1.000000 1.000000 1.000000 #0.000000
v -0.577881 4.057373 -0.047363 1.000000 1.000000 1.000000 #0.000000
v 0.000000 4.010498 -0.704590 1.000000 1.000000 1.000000 #0.000000
v 1.027100 3.550537 0.506348 1.000000 1.000000 1.000000 #0.000000
v 0.577881 4.057373 -0.047363 1.000000 1.000000 1.000000 #0.000000
v 0.000000 3.989014 0.739746 1.000000 1.000000 1.000000 #0.000000
v -1.027100 3.550537 0.506348 1.000000 1.000000 1.000000 #0.000000
v 0.000000 3.989014 0.739746 1.000000 1.000000 1.000000 #0.000000
v -0.577881 4.057373 -0.047363 1.000000 1.000000 1.000000 #0.000000
v 0.000000 4.010498 -0.704590 1.000000 1.000000 1.000000 #0.000000
v 0.000000 4.202148 -0.289063 1.000000 1.000000 1.000000 #0.000000
v 0.577881 4.057373 -0.047363 1.000000 1.000000 1.000000 #0.000000
v 1.027100 3.550537 0.506348 1.000000 1.000000 1.000000 #0.000000
v 0.963867 3.581299 -0.000977 1.000000 1.000000 1.000000 #0.000000
v 0.851074 3.779541 -0.042480 1.000000 1.000000 1.000000 #0.000000
v 0.963867 3.581299 -0.000977 1.000000 1.000000 1.000000 #0.000000
v 0.724854 3.604492 -0.465332 1.000000 1.000000 1.000000 #0.000000
v 0.851074 3.779541 -0.042480 1.000000 1.000000 1.000000 #0.000000
v 0.927979 3.309326 0.909424 1.000000 1.000000 1.000000 #0.000000
v 1.417969 3.392822 0.202148 1.000000 1.000000 1.000000 #0.000000
v 1.027100 3.550537 0.506348 1.000000 1.000000 1.000000 #0.000000
v 1.417969 3.392822 0.202148 1.000000 1.000000 1.000000 #0.000000
v 0.963867 3.581299 -0.000977 1.000000 1.000000 1.000000 #0.000000
v 1.027100 3.550537 0.506348 1.000000 1.000000 1.000000 #0.000000
v 0.964844 3.345459 -0.855713 1.000000 1.000000 1.000000 #0.000000
v 0.963867 3.581299 -0.000977 1.000000 1.000000 1.000000 #0.000000
v 1.417969 3.392822 0.202148 1.000000 1.000000 1.000000 #0.000000
v 0.964844 3.345459 -0.855713 1.000000 1.000000 1.000000 #0.000000
v 0.724854 3.604492 -0.465332 1.000000 1.000000 1.000000 #0.000000
v 0.963867 3.581299 -0.000977 1.000000 1.000000 1.000000 #0.000000
v 0.000000 4.010498 -0.704590 1.000000 1.000000 1.000000 #0.000000
v -0.577881 4.057373 -0.047363 1.000000 1.000000 1.000000 #0.000000
v 0.000000 4.202148 -0.289063 1.000000 1.000000 1.000000 #0.000000
v -1.027100 3.550537 0.506348 1.000000 1.000000 1.000000 #0.000000
v -0.851074 3.779541 -0.042480 1.000000 1.000000 1.000000 #0.000000
v -0.963867 3.581299 -0.000977 1.000000 1.000000 1.000000 #0.000000
v -0.963867 3.581299 -0.000977 1.000000 1.000000 1.000000 #0.000000
v -0.851074 3.779541 -0.042480 1.000000 1.000000 1.000000 #0.000000
v -0.724854 3.604492 -0.465332 1.000000 1.000000 1.000000 #0.000000
v -0.927979 3.309326 0.909424 1.000000 1.000000 1.000000 #0.000000
v -1.027100 3.550537 0.506348 1.000000 1.000000 1.000000 #0.000000
v -1.417969 3.392822 0.202148 1.000000 1.000000 1.000000 #0.000000
v -1.417969 3.392822 0.202148 1.000000 1.000000 1.000000 #0.000000
v -1.027100 3.550537 0.506348 1.000000 1.000000 1.000000 #0.000000
v -0.963867 3.581299 -0.000977 1.000000 1.000000 1.000000 #0.000000
v -0.964844 3.345459 -0.855713 1.000000 1.000000 1.000000 #0.000000
v -1.417969 3.392822 0.202148 1.000000 1.000000 1.000000 #0.000000
v -0.963867 3.581299 -0.000977 1.000000 1.000000 1.000000 #0.000000
v 1.038330 3.054443 0.002441 1.000000 1.000000 1.000000 #0.000000
v 0.868408 3.489990 0.002441 1.000000 1.000000 1.000000 #0.000000
v 0.692383 3.444824 0.484131 1.000000 1.000000 1.000000 #0.000000
v 1.038330 3.054443 0.002441 1.000000 1.000000 1.000000 #0.000000
v 0.692383 3.444824 -0.578125 1.000000 1.000000 1.000000 #0.000000
v 0.868408 3.489990 0.002441 1.000000 1.000000 1.000000 #0.000000
v 1.417969 3.392822 0.202148 1.000000 1.000000 1.000000 #0.000000
v 0.692383 3.444824 0.484131 1.000000 1.000000 1.000000 #0.000000
v 0.868408 3.489990 0.002441 1.000000 1.000000 1.000000 #0.000000
v 0.964844 3.345459 -0.855713 1.000000 1.000000 1.000000 #0.000000
v 0.692383 3.444824 -0.578125 1.000000 1.000000 1.000000 #0.000000
v 0.363037 3.414551 -0.772949 1.000000 1.000000 1.000000 #0.000000
v 0.964844 3.345459 -0.855713 1.000000 1.000000 1.000000 #0.000000
v 1.417969 3.392822 0.202148 1.000000 1.000000 1.000000 #0.000000
v 0.692383 3.444824 -0.578125 1.000000 1.000000 1.000000 #0.000000
v 1.417969 3.392822 0.202148 1.000000 1.000000 1.000000 #0.000000
v 0.868408 3.489990 0.002441 1.000000 1.000000 1.000000 #0.000000
v 0.692383 3.444824 -0.578125 1.000000 1.000000 1.000000 #0.000000
v 0.927979 3.309326 0.909424 1.000000 1.000000 1.000000 #0.000000
v 0.692383 3.444824 0.484131 1.000000 1.000000 1.000000 #0.000000
v 1.417969 3.392822 0.202148 1.000000 1.000000 1.000000 #0.000000
v 0.927979 3.309326 0.909424 1.000000 1.000000 1.000000 #0.000000
v 0.446289 3.357910 0.805420 1.000000 1.000000 1.000000 #0.000000
v 0.692383 3.444824 0.484131 1.000000 1.000000 1.000000 #0.000000
vt 0.911377 0.693604 0.000000
vt 0.911377 0.520020 0.000000
vt 0.646484 0.520020 0.000000
vt 0.911377 0.693604 0.000000
vt 0.646484 0.520020 0.000000
vt 0.646484 0.693604 0.000000
vt 0.911377 0.693604 0.000000
vt 0.646484 0.520020 0.000000
vt 0.911377 0.520020 0.000000
vt 0.911377 0.693604 0.000000
vt 0.646484 0.693604 0.000000
vt 0.646484 0.520020 0.000000
vt 0.713623 0.448730 0.000000
vt 0.713623 0.338867 0.000000
vt 0.848877 0.426025 0.000000
vt 0.713623 0.343018 0.000000
vt 0.821533 0.311523 0.000000
vt 0.713623 0.300537 0.000000
vt 0.821533 0.311523 0.000000
vt 0.713623 0.301270 0.000000
vt 0.713623 0.300537 0.000000
vt 0.713623 0.437012 0.000000
vt 0.905273 0.434570 0.000000
vt 0.713623 0.343018 0.000000
vt 0.713623 0.506348 0.000000
vt 0.713623 0.448730 0.000000
vt 0.848877 0.426025 0.000000
vt 0.713623 0.506348 0.000000
vt 0.848877 0.426025 0.000000
vt 0.893799 0.491211 0.000000
vt 0.713623 0.506348 0.000000
vt 0.905273 0.434570 0.000000
vt 0.713623 0.437012 0.000000
vt 0.713623 0.506348 0.000000
vt 0.886963 0.493164 0.000000
vt 0.905273 0.434570 0.000000
vt 0.713623 0.448730 0.000000
vt 0.578125 0.426025 0.000000
vt 0.713623 0.338867 0.000000
vt 0.713623 0.343018 0.000000
vt 0.713623 0.300537 0.000000
vt 0.605713 0.311523 0.000000
vt 0.605713 0.311523 0.000000
vt 0.713623 0.300537 0.000000
vt 0.713623 0.301270 0.000000
vt 0.713623 0.437012 0.000000
vt 0.713623 0.343018 0.000000
vt 0.521729 0.434570 0.000000
vt 0.713623 0.506348 0.000000
vt 0.578125 0.426025 0.000000
vt 0.713623 0.448730 0.000000
vt 0.713623 0.506348 0.000000
vt 0.533447 0.491211 0.000000
vt 0.578125 0.426025 0.000000
vt 0.713623 0.506348 0.000000
vt 0.713623 0.437012 0.000000
vt 0.521729 0.434570 0.000000
vt 0.713623 0.506348 0.000000
vt 0.521729 0.434570 0.000000
vt 0.540283 0.493164 0.000000
vt 0.116699 0.381836 0.000000
vt 0.055176 0.323975 0.000000
vt 0.088623 0.310547 0.000000
vt 0.067871 0.379150 0.000000
vt 0.088623 0.310547 0.000000
vt 0.055176 0.323975 0.000000
vt 0.067871 0.379150 0.000000
vt 0.055420 0.302490 0.000000
vt 0.088623 0.310547 0.000000
vt 0.116699 0.381836 0.000000
vt 0.088623 0.310547 0.000000
vt 0.121826 0.265869 0.000000
vt 0.088623 0.310547 0.000000
vt 0.055420 0.302490 0.000000
vt 0.121826 0.265869 0.000000
vt 0.116699 0.381836 0.000000
vt 0.089844 0.280029 0.000000
vt 0.055176 0.323975 0.000000
vt 0.067871 0.379150 0.000000
vt 0.055176 0.323975 0.000000
vt 0.055420 0.302490 0.000000
vt 0.028320 0.355713 0.000000
vt 0.055420 0.302490 0.000000
vt 0.055176 0.323975 0.000000
vt 0.028320 0.355713 0.000000
vt 0.026367 0.286865 0.000000
vt 0.055420 0.302490 0.000000
vt 0.028320 0.355713 0.000000
vt 0.055176 0.323975 0.000000
vt 0.026367 0.286865 0.000000
vt 0.004395 0.297852 0.000000
vt 0.060791 0.234619 0.000000
vt 0.026367 0.286865 0.000000
vt 0.004395 0.297852 0.000000
vt 0.044434 0.197998 0.000000
vt 0.060791 0.234619 0.000000
vt 0.004395 0.297852 0.000000
vt 0.026367 0.286865 0.000000
vt 0.044434 0.197998 0.000000
vt 0.055420 0.302490 0.000000
vt 0.060791 0.234619 0.000000
vt 0.121826 0.265869 0.000000
vt 0.055420 0.302490 0.000000
vt 0.026367 0.286865 0.000000
vt 0.060791 0.234619 0.000000
vt 0.055176 0.323975 0.000000
vt 0.089844 0.280029 0.000000
vt 0.026367 0.286865 0.000000
vt 0.116699 0.381836 0.000000
vt 0.121826 0.265869 0.000000
vt 0.089844 0.280029 0.000000
vt 0.060791 0.234619 0.000000
vt 0.044434 0.197998 0.000000
vt 0.099365 0.147217 0.000000
vt 0.026367 0.286865 0.000000
vt 0.099854 0.198242 0.000000
vt 0.044434 0.197998 0.000000
vt 0.089844 0.280029 0.000000
vt 0.099854 0.198242 0.000000
vt 0.026367 0.286865 0.000000
vt 0.099854 0.198242 0.000000
vt 0.099365 0.147217 0.000000
vt 0.044434 0.197998 0.000000
vt 0.099854 0.198242 0.000000
vt 0.128174 0.144775 0.000000
vt 0.099365 0.147217 0.000000
vt 0.121826 0.265869 0.000000
vt 0.060791 0.234619 0.000000
vt 0.120361 0.209717 0.000000
vt 0.120361 0.209717 0.000000
vt 0.060791 0.234619 0.000000
vt 0.099365 0.147217 0.000000
vt 0.120361 0.209717 0.000000
vt 0.099365 0.147217 0.000000
vt 0.128174 0.144775 0.000000
vt 0.089844 0.280029 0.000000
vt 0.120361 0.209717 0.000000
vt 0.099854 0.198242 0.000000
vt 0.121826 0.265869 0.000000
vt 0.120361 0.209717 0.000000
vt 0.089844 0.280029 0.000000
vt 0.120361 0.209717 0.000000
vt 0.128174 0.144775 0.000000
vt 0.099854 0.198242 0.000000
vt 0.164551 0.296875 0.000000
vt 0.193115 0.288086 0.000000
vt 0.189941 0.125732 0.000000
vt 0.164551 0.296875 0.000000
vt 0.189941 0.125732 0.000000
vt 0.178467 0.115723 0.000000
vt 0.230225 0.310547 0.000000
vt 0.164551 0.296875 0.000000
vt 0.178467 0.115723 0.000000
vt 0.150391 0.378662 0.000000
vt 0.164551 0.296875 0.000000
vt 0.230225 0.310547 0.000000
vt 0.150391 0.378662 0.000000
vt 0.193115 0.288086 0.000000
vt 0.164551 0.296875 0.000000
vt 0.193115 0.288086 0.000000
vt 0.491699 0.288086 0.000000
vt 0.494629 0.125732 0.000000
vt 0.193115 0.288086 0.000000
vt 0.494629 0.125732 0.000000
vt 0.189941 0.125732 0.000000
vt 0.189941 0.125732 0.000000
vt 0.199951 0.023438 0.000000
vt 0.002686 0.060059 0.000000
vt 0.002686 0.060059 0.000000
vt 0.199951 0.023438 0.000000
vt 0.017090 0.019287 0.000000
vt 0.189941 0.125732 0.000000
vt 0.027832 0.083008 0.000000
vt 0.178467 0.115723 0.000000
vt 0.189941 0.125732 0.000000
vt 0.002686 0.060059 0.000000
vt 0.027832 0.083008 0.000000
vt 0.027832 0.083008 0.000000
vt 0.017090 0.019287 0.000000
vt 0.199951 0.023438 0.000000
vt 0.178467 0.115723 0.000000
vt 0.027832 0.083008 0.000000
vt 0.199951 0.023438 0.000000
vt 0.342285 0.398193 0.000000
vt 0.491699 0.288086 0.000000
vt 0.193115 0.288086 0.000000
vt 0.194580 0.427979 0.000000
vt 0.342285 0.398193 0.000000
vt 0.193115 0.288086 0.000000
vt 0.194580 0.427979 0.000000
vt 0.193115 0.288086 0.000000
vt 0.150391 0.378662 0.000000
vt 0.197754 0.451660 0.000000
vt 0.194580 0.427979 0.000000
vt 0.150391 0.378662 0.000000
vt 0.494629 0.125732 0.000000
vt 0.199951 0.023438 0.000000
vt 0.189941 0.125732 0.000000
vt 0.197754 0.451660 0.000000
vt 0.342285 0.398193 0.000000
vt 0.194580 0.427979 0.000000
vt 0.197754 0.451660 0.000000
vt 0.296875 0.399902 0.000000
vt 0.342285 0.398193 0.000000
vt 0.027832 0.083008 0.000000
vt 0.002686 0.060059 0.000000
vt 0.017090 0.019287 0.000000
vt 0.520264 0.296875 0.000000
vt 0.494629 0.125732 0.000000
vt 0.491699 0.288086 0.000000
vt 0.520264 0.296875 0.000000
vt 0.506104 0.115723 0.000000
vt 0.494629 0.125732 0.000000
vt 0.454346 0.310547 0.000000
vt 0.506104 0.115723 0.000000
vt 0.520264 0.296875 0.000000
vt 0.534424 0.378662 0.000000
vt 0.454346 0.310547 0.000000
vt 0.520264 0.296875 0.000000
vt 0.534424 0.378662 0.000000
vt 0.520264 0.296875 0.000000
vt 0.491699 0.288086 0.000000
vt 0.494629 0.125732 0.000000
vt 0.681885 0.060059 0.000000
vt 0.484863 0.023438 0.000000
vt 0.681885 0.060059 0.000000
vt 0.667725 0.019287 0.000000
vt 0.484863 0.023438 0.000000
vt 0.494629 0.125732 0.000000
vt 0.506104 0.115723 0.000000
vt 0.656982 0.083008 0.000000
vt 0.494629 0.125732 0.000000
vt 0.656982 0.083008 0.000000
vt 0.681885 0.060059 0.000000
vt 0.656982 0.083008 0.000000
vt 0.484863 0.023438 0.000000
vt 0.667725 0.019287 0.000000
vt 0.506104 0.115723 0.000000
vt 0.484863 0.023438 0.000000
vt 0.656982 0.083008 0.000000
vt 0.387939 0.399902 0.000000
vt 0.230225 0.310547 0.000000
vt 0.454346 0.310547 0.000000
vt 0.296875 0.399902 0.000000
vt 0.230225 0.310547 0.000000
vt 0.387939 0.399902 0.000000
vt 0.454346 0.310547 0.000000
vt 0.230225 0.310547 0.000000
vt 0.178467 0.115723 0.000000
vt 0.454346 0.310547 0.000000
vt 0.178467 0.115723 0.000000
vt 0.506104 0.115723 0.000000
vt 0.490234 0.427979 0.000000
vt 0.491699 0.288086 0.000000
vt 0.342285 0.398193 0.000000
vt 0.490234 0.427979 0.000000
vt 0.534424 0.378662 0.000000
vt 0.491699 0.288086 0.000000
vt 0.487061 0.451660 0.000000
vt 0.534424 0.378662 0.000000
vt 0.490234 0.427979 0.000000
vt 0.494629 0.125732 0.000000
vt 0.484863 0.023438 0.000000
vt 0.199951 0.023438 0.000000
vt 0.487061 0.451660 0.000000
vt 0.490234 0.427979 0.000000
vt 0.342285 0.398193 0.000000
vt 0.296875 0.399902 0.000000
vt 0.387939 0.399902 0.000000
vt 0.342285 0.398193 0.000000
vt 0.487061 0.451660 0.000000
vt 0.342285 0.398193 0.000000
vt 0.387939 0.399902 0.000000
vt 0.656982 0.083008 0.000000
vt 0.667725 0.019287 0.000000
vt 0.681885 0.060059 0.000000
vt 0.178467 0.115723 0.000000
vt 0.484863 0.023438 0.000000
vt 0.506104 0.115723 0.000000
vt 0.178467 0.115723 0.000000
vt 0.199951 0.023438 0.000000
vt 0.484863 0.023438 0.000000
vt 0.169189 0.635010 0.000000
vt 0.026123 0.554932 0.000000
vt 0.173584 0.561035 0.000000
vt 0.169189 0.635010 0.000000
vt 0.030762 0.635010 0.000000
vt 0.026123 0.554932 0.000000
vt 0.029053 0.611328 0.000000
vt 0.026123 0.554932 0.000000
vt 0.006348 0.545898 0.000000
vt 0.026123 0.554932 0.000000
vt 0.006348 0.514893 0.000000
vt 0.006348 0.545898 0.000000
vt 0.020020 0.495850 0.000000
vt 0.136963 0.426514 0.000000
vt 0.080811 0.402100 0.000000
vt 0.020020 0.495850 0.000000
vt 0.146973 0.477295 0.000000
vt 0.136963 0.426514 0.000000
vt 0.029053 0.611328 0.000000
vt 0.006348 0.545898 0.000000
vt 0.006348 0.611328 0.000000
vt 0.020020 0.495850 0.000000
vt 0.080811 0.402100 0.000000
vt 0.020020 0.436035 0.000000
vt 0.006348 0.558350 0.000000
vt 0.006348 0.514893 0.000000
vt 0.026123 0.554932 0.000000
vt 0.030762 0.635010 0.000000
vt 0.006348 0.558350 0.000000
vt 0.026123 0.554932 0.000000
vt 0.030762 0.635010 0.000000
vt 0.006348 0.635010 0.000000
vt 0.006348 0.558350 0.000000
vt 0.029053 0.611328 0.000000
vt 0.173584 0.561035 0.000000
vt 0.026123 0.554932 0.000000
vt 0.186035 0.617432 0.000000
vt 0.173584 0.561035 0.000000
vt 0.029053 0.611328 0.000000
vt 0.006348 0.677734 0.000000
vt 0.029053 0.611328 0.000000
vt 0.006348 0.611328 0.000000
vt 0.202393 0.677734 0.000000
vt 0.029053 0.611328 0.000000
vt 0.006348 0.677734 0.000000
vt 0.202393 0.677734 0.000000
vt 0.186035 0.617432 0.000000
vt 0.029053 0.611328 0.000000
vt 0.202393 0.677734 0.000000
vt 0.006348 0.677734 0.000000
vt 0.030762 0.635010 0.000000
vt 0.202393 0.677734 0.000000
vt 0.030762 0.635010 0.000000
vt 0.169189 0.635010 0.000000
vt 0.006348 0.677734 0.000000
vt 0.006348 0.635010 0.000000
vt 0.030762 0.635010 0.000000
vt 0.097412 0.529297 0.000000
vt 0.146973 0.477295 0.000000
vt 0.020020 0.495850 0.000000
vt 0.169189 0.635010 0.000000
vt 0.173584 0.561035 0.000000
vt 0.026123 0.554932 0.000000
vt 0.030762 0.635010 0.000000
vt 0.169189 0.635010 0.000000
vt 0.026123 0.554932 0.000000
vt 0.029053 0.611328 0.000000
vt 0.006348 0.545898 0.000000
vt 0.026123 0.554932 0.000000
vt 0.026123 0.554932 0.000000
vt 0.006348 0.545898 0.000000
vt 0.006348 0.514893 0.000000
vt 0.020020 0.495850 0.000000
vt 0.080811 0.402100 0.000000
vt 0.136963 0.426514 0.000000
vt 0.020020 0.495850 0.000000
vt 0.136963 0.426514 0.000000
vt 0.146973 0.477295 0.000000
vt 0.006348 0.611328 0.000000
vt 0.006348 0.545898 0.000000
vt 0.029053 0.611328 0.000000
vt 0.020020 0.495850 0.000000
vt 0.020020 0.436035 0.000000
vt 0.080811 0.402100 0.000000
vt 0.006348 0.558350 0.000000
vt 0.026123 0.554932 0.000000
vt 0.006348 0.514893 0.000000
vt 0.030762 0.635010 0.000000
vt 0.026123 0.554932 0.000000
vt 0.006348 0.558350 0.000000
vt 0.006348 0.635010 0.000000
vt 0.030762 0.635010 0.000000
vt 0.006348 0.558350 0.000000
vt 0.029053 0.611328 0.000000
vt 0.026123 0.554932 0.000000
vt 0.173584 0.561035 0.000000
vt 0.029053 0.611328 0.000000
vt 0.173584 0.561035 0.000000
vt 0.186035 0.617432 0.000000
vt 0.006348 0.677734 0.000000
vt 0.006348 0.611328 0.000000
vt 0.029053 0.611328 0.000000
vt 0.006348 0.677734 0.000000
vt 0.029053 0.611328 0.000000
vt 0.202393 0.677734 0.000000
vt 0.202393 0.677734 0.000000
vt 0.029053 0.611328 0.000000
vt 0.186035 0.617432 0.000000
vt 0.006348 0.677734 0.000000
vt 0.202393 0.677734 0.000000
vt 0.030762 0.635010 0.000000
vt 0.202393 0.677734 0.000000
vt 0.169189 0.635010 0.000000
vt 0.030762 0.635010 0.000000
vt 0.006348 0.677734 0.000000
vt 0.030762 0.635010 0.000000
vt 0.006348 0.635010 0.000000
vt 0.097412 0.529297 0.000000
vt 0.020020 0.495850 0.000000
vt 0.146973 0.477295 0.000000
vt 0.650635 0.244873 0.000000
vt 0.948486 0.211182 0.000000
vt 0.650635 0.211182 0.000000
vt 0.967773 0.244873 0.000000
vt 0.948486 0.211182 0.000000
vt 0.948486 0.244873 0.000000
vt 0.948486 0.278564 0.000000
vt 0.967773 0.244873 0.000000
vt 0.948486 0.244873 0.000000
vt 0.948486 0.278564 0.000000
vt 0.948486 0.244873 0.000000
vt 0.650635 0.244873 0.000000
vt 0.650635 0.278564 0.000000
vt 0.948486 0.278564 0.000000
vt 0.650635 0.244873 0.000000
vt 0.650635 0.244873 0.000000
vt 0.948486 0.244873 0.000000
vt 0.948486 0.211182 0.000000
vt 0.948486 0.244873 0.000000
vt 0.948486 0.211182 0.000000
vt 0.967773 0.244873 0.000000
vt 0.948486 0.278564 0.000000
vt 0.948486 0.244873 0.000000
vt 0.967773 0.244873 0.000000
vt 0.948486 0.278564 0.000000
vt 0.650635 0.244873 0.000000
vt 0.948486 0.244873 0.000000
vt 0.650635 0.278564 0.000000
vt 0.650635 0.244873 0.000000
vt 0.948486 0.278564 0.000000
vt 0.650635 0.244873 0.000000
vt 0.948486 0.211182 0.000000
vt 0.948486 0.244873 0.000000
vt 0.650635 0.244873 0.000000
vt 0.650635 0.211182 0.000000
vt 0.948486 0.211182 0.000000
vt 0.989990 0.106689 0.000000
vt 0.989990 0.106689 0.000000
vt 0.989990 0.196289 0.000000
vt 0.989990 0.106689 0.000000
vt 0.989990 0.196289 0.000000
vt 0.989990 0.196289 0.000000
vt 0.802490 0.008545 0.000000
vt 0.807129 0.091309 0.000000
vt 0.802490 0.008545 0.000000
vt 0.802490 0.008545 0.000000
vt 0.807129 0.091309 0.000000
vt 0.807129 0.091309 0.000000
vt 0.843994 0.006104 0.000000
vt 0.808594 0.089844 0.000000
vt 0.845947 0.094482 0.000000
vt 0.806641 0.013672 0.000000
vt 0.808594 0.089844 0.000000
vt 0.843994 0.006104 0.000000
vt 0.652832 0.191650 0.000000
vt 0.697998 0.195068 0.000000
vt 0.656006 0.109619 0.000000
vt 0.697998 0.195068 0.000000
vt 0.696777 0.105957 0.000000
vt 0.656006 0.109619 0.000000
vt 0.804443 0.196045 0.000000
vt 0.852051 0.197754 0.000000
vt 0.804199 0.108398 0.000000
vt 0.852051 0.197754 0.000000
vt 0.851318 0.106689 0.000000
vt 0.804199 0.108398 0.000000
vt 0.852051 0.197754 0.000000
vt 0.989990 0.196289 0.000000
vt 0.989990 0.106689 0.000000
vt 0.852051 0.197754 0.000000
vt 0.989990 0.106689 0.000000
vt 0.851318 0.106689 0.000000
vt 0.982422 0.098389 0.000000
vt 0.982178 0.008789 0.000000
vt 0.802490 0.008545 0.000000
vt 0.982422 0.098389 0.000000
vt 0.802490 0.008545 0.000000
vt 0.807129 0.091309 0.000000
vt 0.845947 0.094482 0.000000
vt 0.981689 0.093018 0.000000
vt 0.980957 0.003906 0.000000
vt 0.843994 0.006104 0.000000
vt 0.845947 0.094482 0.000000
vt 0.980957 0.003906 0.000000
vt 0.696777 0.105957 0.000000
vt 0.804443 0.196045 0.000000
vt 0.804199 0.108398 0.000000
vt 0.697998 0.195068 0.000000
vt 0.804443 0.196045 0.000000
vt 0.696777 0.105957 0.000000
vt 0.757324 0.093506 0.000000
vt 0.827637 0.095703 0.000000
vt 0.759277 0.011963 0.000000
vt 0.827637 0.095703 0.000000
vt 0.821289 0.007324 0.000000
vt 0.759277 0.011963 0.000000
vt 0.827637 0.095703 0.000000
vt 0.759277 0.011963 0.000000
vt 0.821289 0.007324 0.000000
vt 0.757324 0.093506 0.000000
vt 0.759277 0.011963 0.000000
vt 0.827637 0.095703 0.000000
vt 0.996338 0.357178 0.000000
vt 0.871338 0.357178 0.000000
vt 0.933838 0.291992 0.000000
vt 0.933838 0.423584 0.000000
vt 0.871338 0.357178 0.000000
vt 0.996338 0.357178 0.000000
vt 0.971436 0.088623 0.000000
vt 0.974609 0.013916 0.000000
vt 0.780273 0.013184 0.000000
vt 0.971436 0.088623 0.000000
vt 0.780273 0.013184 0.000000
vt 0.780029 0.086914 0.000000
vt 0.971436 0.088623 0.000000
vt 0.780029 0.086914 0.000000
vt 0.780273 0.013184 0.000000
vt 0.971436 0.088623 0.000000
vt 0.780273 0.013184 0.000000
vt 0.974609 0.013916 0.000000
vt 0.821289 0.007324 0.000000
vt 0.981445 0.094727 0.000000
vt 0.964111 0.006104 0.000000
vt 0.827637 0.095703 0.000000
vt 0.981445 0.094727 0.000000
vt 0.821289 0.007324 0.000000
vt 0.821289 0.007324 0.000000
vt 0.964111 0.006104 0.000000
vt 0.981445 0.094727 0.000000
vt 0.827637 0.095703 0.000000
vt 0.821289 0.007324 0.000000
vt 0.981445 0.094727 0.000000
vt 0.989990 0.106689 0.000000
vt 0.989990 0.106689 0.000000
vt 0.989990 0.196289 0.000000
vt 0.989990 0.106689 0.000000
vt 0.989990 0.196289 0.000000
vt 0.989990 0.196289 0.000000
vt 0.802490 0.008545 0.000000
vt 0.807129 0.091309 0.000000
vt 0.802490 0.008545 0.000000
vt 0.802490 0.008545 0.000000
vt 0.807129 0.091309 0.000000
vt 0.807129 0.091309 0.000000
vt 0.322998 0.907471 0.000000
vt 0.166748 0.907471 0.000000
vt 0.317627 0.721436 0.000000
vt 0.166748 0.907471 0.000000
vt 0.172119 0.721436 0.000000
vt 0.317627 0.721436 0.000000
vt 0.833496 0.885986 0.000000
vt 0.822754 0.738037 0.000000
vt 0.643555 0.738037 0.000000
vt 0.833496 0.885986 0.000000
vt 0.643555 0.738037 0.000000
vt 0.632813 0.885986 0.000000
vt 0.843018 0.978271 0.000000
vt 0.833496 0.885986 0.000000
vt 0.632813 0.885986 0.000000
vt 0.833496 0.885986 0.000000
vt 0.923584 0.872803 0.000000
vt 0.914307 0.803467 0.000000
vt 0.895996 0.940430 0.000000
vt 0.923584 0.872803 0.000000
vt 0.833496 0.885986 0.000000
vt 0.843018 0.978271 0.000000
vt 0.895996 0.940430 0.000000
vt 0.833496 0.885986 0.000000
vt 0.632813 0.885986 0.000000
vt 0.643555 0.738037 0.000000
vt 0.552002 0.803467 0.000000
vt 0.632813 0.885986 0.000000
vt 0.552002 0.803467 0.000000
vt 0.542725 0.872803 0.000000
vt 0.570313 0.940430 0.000000
vt 0.632813 0.885986 0.000000
vt 0.542725 0.872803 0.000000
vt 0.895996 0.940430 0.000000
vt 0.972656 0.874756 0.000000
vt 0.923584 0.872803 0.000000
vt 0.937744 0.950928 0.000000
vt 0.972656 0.874756 0.000000
vt 0.895996 0.940430 0.000000
vt 0.972656 0.874756 0.000000
vt 0.914307 0.803467 0.000000
vt 0.923584 0.872803 0.000000
vt 0.407715 0.934814 0.000000
vt 0.435303 0.867188 0.000000
vt 0.484375 0.869141 0.000000
vt 0.484375 0.869141 0.000000
vt 0.435303 0.867188 0.000000
vt 0.426025 0.797852 0.000000
vt 0.484375 0.869141 0.000000
vt 0.426025 0.797852 0.000000
vt 0.468262 0.791992 0.000000
vt 0.570313 0.940430 0.000000
vt 0.542725 0.872803 0.000000
vt 0.493652 0.874756 0.000000
vt 0.493652 0.874756 0.000000
vt 0.542725 0.872803 0.000000
vt 0.552002 0.803467 0.000000
vt 0.493652 0.874756 0.000000
vt 0.552002 0.803467 0.000000
vt 0.509766 0.797607 0.000000
vt 0.082031 0.934814 0.000000
vt 0.005371 0.869141 0.000000
vt 0.054443 0.867188 0.000000
vt 0.005371 0.869141 0.000000
vt 0.063721 0.797852 0.000000
vt 0.054443 0.867188 0.000000
vt 0.005371 0.869141 0.000000
vt 0.021484 0.791992 0.000000
vt 0.063721 0.797852 0.000000
vt 0.833496 0.885986 0.000000
vt 0.914307 0.803467 0.000000
vt 0.822754 0.738037 0.000000
vt 0.914307 0.803467 0.000000
vt 0.872070 0.720947 0.000000
vt 0.822754 0.738037 0.000000
vt 0.865479 0.993652 0.000000
vt 0.895996 0.940430 0.000000
vt 0.843018 0.978271 0.000000
vt 0.865479 0.993652 0.000000
vt 0.937744 0.950928 0.000000
vt 0.895996 0.940430 0.000000
vt 0.972656 0.874756 0.000000
vt 0.956543 0.797607 0.000000
vt 0.914307 0.803467 0.000000
vt 0.914307 0.803467 0.000000
vt 0.956543 0.797607 0.000000
vt 0.872070 0.720947 0.000000
vt 0.843018 0.978271 0.000000
vt 0.632813 0.885986 0.000000
vt 0.623291 0.978271 0.000000
vt 0.552002 0.803467 0.000000
vt 0.643555 0.738037 0.000000
vt 0.594238 0.720947 0.000000
vt 0.623291 0.978271 0.000000
vt 0.632813 0.885986 0.000000
vt 0.570313 0.940430 0.000000
vt 0.865479 0.993652 0.000000
vt 0.843018 0.978271 0.000000
vt 0.623291 0.978271 0.000000
vt 0.865479 0.993652 0.000000
vt 0.623291 0.978271 0.000000
vt 0.600830 0.993652 0.000000
vt 0.600830 0.993652 0.000000
vt 0.623291 0.978271 0.000000
vt 0.570313 0.940430 0.000000
vt 0.600830 0.993652 0.000000
vt 0.570313 0.940430 0.000000
vt 0.528564 0.950928 0.000000
vt 0.528564 0.950928 0.000000
vt 0.570313 0.940430 0.000000
vt 0.493652 0.874756 0.000000
vt 0.552002 0.803467 0.000000
vt 0.594238 0.720947 0.000000
vt 0.509766 0.797607 0.000000
vt 0.509766 0.797607 0.000000
vt 0.594238 0.720947 0.000000
vt 0.558838 0.712158 0.000000
vt 0.322998 0.907471 0.000000
vt 0.317627 0.721436 0.000000
vt 0.426025 0.797852 0.000000
vt 0.322998 0.907471 0.000000
vt 0.426025 0.797852 0.000000
vt 0.435303 0.867188 0.000000
vt 0.426025 0.797852 0.000000
vt 0.317627 0.721436 0.000000
vt 0.383789 0.715332 0.000000
vt 0.407715 0.934814 0.000000
vt 0.322998 0.907471 0.000000
vt 0.435303 0.867188 0.000000
vt 0.310303 0.972656 0.000000
vt 0.322998 0.907471 0.000000
vt 0.407715 0.934814 0.000000
vt 0.377197 0.988037 0.000000
vt 0.310303 0.972656 0.000000
vt 0.407715 0.934814 0.000000
vt 0.377197 0.988037 0.000000
vt 0.407715 0.934814 0.000000
vt 0.449463 0.945313 0.000000
vt 0.449463 0.945313 0.000000
vt 0.407715 0.934814 0.000000
vt 0.484375 0.869141 0.000000
vt 0.426025 0.797852 0.000000
vt 0.383789 0.715332 0.000000
vt 0.468262 0.791992 0.000000
vt 0.166748 0.907471 0.000000
vt 0.063721 0.797852 0.000000
vt 0.172119 0.721436 0.000000
vt 0.166748 0.907471 0.000000
vt 0.054443 0.867188 0.000000
vt 0.063721 0.797852 0.000000
vt 0.310303 0.972656 0.000000
vt 0.166748 0.907471 0.000000
vt 0.322998 0.907471 0.000000
vt 0.310303 0.972656 0.000000
vt 0.179443 0.972656 0.000000
vt 0.166748 0.907471 0.000000
vt 0.063721 0.797852 0.000000
vt 0.105957 0.715332 0.000000
vt 0.172119 0.721436 0.000000
vt 0.082031 0.934814 0.000000
vt 0.054443 0.867188 0.000000
vt 0.166748 0.907471 0.000000
vt 0.179443 0.972656 0.000000
vt 0.082031 0.934814 0.000000
vt 0.166748 0.907471 0.000000
vt 0.377197 0.988037 0.000000
vt 0.179443 0.972656 0.000000
vt 0.310303 0.972656 0.000000
vt 0.377197 0.988037 0.000000
vt 0.112549 0.988037 0.000000
vt 0.179443 0.972656 0.000000
vt 0.112549 0.988037 0.000000
vt 0.082031 0.934814 0.000000
vt 0.179443 0.972656 0.000000
vt 0.112549 0.988037 0.000000
vt 0.040283 0.945313 0.000000
vt 0.082031 0.934814 0.000000
vt 0.040283 0.945313 0.000000
vt 0.005371 0.869141 0.000000
vt 0.082031 0.934814 0.000000
vt 0.063721 0.797852 0.000000
vt 0.021484 0.791992 0.000000
vt 0.105957 0.715332 0.000000
vt 0.021484 0.791992 0.000000
vt 0.070557 0.706543 0.000000
vt 0.105957 0.715332 0.000000
vt 0.305908 0.650391 0.000000
vt 0.375000 0.580322 0.000000
vt 0.219238 0.581787 0.000000
vt 0.279053 0.700928 0.000000
vt 0.305908 0.650391 0.000000
vt 0.219238 0.581787 0.000000
vt 0.336182 0.681885 0.000000
vt 0.464844 0.637939 0.000000
vt 0.390137 0.581055 0.000000
vt 0.464844 0.637939 0.000000
vt 0.464844 0.507568 0.000000
vt 0.390137 0.581055 0.000000
vt 0.347900 0.423584 0.000000
vt 0.219238 0.581787 0.000000
vt 0.375000 0.490967 0.000000
vt 0.375000 0.490967 0.000000
vt 0.219238 0.581787 0.000000
vt 0.375000 0.580322 0.000000
vt 0.464844 0.637939 0.000000
vt 0.560059 0.594727 0.000000
vt 0.464844 0.507568 0.000000
vt 0.631836 0.695313 0.000000
vt 0.560059 0.594727 0.000000
vt 0.464844 0.637939 0.000000
vt 0.305908 0.650391 0.000000
vt 0.219238 0.581787 0.000000
vt 0.375000 0.580322 0.000000
vt 0.279053 0.700928 0.000000
vt 0.219238 0.581787 0.000000
vt 0.305908 0.650391 0.000000
vt 0.336182 0.681885 0.000000
vt 0.390137 0.581055 0.000000
vt 0.464844 0.637939 0.000000
vt 0.464844 0.637939 0.000000
vt 0.390137 0.581055 0.000000
vt 0.464844 0.507568 0.000000
vt 0.347900 0.423584 0.000000
vt 0.375000 0.490967 0.000000
vt 0.219238 0.581787 0.000000
vt 0.375000 0.490967 0.000000
vt 0.375000 0.580322 0.000000
vt 0.219238 0.581787 0.000000
vt 0.464844 0.637939 0.000000
vt 0.464844 0.507568 0.000000
vt 0.560059 0.594727 0.000000
vt 0.631836 0.695313 0.000000
vt 0.464844 0.637939 0.000000
vt 0.560059 0.594727 0.000000
vt 0.579590 0.249512 0.000000
vt 0.612061 0.237793 0.000000
vt 0.591797 0.234619 0.000000
vt 0.579590 0.158203 0.000000
vt 0.594482 0.174561 0.000000
vt 0.608398 0.170654 0.000000
vt 0.579590 0.158203 0.000000
vt 0.564453 0.174561 0.000000
vt 0.594482 0.174561 0.000000
vt 0.579590 0.249512 0.000000
vt 0.591797 0.234619 0.000000
vt 0.567139 0.234619 0.000000
vt 0.531738 0.205078 0.000000
vt 0.550293 0.205078 0.000000
vt 0.556152 0.186768 0.000000
vt 0.579590 0.249512 0.000000
vt 0.567139 0.234619 0.000000
vt 0.546875 0.237793 0.000000
vt 0.546875 0.237793 0.000000
vt 0.567139 0.234619 0.000000
vt 0.556152 0.227295 0.000000
vt 0.546875 0.237793 0.000000
vt 0.556152 0.227295 0.000000
vt 0.531738 0.205078 0.000000
vt 0.531738 0.205078 0.000000
vt 0.556152 0.227295 0.000000
vt 0.550293 0.205078 0.000000
vt 0.550781 0.170654 0.000000
vt 0.531738 0.205078 0.000000
vt 0.556152 0.186768 0.000000
vt 0.550781 0.170654 0.000000
vt 0.556152 0.186768 0.000000
vt 0.564453 0.174561 0.000000
vt 0.579590 0.158203 0.000000
vt 0.550781 0.170654 0.000000
vt 0.564453 0.174561 0.000000
vt 0.533447 0.491211 0.000000
vt 0.533447 0.431885 0.000000
vt 0.578125 0.426025 0.000000
vt 0.848877 0.426025 0.000000
vt 0.713623 0.338867 0.000000
vt 0.821533 0.312012 0.000000
vt 0.578125 0.426025 0.000000
vt 0.605713 0.312012 0.000000
vt 0.713623 0.338867 0.000000
vt 0.905273 0.434570 0.000000
vt 0.821533 0.311523 0.000000
vt 0.713623 0.343018 0.000000
vt 0.521729 0.434570 0.000000
vt 0.713623 0.343018 0.000000
vt 0.605713 0.311523 0.000000
vt 0.713623 0.338867 0.000000
vt 0.713623 0.300537 0.000000
vt 0.821533 0.312012 0.000000
vt 0.905273 0.434570 0.000000
vt 0.893555 0.427002 0.000000
vt 0.872559 0.378906 0.000000
vt 0.893555 0.431885 0.000000
vt 0.848877 0.426025 0.000000
vt 0.872559 0.381836 0.000000
vt 0.886963 0.493164 0.000000
vt 0.978271 0.472900 0.000000
vt 0.905273 0.434570 0.000000
vt 0.978271 0.472900 0.000000
vt 0.893555 0.427002 0.000000
vt 0.905273 0.434570 0.000000
vt 0.893799 0.491211 0.000000
vt 0.893555 0.431885 0.000000
vt 0.978271 0.479248 0.000000
vt 0.893799 0.491211 0.000000
vt 0.848877 0.426025 0.000000
vt 0.893555 0.431885 0.000000
vt 0.713623 0.338867 0.000000
vt 0.605713 0.312012 0.000000
vt 0.713623 0.300537 0.000000
vt 0.521729 0.434570 0.000000
vt 0.554688 0.378906 0.000000
vt 0.533447 0.427002 0.000000
vt 0.533447 0.431885 0.000000
vt 0.554688 0.381836 0.000000
vt 0.578125 0.426025 0.000000
vt 0.540283 0.493164 0.000000
vt 0.521729 0.434570 0.000000
vt 0.448730 0.472900 0.000000
vt 0.448730 0.472900 0.000000
vt 0.521729 0.434570 0.000000
vt 0.533447 0.427002 0.000000
vt 0.533447 0.491211 0.000000
vt 0.448730 0.479248 0.000000
vt 0.533447 0.431885 0.000000
vt 0.956543 0.797607 0.000000
vt 0.907471 0.712158 0.000000
vt 0.872070 0.720947 0.000000
vt 0.468262 0.791992 0.000000
vt 0.383789 0.715332 0.000000
vt 0.419189 0.706543 0.000000
vt 0.627441 0.205078 0.000000
vt 0.603027 0.186768 0.000000
vt 0.608887 0.205078 0.000000
vt 0.612061 0.237793 0.000000
vt 0.603027 0.227295 0.000000
vt 0.591797 0.234619 0.000000
vt 0.612061 0.237793 0.000000
vt 0.627441 0.205078 0.000000
vt 0.603027 0.227295 0.000000
vt 0.627441 0.205078 0.000000
vt 0.608887 0.205078 0.000000
vt 0.603027 0.227295 0.000000
vt 0.608398 0.170654 0.000000
vt 0.603027 0.186768 0.000000
vt 0.627441 0.205078 0.000000
vt 0.608398 0.170654 0.000000
vt 0.594482 0.174561 0.000000
vt 0.603027 0.186768 0.000000
vn 0.000000 0.000000 1.000000
vn 0.000000 0.000000 1.000000
vn 0.000000 0.000000 1.000000
vn 0.000000 0.000000 1.000000
vn 0.000000 0.000000 1.000000
vn 0.000000 0.000000 1.000000
vn 0.000000 0.000000 -1.000000
vn 0.000000 0.000000 -1.000000
vn 0.000000 0.000000 -1.000000
vn 0.000000 0.000000 -1.000000
vn 0.000000 0.000000 -1.000000
vn 0.000000 0.000000 -1.000000
vn -0.464844 -0.350342 -0.812988
vn -0.464844 -0.350342 -0.812988
vn -0.464844 -0.350342 -0.812988
vn -0.424072 -0.820557 0.382568
vn -0.424072 -0.820557 0.382568
vn -0.424072 -0.820557 0.382568
vn -0.244385 -0.969482 -0.004395
vn -0.244385 -0.969482 -0.004395
vn -0.244385 -0.969482 -0.004395
vn -0.358154 -0.387939 0.849121
vn -0.358154 -0.387939 0.849121
vn -0.358154 -0.387939 0.849121
vn -0.321289 -0.687744 -0.650635
vn -0.321289 -0.687744 -0.650635
vn -0.321289 -0.687744 -0.650635
vn -0.105469 -0.857422 -0.503418
vn -0.105469 -0.857422 -0.503418
vn -0.105469 -0.857422 -0.503418
vn -0.277344 -0.691406 0.666748
vn -0.277344 -0.691406 0.666748
vn -0.277344 -0.691406 0.666748
vn -0.141846 -0.833252 0.533936
vn -0.141846 -0.833252 0.533936
vn -0.141846 -0.833252 0.533936
vn 0.464844 -0.350342 -0.812988
vn 0.464844 -0.350342 -0.812988
vn 0.464844 -0.350342 -0.812988
vn 0.424072 -0.820557 0.382568
vn 0.424072 -0.820557 0.382568
vn 0.424072 -0.820557 0.382568
vn 0.244385 -0.969482 -0.004395
vn 0.244385 -0.969482 -0.004395
vn 0.244385 -0.969482 -0.004395
vn 0.358154 -0.387939 0.849121
vn 0.358154 -0.387939 0.849121
vn 0.358154 -0.387939 0.849121
vn 0.321289 -0.687744 -0.650635
vn 0.321289 -0.687744 -0.650635
vn 0.321289 -0.687744 -0.650635
vn 0.105469 -0.857422 -0.503418
vn 0.105469 -0.857422 -0.503418
vn 0.105469 -0.857422 -0.503418
vn 0.277344 -0.691406 0.666748
vn 0.277344 -0.691406 0.666748
vn 0.277344 -0.691406 0.666748
vn 0.141846 -0.833252 0.533936
vn 0.141846 -0.833252 0.533936
vn 0.141846 -0.833252 0.533936
vn 0.389648 0.371338 -0.842529
vn 0.389648 0.371338 -0.842529
vn 0.389648 0.371338 -0.842529
vn -0.366943 0.403320 0.837891
vn -0.366943 0.403320 0.837891
vn -0.366943 0.403320 0.837891
vn -0.407227 0.283447 -0.867920
vn -0.407227 0.283447 -0.867920
vn -0.407227 0.283447 -0.867920
vn -0.237549 0.355469 -0.903809
vn -0.237549 0.355469 -0.903809
vn -0.237549 0.355469 -0.903809
vn -0.284912 0.457275 -0.842285
vn -0.284912 0.457275 -0.842285
vn -0.284912 0.457275 -0.842285
vn 0.423828 0.115967 0.898193
vn 0.423828 0.115967 0.898193
vn 0.423828 0.115967 0.898193
vn 0.979980 -0.158203 -0.120117
vn 0.979980 -0.158203 -0.120117
vn 0.979980 -0.158203 -0.120117
vn -0.435303 0.845459 -0.308838
vn -0.435303 0.845459 -0.308838
vn -0.435303 0.845459 -0.308838
vn 0.669922 -0.311523 -0.673584
vn 0.669922 -0.311523 -0.673584
vn 0.669922 -0.311523 -0.673584
vn 0.214844 0.016602 0.976318
vn 0.214844 0.016602 0.976318
vn 0.214844 0.016602 0.976318
vn -0.381836 0.898193 -0.216797
vn -0.381836 0.898193 -0.216797
vn -0.381836 0.898193 -0.216797
vn 0.076172 -0.421143 -0.903564
vn 0.076172 -0.421143 -0.903564
vn 0.076172 -0.421143 -0.903564
vn 0.687500 -0.596680 0.413330
vn 0.687500 -0.596680 0.413330
vn 0.687500 -0.596680 0.413330
vn -0.292480 0.131348 -0.947021
vn -0.292480 0.131348 -0.947021
vn -0.292480 0.131348 -0.947021
vn 0.642090 -0.351318 -0.681152
vn 0.642090 -0.351318 -0.681152
vn 0.642090 -0.351318 -0.681152
vn 0.427246 0.107666 0.897461
vn 0.427246 0.107666 0.897461
vn 0.427246 0.107666 0.897461
vn -0.727783 0.162598 0.666016
vn -0.727783 0.162598 0.666016
vn -0.727783 0.162598 0.666016
vn 0.380371 -0.359375 -0.852051
vn 0.380371 -0.359375 -0.852051
vn 0.380371 -0.359375 -0.852051
vn 0.398926 -0.479492 0.781250
vn 0.398926 -0.479492 0.781250
vn 0.398926 -0.479492 0.781250
vn 0.332275 -0.263428 0.905273
vn 0.332275 -0.263428 0.905273
vn 0.332275 -0.263428 0.905273
vn 0.013672 -0.887695 0.459717
vn 0.013672 -0.887695 0.459717
vn 0.013672 -0.887695 0.459717
vn 0.113770 -0.892090 0.437012
vn 0.113770 -0.892090 0.437012
vn 0.113770 -0.892090 0.437012
vn -0.269287 0.157227 -0.949951
vn -0.269287 0.157227 -0.949951
vn -0.269287 0.157227 -0.949951
vn -0.235840 0.466797 -0.852051
vn -0.235840 0.466797 -0.852051
vn -0.235840 0.466797 -0.852051
vn -0.515869 0.410645 -0.751465
vn -0.515869 0.410645 -0.751465
vn -0.515869 0.410645 -0.751465
vn -0.758057 0.408936 0.507568
vn -0.758057 0.408936 0.507568
vn -0.758057 0.408936 0.507568
vn -0.718750 0.223389 0.657959
vn -0.718750 0.223389 0.657959
vn -0.718750 0.223389 0.657959
vn -0.728027 0.453369 0.513916
vn -0.728027 0.453369 0.513916
vn -0.728027 0.453369 0.513916
vn 0.974854 -0.014893 0.221436
vn 0.974854 -0.014893 0.221436
vn 0.974854 -0.014893 0.221436
vn 0.989014 -0.067627 0.129639
vn 0.989014 -0.067627 0.129639
vn 0.989014 -0.067627 0.129639
vn 0.420410 -0.072998 -0.904297
vn 0.420410 -0.072998 -0.904297
vn 0.420410 -0.072998 -0.904297
vn 0.384766 -0.316895 -0.866699
vn 0.384766 -0.316895 -0.866699
vn 0.384766 -0.316895 -0.866699
vn 0.965332 -0.152588 0.211426
vn 0.965332 -0.152588 0.211426
vn 0.965332 -0.152588 0.211426
vn 0.000000 -0.143555 0.989502
vn 0.000000 -0.143555 0.989502
vn 0.000000 -0.143555 0.989502
vn 0.000000 -0.143555 0.989502
vn 0.000000 -0.143555 0.989502
vn 0.000000 -0.143555 0.989502
vn -0.060303 -0.454346 0.888428
vn -0.060303 -0.454346 0.888428
vn -0.060303 -0.454346 0.888428
vn 0.046875 -0.839600 0.540771
vn 0.046875 -0.839600 0.540771
vn 0.046875 -0.839600 0.540771
vn 0.170410 0.983154 -0.064209
vn 0.170410 0.983154 -0.064209
vn 0.170410 0.983154 -0.064209
vn 0.277344 0.950684 0.137695
vn 0.277344 0.950684 0.137695
vn 0.277344 0.950684 0.137695
vn -0.109863 -0.487305 -0.865967
vn -0.109863 -0.487305 -0.865967
vn -0.109863 -0.487305 -0.865967
vn -0.092529 -0.527832 -0.843994
vn -0.092529 -0.527832 -0.843994
vn -0.092529 -0.527832 -0.843994
vn 0.000000 0.000000 1.000000
vn 0.000000 0.000000 1.000000
vn 0.000000 0.000000 1.000000
vn 0.209229 0.354492 0.911133
vn 0.209229 0.354492 0.911133
vn 0.209229 0.354492 0.911133
vn 0.923828 0.148438 0.352295
vn 0.923828 0.148438 0.352295
vn 0.923828 0.148438 0.352295
vn 0.787842 0.605713 0.109863
vn 0.787842 0.605713 0.109863
vn 0.787842 0.605713 0.109863
vn 0.000000 -0.460938 0.887207
vn 0.000000 -0.460938 0.887207
vn 0.000000 -0.460938 0.887207
vn -0.090088 0.969482 0.227295
vn -0.090088 0.969482 0.227295
vn -0.090088 0.969482 0.227295
vn -0.355225 0.930176 -0.092285
vn -0.355225 0.930176 -0.092285
vn -0.355225 0.930176 -0.092285
vn 0.953125 0.038574 -0.299072
vn 0.953125 0.038574 -0.299072
vn 0.953125 0.038574 -0.299072
vn -0.974854 -0.014893 0.221436
vn -0.974854 -0.014893 0.221436
vn -0.974854 -0.014893 0.221436
vn -0.989014 -0.067627 0.129639
vn -0.989014 -0.067627 0.129639
vn -0.989014 -0.067627 0.129639
vn -0.415039 -0.072754 -0.906738
vn -0.415039 -0.072754 -0.906738
vn -0.415039 -0.072754 -0.906738
vn -0.361084 -0.314697 -0.877686
vn -0.361084 -0.314697 -0.877686
vn -0.361084 -0.314697 -0.877686
vn -0.965332 -0.152588 0.211426
vn -0.965332 -0.152588 0.211426
vn -0.965332 -0.152588 0.211426
vn 0.060303 -0.454346 0.888428
vn 0.060303 -0.454346 0.888428
vn 0.060303 -0.454346 0.888428
vn -0.046875 -0.839600 0.540771
vn -0.046875 -0.839600 0.540771
vn -0.046875 -0.839600 0.540771
vn -0.170410 0.983154 -0.064209
vn -0.170410 0.983154 -0.064209
vn -0.170410 0.983154 -0.064209
vn -0.277344 0.950684 0.137695
vn -0.277344 0.950684 0.137695
vn -0.277344 0.950684 0.137695
vn 0.109863 -0.487305 -0.865967
vn 0.109863 -0.487305 -0.865967
vn 0.109863 -0.487305 -0.865967
vn 0.092529 -0.527832 -0.843994
vn 0.092529 -0.527832 -0.843994
vn 0.092529 -0.527832 -0.843994
vn -0.001465 -0.063477 -0.997803
vn -0.001465 -0.063477 -0.997803
vn -0.001465 -0.063477 -0.997803
vn 0.000000 -0.060059 -0.998047
vn 0.000000 -0.060059 -0.998047
vn 0.000000 -0.060059 -0.998047
vn -0.005371 -0.202393 -0.979248
vn -0.005371 -0.202393 -0.979248
vn -0.005371 -0.202393 -0.979248
vn 0.000000 -0.195068 -0.980713
vn 0.000000 -0.195068 -0.980713
vn 0.000000 -0.195068 -0.980713
vn -0.209229 0.354492 0.911133
vn -0.209229 0.354492 0.911133
vn -0.209229 0.354492 0.911133
vn -0.923828 0.148438 0.352295
vn -0.923828 0.148438 0.352295
vn -0.923828 0.148438 0.352295
vn -0.787842 0.605713 0.109863
vn -0.787842 0.605713 0.109863
vn -0.787842 0.605713 0.109863
vn 0.000000 -0.460938 0.887207
vn 0.000000 -0.460938 0.887207
vn 0.000000 -0.460938 0.887207
vn 0.090088 0.969482 0.227295
vn 0.090088 0.969482 0.227295
vn 0.090088 0.969482 0.227295
vn 0.000000 0.999756 0.009033
vn 0.000000 0.999756 0.009033
vn 0.000000 0.999756 0.009033
vn 0.355225 0.930176 -0.092285
vn 0.355225 0.930176 -0.092285
vn 0.355225 0.930176 -0.092285
vn -0.953125 0.038574 -0.299072
vn -0.953125 0.038574 -0.299072
vn -0.953125 0.038574 -0.299072
vn 0.000000 -0.548828 -0.835693
vn 0.000000 -0.548828 -0.835693
vn 0.000000 -0.548828 -0.835693
vn 0.000000 -0.548828 -0.835693
vn 0.000000 -0.548828 -0.835693
vn 0.000000 -0.548828 -0.835693
vn -0.756836 -0.639648 0.133545
vn -0.756836 -0.639648 0.133545
vn -0.756836 -0.639648 0.133545
vn -0.885986 -0.452637 -0.099854
vn -0.885986 -0.452637 -0.099854
vn -0.885986 -0.452637 -0.099854
vn 0.211670 -0.265137 0.940430
vn 0.211670 -0.265137 0.940430
vn 0.211670 -0.265137 0.940430
vn 0.211914 -0.263916 0.940674
vn 0.211914 -0.263916 0.940674
vn 0.211914 -0.263916 0.940674
vn 0.000000 -0.121826 -0.992432
vn 0.000000 -0.121826 -0.992432
vn 0.000000 -0.121826 -0.992432
vn 0.000000 -0.121826 -0.992432
vn 0.000000 -0.121826 -0.992432
vn 0.000000 -0.121826 -0.992432
vn 0.988770 -0.147461 0.018066
vn 0.988770 -0.147461 0.018066
vn 0.988770 -0.147461 0.018066
vn 0.000000 -0.121826 -0.992432
vn 0.000000 -0.121826 -0.992432
vn 0.000000 -0.121826 -0.992432
vn -0.437744 -0.518555 0.734131
vn -0.437744 -0.518555 0.734131
vn -0.437744 -0.518555 0.734131
vn -0.495361 -0.200195 0.844971
vn -0.495361 -0.200195 0.844971
vn -0.495361 -0.200195 0.844971
vn -0.996094 -0.010498 -0.085938
vn -0.996094 -0.010498 -0.085938
vn -0.996094 -0.010498 -0.085938
vn 0.542969 -0.831299 0.116943
vn 0.542969 -0.831299 0.116943
vn 0.542969 -0.831299 0.116943
vn 0.580566 -0.799805 0.151367
vn 0.580566 -0.799805 0.151367
vn 0.580566 -0.799805 0.151367
vn 0.805664 0.587646 -0.072021
vn 0.805664 0.587646 -0.072021
vn 0.805664 0.587646 -0.072021
vn 0.805908 0.587402 -0.072754
vn 0.805908 0.587402 -0.072754
vn 0.805908 0.587402 -0.072754
vn 0.752686 0.646484 -0.122314
vn 0.752686 0.646484 -0.122314
vn 0.752686 0.646484 -0.122314
vn -0.477539 0.871582 -0.108154
vn -0.477539 0.871582 -0.108154
vn -0.477539 0.871582 -0.108154
vn -0.310059 0.926270 -0.213867
vn -0.310059 0.926270 -0.213867
vn -0.310059 0.926270 -0.213867
vn -0.488037 0.859863 -0.148193
vn -0.488037 0.859863 -0.148193
vn -0.488037 0.859863 -0.148193
vn 0.000000 -0.121826 -0.992432
vn 0.000000 -0.121826 -0.992432
vn 0.000000 -0.121826 -0.992432
vn 0.723389 -0.678955 -0.123047
vn 0.723389 -0.678955 -0.123047
vn 0.723389 -0.678955 -0.123047
vn 0.879883 -0.375488 -0.290283
vn 0.879883 -0.375488 -0.290283
vn 0.879883 -0.375488 -0.290283
vn -0.211670 -0.571045 0.792969
vn -0.211670 -0.571045 0.792969
vn -0.211670 -0.571045 0.792969
vn -0.211914 -0.569824 0.793701
vn -0.211914 -0.569824 0.793701
vn -0.211914 -0.569824 0.793701
vn 0.000000 0.224854 -0.974365
vn 0.000000 0.224854 -0.974365
vn 0.000000 0.224854 -0.974365
vn 0.000000 0.224854 -0.974365
vn 0.000000 0.224854 -0.974365
vn 0.000000 0.224854 -0.974365
vn -0.988770 -0.144775 -0.033203
vn -0.988770 -0.144775 -0.033203
vn -0.988770 -0.144775 -0.033203
vn 0.000000 0.224854 -0.974365
vn 0.000000 0.224854 -0.974365
vn 0.000000 0.224854 -0.974365
vn 0.437744 -0.738525 0.512451
vn 0.437744 -0.738525 0.512451
vn 0.437744 -0.738525 0.512451
vn 0.495361 -0.477295 0.725586
vn 0.495361 -0.477295 0.725586
vn 0.495361 -0.477295 0.725586
vn 0.996094 0.019287 -0.084229
vn 0.996094 0.019287 -0.084229
vn 0.996094 0.019287 -0.084229
vn -0.543457 -0.816895 -0.192139
vn -0.543457 -0.816895 -0.192139
vn -0.543457 -0.816895 -0.192139
vn -0.574463 -0.802002 -0.162109
vn -0.574463 -0.802002 -0.162109
vn -0.574463 -0.802002 -0.162109
vn -0.805664 0.576904 0.133057
vn -0.805664 0.576904 0.133057
vn -0.805664 0.576904 0.133057
vn -0.805908 0.576904 0.132324
vn -0.805908 0.576904 0.132324
vn -0.805908 0.576904 0.132324
vn -0.788330 0.602539 0.121826
vn -0.788330 0.602539 0.121826
vn -0.788330 0.602539 0.121826
vn 0.477539 0.856201 0.196289
vn 0.477539 0.856201 0.196289
vn 0.477539 0.856201 0.196289
vn 0.430664 0.885986 0.170410
vn 0.430664 0.885986 0.170410
vn 0.430664 0.885986 0.170410
vn 0.488037 0.858887 0.154541
vn 0.488037 0.858887 0.154541
vn 0.488037 0.858887 0.154541
vn 0.000000 0.224854 -0.974365
vn 0.000000 0.224854 -0.974365
vn 0.000000 0.224854 -0.974365
vn 0.567139 -0.736572 0.368164
vn 0.567139 -0.736572 0.368164
vn 0.567139 -0.736572 0.368164
vn -0.153564 -0.396484 0.905029
vn -0.153564 -0.396484 0.905029
vn -0.153564 -0.396484 0.905029
vn -0.153564 0.396484 0.905029
vn -0.153564 0.396484 0.905029
vn -0.153564 0.396484 0.905029
vn 0.567139 0.736572 0.368164
vn 0.567139 0.736572 0.368164
vn 0.567139 0.736572 0.368164
vn 0.567139 0.736572 0.368164
vn 0.567139 0.736572 0.368164
vn 0.567139 0.736572 0.368164
vn 0.567139 -0.736572 0.368164
vn 0.567139 -0.736572 0.368164
vn 0.567139 -0.736572 0.368164
vn -0.764160 -0.396484 0.508301
vn -0.764160 -0.396484 0.508301
vn -0.764160 -0.396484 0.508301
vn -0.764160 0.396484 0.508301
vn -0.764160 0.396484 0.508301
vn -0.764160 0.396484 0.508301
vn -0.567139 0.736572 -0.368164
vn -0.567139 0.736572 -0.368164
vn -0.567139 0.736572 -0.368164
vn -0.567139 0.736572 -0.368164
vn -0.567139 0.736572 -0.368164
vn -0.567139 0.736572 -0.368164
vn -0.567139 -0.736572 -0.368164
vn -0.567139 -0.736572 -0.368164
vn -0.567139 -0.736572 -0.368164
vn -0.567139 -0.736572 -0.368164
vn -0.567139 -0.736572 -0.368164
vn -0.567139 -0.736572 -0.368164
vn 0.009521 -0.999756 0.000000
vn 0.009521 -0.999756 0.000000
vn 0.009521 -0.999756 0.000000
vn 0.009521 -0.999756 0.000000
vn 0.009521 -0.999756 0.000000
vn 0.009521 -0.999756 0.000000
vn -0.009521 -0.999756 0.000000
vn -0.009521 -0.999756 0.000000
vn -0.009521 -0.999756 0.000000
vn -0.009521 -0.999756 0.000000
vn -0.009521 -0.999756 0.000000
vn -0.009521 -0.999756 0.000000
vn -0.875732 -0.082275 0.475586
vn -0.875732 -0.082275 0.475586
vn -0.875732 -0.082275 0.475586
vn -0.892822 -0.015381 0.449951
vn -0.892822 -0.015381 0.449951
vn -0.892822 -0.015381 0.449951
vn 0.892822 -0.015381 0.449951
vn 0.892822 -0.015381 0.449951
vn 0.892822 -0.015381 0.449951
vn 0.875732 -0.082275 0.475586
vn 0.875732 -0.082275 0.475586
vn 0.875732 -0.082275 0.475586
vn 0.000000 0.000000 1.000000
vn 0.000000 0.000000 1.000000
vn 0.000000 0.000000 1.000000
vn 0.000000 0.000000 1.000000
vn 0.000000 0.000000 1.000000
vn 0.000000 0.000000 1.000000
vn 0.003662 -0.386475 0.922119
vn 0.003662 -0.386475 0.922119
vn 0.003662 -0.386475 0.922119
vn -0.246094 -0.249023 0.936523
vn -0.246094 -0.249023 0.936523
vn -0.246094 -0.249023 0.936523
vn 0.239502 -0.258789 0.935547
vn 0.239502 -0.258789 0.935547
vn 0.239502 -0.258789 0.935547
vn -0.003662 -0.402344 0.915283
vn -0.003662 -0.402344 0.915283
vn -0.003662 -0.402344 0.915283
vn -0.071289 0.080566 0.994141
vn -0.071289 0.080566 0.994141
vn -0.071289 0.080566 0.994141
vn -0.098145 -0.140137 0.985107
vn -0.098145 -0.140137 0.985107
vn -0.098145 -0.140137 0.985107
vn 0.072998 0.068359 0.994873
vn 0.072998 0.068359 0.994873
vn 0.072998 0.068359 0.994873
vn 0.098145 -0.140137 0.985107
vn 0.098145 -0.140137 0.985107
vn 0.098145 -0.140137 0.985107
vn -0.961182 -0.016602 -0.274658
vn -0.961182 -0.016602 -0.274658
vn -0.961182 -0.016602 -0.274658
vn -0.953857 -0.058105 -0.293701
vn -0.953857 -0.058105 -0.293701
vn -0.953857 -0.058105 -0.293701
vn 0.953857 -0.058105 -0.293701
vn 0.953857 -0.058105 -0.293701
vn 0.953857 -0.058105 -0.293701
vn 0.961182 -0.016602 -0.274658
vn 0.961182 -0.016602 -0.274658
vn 0.961182 -0.016602 -0.274658
vn 0.000000 0.000000 -1.000000
vn 0.000000 0.000000 -1.000000
vn 0.000000 0.000000 -1.000000
vn 0.000000 0.000000 -1.000000
vn 0.000000 0.000000 -1.000000
vn 0.000000 0.000000 -1.000000
vn -0.299805 -0.284668 -0.910400
vn -0.299805 -0.284668 -0.910400
vn -0.299805 -0.284668 -0.910400
vn 0.004395 -0.464600 -0.885254
vn 0.004395 -0.464600 -0.885254
vn 0.004395 -0.464600 -0.885254
vn -0.004395 -0.464600 -0.885254
vn -0.004395 -0.464600 -0.885254
vn -0.004395 -0.464600 -0.885254
vn 0.299805 -0.284668 -0.910400
vn 0.299805 -0.284668 -0.910400
vn 0.299805 -0.284668 -0.910400
vn -0.127197 0.118896 -0.984619
vn -0.127197 0.118896 -0.984619
vn -0.127197 0.118896 -0.984619
vn -0.155273 -0.140137 -0.977783
vn -0.155273 -0.140137 -0.977783
vn -0.155273 -0.140137 -0.977783
vn 0.127197 0.118896 -0.984619
vn 0.127197 0.118896 -0.984619
vn 0.127197 0.118896 -0.984619
vn 0.155273 -0.140137 -0.977783
vn 0.155273 -0.140137 -0.977783
vn 0.155273 -0.140137 -0.977783
vn 0.009521 -0.999756 0.000000
vn 0.009521 -0.999756 0.000000
vn 0.009521 -0.999756 0.000000
vn 0.009521 -0.999756 0.000000
vn 0.009521 -0.999756 0.000000
vn 0.009521 -0.999756 0.000000
vn -0.009521 -0.999756 0.000000
vn -0.009521 -0.999756 0.000000
vn -0.009521 -0.999756 0.000000
vn -0.009521 -0.999756 0.000000
vn -0.009521 -0.999756 0.000000
vn -0.009521 -0.999756 0.000000
vn 0.000000 -0.099609 -0.994873
vn 0.000000 -0.099609 -0.994873
vn 0.000000 -0.099609 -0.994873
vn 0.000000 -0.099609 -0.994873
vn 0.000000 -0.099609 -0.994873
vn 0.000000 -0.099609 -0.994873
vn 0.000000 -0.180420 0.983398
vn 0.000000 -0.180420 0.983398
vn 0.000000 -0.180420 0.983398
vn 0.000000 -0.180420 0.983398
vn 0.000000 -0.180420 0.983398
vn 0.000000 -0.180420 0.983398
vn 0.000000 0.523926 0.851563
vn 0.000000 0.523926 0.851563
vn 0.000000 0.523926 0.851563
vn -0.604248 -0.149902 0.782471
vn -0.604248 -0.149902 0.782471
vn -0.604248 -0.149902 0.782471
vn -0.625977 0.264893 0.733154
vn -0.625977 0.264893 0.733154
vn -0.625977 0.264893 0.733154
vn -0.517578 0.409424 0.750977
vn -0.517578 0.409424 0.750977
vn -0.517578 0.409424 0.750977
vn 0.577148 -0.187012 0.794678
vn 0.577148 -0.187012 0.794678
vn 0.577148 -0.187012 0.794678
vn 0.604248 -0.149902 0.782471
vn 0.604248 -0.149902 0.782471
vn 0.604248 -0.149902 0.782471
vn 0.625977 0.264893 0.733154
vn 0.625977 0.264893 0.733154
vn 0.625977 0.264893 0.733154
vn -0.892822 0.362305 0.266846
vn -0.892822 0.362305 0.266846
vn -0.892822 0.362305 0.266846
vn -0.885254 0.395996 0.242920
vn -0.885254 0.395996 0.242920
vn -0.885254 0.395996 0.242920
vn -0.949707 -0.148438 0.275391
vn -0.949707 -0.148438 0.275391
vn -0.949707 -0.148438 0.275391
vn -0.897461 0.363770 -0.249023
vn -0.897461 0.363770 -0.249023
vn -0.897461 0.363770 -0.249023
vn -0.955078 -0.145264 -0.257324
vn -0.955078 -0.145264 -0.257324
vn -0.955078 -0.145264 -0.257324
vn -0.954102 -0.196045 -0.226074
vn -0.954102 -0.196045 -0.226074
vn -0.954102 -0.196045 -0.226074
vn 0.892822 0.362305 0.266846
vn 0.892822 0.362305 0.266846
vn 0.892822 0.362305 0.266846
vn 0.949707 -0.148438 0.275391
vn 0.949707 -0.148438 0.275391
vn 0.949707 -0.148438 0.275391
vn 0.949707 -0.195068 0.244629
vn 0.949707 -0.195068 0.244629
vn 0.949707 -0.195068 0.244629
vn 0.897461 0.363770 -0.249023
vn 0.897461 0.363770 -0.249023
vn 0.897461 0.363770 -0.249023
vn 0.955078 -0.145264 -0.257324
vn 0.955078 -0.145264 -0.257324
vn 0.955078 -0.145264 -0.257324
vn 0.954102 -0.196045 -0.226074
vn 0.954102 -0.196045 -0.226074
vn 0.954102 -0.196045 -0.226074
vn -0.577148 -0.187012 0.794678
vn -0.577148 -0.187012 0.794678
vn -0.577148 -0.187012 0.794678
vn -0.656738 -0.429443 0.619629
vn -0.656738 -0.429443 0.619629
vn -0.656738 -0.429443 0.619629
vn -0.615479 0.762695 0.197510
vn -0.615479 0.762695 0.197510
vn -0.615479 0.762695 0.197510
vn -0.592285 0.777588 0.210449
vn -0.592285 0.777588 0.210449
vn -0.592285 0.777588 0.210449
vn -0.949707 -0.195068 0.244629
vn -0.949707 -0.195068 0.244629
vn -0.949707 -0.195068 0.244629
vn -0.853027 -0.465576 0.235107
vn -0.853027 -0.465576 0.235107
vn -0.853027 -0.465576 0.235107
vn 0.000000 0.523926 0.851563
vn 0.000000 0.523926 0.851563
vn 0.000000 0.523926 0.851563
vn 0.656738 -0.429443 0.619629
vn 0.656738 -0.429443 0.619629
vn 0.656738 -0.429443 0.619629
vn 0.517578 0.409424 0.750977
vn 0.517578 0.409424 0.750977
vn 0.517578 0.409424 0.750977
vn 0.000000 0.992676 0.119873
vn 0.000000 0.992676 0.119873
vn 0.000000 0.992676 0.119873
vn 0.000000 0.992676 0.119873
vn 0.000000 0.992676 0.119873
vn 0.000000 0.992676 0.119873
vn 0.615479 0.762695 0.197510
vn 0.615479 0.762695 0.197510
vn 0.615479 0.762695 0.197510
vn 0.592285 0.777588 0.210449
vn 0.592285 0.777588 0.210449
vn 0.592285 0.777588 0.210449
vn 0.885254 0.395996 0.242920
vn 0.885254 0.395996 0.242920
vn 0.885254 0.395996 0.242920
vn 0.853027 -0.465576 0.235107
vn 0.853027 -0.465576 0.235107
vn 0.853027 -0.465576 0.235107
vn 0.872314 -0.340332 0.350586
vn 0.872314 -0.340332 0.350586
vn 0.872314 -0.340332 0.350586
vn -0.377686 -0.102539 -0.919922
vn -0.377686 -0.102539 -0.919922
vn -0.377686 -0.102539 -0.919922
vn -0.358887 -0.122314 -0.925049
vn -0.358887 -0.122314 -0.925049
vn -0.358887 -0.122314 -0.925049
vn -0.471680 -0.269775 -0.839355
vn -0.471680 -0.269775 -0.839355
vn -0.471680 -0.269775 -0.839355
vn -0.451904 0.198242 -0.869385
vn -0.451904 0.198242 -0.869385
vn -0.451904 0.198242 -0.869385
vn -0.229248 0.635254 -0.737305
vn -0.229248 0.635254 -0.737305
vn -0.229248 0.635254 -0.737305
vn -0.343018 0.888184 -0.305176
vn -0.343018 0.888184 -0.305176
vn -0.343018 0.888184 -0.305176
vn -0.593994 0.779785 -0.196045
vn -0.593994 0.779785 -0.196045
vn -0.593994 0.779785 -0.196045
vn -0.888916 0.397705 -0.226563
vn -0.888916 0.397705 -0.226563
vn -0.888916 0.397705 -0.226563
vn -0.868652 -0.444092 -0.218750
vn -0.868652 -0.444092 -0.218750
vn -0.868652 -0.444092 -0.218750
vn 0.377686 -0.102539 -0.919922
vn 0.377686 -0.102539 -0.919922
vn 0.377686 -0.102539 -0.919922
vn 0.358887 -0.122314 -0.925049
vn 0.358887 -0.122314 -0.925049
vn 0.358887 -0.122314 -0.925049
vn 0.000000 0.625732 -0.779785
vn 0.000000 0.625732 -0.779785
vn 0.000000 0.625732 -0.779785
vn 0.000000 0.625732 -0.779785
vn 0.000000 0.625732 -0.779785
vn 0.000000 0.625732 -0.779785
vn 0.471680 -0.269775 -0.839355
vn 0.471680 -0.269775 -0.839355
vn 0.471680 -0.269775 -0.839355
vn 0.451904 0.198242 -0.869385
vn 0.451904 0.198242 -0.869385
vn 0.451904 0.198242 -0.869385
vn 0.229248 0.635254 -0.737305
vn 0.229248 0.635254 -0.737305
vn 0.229248 0.635254 -0.737305
vn 0.000000 0.991455 -0.129150
vn 0.000000 0.991455 -0.129150
vn 0.000000 0.991455 -0.129150
vn 0.000000 0.991455 -0.129150
vn 0.000000 0.991455 -0.129150
vn 0.000000 0.991455 -0.129150
vn 0.343018 0.888184 -0.305176
vn 0.343018 0.888184 -0.305176
vn 0.343018 0.888184 -0.305176
vn 0.593994 0.779785 -0.196045
vn 0.593994 0.779785 -0.196045
vn 0.593994 0.779785 -0.196045
vn 0.888916 0.397705 -0.226563
vn 0.888916 0.397705 -0.226563
vn 0.888916 0.397705 -0.226563
vn 0.868652 -0.444092 -0.218750
vn 0.868652 -0.444092 -0.218750
vn 0.868652 -0.444092 -0.218750
vn 0.889648 -0.346924 -0.296631
vn 0.889648 -0.346924 -0.296631
vn 0.889648 -0.346924 -0.296631
vn -0.328369 -0.782715 -0.528320
vn -0.328369 -0.782715 -0.528320
vn -0.328369 -0.782715 -0.528320
vn -0.543213 -0.467041 -0.697510
vn -0.543213 -0.467041 -0.697510
vn -0.543213 -0.467041 -0.697510
vn 0.959473 0.190430 -0.207520
vn 0.959473 0.190430 -0.207520
vn 0.959473 0.190430 -0.207520
vn 0.782715 0.444336 -0.435547
vn 0.782715 0.444336 -0.435547
vn 0.782715 0.444336 -0.435547
vn -0.329346 -0.548340 0.768311
vn -0.329346 -0.548340 0.768311
vn -0.329346 -0.548340 0.768311
vn -0.280029 -0.643555 0.712158
vn -0.280029 -0.643555 0.712158
vn -0.280029 -0.643555 0.712158
vn 0.763672 0.433594 -0.478027
vn 0.763672 0.433594 -0.478027
vn 0.763672 0.433594 -0.478027
vn 0.755371 0.482422 -0.443115
vn 0.755371 0.482422 -0.443115
vn 0.755371 0.482422 -0.443115
vn 0.328369 -0.782715 -0.528320
vn 0.328369 -0.782715 -0.528320
vn 0.328369 -0.782715 -0.528320
vn 0.543213 -0.467041 -0.697510
vn 0.543213 -0.467041 -0.697510
vn 0.543213 -0.467041 -0.697510
vn -0.959473 0.190430 -0.207520
vn -0.959473 0.190430 -0.207520
vn -0.959473 0.190430 -0.207520
vn -0.782715 0.444336 -0.435547
vn -0.782715 0.444336 -0.435547
vn -0.782715 0.444336 -0.435547
vn 0.329346 -0.548340 0.768311
vn 0.329346 -0.548340 0.768311
vn 0.329346 -0.548340 0.768311
vn 0.280029 -0.643555 0.712158
vn 0.280029 -0.643555 0.712158
vn 0.280029 -0.643555 0.712158
vn -0.763672 0.433594 -0.478027
vn -0.763672 0.433594 -0.478027
vn -0.763672 0.433594 -0.478027
vn -0.755371 0.482422 -0.443115
vn -0.755371 0.482422 -0.443115
vn -0.755371 0.482422 -0.443115
vn 0.056641 0.929932 0.362549
vn 0.056641 0.929932 0.362549
vn 0.056641 0.929932 0.362549
vn 0.039307 0.962646 -0.267090
vn 0.039307 0.962646 -0.267090
vn 0.039307 0.962646 -0.267090
vn 0.000000 0.973145 -0.229248
vn 0.000000 0.973145 -0.229248
vn 0.000000 0.973145 -0.229248
vn 0.000000 0.948730 0.315674
vn 0.000000 0.948730 0.315674
vn 0.000000 0.948730 0.315674
vn -0.124023 0.982666 -0.137451
vn -0.124023 0.982666 -0.137451
vn -0.124023 0.982666 -0.137451
vn -0.056641 0.929932 0.362549
vn -0.056641 0.929932 0.362549
vn -0.056641 0.929932 0.362549
vn -0.072266 0.959473 0.272217
vn -0.072266 0.959473 0.272217
vn -0.072266 0.959473 0.272217
vn -0.214844 0.967041 0.135010
vn -0.214844 0.967041 0.135010
vn -0.214844 0.967041 0.135010
vn -0.222412 0.964355 0.142334
vn -0.222412 0.964355 0.142334
vn -0.222412 0.964355 0.142334
vn -0.155029 0.962646 -0.220947
vn -0.155029 0.962646 -0.220947
vn -0.155029 0.962646 -0.220947
vn -0.034668 0.957520 -0.285889
vn -0.034668 0.957520 -0.285889
vn -0.034668 0.957520 -0.285889
vn -0.039307 0.962646 -0.267090
vn -0.039307 0.962646 -0.267090
vn -0.039307 0.962646 -0.267090
vn 0.519531 -0.823730 -0.226563
vn 0.519531 -0.823730 -0.226563
vn 0.519531 -0.823730 -0.226563
vn -0.541260 -0.657959 -0.522949
vn -0.541260 -0.657959 -0.522949
vn -0.541260 -0.657959 -0.522949
vn 0.541260 -0.657959 -0.522949
vn 0.541260 -0.657959 -0.522949
vn 0.541260 -0.657959 -0.522949
vn -0.434570 -0.811768 0.389648
vn -0.434570 -0.811768 0.389648
vn -0.434570 -0.811768 0.389648
vn 0.434570 -0.811768 0.389648
vn 0.434570 -0.811768 0.389648
vn 0.434570 -0.811768 0.389648
vn -0.373047 -0.842529 -0.387939
vn -0.373047 -0.842529 -0.387939
vn -0.373047 -0.842529 -0.387939
vn -0.873047 -0.480469 -0.079346
vn -0.873047 -0.480469 -0.079346
vn -0.873047 -0.480469 -0.079346
vn -0.827637 -0.385986 -0.406982
vn -0.827637 -0.385986 -0.406982
vn -0.827637 -0.385986 -0.406982
vn -0.631592 -0.586426 0.506592
vn -0.631592 -0.586426 0.506592
vn -0.631592 -0.586426 0.506592
vn -0.380127 -0.924805 0.008545
vn -0.380127 -0.924805 0.008545
vn -0.380127 -0.924805 0.008545
vn -0.460693 -0.855469 -0.235352
vn -0.460693 -0.855469 -0.235352
vn -0.460693 -0.855469 -0.235352
vn -0.519531 -0.823730 -0.226563
vn -0.519531 -0.823730 -0.226563
vn -0.519531 -0.823730 -0.226563
vn 0.373047 -0.842529 -0.387939
vn 0.373047 -0.842529 -0.387939
vn 0.373047 -0.842529 -0.387939
vn 0.873047 -0.480469 -0.079346
vn 0.873047 -0.480469 -0.079346
vn 0.873047 -0.480469 -0.079346
vn 0.827637 -0.385986 -0.406982
vn 0.827637 -0.385986 -0.406982
vn 0.827637 -0.385986 -0.406982
vn 0.631592 -0.586426 0.506592
vn 0.631592 -0.586426 0.506592
vn 0.631592 -0.586426 0.506592
vn 0.380127 -0.924805 0.008545
vn 0.380127 -0.924805 0.008545
vn 0.380127 -0.924805 0.008545
vn 0.460693 -0.855469 -0.235352
vn 0.460693 -0.855469 -0.235352
vn 0.460693 -0.855469 -0.235352
vn -0.872314 -0.340332 0.350586
vn -0.872314 -0.340332 0.350586
vn -0.872314 -0.340332 0.350586
vn -0.889648 -0.346924 -0.296631
vn -0.889648 -0.346924 -0.296631
vn -0.889648 -0.346924 -0.296631
vn 0.124023 0.982666 -0.137451
vn 0.124023 0.982666 -0.137451
vn 0.124023 0.982666 -0.137451
vn 0.072266 0.959473 0.272217
vn 0.072266 0.959473 0.272217
vn 0.072266 0.959473 0.272217
vn 0.214844 0.967041 0.135010
vn 0.214844 0.967041 0.135010
vn 0.214844 0.967041 0.135010
vn 0.222412 0.964355 0.142334
vn 0.222412 0.964355 0.142334
vn 0.222412 0.964355 0.142334
vn 0.155029 0.962646 -0.220947
vn 0.155029 0.962646 -0.220947
vn 0.155029 0.962646 -0.220947
vn 0.034668 0.957520 -0.285889
vn 0.034668 0.957520 -0.285889
vn 0.034668 0.957520 -0.285889
usemtl Texture
f 1/1/1 2/2/2 3/3/3
f 4/4/4 5/5/5 6/6/6
f 7/7/7 8/8/8 9/9/9
f 10/10/10 11/11/11 12/12/12
f 13/13/13 14/14/14 15/15/15
f 16/16/16 17/17/17 18/18/18
f 19/19/19 20/20/20 21/21/21
f 22/22/22 23/23/23 24/24/24
f 25/25/25 26/26/26 27/27/27
f 28/28/28 29/29/29 30/30/30
f 31/31/31 32/32/32 33/33/33
f 34/34/34 35/35/35 36/36/36
f 37/37/37 38/38/38 39/39/39
f 40/40/40 41/41/41 42/42/42
f 43/43/43 44/44/44 45/45/45
f 46/46/46 47/47/47 48/48/48
f 49/49/49 50/50/50 51/51/51
f 52/52/52 53/53/53 54/54/54
f 55/55/55 56/56/56 57/57/57
f 58/58/58 59/59/59 60/60/60
f 61/61/61 62/62/62 63/63/63
f 64/64/64 65/65/65 66/66/66
f 67/67/67 68/68/68 69/69/69
f 70/70/70 71/71/71 72/72/72
f 73/73/73 74/74/74 75/75/75
f 76/76/76 77/77/77 78/78/78
f 79/79/79 80/80/80 81/81/81
f 82/82/82 83/83/83 84/84/84
f 85/85/85 86/86/86 87/87/87
f 88/88/88 89/89/89 90/90/90
f 91/91/91 92/92/92 93/93/93
f 94/94/94 95/95/95 96/96/96
f 97/97/97 98/98/98 99/99/99
f 100/100/100 101/101/101 102/102/102
f 103/103/103 104/104/104 105/105/105
f 106/106/106 107/107/107 108/108/108
f 109/109/109 110/110/110 111/111/111
f 112/112/112 113/113/113 114/114/114
f 115/115/115 116/116/116 117/117/117
f 118/118/118 119/119/119 120/120/120
f 121/121/121 122/122/122 123/123/123
f 124/124/124 125/125/125 126/126/126
f 127/127/127 128/128/128 129/129/129
f 130/130/130 131/131/131 132/132/132
f 133/133/133 134/134/134 135/135/135
f 136/136/136 137/137/137 138/138/138
f 139/139/139 140/140/140 141/141/141
f 142/142/142 143/143/143 144/144/144
f 145/145/145 146/146/146 147/147/147
f 148/148/148 149/149/149 150/150/150
f 151/151/151 152/152/152 153/153/153
f 154/154/154 155/155/155 156/156/156
f 157/157/157 158/158/158 159/159/159
f 160/160/160 161/161/161 162/162/162
f 163/163/163 164/164/164 165/165/165
f 166/166/166 167/167/167 168/168/168
f 169/169/169 170/170/170 171/171/171
f 172/172/172 173/173/173 174/174/174
f 175/175/175 176/176/176 177/177/177
f 178/178/178 179/179/179 180/180/180
f 181/181/181 182/182/182 183/183/183
f 184/184/184 185/185/185 186/186/186
f 187/187/187 188/188/188 189/189/189
f 190/190/190 191/191/191 192/192/192
f 193/193/193 194/194/194 195/195/195
f 196/196/196 197/197/197 198/198/198
f 199/199/199 200/200/200 201/201/201
f 202/202/202 203/203/203 204/204/204
f 205/205/205 206/206/206 207/207/207
f 208/208/208 209/209/209 210/210/210
f 211/211/211 212/212/212 213/213/213
f 214/214/214 215/215/215 216/216/216
f 217/217/217 218/218/218 219/219/219
f 220/220/220 221/221/221 222/222/222
f 223/223/223 224/224/224 225/225/225
f 226/226/226 227/227/227 228/228/228
f 229/229/229 230/230/230 231/231/231
f 232/232/232 233/233/233 234/234/234
f 235/235/235 236/236/236 237/237/237
f 238/238/238 239/239/239 240/240/240
f 241/241/241 242/242/242 243/243/243
f 244/244/244 245/245/245 246/246/246
f 247/247/247 248/248/248 249/249/249
f 250/250/250 251/251/251 252/252/252
f 253/253/253 254/254/254 255/255/255
f 256/256/256 257/257/257 258/258/258
f 259/259/259 260/260/260 261/261/261
f 262/262/262 263/263/263 264/264/264
f 265/265/265 266/266/266 267/267/267
f 268/268/268 269/269/269 270/270/270
f 271/271/271 272/272/272 273/273/273
f 274/274/274 275/275/275 276/276/276
f 277/277/277 278/278/278 279/279/279
f 280/280/280 281/281/281 282/282/282
f 283/283/283 284/284/284 285/285/285
f 286/286/286 287/287/287 288/288/288
f 289/289/289 290/290/290 291/291/291
f 292/292/292 293/293/293 294/294/294
f 295/295/295 296/296/296 297/297/297
f 298/298/298 299/299/299 300/300/300
f 301/301/301 302/302/302 303/303/303
f 304/304/304 305/305/305 306/306/306
f 307/307/307 308/308/308 309/309/309
f 310/310/310 311/311/311 312/312/312
f 313/313/313 314/314/314 315/315/315
f 316/316/316 317/317/317 318/318/318
f 319/319/319 320/320/320 321/321/321
f 322/322/322 323/323/323 324/324/324
f 325/325/325 326/326/326 327/327/327
f 328/328/328 329/329/329 330/330/330
f 331/331/331 332/332/332 333/333/333
f 334/334/334 335/335/335 336/336/336
f 337/337/337 338/338/338 339/339/339
f 340/340/340 341/341/341 342/342/342
f 343/343/343 344/344/344 345/345/345
f 346/346/346 347/347/347 348/348/348
f 349/349/349 350/350/350 351/351/351
f 352/352/352 353/353/353 354/354/354
f 355/355/355 356/356/356 357/357/357
f 358/358/358 359/359/359 360/360/360
f 361/361/361 362/362/362 363/363/363
f 364/364/364 365/365/365 366/366/366
f 367/367/367 368/368/368 369/369/369
f 370/370/370 371/371/371 372/372/372
f 373/373/373 374/374/374 375/375/375
f 376/376/376 377/377/377 378/378/378
f 379/379/379 380/380/380 381/381/381
f 382/382/382 383/383/383 384/384/384
f 385/385/385 386/386/386 387/387/387
f 388/388/388 389/389/389 390/390/390
f 391/391/391 392/392/392 393/393/393
f 394/394/394 395/395/395 396/396/396
f 397/397/397 398/398/398 399/399/399
f 400/400/400 401/401/401 402/402/402
f 403/403/403 404/404/404 405/405/405
f 406/406/406 407/407/407 408/408/408
f 409/409/409 410/410/410 411/411/411
f 412/412/412 413/413/413 414/414/414
f 415/415/415 416/416/416 417/417/417
f 418/418/418 419/419/419 420/420/420
f 421/421/421 422/422/422 423/423/423
f 424/424/424 425/425/425 426/426/426
f 427/427/427 428/428/428 429/429/429
f 430/430/430 431/431/431 432/432/432
f 433/433/433 434/434/434 435/435/435
f 436/436/436 437/437/437 438/438/438
f 439/439/439 440/440/440 441/441/441
f 442/442/442 443/443/443 444/444/444
f 445/445/445 446/446/446 447/447/447
f 448/448/448 449/449/449 450/450/450
f 451/451/451 452/452/452 453/453/453
f 454/454/454 455/455/455 456/456/456
f 457/457/457 458/458/458 459/459/459
f 460/460/460 461/461/461 462/462/462
f 463/463/463 464/464/464 465/465/465
f 466/466/466 467/467/467 468/468/468
f 469/469/469 470/470/470 471/471/471
f 472/472/472 473/473/473 474/474/474
f 475/475/475 476/476/476 477/477/477
f 478/478/478 479/479/479 480/480/480
f 481/481/481 482/482/482 483/483/483
f 484/484/484 485/485/485 486/486/486
f 487/487/487 488/488/488 489/489/489
f 490/490/490 491/491/491 492/492/492
f 493/493/493 494/494/494 495/495/495
f 496/496/496 497/497/497 498/498/498
f 499/499/499 500/500/500 501/501/501
f 502/502/502 503/503/503 504/504/504
f 505/505/505 506/506/506 507/507/507
f 508/508/508 509/509/509 510/510/510
f 511/511/511 512/512/512 513/513/513
f 514/514/514 515/515/515 516/516/516
f 517/517/517 518/518/518 519/519/519
f 520/520/520 521/521/521 522/522/522
f 523/523/523 524/524/524 525/525/525
f 526/526/526 527/527/527 528/528/528
f 529/529/529 530/530/530 531/531/531
f 532/532/532 533/533/533 534/534/534
f 535/535/535 536/536/536 537/537/537
f 538/538/538 539/539/539 540/540/540
f 541/541/541 542/542/542 543/543/543
f 544/544/544 545/545/545 546/546/546
f 547/547/547 548/548/548 549/549/549
f 550/550/550 551/551/551 552/552/552
f 553/553/553 554/554/554 555/555/555
f 556/556/556 557/557/557 558/558/558
f 559/559/559 560/560/560 561/561/561
f 562/562/562 563/563/563 564/564/564
f 565/565/565 566/566/566 567/567/567
f 568/568/568 569/569/569 570/570/570
f 571/571/571 572/572/572 573/573/573
f 574/574/574 575/575/575 576/576/576
f 577/577/577 578/578/578 579/579/579
f 580/580/580 581/581/581 582/582/582
f 583/583/583 584/584/584 585/585/585
f 586/586/586 587/587/587 588/588/588
f 589/589/589 590/590/590 591/591/591
f 592/592/592 593/593/593 594/594/594
f 595/595/595 596/596/596 597/597/597
f 598/598/598 599/599/599 600/600/600
f 601/601/601 602/602/602 603/603/603
f 604/604/604 605/605/605 606/606/606
f 607/607/607 608/608/608 609/609/609
f 610/610/610 611/611/611 612/612/612
f 613/613/613 614/614/614 615/615/615
f 616/616/616 617/617/617 618/618/618
f 619/619/619 620/620/620 621/621/621
f 622/622/622 623/623/623 624/624/624
f 625/625/625 626/626/626 627/627/627
f 628/628/628 629/629/629 630/630/630
f 631/631/631 632/632/632 633/633/633
f 634/634/634 635/635/635 636/636/636
f 637/637/637 638/638/638 639/639/639
f 640/640/640 641/641/641 642/642/642
f 643/643/643 644/644/644 645/645/645
f 646/646/646 647/647/647 648/648/648
f 649/649/649 650/650/650 651/651/651
f 652/652/652 653/653/653 654/654/654
f 655/655/655 656/656/656 657/657/657
f 658/658/658 659/659/659 660/660/660
f 661/661/661 662/662/662 663/663/663
f 664/664/664 665/665/665 666/666/666
f 667/667/667 668/668/668 669/669/669
f 670/670/670 671/671/671 672/672/672
f 673/673/673 674/674/674 675/675/675
f 676/676/676 677/677/677 678/678/678
f 679/679/679 680/680/680 681/681/681
f 682/682/682 683/683/683 684/684/684
f 685/685/685 686/686/686 687/687/687
f 688/688/688 689/689/689 690/690/690
f 691/691/691 692/692/692 693/693/693
f 694/694/694 695/695/695 696/696/696
f 697/697/697 698/698/698 699/699/699
f 700/700/700 701/701/701 702/702/702
f 703/703/703 704/704/704 705/705/705
f 706/706/706 707/707/707 708/708/708
f 709/709/709 710/710/710 711/711/711
f 712/712/712 713/713/713 714/714/714
f 715/715/715 716/716/716 717/717/717
f 718/718/718 719/719/719 720/720/720
f 721/721/721 722/722/722 723/723/723
f 724/724/724 725/725/725 726/726/726
f 727/727/727 728/728/728 729/729/729
f 730/730/730 731/731/731 732/732/732
f 733/733/733 734/734/734 735/735/735
f 736/736/736 737/737/737 738/738/738
f 739/739/739 740/740/740 741/741/741
f 742/742/742 743/743/743 744/744/744
f 745/745/745 746/746/746 747/747/747
f 748/748/748 749/749/749 750/750/750
f 751/751/751 752/752/752 753/753/753
f 754/754/754 755/755/755 756/756/756
f 757/757/757 758/758/758 759/759/759
f 760/760/760 761/761/761 762/762/762
f 763/763/763 764/764/764 765/765/765
f 766/766/766 767/767/767 768/768/768
f 769/769/769 770/770/770 771/771/771
f 772/772/772 773/773/773 774/774/774
f 775/775/775 776/776/776 777/777/777
f 778/778/778 779/779/779 780/780/780
f 781/781/781 782/782/782 783/783/783
f 784/784/784 785/785/785 786/786/786
f 787/787/787 788/788/788 789/789/789
f 790/790/790 791/791/791 792/792/792
f 793/793/793 794/794/794 795/795/795
f 796/796/796 797/797/797 798/798/798
f 799/799/799 800/800/800 801/801/801
f 802/802/802 803/803/803 804/804/804
f 805/805/805 806/806/806 807/807/807
f 808/808/808 809/809/809 810/810/810
f 811/811/811 812/812/812 813/813/813
f 814/814/814 815/815/815 816/816/816
f 817/817/817 818/818/818 819/819/819
f 820/820/820 821/821/821 822/822/822
f 823/823/823 824/824/824 825/825/825
f 826/826/826 827/827/827 828/828/828
f 829/829/829 830/830/830 831/831/831
f 832/832/832 833/833/833 834/834/834
f 835/835/835 836/836/836 837/837/837
f 838/838/838 839/839/839 840/840/840
f 841/841/841 842/842/842 843/843/843
f 844/844/844 845/845/845 846/846/846
f 847/847/847 848/848/848 849/849/849
f 850/850/850 851/851/851 852/852/852
f 853/853/853 854/854/854 855/855/855
f 856/856/856 857/857/857 858/858/858
f 859/859/859 860/860/860 861/861/861
f 862/862/862 863/863/863 864/864/864
f 865/865/865 866/866/866 867/867/867
f 868/868/868 869/869/869 870/870/870
f 871/871/871 872/872/872 873/873/873
f 874/874/874 875/875/875 876/876/876
f 877/877/877 878/878/878 879/879/879
f 880/880/880 881/881/881 882/882/882
f 883/883/883 884/884/884 885/885/885
f 886/886/886 887/887/887 888/888/888
f 889/889/889 890/890/890 891/891/891
f 892/892/892 893/893/893 894/894/894