# OBJ file
mtllib VIEW.ICO.mtl
v 0.244873 2.710449 -0.831299 1.000000 1.000000 1.000000 #0.878431
v 0.797607 2.746094 -1.008057 1.000000 1.000000 1.000000 #0.874510
v 0.492676 2.075928 -1.007812 1.000000 1.000000 1.000000 #0.890196
v 0.797607 2.746094 -1.008057 1.000000 1.000000 1.000000 #0.878431
v 0.244873 2.710449 -0.831299 1.000000 1.000000 1.000000 #0.874510
v 0.378662 3.463379 -0.366943 1.000000 1.000000 1.000000 #0.890196
v 0.378662 3.463379 -0.366943 1.000000 1.000000 1.000000 #0.878431
v 0.244873 2.710449 -0.831299 1.000000 1.000000 1.000000 #0.874510
v -0.049805 2.973145 -0.219482 1.000000 1.000000 1.000000 #0.890196
v 0.330566 3.577393 0.192139 1.000000 1.000000 1.000000 #0.878431
v -0.049805 2.973145 -0.219482 1.000000 1.000000 1.000000 #0.874510
v 0.165283 3.174561 0.426758 1.000000 1.000000 1.000000 #0.890196
v -0.472168 2.529297 -0.145508 1.000000 1.000000 1.000000 #0.878431
v -0.049805 2.973145 -0.219482 1.000000 1.000000 1.000000 #0.874510
v 0.244873 2.710449 -0.831299 1.000000 1.000000 1.000000 #0.890196
v 1.097412 0.131348 -0.666748 1.000000 1.000000 1.000000 #0.878431
v 1.110840 0.032227 -0.669189 1.000000 1.000000 1.000000 #0.874510
v 0.908936 0.032227 -0.894043 1.000000 1.000000 1.000000 #0.890196
v -0.472168 2.529297 -0.145508 1.000000 1.000000 1.000000 #0.878431
v -0.235840 2.790283 0.585693 1.000000 1.000000 1.000000 #0.874510
v 0.165283 3.174561 0.426758 1.000000 1.000000 1.000000 #0.890196
v 0.541016 4.490234 0.151367 1.000000 1.000000 1.000000 #0.878431
v 0.602295 4.619385 -0.308350 1.000000 1.000000 1.000000 #0.874510
v 0.145020 4.329102 -0.168701 1.000000 1.000000 1.000000 #0.890196
v 0.523926 1.583252 -0.846191 1.000000 1.000000 1.000000 #0.878431
v 0.492676 2.075928 -1.007812 1.000000 1.000000 1.000000 #0.874510
v 1.106201 1.899902 -0.600098 1.000000 1.000000 1.000000 #0.890196
v 0.492676 2.075928 -1.007812 1.000000 1.000000 1.000000 #0.878431
v 1.239014 2.532715 -0.828369 1.000000 1.000000 1.000000 #0.874510
v 1.106201 1.899902 -0.600098 1.000000 1.000000 1.000000 #0.890196
v 0.140869 4.045410 -0.448242 1.000000 1.000000 1.000000 #0.878431
v 0.143066 4.035156 -0.103271 1.000000 1.000000 1.000000 #0.874510
v 0.145020 4.329102 -0.168701 1.000000 1.000000 1.000000 #0.890196
v 0.670654 3.685547 -0.943604 1.000000 1.000000 1.000000 #0.878431
v 0.657227 3.534424 -0.905029 1.000000 1.000000 1.000000 #0.874510
v 0.300293 3.569092 -0.453369 1.000000 1.000000 1.000000 #0.890196
v 0.559814 4.562256 -0.480713 1.000000 1.000000 1.000000 #0.878431
v 0.023193 4.897461 -0.304443 1.000000 1.000000 1.000000 #0.874510
v 0.602295 4.619385 -0.308350 1.000000 1.000000 1.000000 #0.890196
v 0.707764 3.941895 -0.771484 1.000000 1.000000 1.000000 #0.878431
v 0.635254 4.093994 -0.767090 1.000000 1.000000 1.000000 #0.874510
v 0.658447 4.118896 -0.787598 1.000000 1.000000 1.000000 #0.890196
v 0.563721 4.374023 -0.684570 1.000000 1.000000 1.000000 #0.878431
v 0.390137 4.443359 -0.337646 1.000000 1.000000 1.000000 #0.874510
v 0.559814 4.562256 -0.480713 1.000000 1.000000 1.000000 #0.890196
v 0.559814 4.562256 -0.480713 1.000000 1.000000 1.000000 #0.878431
v 0.602295 4.619385 -0.308350 1.000000 1.000000 1.000000 #0.874510
v 0.845215 4.651855 -0.360840 1.000000 1.000000 1.000000 #0.890196
v -1.192383 1.761230 0.162598 1.000000 1.000000 1.000000 #0.878431
v -0.924072 2.278320 0.193604 1.000000 1.000000 1.000000 #0.874510
v -0.759521 1.772949 -0.418457 1.000000 1.000000 1.000000 #0.890196
v 0.430664 3.866455 -0.699951 1.000000 1.000000 1.000000 #0.878431
v 0.577393 3.858398 -0.753662 1.000000 1.000000 1.000000 #0.874510
v 0.670654 3.685547 -0.943604 1.000000 1.000000 1.000000 #0.890196
v -0.924072 2.278320 0.193604 1.000000 1.000000 1.000000 #0.878431
v -1.192383 1.761230 0.162598 1.000000 1.000000 1.000000 #0.874510
v -1.278320 1.929199 0.760498 1.000000 1.000000 1.000000 #0.890196
v 0.797607 2.746094 -1.008057 1.000000 1.000000 1.000000 #0.878431
v 1.214600 3.130615 -0.737793 1.000000 1.000000 1.000000 #0.874510
v 1.239014 2.532715 -0.828369 1.000000 1.000000 1.000000 #0.890196
v 0.316650 0.224609 -0.291504 1.000000 1.000000 1.000000 #0.878431
v 0.056396 0.286621 0.042725 1.000000 1.000000 1.000000 #0.874510
v 0.341553 0.032227 -0.286133 1.000000 1.000000 1.000000 #0.890196
v -1.257812 0.032227 0.416504 1.000000 1.000000 1.000000 #0.878431
v -1.153320 0.306641 0.134521 1.000000 1.000000 1.000000 #0.874510
v -0.741211 0.302002 -0.222412 1.000000 1.000000 1.000000 #0.890196
v -1.304932 0.469727 1.014648 1.000000 1.000000 1.000000 #0.878431
v -1.279541 0.548584 1.309570 1.000000 1.000000 1.000000 #0.874510
v -1.308594 1.308350 1.330566 1.000000 1.000000 1.000000 #0.890196
v -1.308594 1.308350 1.330566 1.000000 1.000000 1.000000 #0.878431
v -1.116211 2.049316 1.183350 1.000000 1.000000 1.000000 #0.874510
v -1.278320 1.929199 0.760498 1.000000 1.000000 1.000000 #0.890196
v -0.759521 1.772949 -0.418457 1.000000 1.000000 1.000000 #0.878431
v -0.668945 1.087891 -0.520996 1.000000 1.000000 1.000000 #0.874510
v -1.396240 1.130615 0.236084 1.000000 1.000000 1.000000 #0.890196
v -0.146973 0.599365 -0.437012 1.000000 1.000000 1.000000 #0.878431
v 0.056396 0.286621 0.042725 1.000000 1.000000 1.000000 #0.874510
v -0.741211 0.302002 -0.222412 1.000000 1.000000 1.000000 #0.890196
v -1.125732 0.276123 0.625977 1.000000 1.000000 1.000000 #0.878431
v -1.153320 0.306641 0.134521 1.000000 1.000000 1.000000 #0.874510
v -1.257812 0.032227 0.416504 1.000000 1.000000 1.000000 #0.890196
v 0.056396 0.286621 0.042725 1.000000 1.000000 1.000000 #0.878431
v -0.692139 0.198242 0.670654 1.000000 1.000000 1.000000 #0.874510
v -0.937500 0.032227 0.805664 1.000000 1.000000 1.000000 #0.890196
v -0.668945 1.087891 -0.520996 1.000000 1.000000 1.000000 #0.878431
v -0.759521 1.772949 -0.418457 1.000000 1.000000 1.000000 #0.874510
v 0.032471 1.782227 -0.688721 1.000000 1.000000 1.000000 #0.890196
v -0.072266 0.032227 -0.694824 1.000000 1.000000 1.000000 #0.878431
v -0.128418 0.198486 -0.656250 1.000000 1.000000 1.000000 #0.874510
v 0.316650 0.224609 -0.291504 1.000000 1.000000 1.000000 #0.890196
v -0.937500 0.032227 0.805664 1.000000 1.000000 1.000000 #0.878431
v -1.257812 0.032227 0.416504 1.000000 1.000000 1.000000 #0.874510
v -0.072266 0.032227 -0.694824 1.000000 1.000000 1.000000 #0.890196
v 0.056396 0.286621 0.042725 1.000000 1.000000 1.000000 #0.878431
v 0.316650 0.224609 -0.291504 1.000000 1.000000 1.000000 #0.874510
v -0.128418 0.198486 -0.656250 1.000000 1.000000 1.000000 #0.890196
v 0.023193 4.897461 -0.304443 1.000000 1.000000 1.000000 #0.878431
v 0.559814 4.562256 -0.480713 1.000000 1.000000 1.000000 #0.874510
v 0.390137 4.443359 -0.337646 1.000000 1.000000 1.000000 #0.890196
v 0.602295 4.619385 -0.308350 1.000000 1.000000 1.000000 #0.878431
v 0.541016 4.490234 0.151367 1.000000 1.000000 1.000000 #0.874510
v 0.850586 4.591064 0.087646 1.000000 1.000000 1.000000 #0.890196
v 0.861084 3.855469 -0.889160 1.000000 1.000000 1.000000 #0.878431
v 0.864746 3.709717 -1.015625 1.000000 1.000000 1.000000 #0.874510
v 0.670654 3.685547 -0.943604 1.000000 1.000000 1.000000 #0.890196
v 0.657227 3.534424 -0.905029 1.000000 1.000000 1.000000 #0.878431
v 0.670654 3.685547 -0.943604 1.000000 1.000000 1.000000 #0.874510
v 0.864746 3.709717 -1.015625 1.000000 1.000000 1.000000 #0.890196
v 0.657227 3.534424 -0.905029 1.000000 1.000000 1.000000 #0.878431
v 0.864746 3.709717 -1.015625 1.000000 1.000000 1.000000 #0.874510
v 0.870605 3.510498 -0.954102 1.000000 1.000000 1.000000 #0.890196
v 0.023193 4.897461 -0.304443 1.000000 1.000000 1.000000 #0.878431
v 0.145020 4.329102 -0.168701 1.000000 1.000000 1.000000 #0.874510
v 0.602295 4.619385 -0.308350 1.000000 1.000000 1.000000 #0.890196
v 0.563721 4.374023 -0.684570 1.000000 1.000000 1.000000 #0.878431
v 0.396484 4.152588 -0.677002 1.000000 1.000000 1.000000 #0.874510
v 0.140869 4.045410 -0.448242 1.000000 1.000000 1.000000 #0.890196
v -0.128418 0.198486 -0.656250 1.000000 1.000000 1.000000 #0.878431
v -0.072266 0.032227 -0.694824 1.000000 1.000000 1.000000 #0.874510
v -1.257812 0.032227 0.416504 1.000000 1.000000 1.000000 #0.890196
v -0.741211 0.302002 -0.222412 1.000000 1.000000 1.000000 #0.878431
v -1.153320 0.306641 0.134521 1.000000 1.000000 1.000000 #0.874510
v -0.668945 1.087891 -0.520996 1.000000 1.000000 1.000000 #0.890196
v -0.692139 0.198242 0.670654 1.000000 1.000000 1.000000 #0.878431
v -1.125732 0.276123 0.625977 1.000000 1.000000 1.000000 #0.874510
v -0.937500 0.032227 0.805664 1.000000 1.000000 1.000000 #0.890196
v 0.269287 0.286621 0.315186 1.000000 1.000000 1.000000 #0.878431
v 0.556641 0.732666 -0.013184 1.000000 1.000000 1.000000 #0.874510
v 0.885498 1.022949 0.297119 1.000000 1.000000 1.000000 #0.890196
v -0.692139 0.198242 0.670654 1.000000 1.000000 1.000000 #0.878431
v 0.392822 0.475830 -0.028564 1.000000 1.000000 1.000000 #0.874510
v -0.944580 0.072510 1.045166 1.000000 1.000000 1.000000 #0.890196
v 0.539307 0.032227 -0.203369 1.000000 1.000000 1.000000 #0.878431
v 1.110840 0.032227 -0.669189 1.000000 1.000000 1.000000 #0.874510
v 1.097412 0.131348 -0.666748 1.000000 1.000000 1.000000 #0.890196
v -1.056152 0.237793 0.888672 1.000000 1.000000 1.000000 #0.878431
v -1.125732 0.276123 0.625977 1.000000 1.000000 1.000000 #0.874510
v -0.692139 0.198242 0.670654 1.000000 1.000000 1.000000 #0.890196
v 0.889160 0.135742 -0.865234 1.000000 1.000000 1.000000 #0.878431
v 0.908936 0.032227 -0.894043 1.000000 1.000000 1.000000 #0.874510
v 0.334473 0.032227 -0.422852 1.000000 1.000000 1.000000 #0.890196
v 0.334473 0.032227 -0.422852 1.000000 1.000000 1.000000 #0.878431
v 0.631104 0.252686 -0.631104 1.000000 1.000000 1.000000 #0.874510
v 0.889160 0.135742 -0.865234 1.000000 1.000000 1.000000 #0.890196
v 0.908936 0.032227 -0.894043 1.000000 1.000000 1.000000 #0.878431
v 1.110840 0.032227 -0.669189 1.000000 1.000000 1.000000 #0.874510
v 0.539307 0.032227 -0.203369 1.000000 1.000000 1.000000 #0.890196
v 0.794922 0.248291 -0.434814 1.000000 1.000000 1.000000 #0.878431
v 0.707275 1.335449 -0.526611 1.000000 1.000000 1.000000 #0.874510
v 0.420166 0.732666 -0.187744 1.000000 1.000000 1.000000 #0.890196
v 0.056396 0.286621 0.042725 1.000000 1.000000 1.000000 #0.878431
v -0.146973 0.599365 -0.437012 1.000000 1.000000 1.000000 #0.874510
v 0.218262 1.001221 -0.550537 1.000000 1.000000 1.000000 #0.890196
v 0.300293 3.569092 -0.453369 1.000000 1.000000 1.000000 #0.878431
v 0.378662 3.463379 -0.366943 1.000000 1.000000 1.000000 #0.874510
v 0.330566 3.577393 0.192139 1.000000 1.000000 1.000000 #0.890196
v -1.278320 1.929199 0.760498 1.000000 1.000000 1.000000 #0.878431
v -1.116211 2.049316 1.183350 1.000000 1.000000 1.000000 #0.874510
v -0.718750 2.505615 0.867920 1.000000 1.000000 1.000000 #0.890196
v 0.861816 4.268066 0.415771 1.000000 1.000000 1.000000 #0.878431
v 0.850586 4.591064 0.087646 1.000000 1.000000 1.000000 #0.874510
v 0.541016 4.490234 0.151367 1.000000 1.000000 1.000000 #0.890196
v 0.442871 4.125244 0.333984 1.000000 1.000000 1.000000 #0.878431
v 0.022217 3.815918 -0.109131 1.000000 1.000000 1.000000 #0.874510
v 0.330566 3.577393 0.192139 1.000000 1.000000 1.000000 #0.890196
v -0.924072 2.278320 0.193604 1.000000 1.000000 1.000000 #0.878431
v -0.718750 2.505615 0.867920 1.000000 1.000000 1.000000 #0.874510
v -0.235840 2.790283 0.585693 1.000000 1.000000 1.000000 #0.890196
v -0.759521 1.772949 -0.418457 1.000000 1.000000 1.000000 #0.878431
v -0.924072 2.278320 0.193604 1.000000 1.000000 1.000000 #0.874510
v -0.472168 2.529297 -0.145508 1.000000 1.000000 1.000000 #0.890196
v 0.378662 3.463379 -0.366943 1.000000 1.000000 1.000000 #0.878431
v 0.657227 3.534424 -0.905029 1.000000 1.000000 1.000000 #0.874510
v 0.871582 3.385010 -0.799561 1.000000 1.000000 1.000000 #0.890196
v 0.657227 3.534424 -0.905029 1.000000 1.000000 1.000000 #0.878431
v 0.870605 3.510498 -0.954102 1.000000 1.000000 1.000000 #0.874510
v 0.871582 3.385010 -0.799561 1.000000 1.000000 1.000000 #0.890196
v 0.577393 3.858398 -0.753662 1.000000 1.000000 1.000000 #0.878431
v 0.707764 3.941895 -0.771484 1.000000 1.000000 1.000000 #0.874510
v 0.670654 3.685547 -0.943604 1.000000 1.000000 1.000000 #0.890196
v 0.301758 3.996338 -0.653564 1.000000 1.000000 1.000000 #0.878431
v 0.430664 3.866455 -0.699951 1.000000 1.000000 1.000000 #0.874510
v 0.315430 3.819580 -0.631592 1.000000 1.000000 1.000000 #0.890196
v 0.396484 4.152588 -0.677002 1.000000 1.000000 1.000000 #0.878431
v 0.404297 4.120117 -0.690674 1.000000 1.000000 1.000000 #0.874510
v 0.301758 3.996338 -0.653564 1.000000 1.000000 1.000000 #0.890196
v 0.658447 4.118896 -0.787598 1.000000 1.000000 1.000000 #0.878431
v 0.635254 4.093994 -0.767090 1.000000 1.000000 1.000000 #0.874510
v 0.532471 4.142822 -0.731689 1.000000 1.000000 1.000000 #0.890196
v 0.658447 4.118896 -0.787598 1.000000 1.000000 1.000000 #0.878431
v 0.532471 4.142822 -0.731689 1.000000 1.000000 1.000000 #0.874510
v 0.546631 4.169678 -0.727539 1.000000 1.000000 1.000000 #0.890196
v 0.546631 4.169678 -0.727539 1.000000 1.000000 1.000000 #0.878431
v 0.532471 4.142822 -0.731689 1.000000 1.000000 1.000000 #0.874510
v 0.404297 4.120117 -0.690674 1.000000 1.000000 1.000000 #0.890196
v 0.546631 4.169678 -0.727539 1.000000 1.000000 1.000000 #0.878431
v 0.404297 4.120117 -0.690674 1.000000 1.000000 1.000000 #0.874510
v 0.396484 4.152588 -0.677002 1.000000 1.000000 1.000000 #0.890196
v 0.022217 3.815918 -0.109131 1.000000 1.000000 1.000000 #0.878431
v 0.143066 4.035156 -0.103271 1.000000 1.000000 1.000000 #0.874510
v 0.140869 4.045410 -0.448242 1.000000 1.000000 1.000000 #0.890196
v 0.794922 0.248291 -0.434814 1.000000 1.000000 1.000000 #0.878431
v 1.097412 0.131348 -0.666748 1.000000 1.000000 1.000000 #0.874510
v 0.889160 0.135742 -0.865234 1.000000 1.000000 1.000000 #0.890196
v -1.257812 0.032227 0.416504 1.000000 1.000000 1.000000 #0.878431
v -0.937500 0.032227 0.805664 1.000000 1.000000 1.000000 #0.874510
v -1.125732 0.276123 0.625977 1.000000 1.000000 1.000000 #0.890196
v -1.125732 0.276123 0.625977 1.000000 1.000000 1.000000 #0.878431
v -1.056152 0.237793 0.888672 1.000000 1.000000 1.000000 #0.874510
v -1.304932 0.469727 1.014648 1.000000 1.000000 1.000000 #0.890196
v 0.658447 4.118896 -0.787598 1.000000 1.000000 1.000000 #0.878431
v 0.546631 4.169678 -0.727539 1.000000 1.000000 1.000000 #0.874510
v 0.563721 4.374023 -0.684570 1.000000 1.000000 1.000000 #0.890196
v 0.430664 3.866455 -0.699951 1.000000 1.000000 1.000000 #0.878431
v 0.301758 3.996338 -0.653564 1.000000 1.000000 1.000000 #0.874510
v 0.404297 4.120117 -0.690674 1.000000 1.000000 1.000000 #0.890196
v 0.670654 3.685547 -0.943604 1.000000 1.000000 1.000000 #0.878431
v 0.707764 3.941895 -0.771484 1.000000 1.000000 1.000000 #0.874510
v 0.861084 3.855469 -0.889160 1.000000 1.000000 1.000000 #0.890196
v -0.692139 0.198242 0.670654 1.000000 1.000000 1.000000 #0.878431
v 0.056396 0.286621 0.042725 1.000000 1.000000 1.000000 #0.874510
v 0.392822 0.475830 -0.028564 1.000000 1.000000 1.000000 #0.890196
v 0.541016 4.490234 0.151367 1.000000 1.000000 1.000000 #0.878431
v 0.442871 4.125244 0.333984 1.000000 1.000000 1.000000 #0.874510
v 0.861816 4.268066 0.415771 1.000000 1.000000 1.000000 #0.890196
v 1.058838 0.252686 -0.079590 1.000000 1.000000 1.000000 #0.878431
v 0.868164 0.248291 -0.250000 1.000000 1.000000 1.000000 #0.874510
v 0.975098 1.335449 -0.199463 1.000000 1.000000 1.000000 #0.890196
v 1.203369 1.598145 0.059814 1.000000 1.000000 1.000000 #0.878431
v 0.994873 1.875732 0.666992 1.000000 1.000000 1.000000 #0.874510
v 0.885498 1.022949 0.297119 1.000000 1.000000 1.000000 #0.890196
v 0.392822 0.475830 -0.028564 1.000000 1.000000 1.000000 #0.878431
v 1.106201 1.899902 -0.600098 1.000000 1.000000 1.000000 #0.874510
v 0.975098 1.335449 -0.199463 1.000000 1.000000 1.000000 #0.890196
v 1.268066 3.462646 -0.353027 1.000000 1.000000 1.000000 #0.878431
v 1.419189 3.233887 -0.422852 1.000000 1.000000 1.000000 #0.874510
v 1.214600 3.130615 -0.737793 1.000000 1.000000 1.000000 #0.890196
v 1.002686 2.973145 0.664307 1.000000 1.000000 1.000000 #0.878431
v 1.380859 3.584961 0.132568 1.000000 1.000000 1.000000 #0.874510
v 0.877197 3.699463 0.468506 1.000000 1.000000 1.000000 #0.890196
v 1.002686 2.973145 0.664307 1.000000 1.000000 1.000000 #0.878431
v 0.456787 2.529297 0.915283 1.000000 1.000000 1.000000 #0.874510
v 0.994873 1.875732 0.666992 1.000000 1.000000 1.000000 #0.890196
v 1.418213 2.750488 0.229492 1.000000 1.000000 1.000000 #0.878431
v 1.002686 2.973145 0.664307 1.000000 1.000000 1.000000 #0.874510
v 0.994873 1.875732 0.666992 1.000000 1.000000 1.000000 #0.890196
v 1.331299 0.032227 -0.347900 1.000000 1.000000 1.000000 #0.878431
v 1.113525 0.032227 -0.557617 1.000000 1.000000 1.000000 #0.874510
v 1.110352 0.131348 -0.544189 1.000000 1.000000 1.000000 #0.890196
v 0.456787 2.529297 0.915283 1.000000 1.000000 1.000000 #0.878431
v 1.002686 2.973145 0.664307 1.000000 1.000000 1.000000 #0.874510
v 0.165283 3.174561 0.426758 1.000000 1.000000 1.000000 #0.890196
v 1.239014 2.532715 -0.828369 1.000000 1.000000 1.000000 #0.878431
v 1.531494 2.640625 -0.399902 1.000000 1.000000 1.000000 #0.874510
v 1.469482 2.075928 -0.112305 1.000000 1.000000 1.000000 #0.890196
v 1.561035 4.371094 -0.184082 1.000000 1.000000 1.000000 #0.878431
v 1.600830 4.086914 -0.132568 1.000000 1.000000 1.000000 #0.874510
v 1.541992 4.082764 -0.458496 1.000000 1.000000 1.000000 #0.890196
v 1.037109 3.698975 -0.964111 1.000000 1.000000 1.000000 #0.878431
v 1.413574 3.868408 -0.643799 1.000000 1.000000 1.000000 #0.874510
v 1.446289 3.609863 -0.418701 1.000000 1.000000 1.000000 #0.890196
v 1.092529 4.635742 -0.313721 1.000000 1.000000 1.000000 #0.878431
v 1.639893 4.949951 -0.322266 1.000000 1.000000 1.000000 #0.874510
v 1.111084 4.580322 -0.486816 1.000000 1.000000 1.000000 #0.890196
v 1.055664 4.131592 -0.791992 1.000000 1.000000 1.000000 #0.878431
v 1.081055 4.108398 -0.771973 1.000000 1.000000 1.000000 #0.874510
v 1.020508 3.945068 -0.796631 1.000000 1.000000 1.000000 #0.890196
v 1.111084 4.580322 -0.486816 1.000000 1.000000 1.000000 #0.878431
v 1.316406 4.475342 -0.347900 1.000000 1.000000 1.000000 #0.874510
v 1.133057 4.393311 -0.690674 1.000000 1.000000 1.000000 #0.890196
v 0.845215 4.651855 -0.360840 1.000000 1.000000 1.000000 #0.878431
v 1.092529 4.635742 -0.313721 1.000000 1.000000 1.000000 #0.874510
v 1.111084 4.580322 -0.486816 1.000000 1.000000 1.000000 #0.890196
v 0.519287 1.772949 1.218506 1.000000 1.000000 1.000000 #0.878431
v -0.114258 2.278320 1.230225 1.000000 1.000000 1.000000 #0.874510
v -0.148926 1.761230 1.498047 1.000000 1.000000 1.000000 #0.890196
v -0.748535 1.929199 1.438232 1.000000 1.000000 1.000000 #0.878431
v -0.148926 1.761230 1.498047 1.000000 1.000000 1.000000 #0.874510
v -0.114258 2.278320 1.230225 1.000000 1.000000 1.000000 #0.890196
v 1.239014 2.532715 -0.828369 1.000000 1.000000 1.000000 #0.878431
v 1.214600 3.130615 -0.737793 1.000000 1.000000 1.000000 #0.874510
v 1.531494 2.640625 -0.399902 1.000000 1.000000 1.000000 #0.890196
v 0.657715 0.032227 0.118164 1.000000 1.000000 1.000000 #0.878431
v 0.269287 0.286621 0.315186 1.000000 1.000000 1.000000 #0.874510
v 0.656738 0.224609 0.143555 1.000000 1.000000 1.000000 #0.890196
v 0.333740 0.302002 1.153564 1.000000 1.000000 1.000000 #0.878431
v -0.112305 0.306641 1.467041 1.000000 1.000000 1.000000 #0.874510
v -0.411133 0.032227 1.500244 1.000000 1.000000 1.000000 #0.890196
v -0.112305 0.306641 1.467041 1.000000 1.000000 1.000000 #0.878431
v 0.333740 0.302002 1.153564 1.000000 1.000000 1.000000 #0.874510
v 0.640869 1.087891 1.155762 1.000000 1.000000 1.000000 #0.890196
v -1.308594 1.308350 1.330566 1.000000 1.000000 1.000000 #0.878431
v -1.279541 0.548584 1.309570 1.000000 1.000000 1.000000 #0.874510
v -1.002930 0.469727 1.401367 1.000000 1.000000 1.000000 #0.890196
v -0.748535 1.929199 1.438232 1.000000 1.000000 1.000000 #0.878431
v -1.116211 2.049316 1.183350 1.000000 1.000000 1.000000 #0.874510
v -1.308594 1.308350 1.330566 1.000000 1.000000 1.000000 #0.890196
v 0.519287 1.772949 1.218506 1.000000 1.000000 1.000000 #0.878431
v -0.269531 1.130615 1.678223 1.000000 1.000000 1.000000 #0.874510
v 0.640869 1.087891 1.155762 1.000000 1.000000 1.000000 #0.890196
v -0.411133 0.032227 1.500244 1.000000 1.000000 1.000000 #0.878431
v -0.112305 0.306641 1.467041 1.000000 1.000000 1.000000 #0.874510
v -0.582520 0.276123 1.321289 1.000000 1.000000 1.000000 #0.890196
v 0.269287 0.286621 0.315186 1.000000 1.000000 1.000000 #0.878431
v 0.657715 0.032227 0.118164 1.000000 1.000000 1.000000 #0.874510
v -0.711182 0.032227 1.095215 1.000000 1.000000 1.000000 #0.890196
v 0.640869 1.087891 1.155762 1.000000 1.000000 1.000000 #0.878431
v 0.333740 0.302002 1.153564 1.000000 1.000000 1.000000 #0.874510
v 0.679199 0.614258 0.605957 1.000000 1.000000 1.000000 #0.890196
v 0.656738 0.224609 0.143555 1.000000 1.000000 1.000000 #0.878431
v 0.903076 0.198486 0.664062 1.000000 1.000000 1.000000 #0.874510
v 0.954102 0.032227 0.618652 1.000000 1.000000 1.000000 #0.890196
v 0.954102 0.032227 0.618652 1.000000 1.000000 1.000000 #0.878431
v -0.411133 0.032227 1.500244 1.000000 1.000000 1.000000 #0.874510
v -0.711182 0.032227 1.095215 1.000000 1.000000 1.000000 #0.890196
v 0.269287 0.286621 0.315186 1.000000 1.000000 1.000000 #0.878431
v 0.333740 0.302002 1.153564 1.000000 1.000000 1.000000 #0.874510
v 0.903076 0.198486 0.664062 1.000000 1.000000 1.000000 #0.890196
v 1.639893 4.949951 -0.322266 1.000000 1.000000 1.000000 #0.878431
v 1.561035 4.371094 -0.184082 1.000000 1.000000 1.000000 #0.874510
v 1.316406 4.475342 -0.347900 1.000000 1.000000 1.000000 #0.890196
v -0.148926 1.761230 1.498047 1.000000 1.000000 1.000000 #0.878431
v -0.269531 1.130615 1.678223 1.000000 1.000000 1.000000 #0.874510
v 0.519287 1.772949 1.218506 1.000000 1.000000 1.000000 #0.890196
v 1.037109 3.698975 -0.964111 1.000000 1.000000 1.000000 #0.878431
v 0.864746 3.709717 -1.015625 1.000000 1.000000 1.000000 #0.874510
v 0.861084 3.855469 -0.889160 1.000000 1.000000 1.000000 #0.890196
v 0.870605 3.510498 -0.954102 1.000000 1.000000 1.000000 #0.878431
v 0.864746 3.709717 -1.015625 1.000000 1.000000 1.000000 #0.874510
v 1.037109 3.698975 -0.964111 1.000000 1.000000 1.000000 #0.890196
v 0.870605 3.510498 -0.954102 1.000000 1.000000 1.000000 #0.878431
v 1.037109 3.698975 -0.964111 1.000000 1.000000 1.000000 #0.874510
v 1.079102 3.544189 -0.910889 1.000000 1.000000 1.000000 #0.890196
v 1.092529 4.635742 -0.313721 1.000000 1.000000 1.000000 #0.878431
v 1.561035 4.371094 -0.184082 1.000000 1.000000 1.000000 #0.874510
v 1.639893 4.949951 -0.322266 1.000000 1.000000 1.000000 #0.890196
v 1.541992 4.082764 -0.458496 1.000000 1.000000 1.000000 #0.878431
v 1.413574 4.031250 -0.665771 1.000000 1.000000 1.000000 #0.874510
v 1.312744 4.182129 -0.690918 1.000000 1.000000 1.000000 #0.890196
v 0.885498 1.022949 0.297119 1.000000 1.000000 1.000000 #0.878431
v 0.556641 0.732666 -0.013184 1.000000 1.000000 1.000000 #0.874510
v 0.628174 0.032227 -0.002441 1.000000 1.000000 1.000000 #0.890196
v 1.561035 4.371094 -0.184082 1.000000 1.000000 1.000000 #0.878431
v 1.092529 4.635742 -0.313721 1.000000 1.000000 1.000000 #0.874510
v 1.161377 4.511230 0.144531 1.000000 1.000000 1.000000 #0.890196
v -0.411133 0.032227 1.500244 1.000000 1.000000 1.000000 #0.878431
v 0.954102 0.032227 0.618652 1.000000 1.000000 1.000000 #0.874510
v 0.903076 0.198486 0.664062 1.000000 1.000000 1.000000 #0.890196
v -0.711182 0.032227 1.095215 1.000000 1.000000 1.000000 #0.878431
v -0.582520 0.276123 1.321289 1.000000 1.000000 1.000000 #0.874510
v -0.520996 0.198242 0.889893 1.000000 1.000000 1.000000 #0.890196
v -0.944580 0.072510 1.045166 1.000000 1.000000 1.000000 #0.878431
v 0.392822 0.475830 -0.028564 1.000000 1.000000 1.000000 #0.874510
v -0.520996 0.198242 0.889893 1.000000 1.000000 1.000000 #0.890196
v 0.628174 0.032227 -0.002441 1.000000 1.000000 1.000000 #0.878431
v 0.868164 0.248291 -0.250000 1.000000 1.000000 1.000000 #0.874510
v 1.110352 0.131348 -0.544189 1.000000 1.000000 1.000000 #0.890196
v -0.520996 0.198242 0.889893 1.000000 1.000000 1.000000 #0.878431
v -0.582520 0.276123 1.321289 1.000000 1.000000 1.000000 #0.874510
v -0.820557 0.237793 1.190430 1.000000 1.000000 1.000000 #0.890196
v 0.840576 0.032227 0.209717 1.000000 1.000000 1.000000 #0.878431
v 1.331299 0.032227 -0.347900 1.000000 1.000000 1.000000 #0.874510
v 1.301758 0.135742 -0.329346 1.000000 1.000000 1.000000 #0.890196
v 1.301758 0.135742 -0.329346 1.000000 1.000000 1.000000 #0.878431
v 1.058838 0.252686 -0.079590 1.000000 1.000000 1.000000 #0.874510
v 0.840576 0.032227 0.209717 1.000000 1.000000 1.000000 #0.890196
v 0.628174 0.032227 -0.002441 1.000000 1.000000 1.000000 #0.878431
v 1.113525 0.032227 -0.557617 1.000000 1.000000 1.000000 #0.874510
v 1.331299 0.032227 -0.347900 1.000000 1.000000 1.000000 #0.890196
v 0.868164 0.248291 -0.250000 1.000000 1.000000 1.000000 #0.878431
v 0.628174 0.032227 -0.002441 1.000000 1.000000 1.000000 #0.874510
v 0.556641 0.732666 -0.013184 1.000000 1.000000 1.000000 #0.890196
v -0.718750 2.505615 0.867920 1.000000 1.000000 1.000000 #0.878431
v -1.116211 2.049316 1.183350 1.000000 1.000000 1.000000 #0.874510
v -0.748535 1.929199 1.438232 1.000000 1.000000 1.000000 #0.890196
v 1.161377 4.511230 0.144531 1.000000 1.000000 1.000000 #0.878431
v 0.850586 4.591064 0.087646 1.000000 1.000000 1.000000 #0.874510
v 0.861816 4.268066 0.415771 1.000000 1.000000 1.000000 #0.890196
v 1.289795 4.118896 0.324463 1.000000 1.000000 1.000000 #0.878431
v 0.861816 4.268066 0.415771 1.000000 1.000000 1.000000 #0.874510
v 0.877197 3.699463 0.468506 1.000000 1.000000 1.000000 #0.890196
v 0.456787 2.529297 0.915283 1.000000 1.000000 1.000000 #0.878431
v -0.114258 2.278320 1.230225 1.000000 1.000000 1.000000 #0.874510
v 0.519287 1.772949 1.218506 1.000000 1.000000 1.000000 #0.890196
v 1.268066 3.462646 -0.353027 1.000000 1.000000 1.000000 #0.878431
v 0.872314 3.384033 -0.561035 1.000000 1.000000 1.000000 #0.874510
v 0.871582 3.385010 -0.799561 1.000000 1.000000 1.000000 #0.890196
v 1.446289 3.609863 -0.418701 1.000000 1.000000 1.000000 #0.878431
v 1.706299 3.865967 -0.161621 1.000000 1.000000 1.000000 #0.874510
v 1.380859 3.584961 0.132568 1.000000 1.000000 1.000000 #0.890196
v 0.871582 3.385010 -0.799561 1.000000 1.000000 1.000000 #0.878431
v 0.870605 3.510498 -0.954102 1.000000 1.000000 1.000000 #0.874510
v 1.079102 3.544189 -0.910889 1.000000 1.000000 1.000000 #0.890196
v 1.295410 3.893311 -0.709473 1.000000 1.000000 1.000000 #0.878431
v 1.413574 4.031250 -0.665771 1.000000 1.000000 1.000000 #0.874510
v 1.413574 3.868408 -0.643799 1.000000 1.000000 1.000000 #0.890196
v 1.413574 4.031250 -0.665771 1.000000 1.000000 1.000000 #0.878431
v 1.310547 4.146973 -0.700439 1.000000 1.000000 1.000000 #0.874510
v 1.312744 4.182129 -0.690918 1.000000 1.000000 1.000000 #0.890196
v 1.164062 4.190186 -0.734375 1.000000 1.000000 1.000000 #0.878431
v 1.179932 4.164307 -0.739014 1.000000 1.000000 1.000000 #0.874510
v 1.081055 4.108398 -0.771973 1.000000 1.000000 1.000000 #0.890196
v 1.164062 4.190186 -0.734375 1.000000 1.000000 1.000000 #0.878431
v 1.081055 4.108398 -0.771973 1.000000 1.000000 1.000000 #0.874510
v 1.055664 4.131592 -0.791992 1.000000 1.000000 1.000000 #0.890196
v 1.312744 4.182129 -0.690918 1.000000 1.000000 1.000000 #0.878431
v 1.310547 4.146973 -0.700439 1.000000 1.000000 1.000000 #0.874510
v 1.179932 4.164307 -0.739014 1.000000 1.000000 1.000000 #0.890196
v 1.312744 4.182129 -0.690918 1.000000 1.000000 1.000000 #0.878431
v 1.179932 4.164307 -0.739014 1.000000 1.000000 1.000000 #0.874510
v 1.164062 4.190186 -0.734375 1.000000 1.000000 1.000000 #0.890196
v 1.541992 4.082764 -0.458496 1.000000 1.000000 1.000000 #0.878431
v 1.600830 4.086914 -0.132568 1.000000 1.000000 1.000000 #0.874510
v 1.706299 3.865967 -0.161621 1.000000 1.000000 1.000000 #0.890196
v 1.706299 3.865967 -0.161621 1.000000 1.000000 1.000000 #0.878431
v 1.600830 4.086914 -0.132568 1.000000 1.000000 1.000000 #0.874510
v 1.289795 4.118896 0.324463 1.000000 1.000000 1.000000 #0.890196
v 1.301758 0.135742 -0.329346 1.000000 1.000000 1.000000 #0.878431
v 1.110352 0.131348 -0.544189 1.000000 1.000000 1.000000 #0.874510
v 0.868164 0.248291 -0.250000 1.000000 1.000000 1.000000 #0.890196
v -0.582520 0.276123 1.321289 1.000000 1.000000 1.000000 #0.878431
v -0.711182 0.032227 1.095215 1.000000 1.000000 1.000000 #0.874510
v -0.411133 0.032227 1.500244 1.000000 1.000000 1.000000 #0.890196
v -1.002930 0.469727 1.401367 1.000000 1.000000 1.000000 #0.878431
v -0.820557 0.237793 1.190430 1.000000 1.000000 1.000000 #0.874510
v -0.582520 0.276123 1.321289 1.000000 1.000000 1.000000 #0.890196
v 1.055664 4.131592 -0.791992 1.000000 1.000000 1.000000 #0.878431
v 1.020508 3.945068 -0.796631 1.000000 1.000000 1.000000 #0.874510
v 0.861084 3.855469 -0.889160 1.000000 1.000000 1.000000 #0.890196
v 1.148682 3.878418 -0.759766 1.000000 1.000000 1.000000 #0.878431
v 1.020508 3.945068 -0.796631 1.000000 1.000000 1.000000 #0.874510
v 1.081055 4.108398 -0.771973 1.000000 1.000000 1.000000 #0.890196
v 0.861084 3.855469 -0.889160 1.000000 1.000000 1.000000 #0.878431
v 1.020508 3.945068 -0.796631 1.000000 1.000000 1.000000 #0.874510
v 1.037109 3.698975 -0.964111 1.000000 1.000000 1.000000 #0.890196
v 0.392822 0.475830 -0.028564 1.000000 1.000000 1.000000 #0.878431
v 0.269287 0.286621 0.315186 1.000000 1.000000 1.000000 #0.874510
v -0.520996 0.198242 0.889893 1.000000 1.000000 1.000000 #0.890196
v 0.861816 4.268066 0.415771 1.000000 1.000000 1.000000 #0.878431
v 1.289795 4.118896 0.324463 1.000000 1.000000 1.000000 #0.874510
v 1.161377 4.511230 0.144531 1.000000 1.000000 1.000000 #0.890196
v 1.312744 4.182129 -0.690918 1.000000 1.000000 1.000000 #0.878431
v 1.164062 4.190186 -0.734375 1.000000 1.000000 1.000000 #0.874510
v 1.133057 4.393311 -0.690674 1.000000 1.000000 1.000000 #0.890196
v 1.133057 4.393311 -0.690674 1.000000 1.000000 1.000000 #0.878431
v 1.316406 4.475342 -0.347900 1.000000 1.000000 1.000000 #0.874510
v 1.541992 4.082764 -0.458496 1.000000 1.000000 1.000000 #0.890196
v 0.563721 4.374023 -0.684570 1.000000 1.000000 1.000000 #0.878431
v 0.546631 4.169678 -0.727539 1.000000 1.000000 1.000000 #0.874510
v 0.396484 4.152588 -0.677002 1.000000 1.000000 1.000000 #0.890196
v 0.861084 3.855469 -0.889160 1.000000 1.000000 1.000000 #0.878431
v 0.707764 3.941895 -0.771484 1.000000 1.000000 1.000000 #0.874510
v 0.658447 4.118896 -0.787598 1.000000 1.000000 1.000000 #0.890196
v 0.658447 4.118896 -0.787598 1.000000 1.000000 1.000000 #0.878431
v 0.563721 4.374023 -0.684570 1.000000 1.000000 1.000000 #0.874510
v 0.847168 4.399658 -0.730713 1.000000 1.000000 1.000000 #0.890196
v 1.133057 4.393311 -0.690674 1.000000 1.000000 1.000000 #0.878431
v 1.164062 4.190186 -0.734375 1.000000 1.000000 1.000000 #0.874510
v 1.055664 4.131592 -0.791992 1.000000 1.000000 1.000000 #0.890196
v 1.055664 4.131592 -0.791992 1.000000 1.000000 1.000000 #0.878431
v 0.861084 3.855469 -0.889160 1.000000 1.000000 1.000000 #0.874510
v 0.847168 4.399658 -0.730713 1.000000 1.000000 1.000000 #0.890196
v 1.055664 4.131592 -0.791992 1.000000 1.000000 1.000000 #0.878431
v 0.847168 4.399658 -0.730713 1.000000 1.000000 1.000000 #0.874510
v 1.133057 4.393311 -0.690674 1.000000 1.000000 1.000000 #0.890196
v 0.847168 4.399658 -0.730713 1.000000 1.000000 1.000000 #0.878431
v 0.861084 3.855469 -0.889160 1.000000 1.000000 1.000000 #0.874510
v 0.658447 4.118896 -0.787598 1.000000 1.000000 1.000000 #0.890196
v 1.203369 1.598145 0.059814 1.000000 1.000000 1.000000 #0.878431
v 0.975098 1.335449 -0.199463 1.000000 1.000000 1.000000 #0.874510
v 1.106201 1.899902 -0.600098 1.000000 1.000000 1.000000 #0.890196
v 0.903076 0.198486 0.664062 1.000000 1.000000 1.000000 #0.878431
v 0.333740 0.302002 1.153564 1.000000 1.000000 1.000000 #0.874510
v -0.411133 0.032227 1.500244 1.000000 1.000000 1.000000 #0.890196
v -1.257812 0.032227 0.416504 1.000000 1.000000 1.000000 #0.878431
v -0.741211 0.302002 -0.222412 1.000000 1.000000 1.000000 #0.874510
v -0.128418 0.198486 -0.656250 1.000000 1.000000 1.000000 #0.890196
v 0.492676 2.075928 -1.007812 1.000000 1.000000 1.000000 #0.878431
v 0.797607 2.746094 -1.008057 1.000000 1.000000 1.000000 #0.874510
v 1.239014 2.532715 -0.828369 1.000000 1.000000 1.000000 #0.890196
v 1.306885 0.226318 -1.543701 1.000000 1.000000 1.000000 #0.878431
v -0.268799 0.672607 -1.678223 1.000000 1.000000 1.000000 #0.874510
v 0.009521 0.998047 -1.325195 1.000000 1.000000 1.000000 #0.890196
v -0.268066 0.171631 -1.676025 1.000000 1.000000 1.000000 #0.878431
v 0.075195 0.032227 -1.237549 1.000000 1.000000 1.000000 #0.874510
v -0.728516 0.032227 -0.628662 1.000000 1.000000 1.000000 #0.890196
v -0.552246 0.397217 -0.418701 1.000000 1.000000 1.000000 #0.878431
v -0.728516 0.032227 -0.628662 1.000000 1.000000 1.000000 #0.874510
v 0.075195 0.032227 -1.237549 1.000000 1.000000 1.000000 #0.890196
v -1.021240 0.570068 -1.012207 1.000000 1.000000 1.000000 #0.878431
v -0.773438 0.843994 -0.698730 1.000000 1.000000 1.000000 #0.874510
v 0.009521 0.998047 -1.325195 1.000000 1.000000 1.000000 #0.890196
v -1.203857 0.023193 0.640869 1.000000 1.000000 1.000000 #0.878431
v -1.221191 0.032227 0.027100 1.000000 1.000000 1.000000 #0.874510
v -1.114258 0.338867 0.055664 1.000000 1.000000 1.000000 #0.890196
v -1.637451 0.047852 0.693848 1.000000 1.000000 1.000000 #0.878431
v -1.550781 0.076172 -0.116455 1.000000 1.000000 1.000000 #0.874510
v -1.221191 0.032227 0.027100 1.000000 1.000000 1.000000 #0.890196
v -1.637451 0.047852 0.693848 1.000000 1.000000 1.000000 #0.878431
v -1.706299 0.487305 0.670898 1.000000 1.000000 1.000000 #0.874510
v -1.617432 0.461182 -0.175781 1.000000 1.000000 1.000000 #0.890196
v -1.706299 0.487305 0.670898 1.000000 1.000000 1.000000 #0.878431
v -1.269287 0.485596 0.619141 1.000000 1.000000 1.000000 #0.874510
v -1.366943 0.611572 -0.092529 1.000000 1.000000 1.000000 #0.890196
v -1.304932 0.469727 1.014648 1.000000 1.000000 1.000000 #0.878431
v -1.269287 0.485596 0.619141 1.000000 1.000000 1.000000 #0.874510
v -1.706299 0.487305 0.670898 1.000000 1.000000 1.000000 #0.890196
v -1.337158 0.134277 1.301270 1.000000 1.000000 1.000000 #0.878431
v -0.944580 0.072510 1.045166 1.000000 1.000000 1.000000 #0.874510
v -0.820557 0.237793 1.190430 1.000000 1.000000 1.000000 #0.890196
v 0.277100 0.519531 -0.979248 1.000000 1.000000 1.000000 #0.878431
v 0.009521 0.998047 -1.325195 1.000000 1.000000 1.000000 #0.874510
v -0.773438 0.843994 -0.698730 1.000000 1.000000 1.000000 #0.890196
v -1.269287 0.485596 0.619141 1.000000 1.000000 1.000000 #0.878431
v -1.304932 0.469727 1.014648 1.000000 1.000000 1.000000 #0.874510
v -1.056152 0.237793 0.888672 1.000000 1.000000 1.000000 #0.890196
v 0.277100 0.519531 -0.979248 1.000000 1.000000 1.000000 #0.878431
v 0.075195 0.032227 -1.237549 1.000000 1.000000 1.000000 #0.874510
v 1.306885 0.226318 -1.543701 1.000000 1.000000 1.000000 #0.890196
v -1.706299 0.487305 0.670898 1.000000 1.000000 1.000000 #0.878431
v -1.637451 0.047852 0.693848 1.000000 1.000000 1.000000 #0.874510
v -1.337158 0.134277 1.301270 1.000000 1.000000 1.000000 #0.890196
v -1.706299 0.487305 0.670898 1.000000 1.000000 1.000000 #0.878431
v -1.279541 0.548584 1.309570 1.000000 1.000000 1.000000 #0.874510
v -1.304932 0.469727 1.014648 1.000000 1.000000 1.000000 #0.890196
v -1.114258 0.338867 0.055664 1.000000 1.000000 1.000000 #0.878431
v -0.552246 0.397217 -0.418701 1.000000 1.000000 1.000000 #0.874510
v -0.773438 0.843994 -0.698730 1.000000 1.000000 1.000000 #0.890196
v -1.366943 0.611572 -0.092529 1.000000 1.000000 1.000000 #0.878431
v -1.617432 0.461182 -0.175781 1.000000 1.000000 1.000000 #0.874510
v -1.706299 0.487305 0.670898 1.000000 1.000000 1.000000 #0.890196
v -1.617432 0.461182 -0.175781 1.000000 1.000000 1.000000 #0.878431
v -1.550781 0.076172 -0.116455 1.000000 1.000000 1.000000 #0.874510
v -1.637451 0.047852 0.693848 1.000000 1.000000 1.000000 #0.890196
v -1.221191 0.032227 0.027100 1.000000 1.000000 1.000000 #0.878431
v -1.203857 0.023193 0.640869 1.000000 1.000000 1.000000 #0.874510
v -1.637451 0.047852 0.693848 1.000000 1.000000 1.000000 #0.890196
v -1.550781 0.076172 -0.116455 1.000000 1.000000 1.000000 #0.878431
v -1.007568 0.104736 -0.993408 1.000000 1.000000 1.000000 #0.874510
v -0.728516 0.032227 -0.628662 1.000000 1.000000 1.000000 #0.890196
v -1.221191 0.032227 0.027100 1.000000 1.000000 1.000000 #0.878431
v -0.728516 0.032227 -0.628662 1.000000 1.000000 1.000000 #0.874510
v -0.552246 0.397217 -0.418701 1.000000 1.000000 1.000000 #0.890196
v -1.366943 0.611572 -0.092529 1.000000 1.000000 1.000000 #0.878431
v -0.773438 0.843994 -0.698730 1.000000 1.000000 1.000000 #0.874510
v -1.021240 0.570068 -1.012207 1.000000 1.000000 1.000000 #0.890196
v -1.617432 0.461182 -0.175781 1.000000 1.000000 1.000000 #0.878431
v -1.021240 0.570068 -1.012207 1.000000 1.000000 1.000000 #0.874510
v -1.007568 0.104736 -0.993408 1.000000 1.000000 1.000000 #0.890196
v -0.268066 0.171631 -1.676025 1.000000 1.000000 1.000000 #0.878431
v -0.268799 0.672607 -1.678223 1.000000 1.000000 1.000000 #0.874510
v 1.306885 0.226318 -1.543701 1.000000 1.000000 1.000000 #0.890196
v 1.306885 0.226318 -1.543701 1.000000 1.000000 1.000000 #0.878431
v 0.009521 0.998047 -1.325195 1.000000 1.000000 1.000000 #0.874510
v 0.277100 0.519531 -0.979248 1.000000 1.000000 1.000000 #0.890196
v -0.268066 0.171631 -1.676025 1.000000 1.000000 1.000000 #0.878431
v 1.306885 0.226318 -1.543701 1.000000 1.000000 1.000000 #0.874510
v 0.075195 0.032227 -1.237549 1.000000 1.000000 1.000000 #0.890196
v -1.114258 0.338867 0.055664 1.000000 1.000000 1.000000 #0.878431
v -1.366943 0.611572 -0.092529 1.000000 1.000000 1.000000 #0.874510
v -1.269287 0.485596 0.619141 1.000000 1.000000 1.000000 #0.890196
v -1.269287 0.485596 0.619141 1.000000 1.000000 1.000000 #0.878431
v -1.056152 0.237793 0.888672 1.000000 1.000000 1.000000 #0.874510
v -0.944580 0.072510 1.045166 1.000000 1.000000 1.000000 #0.890196
v -1.269287 0.485596 0.619141 1.000000 1.000000 1.000000 #0.878431
v -0.944580 0.072510 1.045166 1.000000 1.000000 1.000000 #0.874510
v -1.203857 0.023193 0.640869 1.000000 1.000000 1.000000 #0.890196
v -1.269287 0.485596 0.619141 1.000000 1.000000 1.000000 #0.878431
v -1.203857 0.023193 0.640869 1.000000 1.000000 1.000000 #0.874510
v -1.114258 0.338867 0.055664 1.000000 1.000000 1.000000 #0.890196
v -1.337158 0.134277 1.301270 1.000000 1.000000 1.000000 #0.878431
v -1.279541 0.548584 1.309570 1.000000 1.000000 1.000000 #0.874510
v -1.706299 0.487305 0.670898 1.000000 1.000000 1.000000 #0.890196
v 0.315430 3.819580 -0.631592 1.000000 1.000000 1.000000 #0.878431
v 0.140869 4.045410 -0.448242 1.000000 1.000000 1.000000 #0.874510
v 0.301758 3.996338 -0.653564 1.000000 1.000000 1.000000 #0.890196
v 1.413574 4.031250 -0.665771 1.000000 1.000000 1.000000 #0.878431
v 1.541992 4.082764 -0.458496 1.000000 1.000000 1.000000 #0.874510
v 1.413574 3.868408 -0.643799 1.000000 1.000000 1.000000 #0.890196
v -1.396240 1.130615 0.236084 1.000000 1.000000 1.000000 #0.878431
v -0.668945 1.087891 -0.520996 1.000000 1.000000 1.000000 #0.874510
v -1.153320 0.306641 0.134521 1.000000 1.000000 1.000000 #0.890196
v 0.640869 1.087891 1.155762 1.000000 1.000000 1.000000 #0.878431
v -0.269531 1.130615 1.678223 1.000000 1.000000 1.000000 #0.874510
v -0.112305 0.306641 1.467041 1.000000 1.000000 1.000000 #0.890196
v 0.994873 1.875732 0.666992 1.000000 1.000000 1.000000 #0.878431
v 0.456787 2.529297 0.915283 1.000000 1.000000 1.000000 #0.874510
v 0.519287 1.772949 1.218506 1.000000 1.000000 1.000000 #0.890196
v 0.218262 1.001221 -0.550537 1.000000 1.000000 1.000000 #0.878431
v 0.334473 0.032227 -0.422852 1.000000 1.000000 1.000000 #0.874510
v 0.539307 0.032227 -0.203369 1.000000 1.000000 1.000000 #0.890196
v 0.885498 1.022949 0.297119 1.000000 1.000000 1.000000 #0.878431
v 0.628174 0.032227 -0.002441 1.000000 1.000000 1.000000 #0.874510
v 0.840576 0.032227 0.209717 1.000000 1.000000 1.000000 #0.890196
v 0.333740 0.302002 1.153564 1.000000 1.000000 1.000000 #0.878431
v 0.269287 0.286621 0.315186 1.000000 1.000000 1.000000 #0.874510
v 0.679199 0.614258 0.605957 1.000000 1.000000 1.000000 #0.890196
v 0.903076 0.198486 0.664062 1.000000 1.000000 1.000000 #0.878431
v 0.656738 0.224609 0.143555 1.000000 1.000000 1.000000 #0.874510
v 0.269287 0.286621 0.315186 1.000000 1.000000 1.000000 #0.890196
v -0.128418 0.198486 -0.656250 1.000000 1.000000 1.000000 #0.878431
v -0.741211 0.302002 -0.222412 1.000000 1.000000 1.000000 #0.874510
v 0.056396 0.286621 0.042725 1.000000 1.000000 1.000000 #0.890196
v 1.106201 1.899902 -0.600098 1.000000 1.000000 1.000000 #0.878431
v 0.707275 1.335449 -0.526611 1.000000 1.000000 1.000000 #0.874510
v 0.523926 1.583252 -0.846191 1.000000 1.000000 1.000000 #0.890196
v -0.820557 0.237793 1.190430 1.000000 1.000000 1.000000 #0.878431
v -0.944580 0.072510 1.045166 1.000000 1.000000 1.000000 #0.874510
v -0.520996 0.198242 0.889893 1.000000 1.000000 1.000000 #0.890196
v -0.692139 0.198242 0.670654 1.000000 1.000000 1.000000 #0.878431
v -0.944580 0.072510 1.045166 1.000000 1.000000 1.000000 #0.874510
v -1.056152 0.237793 0.888672 1.000000 1.000000 1.000000 #0.890196
v 0.396484 4.152588 -0.677002 1.000000 1.000000 1.000000 #0.878431
v 0.301758 3.996338 -0.653564 1.000000 1.000000 1.000000 #0.874510
v 0.140869 4.045410 -0.448242 1.000000 1.000000 1.000000 #0.890196
v 0.145020 4.329102 -0.168701 1.000000 1.000000 1.000000 #0.878431
v 0.143066 4.035156 -0.103271 1.000000 1.000000 1.000000 #0.874510
v 0.442871 4.125244 0.333984 1.000000 1.000000 1.000000 #0.890196
v 1.561035 4.371094 -0.184082 1.000000 1.000000 1.000000 #0.878431
v 1.161377 4.511230 0.144531 1.000000 1.000000 1.000000 #0.874510
v 1.289795 4.118896 0.324463 1.000000 1.000000 1.000000 #0.890196
v 0.442871 4.125244 0.333984 1.000000 1.000000 1.000000 #0.878431
v 0.143066 4.035156 -0.103271 1.000000 1.000000 1.000000 #0.874510
v 0.022217 3.815918 -0.109131 1.000000 1.000000 1.000000 #0.890196
v 1.380859 3.584961 0.132568 1.000000 1.000000 1.000000 #0.878431
v 1.706299 3.865967 -0.161621 1.000000 1.000000 1.000000 #0.874510
v 1.289795 4.118896 0.324463 1.000000 1.000000 1.000000 #0.890196
v 0.442871 4.125244 0.333984 1.000000 1.000000 1.000000 #0.878431
v 0.541016 4.490234 0.151367 1.000000 1.000000 1.000000 #0.874510
v 0.145020 4.329102 -0.168701 1.000000 1.000000 1.000000 #0.890196
v 1.289795 4.118896 0.324463 1.000000 1.000000 1.000000 #0.878431
v 1.600830 4.086914 -0.132568 1.000000 1.000000 1.000000 #0.874510
v 1.561035 4.371094 -0.184082 1.000000 1.000000 1.000000 #0.890196
v 0.218262 1.001221 -0.550537 1.000000 1.000000 1.000000 #0.878431
v 0.032471 1.782227 -0.688721 1.000000 1.000000 1.000000 #0.874510
v 0.523926 1.583252 -0.846191 1.000000 1.000000 1.000000 #0.890196
v 1.446289 3.609863 -0.418701 1.000000 1.000000 1.000000 #0.878431
v 1.380859 3.584961 0.132568 1.000000 1.000000 1.000000 #0.874510
v 1.268066 3.462646 -0.353027 1.000000 1.000000 1.000000 #0.890196
v 0.084473 3.808838 -0.459961 1.000000 1.000000 1.000000 #0.878431
v 0.140869 4.045410 -0.448242 1.000000 1.000000 1.000000 #0.874510
v 0.315430 3.819580 -0.631592 1.000000 1.000000 1.000000 #0.890196
v 1.413574 3.868408 -0.643799 1.000000 1.000000 1.000000 #0.878431
v 1.541992 4.082764 -0.458496 1.000000 1.000000 1.000000 #0.874510
v 1.585938 3.854492 -0.510742 1.000000 1.000000 1.000000 #0.890196
v 1.418213 2.750488 0.229492 1.000000 1.000000 1.000000 #0.878431
v 1.380859 3.584961 0.132568 1.000000 1.000000 1.000000 #0.874510
v 1.002686 2.973145 0.664307 1.000000 1.000000 1.000000 #0.890196
v 0.390137 4.443359 -0.337646 1.000000 1.000000 1.000000 #0.878431
v 0.145020 4.329102 -0.168701 1.000000 1.000000 1.000000 #0.874510
v 0.023193 4.897461 -0.304443 1.000000 1.000000 1.000000 #0.890196
v 1.316406 4.475342 -0.347900 1.000000 1.000000 1.000000 #0.878431
v 1.111084 4.580322 -0.486816 1.000000 1.000000 1.000000 #0.874510
v 1.639893 4.949951 -0.322266 1.000000 1.000000 1.000000 #0.890196
v 1.541992 4.082764 -0.458496 1.000000 1.000000 1.000000 #0.878431
v 1.312744 4.182129 -0.690918 1.000000 1.000000 1.000000 #0.874510
v 1.133057 4.393311 -0.690674 1.000000 1.000000 1.000000 #0.890196
v 0.140869 4.045410 -0.448242 1.000000 1.000000 1.000000 #0.878431
v 0.390137 4.443359 -0.337646 1.000000 1.000000 1.000000 #0.874510
v 0.563721 4.374023 -0.684570 1.000000 1.000000 1.000000 #0.890196
v 0.635254 4.093994 -0.767090 1.000000 1.000000 1.000000 #0.878431
v 0.707764 3.941895 -0.771484 1.000000 1.000000 1.000000 #0.874510
v 0.577393 3.858398 -0.753662 1.000000 1.000000 1.000000 #0.890196
v 0.430664 3.866455 -0.699951 1.000000 1.000000 1.000000 #0.878431
v 0.404297 4.120117 -0.690674 1.000000 1.000000 1.000000 #0.874510
v 0.532471 4.142822 -0.731689 1.000000 1.000000 1.000000 #0.890196
v 0.532471 4.142822 -0.731689 1.000000 1.000000 1.000000 #0.878431
v 0.635254 4.093994 -0.767090 1.000000 1.000000 1.000000 #0.874510
v 0.577393 3.858398 -0.753662 1.000000 1.000000 1.000000 #0.890196
v 0.532471 4.142822 -0.731689 1.000000 1.000000 1.000000 #0.878431
v 0.577393 3.858398 -0.753662 1.000000 1.000000 1.000000 #0.874510
v 0.430664 3.866455 -0.699951 1.000000 1.000000 1.000000 #0.890196
v 1.310547 4.146973 -0.700439 1.000000 1.000000 1.000000 #0.878431
v 1.413574 4.031250 -0.665771 1.000000 1.000000 1.000000 #0.874510
v 1.295410 3.893311 -0.709473 1.000000 1.000000 1.000000 #0.890196
v 1.148682 3.878418 -0.759766 1.000000 1.000000 1.000000 #0.878431
v 1.081055 4.108398 -0.771973 1.000000 1.000000 1.000000 #0.874510
v 1.179932 4.164307 -0.739014 1.000000 1.000000 1.000000 #0.890196
v 1.295410 3.893311 -0.709473 1.000000 1.000000 1.000000 #0.878431
v 1.148682 3.878418 -0.759766 1.000000 1.000000 1.000000 #0.874510
v 1.179932 4.164307 -0.739014 1.000000 1.000000 1.000000 #0.890196
v 1.295410 3.893311 -0.709473 1.000000 1.000000 1.000000 #0.878431
v 1.179932 4.164307 -0.739014 1.000000 1.000000 1.000000 #0.874510
v 1.310547 4.146973 -0.700439 1.000000 1.000000 1.000000 #0.890196
v 0.084473 3.808838 -0.459961 1.000000 1.000000 1.000000 #0.878431
v 0.300293 3.569092 -0.453369 1.000000 1.000000 1.000000 #0.874510
v 0.022217 3.815918 -0.109131 1.000000 1.000000 1.000000 #0.890196
v 1.706299 3.865967 -0.161621 1.000000 1.000000 1.000000 #0.878431
v 1.446289 3.609863 -0.418701 1.000000 1.000000 1.000000 #0.874510
v 1.585938 3.854492 -0.510742 1.000000 1.000000 1.000000 #0.890196
v 0.145020 4.329102 -0.168701 1.000000 1.000000 1.000000 #0.878431
v 0.390137 4.443359 -0.337646 1.000000 1.000000 1.000000 #0.874510
v 0.140869 4.045410 -0.448242 1.000000 1.000000 1.000000 #0.890196
v 1.541992 4.082764 -0.458496 1.000000 1.000000 1.000000 #0.878431
v 1.316406 4.475342 -0.347900 1.000000 1.000000 1.000000 #0.874510
v 1.561035 4.371094 -0.184082 1.000000 1.000000 1.000000 #0.890196
v 0.877197 3.699463 0.468506 1.000000 1.000000 1.000000 #0.878431
v 0.861816 4.268066 0.415771 1.000000 1.000000 1.000000 #0.874510
v 0.442871 4.125244 0.333984 1.000000 1.000000 1.000000 #0.890196
v 0.850586 4.591064 0.087646 1.000000 1.000000 1.000000 #0.878431
v 1.161377 4.511230 0.144531 1.000000 1.000000 1.000000 #0.874510
v 1.092529 4.635742 -0.313721 1.000000 1.000000 1.000000 #0.890196
v 0.707275 1.335449 -0.526611 1.000000 1.000000 1.000000 #0.878431
v 0.794922 0.248291 -0.434814 1.000000 1.000000 1.000000 #0.874510
v 0.631104 0.252686 -0.631104 1.000000 1.000000 1.000000 #0.890196
v 0.631104 0.252686 -0.631104 1.000000 1.000000 1.000000 #0.878431
v 0.334473 0.032227 -0.422852 1.000000 1.000000 1.000000 #0.874510
v 0.218262 1.001221 -0.550537 1.000000 1.000000 1.000000 #0.890196
v 0.954102 0.032227 0.618652 1.000000 1.000000 1.000000 #0.878431
v 0.657715 0.032227 0.118164 1.000000 1.000000 1.000000 #0.874510
v 0.656738 0.224609 0.143555 1.000000 1.000000 1.000000 #0.890196
v 0.316650 0.224609 -0.291504 1.000000 1.000000 1.000000 #0.878431
v 0.341553 0.032227 -0.286133 1.000000 1.000000 1.000000 #0.874510
v -0.072266 0.032227 -0.694824 1.000000 1.000000 1.000000 #0.890196
v -0.711182 0.032227 1.095215 1.000000 1.000000 1.000000 #0.878431
v -0.520996 0.198242 0.889893 1.000000 1.000000 1.000000 #0.874510
v 0.269287 0.286621 0.315186 1.000000 1.000000 1.000000 #0.890196
v -0.937500 0.032227 0.805664 1.000000 1.000000 1.000000 #0.878431
v 0.341553 0.032227 -0.286133 1.000000 1.000000 1.000000 #0.874510
v 0.056396 0.286621 0.042725 1.000000 1.000000 1.000000 #0.890196
v -1.278320 1.929199 0.760498 1.000000 1.000000 1.000000 #0.878431
v -0.718750 2.505615 0.867920 1.000000 1.000000 1.000000 #0.874510
v -0.924072 2.278320 0.193604 1.000000 1.000000 1.000000 #0.890196
v -0.114258 2.278320 1.230225 1.000000 1.000000 1.000000 #0.878431
v -0.718750 2.505615 0.867920 1.000000 1.000000 1.000000 #0.874510
v -0.748535 1.929199 1.438232 1.000000 1.000000 1.000000 #0.890196
v -0.235840 2.790283 0.585693 1.000000 1.000000 1.000000 #0.878431
v -0.718750 2.505615 0.867920 1.000000 1.000000 1.000000 #0.874510
v -0.114258 2.278320 1.230225 1.000000 1.000000 1.000000 #0.890196
v 1.037109 3.698975 -0.964111 1.000000 1.000000 1.000000 #0.878431
v 1.020508 3.945068 -0.796631 1.000000 1.000000 1.000000 #0.874510
v 1.148682 3.878418 -0.759766 1.000000 1.000000 1.000000 #0.890196
v 1.469482 2.075928 -0.112305 1.000000 1.000000 1.000000 #0.878431
v 1.531494 2.640625 -0.399902 1.000000 1.000000 1.000000 #0.874510
v 1.418213 2.750488 0.229492 1.000000 1.000000 1.000000 #0.890196
v 0.392822 0.475830 -0.028564 1.000000 1.000000 1.000000 #0.878431
v 0.056396 0.286621 0.042725 1.000000 1.000000 1.000000 #0.874510
v 0.420166 0.732666 -0.187744 1.000000 1.000000 1.000000 #0.890196
v 0.885498 1.022949 0.297119 1.000000 1.000000 1.000000 #0.878431
v 0.840576 0.032227 0.209717 1.000000 1.000000 1.000000 #0.874510
v 1.058838 0.252686 -0.079590 1.000000 1.000000 1.000000 #0.890196
v 0.539307 0.032227 -0.203369 1.000000 1.000000 1.000000 #0.878431
v 0.420166 0.732666 -0.187744 1.000000 1.000000 1.000000 #0.874510
v 0.218262 1.001221 -0.550537 1.000000 1.000000 1.000000 #0.890196
v 0.218262 1.001221 -0.550537 1.000000 1.000000 1.000000 #0.878431
v 0.420166 0.732666 -0.187744 1.000000 1.000000 1.000000 #0.874510
v 0.056396 0.286621 0.042725 1.000000 1.000000 1.000000 #0.890196
v 0.885498 1.022949 0.297119 1.000000 1.000000 1.000000 #0.878431
v 0.679199 0.614258 0.605957 1.000000 1.000000 1.000000 #0.874510
v 0.269287 0.286621 0.315186 1.000000 1.000000 1.000000 #0.890196
v 0.315430 3.819580 -0.631592 1.000000 1.000000 1.000000 #0.878431
v 0.430664 3.866455 -0.699951 1.000000 1.000000 1.000000 #0.874510
v 0.670654 3.685547 -0.943604 1.000000 1.000000 1.000000 #0.890196
v 1.037109 3.698975 -0.964111 1.000000 1.000000 1.000000 #0.878431
v 1.148682 3.878418 -0.759766 1.000000 1.000000 1.000000 #0.874510
v 1.295410 3.893311 -0.709473 1.000000 1.000000 1.000000 #0.890196
v 1.413574 3.868408 -0.643799 1.000000 1.000000 1.000000 #0.878431
v 1.037109 3.698975 -0.964111 1.000000 1.000000 1.000000 #0.874510
v 1.295410 3.893311 -0.709473 1.000000 1.000000 1.000000 #0.890196
v 1.446289 3.609863 -0.418701 1.000000 1.000000 1.000000 #0.878431
v 1.079102 3.544189 -0.910889 1.000000 1.000000 1.000000 #0.874510
v 1.037109 3.698975 -0.964111 1.000000 1.000000 1.000000 #0.890196
v 0.850586 4.591064 0.087646 1.000000 1.000000 1.000000 #0.878431
v 1.092529 4.635742 -0.313721 1.000000 1.000000 1.000000 #0.874510
v 0.845215 4.651855 -0.360840 1.000000 1.000000 1.000000 #0.890196
v 0.845215 4.651855 -0.360840 1.000000 1.000000 1.000000 #0.878431
v 0.602295 4.619385 -0.308350 1.000000 1.000000 1.000000 #0.874510
v 0.850586 4.591064 0.087646 1.000000 1.000000 1.000000 #0.890196
v 1.111084 4.580322 -0.486816 1.000000 1.000000 1.000000 #0.878431
v 1.133057 4.393311 -0.690674 1.000000 1.000000 1.000000 #0.874510
v 0.847168 4.399658 -0.730713 1.000000 1.000000 1.000000 #0.890196
v 0.559814 4.562256 -0.480713 1.000000 1.000000 1.000000 #0.878431
v 0.845215 4.651855 -0.360840 1.000000 1.000000 1.000000 #0.874510
v 0.847168 4.399658 -0.730713 1.000000 1.000000 1.000000 #0.890196
v 0.556641 0.732666 -0.013184 1.000000 1.000000 1.000000 #0.878431
v 0.269287 0.286621 0.315186 1.000000 1.000000 1.000000 #0.874510
v 0.392822 0.475830 -0.028564 1.000000 1.000000 1.000000 #0.890196
v 0.392822 0.475830 -0.028564 1.000000 1.000000 1.000000 #0.878431
v 0.420166 0.732666 -0.187744 1.000000 1.000000 1.000000 #0.874510
v 0.707275 1.335449 -0.526611 1.000000 1.000000 1.000000 #0.890196
v 0.707275 1.335449 -0.526611 1.000000 1.000000 1.000000 #0.878431
v 1.106201 1.899902 -0.600098 1.000000 1.000000 1.000000 #0.874510
v 0.392822 0.475830 -0.028564 1.000000 1.000000 1.000000 #0.890196
v 0.975098 1.335449 -0.199463 1.000000 1.000000 1.000000 #0.878431
v 0.556641 0.732666 -0.013184 1.000000 1.000000 1.000000 #0.874510
v 0.392822 0.475830 -0.028564 1.000000 1.000000 1.000000 #0.890196
v 0.556641 0.732666 -0.013184 1.000000 1.000000 1.000000 #0.878431
v 0.975098 1.335449 -0.199463 1.000000 1.000000 1.000000 #0.874510
v 0.868164 0.248291 -0.250000 1.000000 1.000000 1.000000 #0.890196
v 0.420166 0.732666 -0.187744 1.000000 1.000000 1.000000 #0.878431
v 0.539307 0.032227 -0.203369 1.000000 1.000000 1.000000 #0.874510
v 0.794922 0.248291 -0.434814 1.000000 1.000000 1.000000 #0.890196
v 0.994873 1.875732 0.666992 1.000000 1.000000 1.000000 #0.878431
v 1.203369 1.598145 0.059814 1.000000 1.000000 1.000000 #0.874510
v 1.469482 2.075928 -0.112305 1.000000 1.000000 1.000000 #0.890196
v 0.492676 2.075928 -1.007812 1.000000 1.000000 1.000000 #0.878431
v 0.523926 1.583252 -0.846191 1.000000 1.000000 1.000000 #0.874510
v 0.032471 1.782227 -0.688721 1.000000 1.000000 1.000000 #0.890196
v 1.469482 2.075928 -0.112305 1.000000 1.000000 1.000000 #0.878431
v 1.418213 2.750488 0.229492 1.000000 1.000000 1.000000 #0.874510
v 0.994873 1.875732 0.666992 1.000000 1.000000 1.000000 #0.890196
v 0.032471 1.782227 -0.688721 1.000000 1.000000 1.000000 #0.878431
v 0.244873 2.710449 -0.831299 1.000000 1.000000 1.000000 #0.874510
v 0.492676 2.075928 -1.007812 1.000000 1.000000 1.000000 #0.890196
v 0.994873 1.875732 0.666992 1.000000 1.000000 1.000000 #0.878431
v 0.519287 1.772949 1.218506 1.000000 1.000000 1.000000 #0.874510
v 0.640869 1.087891 1.155762 1.000000 1.000000 1.000000 #0.890196
v 0.885498 1.022949 0.297119 1.000000 1.000000 1.000000 #0.878431
v 0.994873 1.875732 0.666992 1.000000 1.000000 1.000000 #0.874510
v 0.640869 1.087891 1.155762 1.000000 1.000000 1.000000 #0.890196
v 0.218262 1.001221 -0.550537 1.000000 1.000000 1.000000 #0.878431
v -0.146973 0.599365 -0.437012 1.000000 1.000000 1.000000 #0.874510
v -0.668945 1.087891 -0.520996 1.000000 1.000000 1.000000 #0.890196
v -0.235840 2.790283 0.585693 1.000000 1.000000 1.000000 #0.878431
v -0.472168 2.529297 -0.145508 1.000000 1.000000 1.000000 #0.874510
v -0.924072 2.278320 0.193604 1.000000 1.000000 1.000000 #0.890196
v -0.114258 2.278320 1.230225 1.000000 1.000000 1.000000 #0.878431
v 0.456787 2.529297 0.915283 1.000000 1.000000 1.000000 #0.874510
v -0.235840 2.790283 0.585693 1.000000 1.000000 1.000000 #0.890196
v 1.079102 3.544189 -0.910889 1.000000 1.000000 1.000000 #0.878431
v 1.268066 3.462646 -0.353027 1.000000 1.000000 1.000000 #0.874510
v 0.871582 3.385010 -0.799561 1.000000 1.000000 1.000000 #0.890196
v 0.871582 3.385010 -0.799561 1.000000 1.000000 1.000000 #0.878431
v 0.872314 3.384033 -0.561035 1.000000 1.000000 1.000000 #0.874510
v 0.378662 3.463379 -0.366943 1.000000 1.000000 1.000000 #0.890196
v 1.289795 4.118896 0.324463 1.000000 1.000000 1.000000 #0.878431
v 0.877197 3.699463 0.468506 1.000000 1.000000 1.000000 #0.874510
v 1.380859 3.584961 0.132568 1.000000 1.000000 1.000000 #0.890196
v 0.330566 3.577393 0.192139 1.000000 1.000000 1.000000 #0.878431
v 0.877197 3.699463 0.468506 1.000000 1.000000 1.000000 #0.874510
v 0.442871 4.125244 0.333984 1.000000 1.000000 1.000000 #0.890196
v 0.165283 3.174561 0.426758 1.000000 1.000000 1.000000 #0.878431
v -0.049805 2.973145 -0.219482 1.000000 1.000000 1.000000 #0.874510
v -0.472168 2.529297 -0.145508 1.000000 1.000000 1.000000 #0.890196
v 0.165283 3.174561 0.426758 1.000000 1.000000 1.000000 #0.878431
v -0.235840 2.790283 0.585693 1.000000 1.000000 1.000000 #0.874510
v 0.456787 2.529297 0.915283 1.000000 1.000000 1.000000 #0.890196
v 0.165283 3.174561 0.426758 1.000000 1.000000 1.000000 #0.878431
v 0.877197 3.699463 0.468506 1.000000 1.000000 1.000000 #0.874510
v 0.330566 3.577393 0.192139 1.000000 1.000000 1.000000 #0.890196
v -1.396240 1.130615 0.236084 1.000000 1.000000 1.000000 #0.878431
v -1.192383 1.761230 0.162598 1.000000 1.000000 1.000000 #0.874510
v -0.759521 1.772949 -0.418457 1.000000 1.000000 1.000000 #0.890196
v -1.278320 1.929199 0.760498 1.000000 1.000000 1.000000 #0.878431
v -1.192383 1.761230 0.162598 1.000000 1.000000 1.000000 #0.874510
v -1.396240 1.130615 0.236084 1.000000 1.000000 1.000000 #0.890196
v -1.278320 1.929199 0.760498 1.000000 1.000000 1.000000 #0.878431
v -1.396240 1.130615 0.236084 1.000000 1.000000 1.000000 #0.874510
v -1.308594 1.308350 1.330566 1.000000 1.000000 1.000000 #0.890196
v -0.269531 1.130615 1.678223 1.000000 1.000000 1.000000 #0.878431
v -0.148926 1.761230 1.498047 1.000000 1.000000 1.000000 #0.874510
v -0.748535 1.929199 1.438232 1.000000 1.000000 1.000000 #0.890196
v -0.748535 1.929199 1.438232 1.000000 1.000000 1.000000 #0.878431
v -1.308594 1.308350 1.330566 1.000000 1.000000 1.000000 #0.874510
v -0.269531 1.130615 1.678223 1.000000 1.000000 1.000000 #0.890196
v -1.396240 1.130615 0.236084 1.000000 1.000000 1.000000 #0.878431
v -1.153320 0.306641 0.134521 1.000000 1.000000 1.000000 #0.874510
v -1.125732 0.276123 0.625977 1.000000 1.000000 1.000000 #0.890196
v -0.582520 0.276123 1.321289 1.000000 1.000000 1.000000 #0.878431
v -0.112305 0.306641 1.467041 1.000000 1.000000 1.000000 #0.874510
v -0.269531 1.130615 1.678223 1.000000 1.000000 1.000000 #0.890196
v -0.269531 1.130615 1.678223 1.000000 1.000000 1.000000 #0.878431
v -1.002930 0.469727 1.401367 1.000000 1.000000 1.000000 #0.874510
v -0.582520 0.276123 1.321289 1.000000 1.000000 1.000000 #0.890196
v -1.125732 0.276123 0.625977 1.000000 1.000000 1.000000 #0.878431
v -1.304932 0.469727 1.014648 1.000000 1.000000 1.000000 #0.874510
v -1.396240 1.130615 0.236084 1.000000 1.000000 1.000000 #0.890196
v 0.378662 3.463379 -0.366943 1.000000 1.000000 1.000000 #0.878431
v 0.300293 3.569092 -0.453369 1.000000 1.000000 1.000000 #0.874510
v 0.657227 3.534424 -0.905029 1.000000 1.000000 1.000000 #0.890196
v 1.079102 3.544189 -0.910889 1.000000 1.000000 1.000000 #0.878431
v 1.446289 3.609863 -0.418701 1.000000 1.000000 1.000000 #0.874510
v 1.268066 3.462646 -0.353027 1.000000 1.000000 1.000000 #0.890196
v -0.668945 1.087891 -0.520996 1.000000 1.000000 1.000000 #0.878431
v 0.032471 1.782227 -0.688721 1.000000 1.000000 1.000000 #0.874510
v 0.218262 1.001221 -0.550537 1.000000 1.000000 1.000000 #0.890196
v 0.640869 1.087891 1.155762 1.000000 1.000000 1.000000 #0.878431
v 0.679199 0.614258 0.605957 1.000000 1.000000 1.000000 #0.874510
v 0.885498 1.022949 0.297119 1.000000 1.000000 1.000000 #0.890196
v -1.308594 1.308350 1.330566 1.000000 1.000000 1.000000 #0.878431
v -1.396240 1.130615 0.236084 1.000000 1.000000 1.000000 #0.874510
v -1.304932 0.469727 1.014648 1.000000 1.000000 1.000000 #0.890196
v -1.002930 0.469727 1.401367 1.000000 1.000000 1.000000 #0.878431
v -0.269531 1.130615 1.678223 1.000000 1.000000 1.000000 #0.874510
v -1.308594 1.308350 1.330566 1.000000 1.000000 1.000000 #0.890196
v 1.380859 3.584961 0.132568 1.000000 1.000000 1.000000 #0.878431
v 1.418213 2.750488 0.229492 1.000000 1.000000 1.000000 #0.874510
v 1.531494 2.640625 -0.399902 1.000000 1.000000 1.000000 #0.890196
v -0.049805 2.973145 -0.219482 1.000000 1.000000 1.000000 #0.878431
v 0.330566 3.577393 0.192139 1.000000 1.000000 1.000000 #0.874510
v 0.378662 3.463379 -0.366943 1.000000 1.000000 1.000000 #0.890196
v 0.877197 3.699463 0.468506 1.000000 1.000000 1.000000 #0.878431
v 0.165283 3.174561 0.426758 1.000000 1.000000 1.000000 #0.874510
v 1.002686 2.973145 0.664307 1.000000 1.000000 1.000000 #0.890196
v 0.975098 1.335449 -0.199463 1.000000 1.000000 1.000000 #0.878431
v 1.203369 1.598145 0.059814 1.000000 1.000000 1.000000 #0.874510
v 1.058838 0.252686 -0.079590 1.000000 1.000000 1.000000 #0.890196
v 0.631104 0.252686 -0.631104 1.000000 1.000000 1.000000 #0.878431
v 0.523926 1.583252 -0.846191 1.000000 1.000000 1.000000 #0.874510
v 0.707275 1.335449 -0.526611 1.000000 1.000000 1.000000 #0.890196
v -1.007568 0.104736 -0.993408 1.000000 1.000000 1.000000 #0.878431
v -1.021240 0.570068 -1.012207 1.000000 1.000000 1.000000 #0.874510
v -0.268799 0.672607 -1.678223 1.000000 1.000000 1.000000 #0.890196
v 1.331299 0.032227 -0.347900 1.000000 1.000000 1.000000 #0.878431
v 0.840576 0.032227 0.209717 1.000000 1.000000 1.000000 #0.874510
v 0.628174 0.032227 -0.002441 1.000000 1.000000 1.000000 #0.890196
v 0.539307 0.032227 -0.203369 1.000000 1.000000 1.000000 #0.878431
v 0.334473 0.032227 -0.422852 1.000000 1.000000 1.000000 #0.874510
v 0.908936 0.032227 -0.894043 1.000000 1.000000 1.000000 #0.890196
v -0.711182 0.032227 1.095215 1.000000 1.000000 1.000000 #0.878431
v 0.657715 0.032227 0.118164 1.000000 1.000000 1.000000 #0.874510
v 0.954102 0.032227 0.618652 1.000000 1.000000 1.000000 #0.890196
v -0.072266 0.032227 -0.694824 1.000000 1.000000 1.000000 #0.878431
v 0.341553 0.032227 -0.286133 1.000000 1.000000 1.000000 #0.874510
v -0.937500 0.032227 0.805664 1.000000 1.000000 1.000000 #0.890196
v -1.021240 0.570068 -1.012207 1.000000 1.000000 1.000000 #0.878431
v -1.617432 0.461182 -0.175781 1.000000 1.000000 1.000000 #0.874510
v -1.366943 0.611572 -0.092529 1.000000 1.000000 1.000000 #0.890196
v 0.009521 0.998047 -1.325195 1.000000 1.000000 1.000000 #0.878431
v -0.268799 0.672607 -1.678223 1.000000 1.000000 1.000000 #0.874510
v -1.021240 0.570068 -1.012207 1.000000 1.000000 1.000000 #0.890196
v -0.268799 0.672607 -1.678223 1.000000 1.000000 1.000000 #0.878431
v -0.268066 0.171631 -1.676025 1.000000 1.000000 1.000000 #0.874510
v -1.007568 0.104736 -0.993408 1.000000 1.000000 1.000000 #0.890196
v -1.007568 0.104736 -0.993408 1.000000 1.000000 1.000000 #0.878431
v -1.550781 0.076172 -0.116455 1.000000 1.000000 1.000000 #0.874510
v -1.617432 0.461182 -0.175781 1.000000 1.000000 1.000000 #0.890196
v -0.728516 0.032227 -0.628662 1.000000 1.000000 1.000000 #0.878431
v -1.221191 0.032227 0.027100 1.000000 1.000000 1.000000 #0.874510
v -1.550781 0.076172 -0.116455 1.000000 1.000000 1.000000 #0.890196
v -0.728516 0.032227 -0.628662 1.000000 1.000000 1.000000 #0.878431
v -1.007568 0.104736 -0.993408 1.000000 1.000000 1.000000 #0.874510
v -0.268066 0.171631 -1.676025 1.000000 1.000000 1.000000 #0.890196
v -0.773438 0.843994 -0.698730 1.000000 1.000000 1.000000 #0.878431
v -1.366943 0.611572 -0.092529 1.000000 1.000000 1.000000 #0.874510
v -1.114258 0.338867 0.055664 1.000000 1.000000 1.000000 #0.890196
v -0.773438 0.843994 -0.698730 1.000000 1.000000 1.000000 #0.878431
v -0.552246 0.397217 -0.418701 1.000000 1.000000 1.000000 #0.874510
v 0.277100 0.519531 -0.979248 1.000000 1.000000 1.000000 #0.890196
v 0.075195 0.032227 -1.237549 1.000000 1.000000 1.000000 #0.878431
v 0.277100 0.519531 -0.979248 1.000000 1.000000 1.000000 #0.874510
v -0.552246 0.397217 -0.418701 1.000000 1.000000 1.000000 #0.890196
v -0.552246 0.397217 -0.418701 1.000000 1.000000 1.000000 #0.878431
v -1.114258 0.338867 0.055664 1.000000 1.000000 1.000000 #0.874510
v -1.221191 0.032227 0.027100 1.000000 1.000000 1.000000 #0.890196
v 0.868164 0.248291 -0.250000 1.000000 1.000000 1.000000 #0.878431
v 1.058838 0.252686 -0.079590 1.000000 1.000000 1.000000 #0.874510
v 1.301758 0.135742 -0.329346 1.000000 1.000000 1.000000 #0.890196
v 0.889160 0.135742 -0.865234 1.000000 1.000000 1.000000 #0.878431
v 0.631104 0.252686 -0.631104 1.000000 1.000000 1.000000 #0.874510
v 0.794922 0.248291 -0.434814 1.000000 1.000000 1.000000 #0.890196
v 0.908936 0.032227 -0.894043 1.000000 1.000000 1.000000 #0.878431
v 0.889160 0.135742 -0.865234 1.000000 1.000000 1.000000 #0.874510
v 1.097412 0.131348 -0.666748 1.000000 1.000000 1.000000 #0.890196
v 1.110352 0.131348 -0.544189 1.000000 1.000000 1.000000 #0.878431
v 1.301758 0.135742 -0.329346 1.000000 1.000000 1.000000 #0.874510
v 1.331299 0.032227 -0.347900 1.000000 1.000000 1.000000 #0.890196
v 1.097412 0.131348 -0.666748 1.000000 1.000000 1.000000 #0.878431
v 0.794922 0.248291 -0.434814 1.000000 1.000000 1.000000 #0.874510
v 0.539307 0.032227 -0.203369 1.000000 1.000000 1.000000 #0.890196
v 1.110352 0.131348 -0.544189 1.000000 1.000000 1.000000 #0.878431
v 1.113525 0.032227 -0.557617 1.000000 1.000000 1.000000 #0.874510
v 0.628174 0.032227 -0.002441 1.000000 1.000000 1.000000 #0.890196
v 1.585938 3.854492 -0.510742 1.000000 1.000000 1.000000 #0.878431
v 1.446289 3.609863 -0.418701 1.000000 1.000000 1.000000 #0.874510
v 1.413574 3.868408 -0.643799 1.000000 1.000000 1.000000 #0.890196
v 1.585938 3.854492 -0.510742 1.000000 1.000000 1.000000 #0.878431
v 1.541992 4.082764 -0.458496 1.000000 1.000000 1.000000 #0.874510
v 1.706299 3.865967 -0.161621 1.000000 1.000000 1.000000 #0.890196
v 0.315430 3.819580 -0.631592 1.000000 1.000000 1.000000 #0.878431
v 0.300293 3.569092 -0.453369 1.000000 1.000000 1.000000 #0.874510
v 0.084473 3.808838 -0.459961 1.000000 1.000000 1.000000 #0.890196
v 0.022217 3.815918 -0.109131 1.000000 1.000000 1.000000 #0.878431
v 0.140869 4.045410 -0.448242 1.000000 1.000000 1.000000 #0.874510
v 0.084473 3.808838 -0.459961 1.000000 1.000000 1.000000 #0.890196
v 1.419189 3.233887 -0.422852 1.000000 1.000000 1.000000 #0.878431
v 1.531494 2.640625 -0.399902 1.000000 1.000000 1.000000 #0.874510
v 1.214600 3.130615 -0.737793 1.000000 1.000000 1.000000 #0.890196
v 1.419189 3.233887 -0.422852 1.000000 1.000000 1.000000 #0.878431
v 1.268066 3.462646 -0.353027 1.000000 1.000000 1.000000 #0.874510
v 1.380859 3.584961 0.132568 1.000000 1.000000 1.000000 #0.890196
v 1.214600 3.130615 -0.737793 1.000000 1.000000 1.000000 #0.878431
v 0.797607 2.746094 -1.008057 1.000000 1.000000 1.000000 #0.874510
v 0.872314 3.384033 -0.561035 1.000000 1.000000 1.000000 #0.890196
v 1.469482 2.075928 -0.112305 1.000000 1.000000 1.000000 #0.878431
v 1.203369 1.598145 0.059814 1.000000 1.000000 1.000000 #0.874510
v 1.106201 1.899902 -0.600098 1.000000 1.000000 1.000000 #0.890196
v 1.469482 2.075928 -0.112305 1.000000 1.000000 1.000000 #0.878431
v 1.106201 1.899902 -0.600098 1.000000 1.000000 1.000000 #0.874510
v 1.239014 2.532715 -0.828369 1.000000 1.000000 1.000000 #0.890196
v 1.531494 2.640625 -0.399902 1.000000 1.000000 1.000000 #0.878431
v 1.419189 3.233887 -0.422852 1.000000 1.000000 1.000000 #0.874510
v 1.380859 3.584961 0.132568 1.000000 1.000000 1.000000 #0.890196
v 0.330566 3.577393 0.192139 1.000000 1.000000 1.000000 #0.878431
v 0.022217 3.815918 -0.109131 1.000000 1.000000 1.000000 #0.874510
v 0.300293 3.569092 -0.453369 1.000000 1.000000 1.000000 #0.890196
v 0.244873 2.710449 -0.831299 1.000000 1.000000 1.000000 #0.878431
v 0.032471 1.782227 -0.688721 1.000000 1.000000 1.000000 #0.874510
v -0.472168 2.529297 -0.145508 1.000000 1.000000 1.000000 #0.890196
v -0.472168 2.529297 -0.145508 1.000000 1.000000 1.000000 #0.878431
v 0.032471 1.782227 -0.688721 1.000000 1.000000 1.000000 #0.874510
v -0.759521 1.772949 -0.418457 1.000000 1.000000 1.000000 #0.890196
v 1.214600 3.130615 -0.737793 1.000000 1.000000 1.000000 #0.878431
v 0.872314 3.384033 -0.561035 1.000000 1.000000 1.000000 #0.874510
v 1.268066 3.462646 -0.353027 1.000000 1.000000 1.000000 #0.890196
v 0.378662 3.463379 -0.366943 1.000000 1.000000 1.000000 #0.878431
v 0.872314 3.384033 -0.561035 1.000000 1.000000 1.000000 #0.874510
v 0.797607 2.746094 -1.008057 1.000000 1.000000 1.000000 #0.890196
v 0.218262 1.001221 -0.550537 1.000000 1.000000 1.000000 #0.878431
v 0.523926 1.583252 -0.846191 1.000000 1.000000 1.000000 #0.874510
v 0.631104 0.252686 -0.631104 1.000000 1.000000 1.000000 #0.890196
v 1.058838 0.252686 -0.079590 1.000000 1.000000 1.000000 #0.878431
v 1.203369 1.598145 0.059814 1.000000 1.000000 1.000000 #0.874510
v 0.885498 1.022949 0.297119 1.000000 1.000000 1.000000 #0.890196
v -0.668945 1.087891 -0.520996 1.000000 1.000000 1.000000 #0.878431
v -0.146973 0.599365 -0.437012 1.000000 1.000000 1.000000 #0.874510
v -0.741211 0.302002 -0.222412 1.000000 1.000000 1.000000 #0.890196
v -1.002930 0.469727 1.401367 1.000000 1.000000 1.000000 #0.878431
v -1.279541 0.548584 1.309570 1.000000 1.000000 1.000000 #0.874510
v -1.337158 0.134277 1.301270 1.000000 1.000000 1.000000 #0.890196
v -0.944580 0.072510 1.045166 1.000000 1.000000 1.000000 #0.878431
v -1.337158 0.134277 1.301270 1.000000 1.000000 1.000000 #0.874510
v -1.637451 0.047852 0.693848 1.000000 1.000000 1.000000 #0.890196
v -0.944580 0.072510 1.045166 1.000000 1.000000 1.000000 #0.878431
v -1.637451 0.047852 0.693848 1.000000 1.000000 1.000000 #0.874510
v -1.203857 0.023193 0.640869 1.000000 1.000000 1.000000 #0.890196
v -0.820557 0.237793 1.190430 1.000000 1.000000 1.000000 #0.878431
v -1.002930 0.469727 1.401367 1.000000 1.000000 1.000000 #0.874510
v -1.337158 0.134277 1.301270 1.000000 1.000000 1.000000 #0.890196
v 0.670654 3.685547 -0.943604 1.000000 1.000000 1.000000 #0.878431
v 0.300293 3.569092 -0.453369 1.000000 1.000000 1.000000 #0.874510
v 0.315430 3.819580 -0.631592 1.000000 1.000000 1.000000 #0.890196
v 0.847168 4.399658 -0.730713 1.000000 1.000000 1.000000 #0.878431
v 0.563721 4.374023 -0.684570 1.000000 1.000000 1.000000 #0.874510
v 0.559814 4.562256 -0.480713 1.000000 1.000000 1.000000 #0.890196
v 0.847168 4.399658 -0.730713 1.000000 1.000000 1.000000 #0.878431
v 0.845215 4.651855 -0.360840 1.000000 1.000000 1.000000 #0.874510
v 1.111084 4.580322 -0.486816 1.000000 1.000000 1.000000 #0.890196
vt 0.251953 0.547852 0.000000
vt 0.127930 0.518066 0.000000
vt 0.181641 0.401367 0.000000
vt 0.127930 0.518066 0.000000
vt 0.251953 0.547852 0.000000
vt 0.197754 0.664062 0.000000
vt 0.197754 0.664062 0.000000
vt 0.251953 0.547852 0.000000
vt 0.362793 0.584473 0.000000
vt 0.310547 0.700684 0.000000
vt 0.362793 0.584473 0.000000
vt 0.487305 0.656250 0.000000
vt 0.481445 0.481445 0.000000
vt 0.362793 0.584473 0.000000
vt 0.251953 0.547852 0.000000
vt 0.087402 0.020996 0.000000
vt 0.087402 0.008301 0.000000
vt 0.167480 0.007812 0.000000
vt 0.481445 0.481445 0.000000
vt 0.569336 0.575195 0.000000
vt 0.487305 0.656250 0.000000
vt 0.335449 0.905273 0.000000
vt 0.246582 0.926758 0.000000
vt 0.272949 0.867676 0.000000
vt 0.172363 0.264160 0.000000
vt 0.181641 0.401367 0.000000
vt 0.068359 0.356934 0.000000
vt 0.181641 0.401367 0.000000
vt 0.055176 0.455566 0.000000
vt 0.068359 0.356934 0.000000
vt 0.212891 0.772949 0.000000
vt 0.291992 0.800781 0.000000
vt 0.272949 0.867676 0.000000
vt 0.058594 0.719727 0.000000
vt 0.071777 0.675781 0.000000
vt 0.181641 0.709961 0.000000
vt 0.651367 0.745117 0.000000
vt 0.616699 0.838379 0.000000
vt 0.634277 0.747070 0.000000
vt 0.072754 0.779785 0.000000
vt 0.090332 0.804199 0.000000
vt 0.086914 0.815918 0.000000
vt 0.117188 0.894531 0.000000
vt 0.228516 0.882812 0.000000
vt 0.216309 0.920410 0.000000
vt 0.216309 0.920410 0.000000
vt 0.246582 0.926758 0.000000
vt 0.207031 0.976562 0.000000
vt 0.628418 0.354980 0.000000
vt 0.587402 0.436035 0.000000
vt 0.482422 0.337891 0.000000
vt 0.132812 0.772461 0.000000
vt 0.103516 0.771484 0.000000
vt 0.058594 0.719727 0.000000
vt 0.587402 0.436035 0.000000
vt 0.628418 0.354980 0.000000
vt 0.716309 0.378906 0.000000
vt 0.127930 0.518066 0.000000
vt 0.068359 0.579590 0.000000
vt 0.055176 0.455566 0.000000
vt 0.474609 0.037109 0.000000
vt 0.508789 0.044922 0.000000
vt 0.473633 0.009277 0.000000
vt 0.631348 0.008301 0.000000
vt 0.618652 0.041504 0.000000
vt 0.501953 0.044434 0.000000
vt 0.755859 0.079590 0.000000
vt 0.814941 0.080566 0.000000
vt 0.814941 0.242188 0.000000
vt 0.814941 0.242188 0.000000
vt 0.768066 0.399902 0.000000
vt 0.716309 0.378906 0.000000
vt 0.482422 0.337891 0.000000
vt 0.488770 0.196777 0.000000
vt 0.668945 0.227539 0.000000
vt 0.395020 0.096191 0.000000
vt 0.368164 0.057129 0.000000
vt 0.501953 0.044434 0.000000
vt 0.684570 0.042969 0.000000
vt 0.618652 0.041504 0.000000
vt 0.631348 0.008301 0.000000
vt 0.508789 0.044922 0.000000
vt 0.685547 0.042480 0.000000
vt 0.710938 0.007812 0.000000
vt 0.488770 0.196777 0.000000
vt 0.482422 0.337891 0.000000
vt 0.325195 0.356445 0.000000
vt 0.502930 0.005371 0.000000
vt 0.501465 0.033203 0.000000
vt 0.369141 0.033203 0.000000
vt 0.382812 0.003906 0.000000
vt 0.303223 0.004395 0.000000
vt 0.299805 0.024902 0.000000
vt 0.368164 0.057129 0.000000
vt 0.369141 0.033203 0.000000
vt 0.501465 0.033203 0.000000
vt 0.039062 0.269531 0.000000
vt 0.005371 0.209961 0.000000
vt 0.027344 0.196777 0.000000
vt 0.246582 0.926758 0.000000
vt 0.335449 0.905273 0.000000
vt 0.358887 0.957520 0.000000
vt 0.029785 0.775391 0.000000
vt 0.004395 0.731445 0.000000
vt 0.058594 0.719727 0.000000
vt 0.071777 0.675781 0.000000
vt 0.058594 0.719727 0.000000
vt 0.004395 0.731445 0.000000
vt 0.071777 0.675781 0.000000
vt 0.004395 0.731445 0.000000
vt 0.013672 0.672852 0.000000
vt 0.616699 0.838379 0.000000
vt 0.576172 0.737793 0.000000
vt 0.634277 0.747070 0.000000
vt 0.117188 0.894531 0.000000
vt 0.139160 0.823730 0.000000
vt 0.212891 0.772949 0.000000
vt 0.501465 0.033203 0.000000
vt 0.502930 0.005371 0.000000
vt 0.631348 0.008301 0.000000
vt 0.501953 0.044434 0.000000
vt 0.618652 0.041504 0.000000
vt 0.488770 0.196777 0.000000
vt 0.685547 0.042480 0.000000
vt 0.684570 0.042969 0.000000
vt 0.710938 0.007812 0.000000
vt 0.368164 0.057129 0.000000
vt 0.247070 0.161133 0.000000
vt 0.296875 0.193848 0.000000
vt 0.685547 0.042480 0.000000
vt 0.301270 0.060547 0.000000
vt 0.714355 0.007812 0.000000
vt 0.020996 0.008301 0.000000
vt 0.087402 0.008301 0.000000
vt 0.087402 0.020996 0.000000
vt 0.731934 0.067871 0.000000
vt 0.684570 0.042969 0.000000
vt 0.685547 0.042480 0.000000
vt 0.167969 0.021973 0.000000
vt 0.167480 0.007812 0.000000
vt 0.232910 0.007812 0.000000
vt 0.232910 0.007812 0.000000
vt 0.172852 0.055176 0.000000
vt 0.167969 0.021973 0.000000
vt 0.272949 0.027344 0.000000
vt 0.212402 0.027832 0.000000
vt 0.213379 0.007812 0.000000
vt 0.108887 0.050293 0.000000
vt 0.117188 0.251953 0.000000
vt 0.070801 0.161621 0.000000
vt 0.368164 0.057129 0.000000
vt 0.395020 0.096191 0.000000
vt 0.296875 0.193848 0.000000
vt 0.181641 0.709961 0.000000
vt 0.197754 0.664062 0.000000
vt 0.310547 0.700684 0.000000
vt 0.716309 0.378906 0.000000
vt 0.768066 0.399902 0.000000
vt 0.679688 0.509277 0.000000
vt 0.419922 0.859375 0.000000
vt 0.358887 0.957520 0.000000
vt 0.335449 0.905273 0.000000
vt 0.372559 0.809082 0.000000
vt 0.297852 0.743652 0.000000
vt 0.310547 0.700684 0.000000
vt 0.587402 0.436035 0.000000
vt 0.679688 0.509277 0.000000
vt 0.569336 0.575195 0.000000
vt 0.482422 0.337891 0.000000
vt 0.587402 0.436035 0.000000
vt 0.481445 0.481445 0.000000
vt 0.197754 0.664062 0.000000
vt 0.071777 0.675781 0.000000
vt 0.065430 0.642090 0.000000
vt 0.071777 0.675781 0.000000
vt 0.013672 0.672852 0.000000
vt 0.065430 0.642090 0.000000
vt 0.103516 0.771484 0.000000
vt 0.072754 0.779785 0.000000
vt 0.058594 0.719727 0.000000
vt 0.157715 0.793945 0.000000
vt 0.132812 0.772461 0.000000
vt 0.144043 0.755859 0.000000
vt 0.139160 0.823730 0.000000
vt 0.137207 0.812500 0.000000
vt 0.157715 0.793945 0.000000
vt 0.086914 0.815918 0.000000
vt 0.090332 0.804199 0.000000
vt 0.112305 0.815430 0.000000
vt 0.086914 0.815918 0.000000
vt 0.112305 0.815430 0.000000
vt 0.110840 0.827637 0.000000
vt 0.110840 0.827637 0.000000
vt 0.112305 0.815430 0.000000
vt 0.137207 0.812500 0.000000
vt 0.110840 0.827637 0.000000
vt 0.137207 0.812500 0.000000
vt 0.139160 0.823730 0.000000
vt 0.297852 0.743652 0.000000
vt 0.291992 0.800781 0.000000
vt 0.212891 0.772949 0.000000
vt 0.108887 0.050293 0.000000
vt 0.087402 0.020996 0.000000
vt 0.167969 0.021973 0.000000
vt 0.631348 0.008301 0.000000
vt 0.710938 0.007812 0.000000
vt 0.684570 0.042969 0.000000
vt 0.684570 0.042969 0.000000
vt 0.731934 0.067871 0.000000
vt 0.755859 0.079590 0.000000
vt 0.086914 0.815918 0.000000
vt 0.110840 0.827637 0.000000
vt 0.117188 0.894531 0.000000
vt 0.612793 0.856934 0.000000
vt 0.685059 0.921875 0.000000
vt 0.617188 0.974121 0.000000
vt 0.058594 0.719727 0.000000
vt 0.072754 0.779785 0.000000
vt 0.029785 0.775391 0.000000
vt 0.685547 0.042480 0.000000
vt 0.368164 0.057129 0.000000
vt 0.301270 0.060547 0.000000
vt 0.335449 0.905273 0.000000
vt 0.372559 0.809082 0.000000
vt 0.419922 0.859375 0.000000
vt 0.172852 0.055176 0.000000
vt 0.108887 0.050293 0.000000
vt 0.117188 0.251953 0.000000
vt 0.172363 0.264160 0.000000
vt 0.325195 0.356445 0.000000
vt 0.296875 0.193848 0.000000
vt 0.301270 0.060547 0.000000
vt 0.068359 0.356934 0.000000
vt 0.117188 0.251953 0.000000
vt 0.197754 0.664062 0.000000
vt 0.178223 0.627441 0.000000
vt 0.068359 0.579590 0.000000
vt 0.362793 0.584473 0.000000
vt 0.310547 0.700684 0.000000
vt 0.435059 0.768066 0.000000
vt 0.362793 0.584473 0.000000
vt 0.481445 0.481445 0.000000
vt 0.325195 0.356445 0.000000
vt 0.251953 0.547852 0.000000
vt 0.362793 0.584473 0.000000
vt 0.325195 0.356445 0.000000
vt 0.167480 0.007812 0.000000
vt 0.087402 0.008301 0.000000
vt 0.087402 0.020996 0.000000
vt 0.481445 0.481445 0.000000
vt 0.362793 0.584473 0.000000
vt 0.487305 0.656250 0.000000
vt 0.055176 0.455566 0.000000
vt 0.127930 0.518066 0.000000
vt 0.181641 0.401367 0.000000
vt 0.272949 0.867676 0.000000
vt 0.291992 0.800781 0.000000
vt 0.212891 0.772949 0.000000
vt 0.058594 0.719727 0.000000
vt 0.144043 0.755859 0.000000
vt 0.181641 0.709961 0.000000
vt 0.634277 0.747070 0.000000
vt 0.616699 0.838379 0.000000
vt 0.651367 0.745117 0.000000
vt 0.086914 0.815918 0.000000
vt 0.090332 0.804199 0.000000
vt 0.072754 0.779785 0.000000
vt 0.216309 0.920410 0.000000
vt 0.228516 0.882812 0.000000
vt 0.117188 0.894531 0.000000
vt 0.207031 0.976562 0.000000
vt 0.246582 0.926758 0.000000
vt 0.216309 0.920410 0.000000
vt 0.482422 0.337891 0.000000
vt 0.587402 0.436035 0.000000
vt 0.628418 0.354980 0.000000
vt 0.716309 0.378906 0.000000
vt 0.628418 0.354980 0.000000
vt 0.587402 0.436035 0.000000
vt 0.055176 0.455566 0.000000
vt 0.068359 0.579590 0.000000
vt 0.127930 0.518066 0.000000
vt 0.473633 0.009277 0.000000
vt 0.508789 0.045410 0.000000
vt 0.474609 0.037109 0.000000
vt 0.501953 0.044434 0.000000
vt 0.618652 0.041504 0.000000
vt 0.631348 0.008301 0.000000
vt 0.618652 0.041504 0.000000
vt 0.501953 0.044434 0.000000
vt 0.488770 0.196777 0.000000
vt 0.814941 0.242188 0.000000
vt 0.814941 0.080566 0.000000
vt 0.755859 0.079590 0.000000
vt 0.716309 0.378906 0.000000
vt 0.768066 0.399902 0.000000
vt 0.814941 0.242188 0.000000
vt 0.482422 0.337891 0.000000
vt 0.668945 0.227539 0.000000
vt 0.488770 0.196777 0.000000
vt 0.631348 0.008301 0.000000
vt 0.618652 0.041504 0.000000
vt 0.684570 0.042969 0.000000
vt 0.508789 0.045410 0.000000
vt 0.473633 0.009277 0.000000
vt 0.710938 0.007812 0.000000
vt 0.488770 0.196777 0.000000
vt 0.501953 0.044434 0.000000
vt 0.395020 0.096191 0.000000
vt 0.369141 0.033203 0.000000
vt 0.501465 0.033203 0.000000
vt 0.502930 0.005371 0.000000
vt 0.379883 0.024902 0.000000
vt 0.382812 0.003906 0.000000
vt 0.303223 0.004395 0.000000
vt 0.368164 0.057129 0.000000
vt 0.501953 0.044434 0.000000
vt 0.501465 0.033203 0.000000
vt 0.039062 0.269531 0.000000
vt 0.050781 0.205078 0.000000
vt 0.027344 0.197266 0.000000
vt 0.628418 0.354980 0.000000
vt 0.668945 0.227539 0.000000
vt 0.482422 0.337891 0.000000
vt 0.058594 0.719727 0.000000
vt 0.004395 0.731445 0.000000
vt 0.029785 0.775391 0.000000
vt 0.013672 0.672852 0.000000
vt 0.004395 0.731445 0.000000
vt 0.058594 0.719727 0.000000
vt 0.013672 0.672852 0.000000
vt 0.058594 0.719727 0.000000
vt 0.071777 0.675781 0.000000
vt 0.634277 0.747070 0.000000
vt 0.576172 0.737793 0.000000
vt 0.616699 0.838379 0.000000
vt 0.212891 0.772949 0.000000
vt 0.157715 0.793945 0.000000
vt 0.139160 0.823730 0.000000
vt 0.296875 0.193848 0.000000
vt 0.247070 0.161133 0.000000
vt 0.260254 0.007812 0.000000
vt 0.272949 0.867676 0.000000
vt 0.246582 0.926758 0.000000
vt 0.335449 0.905273 0.000000
vt 0.631348 0.008301 0.000000
vt 0.502930 0.005371 0.000000
vt 0.501465 0.033203 0.000000
vt 0.710938 0.007812 0.000000
vt 0.684570 0.042969 0.000000
vt 0.685547 0.042480 0.000000
vt 0.714355 0.007812 0.000000
vt 0.301270 0.060547 0.000000
vt 0.685547 0.042480 0.000000
vt 0.020996 0.008301 0.000000
vt 0.108887 0.050293 0.000000
vt 0.087402 0.020996 0.000000
vt 0.685547 0.042480 0.000000
vt 0.684570 0.042969 0.000000
vt 0.731934 0.067871 0.000000
vt 0.232910 0.007812 0.000000
vt 0.167480 0.007812 0.000000
vt 0.167969 0.021973 0.000000
vt 0.167969 0.021973 0.000000
vt 0.172852 0.055176 0.000000
vt 0.232910 0.007812 0.000000
vt 0.271973 0.007812 0.000000
vt 0.272949 0.027344 0.000000
vt 0.212402 0.027832 0.000000
vt 0.108887 0.050293 0.000000
vt 0.020996 0.008301 0.000000
vt 0.070801 0.161621 0.000000
vt 0.679688 0.509277 0.000000
vt 0.768066 0.399902 0.000000
vt 0.716309 0.378906 0.000000
vt 0.335449 0.905273 0.000000
vt 0.358887 0.957520 0.000000
vt 0.419922 0.859375 0.000000
vt 0.372559 0.809082 0.000000
vt 0.419922 0.859375 0.000000
vt 0.435059 0.768066 0.000000
vt 0.481445 0.481445 0.000000
vt 0.587402 0.436035 0.000000
vt 0.482422 0.337891 0.000000
vt 0.197754 0.664062 0.000000
vt 0.108398 0.636719 0.000000
vt 0.065430 0.642090 0.000000
vt 0.181641 0.709961 0.000000
vt 0.297852 0.743652 0.000000
vt 0.310547 0.700684 0.000000
vt 0.065430 0.642090 0.000000
vt 0.013672 0.672852 0.000000
vt 0.071777 0.675781 0.000000
vt 0.132812 0.772461 0.000000
vt 0.157715 0.793945 0.000000
vt 0.144043 0.755859 0.000000
vt 0.157715 0.793945 0.000000
vt 0.137207 0.812500 0.000000
vt 0.139160 0.823730 0.000000
vt 0.110840 0.827637 0.000000
vt 0.112305 0.815430 0.000000
vt 0.090332 0.804199 0.000000
vt 0.110840 0.827637 0.000000
vt 0.090332 0.804199 0.000000
vt 0.086914 0.815918 0.000000
vt 0.139160 0.823730 0.000000
vt 0.137207 0.812500 0.000000
vt 0.112305 0.815430 0.000000
vt 0.139160 0.823730 0.000000
vt 0.112305 0.815430 0.000000
vt 0.110840 0.827637 0.000000
vt 0.212891 0.772949 0.000000
vt 0.291992 0.800781 0.000000
vt 0.297852 0.743652 0.000000
vt 0.297852 0.743652 0.000000
vt 0.291992 0.800781 0.000000
vt 0.372559 0.809082 0.000000
vt 0.167969 0.021973 0.000000
vt 0.087402 0.020996 0.000000
vt 0.108887 0.050293 0.000000
vt 0.684570 0.042969 0.000000
vt 0.710938 0.007812 0.000000
vt 0.631348 0.008301 0.000000
vt 0.755859 0.079590 0.000000
vt 0.731934 0.067871 0.000000
vt 0.684570 0.042969 0.000000
vt 0.086914 0.815918 0.000000
vt 0.072754 0.779785 0.000000
vt 0.029785 0.775391 0.000000
vt 0.531250 0.851562 0.000000
vt 0.448730 0.882812 0.000000
vt 0.490723 0.954590 0.000000
vt 0.029785 0.775391 0.000000
vt 0.072754 0.779785 0.000000
vt 0.058594 0.719727 0.000000
vt 0.301270 0.060547 0.000000
vt 0.368164 0.057129 0.000000
vt 0.685547 0.042480 0.000000
vt 0.419922 0.859375 0.000000
vt 0.372559 0.809082 0.000000
vt 0.335449 0.905273 0.000000
vt 0.139160 0.823730 0.000000
vt 0.110840 0.827637 0.000000
vt 0.117188 0.894531 0.000000
vt 0.117188 0.894531 0.000000
vt 0.228516 0.882812 0.000000
vt 0.212891 0.772949 0.000000
vt 0.117188 0.894531 0.000000
vt 0.110840 0.827637 0.000000
vt 0.139160 0.823730 0.000000
vt 0.029785 0.775391 0.000000
vt 0.072754 0.779785 0.000000
vt 0.086914 0.815918 0.000000
vt 0.086914 0.815918 0.000000
vt 0.117188 0.894531 0.000000
vt 0.065430 0.916016 0.000000
vt 0.117188 0.894531 0.000000
vt 0.110840 0.827637 0.000000
vt 0.086914 0.815918 0.000000
vt 0.086914 0.815918 0.000000
vt 0.029785 0.775391 0.000000
vt 0.065430 0.916016 0.000000
vt 0.086914 0.815918 0.000000
vt 0.065430 0.916016 0.000000
vt 0.117188 0.894531 0.000000
vt 0.065430 0.916016 0.000000
vt 0.029785 0.775391 0.000000
vt 0.086914 0.815918 0.000000
vt 0.172363 0.264160 0.000000
vt 0.117188 0.251953 0.000000
vt 0.068359 0.356934 0.000000
vt 0.501465 0.033203 0.000000
vt 0.501953 0.044434 0.000000
vt 0.631348 0.008301 0.000000
vt 0.631348 0.008301 0.000000
vt 0.501953 0.044434 0.000000
vt 0.501465 0.033203 0.000000
vt 0.181641 0.401367 0.000000
vt 0.127930 0.518066 0.000000
vt 0.055176 0.455566 0.000000
vt 0.857422 0.977539 0.000000
vt 0.876953 0.782715 0.000000
vt 0.816895 0.781250 0.000000
vt 0.932617 0.782227 0.000000
vt 0.991211 0.783203 0.000000
vt 0.984863 0.537598 0.000000
vt 0.758789 0.536133 0.000000
vt 0.712891 0.536621 0.000000
vt 0.695312 0.781250 0.000000
vt 0.881836 0.536621 0.000000
vt 0.817383 0.536621 0.000000
vt 0.816895 0.781250 0.000000
vt 0.850098 0.148438 0.000000
vt 0.838867 0.315918 0.000000
vt 0.856934 0.317383 0.000000
vt 0.960938 0.147949 0.000000
vt 0.961914 0.315918 0.000000
vt 0.991699 0.316406 0.000000
vt 0.960938 0.147949 0.000000
vt 0.923828 0.145996 0.000000
vt 0.925293 0.315918 0.000000
vt 0.923828 0.145996 0.000000
vt 0.884277 0.146973 0.000000
vt 0.887207 0.315918 0.000000
vt 0.911621 0.036133 0.000000
vt 0.884277 0.146973 0.000000
vt 0.923828 0.145996 0.000000
vt 0.964844 0.088867 0.000000
vt 0.987793 0.088867 0.000000
vt 0.983398 0.036133 0.000000
vt 0.751953 0.780762 0.000000
vt 0.816895 0.781250 0.000000
vt 0.817383 0.536621 0.000000
vt 0.884277 0.146973 0.000000
vt 0.911621 0.036133 0.000000
vt 0.889160 0.036133 0.000000
vt 0.751465 0.780762 0.000000
vt 0.695312 0.781250 0.000000
vt 0.857422 0.977539 0.000000
vt 0.923828 0.145996 0.000000
vt 0.960938 0.147949 0.000000
vt 0.964844 0.088867 0.000000
vt 0.923828 0.145996 0.000000
vt 0.938965 0.035645 0.000000
vt 0.911621 0.036133 0.000000
vt 0.857422 0.317383 0.000000
vt 0.758789 0.536133 0.000000
vt 0.817383 0.536621 0.000000
vt 0.887207 0.315918 0.000000
vt 0.925293 0.315918 0.000000
vt 0.923828 0.145996 0.000000
vt 0.925293 0.315918 0.000000
vt 0.961914 0.315918 0.000000
vt 0.960938 0.147949 0.000000
vt 0.991699 0.316406 0.000000
vt 0.990234 0.147949 0.000000
vt 0.960938 0.147949 0.000000
vt 0.961914 0.315918 0.000000
vt 0.934570 0.537109 0.000000
vt 0.984863 0.537598 0.000000
vt 0.838867 0.315918 0.000000
vt 0.712891 0.536621 0.000000
vt 0.758789 0.536133 0.000000
vt 0.887207 0.315918 0.000000
vt 0.817383 0.536621 0.000000
vt 0.881836 0.536621 0.000000
vt 0.925293 0.315918 0.000000
vt 0.881836 0.536621 0.000000
vt 0.934570 0.537109 0.000000
vt 0.932617 0.782227 0.000000
vt 0.876953 0.782715 0.000000
vt 0.857422 0.977539 0.000000
vt 0.857422 0.977539 0.000000
vt 0.816895 0.781250 0.000000
vt 0.751953 0.780762 0.000000
vt 0.932617 0.782227 0.000000
vt 0.857422 0.977539 0.000000
vt 0.991211 0.783203 0.000000
vt 0.857422 0.317383 0.000000
vt 0.887207 0.315918 0.000000
vt 0.884277 0.146973 0.000000
vt 0.883789 0.146973 0.000000
vt 0.888672 0.036133 0.000000
vt 0.874512 0.036133 0.000000
vt 0.883789 0.146973 0.000000
vt 0.874512 0.036133 0.000000
vt 0.850098 0.148438 0.000000
vt 0.883789 0.146973 0.000000
vt 0.850098 0.148438 0.000000
vt 0.856934 0.317383 0.000000
vt 0.964844 0.088867 0.000000
vt 0.938965 0.035645 0.000000
vt 0.923828 0.145996 0.000000
vt 0.144043 0.755859 0.000000
vt 0.212891 0.772949 0.000000
vt 0.157715 0.793945 0.000000
vt 0.157715 0.793945 0.000000
vt 0.212891 0.772949 0.000000
vt 0.144043 0.755859 0.000000
vt 0.668945 0.227539 0.000000
vt 0.488770 0.196777 0.000000
vt 0.618652 0.041504 0.000000
vt 0.488770 0.196777 0.000000
vt 0.668945 0.227539 0.000000
vt 0.618652 0.041504 0.000000
vt 0.325195 0.356445 0.000000
vt 0.481445 0.481445 0.000000
vt 0.482422 0.337891 0.000000
vt 0.296875 0.193848 0.000000
vt 0.232910 0.007812 0.000000
vt 0.260254 0.007812 0.000000
vt 0.296875 0.193848 0.000000
vt 0.260254 0.007812 0.000000
vt 0.232910 0.007812 0.000000
vt 0.501953 0.044434 0.000000
vt 0.368164 0.057129 0.000000
vt 0.395020 0.096191 0.000000
vt 0.501465 0.033203 0.000000
vt 0.369141 0.033203 0.000000
vt 0.368164 0.057129 0.000000
vt 0.501465 0.033203 0.000000
vt 0.501953 0.044434 0.000000
vt 0.368164 0.057129 0.000000
vt 0.068359 0.356934 0.000000
vt 0.117188 0.251953 0.000000
vt 0.172363 0.264160 0.000000
vt 0.731934 0.067871 0.000000
vt 0.714355 0.007812 0.000000
vt 0.685547 0.042480 0.000000
vt 0.685547 0.042480 0.000000
vt 0.714355 0.007812 0.000000
vt 0.731934 0.067871 0.000000
vt 0.139160 0.823730 0.000000
vt 0.157715 0.793945 0.000000
vt 0.212891 0.772949 0.000000
vt 0.272949 0.867676 0.000000
vt 0.291992 0.800781 0.000000
vt 0.372559 0.809082 0.000000
vt 0.272949 0.867676 0.000000
vt 0.335449 0.905273 0.000000
vt 0.372559 0.809082 0.000000
vt 0.372559 0.809082 0.000000
vt 0.291992 0.800781 0.000000
vt 0.297852 0.743652 0.000000
vt 0.310547 0.700684 0.000000
vt 0.297852 0.743652 0.000000
vt 0.372559 0.809082 0.000000
vt 0.372559 0.809082 0.000000
vt 0.335449 0.905273 0.000000
vt 0.272949 0.867676 0.000000
vt 0.372559 0.809082 0.000000
vt 0.291992 0.800781 0.000000
vt 0.272949 0.867676 0.000000
vt 0.296875 0.193848 0.000000
vt 0.325195 0.356445 0.000000
vt 0.172363 0.264160 0.000000
vt 0.181641 0.709961 0.000000
vt 0.310547 0.700684 0.000000
vt 0.197754 0.664062 0.000000
vt 0.201172 0.740234 0.000000
vt 0.212891 0.772949 0.000000
vt 0.144043 0.755859 0.000000
vt 0.144043 0.755859 0.000000
vt 0.212891 0.772949 0.000000
vt 0.201172 0.740234 0.000000
vt 0.251953 0.547852 0.000000
vt 0.310547 0.700684 0.000000
vt 0.362793 0.584473 0.000000
vt 0.027344 0.197266 0.000000
vt 0.050781 0.205078 0.000000
vt 0.039062 0.269531 0.000000
vt 0.027344 0.197266 0.000000
vt 0.005371 0.209961 0.000000
vt 0.039062 0.269531 0.000000
vt 0.212891 0.772949 0.000000
vt 0.139160 0.823730 0.000000
vt 0.117188 0.894531 0.000000
vt 0.212891 0.772949 0.000000
vt 0.228516 0.882812 0.000000
vt 0.117188 0.894531 0.000000
vt 0.490723 0.954590 0.000000
vt 0.448730 0.882812 0.000000
vt 0.531250 0.851562 0.000000
vt 0.612793 0.856934 0.000000
vt 0.617188 0.974121 0.000000
vt 0.544434 0.978027 0.000000
vt 0.544434 0.978027 0.000000
vt 0.490723 0.954590 0.000000
vt 0.531250 0.851562 0.000000
vt 0.544434 0.978027 0.000000
vt 0.531250 0.851562 0.000000
vt 0.612793 0.856934 0.000000
vt 0.617188 0.974121 0.000000
vt 0.685059 0.921875 0.000000
vt 0.612793 0.856934 0.000000
vt 0.531250 0.851562 0.000000
vt 0.490723 0.954590 0.000000
vt 0.544434 0.978027 0.000000
vt 0.612793 0.856934 0.000000
vt 0.531250 0.851562 0.000000
vt 0.544434 0.978027 0.000000
vt 0.612793 0.856934 0.000000
vt 0.544434 0.978027 0.000000
vt 0.617188 0.974121 0.000000
vt 0.201172 0.740234 0.000000
vt 0.181641 0.709961 0.000000
vt 0.297852 0.743652 0.000000
vt 0.297852 0.743652 0.000000
vt 0.181641 0.709961 0.000000
vt 0.201172 0.740234 0.000000
vt 0.272949 0.867676 0.000000
vt 0.228516 0.882812 0.000000
vt 0.212891 0.772949 0.000000
vt 0.212891 0.772949 0.000000
vt 0.228516 0.882812 0.000000
vt 0.272949 0.867676 0.000000
vt 0.435059 0.768066 0.000000
vt 0.419922 0.859375 0.000000
vt 0.372559 0.809082 0.000000
vt 0.358887 0.957520 0.000000
vt 0.335449 0.905273 0.000000
vt 0.246582 0.926758 0.000000
vt 0.117188 0.251953 0.000000
vt 0.108887 0.050293 0.000000
vt 0.172852 0.055176 0.000000
vt 0.172852 0.055176 0.000000
vt 0.232910 0.007812 0.000000
vt 0.296875 0.193848 0.000000
vt 0.502930 0.005371 0.000000
vt 0.368164 0.005371 0.000000
vt 0.369141 0.033203 0.000000
vt 0.369141 0.033203 0.000000
vt 0.368164 0.005371 0.000000
vt 0.502930 0.005371 0.000000
vt 0.710938 0.007812 0.000000
vt 0.685547 0.042480 0.000000
vt 0.508789 0.045410 0.000000
vt 0.710938 0.007812 0.000000
vt 0.473633 0.009277 0.000000
vt 0.508789 0.044922 0.000000
vt 0.716309 0.378906 0.000000
vt 0.679688 0.509277 0.000000
vt 0.587402 0.436035 0.000000
vt 0.587402 0.436035 0.000000
vt 0.679688 0.509277 0.000000
vt 0.716309 0.378906 0.000000
vt 0.569336 0.575195 0.000000
vt 0.679688 0.509277 0.000000
vt 0.587402 0.436035 0.000000
vt 0.058594 0.719727 0.000000
vt 0.072754 0.779785 0.000000
vt 0.103516 0.771484 0.000000
vt 0.181641 0.401367 0.000000
vt 0.127930 0.518066 0.000000
vt 0.251953 0.547852 0.000000
vt 0.301270 0.060547 0.000000
vt 0.368164 0.057129 0.000000
vt 0.247070 0.161133 0.000000
vt 0.296875 0.193848 0.000000
vt 0.232910 0.007812 0.000000
vt 0.172852 0.055176 0.000000
vt 0.260254 0.007812 0.000000
vt 0.247070 0.161133 0.000000
vt 0.296875 0.193848 0.000000
vt 0.296875 0.193848 0.000000
vt 0.247070 0.161133 0.000000
vt 0.368164 0.057129 0.000000
vt 0.296875 0.193848 0.000000
vt 0.395020 0.096191 0.000000
vt 0.368164 0.057129 0.000000
vt 0.144043 0.755859 0.000000
vt 0.132812 0.772461 0.000000
vt 0.058594 0.719727 0.000000
vt 0.058594 0.719727 0.000000
vt 0.103516 0.771484 0.000000
vt 0.132812 0.772461 0.000000
vt 0.144043 0.755859 0.000000
vt 0.058594 0.719727 0.000000
vt 0.132812 0.772461 0.000000
vt 0.181641 0.709961 0.000000
vt 0.071777 0.675781 0.000000
vt 0.058594 0.719727 0.000000
vt 0.358887 0.957520 0.000000
vt 0.246582 0.926758 0.000000
vt 0.207031 0.976562 0.000000
vt 0.207031 0.976562 0.000000
vt 0.246582 0.926758 0.000000
vt 0.358887 0.957520 0.000000
vt 0.216309 0.920410 0.000000
vt 0.117188 0.894531 0.000000
vt 0.065430 0.916016 0.000000
vt 0.216309 0.920410 0.000000
vt 0.207031 0.976562 0.000000
vt 0.065430 0.916016 0.000000
vt 0.247070 0.161133 0.000000
vt 0.368164 0.057129 0.000000
vt 0.301270 0.060547 0.000000
vt 0.301270 0.060547 0.000000
vt 0.247070 0.161133 0.000000
vt 0.117188 0.251953 0.000000
vt 0.117188 0.251953 0.000000
vt 0.068359 0.356934 0.000000
vt 0.301270 0.060547 0.000000
vt 0.117188 0.251953 0.000000
vt 0.247070 0.161133 0.000000
vt 0.301270 0.060547 0.000000
vt 0.070801 0.161621 0.000000
vt 0.117188 0.251953 0.000000
vt 0.108887 0.050293 0.000000
vt 0.070801 0.161621 0.000000
vt 0.020996 0.008301 0.000000
vt 0.108887 0.050293 0.000000
vt 0.325195 0.356445 0.000000
vt 0.172363 0.264160 0.000000
vt 0.181641 0.401367 0.000000
vt 0.181641 0.401367 0.000000
vt 0.172363 0.264160 0.000000
vt 0.325195 0.356445 0.000000
vt 0.181641 0.401367 0.000000
vt 0.251953 0.547852 0.000000
vt 0.325195 0.356445 0.000000
vt 0.325195 0.356445 0.000000
vt 0.251953 0.547852 0.000000
vt 0.181641 0.401367 0.000000
vt 0.325195 0.356445 0.000000
vt 0.482422 0.337891 0.000000
vt 0.488770 0.196777 0.000000
vt 0.296875 0.193848 0.000000
vt 0.325195 0.356445 0.000000
vt 0.488770 0.196777 0.000000
vt 0.296875 0.193848 0.000000
vt 0.395020 0.096191 0.000000
vt 0.488770 0.196777 0.000000
vt 0.569336 0.575195 0.000000
vt 0.481445 0.481445 0.000000
vt 0.587402 0.436035 0.000000
vt 0.587402 0.436035 0.000000
vt 0.481445 0.481445 0.000000
vt 0.569336 0.575195 0.000000
vt 0.071777 0.675781 0.000000
vt 0.197754 0.664062 0.000000
vt 0.065430 0.642090 0.000000
vt 0.065430 0.642090 0.000000
vt 0.108398 0.636719 0.000000
vt 0.197754 0.664062 0.000000
vt 0.372559 0.809082 0.000000
vt 0.435059 0.768066 0.000000
vt 0.310547 0.700684 0.000000
vt 0.310547 0.700684 0.000000
vt 0.435059 0.768066 0.000000
vt 0.372559 0.809082 0.000000
vt 0.487305 0.656250 0.000000
vt 0.362793 0.584473 0.000000
vt 0.481445 0.481445 0.000000
vt 0.487305 0.656250 0.000000
vt 0.569336 0.575195 0.000000
vt 0.481445 0.481445 0.000000
vt 0.487305 0.656250 0.000000
vt 0.435059 0.768066 0.000000
vt 0.310547 0.700684 0.000000
vt 0.668945 0.227539 0.000000
vt 0.628418 0.354980 0.000000
vt 0.482422 0.337891 0.000000
vt 0.716309 0.378906 0.000000
vt 0.628418 0.354980 0.000000
vt 0.668945 0.227539 0.000000
vt 0.716309 0.378906 0.000000
vt 0.668945 0.227539 0.000000
vt 0.814941 0.242188 0.000000
vt 0.668945 0.227539 0.000000
vt 0.628418 0.354980 0.000000
vt 0.716309 0.378906 0.000000
vt 0.716309 0.378906 0.000000
vt 0.814941 0.242188 0.000000
vt 0.668945 0.227539 0.000000
vt 0.668945 0.227539 0.000000
vt 0.618652 0.041504 0.000000
vt 0.684570 0.042969 0.000000
vt 0.684570 0.042969 0.000000
vt 0.618652 0.041504 0.000000
vt 0.668945 0.227539 0.000000
vt 0.668945 0.227539 0.000000
vt 0.755859 0.079590 0.000000
vt 0.684570 0.042969 0.000000
vt 0.684570 0.042969 0.000000
vt 0.755859 0.079590 0.000000
vt 0.668945 0.227539 0.000000
vt 0.197754 0.664062 0.000000
vt 0.181641 0.709961 0.000000
vt 0.071777 0.675781 0.000000
vt 0.071777 0.675781 0.000000
vt 0.181641 0.709961 0.000000
vt 0.197754 0.664062 0.000000
vt 0.488770 0.196777 0.000000
vt 0.325195 0.356445 0.000000
vt 0.296875 0.193848 0.000000
vt 0.488770 0.196777 0.000000
vt 0.395020 0.096191 0.000000
vt 0.296875 0.193848 0.000000
vt 0.814941 0.242188 0.000000
vt 0.668945 0.227539 0.000000
vt 0.755859 0.079590 0.000000
vt 0.755859 0.079590 0.000000
vt 0.668945 0.227539 0.000000
vt 0.814941 0.242188 0.000000
vt 0.310547 0.700684 0.000000
vt 0.251953 0.547852 0.000000
vt 0.127930 0.518066 0.000000
vt 0.362793 0.584473 0.000000
vt 0.310547 0.700684 0.000000
vt 0.197754 0.664062 0.000000
vt 0.435059 0.768066 0.000000
vt 0.487305 0.656250 0.000000
vt 0.362793 0.584473 0.000000
vt 0.117188 0.251953 0.000000
vt 0.172363 0.264160 0.000000
vt 0.172852 0.055176 0.000000
vt 0.172852 0.055176 0.000000
vt 0.172363 0.264160 0.000000
vt 0.117188 0.251953 0.000000
vt 0.934570 0.537109 0.000000
vt 0.881836 0.536621 0.000000
vt 0.876953 0.782715 0.000000
vt 0.212402 0.027832 0.000000
vt 0.213379 0.007812 0.000000
vt 0.271973 0.007812 0.000000
vt 0.213379 0.007812 0.000000
vt 0.271973 0.007812 0.000000
vt 0.272949 0.027344 0.000000
vt 0.303223 0.004395 0.000000
vt 0.299805 0.024902 0.000000
vt 0.379883 0.024902 0.000000
vt 0.299805 0.024902 0.000000
vt 0.379883 0.024902 0.000000
vt 0.382812 0.003906 0.000000
vt 0.881836 0.536621 0.000000
vt 0.925293 0.315918 0.000000
vt 0.887207 0.315918 0.000000
vt 0.816895 0.781250 0.000000
vt 0.876953 0.782715 0.000000
vt 0.881836 0.536621 0.000000
vt 0.876953 0.782715 0.000000
vt 0.932617 0.782227 0.000000
vt 0.934570 0.537109 0.000000
vt 0.934570 0.537109 0.000000
vt 0.961914 0.315918 0.000000
vt 0.925293 0.315918 0.000000
vt 0.984863 0.537598 0.000000
vt 0.991699 0.316406 0.000000
vt 0.961914 0.315918 0.000000
vt 0.984863 0.537598 0.000000
vt 0.934570 0.537109 0.000000
vt 0.932617 0.782227 0.000000
vt 0.817383 0.536621 0.000000
vt 0.887207 0.315918 0.000000
vt 0.857422 0.317383 0.000000
vt 0.817383 0.536621 0.000000
vt 0.758789 0.536133 0.000000
vt 0.751953 0.780762 0.000000
vt 0.695312 0.781250 0.000000
vt 0.751465 0.780762 0.000000
vt 0.758789 0.536133 0.000000
vt 0.758789 0.536133 0.000000
vt 0.856934 0.317383 0.000000
vt 0.838867 0.315918 0.000000
vt 0.108887 0.050293 0.000000
vt 0.172852 0.055176 0.000000
vt 0.167969 0.021973 0.000000
vt 0.167969 0.021973 0.000000
vt 0.172852 0.055176 0.000000
vt 0.108887 0.050293 0.000000
vt 0.167480 0.007812 0.000000
vt 0.167969 0.021973 0.000000
vt 0.087402 0.020996 0.000000
vt 0.087402 0.020996 0.000000
vt 0.167969 0.021973 0.000000
vt 0.167480 0.007812 0.000000
vt 0.087402 0.020996 0.000000
vt 0.108887 0.050293 0.000000
vt 0.020996 0.008301 0.000000
vt 0.087402 0.020996 0.000000
vt 0.087402 0.008301 0.000000
vt 0.020996 0.008301 0.000000
vt 0.201172 0.740234 0.000000
vt 0.181641 0.709961 0.000000
vt 0.144043 0.755859 0.000000
vt 0.201172 0.740234 0.000000
vt 0.212891 0.772949 0.000000
vt 0.297852 0.743652 0.000000
vt 0.144043 0.755859 0.000000
vt 0.181641 0.709961 0.000000
vt 0.201172 0.740234 0.000000
vt 0.297852 0.743652 0.000000
vt 0.212891 0.772949 0.000000
vt 0.201172 0.740234 0.000000
vt 0.178223 0.627441 0.000000
vt 0.127930 0.518066 0.000000
vt 0.068359 0.579590 0.000000
vt 0.178223 0.627441 0.000000
vt 0.197754 0.664062 0.000000
vt 0.310547 0.700684 0.000000
vt 0.068359 0.579590 0.000000
vt 0.127930 0.518066 0.000000
vt 0.108398 0.636719 0.000000
vt 0.181641 0.401367 0.000000
vt 0.172363 0.264160 0.000000
vt 0.068359 0.356934 0.000000
vt 0.181641 0.401367 0.000000
vt 0.068359 0.356934 0.000000
vt 0.055176 0.455566 0.000000
vt 0.127930 0.518066 0.000000
vt 0.178223 0.627441 0.000000
vt 0.310547 0.700684 0.000000
vt 0.310547 0.700684 0.000000
vt 0.297852 0.743652 0.000000
vt 0.181641 0.709961 0.000000
vt 0.251953 0.547852 0.000000
vt 0.325195 0.356445 0.000000
vt 0.481445 0.481445 0.000000
vt 0.481445 0.481445 0.000000
vt 0.325195 0.356445 0.000000
vt 0.482422 0.337891 0.000000
vt 0.068359 0.579590 0.000000
vt 0.108398 0.636719 0.000000
vt 0.197754 0.664062 0.000000
vt 0.197754 0.664062 0.000000
vt 0.108398 0.636719 0.000000
vt 0.127930 0.518066 0.000000
vt 0.296875 0.193848 0.000000
vt 0.172363 0.264160 0.000000
vt 0.172852 0.055176 0.000000
vt 0.172852 0.055176 0.000000
vt 0.172363 0.264160 0.000000
vt 0.296875 0.193848 0.000000
vt 0.488770 0.196777 0.000000
vt 0.395020 0.096191 0.000000
vt 0.501953 0.044434 0.000000
vt 0.961914 0.036133 0.000000
vt 0.938965 0.035645 0.000000
vt 0.964844 0.088867 0.000000
vt 0.987793 0.088867 0.000000
vt 0.964844 0.088867 0.000000
vt 0.960938 0.147949 0.000000
vt 0.987793 0.088867 0.000000
vt 0.960938 0.147949 0.000000
vt 0.990234 0.147949 0.000000
vt 0.983398 0.036133 0.000000
vt 0.961914 0.036133 0.000000
vt 0.964844 0.088867 0.000000
vt 0.058594 0.719727 0.000000
vt 0.181641 0.709961 0.000000
vt 0.144043 0.755859 0.000000
vt 0.065430 0.916016 0.000000
vt 0.117188 0.894531 0.000000
vt 0.216309 0.920410 0.000000
vt 0.065430 0.916016 0.000000
vt 0.207031 0.976562 0.000000
vt 0.216309 0.920410 0.000000
vn 0.567871 -0.302979 -0.765137
vn 0.011719 -0.335449 -0.941895
vn 0.009521 0.176270 -0.984131
vn 0.011719 -0.335449 -0.941895
vn 0.567871 -0.302979 -0.765137
vn 0.783203 0.187256 -0.592529
vn 0.783203 0.187256 -0.592529
vn 0.567871 -0.302979 -0.765137
vn 0.783936 -0.576416 -0.229492
vn 0.897217 -0.023193 0.440674
vn 0.783936 -0.576416 -0.229492
vn 0.540771 -0.624023 0.563477
vn 0.679199 -0.584961 -0.442871
vn 0.783936 -0.576416 -0.229492
vn 0.567871 -0.302979 -0.765137
vn -0.881104 -0.472656 -0.000732
vn -0.856445 0.511230 0.068604
vn -0.284668 0.547607 -0.786621
vn 0.679199 -0.584961 -0.442871
vn 0.395508 -0.850586 0.345947
vn 0.540771 -0.624023 0.563477
vn 0.392334 -0.746094 0.537354
vn 0.102783 -0.979248 0.173340
vn 0.876953 -0.438721 0.194580
vn -0.127441 0.299561 -0.945312
vn 0.009521 0.176270 -0.984131
vn -0.669434 0.452148 -0.589111
vn 0.009521 0.176270 -0.984131
vn -0.644775 0.165771 -0.745850
vn -0.669434 0.452148 -0.589111
vn 0.834229 -0.326416 -0.444092
vn 0.922852 -0.274170 0.269775
vn 0.876953 -0.438721 0.194580
vn 0.509521 -0.274902 -0.815186
vn 0.471680 0.537598 -0.698730
vn 0.733154 0.572998 -0.365723
vn 0.244141 -0.718994 -0.650391
vn 0.308594 -0.382324 -0.870850
vn 0.102783 -0.979248 0.173340
vn 0.446533 -0.134766 -0.884521
vn 0.350830 0.132568 -0.926758
vn 0.397949 -0.053467 -0.915771
vn 0.485107 -0.460693 -0.742920
vn 0.670654 -0.221191 -0.707764
vn 0.244141 -0.718994 -0.650391
vn 0.244141 -0.718994 -0.650391
vn 0.102783 -0.979248 0.173340
vn 0.034668 -0.968018 -0.248291
vn 0.847412 -0.341797 -0.405762
vn 0.712646 -0.643066 -0.279297
vn 0.621338 -0.278809 -0.731934
vn 0.392578 -0.143555 -0.908203
vn 0.307129 -0.259277 -0.915527
vn 0.509521 -0.274902 -0.815186
vn 0.712646 -0.643066 -0.279297
vn 0.847412 -0.341797 -0.405762
vn 0.897949 -0.439697 -0.011719
vn 0.011719 -0.335449 -0.941895
vn -0.519775 -0.415283 -0.746338
vn -0.644775 0.165771 -0.745850
vn -0.758057 -0.549561 -0.350586
vn -0.899414 0.422607 -0.110352
vn -0.865723 0.431152 0.253662
vn 0.845947 0.420654 -0.327148
vn 0.876709 0.155518 -0.454834
vn 0.394531 0.308105 -0.865479
vn 0.874268 -0.483643 -0.037598
vn 0.663086 -0.295166 0.687744
vn 0.782959 -0.093750 0.614502
vn 0.782959 -0.093750 0.614502
vn 0.659668 -0.544189 0.518066
vn 0.897949 -0.439697 -0.011719
vn 0.621338 -0.278809 -0.731934
vn 0.406006 0.150146 -0.901123
vn 0.952881 0.034668 -0.300537
vn -0.121826 0.531738 -0.837891
vn -0.899414 0.422607 -0.110352
vn 0.394531 0.308105 -0.865479
vn 0.909668 0.314941 0.270020
vn 0.876709 0.155518 -0.454834
vn 0.845947 0.420654 -0.327148
vn -0.899414 0.422607 -0.110352
vn -0.194336 0.926758 0.321289
vn -0.142822 0.591309 0.793457
vn 0.406006 0.150146 -0.901123
vn 0.621338 -0.278809 -0.731934
vn 0.409668 0.025146 -0.911621
vn -0.214355 0.585938 -0.781250
vn 0.176758 -0.584473 -0.791748
vn -0.758057 -0.549561 -0.350586
vn -0.142822 0.591309 0.793457
vn 0.845947 0.420654 -0.327148
vn -0.214355 0.585938 -0.781250
vn -0.899414 0.422607 -0.110352
vn -0.758057 -0.549561 -0.350586
vn 0.176758 -0.584473 -0.791748
vn 0.308594 -0.382324 -0.870850
vn 0.244141 -0.718994 -0.650391
vn 0.670654 -0.221191 -0.707764
vn 0.102783 -0.979248 0.173340
vn 0.392334 -0.746094 0.537354
vn 0.026367 -0.927490 0.372803
vn 0.055908 -0.371582 -0.926514
vn 0.091064 -0.109863 -0.989502
vn 0.509521 -0.274902 -0.815186
vn 0.471680 0.537598 -0.698730
vn 0.509521 -0.274902 -0.815186
vn 0.091064 -0.109863 -0.989502
vn 0.471680 0.537598 -0.698730
vn 0.091064 -0.109863 -0.989502
vn -0.058350 0.502686 -0.862305
vn 0.308594 -0.382324 -0.870850
vn 0.876953 -0.438721 0.194580
vn 0.102783 -0.979248 0.173340
vn 0.485107 -0.460693 -0.742920
vn 0.536621 -0.321289 -0.780029
vn 0.834229 -0.326416 -0.444092
vn 0.176758 -0.584473 -0.791748
vn -0.214355 0.585938 -0.781250
vn 0.845947 0.420654 -0.327148
vn 0.394531 0.308105 -0.865479
vn 0.876709 0.155518 -0.454834
vn 0.406006 0.150146 -0.901123
vn -0.194336 0.926758 0.321289
vn 0.909668 0.314941 0.270020
vn -0.142822 0.591309 0.793457
vn -0.341064 0.425781 -0.837891
vn -0.817139 0.575684 -0.022461
vn -0.746338 0.400391 0.531494
vn -0.194336 0.926758 0.321289
vn -0.462158 0.811035 -0.358398
vn -0.292236 0.950928 -0.100830
vn -0.062500 0.491699 0.868408
vn -0.856445 0.511230 0.068604
vn -0.881104 -0.472656 -0.000732
vn -0.021973 0.866455 -0.498535
vn 0.909668 0.314941 0.270020
vn -0.194336 0.926758 0.321289
vn 0.038086 -0.682617 -0.729492
vn -0.284668 0.547607 -0.786621
vn 0.784424 0.299072 -0.542969
vn 0.784424 0.299072 -0.542969
vn -0.073486 -0.186523 -0.979492
vn 0.038086 -0.682617 -0.729492
vn -0.284668 0.547607 -0.786621
vn -0.856445 0.511230 0.068604
vn -0.062500 0.491699 0.868408
vn -0.776855 -0.545410 0.313721
vn -0.789795 0.312988 -0.527344
vn -0.492432 0.841553 -0.220703
vn -0.899414 0.422607 -0.110352
vn -0.121826 0.531738 -0.837891
vn 0.385986 0.418213 -0.822021
vn 0.733154 0.572998 -0.365723
vn 0.783203 0.187256 -0.592529
vn 0.897217 -0.023193 0.440674
vn 0.897949 -0.439697 -0.011719
vn 0.659668 -0.544189 0.518066
vn 0.459717 -0.809814 0.363770
vn -0.000488 -0.461182 0.887207
vn 0.026367 -0.927490 0.372803
vn 0.392334 -0.746094 0.537354
vn 0.608887 -0.217285 0.762695
vn 0.979004 0.069092 0.191406
vn 0.897217 -0.023193 0.440674
vn 0.712646 -0.643066 -0.279297
vn 0.459717 -0.809814 0.363770
vn 0.395508 -0.850586 0.345947
vn 0.621338 -0.278809 -0.731934
vn 0.712646 -0.643066 -0.279297
vn 0.679199 -0.584961 -0.442871
vn 0.783203 0.187256 -0.592529
vn 0.471680 0.537598 -0.698730
vn -0.021240 0.940674 -0.337891
vn 0.471680 0.537598 -0.698730
vn -0.058350 0.502686 -0.862305
vn -0.021240 0.940674 -0.337891
vn 0.307129 -0.259277 -0.915527
vn 0.446533 -0.134766 -0.884521
vn 0.509521 -0.274902 -0.815186
vn 0.593262 -0.054932 -0.802979
vn 0.392578 -0.143555 -0.908203
vn 0.634277 0.121094 -0.763428
vn 0.536621 -0.321289 -0.780029
vn 0.379150 -0.167725 -0.909912
vn 0.593262 -0.054932 -0.802979
vn 0.397949 -0.053467 -0.915771
vn 0.350830 0.132568 -0.926758
vn 0.353516 -0.064209 -0.933105
vn 0.397949 -0.053467 -0.915771
vn 0.353516 -0.064209 -0.933105
vn 0.345215 -0.274414 -0.897217
vn 0.345215 -0.274414 -0.897217
vn 0.353516 -0.064209 -0.933105
vn 0.379150 -0.167725 -0.909912
vn 0.345215 -0.274414 -0.897217
vn 0.379150 -0.167725 -0.909912
vn 0.536621 -0.321289 -0.780029
vn 0.979004 0.069092 0.191406
vn 0.922852 -0.274170 0.269775
vn 0.834229 -0.326416 -0.444092
vn -0.776855 -0.545410 0.313721
vn -0.881104 -0.472656 -0.000732
vn 0.038086 -0.682617 -0.729492
vn 0.845947 0.420654 -0.327148
vn -0.142822 0.591309 0.793457
vn 0.909668 0.314941 0.270020
vn 0.909668 0.314941 0.270020
vn -0.021973 0.866455 -0.498535
vn 0.874268 -0.483643 -0.037598
vn 0.397949 -0.053467 -0.915771
vn 0.345215 -0.274414 -0.897217
vn 0.485107 -0.460693 -0.742920
vn 0.392578 -0.143555 -0.908203
vn 0.593262 -0.054932 -0.802979
vn 0.379150 -0.167725 -0.909912
vn 0.509521 -0.274902 -0.815186
vn 0.446533 -0.134766 -0.884521
vn 0.055908 -0.371582 -0.926514
vn -0.194336 0.926758 0.321289
vn -0.899414 0.422607 -0.110352
vn -0.462158 0.811035 -0.358398
vn 0.392334 -0.746094 0.537354
vn 0.608887 -0.217285 0.762695
vn -0.000488 -0.461182 0.887207
vn -0.978516 -0.198730 0.053711
vn 0.212891 -0.485352 -0.847900
vn -0.696289 0.313721 -0.645264
vn -0.939453 0.340576 0.034180
vn -0.797852 0.084229 0.596680
vn -0.746338 0.400391 0.531494
vn -0.462158 0.811035 -0.358398
vn -0.669434 0.452148 -0.589111
vn -0.696289 0.313721 -0.645264
vn -0.798828 0.346191 -0.491699
vn -0.829102 -0.389893 -0.400391
vn -0.519775 -0.415283 -0.746338
vn -0.399902 -0.223389 0.888672
vn -0.916016 0.081055 0.392090
vn 0.000000 -0.151123 0.988281
vn -0.399902 -0.223389 0.888672
vn -0.207764 -0.472412 0.856445
vn -0.797852 0.084229 0.596680
vn -0.892334 0.004883 0.451172
vn -0.399902 -0.223389 0.888672
vn -0.797852 0.084229 0.596680
vn -0.795898 0.547607 -0.257324
vn 0.039062 0.511230 -0.858398
vn -0.031006 -0.472656 -0.880615
vn -0.207764 -0.472412 0.856445
vn -0.399902 -0.223389 0.888672
vn 0.540771 -0.624023 0.563477
vn -0.644775 0.165771 -0.745850
vn -0.970459 -0.027344 -0.239258
vn -0.945312 0.322998 -0.041504
vn -0.860840 -0.488037 0.143311
vn -0.937256 -0.289307 0.193359
vn -0.810547 -0.355713 -0.465088
vn -0.451416 -0.229492 -0.862061
vn -0.648682 0.092285 -0.755127
vn -0.721436 0.588867 -0.364014
vn -0.041504 -0.982666 0.180176
vn -0.244141 -0.443115 -0.862305
vn -0.159912 -0.747070 -0.644775
vn -0.380371 -0.092773 -0.919922
vn -0.378418 -0.021729 -0.925293
vn -0.429688 -0.201660 -0.879883
vn -0.159912 -0.747070 -0.644775
vn -0.633789 -0.252930 -0.730713
vn -0.442871 -0.501953 -0.742676
vn 0.034668 -0.968018 -0.248291
vn -0.041504 -0.982666 0.180176
vn -0.159912 -0.747070 -0.644775
vn -0.511230 -0.236816 0.825928
vn -0.079102 -0.607422 0.790039
vn -0.189941 -0.341553 0.920166
vn 0.202881 -0.439697 0.874756
vn -0.189941 -0.341553 0.920166
vn -0.079102 -0.607422 0.790039
vn -0.644775 0.165771 -0.745850
vn -0.519775 -0.415283 -0.746338
vn -0.970459 -0.027344 -0.239258
vn 0.036621 0.431152 -0.901367
vn -0.341064 0.425781 -0.837891
vn -0.523438 -0.549561 -0.650635
vn -0.751953 0.304688 0.584229
vn -0.229248 0.155518 0.960693
vn -0.112793 0.420654 0.899902
vn -0.229248 0.155518 0.960693
vn -0.751953 0.304688 0.584229
vn -0.762695 0.167480 0.624268
vn 0.782959 -0.093750 0.614502
vn 0.663086 -0.295166 0.687744
vn 0.162842 0.306641 0.937744
vn 0.202881 -0.439697 0.874756
vn 0.659668 -0.544189 0.518066
vn 0.782959 -0.093750 0.614502
vn -0.511230 -0.236816 0.825928
vn -0.061768 0.034912 0.997314
vn -0.762695 0.167480 0.624268
vn -0.112793 0.420654 0.899902
vn -0.229248 0.155518 0.960693
vn 0.482178 0.314941 0.817383
vn -0.341064 0.425781 -0.837891
vn 0.036621 0.431152 -0.901367
vn 0.735352 0.591309 -0.330566
vn -0.762695 0.167480 0.624268
vn -0.751953 0.304688 0.584229
vn -0.845459 0.528809 0.073730
vn -0.523438 -0.549561 -0.650635
vn -0.725342 -0.584473 0.363037
vn -0.809814 0.585938 -0.019043
vn -0.809814 0.585938 -0.019043
vn -0.112793 0.420654 0.899902
vn 0.735352 0.591309 -0.330566
vn -0.341064 0.425781 -0.837891
vn -0.751953 0.304688 0.584229
vn -0.725342 -0.584473 0.363037
vn -0.244141 -0.443115 -0.862305
vn -0.860840 -0.488037 0.143311
vn -0.633789 -0.252930 -0.730713
vn -0.189941 -0.341553 0.920166
vn -0.061768 0.034912 0.997314
vn -0.511230 -0.236816 0.825928
vn -0.451416 -0.229492 -0.862061
vn 0.091064 -0.109863 -0.989502
vn 0.055908 -0.371582 -0.926514
vn -0.058350 0.502686 -0.862305
vn 0.091064 -0.109863 -0.989502
vn -0.451416 -0.229492 -0.862061
vn -0.058350 0.502686 -0.862305
vn -0.451416 -0.229492 -0.862061
vn -0.520996 0.589844 -0.616455
vn -0.041504 -0.982666 0.180176
vn -0.860840 -0.488037 0.143311
vn -0.244141 -0.443115 -0.862305
vn -0.810547 -0.355713 -0.465088
vn -0.609619 -0.087646 -0.787598
vn -0.488037 -0.346436 -0.800781
vn -0.746338 0.400391 0.531494
vn 0.910889 0.022949 -0.411377
vn 0.860596 0.488770 -0.141113
vn -0.860840 -0.488037 0.143311
vn -0.041504 -0.982666 0.180176
vn -0.366699 -0.758057 0.538818
vn -0.112793 0.420654 0.899902
vn -0.809814 0.585938 -0.019043
vn -0.725342 -0.584473 0.363037
vn 0.735352 0.591309 -0.330566
vn 0.482178 0.314941 0.817383
vn 0.244873 0.937500 -0.246094
vn -0.292236 0.950928 -0.100830
vn -0.462158 0.811035 -0.358398
vn 0.244873 0.937500 -0.246094
vn 0.860596 0.488770 -0.141113
vn 0.212891 -0.485352 -0.847900
vn -0.031006 -0.472656 -0.880615
vn 0.244873 0.937500 -0.246094
vn 0.482178 0.314941 0.817383
vn -0.169678 0.795410 0.581543
vn -0.507324 0.281250 0.814209
vn -0.795898 0.547607 -0.257324
vn -0.727783 -0.682617 0.063232
vn -0.727783 -0.682617 0.063232
vn -0.978516 -0.198730 0.053711
vn -0.507324 0.281250 0.814209
vn 0.860596 0.488770 -0.141113
vn 0.039062 0.511230 -0.858398
vn -0.795898 0.547607 -0.257324
vn 0.212891 -0.485352 -0.847900
vn 0.860596 0.488770 -0.141113
vn 0.910889 0.022949 -0.411377
vn 0.459717 -0.809814 0.363770
vn 0.659668 -0.544189 0.518066
vn 0.202881 -0.439697 0.874756
vn -0.366699 -0.758057 0.538818
vn 0.026367 -0.927490 0.372803
vn -0.000488 -0.461182 0.887207
vn -0.624512 -0.191406 0.756836
vn -0.000488 -0.461182 0.887207
vn 0.000000 -0.151123 0.988281
vn -0.207764 -0.472412 0.856445
vn -0.079102 -0.607422 0.790039
vn -0.511230 -0.236816 0.825928
vn -0.798828 0.346191 -0.491699
vn -0.018799 0.999756 -0.004150
vn -0.021240 0.940674 -0.337891
vn -0.721436 0.588867 -0.364014
vn -0.990967 0.083252 0.104492
vn -0.916016 0.081055 0.392090
vn -0.021240 0.940674 -0.337891
vn -0.058350 0.502686 -0.862305
vn -0.520996 0.589844 -0.616455
vn -0.365234 -0.172852 -0.914551
vn -0.609619 -0.087646 -0.787598
vn -0.648682 0.092285 -0.755127
vn -0.609619 -0.087646 -0.787598
vn -0.358887 -0.114746 -0.926270
vn -0.488037 -0.346436 -0.800781
vn -0.327393 -0.191895 -0.925049
vn -0.277588 -0.154053 -0.947998
vn -0.378418 -0.021729 -0.925293
vn -0.327393 -0.191895 -0.925049
vn -0.378418 -0.021729 -0.925293
vn -0.380371 -0.092773 -0.919922
vn -0.488037 -0.346436 -0.800781
vn -0.358887 -0.114746 -0.926270
vn -0.277588 -0.154053 -0.947998
vn -0.488037 -0.346436 -0.800781
vn -0.277588 -0.154053 -0.947998
vn -0.327393 -0.191895 -0.925049
vn -0.810547 -0.355713 -0.465088
vn -0.937256 -0.289307 0.193359
vn -0.990967 0.083252 0.104492
vn -0.990967 0.083252 0.104492
vn -0.937256 -0.289307 0.193359
vn -0.624512 -0.191406 0.756836
vn -0.727783 -0.682617 0.063232
vn -0.031006 -0.472656 -0.880615
vn 0.212891 -0.485352 -0.847900
vn 0.482178 0.314941 0.817383
vn 0.735352 0.591309 -0.330566
vn -0.112793 0.420654 0.899902
vn 0.162842 0.306641 0.937744
vn -0.169678 0.795410 0.581543
vn 0.482178 0.314941 0.817383
vn -0.380371 -0.092773 -0.919922
vn -0.429688 -0.201660 -0.879883
vn 0.055908 -0.371582 -0.926514
vn -0.328613 -0.278076 -0.902344
vn -0.429688 -0.201660 -0.879883
vn -0.378418 -0.021729 -0.925293
vn 0.055908 -0.371582 -0.926514
vn -0.429688 -0.201660 -0.879883
vn -0.451416 -0.229492 -0.862061
vn -0.462158 0.811035 -0.358398
vn -0.341064 0.425781 -0.837891
vn 0.244873 0.937500 -0.246094
vn -0.000488 -0.461182 0.887207
vn -0.624512 -0.191406 0.756836
vn -0.366699 -0.758057 0.538818
vn -0.488037 -0.346436 -0.800781
vn -0.327393 -0.191895 -0.925049
vn -0.442871 -0.501953 -0.742676
vn -0.442871 -0.501953 -0.742676
vn -0.633789 -0.252930 -0.730713
vn -0.810547 -0.355713 -0.465088
vn 0.485107 -0.460693 -0.742920
vn 0.345215 -0.274414 -0.897217
vn 0.536621 -0.321289 -0.780029
vn 0.055908 -0.371582 -0.926514
vn 0.446533 -0.134766 -0.884521
vn 0.397949 -0.053467 -0.915771
vn 0.397949 -0.053467 -0.915771
vn 0.485107 -0.460693 -0.742920
vn 0.028320 -0.566650 -0.823242
vn -0.442871 -0.501953 -0.742676
vn -0.327393 -0.191895 -0.925049
vn -0.380371 -0.092773 -0.919922
vn -0.380371 -0.092773 -0.919922
vn 0.055908 -0.371582 -0.926514
vn 0.028320 -0.566650 -0.823242
vn -0.380371 -0.092773 -0.919922
vn 0.028320 -0.566650 -0.823242
vn -0.442871 -0.501953 -0.742676
vn 0.028320 -0.566650 -0.823242
vn 0.055908 -0.371582 -0.926514
vn 0.397949 -0.053467 -0.915771
vn -0.939453 0.340576 0.034180
vn -0.696289 0.313721 -0.645264
vn -0.669434 0.452148 -0.589111
vn -0.725342 -0.584473 0.363037
vn -0.751953 0.304688 0.584229
vn -0.112793 0.420654 0.899902
vn 0.845947 0.420654 -0.327148
vn 0.394531 0.308105 -0.865479
vn 0.176758 -0.584473 -0.791748
vn 0.009521 0.176270 -0.984131
vn 0.011719 -0.335449 -0.941895
vn -0.644775 0.165771 -0.745850
vn -0.831299 0.136963 -0.538330
vn 0.354004 -0.328613 -0.875488
vn -0.058105 -0.994385 -0.086182
vn 0.190186 0.752930 -0.629639
vn -0.292725 0.879150 0.375732
vn -0.135986 0.983887 0.113770
vn -0.626221 0.158936 0.762939
vn -0.135986 0.983887 0.113770
vn -0.292725 0.879150 0.375732
vn 0.638916 -0.601562 -0.479004
vn -0.123779 -0.898193 0.421631
vn -0.058105 -0.994385 -0.086182
vn -0.784912 0.615967 -0.064697
vn -0.412598 0.884033 0.218506
vn -0.838379 -0.311768 0.446533
vn 0.571289 0.815430 0.090820
vn 0.521240 0.826904 -0.209473
vn -0.412598 0.884033 0.218506
vn 0.571289 0.815430 0.090820
vn 0.616699 -0.769775 0.162842
vn 0.918701 -0.226074 -0.323486
vn 0.616699 -0.769775 0.162842
vn -0.750732 -0.643799 -0.146240
vn 0.078125 -0.995117 0.058105
vn 0.874268 -0.483643 -0.037598
vn -0.750732 -0.643799 -0.146240
vn 0.616699 -0.769775 0.162842
vn 0.340820 0.502197 0.794434
vn -0.292236 0.950928 -0.100830
vn -0.169678 0.795410 0.581543
vn -0.512451 -0.217285 0.830566
vn -0.058105 -0.994385 -0.086182
vn -0.123779 -0.898193 0.421631
vn -0.750732 -0.643799 -0.146240
vn 0.874268 -0.483643 -0.037598
vn -0.021973 0.866455 -0.498535
vn -0.512451 -0.217285 0.830566
vn -0.292725 0.879150 0.375732
vn -0.831299 0.136963 -0.538330
vn 0.616699 -0.769775 0.162842
vn 0.571289 0.815430 0.090820
vn 0.340820 0.502197 0.794434
vn 0.616699 -0.769775 0.162842
vn 0.663086 -0.295166 0.687744
vn 0.874268 -0.483643 -0.037598
vn -0.838379 -0.311768 0.446533
vn -0.626221 0.158936 0.762939
vn -0.123779 -0.898193 0.421631
vn 0.078125 -0.995117 0.058105
vn 0.918701 -0.226074 -0.323486
vn 0.616699 -0.769775 0.162842
vn 0.918701 -0.226074 -0.323486
vn 0.521240 0.826904 -0.209473
vn 0.571289 0.815430 0.090820
vn -0.412598 0.884033 0.218506
vn -0.784912 0.615967 -0.064697
vn 0.571289 0.815430 0.090820
vn 0.521240 0.826904 -0.209473
vn 0.651367 0.476074 -0.590332
vn -0.135986 0.983887 0.113770
vn -0.412598 0.884033 0.218506
vn -0.135986 0.983887 0.113770
vn -0.626221 0.158936 0.762939
vn 0.078125 -0.995117 0.058105
vn -0.123779 -0.898193 0.421631
vn 0.638916 -0.601562 -0.479004
vn 0.918701 -0.226074 -0.323486
vn 0.638916 -0.601562 -0.479004
vn 0.651367 0.476074 -0.590332
vn 0.190186 0.752930 -0.629639
vn 0.354004 -0.328613 -0.875488
vn -0.831299 0.136963 -0.538330
vn -0.831299 0.136963 -0.538330
vn -0.058105 -0.994385 -0.086182
vn -0.512451 -0.217285 0.830566
vn 0.190186 0.752930 -0.629639
vn -0.831299 0.136963 -0.538330
vn -0.292725 0.879150 0.375732
vn -0.838379 -0.311768 0.446533
vn 0.078125 -0.995117 0.058105
vn -0.750732 -0.643799 -0.146240
vn -0.750732 -0.643799 -0.146240
vn -0.021973 0.866455 -0.498535
vn -0.292236 0.950928 -0.100830
vn -0.750732 -0.643799 -0.146240
vn -0.292236 0.950928 -0.100830
vn -0.784912 0.615967 -0.064697
vn -0.750732 -0.643799 -0.146240
vn -0.784912 0.615967 -0.064697
vn -0.838379 -0.311768 0.446533
vn 0.340820 0.502197 0.794434
vn 0.663086 -0.295166 0.687744
vn 0.616699 -0.769775 0.162842
vn 0.634277 0.121094 -0.763428
vn 0.834229 -0.326416 -0.444092
vn 0.593262 -0.054932 -0.802979
vn -0.609619 -0.087646 -0.787598
vn -0.810547 -0.355713 -0.465088
vn -0.648682 0.092285 -0.755127
vn 0.952881 0.034668 -0.300537
vn 0.406006 0.150146 -0.901123
vn 0.876709 0.155518 -0.454834
vn -0.762695 0.167480 0.624268
vn -0.061768 0.034912 0.997314
vn -0.229248 0.155518 0.960693
vn -0.797852 0.084229 0.596680
vn -0.207764 -0.472412 0.856445
vn -0.511230 -0.236816 0.825928
vn 0.385986 0.418213 -0.822021
vn 0.784424 0.299072 -0.542969
vn -0.062500 0.491699 0.868408
vn -0.746338 0.400391 0.531494
vn 0.860596 0.488770 -0.141113
vn -0.507324 0.281250 0.814209
vn -0.751953 0.304688 0.584229
vn -0.341064 0.425781 -0.837891
vn -0.845459 0.528809 0.073730
vn -0.725342 -0.584473 0.363037
vn -0.523438 -0.549561 -0.650635
vn -0.341064 0.425781 -0.837891
vn 0.176758 -0.584473 -0.791748
vn 0.394531 0.308105 -0.865479
vn -0.899414 0.422607 -0.110352
vn -0.669434 0.452148 -0.589111
vn -0.789795 0.312988 -0.527344
vn -0.127441 0.299561 -0.945312
vn -0.169678 0.795410 0.581543
vn -0.292236 0.950928 -0.100830
vn 0.244873 0.937500 -0.246094
vn -0.194336 0.926758 0.321289
vn -0.292236 0.950928 -0.100830
vn -0.021973 0.866455 -0.498535
vn 0.536621 -0.321289 -0.780029
vn 0.593262 -0.054932 -0.802979
vn 0.834229 -0.326416 -0.444092
vn 0.876953 -0.438721 0.194580
vn 0.922852 -0.274170 0.269775
vn 0.608887 -0.217285 0.762695
vn -0.860840 -0.488037 0.143311
vn -0.366699 -0.758057 0.538818
vn -0.624512 -0.191406 0.756836
vn 0.608887 -0.217285 0.762695
vn 0.922852 -0.274170 0.269775
vn 0.979004 0.069092 0.191406
vn -0.916016 0.081055 0.392090
vn -0.990967 0.083252 0.104492
vn -0.624512 -0.191406 0.756836
vn 0.608887 -0.217285 0.762695
vn 0.392334 -0.746094 0.537354
vn 0.876953 -0.438721 0.194580
vn -0.624512 -0.191406 0.756836
vn -0.937256 -0.289307 0.193359
vn -0.860840 -0.488037 0.143311
vn 0.385986 0.418213 -0.822021
vn 0.409668 0.025146 -0.911621
vn -0.127441 0.299561 -0.945312
vn -0.721436 0.588867 -0.364014
vn -0.916016 0.081055 0.392090
vn -0.798828 0.346191 -0.491699
vn 0.822021 0.214111 -0.527344
vn 0.834229 -0.326416 -0.444092
vn 0.634277 0.121094 -0.763428
vn -0.648682 0.092285 -0.755127
vn -0.810547 -0.355713 -0.465088
vn -0.801025 0.157715 -0.577393
vn -0.892334 0.004883 0.451172
vn -0.916016 0.081055 0.392090
vn -0.399902 -0.223389 0.888672
vn 0.670654 -0.221191 -0.707764
vn 0.876953 -0.438721 0.194580
vn 0.308594 -0.382324 -0.870850
vn -0.633789 -0.252930 -0.730713
vn -0.159912 -0.747070 -0.644775
vn -0.244141 -0.443115 -0.862305
vn -0.810547 -0.355713 -0.465088
vn -0.488037 -0.346436 -0.800781
vn -0.442871 -0.501953 -0.742676
vn 0.834229 -0.326416 -0.444092
vn 0.670654 -0.221191 -0.707764
vn 0.485107 -0.460693 -0.742920
vn 0.350830 0.132568 -0.926758
vn 0.446533 -0.134766 -0.884521
vn 0.307129 -0.259277 -0.915527
vn 0.392578 -0.143555 -0.908203
vn 0.379150 -0.167725 -0.909912
vn 0.353516 -0.064209 -0.933105
vn 0.353516 -0.064209 -0.933105
vn 0.350830 0.132568 -0.926758
vn 0.307129 -0.259277 -0.915527
vn 0.353516 -0.064209 -0.933105
vn 0.307129 -0.259277 -0.915527
vn 0.392578 -0.143555 -0.908203
vn -0.358887 -0.114746 -0.926270
vn -0.609619 -0.087646 -0.787598
vn -0.365234 -0.172852 -0.914551
vn -0.328613 -0.278076 -0.902344
vn -0.378418 -0.021729 -0.925293
vn -0.277588 -0.154053 -0.947998
vn -0.365234 -0.172852 -0.914551
vn -0.328613 -0.278076 -0.902344
vn -0.277588 -0.154053 -0.947998
vn -0.365234 -0.172852 -0.914551
vn -0.277588 -0.154053 -0.947998
vn -0.358887 -0.114746 -0.926270
vn 0.822021 0.214111 -0.527344
vn 0.733154 0.572998 -0.365723
vn 0.979004 0.069092 0.191406
vn -0.990967 0.083252 0.104492
vn -0.721436 0.588867 -0.364014
vn -0.801025 0.157715 -0.577393
vn 0.876953 -0.438721 0.194580
vn 0.670654 -0.221191 -0.707764
vn 0.834229 -0.326416 -0.444092
vn -0.810547 -0.355713 -0.465088
vn -0.633789 -0.252930 -0.730713
vn -0.860840 -0.488037 0.143311
vn 0.000000 -0.151123 0.988281
vn -0.000488 -0.461182 0.887207
vn 0.608887 -0.217285 0.762695
vn 0.026367 -0.927490 0.372803
vn -0.366699 -0.758057 0.538818
vn -0.041504 -0.982666 0.180176
vn -0.789795 0.312988 -0.527344
vn -0.776855 -0.545410 0.313721
vn -0.073486 -0.186523 -0.979492
vn -0.073486 -0.186523 -0.979492
vn 0.784424 0.299072 -0.542969
vn 0.385986 0.418213 -0.822021
vn -0.809814 0.585938 -0.019043
vn 0.036621 0.431152 -0.901367
vn -0.523438 -0.549561 -0.650635
vn -0.758057 -0.549561 -0.350586
vn -0.865723 0.431152 0.253662
vn -0.214355 0.585938 -0.781250
vn 0.735352 0.591309 -0.330566
vn 0.244873 0.937500 -0.246094
vn -0.341064 0.425781 -0.837891
vn -0.142822 0.591309 0.793457
vn -0.865723 0.431152 0.253662
vn -0.899414 0.422607 -0.110352
vn 0.897949 -0.439697 -0.011719
vn 0.459717 -0.809814 0.363770
vn 0.712646 -0.643066 -0.279297
vn -0.079102 -0.607422 0.790039
vn 0.459717 -0.809814 0.363770
vn 0.202881 -0.439697 0.874756
vn 0.395508 -0.850586 0.345947
vn 0.459717 -0.809814 0.363770
vn -0.079102 -0.607422 0.790039
vn -0.451416 -0.229492 -0.862061
vn -0.429688 -0.201660 -0.879883
vn -0.328613 -0.278076 -0.902344
vn -0.945312 0.322998 -0.041504
vn -0.970459 -0.027344 -0.239258
vn -0.892334 0.004883 0.451172
vn -0.462158 0.811035 -0.358398
vn -0.899414 0.422607 -0.110352
vn -0.492432 0.841553 -0.220703
vn -0.746338 0.400391 0.531494
vn -0.507324 0.281250 0.814209
vn -0.978516 -0.198730 0.053711
vn -0.062500 0.491699 0.868408
vn -0.492432 0.841553 -0.220703
vn 0.385986 0.418213 -0.822021
vn 0.385986 0.418213 -0.822021
vn -0.492432 0.841553 -0.220703
vn -0.899414 0.422607 -0.110352
vn -0.746338 0.400391 0.531494
vn -0.845459 0.528809 0.073730
vn -0.341064 0.425781 -0.837891
vn 0.634277 0.121094 -0.763428
vn 0.392578 -0.143555 -0.908203
vn 0.509521 -0.274902 -0.815186
vn -0.451416 -0.229492 -0.862061
vn -0.328613 -0.278076 -0.902344
vn -0.365234 -0.172852 -0.914551
vn -0.648682 0.092285 -0.755127
vn -0.451416 -0.229492 -0.862061
vn -0.365234 -0.172852 -0.914551
vn -0.721436 0.588867 -0.364014
vn -0.520996 0.589844 -0.616455
vn -0.451416 -0.229492 -0.862061
vn 0.026367 -0.927490 0.372803
vn -0.041504 -0.982666 0.180176
vn 0.034668 -0.968018 -0.248291
vn 0.034668 -0.968018 -0.248291
vn 0.102783 -0.979248 0.173340
vn 0.026367 -0.927490 0.372803
vn -0.159912 -0.747070 -0.644775
vn -0.442871 -0.501953 -0.742676
vn 0.028320 -0.566650 -0.823242
vn 0.244141 -0.718994 -0.650391
vn 0.034668 -0.968018 -0.248291
vn 0.028320 -0.566650 -0.823242
vn -0.817139 0.575684 -0.022461
vn -0.341064 0.425781 -0.837891
vn -0.462158 0.811035 -0.358398
vn -0.462158 0.811035 -0.358398
vn -0.492432 0.841553 -0.220703
vn -0.789795 0.312988 -0.527344
vn -0.789795 0.312988 -0.527344
vn -0.669434 0.452148 -0.589111
vn -0.462158 0.811035 -0.358398
vn -0.696289 0.313721 -0.645264
vn -0.817139 0.575684 -0.022461
vn -0.462158 0.811035 -0.358398
vn 0.910889 0.022949 -0.411377
vn -0.696289 0.313721 -0.645264
vn 0.212891 -0.485352 -0.847900
vn -0.492432 0.841553 -0.220703
vn -0.062500 0.491699 0.868408
vn -0.776855 -0.545410 0.313721
vn -0.797852 0.084229 0.596680
vn -0.939453 0.340576 0.034180
vn -0.945312 0.322998 -0.041504
vn 0.009521 0.176270 -0.984131
vn -0.127441 0.299561 -0.945312
vn 0.409668 0.025146 -0.911621
vn -0.945312 0.322998 -0.041504
vn -0.892334 0.004883 0.451172
vn -0.797852 0.084229 0.596680
vn 0.409668 0.025146 -0.911621
vn 0.567871 -0.302979 -0.765137
vn 0.009521 0.176270 -0.984131
vn -0.797852 0.084229 0.596680
vn -0.511230 -0.236816 0.825928
vn -0.762695 0.167480 0.624268
vn -0.746338 0.400391 0.531494
vn -0.797852 0.084229 0.596680
vn -0.762695 0.167480 0.624268
vn 0.385986 0.418213 -0.822021
vn -0.121826 0.531738 -0.837891
vn 0.406006 0.150146 -0.901123
vn 0.395508 -0.850586 0.345947
vn 0.679199 -0.584961 -0.442871
vn 0.712646 -0.643066 -0.279297
vn -0.079102 -0.607422 0.790039
vn -0.207764 -0.472412 0.856445
vn 0.395508 -0.850586 0.345947
vn -0.520996 0.589844 -0.616455
vn -0.798828 0.346191 -0.491699
vn -0.021240 0.940674 -0.337891
vn -0.021240 0.940674 -0.337891
vn -0.018799 0.999756 -0.004150
vn 0.783203 0.187256 -0.592529
vn -0.624512 -0.191406 0.756836
vn 0.000000 -0.151123 0.988281
vn -0.916016 0.081055 0.392090
vn 0.897217 -0.023193 0.440674
vn 0.000000 -0.151123 0.988281
vn 0.608887 -0.217285 0.762695
vn 0.540771 -0.624023 0.563477
vn 0.783936 -0.576416 -0.229492
vn 0.679199 -0.584961 -0.442871
vn 0.540771 -0.624023 0.563477
vn 0.395508 -0.850586 0.345947
vn -0.207764 -0.472412 0.856445
vn 0.540771 -0.624023 0.563477
vn 0.000000 -0.151123 0.988281
vn 0.897217 -0.023193 0.440674
vn 0.952881 0.034668 -0.300537
vn 0.847412 -0.341797 -0.405762
vn 0.621338 -0.278809 -0.731934
vn 0.897949 -0.439697 -0.011719
vn 0.847412 -0.341797 -0.405762
vn 0.952881 0.034668 -0.300537
vn 0.897949 -0.439697 -0.011719
vn 0.952881 0.034668 -0.300537
vn 0.782959 -0.093750 0.614502
vn -0.061768 0.034912 0.997314
vn -0.189941 -0.341553 0.920166
vn 0.202881 -0.439697 0.874756
vn 0.202881 -0.439697 0.874756
vn 0.782959 -0.093750 0.614502
vn -0.061768 0.034912 0.997314
vn 0.952881 0.034668 -0.300537
vn 0.876709 0.155518 -0.454834
vn 0.909668 0.314941 0.270020
vn 0.482178 0.314941 0.817383
vn -0.229248 0.155518 0.960693
vn -0.061768 0.034912 0.997314
vn -0.061768 0.034912 0.997314
vn 0.162842 0.306641 0.937744
vn 0.482178 0.314941 0.817383
vn 0.909668 0.314941 0.270020
vn 0.874268 -0.483643 -0.037598
vn 0.952881 0.034668 -0.300537
vn 0.783203 0.187256 -0.592529
vn 0.733154 0.572998 -0.365723
vn 0.471680 0.537598 -0.698730
vn -0.520996 0.589844 -0.616455
vn -0.721436 0.588867 -0.364014
vn -0.798828 0.346191 -0.491699
vn 0.406006 0.150146 -0.901123
vn 0.409668 0.025146 -0.911621
vn 0.385986 0.418213 -0.822021
vn -0.762695 0.167480 0.624268
vn -0.845459 0.528809 0.073730
vn -0.746338 0.400391 0.531494
vn 0.782959 -0.093750 0.614502
vn 0.952881 0.034668 -0.300537
vn 0.874268 -0.483643 -0.037598
vn 0.162842 0.306641 0.937744
vn -0.061768 0.034912 0.997314
vn 0.782959 -0.093750 0.614502
vn -0.916016 0.081055 0.392090
vn -0.892334 0.004883 0.451172
vn -0.970459 -0.027344 -0.239258
vn 0.783936 -0.576416 -0.229492
vn 0.897217 -0.023193 0.440674
vn 0.783203 0.187256 -0.592529
vn 0.000000 -0.151123 0.988281
vn 0.540771 -0.624023 0.563477
vn -0.399902 -0.223389 0.888672
vn -0.696289 0.313721 -0.645264
vn -0.939453 0.340576 0.034180
vn -0.978516 -0.198730 0.053711
vn -0.073486 -0.186523 -0.979492
vn -0.127441 0.299561 -0.945312
vn -0.789795 0.312988 -0.527344
vn 0.651367 0.476074 -0.590332
vn 0.638916 -0.601562 -0.479004
vn 0.354004 -0.328613 -0.875488
vn -0.795898 0.547607 -0.257324
vn -0.507324 0.281250 0.814209
vn 0.860596 0.488770 -0.141113
vn -0.062500 0.491699 0.868408
vn 0.784424 0.299072 -0.542969
vn -0.284668 0.547607 -0.786621
vn 0.735352 0.591309 -0.330566
vn 0.036621 0.431152 -0.901367
vn -0.809814 0.585938 -0.019043
vn -0.214355 0.585938 -0.781250
vn -0.865723 0.431152 0.253662
vn -0.142822 0.591309 0.793457
vn 0.638916 -0.601562 -0.479004
vn 0.918701 -0.226074 -0.323486
vn 0.078125 -0.995117 0.058105
vn -0.058105 -0.994385 -0.086182
vn 0.354004 -0.328613 -0.875488
vn 0.638916 -0.601562 -0.479004
vn 0.354004 -0.328613 -0.875488
vn 0.190186 0.752930 -0.629639
vn 0.651367 0.476074 -0.590332
vn 0.651367 0.476074 -0.590332
vn 0.521240 0.826904 -0.209473
vn 0.918701 -0.226074 -0.323486
vn -0.135986 0.983887 0.113770
vn -0.412598 0.884033 0.218506
vn 0.521240 0.826904 -0.209473
vn -0.135986 0.983887 0.113770
vn 0.651367 0.476074 -0.590332
vn 0.190186 0.752930 -0.629639
vn -0.123779 -0.898193 0.421631
vn 0.078125 -0.995117 0.058105
vn -0.838379 -0.311768 0.446533
vn -0.123779 -0.898193 0.421631
vn -0.626221 0.158936 0.762939
vn -0.512451 -0.217285 0.830566
vn -0.292725 0.879150 0.375732
vn -0.512451 -0.217285 0.830566
vn -0.626221 0.158936 0.762939
vn -0.626221 0.158936 0.762939
vn -0.838379 -0.311768 0.446533
vn -0.412598 0.884033 0.218506
vn 0.212891 -0.485352 -0.847900
vn -0.978516 -0.198730 0.053711
vn -0.727783 -0.682617 0.063232
vn 0.038086 -0.682617 -0.729492
vn -0.073486 -0.186523 -0.979492
vn -0.776855 -0.545410 0.313721
vn -0.284668 0.547607 -0.786621
vn 0.038086 -0.682617 -0.729492
vn -0.881104 -0.472656 -0.000732
vn -0.031006 -0.472656 -0.880615
vn -0.727783 -0.682617 0.063232
vn -0.795898 0.547607 -0.257324
vn -0.881104 -0.472656 -0.000732
vn -0.776855 -0.545410 0.313721
vn -0.062500 0.491699 0.868408
vn -0.031006 -0.472656 -0.880615
vn 0.039062 0.511230 -0.858398
vn 0.860596 0.488770 -0.141113
vn -0.801025 0.157715 -0.577393
vn -0.721436 0.588867 -0.364014
vn -0.648682 0.092285 -0.755127
vn -0.801025 0.157715 -0.577393
vn -0.810547 -0.355713 -0.465088
vn -0.990967 0.083252 0.104492
vn 0.634277 0.121094 -0.763428
vn 0.733154 0.572998 -0.365723
vn 0.822021 0.214111 -0.527344
vn 0.979004 0.069092 0.191406
vn 0.834229 -0.326416 -0.444092
vn 0.822021 0.214111 -0.527344
vn -0.829102 -0.389893 -0.400391
vn -0.970459 -0.027344 -0.239258
vn -0.519775 -0.415283 -0.746338
vn -0.829102 -0.389893 -0.400391
vn -0.798828 0.346191 -0.491699
vn -0.916016 0.081055 0.392090
vn -0.519775 -0.415283 -0.746338
vn 0.011719 -0.335449 -0.941895
vn 0.005127 -0.638916 -0.769043
vn -0.945312 0.322998 -0.041504
vn -0.939453 0.340576 0.034180
vn -0.669434 0.452148 -0.589111
vn -0.945312 0.322998 -0.041504
vn -0.669434 0.452148 -0.589111
vn -0.644775 0.165771 -0.745850
vn -0.970459 -0.027344 -0.239258
vn -0.829102 -0.389893 -0.400391
vn -0.916016 0.081055 0.392090
vn 0.897217 -0.023193 0.440674
vn 0.979004 0.069092 0.191406
vn 0.733154 0.572998 -0.365723
vn 0.567871 -0.302979 -0.765137
vn 0.409668 0.025146 -0.911621
vn 0.679199 -0.584961 -0.442871
vn 0.679199 -0.584961 -0.442871
vn 0.409668 0.025146 -0.911621
vn 0.621338 -0.278809 -0.731934
vn -0.519775 -0.415283 -0.746338
vn 0.005127 -0.638916 -0.769043
vn -0.798828 0.346191 -0.491699
vn 0.783203 0.187256 -0.592529
vn 0.005127 -0.638916 -0.769043
vn 0.011719 -0.335449 -0.941895
vn 0.385986 0.418213 -0.822021
vn -0.127441 0.299561 -0.945312
vn -0.073486 -0.186523 -0.979492
vn -0.978516 -0.198730 0.053711
vn -0.939453 0.340576 0.034180
vn -0.746338 0.400391 0.531494
vn 0.406006 0.150146 -0.901123
vn -0.121826 0.531738 -0.837891
vn 0.394531 0.308105 -0.865479
vn 0.162842 0.306641 0.937744
vn 0.663086 -0.295166 0.687744
vn 0.340820 0.502197 0.794434
vn -0.292236 0.950928 -0.100830
vn 0.340820 0.502197 0.794434
vn 0.571289 0.815430 0.090820
vn -0.292236 0.950928 -0.100830
vn 0.571289 0.815430 0.090820
vn -0.784912 0.615967 -0.064697
vn -0.169678 0.795410 0.581543
vn 0.162842 0.306641 0.937744
vn 0.340820 0.502197 0.794434
vn 0.509521 -0.274902 -0.815186
vn 0.733154 0.572998 -0.365723
vn 0.634277 0.121094 -0.763428
vn 0.028320 -0.566650 -0.823242
vn 0.485107 -0.460693 -0.742920
vn 0.244141 -0.718994 -0.650391
vn 0.028320 -0.566650 -0.823242
vn 0.034668 -0.968018 -0.248291
vn -0.159912 -0.747070 -0.644775
usemtl Texture
f 1/1/1 2/2/2 3/3/3
f 4/4/4 5/5/5 6/6/6
f 7/7/7 8/8/8 9/9/9
f 10/10/10 11/11/11 12/12/12
f 13/13/13 14/14/14 15/15/15
f 16/16/16 17/17/17 18/18/18
f 19/19/19 20/20/20 21/21/21
f 22/22/22 23/23/23 24/24/24
f 25/25/25 26/26/26 27/27/27
f 28/28/28 29/29/29 30/30/30
f 31/31/31 32/32/32 33/33/33
f 34/34/34 35/35/35 36/36/36
f 37/37/37 38/38/38 39/39/39
f 40/40/40 41/41/41 42/42/42
f 43/43/43 44/44/44 45/45/45
f 46/46/46 47/47/47 48/48/48
f 49/49/49 50/50/50 51/51/51
f 52/52/52 53/53/53 54/54/54
f 55/55/55 56/56/56 57/57/57
f 58/58/58 59/59/59 60/60/60
f 61/61/61 62/62/62 63/63/63
f 64/64/64 65/65/65 66/66/66
f 67/67/67 68/68/68 69/69/69
f 70/70/70 71/71/71 72/72/72
f 73/73/73 74/74/74 75/75/75
f 76/76/76 77/77/77 78/78/78
f 79/79/79 80/80/80 81/81/81
f 82/82/82 83/83/83 84/84/84
f 85/85/85 86/86/86 87/87/87
f 88/88/88 89/89/89 90/90/90
f 91/91/91 92/92/92 93/93/93
f 94/94/94 95/95/95 96/96/96
f 97/97/97 98/98/98 99/99/99
f 100/100/100 101/101/101 102/102/102
f 103/103/103 104/104/104 105/105/105
f 106/106/106 107/107/107 108/108/108
f 109/109/109 110/110/110 111/111/111
f 112/112/112 113/113/113 114/114/114
f 115/115/115 116/116/116 117/117/117
f 118/118/118 119/119/119 120/120/120
f 121/121/121 122/122/122 123/123/123
f 124/124/124 125/125/125 126/126/126
f 127/127/127 128/128/128 129/129/129
f 130/130/130 131/131/131 132/132/132
f 133/133/133 134/134/134 135/135/135
f 136/136/136 137/137/137 138/138/138
f 139/139/139 140/140/140 141/141/141
f 142/142/142 143/143/143 144/144/144
f 145/145/145 146/146/146 147/147/147
f 148/148/148 149/149/149 150/150/150
f 151/151/151 152/152/152 153/153/153
f 154/154/154 155/155/155 156/156/156
f 157/157/157 158/158/158 159/159/159
f 160/160/160 161/161/161 162/162/162
f 163/163/163 164/164/164 165/165/165
f 166/166/166 167/167/167 168/168/168
f 169/169/169 170/170/170 171/171/171
f 172/172/172 173/173/173 174/174/174
f 175/175/175 176/176/176 177/177/177
f 178/178/178 179/179/179 180/180/180
f 181/181/181 182/182/182 183/183/183
f 184/184/184 185/185/185 186/186/186
f 187/187/187 188/188/188 189/189/189
f 190/190/190 191/191/191 192/192/192
f 193/193/193 194/194/194 195/195/195
f 196/196/196 197/197/197 198/198/198
f 199/199/199 200/200/200 201/201/201
f 202/202/202 203/203/203 204/204/204
f 205/205/205 206/206/206 207/207/207
f 208/208/208 209/209/209 210/210/210
f 211/211/211 212/212/212 213/213/213
f 214/214/214 215/215/215 216/216/216
f 217/217/217 218/218/218 219/219/219
f 220/220/220 221/221/221 222/222/222
f 223/223/223 224/224/224 225/225/225
f 226/226/226 227/227/227 228/228/228
f 229/229/229 230/230/230 231/231/231
f 232/232/232 233/233/233 234/234/234
f 235/235/235 236/236/236 237/237/237
f 238/238/238 239/239/239 240/240/240
f 241/241/241 242/242/242 243/243/243
f 244/244/244 245/245/245 246/246/246
f 247/247/247 248/248/248 249/249/249
f 250/250/250 251/251/251 252/252/252
f 253/253/253 254/254/254 255/255/255
f 256/256/256 257/257/257 258/258/258
f 259/259/259 260/260/260 261/261/261
f 262/262/262 263/263/263 264/264/264
f 265/265/265 266/266/266 267/267/267
f 268/268/268 269/269/269 270/270/270
f 271/271/271 272/272/272 273/273/273
f 274/274/274 275/275/275 276/276/276
f 277/277/277 278/278/278 279/279/279
f 280/280/280 281/281/281 282/282/282
f 283/283/283 284/284/284 285/285/285
f 286/286/286 287/287/287 288/288/288
f 289/289/289 290/290/290 291/291/291
f 292/292/292 293/293/293 294/294/294
f 295/295/295 296/296/296 297/297/297
f 298/298/298 299/299/299 300/300/300
f 301/301/301 302/302/302 303/303/303
f 304/304/304 305/305/305 306/306/306
f 307/307/307 308/308/308 309/309/309
f 310/310/310 311/311/311 312/312/312
f 313/313/313 314/314/314 315/315/315
f 316/316/316 317/317/317 318/318/318
f 319/319/319 320/320/320 321/321/321
f 322/322/322 323/323/323 324/324/324
f 325/325/325 326/326/326 327/327/327
f 328/328/328 329/329/329 330/330/330
f 331/331/331 332/332/332 333/333/333
f 334/334/334 335/335/335 336/336/336
f 337/337/337 338/338/338 339/339/339
f 340/340/340 341/341/341 342/342/342
f 343/343/343 344/344/344 345/345/345
f 346/346/346 347/347/347 348/348/348
f 349/349/349 350/350/350 351/351/351
f 352/352/352 353/353/353 354/354/354
f 355/355/355 356/356/356 357/357/357
f 358/358/358 359/359/359 360/360/360
f 361/361/361 362/362/362 363/363/363
f 364/364/364 365/365/365 366/366/366
f 367/367/367 368/368/368 369/369/369
f 370/370/370 371/371/371 372/372/372
f 373/373/373 374/374/374 375/375/375
f 376/376/376 377/377/377 378/378/378
f 379/379/379 380/380/380 381/381/381
f 382/382/382 383/383/383 384/384/384
f 385/385/385 386/386/386 387/387/387
f 388/388/388 389/389/389 390/390/390
f 391/391/391 392/392/392 393/393/393
f 394/394/394 395/395/395 396/396/396
f 397/397/397 398/398/398 399/399/399
f 400/400/400 401/401/401 402/402/402
f 403/403/403 404/404/404 405/405/405
f 406/406/406 407/407/407 408/408/408
f 409/409/409 410/410/410 411/411/411
f 412/412/412 413/413/413 414/414/414
f 415/415/415 416/416/416 417/417/417
f 418/418/418 419/419/419 420/420/420
f 421/421/421 422/422/422 423/423/423
f 424/424/424 425/425/425 426/426/426
f 427/427/427 428/428/428 429/429/429
f 430/430/430 431/431/431 432/432/432
f 433/433/433 434/434/434 435/435/435
f 436/436/436 437/437/437 438/438/438
f 439/439/439 440/440/440 441/441/441
f 442/442/442 443/443/443 444/444/444
f 445/445/445 446/446/446 447/447/447
f 448/448/448 449/449/449 450/450/450
f 451/451/451 452/452/452 453/453/453
f 454/454/454 455/455/455 456/456/456
f 457/457/457 458/458/458 459/459/459
f 460/460/460 461/461/461 462/462/462
f 463/463/463 464/464/464 465/465/465
f 466/466/466 467/467/467 468/468/468
f 469/469/469 470/470/470 471/471/471
f 472/472/472 473/473/473 474/474/474
f 475/475/475 476/476/476 477/477/477
f 478/478/478 479/479/479 480/480/480
f 481/481/481 482/482/482 483/483/483
f 484/484/484 485/485/485 486/486/486
f 487/487/487 488/488/488 489/489/489
f 490/490/490 491/491/491 492/492/492
f 493/493/493 494/494/494 495/495/495
f 496/496/496 497/497/497 498/498/498
f 499/499/499 500/500/500 501/501/501
f 502/502/502 503/503/503 504/504/504
f 505/505/505 506/506/506 507/507/507
f 508/508/508 509/509/509 510/510/510
f 511/511/511 512/512/512 513/513/513
f 514/514/514 515/515/515 516/516/516
f 517/517/517 518/518/518 519/519/519
f 520/520/520 521/521/521 522/522/522
f 523/523/523 524/524/524 525/525/525
f 526/526/526 527/527/527 528/528/528
f 529/529/529 530/530/530 531/531/531
f 532/532/532 533/533/533 534/534/534
f 535/535/535 536/536/536 537/537/537
f 538/538/538 539/539/539 540/540/540
f 541/541/541 542/542/542 543/543/543
f 544/544/544 545/545/545 546/546/546
f 547/547/547 548/548/548 549/549/549
f 550/550/550 551/551/551 552/552/552
f 553/553/553 554/554/554 555/555/555
f 556/556/556 557/557/557 558/558/558
f 559/559/559 560/560/560 561/561/561
f 562/562/562 563/563/563 564/564/564
f 565/565/565 566/566/566 567/567/567
f 568/568/568 569/569/569 570/570/570
f 571/571/571 572/572/572 573/573/573
f 574/574/574 575/575/575 576/576/576
f 577/577/577 578/578/578 579/579/579
f 580/580/580 581/581/581 582/582/582
f 583/583/583 584/584/584 585/585/585
f 586/586/586 587/587/587 588/588/588
f 589/589/589 590/590/590 591/591/591
f 592/592/592 593/593/593 594/594/594
f 595/595/595 596/596/596 597/597/597
f 598/598/598 599/599/599 600/600/600
f 601/601/601 602/602/602 603/603/603
f 604/604/604 605/605/605 606/606/606
f 607/607/607 608/608/608 609/609/609
f 610/610/610 611/611/611 612/612/612
f 613/613/613 614/614/614 615/615/615
f 616/616/616 617/617/617 618/618/618
f 619/619/619 620/620/620 621/621/621
f 622/622/622 623/623/623 624/624/624
f 625/625/625 626/626/626 627/627/627
f 628/628/628 629/629/629 630/630/630
f 631/631/631 632/632/632 633/633/633
f 634/634/634 635/635/635 636/636/636
f 637/637/637 638/638/638 639/639/639
f 640/640/640 641/641/641 642/642/642
f 643/643/643 644/644/644 645/645/645
f 646/646/646 647/647/647 648/648/648
f 649/649/649 650/650/650 651/651/651
f 652/652/652 653/653/653 654/654/654
f 655/655/655 656/656/656 657/657/657
f 658/658/658 659/659/659 660/660/660
f 661/661/661 662/662/662 663/663/663
f 664/664/664 665/665/665 666/666/666
f 667/667/667 668/668/668 669/669/669
f 670/670/670 671/671/671 672/672/672
f 673/673/673 674/674/674 675/675/675
f 676/676/676 677/677/677 678/678/678
f 679/679/679 680/680/680 681/681/681
f 682/682/682 683/683/683 684/684/684
f 685/685/685 686/686/686 687/687/687
f 688/688/688 689/689/689 690/690/690
f 691/691/691 692/692/692 693/693/693
f 694/694/694 695/695/695 696/696/696
f 697/697/697 698/698/698 699/699/699
f 700/700/700 701/701/701 702/702/702
f 703/703/703 704/704/704 705/705/705
f 706/706/706 707/707/707 708/708/708
f 709/709/709 710/710/710 711/711/711
f 712/712/712 713/713/713 714/714/714
f 715/715/715 716/716/716 717/717/717
f 718/718/718 719/719/719 720/720/720
f 721/721/721 722/722/722 723/723/723
f 724/724/724 725/725/725 726/726/726
f 727/727/727 728/728/728 729/729/729
f 730/730/730 731/731/731 732/732/732
f 733/733/733 734/734/734 735/735/735
f 736/736/736 737/737/737 738/738/738
f 739/739/739 740/740/740 741/741/741
f 742/742/742 743/743/743 744/744/744
f 745/745/745 746/746/746 747/747/747
f 748/748/748 749/749/749 750/750/750
f 751/751/751 752/752/752 753/753/753
f 754/754/754 755/755/755 756/756/756
f 757/757/757 758/758/758 759/759/759
f 760/760/760 761/761/761 762/762/762
f 763/763/763 764/764/764 765/765/765
f 766/766/766 767/767/767 768/768/768
f 769/769/769 770/770/770 771/771/771
f 772/772/772 773/773/773 774/774/774
f 775/775/775 776/776/776 777/777/777
f 778/778/778 779/779/779 780/780/780
f 781/781/781 782/782/782 783/783/783
f 784/784/784 785/785/785 786/786/786
f 787/787/787 788/788/788 789/789/789
f 790/790/790 791/791/791 792/792/792
f 793/793/793 794/794/794 795/795/795
f 796/796/796 797/797/797 798/798/798
f 799/799/799 800/800/800 801/801/801
f 802/802/802 803/803/803 804/804/804
f 805/805/805 806/806/806 807/807/807
f 808/808/808 809/809/809 810/810/810
f 811/811/811 812/812/812 813/813/813
f 814/814/814 815/815/815 816/816/816
f 817/817/817 818/818/818 819/819/819
f 820/820/820 821/821/821 822/822/822
f 823/823/823 824/824/824 825/825/825
f 826/826/826 827/827/827 828/828/828
f 829/829/829 830/830/830 831/831/831
f 832/832/832 833/833/833 834/834/834
f 835/835/835 836/836/836 837/837/837
f 838/838/838 839/839/839 840/840/840
f 841/841/841 842/842/842 843/843/843
f 844/844/844 845/845/845 846/846/846
f 847/847/847 848/848/848 849/849/849
f 850/850/850 851/851/851 852/852/852
f 853/853/853 854/854/854 855/855/855
f 856/856/856 857/857/857 858/858/858
f 859/859/859 860/860/860 861/861/861
f 862/862/862 863/863/863 864/864/864
f 865/865/865 866/866/866 867/867/867
f 868/868/868 869/869/869 870/870/870
f 871/871/871 872/872/872 873/873/873
f 874/874/874 875/875/875 876/876/876
f 877/877/877 878/878/878 879/879/879
f 880/880/880 881/881/881 882/882/882
f 883/883/883 884/884/884 885/885/885
f 886/886/886 887/887/887 888/888/888
f 889/889/889 890/890/890 891/891/891
f 892/892/892 893/893/893 894/894/894
f 895/895/895 896/896/896 897/897/897
f 898/898/898 899/899/899 900/900/900
f 901/901/901 902/902/902 903/903/903
f 904/904/904 905/905/905 906/906/906
f 907/907/907 908/908/908 909/909/909
f 910/910/910 911/911/911 912/912/912
f 913/913/913 914/914/914 915/915/915
f 916/916/916 917/917/917 918/918/918
f 919/919/919 920/920/920 921/921/921
f 922/922/922 923/923/923 924/924/924
f 925/925/925 926/926/926 927/927/927
f 928/928/928 929/929/929 930/930/930
f 931/931/931 932/932/932 933/933/933
f 934/934/934 935/935/935 936/936/936
f 937/937/937 938/938/938 939/939/939
f 940/940/940 941/941/941 942/942/942
f 943/943/943 944/944/944 945/945/945
f 946/946/946 947/947/947 948/948/948
f 949/949/949 950/950/950 951/951/951
f 952/952/952 953/953/953 954/954/954
f 955/955/955 956/956/956 957/957/957
f 958/958/958 959/959/959 960/960/960
f 961/961/961 962/962/962 963/963/963
f 964/964/964 965/965/965 966/966/966
f 967/967/967 968/968/968 969/969/969
f 970/970/970 971/971/971 972/972/972
f 973/973/973 974/974/974 975/975/975
f 976/976/976 977/977/977 978/978/978
f 979/979/979 980/980/980 981/981/981
f 982/982/982 983/983/983 984/984/984
f 985/985/985 986/986/986 987/987/987
f 988/988/988 989/989/989 990/990/990
f 991/991/991 992/992/992 993/993/993
f 994/994/994 995/995/995 996/996/996
f 997/997/997 998/998/998 999/999/999
f 1000/1000/1000 1001/1001/1001 1002/1002/1002
f 1003/1003/1003 1004/1004/1004 1005/1005/1005
f 1006/1006/1006 1007/1007/1007 1008/1008/1008
f 1009/1009/1009 1010/1010/1010 1011/1011/1011
f 1012/1012/1012 1013/1013/1013 1014/1014/1014
f 1015/1015/1015 1016/1016/1016 1017/1017/1017
f 1018/1018/1018 1019/1019/1019 1020/1020/1020
f 1021/1021/1021 1022/1022/1022 1023/1023/1023
f 1024/1024/1024 1025/1025/1025 1026/1026/1026
f 1027/1027/1027 1028/1028/1028 1029/1029/1029
f 1030/1030/1030 1031/1031/1031 1032/1032/1032
f 1033/1033/1033 1034/1034/1034 1035/1035/1035
f 1036/1036/1036 1037/1037/1037 1038/1038/1038
