# OBJ file
mtllib ICON.ICO.mtl
v -0.357178 0.530029 -1.671875 0.501961 0.501961 0.501961 #0.501961
v -0.407227 0.480469 -1.623535 0.501961 0.501961 0.501961 #0.501961
v -0.685547 0.824951 -1.327393 0.501961 0.501961 0.501961 #0.501961
v 0.000000 0.237061 -0.601318 0.501961 0.501961 0.501961 #0.501961
v -0.342773 0.236084 -1.214600 0.501961 0.501961 0.501961 #0.501961
v 0.000000 0.195312 -1.246582 0.501961 0.501961 0.501961 #0.501961
v -0.576416 0.369629 -0.986084 0.501961 0.501961 0.501961 #0.501961
v -0.450439 0.360596 -1.466309 0.501961 0.501961 0.501961 #0.501961
v -0.342773 0.236084 -1.214600 0.501961 0.501961 0.501961 #0.501961
v 0.000000 0.592285 -1.731934 0.501961 0.501961 0.501961 #0.501961
v -0.223145 0.563721 -1.703369 0.501961 0.501961 0.501961 #0.501961
v 0.000000 0.814697 -1.626221 0.501961 0.501961 0.501961 #0.501961
v 0.000000 1.974854 -1.341064 0.501961 0.501961 0.501961 #0.501961
v -0.539062 2.187256 -0.867432 0.501961 0.501961 0.501961 #0.501961
v 0.000000 2.436768 -0.770508 0.501961 0.501961 0.501961 #0.501961
v -0.750488 0.318359 0.002686 0.501961 0.501961 0.501961 #0.501961
v -0.510254 0.427734 -0.381104 0.501961 0.501961 0.501961 #0.501961
v 0.000000 0.104492 0.002686 0.501961 0.501961 0.501961 #0.501961
v -0.510254 0.427734 -0.381104 0.501961 0.501961 0.501961 #0.501961
v -0.750488 0.318359 0.002686 0.501961 0.501961 0.501961 #0.501961
v -0.576416 0.369629 -0.986084 0.501961 0.501961 0.501961 #0.501961
v -0.685547 0.824951 -1.327393 0.501961 0.501961 0.501961 #0.501961
v -0.450439 0.360596 -1.466309 0.501961 0.501961 0.501961 #0.501961
v -0.576416 0.369629 -0.986084 0.501961 0.501961 0.501961 #0.501961
v -0.539062 2.187256 -0.867432 0.501961 0.501961 0.501961 #0.501961
v -0.697754 2.283203 0.002686 0.501961 0.501961 0.501961 #0.501961
v 0.000000 2.614746 0.002686 0.501961 0.501961 0.501961 #0.501961
v -0.539062 2.187256 -0.867432 0.501961 0.501961 0.501961 #0.501961
v -0.634033 1.684082 -1.207031 0.501961 0.501961 0.501961 #0.501961
v -0.901123 1.754395 -0.489014 0.501961 0.501961 0.501961 #0.501961
v -0.919922 1.533447 -0.715576 0.501961 0.501961 0.501961 #0.501961
v -0.901123 1.754395 -0.489014 0.501961 0.501961 0.501961 #0.501961
v -0.634033 1.684082 -1.207031 0.501961 0.501961 0.501961 #0.501961
v 0.000000 1.974854 -1.341064 0.501961 0.501961 0.501961 #0.501961
v 0.000000 1.461426 -1.600830 0.501961 0.501961 0.501961 #0.501961
v -0.539062 2.187256 -0.867432 0.501961 0.501961 0.501961 #0.501961
v -0.697754 2.283203 0.002686 0.501961 0.501961 0.501961 #0.501961
v -0.901123 1.754395 -0.489014 0.501961 0.501961 0.501961 #0.501961
v -0.984131 1.771729 0.002686 0.501961 0.501961 0.501961 #0.501961
v -0.997803 0.701660 0.002686 0.501961 0.501961 0.501961 #0.501961
v -0.576416 0.369629 -0.986084 0.501961 0.501961 0.501961 #0.501961
v -0.750488 0.318359 0.002686 0.501961 0.501961 0.501961 #0.501961
v -0.539062 2.187256 -0.867432 0.501961 0.501961 0.501961 #0.501961
v -0.901123 1.754395 -0.489014 0.501961 0.501961 0.501961 #0.501961
v -0.697754 2.283203 0.002686 0.501961 0.501961 0.501961 #0.501961
v -0.576416 0.369629 -0.986084 0.501961 0.501961 0.501961 #0.501961
v -0.884277 0.966309 -0.674072 0.501961 0.501961 0.501961 #0.501961
v -0.685547 0.824951 -1.327393 0.501961 0.501961 0.501961 #0.501961
v -0.685547 0.824951 -1.327393 0.501961 0.501961 0.501961 #0.501961
v -0.919922 1.533447 -0.715576 0.501961 0.501961 0.501961 #0.501961
v -0.634033 1.684082 -1.207031 0.501961 0.501961 0.501961 #0.501961
v -0.539062 2.187256 -0.867432 0.501961 0.501961 0.501961 #0.501961
v 0.000000 1.461426 -1.600830 0.501961 0.501961 0.501961 #0.501961
v -0.634033 1.684082 -1.207031 0.501961 0.501961 0.501961 #0.501961
v 0.000000 2.614746 0.002686 0.501961 0.501961 0.501961 #0.501961
v 0.000000 2.436768 -0.770508 0.501961 0.501961 0.501961 #0.501961
v -0.539062 2.187256 -0.867432 0.501961 0.501961 0.501961 #0.501961
v -0.685547 0.824951 -1.327393 0.501961 0.501961 0.501961 #0.501961
v 0.000000 0.814697 -1.626221 0.501961 0.501961 0.501961 #0.501961
v -0.357178 0.530029 -1.671875 0.501961 0.501961 0.501961 #0.501961
v -0.997803 0.701660 0.002686 0.501961 0.501961 0.501961 #0.501961
v -0.884277 0.966309 -0.674072 0.501961 0.501961 0.501961 #0.501961
v -0.576416 0.369629 -0.986084 0.501961 0.501961 0.501961 #0.501961
v -0.576416 0.369629 -0.986084 0.501961 0.501961 0.501961 #0.501961
v -0.342773 0.236084 -1.214600 0.501961 0.501961 0.501961 #0.501961
v -0.510254 0.427734 -0.381104 0.501961 0.501961 0.501961 #0.501961
v 0.000000 0.104492 0.002686 0.501961 0.501961 0.501961 #0.501961
v -0.510254 0.427734 -0.381104 0.501961 0.501961 0.501961 #0.501961
v 0.000000 0.237061 -0.601318 0.501961 0.501961 0.501961 #0.501961
v -0.342773 0.236084 -1.214600 0.501961 0.501961 0.501961 #0.501961
v 0.000000 0.237061 -0.601318 0.501961 0.501961 0.501961 #0.501961
v -0.510254 0.427734 -0.381104 0.501961 0.501961 0.501961 #0.501961
v -1.116699 1.260254 0.002686 0.501961 0.501961 0.501961 #0.501961
v -0.884277 0.966309 -0.674072 0.501961 0.501961 0.501961 #0.501961
v -1.090088 0.980957 0.002686 0.501961 0.501961 0.501961 #0.501961
v -1.116699 1.260254 0.002686 0.501961 0.501961 0.501961 #0.501961
v -0.938965 1.199707 -0.773926 0.501961 0.501961 0.501961 #0.501961
v -0.884277 0.966309 -0.674072 0.501961 0.501961 0.501961 #0.501961
v -1.116699 1.260254 0.002686 0.501961 0.501961 0.501961 #0.501961
v -0.919922 1.533447 -0.715576 0.501961 0.501961 0.501961 #0.501961
v -0.938965 1.199707 -0.773926 0.501961 0.501961 0.501961 #0.501961
v -1.116699 1.260254 0.002686 0.501961 0.501961 0.501961 #0.501961
v -0.901123 1.754395 -0.489014 0.501961 0.501961 0.501961 #0.501961
v -0.919922 1.533447 -0.715576 0.501961 0.501961 0.501961 #0.501961
v -1.116699 1.260254 0.002686 0.501961 0.501961 0.501961 #0.501961
v -0.984131 1.771729 0.002686 0.501961 0.501961 0.501961 #0.501961
v -0.901123 1.754395 -0.489014 0.501961 0.501961 0.501961 #0.501961
v -0.938965 1.199707 -0.773926 0.501961 0.501961 0.501961 #0.501961
v -0.919922 1.533447 -0.715576 0.501961 0.501961 0.501961 #0.501961
v -0.685547 0.824951 -1.327393 0.501961 0.501961 0.501961 #0.501961
v -0.938965 1.199707 -0.773926 0.501961 0.501961 0.501961 #0.501961
v -0.685547 0.824951 -1.327393 0.501961 0.501961 0.501961 #0.501961
v -0.884277 0.966309 -0.674072 0.501961 0.501961 0.501961 #0.501961
v -1.090088 0.980957 0.002686 0.501961 0.501961 0.501961 #0.501961
v -0.884277 0.966309 -0.674072 0.501961 0.501961 0.501961 #0.501961
v -0.997803 0.701660 0.002686 0.501961 0.501961 0.501961 #0.501961
v 0.685547 0.824951 -1.327393 0.501961 0.501961 0.501961 #0.501961
v 0.407227 0.480469 -1.623535 0.501961 0.501961 0.501961 #0.501961
v 0.357178 0.530029 -1.671875 0.501961 0.501961 0.501961 #0.501961
v 0.000000 0.195312 -1.246582 0.501961 0.501961 0.501961 #0.501961
v 0.342773 0.236084 -1.214600 0.501961 0.501961 0.501961 #0.501961
v 0.000000 0.237061 -0.601318 0.501961 0.501961 0.501961 #0.501961
v 0.342773 0.236084 -1.214600 0.501961 0.501961 0.501961 #0.501961
v 0.450439 0.360596 -1.466309 0.501961 0.501961 0.501961 #0.501961
v 0.576416 0.369629 -0.986084 0.501961 0.501961 0.501961 #0.501961
v 0.000000 0.814697 -1.626221 0.501961 0.501961 0.501961 #0.501961
v 0.223145 0.563721 -1.703369 0.501961 0.501961 0.501961 #0.501961
v 0.000000 0.592285 -1.731934 0.501961 0.501961 0.501961 #0.501961
v 0.000000 2.436768 -0.770508 0.501961 0.501961 0.501961 #0.501961
v 0.539062 2.187256 -0.867432 0.501961 0.501961 0.501961 #0.501961
v 0.000000 1.974854 -1.341064 0.501961 0.501961 0.501961 #0.501961
v 0.000000 0.104492 0.002686 0.501961 0.501961 0.501961 #0.501961
v 0.510254 0.427734 -0.381104 0.501961 0.501961 0.501961 #0.501961
v 0.750488 0.318359 0.002686 0.501961 0.501961 0.501961 #0.501961
v 0.576416 0.369629 -0.986084 0.501961 0.501961 0.501961 #0.501961
v 0.750488 0.318359 0.002686 0.501961 0.501961 0.501961 #0.501961
v 0.510254 0.427734 -0.381104 0.501961 0.501961 0.501961 #0.501961
v 0.576416 0.369629 -0.986084 0.501961 0.501961 0.501961 #0.501961
v 0.450439 0.360596 -1.466309 0.501961 0.501961 0.501961 #0.501961
v 0.685547 0.824951 -1.327393 0.501961 0.501961 0.501961 #0.501961
v 0.000000 2.614746 0.002686 0.501961 0.501961 0.501961 #0.501961
v 0.697754 2.283203 0.002686 0.501961 0.501961 0.501961 #0.501961
v 0.539062 2.187256 -0.867432 0.501961 0.501961 0.501961 #0.501961
v 0.901123 1.754395 -0.489014 0.501961 0.501961 0.501961 #0.501961
v 0.634033 1.684082 -1.207031 0.501961 0.501961 0.501961 #0.501961
v 0.539062 2.187256 -0.867432 0.501961 0.501961 0.501961 #0.501961
v 0.634033 1.684082 -1.207031 0.501961 0.501961 0.501961 #0.501961
v 0.901123 1.754395 -0.489014 0.501961 0.501961 0.501961 #0.501961
v 0.919922 1.533447 -0.715576 0.501961 0.501961 0.501961 #0.501961
v 0.539062 2.187256 -0.867432 0.501961 0.501961 0.501961 #0.501961
v 0.000000 1.461426 -1.600830 0.501961 0.501961 0.501961 #0.501961
v 0.000000 1.974854 -1.341064 0.501961 0.501961 0.501961 #0.501961
v 0.984131 1.771729 0.002686 0.501961 0.501961 0.501961 #0.501961
v 0.901123 1.754395 -0.489014 0.501961 0.501961 0.501961 #0.501961
v 0.697754 2.283203 0.002686 0.501961 0.501961 0.501961 #0.501961
v 0.750488 0.318359 0.002686 0.501961 0.501961 0.501961 #0.501961
v 0.576416 0.369629 -0.986084 0.501961 0.501961 0.501961 #0.501961
v 0.997803 0.701660 0.002686 0.501961 0.501961 0.501961 #0.501961
v 0.697754 2.283203 0.002686 0.501961 0.501961 0.501961 #0.501961
v 0.901123 1.754395 -0.489014 0.501961 0.501961 0.501961 #0.501961
v 0.539062 2.187256 -0.867432 0.501961 0.501961 0.501961 #0.501961
v 0.685547 0.824951 -1.327393 0.501961 0.501961 0.501961 #0.501961
v 0.884277 0.966309 -0.674072 0.501961 0.501961 0.501961 #0.501961
v 0.576416 0.369629 -0.986084 0.501961 0.501961 0.501961 #0.501961
v 0.634033 1.684082 -1.207031 0.501961 0.501961 0.501961 #0.501961
v 0.919922 1.533447 -0.715576 0.501961 0.501961 0.501961 #0.501961
v 0.685547 0.824951 -1.327393 0.501961 0.501961 0.501961 #0.501961
v 0.634033 1.684082 -1.207031 0.501961 0.501961 0.501961 #0.501961
v 0.000000 1.461426 -1.600830 0.501961 0.501961 0.501961 #0.501961
v 0.539062 2.187256 -0.867432 0.501961 0.501961 0.501961 #0.501961
v 0.539062 2.187256 -0.867432 0.501961 0.501961 0.501961 #0.501961
v 0.000000 2.436768 -0.770508 0.501961 0.501961 0.501961 #0.501961
v 0.000000 2.614746 0.002686 0.501961 0.501961 0.501961 #0.501961
v 0.357178 0.530029 -1.671875 0.501961 0.501961 0.501961 #0.501961
v 0.000000 0.814697 -1.626221 0.501961 0.501961 0.501961 #0.501961
v 0.685547 0.824951 -1.327393 0.501961 0.501961 0.501961 #0.501961
v 0.576416 0.369629 -0.986084 0.501961 0.501961 0.501961 #0.501961
v 0.884277 0.966309 -0.674072 0.501961 0.501961 0.501961 #0.501961
v 0.997803 0.701660 0.002686 0.501961 0.501961 0.501961 #0.501961
v 0.510254 0.427734 -0.381104 0.501961 0.501961 0.501961 #0.501961
v 0.342773 0.236084 -1.214600 0.501961 0.501961 0.501961 #0.501961
v 0.576416 0.369629 -0.986084 0.501961 0.501961 0.501961 #0.501961
v 0.000000 0.237061 -0.601318 0.501961 0.501961 0.501961 #0.501961
v 0.510254 0.427734 -0.381104 0.501961 0.501961 0.501961 #0.501961
v 0.000000 0.104492 0.002686 0.501961 0.501961 0.501961 #0.501961
v 0.510254 0.427734 -0.381104 0.501961 0.501961 0.501961 #0.501961
v 0.000000 0.237061 -0.601318 0.501961 0.501961 0.501961 #0.501961
v 0.342773 0.236084 -1.214600 0.501961 0.501961 0.501961 #0.501961
v 1.090088 0.980957 0.002686 0.501961 0.501961 0.501961 #0.501961
v 0.884277 0.966309 -0.674072 0.501961 0.501961 0.501961 #0.501961
v 1.116699 1.260254 0.002686 0.501961 0.501961 0.501961 #0.501961
v 0.884277 0.966309 -0.674072 0.501961 0.501961 0.501961 #0.501961
v 0.938965 1.199707 -0.773926 0.501961 0.501961 0.501961 #0.501961
v 1.116699 1.260254 0.002686 0.501961 0.501961 0.501961 #0.501961
v 0.938965 1.199707 -0.773926 0.501961 0.501961 0.501961 #0.501961
v 0.919922 1.533447 -0.715576 0.501961 0.501961 0.501961 #0.501961
v 1.116699 1.260254 0.002686 0.501961 0.501961 0.501961 #0.501961
v 0.919922 1.533447 -0.715576 0.501961 0.501961 0.501961 #0.501961
v 0.901123 1.754395 -0.489014 0.501961 0.501961 0.501961 #0.501961
v 1.116699 1.260254 0.002686 0.501961 0.501961 0.501961 #0.501961
v 0.901123 1.754395 -0.489014 0.501961 0.501961 0.501961 #0.501961
v 0.984131 1.771729 0.002686 0.501961 0.501961 0.501961 #0.501961
v 1.116699 1.260254 0.002686 0.501961 0.501961 0.501961 #0.501961
v 0.685547 0.824951 -1.327393 0.501961 0.501961 0.501961 #0.501961
v 0.919922 1.533447 -0.715576 0.501961 0.501961 0.501961 #0.501961
v 0.938965 1.199707 -0.773926 0.501961 0.501961 0.501961 #0.501961
v 0.884277 0.966309 -0.674072 0.501961 0.501961 0.501961 #0.501961
v 0.685547 0.824951 -1.327393 0.501961 0.501961 0.501961 #0.501961
v 0.938965 1.199707 -0.773926 0.501961 0.501961 0.501961 #0.501961
v 0.997803 0.701660 0.002686 0.501961 0.501961 0.501961 #0.501961
v 0.884277 0.966309 -0.674072 0.501961 0.501961 0.501961 #0.501961
v 1.090088 0.980957 0.002686 0.501961 0.501961 0.501961 #0.501961
v -0.450439 0.360596 -1.466309 0.501961 0.501961 0.501961 #0.501961
v -0.685547 0.824951 -1.327393 0.501961 0.501961 0.501961 #0.501961
v -0.407227 0.480469 -1.623535 0.501961 0.501961 0.501961 #0.501961
v -0.357178 0.530029 -1.671875 0.501961 0.501961 0.501961 #0.501961
v 0.000000 0.814697 -1.626221 0.501961 0.501961 0.501961 #0.501961
v -0.223145 0.563721 -1.703369 0.501961 0.501961 0.501961 #0.501961
v 0.450439 0.360596 -1.466309 0.501961 0.501961 0.501961 #0.501961
v 0.407227 0.480469 -1.623535 0.501961 0.501961 0.501961 #0.501961
v 0.685547 0.824951 -1.327393 0.501961 0.501961 0.501961 #0.501961
v 0.357178 0.530029 -1.671875 0.501961 0.501961 0.501961 #0.501961
v 0.223145 0.563721 -1.703369 0.501961 0.501961 0.501961 #0.501961
v 0.000000 0.814697 -1.626221 0.501961 0.501961 0.501961 #0.501961
v -0.463623 0.665039 1.565918 0.501961 0.501961 0.501961 #0.501961
v -0.372803 0.516357 1.407959 0.501961 0.501961 0.501961 #0.501961
v 0.000000 0.546387 2.031982 0.501961 0.501961 0.501961 #0.501961
v -0.609863 0.431641 0.499268 0.501961 0.501961 0.501961 #0.501961
v -0.750488 0.318359 0.002686 0.501961 0.501961 0.501961 #0.501961
v 0.000000 0.104492 0.002686 0.501961 0.501961 0.501961 #0.501961
v -0.750488 0.318359 0.002686 0.501961 0.501961 0.501961 #0.501961
v -0.723145 0.611816 0.911377 0.501961 0.501961 0.501961 #0.501961
v -0.997803 0.701660 0.002686 0.501961 0.501961 0.501961 #0.501961
v 0.000000 0.928223 1.805420 0.501961 0.501961 0.501961 #0.501961
v -0.563965 2.233154 0.880859 0.501961 0.501961 0.501961 #0.501961
v -0.372803 0.807617 1.648193 0.501961 0.501961 0.501961 #0.501961
v 0.000000 0.295654 0.750244 0.501961 0.501961 0.501961 #0.501961
v 0.000000 0.362549 1.449463 0.501961 0.501961 0.501961 #0.501961
v -0.609863 0.431641 0.499268 0.501961 0.501961 0.501961 #0.501961
v -0.697754 2.283203 0.002686 0.501961 0.501961 0.501961 #0.501961
v -0.115234 2.553711 0.193848 0.501961 0.501961 0.501961 #0.501961
v 0.000000 2.614746 0.002686 0.501961 0.501961 0.501961 #0.501961
v 0.000000 0.295654 0.750244 0.501961 0.501961 0.501961 #0.501961
v -0.609863 0.431641 0.499268 0.501961 0.501961 0.501961 #0.501961
v 0.000000 0.104492 0.002686 0.501961 0.501961 0.501961 #0.501961
v -0.984131 1.771729 0.002686 0.501961 0.501961 0.501961 #0.501961
v -0.951660 1.783203 0.479980 0.501961 0.501961 0.501961 #0.501961
v -0.697754 2.283203 0.002686 0.501961 0.501961 0.501961 #0.501961
v -0.723145 0.611816 0.911377 0.501961 0.501961 0.501961 #0.501961
v -0.463623 0.665039 1.565918 0.501961 0.501961 0.501961 #0.501961
v -0.784180 1.022461 1.289551 0.501961 0.501961 0.501961 #0.501961
v -0.563965 2.233154 0.880859 0.501961 0.501961 0.501961 #0.501961
v 0.000000 2.514160 0.482178 0.501961 0.501961 0.501961 #0.501961
v -0.115234 2.553711 0.193848 0.501961 0.501961 0.501961 #0.501961
v -1.116699 1.260254 0.002686 0.501961 0.501961 0.501961 #0.501961
v -0.951660 1.783203 0.479980 0.501961 0.501961 0.501961 #0.501961
v -0.984131 1.771729 0.002686 0.501961 0.501961 0.501961 #0.501961
v 0.000000 2.111572 1.342041 0.501961 0.501961 0.501961 #0.501961
v -0.563965 2.233154 0.880859 0.501961 0.501961 0.501961 #0.501961
v 0.000000 1.760986 1.638428 0.501961 0.501961 0.501961 #0.501961
v -0.784180 1.022461 1.289551 0.501961 0.501961 0.501961 #0.501961
v -0.951660 1.783203 0.479980 0.501961 0.501961 0.501961 #0.501961
v -1.049072 1.277344 0.725342 0.501961 0.501961 0.501961 #0.501961
v -0.372803 0.516357 1.407959 0.501961 0.501961 0.501961 #0.501961
v -0.463623 0.665039 1.565918 0.501961 0.501961 0.501961 #0.501961
v -0.723145 0.611816 0.911377 0.501961 0.501961 0.501961 #0.501961
v 0.000000 2.111572 1.342041 0.501961 0.501961 0.501961 #0.501961
v 0.000000 2.514160 0.482178 0.501961 0.501961 0.501961 #0.501961
v -0.563965 2.233154 0.880859 0.501961 0.501961 0.501961 #0.501961
v -0.563965 2.233154 0.880859 0.501961 0.501961 0.501961 #0.501961
v -0.115234 2.553711 0.193848 0.501961 0.501961 0.501961 #0.501961
v -0.697754 2.283203 0.002686 0.501961 0.501961 0.501961 #0.501961
v 0.000000 2.614746 0.002686 0.501961 0.501961 0.501961 #0.501961
v -0.115234 2.553711 0.193848 0.501961 0.501961 0.501961 #0.501961
v 0.000000 2.497070 0.717773 0.501961 0.501961 0.501961 #0.501961
v -0.463623 0.665039 1.565918 0.501961 0.501961 0.501961 #0.501961
v 0.000000 0.603271 1.824463 0.501961 0.501961 0.501961 #0.501961
v -0.372803 0.807617 1.648193 0.501961 0.501961 0.501961 #0.501961
v -0.609863 0.431641 0.499268 0.501961 0.501961 0.501961 #0.501961
v -0.723145 0.611816 0.911377 0.501961 0.501961 0.501961 #0.501961
v -0.750488 0.318359 0.002686 0.501961 0.501961 0.501961 #0.501961
v -0.997803 0.701660 0.002686 0.501961 0.501961 0.501961 #0.501961
v -1.013184 1.048096 0.585205 0.501961 0.501961 0.501961 #0.501961
v -1.090088 0.980957 0.002686 0.501961 0.501961 0.501961 #0.501961
v 0.000000 0.474121 1.911377 0.501961 0.501961 0.501961 #0.501961
v -0.372803 0.516357 1.407959 0.501961 0.501961 0.501961 #0.501961
v 0.000000 0.362549 1.449463 0.501961 0.501961 0.501961 #0.501961
v 0.000000 0.474121 1.911377 0.501961 0.501961 0.501961 #0.501961
v 0.000000 0.544434 1.783936 0.501961 0.501961 0.501961 #0.501961
v -0.372803 0.516357 1.407959 0.501961 0.501961 0.501961 #0.501961
v 0.000000 0.632324 1.988770 0.501961 0.501961 0.501961 #0.501961
v 0.000000 0.928223 1.805420 0.501961 0.501961 0.501961 #0.501961
v -0.372803 0.807617 1.648193 0.501961 0.501961 0.501961 #0.501961
v -0.609863 0.431641 0.499268 0.501961 0.501961 0.501961 #0.501961
v -0.372803 0.516357 1.407959 0.501961 0.501961 0.501961 #0.501961
v -0.723145 0.611816 0.911377 0.501961 0.501961 0.501961 #0.501961
v -0.784180 1.022461 1.289551 0.501961 0.501961 0.501961 #0.501961
v -0.463623 0.665039 1.565918 0.501961 0.501961 0.501961 #0.501961
v -0.372803 0.807617 1.648193 0.501961 0.501961 0.501961 #0.501961
v -0.784180 1.022461 1.289551 0.501961 0.501961 0.501961 #0.501961
v -0.372803 0.807617 1.648193 0.501961 0.501961 0.501961 #0.501961
v -0.563965 2.233154 0.880859 0.501961 0.501961 0.501961 #0.501961
v 0.000000 1.815430 1.462158 0.501961 0.501961 0.501961 #0.501961
v -0.563965 2.233154 0.880859 0.501961 0.501961 0.501961 #0.501961
v 0.000000 0.928223 1.805420 0.501961 0.501961 0.501961 #0.501961
v -0.784180 1.022461 1.289551 0.501961 0.501961 0.501961 #0.501961
v -1.013184 1.048096 0.585205 0.501961 0.501961 0.501961 #0.501961
v -0.723145 0.611816 0.911377 0.501961 0.501961 0.501961 #0.501961
v -1.116699 1.260254 0.002686 0.501961 0.501961 0.501961 #0.501961
v -1.049072 1.277344 0.725342 0.501961 0.501961 0.501961 #0.501961
v -0.951660 1.783203 0.479980 0.501961 0.501961 0.501961 #0.501961
v -1.116699 1.260254 0.002686 0.501961 0.501961 0.501961 #0.501961
v -1.013184 1.048096 0.585205 0.501961 0.501961 0.501961 #0.501961
v -1.049072 1.277344 0.725342 0.501961 0.501961 0.501961 #0.501961
v -1.116699 1.260254 0.002686 0.501961 0.501961 0.501961 #0.501961
v -1.090088 0.980957 0.002686 0.501961 0.501961 0.501961 #0.501961
v -1.013184 1.048096 0.585205 0.501961 0.501961 0.501961 #0.501961
v -0.563965 2.233154 0.880859 0.501961 0.501961 0.501961 #0.501961
v -0.697754 2.283203 0.002686 0.501961 0.501961 0.501961 #0.501961
v -0.951660 1.783203 0.479980 0.501961 0.501961 0.501961 #0.501961
v -0.723145 0.611816 0.911377 0.501961 0.501961 0.501961 #0.501961
v -1.013184 1.048096 0.585205 0.501961 0.501961 0.501961 #0.501961
v -0.997803 0.701660 0.002686 0.501961 0.501961 0.501961 #0.501961
v -1.049072 1.277344 0.725342 0.501961 0.501961 0.501961 #0.501961
v -1.013184 1.048096 0.585205 0.501961 0.501961 0.501961 #0.501961
v -0.784180 1.022461 1.289551 0.501961 0.501961 0.501961 #0.501961
v -0.563965 2.233154 0.880859 0.501961 0.501961 0.501961 #0.501961
v -0.951660 1.783203 0.479980 0.501961 0.501961 0.501961 #0.501961
v -0.784180 1.022461 1.289551 0.501961 0.501961 0.501961 #0.501961
v 0.000000 0.546387 2.031982 0.501961 0.501961 0.501961 #0.501961
v 0.372803 0.516357 1.407959 0.501961 0.501961 0.501961 #0.501961
v 0.463623 0.665039 1.565918 0.501961 0.501961 0.501961 #0.501961
v 0.000000 0.104492 0.002686 0.501961 0.501961 0.501961 #0.501961
v 0.750488 0.318359 0.002686 0.501961 0.501961 0.501961 #0.501961
v 0.609863 0.431641 0.499268 0.501961 0.501961 0.501961 #0.501961
v 0.997803 0.701660 0.002686 0.501961 0.501961 0.501961 #0.501961
v 0.723145 0.611816 0.911377 0.501961 0.501961 0.501961 #0.501961
v 0.750488 0.318359 0.002686 0.501961 0.501961 0.501961 #0.501961
v 0.372803 0.807617 1.648193 0.501961 0.501961 0.501961 #0.501961
v 0.563965 2.233154 0.880859 0.501961 0.501961 0.501961 #0.501961
v 0.000000 0.928223 1.805420 0.501961 0.501961 0.501961 #0.501961
v 0.609863 0.431641 0.499268 0.501961 0.501961 0.501961 #0.501961
v 0.000000 0.362549 1.449463 0.501961 0.501961 0.501961 #0.501961
v 0.000000 0.295654 0.750244 0.501961 0.501961 0.501961 #0.501961
v 0.000000 2.614746 0.002686 0.501961 0.501961 0.501961 #0.501961
v 0.115234 2.553711 0.193848 0.501961 0.501961 0.501961 #0.501961
v 0.697754 2.283203 0.002686 0.501961 0.501961 0.501961 #0.501961
v 0.000000 0.104492 0.002686 0.501961 0.501961 0.501961 #0.501961
v 0.609863 0.431641 0.499268 0.501961 0.501961 0.501961 #0.501961
v 0.000000 0.295654 0.750244 0.501961 0.501961 0.501961 #0.501961
v 0.697754 2.283203 0.002686 0.501961 0.501961 0.501961 #0.501961
v 0.951660 1.783203 0.479980 0.501961 0.501961 0.501961 #0.501961
v 0.984131 1.771729 0.002686 0.501961 0.501961 0.501961 #0.501961
v 0.784180 1.022461 1.289551 0.501961 0.501961 0.501961 #0.501961
v 0.463623 0.665039 1.565918 0.501961 0.501961 0.501961 #0.501961
v 0.723145 0.611816 0.911377 0.501961 0.501961 0.501961 #0.501961
v 0.115234 2.553711 0.193848 0.501961 0.501961 0.501961 #0.501961
v 0.000000 2.514160 0.482178 0.501961 0.501961 0.501961 #0.501961
v 0.563965 2.233154 0.880859 0.501961 0.501961 0.501961 #0.501961
v 0.984131 1.771729 0.002686 0.501961 0.501961 0.501961 #0.501961
v 0.951660 1.783203 0.479980 0.501961 0.501961 0.501961 #0.501961
v 1.116699 1.260254 0.002686 0.501961 0.501961 0.501961 #0.501961
v 0.000000 1.760986 1.638428 0.501961 0.501961 0.501961 #0.501961
v 0.563965 2.233154 0.880859 0.501961 0.501961 0.501961 #0.501961
v 0.000000 2.111572 1.342041 0.501961 0.501961 0.501961 #0.501961
v 1.049072 1.277344 0.725342 0.501961 0.501961 0.501961 #0.501961
v 0.951660 1.783203 0.479980 0.501961 0.501961 0.501961 #0.501961
v 0.784180 1.022461 1.289551 0.501961 0.501961 0.501961 #0.501961
v 0.723145 0.611816 0.911377 0.501961 0.501961 0.501961 #0.501961
v 0.463623 0.665039 1.565918 0.501961 0.501961 0.501961 #0.501961
v 0.372803 0.516357 1.407959 0.501961 0.501961 0.501961 #0.501961
v 0.563965 2.233154 0.880859 0.501961 0.501961 0.501961 #0.501961
v 0.000000 2.514160 0.482178 0.501961 0.501961 0.501961 #0.501961
v 0.000000 2.111572 1.342041 0.501961 0.501961 0.501961 #0.501961
v 0.697754 2.283203 0.002686 0.501961 0.501961 0.501961 #0.501961
v 0.115234 2.553711 0.193848 0.501961 0.501961 0.501961 #0.501961
v 0.563965 2.233154 0.880859 0.501961 0.501961 0.501961 #0.501961
v 0.000000 2.497070 0.717773 0.501961 0.501961 0.501961 #0.501961
v 0.115234 2.553711 0.193848 0.501961 0.501961 0.501961 #0.501961
v 0.000000 2.614746 0.002686 0.501961 0.501961 0.501961 #0.501961
v 0.372803 0.807617 1.648193 0.501961 0.501961 0.501961 #0.501961
v 0.000000 0.603271 1.824463 0.501961 0.501961 0.501961 #0.501961
v 0.463623 0.665039 1.565918 0.501961 0.501961 0.501961 #0.501961
v 0.750488 0.318359 0.002686 0.501961 0.501961 0.501961 #0.501961
v 0.723145 0.611816 0.911377 0.501961 0.501961 0.501961 #0.501961
v 0.609863 0.431641 0.499268 0.501961 0.501961 0.501961 #0.501961
v 1.090088 0.980957 0.002686 0.501961 0.501961 0.501961 #0.501961
v 1.013184 1.048096 0.585205 0.501961 0.501961 0.501961 #0.501961
v 0.997803 0.701660 0.002686 0.501961 0.501961 0.501961 #0.501961
v 0.000000 0.362549 1.449463 0.501961 0.501961 0.501961 #0.501961
v 0.372803 0.516357 1.407959 0.501961 0.501961 0.501961 #0.501961
v 0.000000 0.474121 1.911377 0.501961 0.501961 0.501961 #0.501961
v 0.372803 0.516357 1.407959 0.501961 0.501961 0.501961 #0.501961
v 0.000000 0.544434 1.783936 0.501961 0.501961 0.501961 #0.501961
v 0.000000 0.474121 1.911377 0.501961 0.501961 0.501961 #0.501961
v 0.372803 0.807617 1.648193 0.501961 0.501961 0.501961 #0.501961
v 0.000000 0.928223 1.805420 0.501961 0.501961 0.501961 #0.501961
v 0.000000 0.632324 1.988770 0.501961 0.501961 0.501961 #0.501961
v 0.723145 0.611816 0.911377 0.501961 0.501961 0.501961 #0.501961
v 0.000000 0.362549 1.449463 0.501961 0.501961 0.501961 #0.501961
v 0.609863 0.431641 0.499268 0.501961 0.501961 0.501961 #0.501961
v 0.372803 0.807617 1.648193 0.501961 0.501961 0.501961 #0.501961
v 0.463623 0.665039 1.565918 0.501961 0.501961 0.501961 #0.501961
v 0.784180 1.022461 1.289551 0.501961 0.501961 0.501961 #0.501961
v 0.563965 2.233154 0.880859 0.501961 0.501961 0.501961 #0.501961
v 0.372803 0.807617 1.648193 0.501961 0.501961 0.501961 #0.501961
v 0.784180 1.022461 1.289551 0.501961 0.501961 0.501961 #0.501961
v 0.000000 0.928223 1.805420 0.501961 0.501961 0.501961 #0.501961
v 0.563965 2.233154 0.880859 0.501961 0.501961 0.501961 #0.501961
v 0.000000 1.815430 1.462158 0.501961 0.501961 0.501961 #0.501961
v 0.723145 0.611816 0.911377 0.501961 0.501961 0.501961 #0.501961
v 1.013184 1.048096 0.585205 0.501961 0.501961 0.501961 #0.501961
v 0.784180 1.022461 1.289551 0.501961 0.501961 0.501961 #0.501961
v 0.951660 1.783203 0.479980 0.501961 0.501961 0.501961 #0.501961
v 1.049072 1.277344 0.725342 0.501961 0.501961 0.501961 #0.501961
v 1.116699 1.260254 0.002686 0.501961 0.501961 0.501961 #0.501961
v 1.049072 1.277344 0.725342 0.501961 0.501961 0.501961 #0.501961
v 1.013184 1.048096 0.585205 0.501961 0.501961 0.501961 #0.501961
v 1.116699 1.260254 0.002686 0.501961 0.501961 0.501961 #0.501961
v 1.013184 1.048096 0.585205 0.501961 0.501961 0.501961 #0.501961
v 1.090088 0.980957 0.002686 0.501961 0.501961 0.501961 #0.501961
v 1.116699 1.260254 0.002686 0.501961 0.501961 0.501961 #0.501961
v 0.951660 1.783203 0.479980 0.501961 0.501961 0.501961 #0.501961
v 0.697754 2.283203 0.002686 0.501961 0.501961 0.501961 #0.501961
v 0.563965 2.233154 0.880859 0.501961 0.501961 0.501961 #0.501961
v 0.997803 0.701660 0.002686 0.501961 0.501961 0.501961 #0.501961
v 1.013184 1.048096 0.585205 0.501961 0.501961 0.501961 #0.501961
v 0.723145 0.611816 0.911377 0.501961 0.501961 0.501961 #0.501961
v 0.784180 1.022461 1.289551 0.501961 0.501961 0.501961 #0.501961
v 1.013184 1.048096 0.585205 0.501961 0.501961 0.501961 #0.501961
v 1.049072 1.277344 0.725342 0.501961 0.501961 0.501961 #0.501961
v 0.784180 1.022461 1.289551 0.501961 0.501961 0.501961 #0.501961
v 0.951660 1.783203 0.479980 0.501961 0.501961 0.501961 #0.501961
v 0.563965 2.233154 0.880859 0.501961 0.501961 0.501961 #0.501961
v 0.000000 0.362549 1.449463 0.501961 0.501961 0.501961 #0.501961
v -0.372803 0.516357 1.407959 0.501961 0.501961 0.501961 #0.501961
v -0.609863 0.431641 0.499268 0.501961 0.501961 0.501961 #0.501961
v 0.372803 0.516357 1.407959 0.501961 0.501961 0.501961 #0.501961
v 0.000000 0.362549 1.449463 0.501961 0.501961 0.501961 #0.501961
v 0.723145 0.611816 0.911377 0.501961 0.501961 0.501961 #0.501961
v 0.000000 0.546387 2.031982 0.501961 0.501961 0.501961 #0.501961
v -0.372803 0.516357 1.407959 0.501961 0.501961 0.501961 #0.501961
v 0.000000 0.544434 1.783936 0.501961 0.501961 0.501961 #0.501961
v 0.000000 0.632324 1.988770 0.501961 0.501961 0.501961 #0.501961
v -0.372803 0.807617 1.648193 0.501961 0.501961 0.501961 #0.501961
v 0.000000 0.603271 1.824463 0.501961 0.501961 0.501961 #0.501961
v 0.000000 2.497070 0.717773 0.501961 0.501961 0.501961 #0.501961
v -0.115234 2.553711 0.193848 0.501961 0.501961 0.501961 #0.501961
v 0.000000 2.514160 0.482178 0.501961 0.501961 0.501961 #0.501961
v 0.000000 1.760986 1.638428 0.501961 0.501961 0.501961 #0.501961
v -0.563965 2.233154 0.880859 0.501961 0.501961 0.501961 #0.501961
v 0.000000 1.815430 1.462158 0.501961 0.501961 0.501961 #0.501961
v 0.000000 0.544434 1.783936 0.501961 0.501961 0.501961 #0.501961
v 0.372803 0.516357 1.407959 0.501961 0.501961 0.501961 #0.501961
v 0.000000 0.546387 2.031982 0.501961 0.501961 0.501961 #0.501961
v 0.000000 0.603271 1.824463 0.501961 0.501961 0.501961 #0.501961
v 0.372803 0.807617 1.648193 0.501961 0.501961 0.501961 #0.501961
v 0.000000 0.632324 1.988770 0.501961 0.501961 0.501961 #0.501961
v 0.000000 2.514160 0.482178 0.501961 0.501961 0.501961 #0.501961
v 0.115234 2.553711 0.193848 0.501961 0.501961 0.501961 #0.501961
v 0.000000 2.497070 0.717773 0.501961 0.501961 0.501961 #0.501961
v 0.000000 1.815430 1.462158 0.501961 0.501961 0.501961 #0.501961
v 0.563965 2.233154 0.880859 0.501961 0.501961 0.501961 #0.501961
v 0.000000 1.760986 1.638428 0.501961 0.501961 0.501961 #0.501961
v 0.000000 0.814697 -1.626221 0.501961 0.501961 0.501961 #0.501961
v -0.685547 0.824951 -1.327393 0.501961 0.501961 0.501961 #0.501961
v 0.000000 1.461426 -1.600830 0.501961 0.501961 0.501961 #0.501961
v -0.685547 0.824951 -1.327393 0.501961 0.501961 0.501961 #0.501961
v -0.634033 1.684082 -1.207031 0.501961 0.501961 0.501961 #0.501961
v 0.000000 1.461426 -1.600830 0.501961 0.501961 0.501961 #0.501961
v 0.000000 1.461426 -1.600830 0.501961 0.501961 0.501961 #0.501961
v 0.685547 0.824951 -1.327393 0.501961 0.501961 0.501961 #0.501961
v 0.000000 0.814697 -1.626221 0.501961 0.501961 0.501961 #0.501961
v 0.000000 1.461426 -1.600830 0.501961 0.501961 0.501961 #0.501961
v 0.634033 1.684082 -1.207031 0.501961 0.501961 0.501961 #0.501961
v 0.685547 0.824951 -1.327393 0.501961 0.501961 0.501961 #0.501961
v 0.000000 0.603271 1.824463 0.501961 0.501961 0.501961 #0.501961
v -0.463623 0.665039 1.565918 0.501961 0.501961 0.501961 #0.501961
v 0.000000 0.546387 2.031982 0.501961 0.501961 0.501961 #0.501961
v 0.000000 0.546387 2.031982 0.501961 0.501961 0.501961 #0.501961
v 0.463623 0.665039 1.565918 0.501961 0.501961 0.501961 #0.501961
v 0.000000 0.603271 1.824463 0.501961 0.501961 0.501961 #0.501961
v -0.357178 0.530029 -1.671875 0.501961 0.501961 0.501961 #0.501961
v -0.223145 0.563721 -1.703369 0.501961 0.501961 0.501961 #0.501961
v -0.407227 0.480469 -1.623535 0.501961 0.501961 0.501961 #0.501961
v 0.000000 0.195312 -1.246582 0.501961 0.501961 0.501961 #0.501961
v -0.261475 0.193848 -1.361084 0.501961 0.501961 0.501961 #0.501961
v 0.000000 0.184326 -1.356201 0.501961 0.501961 0.501961 #0.501961
v -0.261475 0.193848 -1.361084 0.501961 0.501961 0.501961 #0.501961
v -0.450439 0.360596 -1.466309 0.501961 0.501961 0.501961 #0.501961
v -0.408203 0.289551 -1.457520 0.501961 0.501961 0.501961 #0.501961
v 0.000000 0.592285 -1.731934 0.501961 0.501961 0.501961 #0.501961
v -0.407227 0.480469 -1.623535 0.501961 0.501961 0.501961 #0.501961
v -0.223145 0.563721 -1.703369 0.501961 0.501961 0.501961 #0.501961
v -0.407227 0.480469 -1.623535 0.501961 0.501961 0.501961 #0.501961
v -0.408203 0.289551 -1.457520 0.501961 0.501961 0.501961 #0.501961
v -0.450439 0.360596 -1.466309 0.501961 0.501961 0.501961 #0.501961
v 0.407227 0.480469 -1.623535 0.501961 0.501961 0.501961 #0.501961
v 0.223145 0.563721 -1.703369 0.501961 0.501961 0.501961 #0.501961
v 0.357178 0.530029 -1.671875 0.501961 0.501961 0.501961 #0.501961
v 0.450439 0.360596 -1.466309 0.501961 0.501961 0.501961 #0.501961
v 0.342773 0.236084 -1.214600 0.501961 0.501961 0.501961 #0.501961
v 0.408203 0.289551 -1.457520 0.501961 0.501961 0.501961 #0.501961
v 0.408203 0.289551 -1.457520 0.501961 0.501961 0.501961 #0.501961
v 0.342773 0.236084 -1.214600 0.501961 0.501961 0.501961 #0.501961
v 0.261475 0.193848 -1.361084 0.501961 0.501961 0.501961 #0.501961
v 0.223145 0.563721 -1.703369 0.501961 0.501961 0.501961 #0.501961
v 0.407227 0.480469 -1.623535 0.501961 0.501961 0.501961 #0.501961
v 0.000000 0.592285 -1.731934 0.501961 0.501961 0.501961 #0.501961
v 0.450439 0.360596 -1.466309 0.501961 0.501961 0.501961 #0.501961
v 0.408203 0.289551 -1.457520 0.501961 0.501961 0.501961 #0.501961
v 0.407227 0.480469 -1.623535 0.501961 0.501961 0.501961 #0.501961
v -0.408203 0.289551 -1.457520 0.501961 0.501961 0.501961 #0.501961
v -0.407227 0.480469 -1.623535 0.501961 0.501961 0.501961 #0.501961
v -0.261475 0.193848 -1.361084 0.501961 0.501961 0.501961 #0.501961
v 0.000000 0.184326 -1.356201 0.501961 0.501961 0.501961 #0.501961
v -0.261475 0.193848 -1.361084 0.501961 0.501961 0.501961 #0.501961
v 0.000000 0.592285 -1.731934 0.501961 0.501961 0.501961 #0.501961
v -0.407227 0.480469 -1.623535 0.501961 0.501961 0.501961 #0.501961
v 0.000000 0.592285 -1.731934 0.501961 0.501961 0.501961 #0.501961
v -0.261475 0.193848 -1.361084 0.501961 0.501961 0.501961 #0.501961
v 0.000000 0.184326 -1.356201 0.501961 0.501961 0.501961 #0.501961
v 0.000000 0.592285 -1.731934 0.501961 0.501961 0.501961 #0.501961
v 0.261475 0.193848 -1.361084 0.501961 0.501961 0.501961 #0.501961
v 0.408203 0.289551 -1.457520 0.501961 0.501961 0.501961 #0.501961
v 0.261475 0.193848 -1.361084 0.501961 0.501961 0.501961 #0.501961
v 0.407227 0.480469 -1.623535 0.501961 0.501961 0.501961 #0.501961
v 0.261475 0.193848 -1.361084 0.501961 0.501961 0.501961 #0.501961
v 0.000000 0.592285 -1.731934 0.501961 0.501961 0.501961 #0.501961
v 0.407227 0.480469 -1.623535 0.501961 0.501961 0.501961 #0.501961
v -0.342773 0.236084 -1.214600 0.501961 0.501961 0.501961 #0.501961
v -0.261475 0.193848 -1.361084 0.501961 0.501961 0.501961 #0.501961
v 0.000000 0.195312 -1.246582 0.501961 0.501961 0.501961 #0.501961
v -0.342773 0.236084 -1.214600 0.501961 0.501961 0.501961 #0.501961
v -0.450439 0.360596 -1.466309 0.501961 0.501961 0.501961 #0.501961
v -0.261475 0.193848 -1.361084 0.501961 0.501961 0.501961 #0.501961
v 0.000000 0.184326 -1.356201 0.501961 0.501961 0.501961 #0.501961
v 0.261475 0.193848 -1.361084 0.501961 0.501961 0.501961 #0.501961
v 0.000000 0.195312 -1.246582 0.501961 0.501961 0.501961 #0.501961
v 0.342773 0.236084 -1.214600 0.501961 0.501961 0.501961 #0.501961
v 0.000000 0.195312 -1.246582 0.501961 0.501961 0.501961 #0.501961
v 0.261475 0.193848 -1.361084 0.501961 0.501961 0.501961 #0.501961
v -0.603027 0.014160 -0.372070 0.501961 0.501961 0.501961 #0.501961
v -0.603027 -0.048340 -0.427002 0.501961 0.501961 0.501961 #0.501961
v -0.515381 -0.005127 -0.372559 0.501961 0.501961 0.501961 #0.501961
v -0.457764 0.553955 -0.775879 0.501961 0.501961 0.501961 #0.501961
v -0.515381 -0.005127 -0.372559 0.501961 0.501961 0.501961 #0.501961
v -0.603027 -0.048340 -0.427002 0.501961 0.501961 0.501961 #0.501961
v -0.219971 0.670166 -0.650635 0.501961 0.501961 0.501961 #0.501961
v -0.515381 -0.005127 -0.372559 0.501961 0.501961 0.501961 #0.501961
v -0.457764 0.553955 -0.775879 0.501961 0.501961 0.501961 #0.501961
v -0.603027 0.014160 -0.372070 0.501961 0.501961 0.501961 #0.501961
v -0.515381 -0.005127 -0.372559 0.501961 0.501961 0.501961 #0.501961
v -0.548828 0.063965 -0.319824 0.501961 0.501961 0.501961 #0.501961
v -0.219971 0.670166 -0.650635 0.501961 0.501961 0.501961 #0.501961
v -0.548828 0.063965 -0.319824 0.501961 0.501961 0.501961 #0.501961
v -0.515381 -0.005127 -0.372559 0.501961 0.501961 0.501961 #0.501961
v -0.310791 0.836182 -0.450684 0.501961 0.501961 0.501961 #0.501961
v -0.548828 0.063965 -0.319824 0.501961 0.501961 0.501961 #0.501961
v -0.219971 0.670166 -0.650635 0.501961 0.501961 0.501961 #0.501961
v -0.603027 0.014160 -0.372070 0.501961 0.501961 0.501961 #0.501961
v -0.548828 0.063965 -0.319824 0.501961 0.501961 0.501961 #0.501961
v -0.657227 0.061768 -0.344727 0.501961 0.501961 0.501961 #0.501961
v -0.310791 0.836182 -0.450684 0.501961 0.501961 0.501961 #0.501961
v -0.657227 0.061768 -0.344727 0.501961 0.501961 0.501961 #0.501961
v -0.548828 0.063965 -0.319824 0.501961 0.501961 0.501961 #0.501961
v -0.604492 0.810547 -0.445801 0.501961 0.501961 0.501961 #0.501961
v -0.657227 0.061768 -0.344727 0.501961 0.501961 0.501961 #0.501961
v -0.310791 0.836182 -0.450684 0.501961 0.501961 0.501961 #0.501961
v -0.603027 0.014160 -0.372070 0.501961 0.501961 0.501961 #0.501961
v -0.657227 0.061768 -0.344727 0.501961 0.501961 0.501961 #0.501961
v -0.690674 -0.004150 -0.406982 0.501961 0.501961 0.501961 #0.501961
v -0.604492 0.810547 -0.445801 0.501961 0.501961 0.501961 #0.501961
v -0.690674 -0.004150 -0.406982 0.501961 0.501961 0.501961 #0.501961
v -0.657227 0.061768 -0.344727 0.501961 0.501961 0.501961 #0.501961
v -0.695312 0.676025 -0.660889 0.501961 0.501961 0.501961 #0.501961
v -0.690674 -0.004150 -0.406982 0.501961 0.501961 0.501961 #0.501961
v -0.604492 0.810547 -0.445801 0.501961 0.501961 0.501961 #0.501961
v -0.603027 0.014160 -0.372070 0.501961 0.501961 0.501961 #0.501961
v -0.690674 -0.004150 -0.406982 0.501961 0.501961 0.501961 #0.501961
v -0.603027 -0.048340 -0.427002 0.501961 0.501961 0.501961 #0.501961
v -0.695312 0.676025 -0.660889 0.501961 0.501961 0.501961 #0.501961
v -0.603027 -0.048340 -0.427002 0.501961 0.501961 0.501961 #0.501961
v -0.690674 -0.004150 -0.406982 0.501961 0.501961 0.501961 #0.501961
v -0.457764 0.553955 -0.775879 0.501961 0.501961 0.501961 #0.501961
v -0.603027 -0.048340 -0.427002 0.501961 0.501961 0.501961 #0.501961
v -0.695312 0.676025 -0.660889 0.501961 0.501961 0.501961 #0.501961
v 0.515381 -0.005127 -0.372559 0.501961 0.501961 0.501961 #0.501961
v 0.603027 -0.048340 -0.427002 0.501961 0.501961 0.501961 #0.501961
v 0.603027 0.014160 -0.372070 0.501961 0.501961 0.501961 #0.501961
v 0.603027 -0.048340 -0.427002 0.501961 0.501961 0.501961 #0.501961
v 0.219971 0.670166 -0.650635 0.501961 0.501961 0.501961 #0.501961
v 0.457764 0.553955 -0.775879 0.501961 0.501961 0.501961 #0.501961
v 0.515381 -0.005127 -0.372559 0.501961 0.501961 0.501961 #0.501961
v 0.219971 0.670166 -0.650635 0.501961 0.501961 0.501961 #0.501961
v 0.603027 -0.048340 -0.427002 0.501961 0.501961 0.501961 #0.501961
v 0.548828 0.063965 -0.319824 0.501961 0.501961 0.501961 #0.501961
v 0.515381 -0.005127 -0.372559 0.501961 0.501961 0.501961 #0.501961
v 0.603027 0.014160 -0.372070 0.501961 0.501961 0.501961 #0.501961
v 0.515381 -0.005127 -0.372559 0.501961 0.501961 0.501961 #0.501961
v 0.310791 0.836182 -0.450684 0.501961 0.501961 0.501961 #0.501961
v 0.219971 0.670166 -0.650635 0.501961 0.501961 0.501961 #0.501961
v 0.548828 0.063965 -0.319824 0.501961 0.501961 0.501961 #0.501961
v 0.310791 0.836182 -0.450684 0.501961 0.501961 0.501961 #0.501961
v 0.515381 -0.005127 -0.372559 0.501961 0.501961 0.501961 #0.501961
v 0.657227 0.061768 -0.344727 0.501961 0.501961 0.501961 #0.501961
v 0.548828 0.063965 -0.319824 0.501961 0.501961 0.501961 #0.501961
v 0.603027 0.014160 -0.372070 0.501961 0.501961 0.501961 #0.501961
v 0.548828 0.063965 -0.319824 0.501961 0.501961 0.501961 #0.501961
v 0.604492 0.810547 -0.445801 0.501961 0.501961 0.501961 #0.501961
v 0.310791 0.836182 -0.450684 0.501961 0.501961 0.501961 #0.501961
v 0.657227 0.061768 -0.344727 0.501961 0.501961 0.501961 #0.501961
v 0.604492 0.810547 -0.445801 0.501961 0.501961 0.501961 #0.501961
v 0.548828 0.063965 -0.319824 0.501961 0.501961 0.501961 #0.501961
v 0.690674 -0.004150 -0.406982 0.501961 0.501961 0.501961 #0.501961
v 0.657227 0.061768 -0.344727 0.501961 0.501961 0.501961 #0.501961
v 0.603027 0.014160 -0.372070 0.501961 0.501961 0.501961 #0.501961
v 0.657227 0.061768 -0.344727 0.501961 0.501961 0.501961 #0.501961
v 0.695312 0.676025 -0.660889 0.501961 0.501961 0.501961 #0.501961
v 0.604492 0.810547 -0.445801 0.501961 0.501961 0.501961 #0.501961
v 0.690674 -0.004150 -0.406982 0.501961 0.501961 0.501961 #0.501961
v 0.695312 0.676025 -0.660889 0.501961 0.501961 0.501961 #0.501961
v 0.657227 0.061768 -0.344727 0.501961 0.501961 0.501961 #0.501961
v 0.603027 -0.048340 -0.427002 0.501961 0.501961 0.501961 #0.501961
v 0.690674 -0.004150 -0.406982 0.501961 0.501961 0.501961 #0.501961
v 0.603027 0.014160 -0.372070 0.501961 0.501961 0.501961 #0.501961
v 0.690674 -0.004150 -0.406982 0.501961 0.501961 0.501961 #0.501961
v 0.457764 0.553955 -0.775879 0.501961 0.501961 0.501961 #0.501961
v 0.695312 0.676025 -0.660889 0.501961 0.501961 0.501961 #0.501961
v 0.603027 -0.048340 -0.427002 0.501961 0.501961 0.501961 #0.501961
v 0.457764 0.553955 -0.775879 0.501961 0.501961 0.501961 #0.501961
v 0.690674 -0.004150 -0.406982 0.501961 0.501961 0.501961 #0.501961
v -0.515381 -0.043213 0.629883 0.501961 0.501961 0.501961 #0.501961
v -0.603027 -0.079102 0.687500 0.501961 0.501961 0.501961 #0.501961
v -0.603027 -0.025635 0.618164 0.501961 0.501961 0.501961 #0.501961
v -0.603027 -0.079102 0.687500 0.501961 0.501961 0.501961 #0.501961
v -0.219971 0.672119 0.805908 0.501961 0.501961 0.501961 #0.501961
v -0.457764 0.573242 0.947021 0.501961 0.501961 0.501961 #0.501961
v -0.515381 -0.043213 0.629883 0.501961 0.501961 0.501961 #0.501961
v -0.219971 0.672119 0.805908 0.501961 0.501961 0.501961 #0.501961
v -0.603027 -0.079102 0.687500 0.501961 0.501961 0.501961 #0.501961
v -0.548828 0.016602 0.557129 0.501961 0.501961 0.501961 #0.501961
v -0.515381 -0.043213 0.629883 0.501961 0.501961 0.501961 #0.501961
v -0.603027 -0.025635 0.618164 0.501961 0.501961 0.501961 #0.501961
v -0.515381 -0.043213 0.629883 0.501961 0.501961 0.501961 #0.501961
v -0.310791 0.825684 0.581543 0.501961 0.501961 0.501961 #0.501961
v -0.219971 0.672119 0.805908 0.501961 0.501961 0.501961 #0.501961
v -0.548828 0.016602 0.557129 0.501961 0.501961 0.501961 #0.501961
v -0.310791 0.825684 0.581543 0.501961 0.501961 0.501961 #0.501961
v -0.515381 -0.043213 0.629883 0.501961 0.501961 0.501961 #0.501961
v -0.657227 0.016602 0.572510 0.501961 0.501961 0.501961 #0.501961
v -0.548828 0.016602 0.557129 0.501961 0.501961 0.501961 #0.501961
v -0.603027 -0.025635 0.618164 0.501961 0.501961 0.501961 #0.501961
v -0.548828 0.016602 0.557129 0.501961 0.501961 0.501961 #0.501961
v -0.604492 0.803711 0.580566 0.501961 0.501961 0.501961 #0.501961
v -0.310791 0.825684 0.581543 0.501961 0.501961 0.501961 #0.501961
v -0.657227 0.016602 0.572510 0.501961 0.501961 0.501961 #0.501961
v -0.604492 0.803711 0.580566 0.501961 0.501961 0.501961 #0.501961
v -0.548828 0.016602 0.557129 0.501961 0.501961 0.501961 #0.501961
v -0.690674 -0.040771 0.650635 0.501961 0.501961 0.501961 #0.501961
v -0.657227 0.016602 0.572510 0.501961 0.501961 0.501961 #0.501961
v -0.603027 -0.025635 0.618164 0.501961 0.501961 0.501961 #0.501961
v -0.657227 0.016602 0.572510 0.501961 0.501961 0.501961 #0.501961
v -0.695312 0.676270 0.812744 0.501961 0.501961 0.501961 #0.501961
v -0.604492 0.803711 0.580566 0.501961 0.501961 0.501961 #0.501961
v -0.690674 -0.040771 0.650635 0.501961 0.501961 0.501961 #0.501961
v -0.695312 0.676270 0.812744 0.501961 0.501961 0.501961 #0.501961
v -0.657227 0.016602 0.572510 0.501961 0.501961 0.501961 #0.501961
v -0.603027 -0.079102 0.687500 0.501961 0.501961 0.501961 #0.501961
v -0.690674 -0.040771 0.650635 0.501961 0.501961 0.501961 #0.501961
v -0.603027 -0.025635 0.618164 0.501961 0.501961 0.501961 #0.501961
v -0.690674 -0.040771 0.650635 0.501961 0.501961 0.501961 #0.501961
v -0.457764 0.573242 0.947021 0.501961 0.501961 0.501961 #0.501961
v -0.695312 0.676270 0.812744 0.501961 0.501961 0.501961 #0.501961
v -0.603027 -0.079102 0.687500 0.501961 0.501961 0.501961 #0.501961
v -0.457764 0.573242 0.947021 0.501961 0.501961 0.501961 #0.501961
v -0.690674 -0.040771 0.650635 0.501961 0.501961 0.501961 #0.501961
v 0.603027 -0.025635 0.618164 0.501961 0.501961 0.501961 #0.501961
v 0.603027 -0.079102 0.687500 0.501961 0.501961 0.501961 #0.501961
v 0.515381 -0.043213 0.629883 0.501961 0.501961 0.501961 #0.501961
v 0.457764 0.573242 0.947021 0.501961 0.501961 0.501961 #0.501961
v 0.515381 -0.043213 0.629883 0.501961 0.501961 0.501961 #0.501961
v 0.603027 -0.079102 0.687500 0.501961 0.501961 0.501961 #0.501961
v 0.219971 0.672119 0.805908 0.501961 0.501961 0.501961 #0.501961
v 0.515381 -0.043213 0.629883 0.501961 0.501961 0.501961 #0.501961
v 0.457764 0.573242 0.947021 0.501961 0.501961 0.501961 #0.501961
v 0.603027 -0.025635 0.618164 0.501961 0.501961 0.501961 #0.501961
v 0.515381 -0.043213 0.629883 0.501961 0.501961 0.501961 #0.501961
v 0.548828 0.016602 0.557129 0.501961 0.501961 0.501961 #0.501961
v 0.219971 0.672119 0.805908 0.501961 0.501961 0.501961 #0.501961
v 0.548828 0.016602 0.557129 0.501961 0.501961 0.501961 #0.501961
v 0.515381 -0.043213 0.629883 0.501961 0.501961 0.501961 #0.501961
v 0.310791 0.825684 0.581543 0.501961 0.501961 0.501961 #0.501961
v 0.548828 0.016602 0.557129 0.501961 0.501961 0.501961 #0.501961
v 0.219971 0.672119 0.805908 0.501961 0.501961 0.501961 #0.501961
v 0.603027 -0.025635 0.618164 0.501961 0.501961 0.501961 #0.501961
v 0.548828 0.016602 0.557129 0.501961 0.501961 0.501961 #0.501961
v 0.657227 0.016602 0.572510 0.501961 0.501961 0.501961 #0.501961
v 0.310791 0.825684 0.581543 0.501961 0.501961 0.501961 #0.501961
v 0.657227 0.016602 0.572510 0.501961 0.501961 0.501961 #0.501961
v 0.548828 0.016602 0.557129 0.501961 0.501961 0.501961 #0.501961
v 0.604492 0.803711 0.580566 0.501961 0.501961 0.501961 #0.501961
v 0.657227 0.016602 0.572510 0.501961 0.501961 0.501961 #0.501961
v 0.310791 0.825684 0.581543 0.501961 0.501961 0.501961 #0.501961
v 0.603027 -0.025635 0.618164 0.501961 0.501961 0.501961 #0.501961
v 0.657227 0.016602 0.572510 0.501961 0.501961 0.501961 #0.501961
v 0.690674 -0.040771 0.650635 0.501961 0.501961 0.501961 #0.501961
v 0.604492 0.803711 0.580566 0.501961 0.501961 0.501961 #0.501961
v 0.690674 -0.040771 0.650635 0.501961 0.501961 0.501961 #0.501961
v 0.657227 0.016602 0.572510 0.501961 0.501961 0.501961 #0.501961
v 0.695312 0.676270 0.812744 0.501961 0.501961 0.501961 #0.501961
v 0.690674 -0.040771 0.650635 0.501961 0.501961 0.501961 #0.501961
v 0.604492 0.803711 0.580566 0.501961 0.501961 0.501961 #0.501961
v 0.603027 -0.025635 0.618164 0.501961 0.501961 0.501961 #0.501961
v 0.690674 -0.040771 0.650635 0.501961 0.501961 0.501961 #0.501961
v 0.603027 -0.079102 0.687500 0.501961 0.501961 0.501961 #0.501961
v 0.695312 0.676270 0.812744 0.501961 0.501961 0.501961 #0.501961
v 0.603027 -0.079102 0.687500 0.501961 0.501961 0.501961 #0.501961
v 0.690674 -0.040771 0.650635 0.501961 0.501961 0.501961 #0.501961
v 0.457764 0.573242 0.947021 0.501961 0.501961 0.501961 #0.501961
v 0.603027 -0.079102 0.687500 0.501961 0.501961 0.501961 #0.501961
v 0.695312 0.676270 0.812744 0.501961 0.501961 0.501961 #0.501961
v 0.866699 1.523682 -0.997559 0.501961 0.501961 0.501961 #0.501961
v 0.738525 1.562500 -1.018311 0.501961 0.501961 0.501961 #0.501961
v 0.847900 1.670410 -1.136230 0.501961 0.501961 0.501961 #0.501961
v -0.738525 1.621094 -1.229004 0.501961 0.501961 0.501961 #0.501961
v -0.866699 1.523682 -0.997559 0.501961 0.501961 0.501961 #0.501961
v -0.847900 1.670410 -1.136230 0.501961 0.501961 0.501961 #0.501961
v -0.847900 1.670410 -1.136230 0.501961 0.501961 0.501961 #0.501961
v -1.238525 1.936279 -0.848389 0.501961 0.501961 0.501961 #0.501961
v -1.014404 1.824219 -1.183350 0.501961 0.501961 0.501961 #0.501961
v -0.866699 1.523682 -0.997559 0.501961 0.501961 0.501961 #0.501961
v -0.979492 1.589355 -0.946777 0.501961 0.501961 0.501961 #0.501961
v -0.847900 1.670410 -1.136230 0.501961 0.501961 0.501961 #0.501961
v -0.847900 1.670410 -1.136230 0.501961 0.501961 0.501961 #0.501961
v -1.014404 1.824219 -1.183350 0.501961 0.501961 0.501961 #0.501961
v -0.738525 1.621094 -1.229004 0.501961 0.501961 0.501961 #0.501961
v -1.238525 1.936279 -0.848389 0.501961 0.501961 0.501961 #0.501961
v -0.847900 1.670410 -1.136230 0.501961 0.501961 0.501961 #0.501961
v -0.979492 1.589355 -0.946777 0.501961 0.501961 0.501961 #0.501961
v 0.847900 1.670410 -1.136230 0.501961 0.501961 0.501961 #0.501961
v 0.738525 1.562500 -1.018311 0.501961 0.501961 0.501961 #0.501961
v 0.738525 1.621094 -1.229004 0.501961 0.501961 0.501961 #0.501961
v 1.014404 1.824219 -1.183350 0.501961 0.501961 0.501961 #0.501961
v 1.238525 1.936279 -0.848389 0.501961 0.501961 0.501961 #0.501961
v 0.847900 1.670410 -1.136230 0.501961 0.501961 0.501961 #0.501961
v 0.847900 1.670410 -1.136230 0.501961 0.501961 0.501961 #0.501961
v 0.979492 1.589355 -0.946777 0.501961 0.501961 0.501961 #0.501961
v 0.866699 1.523682 -0.997559 0.501961 0.501961 0.501961 #0.501961
v 0.738525 1.621094 -1.229004 0.501961 0.501961 0.501961 #0.501961
v 1.014404 1.824219 -1.183350 0.501961 0.501961 0.501961 #0.501961
v 0.847900 1.670410 -1.136230 0.501961 0.501961 0.501961 #0.501961
v 0.979492 1.589355 -0.946777 0.501961 0.501961 0.501961 #0.501961
v 0.847900 1.670410 -1.136230 0.501961 0.501961 0.501961 #0.501961
v 1.238525 1.936279 -0.848389 0.501961 0.501961 0.501961 #0.501961
v -0.738525 1.562500 -1.018311 0.501961 0.501961 0.501961 #0.501961
v -0.866699 1.523682 -0.997559 0.501961 0.501961 0.501961 #0.501961
v -0.738525 1.621094 -1.229004 0.501961 0.501961 0.501961 #0.501961
v -0.738525 1.621094 -1.229004 0.501961 0.501961 0.501961 #0.501961
v -1.014404 1.824219 -1.183350 0.501961 0.501961 0.501961 #0.501961
v -0.738525 1.743652 -1.140381 0.501961 0.501961 0.501961 #0.501961
v -0.738525 1.562500 -1.018311 0.501961 0.501961 0.501961 #0.501961
v -0.979492 1.589355 -0.946777 0.501961 0.501961 0.501961 #0.501961
v -0.866699 1.523682 -0.997559 0.501961 0.501961 0.501961 #0.501961
v -0.738525 1.743652 -1.140381 0.501961 0.501961 0.501961 #0.501961
v -1.238525 1.936279 -0.848389 0.501961 0.501961 0.501961 #0.501961
v -0.738525 1.790283 -0.983398 0.501961 0.501961 0.501961 #0.501961
v 0.979492 1.589355 -0.946777 0.501961 0.501961 0.501961 #0.501961
v 1.238525 1.936279 -0.848389 0.501961 0.501961 0.501961 #0.501961
v 0.866699 1.523682 -0.997559 0.501961 0.501961 0.501961 #0.501961
v 0.738525 1.743652 -1.140381 0.501961 0.501961 0.501961 #0.501961
v 1.014404 1.824219 -1.183350 0.501961 0.501961 0.501961 #0.501961
v 0.738525 1.621094 -1.229004 0.501961 0.501961 0.501961 #0.501961
v 0.866699 1.523682 -0.997559 0.501961 0.501961 0.501961 #0.501961
v 0.738525 1.790283 -0.983398 0.501961 0.501961 0.501961 #0.501961
v 0.738525 1.562500 -1.018311 0.501961 0.501961 0.501961 #0.501961
v 0.738525 1.790283 -0.983398 0.501961 0.501961 0.501961 #0.501961
v 1.014404 1.824219 -1.183350 0.501961 0.501961 0.501961 #0.501961
v 0.738525 1.743652 -1.140381 0.501961 0.501961 0.501961 #0.501961
v 1.238525 1.936279 -0.848389 0.501961 0.501961 0.501961 #0.501961
v 0.738525 1.790283 -0.983398 0.501961 0.501961 0.501961 #0.501961
v 0.866699 1.523682 -0.997559 0.501961 0.501961 0.501961 #0.501961
v -0.738525 1.790283 -0.983398 0.501961 0.501961 0.501961 #0.501961
v -1.238525 1.936279 -0.848389 0.501961 0.501961 0.501961 #0.501961
v -0.738525 1.562500 -1.018311 0.501961 0.501961 0.501961 #0.501961
v -1.238525 1.936279 -0.848389 0.501961 0.501961 0.501961 #0.501961
v -0.979492 1.589355 -0.946777 0.501961 0.501961 0.501961 #0.501961
v -0.738525 1.562500 -1.018311 0.501961 0.501961 0.501961 #0.501961
v -1.014404 1.824219 -1.183350 0.501961 0.501961 0.501961 #0.501961
v -1.238525 1.936279 -0.848389 0.501961 0.501961 0.501961 #0.501961
v -0.738525 1.743652 -1.140381 0.501961 0.501961 0.501961 #0.501961
v 1.238525 1.936279 -0.848389 0.501961 0.501961 0.501961 #0.501961
v 1.014404 1.824219 -1.183350 0.501961 0.501961 0.501961 #0.501961
v 0.738525 1.790283 -0.983398 0.501961 0.501961 0.501961 #0.501961
vt 0.030273 0.329590 0.000000
vt 0.032715 0.352051 0.000000
vt 0.120117 0.329590 0.000000
vt 0.154785 0.524658 0.000000
vt 0.049561 0.433838 0.000000
vt 0.043457 0.433838 0.000000
vt 0.120117 0.451172 0.000000
vt 0.036865 0.386475 0.000000
vt 0.049561 0.433838 0.000000
vt 0.027588 0.312744 0.000000
vt 0.029297 0.322998 0.000000
vt 0.071045 0.289307 0.000000
vt 0.162354 0.110596 0.000000
vt 0.219482 0.103027 0.000000
vt 0.246338 0.049316 0.000000
vt 0.343506 0.535645 0.000000
vt 0.219482 0.535645 0.000000
vt 0.343506 0.582520 0.000000
vt 0.219482 0.535645 0.000000
vt 0.343506 0.535645 0.000000
vt 0.120117 0.451172 0.000000
vt 0.120117 0.329590 0.000000
vt 0.036865 0.386475 0.000000
vt 0.120117 0.451172 0.000000
vt 0.219482 0.103027 0.000000
vt 0.346924 0.119873 0.000000
vt 0.343506 0.030029 0.000000
vt 0.219482 0.103027 0.000000
vt 0.169678 0.186523 0.000000
vt 0.281494 0.215576 0.000000
vt 0.256592 0.257324 0.000000
vt 0.281494 0.215576 0.000000
vt 0.169678 0.186523 0.000000
vt 0.162354 0.110596 0.000000
vt 0.117920 0.164307 0.000000
vt 0.215820 0.114258 0.000000
vt 0.341797 0.121826 0.000000
vt 0.281494 0.215576 0.000000
vt 0.342529 0.225098 0.000000
vt 0.343506 0.451172 0.000000
vt 0.120117 0.451172 0.000000
vt 0.343506 0.535645 0.000000
vt 0.219482 0.103027 0.000000
vt 0.281494 0.215576 0.000000
vt 0.341797 0.121826 0.000000
vt 0.120117 0.451172 0.000000
vt 0.231689 0.389648 0.000000
vt 0.120117 0.329590 0.000000
vt 0.120117 0.329590 0.000000
vt 0.256592 0.257324 0.000000
vt 0.169678 0.186523 0.000000
vt 0.219482 0.103027 0.000000
vt 0.114258 0.183105 0.000000
vt 0.169678 0.186523 0.000000
vt 0.343506 0.030029 0.000000
vt 0.246338 0.049316 0.000000
vt 0.219482 0.103027 0.000000
vt 0.120117 0.329590 0.000000
vt 0.071045 0.289307 0.000000
vt 0.030273 0.329590 0.000000
vt 0.343506 0.451172 0.000000
vt 0.231689 0.389648 0.000000
vt 0.120117 0.451172 0.000000
vt 0.120117 0.451172 0.000000
vt 0.049561 0.433838 0.000000
vt 0.219482 0.535645 0.000000
vt 0.343506 0.582520 0.000000
vt 0.219482 0.535645 0.000000
vt 0.154785 0.524658 0.000000
vt 0.049561 0.433838 0.000000
vt 0.154785 0.524658 0.000000
vt 0.219482 0.535645 0.000000
vt 0.343506 0.328369 0.000000
vt 0.231689 0.389648 0.000000
vt 0.343506 0.389648 0.000000
vt 0.343506 0.328369 0.000000
vt 0.231689 0.328857 0.000000
vt 0.231689 0.389648 0.000000
vt 0.343506 0.328369 0.000000
vt 0.256592 0.257324 0.000000
vt 0.231689 0.328857 0.000000
vt 0.343506 0.328369 0.000000
vt 0.281494 0.215576 0.000000
vt 0.256592 0.257324 0.000000
vt 0.343506 0.328369 0.000000
vt 0.342529 0.225098 0.000000
vt 0.281494 0.215576 0.000000
vt 0.231689 0.328857 0.000000
vt 0.256592 0.257324 0.000000
vt 0.120117 0.329590 0.000000
vt 0.231689 0.328857 0.000000
vt 0.120117 0.329590 0.000000
vt 0.231689 0.389648 0.000000
vt 0.343506 0.389648 0.000000
vt 0.231689 0.389648 0.000000
vt 0.343506 0.451172 0.000000
vt 0.120117 0.329590 0.000000
vt 0.032715 0.352051 0.000000
vt 0.030273 0.329590 0.000000
vt 0.043457 0.433838 0.000000
vt 0.049561 0.433838 0.000000
vt 0.154785 0.524658 0.000000
vt 0.049561 0.433838 0.000000
vt 0.036865 0.386475 0.000000
vt 0.120117 0.451172 0.000000
vt 0.071045 0.289307 0.000000
vt 0.029297 0.322998 0.000000
vt 0.027588 0.312744 0.000000
vt 0.246338 0.049316 0.000000
vt 0.219482 0.103027 0.000000
vt 0.162354 0.110596 0.000000
vt 0.343506 0.582520 0.000000
vt 0.219482 0.535645 0.000000
vt 0.343506 0.535645 0.000000
vt 0.120117 0.451172 0.000000
vt 0.343506 0.535645 0.000000
vt 0.219482 0.535645 0.000000
vt 0.120117 0.451172 0.000000
vt 0.036865 0.386475 0.000000
vt 0.120117 0.329590 0.000000
vt 0.343506 0.030029 0.000000
vt 0.346924 0.119873 0.000000
vt 0.219482 0.103027 0.000000
vt 0.281494 0.215576 0.000000
vt 0.169678 0.186523 0.000000
vt 0.219482 0.103027 0.000000
vt 0.169678 0.186523 0.000000
vt 0.281494 0.215576 0.000000
vt 0.256592 0.257324 0.000000
vt 0.215820 0.114258 0.000000
vt 0.117920 0.164307 0.000000
vt 0.162354 0.110596 0.000000
vt 0.342529 0.225098 0.000000
vt 0.281494 0.215576 0.000000
vt 0.341797 0.121826 0.000000
vt 0.343506 0.535645 0.000000
vt 0.120117 0.451172 0.000000
vt 0.343506 0.451172 0.000000
vt 0.341797 0.121826 0.000000
vt 0.281494 0.215576 0.000000
vt 0.219482 0.103027 0.000000
vt 0.120117 0.329590 0.000000
vt 0.231689 0.389648 0.000000
vt 0.120117 0.451172 0.000000
vt 0.169678 0.186523 0.000000
vt 0.256592 0.257324 0.000000
vt 0.120117 0.329590 0.000000
vt 0.169678 0.186523 0.000000
vt 0.114258 0.183105 0.000000
vt 0.219482 0.103027 0.000000
vt 0.219482 0.103027 0.000000
vt 0.246338 0.049316 0.000000
vt 0.343506 0.030029 0.000000
vt 0.030273 0.329590 0.000000
vt 0.071045 0.289307 0.000000
vt 0.120117 0.329590 0.000000
vt 0.120117 0.451172 0.000000
vt 0.231689 0.389648 0.000000
vt 0.343506 0.451172 0.000000
vt 0.219482 0.535645 0.000000
vt 0.049561 0.433838 0.000000
vt 0.120117 0.451172 0.000000
vt 0.154785 0.524658 0.000000
vt 0.219482 0.535645 0.000000
vt 0.343506 0.582520 0.000000
vt 0.219482 0.535645 0.000000
vt 0.154785 0.524658 0.000000
vt 0.049561 0.433838 0.000000
vt 0.343506 0.389648 0.000000
vt 0.231689 0.389648 0.000000
vt 0.343506 0.328369 0.000000
vt 0.231689 0.389648 0.000000
vt 0.231689 0.328857 0.000000
vt 0.343506 0.328369 0.000000
vt 0.231689 0.328857 0.000000
vt 0.256592 0.257324 0.000000
vt 0.343506 0.328369 0.000000
vt 0.256592 0.257324 0.000000
vt 0.281494 0.215576 0.000000
vt 0.343506 0.328369 0.000000
vt 0.281494 0.215576 0.000000
vt 0.342529 0.225098 0.000000
vt 0.343506 0.328369 0.000000
vt 0.120117 0.329590 0.000000
vt 0.256592 0.257324 0.000000
vt 0.231689 0.328857 0.000000
vt 0.231689 0.389648 0.000000
vt 0.120117 0.329590 0.000000
vt 0.231689 0.328857 0.000000
vt 0.343506 0.451172 0.000000
vt 0.231689 0.389648 0.000000
vt 0.343506 0.389648 0.000000
vt 0.036865 0.386475 0.000000
vt 0.120117 0.329590 0.000000
vt 0.032715 0.352051 0.000000
vt 0.030273 0.329590 0.000000
vt 0.071045 0.289307 0.000000
vt 0.029297 0.322998 0.000000
vt 0.036865 0.386475 0.000000
vt 0.032715 0.352051 0.000000
vt 0.120117 0.329590 0.000000
vt 0.030273 0.329590 0.000000
vt 0.029297 0.322998 0.000000
vt 0.071045 0.289307 0.000000
vt 0.630859 0.360596 0.000000
vt 0.619141 0.404053 0.000000
vt 0.723877 0.332520 0.000000
vt 0.475586 0.535645 0.000000
vt 0.343506 0.535645 0.000000
vt 0.343506 0.582520 0.000000
vt 0.343506 0.535645 0.000000
vt 0.529541 0.451172 0.000000
vt 0.343506 0.451172 0.000000
vt 0.626953 0.253174 0.000000
vt 0.473877 0.138428 0.000000
vt 0.630859 0.325195 0.000000
vt 0.541260 0.524658 0.000000
vt 0.642090 0.425293 0.000000
vt 0.475586 0.535645 0.000000
vt 0.346924 0.119873 0.000000
vt 0.368408 0.043945 0.000000
vt 0.343506 0.030029 0.000000
vt 0.541260 0.524658 0.000000
vt 0.475586 0.535645 0.000000
vt 0.343506 0.582520 0.000000
vt 0.342529 0.225098 0.000000
vt 0.408691 0.233398 0.000000
vt 0.341797 0.121826 0.000000
vt 0.529541 0.451172 0.000000
vt 0.630859 0.360596 0.000000
vt 0.553955 0.329590 0.000000
vt 0.468750 0.134766 0.000000
vt 0.413330 0.050049 0.000000
vt 0.368408 0.043945 0.000000
vt 0.343506 0.328369 0.000000
vt 0.408691 0.233398 0.000000
vt 0.342529 0.225098 0.000000
vt 0.532959 0.103027 0.000000
vt 0.468750 0.134766 0.000000
vt 0.608398 0.164307 0.000000
vt 0.553955 0.329590 0.000000
vt 0.408691 0.233398 0.000000
vt 0.448730 0.328857 0.000000
vt 0.619141 0.404053 0.000000
vt 0.630859 0.360596 0.000000
vt 0.529541 0.451172 0.000000
vt 0.532959 0.103027 0.000000
vt 0.413330 0.050049 0.000000
vt 0.468750 0.134766 0.000000
vt 0.468750 0.134766 0.000000
vt 0.368408 0.043945 0.000000
vt 0.346924 0.119873 0.000000
vt 0.343506 0.030029 0.000000
vt 0.368408 0.043945 0.000000
vt 0.459229 0.050537 0.000000
vt 0.630859 0.360596 0.000000
vt 0.680664 0.342041 0.000000
vt 0.630859 0.325195 0.000000
vt 0.475586 0.535645 0.000000
vt 0.529541 0.451172 0.000000
vt 0.343506 0.535645 0.000000
vt 0.343506 0.451172 0.000000
vt 0.436523 0.389648 0.000000
vt 0.343506 0.389648 0.000000
vt 0.709229 0.356689 0.000000
vt 0.619141 0.404053 0.000000
vt 0.642090 0.425293 0.000000
vt 0.709229 0.356689 0.000000
vt 0.679443 0.356689 0.000000
vt 0.619141 0.404053 0.000000
vt 0.708008 0.321045 0.000000
vt 0.648193 0.286621 0.000000
vt 0.630859 0.325195 0.000000
vt 0.475586 0.535645 0.000000
vt 0.619141 0.404053 0.000000
vt 0.529541 0.451172 0.000000
vt 0.553955 0.329590 0.000000
vt 0.630859 0.360596 0.000000
vt 0.630859 0.325195 0.000000
vt 0.553955 0.329590 0.000000
vt 0.630859 0.325195 0.000000
vt 0.473877 0.138428 0.000000
vt 0.530762 0.143799 0.000000
vt 0.473877 0.138428 0.000000
vt 0.626953 0.253174 0.000000
vt 0.553955 0.329590 0.000000
vt 0.436523 0.389648 0.000000
vt 0.529541 0.451172 0.000000
vt 0.343506 0.328369 0.000000
vt 0.448730 0.328857 0.000000
vt 0.408691 0.233398 0.000000
vt 0.343506 0.328369 0.000000
vt 0.436523 0.389648 0.000000
vt 0.448730 0.328857 0.000000
vt 0.343506 0.328369 0.000000
vt 0.343506 0.389648 0.000000
vt 0.436523 0.389648 0.000000
vt 0.473877 0.138428 0.000000
vt 0.341797 0.121826 0.000000
vt 0.408691 0.233398 0.000000
vt 0.529541 0.451172 0.000000
vt 0.436523 0.389648 0.000000
vt 0.343506 0.451172 0.000000
vt 0.448730 0.328857 0.000000
vt 0.436523 0.389648 0.000000
vt 0.553955 0.329590 0.000000
vt 0.473877 0.138428 0.000000
vt 0.408691 0.233398 0.000000
vt 0.553955 0.329590 0.000000
vt 0.723877 0.332520 0.000000
vt 0.619141 0.404053 0.000000
vt 0.630859 0.360596 0.000000
vt 0.343506 0.582520 0.000000
vt 0.343506 0.535645 0.000000
vt 0.475586 0.535645 0.000000
vt 0.343506 0.451172 0.000000
vt 0.529541 0.451172 0.000000
vt 0.343506 0.535645 0.000000
vt 0.630859 0.325195 0.000000
vt 0.473877 0.138428 0.000000
vt 0.626953 0.253174 0.000000
vt 0.475586 0.535645 0.000000
vt 0.642090 0.425293 0.000000
vt 0.541260 0.524658 0.000000
vt 0.343506 0.030029 0.000000
vt 0.368408 0.043945 0.000000
vt 0.346924 0.119873 0.000000
vt 0.343506 0.582520 0.000000
vt 0.475586 0.535645 0.000000
vt 0.541260 0.524658 0.000000
vt 0.341797 0.121826 0.000000
vt 0.408691 0.233398 0.000000
vt 0.342529 0.225098 0.000000
vt 0.553955 0.329590 0.000000
vt 0.630859 0.360596 0.000000
vt 0.529541 0.451172 0.000000
vt 0.368408 0.043945 0.000000
vt 0.413330 0.050049 0.000000
vt 0.468750 0.134766 0.000000
vt 0.342529 0.225098 0.000000
vt 0.408691 0.233398 0.000000
vt 0.343506 0.328369 0.000000
vt 0.608398 0.164307 0.000000
vt 0.468750 0.134766 0.000000
vt 0.532959 0.103027 0.000000
vt 0.448730 0.328857 0.000000
vt 0.408691 0.233398 0.000000
vt 0.553955 0.329590 0.000000
vt 0.529541 0.451172 0.000000
vt 0.630859 0.360596 0.000000
vt 0.619141 0.404053 0.000000
vt 0.468750 0.134766 0.000000
vt 0.413330 0.050049 0.000000
vt 0.532959 0.103027 0.000000
vt 0.346924 0.119873 0.000000
vt 0.368408 0.043945 0.000000
vt 0.468750 0.134766 0.000000
vt 0.459229 0.050537 0.000000
vt 0.368408 0.043945 0.000000
vt 0.343506 0.030029 0.000000
vt 0.630859 0.325195 0.000000
vt 0.680664 0.342041 0.000000
vt 0.630859 0.360596 0.000000
vt 0.343506 0.535645 0.000000
vt 0.529541 0.451172 0.000000
vt 0.475586 0.535645 0.000000
vt 0.343506 0.389648 0.000000
vt 0.436523 0.389648 0.000000
vt 0.343506 0.451172 0.000000
vt 0.642090 0.425293 0.000000
vt 0.619141 0.404053 0.000000
vt 0.709229 0.356689 0.000000
vt 0.619141 0.404053 0.000000
vt 0.679443 0.356689 0.000000
vt 0.709229 0.356689 0.000000
vt 0.630859 0.325195 0.000000
vt 0.648193 0.286621 0.000000
vt 0.708008 0.321045 0.000000
vt 0.529541 0.451172 0.000000
vt 0.642090 0.425293 0.000000
vt 0.475586 0.535645 0.000000
vt 0.630859 0.325195 0.000000
vt 0.630859 0.360596 0.000000
vt 0.553955 0.329590 0.000000
vt 0.473877 0.138428 0.000000
vt 0.630859 0.325195 0.000000
vt 0.553955 0.329590 0.000000
vt 0.626953 0.253174 0.000000
vt 0.473877 0.138428 0.000000
vt 0.530762 0.143799 0.000000
vt 0.529541 0.451172 0.000000
vt 0.436523 0.389648 0.000000
vt 0.553955 0.329590 0.000000
vt 0.408691 0.233398 0.000000
vt 0.448730 0.328857 0.000000
vt 0.343506 0.328369 0.000000
vt 0.448730 0.328857 0.000000
vt 0.436523 0.389648 0.000000
vt 0.343506 0.328369 0.000000
vt 0.436523 0.389648 0.000000
vt 0.343506 0.389648 0.000000
vt 0.343506 0.328369 0.000000
vt 0.408691 0.233398 0.000000
vt 0.341797 0.121826 0.000000
vt 0.473877 0.138428 0.000000
vt 0.343506 0.451172 0.000000
vt 0.436523 0.389648 0.000000
vt 0.529541 0.451172 0.000000
vt 0.553955 0.329590 0.000000
vt 0.436523 0.389648 0.000000
vt 0.448730 0.328857 0.000000
vt 0.553955 0.329590 0.000000
vt 0.408691 0.233398 0.000000
vt 0.473877 0.138428 0.000000
vt 0.642090 0.425293 0.000000
vt 0.619141 0.404053 0.000000
vt 0.475586 0.535645 0.000000
vt 0.619141 0.404053 0.000000
vt 0.642090 0.425293 0.000000
vt 0.529541 0.451172 0.000000
vt 0.578125 0.559814 0.000000
vt 0.578125 0.559814 0.000000
vt 0.578125 0.559814 0.000000
vt 0.578125 0.559814 0.000000
vt 0.578125 0.559814 0.000000
vt 0.578125 0.559814 0.000000
vt 0.578125 0.559814 0.000000
vt 0.578125 0.559814 0.000000
vt 0.578125 0.559814 0.000000
vt 0.578125 0.559814 0.000000
vt 0.578125 0.559814 0.000000
vt 0.578125 0.559814 0.000000
vt 0.578125 0.559814 0.000000
vt 0.578125 0.559814 0.000000
vt 0.578125 0.559814 0.000000
vt 0.578125 0.559814 0.000000
vt 0.578125 0.559814 0.000000
vt 0.578125 0.559814 0.000000
vt 0.578125 0.559814 0.000000
vt 0.578125 0.559814 0.000000
vt 0.578125 0.559814 0.000000
vt 0.578125 0.559814 0.000000
vt 0.578125 0.559814 0.000000
vt 0.578125 0.559814 0.000000
vt 0.600098 0.923096 0.000000
vt 0.739258 0.961914 0.000000
vt 0.600098 0.820801 0.000000
vt 0.739258 0.961914 0.000000
vt 0.731689 0.824219 0.000000
vt 0.600098 0.820801 0.000000
vt 0.600098 0.820801 0.000000
vt 0.739258 0.961914 0.000000
vt 0.600098 0.923096 0.000000
vt 0.600098 0.820801 0.000000
vt 0.731689 0.824219 0.000000
vt 0.739258 0.961914 0.000000
vt 0.680664 0.342041 0.000000
vt 0.630859 0.360596 0.000000
vt 0.723877 0.332520 0.000000
vt 0.723877 0.332520 0.000000
vt 0.630859 0.360596 0.000000
vt 0.680664 0.342041 0.000000
vt 0.653809 0.650879 0.000000
vt 0.621094 0.644043 0.000000
vt 0.666992 0.674561 0.000000
vt 0.572021 0.759766 0.000000
vt 0.631592 0.749512 0.000000
vt 0.572021 0.749512 0.000000
vt 0.631592 0.749512 0.000000
vt 0.687012 0.710449 0.000000
vt 0.671143 0.714355 0.000000
vt 0.572021 0.633545 0.000000
vt 0.666992 0.674561 0.000000
vt 0.621094 0.644043 0.000000
vt 0.666992 0.674561 0.000000
vt 0.671143 0.714355 0.000000
vt 0.687012 0.710449 0.000000
vt 0.666992 0.674561 0.000000
vt 0.621094 0.644043 0.000000
vt 0.653809 0.650879 0.000000
vt 0.687012 0.710449 0.000000
vt 0.653809 0.759766 0.000000
vt 0.671143 0.714355 0.000000
vt 0.671143 0.714355 0.000000
vt 0.653809 0.759766 0.000000
vt 0.631592 0.749512 0.000000
vt 0.621094 0.644043 0.000000
vt 0.666992 0.674561 0.000000
vt 0.572021 0.633545 0.000000
vt 0.687012 0.710449 0.000000
vt 0.671143 0.714355 0.000000
vt 0.666992 0.674561 0.000000
vt 0.671143 0.714355 0.000000
vt 0.666992 0.674561 0.000000
vt 0.631592 0.749512 0.000000
vt 0.572021 0.749512 0.000000
vt 0.631592 0.749512 0.000000
vt 0.572021 0.633545 0.000000
vt 0.666992 0.674561 0.000000
vt 0.572021 0.633545 0.000000
vt 0.631592 0.749512 0.000000
vt 0.572021 0.749512 0.000000
vt 0.572021 0.633545 0.000000
vt 0.631592 0.749512 0.000000
vt 0.671143 0.714355 0.000000
vt 0.631592 0.749512 0.000000
vt 0.666992 0.674561 0.000000
vt 0.631592 0.749512 0.000000
vt 0.572021 0.633545 0.000000
vt 0.666992 0.674561 0.000000
vt 0.653809 0.759766 0.000000
vt 0.631592 0.749512 0.000000
vt 0.572021 0.759766 0.000000
vt 0.653809 0.759766 0.000000
vt 0.687012 0.710449 0.000000
vt 0.631592 0.749512 0.000000
vt 0.572021 0.749512 0.000000
vt 0.631592 0.749512 0.000000
vt 0.572021 0.759766 0.000000
vt 0.653809 0.759766 0.000000
vt 0.572021 0.759766 0.000000
vt 0.631592 0.749512 0.000000
vt 0.043213 0.810303 0.000000
vt 0.018066 0.810303 0.000000
vt 0.035400 0.810303 0.000000
vt 0.063965 0.641602 0.000000
vt 0.035400 0.810303 0.000000
vt 0.018066 0.810303 0.000000
vt 0.110840 0.641602 0.000000
vt 0.035400 0.810303 0.000000
vt 0.063965 0.641602 0.000000
vt 0.043213 0.810303 0.000000
vt 0.035400 0.810303 0.000000
vt 0.063232 0.810303 0.000000
vt 0.110840 0.641602 0.000000
vt 0.063232 0.810303 0.000000
vt 0.035400 0.810303 0.000000
vt 0.186768 0.641602 0.000000
vt 0.063232 0.810303 0.000000
vt 0.110840 0.641602 0.000000
vt 0.043213 0.810303 0.000000
vt 0.063232 0.810303 0.000000
vt 0.063232 0.810303 0.000000
vt 0.186768 0.641602 0.000000
vt 0.063232 0.810303 0.000000
vt 0.063232 0.810303 0.000000
vt 0.186768 0.641602 0.000000
vt 0.063232 0.810303 0.000000
vt 0.186768 0.641602 0.000000
vt 0.043213 0.810303 0.000000
vt 0.063232 0.810303 0.000000
vt 0.035400 0.810303 0.000000
vt 0.186768 0.641602 0.000000
vt 0.035400 0.810303 0.000000
vt 0.063232 0.810303 0.000000
vt 0.110840 0.641602 0.000000
vt 0.035400 0.810303 0.000000
vt 0.186768 0.641602 0.000000
vt 0.043213 0.810303 0.000000
vt 0.035400 0.810303 0.000000
vt 0.018066 0.810303 0.000000
vt 0.110840 0.641602 0.000000
vt 0.018066 0.810303 0.000000
vt 0.035400 0.810303 0.000000
vt 0.063965 0.641602 0.000000
vt 0.018066 0.810303 0.000000
vt 0.110840 0.641602 0.000000
vt 0.035400 0.810303 0.000000
vt 0.018066 0.810303 0.000000
vt 0.043213 0.810303 0.000000
vt 0.018066 0.810303 0.000000
vt 0.110840 0.641602 0.000000
vt 0.063965 0.641602 0.000000
vt 0.035400 0.810303 0.000000
vt 0.110840 0.641602 0.000000
vt 0.018066 0.810303 0.000000
vt 0.063232 0.810303 0.000000
vt 0.035400 0.810303 0.000000
vt 0.043213 0.810303 0.000000
vt 0.035400 0.810303 0.000000
vt 0.186768 0.641602 0.000000
vt 0.110840 0.641602 0.000000
vt 0.063232 0.810303 0.000000
vt 0.186768 0.641602 0.000000
vt 0.035400 0.810303 0.000000
vt 0.063232 0.810303 0.000000
vt 0.063232 0.810303 0.000000
vt 0.043213 0.810303 0.000000
vt 0.063232 0.810303 0.000000
vt 0.186768 0.641602 0.000000
vt 0.186768 0.641602 0.000000
vt 0.063232 0.810303 0.000000
vt 0.186768 0.641602 0.000000
vt 0.063232 0.810303 0.000000
vt 0.035400 0.810303 0.000000
vt 0.063232 0.810303 0.000000
vt 0.043213 0.810303 0.000000
vt 0.063232 0.810303 0.000000
vt 0.110840 0.641602 0.000000
vt 0.186768 0.641602 0.000000
vt 0.035400 0.810303 0.000000
vt 0.110840 0.641602 0.000000
vt 0.063232 0.810303 0.000000
vt 0.018066 0.810303 0.000000
vt 0.035400 0.810303 0.000000
vt 0.043213 0.810303 0.000000
vt 0.035400 0.810303 0.000000
vt 0.063965 0.641602 0.000000
vt 0.110840 0.641602 0.000000
vt 0.018066 0.810303 0.000000
vt 0.063965 0.641602 0.000000
vt 0.035400 0.810303 0.000000
vt 0.035400 0.810303 0.000000
vt 0.018066 0.810303 0.000000
vt 0.043213 0.810303 0.000000
vt 0.018066 0.810303 0.000000
vt 0.110840 0.641602 0.000000
vt 0.063965 0.641602 0.000000
vt 0.035400 0.810303 0.000000
vt 0.110840 0.641602 0.000000
vt 0.018066 0.810303 0.000000
vt 0.063232 0.810303 0.000000
vt 0.035400 0.810303 0.000000
vt 0.043213 0.810303 0.000000
vt 0.035400 0.810303 0.000000
vt 0.186768 0.641602 0.000000
vt 0.110840 0.641602 0.000000
vt 0.063232 0.810303 0.000000
vt 0.186768 0.641602 0.000000
vt 0.035400 0.810303 0.000000
vt 0.063232 0.810303 0.000000
vt 0.063232 0.810303 0.000000
vt 0.043213 0.810303 0.000000
vt 0.063232 0.810303 0.000000
vt 0.186768 0.641602 0.000000
vt 0.186768 0.641602 0.000000
vt 0.063232 0.810303 0.000000
vt 0.186768 0.641602 0.000000
vt 0.063232 0.810303 0.000000
vt 0.035400 0.810303 0.000000
vt 0.063232 0.810303 0.000000
vt 0.043213 0.810303 0.000000
vt 0.063232 0.810303 0.000000
vt 0.110840 0.641602 0.000000
vt 0.186768 0.641602 0.000000
vt 0.035400 0.810303 0.000000
vt 0.110840 0.641602 0.000000
vt 0.063232 0.810303 0.000000
vt 0.018066 0.810303 0.000000
vt 0.035400 0.810303 0.000000
vt 0.043213 0.810303 0.000000
vt 0.035400 0.810303 0.000000
vt 0.063965 0.641602 0.000000
vt 0.110840 0.641602 0.000000
vt 0.018066 0.810303 0.000000
vt 0.063965 0.641602 0.000000
vt 0.035400 0.810303 0.000000
vt 0.043213 0.810303 0.000000
vt 0.018066 0.810303 0.000000
vt 0.035400 0.810303 0.000000
vt 0.063965 0.641602 0.000000
vt 0.035400 0.810303 0.000000
vt 0.018066 0.810303 0.000000
vt 0.110840 0.641602 0.000000
vt 0.035400 0.810303 0.000000
vt 0.063965 0.641602 0.000000
vt 0.043213 0.810303 0.000000
vt 0.035400 0.810303 0.000000
vt 0.063232 0.810303 0.000000
vt 0.110840 0.641602 0.000000
vt 0.063232 0.810303 0.000000
vt 0.035400 0.810303 0.000000
vt 0.186768 0.641602 0.000000
vt 0.063232 0.810303 0.000000
vt 0.110840 0.641602 0.000000
vt 0.043213 0.810303 0.000000
vt 0.063232 0.810303 0.000000
vt 0.063232 0.810303 0.000000
vt 0.186768 0.641602 0.000000
vt 0.063232 0.810303 0.000000
vt 0.063232 0.810303 0.000000
vt 0.186768 0.641602 0.000000
vt 0.063232 0.810303 0.000000
vt 0.186768 0.641602 0.000000
vt 0.043213 0.810303 0.000000
vt 0.063232 0.810303 0.000000
vt 0.035400 0.810303 0.000000
vt 0.186768 0.641602 0.000000
vt 0.035400 0.810303 0.000000
vt 0.063232 0.810303 0.000000
vt 0.110840 0.641602 0.000000
vt 0.035400 0.810303 0.000000
vt 0.186768 0.641602 0.000000
vt 0.043213 0.810303 0.000000
vt 0.035400 0.810303 0.000000
vt 0.018066 0.810303 0.000000
vt 0.110840 0.641602 0.000000
vt 0.018066 0.810303 0.000000
vt 0.035400 0.810303 0.000000
vt 0.063965 0.641602 0.000000
vt 0.018066 0.810303 0.000000
vt 0.110840 0.641602 0.000000
vt 0.282227 0.821777 0.000000
vt 0.248291 0.802490 0.000000
vt 0.305176 0.771973 0.000000
vt 0.239990 0.773438 0.000000
vt 0.282227 0.821777 0.000000
vt 0.305176 0.771973 0.000000
vt 0.305176 0.771973 0.000000
vt 0.425293 0.668213 0.000000
vt 0.301270 0.703857 0.000000
vt 0.282227 0.821777 0.000000
vt 0.325684 0.806152 0.000000
vt 0.305176 0.771973 0.000000
vt 0.305176 0.771973 0.000000
vt 0.301270 0.703857 0.000000
vt 0.239990 0.773438 0.000000
vt 0.425293 0.668213 0.000000
vt 0.305176 0.771973 0.000000
vt 0.325684 0.806152 0.000000
vt 0.305176 0.771973 0.000000
vt 0.248291 0.802490 0.000000
vt 0.239990 0.773438 0.000000
vt 0.301270 0.703857 0.000000
vt 0.425293 0.668213 0.000000
vt 0.305176 0.771973 0.000000
vt 0.305176 0.771973 0.000000
vt 0.325684 0.806152 0.000000
vt 0.282227 0.821777 0.000000
vt 0.239990 0.773438 0.000000
vt 0.301270 0.703857 0.000000
vt 0.305176 0.771973 0.000000
vt 0.325684 0.806152 0.000000
vt 0.305176 0.771973 0.000000
vt 0.425293 0.668213 0.000000
vt 0.248291 0.802490 0.000000
vt 0.282227 0.821777 0.000000
vt 0.239990 0.773438 0.000000
vt 0.251953 0.736816 0.000000
vt 0.323975 0.689697 0.000000
vt 0.308838 0.637939 0.000000
vt 0.365723 0.638428 0.000000
vt 0.419189 0.661133 0.000000
vt 0.391357 0.648926 0.000000
vt 0.308838 0.637939 0.000000
vt 0.431396 0.669922 0.000000
vt 0.352783 0.653564 0.000000
vt 0.419189 0.661133 0.000000
vt 0.431396 0.669922 0.000000
vt 0.391357 0.648926 0.000000
vt 0.308838 0.637939 0.000000
vt 0.323975 0.689697 0.000000
vt 0.251953 0.736816 0.000000
vt 0.391357 0.648926 0.000000
vt 0.352783 0.653564 0.000000
vt 0.365723 0.638428 0.000000
vt 0.352783 0.653564 0.000000
vt 0.323975 0.689697 0.000000
vt 0.308838 0.637939 0.000000
vt 0.431396 0.669922 0.000000
vt 0.352783 0.653564 0.000000
vt 0.391357 0.648926 0.000000
vt 0.352783 0.653564 0.000000
vt 0.431396 0.669922 0.000000
vt 0.365723 0.638428 0.000000
vt 0.431396 0.669922 0.000000
vt 0.419189 0.661133 0.000000
vt 0.365723 0.638428 0.000000
vt 0.323975 0.689697 0.000000
vt 0.431396 0.669922 0.000000
vt 0.308838 0.637939 0.000000
vt 0.431396 0.669922 0.000000
vt 0.323975 0.689697 0.000000
vt 0.352783 0.653564 0.000000
vn 0.408691 -0.118896 -0.904785
vn 0.351807 0.559326 -0.750244
vn 0.805420 0.038086 -0.591309
vn 0.000000 0.999756 0.010254
vn 0.361328 0.930664 0.055176
vn 0.000000 0.991211 0.131104
vn 0.687988 0.711182 -0.144043
vn 0.807373 0.570068 -0.150879
vn 0.361328 0.930664 0.055176
vn 0.000000 0.463867 -0.885742
vn 0.150879 0.137939 -0.978760
vn 0.000000 -0.411133 -0.911377
vn 0.000000 -0.638672 -0.769287
vn 0.546143 -0.686035 -0.479980
vn 0.000000 -0.896484 -0.442871
vn 0.401367 0.914551 0.046143
vn 0.191650 0.979492 -0.059814
vn 0.000000 0.999512 -0.022217
vn 0.191650 0.979492 -0.059814
vn 0.401367 0.914551 0.046143
vn 0.687988 0.711182 -0.144043
vn 0.805420 0.038086 -0.591309
vn 0.807373 0.570068 -0.150879
vn 0.687988 0.711182 -0.144043
vn 0.546143 -0.686035 -0.479980
vn 0.703369 -0.709961 -0.029053
vn 0.000000 -0.998535 -0.053467
vn 0.546143 -0.686035 -0.479980
vn 0.711426 -0.358887 -0.603760
vn 0.888916 -0.391357 -0.237549
vn 0.914062 -0.209717 -0.346680
vn 0.888916 -0.391357 -0.237549
vn 0.711426 -0.358887 -0.603760
vn 0.000000 -0.638672 -0.769287
vn 0.000000 -0.326416 -0.945068
vn 0.546143 -0.686035 -0.479980
vn 0.703369 -0.709961 -0.029053
vn 0.888916 -0.391357 -0.237549
vn 0.926270 -0.372070 -0.056885
vn 0.909180 0.415283 -0.024170
vn 0.687988 0.711182 -0.144043
vn 0.401367 0.914551 0.046143
vn 0.546143 -0.686035 -0.479980
vn 0.888916 -0.391357 -0.237549
vn 0.703369 -0.709961 -0.029053
vn 0.687988 0.711182 -0.144043
vn 0.928223 0.282715 -0.240967
vn 0.805420 0.038086 -0.591309
vn 0.805420 0.038086 -0.591309
vn 0.914062 -0.209717 -0.346680
vn 0.711426 -0.358887 -0.603760
vn 0.546143 -0.686035 -0.479980
vn 0.000000 -0.326416 -0.945068
vn 0.711426 -0.358887 -0.603760
vn 0.000000 -0.998535 -0.053467
vn 0.000000 -0.896484 -0.442871
vn 0.546143 -0.686035 -0.479980
vn 0.805420 0.038086 -0.591309
vn 0.000000 -0.411133 -0.911377
vn 0.408691 -0.118896 -0.904785
vn 0.909180 0.415283 -0.024170
vn 0.928223 0.282715 -0.240967
vn 0.687988 0.711182 -0.144043
vn 0.687988 0.711182 -0.144043
vn 0.361328 0.930664 0.055176
vn 0.191650 0.979492 -0.059814
vn 0.000000 0.999512 -0.022217
vn 0.191650 0.979492 -0.059814
vn 0.000000 0.999756 0.010254
vn 0.361328 0.930664 0.055176
vn 0.000000 0.999756 0.010254
vn 0.191650 0.979492 -0.059814
vn 0.996094 -0.043213 -0.075928
vn 0.928223 0.282715 -0.240967
vn 0.976318 0.205078 -0.066650
vn 0.996094 -0.043213 -0.075928
vn 0.952148 0.097900 -0.288818
vn 0.928223 0.282715 -0.240967
vn 0.996094 -0.043213 -0.075928
vn 0.914062 -0.209717 -0.346680
vn 0.952148 0.097900 -0.288818
vn 0.996094 -0.043213 -0.075928
vn 0.888916 -0.391357 -0.237549
vn 0.914062 -0.209717 -0.346680
vn 0.996094 -0.043213 -0.075928
vn 0.926270 -0.372070 -0.056885
vn 0.888916 -0.391357 -0.237549
vn 0.952148 0.097900 -0.288818
vn 0.914062 -0.209717 -0.346680
vn 0.805420 0.038086 -0.591309
vn 0.952148 0.097900 -0.288818
vn 0.805420 0.038086 -0.591309
vn 0.928223 0.282715 -0.240967
vn 0.976318 0.205078 -0.066650
vn 0.928223 0.282715 -0.240967
vn 0.909180 0.415283 -0.024170
vn -0.805420 0.038086 -0.591309
vn -0.351807 0.559326 -0.750244
vn -0.408691 -0.118896 -0.904785
vn 0.000000 0.991211 0.131104
vn -0.430908 0.898926 0.077637
vn 0.000000 0.999756 0.010254
vn -0.430908 0.898926 0.077637
vn -0.815918 0.514404 -0.263184
vn -0.687988 0.711182 -0.144043
vn 0.000000 -0.411133 -0.911377
vn -0.150879 0.137939 -0.978760
vn 0.000000 0.463867 -0.885742
vn 0.000000 -0.896484 -0.442871
vn -0.546143 -0.686035 -0.479980
vn 0.000000 -0.638672 -0.769287
vn 0.000000 0.999512 -0.022217
vn -0.191650 0.979492 -0.059814
vn -0.401367 0.914551 0.046143
vn -0.687988 0.711182 -0.144043
vn -0.401367 0.914551 0.046143
vn -0.191650 0.979492 -0.059814
vn -0.687988 0.711182 -0.144043
vn -0.815918 0.514404 -0.263184
vn -0.805420 0.038086 -0.591309
vn 0.000000 -0.998535 -0.053467
vn -0.703369 -0.709961 -0.029053
vn -0.546143 -0.686035 -0.479980
vn -0.888916 -0.391357 -0.237549
vn -0.711426 -0.358887 -0.603760
vn -0.546143 -0.686035 -0.479980
vn -0.711426 -0.358887 -0.603760
vn -0.888916 -0.391357 -0.237549
vn -0.914062 -0.209717 -0.346680
vn -0.546143 -0.686035 -0.479980
vn 0.000000 -0.326416 -0.945068
vn 0.000000 -0.638672 -0.769287
vn -0.926270 -0.372070 -0.056885
vn -0.888916 -0.391357 -0.237549
vn -0.703369 -0.709961 -0.029053
vn -0.401367 0.914551 0.046143
vn -0.687988 0.711182 -0.144043
vn -0.909180 0.415283 -0.024170
vn -0.703369 -0.709961 -0.029053
vn -0.888916 -0.391357 -0.237549
vn -0.546143 -0.686035 -0.479980
vn -0.805420 0.038086 -0.591309
vn -0.928223 0.282715 -0.240967
vn -0.687988 0.711182 -0.144043
vn -0.711426 -0.358887 -0.603760
vn -0.914062 -0.209717 -0.346680
vn -0.805420 0.038086 -0.591309
vn -0.711426 -0.358887 -0.603760
vn 0.000000 -0.326416 -0.945068
vn -0.546143 -0.686035 -0.479980
vn -0.546143 -0.686035 -0.479980
vn 0.000000 -0.896484 -0.442871
vn 0.000000 -0.998535 -0.053467
vn -0.408691 -0.118896 -0.904785
vn 0.000000 -0.411133 -0.911377
vn -0.805420 0.038086 -0.591309
vn -0.687988 0.711182 -0.144043
vn -0.928223 0.282715 -0.240967
vn -0.909180 0.415283 -0.024170
vn -0.191650 0.979492 -0.059814
vn -0.430908 0.898926 0.077637
vn -0.687988 0.711182 -0.144043
vn 0.000000 0.999756 0.010254
vn -0.191650 0.979492 -0.059814
vn 0.000000 0.999512 -0.022217
vn -0.191650 0.979492 -0.059814
vn 0.000000 0.999756 0.010254
vn -0.430908 0.898926 0.077637
vn -0.976318 0.205078 -0.066650
vn -0.928223 0.282715 -0.240967
vn -0.996094 -0.043213 -0.075928
vn -0.928223 0.282715 -0.240967
vn -0.952148 0.097900 -0.288818
vn -0.996094 -0.043213 -0.075928
vn -0.952148 0.097900 -0.288818
vn -0.914062 -0.209717 -0.346680
vn -0.996094 -0.043213 -0.075928
vn -0.914062 -0.209717 -0.346680
vn -0.888916 -0.391357 -0.237549
vn -0.996094 -0.043213 -0.075928
vn -0.888916 -0.391357 -0.237549
vn -0.926270 -0.372070 -0.056885
vn -0.996094 -0.043213 -0.075928
vn -0.805420 0.038086 -0.591309
vn -0.914062 -0.209717 -0.346680
vn -0.952148 0.097900 -0.288818
vn -0.928223 0.282715 -0.240967
vn -0.805420 0.038086 -0.591309
vn -0.952148 0.097900 -0.288818
vn -0.909180 0.415283 -0.024170
vn -0.928223 0.282715 -0.240967
vn -0.976318 0.205078 -0.066650
vn 0.807373 0.570068 -0.150879
vn 0.805420 0.038086 -0.591309
vn 0.351807 0.559326 -0.750244
vn 0.408691 -0.118896 -0.904785
vn 0.000000 -0.411133 -0.911377
vn 0.150879 0.137939 -0.978760
vn -0.815918 0.514404 -0.263184
vn -0.351807 0.559326 -0.750244
vn -0.805420 0.038086 -0.591309
vn -0.408691 -0.118896 -0.904785
vn -0.150879 0.137939 -0.978760
vn 0.000000 -0.411133 -0.911377
vn 0.714844 0.252686 0.651611
vn 0.422607 0.877441 0.225830
vn 0.000000 0.976807 0.213379
vn 0.348145 0.910889 0.220215
vn 0.401367 0.914551 0.046143
vn 0.000000 0.999512 -0.022217
vn 0.401367 0.914551 0.046143
vn 0.727783 0.626221 0.278809
vn 0.909180 0.415283 -0.024170
vn 0.000000 -0.438477 0.898438
vn 0.550537 -0.633545 0.543457
vn 0.604980 -0.033203 0.795410
vn 0.000000 0.985107 0.171143
vn -0.072021 0.981689 0.175781
vn 0.348145 0.910889 0.220215
vn 0.703369 -0.709961 -0.029053
vn 0.355957 -0.924072 0.137939
vn 0.000000 -0.998535 -0.053467
vn 0.000000 0.985107 0.171143
vn 0.348145 0.910889 0.220215
vn 0.000000 0.999512 -0.022217
vn 0.926270 -0.372070 -0.056885
vn 0.893799 -0.384521 0.230469
vn 0.703369 -0.709961 -0.029053
vn 0.727783 0.626221 0.278809
vn 0.714844 0.252686 0.651611
vn 0.840088 0.015137 0.541748
vn 0.550537 -0.633545 0.543457
vn 0.000000 -0.939697 0.341553
vn 0.355957 -0.924072 0.137939
vn 0.996094 -0.043213 -0.075928
vn 0.893799 -0.384521 0.230469
vn 0.926270 -0.372070 -0.056885
vn 0.000000 -0.800049 0.599609
vn 0.550537 -0.633545 0.543457
vn 0.000000 -0.645508 0.763428
vn 0.840088 0.015137 0.541748
vn 0.893799 -0.384521 0.230469
vn 0.963135 -0.027832 0.266846
vn 0.422607 0.877441 0.225830
vn 0.714844 0.252686 0.651611
vn 0.727783 0.626221 0.278809
vn 0.000000 -0.800049 0.599609
vn 0.000000 -0.939697 0.341553
vn 0.550537 -0.633545 0.543457
vn 0.550537 -0.633545 0.543457
vn 0.355957 -0.924072 0.137939
vn 0.703369 -0.709961 -0.029053
vn 0.000000 -0.998535 -0.053467
vn 0.355957 -0.924072 0.137939
vn 0.000000 -0.986572 0.162354
vn 0.714844 0.252686 0.651611
vn 0.000000 0.036133 0.999268
vn 0.604980 -0.033203 0.795410
vn 0.348145 0.910889 0.220215
vn 0.727783 0.626221 0.278809
vn 0.401367 0.914551 0.046143
vn 0.909180 0.415283 -0.024170
vn 0.936035 0.290771 0.197998
vn 0.976318 0.205078 -0.066650
vn 0.000000 0.971924 0.234863
vn 0.422607 0.877441 0.225830
vn -0.072021 0.981689 0.175781
vn 0.000000 -0.875488 0.482910
vn 0.000000 -0.875488 0.482910
vn 0.483643 -0.766113 0.422607
vn 0.000000 0.380615 0.924561
vn 0.000000 -0.438477 0.898438
vn 0.604980 -0.033203 0.795410
vn 0.348145 0.910889 0.220215
vn 0.422607 0.877441 0.225830
vn 0.727783 0.626221 0.278809
vn 0.840088 0.015137 0.541748
vn 0.714844 0.252686 0.651611
vn 0.604980 -0.033203 0.795410
vn 0.840088 0.015137 0.541748
vn 0.604980 -0.033203 0.795410
vn 0.550537 -0.633545 0.543457
vn 0.000000 -0.360840 0.932617
vn 0.550537 -0.633545 0.543457
vn 0.000000 -0.438477 0.898438
vn 0.840088 0.015137 0.541748
vn 0.936035 0.290771 0.197998
vn 0.727783 0.626221 0.278809
vn 0.996094 -0.043213 -0.075928
vn 0.963135 -0.027832 0.266846
vn 0.893799 -0.384521 0.230469
vn 0.996094 -0.043213 -0.075928
vn 0.936035 0.290771 0.197998
vn 0.963135 -0.027832 0.266846
vn 0.996094 -0.043213 -0.075928
vn 0.976318 0.205078 -0.066650
vn 0.936035 0.290771 0.197998
vn 0.550537 -0.633545 0.543457
vn 0.703369 -0.709961 -0.029053
vn 0.893799 -0.384521 0.230469
vn 0.727783 0.626221 0.278809
vn 0.936035 0.290771 0.197998
vn 0.909180 0.415283 -0.024170
vn 0.963135 -0.027832 0.266846
vn 0.936035 0.290771 0.197998
vn 0.840088 0.015137 0.541748
vn 0.550537 -0.633545 0.543457
vn 0.893799 -0.384521 0.230469
vn 0.840088 0.015137 0.541748
vn 0.000000 0.976807 0.213379
vn -0.399658 0.892090 0.209961
vn -0.714844 0.252686 0.651611
vn 0.000000 0.999512 -0.022217
vn -0.401367 0.914551 0.046143
vn -0.326904 0.916016 0.231934
vn -0.909180 0.415283 -0.024170
vn -0.687012 0.677246 0.262939
vn -0.401367 0.914551 0.046143
vn -0.604980 -0.033203 0.795410
vn -0.550537 -0.633545 0.543457
vn 0.000000 -0.438477 0.898438
vn -0.326904 0.916016 0.231934
vn -0.072021 0.981689 0.175781
vn 0.000000 0.985107 0.171143
vn 0.000000 -0.998535 -0.053467
vn -0.355957 -0.924072 0.137939
vn -0.703369 -0.709961 -0.029053
vn 0.000000 0.999512 -0.022217
vn -0.326904 0.916016 0.231934
vn 0.000000 0.985107 0.171143
vn -0.703369 -0.709961 -0.029053
vn -0.893799 -0.384521 0.230469
vn -0.926270 -0.372070 -0.056885
vn -0.840088 0.015137 0.541748
vn -0.714844 0.252686 0.651611
vn -0.687012 0.677246 0.262939
vn -0.355957 -0.924072 0.137939
vn 0.000000 -0.939697 0.341553
vn -0.550537 -0.633545 0.543457
vn -0.926270 -0.372070 -0.056885
vn -0.893799 -0.384521 0.230469
vn -0.996094 -0.043213 -0.075928
vn 0.000000 -0.645508 0.763428
vn -0.550537 -0.633545 0.543457
vn 0.000000 -0.800049 0.599609
vn -0.963135 -0.027832 0.266846
vn -0.893799 -0.384521 0.230469
vn -0.840088 0.015137 0.541748
vn -0.687012 0.677246 0.262939
vn -0.714844 0.252686 0.651611
vn -0.399658 0.892090 0.209961
vn -0.550537 -0.633545 0.543457
vn 0.000000 -0.939697 0.341553
vn 0.000000 -0.800049 0.599609
vn -0.703369 -0.709961 -0.029053
vn -0.355957 -0.924072 0.137939
vn -0.550537 -0.633545 0.543457
vn 0.000000 -0.986572 0.162354
vn -0.355957 -0.924072 0.137939
vn 0.000000 -0.998535 -0.053467
vn -0.604980 -0.033203 0.795410
vn 0.000000 0.036133 0.999268
vn -0.714844 0.252686 0.651611
vn -0.401367 0.914551 0.046143
vn -0.687012 0.677246 0.262939
vn -0.326904 0.916016 0.231934
vn -0.976318 0.205078 -0.066650
vn -0.936035 0.290771 0.197998
vn -0.909180 0.415283 -0.024170
vn -0.072021 0.981689 0.175781
vn -0.399658 0.892090 0.209961
vn 0.000000 0.971924 0.234863
vn -0.483643 -0.766113 0.422607
vn 0.000000 -0.875488 0.482910
vn 0.000000 -0.875488 0.482910
vn -0.604980 -0.033203 0.795410
vn 0.000000 -0.438477 0.898438
vn 0.000000 0.380615 0.924561
vn -0.687012 0.677246 0.262939
vn -0.072021 0.981689 0.175781
vn -0.326904 0.916016 0.231934
vn -0.604980 -0.033203 0.795410
vn -0.714844 0.252686 0.651611
vn -0.840088 0.015137 0.541748
vn -0.550537 -0.633545 0.543457
vn -0.604980 -0.033203 0.795410
vn -0.840088 0.015137 0.541748
vn 0.000000 -0.438477 0.898438
vn -0.550537 -0.633545 0.543457
vn 0.000000 -0.360840 0.932617
vn -0.687012 0.677246 0.262939
vn -0.936035 0.290771 0.197998
vn -0.840088 0.015137 0.541748
vn -0.893799 -0.384521 0.230469
vn -0.963135 -0.027832 0.266846
vn -0.996094 -0.043213 -0.075928
vn -0.963135 -0.027832 0.266846
vn -0.936035 0.290771 0.197998
vn -0.996094 -0.043213 -0.075928
vn -0.936035 0.290771 0.197998
vn -0.976318 0.205078 -0.066650
vn -0.996094 -0.043213 -0.075928
vn -0.893799 -0.384521 0.230469
vn -0.703369 -0.709961 -0.029053
vn -0.550537 -0.633545 0.543457
vn -0.909180 0.415283 -0.024170
vn -0.936035 0.290771 0.197998
vn -0.687012 0.677246 0.262939
vn -0.840088 0.015137 0.541748
vn -0.936035 0.290771 0.197998
vn -0.963135 -0.027832 0.266846
vn -0.840088 0.015137 0.541748
vn -0.893799 -0.384521 0.230469
vn -0.550537 -0.633545 0.543457
vn -0.072021 0.981689 0.175781
vn 0.422607 0.877441 0.225830
vn 0.348145 0.910889 0.220215
vn -0.399658 0.892090 0.209961
vn -0.072021 0.981689 0.175781
vn -0.687012 0.677246 0.262939
vn 0.000000 0.976807 0.213379
vn 0.422607 0.877441 0.225830
vn 0.000000 0.999756 0.007812
vn 0.000000 0.380615 0.924561
vn 0.604980 -0.033203 0.795410
vn 0.000000 0.036133 0.999268
vn 0.000000 0.997314 -0.072021
vn 0.159912 0.984375 -0.071045
vn 0.000000 0.997314 -0.072021
vn 0.000000 0.955566 -0.294189
vn 0.375000 0.885742 -0.272705
vn 0.000000 0.955566 -0.294189
vn 0.000000 0.999756 0.007812
vn -0.399658 0.892090 0.209961
vn 0.000000 0.976807 0.213379
vn 0.000000 0.036133 0.999268
vn -0.604980 -0.033203 0.795410
vn 0.000000 0.380615 0.924561
vn 0.000000 0.997314 -0.072021
vn -0.159912 0.984375 -0.071045
vn 0.000000 0.997314 -0.072021
vn 0.000000 0.955566 -0.294189
vn -0.375000 0.885742 -0.272705
vn 0.000000 0.955566 -0.294189
vn 0.000000 -0.411133 -0.911377
vn 0.805420 0.038086 -0.591309
vn 0.000000 -0.326416 -0.945068
vn 0.805420 0.038086 -0.591309
vn 0.711426 -0.358887 -0.603760
vn 0.000000 -0.326416 -0.945068
vn 0.000000 -0.326416 -0.945068
vn -0.805420 0.038086 -0.591309
vn 0.000000 -0.411133 -0.911377
vn 0.000000 -0.326416 -0.945068
vn -0.711426 -0.358887 -0.603760
vn -0.805420 0.038086 -0.591309
vn 0.000000 0.036133 0.999268
vn 0.714844 0.252686 0.651611
vn 0.000000 -0.964600 0.263428
vn 0.000000 -0.964600 0.263428
vn -0.714844 0.252686 0.651611
vn 0.000000 0.036133 0.999268
vn 0.408691 -0.118896 -0.904785
vn 0.150879 0.137939 -0.978760
vn 0.351807 0.559326 -0.750244
vn 0.000000 0.991211 0.131104
vn 0.251221 0.936035 -0.245361
vn 0.000000 0.934570 -0.355225
vn 0.251221 0.936035 -0.245361
vn 0.807373 0.570068 -0.150879
vn 0.631348 0.713135 -0.303955
vn 0.000000 0.463867 -0.885742
vn 0.351807 0.559326 -0.750244
vn 0.150879 0.137939 -0.978760
vn 0.351807 0.559326 -0.750244
vn 0.631348 0.713135 -0.303955
vn 0.807373 0.570068 -0.150879
vn -0.351807 0.559326 -0.750244
vn -0.150879 0.137939 -0.978760
vn -0.408691 -0.118896 -0.904785
vn -0.815918 0.514404 -0.263184
vn -0.430908 0.898926 0.077637
vn -0.585938 0.725830 -0.359863
vn -0.585938 0.725830 -0.359863
vn -0.430908 0.898926 0.077637
vn -0.115967 0.921143 -0.370850
vn -0.150879 0.137939 -0.978760
vn -0.351807 0.559326 -0.750244
vn 0.000000 0.463867 -0.885742
vn -0.815918 0.514404 -0.263184
vn -0.585938 0.725830 -0.359863
vn -0.351807 0.559326 -0.750244
vn 0.631348 0.713135 -0.303955
vn 0.351807 0.559326 -0.750244
vn 0.251221 0.936035 -0.245361
vn 0.000000 0.934570 -0.355225
vn 0.251221 0.936035 -0.245361
vn 0.000000 0.463867 -0.885742
vn 0.351807 0.559326 -0.750244
vn 0.000000 0.463867 -0.885742
vn 0.251221 0.936035 -0.245361
vn 0.000000 0.934570 -0.355225
vn 0.000000 0.463867 -0.885742
vn -0.115967 0.921143 -0.370850
vn -0.585938 0.725830 -0.359863
vn -0.115967 0.921143 -0.370850
vn -0.351807 0.559326 -0.750244
vn -0.115967 0.921143 -0.370850
vn 0.000000 0.463867 -0.885742
vn -0.351807 0.559326 -0.750244
vn 0.361328 0.930664 0.055176
vn 0.251221 0.936035 -0.245361
vn 0.000000 0.991211 0.131104
vn 0.361328 0.930664 0.055176
vn 0.807373 0.570068 -0.150879
vn 0.251221 0.936035 -0.245361
vn 0.000000 0.934570 -0.355225
vn -0.115967 0.921143 -0.370850
vn 0.000000 0.991211 0.131104
vn -0.430908 0.898926 0.077637
vn 0.000000 0.991211 0.131104
vn -0.115967 0.921143 -0.370850
vn 0.154053 0.639160 0.753174
vn 0.149658 0.651367 0.743408
vn -0.555176 0.780273 0.287354
vn -0.264893 0.532471 -0.803711
vn -0.555176 0.780273 0.287354
vn 0.111572 0.450684 -0.885498
vn -0.921875 0.323486 0.211914
vn -0.555176 0.780273 0.287354
vn -0.264893 0.532471 -0.803711
vn 0.154053 0.639160 0.753174
vn -0.555176 0.780273 0.287354
vn -0.274902 0.324951 0.904785
vn -0.921875 0.323486 0.211914
vn -0.274902 0.324951 0.904785
vn -0.555176 0.780273 0.287354
vn -0.243408 -0.075439 0.966797
vn -0.274902 0.324951 0.904785
vn -0.921875 0.323486 0.211914
vn 0.154053 0.639160 0.753174
vn -0.274902 0.324951 0.904785
vn 0.351318 0.185547 0.917480
vn -0.243408 -0.075439 0.966797
vn 0.351318 0.185547 0.917480
vn -0.274902 0.324951 0.904785
vn 0.731689 -0.143066 0.666260
vn 0.351318 0.185547 0.917480
vn -0.243408 -0.075439 0.966797
vn 0.154053 0.639160 0.753174
vn 0.351318 0.185547 0.917480
vn 0.799805 0.431885 0.416504
vn 0.731689 -0.143066 0.666260
vn 0.799805 0.431885 0.416504
vn 0.351318 0.185547 0.917480
vn 0.790527 0.228271 -0.567871
vn 0.799805 0.431885 0.416504
vn 0.731689 -0.143066 0.666260
vn 0.154053 0.639160 0.753174
vn 0.799805 0.431885 0.416504
vn 0.149658 0.651367 0.743408
vn 0.790527 0.228271 -0.567871
vn 0.111572 0.450684 -0.885498
vn 0.799805 0.431885 0.416504
vn -0.264893 0.532471 -0.803711
vn 0.111572 0.450684 -0.885498
vn 0.790527 0.228271 -0.567871
vn 0.550293 0.593506 0.587158
vn -0.149658 0.651367 0.743408
vn -0.154053 0.639160 0.753174
vn 0.309814 0.537354 -0.784180
vn 0.829102 0.478271 -0.288574
vn -0.132080 0.463623 -0.875977
vn 0.550293 0.593506 0.587158
vn 0.829102 0.478271 -0.288574
vn 0.309814 0.537354 -0.784180
vn 0.054199 0.252686 0.965820
vn 0.550293 0.593506 0.587158
vn -0.154053 0.639160 0.753174
vn 0.550293 0.593506 0.587158
vn 0.597412 0.042969 0.800537
vn 0.829102 0.478271 -0.288574
vn 0.054199 0.252686 0.965820
vn 0.597412 0.042969 0.800537
vn 0.550293 0.593506 0.587158
vn -0.591553 0.212646 0.777344
vn 0.054199 0.252686 0.965820
vn -0.154053 0.639160 0.753174
vn 0.054199 0.252686 0.965820
vn -0.447998 -0.162842 0.878906
vn 0.597412 0.042969 0.800537
vn -0.591553 0.212646 0.777344
vn -0.447998 -0.162842 0.878906
vn 0.054199 0.252686 0.965820
vn -0.760498 0.643799 0.083008
vn -0.591553 0.212646 0.777344
vn -0.154053 0.639160 0.753174
vn -0.591553 0.212646 0.777344
vn -0.998779 0.024902 -0.042480
vn -0.447998 -0.162842 0.878906
vn -0.760498 0.643799 0.083008
vn -0.998779 0.024902 -0.042480
vn -0.591553 0.212646 0.777344
vn -0.149658 0.651367 0.743408
vn -0.760498 0.643799 0.083008
vn -0.154053 0.639160 0.753174
vn -0.760498 0.643799 0.083008
vn -0.132080 0.463623 -0.875977
vn -0.998779 0.024902 -0.042480
vn 0.309814 0.537354 -0.784180
vn -0.132080 0.463623 -0.875977
vn -0.760498 0.643799 0.083008
vn -0.585693 0.678223 -0.443604
vn 0.082275 0.789551 -0.607910
vn 0.083984 0.785400 -0.613037
vn -0.285400 0.413086 0.864502
vn -0.829834 0.428223 0.356934
vn 0.165039 0.326660 0.930420
vn -0.585693 0.678223 -0.443604
vn -0.829834 0.428223 0.356934
vn -0.285400 0.413086 0.864502
vn -0.120117 0.414795 -0.901855
vn -0.585693 0.678223 -0.443604
vn 0.083984 0.785400 -0.613037
vn -0.585693 0.678223 -0.443604
vn -0.619141 0.156250 -0.769287
vn -0.829834 0.428223 0.356934
vn -0.120117 0.414795 -0.901855
vn -0.619141 0.156250 -0.769287
vn -0.585693 0.678223 -0.443604
vn 0.562988 0.359375 -0.744141
vn -0.120117 0.414795 -0.901855
vn 0.083984 0.785400 -0.613037
vn -0.120117 0.414795 -0.901855
vn 0.421631 -0.045166 -0.905518
vn -0.619141 0.156250 -0.769287
vn 0.562988 0.359375 -0.744141
vn 0.421631 -0.045166 -0.905518
vn -0.120117 0.414795 -0.901855
vn 0.740723 0.670654 0.035156
vn 0.562988 0.359375 -0.744141
vn 0.083984 0.785400 -0.613037
vn 0.562988 0.359375 -0.744141
vn 0.998047 0.020264 0.057129
vn 0.421631 -0.045166 -0.905518
vn 0.740723 0.670654 0.035156
vn 0.998047 0.020264 0.057129
vn 0.562988 0.359375 -0.744141
vn 0.082275 0.789551 -0.607910
vn 0.740723 0.670654 0.035156
vn 0.083984 0.785400 -0.613037
vn 0.740723 0.670654 0.035156
vn 0.165039 0.326660 0.930420
vn 0.998047 0.020264 0.057129
vn -0.285400 0.413086 0.864502
vn 0.165039 0.326660 0.930420
vn 0.740723 0.670654 0.035156
vn -0.083984 0.785400 -0.613037
vn -0.082275 0.789551 -0.607910
vn 0.578369 0.806641 -0.120361
vn 0.260498 0.407959 0.874756
vn 0.578369 0.806641 -0.120361
vn -0.153320 0.319580 0.935059
vn 0.925537 0.350586 -0.141113
vn 0.578369 0.806641 -0.120361
vn 0.260498 0.407959 0.874756
vn -0.083984 0.785400 -0.613037
vn 0.578369 0.806641 -0.120361
vn 0.335449 0.479492 -0.810547
vn 0.925537 0.350586 -0.141113
vn 0.335449 0.479492 -0.810547
vn 0.578369 0.806641 -0.120361
vn 0.270020 0.057617 -0.960938
vn 0.335449 0.479492 -0.810547
vn 0.925537 0.350586 -0.141113
vn -0.083984 0.785400 -0.613037
vn 0.335449 0.479492 -0.810547
vn -0.309814 0.349609 -0.884033
vn 0.270020 0.057617 -0.960938
vn -0.309814 0.349609 -0.884033
vn 0.335449 0.479492 -0.810547
vn -0.742676 -0.057373 -0.666992
vn -0.309814 0.349609 -0.884033
vn 0.270020 0.057617 -0.960938
vn -0.083984 0.785400 -0.613037
vn -0.309814 0.349609 -0.884033
vn -0.791748 0.515869 -0.326904
vn -0.742676 -0.057373 -0.666992
vn -0.791748 0.515869 -0.326904
vn -0.309814 0.349609 -0.884033
vn -0.812744 0.138916 0.565674
vn -0.791748 0.515869 -0.326904
vn -0.742676 -0.057373 -0.666992
vn -0.083984 0.785400 -0.613037
vn -0.791748 0.515869 -0.326904
vn -0.082275 0.789551 -0.607910
vn -0.812744 0.138916 0.565674
vn -0.153320 0.319580 0.935059
vn -0.791748 0.515869 -0.326904
vn 0.260498 0.407959 0.874756
vn -0.153320 0.319580 0.935059
vn -0.812744 0.138916 0.565674
vn -0.261719 0.645020 -0.717773
vn -0.251465 0.818604 -0.516113
vn -0.535889 0.691650 -0.483887
vn 0.396240 0.808838 -0.433838
vn 0.327881 0.917969 -0.222168
vn 0.661377 0.577637 -0.478027
vn 0.661377 0.577637 -0.478027
vn 0.701904 0.571533 -0.424561
vn 0.619873 0.745361 -0.245117
vn 0.327881 0.917969 -0.222168
vn 0.643555 0.431885 -0.631348
vn 0.661377 0.577637 -0.478027
vn 0.661377 0.577637 -0.478027
vn 0.619873 0.745361 -0.245117
vn 0.396240 0.808838 -0.433838
vn 0.701904 0.571533 -0.424561
vn 0.661377 0.577637 -0.478027
vn 0.643555 0.431885 -0.631348
vn -0.535889 0.691650 -0.483887
vn -0.251465 0.818604 -0.516113
vn -0.575195 0.772949 -0.267334
vn -0.619873 0.745361 -0.245117
vn -0.701904 0.571533 -0.424561
vn -0.535889 0.691650 -0.483887
vn -0.535889 0.691650 -0.483887
vn -0.643555 0.431885 -0.631348
vn -0.261719 0.645020 -0.717773
vn -0.575195 0.772949 -0.267334
vn -0.619873 0.745361 -0.245117
vn -0.535889 0.691650 -0.483887
vn -0.643555 0.431885 -0.631348
vn -0.535889 0.691650 -0.483887
vn -0.701904 0.571533 -0.424561
vn -0.312744 0.464355 0.828369
vn 0.327881 0.917969 -0.222168
vn 0.396240 0.808838 -0.433838
vn -0.285400 -0.561523 -0.776367
vn -0.314453 -0.816406 -0.484131
vn -0.275879 -0.866455 -0.415771
vn -0.312744 0.464355 0.828369
vn -0.260742 0.184570 0.947510
vn 0.327881 0.917969 -0.222168
vn -0.275879 -0.866455 -0.415771
vn -0.248291 -0.947754 -0.199951
vn -0.198486 -0.939209 -0.279541
vn 0.448975 -0.082764 0.889404
vn 0.337158 0.036377 0.940674
vn 0.292236 0.074219 0.953369
vn 0.312256 -0.773926 -0.550537
vn 0.292236 -0.855957 -0.426025
vn 0.285400 -0.561523 -0.776367
vn 0.292236 0.074219 0.953369
vn 0.208252 0.151123 0.966064
vn 0.200928 0.147705 0.968262
vn 0.272949 -0.937012 -0.217285
vn 0.292236 -0.855957 -0.426025
vn 0.312256 -0.773926 -0.550537
vn 0.337158 0.036377 0.940674
vn 0.208252 0.151123 0.966064
vn 0.292236 0.074219 0.953369
vn -0.217773 0.147217 0.964600
vn -0.247803 0.106201 0.962891
vn -0.312744 0.464355 0.828369
vn -0.247803 0.106201 0.962891
vn -0.260742 0.184570 0.947510
vn -0.312744 0.464355 0.828369
vn -0.314453 -0.816406 -0.484131
vn -0.248291 -0.947754 -0.199951
vn -0.275879 -0.866455 -0.415771
vn 0.235596 -0.958008 -0.162109
vn 0.292236 -0.855957 -0.426025
vn 0.272949 -0.937012 -0.217285
usemtl Texture
f 1/1/1 2/2/2 3/3/3
f 4/4/4 5/5/5 6/6/6
f 7/7/7 8/8/8 9/9/9
f 10/10/10 11/11/11 12/12/12
f 13/13/13 14/14/14 15/15/15
f 16/16/16 17/17/17 18/18/18
f 19/19/19 20/20/20 21/21/21
f 22/22/22 23/23/23 24/24/24
f 25/25/25 26/26/26 27/27/27
f 28/28/28 29/29/29 30/30/30
f 31/31/31 32/32/32 33/33/33
f 34/34/34 35/35/35 36/36/36
f 37/37/37 38/38/38 39/39/39
f 40/40/40 41/41/41 42/42/42
f 43/43/43 44/44/44 45/45/45
f 46/46/46 47/47/47 48/48/48
f 49/49/49 50/50/50 51/51/51
f 52/52/52 53/53/53 54/54/54
f 55/55/55 56/56/56 57/57/57
f 58/58/58 59/59/59 60/60/60
f 61/61/61 62/62/62 63/63/63
f 64/64/64 65/65/65 66/66/66
f 67/67/67 68/68/68 69/69/69
f 70/70/70 71/71/71 72/72/72
f 73/73/73 74/74/74 75/75/75
f 76/76/76 77/77/77 78/78/78
f 79/79/79 80/80/80 81/81/81
f 82/82/82 83/83/83 84/84/84
f 85/85/85 86/86/86 87/87/87
f 88/88/88 89/89/89 90/90/90
f 91/91/91 92/92/92 93/93/93
f 94/94/94 95/95/95 96/96/96
f 97/97/97 98/98/98 99/99/99
f 100/100/100 101/101/101 102/102/102
f 103/103/103 104/104/104 105/105/105
f 106/106/106 107/107/107 108/108/108
f 109/109/109 110/110/110 111/111/111
f 112/112/112 113/113/113 114/114/114
f 115/115/115 116/116/116 117/117/117
f 118/118/118 119/119/119 120/120/120
f 121/121/121 122/122/122 123/123/123
f 124/124/124 125/125/125 126/126/126
f 127/127/127 128/128/128 129/129/129
f 130/130/130 131/131/131 132/132/132
f 133/133/133 134/134/134 135/135/135
f 136/136/136 137/137/137 138/138/138
f 139/139/139 140/140/140 141/141/141
f 142/142/142 143/143/143 144/144/144
f 145/145/145 146/146/146 147/147/147
f 148/148/148 149/149/149 150/150/150
f 151/151/151 152/152/152 153/153/153
f 154/154/154 155/155/155 156/156/156
f 157/157/157 158/158/158 159/159/159
f 160/160/160 161/161/161 162/162/162
f 163/163/163 164/164/164 165/165/165
f 166/166/166 167/167/167 168/168/168
f 169/169/169 170/170/170 171/171/171
f 172/172/172 173/173/173 174/174/174
f 175/175/175 176/176/176 177/177/177
f 178/178/178 179/179/179 180/180/180
f 181/181/181 182/182/182 183/183/183
f 184/184/184 185/185/185 186/186/186
f 187/187/187 188/188/188 189/189/189
f 190/190/190 191/191/191 192/192/192
f 193/193/193 194/194/194 195/195/195
f 196/196/196 197/197/197 198/198/198
f 199/199/199 200/200/200 201/201/201
f 202/202/202 203/203/203 204/204/204
f 205/205/205 206/206/206 207/207/207
f 208/208/208 209/209/209 210/210/210
f 211/211/211 212/212/212 213/213/213
f 214/214/214 215/215/215 216/216/216
f 217/217/217 218/218/218 219/219/219
f 220/220/220 221/221/221 222/222/222
f 223/223/223 224/224/224 225/225/225
f 226/226/226 227/227/227 228/228/228
f 229/229/229 230/230/230 231/231/231
f 232/232/232 233/233/233 234/234/234
f 235/235/235 236/236/236 237/237/237
f 238/238/238 239/239/239 240/240/240
f 241/241/241 242/242/242 243/243/243
f 244/244/244 245/245/245 246/246/246
f 247/247/247 248/248/248 249/249/249
f 250/250/250 251/251/251 252/252/252
f 253/253/253 254/254/254 255/255/255
f 256/256/256 257/257/257 258/258/258
f 259/259/259 260/260/260 261/261/261
f 262/262/262 263/263/263 264/264/264
f 265/265/265 266/266/266 267/267/267
f 268/268/268 269/269/269 270/270/270
f 271/271/271 272/272/272 273/273/273
f 274/274/274 275/275/275 276/276/276
f 277/277/277 278/278/278 279/279/279
f 280/280/280 281/281/281 282/282/282
f 283/283/283 284/284/284 285/285/285
f 286/286/286 287/287/287 288/288/288
f 289/289/289 290/290/290 291/291/291
f 292/292/292 293/293/293 294/294/294
f 295/295/295 296/296/296 297/297/297
f 298/298/298 299/299/299 300/300/300
f 301/301/301 302/302/302 303/303/303
f 304/304/304 305/305/305 306/306/306
f 307/307/307 308/308/308 309/309/309
f 310/310/310 311/311/311 312/312/312
f 313/313/313 314/314/314 315/315/315
f 316/316/316 317/317/317 318/318/318
f 319/319/319 320/320/320 321/321/321
f 322/322/322 323/323/323 324/324/324
f 325/325/325 326/326/326 327/327/327
f 328/328/328 329/329/329 330/330/330
f 331/331/331 332/332/332 333/333/333
f 334/334/334 335/335/335 336/336/336
f 337/337/337 338/338/338 339/339/339
f 340/340/340 341/341/341 342/342/342
f 343/343/343 344/344/344 345/345/345
f 346/346/346 347/347/347 348/348/348
f 349/349/349 350/350/350 351/351/351
f 352/352/352 353/353/353 354/354/354
f 355/355/355 356/356/356 357/357/357
f 358/358/358 359/359/359 360/360/360
f 361/361/361 362/362/362 363/363/363
f 364/364/364 365/365/365 366/366/366
f 367/367/367 368/368/368 369/369/369
f 370/370/370 371/371/371 372/372/372
f 373/373/373 374/374/374 375/375/375
f 376/376/376 377/377/377 378/378/378
f 379/379/379 380/380/380 381/381/381
f 382/382/382 383/383/383 384/384/384
f 385/385/385 386/386/386 387/387/387
f 388/388/388 389/389/389 390/390/390
f 391/391/391 392/392/392 393/393/393
f 394/394/394 395/395/395 396/396/396
f 397/397/397 398/398/398 399/399/399
f 400/400/400 401/401/401 402/402/402
f 403/403/403 404/404/404 405/405/405
f 406/406/406 407/407/407 408/408/408
f 409/409/409 410/410/410 411/411/411
f 412/412/412 413/413/413 414/414/414
f 415/415/415 416/416/416 417/417/417
f 418/418/418 419/419/419 420/420/420
f 421/421/421 422/422/422 423/423/423
f 424/424/424 425/425/425 426/426/426
f 427/427/427 428/428/428 429/429/429
f 430/430/430 431/431/431 432/432/432
f 433/433/433 434/434/434 435/435/435
f 436/436/436 437/437/437 438/438/438
f 439/439/439 440/440/440 441/441/441
f 442/442/442 443/443/443 444/444/444
f 445/445/445 446/446/446 447/447/447
f 448/448/448 449/449/449 450/450/450
f 451/451/451 452/452/452 453/453/453
f 454/454/454 455/455/455 456/456/456
f 457/457/457 458/458/458 459/459/459
f 460/460/460 461/461/461 462/462/462
f 463/463/463 464/464/464 465/465/465
f 466/466/466 467/467/467 468/468/468
f 469/469/469 470/470/470 471/471/471
f 472/472/472 473/473/473 474/474/474
f 475/475/475 476/476/476 477/477/477
f 478/478/478 479/479/479 480/480/480
f 481/481/481 482/482/482 483/483/483
f 484/484/484 485/485/485 486/486/486
f 487/487/487 488/488/488 489/489/489
f 490/490/490 491/491/491 492/492/492
f 493/493/493 494/494/494 495/495/495
f 496/496/496 497/497/497 498/498/498
f 499/499/499 500/500/500 501/501/501
f 502/502/502 503/503/503 504/504/504
f 505/505/505 506/506/506 507/507/507
f 508/508/508 509/509/509 510/510/510
f 511/511/511 512/512/512 513/513/513
f 514/514/514 515/515/515 516/516/516
f 517/517/517 518/518/518 519/519/519
f 520/520/520 521/521/521 522/522/522
f 523/523/523 524/524/524 525/525/525
f 526/526/526 527/527/527 528/528/528
f 529/529/529 530/530/530 531/531/531
f 532/532/532 533/533/533 534/534/534
f 535/535/535 536/536/536 537/537/537
f 538/538/538 539/539/539 540/540/540
f 541/541/541 542/542/542 543/543/543
f 544/544/544 545/545/545 546/546/546
f 547/547/547 548/548/548 549/549/549
f 550/550/550 551/551/551 552/552/552
f 553/553/553 554/554/554 555/555/555
f 556/556/556 557/557/557 558/558/558
f 559/559/559 560/560/560 561/561/561
f 562/562/562 563/563/563 564/564/564
f 565/565/565 566/566/566 567/567/567
f 568/568/568 569/569/569 570/570/570
f 571/571/571 572/572/572 573/573/573
f 574/574/574 575/575/575 576/576/576
f 577/577/577 578/578/578 579/579/579
f 580/580/580 581/581/581 582/582/582
f 583/583/583 584/584/584 585/585/585
f 586/586/586 587/587/587 588/588/588
f 589/589/589 590/590/590 591/591/591
f 592/592/592 593/593/593 594/594/594
f 595/595/595 596/596/596 597/597/597
f 598/598/598 599/599/599 600/600/600
f 601/601/601 602/602/602 603/603/603
f 604/604/604 605/605/605 606/606/606
f 607/607/607 608/608/608 609/609/609
f 610/610/610 611/611/611 612/612/612
f 613/613/613 614/614/614 615/615/615
f 616/616/616 617/617/617 618/618/618
f 619/619/619 620/620/620 621/621/621
f 622/622/622 623/623/623 624/624/624
f 625/625/625 626/626/626 627/627/627
f 628/628/628 629/629/629 630/630/630
f 631/631/631 632/632/632 633/633/633
f 634/634/634 635/635/635 636/636/636
f 637/637/637 638/638/638 639/639/639
f 640/640/640 641/641/641 642/642/642
f 643/643/643 644/644/644 645/645/645
f 646/646/646 647/647/647 648/648/648
f 649/649/649 650/650/650 651/651/651
f 652/652/652 653/653/653 654/654/654
f 655/655/655 656/656/656 657/657/657
f 658/658/658 659/659/659 660/660/660
f 661/661/661 662/662/662 663/663/663
f 664/664/664 665/665/665 666/666/666
f 667/667/667 668/668/668 669/669/669
f 670/670/670 671/671/671 672/672/672
f 673/673/673 674/674/674 675/675/675
f 676/676/676 677/677/677 678/678/678
f 679/679/679 680/680/680 681/681/681
f 682/682/682 683/683/683 684/684/684
f 685/685/685 686/686/686 687/687/687
f 688/688/688 689/689/689 690/690/690
f 691/691/691 692/692/692 693/693/693
f 694/694/694 695/695/695 696/696/696
f 697/697/697 698/698/698 699/699/699
f 700/700/700 701/701/701 702/702/702
f 703/703/703 704/704/704 705/705/705
f 706/706/706 707/707/707 708/708/708
f 709/709/709 710/710/710 711/711/711
f 712/712/712 713/713/713 714/714/714
f 715/715/715 716/716/716 717/717/717
f 718/718/718 719/719/719 720/720/720
f 721/721/721 722/722/722 723/723/723
f 724/724/724 725/725/725 726/726/726
f 727/727/727 728/728/728 729/729/729
f 730/730/730 731/731/731 732/732/732
f 733/733/733 734/734/734 735/735/735
f 736/736/736 737/737/737 738/738/738
f 739/739/739 740/740/740 741/741/741
f 742/742/742 743/743/743 744/744/744
f 745/745/745 746/746/746 747/747/747
f 748/748/748 749/749/749 750/750/750
f 751/751/751 752/752/752 753/753/753
f 754/754/754 755/755/755 756/756/756
f 757/757/757 758/758/758 759/759/759
f 760/760/760 761/761/761 762/762/762
f 763/763/763 764/764/764 765/765/765
f 766/766/766 767/767/767 768/768/768
f 769/769/769 770/770/770 771/771/771
f 772/772/772 773/773/773 774/774/774
