# OBJ file
mtllib HARUKA3.ICO.mtl
v -0.137207 1.946533 0.559570 0.678431 0.678431 0.678431 #0.549020
v -0.398926 2.397949 0.586670 0.678431 0.678431 0.678431 #0.533333
v 0.331299 2.083252 0.432373 0.678431 0.678431 0.678431 #0.505882
v -0.451660 4.374023 0.577148 0.678431 0.678431 0.678431 #0.549020
v -0.576660 4.510254 0.018799 0.678431 0.678431 0.678431 #0.533333
v -0.608643 4.097900 -0.080566 0.678431 0.678431 0.678431 #0.505882
v 0.596436 4.793213 0.122070 0.678431 0.678431 0.678431 #0.549020
v 0.136475 4.935303 0.221680 0.678431 0.678431 0.678431 #0.533333
v 0.124268 4.727539 0.712402 0.678431 0.678431 0.678431 #0.505882
v 0.568359 4.563965 0.618408 0.678431 0.678431 0.678431 #0.549020
v 0.124268 4.727539 0.712402 0.678431 0.678431 0.678431 #0.533333
v 0.113770 4.343506 0.866699 0.678431 0.678431 0.678431 #0.505882
v 0.113770 4.343506 0.866699 0.678431 0.678431 0.678431 #0.549020
v 0.124268 4.727539 0.712402 0.678431 0.678431 0.678431 #0.533333
v -0.322998 4.583008 0.604492 0.678431 0.678431 0.678431 #0.505882
v -0.137207 1.946533 0.559570 0.678431 0.678431 0.678431 #0.549020
v 0.464111 1.599609 0.671631 0.678431 0.678431 0.678431 #0.533333
v 0.340820 2.417236 0.761719 0.678431 0.678431 0.678431 #0.505882
v 0.214111 3.244629 0.853760 0.678431 0.678431 0.678431 #0.549020
v 0.340820 2.417236 0.761719 0.678431 0.678431 0.678431 #0.533333
v 0.920898 2.626709 0.316406 0.678431 0.678431 0.678431 #0.505882
v -0.576660 4.510254 0.018799 0.678431 0.678431 0.678431 #0.549020
v -0.451660 4.374023 0.577148 0.678431 0.678431 0.678431 #0.533333
v -0.322998 4.583008 0.604492 0.678431 0.678431 0.678431 #0.505882
v 0.596436 4.793213 0.122070 0.678431 0.678431 0.678431 #0.549020
v 0.143555 4.901367 -0.287109 0.678431 0.678431 0.678431 #0.533333
v 0.136475 4.935303 0.221680 0.678431 0.678431 0.678431 #0.505882
v 0.136475 4.935303 0.221680 0.678431 0.678431 0.678431 #0.549020
v 0.143555 4.901367 -0.287109 0.678431 0.678431 0.678431 #0.533333
v -0.325928 4.812988 0.107666 0.678431 0.678431 0.678431 #0.505882
v 0.595459 4.051758 -0.387695 0.678431 0.678431 0.678431 #0.549020
v 0.399902 4.246338 -0.648193 0.678431 0.678431 0.678431 #0.533333
v 0.615479 4.262695 -0.519287 0.678431 0.678431 0.678431 #0.505882
v -0.608643 4.097900 -0.080566 0.678431 0.678431 0.678431 #0.549020
v -0.432861 4.356934 -0.463867 0.678431 0.678431 0.678431 #0.533333
v -0.375977 4.148682 -0.424561 0.678431 0.678431 0.678431 #0.505882
v 0.002686 4.332275 -0.753418 0.678431 0.678431 0.678431 #0.549020
v -0.375977 4.148682 -0.424561 0.678431 0.678431 0.678431 #0.533333
v -0.432861 4.356934 -0.463867 0.678431 0.678431 0.678431 #0.505882
v -0.342529 4.682617 -0.372803 0.678431 0.678431 0.678431 #0.549020
v 0.252686 4.580322 -0.657227 0.678431 0.678431 0.678431 #0.533333
v 0.002686 4.332275 -0.753418 0.678431 0.678431 0.678431 #0.505882
v -0.325928 4.812988 0.107666 0.678431 0.678431 0.678431 #0.549020
v -0.342529 4.682617 -0.372803 0.678431 0.678431 0.678431 #0.533333
v -0.576660 4.510254 0.018799 0.678431 0.678431 0.678431 #0.505882
v -0.576660 4.510254 0.018799 0.678431 0.678431 0.678431 #0.549020
v -0.342529 4.682617 -0.372803 0.678431 0.678431 0.678431 #0.533333
v -0.432861 4.356934 -0.463867 0.678431 0.678431 0.678431 #0.505882
v 0.854492 4.066650 -0.057861 0.678431 0.678431 0.678431 #0.549020
v 0.622559 4.661865 -0.357666 0.678431 0.678431 0.678431 #0.533333
v 0.836914 4.479980 0.041016 0.678431 0.678431 0.678431 #0.505882
v 0.836914 4.479980 0.041016 0.678431 0.678431 0.678431 #0.549020
v 0.622559 4.661865 -0.357666 0.678431 0.678431 0.678431 #0.533333
v 0.596436 4.793213 0.122070 0.678431 0.678431 0.678431 #0.505882
v 0.622559 4.661865 -0.357666 0.678431 0.678431 0.678431 #0.549020
v 0.252686 4.580322 -0.657227 0.678431 0.678431 0.678431 #0.533333
v 0.273926 4.737549 -0.590088 0.678431 0.678431 0.678431 #0.505882
v 0.143555 4.901367 -0.287109 0.678431 0.678431 0.678431 #0.549020
v 0.596436 4.793213 0.122070 0.678431 0.678431 0.678431 #0.533333
v 0.622559 4.661865 -0.357666 0.678431 0.678431 0.678431 #0.505882
v -0.342529 4.682617 -0.372803 0.678431 0.678431 0.678431 #0.549020
v -0.325928 4.812988 0.107666 0.678431 0.678431 0.678431 #0.533333
v 0.143555 4.901367 -0.287109 0.678431 0.678431 0.678431 #0.505882
v 0.273926 4.737549 -0.590088 0.678431 0.678431 0.678431 #0.549020
v 0.252686 4.580322 -0.657227 0.678431 0.678431 0.678431 #0.533333
v -0.342529 4.682617 -0.372803 0.678431 0.678431 0.678431 #0.505882
v 0.340820 2.417236 0.761719 0.678431 0.678431 0.678431 #0.549020
v 0.464111 1.599609 0.671631 0.678431 0.678431 0.678431 #0.533333
v 0.829834 2.114258 0.361572 0.678431 0.678431 0.678431 #0.505882
v 0.854492 4.066650 -0.057861 0.678431 0.678431 0.678431 #0.549020
v 0.836914 4.479980 0.041016 0.678431 0.678431 0.678431 #0.533333
v 0.688721 4.349854 0.594971 0.678431 0.678431 0.678431 #0.505882
v 0.114014 3.380127 0.436279 0.678431 0.678431 0.678431 #0.549020
v 0.331299 2.083252 0.432373 0.678431 0.678431 0.678431 #0.533333
v -0.398926 2.397949 0.586670 0.678431 0.678431 0.678431 #0.505882
v 0.114014 3.380127 0.436279 0.678431 0.678431 0.678431 #0.549020
v 0.808105 3.156494 0.259277 0.678431 0.678431 0.678431 #0.533333
v 0.920898 2.626709 0.316406 0.678431 0.678431 0.678431 #0.505882
v 0.113770 4.343506 0.866699 0.678431 0.678431 0.678431 #0.549020
v 0.214111 3.244629 0.853760 0.678431 0.678431 0.678431 #0.533333
v 0.688721 4.349854 0.594971 0.678431 0.678431 0.678431 #0.505882
v 0.113770 4.343506 0.866699 0.678431 0.678431 0.678431 #0.549020
v -0.451660 4.374023 0.577148 0.678431 0.678431 0.678431 #0.533333
v 0.214111 3.244629 0.853760 0.678431 0.678431 0.678431 #0.505882
v 0.214111 3.244629 0.853760 0.678431 0.678431 0.678431 #0.549020
v -0.451660 4.374023 0.577148 0.678431 0.678431 0.678431 #0.533333
v -0.529541 3.010498 0.519531 0.678431 0.678431 0.678431 #0.505882
v 0.510254 3.497559 -0.009766 0.678431 0.678431 0.678431 #0.549020
v 0.588135 3.429199 -0.248291 0.678431 0.678431 0.678431 #0.533333
v 0.804443 3.697754 -0.035400 0.678431 0.678431 0.678431 #0.505882
v 0.622559 4.661865 -0.357666 0.678431 0.678431 0.678431 #0.549020
v 0.854492 4.066650 -0.057861 0.678431 0.678431 0.678431 #0.533333
v 0.615479 4.262695 -0.519287 0.678431 0.678431 0.678431 #0.505882
v 0.804443 3.697754 -0.035400 0.678431 0.678431 0.678431 #0.549020
v 0.588135 3.429199 -0.248291 0.678431 0.678431 0.678431 #0.533333
v 0.650879 3.831543 -0.288330 0.678431 0.678431 0.678431 #0.505882
v 0.252686 4.580322 -0.657227 0.678431 0.678431 0.678431 #0.549020
v 0.622559 4.661865 -0.357666 0.678431 0.678431 0.678431 #0.533333
v 0.615479 4.262695 -0.519287 0.678431 0.678431 0.678431 #0.505882
v 0.615479 4.262695 -0.519287 0.678431 0.678431 0.678431 #0.549020
v 0.399902 4.246338 -0.648193 0.678431 0.678431 0.678431 #0.533333
v 0.252686 4.580322 -0.657227 0.678431 0.678431 0.678431 #0.505882
v -0.432861 4.356934 -0.463867 0.678431 0.678431 0.678431 #0.549020
v -0.342529 4.682617 -0.372803 0.678431 0.678431 0.678431 #0.533333
v 0.002686 4.332275 -0.753418 0.678431 0.678431 0.678431 #0.505882
v -0.608643 4.097900 -0.080566 0.678431 0.678431 0.678431 #0.549020
v -0.375977 4.148682 -0.424561 0.678431 0.678431 0.678431 #0.533333
v -0.428467 3.893066 -0.318359 0.678431 0.678431 0.678431 #0.505882
v 0.595459 4.051758 -0.387695 0.678431 0.678431 0.678431 #0.549020
v 0.615479 4.262695 -0.519287 0.678431 0.678431 0.678431 #0.533333
v 0.854492 4.066650 -0.057861 0.678431 0.678431 0.678431 #0.505882
v 0.836914 4.479980 0.041016 0.678431 0.678431 0.678431 #0.549020
v 0.596436 4.793213 0.122070 0.678431 0.678431 0.678431 #0.533333
v 0.568359 4.563965 0.618408 0.678431 0.678431 0.678431 #0.505882
v 0.124268 4.727539 0.712402 0.678431 0.678431 0.678431 #0.549020
v 0.136475 4.935303 0.221680 0.678431 0.678431 0.678431 #0.533333
v -0.325928 4.812988 0.107666 0.678431 0.678431 0.678431 #0.505882
v -0.322998 4.583008 0.604492 0.678431 0.678431 0.678431 #0.549020
v 0.124268 4.727539 0.712402 0.678431 0.678431 0.678431 #0.533333
v -0.325928 4.812988 0.107666 0.678431 0.678431 0.678431 #0.505882
v -0.322998 4.583008 0.604492 0.678431 0.678431 0.678431 #0.549020
v -0.451660 4.374023 0.577148 0.678431 0.678431 0.678431 #0.533333
v 0.113770 4.343506 0.866699 0.678431 0.678431 0.678431 #0.505882
v 0.113770 4.343506 0.866699 0.678431 0.678431 0.678431 #0.549020
v 0.688721 4.349854 0.594971 0.678431 0.678431 0.678431 #0.533333
v 0.568359 4.563965 0.618408 0.678431 0.678431 0.678431 #0.505882
v 0.596436 4.793213 0.122070 0.678431 0.678431 0.678431 #0.549020
v 0.124268 4.727539 0.712402 0.678431 0.678431 0.678431 #0.533333
v 0.568359 4.563965 0.618408 0.678431 0.678431 0.678431 #0.505882
v -0.322998 4.583008 0.604492 0.678431 0.678431 0.678431 #0.549020
v -0.325928 4.812988 0.107666 0.678431 0.678431 0.678431 #0.533333
v -0.576660 4.510254 0.018799 0.678431 0.678431 0.678431 #0.505882
v 0.568359 4.563965 0.618408 0.678431 0.678431 0.678431 #0.549020
v 0.688721 4.349854 0.594971 0.678431 0.678431 0.678431 #0.533333
v 0.836914 4.479980 0.041016 0.678431 0.678431 0.678431 #0.505882
v -0.432861 4.356934 -0.463867 0.678431 0.678431 0.678431 #0.549020
v -0.608643 4.097900 -0.080566 0.678431 0.678431 0.678431 #0.533333
v -0.576660 4.510254 0.018799 0.678431 0.678431 0.678431 #0.505882
v -0.575195 3.727051 -0.056885 0.678431 0.678431 0.678431 #0.549020
v -0.364258 3.449463 -0.263184 0.678431 0.678431 0.678431 #0.533333
v -0.290771 3.514648 -0.022217 0.678431 0.678431 0.678431 #0.505882
v 0.650879 3.831543 -0.288330 0.678431 0.678431 0.678431 #0.549020
v 0.595459 4.051758 -0.387695 0.678431 0.678431 0.678431 #0.533333
v 0.854492 4.066650 -0.057861 0.678431 0.678431 0.678431 #0.505882
v -0.428467 3.893066 -0.318359 0.678431 0.678431 0.678431 #0.549020
v -0.364258 3.449463 -0.263184 0.678431 0.678431 0.678431 #0.533333
v -0.575195 3.727051 -0.056885 0.678431 0.678431 0.678431 #0.505882
v 0.650879 3.831543 -0.288330 0.678431 0.678431 0.678431 #0.549020
v 0.854492 4.066650 -0.057861 0.678431 0.678431 0.678431 #0.533333
v 0.804443 3.697754 -0.035400 0.678431 0.678431 0.678431 #0.505882
v -0.608643 4.097900 -0.080566 0.678431 0.678431 0.678431 #0.549020
v -0.428467 3.893066 -0.318359 0.678431 0.678431 0.678431 #0.533333
v -0.575195 3.727051 -0.056885 0.678431 0.678431 0.678431 #0.505882
v 0.273926 4.737549 -0.590088 0.678431 0.678431 0.678431 #0.549020
v 0.143555 4.901367 -0.287109 0.678431 0.678431 0.678431 #0.533333
v 0.622559 4.661865 -0.357666 0.678431 0.678431 0.678431 #0.505882
v -0.342529 4.682617 -0.372803 0.678431 0.678431 0.678431 #0.549020
v 0.143555 4.901367 -0.287109 0.678431 0.678431 0.678431 #0.533333
v 0.273926 4.737549 -0.590088 0.678431 0.678431 0.678431 #0.505882
v 0.331299 2.083252 0.432373 0.678431 0.678431 0.678431 #0.549020
v 0.920898 2.626709 0.316406 0.678431 0.678431 0.678431 #0.533333
v 0.829834 2.114258 0.361572 0.678431 0.678431 0.678431 #0.505882
v 0.331299 2.083252 0.432373 0.678431 0.678431 0.678431 #0.549020
v 0.464111 1.599609 0.671631 0.678431 0.678431 0.678431 #0.533333
v -0.137207 1.946533 0.559570 0.678431 0.678431 0.678431 #0.505882
v 0.829834 2.114258 0.361572 0.678431 0.678431 0.678431 #0.549020
v 0.464111 1.599609 0.671631 0.678431 0.678431 0.678431 #0.533333
v 0.331299 2.083252 0.432373 0.678431 0.678431 0.678431 #0.505882
v -0.451660 4.374023 0.577148 0.678431 0.678431 0.678431 #0.549020
v -0.608643 4.097900 -0.080566 0.678431 0.678431 0.678431 #0.533333
v -0.575195 3.727051 -0.056885 0.678431 0.678431 0.678431 #0.505882
v 0.340820 2.417236 0.761719 0.678431 0.678431 0.678431 #0.549020
v -0.398926 2.397949 0.586670 0.678431 0.678431 0.678431 #0.533333
v -0.137207 1.946533 0.559570 0.678431 0.678431 0.678431 #0.505882
v 0.829834 2.114258 0.361572 0.678431 0.678431 0.678431 #0.549020
v 0.920898 2.626709 0.316406 0.678431 0.678431 0.678431 #0.533333
v 0.340820 2.417236 0.761719 0.678431 0.678431 0.678431 #0.505882
v 0.804443 3.697754 -0.035400 0.678431 0.678431 0.678431 #0.549020
v 0.854492 4.066650 -0.057861 0.678431 0.678431 0.678431 #0.533333
v 0.688721 4.349854 0.594971 0.678431 0.678431 0.678431 #0.505882
v 0.114014 3.380127 0.436279 0.678431 0.678431 0.678431 #0.549020
v -0.398926 2.397949 0.586670 0.678431 0.678431 0.678431 #0.533333
v -0.529541 3.010498 0.519531 0.678431 0.678431 0.678431 #0.505882
v 0.114014 3.380127 0.436279 0.678431 0.678431 0.678431 #0.549020
v 0.105469 3.477051 0.215820 0.678431 0.678431 0.678431 #0.533333
v 0.510254 3.497559 -0.009766 0.678431 0.678431 0.678431 #0.505882
v 0.808105 3.156494 0.259277 0.678431 0.678431 0.678431 #0.549020
v 0.804443 3.697754 -0.035400 0.678431 0.678431 0.678431 #0.533333
v 0.688721 4.349854 0.594971 0.678431 0.678431 0.678431 #0.505882
v -0.290771 3.514648 -0.022217 0.678431 0.678431 0.678431 #0.549020
v 0.105469 3.477051 0.215820 0.678431 0.678431 0.678431 #0.533333
v 0.114014 3.380127 0.436279 0.678431 0.678431 0.678431 #0.505882
v -0.451660 4.374023 0.577148 0.678431 0.678431 0.678431 #0.549020
v -0.575195 3.727051 -0.056885 0.678431 0.678431 0.678431 #0.533333
v -0.529541 3.010498 0.519531 0.678431 0.678431 0.678431 #0.505882
v -0.529541 3.010498 0.519531 0.678431 0.678431 0.678431 #0.549020
v -0.575195 3.727051 -0.056885 0.678431 0.678431 0.678431 #0.533333
v -0.290771 3.514648 -0.022217 0.678431 0.678431 0.678431 #0.505882
v 0.510254 3.497559 -0.009766 0.678431 0.678431 0.678431 #0.549020
v 0.804443 3.697754 -0.035400 0.678431 0.678431 0.678431 #0.533333
v 0.808105 3.156494 0.259277 0.678431 0.678431 0.678431 #0.505882
v -0.290771 3.514648 -0.022217 0.678431 0.678431 0.678431 #0.549020
v 0.114014 3.380127 0.436279 0.678431 0.678431 0.678431 #0.533333
v -0.529541 3.010498 0.519531 0.678431 0.678431 0.678431 #0.505882
v -0.398926 2.397949 0.586670 0.678431 0.678431 0.678431 #0.549020
v 0.340820 2.417236 0.761719 0.678431 0.678431 0.678431 #0.533333
v 0.214111 3.244629 0.853760 0.678431 0.678431 0.678431 #0.505882
v 0.808105 3.156494 0.259277 0.678431 0.678431 0.678431 #0.549020
v 0.688721 4.349854 0.594971 0.678431 0.678431 0.678431 #0.533333
v 0.214111 3.244629 0.853760 0.678431 0.678431 0.678431 #0.505882
v 0.214111 3.244629 0.853760 0.678431 0.678431 0.678431 #0.549020
v -0.529541 3.010498 0.519531 0.678431 0.678431 0.678431 #0.533333
v -0.398926 2.397949 0.586670 0.678431 0.678431 0.678431 #0.505882
v 0.920898 2.626709 0.316406 0.678431 0.678431 0.678431 #0.549020
v 0.808105 3.156494 0.259277 0.678431 0.678431 0.678431 #0.533333
v 0.214111 3.244629 0.853760 0.678431 0.678431 0.678431 #0.505882
v 0.114014 3.380127 0.436279 0.678431 0.678431 0.678431 #0.549020
v 0.510254 3.497559 -0.009766 0.678431 0.678431 0.678431 #0.533333
v 0.808105 3.156494 0.259277 0.678431 0.678431 0.678431 #0.505882
v 0.920898 2.626709 0.316406 0.678431 0.678431 0.678431 #0.549020
v 0.331299 2.083252 0.432373 0.678431 0.678431 0.678431 #0.533333
v 0.114014 3.380127 0.436279 0.678431 0.678431 0.678431 #0.505882
v -0.099121 3.481445 0.212646 0.678431 0.678431 0.678431 #0.549020
v -0.067871 3.342773 -0.089355 0.678431 0.678431 0.678431 #0.533333
v -0.042236 3.277832 0.110107 0.678431 0.678431 0.678431 #0.505882
v -0.099121 3.481445 0.212646 0.678431 0.678431 0.678431 #0.549020
v -0.042236 3.277832 0.110107 0.678431 0.678431 0.678431 #0.533333
v 0.247803 3.271484 0.114502 0.678431 0.678431 0.678431 #0.505882
v -0.099121 3.481445 0.212646 0.678431 0.678431 0.678431 #0.549020
v 0.247803 3.271484 0.114502 0.678431 0.678431 0.678431 #0.505882
v 0.310059 3.472656 0.218994 0.678431 0.678431 0.678431 #1.000000
v 0.108643 3.305908 -0.225586 0.678431 0.678431 0.678431 #0.549020
v 0.282227 3.335205 -0.083740 0.678431 0.678431 0.678431 #0.533333
v 0.106445 3.235596 -0.183594 0.678431 0.678431 0.678431 #0.505882
v 0.106445 3.235596 -0.183594 0.678431 0.678431 0.678431 #0.549020
v 0.282227 3.335205 -0.083740 0.678431 0.678431 0.678431 #0.533333
v 0.247803 3.271484 0.114502 0.678431 0.678431 0.678431 #0.505882
v -0.042236 3.277832 0.110107 0.678431 0.678431 0.678431 #0.549020
v -0.067871 3.342773 -0.089355 0.678431 0.678431 0.678431 #0.533333
v 0.106445 3.235596 -0.183594 0.678431 0.678431 0.678431 #0.505882
v 0.106445 3.235596 -0.183594 0.678431 0.678431 0.678431 #0.549020
v -0.067871 3.342773 -0.089355 0.678431 0.678431 0.678431 #0.533333
v 0.108643 3.305908 -0.225586 0.678431 0.678431 0.678431 #0.505882
v 0.247803 3.271484 0.114502 0.678431 0.678431 0.678431 #0.549020
v 0.282227 3.335205 -0.083740 0.678431 0.678431 0.678431 #0.533333
v 0.310059 3.472656 0.218994 0.678431 0.678431 0.678431 #0.505882
v -0.135498 3.387695 -0.413086 0.678431 0.678431 0.678431 #0.549020
v -0.337891 3.534424 -0.110107 0.678431 0.678431 0.678431 #0.533333
v -0.344971 3.602051 -0.341064 0.678431 0.678431 0.678431 #0.505882
v -0.135498 3.387695 -0.413086 0.678431 0.678431 0.678431 #0.549020
v -0.250488 3.760010 -0.511719 0.678431 0.678431 0.678431 #0.533333
v -0.077393 3.566650 -0.572998 0.678431 0.678431 0.678431 #0.505882
v -0.077393 3.566650 -0.572998 0.678431 0.678431 0.678431 #0.549020
v -0.250488 3.760010 -0.511719 0.678431 0.678431 0.678431 #0.533333
v 0.126709 3.806396 -0.705078 0.678431 0.678431 0.678431 #0.505882
v -0.292236 3.912598 -0.443604 0.678431 0.678431 0.678431 #0.549020
v -0.313965 4.067139 -0.394775 0.678431 0.678431 0.678431 #0.533333
v 0.130859 4.058838 -0.614990 0.678431 0.678431 0.678431 #0.505882
v -0.344971 3.602051 -0.341064 0.678431 0.678431 0.678431 #0.549020
v -0.337891 3.534424 -0.110107 0.678431 0.678431 0.678431 #0.533333
v -0.541260 3.904541 0.026855 0.678431 0.678431 0.678431 #0.505882
v 0.604980 4.358398 -0.437744 0.678431 0.678431 0.678431 #0.549020
v 0.130859 4.058838 -0.614990 0.678431 0.678431 0.678431 #0.533333
v 0.138916 4.355225 -0.706543 0.678431 0.678431 0.678431 #0.505882
v -0.335205 4.378662 -0.452637 0.678431 0.678431 0.678431 #0.549020
v 0.138916 4.355225 -0.706543 0.678431 0.678431 0.678431 #0.533333
v 0.130859 4.058838 -0.614990 0.678431 0.678431 0.678431 #0.505882
v -0.470215 4.304688 -0.182373 0.678431 0.678431 0.678431 #0.549020
v -0.335205 4.378662 -0.452637 0.678431 0.678431 0.678431 #0.533333
v -0.313965 4.067139 -0.394775 0.678431 0.678431 0.678431 #0.505882
v 0.130859 4.058838 -0.614990 0.678431 0.678431 0.678431 #0.549020
v -0.313965 4.067139 -0.394775 0.678431 0.678431 0.678431 #0.533333
v -0.335205 4.378662 -0.452637 0.678431 0.678431 0.678431 #0.505882
v 0.541748 3.894531 -0.430420 0.678431 0.678431 0.678431 #0.549020
v 0.495605 3.743652 -0.500000 0.678431 0.678431 0.678431 #0.533333
v 0.126709 3.806396 -0.705078 0.678431 0.678431 0.678431 #0.505882
v 0.316650 3.558105 -0.566895 0.678431 0.678431 0.678431 #0.549020
v 0.114990 3.363525 -0.547852 0.678431 0.678431 0.678431 #0.533333
v 0.121338 3.587891 -0.652588 0.678431 0.678431 0.678431 #0.505882
v 0.560791 3.515381 -0.095947 0.678431 0.678431 0.678431 #0.549020
v 0.775391 3.876465 0.047363 0.678431 0.678431 0.678431 #0.533333
v 0.310059 3.472656 0.218994 0.678431 0.678431 0.678431 #0.505882
v 0.362061 3.376953 -0.405273 0.678431 0.678431 0.678431 #0.549020
v 0.495605 3.743652 -0.500000 0.678431 0.678431 0.678431 #0.533333
v 0.578125 3.582275 -0.326660 0.678431 0.678431 0.678431 #0.505882
v 0.362061 3.376953 -0.405273 0.678431 0.678431 0.678431 #0.549020
v 0.114990 3.363525 -0.547852 0.678431 0.678431 0.678431 #0.533333
v 0.316650 3.558105 -0.566895 0.678431 0.678431 0.678431 #0.505882
v 0.568604 4.048340 -0.381104 0.678431 0.678431 0.678431 #0.549020
v 0.604980 4.358398 -0.437744 0.678431 0.678431 0.678431 #0.533333
v 0.728027 4.279053 -0.163818 0.678431 0.678431 0.678431 #0.505882
v 0.310059 3.472656 0.218994 0.678431 0.678431 0.678431 #0.549020
v 0.282227 3.335205 -0.083740 0.678431 0.678431 0.678431 #0.533333
v 0.560791 3.515381 -0.095947 0.678431 0.678431 0.678431 #0.505882
v 0.604980 4.358398 -0.437744 0.678431 0.678431 0.678431 #0.549020
v 0.568604 4.048340 -0.381104 0.678431 0.678431 0.678431 #0.533333
v 0.130859 4.058838 -0.614990 0.678431 0.678431 0.678431 #0.505882
v 0.282227 3.335205 -0.083740 0.678431 0.678431 0.678431 #0.549020
v 0.362061 3.376953 -0.405273 0.678431 0.678431 0.678431 #0.533333
v 0.560791 3.515381 -0.095947 0.678431 0.678431 0.678431 #0.505882
v 0.108643 3.305908 -0.225586 0.678431 0.678431 0.678431 #0.549020
v 0.362061 3.376953 -0.405273 0.678431 0.678431 0.678431 #0.533333
v 0.282227 3.335205 -0.083740 0.678431 0.678431 0.678431 #0.505882
v 0.362061 3.376953 -0.405273 0.678431 0.678431 0.678431 #0.549020
v 0.108643 3.305908 -0.225586 0.678431 0.678431 0.678431 #0.533333
v 0.114990 3.363525 -0.547852 0.678431 0.678431 0.678431 #0.505882
v -0.337891 3.534424 -0.110107 0.678431 0.678431 0.678431 #0.549020
v -0.067871 3.342773 -0.089355 0.678431 0.678431 0.678431 #0.533333
v -0.099121 3.481445 0.212646 0.678431 0.678431 0.678431 #0.505882
v -0.067871 3.342773 -0.089355 0.678431 0.678431 0.678431 #0.549020
v -0.337891 3.534424 -0.110107 0.678431 0.678431 0.678431 #0.533333
v -0.135498 3.387695 -0.413086 0.678431 0.678431 0.678431 #0.505882
v -0.067871 3.342773 -0.089355 0.678431 0.678431 0.678431 #0.549020
v -0.135498 3.387695 -0.413086 0.678431 0.678431 0.678431 #0.533333
v 0.108643 3.305908 -0.225586 0.678431 0.678431 0.678431 #0.505882
v 0.108643 3.305908 -0.225586 0.678431 0.678431 0.678431 #0.549020
v -0.135498 3.387695 -0.413086 0.678431 0.678431 0.678431 #0.533333
v 0.114990 3.363525 -0.547852 0.678431 0.678431 0.678431 #0.505882
v -0.541260 3.904541 0.026855 0.678431 0.678431 0.678431 #0.549020
v -0.337891 3.534424 -0.110107 0.678431 0.678431 0.678431 #0.533333
v -0.099121 3.481445 0.212646 0.678431 0.678431 0.678431 #0.505882
v 0.273193 4.718506 -0.570068 0.678431 0.678431 0.678431 #0.549020
v 0.138916 4.355225 -0.706543 0.678431 0.678431 0.678431 #0.533333
v -0.335205 4.378662 -0.452637 0.678431 0.678431 0.678431 #0.505882
v 0.273193 4.718506 -0.570068 0.678431 0.678431 0.678431 #0.549020
v 0.604980 4.358398 -0.437744 0.678431 0.678431 0.678431 #0.533333
v 0.138916 4.355225 -0.706543 0.678431 0.678431 0.678431 #0.505882
v 0.775391 3.876465 0.047363 0.678431 0.678431 0.678431 #0.549020
v 0.495605 3.743652 -0.500000 0.678431 0.678431 0.678431 #0.533333
v 0.541748 3.894531 -0.430420 0.678431 0.678431 0.678431 #0.505882
v 0.775391 3.876465 0.047363 0.678431 0.678431 0.678431 #0.549020
v 0.560791 3.515381 -0.095947 0.678431 0.678431 0.678431 #0.533333
v 0.578125 3.582275 -0.326660 0.678431 0.678431 0.678431 #0.505882
v 0.568604 4.048340 -0.381104 0.678431 0.678431 0.678431 #0.549020
v 0.728027 4.279053 -0.163818 0.678431 0.678431 0.678431 #0.533333
v 0.775391 3.876465 0.047363 0.678431 0.678431 0.678431 #0.505882
v -0.292236 3.912598 -0.443604 0.678431 0.678431 0.678431 #0.549020
v -0.250488 3.760010 -0.511719 0.678431 0.678431 0.678431 #0.533333
v -0.541260 3.904541 0.026855 0.678431 0.678431 0.678431 #0.505882
v 0.316650 3.558105 -0.566895 0.678431 0.678431 0.678431 #0.549020
v 0.495605 3.743652 -0.500000 0.678431 0.678431 0.678431 #0.533333
v 0.362061 3.376953 -0.405273 0.678431 0.678431 0.678431 #0.505882
v 0.126709 3.806396 -0.705078 0.678431 0.678431 0.678431 #0.549020
v 0.495605 3.743652 -0.500000 0.678431 0.678431 0.678431 #0.533333
v 0.316650 3.558105 -0.566895 0.678431 0.678431 0.678431 #0.505882
v 0.121338 3.587891 -0.652588 0.678431 0.678431 0.678431 #0.549020
v 0.114990 3.363525 -0.547852 0.678431 0.678431 0.678431 #0.533333
v -0.077393 3.566650 -0.572998 0.678431 0.678431 0.678431 #0.505882
v -0.077393 3.566650 -0.572998 0.678431 0.678431 0.678431 #0.549020
v 0.114990 3.363525 -0.547852 0.678431 0.678431 0.678431 #0.533333
v -0.135498 3.387695 -0.413086 0.678431 0.678431 0.678431 #0.505882
v 0.316650 3.558105 -0.566895 0.678431 0.678431 0.678431 #0.549020
v 0.121338 3.587891 -0.652588 0.678431 0.678431 0.678431 #0.533333
v 0.126709 3.806396 -0.705078 0.678431 0.678431 0.678431 #0.505882
v 0.126709 3.806396 -0.705078 0.678431 0.678431 0.678431 #0.549020
v 0.121338 3.587891 -0.652588 0.678431 0.678431 0.678431 #0.533333
v -0.077393 3.566650 -0.572998 0.678431 0.678431 0.678431 #0.505882
v 0.130859 4.058838 -0.614990 0.678431 0.678431 0.678431 #0.549020
v 0.568604 4.048340 -0.381104 0.678431 0.678431 0.678431 #0.533333
v 0.541748 3.894531 -0.430420 0.678431 0.678431 0.678431 #0.505882
v 0.126709 3.806396 -0.705078 0.678431 0.678431 0.678431 #0.549020
v -0.250488 3.760010 -0.511719 0.678431 0.678431 0.678431 #0.533333
v -0.292236 3.912598 -0.443604 0.678431 0.678431 0.678431 #0.505882
v 0.127930 3.927490 -0.613281 0.678431 0.678431 0.678431 #0.549020
v 0.130859 4.058838 -0.614990 0.678431 0.678431 0.678431 #0.533333
v 0.541748 3.894531 -0.430420 0.678431 0.678431 0.678431 #0.505882
v -0.292236 3.912598 -0.443604 0.678431 0.678431 0.678431 #0.549020
v 0.130859 4.058838 -0.614990 0.678431 0.678431 0.678431 #0.533333
v 0.127930 3.927490 -0.613281 0.678431 0.678431 0.678431 #0.505882
v 0.541748 3.894531 -0.430420 0.678431 0.678431 0.678431 #0.549020
v 0.126709 3.806396 -0.705078 0.678431 0.678431 0.678431 #0.533333
v 0.127930 3.927490 -0.613281 0.678431 0.678431 0.678431 #0.505882
v 0.127930 3.927490 -0.613281 0.678431 0.678431 0.678431 #0.549020
v 0.126709 3.806396 -0.705078 0.678431 0.678431 0.678431 #0.533333
v -0.292236 3.912598 -0.443604 0.678431 0.678431 0.678431 #0.505882
v -0.313965 4.067139 -0.394775 0.678431 0.678431 0.678431 #0.549020
v -0.541260 3.904541 0.026855 0.678431 0.678431 0.678431 #0.533333
v -0.470215 4.304688 -0.182373 0.678431 0.678431 0.678431 #0.505882
v 0.578125 3.582275 -0.326660 0.678431 0.678431 0.678431 #0.549020
v 0.495605 3.743652 -0.500000 0.678431 0.678431 0.678431 #0.533333
v 0.775391 3.876465 0.047363 0.678431 0.678431 0.678431 #0.505882
v 0.541748 3.894531 -0.430420 0.678431 0.678431 0.678431 #0.549020
v 0.568604 4.048340 -0.381104 0.678431 0.678431 0.678431 #0.533333
v 0.775391 3.876465 0.047363 0.678431 0.678431 0.678431 #0.505882
v 0.578125 3.582275 -0.326660 0.678431 0.678431 0.678431 #0.549020
v 0.560791 3.515381 -0.095947 0.678431 0.678431 0.678431 #0.533333
v 0.362061 3.376953 -0.405273 0.678431 0.678431 0.678431 #0.505882
v -0.344971 3.602051 -0.341064 0.678431 0.678431 0.678431 #0.549020
v -0.250488 3.760010 -0.511719 0.678431 0.678431 0.678431 #0.533333
v -0.135498 3.387695 -0.413086 0.678431 0.678431 0.678431 #0.505882
v -0.541260 3.904541 0.026855 0.678431 0.678431 0.678431 #0.549020
v -0.250488 3.760010 -0.511719 0.678431 0.678431 0.678431 #0.533333
v -0.344971 3.602051 -0.341064 0.678431 0.678431 0.678431 #0.505882
v -0.541260 3.904541 0.026855 0.678431 0.678431 0.678431 #0.549020
v -0.313965 4.067139 -0.394775 0.678431 0.678431 0.678431 #0.533333
v -0.292236 3.912598 -0.443604 0.678431 0.678431 0.678431 #0.505882
v -0.335205 4.378662 -0.452637 0.678431 0.678431 0.678431 #0.549020
v -0.343262 4.663574 -0.352539 0.678431 0.678431 0.678431 #0.533333
v 0.273193 4.718506 -0.570068 0.678431 0.678431 0.678431 #0.505882
v 0.977783 3.723389 -1.036621 0.678431 0.678431 0.678431 #0.549020
v 0.923584 3.830078 -0.876709 0.678431 0.678431 0.678431 #0.533333
v 0.990479 4.039062 -0.989990 0.678431 0.678431 0.678431 #0.505882
v 1.157227 3.865967 -1.123535 0.678431 0.678431 0.678431 #0.549020
v 1.167480 3.718018 -0.998047 0.678431 0.678431 0.678431 #0.533333
v 0.977783 3.723389 -1.036621 0.678431 0.678431 0.678431 #0.505882
v 0.977783 3.723389 -1.036621 0.678431 0.678431 0.678431 #0.549020
v 0.990479 4.039062 -0.989990 0.678431 0.678431 0.678431 #0.533333
v 1.157227 3.865967 -1.123535 0.678431 0.678431 0.678431 #0.505882
v 0.990479 4.039062 -0.989990 0.678431 0.678431 0.678431 #0.549020
v 0.923584 3.830078 -0.876709 0.678431 0.678431 0.678431 #0.533333
v 1.126953 3.838379 -0.820557 0.678431 0.678431 0.678431 #0.505882
v 1.167480 3.718018 -0.998047 0.678431 0.678431 0.678431 #0.549020
v 1.113770 3.467285 -0.799316 0.678431 0.678431 0.678431 #0.533333
v 0.996338 3.430420 -0.844482 0.678431 0.678431 0.678431 #0.505882
v 1.065430 3.550049 -0.724609 0.678431 0.678431 0.678431 #0.549020
v 1.113770 3.467285 -0.799316 0.678431 0.678431 0.678431 #0.533333
v 1.167480 3.718018 -0.998047 0.678431 0.678431 0.678431 #0.505882
v 0.996338 3.430420 -0.844482 0.678431 0.678431 0.678431 #0.549020
v 0.940430 3.541504 -0.784668 0.678431 0.678431 0.678431 #0.533333
v 0.923584 3.830078 -0.876709 0.678431 0.678431 0.678431 #0.505882
v 0.923584 3.830078 -0.876709 0.678431 0.678431 0.678431 #0.549020
v 0.940430 3.541504 -0.784668 0.678431 0.678431 0.678431 #0.533333
v 1.065430 3.550049 -0.724609 0.678431 0.678431 0.678431 #0.505882
v 0.923584 3.830078 -0.876709 0.678431 0.678431 0.678431 #0.549020
v 0.977783 3.723389 -1.036621 0.678431 0.678431 0.678431 #0.533333
v 0.996338 3.430420 -0.844482 0.678431 0.678431 0.678431 #0.505882
v 1.065430 3.550049 -0.724609 0.678431 0.678431 0.678431 #0.549020
v 1.126953 3.838379 -0.820557 0.678431 0.678431 0.678431 #0.533333
v 0.923584 3.830078 -0.876709 0.678431 0.678431 0.678431 #0.505882
v 0.996338 3.430420 -0.844482 0.678431 0.678431 0.678431 #0.549020
v 0.977783 3.723389 -1.036621 0.678431 0.678431 0.678431 #0.533333
v 1.167480 3.718018 -0.998047 0.678431 0.678431 0.678431 #0.505882
v 0.498047 3.224609 -0.369141 0.678431 0.678431 0.678431 #0.549020
v 0.375000 3.195557 -0.314697 0.678431 0.678431 0.678431 #0.533333
v 0.622559 3.317871 -0.114502 0.678431 0.678431 0.678431 #0.505882
v 0.622559 3.317871 -0.114502 0.678431 0.678431 0.678431 #0.549020
v 0.450684 3.352295 -0.115723 0.678431 0.678431 0.678431 #0.533333
v 0.598145 3.130127 -0.037842 0.678431 0.678431 0.678431 #0.505882
v 1.020020 2.656250 -0.832520 0.678431 0.678431 0.678431 #0.549020
v 0.996338 3.430420 -0.844482 0.678431 0.678431 0.678431 #0.533333
v 1.113770 3.467285 -0.799316 0.678431 0.678431 0.678431 #0.505882
v 0.940430 3.541504 -0.784668 0.678431 0.678431 0.678431 #0.549020
v 0.996338 3.430420 -0.844482 0.678431 0.678431 0.678431 #0.533333
v 1.020020 2.656250 -0.832520 0.678431 0.678431 0.678431 #0.505882
v 0.466064 2.976807 -0.233887 0.678431 0.678431 0.678431 #0.549020
v 0.375000 3.195557 -0.314697 0.678431 0.678431 0.678431 #0.533333
v 0.498047 3.224609 -0.369141 0.678431 0.678431 0.678431 #0.505882
v 0.679443 3.145264 -0.136719 0.678431 0.678431 0.678431 #0.549020
v 0.771484 3.354492 -0.262939 0.678431 0.678431 0.678431 #0.533333
v 0.622559 3.317871 -0.114502 0.678431 0.678431 0.678431 #0.505882
v 0.771484 3.354492 -0.262939 0.678431 0.678431 0.678431 #0.549020
v 0.679443 3.145264 -0.136719 0.678431 0.678431 0.678431 #0.533333
v 1.113770 3.467285 -0.799316 0.678431 0.678431 0.678431 #0.505882
v 0.679443 3.145264 -0.136719 0.678431 0.678431 0.678431 #0.549020
v 0.598145 3.130127 -0.037842 0.678431 0.678431 0.678431 #0.533333
v 0.466064 2.976807 -0.233887 0.678431 0.678431 0.678431 #0.505882
v 0.679443 3.145264 -0.136719 0.678431 0.678431 0.678431 #0.549020
v 0.466064 2.976807 -0.233887 0.678431 0.678431 0.678431 #0.533333
v 0.718994 2.737061 -0.408936 0.678431 0.678431 0.678431 #0.505882
v 1.065430 3.550049 -0.724609 0.678431 0.678431 0.678431 #0.549020
v 0.940430 3.541504 -0.784668 0.678431 0.678431 0.678431 #0.533333
v 0.498047 3.224609 -0.369141 0.678431 0.678431 0.678431 #0.505882
v 0.718994 2.737061 -0.408936 0.678431 0.678431 0.678431 #0.549020
v 0.466064 2.976807 -0.233887 0.678431 0.678431 0.678431 #0.533333
v 0.498047 3.224609 -0.369141 0.678431 0.678431 0.678431 #0.505882
v 0.375000 3.195557 -0.314697 0.678431 0.678431 0.678431 #0.549020
v 0.450684 3.352295 -0.115723 0.678431 0.678431 0.678431 #0.533333
v 0.622559 3.317871 -0.114502 0.678431 0.678431 0.678431 #0.505882
v 0.622559 3.317871 -0.114502 0.678431 0.678431 0.678431 #0.549020
v 0.598145 3.130127 -0.037842 0.678431 0.678431 0.678431 #0.533333
v 0.679443 3.145264 -0.136719 0.678431 0.678431 0.678431 #0.505882
v 0.622559 3.317871 -0.114502 0.678431 0.678431 0.678431 #0.549020
v 0.771484 3.354492 -0.262939 0.678431 0.678431 0.678431 #0.533333
v 0.498047 3.224609 -0.369141 0.678431 0.678431 0.678431 #0.505882
v 1.126953 3.838379 -0.820557 0.678431 0.678431 0.678431 #0.549020
v 1.167480 3.718018 -0.998047 0.678431 0.678431 0.678431 #0.533333
v 1.157227 3.865967 -1.123535 0.678431 0.678431 0.678431 #0.505882
v 1.157227 3.865967 -1.123535 0.678431 0.678431 0.678431 #0.549020
v 0.990479 4.039062 -0.989990 0.678431 0.678431 0.678431 #0.533333
v 1.126953 3.838379 -0.820557 0.678431 0.678431 0.678431 #0.505882
v 1.167480 3.718018 -0.998047 0.678431 0.678431 0.678431 #0.549020
v 1.126953 3.838379 -0.820557 0.678431 0.678431 0.678431 #0.533333
v 1.065430 3.550049 -0.724609 0.678431 0.678431 0.678431 #0.505882
v 1.020020 2.656250 -0.832520 0.678431 0.678431 0.678431 #0.549020
v 0.718994 2.737061 -0.408936 0.678431 0.678431 0.678431 #0.533333
v 0.498047 3.224609 -0.369141 0.678431 0.678431 0.678431 #0.505882
v 1.020020 2.656250 -0.832520 0.678431 0.678431 0.678431 #0.549020
v 1.113770 3.467285 -0.799316 0.678431 0.678431 0.678431 #0.533333
v 0.679443 3.145264 -0.136719 0.678431 0.678431 0.678431 #0.505882
v 0.679443 3.145264 -0.136719 0.678431 0.678431 0.678431 #0.549020
v 0.718994 2.737061 -0.408936 0.678431 0.678431 0.678431 #0.533333
v 1.020020 2.656250 -0.832520 0.678431 0.678431 0.678431 #0.505882
v 0.498047 3.224609 -0.369141 0.678431 0.678431 0.678431 #0.549020
v 0.940430 3.541504 -0.784668 0.678431 0.678431 0.678431 #0.533333
v 1.020020 2.656250 -0.832520 0.678431 0.678431 0.678431 #0.505882
v 0.498047 3.224609 -0.369141 0.678431 0.678431 0.678431 #0.549020
v 0.771484 3.354492 -0.262939 0.678431 0.678431 0.678431 #0.533333
v 1.065430 3.550049 -0.724609 0.678431 0.678431 0.678431 #0.505882
v 1.113770 3.467285 -0.799316 0.678431 0.678431 0.678431 #0.549020
v 1.065430 3.550049 -0.724609 0.678431 0.678431 0.678431 #0.533333
v 0.771484 3.354492 -0.262939 0.678431 0.678431 0.678431 #0.505882
v -0.064209 2.483398 -0.433350 0.678431 0.678431 0.678431 #0.549020
v 0.150635 2.141846 -0.629395 0.678431 0.678431 0.678431 #0.533333
v -0.040771 2.084473 -0.580811 0.678431 0.678431 0.678431 #0.505882
v 0.101318 2.622070 -0.501465 0.678431 0.678431 0.678431 #0.549020
v 0.069336 2.444092 -0.516846 0.678431 0.678431 0.678431 #0.533333
v -0.064209 2.483398 -0.433350 0.678431 0.678431 0.678431 #0.505882
v -0.064209 2.483398 -0.433350 0.678431 0.678431 0.678431 #0.549020
v -0.119141 2.513916 -0.396484 0.678431 0.678431 0.678431 #0.533333
v -0.114258 2.589600 -0.385010 0.678431 0.678431 0.678431 #0.505882
v -0.064209 2.483398 -0.433350 0.678431 0.678431 0.678431 #0.549020
v -0.114258 2.589600 -0.385010 0.678431 0.678431 0.678431 #0.533333
v 0.101318 2.622070 -0.501465 0.678431 0.678431 0.678431 #0.505882
v -0.040771 2.084473 -0.580811 0.678431 0.678431 0.678431 #0.549020
v -0.119141 2.513916 -0.396484 0.678431 0.678431 0.678431 #0.533333
v -0.064209 2.483398 -0.433350 0.678431 0.678431 0.678431 #0.505882
v -0.395508 2.292236 0.032471 0.678431 0.678431 0.678431 #0.549020
v -0.642090 1.639893 0.043701 0.678431 0.678431 0.678431 #0.533333
v -0.141357 2.258057 0.246338 0.678431 0.678431 0.678431 #0.505882
v 0.618652 1.576660 -0.375244 0.678431 0.678431 0.678431 #0.549020
v 0.474609 2.248535 -0.256836 0.678431 0.678431 0.678431 #0.533333
v 0.396729 2.230957 0.067383 0.678431 0.678431 0.678431 #0.505882
v 0.127686 2.244385 0.156982 0.678431 0.678431 0.678431 #0.549020
v 0.137695 1.553955 0.282471 0.678431 0.678431 0.678431 #0.533333
v 0.509277 1.535156 0.033691 0.678431 0.678431 0.678431 #0.505882
v -0.141357 2.258057 0.246338 0.678431 0.678431 0.678431 #0.549020
v -0.642090 1.639893 0.043701 0.678431 0.678431 0.678431 #0.533333
v -0.311523 1.576416 0.306641 0.678431 0.678431 0.678431 #0.505882
v 0.509277 1.535156 0.033691 0.678431 0.678431 0.678431 #0.549020
v 0.618652 1.576660 -0.375244 0.678431 0.678431 0.678431 #0.533333
v 0.396729 2.230957 0.067383 0.678431 0.678431 0.678431 #0.505882
v 0.127686 2.244385 0.156982 0.678431 0.678431 0.678431 #0.549020
v -0.141357 2.258057 0.246338 0.678431 0.678431 0.678431 #0.533333
v -0.311523 1.576416 0.306641 0.678431 0.678431 0.678431 #0.505882
v -0.070557 2.251465 -0.440674 0.678431 0.678431 0.678431 #0.549020
v 0.153320 2.240234 -0.515137 0.678431 0.678431 0.678431 #0.533333
v 0.189697 1.597900 -0.666748 0.678431 0.678431 0.678431 #0.505882
v 0.153320 2.240234 -0.515137 0.678431 0.678431 0.678431 #0.549020
v 0.474609 2.248535 -0.256836 0.678431 0.678431 0.678431 #0.533333
v 0.618652 1.576660 -0.375244 0.678431 0.678431 0.678431 #0.505882
v 0.189697 1.597900 -0.666748 0.678431 0.678431 0.678431 #0.549020
v 0.153320 2.240234 -0.515137 0.678431 0.678431 0.678431 #0.533333
v 0.618652 1.576660 -0.375244 0.678431 0.678431 0.678431 #0.505882
v -0.294922 2.262939 -0.365967 0.678431 0.678431 0.678431 #0.549020
v -0.472412 1.631348 -0.446533 0.678431 0.678431 0.678431 #0.533333
v -0.642090 1.639893 0.043701 0.678431 0.678431 0.678431 #0.505882
v -0.642090 1.639893 0.043701 0.678431 0.678431 0.678431 #0.549020
v -0.395508 2.292236 0.032471 0.678431 0.678431 0.678431 #0.533333
v -0.294922 2.262939 -0.365967 0.678431 0.678431 0.678431 #0.505882
v -0.070557 2.251465 -0.440674 0.678431 0.678431 0.678431 #0.549020
v -0.157471 1.618652 -0.610840 0.678431 0.678431 0.678431 #0.533333
v -0.472412 1.631348 -0.446533 0.678431 0.678431 0.678431 #0.505882
v 0.189697 1.597900 -0.666748 0.678431 0.678431 0.678431 #0.549020
v -0.157471 1.618652 -0.610840 0.678431 0.678431 0.678431 #0.533333
v -0.070557 2.251465 -0.440674 0.678431 0.678431 0.678431 #0.505882
v -0.472412 1.631348 -0.446533 0.678431 0.678431 0.678431 #0.549020
v -0.294922 2.262939 -0.365967 0.678431 0.678431 0.678431 #0.533333
v -0.070557 2.251465 -0.440674 0.678431 0.678431 0.678431 #0.505882
v -0.311523 1.576416 0.306641 0.678431 0.678431 0.678431 #0.549020
v 0.137695 1.553955 0.282471 0.678431 0.678431 0.678431 #0.533333
v 0.127686 2.244385 0.156982 0.678431 0.678431 0.678431 #0.505882
v 0.509277 1.535156 0.033691 0.678431 0.678431 0.678431 #0.549020
v 0.396729 2.230957 0.067383 0.678431 0.678431 0.678431 #0.533333
v 0.127686 2.244385 0.156982 0.678431 0.678431 0.678431 #0.505882
v -0.193359 2.092285 -0.530029 0.678431 0.678431 0.678431 #0.549020
v -0.369629 2.167969 -0.456299 0.678431 0.678431 0.678431 #0.533333
v -0.178223 2.482666 -0.368652 0.678431 0.678431 0.678431 #0.505882
v -0.178223 2.482666 -0.368652 0.678431 0.678431 0.678431 #0.549020
v -0.317383 2.441650 -0.297363 0.678431 0.678431 0.678431 #0.533333
v -0.325928 2.619385 -0.259033 0.678431 0.678431 0.678431 #0.505882
v -0.114258 2.589600 -0.385010 0.678431 0.678431 0.678431 #0.549020
v -0.119141 2.513916 -0.396484 0.678431 0.678431 0.678431 #0.533333
v -0.178223 2.482666 -0.368652 0.678431 0.678431 0.678431 #0.505882
v -0.325928 2.619385 -0.259033 0.678431 0.678431 0.678431 #0.549020
v -0.114258 2.589600 -0.385010 0.678431 0.678431 0.678431 #0.533333
v -0.178223 2.482666 -0.368652 0.678431 0.678431 0.678431 #0.505882
v -0.178223 2.482666 -0.368652 0.678431 0.678431 0.678431 #0.549020
v -0.119141 2.513916 -0.396484 0.678431 0.678431 0.678431 #0.533333
v -0.193359 2.092285 -0.530029 0.678431 0.678431 0.678431 #0.505882
v 0.132568 2.244385 -0.497559 0.678431 0.678431 0.678431 #0.549020
v 0.173828 1.861572 -0.575928 0.678431 0.678431 0.678431 #0.533333
v -0.364990 1.854248 -0.364258 0.678431 0.678431 0.678431 #0.505882
v -0.267334 2.264648 -0.364502 0.678431 0.678431 0.678431 #0.549020
v -0.364990 1.854248 -0.364258 0.678431 0.678431 0.678431 #0.533333
v -0.517090 2.027588 0.056885 0.678431 0.678431 0.678431 #0.505882
v -0.517090 2.027588 0.056885 0.678431 0.678431 0.678431 #0.549020
v -0.175293 1.786377 0.243164 0.678431 0.678431 0.678431 #0.533333
v -0.113525 2.252686 0.233154 0.678431 0.678431 0.678431 #0.505882
v -0.517090 2.027588 0.056885 0.678431 0.678431 0.678431 #0.549020
v -0.364990 1.854248 -0.364258 0.678431 0.678431 0.678431 #0.533333
v -0.267090 1.372070 -0.182861 0.678431 0.678431 0.678431 #0.505882
v -0.175293 1.786377 0.243164 0.678431 0.678431 0.678431 #0.549020
v -0.517090 2.027588 0.056885 0.678431 0.678431 0.678431 #0.533333
v -0.309082 1.347656 0.219482 0.678431 0.678431 0.678431 #0.505882
v 0.562012 1.973389 -0.301758 0.678431 0.678431 0.678431 #0.549020
v 0.173828 1.861572 -0.575928 0.678431 0.678431 0.678431 #0.533333
v 0.132568 2.244385 -0.497559 0.678431 0.678431 0.678431 #0.505882
v 0.562012 1.973389 -0.301758 0.678431 0.678431 0.678431 #0.549020
v 0.439453 2.249756 -0.267578 0.678431 0.678431 0.678431 #0.533333
v 0.366211 2.228516 0.073486 0.678431 0.678431 0.678431 #0.505882
v 0.169922 1.388916 -0.487305 0.678431 0.678431 0.678431 #0.549020
v 0.173828 1.861572 -0.575928 0.678431 0.678431 0.678431 #0.533333
v 0.562012 1.973389 -0.301758 0.678431 0.678431 0.678431 #0.505882
v 0.379150 1.758545 0.058594 0.678431 0.678431 0.678431 #0.549020
v 0.156494 1.336670 -0.071777 0.678431 0.678431 0.678431 #0.533333
v 0.454590 1.290039 -0.211426 0.678431 0.678431 0.678431 #0.505882
v -0.175293 1.786377 0.243164 0.678431 0.678431 0.678431 #0.549020
v 0.379150 1.758545 0.058594 0.678431 0.678431 0.678431 #0.533333
v 0.366211 2.228516 0.073486 0.678431 0.678431 0.678431 #0.505882
v 0.169922 1.388916 -0.487305 0.678431 0.678431 0.678431 #0.549020
v -0.049072 1.763672 -0.302246 0.678431 0.678431 0.678431 #0.533333
v 0.173828 1.861572 -0.575928 0.678431 0.678431 0.678431 #0.505882
v 0.169922 1.388916 -0.487305 0.678431 0.678431 0.678431 #0.549020
v 0.454590 1.290039 -0.211426 0.678431 0.678431 0.678431 #0.533333
v 0.396240 1.013672 -0.180176 0.678431 0.678431 0.678431 #0.505882
v 0.007568 1.400146 0.133301 0.678431 0.678431 0.678431 #0.549020
v 0.064697 1.118896 0.059082 0.678431 0.678431 0.678431 #0.533333
v 0.004150 1.528564 -0.103027 0.678431 0.678431 0.678431 #0.505882
v 0.310303 0.327637 -0.121582 0.678431 0.678431 0.678431 #0.549020
v 0.280273 0.086914 -0.100098 0.678431 0.678431 0.678431 #0.533333
v 0.146973 0.314453 -0.278320 0.678431 0.678431 0.678431 #0.505882
v 0.049561 1.099854 -0.143066 0.678431 0.678431 0.678431 #0.549020
v 0.396240 1.013672 -0.180176 0.678431 0.678431 0.678431 #0.533333
v 0.156494 1.336670 -0.071777 0.678431 0.678431 0.678431 #0.505882
v 0.054932 0.664795 -0.099121 0.678431 0.678431 0.678431 #0.549020
v 0.049561 1.099854 -0.143066 0.678431 0.678431 0.678431 #0.533333
v 0.161621 0.969238 -0.437500 0.678431 0.678431 0.678431 #0.505882
v -0.188477 0.668701 0.251221 0.678431 0.678431 0.678431 #0.549020
v -0.230225 1.047363 0.250488 0.678431 0.678431 0.678431 #0.533333
v -0.205811 0.982178 -0.085205 0.678431 0.678431 0.678431 #0.505882
v 0.169922 1.388916 -0.487305 0.678431 0.678431 0.678431 #0.549020
v 0.161621 0.969238 -0.437500 0.678431 0.678431 0.678431 #0.533333
v 0.049561 1.099854 -0.143066 0.678431 0.678431 0.678431 #0.505882
v 0.075195 0.369141 0.134033 0.678431 0.678431 0.678431 #0.549020
v 0.072754 0.108887 0.170410 0.678431 0.678431 0.678431 #0.533333
v -0.127686 0.340332 0.027100 0.678431 0.678431 0.678431 #0.505882
v 0.280273 0.086914 -0.100098 0.678431 0.678431 0.678431 #0.549020
v 0.110107 0.042236 -0.441162 0.678431 0.678431 0.678431 #0.533333
v 0.146973 0.314453 -0.278320 0.678431 0.678431 0.678431 #0.505882
v 0.396240 1.013672 -0.180176 0.678431 0.678431 0.678431 #0.549020
v 0.454590 1.290039 -0.211426 0.678431 0.678431 0.678431 #0.533333
v 0.156494 1.336670 -0.071777 0.678431 0.678431 0.678431 #0.505882
v -0.049072 1.763672 -0.302246 0.678431 0.678431 0.678431 #0.549020
v -0.000977 1.509766 -0.226318 0.678431 0.678431 0.678431 #0.533333
v 0.039795 1.708496 -0.025391 0.678431 0.678431 0.678431 #0.505882
v 0.039795 1.708496 -0.025391 0.678431 0.678431 0.678431 #0.549020
v 0.004150 1.528564 -0.103027 0.678431 0.678431 0.678431 #0.533333
v -0.049072 1.763672 -0.302246 0.678431 0.678431 0.678431 #0.505882
v -0.364990 1.854248 -0.364258 0.678431 0.678431 0.678431 #0.549020
v 0.173828 1.861572 -0.575928 0.678431 0.678431 0.678431 #0.533333
v -0.049072 1.763672 -0.302246 0.678431 0.678431 0.678431 #0.505882
v -0.230225 1.047363 0.250488 0.678431 0.678431 0.678431 #0.549020
v -0.309082 1.347656 0.219482 0.678431 0.678431 0.678431 #0.533333
v -0.267090 1.372070 -0.182861 0.678431 0.678431 0.678431 #0.505882
v 0.146973 0.314453 -0.278320 0.678431 0.678431 0.678431 #0.549020
v 0.110107 0.042236 -0.441162 0.678431 0.678431 0.678431 #0.533333
v 0.062012 0.105469 -0.042480 0.678431 0.678431 0.678431 #0.505882
v 0.396240 1.013672 -0.180176 0.678431 0.678431 0.678431 #0.549020
v 0.049561 1.099854 -0.143066 0.678431 0.678431 0.678431 #0.533333
v 0.054932 0.664795 -0.099121 0.678431 0.678431 0.678431 #0.505882
v -0.127686 0.340332 0.027100 0.678431 0.678431 0.678431 #0.549020
v -0.170654 0.138672 -0.144531 0.678431 0.678431 0.678431 #0.533333
v -0.140137 0.106445 0.244385 0.678431 0.678431 0.678431 #0.505882
v 0.064697 1.118896 0.059082 0.678431 0.678431 0.678431 #0.549020
v -0.205811 0.982178 -0.085205 0.678431 0.678431 0.678431 #0.533333
v -0.267090 1.372070 -0.182861 0.678431 0.678431 0.678431 #0.505882
v 0.072754 0.108887 0.170410 0.678431 0.678431 0.678431 #0.549020
v -0.170654 0.138672 -0.144531 0.678431 0.678431 0.678431 #0.533333
v -0.127686 0.340332 0.027100 0.678431 0.678431 0.678431 #0.505882
v 0.070801 0.683838 0.102539 0.678431 0.678431 0.678431 #0.549020
v 0.064697 1.118896 0.059082 0.678431 0.678431 0.678431 #0.533333
v -0.230225 1.047363 0.250488 0.678431 0.678431 0.678431 #0.505882
v 0.007568 1.400146 0.133301 0.678431 0.678431 0.678431 #0.549020
v -0.309082 1.347656 0.219482 0.678431 0.678431 0.678431 #0.533333
v -0.230225 1.047363 0.250488 0.678431 0.678431 0.678431 #0.505882
v -0.267090 1.372070 -0.182861 0.678431 0.678431 0.678431 #0.549020
v -0.364990 1.854248 -0.364258 0.678431 0.678431 0.678431 #0.533333
v -0.049072 1.763672 -0.302246 0.678431 0.678431 0.678431 #0.505882
v -0.000977 1.509766 -0.226318 0.678431 0.678431 0.678431 #0.549020
v -0.049072 1.763672 -0.302246 0.678431 0.678431 0.678431 #0.533333
v 0.169922 1.388916 -0.487305 0.678431 0.678431 0.678431 #0.505882
v 0.379150 1.758545 0.058594 0.678431 0.678431 0.678431 #0.549020
v -0.175293 1.786377 0.243164 0.678431 0.678431 0.678431 #0.533333
v 0.039795 1.708496 -0.025391 0.678431 0.678431 0.678431 #0.505882
v 0.039795 1.708496 -0.025391 0.678431 0.678431 0.678431 #0.549020
v 0.156494 1.336670 -0.071777 0.678431 0.678431 0.678431 #0.533333
v 0.379150 1.758545 0.058594 0.678431 0.678431 0.678431 #0.505882
v 0.007568 1.400146 0.133301 0.678431 0.678431 0.678431 #0.549020
v -0.230225 1.047363 0.250488 0.678431 0.678431 0.678431 #0.533333
v 0.064697 1.118896 0.059082 0.678431 0.678431 0.678431 #0.505882
v -0.049072 1.763672 -0.302246 0.678431 0.678431 0.678431 #0.549020
v 0.004150 1.528564 -0.103027 0.678431 0.678431 0.678431 #0.533333
v -0.267090 1.372070 -0.182861 0.678431 0.678431 0.678431 #0.505882
v 0.156494 1.336670 -0.071777 0.678431 0.678431 0.678431 #0.549020
v 0.039795 1.708496 -0.025391 0.678431 0.678431 0.678431 #0.533333
v -0.000977 1.509766 -0.226318 0.678431 0.678431 0.678431 #0.505882
v 0.004150 1.528564 -0.103027 0.678431 0.678431 0.678431 #0.549020
v 0.039795 1.708496 -0.025391 0.678431 0.678431 0.678431 #0.533333
v 0.007568 1.400146 0.133301 0.678431 0.678431 0.678431 #0.505882
v -0.175293 1.786377 0.243164 0.678431 0.678431 0.678431 #0.549020
v 0.007568 1.400146 0.133301 0.678431 0.678431 0.678431 #0.533333
v 0.039795 1.708496 -0.025391 0.678431 0.678431 0.678431 #0.505882
v -0.113525 2.252686 0.233154 0.678431 0.678431 0.678431 #0.549020
v -0.373779 2.290771 0.002686 0.678431 0.678431 0.678431 #0.533333
v -0.517090 2.027588 0.056885 0.678431 0.678431 0.678431 #0.505882
v 0.366211 2.228516 0.073486 0.678431 0.678431 0.678431 #0.549020
v 0.379150 1.758545 0.058594 0.678431 0.678431 0.678431 #0.533333
v 0.562012 1.973389 -0.301758 0.678431 0.678431 0.678431 #0.505882
v 0.132568 2.244385 -0.497559 0.678431 0.678431 0.678431 #0.549020
v 0.439453 2.249756 -0.267578 0.678431 0.678431 0.678431 #0.533333
v 0.562012 1.973389 -0.301758 0.678431 0.678431 0.678431 #0.505882
v -0.517090 2.027588 0.056885 0.678431 0.678431 0.678431 #0.549020
v -0.373779 2.290771 0.002686 0.678431 0.678431 0.678431 #0.533333
v -0.267334 2.264648 -0.364502 0.678431 0.678431 0.678431 #0.505882
v -0.309082 1.347656 0.219482 0.678431 0.678431 0.678431 #0.549020
v 0.007568 1.400146 0.133301 0.678431 0.678431 0.678431 #0.533333
v -0.175293 1.786377 0.243164 0.678431 0.678431 0.678431 #0.505882
v 0.454590 1.290039 -0.211426 0.678431 0.678431 0.678431 #0.549020
v 0.562012 1.973389 -0.301758 0.678431 0.678431 0.678431 #0.533333
v 0.379150 1.758545 0.058594 0.678431 0.678431 0.678431 #0.505882
v 0.396240 1.013672 -0.180176 0.678431 0.678431 0.678431 #0.549020
v 0.161621 0.969238 -0.437500 0.678431 0.678431 0.678431 #0.533333
v 0.169922 1.388916 -0.487305 0.678431 0.678431 0.678431 #0.505882
v 0.049561 1.099854 -0.143066 0.678431 0.678431 0.678431 #0.549020
v -0.000977 1.509766 -0.226318 0.678431 0.678431 0.678431 #0.533333
v 0.169922 1.388916 -0.487305 0.678431 0.678431 0.678431 #0.505882
v -0.267090 1.372070 -0.182861 0.678431 0.678431 0.678431 #0.549020
v 0.004150 1.528564 -0.103027 0.678431 0.678431 0.678431 #0.533333
v 0.064697 1.118896 0.059082 0.678431 0.678431 0.678431 #0.505882
v -0.267090 1.372070 -0.182861 0.678431 0.678431 0.678431 #0.549020
v -0.205811 0.982178 -0.085205 0.678431 0.678431 0.678431 #0.533333
v -0.230225 1.047363 0.250488 0.678431 0.678431 0.678431 #0.505882
v 0.156494 1.336670 -0.071777 0.678431 0.678431 0.678431 #0.549020
v -0.000977 1.509766 -0.226318 0.678431 0.678431 0.678431 #0.533333
v 0.049561 1.099854 -0.143066 0.678431 0.678431 0.678431 #0.505882
v -0.267090 1.372070 -0.182861 0.678431 0.678431 0.678431 #0.549020
v -0.309082 1.347656 0.219482 0.678431 0.678431 0.678431 #0.533333
v -0.517090 2.027588 0.056885 0.678431 0.678431 0.678431 #0.505882
v 0.562012 1.973389 -0.301758 0.678431 0.678431 0.678431 #0.549020
v 0.454590 1.290039 -0.211426 0.678431 0.678431 0.678431 #0.533333
v 0.169922 1.388916 -0.487305 0.678431 0.678431 0.678431 #0.505882
v 0.062012 0.105469 -0.042480 0.678431 0.678431 0.678431 #0.549020
v 0.280273 0.086914 -0.100098 0.678431 0.678431 0.678431 #0.533333
v 0.310303 0.327637 -0.121582 0.678431 0.678431 0.678431 #0.505882
v 0.146973 0.314453 -0.278320 0.678431 0.678431 0.678431 #0.549020
v 0.062012 0.105469 -0.042480 0.678431 0.678431 0.678431 #0.533333
v 0.058838 0.350342 -0.067627 0.678431 0.678431 0.678431 #0.505882
v 0.161621 0.969238 -0.437500 0.678431 0.678431 0.678431 #0.549020
v 0.396240 1.013672 -0.180176 0.678431 0.678431 0.678431 #0.533333
v 0.349121 0.636963 -0.147461 0.678431 0.678431 0.678431 #0.505882
v -0.154053 0.357666 0.251953 0.678431 0.678431 0.678431 #0.549020
v -0.140137 0.106445 0.244385 0.678431 0.678431 0.678431 #0.533333
v 0.072754 0.108887 0.170410 0.678431 0.678431 0.678431 #0.505882
v -0.127686 0.340332 0.027100 0.678431 0.678431 0.678431 #0.549020
v -0.140137 0.106445 0.244385 0.678431 0.678431 0.678431 #0.533333
v -0.154053 0.357666 0.251953 0.678431 0.678431 0.678431 #0.505882
v -0.205811 0.982178 -0.085205 0.678431 0.678431 0.678431 #0.549020
v 0.064697 1.118896 0.059082 0.678431 0.678431 0.678431 #0.533333
v 0.070801 0.683838 0.102539 0.678431 0.678431 0.678431 #0.505882
v -0.166748 0.661377 -0.028809 0.678431 0.678431 0.678431 #0.549020
v 0.070801 0.683838 0.102539 0.678431 0.678431 0.678431 #0.533333
v 0.075195 0.369141 0.134033 0.678431 0.678431 0.678431 #0.505882
v -0.154053 0.357666 0.251953 0.678431 0.678431 0.678431 #0.549020
v -0.188477 0.668701 0.251221 0.678431 0.678431 0.678431 #0.533333
v -0.166748 0.661377 -0.028809 0.678431 0.678431 0.678431 #0.505882
v 0.075195 0.369141 0.134033 0.678431 0.678431 0.678431 #0.549020
v 0.070801 0.683838 0.102539 0.678431 0.678431 0.678431 #0.533333
v -0.188477 0.668701 0.251221 0.678431 0.678431 0.678431 #0.505882
v 0.058838 0.350342 -0.067627 0.678431 0.678431 0.678431 #0.549020
v 0.054932 0.664795 -0.099121 0.678431 0.678431 0.678431 #0.533333
v 0.154785 0.634521 -0.351074 0.678431 0.678431 0.678431 #0.505882
v 0.154785 0.634521 -0.351074 0.678431 0.678431 0.678431 #0.549020
v 0.349121 0.636963 -0.147461 0.678431 0.678431 0.678431 #0.533333
v 0.310303 0.327637 -0.121582 0.678431 0.678431 0.678431 #0.505882
v 0.349121 0.636963 -0.147461 0.678431 0.678431 0.678431 #0.549020
v 0.054932 0.664795 -0.099121 0.678431 0.678431 0.678431 #0.533333
v 0.058838 0.350342 -0.067627 0.678431 0.678431 0.678431 #0.505882
v 0.349121 0.636963 -0.147461 0.678431 0.678431 0.678431 #0.549020
v 0.154785 0.634521 -0.351074 0.678431 0.678431 0.678431 #0.533333
v 0.161621 0.969238 -0.437500 0.678431 0.678431 0.678431 #0.505882
v 0.161621 0.969238 -0.437500 0.678431 0.678431 0.678431 #0.549020
v 0.154785 0.634521 -0.351074 0.678431 0.678431 0.678431 #0.533333
v 0.054932 0.664795 -0.099121 0.678431 0.678431 0.678431 #0.505882
v 0.070801 0.683838 0.102539 0.678431 0.678431 0.678431 #0.549020
v -0.166748 0.661377 -0.028809 0.678431 0.678431 0.678431 #0.533333
v -0.205811 0.982178 -0.085205 0.678431 0.678431 0.678431 #0.505882
v -0.205811 0.982178 -0.085205 0.678431 0.678431 0.678431 #0.549020
v -0.166748 0.661377 -0.028809 0.678431 0.678431 0.678431 #0.533333
v -0.188477 0.668701 0.251221 0.678431 0.678431 0.678431 #0.505882
v 0.075195 0.369141 0.134033 0.678431 0.678431 0.678431 #0.549020
v -0.127686 0.340332 0.027100 0.678431 0.678431 0.678431 #0.533333
v -0.166748 0.661377 -0.028809 0.678431 0.678431 0.678431 #0.505882
v -0.166748 0.661377 -0.028809 0.678431 0.678431 0.678431 #0.549020
v -0.127686 0.340332 0.027100 0.678431 0.678431 0.678431 #0.533333
v -0.154053 0.357666 0.251953 0.678431 0.678431 0.678431 #0.505882
v 0.310303 0.327637 -0.121582 0.678431 0.678431 0.678431 #0.549020
v 0.146973 0.314453 -0.278320 0.678431 0.678431 0.678431 #0.533333
v 0.154785 0.634521 -0.351074 0.678431 0.678431 0.678431 #0.505882
v 0.154785 0.634521 -0.351074 0.678431 0.678431 0.678431 #0.549020
v 0.146973 0.314453 -0.278320 0.678431 0.678431 0.678431 #0.533333
v 0.058838 0.350342 -0.067627 0.678431 0.678431 0.678431 #0.505882
v 0.054932 0.664795 -0.099121 0.678431 0.678431 0.678431 #0.549020
v 0.349121 0.636963 -0.147461 0.678431 0.678431 0.678431 #0.533333
v 0.396240 1.013672 -0.180176 0.678431 0.678431 0.678431 #0.505882
v -0.230225 1.047363 0.250488 0.678431 0.678431 0.678431 #0.549020
v -0.188477 0.668701 0.251221 0.678431 0.678431 0.678431 #0.533333
v 0.070801 0.683838 0.102539 0.678431 0.678431 0.678431 #0.505882
v -0.188477 0.668701 0.251221 0.678431 0.678431 0.678431 #0.549020
v -0.154053 0.357666 0.251953 0.678431 0.678431 0.678431 #0.533333
v 0.075195 0.369141 0.134033 0.678431 0.678431 0.678431 #0.505882
v 0.072754 0.108887 0.170410 0.678431 0.678431 0.678431 #0.549020
v 0.075195 0.369141 0.134033 0.678431 0.678431 0.678431 #0.533333
v -0.154053 0.357666 0.251953 0.678431 0.678431 0.678431 #0.505882
v 0.310303 0.327637 -0.121582 0.678431 0.678431 0.678431 #0.549020
v 0.058838 0.350342 -0.067627 0.678431 0.678431 0.678431 #0.533333
v 0.062012 0.105469 -0.042480 0.678431 0.678431 0.678431 #0.505882
v 0.058838 0.350342 -0.067627 0.678431 0.678431 0.678431 #0.549020
v 0.310303 0.327637 -0.121582 0.678431 0.678431 0.678431 #0.533333
v 0.349121 0.636963 -0.147461 0.678431 0.678431 0.678431 #0.505882
v 0.366211 2.228516 0.073486 0.678431 0.678431 0.678431 #0.549020
v -0.113525 2.252686 0.233154 0.678431 0.678431 0.678431 #0.533333
v -0.175293 1.786377 0.243164 0.678431 0.678431 0.678431 #0.505882
v -0.364990 1.854248 -0.364258 0.678431 0.678431 0.678431 #0.549020
v -0.267334 2.264648 -0.364502 0.678431 0.678431 0.678431 #0.533333
v 0.132568 2.244385 -0.497559 0.678431 0.678431 0.678431 #0.505882
v -0.416504 2.293457 0.039307 0.678431 0.678431 0.678431 #0.549020
v -0.618652 1.845459 0.082764 0.678431 0.678431 0.678431 #0.533333
v -0.131348 2.250977 0.277100 0.678431 0.678431 0.678431 #0.505882
v 0.642090 1.781982 -0.336182 0.678431 0.678431 0.678431 #0.549020
v 0.495605 2.247559 -0.263672 0.678431 0.678431 0.678431 #0.533333
v 0.406494 2.223877 0.098145 0.678431 0.678431 0.678431 #0.505882
v 0.406494 2.223877 0.098145 0.678431 0.678431 0.678431 #0.549020
v 0.350342 1.750488 0.254150 0.678431 0.678431 0.678431 #0.533333
v 0.531250 1.741455 0.068115 0.678431 0.678431 0.678431 #0.505882
v -0.131348 2.250977 0.277100 0.678431 0.678431 0.678431 #0.549020
v -0.618652 1.845459 0.082764 0.678431 0.678431 0.678431 #0.533333
v -0.289551 1.782715 0.341064 0.678431 0.678431 0.678431 #0.505882
v 0.350342 1.750488 0.254150 0.678431 0.678431 0.678431 #0.549020
v 0.406494 2.223877 0.098145 0.678431 0.678431 0.678431 #0.533333
v 0.137451 2.237549 0.187744 0.678431 0.678431 0.678431 #0.505882
v 0.011963 2.505371 0.204102 0.678431 0.678431 0.678431 #0.549020
v -0.416504 2.293457 0.039307 0.678431 0.678431 0.678431 #0.533333
v -0.131348 2.250977 0.277100 0.678431 0.678431 0.678431 #0.505882
v 0.495605 2.247559 -0.263672 0.678431 0.678431 0.678431 #0.549020
v 0.325684 2.507324 0.026367 0.678431 0.678431 0.678431 #0.533333
v 0.406494 2.223877 0.098145 0.678431 0.678431 0.678431 #0.505882
v 0.011963 2.505371 0.204102 0.678431 0.678431 0.678431 #0.549020
v -0.131348 2.250977 0.277100 0.678431 0.678431 0.678431 #0.533333
v 0.137451 2.237549 0.187744 0.678431 0.678431 0.678431 #0.505882
v 0.481689 3.339111 -0.083008 0.678431 0.678431 0.678431 #0.549020
v 0.166016 3.229736 0.270264 0.678431 0.678431 0.678431 #0.533333
v 0.600342 3.125977 -0.040771 0.678431 0.678431 0.678431 #0.505882
v 0.325684 2.507324 0.026367 0.678431 0.678431 0.678431 #0.549020
v 0.445557 2.999023 -0.234619 0.678431 0.678431 0.678431 #0.533333
v 0.600342 3.125977 -0.040771 0.678431 0.678431 0.678431 #0.505882
v 0.325684 2.507324 0.026367 0.678431 0.678431 0.678431 #0.549020
v 0.600342 3.125977 -0.040771 0.678431 0.678431 0.678431 #0.533333
v 0.166016 3.229736 0.270264 0.678431 0.678431 0.678431 #0.505882
v 0.445557 2.999023 -0.234619 0.678431 0.678431 0.678431 #0.549020
v 0.325684 2.507324 0.026367 0.678431 0.678431 0.678431 #0.533333
v 0.231201 2.566162 -0.308350 0.678431 0.678431 0.678431 #0.505882
v 0.231201 2.566162 -0.308350 0.678431 0.678431 0.678431 #0.549020
v 0.325684 2.507324 0.026367 0.678431 0.678431 0.678431 #0.533333
v 0.495605 2.247559 -0.263672 0.678431 0.678431 0.678431 #0.505882
v 0.011963 2.505371 0.204102 0.678431 0.678431 0.678431 #0.549020
v 0.325684 2.507324 0.026367 0.678431 0.678431 0.678431 #0.533333
v 0.166016 3.229736 0.270264 0.678431 0.678431 0.678431 #0.505882
v -0.287354 1.839111 -0.559570 0.678431 0.678431 0.678431 #0.549020
v -0.551514 1.848145 -0.406738 0.678431 0.678431 0.678431 #0.533333
v -0.299316 2.265869 -0.379883 0.678431 0.678431 0.678431 #0.505882
v -0.618652 1.845459 0.082764 0.678431 0.678431 0.678431 #0.549020
v -0.416504 2.293457 0.039307 0.678431 0.678431 0.678431 #0.533333
v -0.299316 2.265869 -0.379883 0.678431 0.678431 0.678431 #0.505882
v -0.299316 2.265869 -0.379883 0.678431 0.678431 0.678431 #0.549020
v -0.551514 1.848145 -0.406738 0.678431 0.678431 0.678431 #0.533333
v -0.618652 1.845459 0.082764 0.678431 0.678431 0.678431 #0.505882
v -0.099854 2.597412 -0.359375 0.678431 0.678431 0.678431 #0.549020
v 0.148926 2.243408 -0.529053 0.678431 0.678431 0.678431 #0.533333
v -0.074951 2.254639 -0.454346 0.678431 0.678431 0.678431 #0.505882
v -0.099854 2.597412 -0.359375 0.678431 0.678431 0.678431 #0.549020
v -0.299316 2.265869 -0.379883 0.678431 0.678431 0.678431 #0.533333
v -0.226318 2.563477 -0.048828 0.678431 0.678431 0.678431 #0.505882
v -0.416504 2.293457 0.039307 0.678431 0.678431 0.678431 #0.549020
v 0.011963 2.505371 0.204102 0.678431 0.678431 0.678431 #0.533333
v -0.226318 2.563477 -0.048828 0.678431 0.678431 0.678431 #0.505882
v -0.416504 2.293457 0.039307 0.678431 0.678431 0.678431 #0.549020
v -0.226318 2.563477 -0.048828 0.678431 0.678431 0.678431 #0.533333
v -0.299316 2.265869 -0.379883 0.678431 0.678431 0.678431 #0.505882
v 0.148926 2.243408 -0.529053 0.678431 0.678431 0.678431 #0.549020
v 0.495605 2.247559 -0.263672 0.678431 0.678431 0.678431 #0.533333
v 0.642090 1.781982 -0.336182 0.678431 0.678431 0.678431 #0.505882
v 0.148926 2.243408 -0.529053 0.678431 0.678431 0.678431 #0.549020
v -0.099854 2.597412 -0.359375 0.678431 0.678431 0.678431 #0.533333
v 0.231201 2.566162 -0.308350 0.678431 0.678431 0.678431 #0.505882
v 0.148926 2.243408 -0.529053 0.678431 0.678431 0.678431 #0.549020
v 0.231201 2.566162 -0.308350 0.678431 0.678431 0.678431 #0.533333
v 0.495605 2.247559 -0.263672 0.678431 0.678431 0.678431 #0.505882
v -0.291016 3.138672 -0.060791 0.678431 0.678431 0.678431 #0.549020
v -0.312256 3.052979 0.163818 0.678431 0.678431 0.678431 #0.533333
v -0.241455 3.220215 0.367920 0.678431 0.678431 0.678431 #0.505882
v -0.291016 3.138672 -0.060791 0.678431 0.678431 0.678431 #0.549020
v -0.241455 3.220215 0.367920 0.678431 0.678431 0.678431 #0.533333
v -0.020752 3.268311 0.145996 0.678431 0.678431 0.678431 #0.505882
v -0.291016 3.138672 -0.060791 0.678431 0.678431 0.678431 #0.549020
v -0.020752 3.268311 0.145996 0.678431 0.678431 0.678431 #0.533333
v -0.039795 3.233887 -0.132080 0.678431 0.678431 0.678431 #0.505882
v -0.376953 2.948486 -0.160645 0.678431 0.678431 0.678431 #0.549020
v -0.291016 3.138672 -0.060791 0.678431 0.678431 0.678431 #0.533333
v -0.039795 3.233887 -0.132080 0.678431 0.678431 0.678431 #0.505882
v -0.312256 3.052979 0.163818 0.678431 0.678431 0.678431 #0.549020
v -0.291016 3.138672 -0.060791 0.678431 0.678431 0.678431 #0.533333
v -0.376953 2.948486 -0.160645 0.678431 0.678431 0.678431 #0.505882
v 0.244385 3.283447 0.085938 0.678431 0.678431 0.678431 #0.549020
v 0.481689 3.339111 -0.083008 0.678431 0.678431 0.678431 #0.533333
v 0.112061 3.203125 -0.360840 0.678431 0.678431 0.678431 #0.505882
v 0.112061 3.203125 -0.360840 0.678431 0.678431 0.678431 #0.549020
v 0.481689 3.339111 -0.083008 0.678431 0.678431 0.678431 #0.533333
v 0.373535 3.201904 -0.306885 0.678431 0.678431 0.678431 #0.505882
v 0.244385 3.283447 0.085938 0.678431 0.678431 0.678431 #0.549020
v 0.112061 3.203125 -0.360840 0.678431 0.678431 0.678431 #0.533333
v -0.039795 3.233887 -0.132080 0.678431 0.678431 0.678431 #0.505882
v 0.112061 3.203125 -0.360840 0.678431 0.678431 0.678431 #0.549020
v 0.373535 3.201904 -0.306885 0.678431 0.678431 0.678431 #0.533333
v -0.002686 2.977051 -0.482422 0.678431 0.678431 0.678431 #0.505882
v -0.039795 3.233887 -0.132080 0.678431 0.678431 0.678431 #0.549020
v 0.112061 3.203125 -0.360840 0.678431 0.678431 0.678431 #0.533333
v -0.002686 2.977051 -0.482422 0.678431 0.678431 0.678431 #0.505882
v -0.180176 2.876709 0.254150 0.678431 0.678431 0.678431 #0.549020
v -0.226318 2.563477 -0.048828 0.678431 0.678431 0.678431 #0.533333
v 0.011963 2.505371 0.204102 0.678431 0.678431 0.678431 #0.505882
v 0.231201 2.566162 -0.308350 0.678431 0.678431 0.678431 #0.549020
v -0.099854 2.597412 -0.359375 0.678431 0.678431 0.678431 #0.533333
v -0.002686 2.977051 -0.482422 0.678431 0.678431 0.678431 #0.505882
v -0.376953 2.948486 -0.160645 0.678431 0.678431 0.678431 #0.549020
v -0.099854 2.597412 -0.359375 0.678431 0.678431 0.678431 #0.533333
v -0.226318 2.563477 -0.048828 0.678431 0.678431 0.678431 #0.505882
v -0.241455 3.220215 0.367920 0.678431 0.678431 0.678431 #0.549020
v -0.140137 3.008057 0.483887 0.678431 0.678431 0.678431 #0.533333
v 0.166016 3.229736 0.270264 0.678431 0.678431 0.678431 #0.505882
v -0.002686 2.977051 -0.482422 0.678431 0.678431 0.678431 #0.549020
v -0.099854 2.597412 -0.359375 0.678431 0.678431 0.678431 #0.533333
v -0.376953 2.948486 -0.160645 0.678431 0.678431 0.678431 #0.505882
v -0.039795 3.233887 -0.132080 0.678431 0.678431 0.678431 #0.549020
v -0.002686 2.977051 -0.482422 0.678431 0.678431 0.678431 #0.533333
v -0.376953 2.948486 -0.160645 0.678431 0.678431 0.678431 #0.505882
v 0.373535 3.201904 -0.306885 0.678431 0.678431 0.678431 #0.549020
v 0.445557 2.999023 -0.234619 0.678431 0.678431 0.678431 #0.533333
v 0.231201 2.566162 -0.308350 0.678431 0.678431 0.678431 #0.505882
v 0.373535 3.201904 -0.306885 0.678431 0.678431 0.678431 #0.549020
v 0.231201 2.566162 -0.308350 0.678431 0.678431 0.678431 #0.533333
v -0.002686 2.977051 -0.482422 0.678431 0.678431 0.678431 #0.505882
v -0.376953 2.948486 -0.160645 0.678431 0.678431 0.678431 #0.549020
v -0.226318 2.563477 -0.048828 0.678431 0.678431 0.678431 #0.533333
v -0.312256 3.052979 0.163818 0.678431 0.678431 0.678431 #0.505882
v -0.226318 2.563477 -0.048828 0.678431 0.678431 0.678431 #0.549020
v -0.180176 2.876709 0.254150 0.678431 0.678431 0.678431 #0.533333
v -0.312256 3.052979 0.163818 0.678431 0.678431 0.678431 #0.505882
v -0.180176 2.876709 0.254150 0.678431 0.678431 0.678431 #0.549020
v 0.011963 2.505371 0.204102 0.678431 0.678431 0.678431 #0.533333
v -0.140137 3.008057 0.483887 0.678431 0.678431 0.678431 #0.505882
v 0.011963 2.505371 0.204102 0.678431 0.678431 0.678431 #0.549020
v 0.166016 3.229736 0.270264 0.678431 0.678431 0.678431 #0.533333
v -0.140137 3.008057 0.483887 0.678431 0.678431 0.678431 #0.505882
v 0.137451 2.237549 0.187744 0.678431 0.678431 0.678431 #0.549020
v -0.131348 2.250977 0.277100 0.678431 0.678431 0.678431 #0.533333
v -0.030762 1.769775 0.381104 0.678431 0.678431 0.678431 #0.505882
v 0.137451 2.237549 0.187744 0.678431 0.678431 0.678431 #0.549020
v 0.406494 2.223877 0.098145 0.678431 0.678431 0.678431 #0.533333
v 0.325684 2.507324 0.026367 0.678431 0.678431 0.678431 #0.505882
v 0.325684 2.507324 0.026367 0.678431 0.678431 0.678431 #0.549020
v 0.011963 2.505371 0.204102 0.678431 0.678431 0.678431 #0.533333
v 0.137451 2.237549 0.187744 0.678431 0.678431 0.678431 #0.505882
v -0.074951 2.254639 -0.454346 0.678431 0.678431 0.678431 #0.549020
v -0.299316 2.265869 -0.379883 0.678431 0.678431 0.678431 #0.533333
v -0.099854 2.597412 -0.359375 0.678431 0.678431 0.678431 #0.505882
v 0.148926 2.243408 -0.529053 0.678431 0.678431 0.678431 #0.549020
v 0.295898 1.805420 -0.688721 0.678431 0.678431 0.678431 #0.533333
v -0.003906 1.824951 -0.653809 0.678431 0.678431 0.678431 #0.505882
v -0.289551 1.782715 0.341064 0.678431 0.678431 0.678431 #0.549020
v -0.030762 1.769775 0.381104 0.678431 0.678431 0.678431 #0.533333
v -0.131348 2.250977 0.277100 0.678431 0.678431 0.678431 #0.505882
v 0.531250 1.741455 0.068115 0.678431 0.678431 0.678431 #0.549020
v 0.642090 1.781982 -0.336182 0.678431 0.678431 0.678431 #0.533333
v 0.406494 2.223877 0.098145 0.678431 0.678431 0.678431 #0.505882
v 0.642090 1.781982 -0.336182 0.678431 0.678431 0.678431 #0.549020
v 0.295898 1.805420 -0.688721 0.678431 0.678431 0.678431 #0.533333
v 0.148926 2.243408 -0.529053 0.678431 0.678431 0.678431 #0.505882
v -0.003906 1.824951 -0.653809 0.678431 0.678431 0.678431 #0.549020
v -0.074951 2.254639 -0.454346 0.678431 0.678431 0.678431 #0.533333
v 0.148926 2.243408 -0.529053 0.678431 0.678431 0.678431 #0.505882
v -0.299316 2.265869 -0.379883 0.678431 0.678431 0.678431 #0.549020
v -0.074951 2.254639 -0.454346 0.678431 0.678431 0.678431 #0.533333
v -0.287354 1.839111 -0.559570 0.678431 0.678431 0.678431 #0.505882
v 0.166016 3.229736 0.270264 0.678431 0.678431 0.678431 #0.549020
v 0.440918 3.320801 -0.036865 0.678431 0.678431 0.678431 #0.533333
v 0.101562 3.385742 0.334229 0.678431 0.678431 0.678431 #0.505882
v 0.638428 3.232910 -0.236572 0.678431 0.678431 0.678431 #0.549020
v 0.527588 3.444336 0.049561 0.678431 0.678431 0.678431 #0.533333
v 0.440918 3.320801 -0.036865 0.678431 0.678431 0.678431 #0.505882
v 0.101562 3.385742 0.334229 0.678431 0.678431 0.678431 #0.549020
v 0.440918 3.320801 -0.036865 0.678431 0.678431 0.678431 #0.533333
v 0.527588 3.444336 0.049561 0.678431 0.678431 0.678431 #0.505882
v 0.101562 3.385742 0.334229 0.678431 0.678431 0.678431 #0.549020
v 0.270020 3.289307 0.042236 0.678431 0.678431 0.678431 #0.533333
v -0.033936 3.272949 0.236816 0.678431 0.678431 0.678431 #0.505882
v 0.270020 3.289307 0.042236 0.678431 0.678431 0.678431 #0.549020
v 0.101562 3.385742 0.334229 0.678431 0.678431 0.678431 #0.533333
v 0.323486 3.342285 -0.087158 0.678431 0.678431 0.678431 #0.505882
v -0.302246 3.425293 0.145264 0.678431 0.678431 0.678431 #0.549020
v 0.101562 3.385742 0.334229 0.678431 0.678431 0.678431 #0.533333
v -0.108398 3.351562 -0.093750 0.678431 0.678431 0.678431 #0.505882
v -0.197266 3.240234 0.353516 0.678431 0.678431 0.678431 #0.549020
v -0.302246 3.425293 0.145264 0.678431 0.678431 0.678431 #0.533333
v -0.423096 3.255371 -0.253174 0.678431 0.678431 0.678431 #0.505882
v -0.302246 3.425293 0.145264 0.678431 0.678431 0.678431 #0.549020
v -0.197266 3.240234 0.353516 0.678431 0.678431 0.678431 #0.533333
v 0.166016 3.229736 0.270264 0.678431 0.678431 0.678431 #0.505882
v -0.185791 3.258301 -0.260010 0.678431 0.678431 0.678431 #0.549020
v -0.291016 3.138672 -0.060791 0.678431 0.678431 0.678431 #0.533333
v -0.197266 3.240234 0.353516 0.678431 0.678431 0.678431 #0.505882
v 0.440918 3.320801 -0.036865 0.678431 0.678431 0.678431 #0.549020
v 0.112061 3.203125 -0.360840 0.678431 0.678431 0.678431 #0.533333
v 0.401611 3.245605 -0.250732 0.678431 0.678431 0.678431 #0.505882
v -0.108398 3.351562 -0.093750 0.678431 0.678431 0.678431 #0.549020
v 0.101562 3.385742 0.334229 0.678431 0.678431 0.678431 #0.533333
v -0.033936 3.272949 0.236816 0.678431 0.678431 0.678431 #0.505882
v -0.108398 3.351562 -0.093750 0.678431 0.678431 0.678431 #0.549020
v -0.033936 3.272949 0.236816 0.678431 0.678431 0.678431 #0.533333
v -0.291016 3.138672 -0.060791 0.678431 0.678431 0.678431 #0.505882
v 0.527588 3.444336 0.049561 0.678431 0.678431 0.678431 #0.549020
v 0.638428 3.232910 -0.236572 0.678431 0.678431 0.678431 #0.533333
v 0.401611 3.245605 -0.250732 0.678431 0.678431 0.678431 #0.505882
v 0.323486 3.342285 -0.087158 0.678431 0.678431 0.678431 #0.549020
v 0.112061 3.203125 -0.360840 0.678431 0.678431 0.678431 #0.533333
v 0.270020 3.289307 0.042236 0.678431 0.678431 0.678431 #0.505882
v 0.323486 3.342285 -0.087158 0.678431 0.678431 0.678431 #0.549020
v 0.101562 3.385742 0.334229 0.678431 0.678431 0.678431 #0.533333
v 0.527588 3.444336 0.049561 0.678431 0.678431 0.678431 #0.505882
v -0.185791 3.258301 -0.260010 0.678431 0.678431 0.678431 #0.549020
v -0.423096 3.255371 -0.253174 0.678431 0.678431 0.678431 #0.533333
v -0.302246 3.425293 0.145264 0.678431 0.678431 0.678431 #0.505882
v -0.108398 3.351562 -0.093750 0.678431 0.678431 0.678431 #0.549020
v -0.291016 3.138672 -0.060791 0.678431 0.678431 0.678431 #0.533333
v -0.185791 3.258301 -0.260010 0.678431 0.678431 0.678431 #0.505882
v 0.401611 3.245605 -0.250732 0.678431 0.678431 0.678431 #0.549020
v 0.112061 3.203125 -0.360840 0.678431 0.678431 0.678431 #0.533333
v 0.323486 3.342285 -0.087158 0.678431 0.678431 0.678431 #0.505882
v 0.401611 3.245605 -0.250732 0.678431 0.678431 0.678431 #0.549020
v 0.323486 3.342285 -0.087158 0.678431 0.678431 0.678431 #0.533333
v 0.527588 3.444336 0.049561 0.678431 0.678431 0.678431 #0.505882
v -0.302246 3.425293 0.145264 0.678431 0.678431 0.678431 #0.549020
v -0.108398 3.351562 -0.093750 0.678431 0.678431 0.678431 #0.533333
v -0.185791 3.258301 -0.260010 0.678431 0.678431 0.678431 #0.505882
v -0.197266 3.240234 0.353516 0.678431 0.678431 0.678431 #0.549020
v -0.423096 3.255371 -0.253174 0.678431 0.678431 0.678431 #0.533333
v -0.185791 3.258301 -0.260010 0.678431 0.678431 0.678431 #0.505882
v 0.401611 3.245605 -0.250732 0.678431 0.678431 0.678431 #0.549020
v 0.638428 3.232910 -0.236572 0.678431 0.678431 0.678431 #0.533333
v 0.440918 3.320801 -0.036865 0.678431 0.678431 0.678431 #0.505882
v 0.166016 3.229736 0.270264 0.678431 0.678431 0.678431 #0.549020
v 0.101562 3.385742 0.334229 0.678431 0.678431 0.678431 #0.533333
v -0.302246 3.425293 0.145264 0.678431 0.678431 0.678431 #0.505882
v -1.203369 2.147705 0.004883 0.678431 0.678431 0.678431 #0.549020
v -1.027100 2.300293 0.003662 0.678431 0.678431 0.678431 #0.533333
v -1.053955 2.237305 0.125000 0.678431 0.678431 0.678431 #0.505882
v -1.053955 2.237305 0.125000 0.678431 0.678431 0.678431 #0.549020
v -1.136230 2.332520 0.175049 0.678431 0.678431 0.678431 #0.533333
v -1.281006 2.346436 0.073730 0.678431 0.678431 0.678431 #0.505882
v -1.281006 2.346436 0.073730 0.678431 0.678431 0.678431 #0.549020
v -1.203369 2.147705 0.004883 0.678431 0.678431 0.678431 #0.533333
v -1.053955 2.237305 0.125000 0.678431 0.678431 0.678431 #0.505882
v -1.118164 2.408936 0.044678 0.678431 0.678431 0.678431 #0.549020
v -1.027100 2.300293 0.003662 0.678431 0.678431 0.678431 #0.533333
v -1.203369 2.147705 0.004883 0.678431 0.678431 0.678431 #0.505882
v -0.776123 2.400635 0.200684 0.678431 0.678431 0.678431 #0.549020
v -0.867920 2.402832 0.297119 0.678431 0.678431 0.678431 #0.533333
v -1.136230 2.332520 0.175049 0.678431 0.678431 0.678431 #0.505882
v -1.136230 2.332520 0.175049 0.678431 0.678431 0.678431 #0.549020
v -0.867920 2.402832 0.297119 0.678431 0.678431 0.678431 #0.533333
v -0.913818 2.512451 0.248535 0.678431 0.678431 0.678431 #0.505882
v -1.027100 2.300293 0.003662 0.678431 0.678431 0.678431 #0.549020
v -0.842285 2.504395 0.127686 0.678431 0.678431 0.678431 #0.533333
v -0.776123 2.400635 0.200684 0.678431 0.678431 0.678431 #0.505882
v -0.913818 2.512451 0.248535 0.678431 0.678431 0.678431 #0.549020
v -0.842285 2.504395 0.127686 0.678431 0.678431 0.678431 #0.533333
v -1.027100 2.300293 0.003662 0.678431 0.678431 0.678431 #0.505882
v -0.776123 2.400635 0.200684 0.678431 0.678431 0.678431 #0.549020
v -1.053955 2.237305 0.125000 0.678431 0.678431 0.678431 #0.533333
v -1.027100 2.300293 0.003662 0.678431 0.678431 0.678431 #0.505882
v -1.027100 2.300293 0.003662 0.678431 0.678431 0.678431 #0.549020
v -1.118164 2.408936 0.044678 0.678431 0.678431 0.678431 #0.533333
v -0.913818 2.512451 0.248535 0.678431 0.678431 0.678431 #0.505882
v -1.136230 2.332520 0.175049 0.678431 0.678431 0.678431 #0.549020
v -1.053955 2.237305 0.125000 0.678431 0.678431 0.678431 #0.533333
v -0.776123 2.400635 0.200684 0.678431 0.678431 0.678431 #0.505882
v -0.336670 3.140869 0.453857 0.678431 0.678431 0.678431 #0.549020
v -0.347656 3.021729 0.152832 0.678431 0.678431 0.678431 #0.533333
v -0.367188 2.971924 0.228516 0.678431 0.678431 0.678431 #0.505882
v -0.120117 3.000977 0.458496 0.678431 0.678431 0.678431 #0.549020
v -0.210693 3.216553 0.338135 0.678431 0.678431 0.678431 #0.533333
v -0.336670 3.140869 0.453857 0.678431 0.678431 0.678431 #0.505882
v -0.867920 2.402832 0.297119 0.678431 0.678431 0.678431 #0.549020
v -0.776123 2.400635 0.200684 0.678431 0.678431 0.678431 #0.533333
v -0.769043 2.059082 0.253174 0.678431 0.678431 0.678431 #0.505882
v -0.769043 2.059082 0.253174 0.678431 0.678431 0.678431 #0.549020
v -0.776123 2.400635 0.200684 0.678431 0.678431 0.678431 #0.533333
v -0.842285 2.504395 0.127686 0.678431 0.678431 0.678431 #0.505882
v -0.367188 2.971924 0.228516 0.678431 0.678431 0.678431 #0.549020
v -0.347656 3.021729 0.152832 0.678431 0.678431 0.678431 #0.533333
v -0.222412 2.836182 0.236572 0.678431 0.678431 0.678431 #0.505882
v -0.336670 3.140869 0.453857 0.678431 0.678431 0.678431 #0.549020
v -0.519531 2.968018 0.419434 0.678431 0.678431 0.678431 #0.533333
v -0.252930 2.974609 0.513916 0.678431 0.678431 0.678431 #0.505882
v -0.867920 2.402832 0.297119 0.678431 0.678431 0.678431 #0.549020
v -0.252930 2.974609 0.513916 0.678431 0.678431 0.678431 #0.533333
v -0.519531 2.968018 0.419434 0.678431 0.678431 0.678431 #0.505882
v -0.222412 2.836182 0.236572 0.678431 0.678431 0.678431 #0.549020
v -0.120117 3.000977 0.458496 0.678431 0.678431 0.678431 #0.533333
v -0.252930 2.974609 0.513916 0.678431 0.678431 0.678431 #0.505882
v -0.179199 2.200195 0.482910 0.678431 0.678431 0.678431 #0.549020
v -0.222412 2.836182 0.236572 0.678431 0.678431 0.678431 #0.533333
v -0.252930 2.974609 0.513916 0.678431 0.678431 0.678431 #0.505882
v -0.367188 2.971924 0.228516 0.678431 0.678431 0.678431 #0.549020
v -0.842285 2.504395 0.127686 0.678431 0.678431 0.678431 #0.533333
v -0.913818 2.512451 0.248535 0.678431 0.678431 0.678431 #0.505882
v -0.367188 2.971924 0.228516 0.678431 0.678431 0.678431 #0.549020
v -0.222412 2.836182 0.236572 0.678431 0.678431 0.678431 #0.533333
v -0.179199 2.200195 0.482910 0.678431 0.678431 0.678431 #0.505882
v -0.336670 3.140869 0.453857 0.678431 0.678431 0.678431 #0.549020
v -0.210693 3.216553 0.338135 0.678431 0.678431 0.678431 #0.533333
v -0.347656 3.021729 0.152832 0.678431 0.678431 0.678431 #0.505882
v -0.252930 2.974609 0.513916 0.678431 0.678431 0.678431 #0.549020
v -0.120117 3.000977 0.458496 0.678431 0.678431 0.678431 #0.533333
v -0.336670 3.140869 0.453857 0.678431 0.678431 0.678431 #0.505882
v -0.367188 2.971924 0.228516 0.678431 0.678431 0.678431 #0.549020
v -0.519531 2.968018 0.419434 0.678431 0.678431 0.678431 #0.533333
v -0.336670 3.140869 0.453857 0.678431 0.678431 0.678431 #0.505882
v -1.281006 2.346436 0.073730 0.678431 0.678431 0.678431 #0.549020
v -1.136230 2.332520 0.175049 0.678431 0.678431 0.678431 #0.533333
v -1.118164 2.408936 0.044678 0.678431 0.678431 0.678431 #0.505882
v -1.118164 2.408936 0.044678 0.678431 0.678431 0.678431 #0.549020
v -1.203369 2.147705 0.004883 0.678431 0.678431 0.678431 #0.533333
v -1.281006 2.346436 0.073730 0.678431 0.678431 0.678431 #0.505882
v -0.913818 2.512451 0.248535 0.678431 0.678431 0.678431 #0.549020
v -1.118164 2.408936 0.044678 0.678431 0.678431 0.678431 #0.533333
v -1.136230 2.332520 0.175049 0.678431 0.678431 0.678431 #0.505882
v -0.842285 2.504395 0.127686 0.678431 0.678431 0.678431 #0.549020
v -0.367188 2.971924 0.228516 0.678431 0.678431 0.678431 #0.533333
v -0.179199 2.200195 0.482910 0.678431 0.678431 0.678431 #0.505882
v -0.179199 2.200195 0.482910 0.678431 0.678431 0.678431 #0.549020
v -0.252930 2.974609 0.513916 0.678431 0.678431 0.678431 #0.533333
v -0.867920 2.402832 0.297119 0.678431 0.678431 0.678431 #0.505882
v -0.179199 2.200195 0.482910 0.678431 0.678431 0.678431 #0.549020
v -0.769043 2.059082 0.253174 0.678431 0.678431 0.678431 #0.533333
v -0.842285 2.504395 0.127686 0.678431 0.678431 0.678431 #0.505882
v -0.867920 2.402832 0.297119 0.678431 0.678431 0.678431 #0.549020
v -0.769043 2.059082 0.253174 0.678431 0.678431 0.678431 #0.533333
v -0.179199 2.200195 0.482910 0.678431 0.678431 0.678431 #0.505882
v -0.913818 2.512451 0.248535 0.678431 0.678431 0.678431 #0.549020
v -0.519531 2.968018 0.419434 0.678431 0.678431 0.678431 #0.533333
v -0.367188 2.971924 0.228516 0.678431 0.678431 0.678431 #0.505882
v -0.519531 2.968018 0.419434 0.678431 0.678431 0.678431 #0.549020
v -0.913818 2.512451 0.248535 0.678431 0.678431 0.678431 #0.533333
v -0.867920 2.402832 0.297119 0.678431 0.678431 0.678431 #0.505882
v -0.976074 3.243164 2.039795 0.678431 0.678431 0.678431 #0.549020
v -0.976074 3.243164 2.039795 0.678431 0.678431 0.678431 #0.533333
v -0.976074 3.243164 2.039795 0.678431 0.678431 0.678431 #0.505882
v 2.404297 2.049072 -0.298340 0.678431 0.678431 0.678431 #0.549020
v 2.404297 2.049072 -0.298340 0.678431 0.678431 0.678431 #0.533333
v 2.404297 2.049072 -0.298340 0.678431 0.678431 0.678431 #0.505882
v -1.140137 2.324707 0.134766 0.678431 0.678431 0.678431 #0.549020
v -1.380127 2.494629 0.346436 0.678431 0.678431 0.678431 #0.533333
v -1.398682 2.473633 0.342285 0.678431 0.678431 0.678431 #0.505882
v -1.140137 2.324707 0.134766 0.678431 0.678431 0.678431 #0.549020
v -1.398682 2.473633 0.342285 0.678431 0.678431 0.678431 #0.505882
v -1.158691 2.303711 0.130615 0.678431 0.678431 0.678431 #1.000000
v -1.401367 2.477051 0.336670 0.678431 0.678431 0.678431 #0.549020
v -1.382568 2.498047 0.340820 0.678431 0.678431 0.678431 #0.533333
v -1.142578 2.328125 0.128906 0.678431 0.678431 0.678431 #0.505882
v -1.401367 2.477051 0.336670 0.678431 0.678431 0.678431 #0.549020
v -1.142578 2.328125 0.128906 0.678431 0.678431 0.678431 #0.505882
v -1.161377 2.307129 0.124756 0.678431 0.678431 0.678431 #1.000000
v -0.771973 3.232178 0.495605 0.678431 0.678431 0.678431 #0.549020
v -0.959961 2.617432 0.213379 0.678431 0.678431 0.678431 #0.533333
v -1.404541 2.497559 0.344971 0.678431 0.678431 0.678431 #0.505882
v -1.404541 2.497559 0.344971 0.678431 0.678431 0.678431 #0.549020
v -1.431885 2.081787 0.108398 0.678431 0.678431 0.678431 #0.533333
v -2.055176 1.775391 0.209961 0.678431 0.678431 0.678431 #0.505882
v -1.404541 2.497559 0.344971 0.678431 0.678431 0.678431 #0.549020
v -2.186035 2.254639 0.557129 0.678431 0.678431 0.678431 #0.533333
v -1.927734 2.867676 0.806396 0.678431 0.678431 0.678431 #0.505882
v -1.404541 2.497559 0.344971 0.678431 0.678431 0.678431 #0.549020
v -1.322266 3.235107 0.749512 0.678431 0.678431 0.678431 #0.533333
v -0.771973 3.232178 0.495605 0.678431 0.678431 0.678431 #0.505882
v -1.927734 2.867676 0.806396 0.678431 0.678431 0.678431 #0.549020
v -1.322266 3.235107 0.749512 0.678431 0.678431 0.678431 #0.533333
v -1.404541 2.497559 0.344971 0.678431 0.678431 0.678431 #0.505882
v -2.055176 1.775391 0.209961 0.678431 0.678431 0.678431 #0.549020
v -2.186035 2.254639 0.557129 0.678431 0.678431 0.678431 #0.533333
v -1.404541 2.497559 0.344971 0.678431 0.678431 0.678431 #0.505882
v -1.171631 2.263916 0.112549 0.678431 0.678431 0.678431 #0.549020
v -1.419434 2.145264 0.155029 0.678431 0.678431 0.678431 #0.533333
v -1.421387 2.118896 0.140137 0.678431 0.678431 0.678431 #0.505882
v -1.171631 2.263916 0.112549 0.678431 0.678431 0.678431 #0.549020
v -1.421387 2.118896 0.140137 0.678431 0.678431 0.678431 #0.505882
v -1.163818 2.241943 0.095947 0.678431 0.678431 0.678431 #1.000000
v -1.423828 2.122314 0.134277 0.678431 0.678431 0.678431 #0.549020
v -1.422119 2.148682 0.149414 0.678431 0.678431 0.678431 #0.533333
v -1.174072 2.267334 0.106934 0.678431 0.678431 0.678431 #0.505882
v -1.423828 2.122314 0.134277 0.678431 0.678431 0.678431 #0.549020
v -1.174072 2.267334 0.106934 0.678431 0.678431 0.678431 #0.505882
v -1.166504 2.245361 0.090088 0.678431 0.678431 0.678431 #1.000000
v -1.109131 2.341309 0.130371 0.678431 0.678431 0.678431 #0.549020
v -1.176270 2.549561 0.285889 0.678431 0.678431 0.678431 #0.533333
v -1.203369 2.542725 0.294434 0.678431 0.678431 0.678431 #0.505882
v -1.109131 2.341309 0.130371 0.678431 0.678431 0.678431 #0.549020
v -1.203369 2.542725 0.294434 0.678431 0.678431 0.678431 #0.505882
v -1.134766 2.329590 0.135010 0.678431 0.678431 0.678431 #1.000000
v -1.206055 2.546143 0.288574 0.678431 0.678431 0.678431 #0.549020
v -1.178711 2.552979 0.280273 0.678431 0.678431 0.678431 #0.533333
v -1.111816 2.344727 0.124756 0.678431 0.678431 0.678431 #0.505882
v -1.206055 2.546143 0.288574 0.678431 0.678431 0.678431 #0.549020
v -1.111816 2.344727 0.124756 0.678431 0.678431 0.678431 #0.505882
v -1.137451 2.333008 0.129395 0.678431 0.678431 0.678431 #1.000000
v -1.162598 2.297852 0.128906 0.678431 0.678431 0.678431 #0.549020
v -1.409912 2.308350 0.248535 0.678431 0.678431 0.678431 #0.533333
v -1.410889 2.283203 0.233643 0.678431 0.678431 0.678431 #0.505882
v -1.162598 2.297852 0.128906 0.678431 0.678431 0.678431 #0.549020
v -1.410889 2.283203 0.233643 0.678431 0.678431 0.678431 #0.505882
v -1.169434 2.272949 0.116943 0.678431 0.678431 0.678431 #1.000000
v -1.413574 2.286621 0.228027 0.678431 0.678431 0.678431 #0.549020
v -1.412598 2.311768 0.242676 0.678431 0.678431 0.678431 #0.533333
v -1.165039 2.301270 0.123047 0.678431 0.678431 0.678431 #0.505882
v -1.413574 2.286621 0.228027 0.678431 0.678431 0.678431 #0.549020
v -1.165039 2.301270 0.123047 0.678431 0.678431 0.678431 #0.505882
v -1.171875 2.276367 0.111328 0.678431 0.678431 0.678431 #1.000000
v -1.074219 2.343750 0.115967 0.678431 0.678431 0.678431 #0.549020
v -1.000488 2.596680 0.233643 0.678431 0.678431 0.678431 #0.533333
v -1.028809 2.588867 0.241943 0.678431 0.678431 0.678431 #0.505882
v -1.074219 2.343750 0.115967 0.678431 0.678431 0.678431 #0.549020
v -1.028809 2.588867 0.241943 0.678431 0.678431 0.678431 #0.505882
v -1.099854 2.345215 0.128418 0.678431 0.678431 0.678431 #1.000000
v -1.031250 2.592285 0.236328 0.678431 0.678431 0.678431 #0.549020
v -1.003174 2.600098 0.228027 0.678431 0.678431 0.678431 #0.533333
v -1.076904 2.347168 0.110107 0.678431 0.678431 0.678431 #0.505882
v -1.031250 2.592285 0.236328 0.678431 0.678431 0.678431 #0.549020
v -1.076904 2.347168 0.110107 0.678431 0.678431 0.678431 #0.505882
v -1.102539 2.348633 0.122803 0.678431 0.678431 0.678431 #1.000000
v -1.697021 2.875000 0.696289 0.678431 0.678431 0.678431 #0.549020
v -1.428223 2.907471 0.592529 0.678431 0.678431 0.678431 #0.533333
v -1.451904 2.655029 0.452148 0.678431 0.678431 0.678431 #0.505882
v -1.697021 2.875000 0.696289 0.678431 0.678431 0.678431 #0.549020
v -1.451904 2.655029 0.452148 0.678431 0.678431 0.678431 #0.505882
v -1.720703 2.622559 0.555908 0.678431 0.678431 0.678431 #1.000000
v -1.491943 3.070068 0.711182 0.678431 0.678431 0.678431 #0.549020
v -1.255127 2.999023 0.560059 0.678431 0.678431 0.678431 #0.533333
v -1.384033 2.754639 0.472656 0.678431 0.678431 0.678431 #0.505882
v -1.491943 3.070068 0.711182 0.678431 0.678431 0.678431 #0.549020
v -1.384033 2.754639 0.472656 0.678431 0.678431 0.678431 #0.505882
v -1.620850 2.825684 0.623535 0.678431 0.678431 0.678431 #1.000000
v -1.840088 2.494873 0.572998 0.678431 0.678431 0.678431 #0.549020
v -1.767578 2.270264 0.405029 0.678431 0.678431 0.678431 #0.533333
v -1.507812 2.389404 0.357666 0.678431 0.678431 0.678431 #0.505882
v -1.840088 2.494873 0.572998 0.678431 0.678431 0.678431 #0.549020
v -1.507812 2.389404 0.357666 0.678431 0.678431 0.678431 #0.505882
v -1.580322 2.614258 0.525635 0.678431 0.678431 0.678431 #1.000000
v -2.053467 2.336426 0.569580 0.678431 0.678431 0.678431 #0.549020
v -1.879395 2.181641 0.396973 0.678431 0.678431 0.678431 #0.533333
v -1.673340 2.383789 0.423828 0.678431 0.678431 0.678431 #0.505882
v -2.053467 2.336426 0.569580 0.678431 0.678431 0.678431 #0.549020
v -1.673340 2.383789 0.423828 0.678431 0.678431 0.678431 #0.505882
v -1.847412 2.538330 0.596436 0.678431 0.678431 0.678431 #1.000000
v -1.399414 2.490479 0.356445 0.678431 0.678431 0.678431 #0.549020
v -0.954834 2.610596 0.224854 0.678431 0.678431 0.678431 #0.533333
v -0.766846 3.225342 0.507080 0.678431 0.678431 0.678431 #0.505882
v -2.049805 1.768555 0.221436 0.678431 0.678431 0.678431 #0.549020
v -1.426514 2.074951 0.119873 0.678431 0.678431 0.678431 #0.533333
v -1.399414 2.490479 0.356445 0.678431 0.678431 0.678431 #0.505882
v -1.922363 2.860840 0.817871 0.678431 0.678431 0.678431 #0.549020
v -2.180908 2.247559 0.568604 0.678431 0.678431 0.678431 #0.533333
v -1.399414 2.490479 0.356445 0.678431 0.678431 0.678431 #0.505882
v -0.766846 3.225342 0.507080 0.678431 0.678431 0.678431 #0.549020
v -1.316895 3.228271 0.760986 0.678431 0.678431 0.678431 #0.533333
v -1.399414 2.490479 0.356445 0.678431 0.678431 0.678431 #0.505882
v -1.399414 2.490479 0.356445 0.678431 0.678431 0.678431 #0.549020
v -1.316895 3.228271 0.760986 0.678431 0.678431 0.678431 #0.533333
v -1.922363 2.860840 0.817871 0.678431 0.678431 0.678431 #0.505882
v -1.399414 2.490479 0.356445 0.678431 0.678431 0.678431 #0.549020
v -2.180908 2.247559 0.568604 0.678431 0.678431 0.678431 #0.533333
v -2.049805 1.768555 0.221436 0.678431 0.678431 0.678431 #0.505882
vt 0.420410 0.859375 0.000000
vt 0.285156 0.896973 0.000000
vt 0.313965 0.757812 0.000000
vt 0.178711 0.897461 0.000000
vt 0.157227 0.787109 0.000000
vt 0.267578 0.786621 0.000000
vt 0.081055 0.784180 0.000000
vt 0.009766 0.784180 0.000000
vt 0.012695 0.922363 0.000000
vt 0.053223 0.889160 0.000000
vt 0.006836 0.806152 0.000000
vt 0.151367 0.789062 0.000000
vt 0.151367 0.789062 0.000000
vt 0.006836 0.806152 0.000000
vt 0.053223 0.889160 0.000000
vt 0.665527 0.889160 0.000000
vt 0.708496 0.799805 0.000000
vt 0.559570 0.801270 0.000000
vt 0.411133 0.802246 0.000000
vt 0.559570 0.801270 0.000000
vt 0.553223 0.916992 0.000000
vt 0.157227 0.787109 0.000000
vt 0.178711 0.897461 0.000000
vt 0.084961 0.907227 0.000000
vt 0.051758 0.905762 0.000000
vt 0.006348 0.821289 0.000000
vt 0.005859 0.902344 0.000000
vt 0.005859 0.902344 0.000000
vt 0.006348 0.821289 0.000000
vt 0.051758 0.905762 0.000000
vt 0.392578 0.777832 0.000000
vt 0.328125 0.835938 0.000000
vt 0.326660 0.764648 0.000000
vt 0.269531 0.897461 0.000000
vt 0.268555 0.823242 0.000000
vt 0.313477 0.820312 0.000000
vt 0.331055 0.751465 0.000000
vt 0.418945 0.860840 0.000000
vt 0.316406 0.877930 0.000000
vt 0.138184 0.862305 0.000000
vt 0.132812 0.761230 0.000000
vt 0.331055 0.751465 0.000000
vt 0.051758 0.905762 0.000000
vt 0.141113 0.833984 0.000000
vt 0.144043 0.907715 0.000000
vt 0.144043 0.907715 0.000000
vt 0.141113 0.833984 0.000000
vt 0.268555 0.823242 0.000000
vt 0.269531 0.897461 0.000000
vt 0.141113 0.833984 0.000000
vt 0.144043 0.907715 0.000000
vt 0.144043 0.907715 0.000000
vt 0.141113 0.833984 0.000000
vt 0.051758 0.905762 0.000000
vt 0.092773 0.752930 0.000000
vt 0.120117 0.841309 0.000000
vt 0.069336 0.834473 0.000000
vt 0.006348 0.821289 0.000000
vt 0.051758 0.905762 0.000000
vt 0.141113 0.833984 0.000000
vt 0.141113 0.833984 0.000000
vt 0.051758 0.905762 0.000000
vt 0.006348 0.821289 0.000000
vt 0.089844 0.777344 0.000000
vt 0.132812 0.761230 0.000000
vt 0.130371 0.862305 0.000000
vt 0.559570 0.801270 0.000000
vt 0.708496 0.799805 0.000000
vt 0.665527 0.889160 0.000000
vt 0.267578 0.786621 0.000000
vt 0.157227 0.787109 0.000000
vt 0.178711 0.897461 0.000000
vt 0.075195 0.757812 0.000000
vt 0.313965 0.757812 0.000000
vt 0.285156 0.896973 0.000000
vt 0.075195 0.757812 0.000000
vt 0.159180 0.896484 0.000000
vt 0.285156 0.896973 0.000000
vt 0.151367 0.789062 0.000000
vt 0.411133 0.802246 0.000000
vt 0.142090 0.915527 0.000000
vt 0.151367 0.789062 0.000000
vt 0.142090 0.915527 0.000000
vt 0.411133 0.802246 0.000000
vt 0.411133 0.802246 0.000000
vt 0.142090 0.915527 0.000000
vt 0.383301 0.914551 0.000000
vt 0.436523 0.868652 0.000000
vt 0.429688 0.827148 0.000000
vt 0.379395 0.885742 0.000000
vt 0.141113 0.833984 0.000000
vt 0.269531 0.897461 0.000000
vt 0.296875 0.806152 0.000000
vt 0.402344 0.885742 0.000000
vt 0.467285 0.831543 0.000000
vt 0.399902 0.820312 0.000000
vt 0.120117 0.841309 0.000000
vt 0.092773 0.752930 0.000000
vt 0.326660 0.764648 0.000000
vt 0.326660 0.764648 0.000000
vt 0.328125 0.835938 0.000000
vt 0.120117 0.841309 0.000000
vt 0.316406 0.877930 0.000000
vt 0.130371 0.862305 0.000000
vt 0.331055 0.751465 0.000000
vt 0.269531 0.897461 0.000000
vt 0.313477 0.820312 0.000000
vt 0.369629 0.816895 0.000000
vt 0.349609 0.806641 0.000000
vt 0.296875 0.806152 0.000000
vt 0.269531 0.897461 0.000000
vt 0.157227 0.787109 0.000000
vt 0.081055 0.784180 0.000000
vt 0.084961 0.907227 0.000000
vt 0.012695 0.922363 0.000000
vt 0.009766 0.784180 0.000000
vt 0.081055 0.784180 0.000000
vt 0.084961 0.907227 0.000000
vt 0.012695 0.922363 0.000000
vt 0.081055 0.784180 0.000000
vt 0.053223 0.889160 0.000000
vt 0.142090 0.915527 0.000000
vt 0.151367 0.789062 0.000000
vt 0.151367 0.789062 0.000000
vt 0.142090 0.915527 0.000000
vt 0.053223 0.889160 0.000000
vt 0.081055 0.784180 0.000000
vt 0.012695 0.922363 0.000000
vt 0.084961 0.907227 0.000000
vt 0.084961 0.907227 0.000000
vt 0.081055 0.784180 0.000000
vt 0.157227 0.787109 0.000000
vt 0.084961 0.907227 0.000000
vt 0.178711 0.897461 0.000000
vt 0.157227 0.787109 0.000000
vt 0.268555 0.823242 0.000000
vt 0.269531 0.897461 0.000000
vt 0.144043 0.907715 0.000000
vt 0.379395 0.885742 0.000000
vt 0.429688 0.827148 0.000000
vt 0.436523 0.868652 0.000000
vt 0.399902 0.820312 0.000000
vt 0.349609 0.806641 0.000000
vt 0.269531 0.897461 0.000000
vt 0.369629 0.816895 0.000000
vt 0.429688 0.827148 0.000000
vt 0.379395 0.885742 0.000000
vt 0.399902 0.820312 0.000000
vt 0.269531 0.897461 0.000000
vt 0.402344 0.885742 0.000000
vt 0.269531 0.897461 0.000000
vt 0.369629 0.816895 0.000000
vt 0.379395 0.885742 0.000000
vt 0.069336 0.834473 0.000000
vt 0.012695 0.833008 0.000000
vt 0.092773 0.752930 0.000000
vt 0.130371 0.862305 0.000000
vt 0.007324 0.809082 0.000000
vt 0.089844 0.777344 0.000000
vt 0.313965 0.757812 0.000000
vt 0.285156 0.896973 0.000000
vt 0.420410 0.859375 0.000000
vt 0.313965 0.757812 0.000000
vt 0.572754 0.759277 0.000000
vt 0.420410 0.859375 0.000000
vt 0.420410 0.859375 0.000000
vt 0.572754 0.759277 0.000000
vt 0.313965 0.757812 0.000000
vt 0.178711 0.897461 0.000000
vt 0.267578 0.786621 0.000000
vt 0.357422 0.784180 0.000000
vt 0.559570 0.801270 0.000000
vt 0.553223 0.916992 0.000000
vt 0.665527 0.889160 0.000000
vt 0.665527 0.889160 0.000000
vt 0.553223 0.916992 0.000000
vt 0.559570 0.801270 0.000000
vt 0.357422 0.784180 0.000000
vt 0.267578 0.786621 0.000000
vt 0.178711 0.897461 0.000000
vt 0.075195 0.757812 0.000000
vt 0.285156 0.896973 0.000000
vt 0.159180 0.896484 0.000000
vt 0.075195 0.757812 0.000000
vt 0.015625 0.761719 0.000000
vt 0.012695 0.853027 0.000000
vt 0.484863 0.805176 0.000000
vt 0.357422 0.784180 0.000000
vt 0.178711 0.897461 0.000000
vt 0.012695 0.853027 0.000000
vt 0.015625 0.761719 0.000000
vt 0.075195 0.757812 0.000000
vt 0.178711 0.897461 0.000000
vt 0.357422 0.784180 0.000000
vt 0.484863 0.805176 0.000000
vt 0.159180 0.896484 0.000000
vt 0.012695 0.899902 0.000000
vt 0.012695 0.853027 0.000000
vt 0.012695 0.853027 0.000000
vt 0.012695 0.899902 0.000000
vt 0.159180 0.896484 0.000000
vt 0.012695 0.853027 0.000000
vt 0.075195 0.757812 0.000000
vt 0.159180 0.896484 0.000000
vt 0.553223 0.916992 0.000000
vt 0.559570 0.801270 0.000000
vt 0.411133 0.802246 0.000000
vt 0.383301 0.914551 0.000000
vt 0.142090 0.915527 0.000000
vt 0.411133 0.802246 0.000000
vt 0.411133 0.802246 0.000000
vt 0.383301 0.914551 0.000000
vt 0.553223 0.916992 0.000000
vt 0.553223 0.916992 0.000000
vt 0.383301 0.914551 0.000000
vt 0.411133 0.802246 0.000000
vt 0.075195 0.757812 0.000000
vt 0.012695 0.853027 0.000000
vt 0.159180 0.896484 0.000000
vt 0.285156 0.896973 0.000000
vt 0.313965 0.757812 0.000000
vt 0.075195 0.757812 0.000000
vt 0.449219 0.529785 0.000000
vt 0.349121 0.482910 0.000000
vt 0.342285 0.462402 0.000000
vt 0.010254 0.533691 0.000000
vt 0.134277 0.458008 0.000000
vt 0.075195 0.501465 0.000000
vt 0.010254 0.533691 0.000000
vt 0.075195 0.501465 0.000000
vt 0.041992 0.526367 0.000000
vt 0.230957 0.461914 0.000000
vt 0.114746 0.484375 0.000000
vt 0.231934 0.433105 0.000000
vt 0.231934 0.433105 0.000000
vt 0.114746 0.484375 0.000000
vt 0.134277 0.458008 0.000000
vt 0.342285 0.462402 0.000000
vt 0.349121 0.482910 0.000000
vt 0.231934 0.433105 0.000000
vt 0.231934 0.433105 0.000000
vt 0.349121 0.482910 0.000000
vt 0.230957 0.461914 0.000000
vt 0.134277 0.458008 0.000000
vt 0.114746 0.484375 0.000000
vt 0.010254 0.533691 0.000000
vt 0.361816 0.524414 0.000000
vt 0.425781 0.554688 0.000000
vt 0.401855 0.565918 0.000000
vt 0.361816 0.524414 0.000000
vt 0.377930 0.577148 0.000000
vt 0.299316 0.527832 0.000000
vt 0.299316 0.527832 0.000000
vt 0.377930 0.577148 0.000000
vt 0.234375 0.593750 0.000000
vt 0.385254 0.630859 0.000000
vt 0.389160 0.674316 0.000000
vt 0.233398 0.676758 0.000000
vt 0.401855 0.565918 0.000000
vt 0.425781 0.554688 0.000000
vt 0.453125 0.660156 0.000000
vt 0.079102 0.745117 0.000000
vt 0.233398 0.676758 0.000000
vt 0.230957 0.746582 0.000000
vt 0.392090 0.747559 0.000000
vt 0.230957 0.746582 0.000000
vt 0.233398 0.676758 0.000000
vt 0.458008 0.743164 0.000000
vt 0.392090 0.747559 0.000000
vt 0.389160 0.674316 0.000000
vt 0.233398 0.676758 0.000000
vt 0.389160 0.674316 0.000000
vt 0.392090 0.747559 0.000000
vt 0.087402 0.629395 0.000000
vt 0.096191 0.576660 0.000000
vt 0.234375 0.593750 0.000000
vt 0.166504 0.526855 0.000000
vt 0.231934 0.485352 0.000000
vt 0.233398 0.532227 0.000000
vt 0.037598 0.557129 0.000000
vt 0.006836 0.653809 0.000000
vt 0.010254 0.533691 0.000000
vt 0.102539 0.527832 0.000000
vt 0.096191 0.576660 0.000000
vt 0.066895 0.566895 0.000000
vt 0.102539 0.527832 0.000000
vt 0.231934 0.485352 0.000000
vt 0.166504 0.526855 0.000000
vt 0.081055 0.674805 0.000000
vt 0.079102 0.745117 0.000000
vt 0.008789 0.745117 0.000000
vt 0.010254 0.533691 0.000000
vt 0.114746 0.484375 0.000000
vt 0.037598 0.557129 0.000000
vt 0.079102 0.745117 0.000000
vt 0.081055 0.674805 0.000000
vt 0.233398 0.676758 0.000000
vt 0.114746 0.484375 0.000000
vt 0.102539 0.527832 0.000000
vt 0.037598 0.557129 0.000000
vt 0.230957 0.461914 0.000000
vt 0.102539 0.527832 0.000000
vt 0.114746 0.484375 0.000000
vt 0.102539 0.527832 0.000000
vt 0.230957 0.461914 0.000000
vt 0.231934 0.485352 0.000000
vt 0.425781 0.554688 0.000000
vt 0.349121 0.482910 0.000000
vt 0.449219 0.529785 0.000000
vt 0.349121 0.482910 0.000000
vt 0.425781 0.554688 0.000000
vt 0.361816 0.524414 0.000000
vt 0.349121 0.482910 0.000000
vt 0.361816 0.524414 0.000000
vt 0.230957 0.461914 0.000000
vt 0.230957 0.461914 0.000000
vt 0.361816 0.524414 0.000000
vt 0.231934 0.485352 0.000000
vt 0.453125 0.660156 0.000000
vt 0.425781 0.554688 0.000000
vt 0.449219 0.529785 0.000000
vt 0.023438 0.740723 0.000000
vt 0.039062 0.728027 0.000000
vt 0.065430 0.725098 0.000000
vt 0.023438 0.740723 0.000000
vt 0.015625 0.725098 0.000000
vt 0.039062 0.728027 0.000000
vt 0.006836 0.653809 0.000000
vt 0.096191 0.576660 0.000000
vt 0.087402 0.629395 0.000000
vt 0.006836 0.653809 0.000000
vt 0.037598 0.557129 0.000000
vt 0.066895 0.566895 0.000000
vt 0.081055 0.674805 0.000000
vt 0.008789 0.745117 0.000000
vt 0.006836 0.653809 0.000000
vt 0.385254 0.630859 0.000000
vt 0.377930 0.577148 0.000000
vt 0.453125 0.660156 0.000000
vt 0.166504 0.526855 0.000000
vt 0.096191 0.576660 0.000000
vt 0.102539 0.527832 0.000000
vt 0.234375 0.593750 0.000000
vt 0.096191 0.576660 0.000000
vt 0.166504 0.526855 0.000000
vt 0.233398 0.532227 0.000000
vt 0.231934 0.485352 0.000000
vt 0.299316 0.527832 0.000000
vt 0.299316 0.527832 0.000000
vt 0.231934 0.485352 0.000000
vt 0.361816 0.524414 0.000000
vt 0.166504 0.526855 0.000000
vt 0.233398 0.532227 0.000000
vt 0.234375 0.593750 0.000000
vt 0.234375 0.593750 0.000000
vt 0.233398 0.532227 0.000000
vt 0.299316 0.527832 0.000000
vt 0.233398 0.676758 0.000000
vt 0.081055 0.674805 0.000000
vt 0.087402 0.629395 0.000000
vt 0.234375 0.593750 0.000000
vt 0.377930 0.577148 0.000000
vt 0.385254 0.630859 0.000000
vt 0.234375 0.636719 0.000000
vt 0.233398 0.676758 0.000000
vt 0.087402 0.629395 0.000000
vt 0.385254 0.630859 0.000000
vt 0.233398 0.676758 0.000000
vt 0.234375 0.636719 0.000000
vt 0.087402 0.629395 0.000000
vt 0.234375 0.593750 0.000000
vt 0.234375 0.636719 0.000000
vt 0.234375 0.636719 0.000000
vt 0.234375 0.593750 0.000000
vt 0.385254 0.630859 0.000000
vt 0.389160 0.674316 0.000000
vt 0.453125 0.660156 0.000000
vt 0.458008 0.743164 0.000000
vt 0.066895 0.566895 0.000000
vt 0.096191 0.576660 0.000000
vt 0.006836 0.653809 0.000000
vt 0.087402 0.629395 0.000000
vt 0.081055 0.674805 0.000000
vt 0.006836 0.653809 0.000000
vt 0.066895 0.566895 0.000000
vt 0.037598 0.557129 0.000000
vt 0.102539 0.527832 0.000000
vt 0.401855 0.565918 0.000000
vt 0.377930 0.577148 0.000000
vt 0.361816 0.524414 0.000000
vt 0.453125 0.660156 0.000000
vt 0.377930 0.577148 0.000000
vt 0.401855 0.565918 0.000000
vt 0.453125 0.660156 0.000000
vt 0.389160 0.674316 0.000000
vt 0.385254 0.630859 0.000000
vt 0.065430 0.725098 0.000000
vt 0.048340 0.745117 0.000000
vt 0.023438 0.740723 0.000000
vt 0.923340 0.879883 0.000000
vt 0.980469 0.882812 0.000000
vt 0.981445 0.929688 0.000000
vt 0.878418 0.929688 0.000000
vt 0.877930 0.881348 0.000000
vt 0.923340 0.879883 0.000000
vt 0.923340 0.879883 0.000000
vt 0.981445 0.929688 0.000000
vt 0.878418 0.928711 0.000000
vt 0.859375 0.878906 0.000000
vt 0.858398 0.993652 0.000000
vt 0.937988 0.995117 0.000000
vt 0.846680 0.909180 0.000000
vt 0.722656 0.907227 0.000000
vt 0.722656 0.830566 0.000000
vt 0.721191 0.994629 0.000000
vt 0.722656 0.907227 0.000000
vt 0.846680 0.909180 0.000000
vt 0.722656 0.830566 0.000000
vt 0.722656 0.907227 0.000000
vt 0.846680 0.909180 0.000000
vt 0.846680 0.909180 0.000000
vt 0.722656 0.907227 0.000000
vt 0.721191 0.994629 0.000000
vt 0.846680 0.909180 0.000000
vt 0.847168 0.830078 0.000000
vt 0.722656 0.830566 0.000000
vt 0.721191 0.994629 0.000000
vt 0.850098 0.996094 0.000000
vt 0.846680 0.909180 0.000000
vt 0.722656 0.830566 0.000000
vt 0.847168 0.830078 0.000000
vt 0.846680 0.909180 0.000000
vt 0.799805 0.071289 0.000000
vt 0.804688 0.002441 0.000000
vt 0.716309 0.071289 0.000000
vt 0.716309 0.071289 0.000000
vt 0.715332 0.001953 0.000000
vt 0.804688 0.002441 0.000000
vt 0.992188 0.356934 0.000000
vt 0.800293 0.360352 0.000000
vt 0.769043 0.356934 0.000000
vt 0.769043 0.356934 0.000000
vt 0.800293 0.360352 0.000000
vt 0.992188 0.356934 0.000000
vt 0.895508 0.006836 0.000000
vt 0.804688 0.002441 0.000000
vt 0.799805 0.071289 0.000000
vt 0.799805 0.071289 0.000000
vt 0.713379 0.169922 0.000000
vt 0.716309 0.071289 0.000000
vt 0.713379 0.169922 0.000000
vt 0.799805 0.071289 0.000000
vt 0.769043 0.356934 0.000000
vt 0.799805 0.071289 0.000000
vt 0.804688 0.002441 0.000000
vt 0.895508 0.006836 0.000000
vt 0.799805 0.071289 0.000000
vt 0.895508 0.006836 0.000000
vt 0.996094 0.098633 0.000000
vt 0.713379 0.357422 0.000000
vt 0.769043 0.356934 0.000000
vt 0.799805 0.071289 0.000000
vt 0.996094 0.098633 0.000000
vt 0.895508 0.006836 0.000000
vt 0.799805 0.071289 0.000000
vt 0.804688 0.002441 0.000000
vt 0.715332 0.001953 0.000000
vt 0.716309 0.071289 0.000000
vt 0.716309 0.071289 0.000000
vt 0.804688 0.002441 0.000000
vt 0.799805 0.071289 0.000000
vt 0.716309 0.071289 0.000000
vt 0.713379 0.169922 0.000000
vt 0.799805 0.071289 0.000000
vt 0.937988 0.995117 0.000000
vt 0.994629 0.992188 0.000000
vt 0.995605 0.881348 0.000000
vt 0.995605 0.881348 0.000000
vt 0.859375 0.878906 0.000000
vt 0.937988 0.995117 0.000000
vt 0.846680 0.909180 0.000000
vt 0.850098 0.996094 0.000000
vt 0.721191 0.994629 0.000000
vt 0.992188 0.356934 0.000000
vt 0.996094 0.098633 0.000000
vt 0.799805 0.071289 0.000000
vt 0.992188 0.356934 0.000000
vt 0.769043 0.356934 0.000000
vt 0.799805 0.071289 0.000000
vt 0.799805 0.071289 0.000000
vt 0.996094 0.098633 0.000000
vt 0.992188 0.356934 0.000000
vt 0.799805 0.071289 0.000000
vt 0.769043 0.356934 0.000000
vt 0.992188 0.356934 0.000000
vt 0.799805 0.071289 0.000000
vt 0.713379 0.169922 0.000000
vt 0.713379 0.357422 0.000000
vt 0.769043 0.356934 0.000000
vt 0.713379 0.357422 0.000000
vt 0.713379 0.169922 0.000000
vt 0.596680 0.688477 0.000000
vt 0.506348 0.628906 0.000000
vt 0.627441 0.630371 0.000000
vt 0.478516 0.743164 0.000000
vt 0.478516 0.675293 0.000000
vt 0.596680 0.688477 0.000000
vt 0.596680 0.688477 0.000000
vt 0.637207 0.696777 0.000000
vt 0.636719 0.740723 0.000000
vt 0.596680 0.688477 0.000000
vt 0.636719 0.740723 0.000000
vt 0.478516 0.743164 0.000000
vt 0.627441 0.630371 0.000000
vt 0.637207 0.696777 0.000000
vt 0.596680 0.688477 0.000000
vt 0.996582 0.747559 0.000000
vt 0.998047 0.501953 0.000000
vt 0.920410 0.747559 0.000000
vt 0.642090 0.502441 0.000000
vt 0.642578 0.746582 0.000000
vt 0.720215 0.747070 0.000000
vt 0.825195 0.747559 0.000000
vt 0.824707 0.501953 0.000000
vt 0.722656 0.503418 0.000000
vt 0.920410 0.747559 0.000000
vt 0.998047 0.501953 0.000000
vt 0.921875 0.501953 0.000000
vt 0.722656 0.503418 0.000000
vt 0.642090 0.502441 0.000000
vt 0.720215 0.747070 0.000000
vt 0.825195 0.747559 0.000000
vt 0.920410 0.747559 0.000000
vt 0.921875 0.501953 0.000000
vt 0.825195 0.747559 0.000000
vt 0.720215 0.747070 0.000000
vt 0.722656 0.503418 0.000000
vt 0.720215 0.747070 0.000000
vt 0.642578 0.746582 0.000000
vt 0.642090 0.502441 0.000000
vt 0.722656 0.503418 0.000000
vt 0.720215 0.747070 0.000000
vt 0.642090 0.502441 0.000000
vt 0.920410 0.747559 0.000000
vt 0.921875 0.501953 0.000000
vt 0.998047 0.501953 0.000000
vt 0.998047 0.501953 0.000000
vt 0.996582 0.747559 0.000000
vt 0.920410 0.747559 0.000000
vt 0.825195 0.747559 0.000000
vt 0.824707 0.501953 0.000000
vt 0.921875 0.501953 0.000000
vt 0.722656 0.503418 0.000000
vt 0.824707 0.501953 0.000000
vt 0.825195 0.747559 0.000000
vt 0.921875 0.501953 0.000000
vt 0.920410 0.747559 0.000000
vt 0.825195 0.747559 0.000000
vt 0.921875 0.501953 0.000000
vt 0.824707 0.501953 0.000000
vt 0.825195 0.747559 0.000000
vt 0.722656 0.503418 0.000000
vt 0.720215 0.747070 0.000000
vt 0.825195 0.747559 0.000000
vt 0.627441 0.630371 0.000000
vt 0.506348 0.628906 0.000000
vt 0.596680 0.688477 0.000000
vt 0.596680 0.688477 0.000000
vt 0.478516 0.675293 0.000000
vt 0.478516 0.743164 0.000000
vt 0.636719 0.740723 0.000000
vt 0.637207 0.696777 0.000000
vt 0.596680 0.688477 0.000000
vt 0.478516 0.743164 0.000000
vt 0.636719 0.740723 0.000000
vt 0.596680 0.688477 0.000000
vt 0.596680 0.688477 0.000000
vt 0.637207 0.696777 0.000000
vt 0.627441 0.630371 0.000000
vt 0.906250 0.821289 0.000000
vt 0.958008 0.759766 0.000000
vt 0.973145 0.863281 0.000000
vt 0.901855 0.815430 0.000000
vt 0.902832 0.755859 0.000000
vt 0.961914 0.756836 0.000000
vt 0.961914 0.756836 0.000000
vt 0.902832 0.755859 0.000000
vt 0.901855 0.815430 0.000000
vt 0.685059 0.370605 0.000000
vt 0.684570 0.435547 0.000000
vt 0.749512 0.435059 0.000000
vt 0.684570 0.444336 0.000000
vt 0.685059 0.370605 0.000000
vt 0.721680 0.370605 0.000000
vt 0.954590 0.758301 0.000000
vt 0.903320 0.759277 0.000000
vt 0.904785 0.815430 0.000000
vt 0.954590 0.758301 0.000000
vt 0.953613 0.816406 0.000000
vt 0.904785 0.815430 0.000000
vt 0.749512 0.435059 0.000000
vt 0.684570 0.435547 0.000000
vt 0.685059 0.370605 0.000000
vt 0.684570 0.444336 0.000000
vt 0.716309 0.462402 0.000000
vt 0.721680 0.370605 0.000000
vt 0.908203 0.756348 0.000000
vt 0.996094 0.756348 0.000000
vt 0.994141 0.827148 0.000000
vt 0.749512 0.435059 0.000000
vt 0.684082 0.495117 0.000000
vt 0.684570 0.435547 0.000000
vt 0.749512 0.435059 0.000000
vt 0.750488 0.371582 0.000000
vt 0.806641 0.372070 0.000000
vt 0.716309 0.462402 0.000000
vt 0.747070 0.494629 0.000000
vt 0.719727 0.494629 0.000000
vt 0.937012 0.371094 0.000000
vt 0.999512 0.370117 0.000000
vt 0.937012 0.434570 0.000000
vt 0.747070 0.494629 0.000000
vt 0.750488 0.371582 0.000000
vt 0.716309 0.462402 0.000000
vt 0.843750 0.494629 0.000000
vt 0.798340 0.495605 0.000000
vt 0.812500 0.437012 0.000000
vt 0.847168 0.372559 0.000000
vt 0.806641 0.372070 0.000000
vt 0.812500 0.437012 0.000000
vt 0.749512 0.435059 0.000000
vt 0.812500 0.437012 0.000000
vt 0.798340 0.495605 0.000000
vt 0.937988 0.493164 0.000000
vt 0.998535 0.493164 0.000000
vt 0.937012 0.434570 0.000000
vt 0.999512 0.370117 0.000000
vt 0.998535 0.433105 0.000000
vt 0.937012 0.434570 0.000000
vt 0.750488 0.371582 0.000000
vt 0.721680 0.370605 0.000000
vt 0.716309 0.462402 0.000000
vt 0.693359 0.474121 0.000000
vt 0.732910 0.488281 0.000000
vt 0.689941 0.487793 0.000000
vt 0.944824 0.491211 0.000000
vt 0.987793 0.466797 0.000000
vt 0.987793 0.492676 0.000000
vt 0.958008 0.759766 0.000000
vt 0.973145 0.863281 0.000000
vt 0.995605 0.788574 0.000000
vt 0.806641 0.372070 0.000000
vt 0.750488 0.371582 0.000000
vt 0.749512 0.435059 0.000000
vt 0.937012 0.434570 0.000000
vt 0.998535 0.433105 0.000000
vt 0.998535 0.493164 0.000000
vt 0.750488 0.371582 0.000000
vt 0.747070 0.494629 0.000000
vt 0.771973 0.495605 0.000000
vt 0.937012 0.434570 0.000000
vt 0.998535 0.433105 0.000000
vt 0.999512 0.370117 0.000000
vt 0.798340 0.495605 0.000000
vt 0.812500 0.437012 0.000000
vt 0.749512 0.435059 0.000000
vt 0.998535 0.493164 0.000000
vt 0.998535 0.433105 0.000000
vt 0.937012 0.434570 0.000000
vt 0.771973 0.495605 0.000000
vt 0.747070 0.494629 0.000000
vt 0.750488 0.371582 0.000000
vt 0.716309 0.462402 0.000000
vt 0.721680 0.370605 0.000000
vt 0.750488 0.371582 0.000000
vt 0.749512 0.435059 0.000000
vt 0.684570 0.435547 0.000000
vt 0.684082 0.495117 0.000000
vt 0.734863 0.494629 0.000000
vt 0.684082 0.495117 0.000000
vt 0.749512 0.435059 0.000000
vt 0.919922 0.851562 0.000000
vt 0.950684 0.859863 0.000000
vt 0.961426 0.841797 0.000000
vt 0.684082 0.495117 0.000000
vt 0.716309 0.462402 0.000000
vt 0.684570 0.444336 0.000000
vt 0.716309 0.462402 0.000000
vt 0.750488 0.371582 0.000000
vt 0.747070 0.494629 0.000000
vt 0.684082 0.495117 0.000000
vt 0.734863 0.494629 0.000000
vt 0.749512 0.435059 0.000000
vt 0.716309 0.462402 0.000000
vt 0.684082 0.495117 0.000000
vt 0.719727 0.494629 0.000000
vt 0.719727 0.494629 0.000000
vt 0.684082 0.495117 0.000000
vt 0.716309 0.462402 0.000000
vt 0.684570 0.444336 0.000000
vt 0.716309 0.462402 0.000000
vt 0.684082 0.495117 0.000000
vt 0.901855 0.815430 0.000000
vt 0.960938 0.814941 0.000000
vt 0.961914 0.756836 0.000000
vt 0.904785 0.815430 0.000000
vt 0.903320 0.759277 0.000000
vt 0.954590 0.758301 0.000000
vt 0.904785 0.815430 0.000000
vt 0.953613 0.816406 0.000000
vt 0.954590 0.758301 0.000000
vt 0.961914 0.756836 0.000000
vt 0.960938 0.814941 0.000000
vt 0.901855 0.815430 0.000000
vt 0.721680 0.370605 0.000000
vt 0.716309 0.462402 0.000000
vt 0.684570 0.444336 0.000000
vt 0.721680 0.370605 0.000000
vt 0.685059 0.370605 0.000000
vt 0.684570 0.444336 0.000000
vt 0.806641 0.372070 0.000000
vt 0.812500 0.437012 0.000000
vt 0.749512 0.435059 0.000000
vt 0.798340 0.495605 0.000000
vt 0.734863 0.494629 0.000000
vt 0.749512 0.435059 0.000000
vt 0.749512 0.435059 0.000000
vt 0.734863 0.494629 0.000000
vt 0.798340 0.495605 0.000000
vt 0.749512 0.435059 0.000000
vt 0.812500 0.437012 0.000000
vt 0.806641 0.372070 0.000000
vt 0.716309 0.462402 0.000000
vt 0.719727 0.494629 0.000000
vt 0.747070 0.494629 0.000000
vt 0.749512 0.435059 0.000000
vt 0.750488 0.371582 0.000000
vt 0.685059 0.370605 0.000000
vt 0.685059 0.370605 0.000000
vt 0.750488 0.371582 0.000000
vt 0.749512 0.435059 0.000000
vt 0.966309 0.375977 0.000000
vt 0.966309 0.484375 0.000000
vt 0.938477 0.484375 0.000000
vt 0.937012 0.434570 0.000000
vt 0.998535 0.493164 0.000000
vt 0.937988 0.493164 0.000000
vt 0.812500 0.437012 0.000000
vt 0.806641 0.372070 0.000000
vt 0.847168 0.372559 0.000000
vt 0.938477 0.484375 0.000000
vt 0.966309 0.484375 0.000000
vt 0.966309 0.375977 0.000000
vt 0.937012 0.434570 0.000000
vt 0.999512 0.370117 0.000000
vt 0.937012 0.371094 0.000000
vt 0.812500 0.437012 0.000000
vt 0.798340 0.495605 0.000000
vt 0.843750 0.494629 0.000000
vt 0.852051 0.432129 0.000000
vt 0.851562 0.493164 0.000000
vt 0.921387 0.493164 0.000000
vt 0.922363 0.372070 0.000000
vt 0.852051 0.371094 0.000000
vt 0.852051 0.432129 0.000000
vt 0.921387 0.493164 0.000000
vt 0.851562 0.493164 0.000000
vt 0.852051 0.371094 0.000000
vt 0.921387 0.493164 0.000000
vt 0.851562 0.493164 0.000000
vt 0.852051 0.432129 0.000000
vt 0.852051 0.432129 0.000000
vt 0.852051 0.371094 0.000000
vt 0.922363 0.372070 0.000000
vt 0.852051 0.371094 0.000000
vt 0.851562 0.493164 0.000000
vt 0.921387 0.493164 0.000000
vt 0.847168 0.372559 0.000000
vt 0.847168 0.435547 0.000000
vt 0.812500 0.437012 0.000000
vt 0.812500 0.437012 0.000000
vt 0.847168 0.435547 0.000000
vt 0.843750 0.494629 0.000000
vt 0.843750 0.494629 0.000000
vt 0.847168 0.435547 0.000000
vt 0.812500 0.437012 0.000000
vt 0.812500 0.437012 0.000000
vt 0.847168 0.435547 0.000000
vt 0.847168 0.372559 0.000000
vt 0.921387 0.493164 0.000000
vt 0.921875 0.432129 0.000000
vt 0.852051 0.432129 0.000000
vt 0.852051 0.432129 0.000000
vt 0.921875 0.432129 0.000000
vt 0.922363 0.372070 0.000000
vt 0.922363 0.372070 0.000000
vt 0.921875 0.432129 0.000000
vt 0.852051 0.432129 0.000000
vt 0.852051 0.432129 0.000000
vt 0.921875 0.432129 0.000000
vt 0.921387 0.493164 0.000000
vt 0.771973 0.495605 0.000000
vt 0.773926 0.372070 0.000000
vt 0.750488 0.371582 0.000000
vt 0.750488 0.371582 0.000000
vt 0.773926 0.372070 0.000000
vt 0.771973 0.495605 0.000000
vt 0.852051 0.371094 0.000000
vt 0.922363 0.372070 0.000000
vt 0.921387 0.493164 0.000000
vt 0.966309 0.375977 0.000000
vt 0.939941 0.375000 0.000000
vt 0.938477 0.484375 0.000000
vt 0.938477 0.484375 0.000000
vt 0.939941 0.375000 0.000000
vt 0.966309 0.375977 0.000000
vt 0.921387 0.493164 0.000000
vt 0.922363 0.372070 0.000000
vt 0.852051 0.371094 0.000000
vt 0.994141 0.827148 0.000000
vt 0.907715 0.825195 0.000000
vt 0.908203 0.756348 0.000000
vt 0.973145 0.863281 0.000000
vt 0.918457 0.871094 0.000000
vt 0.906250 0.821289 0.000000
vt 0.513184 0.138184 0.000000
vt 0.515625 0.002441 0.000000
vt 0.623535 0.148438 0.000000
vt 0.515625 0.002441 0.000000
vt 0.513184 0.138184 0.000000
vt 0.623535 0.148438 0.000000
vt 0.623535 0.148438 0.000000
vt 0.705078 0.003906 0.000000
vt 0.610840 0.002441 0.000000
vt 0.623535 0.148438 0.000000
vt 0.515625 0.002441 0.000000
vt 0.610840 0.002441 0.000000
vt 0.705078 0.003906 0.000000
vt 0.623535 0.148438 0.000000
vt 0.708984 0.152344 0.000000
vt 0.510742 0.204590 0.000000
vt 0.513184 0.138184 0.000000
vt 0.623535 0.148438 0.000000
vt 0.513184 0.138184 0.000000
vt 0.510742 0.204590 0.000000
vt 0.623535 0.148438 0.000000
vt 0.510742 0.204590 0.000000
vt 0.623535 0.148438 0.000000
vt 0.708984 0.152344 0.000000
vt 0.493652 0.489746 0.000000
vt 0.615234 0.488281 0.000000
vt 0.520996 0.445312 0.000000
vt 0.510742 0.204590 0.000000
vt 0.480469 0.265625 0.000000
vt 0.520996 0.445312 0.000000
vt 0.510742 0.204590 0.000000
vt 0.520996 0.445312 0.000000
vt 0.615234 0.488281 0.000000
vt 0.001953 0.287109 0.000000
vt 0.001953 0.205566 0.000000
vt 0.105469 0.197266 0.000000
vt 0.105469 0.197266 0.000000
vt 0.001953 0.205566 0.000000
vt 0.005371 0.138184 0.000000
vt 0.510742 0.204590 0.000000
vt 0.708984 0.226562 0.000000
vt 0.615234 0.488281 0.000000
vt 0.234375 0.001953 0.000000
vt 0.354492 0.001953 0.000000
vt 0.335938 0.142578 0.000000
vt 0.515625 0.002441 0.000000
vt 0.513184 0.138184 0.000000
vt 0.335938 0.142578 0.000000
vt 0.335938 0.142578 0.000000
vt 0.354492 0.001953 0.000000
vt 0.515625 0.002441 0.000000
vt 0.236816 0.197754 0.000000
vt 0.134766 0.138672 0.000000
vt 0.234863 0.140137 0.000000
vt 0.236816 0.197754 0.000000
vt 0.335938 0.142578 0.000000
vt 0.367188 0.195312 0.000000
vt 0.513184 0.138184 0.000000
vt 0.510742 0.204590 0.000000
vt 0.367188 0.195312 0.000000
vt 0.513184 0.138184 0.000000
vt 0.367188 0.195312 0.000000
vt 0.335938 0.142578 0.000000
vt 0.134766 0.138672 0.000000
vt 0.005371 0.138184 0.000000
vt 0.003906 0.002441 0.000000
vt 0.134766 0.138672 0.000000
vt 0.236816 0.197754 0.000000
vt 0.105469 0.197266 0.000000
vt 0.134766 0.138672 0.000000
vt 0.105469 0.197266 0.000000
vt 0.005371 0.138184 0.000000
vt 0.376465 0.384277 0.000000
vt 0.474609 0.378906 0.000000
vt 0.493652 0.489746 0.000000
vt 0.376465 0.384277 0.000000
vt 0.493652 0.489746 0.000000
vt 0.349121 0.492188 0.000000
vt 0.376465 0.384277 0.000000
vt 0.349121 0.492188 0.000000
vt 0.234375 0.414062 0.000000
vt 0.332031 0.263672 0.000000
vt 0.376465 0.384277 0.000000
vt 0.234375 0.414062 0.000000
vt 0.474609 0.378906 0.000000
vt 0.376465 0.384277 0.000000
vt 0.332031 0.263672 0.000000
vt 0.125977 0.492188 0.000000
vt 0.004395 0.463379 0.000000
vt 0.103027 0.377930 0.000000
vt 0.103027 0.377930 0.000000
vt 0.004395 0.463379 0.000000
vt 0.005371 0.376953 0.000000
vt 0.125977 0.492188 0.000000
vt 0.103027 0.377930 0.000000
vt 0.234375 0.414062 0.000000
vt 0.103027 0.377930 0.000000
vt 0.005371 0.376953 0.000000
vt 0.140625 0.261719 0.000000
vt 0.234375 0.414062 0.000000
vt 0.103027 0.377930 0.000000
vt 0.140625 0.261719 0.000000
vt 0.480469 0.265625 0.000000
vt 0.367188 0.195312 0.000000
vt 0.510742 0.204590 0.000000
vt 0.105469 0.197266 0.000000
vt 0.236816 0.197754 0.000000
vt 0.140625 0.261719 0.000000
vt 0.332031 0.263672 0.000000
vt 0.236816 0.197754 0.000000
vt 0.367188 0.195312 0.000000
vt 0.493652 0.489746 0.000000
vt 0.520996 0.445312 0.000000
vt 0.615234 0.488281 0.000000
vt 0.140625 0.261719 0.000000
vt 0.236816 0.197754 0.000000
vt 0.332031 0.263672 0.000000
vt 0.234375 0.414062 0.000000
vt 0.140625 0.261719 0.000000
vt 0.332031 0.263672 0.000000
vt 0.005371 0.376953 0.000000
vt 0.001953 0.287109 0.000000
vt 0.105469 0.197266 0.000000
vt 0.005371 0.376953 0.000000
vt 0.105469 0.197266 0.000000
vt 0.140625 0.261719 0.000000
vt 0.332031 0.263672 0.000000
vt 0.367188 0.195312 0.000000
vt 0.474609 0.378906 0.000000
vt 0.367188 0.195312 0.000000
vt 0.480469 0.265625 0.000000
vt 0.474609 0.378906 0.000000
vt 0.480469 0.265625 0.000000
vt 0.510742 0.204590 0.000000
vt 0.520996 0.445312 0.000000
vt 0.510742 0.204590 0.000000
vt 0.615234 0.488281 0.000000
vt 0.520996 0.445312 0.000000
vt 0.708984 0.152344 0.000000
vt 0.623535 0.148438 0.000000
vt 0.705078 0.003906 0.000000
vt 0.708984 0.152344 0.000000
vt 0.623535 0.148438 0.000000
vt 0.510742 0.204590 0.000000
vt 0.708984 0.226562 0.000000
vt 0.510742 0.204590 0.000000
vt 0.708984 0.152344 0.000000
vt 0.234863 0.140137 0.000000
vt 0.335938 0.142578 0.000000
vt 0.236816 0.197754 0.000000
vt 0.134766 0.138672 0.000000
vt 0.119141 0.002930 0.000000
vt 0.234375 0.001953 0.000000
vt 0.610840 0.002441 0.000000
vt 0.705078 0.003906 0.000000
vt 0.623535 0.148438 0.000000
vt 0.610840 0.002441 0.000000
vt 0.515625 0.002441 0.000000
vt 0.623535 0.148438 0.000000
vt 0.003906 0.002441 0.000000
vt 0.119141 0.002930 0.000000
vt 0.134766 0.138672 0.000000
vt 0.234375 0.001953 0.000000
vt 0.234863 0.140137 0.000000
vt 0.134766 0.138672 0.000000
vt 0.335938 0.142578 0.000000
vt 0.234863 0.140137 0.000000
vt 0.234375 0.001953 0.000000
vt 0.636230 0.508789 0.000000
vt 0.591309 0.507812 0.000000
vt 0.636719 0.623047 0.000000
vt 0.487305 0.623047 0.000000
vt 0.589844 0.623047 0.000000
vt 0.591309 0.507812 0.000000
vt 0.636719 0.623047 0.000000
vt 0.591309 0.507812 0.000000
vt 0.589844 0.623047 0.000000
vt 0.636719 0.623047 0.000000
vt 0.591309 0.507812 0.000000
vt 0.633789 0.507812 0.000000
vt 0.591309 0.507812 0.000000
vt 0.636719 0.623047 0.000000
vt 0.554199 0.576172 0.000000
vt 0.589844 0.623047 0.000000
vt 0.636719 0.623047 0.000000
vt 0.554199 0.576172 0.000000
vt 0.591309 0.507812 0.000000
vt 0.589844 0.623047 0.000000
vt 0.487305 0.623047 0.000000
vt 0.589844 0.623047 0.000000
vt 0.591309 0.507812 0.000000
vt 0.636230 0.508789 0.000000
vt 0.482422 0.563965 0.000000
vt 0.477539 0.504395 0.000000
vt 0.591309 0.507812 0.000000
vt 0.591309 0.507812 0.000000
vt 0.477539 0.504395 0.000000
vt 0.482422 0.563965 0.000000
vt 0.554199 0.576172 0.000000
vt 0.636719 0.623047 0.000000
vt 0.591309 0.507812 0.000000
vt 0.554199 0.576172 0.000000
vt 0.591309 0.507812 0.000000
vt 0.477539 0.504395 0.000000
vt 0.589844 0.623047 0.000000
vt 0.487305 0.623047 0.000000
vt 0.482422 0.563965 0.000000
vt 0.554199 0.576172 0.000000
vt 0.477539 0.504395 0.000000
vt 0.591309 0.507812 0.000000
vt 0.554199 0.576172 0.000000
vt 0.636719 0.623047 0.000000
vt 0.589844 0.623047 0.000000
vt 0.482422 0.563965 0.000000
vt 0.487305 0.623047 0.000000
vt 0.589844 0.623047 0.000000
vt 0.554199 0.576172 0.000000
vt 0.477539 0.504395 0.000000
vt 0.482422 0.563965 0.000000
vt 0.482422 0.563965 0.000000
vt 0.477539 0.504395 0.000000
vt 0.554199 0.576172 0.000000
vt 0.482422 0.563965 0.000000
vt 0.554199 0.576172 0.000000
vt 0.589844 0.623047 0.000000
vt 0.589844 0.623047 0.000000
vt 0.554199 0.576172 0.000000
vt 0.482422 0.563965 0.000000
vt 0.591309 0.507812 0.000000
vt 0.487305 0.623047 0.000000
vt 0.482422 0.563965 0.000000
vt 0.482422 0.563965 0.000000
vt 0.487305 0.623047 0.000000
vt 0.591309 0.507812 0.000000
vt 0.636230 0.508789 0.000000
vt 0.636719 0.623047 0.000000
vt 0.589844 0.623047 0.000000
vt 0.981445 0.929688 0.000000
vt 0.980469 0.882812 0.000000
vt 0.923340 0.879883 0.000000
vt 0.923340 0.879883 0.000000
vt 0.877930 0.881348 0.000000
vt 0.878418 0.929688 0.000000
vt 0.878418 0.928711 0.000000
vt 0.981445 0.929688 0.000000
vt 0.923340 0.879883 0.000000
vt 0.937988 0.995117 0.000000
vt 0.858398 0.993652 0.000000
vt 0.859375 0.878906 0.000000
vt 0.722656 0.830566 0.000000
vt 0.722656 0.907227 0.000000
vt 0.846680 0.909180 0.000000
vt 0.846680 0.909180 0.000000
vt 0.722656 0.907227 0.000000
vt 0.721191 0.994629 0.000000
vt 0.846680 0.909180 0.000000
vt 0.722656 0.907227 0.000000
vt 0.722656 0.830566 0.000000
vt 0.721191 0.994629 0.000000
vt 0.722656 0.907227 0.000000
vt 0.846680 0.909180 0.000000
vt 0.722656 0.830566 0.000000
vt 0.847168 0.830078 0.000000
vt 0.846680 0.909180 0.000000
vt 0.846680 0.909180 0.000000
vt 0.850098 0.996094 0.000000
vt 0.721191 0.994629 0.000000
vt 0.846680 0.909180 0.000000
vt 0.847168 0.830078 0.000000
vt 0.722656 0.830566 0.000000
vt 0.716309 0.071289 0.000000
vt 0.804688 0.002441 0.000000
vt 0.799805 0.071289 0.000000
vt 0.804688 0.002441 0.000000
vt 0.715332 0.001953 0.000000
vt 0.716309 0.071289 0.000000
vt 0.769043 0.356934 0.000000
vt 0.800293 0.360352 0.000000
vt 0.992188 0.356934 0.000000
vt 0.992188 0.356934 0.000000
vt 0.800293 0.360352 0.000000
vt 0.769043 0.356934 0.000000
vt 0.799805 0.071289 0.000000
vt 0.804688 0.002441 0.000000
vt 0.895508 0.006836 0.000000
vt 0.716309 0.071289 0.000000
vt 0.713379 0.169922 0.000000
vt 0.799805 0.071289 0.000000
vt 0.769043 0.356934 0.000000
vt 0.799805 0.071289 0.000000
vt 0.713379 0.169922 0.000000
vt 0.895508 0.006836 0.000000
vt 0.804688 0.002441 0.000000
vt 0.799805 0.071289 0.000000
vt 0.996094 0.098633 0.000000
vt 0.895508 0.006836 0.000000
vt 0.799805 0.071289 0.000000
vt 0.799805 0.071289 0.000000
vt 0.769043 0.356934 0.000000
vt 0.713379 0.357422 0.000000
vt 0.799805 0.071289 0.000000
vt 0.895508 0.006836 0.000000
vt 0.996094 0.098633 0.000000
vt 0.716309 0.071289 0.000000
vt 0.715332 0.001953 0.000000
vt 0.804688 0.002441 0.000000
vt 0.799805 0.071289 0.000000
vt 0.804688 0.002441 0.000000
vt 0.716309 0.071289 0.000000
vt 0.799805 0.071289 0.000000
vt 0.713379 0.169922 0.000000
vt 0.716309 0.071289 0.000000
vt 0.995605 0.881348 0.000000
vt 0.994629 0.992188 0.000000
vt 0.937988 0.995117 0.000000
vt 0.937988 0.995117 0.000000
vt 0.859375 0.878906 0.000000
vt 0.995605 0.881348 0.000000
vt 0.721191 0.994629 0.000000
vt 0.850098 0.996094 0.000000
vt 0.846680 0.909180 0.000000
vt 0.769043 0.356934 0.000000
vt 0.799805 0.071289 0.000000
vt 0.996094 0.098633 0.000000
vt 0.996094 0.098633 0.000000
vt 0.799805 0.071289 0.000000
vt 0.769043 0.356934 0.000000
vt 0.996094 0.098633 0.000000
vt 0.992188 0.356934 0.000000
vt 0.769043 0.356934 0.000000
vt 0.769043 0.356934 0.000000
vt 0.992188 0.356934 0.000000
vt 0.996094 0.098633 0.000000
vt 0.713379 0.357422 0.000000
vt 0.713379 0.169922 0.000000
vt 0.799805 0.071289 0.000000
vt 0.713379 0.169922 0.000000
vt 0.713379 0.357422 0.000000
vt 0.769043 0.356934 0.000000
vt 0.660156 0.730469 0.000000
vt 0.666016 0.711426 0.000000
vt 0.666504 0.747559 0.000000
vt 0.661133 0.730469 0.000000
vt 0.667480 0.711426 0.000000
vt 0.668457 0.747559 0.000000
vt 0.754395 0.753906 0.000000
vt 0.754395 0.825195 0.000000
vt 0.720703 0.825195 0.000000
vt 0.754395 0.753906 0.000000
vt 0.720703 0.825195 0.000000
vt 0.721191 0.752441 0.000000
vt 0.720703 0.825684 0.000000
vt 0.754395 0.825195 0.000000
vt 0.754883 0.753906 0.000000
vt 0.720703 0.825684 0.000000
vt 0.754883 0.753906 0.000000
vt 0.721191 0.752441 0.000000
vt 0.044922 0.994141 0.000000
vt 0.009277 0.971680 0.000000
vt 0.049805 0.963867 0.000000
vt 0.049805 0.963867 0.000000
vt 0.008301 0.949707 0.000000
vt 0.043945 0.940430 0.000000
vt 0.049805 0.963867 0.000000
vt 0.177734 0.940430 0.000000
vt 0.246094 0.963379 0.000000
vt 0.049805 0.963867 0.000000
vt 0.171875 0.991211 0.000000
vt 0.044922 0.994141 0.000000
vt 0.246094 0.963379 0.000000
vt 0.171875 0.991211 0.000000
vt 0.049805 0.963867 0.000000
vt 0.043945 0.940430 0.000000
vt 0.177734 0.940430 0.000000
vt 0.049805 0.963867 0.000000
vt 0.754395 0.753906 0.000000
vt 0.753906 0.825195 0.000000
vt 0.720703 0.825195 0.000000
vt 0.754395 0.753906 0.000000
vt 0.720703 0.825195 0.000000
vt 0.720703 0.752441 0.000000
vt 0.720215 0.825195 0.000000
vt 0.753906 0.824707 0.000000
vt 0.754395 0.753418 0.000000
vt 0.720215 0.825195 0.000000
vt 0.754395 0.753418 0.000000
vt 0.720703 0.752441 0.000000
vt 0.755371 0.752441 0.000000
vt 0.755371 0.824219 0.000000
vt 0.720215 0.824707 0.000000
vt 0.755371 0.752441 0.000000
vt 0.720215 0.824707 0.000000
vt 0.720215 0.752441 0.000000
vt 0.720215 0.824707 0.000000
vt 0.755371 0.823730 0.000000
vt 0.755371 0.752441 0.000000
vt 0.720215 0.824707 0.000000
vt 0.755371 0.752441 0.000000
vt 0.720215 0.752441 0.000000
vt 0.755371 0.750977 0.000000
vt 0.754395 0.825684 0.000000
vt 0.721191 0.825195 0.000000
vt 0.755371 0.750977 0.000000
vt 0.721191 0.825195 0.000000
vt 0.720215 0.751465 0.000000
vt 0.721191 0.825195 0.000000
vt 0.754395 0.825684 0.000000
vt 0.755371 0.750977 0.000000
vt 0.721191 0.825195 0.000000
vt 0.755371 0.750977 0.000000
vt 0.720215 0.751465 0.000000
vt 0.753418 0.755371 0.000000
vt 0.753418 0.822754 0.000000
vt 0.719727 0.823242 0.000000
vt 0.753418 0.755371 0.000000
vt 0.719727 0.823242 0.000000
vt 0.719727 0.753906 0.000000
vt 0.719727 0.825195 0.000000
vt 0.753418 0.824707 0.000000
vt 0.753418 0.753418 0.000000
vt 0.719727 0.825195 0.000000
vt 0.753418 0.753418 0.000000
vt 0.720215 0.751953 0.000000
vt 0.367676 0.973145 0.000000
vt 0.316406 0.944336 0.000000
vt 0.257812 0.969727 0.000000
vt 0.367676 0.973145 0.000000
vt 0.257812 0.969727 0.000000
vt 0.313477 0.994141 0.000000
vt 0.487793 0.967285 0.000000
vt 0.436523 0.938965 0.000000
vt 0.391113 0.965332 0.000000
vt 0.487793 0.967285 0.000000
vt 0.391113 0.965332 0.000000
vt 0.438477 0.993164 0.000000
vt 0.369629 0.968750 0.000000
vt 0.314941 0.940918 0.000000
vt 0.258789 0.967285 0.000000
vt 0.369629 0.968750 0.000000
vt 0.258789 0.967285 0.000000
vt 0.315918 0.995605 0.000000
vt 0.492188 0.967773 0.000000
vt 0.439453 0.940918 0.000000
vt 0.381348 0.965820 0.000000
vt 0.492188 0.967773 0.000000
vt 0.381348 0.965820 0.000000
vt 0.437500 0.993652 0.000000
vt 0.049805 0.963867 0.000000
vt 0.009277 0.971680 0.000000
vt 0.044922 0.994141 0.000000
vt 0.043945 0.940430 0.000000
vt 0.008301 0.949707 0.000000
vt 0.049805 0.963867 0.000000
vt 0.246094 0.963379 0.000000
vt 0.177734 0.940430 0.000000
vt 0.049805 0.963867 0.000000
vt 0.044922 0.994141 0.000000
vt 0.171875 0.991211 0.000000
vt 0.049805 0.963867 0.000000
vt 0.049805 0.963867 0.000000
vt 0.171875 0.991211 0.000000
vt 0.246094 0.963379 0.000000
vt 0.049805 0.963867 0.000000
vt 0.177734 0.940430 0.000000
vt 0.043945 0.940430 0.000000
vn 0.175049 0.278320 -0.944336
vn 0.173340 0.078857 -0.981445
vn 0.164551 0.192383 -0.967285
vn 0.810791 -0.089844 0.578125
vn 0.917969 -0.396240 -0.009521
vn 0.958984 0.070312 -0.273926
vn -0.534180 -0.836914 0.117676
vn -0.018311 -0.986328 0.163574
vn -0.006836 -0.780762 0.624268
vn -0.606689 -0.501953 0.616211
vn -0.006836 -0.780762 0.624268
vn 0.011719 -0.180664 0.983398
vn 0.011719 -0.180664 0.983398
vn -0.006836 -0.780762 0.624268
vn 0.603760 -0.527588 0.597168
vn 0.241455 0.165039 0.956055
vn -0.212402 0.074951 0.974121
vn -0.214844 0.092041 0.972168
vn -0.136475 0.010498 0.990479
vn -0.214844 0.092041 0.972168
vn -0.649658 -0.062744 0.757568
vn 0.917969 -0.396240 -0.009521
vn 0.810791 -0.089844 0.578125
vn 0.603760 -0.527588 0.597168
vn -0.534180 -0.836914 0.117676
vn -0.038574 -0.965820 -0.256104
vn -0.018311 -0.986328 0.163574
vn -0.018311 -0.986328 0.163574
vn -0.038574 -0.965820 -0.256104
vn 0.501465 -0.859131 0.101318
vn -0.680664 0.339600 -0.648926
vn -0.515381 0.162354 -0.841064
vn -0.689209 0.058105 -0.722168
vn 0.958984 0.070312 -0.273926
vn 0.785156 -0.052490 -0.616699
vn 0.722412 0.230469 -0.651611
vn 0.475098 -0.229980 -0.849121
vn 0.722412 0.230469 -0.651611
vn 0.785156 -0.052490 -0.616699
vn 0.520264 -0.629150 -0.577148
vn -0.226318 -0.385498 -0.894287
vn 0.475098 -0.229980 -0.849121
vn 0.501465 -0.859131 0.101318
vn 0.520264 -0.629150 -0.577148
vn 0.917969 -0.396240 -0.009521
vn 0.917969 -0.396240 -0.009521
vn 0.520264 -0.629150 -0.577148
vn 0.785156 -0.052490 -0.616699
vn -0.945801 0.075195 -0.315186
vn -0.713379 -0.510742 -0.479248
vn -0.925537 -0.371338 0.070068
vn -0.925537 -0.371338 0.070068
vn -0.713379 -0.510742 -0.479248
vn -0.534180 -0.836914 0.117676
vn -0.713379 -0.510742 -0.479248
vn -0.226318 -0.385498 -0.894287
vn -0.106934 -0.681396 -0.723877
vn -0.038574 -0.965820 -0.256104
vn -0.534180 -0.836914 0.117676
vn -0.713379 -0.510742 -0.479248
vn 0.520264 -0.629150 -0.577148
vn 0.501465 -0.859131 0.101318
vn -0.038574 -0.965820 -0.256104
vn -0.106934 -0.681396 -0.723877
vn -0.226318 -0.385498 -0.894287
vn 0.520264 -0.629150 -0.577148
vn -0.214844 0.092041 0.972168
vn -0.212402 0.074951 0.974121
vn -0.627686 0.014404 0.778076
vn -0.945801 0.075195 -0.315186
vn -0.925537 -0.371338 0.070068
vn -0.832520 -0.064209 0.549805
vn 0.112305 0.532715 -0.838623
vn 0.164551 0.192383 -0.967285
vn 0.173340 0.078857 -0.981445
vn 0.112305 0.532715 -0.838623
vn 0.157227 0.503418 -0.849365
vn 0.200684 0.084229 -0.975830
vn 0.011719 -0.180664 0.983398
vn -0.136475 0.010498 0.990479
vn -0.832520 -0.064209 0.549805
vn 0.011719 -0.180664 0.983398
vn 0.810791 -0.089844 0.578125
vn -0.136475 0.010498 0.990479
vn -0.136475 0.010498 0.990479
vn 0.810791 -0.089844 0.578125
vn 0.676514 -0.017334 0.735840
vn -0.540527 0.744873 0.390625
vn -0.540527 0.744873 0.390625
vn -0.540527 0.744873 0.390625
vn -0.713379 -0.510742 -0.479248
vn -0.945801 0.075195 -0.315186
vn -0.689209 0.058105 -0.722168
vn -0.973389 0.101318 -0.204346
vn -0.795166 0.181396 -0.578369
vn -0.797852 0.134766 -0.587158
vn -0.226318 -0.385498 -0.894287
vn -0.713379 -0.510742 -0.479248
vn -0.689209 0.058105 -0.722168
vn -0.689209 0.058105 -0.722168
vn -0.515381 0.162354 -0.841064
vn -0.226318 -0.385498 -0.894287
vn 0.785156 -0.052490 -0.616699
vn 0.520264 -0.629150 -0.577148
vn 0.475098 -0.229980 -0.849121
vn 0.958984 0.070312 -0.273926
vn 0.722412 0.230469 -0.651611
vn 0.820312 0.121094 -0.558350
vn -0.680664 0.339600 -0.648926
vn -0.689209 0.058105 -0.722168
vn -0.945801 0.075195 -0.315186
vn -0.925537 -0.371338 0.070068
vn -0.534180 -0.836914 0.117676
vn -0.606689 -0.501953 0.616211
vn -0.006836 -0.780762 0.624268
vn -0.018311 -0.986328 0.163574
vn 0.501465 -0.859131 0.101318
vn 0.603760 -0.527588 0.597168
vn -0.006836 -0.780762 0.624268
vn 0.501465 -0.859131 0.101318
vn 0.603760 -0.527588 0.597168
vn 0.810791 -0.089844 0.578125
vn 0.011719 -0.180664 0.983398
vn 0.011719 -0.180664 0.983398
vn -0.832520 -0.064209 0.549805
vn -0.606689 -0.501953 0.616211
vn -0.534180 -0.836914 0.117676
vn -0.006836 -0.780762 0.624268
vn -0.606689 -0.501953 0.616211
vn 0.603760 -0.527588 0.597168
vn 0.501465 -0.859131 0.101318
vn 0.917969 -0.396240 -0.009521
vn -0.606689 -0.501953 0.616211
vn -0.832520 -0.064209 0.549805
vn -0.925537 -0.371338 0.070068
vn 0.785156 -0.052490 -0.616699
vn 0.958984 0.070312 -0.273926
vn 0.917969 -0.396240 -0.009521
vn 0.583740 0.720947 0.373047
vn 0.583740 0.720947 0.373047
vn 0.583740 0.720947 0.373047
vn -0.797852 0.134766 -0.587158
vn -0.680664 0.339600 -0.648926
vn -0.945801 0.075195 -0.315186
vn 0.820312 0.121094 -0.558350
vn 0.801025 0.186768 -0.568359
vn 0.977295 0.086182 -0.192383
vn -0.797852 0.134766 -0.587158
vn -0.945801 0.075195 -0.315186
vn -0.973389 0.101318 -0.204346
vn 0.958984 0.070312 -0.273926
vn 0.820312 0.121094 -0.558350
vn 0.977295 0.086182 -0.192383
vn -0.106934 -0.681396 -0.723877
vn -0.038574 -0.965820 -0.256104
vn -0.713379 -0.510742 -0.479248
vn 0.520264 -0.629150 -0.577148
vn -0.038574 -0.965820 -0.256104
vn -0.106934 -0.681396 -0.723877
vn 0.164551 0.192383 -0.967285
vn 0.200684 0.084229 -0.975830
vn 0.119141 0.268555 -0.955811
vn 0.164551 0.192383 -0.967285
vn 0.099854 0.463135 -0.880371
vn 0.175049 0.278320 -0.944336
vn 0.119141 0.268555 -0.955811
vn 0.099854 0.463135 -0.880371
vn 0.164551 0.192383 -0.967285
vn 0.810791 -0.089844 0.578125
vn 0.958984 0.070312 -0.273926
vn 0.977295 0.086182 -0.192383
vn -0.214844 0.092041 0.972168
vn 0.288330 0.105957 0.951416
vn 0.241455 0.165039 0.956055
vn -0.627686 0.014404 0.778076
vn -0.649658 -0.062744 0.757568
vn -0.214844 0.092041 0.972168
vn -0.973389 0.101318 -0.204346
vn -0.945801 0.075195 -0.315186
vn -0.832520 -0.064209 0.549805
vn 0.112305 0.532715 -0.838623
vn 0.173340 0.078857 -0.981445
vn 0.020264 0.548340 -0.835693
vn 0.112305 0.532715 -0.838623
vn 0.007812 0.915283 -0.402100
vn 0.111328 0.761475 -0.638428
vn -0.846191 -0.056396 0.529541
vn -0.973389 0.101318 -0.204346
vn -0.832520 -0.064209 0.549805
vn -0.057129 0.803955 -0.591797
vn 0.007812 0.915283 -0.402100
vn 0.112305 0.532715 -0.838623
vn 0.810791 -0.089844 0.578125
vn 0.977295 0.086182 -0.192383
vn 0.676514 -0.017334 0.735840
vn 0.020264 0.548340 -0.835693
vn 0.359863 0.598633 -0.715332
vn -0.057129 0.803955 -0.591797
vn 0.111328 0.761475 -0.638428
vn -0.240479 0.463135 -0.852783
vn 0.157227 0.503418 -0.849365
vn -0.057129 0.803955 -0.591797
vn 0.112305 0.532715 -0.838623
vn 0.020264 0.548340 -0.835693
vn 0.288330 0.105957 0.951416
vn -0.214844 0.092041 0.972168
vn -0.136475 0.010498 0.990479
vn -0.846191 -0.056396 0.529541
vn -0.832520 -0.064209 0.549805
vn -0.136475 0.010498 0.990479
vn -0.136475 0.010498 0.990479
vn 0.676514 -0.017334 0.735840
vn 0.288330 0.105957 0.951416
vn -0.649658 -0.062744 0.757568
vn -0.846191 -0.056396 0.529541
vn -0.136475 0.010498 0.990479
vn 0.112305 0.532715 -0.838623
vn 0.111328 0.761475 -0.638428
vn 0.157227 0.503418 -0.849365
vn 0.200684 0.084229 -0.975830
vn 0.164551 0.192383 -0.967285
vn 0.112305 0.532715 -0.838623
vn 0.783447 0.561523 0.265625
vn 0.659668 0.742676 -0.114014
vn 0.817627 0.569824 -0.080322
vn 0.023438 0.455322 0.889893
vn 0.023438 0.455322 0.889893
vn 0.023438 0.455322 0.889893
vn 0.023438 0.455322 0.889893
vn 0.023438 0.455322 0.889893
vn 0.023438 0.455322 0.889893
vn 0.013916 0.929443 -0.367920
vn -0.630615 0.770264 -0.093750
vn -0.618408 0.650635 -0.439941
vn -0.618408 0.650635 -0.439941
vn -0.630615 0.770264 -0.093750
vn -0.794678 0.604248 -0.054932
vn 0.817627 0.569824 -0.080322
vn 0.659668 0.742676 -0.114014
vn 0.631592 0.624023 -0.459473
vn 0.631592 0.624023 -0.459473
vn 0.659668 0.742676 -0.114014
vn 0.013916 0.929443 -0.367920
vn -0.794678 0.604248 -0.054932
vn -0.630615 0.770264 -0.093750
vn -0.750000 0.594238 0.289551
vn 0.549316 0.736328 -0.394531
vn 0.728027 0.678467 0.096436
vn 0.834473 0.393311 -0.385498
vn 0.549316 0.736328 -0.394531
vn 0.694824 0.111572 -0.710205
vn 0.447510 0.328857 -0.831543
vn 0.447510 0.328857 -0.831543
vn 0.694824 0.111572 -0.710205
vn -0.018311 -0.136475 -0.990234
vn 0.601562 -0.183594 -0.777100
vn 0.734863 0.044922 -0.676514
vn -0.013916 0.076660 -0.996826
vn 0.834473 0.393311 -0.385498
vn 0.728027 0.678467 0.096436
vn 0.934814 0.203613 -0.290527
vn -0.603760 0.137695 -0.784912
vn -0.013916 0.076660 -0.996826
vn -0.031494 -0.020508 -0.999268
vn 0.543213 -0.034912 -0.838623
vn -0.031494 -0.020508 -0.999268
vn -0.013916 0.076660 -0.996826
vn 0.862305 0.129395 -0.489014
vn 0.543213 -0.034912 -0.838623
vn 0.734863 0.044922 -0.676514
vn -0.013916 0.076660 -0.996826
vn 0.734863 0.044922 -0.676514
vn 0.543213 -0.034912 -0.838623
vn -0.633057 -0.156982 -0.757812
vn -0.711182 0.141846 -0.688232
vn -0.018311 -0.136475 -0.990234
vn -0.458496 0.348389 -0.817383
vn 0.004883 0.731689 -0.681396
vn -0.007324 0.330566 -0.943604
vn -0.695068 0.708984 0.118896
vn -0.933838 0.243652 -0.261230
vn -0.750000 0.594238 0.289551
vn -0.529297 0.759521 -0.377441
vn -0.711182 0.141846 -0.688232
vn -0.828613 0.429199 -0.359375
vn -0.529297 0.759521 -0.377441
vn 0.004883 0.731689 -0.681396
vn -0.458496 0.348389 -0.817383
vn -0.752930 0.076904 -0.653076
vn -0.603760 0.137695 -0.784912
vn -0.870850 0.166504 -0.461914
vn -0.750000 0.594238 0.289551
vn -0.630615 0.770264 -0.093750
vn -0.695068 0.708984 0.118896
vn -0.603760 0.137695 -0.784912
vn -0.752930 0.076904 -0.653076
vn -0.013916 0.076660 -0.996826
vn -0.630615 0.770264 -0.093750
vn -0.529297 0.759521 -0.377441
vn -0.695068 0.708984 0.118896
vn 0.013916 0.929443 -0.367920
vn -0.529297 0.759521 -0.377441
vn -0.630615 0.770264 -0.093750
vn -0.529297 0.759521 -0.377441
vn 0.013916 0.929443 -0.367920
vn 0.004883 0.731689 -0.681396
vn 0.728027 0.678467 0.096436
vn 0.659668 0.742676 -0.114014
vn 0.783447 0.561523 0.265625
vn 0.659668 0.742676 -0.114014
vn 0.728027 0.678467 0.096436
vn 0.549316 0.736328 -0.394531
vn 0.659668 0.742676 -0.114014
vn 0.549316 0.736328 -0.394531
vn 0.013916 0.929443 -0.367920
vn 0.013916 0.929443 -0.367920
vn 0.549316 0.736328 -0.394531
vn 0.004883 0.731689 -0.681396
vn 0.934814 0.203613 -0.290527
vn 0.728027 0.678467 0.096436
vn 0.783447 0.561523 0.265625
vn 0.092773 -0.329102 -0.939453
vn -0.031494 -0.020508 -0.999268
vn 0.543213 -0.034912 -0.838623
vn 0.092773 -0.329102 -0.939453
vn -0.603760 0.137695 -0.784912
vn -0.031494 -0.020508 -0.999268
vn -0.933838 0.243652 -0.261230
vn -0.711182 0.141846 -0.688232
vn -0.633057 -0.156982 -0.757812
vn -0.933838 0.243652 -0.261230
vn -0.695068 0.708984 0.118896
vn -0.828613 0.429199 -0.359375
vn -0.752930 0.076904 -0.653076
vn -0.870850 0.166504 -0.461914
vn -0.933838 0.243652 -0.261230
vn 0.601562 -0.183594 -0.777100
vn 0.694824 0.111572 -0.710205
vn 0.934814 0.203613 -0.290527
vn -0.458496 0.348389 -0.817383
vn -0.711182 0.141846 -0.688232
vn -0.529297 0.759521 -0.377441
vn -0.018311 -0.136475 -0.990234
vn -0.711182 0.141846 -0.688232
vn -0.458496 0.348389 -0.817383
vn -0.007324 0.330566 -0.943604
vn 0.004883 0.731689 -0.681396
vn 0.447510 0.328857 -0.831543
vn 0.447510 0.328857 -0.831543
vn 0.004883 0.731689 -0.681396
vn 0.549316 0.736328 -0.394531
vn -0.458496 0.348389 -0.817383
vn -0.007324 0.330566 -0.943604
vn -0.018311 -0.136475 -0.990234
vn -0.018311 -0.136475 -0.990234
vn -0.007324 0.330566 -0.943604
vn 0.447510 0.328857 -0.831543
vn -0.013916 0.076660 -0.996826
vn -0.752930 0.076904 -0.653076
vn -0.633057 -0.156982 -0.757812
vn -0.018311 -0.136475 -0.990234
vn 0.694824 0.111572 -0.710205
vn 0.601562 -0.183594 -0.777100
vn -0.021484 -0.314209 -0.948975
vn -0.013916 0.076660 -0.996826
vn -0.633057 -0.156982 -0.757812
vn 0.601562 -0.183594 -0.777100
vn -0.013916 0.076660 -0.996826
vn -0.021484 -0.314209 -0.948975
vn -0.633057 -0.156982 -0.757812
vn -0.018311 -0.136475 -0.990234
vn -0.021484 -0.314209 -0.948975
vn -0.021484 -0.314209 -0.948975
vn -0.018311 -0.136475 -0.990234
vn 0.601562 -0.183594 -0.777100
vn 0.734863 0.044922 -0.676514
vn 0.934814 0.203613 -0.290527
vn 0.862305 0.129395 -0.489014
vn -0.828613 0.429199 -0.359375
vn -0.711182 0.141846 -0.688232
vn -0.933838 0.243652 -0.261230
vn -0.633057 -0.156982 -0.757812
vn -0.752930 0.076904 -0.653076
vn -0.933838 0.243652 -0.261230
vn -0.828613 0.429199 -0.359375
vn -0.695068 0.708984 0.118896
vn -0.529297 0.759521 -0.377441
vn 0.834473 0.393311 -0.385498
vn 0.694824 0.111572 -0.710205
vn 0.549316 0.736328 -0.394531
vn 0.934814 0.203613 -0.290527
vn 0.694824 0.111572 -0.710205
vn 0.834473 0.393311 -0.385498
vn 0.934814 0.203613 -0.290527
vn 0.734863 0.044922 -0.676514
vn 0.601562 -0.183594 -0.777100
vn 0.543213 -0.034912 -0.838623
vn 0.340820 -0.302490 -0.889893
vn 0.092773 -0.329102 -0.939453
vn 0.550293 0.292480 -0.781738
vn 0.932373 0.099609 -0.346924
vn 0.759277 -0.124268 -0.638428
vn 0.224121 0.285156 -0.931641
vn -0.248047 0.602295 -0.758545
vn 0.550293 0.292480 -0.781738
vn 0.550293 0.292480 -0.781738
vn 0.759277 -0.124268 -0.638428
vn 0.224121 0.285156 -0.931641
vn -0.326416 -0.729736 0.600342
vn 0.317139 -0.379639 0.868896
vn -0.623535 -0.446533 0.641357
vn -0.248047 0.602295 -0.758545
vn -0.443848 0.612793 -0.653564
vn -0.303467 0.582764 -0.753662
vn -0.906494 -0.014404 0.421387
vn -0.864990 0.005615 0.501221
vn -0.957764 -0.067383 0.278809
vn 0.924072 0.194824 -0.328369
vn 0.870117 0.195068 -0.452393
vn 0.932373 0.099609 -0.346924
vn 0.317139 -0.379639 0.868896
vn 0.375000 -0.617188 0.691406
vn 0.394287 -0.666504 0.632324
vn 0.932373 0.099609 -0.346924
vn 0.550293 0.292480 -0.781738
vn 0.924072 0.194824 -0.328369
vn 0.394287 -0.666504 0.632324
vn -0.623535 -0.446533 0.641357
vn 0.317139 -0.379639 0.868896
vn -0.303467 0.582764 -0.753662
vn 0.550293 0.292480 -0.781738
vn -0.248047 0.602295 -0.758545
vn 0.358398 -0.932617 0.037109
vn 0.080566 -0.891602 -0.445312
vn 0.186523 -0.917725 -0.350098
vn -0.532715 -0.236816 0.812256
vn -0.068115 -0.369385 0.926514
vn -0.441895 -0.289062 0.848877
vn 0.244629 0.022461 -0.969238
vn 0.244629 0.022461 -0.969238
vn -0.360107 0.003418 -0.932617
vn 0.759521 0.033203 -0.649414
vn 0.244629 0.022461 -0.969238
vn 0.244629 0.022461 -0.969238
vn 0.508057 0.360596 -0.781982
vn 0.277344 0.431885 -0.857910
vn 0.640625 0.270752 -0.718262
vn -0.710938 0.134766 0.689941
vn -0.798340 -0.029053 0.601318
vn -0.532715 -0.236816 0.812256
vn -0.798340 -0.029053 0.601318
vn -0.710938 0.134766 0.689941
vn -0.864990 0.005615 0.501221
vn -0.505859 0.810791 0.293457
vn -0.505859 0.810791 0.293457
vn -0.505859 0.810791 0.293457
vn -0.710938 0.134766 0.689941
vn -0.054443 0.550293 0.833008
vn -0.430664 0.471436 0.769287
vn 0.394287 -0.666504 0.632324
vn 0.375000 -0.617188 0.691406
vn 0.358398 -0.932617 0.037109
vn 0.756104 0.294678 -0.583984
vn 0.508057 0.360596 -0.781982
vn 0.640625 0.270752 -0.718262
vn 0.080566 -0.891602 -0.445312
vn -0.153076 -0.747070 -0.646484
vn 0.186523 -0.917725 -0.350098
vn -0.532715 -0.236816 0.812256
vn -0.441895 -0.289062 0.848877
vn -0.710938 0.134766 0.689941
vn 0.186523 -0.917725 -0.350098
vn 0.418457 -0.907471 -0.032715
vn 0.358398 -0.932617 0.037109
vn -0.623535 -0.446533 0.641357
vn -0.957764 -0.067383 0.278809
vn -0.902100 -0.411865 0.127197
vn -0.902100 -0.411865 0.127197
vn -0.326416 -0.729736 0.600342
vn -0.623535 -0.446533 0.641357
vn -0.957764 -0.067383 0.278809
vn -0.623535 -0.446533 0.641357
vn -0.906494 -0.014404 0.421387
vn 0.752930 0.174316 -0.634277
vn 0.756104 0.294678 -0.583984
vn 0.640625 0.270752 -0.718262
vn -0.804932 0.221924 0.550049
vn -0.864990 0.005615 0.501221
vn -0.710938 0.134766 0.689941
vn -0.710938 0.134766 0.689941
vn -0.430664 0.471436 0.769287
vn -0.804932 0.221924 0.550049
vn 0.640625 0.270752 -0.718262
vn 0.676514 0.020996 -0.736084
vn 0.752930 0.174316 -0.634277
vn 0.358398 -0.932617 0.037109
vn 0.418457 -0.907471 -0.032715
vn 0.394287 -0.666504 0.632324
vn -0.864990 0.005615 0.501221
vn -0.906494 -0.014404 0.421387
vn -0.798340 -0.029053 0.601318
vn 0.441406 -0.218994 -0.869873
vn 0.319824 -0.311768 -0.894531
vn 0.368164 -0.303223 -0.878662
vn 0.487305 -0.161621 -0.857910
vn 0.487305 -0.161621 -0.857910
vn 0.441406 -0.218994 -0.869873
vn 0.441406 -0.218994 -0.869873
vn 0.452637 -0.228271 -0.861816
vn 0.487305 -0.161621 -0.857910
vn 0.441406 -0.218994 -0.869873
vn 0.487305 -0.161621 -0.857910
vn 0.487305 -0.161621 -0.857910
vn 0.368164 -0.303223 -0.878662
vn 0.452637 -0.228271 -0.861816
vn 0.441406 -0.218994 -0.869873
vn 0.605469 -0.241699 0.758057
vn 0.593994 -0.228271 0.771240
vn 0.325439 -0.172119 0.929688
vn -0.955078 -0.152100 0.253662
vn -0.957275 -0.163086 0.238281
vn -0.831055 -0.115479 0.543701
vn -0.318604 -0.088135 0.943604
vn -0.319336 -0.173828 0.931396
vn -0.663086 -0.110107 0.739990
vn 0.325439 -0.172119 0.929688
vn 0.593994 -0.228271 0.771240
vn 0.074219 -0.145020 0.986572
vn -0.663086 -0.110107 0.739990
vn -0.955078 -0.152100 0.253662
vn -0.831055 -0.115479 0.543701
vn -0.318604 -0.088135 0.943604
vn 0.325439 -0.172119 0.929688
vn 0.074219 -0.145020 0.986572
vn 0.294434 -0.244141 -0.923828
vn -0.314941 -0.251953 -0.914795
vn -0.042725 -0.251465 -0.966797
vn -0.314941 -0.251953 -0.914795
vn -0.600830 -0.261963 -0.754883
vn -0.578613 -0.241455 -0.778809
vn -0.042725 -0.251465 -0.966797
vn -0.314941 -0.251953 -0.914795
vn -0.578613 -0.241455 -0.778809
vn 0.774658 -0.306885 -0.552490
vn 0.588623 -0.282959 -0.757080
vn 0.904541 -0.316162 -0.285400
vn 0.904541 -0.316162 -0.285400
vn 0.906250 -0.337891 -0.253662
vn 0.774658 -0.306885 -0.552490
vn 0.294434 -0.244141 -0.923828
vn 0.288574 -0.285400 -0.913818
vn 0.588623 -0.282959 -0.757080
vn -0.042725 -0.251465 -0.966797
vn 0.288574 -0.285400 -0.913818
vn 0.294434 -0.244141 -0.923828
vn 0.588623 -0.282959 -0.757080
vn 0.774658 -0.306885 -0.552490
vn 0.294434 -0.244141 -0.923828
vn 0.074219 -0.145020 0.986572
vn -0.319336 -0.173828 0.931396
vn -0.318604 -0.088135 0.943604
vn -0.663086 -0.110107 0.739990
vn -0.831055 -0.115479 0.543701
vn -0.318604 -0.088135 0.943604
vn 0.382812 -0.365234 -0.848389
vn 0.213379 -0.379883 -0.899902
vn 0.448730 -0.243652 -0.859619
vn 0.448730 -0.243652 -0.859619
vn 0.487305 -0.161621 -0.857910
vn 0.487305 -0.161621 -0.857910
vn 0.487305 -0.161621 -0.857910
vn 0.516357 -0.251465 -0.818359
vn 0.448730 -0.243652 -0.859619
vn 0.487305 -0.161621 -0.857910
vn 0.487305 -0.161621 -0.857910
vn 0.448730 -0.243652 -0.859619
vn 0.448730 -0.243652 -0.859619
vn 0.516357 -0.251465 -0.818359
vn 0.382812 -0.365234 -0.848389
vn -0.113037 -0.221680 -0.968262
vn -0.284180 -0.083496 -0.954834
vn 0.706055 -0.044922 -0.706299
vn 0.757812 -0.256104 -0.599854
vn 0.706055 -0.044922 -0.706299
vn 0.961914 -0.009033 -0.272705
vn 0.483643 -0.206543 0.850342
vn -0.158203 0.132568 0.978271
vn 0.251709 -0.187012 0.949463
vn 0.961914 -0.009033 -0.272705
vn 0.706055 -0.044922 -0.706299
vn 0.958496 0.255371 -0.124756
vn -0.158203 0.132568 0.978271
vn 0.483643 -0.206543 0.850342
vn -0.030029 -0.037598 0.998779
vn -0.597900 -0.055420 -0.799316
vn -0.284180 -0.083496 -0.954834
vn -0.113037 -0.221680 -0.968262
vn -0.923584 -0.100586 0.369873
vn -0.901855 -0.373047 0.216797
vn -0.682129 -0.095947 0.724609
vn -0.658936 0.166260 -0.733398
vn -0.284180 -0.083496 -0.954834
vn -0.597900 -0.055420 -0.799316
vn -0.471924 0.343018 0.811768
vn 0.177490 0.225342 0.957764
vn -0.600586 0.183838 0.777832
vn -0.158203 0.132568 0.978271
vn -0.471924 0.343018 0.811768
vn -0.682129 -0.095947 0.724609
vn 0.862305 0.159912 -0.480225
vn 0.938965 0.183594 -0.290039
vn 0.748779 0.115967 -0.652100
vn -0.658936 0.166260 -0.733398
vn -0.641846 0.208496 -0.737549
vn -0.710938 0.154053 -0.685791
vn -0.758057 -0.030762 0.651123
vn -0.761230 -0.060791 0.645264
vn -0.878906 0.184326 -0.439209
vn -0.698730 0.157715 -0.697510
vn -0.802490 -0.002686 -0.596436
vn -0.768799 0.058105 -0.636475
vn 0.182129 0.046387 0.981934
vn -0.192871 0.031006 0.980713
vn 0.177490 0.225342 0.957764
vn 0.933594 0.055664 -0.353271
vn 0.917480 0.090576 -0.386719
vn 0.936035 0.047363 -0.347900
vn 0.990723 0.117676 -0.065674
vn 0.981201 0.179443 -0.068848
vn 0.989014 0.135986 -0.054443
vn 0.862305 0.159912 -0.480225
vn 0.936035 0.047363 -0.347900
vn 0.917480 0.090576 -0.386719
vn -0.479736 0.100586 -0.871338
vn -0.651611 -0.099609 -0.751709
vn -0.596436 -0.032471 -0.801758
vn -0.802490 -0.002686 -0.596436
vn -0.875732 -0.155029 -0.456787
vn -0.768799 0.058105 -0.636475
vn -0.192871 0.031006 0.980713
vn -0.600586 0.183838 0.777832
vn 0.177490 0.225342 0.957764
vn 0.938965 0.183594 -0.290039
vn 0.969727 0.194824 0.145508
vn -0.284912 0.546631 0.787109
vn -0.284912 0.546631 0.787109
vn -0.878906 0.184326 -0.439209
vn -0.578369 0.333008 -0.744385
vn 0.163574 0.878662 -0.447998
vn 0.163574 0.878662 -0.447998
vn 0.163574 0.878662 -0.447998
vn 0.981201 0.179443 -0.068848
vn 0.949951 0.289307 -0.116455
vn 0.958496 0.255371 -0.124756
vn 0.951416 -0.036377 -0.305664
vn 0.963379 -0.220459 -0.151123
vn 0.959229 -0.086426 -0.268311
vn -0.192871 0.031006 0.980713
vn 0.182129 0.046387 0.981934
vn -0.156494 -0.088379 0.983643
vn 0.998779 0.018555 -0.043213
vn 0.986816 -0.134766 0.088623
vn 0.999023 -0.041748 -0.011963
vn -0.479980 0.164307 -0.861572
vn -0.502197 0.100830 -0.858643
vn -0.389404 0.318604 -0.864014
vn -0.651611 -0.099609 -0.751709
vn -0.764893 -0.315430 -0.561279
vn -0.596436 -0.032471 -0.801758
vn -0.503662 -0.080811 0.859863
vn -0.761230 -0.060791 0.645264
vn -0.459717 -0.051758 0.886230
vn -0.758057 -0.030762 0.651123
vn -0.030029 -0.037598 0.998779
vn -0.459717 -0.051758 0.886230
vn -0.389404 0.318604 -0.864014
vn -0.087646 0.335205 -0.937988
vn -0.578369 0.333008 -0.744385
vn 0.969727 0.194824 0.145508
vn 0.938965 0.183594 -0.290039
vn 0.862305 0.159912 -0.480225
vn -0.471924 0.343018 0.811768
vn -0.158203 0.132568 0.978271
vn -0.284912 0.546631 0.787109
vn -0.284912 0.546631 0.787109
vn 0.177490 0.225342 0.957764
vn -0.471924 0.343018 0.811768
vn -0.758057 -0.030762 0.651123
vn -0.459717 -0.051758 0.886230
vn -0.761230 -0.060791 0.645264
vn -0.578369 0.333008 -0.744385
vn -0.878906 0.184326 -0.439209
vn -0.389404 0.318604 -0.864014
vn 0.177490 0.225342 0.957764
vn -0.284912 0.546631 0.787109
vn 0.969727 0.194824 0.145508
vn -0.878906 0.184326 -0.439209
vn -0.284912 0.546631 0.787109
vn -0.758057 -0.030762 0.651123
vn -0.158203 0.132568 0.978271
vn -0.758057 -0.030762 0.651123
vn -0.284912 0.546631 0.787109
vn 0.251709 -0.187012 0.949463
vn 0.555176 -0.446533 0.701416
vn 0.483643 -0.206543 0.850342
vn -0.682129 -0.095947 0.724609
vn -0.471924 0.343018 0.811768
vn -0.923584 -0.100586 0.369873
vn -0.113037 -0.221680 -0.968262
vn -0.559570 -0.341553 -0.754883
vn -0.597900 -0.055420 -0.799316
vn 0.961914 -0.009033 -0.272705
vn 0.865967 -0.413330 -0.280762
vn 0.757812 -0.256104 -0.599854
vn -0.030029 -0.037598 0.998779
vn -0.758057 -0.030762 0.651123
vn -0.158203 0.132568 0.978271
vn -0.600586 0.183838 0.777832
vn -0.923584 -0.100586 0.369873
vn -0.471924 0.343018 0.811768
vn -0.710938 0.154053 -0.685791
vn -0.733398 0.144043 -0.663818
vn -0.658936 0.166260 -0.733398
vn 0.917480 0.090576 -0.386719
vn 0.969727 0.194824 0.145508
vn 0.862305 0.159912 -0.480225
vn -0.389404 0.318604 -0.864014
vn -0.878906 0.184326 -0.439209
vn -0.479980 0.164307 -0.861572
vn 0.958496 0.255371 -0.124756
vn 0.989014 0.135986 -0.054443
vn 0.981201 0.179443 -0.068848
vn 0.177490 0.225342 0.957764
vn 0.969727 0.194824 0.145508
vn 0.182129 0.046387 0.981934
vn 0.958496 0.255371 -0.124756
vn 0.949951 0.289307 -0.116455
vn 0.961914 -0.009033 -0.272705
vn -0.597900 -0.055420 -0.799316
vn -0.641846 0.208496 -0.737549
vn -0.658936 0.166260 -0.733398
vn -0.238281 -0.078369 0.967773
vn -0.259277 -0.053711 0.964111
vn -0.230225 -0.070557 0.970459
vn 0.951416 -0.036377 -0.305664
vn 0.959229 -0.086426 -0.268311
vn 0.926514 0.053467 -0.371826
vn -0.733398 0.144043 -0.663818
vn -0.710938 0.154053 -0.685791
vn -0.723877 0.162109 -0.670410
vn -0.412109 -0.053955 0.909424
vn -0.328613 0.010010 0.944336
vn -0.390381 -0.054688 0.918701
vn 0.998779 0.018555 -0.043213
vn 0.999023 -0.041748 -0.011963
vn 0.989990 0.100098 -0.097168
vn -0.502197 0.100830 -0.858643
vn -0.479980 0.164307 -0.861572
vn -0.492676 0.083984 -0.865967
vn -0.484131 0.089355 -0.870117
vn -0.492676 0.083984 -0.865967
vn -0.479736 0.100586 -0.871338
vn 0.989990 0.100098 -0.097168
vn 0.990723 0.117676 -0.065674
vn 0.988281 0.127197 -0.083740
vn -0.465088 -0.088379 0.880615
vn -0.503662 -0.080811 0.859863
vn -0.479980 -0.067383 0.874512
vn 0.926514 0.053467 -0.371826
vn 0.933594 0.055664 -0.353271
vn 0.928467 0.061279 -0.365967
vn -0.705566 0.170898 -0.687256
vn -0.723877 0.162109 -0.670410
vn -0.698730 0.157715 -0.697510
vn -0.184326 -0.072998 0.979980
vn -0.156494 -0.088379 0.983643
vn -0.200684 -0.085938 0.975830
vn -0.723877 0.162109 -0.670410
vn -0.705566 0.170898 -0.687256
vn -0.733398 0.144043 -0.663818
vn 0.936035 0.047363 -0.347900
vn 0.928467 0.061279 -0.365967
vn 0.933594 0.055664 -0.353271
vn -0.492676 0.083984 -0.865967
vn -0.484131 0.089355 -0.870117
vn -0.502197 0.100830 -0.858643
vn 0.989014 0.135986 -0.054443
vn 0.988281 0.127197 -0.083740
vn 0.990723 0.117676 -0.065674
vn -0.479736 0.100586 -0.871338
vn -0.596436 -0.032471 -0.801758
vn -0.484131 0.089355 -0.870117
vn 0.988281 0.127197 -0.083740
vn 0.998779 0.018555 -0.043213
vn 0.989990 0.100098 -0.097168
vn -0.698730 0.157715 -0.697510
vn -0.768799 0.058105 -0.636475
vn -0.705566 0.170898 -0.687256
vn 0.928467 0.061279 -0.365967
vn 0.951416 -0.036377 -0.305664
vn 0.926514 0.053467 -0.371826
vn -0.156494 -0.088379 0.983643
vn -0.184326 -0.072998 0.979980
vn -0.192871 0.031006 0.980713
vn -0.459717 -0.051758 0.886230
vn -0.479980 -0.067383 0.874512
vn -0.503662 -0.080811 0.859863
vn -0.479980 -0.067383 0.874512
vn -0.412109 -0.053955 0.909424
vn -0.465088 -0.088379 0.880615
vn -0.390381 -0.054688 0.918701
vn -0.465088 -0.088379 0.880615
vn -0.412109 -0.053955 0.909424
vn -0.230225 -0.070557 0.970459
vn -0.200684 -0.085938 0.975830
vn -0.238281 -0.078369 0.967773
vn -0.200684 -0.085938 0.975830
vn -0.230225 -0.070557 0.970459
vn -0.184326 -0.072998 0.979980
vn -0.682129 -0.095947 0.724609
vn 0.251709 -0.187012 0.949463
vn -0.158203 0.132568 0.978271
vn 0.706055 -0.044922 -0.706299
vn 0.757812 -0.256104 -0.599854
vn -0.113037 -0.221680 -0.968262
vn 0.771484 -0.525879 0.357422
vn 0.564941 -0.312744 0.763184
vn 0.210938 -0.303223 0.928955
vn -0.934570 -0.239746 0.261963
vn -0.865479 -0.429688 -0.257080
vn -0.753418 -0.278076 0.595703
vn -0.753418 -0.278076 0.595703
vn -0.529785 -0.207764 0.822021
vn -0.847412 -0.187744 0.496094
vn 0.210938 -0.303223 0.928955
vn 0.564941 -0.312744 0.763184
vn 0.357910 -0.243896 0.901123
vn -0.529785 -0.207764 0.822021
vn -0.753418 -0.278076 0.595703
vn -0.351807 -0.222656 0.908936
vn -0.184814 -0.193115 0.963379
vn 0.771484 -0.525879 0.357422
vn 0.210938 -0.303223 0.928955
vn -0.865479 -0.429688 -0.257080
vn -0.686279 -0.214844 0.694824
vn -0.753418 -0.278076 0.595703
vn -0.184814 -0.193115 0.963379
vn 0.210938 -0.303223 0.928955
vn -0.351807 -0.222656 0.908936
vn -0.587158 -0.459229 0.666260
vn -0.532227 -0.098145 0.840820
vn -0.599854 -0.160156 0.783691
vn -0.849121 0.393799 -0.351562
vn -0.777832 0.316406 -0.542480
vn -0.824951 0.408691 -0.390381
vn -0.686279 -0.214844 0.694824
vn -0.599854 -0.160156 0.783691
vn -0.532227 -0.098145 0.840820
vn -0.777832 0.316406 -0.542480
vn -0.849121 0.393799 -0.351562
vn -0.596924 -0.099854 -0.795654
vn -0.596924 -0.099854 -0.795654
vn -0.686279 -0.214844 0.694824
vn -0.865479 -0.429688 -0.257080
vn -0.184814 -0.193115 0.963379
vn -0.686279 -0.214844 0.694824
vn -0.532227 -0.098145 0.840820
vn 0.372070 -0.351318 -0.858887
vn 0.719727 -0.467285 -0.512939
vn 0.696289 -0.446533 -0.561768
vn 0.872070 -0.448730 -0.193848
vn 0.771484 -0.525879 0.357422
vn 0.696289 -0.446533 -0.561768
vn 0.696289 -0.446533 -0.561768
vn 0.719727 -0.467285 -0.512939
vn 0.872070 -0.448730 -0.193848
vn 0.452881 -0.115723 -0.883789
vn -0.205322 -0.398926 -0.893555
vn 0.287109 -0.301514 -0.908936
vn 0.452881 -0.115723 -0.883789
vn 0.696289 -0.446533 -0.561768
vn 0.982178 -0.014160 0.186279
vn 0.771484 -0.525879 0.357422
vn -0.184814 -0.193115 0.963379
vn 0.982178 -0.014160 0.186279
vn 0.771484 -0.525879 0.357422
vn 0.982178 -0.014160 0.186279
vn 0.696289 -0.446533 -0.561768
vn -0.205322 -0.398926 -0.893555
vn -0.865479 -0.429688 -0.257080
vn -0.619629 -0.373535 -0.689941
vn -0.205322 -0.398926 -0.893555
vn 0.452881 -0.115723 -0.883789
vn -0.596924 -0.099854 -0.795654
vn -0.205322 -0.398926 -0.893555
vn -0.596924 -0.099854 -0.795654
vn -0.865479 -0.429688 -0.257080
vn 0.676270 -0.711426 -0.189453
vn 0.971680 -0.026855 0.233887
vn 0.707031 -0.705078 -0.052490
vn 0.676270 -0.711426 -0.189453
vn 0.707031 -0.705078 -0.052490
vn 0.358154 -0.926514 -0.113037
vn 0.676270 -0.711426 -0.189453
vn 0.358154 -0.926514 -0.113037
vn 0.424805 -0.796875 -0.429199
vn 0.885742 -0.171387 -0.430664
vn 0.676270 -0.711426 -0.189453
vn 0.424805 -0.796875 -0.429199
vn 0.971680 -0.026855 0.233887
vn 0.676270 -0.711426 -0.189453
vn 0.885742 -0.171387 -0.430664
vn 0.167480 -0.977539 -0.126221
vn 0.088135 -0.935547 -0.341309
vn 0.149658 -0.850830 -0.503174
vn 0.149658 -0.850830 -0.503174
vn 0.088135 -0.935547 -0.341309
vn -0.363037 -0.276855 -0.889404
vn 0.167480 -0.977539 -0.126221
vn 0.149658 -0.850830 -0.503174
vn 0.424805 -0.796875 -0.429199
vn 0.149658 -0.850830 -0.503174
vn -0.363037 -0.276855 -0.889404
vn 0.214844 -0.236572 -0.947266
vn 0.424805 -0.796875 -0.429199
vn 0.149658 -0.850830 -0.503174
vn 0.214844 -0.236572 -0.947266
vn 0.767090 0.419434 0.484863
vn 0.982178 -0.014160 0.186279
vn 0.748779 0.452881 0.483398
vn -0.596924 -0.099854 -0.795654
vn 0.452881 -0.115723 -0.883789
vn 0.214844 -0.236572 -0.947266
vn 0.885742 -0.171387 -0.430664
vn 0.452881 -0.115723 -0.883789
vn 0.982178 -0.014160 0.186279
vn -0.184326 -0.537354 0.822754
vn -0.468018 -0.184814 0.864014
vn -0.532227 -0.098145 0.840820
vn 0.214844 -0.236572 -0.947266
vn 0.452881 -0.115723 -0.883789
vn 0.885742 -0.171387 -0.430664
vn 0.424805 -0.796875 -0.429199
vn 0.214844 -0.236572 -0.947266
vn 0.885742 -0.171387 -0.430664
vn -0.363037 -0.276855 -0.889404
vn -0.777832 0.316406 -0.542480
vn -0.596924 -0.099854 -0.795654
vn -0.363037 -0.276855 -0.889404
vn -0.596924 -0.099854 -0.795654
vn 0.214844 -0.236572 -0.947266
vn 0.885742 -0.171387 -0.430664
vn 0.982178 -0.014160 0.186279
vn 0.971680 -0.026855 0.233887
vn 0.982178 -0.014160 0.186279
vn 0.767090 0.419434 0.484863
vn 0.971680 -0.026855 0.233887
vn 0.767090 0.419434 0.484863
vn 0.748779 0.452881 0.483398
vn 0.789551 0.463135 0.401855
vn -0.184814 -0.193115 0.963379
vn -0.532227 -0.098145 0.840820
vn -0.468018 -0.184814 0.864014
vn -0.351807 -0.222656 0.908936
vn 0.210938 -0.303223 0.928955
vn -0.090088 -0.227783 0.969238
vn -0.351807 -0.222656 0.908936
vn -0.753418 -0.278076 0.595703
vn -0.686279 -0.214844 0.694824
vn -0.686279 -0.214844 0.694824
vn -0.184814 -0.193115 0.963379
vn -0.351807 -0.222656 0.908936
vn 0.287109 -0.301514 -0.908936
vn 0.696289 -0.446533 -0.561768
vn 0.452881 -0.115723 -0.883789
vn -0.205322 -0.398926 -0.893555
vn -0.310059 -0.415771 -0.854736
vn 0.183838 -0.342041 -0.921387
vn 0.357910 -0.243896 0.901123
vn -0.090088 -0.227783 0.969238
vn 0.210938 -0.303223 0.928955
vn -0.847412 -0.187744 0.496094
vn -0.934570 -0.239746 0.261963
vn -0.753418 -0.278076 0.595703
vn -0.619629 -0.373535 -0.689941
vn -0.310059 -0.415771 -0.854736
vn -0.205322 -0.398926 -0.893555
vn 0.183838 -0.342041 -0.921387
vn 0.287109 -0.301514 -0.908936
vn -0.205322 -0.398926 -0.893555
vn 0.696289 -0.446533 -0.561768
vn 0.287109 -0.301514 -0.908936
vn 0.372070 -0.351318 -0.858887
vn -0.230957 -0.150391 0.961182
vn -0.556641 0.490967 0.669922
vn -0.325195 0.476074 0.816895
vn -0.341309 0.687988 0.640137
vn -0.401611 0.697510 0.593262
vn -0.556641 0.490967 0.669922
vn -0.325195 0.476074 0.816895
vn -0.556641 0.490967 0.669922
vn -0.401611 0.697510 0.593262
vn 0.341797 -0.815674 -0.466309
vn 0.341797 -0.815674 -0.466309
vn 0.341797 -0.815674 -0.466309
vn 0.904541 -0.361084 -0.225342
vn 0.875977 0.194092 -0.441162
vn 0.442871 -0.799561 -0.405029
vn 0.009766 -0.944824 -0.327148
vn -0.170410 -0.971924 -0.160889
vn -0.877930 0.017090 -0.478271
vn 0.557129 -0.460205 0.690918
vn 0.562012 -0.070312 0.823975
vn 0.928711 0.142822 0.341797
vn 0.562012 -0.070312 0.823975
vn 0.557129 -0.460205 0.690918
vn -0.230957 -0.150391 0.961182
vn 0.746094 -0.665527 0.005371
vn 0.746094 -0.665527 0.005371
vn 0.746094 -0.665527 0.005371
vn -0.013916 0.944092 0.328857
vn -0.013916 0.944092 0.328857
vn -0.013916 0.944092 0.328857
vn -0.877930 0.017090 -0.478271
vn -0.728760 0.610596 -0.309326
vn -0.713379 0.628418 -0.310059
vn -0.877930 0.017090 -0.478271
vn -0.713379 0.628418 -0.310059
vn -0.738770 0.656250 -0.151611
vn 0.095947 -0.881836 -0.461426
vn -0.078125 -0.816162 -0.572266
vn -0.022949 -0.846436 -0.531494
vn 0.442871 -0.799561 -0.405029
vn 0.308105 -0.922607 -0.231689
vn 0.904541 -0.361084 -0.225342
vn 0.442871 -0.799561 -0.405029
vn 0.293457 -0.922607 -0.249268
vn 0.095947 -0.881836 -0.461426
vn -0.370117 -0.767578 -0.522705
vn 0.021484 -0.922119 -0.385986
vn 0.009766 -0.944824 -0.327148
vn -0.877930 0.017090 -0.478271
vn -0.738770 0.656250 -0.151611
vn -0.370117 -0.767578 -0.522705
vn -0.022949 -0.846436 -0.531494
vn 0.308105 -0.922607 -0.231689
vn 0.442871 -0.799561 -0.405029
vn -0.022949 -0.846436 -0.531494
vn 0.442871 -0.799561 -0.405029
vn 0.095947 -0.881836 -0.461426
vn 0.009766 -0.944824 -0.327148
vn -0.877930 0.017090 -0.478271
vn -0.370117 -0.767578 -0.522705
vn -0.010498 0.999512 -0.029053
vn -0.010498 0.999512 -0.029053
vn -0.010498 0.999512 -0.029053
vn 0.071045 0.936768 0.342041
vn 0.071045 0.936768 0.342041
vn 0.071045 0.936768 0.342041
vn -0.230957 -0.150391 0.961182
vn -0.325195 0.476074 0.816895
vn 0.562012 -0.070312 0.823975
vn -0.183594 0.883301 0.431152
vn -0.656982 0.593750 -0.464355
vn -0.097656 0.868408 0.485840
vn -0.097656 0.868408 0.485840
vn 0.099121 0.785889 0.610107
vn 0.432129 0.571777 0.697021
vn 0.432129 0.571777 0.697021
vn -0.183594 0.883301 0.431152
vn -0.097656 0.868408 0.485840
vn 0.288086 -0.780518 -0.554443
vn 0.135010 -0.596680 -0.790771
vn 0.220703 -0.216064 -0.950928
vn -0.106934 0.791504 0.601318
vn -0.170166 0.967773 0.184326
vn 0.099121 0.785889 0.610107
vn 0.491211 -0.631348 0.599854
vn 0.387207 -0.015137 0.921631
vn 0.585938 -0.369141 0.721191
vn -0.656982 0.593750 -0.464355
vn -0.642822 0.122070 -0.756104
vn -0.649658 0.499023 -0.572998
vn 0.375000 -0.753906 -0.539062
vn 0.578369 -0.715820 -0.390625
vn 0.135010 -0.596680 -0.790771
vn -0.649658 0.499023 -0.572998
vn -0.097656 0.868408 0.485840
vn -0.656982 0.593750 -0.464355
vn 0.135010 -0.596680 -0.790771
vn 0.288086 -0.780518 -0.554443
vn 0.375000 -0.753906 -0.539062
vn 0.099121 0.785889 0.610107
vn -0.097656 0.868408 0.485840
vn -0.106934 0.791504 0.601318
vn 0.766113 -0.583496 -0.269043
vn 0.843506 -0.508789 -0.170654
vn 0.708740 -0.608398 -0.356689
vn -0.309082 -0.506104 0.804932
vn -0.347900 -0.564209 0.748535
vn -0.100830 -0.419434 0.902100
vn 0.719971 0.119385 -0.683350
vn 0.998779 0.013916 0.042480
vn 0.998779 0.013916 0.042480
vn 0.998779 0.013916 0.042480
vn 0.998779 0.013916 0.042480
vn 0.662354 -0.099854 0.742188
vn 0.170654 0.445801 -0.878418
vn 0.552490 0.622559 -0.553955
vn 0.435059 0.508301 -0.742676
vn -0.100830 -0.419434 0.902100
vn 0.403076 -0.106689 0.908691
vn -0.156982 0.042236 0.986572
vn 0.387207 -0.015137 0.921631
vn -0.156982 0.042236 0.986572
vn 0.403076 -0.106689 0.908691
vn -0.833252 0.452148 0.317627
vn -0.350830 0.821533 0.448730
vn -0.156982 0.042236 0.986572
vn -0.202148 0.090332 0.975098
vn -0.833252 0.452148 0.317627
vn -0.156982 0.042236 0.986572
vn 0.708740 -0.608398 -0.356689
vn 0.578369 -0.715820 -0.390625
vn 0.375000 -0.753906 -0.539062
vn 0.170654 0.445801 -0.878418
vn 0.435059 0.508301 -0.742676
vn -0.174316 0.265625 -0.947998
vn 0.766113 -0.583496 -0.269043
vn 0.659180 -0.706787 -0.255859
vn 0.843506 -0.508789 -0.170654
vn -0.156982 0.042236 0.986572
vn -0.309082 -0.506104 0.804932
vn -0.100830 -0.419434 0.902100
vn 0.708740 -0.608398 -0.356689
vn 0.577637 -0.683105 -0.446289
vn 0.766113 -0.583496 -0.269043
vn 0.390381 -0.842285 -0.371094
vn 0.491211 -0.631348 0.599854
vn 0.288086 -0.780518 -0.554443
vn 0.288086 -0.780518 -0.554443
vn 0.220703 -0.216064 -0.950928
vn 0.390381 -0.842285 -0.371094
vn 0.585938 -0.369141 0.721191
vn 0.288086 -0.780518 -0.554443
vn 0.491211 -0.631348 0.599854
vn -0.392090 0.194580 -0.898926
vn 0.170654 0.445801 -0.878418
vn -0.174316 0.265625 -0.947998
vn -0.202148 0.090332 0.975098
vn -0.156982 0.042236 0.986572
vn 0.387207 -0.015137 0.921631
vn -0.174316 0.265625 -0.947998
vn -0.395264 0.187988 -0.898926
vn -0.392090 0.194580 -0.898926
vn 0.387207 -0.015137 0.921631
vn 0.311279 0.208008 0.927002
vn -0.202148 0.090332 0.975098
vn 0.375000 -0.753906 -0.539062
vn 0.577637 -0.683105 -0.446289
vn 0.708740 -0.608398 -0.356689
vn 0.403076 -0.106689 0.908691
vn 0.585938 -0.369141 0.721191
vn 0.387207 -0.015137 0.921631
vn -0.330322 -0.926270 -0.180176
vn -0.330322 -0.926270 -0.180176
vn -0.330322 -0.926270 -0.180176
vn 0.075928 -0.911865 -0.402832
vn 0.075928 -0.911865 -0.402832
vn 0.075928 -0.911865 -0.402832
vn -0.365479 0.478516 0.798096
vn -0.365479 0.478516 0.798096
vn -0.365479 0.478516 0.798096
vn -0.365479 0.478516 0.798096
vn -0.365479 0.478516 0.798096
vn -0.365479 0.478516 0.798096
vn 0.365479 -0.478516 -0.798096
vn 0.365479 -0.478516 -0.798096
vn 0.365479 -0.478516 -0.798096
vn 0.365479 -0.478516 -0.798096
vn 0.365479 -0.478516 -0.798096
vn 0.365479 -0.478516 -0.798096
vn 0.365479 -0.478516 -0.798096
vn 0.365479 -0.478516 -0.798096
vn 0.365479 -0.478516 -0.798096
vn 0.365479 -0.478516 -0.798096
vn 0.365479 -0.478516 -0.798096
vn 0.365479 -0.478516 -0.798096
vn 0.365479 -0.478516 -0.798096
vn 0.365479 -0.478516 -0.798096
vn 0.365479 -0.478516 -0.798096
vn 0.365479 -0.478516 -0.798096
vn 0.365479 -0.478516 -0.798096
vn 0.365479 -0.478516 -0.798096
vn 0.365479 -0.478516 -0.798096
vn 0.365479 -0.478516 -0.798096
vn 0.365479 -0.478516 -0.798096
vn 0.365479 -0.478516 -0.798096
vn 0.365479 -0.478516 -0.798096
vn 0.365479 -0.478516 -0.798096
vn -0.365479 0.478516 0.798096
vn -0.365479 0.478516 0.798096
vn -0.365479 0.478516 0.798096
vn -0.365479 0.478516 0.798096
vn -0.365479 0.478516 0.798096
vn -0.365479 0.478516 0.798096
vn 0.365479 -0.478516 -0.798096
vn 0.365479 -0.478516 -0.798340
vn 0.365479 -0.478516 -0.798340
vn 0.365479 -0.478516 -0.798096
vn 0.365479 -0.478516 -0.798340
vn 0.365479 -0.478516 -0.798096
vn -0.365479 0.478516 0.798096
vn -0.365479 0.478516 0.798096
vn -0.365479 0.478516 0.798096
vn -0.365479 0.478516 0.798096
vn -0.365479 0.478516 0.798096
vn -0.365479 0.478516 0.798096
vn 0.365479 -0.478516 -0.798096
vn 0.365479 -0.478516 -0.798096
vn 0.365479 -0.478516 -0.798096
vn 0.365479 -0.478516 -0.798096
vn 0.365479 -0.478516 -0.798096
vn 0.365479 -0.478516 -0.798096
vn -0.365479 0.478516 0.798096
vn -0.365479 0.478516 0.798096
vn -0.365479 0.478516 0.798096
vn -0.365479 0.478516 0.798096
vn -0.365479 0.478516 0.798096
vn -0.365479 0.478516 0.798096
vn 0.365479 -0.478516 -0.798096
vn 0.365479 -0.478516 -0.798096
vn 0.365479 -0.478516 -0.798096
vn 0.365479 -0.478516 -0.798096
vn 0.365479 -0.478516 -0.798096
vn 0.365479 -0.478516 -0.798096
vn -0.365479 0.478516 0.798096
vn -0.365479 0.478516 0.798096
vn -0.365479 0.478516 0.798096
vn -0.365479 0.478516 0.798096
vn -0.365479 0.478516 0.798096
vn -0.365479 0.478516 0.798096
vn 0.365479 -0.478516 -0.798096
vn 0.365479 -0.478516 -0.798096
vn 0.365479 -0.478516 -0.798096
vn 0.365479 -0.478516 -0.798096
vn 0.365479 -0.478516 -0.798096
vn 0.365479 -0.478516 -0.798096
vn 0.365479 -0.478516 -0.798096
vn 0.365479 -0.478516 -0.798096
vn 0.365479 -0.478516 -0.798096
vn 0.365479 -0.478516 -0.798096
vn 0.365479 -0.478516 -0.798096
vn 0.365479 -0.478516 -0.798096
vn 0.365479 -0.478516 -0.798096
vn 0.365479 -0.478516 -0.798096
vn 0.365479 -0.478516 -0.798096
vn 0.365479 -0.478516 -0.798096
vn 0.365479 -0.478516 -0.798096
vn 0.365479 -0.478516 -0.798096
vn -0.365479 0.478516 0.798096
vn -0.365479 0.478516 0.798096
vn -0.365479 0.478516 0.798096
vn -0.365479 0.478516 0.798096
vn -0.365479 0.478516 0.798096
vn -0.365479 0.478516 0.798096
vn -0.365479 0.478516 0.798096
vn -0.365479 0.478516 0.798096
vn -0.365479 0.478516 0.798096
vn -0.365479 0.478516 0.798096
vn -0.365479 0.478516 0.798096
vn -0.365479 0.478516 0.798096
vn -0.365479 0.478516 0.798096
vn -0.365479 0.478516 0.798096
vn -0.365479 0.478516 0.798096
vn -0.365479 0.478516 0.798096
vn -0.365479 0.478516 0.798096
vn -0.365479 0.478516 0.798096
vn -0.365479 0.478516 0.798096
vn -0.365479 0.478516 0.798096
vn -0.365479 0.478516 0.798096
vn -0.365479 0.478516 0.798096
vn -0.365479 0.478516 0.798096
vn -0.365479 0.478516 0.798096
vn -0.365479 0.478516 0.798096
vn -0.365479 0.478516 0.798096
vn -0.365479 0.478516 0.798096
vn -0.365479 0.478516 0.798096
vn -0.365479 0.478516 0.798096
vn -0.365479 0.478516 0.798096
usemtl Texture
f 1/1/1 2/2/2 3/3/3
f 4/4/4 5/5/5 6/6/6
f 7/7/7 8/8/8 9/9/9
f 10/10/10 11/11/11 12/12/12
f 13/13/13 14/14/14 15/15/15
f 16/16/16 17/17/17 18/18/18
f 19/19/19 20/20/20 21/21/21
f 22/22/22 23/23/23 24/24/24
f 25/25/25 26/26/26 27/27/27
f 28/28/28 29/29/29 30/30/30
f 31/31/31 32/32/32 33/33/33
f 34/34/34 35/35/35 36/36/36
f 37/37/37 38/38/38 39/39/39
f 40/40/40 41/41/41 42/42/42
f 43/43/43 44/44/44 45/45/45
f 46/46/46 47/47/47 48/48/48
f 49/49/49 50/50/50 51/51/51
f 52/52/52 53/53/53 54/54/54
f 55/55/55 56/56/56 57/57/57
f 58/58/58 59/59/59 60/60/60
f 61/61/61 62/62/62 63/63/63
f 64/64/64 65/65/65 66/66/66
f 67/67/67 68/68/68 69/69/69
f 70/70/70 71/71/71 72/72/72
f 73/73/73 74/74/74 75/75/75
f 76/76/76 77/77/77 78/78/78
f 79/79/79 80/80/80 81/81/81
f 82/82/82 83/83/83 84/84/84
f 85/85/85 86/86/86 87/87/87
f 88/88/88 89/89/89 90/90/90
f 91/91/91 92/92/92 93/93/93
f 94/94/94 95/95/95 96/96/96
f 97/97/97 98/98/98 99/99/99
f 100/100/100 101/101/101 102/102/102
f 103/103/103 104/104/104 105/105/105
f 106/106/106 107/107/107 108/108/108
f 109/109/109 110/110/110 111/111/111
f 112/112/112 113/113/113 114/114/114
f 115/115/115 116/116/116 117/117/117
f 118/118/118 119/119/119 120/120/120
f 121/121/121 122/122/122 123/123/123
f 124/124/124 125/125/125 126/126/126
f 127/127/127 128/128/128 129/129/129
f 130/130/130 131/131/131 132/132/132
f 133/133/133 134/134/134 135/135/135
f 136/136/136 137/137/137 138/138/138
f 139/139/139 140/140/140 141/141/141
f 142/142/142 143/143/143 144/144/144
f 145/145/145 146/146/146 147/147/147
f 148/148/148 149/149/149 150/150/150
f 151/151/151 152/152/152 153/153/153
f 154/154/154 155/155/155 156/156/156
f 157/157/157 158/158/158 159/159/159
f 160/160/160 161/161/161 162/162/162
f 163/163/163 164/164/164 165/165/165
f 166/166/166 167/167/167 168/168/168
f 169/169/169 170/170/170 171/171/171
f 172/172/172 173/173/173 174/174/174
f 175/175/175 176/176/176 177/177/177
f 178/178/178 179/179/179 180/180/180
f 181/181/181 182/182/182 183/183/183
f 184/184/184 185/185/185 186/186/186
f 187/187/187 188/188/188 189/189/189
f 190/190/190 191/191/191 192/192/192
f 193/193/193 194/194/194 195/195/195
f 196/196/196 197/197/197 198/198/198
f 199/199/199 200/200/200 201/201/201
f 202/202/202 203/203/203 204/204/204
f 205/205/205 206/206/206 207/207/207
f 208/208/208 209/209/209 210/210/210
f 211/211/211 212/212/212 213/213/213
f 214/214/214 215/215/215 216/216/216
f 217/217/217 218/218/218 219/219/219
f 220/220/220 221/221/221 222/222/222
f 223/223/223 224/224/224 225/225/225
f 226/226/226 227/227/227 228/228/228
f 229/229/229 230/230/230 231/231/231
f 232/232/232 233/233/233 234/234/234
f 235/235/235 236/236/236 237/237/237
f 238/238/238 239/239/239 240/240/240
f 241/241/241 242/242/242 243/243/243
f 244/244/244 245/245/245 246/246/246
f 247/247/247 248/248/248 249/249/249
f 250/250/250 251/251/251 252/252/252
f 253/253/253 254/254/254 255/255/255
f 256/256/256 257/257/257 258/258/258
f 259/259/259 260/260/260 261/261/261
f 262/262/262 263/263/263 264/264/264
f 265/265/265 266/266/266 267/267/267
f 268/268/268 269/269/269 270/270/270
f 271/271/271 272/272/272 273/273/273
f 274/274/274 275/275/275 276/276/276
f 277/277/277 278/278/278 279/279/279
f 280/280/280 281/281/281 282/282/282
f 283/283/283 284/284/284 285/285/285
f 286/286/286 287/287/287 288/288/288
f 289/289/289 290/290/290 291/291/291
f 292/292/292 293/293/293 294/294/294
f 295/295/295 296/296/296 297/297/297
f 298/298/298 299/299/299 300/300/300
f 301/301/301 302/302/302 303/303/303
f 304/304/304 305/305/305 306/306/306
f 307/307/307 308/308/308 309/309/309
f 310/310/310 311/311/311 312/312/312
f 313/313/313 314/314/314 315/315/315
f 316/316/316 317/317/317 318/318/318
f 319/319/319 320/320/320 321/321/321
f 322/322/322 323/323/323 324/324/324
f 325/325/325 326/326/326 327/327/327
f 328/328/328 329/329/329 330/330/330
f 331/331/331 332/332/332 333/333/333
f 334/334/334 335/335/335 336/336/336
f 337/337/337 338/338/338 339/339/339
f 340/340/340 341/341/341 342/342/342
f 343/343/343 344/344/344 345/345/345
f 346/346/346 347/347/347 348/348/348
f 349/349/349 350/350/350 351/351/351
f 352/352/352 353/353/353 354/354/354
f 355/355/355 356/356/356 357/357/357
f 358/358/358 359/359/359 360/360/360
f 361/361/361 362/362/362 363/363/363
f 364/364/364 365/365/365 366/366/366
f 367/367/367 368/368/368 369/369/369
f 370/370/370 371/371/371 372/372/372
f 373/373/373 374/374/374 375/375/375
f 376/376/376 377/377/377 378/378/378
f 379/379/379 380/380/380 381/381/381
f 382/382/382 383/383/383 384/384/384
f 385/385/385 386/386/386 387/387/387
f 388/388/388 389/389/389 390/390/390
f 391/391/391 392/392/392 393/393/393
f 394/394/394 395/395/395 396/396/396
f 397/397/397 398/398/398 399/399/399
f 400/400/400 401/401/401 402/402/402
f 403/403/403 404/404/404 405/405/405
f 406/406/406 407/407/407 408/408/408
f 409/409/409 410/410/410 411/411/411
f 412/412/412 413/413/413 414/414/414
f 415/415/415 416/416/416 417/417/417
f 418/418/418 419/419/419 420/420/420
f 421/421/421 422/422/422 423/423/423
f 424/424/424 425/425/425 426/426/426
f 427/427/427 428/428/428 429/429/429
f 430/430/430 431/431/431 432/432/432
f 433/433/433 434/434/434 435/435/435
f 436/436/436 437/437/437 438/438/438
f 439/439/439 440/440/440 441/441/441
f 442/442/442 443/443/443 444/444/444
f 445/445/445 446/446/446 447/447/447
f 448/448/448 449/449/449 450/450/450
f 451/451/451 452/452/452 453/453/453
f 454/454/454 455/455/455 456/456/456
f 457/457/457 458/458/458 459/459/459
f 460/460/460 461/461/461 462/462/462
f 463/463/463 464/464/464 465/465/465
f 466/466/466 467/467/467 468/468/468
f 469/469/469 470/470/470 471/471/471
f 472/472/472 473/473/473 474/474/474
f 475/475/475 476/476/476 477/477/477
f 478/478/478 479/479/479 480/480/480
f 481/481/481 482/482/482 483/483/483
f 484/484/484 485/485/485 486/486/486
f 487/487/487 488/488/488 489/489/489
f 490/490/490 491/491/491 492/492/492
f 493/493/493 494/494/494 495/495/495
f 496/496/496 497/497/497 498/498/498
f 499/499/499 500/500/500 501/501/501
f 502/502/502 503/503/503 504/504/504
f 505/505/505 506/506/506 507/507/507
f 508/508/508 509/509/509 510/510/510
f 511/511/511 512/512/512 513/513/513
f 514/514/514 515/515/515 516/516/516
f 517/517/517 518/518/518 519/519/519
f 520/520/520 521/521/521 522/522/522
f 523/523/523 524/524/524 525/525/525
f 526/526/526 527/527/527 528/528/528
f 529/529/529 530/530/530 531/531/531
f 532/532/532 533/533/533 534/534/534
f 535/535/535 536/536/536 537/537/537
f 538/538/538 539/539/539 540/540/540
f 541/541/541 542/542/542 543/543/543
f 544/544/544 545/545/545 546/546/546
f 547/547/547 548/548/548 549/549/549
f 550/550/550 551/551/551 552/552/552
f 553/553/553 554/554/554 555/555/555
f 556/556/556 557/557/557 558/558/558
f 559/559/559 560/560/560 561/561/561
f 562/562/562 563/563/563 564/564/564
f 565/565/565 566/566/566 567/567/567
f 568/568/568 569/569/569 570/570/570
f 571/571/571 572/572/572 573/573/573
f 574/574/574 575/575/575 576/576/576
f 577/577/577 578/578/578 579/579/579
f 580/580/580 581/581/581 582/582/582
f 583/583/583 584/584/584 585/585/585
f 586/586/586 587/587/587 588/588/588
f 589/589/589 590/590/590 591/591/591
f 592/592/592 593/593/593 594/594/594
f 595/595/595 596/596/596 597/597/597
f 598/598/598 599/599/599 600/600/600
f 601/601/601 602/602/602 603/603/603
f 604/604/604 605/605/605 606/606/606
f 607/607/607 608/608/608 609/609/609
f 610/610/610 611/611/611 612/612/612
f 613/613/613 614/614/614 615/615/615
f 616/616/616 617/617/617 618/618/618
f 619/619/619 620/620/620 621/621/621
f 622/622/622 623/623/623 624/624/624
f 625/625/625 626/626/626 627/627/627
f 628/628/628 629/629/629 630/630/630
f 631/631/631 632/632/632 633/633/633
f 634/634/634 635/635/635 636/636/636
f 637/637/637 638/638/638 639/639/639
f 640/640/640 641/641/641 642/642/642
f 643/643/643 644/644/644 645/645/645
f 646/646/646 647/647/647 648/648/648
f 649/649/649 650/650/650 651/651/651
f 652/652/652 653/653/653 654/654/654
f 655/655/655 656/656/656 657/657/657
f 658/658/658 659/659/659 660/660/660
f 661/661/661 662/662/662 663/663/663
f 664/664/664 665/665/665 666/666/666
f 667/667/667 668/668/668 669/669/669
f 670/670/670 671/671/671 672/672/672
f 673/673/673 674/674/674 675/675/675
f 676/676/676 677/677/677 678/678/678
f 679/679/679 680/680/680 681/681/681
f 682/682/682 683/683/683 684/684/684
f 685/685/685 686/686/686 687/687/687
f 688/688/688 689/689/689 690/690/690
f 691/691/691 692/692/692 693/693/693
f 694/694/694 695/695/695 696/696/696
f 697/697/697 698/698/698 699/699/699
f 700/700/700 701/701/701 702/702/702
f 703/703/703 704/704/704 705/705/705
f 706/706/706 707/707/707 708/708/708
f 709/709/709 710/710/710 711/711/711
f 712/712/712 713/713/713 714/714/714
f 715/715/715 716/716/716 717/717/717
f 718/718/718 719/719/719 720/720/720
f 721/721/721 722/722/722 723/723/723
f 724/724/724 725/725/725 726/726/726
f 727/727/727 728/728/728 729/729/729
f 730/730/730 731/731/731 732/732/732
f 733/733/733 734/734/734 735/735/735
f 736/736/736 737/737/737 738/738/738
f 739/739/739 740/740/740 741/741/741
f 742/742/742 743/743/743 744/744/744
f 745/745/745 746/746/746 747/747/747
f 748/748/748 749/749/749 750/750/750
f 751/751/751 752/752/752 753/753/753
f 754/754/754 755/755/755 756/756/756
f 757/757/757 758/758/758 759/759/759
f 760/760/760 761/761/761 762/762/762
f 763/763/763 764/764/764 765/765/765
f 766/766/766 767/767/767 768/768/768
f 769/769/769 770/770/770 771/771/771
f 772/772/772 773/773/773 774/774/774
f 775/775/775 776/776/776 777/777/777
f 778/778/778 779/779/779 780/780/780
f 781/781/781 782/782/782 783/783/783
f 784/784/784 785/785/785 786/786/786
f 787/787/787 788/788/788 789/789/789
f 790/790/790 791/791/791 792/792/792
f 793/793/793 794/794/794 795/795/795
f 796/796/796 797/797/797 798/798/798
f 799/799/799 800/800/800 801/801/801
f 802/802/802 803/803/803 804/804/804
f 805/805/805 806/806/806 807/807/807
f 808/808/808 809/809/809 810/810/810
f 811/811/811 812/812/812 813/813/813
f 814/814/814 815/815/815 816/816/816
f 817/817/817 818/818/818 819/819/819
f 820/820/820 821/821/821 822/822/822
f 823/823/823 824/824/824 825/825/825
f 826/826/826 827/827/827 828/828/828
f 829/829/829 830/830/830 831/831/831
f 832/832/832 833/833/833 834/834/834
f 835/835/835 836/836/836 837/837/837
f 838/838/838 839/839/839 840/840/840
f 841/841/841 842/842/842 843/843/843
f 844/844/844 845/845/845 846/846/846
f 847/847/847 848/848/848 849/849/849
f 850/850/850 851/851/851 852/852/852
f 853/853/853 854/854/854 855/855/855
f 856/856/856 857/857/857 858/858/858
f 859/859/859 860/860/860 861/861/861
f 862/862/862 863/863/863 864/864/864
f 865/865/865 866/866/866 867/867/867
f 868/868/868 869/869/869 870/870/870
f 871/871/871 872/872/872 873/873/873
f 874/874/874 875/875/875 876/876/876
f 877/877/877 878/878/878 879/879/879
f 880/880/880 881/881/881 882/882/882
f 883/883/883 884/884/884 885/885/885
f 886/886/886 887/887/887 888/888/888
f 889/889/889 890/890/890 891/891/891
f 892/892/892 893/893/893 894/894/894
f 895/895/895 896/896/896 897/897/897
f 898/898/898 899/899/899 900/900/900
f 901/901/901 902/902/902 903/903/903
f 904/904/904 905/905/905 906/906/906
f 907/907/907 908/908/908 909/909/909
f 910/910/910 911/911/911 912/912/912
f 913/913/913 914/914/914 915/915/915
f 916/916/916 917/917/917 918/918/918
f 919/919/919 920/920/920 921/921/921
f 922/922/922 923/923/923 924/924/924
f 925/925/925 926/926/926 927/927/927
f 928/928/928 929/929/929 930/930/930
f 931/931/931 932/932/932 933/933/933
f 934/934/934 935/935/935 936/936/936
f 937/937/937 938/938/938 939/939/939
f 940/940/940 941/941/941 942/942/942
f 943/943/943 944/944/944 945/945/945
f 946/946/946 947/947/947 948/948/948
f 949/949/949 950/950/950 951/951/951
f 952/952/952 953/953/953 954/954/954
f 955/955/955 956/956/956 957/957/957
f 958/958/958 959/959/959 960/960/960
f 961/961/961 962/962/962 963/963/963
f 964/964/964 965/965/965 966/966/966
f 967/967/967 968/968/968 969/969/969
f 970/970/970 971/971/971 972/972/972
f 973/973/973 974/974/974 975/975/975
f 976/976/976 977/977/977 978/978/978
f 979/979/979 980/980/980 981/981/981
f 982/982/982 983/983/983 984/984/984
f 985/985/985 986/986/986 987/987/987
f 988/988/988 989/989/989 990/990/990
f 991/991/991 992/992/992 993/993/993
f 994/994/994 995/995/995 996/996/996
f 997/997/997 998/998/998 999/999/999
f 1000/1000/1000 1001/1001/1001 1002/1002/1002
f 1003/1003/1003 1004/1004/1004 1005/1005/1005
f 1006/1006/1006 1007/1007/1007 1008/1008/1008
f 1009/1009/1009 1010/1010/1010 1011/1011/1011
f 1012/1012/1012 1013/1013/1013 1014/1014/1014
f 1015/1015/1015 1016/1016/1016 1017/1017/1017
f 1018/1018/1018 1019/1019/1019 1020/1020/1020
f 1021/1021/1021 1022/1022/1022 1023/1023/1023
f 1024/1024/1024 1025/1025/1025 1026/1026/1026
f 1027/1027/1027 1028/1028/1028 1029/1029/1029
f 1030/1030/1030 1031/1031/1031 1032/1032/1032
f 1033/1033/1033 1034/1034/1034 1035/1035/1035
f 1036/1036/1036 1037/1037/1037 1038/1038/1038
f 1039/1039/1039 1040/1040/1040 1041/1041/1041
f 1042/1042/1042 1043/1043/1043 1044/1044/1044
f 1045/1045/1045 1046/1046/1046 1047/1047/1047
f 1048/1048/1048 1049/1049/1049 1050/1050/1050
f 1051/1051/1051 1052/1052/1052 1053/1053/1053
f 1054/1054/1054 1055/1055/1055 1056/1056/1056
f 1057/1057/1057 1058/1058/1058 1059/1059/1059
f 1060/1060/1060 1061/1061/1061 1062/1062/1062
f 1063/1063/1063 1064/1064/1064 1065/1065/1065
f 1066/1066/1066 1067/1067/1067 1068/1068/1068
f 1069/1069/1069 1070/1070/1070 1071/1071/1071
f 1072/1072/1072 1073/1073/1073 1074/1074/1074
f 1075/1075/1075 1076/1076/1076 1077/1077/1077
f 1078/1078/1078 1079/1079/1079 1080/1080/1080
f 1081/1081/1081 1082/1082/1082 1083/1083/1083
f 1084/1084/1084 1085/1085/1085 1086/1086/1086
f 1087/1087/1087 1088/1088/1088 1089/1089/1089
f 1090/1090/1090 1091/1091/1091 1092/1092/1092
f 1093/1093/1093 1094/1094/1094 1095/1095/1095
f 1096/1096/1096 1097/1097/1097 1098/1098/1098
f 1099/1099/1099 1100/1100/1100 1101/1101/1101
f 1102/1102/1102 1103/1103/1103 1104/1104/1104
f 1105/1105/1105 1106/1106/1106 1107/1107/1107
f 1108/1108/1108 1109/1109/1109 1110/1110/1110
f 1111/1111/1111 1112/1112/1112 1113/1113/1113
f 1114/1114/1114 1115/1115/1115 1116/1116/1116
f 1117/1117/1117 1118/1118/1118 1119/1119/1119
f 1120/1120/1120 1121/1121/1121 1122/1122/1122
f 1123/1123/1123 1124/1124/1124 1125/1125/1125
f 1126/1126/1126 1127/1127/1127 1128/1128/1128
f 1129/1129/1129 1130/1130/1130 1131/1131/1131
f 1132/1132/1132 1133/1133/1133 1134/1134/1134
f 1135/1135/1135 1136/1136/1136 1137/1137/1137
f 1138/1138/1138 1139/1139/1139 1140/1140/1140
f 1141/1141/1141 1142/1142/1142 1143/1143/1143
f 1144/1144/1144 1145/1145/1145 1146/1146/1146
f 1147/1147/1147 1148/1148/1148 1149/1149/1149
f 1150/1150/1150 1151/1151/1151 1152/1152/1152
f 1153/1153/1153 1154/1154/1154 1155/1155/1155
f 1156/1156/1156 1157/1157/1157 1158/1158/1158
f 1159/1159/1159 1160/1160/1160 1161/1161/1161
f 1162/1162/1162 1163/1163/1163 1164/1164/1164
f 1165/1165/1165 1166/1166/1166 1167/1167/1167
f 1168/1168/1168 1169/1169/1169 1170/1170/1170
f 1171/1171/1171 1172/1172/1172 1173/1173/1173
f 1174/1174/1174 1175/1175/1175 1176/1176/1176
f 1177/1177/1177 1178/1178/1178 1179/1179/1179
f 1180/1180/1180 1181/1181/1181 1182/1182/1182
f 1183/1183/1183 1184/1184/1184 1185/1185/1185
f 1186/1186/1186 1187/1187/1187 1188/1188/1188
f 1189/1189/1189 1190/1190/1190 1191/1191/1191
f 1192/1192/1192 1193/1193/1193 1194/1194/1194
f 1195/1195/1195 1196/1196/1196 1197/1197/1197
f 1198/1198/1198 1199/1199/1199 1200/1200/1200
f 1201/1201/1201 1202/1202/1202 1203/1203/1203
f 1204/1204/1204 1205/1205/1205 1206/1206/1206
f 1207/1207/1207 1208/1208/1208 1209/1209/1209
f 1210/1210/1210 1211/1211/1211 1212/1212/1212
f 1213/1213/1213 1214/1214/1214 1215/1215/1215
f 1216/1216/1216 1217/1217/1217 1218/1218/1218
f 1219/1219/1219 1220/1220/1220 1221/1221/1221
f 1222/1222/1222 1223/1223/1223 1224/1224/1224
f 1225/1225/1225 1226/1226/1226 1227/1227/1227
f 1228/1228/1228 1229/1229/1229 1230/1230/1230
f 1231/1231/1231 1232/1232/1232 1233/1233/1233
f 1234/1234/1234 1235/1235/1235 1236/1236/1236
f 1237/1237/1237 1238/1238/1238 1239/1239/1239
f 1240/1240/1240 1241/1241/1241 1242/1242/1242
f 1243/1243/1243 1244/1244/1244 1245/1245/1245
f 1246/1246/1246 1247/1247/1247 1248/1248/1248
f 1249/1249/1249 1250/1250/1250 1251/1251/1251
f 1252/1252/1252 1253/1253/1253 1254/1254/1254
f 1255/1255/1255 1256/1256/1256 1257/1257/1257
f 1258/1258/1258 1259/1259/1259 1260/1260/1260
f 1261/1261/1261 1262/1262/1262 1263/1263/1263
f 1264/1264/1264 1265/1265/1265 1266/1266/1266
f 1267/1267/1267 1268/1268/1268 1269/1269/1269
f 1270/1270/1270 1271/1271/1271 1272/1272/1272
f 1273/1273/1273 1274/1274/1274 1275/1275/1275
f 1276/1276/1276 1277/1277/1277 1278/1278/1278
f 1279/1279/1279 1280/1280/1280 1281/1281/1281
f 1282/1282/1282 1283/1283/1283 1284/1284/1284
f 1285/1285/1285 1286/1286/1286 1287/1287/1287
f 1288/1288/1288 1289/1289/1289 1290/1290/1290
