# OBJ file
mtllib icon1.ico.mtl
v 0.769287 1.490234 0.145752 0.498039 0.498039 0.498039 #0.501961
v 0.742676 1.890381 0.109619 0.498039 0.498039 0.498039 #0.501961
v 0.603516 1.955811 0.338135 0.498039 0.498039 0.498039 #0.501961
v 0.769287 1.490234 0.145752 0.498039 0.498039 0.498039 #0.501961
v 0.603516 1.955811 0.338135 0.498039 0.498039 0.498039 #0.501961
v 0.562500 1.585205 0.513184 0.498039 0.498039 0.498039 #0.501961
v 0.508789 1.692139 -0.579590 0.498039 0.498039 0.498039 #0.501961
v 0.616699 1.994629 -0.335693 0.498039 0.498039 0.498039 #0.501961
v 0.727051 1.918457 -0.163574 0.498039 0.498039 0.498039 #0.501961
v 0.508789 1.692139 -0.579590 0.498039 0.498039 0.498039 #0.501961
v 0.727051 1.918457 -0.163574 0.498039 0.498039 0.498039 #0.501961
v 0.758789 1.526123 -0.284424 0.498039 0.498039 0.498039 #0.501961
v -0.049805 1.984131 -0.092041 0.498039 0.498039 0.498039 #0.501961
v 0.230225 2.199463 -0.039062 0.498039 0.498039 0.498039 #0.501961
v 0.369629 2.134033 -0.267578 0.498039 0.498039 0.498039 #0.501961
v -0.049805 1.984131 -0.092041 0.498039 0.498039 0.498039 #0.501961
v 0.369629 2.134033 -0.267578 0.498039 0.498039 0.498039 #0.501961
v 0.156738 1.889160 -0.459473 0.498039 0.498039 0.498039 #0.501961
v 0.210205 1.781982 0.633301 0.498039 0.498039 0.498039 #0.501961
v 0.428955 2.051270 0.427246 0.498039 0.498039 0.498039 #0.501961
v 0.246094 2.171143 0.234131 0.498039 0.498039 0.498039 #0.501961
v 0.210205 1.781982 0.633301 0.498039 0.498039 0.498039 #0.501961
v 0.246094 2.171143 0.234131 0.498039 0.498039 0.498039 #0.501961
v -0.039307 1.948242 0.338135 0.498039 0.498039 0.498039 #0.501961
v -0.340332 0.704346 0.293701 0.498039 0.498039 0.498039 #0.501961
v -0.464600 0.788086 0.132568 0.498039 0.498039 0.498039 #0.501961
v -0.288086 0.625244 -0.050049 0.498039 0.498039 0.498039 #0.501961
v -0.014404 0.811523 -0.604980 0.498039 0.498039 0.498039 #0.501961
v 0.138428 1.033936 -0.670654 0.498039 0.498039 0.498039 #0.501961
v 0.420654 0.847168 -0.349365 0.498039 0.498039 0.498039 #0.501961
v -0.014404 0.811523 -0.604980 0.498039 0.498039 0.498039 #0.501961
v 0.420654 0.847168 -0.349365 0.498039 0.498039 0.498039 #0.501961
v 0.225586 0.652100 -0.325684 0.498039 0.498039 0.498039 #0.501961
v -0.547363 1.090332 -0.148438 0.498039 0.498039 0.498039 #0.501961
v -0.464844 0.804688 -0.106934 0.498039 0.498039 0.498039 #0.501961
v -0.464600 0.788086 0.132568 0.498039 0.498039 0.498039 #0.501961
v -0.547363 1.090332 -0.148438 0.498039 0.498039 0.498039 #0.501961
v -0.464600 0.788086 0.132568 0.498039 0.498039 0.498039 #0.501961
v -0.535645 1.055420 0.256836 0.498039 0.498039 0.498039 #0.501961
v -0.172852 0.654053 -0.386719 0.498039 0.498039 0.498039 #0.501961
v -0.048584 0.570557 -0.225830 0.498039 0.498039 0.498039 #0.501961
v -0.288086 0.625244 -0.050049 0.498039 0.498039 0.498039 #0.501961
v 0.237305 0.617188 0.079590 0.498039 0.498039 0.498039 #0.501961
v -0.048584 0.553711 0.013916 0.498039 0.498039 0.498039 #0.501961
v -0.048584 0.570557 -0.225830 0.498039 0.498039 0.498039 #0.501961
v 0.237305 0.617188 0.079590 0.498039 0.498039 0.498039 #0.501961
v -0.048584 0.570557 -0.225830 0.498039 0.498039 0.498039 #0.501961
v 0.225586 0.652100 -0.325684 0.498039 0.498039 0.498039 #0.501961
v 0.225586 0.652100 -0.325684 0.498039 0.498039 0.498039 #0.501961
v 0.420654 0.847168 -0.349365 0.498039 0.498039 0.498039 #0.501961
v 0.436768 0.805664 0.114746 0.498039 0.498039 0.498039 #0.501961
v 0.225586 0.652100 -0.325684 0.498039 0.498039 0.498039 #0.501961
v 0.436768 0.805664 0.114746 0.498039 0.498039 0.498039 #0.501961
v 0.237305 0.617188 0.079590 0.498039 0.498039 0.498039 #0.501961
v -0.014404 0.811523 -0.604980 0.498039 0.498039 0.498039 #0.501961
v -0.172852 0.654053 -0.386719 0.498039 0.498039 0.498039 #0.501961
v -0.354492 0.754883 -0.314697 0.498039 0.498039 0.498039 #0.501961
v -0.014404 0.811523 -0.604980 0.498039 0.498039 0.498039 #0.501961
v -0.354492 0.754883 -0.314697 0.498039 0.498039 0.498039 #0.501961
v -0.351074 0.999756 -0.493408 0.498039 0.498039 0.498039 #0.501961
v -0.288086 0.625244 -0.050049 0.498039 0.498039 0.498039 #0.501961
v -0.464600 0.788086 0.132568 0.498039 0.498039 0.498039 #0.501961
v -0.464844 0.804688 -0.106934 0.498039 0.498039 0.498039 #0.501961
v -0.288086 0.625244 -0.050049 0.498039 0.498039 0.498039 #0.501961
v -0.048584 0.570557 -0.225830 0.498039 0.498039 0.498039 #0.501961
v -0.048584 0.553711 0.013916 0.498039 0.498039 0.498039 #0.501961
v -0.295410 0.895996 0.536133 0.498039 0.498039 0.498039 #0.501961
v -0.340332 0.704346 0.293701 0.498039 0.498039 0.498039 #0.501961
v -0.158691 0.603516 0.221680 0.498039 0.498039 0.498039 #0.501961
v -0.295410 0.895996 0.536133 0.498039 0.498039 0.498039 #0.501961
v -0.158691 0.603516 0.221680 0.498039 0.498039 0.498039 #0.501961
v 0.040771 0.707764 0.424561 0.498039 0.498039 0.498039 #0.501961
v 0.237305 0.617188 0.079590 0.498039 0.498039 0.498039 #0.501961
v 0.436768 0.805664 0.114746 0.498039 0.498039 0.498039 #0.501961
v 0.209473 0.910645 0.508301 0.498039 0.498039 0.498039 #0.501961
v 0.237305 0.617188 0.079590 0.498039 0.498039 0.498039 #0.501961
v 0.209473 0.910645 0.508301 0.498039 0.498039 0.498039 #0.501961
v 0.040771 0.707764 0.424561 0.498039 0.498039 0.498039 #0.501961
v 0.040771 0.707764 0.424561 0.498039 0.498039 0.498039 #0.501961
v 0.209473 0.910645 0.508301 0.498039 0.498039 0.498039 #0.501961
v -0.182373 1.130615 0.633545 0.498039 0.498039 0.498039 #0.501961
v 0.040771 0.707764 0.424561 0.498039 0.498039 0.498039 #0.501961
v -0.182373 1.130615 0.633545 0.498039 0.498039 0.498039 #0.501961
v -0.295410 0.895996 0.536133 0.498039 0.498039 0.498039 #0.501961
v 0.225586 0.652100 -0.325684 0.498039 0.498039 0.498039 #0.501961
v -0.048584 0.570557 -0.225830 0.498039 0.498039 0.498039 #0.501961
v -0.172852 0.654053 -0.386719 0.498039 0.498039 0.498039 #0.501961
v 0.225586 0.652100 -0.325684 0.498039 0.498039 0.498039 #0.501961
v -0.172852 0.654053 -0.386719 0.498039 0.498039 0.498039 #0.501961
v -0.014404 0.811523 -0.604980 0.498039 0.498039 0.498039 #0.501961
v 0.156738 1.889160 -0.459473 0.498039 0.498039 0.498039 #0.501961
v 0.369629 2.134033 -0.267578 0.498039 0.498039 0.498039 #0.501961
v 0.616699 1.994629 -0.335693 0.498039 0.498039 0.498039 #0.501961
v 0.156738 1.889160 -0.459473 0.498039 0.498039 0.498039 #0.501961
v 0.616699 1.994629 -0.335693 0.498039 0.498039 0.498039 #0.501961
v 0.508789 1.692139 -0.579590 0.498039 0.498039 0.498039 #0.501961
v -0.351074 0.999756 -0.493408 0.498039 0.498039 0.498039 #0.501961
v -0.354492 0.754883 -0.314697 0.498039 0.498039 0.498039 #0.501961
v -0.464844 0.804688 -0.106934 0.498039 0.498039 0.498039 #0.501961
v -0.351074 0.999756 -0.493408 0.498039 0.498039 0.498039 #0.501961
v -0.464844 0.804688 -0.106934 0.498039 0.498039 0.498039 #0.501961
v -0.547363 1.090332 -0.148438 0.498039 0.498039 0.498039 #0.501961
v -0.039307 1.948242 0.338135 0.498039 0.498039 0.498039 #0.501961
v 0.246094 2.171143 0.234131 0.498039 0.498039 0.498039 #0.501961
v 0.230225 2.199463 -0.039062 0.498039 0.498039 0.498039 #0.501961
v -0.039307 1.948242 0.338135 0.498039 0.498039 0.498039 #0.501961
v 0.230225 2.199463 -0.039062 0.498039 0.498039 0.498039 #0.501961
v -0.049805 1.984131 -0.092041 0.498039 0.498039 0.498039 #0.501961
v -0.535645 1.055420 0.256836 0.498039 0.498039 0.498039 #0.501961
v -0.464600 0.788086 0.132568 0.498039 0.498039 0.498039 #0.501961
v -0.340332 0.704346 0.293701 0.498039 0.498039 0.498039 #0.501961
v -0.535645 1.055420 0.256836 0.498039 0.498039 0.498039 #0.501961
v -0.340332 0.704346 0.293701 0.498039 0.498039 0.498039 #0.501961
v -0.295410 0.895996 0.536133 0.498039 0.498039 0.498039 #0.501961
v 0.562500 1.585205 0.513184 0.498039 0.498039 0.498039 #0.501961
v 0.603516 1.955811 0.338135 0.498039 0.498039 0.498039 #0.501961
v 0.428955 2.051270 0.427246 0.498039 0.498039 0.498039 #0.501961
v 0.562500 1.585205 0.513184 0.498039 0.498039 0.498039 #0.501961
v 0.428955 2.051270 0.427246 0.498039 0.498039 0.498039 #0.501961
v 0.210205 1.781982 0.633301 0.498039 0.498039 0.498039 #0.501961
v 0.040771 0.707764 0.424561 0.498039 0.498039 0.498039 #0.501961
v -0.158691 0.603516 0.221680 0.498039 0.498039 0.498039 #0.501961
v -0.048584 0.553711 0.013916 0.498039 0.498039 0.498039 #0.501961
v 0.040771 0.707764 0.424561 0.498039 0.498039 0.498039 #0.501961
v -0.048584 0.553711 0.013916 0.498039 0.498039 0.498039 #0.501961
v 0.237305 0.617188 0.079590 0.498039 0.498039 0.498039 #0.501961
v 0.758789 1.526123 -0.284424 0.498039 0.498039 0.498039 #0.501961
v 0.727051 1.918457 -0.163574 0.498039 0.498039 0.498039 #0.501961
v 0.742676 1.890381 0.109619 0.498039 0.498039 0.498039 #0.501961
v 0.758789 1.526123 -0.284424 0.498039 0.498039 0.498039 #0.501961
v 0.742676 1.890381 0.109619 0.498039 0.498039 0.498039 #0.501961
v 0.769287 1.490234 0.145752 0.498039 0.498039 0.498039 #0.501961
v -0.253418 1.253662 -0.545410 0.498039 0.498039 0.498039 #0.501961
v -0.200928 1.343994 -0.539307 0.498039 0.498039 0.498039 #0.501961
v 0.191162 1.124268 -0.664551 0.498039 0.498039 0.498039 #0.501961
v -0.253418 1.253662 -0.545410 0.498039 0.498039 0.498039 #0.501961
v 0.191162 1.124268 -0.664551 0.498039 0.498039 0.498039 #0.501961
v 0.138428 1.033936 -0.670654 0.498039 0.498039 0.498039 #0.501961
v -0.480713 1.358887 -0.151855 0.498039 0.498039 0.498039 #0.501961
v -0.427979 1.449219 -0.145508 0.498039 0.498039 0.498039 #0.501961
v -0.200928 1.343994 -0.539307 0.498039 0.498039 0.498039 #0.501961
v -0.480713 1.358887 -0.151855 0.498039 0.498039 0.498039 #0.501961
v -0.200928 1.343994 -0.539307 0.498039 0.498039 0.498039 #0.501961
v -0.253418 1.253662 -0.545410 0.498039 0.498039 0.498039 #0.501961
v -0.464600 1.317383 0.312256 0.498039 0.498039 0.498039 #0.501961
v -0.412109 1.407471 0.318359 0.498039 0.498039 0.498039 #0.501961
v -0.427979 1.449219 -0.145508 0.498039 0.498039 0.498039 #0.501961
v -0.464600 1.317383 0.312256 0.498039 0.498039 0.498039 #0.501961
v -0.427979 1.449219 -0.145508 0.498039 0.498039 0.498039 #0.501961
v -0.480713 1.358887 -0.151855 0.498039 0.498039 0.498039 #0.501961
v -0.182373 1.130615 0.633545 0.498039 0.498039 0.498039 #0.501961
v -0.129639 1.220703 0.639893 0.498039 0.498039 0.498039 #0.501961
v -0.412109 1.407471 0.318359 0.498039 0.498039 0.498039 #0.501961
v -0.182373 1.130615 0.633545 0.498039 0.498039 0.498039 #0.501961
v -0.412109 1.407471 0.318359 0.498039 0.498039 0.498039 #0.501961
v -0.464600 1.317383 0.312256 0.498039 0.498039 0.498039 #0.501961
v 0.209473 0.910645 0.508301 0.498039 0.498039 0.498039 #0.501961
v 0.262207 1.000977 0.514648 0.498039 0.498039 0.498039 #0.501961
v -0.129639 1.220703 0.639893 0.498039 0.498039 0.498039 #0.501961
v 0.209473 0.910645 0.508301 0.498039 0.498039 0.498039 #0.501961
v -0.129639 1.220703 0.639893 0.498039 0.498039 0.498039 #0.501961
v -0.182373 1.130615 0.633545 0.498039 0.498039 0.498039 #0.501961
v 0.436768 0.805664 0.114746 0.498039 0.498039 0.498039 #0.501961
v 0.489258 0.895752 0.120850 0.498039 0.498039 0.498039 #0.501961
v 0.262207 1.000977 0.514648 0.498039 0.498039 0.498039 #0.501961
v 0.436768 0.805664 0.114746 0.498039 0.498039 0.498039 #0.501961
v 0.262207 1.000977 0.514648 0.498039 0.498039 0.498039 #0.501961
v 0.209473 0.910645 0.508301 0.498039 0.498039 0.498039 #0.501961
v 0.420654 0.847168 -0.349365 0.498039 0.498039 0.498039 #0.501961
v 0.473389 0.937500 -0.343018 0.498039 0.498039 0.498039 #0.501961
v 0.489258 0.895752 0.120850 0.498039 0.498039 0.498039 #0.501961
v 0.420654 0.847168 -0.349365 0.498039 0.498039 0.498039 #0.501961
v 0.489258 0.895752 0.120850 0.498039 0.498039 0.498039 #0.501961
v 0.436768 0.805664 0.114746 0.498039 0.498039 0.498039 #0.501961
v 0.138428 1.033936 -0.670654 0.498039 0.498039 0.498039 #0.501961
v 0.191162 1.124268 -0.664551 0.498039 0.498039 0.498039 #0.501961
v 0.473389 0.937500 -0.343018 0.498039 0.498039 0.498039 #0.501961
v 0.138428 1.033936 -0.670654 0.498039 0.498039 0.498039 #0.501961
v 0.473389 0.937500 -0.343018 0.498039 0.498039 0.498039 #0.501961
v 0.420654 0.847168 -0.349365 0.498039 0.498039 0.498039 #0.501961
v 0.210205 1.781982 0.633301 0.498039 0.498039 0.466667 #0.501961
v -0.129639 1.220703 0.639893 0.498039 0.498039 0.466667 #0.501961
v 0.262207 1.000977 0.514648 0.498039 0.498039 0.466667 #0.501961
v 0.210205 1.781982 0.633301 0.498039 0.498039 0.466667 #0.501961
v 0.262207 1.000977 0.514648 0.498039 0.498039 0.466667 #0.501961
v 0.562500 1.585205 0.513184 0.498039 0.498039 0.466667 #0.501961
v 0.562500 1.585205 0.513184 0.498039 0.498039 0.466667 #0.501961
v 0.262207 1.000977 0.514648 0.498039 0.498039 0.466667 #0.501961
v 0.489258 0.895752 0.120850 0.498039 0.498039 0.466667 #0.501961
v 0.562500 1.585205 0.513184 0.498039 0.498039 0.466667 #0.501961
v 0.489258 0.895752 0.120850 0.498039 0.498039 0.466667 #0.501961
v 0.769287 1.490234 0.145752 0.498039 0.498039 0.466667 #0.501961
v 0.769287 1.490234 0.145752 0.498039 0.498039 0.466667 #0.501961
v 0.489258 0.895752 0.120850 0.498039 0.498039 0.466667 #0.501961
v 0.473389 0.937500 -0.343018 0.498039 0.498039 0.466667 #0.501961
v 0.769287 1.490234 0.145752 0.498039 0.498039 0.466667 #0.501961
v 0.473389 0.937500 -0.343018 0.498039 0.498039 0.466667 #0.501961
v 0.758789 1.526123 -0.284424 0.498039 0.498039 0.466667 #0.501961
v 0.758789 1.526123 -0.284424 0.498039 0.498039 0.466667 #0.501961
v 0.473389 0.937500 -0.343018 0.498039 0.498039 0.466667 #0.501961
v 0.191162 1.124268 -0.664551 0.498039 0.498039 0.466667 #0.501961
v 0.758789 1.526123 -0.284424 0.498039 0.498039 0.466667 #0.501961
v 0.191162 1.124268 -0.664551 0.498039 0.498039 0.466667 #0.501961
v 0.508789 1.692139 -0.579590 0.498039 0.498039 0.466667 #0.501961
v 0.508789 1.692139 -0.579590 0.498039 0.498039 0.498039 #0.501961
v 0.191162 1.124268 -0.664551 0.498039 0.498039 0.498039 #0.501961
v -0.200928 1.343994 -0.539307 0.498039 0.498039 0.498039 #0.501961
v 0.508789 1.692139 -0.579590 0.498039 0.498039 0.498039 #0.501961
v -0.200928 1.343994 -0.539307 0.498039 0.498039 0.498039 #0.501961
v 0.156738 1.889160 -0.459473 0.498039 0.498039 0.498039 #0.501961
v 0.156738 1.889160 -0.459473 0.498039 0.498039 0.498039 #0.501961
v -0.200928 1.343994 -0.539307 0.498039 0.498039 0.498039 #0.501961
v -0.427979 1.449219 -0.145508 0.498039 0.498039 0.498039 #0.501961
v 0.156738 1.889160 -0.459473 0.498039 0.498039 0.498039 #0.501961
v -0.427979 1.449219 -0.145508 0.498039 0.498039 0.498039 #0.501961
v -0.049805 1.984131 -0.092041 0.498039 0.498039 0.498039 #0.501961
v -0.049805 1.984131 -0.092041 0.498039 0.498039 0.498039 #0.501961
v -0.427979 1.449219 -0.145508 0.498039 0.498039 0.498039 #0.501961
v -0.412109 1.407471 0.318359 0.498039 0.498039 0.498039 #0.501961
v -0.049805 1.984131 -0.092041 0.498039 0.498039 0.498039 #0.501961
v -0.412109 1.407471 0.318359 0.498039 0.498039 0.498039 #0.501961
v -0.039307 1.948242 0.338135 0.498039 0.498039 0.498039 #0.501961
v -0.039307 1.948242 0.338135 0.498039 0.498039 0.498039 #0.501961
v -0.412109 1.407471 0.318359 0.498039 0.498039 0.498039 #0.501961
v -0.129639 1.220703 0.639893 0.498039 0.498039 0.498039 #0.501961
v -0.039307 1.948242 0.338135 0.498039 0.498039 0.498039 #0.501961
v -0.129639 1.220703 0.639893 0.498039 0.498039 0.498039 #0.501961
v 0.210205 1.781982 0.633301 0.498039 0.498039 0.498039 #0.501961
v -0.351074 0.999756 -0.493408 0.498039 0.498039 0.498039 #0.501961
v -0.253418 1.253662 -0.545410 0.498039 0.498039 0.498039 #0.501961
v 0.138428 1.033936 -0.670654 0.498039 0.498039 0.498039 #0.501961
v -0.351074 0.999756 -0.493408 0.498039 0.498039 0.498039 #0.501961
v 0.138428 1.033936 -0.670654 0.498039 0.498039 0.498039 #0.501961
v -0.014404 0.811523 -0.604980 0.498039 0.498039 0.498039 #0.501961
v -0.547363 1.090332 -0.148438 0.498039 0.498039 0.498039 #0.501961
v -0.480713 1.358887 -0.151855 0.498039 0.498039 0.498039 #0.501961
v -0.253418 1.253662 -0.545410 0.498039 0.498039 0.498039 #0.501961
v -0.547363 1.090332 -0.148438 0.498039 0.498039 0.498039 #0.501961
v -0.253418 1.253662 -0.545410 0.498039 0.498039 0.498039 #0.501961
v -0.351074 0.999756 -0.493408 0.498039 0.498039 0.498039 #0.501961
v -0.535645 1.055420 0.256836 0.498039 0.498039 0.498039 #0.501961
v -0.464600 1.317383 0.312256 0.498039 0.498039 0.498039 #0.501961
v -0.480713 1.358887 -0.151855 0.498039 0.498039 0.498039 #0.501961
v -0.535645 1.055420 0.256836 0.498039 0.498039 0.498039 #0.501961
v -0.480713 1.358887 -0.151855 0.498039 0.498039 0.498039 #0.501961
v -0.547363 1.090332 -0.148438 0.498039 0.498039 0.498039 #0.501961
v -0.295410 0.895996 0.536133 0.498039 0.498039 0.498039 #0.501961
v -0.182373 1.130615 0.633545 0.498039 0.498039 0.498039 #0.501961
v -0.464600 1.317383 0.312256 0.498039 0.498039 0.498039 #0.501961
v -0.295410 0.895996 0.536133 0.498039 0.498039 0.498039 #0.501961
v -0.464600 1.317383 0.312256 0.498039 0.498039 0.498039 #0.501961
v -0.535645 1.055420 0.256836 0.498039 0.498039 0.498039 #0.501961
v -0.048584 0.553711 0.013916 0.498039 0.498039 0.498039 #0.501961
v -0.158691 0.603516 0.221680 0.498039 0.498039 0.498039 #0.501961
v -0.288086 0.625244 -0.050049 0.498039 0.498039 0.498039 #0.501961
v -0.288086 0.625244 -0.050049 0.498039 0.498039 0.498039 #0.501961
v -0.158691 0.603516 0.221680 0.498039 0.498039 0.498039 #0.501961
v -0.340332 0.704346 0.293701 0.498039 0.498039 0.498039 #0.501961
v -0.464844 0.804688 -0.106934 0.498039 0.498039 0.498039 #0.501961
v -0.354492 0.754883 -0.314697 0.498039 0.498039 0.498039 #0.501961
v -0.288086 0.625244 -0.050049 0.498039 0.498039 0.498039 #0.501961
v -0.288086 0.625244 -0.050049 0.498039 0.498039 0.498039 #0.501961
v -0.354492 0.754883 -0.314697 0.498039 0.498039 0.498039 #0.501961
v -0.172852 0.654053 -0.386719 0.498039 0.498039 0.498039 #0.501961
v 0.824951 0.011230 -0.706055 0.498039 0.498039 0.498039 #0.501961
v 0.617920 0.009277 -0.979004 0.498039 0.498039 0.498039 #0.501961
v 0.608398 0.208496 -0.923340 0.498039 0.498039 0.498039 #0.501961
v 0.824951 0.011230 -0.706055 0.498039 0.498039 0.498039 #0.501961
v 0.608398 0.208496 -0.923340 0.498039 0.498039 0.498039 #0.501961
v 0.811279 0.252441 -0.727051 0.498039 0.498039 0.498039 #0.501961
v 0.617920 0.009277 -0.979004 0.498039 0.498039 0.498039 #0.501961
v 0.015869 0.103027 -0.955322 0.498039 0.498039 0.498039 #0.501961
v 0.397217 0.449707 -0.982422 0.498039 0.498039 0.498039 #0.501961
v -0.403320 0.494629 -0.552002 0.498039 0.498039 0.498039 #0.501961
v -0.484131 0.259766 -0.284424 0.498039 0.498039 0.498039 #0.501961
v -0.143799 0.580078 -0.369629 0.498039 0.498039 0.498039 #0.501961
v 0.074951 0.137695 -0.594238 0.498039 0.498039 0.498039 #0.501961
v 0.824951 0.011230 -0.706055 0.498039 0.498039 0.498039 #0.501961
v 0.715820 0.066895 -0.380371 0.498039 0.498039 0.498039 #0.501961
v 0.074951 0.137695 -0.594238 0.498039 0.498039 0.498039 #0.501961
v 0.715820 0.066895 -0.380371 0.498039 0.498039 0.498039 #0.501961
v 0.134033 0.172607 -0.233154 0.498039 0.498039 0.498039 #0.501961
v -0.403320 0.494629 -0.552002 0.498039 0.498039 0.498039 #0.501961
v -0.215576 0.537598 -0.809082 0.498039 0.498039 0.498039 #0.501961
v -0.555664 0.217529 -0.721191 0.498039 0.498039 0.498039 #0.501961
v 0.811279 0.252441 -0.727051 0.498039 0.498039 0.498039 #0.501961
v 0.683838 0.252930 -0.462646 0.498039 0.498039 0.498039 #0.501961
v 0.715820 0.066895 -0.380371 0.498039 0.498039 0.498039 #0.501961
v 0.811279 0.252441 -0.727051 0.498039 0.498039 0.498039 #0.501961
v 0.715820 0.066895 -0.380371 0.498039 0.498039 0.498039 #0.501961
v 0.824951 0.011230 -0.706055 0.498039 0.498039 0.498039 #0.501961
v 0.494141 0.506836 -0.389404 0.498039 0.498039 0.498039 #0.501961
v 0.683838 0.252930 -0.462646 0.498039 0.498039 0.498039 #0.501961
v 0.811279 0.252441 -0.727051 0.498039 0.498039 0.498039 #0.501961
v 0.397217 0.449707 -0.982422 0.498039 0.498039 0.498039 #0.501961
v 0.458008 0.563721 -0.699463 0.498039 0.498039 0.498039 #0.501961
v 0.811279 0.252441 -0.727051 0.498039 0.498039 0.498039 #0.501961
v 0.134033 0.172607 -0.233154 0.498039 0.498039 0.498039 #0.501961
v 0.715820 0.066895 -0.380371 0.498039 0.498039 0.498039 #0.501961
v 0.683838 0.252930 -0.462646 0.498039 0.498039 0.498039 #0.501961
v 0.134033 0.172607 -0.233154 0.498039 0.498039 0.498039 #0.501961
v 0.683838 0.252930 -0.462646 0.498039 0.498039 0.498039 #0.501961
v 0.494141 0.506836 -0.389404 0.498039 0.498039 0.498039 #0.501961
v 0.015869 0.103027 -0.955322 0.498039 0.498039 0.498039 #0.501961
v 0.617920 0.009277 -0.979004 0.498039 0.498039 0.498039 #0.501961
v 0.824951 0.011230 -0.706055 0.498039 0.498039 0.498039 #0.501961
v 0.015869 0.103027 -0.955322 0.498039 0.498039 0.498039 #0.501961
v 0.824951 0.011230 -0.706055 0.498039 0.498039 0.498039 #0.501961
v 0.074951 0.137695 -0.594238 0.498039 0.498039 0.498039 #0.501961
v -0.166992 0.644531 -0.602051 0.498039 0.498039 0.498039 #0.501961
v 0.458008 0.563721 -0.699463 0.498039 0.498039 0.498039 #0.501961
v 0.397217 0.449707 -0.982422 0.498039 0.498039 0.498039 #0.501961
v -0.166992 0.644531 -0.602051 0.498039 0.498039 0.498039 #0.501961
v 0.397217 0.449707 -0.982422 0.498039 0.498039 0.498039 #0.501961
v -0.215576 0.537598 -0.809082 0.498039 0.498039 0.498039 #0.501961
v -0.143799 0.580078 -0.369629 0.498039 0.498039 0.498039 #0.501961
v 0.494141 0.506836 -0.389404 0.498039 0.498039 0.498039 #0.501961
v 0.458008 0.563721 -0.699463 0.498039 0.498039 0.498039 #0.501961
v -0.143799 0.580078 -0.369629 0.498039 0.498039 0.498039 #0.501961
v 0.458008 0.563721 -0.699463 0.498039 0.498039 0.498039 #0.501961
v -0.166992 0.644531 -0.602051 0.498039 0.498039 0.498039 #0.501961
v -0.143799 0.580078 -0.369629 0.498039 0.498039 0.498039 #0.501961
v -0.484131 0.259766 -0.284424 0.498039 0.498039 0.498039 #0.501961
v 0.134033 0.172607 -0.233154 0.498039 0.498039 0.498039 #0.501961
v 0.494141 0.506836 -0.389404 0.498039 0.498039 0.498039 #0.501961
v -0.143799 0.580078 -0.369629 0.498039 0.498039 0.498039 #0.501961
v 0.134033 0.172607 -0.233154 0.498039 0.498039 0.498039 #0.501961
v 0.015869 0.103027 -0.955322 0.498039 0.498039 0.498039 #0.501961
v -0.555664 0.217529 -0.721191 0.498039 0.498039 0.498039 #0.501961
v -0.215576 0.537598 -0.809082 0.498039 0.498039 0.498039 #0.501961
v -0.215576 0.537598 -0.809082 0.498039 0.498039 0.498039 #0.501961
v 0.397217 0.449707 -0.982422 0.498039 0.498039 0.498039 #0.501961
v 0.015869 0.103027 -0.955322 0.498039 0.498039 0.498039 #0.501961
v 0.074951 0.137695 -0.594238 0.498039 0.498039 0.498039 #0.501961
v 0.134033 0.172607 -0.233154 0.498039 0.498039 0.498039 #0.501961
v -0.484131 0.259766 -0.284424 0.498039 0.498039 0.498039 #0.501961
v -0.555664 0.217529 -0.721191 0.498039 0.498039 0.498039 #0.501961
v -0.484131 0.259766 -0.284424 0.498039 0.498039 0.498039 #0.501961
v -0.403320 0.494629 -0.552002 0.498039 0.498039 0.498039 #0.501961
v -0.403320 0.494629 -0.552002 0.498039 0.498039 0.498039 #0.501961
v -0.166992 0.644531 -0.602051 0.498039 0.498039 0.498039 #0.501961
v -0.215576 0.537598 -0.809082 0.498039 0.498039 0.498039 #0.501961
v -0.143799 0.580078 -0.369629 0.498039 0.498039 0.498039 #0.501961
v -0.166992 0.644531 -0.602051 0.498039 0.498039 0.498039 #0.501961
v -0.403320 0.494629 -0.552002 0.498039 0.498039 0.498039 #0.501961
v -0.555664 0.217529 -0.721191 0.498039 0.498039 0.498039 #0.501961
v 0.015869 0.103027 -0.955322 0.498039 0.498039 0.498039 #0.501961
v 0.074951 0.137695 -0.594238 0.498039 0.498039 0.498039 #0.501961
v -0.484131 0.259766 -0.284424 0.498039 0.498039 0.498039 #0.501961
v -0.555664 0.217529 -0.721191 0.498039 0.498039 0.498039 #0.501961
v 0.074951 0.137695 -0.594238 0.498039 0.498039 0.498039 #0.501961
v 0.648682 0.275391 0.948730 0.498039 0.498039 0.498039 #0.501961
v 0.371582 0.241211 1.008789 0.498039 0.498039 0.498039 #0.501961
v 0.350342 0.057861 1.102539 0.498039 0.498039 0.498039 #0.501961
v 0.648682 0.275391 0.948730 0.498039 0.498039 0.498039 #0.501961
v 0.350342 0.057861 1.102539 0.498039 0.498039 0.498039 #0.501961
v 0.673584 0.037842 0.991455 0.498039 0.498039 0.498039 #0.501961
v -0.138672 0.068604 0.739014 0.498039 0.498039 0.498039 #0.501961
v 0.350342 0.057861 1.102539 0.498039 0.498039 0.498039 #0.501961
v 0.371582 0.241211 1.008789 0.498039 0.498039 0.498039 #0.501961
v -0.138672 0.068604 0.739014 0.498039 0.498039 0.498039 #0.501961
v 0.371582 0.241211 1.008789 0.498039 0.498039 0.498039 #0.501961
v 0.160645 0.460205 0.890625 0.498039 0.498039 0.498039 #0.501961
v 0.047852 0.410156 0.072021 0.498039 0.498039 0.498039 #0.501961
v -0.185791 0.039062 -0.110596 0.498039 0.498039 0.498039 #0.501961
v -0.268311 0.325928 0.099365 0.498039 0.498039 0.498039 #0.501961
v 0.358398 0.023682 0.199219 0.498039 0.498039 0.498039 #0.501961
v 0.762451 0.020752 0.655273 0.498039 0.498039 0.498039 #0.501961
v 0.673584 0.037842 0.991455 0.498039 0.498039 0.498039 #0.501961
v 0.358398 0.023682 0.199219 0.498039 0.498039 0.498039 #0.501961
v 0.673584 0.037842 0.991455 0.498039 0.498039 0.498039 #0.501961
v 0.109619 0.046143 0.468994 0.498039 0.498039 0.498039 #0.501961
v -0.486572 0.066162 0.215576 0.498039 0.498039 0.498039 #0.501961
v -0.254395 0.437256 0.400391 0.498039 0.498039 0.498039 #0.501961
v -0.268311 0.325928 0.099365 0.498039 0.498039 0.498039 #0.501961
v 0.673584 0.037842 0.991455 0.498039 0.498039 0.498039 #0.501961
v 0.762451 0.020752 0.655273 0.498039 0.498039 0.498039 #0.501961
v 0.688721 0.212646 0.664551 0.498039 0.498039 0.498039 #0.501961
v 0.673584 0.037842 0.991455 0.498039 0.498039 0.498039 #0.501961
v 0.688721 0.212646 0.664551 0.498039 0.498039 0.498039 #0.501961
v 0.648682 0.275391 0.948730 0.498039 0.498039 0.498039 #0.501961
v 0.367188 0.529297 0.667969 0.498039 0.498039 0.498039 #0.501961
v 0.648682 0.275391 0.948730 0.498039 0.498039 0.498039 #0.501961
v 0.688721 0.212646 0.664551 0.498039 0.498039 0.498039 #0.501961
v 0.367188 0.529297 0.667969 0.498039 0.498039 0.498039 #0.501961
v 0.688721 0.212646 0.664551 0.498039 0.498039 0.498039 #0.501961
v 0.569092 0.423340 0.447510 0.498039 0.498039 0.498039 #0.501961
v 0.160645 0.460205 0.890625 0.498039 0.498039 0.498039 #0.501961
v 0.371582 0.241211 1.008789 0.498039 0.498039 0.498039 #0.501961
v 0.648682 0.275391 0.948730 0.498039 0.498039 0.498039 #0.501961
v 0.160645 0.460205 0.890625 0.498039 0.498039 0.498039 #0.501961
v 0.648682 0.275391 0.948730 0.498039 0.498039 0.498039 #0.501961
v 0.367188 0.529297 0.667969 0.498039 0.498039 0.498039 #0.501961
v 0.569092 0.423340 0.447510 0.498039 0.498039 0.498039 #0.501961
v 0.688721 0.212646 0.664551 0.498039 0.498039 0.498039 #0.501961
v 0.762451 0.020752 0.655273 0.498039 0.498039 0.498039 #0.501961
v 0.569092 0.423340 0.447510 0.498039 0.498039 0.498039 #0.501961
v 0.762451 0.020752 0.655273 0.498039 0.498039 0.498039 #0.501961
v 0.358398 0.023682 0.199219 0.498039 0.498039 0.498039 #0.501961
v 0.109619 0.046143 0.468994 0.498039 0.498039 0.498039 #0.501961
v 0.673584 0.037842 0.991455 0.498039 0.498039 0.498039 #0.501961
v 0.350342 0.057861 1.102539 0.498039 0.498039 0.498039 #0.501961
v 0.109619 0.046143 0.468994 0.498039 0.498039 0.498039 #0.501961
v 0.350342 0.057861 1.102539 0.498039 0.498039 0.498039 #0.501961
v -0.138672 0.068604 0.739014 0.498039 0.498039 0.498039 #0.501961
v -0.254395 0.437256 0.400391 0.498039 0.498039 0.498039 #0.501961
v 0.160645 0.460205 0.890625 0.498039 0.498039 0.498039 #0.501961
v 0.367188 0.529297 0.667969 0.498039 0.498039 0.498039 #0.501961
v -0.254395 0.437256 0.400391 0.498039 0.498039 0.498039 #0.501961
v 0.367188 0.529297 0.667969 0.498039 0.498039 0.498039 #0.501961
v -0.100342 0.511230 0.234619 0.498039 0.498039 0.498039 #0.501961
v -0.100342 0.511230 0.234619 0.498039 0.498039 0.498039 #0.501961
v 0.367188 0.529297 0.667969 0.498039 0.498039 0.498039 #0.501961
v 0.569092 0.423340 0.447510 0.498039 0.498039 0.498039 #0.501961
v -0.100342 0.511230 0.234619 0.498039 0.498039 0.498039 #0.501961
v 0.569092 0.423340 0.447510 0.498039 0.498039 0.498039 #0.501961
v 0.047852 0.410156 0.072021 0.498039 0.498039 0.498039 #0.501961
v 0.358398 0.023682 0.199219 0.498039 0.498039 0.498039 #0.501961
v -0.185791 0.039062 -0.110596 0.498039 0.498039 0.498039 #0.501961
v 0.047852 0.410156 0.072021 0.498039 0.498039 0.498039 #0.501961
v 0.358398 0.023682 0.199219 0.498039 0.498039 0.498039 #0.501961
v 0.047852 0.410156 0.072021 0.498039 0.498039 0.498039 #0.501961
v 0.569092 0.423340 0.447510 0.498039 0.498039 0.498039 #0.501961
v -0.254395 0.437256 0.400391 0.498039 0.498039 0.498039 #0.501961
v -0.486572 0.066162 0.215576 0.498039 0.498039 0.498039 #0.501961
v -0.138672 0.068604 0.739014 0.498039 0.498039 0.498039 #0.501961
v -0.138672 0.068604 0.739014 0.498039 0.498039 0.498039 #0.501961
v 0.160645 0.460205 0.890625 0.498039 0.498039 0.498039 #0.501961
v -0.254395 0.437256 0.400391 0.498039 0.498039 0.498039 #0.501961
v -0.185791 0.039062 -0.110596 0.498039 0.498039 0.498039 #0.501961
v 0.358398 0.023682 0.199219 0.498039 0.498039 0.498039 #0.501961
v 0.109619 0.046143 0.468994 0.498039 0.498039 0.498039 #0.501961
v -0.268311 0.325928 0.099365 0.498039 0.498039 0.498039 #0.501961
v -0.185791 0.039062 -0.110596 0.498039 0.498039 0.498039 #0.501961
v -0.486572 0.066162 0.215576 0.498039 0.498039 0.498039 #0.501961
v -0.254395 0.437256 0.400391 0.498039 0.498039 0.498039 #0.501961
v -0.100342 0.511230 0.234619 0.498039 0.498039 0.498039 #0.501961
v -0.268311 0.325928 0.099365 0.498039 0.498039 0.498039 #0.501961
v -0.268311 0.325928 0.099365 0.498039 0.498039 0.498039 #0.501961
v -0.100342 0.511230 0.234619 0.498039 0.498039 0.498039 #0.501961
v 0.047852 0.410156 0.072021 0.498039 0.498039 0.498039 #0.501961
v 0.109619 0.046143 0.468994 0.498039 0.498039 0.498039 #0.501961
v -0.138672 0.068604 0.739014 0.498039 0.498039 0.498039 #0.501961
v -0.486572 0.066162 0.215576 0.498039 0.498039 0.498039 #0.501961
v 0.109619 0.046143 0.468994 0.498039 0.498039 0.498039 #0.501961
v -0.486572 0.066162 0.215576 0.498039 0.498039 0.498039 #0.501961
v -0.185791 0.039062 -0.110596 0.498039 0.498039 0.498039 #0.501961
v 0.811279 0.252441 -0.727051 0.498039 0.498039 0.498039 #0.501961
v 0.458008 0.563721 -0.699463 0.498039 0.498039 0.498039 #0.501961
v 0.494141 0.506836 -0.389404 0.498039 0.498039 0.498039 #0.501961
v 0.811279 0.252441 -0.727051 0.498039 0.498039 0.498039 #0.501961
v 0.608398 0.208496 -0.923340 0.498039 0.498039 0.498039 #0.501961
v 0.397217 0.449707 -0.982422 0.498039 0.498039 0.498039 #0.501961
v 0.397217 0.449707 -0.982422 0.498039 0.498039 0.498039 #0.501961
v 0.608398 0.208496 -0.923340 0.498039 0.498039 0.498039 #0.501961
v 0.617920 0.009277 -0.979004 0.498039 0.498039 0.498039 #0.501961
v 1.434326 1.452393 0.319336 0.498039 0.498039 0.498039 #0.501961
v 1.492188 1.472168 0.312256 0.498039 0.498039 0.498039 #0.501961
v 1.514160 1.466309 0.223877 0.498039 0.498039 0.498039 #0.501961
v 1.434326 1.452393 0.319336 0.498039 0.498039 0.498039 #0.501961
v 1.514160 1.466309 0.223877 0.498039 0.498039 0.498039 #0.501961
v 1.401855 1.427734 0.237793 0.498039 0.498039 0.498039 #0.501961
v 1.404297 1.420898 0.362793 0.498039 0.498039 0.498039 #0.501961
v 1.434326 1.452393 0.319336 0.498039 0.498039 0.498039 #0.501961
v 1.401855 1.427734 0.237793 0.498039 0.498039 0.498039 #0.501961
v 1.404297 1.420898 0.362793 0.498039 0.498039 0.498039 #0.501961
v 1.401855 1.427734 0.237793 0.498039 0.498039 0.498039 #0.501961
v 1.343506 1.366455 0.322266 0.498039 0.498039 0.498039 #0.501961
v 1.390381 1.255859 0.394287 0.498039 0.498039 0.498039 #0.501961
v 1.373047 1.318359 0.427734 0.498039 0.498039 0.498039 #0.501961
v 1.343506 1.366455 0.322266 0.498039 0.498039 0.498039 #0.501961
v 1.390381 1.255859 0.394287 0.498039 0.498039 0.498039 #0.501961
v 1.343506 1.366455 0.322266 0.498039 0.498039 0.498039 #0.501961
v 1.360840 1.303955 0.288818 0.498039 0.498039 0.498039 #0.501961
v 1.490723 1.249023 0.458984 0.498039 0.498039 0.498039 #0.501961
v 1.473389 1.311768 0.492432 0.498039 0.498039 0.498039 #0.501961
v 1.373047 1.318359 0.427734 0.498039 0.498039 0.498039 #0.501961
v 1.490723 1.249023 0.458984 0.498039 0.498039 0.498039 #0.501961
v 1.373047 1.318359 0.427734 0.498039 0.498039 0.498039 #0.501961
v 1.390381 1.255859 0.394287 0.498039 0.498039 0.498039 #0.501961
v 1.603027 1.287842 0.445068 0.498039 0.498039 0.498039 #0.501961
v 1.585693 1.350342 0.478516 0.498039 0.498039 0.498039 #0.501961
v 1.473389 1.311768 0.492432 0.498039 0.498039 0.498039 #0.501961
v 1.603027 1.287842 0.445068 0.498039 0.498039 0.498039 #0.501961
v 1.473389 1.311768 0.492432 0.498039 0.498039 0.498039 #0.501961
v 1.490723 1.249023 0.458984 0.498039 0.498039 0.498039 #0.501961
v 1.661621 1.349121 0.360596 0.498039 0.498039 0.498039 #0.501961
v 1.644287 1.411621 0.394043 0.498039 0.498039 0.498039 #0.501961
v 1.585693 1.350342 0.478516 0.498039 0.498039 0.498039 #0.501961
v 1.661621 1.349121 0.360596 0.498039 0.498039 0.498039 #0.501961
v 1.585693 1.350342 0.478516 0.498039 0.498039 0.498039 #0.501961
v 1.603027 1.287842 0.445068 0.498039 0.498039 0.498039 #0.501961
v 1.631836 1.397217 0.255127 0.498039 0.498039 0.498039 #0.501961
v 1.614502 1.459717 0.288574 0.498039 0.498039 0.498039 #0.501961
v 1.644287 1.411621 0.394043 0.498039 0.498039 0.498039 #0.501961
v 1.631836 1.397217 0.255127 0.498039 0.498039 0.498039 #0.501961
v 1.644287 1.411621 0.394043 0.498039 0.498039 0.498039 #0.501961
v 1.661621 1.349121 0.360596 0.498039 0.498039 0.498039 #0.501961
v 1.531494 1.403809 0.190430 0.498039 0.498039 0.498039 #0.501961
v 1.514160 1.466309 0.223877 0.498039 0.498039 0.498039 #0.501961
v 1.614502 1.459717 0.288574 0.498039 0.498039 0.498039 #0.501961
v 1.531494 1.403809 0.190430 0.498039 0.498039 0.498039 #0.501961
v 1.614502 1.459717 0.288574 0.498039 0.498039 0.498039 #0.501961
v 1.631836 1.397217 0.255127 0.498039 0.498039 0.498039 #0.501961
v 1.401855 1.427734 0.237793 0.498039 0.498039 0.498039 #0.501961
v 1.514160 1.466309 0.223877 0.498039 0.498039 0.498039 #0.501961
v 1.531494 1.403809 0.190430 0.498039 0.498039 0.498039 #0.501961
v 1.401855 1.427734 0.237793 0.498039 0.498039 0.498039 #0.501961
v 1.531494 1.403809 0.190430 0.498039 0.498039 0.498039 #0.501961
v 1.419189 1.365234 0.204346 0.498039 0.498039 0.498039 #0.501961
v 1.343506 1.366455 0.322266 0.498039 0.498039 0.498039 #0.501961
v 1.401855 1.427734 0.237793 0.498039 0.498039 0.498039 #0.501961
v 1.419189 1.365234 0.204346 0.498039 0.498039 0.498039 #0.501961
v 1.343506 1.366455 0.322266 0.498039 0.498039 0.498039 #0.501961
v 1.419189 1.365234 0.204346 0.498039 0.498039 0.498039 #0.501961
v 1.360840 1.303955 0.288818 0.498039 0.498039 0.498039 #0.501961
v 1.531494 1.403809 0.190430 0.498039 0.498039 0.498039 #0.501961
v 1.631836 1.397217 0.255127 0.498039 0.498039 0.498039 #0.501961
v 1.517334 1.303955 0.312744 0.498039 0.498039 0.498039 #0.501961
v 1.490723 1.249023 0.458984 0.498039 0.498039 0.498039 #0.501961
v 1.390381 1.255859 0.394287 0.498039 0.498039 0.498039 #0.501961
v 1.517334 1.303955 0.312744 0.498039 0.498039 0.498039 #0.501961
v 1.419189 1.365234 0.204346 0.498039 0.498039 0.498039 #0.501961
v 1.531494 1.403809 0.190430 0.498039 0.498039 0.498039 #0.501961
v 1.517334 1.303955 0.312744 0.498039 0.498039 0.498039 #0.501961
v 1.390381 1.255859 0.394287 0.498039 0.498039 0.498039 #0.501961
v 1.360840 1.303955 0.288818 0.498039 0.498039 0.498039 #0.501961
v 1.517334 1.303955 0.312744 0.498039 0.498039 0.498039 #0.501961
v 1.603027 1.287842 0.445068 0.498039 0.498039 0.498039 #0.501961
v 1.490723 1.249023 0.458984 0.498039 0.498039 0.498039 #0.501961
v 1.517334 1.303955 0.312744 0.498039 0.498039 0.498039 #0.501961
v 1.631836 1.397217 0.255127 0.498039 0.498039 0.498039 #0.501961
v 1.661621 1.349121 0.360596 0.498039 0.498039 0.498039 #0.501961
v 1.517334 1.303955 0.312744 0.498039 0.498039 0.498039 #0.501961
v 1.661621 1.349121 0.360596 0.498039 0.498039 0.498039 #0.501961
v 1.603027 1.287842 0.445068 0.498039 0.498039 0.498039 #0.501961
v 1.517334 1.303955 0.312744 0.498039 0.498039 0.498039 #0.501961
v 0.766602 4.009033 1.757568 0.498039 0.498039 0.498039 #0.501961
v 0.780518 4.061523 1.666260 0.498039 0.498039 0.498039 #0.501961
v 0.704102 4.035400 1.675781 0.498039 0.498039 0.498039 #0.501961
v 0.829102 3.982666 1.839355 0.498039 0.498039 0.498039 #0.501961
v 0.766602 4.009033 1.757568 0.498039 0.498039 0.498039 #0.501961
v 0.752686 3.956543 1.848877 0.498039 0.498039 0.498039 #0.501961
v 0.684326 3.960938 1.804932 0.498039 0.498039 0.498039 #0.501961
v 0.752686 3.956543 1.848877 0.498039 0.498039 0.498039 #0.501961
v 0.766602 4.009033 1.757568 0.498039 0.498039 0.498039 #0.501961
v 0.664307 3.993652 1.733154 0.498039 0.498039 0.498039 #0.501961
v 0.684326 3.960938 1.804932 0.498039 0.498039 0.498039 #0.501961
v 0.766602 4.009033 1.757568 0.498039 0.498039 0.498039 #0.501961
v 0.848633 4.057129 1.710205 0.498039 0.498039 0.498039 #0.501961
v 0.780518 4.061523 1.666260 0.498039 0.498039 0.498039 #0.501961
v 0.766602 4.009033 1.757568 0.498039 0.498039 0.498039 #0.501961
v 0.868652 4.024414 1.781982 0.498039 0.498039 0.498039 #0.501961
v 0.848633 4.057129 1.710205 0.498039 0.498039 0.498039 #0.501961
v 0.766602 4.009033 1.757568 0.498039 0.498039 0.498039 #0.501961
v 1.614502 1.459717 0.288574 0.498039 0.498039 0.498039 #0.501961
v 1.514160 1.466309 0.223877 0.498039 0.498039 0.498039 #0.501961
v 1.492188 1.472168 0.312256 0.498039 0.498039 0.498039 #0.501961
v 1.614502 1.459717 0.288574 0.498039 0.498039 0.498039 #0.501961
v 1.492188 1.472168 0.312256 0.498039 0.498039 0.498039 #0.501961
v 1.543945 1.468750 0.345459 0.498039 0.498039 0.498039 #0.501961
v 1.644287 1.411621 0.394043 0.498039 0.498039 0.498039 #0.501961
v 1.614502 1.459717 0.288574 0.498039 0.498039 0.498039 #0.501961
v 1.543945 1.468750 0.345459 0.498039 0.498039 0.498039 #0.501961
v 1.644287 1.411621 0.394043 0.498039 0.498039 0.498039 #0.501961
v 1.543945 1.468750 0.345459 0.498039 0.498039 0.498039 #0.501961
v 1.559326 1.444092 0.399658 0.498039 0.498039 0.498039 #0.501961
v 1.585693 1.350342 0.478516 0.498039 0.498039 0.498039 #0.501961
v 1.644287 1.411621 0.394043 0.498039 0.498039 0.498039 #0.501961
v 1.559326 1.444092 0.399658 0.498039 0.498039 0.498039 #0.501961
v 1.585693 1.350342 0.478516 0.498039 0.498039 0.498039 #0.501961
v 1.559326 1.444092 0.399658 0.498039 0.498039 0.498039 #0.501961
v 1.529053 1.412598 0.443359 0.498039 0.498039 0.498039 #0.501961
v 1.473389 1.311768 0.492432 0.498039 0.498039 0.498039 #0.501961
v 1.585693 1.350342 0.478516 0.498039 0.498039 0.498039 #0.501961
v 1.529053 1.412598 0.443359 0.498039 0.498039 0.498039 #0.501961
v 1.473389 1.311768 0.492432 0.498039 0.498039 0.498039 #0.501961
v 1.529053 1.412598 0.443359 0.498039 0.498039 0.498039 #0.501961
v 1.471191 1.392578 0.450439 0.498039 0.498039 0.498039 #0.501961
v 1.373047 1.318359 0.427734 0.498039 0.498039 0.498039 #0.501961
v 1.473389 1.311768 0.492432 0.498039 0.498039 0.498039 #0.501961
v 1.471191 1.392578 0.450439 0.498039 0.498039 0.498039 #0.501961
v 1.373047 1.318359 0.427734 0.498039 0.498039 0.498039 #0.501961
v 1.471191 1.392578 0.450439 0.498039 0.498039 0.498039 #0.501961
v 1.419434 1.395996 0.416992 0.498039 0.498039 0.498039 #0.501961
v 1.343506 1.366455 0.322266 0.498039 0.498039 0.498039 #0.501961
v 1.373047 1.318359 0.427734 0.498039 0.498039 0.498039 #0.501961
v 1.419434 1.395996 0.416992 0.498039 0.498039 0.498039 #0.501961
v 1.343506 1.366455 0.322266 0.498039 0.498039 0.498039 #0.501961
v 1.419434 1.395996 0.416992 0.498039 0.498039 0.498039 #0.501961
v 1.404297 1.420898 0.362793 0.498039 0.498039 0.498039 #0.501961
v 1.543945 1.468750 0.345459 0.498039 0.498039 0.498039 #0.501961
v 1.492188 1.472168 0.312256 0.498039 0.498039 0.498039 #0.501961
v 1.261963 2.302490 0.755615 0.498039 0.498039 0.498039 #0.501961
v 1.543945 1.468750 0.345459 0.498039 0.498039 0.498039 #0.501961
v 1.261963 2.302490 0.755615 0.498039 0.498039 0.498039 #0.501961
v 1.313477 2.299072 0.788818 0.498039 0.498039 0.498039 #0.501961
v 1.559326 1.444092 0.399658 0.498039 0.498039 0.498039 #0.501961
v 1.543945 1.468750 0.345459 0.498039 0.498039 0.498039 #0.501961
v 1.313477 2.299072 0.788818 0.498039 0.498039 0.498039 #0.501961
v 1.559326 1.444092 0.399658 0.498039 0.498039 0.498039 #0.501961
v 1.313477 2.299072 0.788818 0.498039 0.498039 0.498039 #0.501961
v 1.328857 2.274170 0.843262 0.498039 0.498039 0.498039 #0.501961
v 1.529053 1.412598 0.443359 0.498039 0.498039 0.498039 #0.501961
v 1.559326 1.444092 0.399658 0.498039 0.498039 0.498039 #0.501961
v 1.328857 2.274170 0.843262 0.498039 0.498039 0.498039 #0.501961
v 1.529053 1.412598 0.443359 0.498039 0.498039 0.498039 #0.501961
v 1.328857 2.274170 0.843262 0.498039 0.498039 0.498039 #0.501961
v 1.298584 2.242676 0.886719 0.498039 0.498039 0.498039 #0.501961
v 1.471191 1.392578 0.450439 0.498039 0.498039 0.498039 #0.501961
v 1.529053 1.412598 0.443359 0.498039 0.498039 0.498039 #0.501961
v 1.298584 2.242676 0.886719 0.498039 0.498039 0.498039 #0.501961
v 1.471191 1.392578 0.450439 0.498039 0.498039 0.498039 #0.501961
v 1.298584 2.242676 0.886719 0.498039 0.498039 0.498039 #0.501961
v 1.240723 2.222656 0.893799 0.498039 0.498039 0.498039 #0.501961
v 1.419434 1.395996 0.416992 0.498039 0.498039 0.498039 #0.501961
v 1.471191 1.392578 0.450439 0.498039 0.498039 0.498039 #0.501961
v 1.240723 2.222656 0.893799 0.498039 0.498039 0.498039 #0.501961
v 1.419434 1.395996 0.416992 0.498039 0.498039 0.498039 #0.501961
v 1.240723 2.222656 0.893799 0.498039 0.498039 0.498039 #0.501961
v 1.189209 2.226318 0.860596 0.498039 0.498039 0.498039 #0.501961
v 1.404297 1.420898 0.362793 0.498039 0.498039 0.498039 #0.501961
v 1.419434 1.395996 0.416992 0.498039 0.498039 0.498039 #0.501961
v 1.189209 2.226318 0.860596 0.498039 0.498039 0.498039 #0.501961
v 1.404297 1.420898 0.362793 0.498039 0.498039 0.498039 #0.501961
v 1.189209 2.226318 0.860596 0.498039 0.498039 0.498039 #0.501961
v 1.173828 2.250977 0.806152 0.498039 0.498039 0.498039 #0.501961
v 1.313477 2.299072 0.788818 0.498039 0.498039 0.498039 #0.501961
v 1.261963 2.302490 0.755615 0.498039 0.498039 0.498039 #0.501961
v 0.949951 3.512207 1.300781 0.498039 0.498039 0.498039 #0.501961
v 1.313477 2.299072 0.788818 0.498039 0.498039 0.498039 #0.501961
v 0.949951 3.512207 1.300781 0.498039 0.498039 0.498039 #0.501961
v 1.059326 3.505127 1.371338 0.498039 0.498039 0.498039 #0.501961
v 1.328857 2.274170 0.843262 0.498039 0.498039 0.498039 #0.501961
v 1.313477 2.299072 0.788818 0.498039 0.498039 0.498039 #0.501961
v 1.059326 3.505127 1.371338 0.498039 0.498039 0.498039 #0.501961
v 1.328857 2.274170 0.843262 0.498039 0.498039 0.498039 #0.501961
v 1.059326 3.505127 1.371338 0.498039 0.498039 0.498039 #0.501961
v 1.091553 3.452637 1.486328 0.498039 0.498039 0.498039 #0.501961
v 1.298584 2.242676 0.886719 0.498039 0.498039 0.498039 #0.501961
v 1.328857 2.274170 0.843262 0.498039 0.498039 0.498039 #0.501961
v 1.091553 3.452637 1.486328 0.498039 0.498039 0.498039 #0.501961
v 1.298584 2.242676 0.886719 0.498039 0.498039 0.498039 #0.501961
v 1.091553 3.452637 1.486328 0.498039 0.498039 0.498039 #0.501961
v 1.027832 3.385742 1.578369 0.498039 0.498039 0.498039 #0.501961
v 1.240723 2.222656 0.893799 0.498039 0.498039 0.498039 #0.501961
v 1.298584 2.242676 0.886719 0.498039 0.498039 0.498039 #0.501961
v 1.027832 3.385742 1.578369 0.498039 0.498039 0.498039 #0.501961
v 1.240723 2.222656 0.893799 0.498039 0.498039 0.498039 #0.501961
v 1.027832 3.385742 1.578369 0.498039 0.498039 0.498039 #0.501961
v 0.905273 3.343506 1.593506 0.498039 0.498039 0.498039 #0.501961
v 1.189209 2.226318 0.860596 0.498039 0.498039 0.498039 #0.501961
v 1.240723 2.222656 0.893799 0.498039 0.498039 0.498039 #0.501961
v 0.905273 3.343506 1.593506 0.498039 0.498039 0.498039 #0.501961
v 1.189209 2.226318 0.860596 0.498039 0.498039 0.498039 #0.501961
v 0.905273 3.343506 1.593506 0.498039 0.498039 0.498039 #0.501961
v 0.795898 3.350830 1.522949 0.498039 0.498039 0.498039 #0.501961
v 1.173828 2.250977 0.806152 0.498039 0.498039 0.498039 #0.501961
v 1.189209 2.226318 0.860596 0.498039 0.498039 0.498039 #0.501961
v 0.795898 3.350830 1.522949 0.498039 0.498039 0.498039 #0.501961
v 1.173828 2.250977 0.806152 0.498039 0.498039 0.498039 #0.501961
v 0.795898 3.350830 1.522949 0.498039 0.498039 0.498039 #0.501961
v 0.763672 3.403320 1.407959 0.498039 0.498039 0.498039 #0.501961
v 1.059326 3.505127 1.371338 0.498039 0.498039 0.498039 #0.501961
v 0.949951 3.512207 1.300781 0.498039 0.498039 0.498039 #0.501961
v 0.799072 4.056641 1.591553 0.498039 0.498039 0.498039 #0.501961
v 1.059326 3.505127 1.371338 0.498039 0.498039 0.498039 #0.501961
v 0.799072 4.056641 1.591553 0.498039 0.498039 0.498039 #0.501961
v 0.908447 4.049316 1.662109 0.498039 0.498039 0.498039 #0.501961
v 1.091553 3.452637 1.486328 0.498039 0.498039 0.498039 #0.501961
v 1.059326 3.505127 1.371338 0.498039 0.498039 0.498039 #0.501961
v 0.908447 4.049316 1.662109 0.498039 0.498039 0.498039 #0.501961
v 1.091553 3.452637 1.486328 0.498039 0.498039 0.498039 #0.501961
v 0.908447 4.049316 1.662109 0.498039 0.498039 0.498039 #0.501961
v 0.940674 3.996826 1.777100 0.498039 0.498039 0.498039 #0.501961
v 1.027832 3.385742 1.578369 0.498039 0.498039 0.498039 #0.501961
v 1.091553 3.452637 1.486328 0.498039 0.498039 0.498039 #0.501961
v 0.940674 3.996826 1.777100 0.498039 0.498039 0.498039 #0.501961
v 1.027832 3.385742 1.578369 0.498039 0.498039 0.498039 #0.501961
v 0.940674 3.996826 1.777100 0.498039 0.498039 0.498039 #0.501961
v 0.876953 3.929932 1.869141 0.498039 0.498039 0.498039 #0.501961
v 0.905273 3.343506 1.593506 0.498039 0.498039 0.498039 #0.501961
v 1.027832 3.385742 1.578369 0.498039 0.498039 0.498039 #0.501961
v 0.876953 3.929932 1.869141 0.498039 0.498039 0.498039 #0.501961
v 0.905273 3.343506 1.593506 0.498039 0.498039 0.498039 #0.501961
v 0.876953 3.929932 1.869141 0.498039 0.498039 0.498039 #0.501961
v 0.754395 3.887939 1.884277 0.498039 0.498039 0.498039 #0.501961
v 0.795898 3.350830 1.522949 0.498039 0.498039 0.498039 #0.501961
v 0.905273 3.343506 1.593506 0.498039 0.498039 0.498039 #0.501961
v 0.754395 3.887939 1.884277 0.498039 0.498039 0.498039 #0.501961
v 0.795898 3.350830 1.522949 0.498039 0.498039 0.498039 #0.501961
v 0.754395 3.887939 1.884277 0.498039 0.498039 0.498039 #0.501961
v 0.645020 3.895264 1.813721 0.498039 0.498039 0.498039 #0.501961
v 0.763672 3.403320 1.407959 0.498039 0.498039 0.498039 #0.501961
v 0.795898 3.350830 1.522949 0.498039 0.498039 0.498039 #0.501961
v 0.645020 3.895264 1.813721 0.498039 0.498039 0.498039 #0.501961
v 0.763672 3.403320 1.407959 0.498039 0.498039 0.498039 #0.501961
v 0.645020 3.895264 1.813721 0.498039 0.498039 0.498039 #0.501961
v 0.612793 3.947754 1.698730 0.498039 0.498039 0.498039 #0.501961
v 0.940674 3.996826 1.777100 0.498039 0.498039 0.498039 #0.501961
v 0.868652 4.024414 1.781982 0.498039 0.498039 0.498039 #0.501961
v 0.829102 3.982666 1.839355 0.498039 0.498039 0.498039 #0.501961
v 0.940674 3.996826 1.777100 0.498039 0.498039 0.498039 #0.501961
v 0.829102 3.982666 1.839355 0.498039 0.498039 0.498039 #0.501961
v 0.876953 3.929932 1.869141 0.498039 0.498039 0.498039 #0.501961
v 0.754395 3.887939 1.884277 0.498039 0.498039 0.498039 #0.501961
v 0.876953 3.929932 1.869141 0.498039 0.498039 0.498039 #0.501961
v 0.829102 3.982666 1.839355 0.498039 0.498039 0.498039 #0.501961
v 0.754395 3.887939 1.884277 0.498039 0.498039 0.498039 #0.501961
v 0.829102 3.982666 1.839355 0.498039 0.498039 0.498039 #0.501961
v 0.752686 3.956543 1.848877 0.498039 0.498039 0.498039 #0.501961
v 0.645020 3.895264 1.813721 0.498039 0.498039 0.498039 #0.501961
v 0.754395 3.887939 1.884277 0.498039 0.498039 0.498039 #0.501961
v 0.752686 3.956543 1.848877 0.498039 0.498039 0.498039 #0.501961
v 0.645020 3.895264 1.813721 0.498039 0.498039 0.498039 #0.501961
v 0.752686 3.956543 1.848877 0.498039 0.498039 0.498039 #0.501961
v 0.684326 3.960938 1.804932 0.498039 0.498039 0.498039 #0.501961
v 0.612793 3.947754 1.698730 0.498039 0.498039 0.498039 #0.501961
v 0.645020 3.895264 1.813721 0.498039 0.498039 0.498039 #0.501961
v 0.684326 3.960938 1.804932 0.498039 0.498039 0.498039 #0.501961
v 0.612793 3.947754 1.698730 0.498039 0.498039 0.498039 #0.501961
v 0.684326 3.960938 1.804932 0.498039 0.498039 0.498039 #0.501961
v 0.664307 3.993652 1.733154 0.498039 0.498039 0.498039 #0.501961
v 0.908447 4.049316 1.662109 0.498039 0.498039 0.498039 #0.501961
v 0.848633 4.057129 1.710205 0.498039 0.498039 0.498039 #0.501961
v 0.868652 4.024414 1.781982 0.498039 0.498039 0.498039 #0.501961
v 0.908447 4.049316 1.662109 0.498039 0.498039 0.498039 #0.501961
v 0.868652 4.024414 1.781982 0.498039 0.498039 0.498039 #0.501961
v 0.940674 3.996826 1.777100 0.498039 0.498039 0.498039 #0.501961
v 0.799072 4.056641 1.591553 0.498039 0.498039 0.498039 #0.501961
v 0.780518 4.061523 1.666260 0.498039 0.498039 0.498039 #0.501961
v 0.848633 4.057129 1.710205 0.498039 0.498039 0.498039 #0.501961
v 0.799072 4.056641 1.591553 0.498039 0.498039 0.498039 #0.501961
v 0.848633 4.057129 1.710205 0.498039 0.498039 0.498039 #0.501961
v 0.908447 4.049316 1.662109 0.498039 0.498039 0.498039 #0.501961
v 0.829102 3.982666 1.839355 0.498039 0.498039 0.498039 #0.501961
v 0.868652 4.024414 1.781982 0.498039 0.498039 0.498039 #0.501961
v 0.766602 4.009033 1.757568 0.498039 0.498039 0.498039 #0.501961
v 0.799072 4.056641 1.591553 0.498039 0.498039 0.498039 #0.501961
v 0.676514 4.014648 1.606689 0.498039 0.498039 0.498039 #0.501961
v 0.704102 4.035400 1.675781 0.498039 0.498039 0.498039 #0.501961
v 0.799072 4.056641 1.591553 0.498039 0.498039 0.498039 #0.501961
v 0.704102 4.035400 1.675781 0.498039 0.498039 0.498039 #0.501961
v 0.780518 4.061523 1.666260 0.498039 0.498039 0.498039 #0.501961
v 0.949951 3.512207 1.300781 0.498039 0.498039 0.498039 #0.501961
v 0.827393 3.470215 1.315918 0.498039 0.498039 0.498039 #0.501961
v 0.676514 4.014648 1.606689 0.498039 0.498039 0.498039 #0.501961
v 0.949951 3.512207 1.300781 0.498039 0.498039 0.498039 #0.501961
v 0.676514 4.014648 1.606689 0.498039 0.498039 0.498039 #0.501961
v 0.799072 4.056641 1.591553 0.498039 0.498039 0.498039 #0.501961
v 1.261963 2.302490 0.755615 0.498039 0.498039 0.498039 #0.501961
v 1.204102 2.282471 0.762695 0.498039 0.498039 0.498039 #0.501961
v 0.827393 3.470215 1.315918 0.498039 0.498039 0.498039 #0.501961
v 1.261963 2.302490 0.755615 0.498039 0.498039 0.498039 #0.501961
v 0.827393 3.470215 1.315918 0.498039 0.498039 0.498039 #0.501961
v 0.949951 3.512207 1.300781 0.498039 0.498039 0.498039 #0.501961
v 1.492188 1.472168 0.312256 0.498039 0.498039 0.498039 #0.501961
v 1.434326 1.452393 0.319336 0.498039 0.498039 0.498039 #0.501961
v 1.204102 2.282471 0.762695 0.498039 0.498039 0.498039 #0.501961
v 1.492188 1.472168 0.312256 0.498039 0.498039 0.498039 #0.501961
v 1.204102 2.282471 0.762695 0.498039 0.498039 0.498039 #0.501961
v 1.261963 2.302490 0.755615 0.498039 0.498039 0.498039 #0.501961
v 1.360840 1.303955 0.288818 0.498039 0.498039 0.498039 #0.501961
v 1.419189 1.365234 0.204346 0.498039 0.498039 0.498039 #0.501961
v 1.517334 1.303955 0.312744 0.498039 0.498039 0.498039 #0.501961
v 1.434326 1.452393 0.319336 0.498039 0.498039 0.498039 #0.501961
v 1.404297 1.420898 0.362793 0.498039 0.498039 0.498039 #0.501961
v 1.173828 2.250977 0.806152 0.498039 0.498039 0.498039 #0.501961
v 1.434326 1.452393 0.319336 0.498039 0.498039 0.498039 #0.501961
v 1.173828 2.250977 0.806152 0.498039 0.498039 0.498039 #0.501961
v 1.204102 2.282471 0.762695 0.498039 0.498039 0.498039 #0.501961
v 1.204102 2.282471 0.762695 0.498039 0.498039 0.498039 #0.501961
v 1.173828 2.250977 0.806152 0.498039 0.498039 0.498039 #0.501961
v 0.763672 3.403320 1.407959 0.498039 0.498039 0.498039 #0.501961
v 1.204102 2.282471 0.762695 0.498039 0.498039 0.498039 #0.501961
v 0.763672 3.403320 1.407959 0.498039 0.498039 0.498039 #0.501961
v 0.827393 3.470215 1.315918 0.498039 0.498039 0.498039 #0.501961
v 0.827393 3.470215 1.315918 0.498039 0.498039 0.498039 #0.501961
v 0.763672 3.403320 1.407959 0.498039 0.498039 0.498039 #0.501961
v 0.612793 3.947754 1.698730 0.498039 0.498039 0.498039 #0.501961
v 0.827393 3.470215 1.315918 0.498039 0.498039 0.498039 #0.501961
v 0.612793 3.947754 1.698730 0.498039 0.498039 0.498039 #0.501961
v 0.676514 4.014648 1.606689 0.498039 0.498039 0.498039 #0.501961
v 0.676514 4.014648 1.606689 0.498039 0.498039 0.498039 #0.501961
v 0.612793 3.947754 1.698730 0.498039 0.498039 0.498039 #0.501961
v 0.664307 3.993652 1.733154 0.498039 0.498039 0.498039 #0.501961
v 0.676514 4.014648 1.606689 0.498039 0.498039 0.498039 #0.501961
v 0.664307 3.993652 1.733154 0.498039 0.498039 0.498039 #0.501961
v 0.704102 4.035400 1.675781 0.498039 0.498039 0.498039 #0.501961
v 0.704102 4.035400 1.675781 0.498039 0.498039 0.498039 #0.501961
v 0.664307 3.993652 1.733154 0.498039 0.498039 0.498039 #0.501961
v 0.766602 4.009033 1.757568 0.498039 0.498039 0.498039 #0.501961
v 0.550781 1.996338 0.716553 0.498039 0.498039 0.498039 #0.501961
v 0.620361 2.159424 0.786133 0.498039 0.498039 0.498039 #0.501961
v 0.136475 2.262207 0.605225 0.498039 0.498039 0.498039 #0.501961
v 0.136475 2.262207 0.605225 0.498039 0.498039 0.498039 #0.501961
v 0.620361 2.159424 0.786133 0.498039 0.498039 0.498039 #0.501961
v 0.779053 2.473877 0.882812 0.498039 0.498039 0.498039 #0.501961
v 0.136475 2.262207 0.605225 0.498039 0.498039 0.498039 #0.501961
v 0.779053 2.473877 0.882812 0.498039 0.498039 0.498039 #0.501961
v 0.159424 2.612305 0.693848 0.498039 0.498039 0.498039 #0.501961
v 1.365479 2.804443 -0.644775 0.498039 0.498039 0.498039 #0.501961
v 1.425049 2.783447 -0.546143 0.498039 0.498039 0.498039 #0.501961
v 1.379639 2.214844 -0.521240 0.498039 0.498039 0.498039 #0.501961
v 1.365479 2.804443 -0.644775 0.498039 0.498039 0.498039 #0.501961
v 1.379639 2.214844 -0.521240 0.498039 0.498039 0.498039 #0.501961
v 1.288086 2.252197 -0.736572 0.498039 0.498039 0.498039 #0.501961
v -0.092041 2.178223 0.163086 0.498039 0.498039 0.494118 #0.501961
v 0.828857 1.708008 -0.564941 0.498039 0.498039 0.494118 #0.501961
v 1.001953 1.658936 -0.416016 0.498039 0.498039 0.494118 #0.501961
v -0.092041 2.178223 0.163086 0.498039 0.498039 0.494118 #0.501961
v 1.001953 1.658936 -0.416016 0.498039 0.498039 0.494118 #0.501961
v 0.550781 1.996338 0.716553 0.498039 0.498039 0.494118 #0.501961
v 1.340576 1.856934 -0.291016 0.498039 0.498039 0.494118 #0.501961
v 1.148926 1.932373 0.135254 0.498039 0.498039 0.494118 #0.501961
v 1.045654 1.804932 0.020264 0.498039 0.498039 0.494118 #0.501961
v 1.288086 2.252197 -0.736572 0.498039 0.498039 0.498039 #0.501961
v 1.379639 2.214844 -0.521240 0.498039 0.498039 0.498039 #0.501961
v 1.340576 1.856934 -0.291016 0.498039 0.498039 0.498039 #0.501961
v 1.288086 2.252197 -0.736572 0.498039 0.498039 0.498039 #0.501961
v 1.340576 1.856934 -0.291016 0.498039 0.498039 0.498039 #0.501961
v 1.106201 1.935059 -0.629395 0.498039 0.498039 0.498039 #0.501961
v 1.001953 1.658936 -0.416016 0.498039 0.498039 0.494118 #0.501961
v 1.340576 1.856934 -0.291016 0.498039 0.498039 0.494118 #0.501961
v 1.045654 1.804932 0.020264 0.498039 0.498039 0.494118 #0.501961
v 1.106201 1.935059 -0.629395 0.498039 0.498039 0.498039 #0.501961
v 1.340576 1.856934 -0.291016 0.498039 0.498039 0.498039 #0.501961
v 1.001953 1.658936 -0.416016 0.498039 0.498039 0.498039 #0.501961
v 1.448730 3.006348 0.346191 0.498039 0.498039 0.498039 #0.501961
v 0.818604 2.897705 0.864502 0.498039 0.498039 0.498039 #0.501961
v 0.779053 2.473877 0.882812 0.498039 0.498039 0.498039 #0.501961
v 1.448730 3.006348 0.346191 0.498039 0.498039 0.498039 #0.501961
v 0.779053 2.473877 0.882812 0.498039 0.498039 0.498039 #0.501961
v 1.324463 2.288086 0.278809 0.498039 0.498039 0.498039 #0.501961
v 0.739014 2.027344 -0.808594 0.498039 0.498039 0.498039 #0.501961
v 0.664795 2.447754 -0.880127 0.498039 0.498039 0.498039 #0.501961
v 1.063965 2.304199 -0.792725 0.498039 0.498039 0.498039 #0.501961
v 1.546143 2.198242 -0.121826 0.498039 0.498039 0.498039 #0.501961
v 1.324463 2.288086 0.278809 0.498039 0.498039 0.498039 #0.501961
v 1.148926 1.932373 0.135254 0.498039 0.498039 0.498039 #0.501961
v 1.546143 2.198242 -0.121826 0.498039 0.498039 0.498039 #0.501961
v 1.148926 1.932373 0.135254 0.498039 0.498039 0.498039 #0.501961
v 1.340576 1.856934 -0.291016 0.498039 0.498039 0.498039 #0.501961
v 0.620361 2.159424 0.786133 0.498039 0.498039 0.498039 #0.501961
v 1.148926 1.932373 0.135254 0.498039 0.498039 0.498039 #0.501961
v 1.324463 2.288086 0.278809 0.498039 0.498039 0.498039 #0.501961
v 0.620361 2.159424 0.786133 0.498039 0.498039 0.498039 #0.501961
v 1.324463 2.288086 0.278809 0.498039 0.498039 0.498039 #0.501961
v 0.779053 2.473877 0.882812 0.498039 0.498039 0.498039 #0.501961
v 1.045654 1.804932 0.020264 0.498039 0.498039 0.494118 #0.501961
v 0.550781 1.996338 0.716553 0.498039 0.498039 0.494118 #0.501961
v 1.001953 1.658936 -0.416016 0.498039 0.498039 0.494118 #0.501961
v 1.504883 3.106201 -0.344727 0.498039 0.498039 0.498039 #0.501961
v 1.657471 2.732666 0.014893 0.498039 0.498039 0.498039 #0.501961
v 1.425049 2.783447 -0.546143 0.498039 0.498039 0.498039 #0.501961
v 1.657471 2.732666 0.014893 0.498039 0.498039 0.498039 #0.501961
v 1.504883 3.106201 -0.344727 0.498039 0.498039 0.498039 #0.501961
v 1.448730 3.006348 0.346191 0.498039 0.498039 0.498039 #0.501961
v 0.159424 2.612305 0.693848 0.498039 0.498039 0.498039 #0.501961
v 0.779053 2.473877 0.882812 0.498039 0.498039 0.498039 #0.501961
v 0.818604 2.897705 0.864502 0.498039 0.498039 0.498039 #0.501961
v 0.159424 2.612305 0.693848 0.498039 0.498039 0.498039 #0.501961
v 0.818604 2.897705 0.864502 0.498039 0.498039 0.498039 #0.501961
v 0.233887 3.030762 0.744873 0.498039 0.498039 0.498039 #0.501961
v 1.448730 3.006348 0.346191 0.498039 0.498039 0.498039 #0.501961
v 1.324463 2.288086 0.278809 0.498039 0.498039 0.498039 #0.501961
v 1.546143 2.198242 -0.121826 0.498039 0.498039 0.498039 #0.501961
v 1.448730 3.006348 0.346191 0.498039 0.498039 0.498039 #0.501961
v 1.546143 2.198242 -0.121826 0.498039 0.498039 0.498039 #0.501961
v 1.657471 2.732666 0.014893 0.498039 0.498039 0.498039 #0.501961
v 1.657471 2.732666 0.014893 0.498039 0.498039 0.498039 #0.501961
v 1.546143 2.198242 -0.121826 0.498039 0.498039 0.498039 #0.501961
v 1.379639 2.214844 -0.521240 0.498039 0.498039 0.498039 #0.501961
v 1.657471 2.732666 0.014893 0.498039 0.498039 0.498039 #0.501961
v 1.379639 2.214844 -0.521240 0.498039 0.498039 0.498039 #0.501961
v 1.425049 2.783447 -0.546143 0.498039 0.498039 0.498039 #0.501961
v 1.330322 3.155518 -0.494873 0.498039 0.498039 0.498039 #0.501961
v 1.504883 3.106201 -0.344727 0.498039 0.498039 0.498039 #0.501961
v 1.425049 2.783447 -0.546143 0.498039 0.498039 0.498039 #0.501961
v 1.330322 3.155518 -0.494873 0.498039 0.498039 0.498039 #0.501961
v 1.425049 2.783447 -0.546143 0.498039 0.498039 0.498039 #0.501961
v 1.365479 2.804443 -0.644775 0.498039 0.498039 0.498039 #0.501961
v 1.045654 1.804932 0.020264 0.498039 0.498039 0.494118 #0.501961
v 1.148926 1.932373 0.135254 0.498039 0.498039 0.494118 #0.501961
v 0.620361 2.159424 0.786133 0.498039 0.498039 0.494118 #0.501961
v 1.045654 1.804932 0.020264 0.498039 0.498039 0.494118 #0.501961
v 0.620361 2.159424 0.786133 0.498039 0.498039 0.494118 #0.501961
v 0.550781 1.996338 0.716553 0.498039 0.498039 0.494118 #0.501961
v 1.379639 2.214844 -0.521240 0.498039 0.498039 0.498039 #0.501961
v 1.546143 2.198242 -0.121826 0.498039 0.498039 0.498039 #0.501961
v 1.340576 1.856934 -0.291016 0.498039 0.498039 0.498039 #0.501961
v 0.457520 1.971436 -0.485596 0.498039 0.498039 0.494118 #0.501961
v 0.378174 2.150635 -0.527588 0.498039 0.498039 0.494118 #0.501961
v 0.739014 2.027344 -0.808594 0.498039 0.498039 0.494118 #0.501961
v 0.457520 1.971436 -0.485596 0.498039 0.498039 0.494118 #0.501961
v 0.739014 2.027344 -0.808594 0.498039 0.498039 0.494118 #0.501961
v 0.828857 1.708008 -0.564941 0.498039 0.498039 0.494118 #0.501961
v 0.335693 2.568115 -0.571533 0.498039 0.498039 0.498039 #0.501961
v -0.123291 2.729248 0.106201 0.498039 0.498039 0.498039 #0.501961
v 0.021484 3.123291 0.178955 0.498039 0.498039 0.498039 #0.501961
v 0.335693 2.568115 -0.571533 0.498039 0.498039 0.498039 #0.501961
v 0.021484 3.123291 0.178955 0.498039 0.498039 0.498039 #0.501961
v 0.483154 3.279785 -0.484131 0.498039 0.498039 0.498039 #0.501961
v 0.018311 2.995117 -0.310791 0.498039 0.498039 0.498039 #0.501961
v 0.367432 2.991699 -0.352295 0.498039 0.498039 0.498039 #0.501961
v 0.239258 2.382080 -0.404053 0.498039 0.498039 0.498039 #0.501961
v 0.018311 2.995117 -0.310791 0.498039 0.498039 0.498039 #0.501961
v 0.239258 2.382080 -0.404053 0.498039 0.498039 0.498039 #0.501961
v -0.077637 2.537354 -0.349609 0.498039 0.498039 0.498039 #0.501961
v 0.739014 2.027344 -0.808594 0.498039 0.498039 0.498039 #0.501961
v 0.378174 2.150635 -0.527588 0.498039 0.498039 0.498039 #0.501961
v 0.335693 2.568115 -0.571533 0.498039 0.498039 0.498039 #0.501961
v 0.739014 2.027344 -0.808594 0.498039 0.498039 0.498039 #0.501961
v 0.335693 2.568115 -0.571533 0.498039 0.498039 0.498039 #0.501961
v 0.664795 2.447754 -0.880127 0.498039 0.498039 0.498039 #0.501961
v -0.123291 2.729248 0.106201 0.498039 0.498039 0.498039 #0.501961
v 0.335693 2.568115 -0.571533 0.498039 0.498039 0.498039 #0.501961
v 0.378174 2.150635 -0.527588 0.498039 0.498039 0.498039 #0.501961
v -0.123291 2.729248 0.106201 0.498039 0.498039 0.498039 #0.501961
v 0.378174 2.150635 -0.527588 0.498039 0.498039 0.498039 #0.501961
v -0.114014 2.367432 0.154053 0.498039 0.498039 0.498039 #0.501961
v 0.828857 1.708008 -0.564941 0.498039 0.498039 0.494118 #0.501961
v -0.092041 2.178223 0.163086 0.498039 0.498039 0.494118 #0.501961
v 0.457520 1.971436 -0.485596 0.498039 0.498039 0.494118 #0.501961
v 1.260010 2.830322 -0.688232 0.498039 0.498039 0.498039 #0.501961
v 0.690430 3.006592 -0.816650 0.498039 0.498039 0.498039 #0.501961
v 1.156006 3.205078 -0.645020 0.498039 0.498039 0.498039 #0.501961
v 0.483154 3.279785 -0.484131 0.498039 0.498039 0.498039 #0.501961
v 1.156006 3.205078 -0.645020 0.498039 0.498039 0.498039 #0.501961
v 0.690430 3.006592 -0.816650 0.498039 0.498039 0.498039 #0.501961
v 0.690430 3.006592 -0.816650 0.498039 0.498039 0.498039 #0.501961
v 0.664795 2.447754 -0.880127 0.498039 0.498039 0.498039 #0.501961
v 0.335693 2.568115 -0.571533 0.498039 0.498039 0.498039 #0.501961
v 0.690430 3.006592 -0.816650 0.498039 0.498039 0.498039 #0.501961
v 0.335693 2.568115 -0.571533 0.498039 0.498039 0.498039 #0.501961
v 0.483154 3.279785 -0.484131 0.498039 0.498039 0.498039 #0.501961
v 1.260010 2.830322 -0.688232 0.498039 0.498039 0.498039 #0.501961
v 1.063965 2.304199 -0.792725 0.498039 0.498039 0.498039 #0.501961
v 0.664795 2.447754 -0.880127 0.498039 0.498039 0.498039 #0.501961
v 1.260010 2.830322 -0.688232 0.498039 0.498039 0.498039 #0.501961
v 0.664795 2.447754 -0.880127 0.498039 0.498039 0.498039 #0.501961
v 0.690430 3.006592 -0.816650 0.498039 0.498039 0.498039 #0.501961
v -0.114014 2.367432 0.154053 0.498039 0.498039 0.494118 #0.501961
v 0.378174 2.150635 -0.527588 0.498039 0.498039 0.494118 #0.501961
v 0.457520 1.971436 -0.485596 0.498039 0.498039 0.494118 #0.501961
v -0.114014 2.367432 0.154053 0.498039 0.498039 0.494118 #0.501961
v 0.457520 1.971436 -0.485596 0.498039 0.498039 0.494118 #0.501961
v -0.092041 2.178223 0.163086 0.498039 0.498039 0.494118 #0.501961
v 0.233887 3.030762 0.744873 0.498039 0.498039 0.498039 #0.501961
v 0.021484 3.123291 0.178955 0.498039 0.498039 0.498039 #0.501961
v -0.123291 2.729248 0.106201 0.498039 0.498039 0.498039 #0.501961
v 0.233887 3.030762 0.744873 0.498039 0.498039 0.498039 #0.501961
v -0.123291 2.729248 0.106201 0.498039 0.498039 0.498039 #0.501961
v 0.159424 2.612305 0.693848 0.498039 0.498039 0.498039 #0.501961
v 0.159424 2.612305 0.693848 0.498039 0.498039 0.498039 #0.501961
v -0.123291 2.729248 0.106201 0.498039 0.498039 0.498039 #0.501961
v -0.114014 2.367432 0.154053 0.498039 0.498039 0.498039 #0.501961
v 0.159424 2.612305 0.693848 0.498039 0.498039 0.498039 #0.501961
v -0.114014 2.367432 0.154053 0.498039 0.498039 0.498039 #0.501961
v 0.136475 2.262207 0.605225 0.498039 0.498039 0.498039 #0.501961
v 0.136475 2.262207 0.605225 0.498039 0.498039 0.498039 #0.501961
v -0.114014 2.367432 0.154053 0.498039 0.498039 0.498039 #0.501961
v -0.092041 2.178223 0.163086 0.498039 0.498039 0.498039 #0.501961
v 0.136475 2.262207 0.605225 0.498039 0.498039 0.498039 #0.501961
v -0.092041 2.178223 0.163086 0.498039 0.498039 0.498039 #0.501961
v 0.550781 1.996338 0.716553 0.498039 0.498039 0.498039 #0.501961
v 1.145996 2.190918 0.703125 0.498039 0.498039 0.498039 #0.501961
v 1.117676 2.133301 0.351562 0.498039 0.498039 0.498039 #0.501961
v 1.246094 2.742920 0.403076 0.498039 0.498039 0.498039 #0.501961
v 1.145996 2.190918 0.703125 0.498039 0.498039 0.498039 #0.501961
v 1.246094 2.742920 0.403076 0.498039 0.498039 0.498039 #0.501961
v 1.242188 2.648682 0.741699 0.498039 0.498039 0.498039 #0.501961
v 1.365479 2.804443 -0.644775 0.498039 0.498039 0.498039 #0.501961
v 1.260010 2.830322 -0.688232 0.498039 0.498039 0.498039 #0.501961
v 1.156006 3.205078 -0.645020 0.498039 0.498039 0.498039 #0.501961
v 1.365479 2.804443 -0.644775 0.498039 0.498039 0.498039 #0.501961
v 1.156006 3.205078 -0.645020 0.498039 0.498039 0.498039 #0.501961
v 1.330322 3.155518 -0.494873 0.498039 0.498039 0.498039 #0.501961
v 1.288086 2.252197 -0.736572 0.498039 0.498039 0.498039 #0.501961
v 1.063965 2.304199 -0.792725 0.498039 0.498039 0.498039 #0.501961
v 1.260010 2.830322 -0.688232 0.498039 0.498039 0.498039 #0.501961
v 1.288086 2.252197 -0.736572 0.498039 0.498039 0.498039 #0.501961
v 1.260010 2.830322 -0.688232 0.498039 0.498039 0.498039 #0.501961
v 1.365479 2.804443 -0.644775 0.498039 0.498039 0.498039 #0.501961
v 1.106201 1.935059 -0.629395 0.498039 0.498039 0.498039 #0.501961
v 0.739014 2.027344 -0.808594 0.498039 0.498039 0.498039 #0.501961
v 1.063965 2.304199 -0.792725 0.498039 0.498039 0.498039 #0.501961
v 1.106201 1.935059 -0.629395 0.498039 0.498039 0.498039 #0.501961
v 1.063965 2.304199 -0.792725 0.498039 0.498039 0.498039 #0.501961
v 1.288086 2.252197 -0.736572 0.498039 0.498039 0.498039 #0.501961
v 0.828857 1.708008 -0.564941 0.498039 0.498039 0.498039 #0.501961
v 0.739014 2.027344 -0.808594 0.498039 0.498039 0.498039 #0.501961
v 1.106201 1.935059 -0.629395 0.498039 0.498039 0.498039 #0.501961
v 1.106201 1.935059 -0.629395 0.498039 0.498039 0.498039 #0.501961
v 1.001953 1.658936 -0.416016 0.498039 0.498039 0.498039 #0.501961
v 0.828857 1.708008 -0.564941 0.498039 0.498039 0.498039 #0.501961
v 1.421143 2.356689 1.225586 0.349020 0.349020 0.349020 #0.501961
v 1.181152 2.626709 1.010254 0.349020 0.349020 0.349020 #0.501961
v 1.003662 2.307373 1.218750 0.349020 0.349020 0.349020 #0.501961
v 1.421143 2.356689 1.225586 0.349020 0.349020 0.349020 #0.501961
v 1.588623 2.084961 0.951660 0.349020 0.349020 0.349020 #0.501961
v 1.542725 2.489258 0.845459 0.349020 0.349020 0.349020 #0.501961
v 1.255371 1.972656 1.182373 0.349020 0.349020 0.349020 #0.501961
v 1.003662 2.307373 1.218750 0.349020 0.349020 0.349020 #0.501961
v 0.912842 2.005371 0.940430 0.349020 0.349020 0.349020 #0.501961
v 1.255371 1.972656 1.182373 0.349020 0.349020 0.349020 #0.501961
v 1.274658 1.867676 0.775635 0.349020 0.349020 0.349020 #0.501961
v 1.588623 2.084961 0.951660 0.349020 0.349020 0.349020 #0.501961
v 1.200195 2.521973 0.603516 0.349020 0.349020 0.349020 #0.501961
v 0.866943 2.409668 0.834229 0.349020 0.349020 0.349020 #0.501961
v 1.181152 2.626709 1.010254 0.349020 0.349020 0.349020 #0.501961
v 1.200195 2.521973 0.603516 0.349020 0.349020 0.349020 #0.501961
v 1.542725 2.489258 0.845459 0.349020 0.349020 0.349020 #0.501961
v 1.452148 2.187012 0.567383 0.349020 0.349020 0.349020 #0.501961
v 1.034424 2.137695 0.560303 0.349020 0.349020 0.349020 #0.501961
v 0.912842 2.005371 0.940430 0.349020 0.349020 0.349020 #0.501961
v 0.866943 2.409668 0.834229 0.349020 0.349020 0.349020 #0.501961
v 1.034424 2.137695 0.560303 0.349020 0.349020 0.349020 #0.501961
v 1.452148 2.187012 0.567383 0.349020 0.349020 0.349020 #0.501961
v 1.274658 1.867676 0.775635 0.349020 0.349020 0.349020 #0.501961
v 1.421143 2.356689 1.225586 0.349020 0.349020 0.349020 #0.501961
v 1.542725 2.489258 0.845459 0.349020 0.349020 0.349020 #0.501961
v 1.181152 2.626709 1.010254 0.349020 0.349020 0.349020 #0.501961
v 1.200195 2.521973 0.603516 0.349020 0.349020 0.349020 #0.501961
v 1.181152 2.626709 1.010254 0.349020 0.349020 0.349020 #0.501961
v 1.542725 2.489258 0.845459 0.349020 0.349020 0.349020 #0.501961
v 1.255371 1.972656 1.182373 0.349020 0.349020 0.349020 #0.501961
v 0.912842 2.005371 0.940430 0.349020 0.349020 0.349020 #0.501961
v 1.274658 1.867676 0.775635 0.349020 0.349020 0.349020 #0.501961
v 1.034424 2.137695 0.560303 0.349020 0.349020 0.349020 #0.501961
v 1.274658 1.867676 0.775635 0.349020 0.349020 0.349020 #0.501961
v 0.912842 2.005371 0.940430 0.349020 0.349020 0.349020 #0.501961
v 1.003662 2.307373 1.218750 0.349020 0.349020 0.349020 #0.501961
v 1.255371 1.972656 1.182373 0.349020 0.349020 0.349020 #0.501961
v 1.421143 2.356689 1.225586 0.349020 0.349020 0.349020 #0.501961
v 1.588623 2.084961 0.951660 0.349020 0.349020 0.349020 #0.501961
v 1.421143 2.356689 1.225586 0.349020 0.349020 0.349020 #0.501961
v 1.255371 1.972656 1.182373 0.349020 0.349020 0.349020 #0.501961
v 0.866943 2.409668 0.834229 0.349020 0.349020 0.349020 #0.501961
v 1.200195 2.521973 0.603516 0.349020 0.349020 0.349020 #0.501961
v 1.034424 2.137695 0.560303 0.349020 0.349020 0.349020 #0.501961
v 1.452148 2.187012 0.567383 0.349020 0.349020 0.349020 #0.501961
v 1.034424 2.137695 0.560303 0.349020 0.349020 0.349020 #0.501961
v 1.200195 2.521973 0.603516 0.349020 0.349020 0.349020 #0.501961
v 1.181152 2.626709 1.010254 0.349020 0.349020 0.349020 #0.501961
v 0.866943 2.409668 0.834229 0.349020 0.349020 0.349020 #0.501961
v 1.003662 2.307373 1.218750 0.349020 0.349020 0.349020 #0.501961
v 0.912842 2.005371 0.940430 0.349020 0.349020 0.349020 #0.501961
v 1.003662 2.307373 1.218750 0.349020 0.349020 0.349020 #0.501961
v 0.866943 2.409668 0.834229 0.349020 0.349020 0.349020 #0.501961
v 1.542725 2.489258 0.845459 0.349020 0.349020 0.349020 #0.501961
v 1.588623 2.084961 0.951660 0.349020 0.349020 0.349020 #0.501961
v 1.452148 2.187012 0.567383 0.349020 0.349020 0.349020 #0.501961
v 1.274658 1.867676 0.775635 0.349020 0.349020 0.349020 #0.501961
v 1.452148 2.187012 0.567383 0.349020 0.349020 0.349020 #0.501961
v 1.588623 2.084961 0.951660 0.349020 0.349020 0.349020 #0.501961
v 0.069092 2.917725 -0.669678 0.498039 0.498039 0.498039 #0.501961
v -0.039551 3.011963 -0.512207 0.498039 0.498039 0.498039 #0.501961
v 0.116211 3.232910 -0.402100 0.498039 0.498039 0.498039 #0.501961
v 0.069092 2.917725 -0.669678 0.498039 0.498039 0.498039 #0.501961
v 0.116211 3.232910 -0.402100 0.498039 0.498039 0.498039 #0.501961
v 0.583740 3.014648 -0.912842 0.498039 0.498039 0.498039 #0.501961
v -0.289062 2.854492 0.292480 0.498039 0.498039 0.498039 #0.501961
v -0.187256 3.076660 0.031494 0.498039 0.498039 0.498039 #0.501961
v -0.161377 2.943115 -0.372559 0.498039 0.498039 0.498039 #0.501961
v -0.039551 3.011963 -0.512207 0.498039 0.498039 0.498039 #0.501961
v -0.161377 2.943115 -0.372559 0.498039 0.498039 0.498039 #0.501961
v -0.187256 3.076660 0.031494 0.498039 0.498039 0.498039 #0.501961
v -0.039551 3.011963 -0.512207 0.498039 0.498039 0.498039 #0.501961
v -0.187256 3.076660 0.031494 0.498039 0.498039 0.498039 #0.501961
v 0.116211 3.232910 -0.402100 0.498039 0.498039 0.498039 #0.501961
v -0.203857 2.739014 -0.390381 0.498039 0.498039 0.498039 #0.501961
v -0.113281 2.654053 -0.544434 0.498039 0.498039 0.498039 #0.501961
v -0.051025 2.281006 -0.499756 0.498039 0.498039 0.498039 #0.501961
v -0.203857 2.739014 -0.390381 0.498039 0.498039 0.498039 #0.501961
v -0.051025 2.281006 -0.499756 0.498039 0.498039 0.498039 #0.501961
v -0.208496 2.446045 0.041016 0.498039 0.498039 0.498039 #0.501961
v 0.312744 2.472168 -0.914062 0.498039 0.498039 0.498039 #0.501961
v 0.023438 2.712646 -0.684082 0.498039 0.498039 0.498039 #0.501961
v 0.069092 2.917725 -0.669678 0.498039 0.498039 0.498039 #0.501961
v 0.312744 2.472168 -0.914062 0.498039 0.498039 0.498039 #0.501961
v 0.069092 2.917725 -0.669678 0.498039 0.498039 0.498039 #0.501961
v 0.583740 3.014648 -0.912842 0.498039 0.498039 0.498039 #0.501961
v -0.051025 2.281006 -0.499756 0.498039 0.498039 0.498039 #0.501961
v -0.113281 2.654053 -0.544434 0.498039 0.498039 0.498039 #0.501961
v 0.023438 2.712646 -0.684082 0.498039 0.498039 0.498039 #0.501961
v -0.051025 2.281006 -0.499756 0.498039 0.498039 0.498039 #0.501961
v 0.023438 2.712646 -0.684082 0.498039 0.498039 0.498039 #0.501961
v 0.312744 2.472168 -0.914062 0.498039 0.498039 0.498039 #0.501961
v 0.801514 2.988037 1.171143 0.498039 0.498039 0.498039 #0.501961
v 0.685303 2.548340 1.131348 0.498039 0.498039 0.498039 #0.501961
v 1.277588 2.630615 0.721680 0.498039 0.498039 0.498039 #0.501961
v 0.801514 2.988037 1.171143 0.498039 0.498039 0.498039 #0.501961
v 1.277588 2.630615 0.721680 0.498039 0.498039 0.498039 #0.501961
v 1.392822 3.065186 0.703369 0.498039 0.498039 0.498039 #0.501961
v 1.585938 3.052734 -0.819336 0.498039 0.498039 0.498039 #0.501961
v 1.738770 2.689941 0.075928 0.498039 0.498039 0.498039 #0.501961
v 2.232422 2.596680 -0.604004 0.498039 0.498039 0.498039 #0.501961
v 0.085205 3.113037 0.941406 0.498039 0.498039 0.498039 #0.501961
v 0.217285 3.451904 0.902588 0.498039 0.498039 0.498039 #0.501961
v -0.025146 3.689453 0.305664 0.498039 0.498039 0.498039 #0.501961
v 0.085205 3.113037 0.941406 0.498039 0.498039 0.498039 #0.501961
v -0.025146 3.689453 0.305664 0.498039 0.498039 0.498039 #0.501961
v -0.245850 3.293213 0.303223 0.498039 0.498039 0.498039 #0.501961
v 0.162598 3.410889 -0.360840 0.498039 0.498039 0.498039 #0.501961
v 0.326416 3.758057 -0.322021 0.498039 0.498039 0.498039 #0.501961
v 0.888428 3.698975 -0.825684 0.498039 0.498039 0.498039 #0.501961
v 0.162598 3.410889 -0.360840 0.498039 0.498039 0.498039 #0.501961
v 0.888428 3.698975 -0.825684 0.498039 0.498039 0.498039 #0.501961
v 0.751953 3.388672 -0.922852 0.498039 0.498039 0.498039 #0.501961
v -0.245850 3.293213 0.303223 0.498039 0.498039 0.498039 #0.501961
v -0.025146 3.689453 0.305664 0.498039 0.498039 0.498039 #0.501961
v 0.326416 3.758057 -0.322021 0.498039 0.498039 0.498039 #0.501961
v -0.245850 3.293213 0.303223 0.498039 0.498039 0.498039 #0.501961
v 0.326416 3.758057 -0.322021 0.498039 0.498039 0.498039 #0.501961
v 0.162598 3.410889 -0.360840 0.498039 0.498039 0.498039 #0.501961
v 0.994141 3.882568 -0.572021 0.498039 0.498039 0.498039 #0.501961
v 0.888428 3.698975 -0.825684 0.498039 0.498039 0.498039 #0.501961
v 0.326416 3.758057 -0.322021 0.498039 0.498039 0.498039 #0.501961
v 0.994141 3.882568 -0.572021 0.498039 0.498039 0.498039 #0.501961
v 0.326416 3.758057 -0.322021 0.498039 0.498039 0.498039 #0.501961
v 0.580566 3.928711 -0.218506 0.498039 0.498039 0.498039 #0.501961
v 1.610596 3.364990 -0.745117 0.498039 0.498039 0.498039 #0.501961
v 1.585693 3.641113 -0.625488 0.498039 0.498039 0.498039 #0.501961
v 1.866699 3.424805 0.002441 0.498039 0.498039 0.498039 #0.501961
v 1.610596 3.364990 -0.745117 0.498039 0.498039 0.498039 #0.501961
v 1.866699 3.424805 0.002441 0.498039 0.498039 0.498039 #0.501961
v 1.870850 3.070068 0.033203 0.498039 0.498039 0.498039 #0.501961
v 1.172119 2.899658 -1.513428 0.498039 0.498039 0.498039 #0.501961
v 0.583740 3.014648 -0.912842 0.498039 0.498039 0.498039 #0.501961
v 1.585938 3.052734 -0.819336 0.498039 0.498039 0.498039 #0.501961
v 0.801514 2.988037 1.171143 0.498039 0.498039 0.498039 #0.501961
v 0.883057 3.440674 1.080566 0.498039 0.498039 0.498039 #0.501961
v 0.217285 3.451904 0.902588 0.498039 0.498039 0.498039 #0.501961
v 0.801514 2.988037 1.171143 0.498039 0.498039 0.498039 #0.501961
v 0.217285 3.451904 0.902588 0.498039 0.498039 0.498039 #0.501961
v 0.085205 3.113037 0.941406 0.498039 0.498039 0.498039 #0.501961
v 1.673828 3.692139 -0.000244 0.498039 0.498039 0.498039 #0.501961
v 1.866699 3.424805 0.002441 0.498039 0.498039 0.498039 #0.501961
v 1.585693 3.641113 -0.625488 0.498039 0.498039 0.498039 #0.501961
v 1.673828 3.692139 -0.000244 0.498039 0.498039 0.498039 #0.501961
v 1.585693 3.641113 -0.625488 0.498039 0.498039 0.498039 #0.501961
v 1.531738 3.841553 -0.496826 0.498039 0.498039 0.498039 #0.501961
v 0.239990 3.882080 0.329834 0.498039 0.498039 0.498039 #0.501961
v 1.041748 3.966553 0.113525 0.498039 0.498039 0.498039 #0.501961
v 0.580566 3.928711 -0.218506 0.498039 0.498039 0.498039 #0.501961
v 0.424316 3.764160 0.764893 0.498039 0.498039 0.498039 #0.501961
v 0.217285 3.451904 0.902588 0.498039 0.498039 0.498039 #0.501961
v 0.883057 3.440674 1.080566 0.498039 0.498039 0.498039 #0.501961
v 0.424316 3.764160 0.764893 0.498039 0.498039 0.498039 #0.501961
v 0.883057 3.440674 1.080566 0.498039 0.498039 0.498039 #0.501961
v 0.892822 3.701660 0.886475 0.498039 0.498039 0.498039 #0.501961
v 0.424316 3.764160 0.764893 0.498039 0.498039 0.498039 #0.501961
v 1.041748 3.966553 0.113525 0.498039 0.498039 0.498039 #0.501961
v 0.239990 3.882080 0.329834 0.498039 0.498039 0.498039 #0.501961
v -0.289062 2.854492 0.292480 0.498039 0.498039 0.498039 #0.501961
v -0.208496 2.446045 0.041016 0.498039 0.498039 0.498039 #0.501961
v -0.288574 2.476562 0.361572 0.498039 0.498039 0.498039 #0.501961
v 1.531738 3.841553 -0.496826 0.498039 0.498039 0.498039 #0.501961
v 1.585693 3.641113 -0.625488 0.498039 0.498039 0.498039 #0.501961
v 0.888428 3.698975 -0.825684 0.498039 0.498039 0.498039 #0.501961
v 1.531738 3.841553 -0.496826 0.498039 0.498039 0.498039 #0.501961
v 0.888428 3.698975 -0.825684 0.498039 0.498039 0.498039 #0.501961
v 0.994141 3.882568 -0.572021 0.498039 0.498039 0.498039 #0.501961
v 0.751953 3.388672 -0.922852 0.498039 0.498039 0.498039 #0.501961
v 0.888428 3.698975 -0.825684 0.498039 0.498039 0.498039 #0.501961
v 1.585693 3.641113 -0.625488 0.498039 0.498039 0.498039 #0.501961
v 0.751953 3.388672 -0.922852 0.498039 0.498039 0.498039 #0.501961
v 1.585693 3.641113 -0.625488 0.498039 0.498039 0.498039 #0.501961
v 1.610596 3.364990 -0.745117 0.498039 0.498039 0.498039 #0.501961
v 1.673828 3.692139 -0.000244 0.498039 0.498039 0.498039 #0.501961
v 1.041748 3.966553 0.113525 0.498039 0.498039 0.498039 #0.501961
v 1.390137 3.702637 0.473633 0.498039 0.498039 0.498039 #0.501961
v 0.892822 3.701660 0.886475 0.498039 0.498039 0.498039 #0.501961
v 0.883057 3.440674 1.080566 0.498039 0.498039 0.498039 #0.501961
v 1.460205 3.443359 0.647705 0.498039 0.498039 0.498039 #0.501961
v 0.892822 3.701660 0.886475 0.498039 0.498039 0.498039 #0.501961
v 1.460205 3.443359 0.647705 0.498039 0.498039 0.498039 #0.501961
v 1.390137 3.702637 0.473633 0.498039 0.498039 0.498039 #0.501961
v 1.870850 3.070068 0.033203 0.498039 0.498039 0.498039 #0.501961
v 1.866699 3.424805 0.002441 0.498039 0.498039 0.498039 #0.501961
v 1.460205 3.443359 0.647705 0.498039 0.498039 0.498039 #0.501961
v 1.870850 3.070068 0.033203 0.498039 0.498039 0.498039 #0.501961
v 1.460205 3.443359 0.647705 0.498039 0.498039 0.498039 #0.501961
v 1.392822 3.065186 0.703369 0.498039 0.498039 0.498039 #0.501961
v 1.870850 3.070068 0.033203 0.498039 0.498039 0.498039 #0.501961
v 1.738770 2.689941 0.075928 0.498039 0.498039 0.498039 #0.501961
v 1.585938 3.052734 -0.819336 0.498039 0.498039 0.498039 #0.501961
v 1.870850 3.070068 0.033203 0.498039 0.498039 0.498039 #0.501961
v 1.585938 3.052734 -0.819336 0.498039 0.498039 0.498039 #0.501961
v 1.610596 3.364990 -0.745117 0.498039 0.498039 0.498039 #0.501961
v 0.751953 3.388672 -0.922852 0.498039 0.498039 0.498039 #0.501961
v 1.610596 3.364990 -0.745117 0.498039 0.498039 0.498039 #0.501961
v 1.585938 3.052734 -0.819336 0.498039 0.498039 0.498039 #0.501961
v 0.751953 3.388672 -0.922852 0.498039 0.498039 0.498039 #0.501961
v 1.585938 3.052734 -0.819336 0.498039 0.498039 0.498039 #0.501961
v 0.583740 3.014648 -0.912842 0.498039 0.498039 0.498039 #0.501961
v -0.187256 3.076660 0.031494 0.498039 0.498039 0.498039 #0.501961
v -0.289062 2.854492 0.292480 0.498039 0.498039 0.498039 #0.501961
v -0.245850 3.293213 0.303223 0.498039 0.498039 0.498039 #0.501961
v -0.245850 3.293213 0.303223 0.498039 0.498039 0.498039 #0.501961
v -0.289062 2.854492 0.292480 0.498039 0.498039 0.498039 #0.501961
v -0.044189 2.418945 0.860596 0.498039 0.498039 0.498039 #0.501961
v -0.245850 3.293213 0.303223 0.498039 0.498039 0.498039 #0.501961
v -0.044189 2.418945 0.860596 0.498039 0.498039 0.498039 #0.501961
v 0.085205 3.113037 0.941406 0.498039 0.498039 0.498039 #0.501961
v 0.085205 3.113037 0.941406 0.498039 0.498039 0.498039 #0.501961
v -0.044189 2.418945 0.860596 0.498039 0.498039 0.498039 #0.501961
v 0.685303 2.548340 1.131348 0.498039 0.498039 0.498039 #0.501961
v 0.085205 3.113037 0.941406 0.498039 0.498039 0.498039 #0.501961
v 0.685303 2.548340 1.131348 0.498039 0.498039 0.498039 #0.501961
v 0.801514 2.988037 1.171143 0.498039 0.498039 0.498039 #0.501961
v 1.392822 3.065186 0.703369 0.498039 0.498039 0.498039 #0.501961
v 1.460205 3.443359 0.647705 0.498039 0.498039 0.498039 #0.501961
v 0.883057 3.440674 1.080566 0.498039 0.498039 0.498039 #0.501961
v 1.392822 3.065186 0.703369 0.498039 0.498039 0.498039 #0.501961
v 0.883057 3.440674 1.080566 0.498039 0.498039 0.498039 #0.501961
v 0.801514 2.988037 1.171143 0.498039 0.498039 0.498039 #0.501961
v 1.870850 3.070068 0.033203 0.498039 0.498039 0.498039 #0.501961
v 1.392822 3.065186 0.703369 0.498039 0.498039 0.498039 #0.501961
v 1.277588 2.630615 0.721680 0.498039 0.498039 0.498039 #0.501961
v 1.870850 3.070068 0.033203 0.498039 0.498039 0.498039 #0.501961
v 1.277588 2.630615 0.721680 0.498039 0.498039 0.498039 #0.501961
v 1.738770 2.689941 0.075928 0.498039 0.498039 0.498039 #0.501961
v 0.583740 3.014648 -0.912842 0.498039 0.498039 0.498039 #0.501961
v 0.116211 3.232910 -0.402100 0.498039 0.498039 0.498039 #0.501961
v 0.162598 3.410889 -0.360840 0.498039 0.498039 0.498039 #0.501961
v 0.583740 3.014648 -0.912842 0.498039 0.498039 0.498039 #0.501961
v 0.162598 3.410889 -0.360840 0.498039 0.498039 0.498039 #0.501961
v 0.751953 3.388672 -0.922852 0.498039 0.498039 0.498039 #0.501961
v -0.245850 3.293213 0.303223 0.498039 0.498039 0.498039 #0.501961
v 0.162598 3.410889 -0.360840 0.498039 0.498039 0.498039 #0.501961
v 0.116211 3.232910 -0.402100 0.498039 0.498039 0.498039 #0.501961
v -0.245850 3.293213 0.303223 0.498039 0.498039 0.498039 #0.501961
v 0.116211 3.232910 -0.402100 0.498039 0.498039 0.498039 #0.501961
v -0.187256 3.076660 0.031494 0.498039 0.498039 0.498039 #0.501961
v -0.161377 2.943115 -0.372559 0.498039 0.498039 0.498039 #0.501961
v -0.203857 2.739014 -0.390381 0.498039 0.498039 0.498039 #0.501961
v -0.208496 2.446045 0.041016 0.498039 0.498039 0.498039 #0.501961
v -0.161377 2.943115 -0.372559 0.498039 0.498039 0.498039 #0.501961
v -0.208496 2.446045 0.041016 0.498039 0.498039 0.498039 #0.501961
v -0.289062 2.854492 0.292480 0.498039 0.498039 0.498039 #0.501961
v 1.531738 3.841553 -0.496826 0.498039 0.498039 0.498039 #0.501961
v 1.041748 3.966553 0.113525 0.498039 0.498039 0.498039 #0.501961
v 1.673828 3.692139 -0.000244 0.498039 0.498039 0.498039 #0.501961
v 0.994141 3.882568 -0.572021 0.498039 0.498039 0.498039 #0.501961
v 1.041748 3.966553 0.113525 0.498039 0.498039 0.498039 #0.501961
v 1.531738 3.841553 -0.496826 0.498039 0.498039 0.498039 #0.501961
v 0.580566 3.928711 -0.218506 0.498039 0.498039 0.498039 #0.501961
v 1.041748 3.966553 0.113525 0.498039 0.498039 0.498039 #0.501961
v 0.994141 3.882568 -0.572021 0.498039 0.498039 0.498039 #0.501961
v 0.580566 3.928711 -0.218506 0.498039 0.498039 0.498039 #0.501961
v 0.326416 3.758057 -0.322021 0.498039 0.498039 0.498039 #0.501961
v -0.025146 3.689453 0.305664 0.498039 0.498039 0.498039 #0.501961
v 0.580566 3.928711 -0.218506 0.498039 0.498039 0.498039 #0.501961
v -0.025146 3.689453 0.305664 0.498039 0.498039 0.498039 #0.501961
v 0.239990 3.882080 0.329834 0.498039 0.498039 0.498039 #0.501961
v 0.239990 3.882080 0.329834 0.498039 0.498039 0.498039 #0.501961
v -0.025146 3.689453 0.305664 0.498039 0.498039 0.498039 #0.501961
v 0.217285 3.451904 0.902588 0.498039 0.498039 0.498039 #0.501961
v 0.239990 3.882080 0.329834 0.498039 0.498039 0.498039 #0.501961
v 0.217285 3.451904 0.902588 0.498039 0.498039 0.498039 #0.501961
v 0.424316 3.764160 0.764893 0.498039 0.498039 0.498039 #0.501961
v 0.892822 3.701660 0.886475 0.498039 0.498039 0.498039 #0.501961
v 1.041748 3.966553 0.113525 0.498039 0.498039 0.498039 #0.501961
v 0.424316 3.764160 0.764893 0.498039 0.498039 0.498039 #0.501961
v 1.390137 3.702637 0.473633 0.498039 0.498039 0.498039 #0.501961
v 1.041748 3.966553 0.113525 0.498039 0.498039 0.498039 #0.501961
v 0.892822 3.701660 0.886475 0.498039 0.498039 0.498039 #0.501961
v 1.390137 3.702637 0.473633 0.498039 0.498039 0.498039 #0.501961
v 1.460205 3.443359 0.647705 0.498039 0.498039 0.498039 #0.501961
v 1.866699 3.424805 0.002441 0.498039 0.498039 0.498039 #0.501961
v 1.390137 3.702637 0.473633 0.498039 0.498039 0.498039 #0.501961
v 1.866699 3.424805 0.002441 0.498039 0.498039 0.498039 #0.501961
v 1.673828 3.692139 -0.000244 0.498039 0.498039 0.498039 #0.501961
v 1.585938 3.052734 -0.819336 0.498039 0.498039 0.498039 #0.501961
v 2.212646 2.667236 -0.962158 0.498039 0.498039 0.498039 #0.501961
v 1.534424 2.860596 -1.544189 0.498039 0.498039 0.498039 #0.501961
v 1.585938 3.052734 -0.819336 0.498039 0.498039 0.498039 #0.501961
v 2.232422 2.596680 -0.604004 0.498039 0.498039 0.498039 #0.501961
v 2.212646 2.667236 -0.962158 0.498039 0.498039 0.498039 #0.501961
v 1.534424 2.860596 -1.544189 0.498039 0.498039 0.498039 #0.501961
v 1.172119 2.899658 -1.513428 0.498039 0.498039 0.498039 #0.501961
v 1.585938 3.052734 -0.819336 0.498039 0.498039 0.498039 #0.501961
v -0.288574 2.476562 0.361572 0.498039 0.498039 0.498039 #0.501961
v -0.044189 2.418945 0.860596 0.498039 0.498039 0.498039 #0.501961
v -0.289062 2.854492 0.292480 0.498039 0.498039 0.498039 #0.501961
v 1.389648 2.112305 0.345215 0.349020 0.349020 0.349020 #0.501961
v 1.399902 2.047607 0.760742 0.349020 0.349020 0.349020 #0.501961
v 1.747070 1.989746 0.530273 0.349020 0.349020 0.349020 #0.501961
v 1.648682 1.716553 0.834473 0.349020 0.349020 0.349020 #0.501961
v 1.791992 1.576660 0.464600 0.349020 0.349020 0.349020 #0.501961
v 1.747070 1.989746 0.530273 0.349020 0.349020 0.349020 #0.501961
v 1.213867 1.775146 0.165527 0.349020 0.349020 0.349020 #0.501961
v 1.389648 2.112305 0.345215 0.349020 0.349020 0.349020 #0.501961
v 1.631836 1.821289 0.162354 0.349020 0.349020 0.349020 #0.501961
v 1.791992 1.576660 0.464600 0.349020 0.349020 0.349020 #0.501961
v 1.462646 1.444092 0.239258 0.349020 0.349020 0.349020 #0.501961
v 1.631836 1.821289 0.162354 0.349020 0.349020 0.349020 #0.501961
v 1.399902 2.047607 0.760742 0.349020 0.349020 0.349020 #0.501961
v 1.070557 1.915039 0.535400 0.349020 0.349020 0.349020 #0.501961
v 1.230713 1.670410 0.837646 0.349020 0.349020 0.349020 #0.501961
v 1.472900 1.379395 0.654785 0.349020 0.349020 0.349020 #0.501961
v 1.648682 1.716553 0.834473 0.349020 0.349020 0.349020 #0.501961
v 1.230713 1.670410 0.837646 0.349020 0.349020 0.349020 #0.501961
v 1.070557 1.915039 0.535400 0.349020 0.349020 0.349020 #0.501961
v 1.213867 1.775146 0.165527 0.349020 0.349020 0.349020 #0.501961
v 1.115723 1.501953 0.469971 0.349020 0.349020 0.349020 #0.501961
v 1.462646 1.444092 0.239258 0.349020 0.349020 0.349020 #0.501961
v 1.472900 1.379395 0.654785 0.349020 0.349020 0.349020 #0.501961
v 1.115723 1.501953 0.469971 0.349020 0.349020 0.349020 #0.501961
v 1.399902 2.047607 0.760742 0.349020 0.349020 0.349020 #0.501961
v 1.648682 1.716553 0.834473 0.349020 0.349020 0.349020 #0.501961
v 1.747070 1.989746 0.530273 0.349020 0.349020 0.349020 #0.501961
v 1.648682 1.716553 0.834473 0.349020 0.349020 0.349020 #0.501961
v 1.399902 2.047607 0.760742 0.349020 0.349020 0.349020 #0.501961
v 1.230713 1.670410 0.837646 0.349020 0.349020 0.349020 #0.501961
v 1.462646 1.444092 0.239258 0.349020 0.349020 0.349020 #0.501961
v 1.213867 1.775146 0.165527 0.349020 0.349020 0.349020 #0.501961
v 1.631836 1.821289 0.162354 0.349020 0.349020 0.349020 #0.501961
v 1.213867 1.775146 0.165527 0.349020 0.349020 0.349020 #0.501961
v 1.462646 1.444092 0.239258 0.349020 0.349020 0.349020 #0.501961
v 1.115723 1.501953 0.469971 0.349020 0.349020 0.349020 #0.501961
v 1.747070 1.989746 0.530273 0.349020 0.349020 0.349020 #0.501961
v 1.631836 1.821289 0.162354 0.349020 0.349020 0.349020 #0.501961
v 1.389648 2.112305 0.345215 0.349020 0.349020 0.349020 #0.501961
v 1.631836 1.821289 0.162354 0.349020 0.349020 0.349020 #0.501961
v 1.747070 1.989746 0.530273 0.349020 0.349020 0.349020 #0.501961
v 1.791992 1.576660 0.464600 0.349020 0.349020 0.349020 #0.501961
v 1.115723 1.501953 0.469971 0.349020 0.349020 0.349020 #0.501961
v 1.230713 1.670410 0.837646 0.349020 0.349020 0.349020 #0.501961
v 1.070557 1.915039 0.535400 0.349020 0.349020 0.349020 #0.501961
v 1.230713 1.670410 0.837646 0.349020 0.349020 0.349020 #0.501961
v 1.115723 1.501953 0.469971 0.349020 0.349020 0.349020 #0.501961
v 1.472900 1.379395 0.654785 0.349020 0.349020 0.349020 #0.501961
v 1.389648 2.112305 0.345215 0.349020 0.349020 0.349020 #0.501961
v 1.070557 1.915039 0.535400 0.349020 0.349020 0.349020 #0.501961
v 1.399902 2.047607 0.760742 0.349020 0.349020 0.349020 #0.501961
v 1.070557 1.915039 0.535400 0.349020 0.349020 0.349020 #0.501961
v 1.389648 2.112305 0.345215 0.349020 0.349020 0.349020 #0.501961
v 1.213867 1.775146 0.165527 0.349020 0.349020 0.349020 #0.501961
v 1.472900 1.379395 0.654785 0.349020 0.349020 0.349020 #0.501961
v 1.791992 1.576660 0.464600 0.349020 0.349020 0.349020 #0.501961
v 1.648682 1.716553 0.834473 0.349020 0.349020 0.349020 #0.501961
v 1.791992 1.576660 0.464600 0.349020 0.349020 0.349020 #0.501961
v 1.472900 1.379395 0.654785 0.349020 0.349020 0.349020 #0.501961
v 1.462646 1.444092 0.239258 0.349020 0.349020 0.349020 #0.501961
vt 0.131836 0.021484 0.000000
vt 0.131836 0.068604 0.000000
vt 0.088379 0.087646 0.000000
vt 0.131836 0.021484 0.000000
vt 0.088379 0.087646 0.000000
vt 0.062744 0.048096 0.000000
vt 0.237061 0.121826 0.000000
vt 0.197998 0.122559 0.000000
vt 0.175293 0.087646 0.000000
vt 0.237061 0.121826 0.000000
vt 0.175293 0.087646 0.000000
vt 0.201172 0.048096 0.000000
vt 0.131836 0.222168 0.000000
vt 0.131836 0.194092 0.000000
vt 0.175293 0.175293 0.000000
vt 0.131836 0.222168 0.000000
vt 0.175293 0.175293 0.000000
vt 0.201172 0.195557 0.000000
vt 0.026611 0.121826 0.000000
vt 0.065674 0.122559 0.000000
vt 0.088379 0.175293 0.000000
vt 0.026611 0.121826 0.000000
vt 0.088379 0.175293 0.000000
vt 0.062744 0.195557 0.000000
vt 0.071777 0.371826 0.000000
vt 0.092041 0.405029 0.000000
vt 0.130859 0.371826 0.000000
vt 0.229980 0.371826 0.000000
vt 0.244141 0.371826 0.000000
vt 0.205322 0.298096 0.000000
vt 0.229980 0.371826 0.000000
vt 0.205322 0.298096 0.000000
vt 0.196045 0.308838 0.000000
vt 0.130859 0.457520 0.000000
vt 0.130859 0.417236 0.000000
vt 0.092041 0.405029 0.000000
vt 0.130859 0.457520 0.000000
vt 0.092041 0.405029 0.000000
vt 0.065674 0.434814 0.000000
vt 0.189941 0.371826 0.000000
vt 0.169678 0.338379 0.000000
vt 0.130859 0.371826 0.000000
vt 0.130859 0.286133 0.000000
vt 0.130859 0.326416 0.000000
vt 0.169678 0.338379 0.000000
vt 0.130859 0.286133 0.000000
vt 0.169678 0.338379 0.000000
vt 0.196045 0.308838 0.000000
vt 0.196045 0.308838 0.000000
vt 0.205322 0.298096 0.000000
vt 0.130859 0.271729 0.000000
vt 0.196045 0.308838 0.000000
vt 0.130859 0.271729 0.000000
vt 0.130859 0.286133 0.000000
vt 0.229980 0.371826 0.000000
vt 0.189941 0.371826 0.000000
vt 0.169678 0.405029 0.000000
vt 0.229980 0.371826 0.000000
vt 0.169678 0.405029 0.000000
vt 0.196045 0.434814 0.000000
vt 0.130859 0.371826 0.000000
vt 0.092041 0.405029 0.000000
vt 0.130859 0.417236 0.000000
vt 0.130859 0.371826 0.000000
vt 0.169678 0.338379 0.000000
vt 0.130859 0.326416 0.000000
vt 0.031738 0.371826 0.000000
vt 0.071777 0.371826 0.000000
vt 0.092041 0.338379 0.000000
vt 0.031738 0.371826 0.000000
vt 0.092041 0.338379 0.000000
vt 0.065674 0.308838 0.000000
vt 0.130859 0.286133 0.000000
vt 0.130859 0.271729 0.000000
vt 0.056396 0.298096 0.000000
vt 0.130859 0.286133 0.000000
vt 0.056396 0.298096 0.000000
vt 0.065674 0.308838 0.000000
vt 0.065674 0.308838 0.000000
vt 0.056396 0.298096 0.000000
vt 0.017578 0.371826 0.000000
vt 0.065674 0.308838 0.000000
vt 0.017578 0.371826 0.000000
vt 0.031738 0.371826 0.000000
vt 0.196045 0.308838 0.000000
vt 0.169678 0.338379 0.000000
vt 0.189941 0.371826 0.000000
vt 0.196045 0.308838 0.000000
vt 0.189941 0.371826 0.000000
vt 0.229980 0.371826 0.000000
vt 0.201172 0.195557 0.000000
vt 0.175293 0.175293 0.000000
vt 0.197998 0.122559 0.000000
vt 0.201172 0.195557 0.000000
vt 0.197998 0.122559 0.000000
vt 0.237061 0.121826 0.000000
vt 0.196045 0.434814 0.000000
vt 0.169678 0.405029 0.000000
vt 0.130859 0.417236 0.000000
vt 0.196045 0.434814 0.000000
vt 0.130859 0.417236 0.000000
vt 0.130859 0.457520 0.000000
vt 0.062744 0.195557 0.000000
vt 0.088379 0.175293 0.000000
vt 0.131836 0.194092 0.000000
vt 0.062744 0.195557 0.000000
vt 0.131836 0.194092 0.000000
vt 0.131836 0.222168 0.000000
vt 0.065674 0.434814 0.000000
vt 0.092041 0.405029 0.000000
vt 0.071777 0.371826 0.000000
vt 0.065674 0.434814 0.000000
vt 0.071777 0.371826 0.000000
vt 0.031738 0.371826 0.000000
vt 0.062744 0.048096 0.000000
vt 0.088379 0.087646 0.000000
vt 0.065674 0.122559 0.000000
vt 0.062744 0.048096 0.000000
vt 0.065674 0.122559 0.000000
vt 0.026611 0.121826 0.000000
vt 0.065674 0.308838 0.000000
vt 0.092041 0.338379 0.000000
vt 0.130859 0.326416 0.000000
vt 0.065674 0.308838 0.000000
vt 0.130859 0.326416 0.000000
vt 0.130859 0.286133 0.000000
vt 0.201172 0.048096 0.000000
vt 0.175293 0.087646 0.000000
vt 0.131836 0.068604 0.000000
vt 0.201172 0.048096 0.000000
vt 0.131836 0.068604 0.000000
vt 0.131836 0.021484 0.000000
vt 0.324707 0.473389 0.000000
vt 0.324707 0.391113 0.000000
vt 0.379883 0.391113 0.000000
vt 0.324707 0.473389 0.000000
vt 0.379883 0.391113 0.000000
vt 0.379883 0.473389 0.000000
vt 0.378906 0.475342 0.000000
vt 0.378906 0.389160 0.000000
vt 0.431641 0.390381 0.000000
vt 0.378906 0.475342 0.000000
vt 0.431641 0.390381 0.000000
vt 0.431641 0.474365 0.000000
vt 0.319824 0.475342 0.000000
vt 0.319824 0.389160 0.000000
vt 0.378906 0.389160 0.000000
vt 0.319824 0.475342 0.000000
vt 0.378906 0.389160 0.000000
vt 0.378906 0.475342 0.000000
vt 0.379883 0.473389 0.000000
vt 0.379883 0.391113 0.000000
vt 0.324707 0.391113 0.000000
vt 0.379883 0.473389 0.000000
vt 0.324707 0.391113 0.000000
vt 0.324707 0.473389 0.000000
vt 0.424805 0.472656 0.000000
vt 0.424805 0.392090 0.000000
vt 0.379883 0.391113 0.000000
vt 0.424805 0.472656 0.000000
vt 0.379883 0.391113 0.000000
vt 0.379883 0.473389 0.000000
vt 0.378906 0.475342 0.000000
vt 0.378906 0.389160 0.000000
vt 0.319824 0.389160 0.000000
vt 0.378906 0.475342 0.000000
vt 0.319824 0.389160 0.000000
vt 0.319824 0.475342 0.000000
vt 0.431641 0.474365 0.000000
vt 0.431641 0.390381 0.000000
vt 0.378906 0.389160 0.000000
vt 0.431641 0.474365 0.000000
vt 0.378906 0.389160 0.000000
vt 0.378906 0.475342 0.000000
vt 0.379883 0.473389 0.000000
vt 0.379883 0.391113 0.000000
vt 0.424805 0.392090 0.000000
vt 0.379883 0.473389 0.000000
vt 0.424805 0.392090 0.000000
vt 0.424805 0.472656 0.000000
vt 0.022217 0.505859 0.000000
vt 0.005371 0.739502 0.000000
vt 0.088379 0.739502 0.000000
vt 0.022217 0.505859 0.000000
vt 0.088379 0.739502 0.000000
vt 0.099365 0.505859 0.000000
vt 0.099365 0.505859 0.000000
vt 0.088379 0.739502 0.000000
vt 0.247559 0.739502 0.000000
vt 0.099365 0.505859 0.000000
vt 0.247559 0.739502 0.000000
vt 0.247559 0.505859 0.000000
vt 0.247559 0.505859 0.000000
vt 0.247559 0.739502 0.000000
vt 0.406982 0.739502 0.000000
vt 0.247559 0.505859 0.000000
vt 0.406982 0.739502 0.000000
vt 0.395752 0.505859 0.000000
vt 0.395752 0.505859 0.000000
vt 0.406982 0.739502 0.000000
vt 0.489746 0.739502 0.000000
vt 0.395752 0.505859 0.000000
vt 0.489746 0.739502 0.000000
vt 0.472900 0.505859 0.000000
vt 0.237061 0.121826 0.000000
vt 0.245117 0.121826 0.000000
vt 0.206299 0.204590 0.000000
vt 0.237061 0.121826 0.000000
vt 0.206299 0.204590 0.000000
vt 0.201172 0.195557 0.000000
vt 0.746338 0.751221 0.000000
vt 0.754639 0.994385 0.000000
vt 0.637695 0.994385 0.000000
vt 0.746338 0.751221 0.000000
vt 0.637695 0.994385 0.000000
vt 0.637695 0.751221 0.000000
vt 0.637695 0.751221 0.000000
vt 0.637695 0.994385 0.000000
vt 0.536133 0.994385 0.000000
vt 0.637695 0.751221 0.000000
vt 0.536133 0.994385 0.000000
vt 0.544434 0.751221 0.000000
vt 0.062744 0.195557 0.000000
vt 0.057373 0.204590 0.000000
vt 0.018799 0.121826 0.000000
vt 0.062744 0.195557 0.000000
vt 0.018799 0.121826 0.000000
vt 0.026611 0.121826 0.000000
vt 0.196045 0.434814 0.000000
vt 0.205322 0.445312 0.000000
vt 0.244141 0.371826 0.000000
vt 0.196045 0.434814 0.000000
vt 0.244141 0.371826 0.000000
vt 0.229980 0.371826 0.000000
vt 0.130859 0.457520 0.000000
vt 0.130859 0.471924 0.000000
vt 0.205322 0.445312 0.000000
vt 0.130859 0.457520 0.000000
vt 0.205322 0.445312 0.000000
vt 0.196045 0.434814 0.000000
vt 0.065674 0.434814 0.000000
vt 0.056396 0.445312 0.000000
vt 0.130859 0.471924 0.000000
vt 0.065674 0.434814 0.000000
vt 0.130859 0.471924 0.000000
vt 0.130859 0.457520 0.000000
vt 0.031738 0.371826 0.000000
vt 0.017578 0.371826 0.000000
vt 0.056396 0.445312 0.000000
vt 0.031738 0.371826 0.000000
vt 0.056396 0.445312 0.000000
vt 0.065674 0.434814 0.000000
vt 0.130859 0.326416 0.000000
vt 0.092041 0.338379 0.000000
vt 0.130859 0.371826 0.000000
vt 0.130859 0.371826 0.000000
vt 0.092041 0.338379 0.000000
vt 0.071777 0.371826 0.000000
vt 0.130859 0.417236 0.000000
vt 0.169678 0.405029 0.000000
vt 0.130859 0.371826 0.000000
vt 0.130859 0.371826 0.000000
vt 0.169678 0.405029 0.000000
vt 0.189941 0.371826 0.000000
vt 0.295898 0.381104 0.000000
vt 0.306396 0.393555 0.000000
vt 0.303955 0.397461 0.000000
vt 0.295898 0.381104 0.000000
vt 0.303955 0.397461 0.000000
vt 0.295898 0.385010 0.000000
vt 0.306396 0.393555 0.000000
vt 0.308594 0.440186 0.000000
vt 0.306396 0.415771 0.000000
vt 0.295898 0.481201 0.000000
vt 0.287842 0.487305 0.000000
vt 0.287842 0.464844 0.000000
vt 0.474121 0.406494 0.000000
vt 0.474121 0.384033 0.000000
vt 0.466553 0.388672 0.000000
vt 0.474121 0.406494 0.000000
vt 0.466553 0.388672 0.000000
vt 0.464844 0.406494 0.000000
vt 0.295898 0.481201 0.000000
vt 0.303467 0.464844 0.000000
vt 0.303467 0.487305 0.000000
vt 0.295898 0.385010 0.000000
vt 0.287598 0.397461 0.000000
vt 0.285156 0.393555 0.000000
vt 0.295898 0.385010 0.000000
vt 0.285156 0.393555 0.000000
vt 0.295898 0.381104 0.000000
vt 0.285156 0.415771 0.000000
vt 0.287598 0.397461 0.000000
vt 0.295898 0.385010 0.000000
vt 0.306396 0.415771 0.000000
vt 0.295898 0.415771 0.000000
vt 0.295898 0.385010 0.000000
vt 0.282959 0.440186 0.000000
vt 0.285156 0.393555 0.000000
vt 0.287598 0.397461 0.000000
vt 0.282959 0.440186 0.000000
vt 0.287598 0.397461 0.000000
vt 0.285156 0.415771 0.000000
vt 0.483398 0.406494 0.000000
vt 0.481689 0.388672 0.000000
vt 0.474121 0.384033 0.000000
vt 0.483398 0.406494 0.000000
vt 0.474121 0.384033 0.000000
vt 0.474121 0.406494 0.000000
vt 0.295898 0.464844 0.000000
vt 0.295898 0.415771 0.000000
vt 0.306396 0.415771 0.000000
vt 0.295898 0.464844 0.000000
vt 0.306396 0.415771 0.000000
vt 0.303467 0.464844 0.000000
vt 0.287842 0.464844 0.000000
vt 0.285156 0.415771 0.000000
vt 0.295898 0.415771 0.000000
vt 0.287842 0.464844 0.000000
vt 0.295898 0.415771 0.000000
vt 0.295898 0.464844 0.000000
vt 0.287842 0.464844 0.000000
vt 0.287842 0.487305 0.000000
vt 0.282959 0.440186 0.000000
vt 0.285156 0.415771 0.000000
vt 0.287842 0.464844 0.000000
vt 0.282959 0.440186 0.000000
vt 0.308594 0.440186 0.000000
vt 0.303467 0.487305 0.000000
vt 0.303467 0.464844 0.000000
vt 0.303467 0.464844 0.000000
vt 0.306396 0.415771 0.000000
vt 0.308594 0.440186 0.000000
vt 0.474121 0.406494 0.000000
vt 0.464844 0.406494 0.000000
vt 0.468506 0.424316 0.000000
vt 0.303467 0.487305 0.000000
vt 0.287842 0.487305 0.000000
vt 0.295898 0.481201 0.000000
vt 0.295898 0.481201 0.000000
vt 0.295898 0.464844 0.000000
vt 0.303467 0.464844 0.000000
vt 0.287842 0.464844 0.000000
vt 0.295898 0.464844 0.000000
vt 0.295898 0.481201 0.000000
vt 0.479492 0.424316 0.000000
vt 0.483398 0.406494 0.000000
vt 0.474121 0.406494 0.000000
vt 0.468506 0.424316 0.000000
vt 0.479492 0.424316 0.000000
vt 0.474121 0.406494 0.000000
vt 0.266357 0.385010 0.000000
vt 0.258301 0.397461 0.000000
vt 0.255859 0.393555 0.000000
vt 0.266357 0.385010 0.000000
vt 0.255859 0.393555 0.000000
vt 0.266357 0.381104 0.000000
vt 0.253418 0.440186 0.000000
vt 0.255859 0.393555 0.000000
vt 0.258301 0.397461 0.000000
vt 0.253418 0.440186 0.000000
vt 0.258301 0.397461 0.000000
vt 0.255859 0.415771 0.000000
vt 0.274170 0.464844 0.000000
vt 0.274170 0.487305 0.000000
vt 0.266357 0.481201 0.000000
vt 0.462158 0.406494 0.000000
vt 0.460693 0.388672 0.000000
vt 0.452881 0.384033 0.000000
vt 0.462158 0.406494 0.000000
vt 0.452881 0.384033 0.000000
vt 0.453125 0.406494 0.000000
vt 0.258789 0.487305 0.000000
vt 0.258545 0.464844 0.000000
vt 0.266357 0.481201 0.000000
vt 0.266357 0.381104 0.000000
vt 0.277100 0.393555 0.000000
vt 0.274658 0.397461 0.000000
vt 0.266357 0.381104 0.000000
vt 0.274658 0.397461 0.000000
vt 0.266357 0.385010 0.000000
vt 0.266357 0.415771 0.000000
vt 0.266357 0.385010 0.000000
vt 0.274658 0.397461 0.000000
vt 0.266357 0.415771 0.000000
vt 0.274658 0.397461 0.000000
vt 0.276855 0.415771 0.000000
vt 0.255859 0.415771 0.000000
vt 0.258301 0.397461 0.000000
vt 0.266357 0.385010 0.000000
vt 0.255859 0.415771 0.000000
vt 0.266357 0.385010 0.000000
vt 0.266357 0.415771 0.000000
vt 0.276855 0.415771 0.000000
vt 0.274658 0.397461 0.000000
vt 0.277100 0.393555 0.000000
vt 0.276855 0.415771 0.000000
vt 0.277100 0.393555 0.000000
vt 0.279297 0.440186 0.000000
vt 0.453125 0.406494 0.000000
vt 0.452881 0.384033 0.000000
vt 0.445557 0.388672 0.000000
vt 0.453125 0.406494 0.000000
vt 0.445557 0.388672 0.000000
vt 0.443848 0.406494 0.000000
vt 0.258545 0.464844 0.000000
vt 0.255859 0.415771 0.000000
vt 0.266357 0.415771 0.000000
vt 0.258545 0.464844 0.000000
vt 0.266357 0.415771 0.000000
vt 0.266357 0.464844 0.000000
vt 0.266357 0.464844 0.000000
vt 0.266357 0.415771 0.000000
vt 0.276855 0.415771 0.000000
vt 0.266357 0.464844 0.000000
vt 0.276855 0.415771 0.000000
vt 0.274170 0.464844 0.000000
vt 0.279297 0.440186 0.000000
vt 0.274170 0.487305 0.000000
vt 0.274170 0.464844 0.000000
vt 0.279297 0.440186 0.000000
vt 0.274170 0.464844 0.000000
vt 0.276855 0.415771 0.000000
vt 0.258545 0.464844 0.000000
vt 0.258789 0.487305 0.000000
vt 0.253418 0.440186 0.000000
vt 0.253418 0.440186 0.000000
vt 0.255859 0.415771 0.000000
vt 0.258545 0.464844 0.000000
vt 0.458740 0.424316 0.000000
vt 0.462158 0.406494 0.000000
vt 0.453125 0.406494 0.000000
vt 0.266357 0.481201 0.000000
vt 0.274170 0.487305 0.000000
vt 0.258789 0.487305 0.000000
vt 0.258545 0.464844 0.000000
vt 0.266357 0.464844 0.000000
vt 0.266357 0.481201 0.000000
vt 0.266357 0.481201 0.000000
vt 0.266357 0.464844 0.000000
vt 0.274170 0.464844 0.000000
vt 0.453125 0.406494 0.000000
vt 0.443848 0.406494 0.000000
vt 0.447510 0.424316 0.000000
vt 0.453125 0.406494 0.000000
vt 0.447510 0.424316 0.000000
vt 0.458740 0.424316 0.000000
vt 0.295898 0.385010 0.000000
vt 0.295898 0.415771 0.000000
vt 0.285156 0.415771 0.000000
vt 0.295898 0.385010 0.000000
vt 0.303955 0.397461 0.000000
vt 0.306396 0.415771 0.000000
vt 0.306396 0.415771 0.000000
vt 0.303955 0.397461 0.000000
vt 0.306396 0.393555 0.000000
vt 0.956787 0.978760 0.000000
vt 0.962402 0.978760 0.000000
vt 0.962402 0.983154 0.000000
vt 0.956787 0.978760 0.000000
vt 0.962402 0.983154 0.000000
vt 0.951416 0.983154 0.000000
vt 0.954590 0.978760 0.000000
vt 0.956787 0.978760 0.000000
vt 0.951416 0.983154 0.000000
vt 0.954590 0.978760 0.000000
vt 0.951416 0.983154 0.000000
vt 0.947021 0.983154 0.000000
vt 0.951416 0.989258 0.000000
vt 0.951416 0.983154 0.000000
vt 0.947021 0.983154 0.000000
vt 0.951416 0.989258 0.000000
vt 0.947021 0.983154 0.000000
vt 0.947021 0.989258 0.000000
vt 0.962402 0.989258 0.000000
vt 0.962402 0.983154 0.000000
vt 0.951416 0.983154 0.000000
vt 0.962402 0.989258 0.000000
vt 0.951416 0.983154 0.000000
vt 0.951416 0.989258 0.000000
vt 0.973389 0.989258 0.000000
vt 0.973389 0.983154 0.000000
vt 0.962402 0.983154 0.000000
vt 0.973389 0.989258 0.000000
vt 0.962402 0.983154 0.000000
vt 0.962402 0.989258 0.000000
vt 0.977783 0.989258 0.000000
vt 0.977783 0.982910 0.000000
vt 0.973389 0.983154 0.000000
vt 0.977783 0.989258 0.000000
vt 0.973389 0.983154 0.000000
vt 0.973389 0.989258 0.000000
vt 0.973389 0.989258 0.000000
vt 0.973389 0.983154 0.000000
vt 0.977783 0.982910 0.000000
vt 0.973389 0.989258 0.000000
vt 0.977783 0.982910 0.000000
vt 0.977783 0.989258 0.000000
vt 0.962402 0.989258 0.000000
vt 0.962402 0.983154 0.000000
vt 0.973389 0.983154 0.000000
vt 0.962402 0.989258 0.000000
vt 0.973389 0.983154 0.000000
vt 0.973389 0.989258 0.000000
vt 0.951416 0.983154 0.000000
vt 0.962402 0.983154 0.000000
vt 0.962402 0.989258 0.000000
vt 0.951416 0.983154 0.000000
vt 0.962402 0.989258 0.000000
vt 0.951660 0.989258 0.000000
vt 0.947021 0.983154 0.000000
vt 0.951416 0.983154 0.000000
vt 0.951660 0.989258 0.000000
vt 0.947021 0.983154 0.000000
vt 0.951660 0.989258 0.000000
vt 0.947021 0.989258 0.000000
vt 0.962402 0.989258 0.000000
vt 0.973389 0.989258 0.000000
vt 0.962402 0.991455 0.000000
vt 0.962402 0.989258 0.000000
vt 0.951416 0.989258 0.000000
vt 0.962402 0.991455 0.000000
vt 0.951660 0.989258 0.000000
vt 0.962402 0.989258 0.000000
vt 0.962402 0.991455 0.000000
vt 0.951416 0.989258 0.000000
vt 0.947021 0.989258 0.000000
vt 0.962402 0.991455 0.000000
vt 0.973389 0.989258 0.000000
vt 0.962402 0.989258 0.000000
vt 0.962402 0.991455 0.000000
vt 0.973389 0.989258 0.000000
vt 0.977783 0.989258 0.000000
vt 0.962402 0.991455 0.000000
vt 0.977783 0.989258 0.000000
vt 0.973389 0.989258 0.000000
vt 0.962402 0.991455 0.000000
vt 0.962158 0.516113 0.000000
vt 0.962158 0.516113 0.000000
vt 0.952637 0.516113 0.000000
vt 0.971436 0.516113 0.000000
vt 0.962158 0.516113 0.000000
vt 0.962158 0.516113 0.000000
vt 0.952637 0.516113 0.000000
vt 0.962158 0.516113 0.000000
vt 0.962158 0.516113 0.000000
vt 0.948730 0.516113 0.000000
vt 0.952637 0.516113 0.000000
vt 0.962158 0.516113 0.000000
vt 0.971436 0.516113 0.000000
vt 0.962158 0.516113 0.000000
vt 0.962158 0.516113 0.000000
vt 0.975342 0.516113 0.000000
vt 0.971436 0.516113 0.000000
vt 0.962158 0.516113 0.000000
vt 0.973389 0.983154 0.000000
vt 0.962402 0.983154 0.000000
vt 0.962402 0.978760 0.000000
vt 0.973389 0.983154 0.000000
vt 0.962402 0.978760 0.000000
vt 0.968018 0.978760 0.000000
vt 0.977783 0.982910 0.000000
vt 0.973389 0.983154 0.000000
vt 0.968018 0.978760 0.000000
vt 0.977783 0.982910 0.000000
vt 0.968018 0.978760 0.000000
vt 0.970215 0.978760 0.000000
vt 0.973389 0.983154 0.000000
vt 0.977783 0.982910 0.000000
vt 0.970215 0.978760 0.000000
vt 0.973389 0.983154 0.000000
vt 0.970215 0.978760 0.000000
vt 0.968018 0.978760 0.000000
vt 0.962402 0.983154 0.000000
vt 0.973389 0.983154 0.000000
vt 0.968018 0.978760 0.000000
vt 0.962402 0.983154 0.000000
vt 0.968018 0.978760 0.000000
vt 0.962402 0.978760 0.000000
vt 0.951416 0.983154 0.000000
vt 0.962402 0.983154 0.000000
vt 0.962402 0.978760 0.000000
vt 0.951416 0.983154 0.000000
vt 0.962402 0.978760 0.000000
vt 0.956787 0.978760 0.000000
vt 0.947021 0.983154 0.000000
vt 0.951416 0.983154 0.000000
vt 0.956787 0.978760 0.000000
vt 0.947021 0.983154 0.000000
vt 0.956787 0.978760 0.000000
vt 0.954590 0.978760 0.000000
vt 0.968018 0.978760 0.000000
vt 0.962402 0.978760 0.000000
vt 0.962402 0.897705 0.000000
vt 0.968018 0.978760 0.000000
vt 0.962402 0.897705 0.000000
vt 0.968018 0.897705 0.000000
vt 0.970215 0.978760 0.000000
vt 0.968018 0.978760 0.000000
vt 0.968018 0.897705 0.000000
vt 0.970215 0.978760 0.000000
vt 0.968018 0.897705 0.000000
vt 0.970215 0.897705 0.000000
vt 0.968018 0.978760 0.000000
vt 0.970215 0.978760 0.000000
vt 0.970215 0.897705 0.000000
vt 0.968018 0.978760 0.000000
vt 0.970215 0.897705 0.000000
vt 0.968018 0.897705 0.000000
vt 0.962402 0.978760 0.000000
vt 0.968018 0.978760 0.000000
vt 0.968018 0.897705 0.000000
vt 0.962402 0.978760 0.000000
vt 0.968018 0.897705 0.000000
vt 0.962402 0.897705 0.000000
vt 0.956787 0.978760 0.000000
vt 0.962402 0.978760 0.000000
vt 0.962402 0.897705 0.000000
vt 0.956787 0.978760 0.000000
vt 0.962402 0.897705 0.000000
vt 0.956787 0.897705 0.000000
vt 0.954590 0.978760 0.000000
vt 0.956787 0.978760 0.000000
vt 0.956787 0.897705 0.000000
vt 0.954590 0.978760 0.000000
vt 0.956787 0.897705 0.000000
vt 0.954346 0.897705 0.000000
vt 0.969482 0.875488 0.000000
vt 0.962402 0.875488 0.000000
vt 0.962158 0.635742 0.000000
vt 0.969482 0.875488 0.000000
vt 0.962158 0.635742 0.000000
vt 0.977295 0.635742 0.000000
vt 0.972412 0.875488 0.000000
vt 0.969482 0.875488 0.000000
vt 0.977295 0.635742 0.000000
vt 0.972412 0.875488 0.000000
vt 0.977295 0.635742 0.000000
vt 0.983398 0.635742 0.000000
vt 0.969482 0.875488 0.000000
vt 0.972412 0.875488 0.000000
vt 0.983398 0.635742 0.000000
vt 0.969482 0.875488 0.000000
vt 0.983398 0.635742 0.000000
vt 0.977295 0.635742 0.000000
vt 0.962402 0.875488 0.000000
vt 0.969482 0.875488 0.000000
vt 0.977295 0.635742 0.000000
vt 0.962402 0.875488 0.000000
vt 0.977295 0.635742 0.000000
vt 0.962158 0.635742 0.000000
vt 0.955322 0.875488 0.000000
vt 0.962402 0.875488 0.000000
vt 0.962158 0.635742 0.000000
vt 0.955322 0.875488 0.000000
vt 0.962158 0.635742 0.000000
vt 0.947021 0.635742 0.000000
vt 0.952148 0.875488 0.000000
vt 0.955322 0.875488 0.000000
vt 0.947021 0.635742 0.000000
vt 0.952148 0.875488 0.000000
vt 0.947021 0.635742 0.000000
vt 0.940918 0.635742 0.000000
vt 0.977295 0.635742 0.000000
vt 0.962158 0.635742 0.000000
vt 0.962158 0.523682 0.000000
vt 0.977295 0.635742 0.000000
vt 0.962158 0.523682 0.000000
vt 0.977295 0.523682 0.000000
vt 0.983398 0.635742 0.000000
vt 0.977295 0.635742 0.000000
vt 0.977295 0.523682 0.000000
vt 0.983398 0.635742 0.000000
vt 0.977295 0.523682 0.000000
vt 0.983398 0.523682 0.000000
vt 0.977295 0.635742 0.000000
vt 0.983398 0.635742 0.000000
vt 0.983398 0.523682 0.000000
vt 0.977295 0.635742 0.000000
vt 0.983398 0.523682 0.000000
vt 0.977051 0.523682 0.000000
vt 0.962158 0.635742 0.000000
vt 0.977295 0.635742 0.000000
vt 0.977051 0.523682 0.000000
vt 0.962158 0.635742 0.000000
vt 0.977051 0.523682 0.000000
vt 0.962158 0.523682 0.000000
vt 0.947021 0.635742 0.000000
vt 0.962158 0.635742 0.000000
vt 0.962158 0.523682 0.000000
vt 0.947021 0.635742 0.000000
vt 0.962158 0.523682 0.000000
vt 0.947021 0.523682 0.000000
vt 0.940918 0.635742 0.000000
vt 0.947021 0.635742 0.000000
vt 0.947021 0.523682 0.000000
vt 0.940918 0.635742 0.000000
vt 0.947021 0.523682 0.000000
vt 0.940918 0.523682 0.000000
vt 0.983398 0.523682 0.000000
vt 0.975342 0.516113 0.000000
vt 0.971436 0.516113 0.000000
vt 0.983398 0.523682 0.000000
vt 0.971436 0.516113 0.000000
vt 0.977051 0.523682 0.000000
vt 0.962158 0.523682 0.000000
vt 0.977051 0.523682 0.000000
vt 0.971436 0.516113 0.000000
vt 0.962158 0.523682 0.000000
vt 0.971436 0.516113 0.000000
vt 0.962158 0.516113 0.000000
vt 0.947021 0.523682 0.000000
vt 0.962158 0.523682 0.000000
vt 0.962158 0.516113 0.000000
vt 0.947021 0.523682 0.000000
vt 0.962158 0.516113 0.000000
vt 0.952637 0.516113 0.000000
vt 0.940918 0.523682 0.000000
vt 0.947021 0.523682 0.000000
vt 0.952637 0.516113 0.000000
vt 0.940918 0.523682 0.000000
vt 0.952637 0.516113 0.000000
vt 0.948730 0.516113 0.000000
vt 0.977295 0.523682 0.000000
vt 0.971436 0.516113 0.000000
vt 0.975342 0.516113 0.000000
vt 0.977295 0.523682 0.000000
vt 0.975342 0.516113 0.000000
vt 0.983398 0.523682 0.000000
vt 0.962158 0.523682 0.000000
vt 0.962158 0.516113 0.000000
vt 0.971436 0.516113 0.000000
vt 0.962158 0.523682 0.000000
vt 0.971436 0.516113 0.000000
vt 0.977295 0.523682 0.000000
vt 0.971436 0.516113 0.000000
vt 0.975342 0.516113 0.000000
vt 0.962158 0.516113 0.000000
vt 0.962158 0.523682 0.000000
vt 0.947021 0.523682 0.000000
vt 0.952637 0.516113 0.000000
vt 0.962158 0.523682 0.000000
vt 0.952637 0.516113 0.000000
vt 0.962158 0.516113 0.000000
vt 0.962158 0.635742 0.000000
vt 0.947021 0.635742 0.000000
vt 0.947021 0.523682 0.000000
vt 0.962158 0.635742 0.000000
vt 0.947021 0.523682 0.000000
vt 0.962158 0.523682 0.000000
vt 0.962402 0.875488 0.000000
vt 0.955322 0.875488 0.000000
vt 0.947021 0.635742 0.000000
vt 0.962402 0.875488 0.000000
vt 0.947021 0.635742 0.000000
vt 0.962158 0.635742 0.000000
vt 0.962402 0.978760 0.000000
vt 0.956787 0.978760 0.000000
vt 0.956787 0.897705 0.000000
vt 0.962402 0.978760 0.000000
vt 0.956787 0.897705 0.000000
vt 0.962402 0.897705 0.000000
vt 0.947021 0.989258 0.000000
vt 0.951660 0.989258 0.000000
vt 0.962402 0.991455 0.000000
vt 0.956787 0.978760 0.000000
vt 0.954590 0.978760 0.000000
vt 0.954346 0.897705 0.000000
vt 0.956787 0.978760 0.000000
vt 0.954346 0.897705 0.000000
vt 0.956787 0.897705 0.000000
vt 0.955322 0.875488 0.000000
vt 0.952148 0.875488 0.000000
vt 0.940918 0.635742 0.000000
vt 0.955322 0.875488 0.000000
vt 0.940918 0.635742 0.000000
vt 0.947021 0.635742 0.000000
vt 0.947021 0.635742 0.000000
vt 0.940918 0.635742 0.000000
vt 0.940918 0.523682 0.000000
vt 0.947021 0.635742 0.000000
vt 0.940918 0.523682 0.000000
vt 0.947021 0.523682 0.000000
vt 0.947021 0.523682 0.000000
vt 0.940918 0.523682 0.000000
vt 0.948730 0.516113 0.000000
vt 0.947021 0.523682 0.000000
vt 0.948730 0.516113 0.000000
vt 0.952637 0.516113 0.000000
vt 0.952637 0.516113 0.000000
vt 0.948730 0.516113 0.000000
vt 0.962158 0.516113 0.000000
vt 0.516846 0.693848 0.000000
vt 0.516357 0.663574 0.000000
vt 0.510742 0.666016 0.000000
vt 0.510742 0.666016 0.000000
vt 0.516357 0.663574 0.000000
vt 0.516357 0.604736 0.000000
vt 0.510742 0.666016 0.000000
vt 0.516357 0.604736 0.000000
vt 0.508301 0.605957 0.000000
vt 0.750000 0.114258 0.000000
vt 0.716064 0.114258 0.000000
vt 0.685303 0.299072 0.000000
vt 0.750000 0.114258 0.000000
vt 0.685303 0.299072 0.000000
vt 0.750000 0.299072 0.000000
vt 0.592529 0.726807 0.000000
vt 0.585938 0.720947 0.000000
vt 0.585938 0.716309 0.000000
vt 0.592529 0.726807 0.000000
vt 0.585938 0.716309 0.000000
vt 0.592529 0.710449 0.000000
vt 0.591309 0.710938 0.000000
vt 0.592773 0.708740 0.000000
vt 0.589600 0.711182 0.000000
vt 0.750000 0.299072 0.000000
vt 0.685303 0.299072 0.000000
vt 0.626953 0.410156 0.000000
vt 0.750000 0.299072 0.000000
vt 0.626953 0.410156 0.000000
vt 0.750000 0.410156 0.000000
vt 0.585938 0.716309 0.000000
vt 0.591309 0.710938 0.000000
vt 0.589600 0.711182 0.000000
vt 0.750000 0.410156 0.000000
vt 0.626953 0.410156 0.000000
vt 0.714600 0.500000 0.000000
vt 0.712402 0.506104 0.000000
vt 0.497559 0.543701 0.000000
vt 0.495850 0.625977 0.000000
vt 0.712402 0.506104 0.000000
vt 0.495850 0.625977 0.000000
vt 0.716064 0.649414 0.000000
vt 0.872803 0.410156 0.000000
vt 0.929932 0.282227 0.000000
vt 0.814453 0.299072 0.000000
vt 0.727295 0.664062 0.000000
vt 0.716064 0.649414 0.000000
vt 0.719971 0.726562 0.000000
vt 0.727295 0.664062 0.000000
vt 0.719971 0.726562 0.000000
vt 0.731201 0.740234 0.000000
vt 0.494873 0.694092 0.000000
vt 0.719971 0.726562 0.000000
vt 0.716064 0.649414 0.000000
vt 0.494873 0.694092 0.000000
vt 0.716064 0.649414 0.000000
vt 0.495850 0.625977 0.000000
vt 0.589600 0.711182 0.000000
vt 0.592529 0.710449 0.000000
vt 0.585938 0.716309 0.000000
vt 0.679688 0.000000 0.000000
vt 0.552246 0.099609 0.000000
vt 0.716064 0.114258 0.000000
vt 0.552246 0.099609 0.000000
vt 0.679688 0.000000 0.000000
vt 0.552734 0.016846 0.000000
vt 0.508301 0.613770 0.000000
vt 0.516357 0.612549 0.000000
vt 0.516846 0.541260 0.000000
vt 0.508301 0.613770 0.000000
vt 0.516846 0.541260 0.000000
vt 0.507812 0.541260 0.000000
vt 0.712402 0.506104 0.000000
vt 0.716064 0.649414 0.000000
vt 0.727295 0.664062 0.000000
vt 0.712402 0.506104 0.000000
vt 0.727295 0.664062 0.000000
vt 0.724854 0.555176 0.000000
vt 0.552246 0.099609 0.000000
vt 0.569824 0.282227 0.000000
vt 0.685303 0.299072 0.000000
vt 0.552246 0.099609 0.000000
vt 0.685303 0.299072 0.000000
vt 0.716064 0.114258 0.000000
vt 0.750977 0.000000 0.000000
vt 0.679688 0.000000 0.000000
vt 0.716064 0.114258 0.000000
vt 0.750977 0.000000 0.000000
vt 0.716064 0.114258 0.000000
vt 0.750000 0.114258 0.000000
vt 0.589600 0.711182 0.000000
vt 0.592773 0.708740 0.000000
vt 0.596191 0.709229 0.000000
vt 0.589600 0.711182 0.000000
vt 0.596191 0.709229 0.000000
vt 0.592529 0.710449 0.000000
vt 0.685303 0.299072 0.000000
vt 0.569824 0.282227 0.000000
vt 0.626953 0.410156 0.000000
vt 0.589600 0.726074 0.000000
vt 0.592773 0.728516 0.000000
vt 0.591309 0.726318 0.000000
vt 0.589600 0.726074 0.000000
vt 0.591309 0.726318 0.000000
vt 0.585938 0.720947 0.000000
vt 0.716064 0.649414 0.000000
vt 0.495850 0.625977 0.000000
vt 0.497559 0.543701 0.000000
vt 0.716064 0.649414 0.000000
vt 0.497559 0.543701 0.000000
vt 0.712402 0.506104 0.000000
vt 0.761963 0.638184 0.000000
vt 0.824463 0.625488 0.000000
vt 0.824463 0.747314 0.000000
vt 0.761963 0.638184 0.000000
vt 0.824463 0.747314 0.000000
vt 0.761963 0.729736 0.000000
vt 0.731201 0.740234 0.000000
vt 0.719971 0.726562 0.000000
vt 0.716064 0.649414 0.000000
vt 0.731201 0.740234 0.000000
vt 0.716064 0.649414 0.000000
vt 0.727295 0.664062 0.000000
vt 0.495850 0.625977 0.000000
vt 0.716064 0.649414 0.000000
vt 0.719971 0.726562 0.000000
vt 0.495850 0.625977 0.000000
vt 0.719971 0.726562 0.000000
vt 0.494873 0.694092 0.000000
vt 0.585938 0.720947 0.000000
vt 0.592529 0.726807 0.000000
vt 0.589600 0.726074 0.000000
vt 0.783691 0.114258 0.000000
vt 0.947510 0.099609 0.000000
vt 0.822510 0.000000 0.000000
vt 0.947021 0.016846 0.000000
vt 0.822510 0.000000 0.000000
vt 0.947510 0.099609 0.000000
vt 0.724854 0.555176 0.000000
vt 0.727295 0.664062 0.000000
vt 0.716064 0.649414 0.000000
vt 0.724854 0.555176 0.000000
vt 0.716064 0.649414 0.000000
vt 0.712402 0.506104 0.000000
vt 0.783691 0.114258 0.000000
vt 0.814453 0.299072 0.000000
vt 0.929932 0.282227 0.000000
vt 0.783691 0.114258 0.000000
vt 0.929932 0.282227 0.000000
vt 0.947510 0.099609 0.000000
vt 0.596191 0.728027 0.000000
vt 0.592773 0.728516 0.000000
vt 0.589600 0.726074 0.000000
vt 0.596191 0.728027 0.000000
vt 0.589600 0.726074 0.000000
vt 0.592529 0.726807 0.000000
vt 0.507812 0.541260 0.000000
vt 0.516846 0.541260 0.000000
vt 0.516357 0.612549 0.000000
vt 0.507812 0.541260 0.000000
vt 0.516357 0.612549 0.000000
vt 0.508301 0.613770 0.000000
vt 0.508301 0.605957 0.000000
vt 0.516357 0.604736 0.000000
vt 0.516357 0.663574 0.000000
vt 0.508301 0.605957 0.000000
vt 0.516357 0.663574 0.000000
vt 0.510742 0.666016 0.000000
vt 0.510742 0.666016 0.000000
vt 0.516357 0.663574 0.000000
vt 0.516846 0.693848 0.000000
vt 0.510742 0.666016 0.000000
vt 0.516846 0.693848 0.000000
vt 0.516846 0.693848 0.000000
vt 0.761963 0.736328 0.000000
vt 0.824463 0.755127 0.000000
vt 0.824463 0.641113 0.000000
vt 0.761963 0.736328 0.000000
vt 0.824463 0.641113 0.000000
vt 0.761963 0.654541 0.000000
vt 0.750000 0.114258 0.000000
vt 0.783691 0.114258 0.000000
vt 0.822510 0.000000 0.000000
vt 0.750000 0.114258 0.000000
vt 0.822510 0.000000 0.000000
vt 0.750977 0.000000 0.000000
vt 0.750000 0.299072 0.000000
vt 0.814453 0.299072 0.000000
vt 0.783691 0.114258 0.000000
vt 0.750000 0.299072 0.000000
vt 0.783691 0.114258 0.000000
vt 0.750000 0.114258 0.000000
vt 0.750000 0.410156 0.000000
vt 0.872803 0.410156 0.000000
vt 0.814453 0.299072 0.000000
vt 0.750000 0.410156 0.000000
vt 0.814453 0.299072 0.000000
vt 0.750000 0.299072 0.000000
vt 0.785156 0.500000 0.000000
vt 0.872803 0.410156 0.000000
vt 0.750000 0.410156 0.000000
vt 0.750000 0.410156 0.000000
vt 0.714600 0.500000 0.000000
vt 0.785156 0.500000 0.000000
vt 0.812500 0.767090 0.000000
vt 0.781250 0.767090 0.000000
vt 0.800537 0.795166 0.000000
vt 0.812500 0.767090 0.000000
vt 0.800537 0.767090 0.000000
vt 0.781250 0.750000 0.000000
vt 0.812500 0.795166 0.000000
vt 0.800537 0.795166 0.000000
vt 0.781250 0.812500 0.000000
vt 0.812500 0.795166 0.000000
vt 0.781250 0.795166 0.000000
vt 0.800537 0.767090 0.000000
vt 0.750000 0.767090 0.000000
vt 0.761719 0.795166 0.000000
vt 0.781250 0.767090 0.000000
vt 0.750000 0.767090 0.000000
vt 0.781250 0.750000 0.000000
vt 0.761719 0.767090 0.000000
vt 0.750000 0.795166 0.000000
vt 0.781250 0.812500 0.000000
vt 0.761719 0.795166 0.000000
vt 0.750000 0.795166 0.000000
vt 0.761719 0.767090 0.000000
vt 0.781250 0.795166 0.000000
vt 0.812500 0.767090 0.000000
vt 0.781250 0.750000 0.000000
vt 0.781250 0.767090 0.000000
vt 0.750000 0.767090 0.000000
vt 0.781250 0.767090 0.000000
vt 0.781250 0.750000 0.000000
vt 0.812500 0.795166 0.000000
vt 0.781250 0.812500 0.000000
vt 0.781250 0.795166 0.000000
vt 0.750000 0.795166 0.000000
vt 0.781250 0.795166 0.000000
vt 0.781250 0.812500 0.000000
vt 0.800537 0.795166 0.000000
vt 0.812500 0.795166 0.000000
vt 0.812500 0.767090 0.000000
vt 0.800537 0.767090 0.000000
vt 0.812500 0.767090 0.000000
vt 0.812500 0.795166 0.000000
vt 0.761719 0.795166 0.000000
vt 0.750000 0.767090 0.000000
vt 0.750000 0.795166 0.000000
vt 0.761719 0.767090 0.000000
vt 0.750000 0.795166 0.000000
vt 0.750000 0.767090 0.000000
vt 0.781250 0.767090 0.000000
vt 0.761719 0.795166 0.000000
vt 0.800537 0.795166 0.000000
vt 0.781250 0.812500 0.000000
vt 0.800537 0.795166 0.000000
vt 0.761719 0.795166 0.000000
vt 0.781250 0.750000 0.000000
vt 0.800537 0.767090 0.000000
vt 0.761719 0.767090 0.000000
vt 0.781250 0.795166 0.000000
vt 0.761719 0.767090 0.000000
vt 0.800537 0.767090 0.000000
vt 0.472656 0.469238 0.000000
vt 0.475342 0.474121 0.000000
vt 0.483643 0.474121 0.000000
vt 0.472656 0.469238 0.000000
vt 0.483643 0.474121 0.000000
vt 0.478516 0.456787 0.000000
vt 0.470947 0.493164 0.000000
vt 0.478027 0.486816 0.000000
vt 0.472656 0.478516 0.000000
vt 0.475342 0.474121 0.000000
vt 0.472656 0.478516 0.000000
vt 0.478027 0.486816 0.000000
vt 0.475342 0.474121 0.000000
vt 0.478027 0.486816 0.000000
vt 0.483643 0.474121 0.000000
vt 0.466064 0.478516 0.000000
vt 0.463379 0.474121 0.000000
vt 0.452148 0.473389 0.000000
vt 0.466064 0.478516 0.000000
vt 0.452148 0.473389 0.000000
vt 0.457764 0.486328 0.000000
vt 0.459473 0.460205 0.000000
vt 0.465820 0.469482 0.000000
vt 0.472656 0.469238 0.000000
vt 0.459473 0.460205 0.000000
vt 0.472656 0.469238 0.000000
vt 0.478516 0.456787 0.000000
vt 0.452148 0.473389 0.000000
vt 0.463379 0.474121 0.000000
vt 0.465820 0.469482 0.000000
vt 0.452148 0.473389 0.000000
vt 0.465820 0.469482 0.000000
vt 0.459473 0.460205 0.000000
vt 0.225586 0.789062 0.000000
vt 0.222900 0.787354 0.000000
vt 0.245117 0.870117 0.000000
vt 0.225586 0.789062 0.000000
vt 0.245117 0.870117 0.000000
vt 0.242676 0.876953 0.000000
vt 0.377686 0.312500 0.000000
vt 0.485107 0.253662 0.000000
vt 0.478271 0.342041 0.000000
vt 0.128662 0.754150 0.000000
vt 0.128906 0.764893 0.000000
vt 0.044678 0.799316 0.000000
vt 0.128662 0.754150 0.000000
vt 0.044678 0.799316 0.000000
vt 0.033447 0.785889 0.000000
vt 0.013428 0.877441 0.000000
vt 0.023438 0.883545 0.000000
vt 0.038330 0.973633 0.000000
vt 0.013428 0.877441 0.000000
vt 0.038330 0.973633 0.000000
vt 0.024902 0.974609 0.000000
vt 0.033447 0.785889 0.000000
vt 0.044678 0.799316 0.000000
vt 0.023438 0.883545 0.000000
vt 0.033447 0.785889 0.000000
vt 0.023438 0.883545 0.000000
vt 0.013428 0.877441 0.000000
vt 0.066162 0.956787 0.000000
vt 0.038330 0.973633 0.000000
vt 0.023438 0.883545 0.000000
vt 0.066162 0.956787 0.000000
vt 0.023438 0.883545 0.000000
vt 0.053711 0.892090 0.000000
vt 0.375244 0.873291 0.000000
vt 0.375244 0.817383 0.000000
vt 0.279785 0.838135 0.000000
vt 0.375244 0.873291 0.000000
vt 0.279785 0.838135 0.000000
vt 0.265625 0.907959 0.000000
vt 0.276367 0.341797 0.000000
vt 0.265381 0.253174 0.000000
vt 0.377686 0.312500 0.000000
vt 0.225586 0.789062 0.000000
vt 0.212891 0.799805 0.000000
vt 0.128906 0.764893 0.000000
vt 0.225586 0.789062 0.000000
vt 0.128906 0.764893 0.000000
vt 0.128662 0.754150 0.000000
vt 0.309082 0.793213 0.000000
vt 0.279785 0.838135 0.000000
vt 0.375244 0.817383 0.000000
vt 0.309082 0.793213 0.000000
vt 0.375244 0.817383 0.000000
vt 0.375244 0.777832 0.000000
vt 0.068359 0.815918 0.000000
vt 0.128906 0.896729 0.000000
vt 0.053711 0.892090 0.000000
vt 0.128906 0.791016 0.000000
vt 0.128906 0.764893 0.000000
vt 0.212891 0.799805 0.000000
vt 0.128906 0.791016 0.000000
vt 0.212891 0.799805 0.000000
vt 0.189209 0.816406 0.000000
vt 0.128906 0.791016 0.000000
vt 0.128906 0.896729 0.000000
vt 0.068359 0.815918 0.000000
vt 0.470947 0.493164 0.000000
vt 0.457764 0.486328 0.000000
vt 0.458984 0.493652 0.000000
vt 0.375244 0.777832 0.000000
vt 0.375244 0.817383 0.000000
vt 0.470947 0.838623 0.000000
vt 0.375244 0.777832 0.000000
vt 0.470947 0.838623 0.000000
vt 0.441650 0.793457 0.000000
vt 0.485107 0.907471 0.000000
vt 0.470947 0.838623 0.000000
vt 0.375244 0.817383 0.000000
vt 0.485107 0.907471 0.000000
vt 0.375244 0.817383 0.000000
vt 0.375244 0.873291 0.000000
vt 0.191406 0.958008 0.000000
vt 0.128906 0.896729 0.000000
vt 0.203857 0.892578 0.000000
vt 0.189209 0.816406 0.000000
vt 0.212891 0.799805 0.000000
vt 0.233643 0.884033 0.000000
vt 0.189209 0.816406 0.000000
vt 0.233643 0.884033 0.000000
vt 0.203857 0.892578 0.000000
vt 0.232422 0.975342 0.000000
vt 0.218994 0.974854 0.000000
vt 0.233643 0.884033 0.000000
vt 0.232422 0.975342 0.000000
vt 0.233643 0.884033 0.000000
vt 0.242676 0.876953 0.000000
vt 0.265625 0.907959 0.000000
vt 0.264404 0.988037 0.000000
vt 0.375244 0.937500 0.000000
vt 0.265625 0.907959 0.000000
vt 0.375244 0.937500 0.000000
vt 0.375244 0.873291 0.000000
vt 0.485107 0.907471 0.000000
vt 0.375244 0.873291 0.000000
vt 0.375244 0.937500 0.000000
vt 0.485107 0.907471 0.000000
vt 0.375244 0.937500 0.000000
vt 0.490967 0.988281 0.000000
vt 0.021729 0.817383 0.000000
vt 0.040771 0.787354 0.000000
vt 0.033447 0.785889 0.000000
vt 0.033447 0.785889 0.000000
vt 0.040771 0.787354 0.000000
vt 0.128418 0.757324 0.000000
vt 0.033447 0.785889 0.000000
vt 0.128418 0.757324 0.000000
vt 0.128662 0.754150 0.000000
vt 0.128662 0.754150 0.000000
vt 0.128418 0.757324 0.000000
vt 0.222900 0.787354 0.000000
vt 0.128662 0.754150 0.000000
vt 0.222900 0.787354 0.000000
vt 0.225586 0.789062 0.000000
vt 0.242676 0.876953 0.000000
vt 0.233643 0.884033 0.000000
vt 0.212891 0.799805 0.000000
vt 0.242676 0.876953 0.000000
vt 0.212891 0.799805 0.000000
vt 0.225586 0.789062 0.000000
vt 0.232422 0.975342 0.000000
vt 0.242676 0.876953 0.000000
vt 0.245117 0.870117 0.000000
vt 0.232422 0.975342 0.000000
vt 0.245117 0.870117 0.000000
vt 0.233643 0.964355 0.000000
vt 0.019287 0.964111 0.000000
vt 0.010254 0.879150 0.000000
vt 0.013428 0.877441 0.000000
vt 0.019287 0.964111 0.000000
vt 0.013428 0.877441 0.000000
vt 0.024902 0.974609 0.000000
vt 0.033447 0.785889 0.000000
vt 0.013428 0.877441 0.000000
vt 0.010254 0.879150 0.000000
vt 0.033447 0.785889 0.000000
vt 0.010254 0.879150 0.000000
vt 0.021729 0.817383 0.000000
vt 0.472656 0.478516 0.000000
vt 0.466064 0.478516 0.000000
vt 0.457764 0.486328 0.000000
vt 0.472656 0.478516 0.000000
vt 0.457764 0.486328 0.000000
vt 0.470947 0.493164 0.000000
vt 0.128906 0.991699 0.000000
vt 0.128906 0.896729 0.000000
vt 0.191406 0.958008 0.000000
vt 0.066162 0.956787 0.000000
vt 0.128906 0.896729 0.000000
vt 0.128906 0.991699 0.000000
vt 0.053711 0.892090 0.000000
vt 0.128906 0.896729 0.000000
vt 0.066162 0.956787 0.000000
vt 0.053711 0.892090 0.000000
vt 0.023438 0.883545 0.000000
vt 0.044678 0.799316 0.000000
vt 0.053711 0.892090 0.000000
vt 0.044678 0.799316 0.000000
vt 0.068359 0.815918 0.000000
vt 0.068359 0.815918 0.000000
vt 0.044678 0.799316 0.000000
vt 0.128906 0.764893 0.000000
vt 0.068359 0.815918 0.000000
vt 0.128906 0.764893 0.000000
vt 0.128906 0.791016 0.000000
vt 0.189209 0.816406 0.000000
vt 0.128906 0.896729 0.000000
vt 0.128906 0.791016 0.000000
vt 0.203857 0.892578 0.000000
vt 0.128906 0.896729 0.000000
vt 0.189209 0.816406 0.000000
vt 0.203857 0.892578 0.000000
vt 0.233643 0.884033 0.000000
vt 0.218994 0.974854 0.000000
vt 0.203857 0.892578 0.000000
vt 0.218994 0.974854 0.000000
vt 0.191406 0.958008 0.000000
vt 0.377686 0.312500 0.000000
vt 0.441895 0.368896 0.000000
vt 0.312744 0.368652 0.000000
vt 0.377686 0.312500 0.000000
vt 0.478271 0.342041 0.000000
vt 0.441895 0.368896 0.000000
vt 0.312744 0.368652 0.000000
vt 0.276367 0.341797 0.000000
vt 0.377686 0.312500 0.000000
vt 0.057861 0.784180 0.000000
vt 0.128418 0.757324 0.000000
vt 0.040771 0.787354 0.000000
vt 0.800537 0.795166 0.000000
vt 0.781250 0.767090 0.000000
vt 0.812500 0.767090 0.000000
vt 0.781250 0.750000 0.000000
vt 0.800537 0.767090 0.000000
vt 0.812500 0.767090 0.000000
vt 0.781250 0.812500 0.000000
vt 0.800537 0.795166 0.000000
vt 0.812500 0.795166 0.000000
vt 0.800537 0.767090 0.000000
vt 0.781250 0.795166 0.000000
vt 0.812500 0.795166 0.000000
vt 0.781250 0.767090 0.000000
vt 0.761719 0.795166 0.000000
vt 0.750000 0.767090 0.000000
vt 0.761719 0.767090 0.000000
vt 0.781250 0.750000 0.000000
vt 0.750000 0.767090 0.000000
vt 0.761719 0.795166 0.000000
vt 0.781250 0.812500 0.000000
vt 0.750000 0.795166 0.000000
vt 0.781250 0.795166 0.000000
vt 0.761719 0.767090 0.000000
vt 0.750000 0.795166 0.000000
vt 0.781250 0.767090 0.000000
vt 0.781250 0.750000 0.000000
vt 0.812500 0.767090 0.000000
vt 0.781250 0.750000 0.000000
vt 0.781250 0.767090 0.000000
vt 0.750000 0.767090 0.000000
vt 0.781250 0.795166 0.000000
vt 0.781250 0.812500 0.000000
vt 0.812500 0.795166 0.000000
vt 0.781250 0.812500 0.000000
vt 0.781250 0.795166 0.000000
vt 0.750000 0.795166 0.000000
vt 0.812500 0.767090 0.000000
vt 0.812500 0.795166 0.000000
vt 0.800537 0.795166 0.000000
vt 0.812500 0.795166 0.000000
vt 0.812500 0.767090 0.000000
vt 0.800537 0.767090 0.000000
vt 0.750000 0.795166 0.000000
vt 0.750000 0.767090 0.000000
vt 0.761719 0.795166 0.000000
vt 0.750000 0.767090 0.000000
vt 0.750000 0.795166 0.000000
vt 0.761719 0.767090 0.000000
vt 0.800537 0.795166 0.000000
vt 0.761719 0.795166 0.000000
vt 0.781250 0.767090 0.000000
vt 0.761719 0.795166 0.000000
vt 0.800537 0.795166 0.000000
vt 0.781250 0.812500 0.000000
vt 0.761719 0.767090 0.000000
vt 0.800537 0.767090 0.000000
vt 0.781250 0.750000 0.000000
vt 0.800537 0.767090 0.000000
vt 0.761719 0.767090 0.000000
vt 0.781250 0.795166 0.000000
vn -0.955322 0.170410 0.241211
vn -0.984619 -0.090088 0.148438
vn -0.785889 -0.179688 0.591309
vn -0.955322 0.170410 0.241211
vn -0.785889 -0.179688 0.591309
vn -0.664551 0.033691 0.746338
vn -0.404785 -0.233887 -0.883789
vn -0.382080 -0.477051 -0.791260
vn -0.913574 -0.147949 -0.378662
vn -0.404785 -0.233887 -0.883789
vn -0.913574 -0.147949 -0.378662
vn -0.917725 0.099854 -0.383789
vn 0.683105 -0.696289 -0.219482
vn 0.581299 -0.806885 -0.103760
vn 0.295410 -0.723389 -0.623779
vn 0.683105 -0.696289 -0.219482
vn 0.295410 -0.723389 -0.623779
vn 0.331787 -0.588135 -0.737305
vn 0.040039 -0.349854 0.935791
vn -0.280273 -0.472412 0.835449
vn 0.395264 -0.769775 0.500732
vn 0.040039 -0.349854 0.935791
vn 0.395264 -0.769775 0.500732
vn 0.632568 -0.647461 0.424316
vn 0.614014 0.695801 0.372070
vn 0.854736 0.510742 0.091309
vn 0.502441 0.862305 -0.059570
vn 0.073730 0.557129 -0.826904
vn -0.158447 0.206787 -0.965332
vn -0.713135 0.555420 -0.427246
vn 0.073730 0.557129 -0.826904
vn -0.713135 0.555420 -0.427246
vn -0.407715 0.837402 -0.363770
vn 0.966064 0.035156 -0.255127
vn 0.849609 0.478760 -0.220703
vn 0.854736 0.510742 0.091309
vn 0.966064 0.035156 -0.255127
vn 0.854736 0.510742 0.091309
vn 0.949463 0.092285 0.299316
vn 0.276855 0.833252 -0.478271
vn 0.014160 0.980713 -0.194580
vn 0.502441 0.862305 -0.059570
vn -0.431885 0.881104 0.191406
vn 0.008057 0.992676 0.118652
vn 0.014160 0.980713 -0.194580
vn -0.431885 0.881104 0.191406
vn 0.014160 0.980713 -0.194580
vn -0.407715 0.837402 -0.363770
vn -0.407715 0.837402 -0.363770
vn -0.713135 0.555420 -0.427246
vn -0.748779 0.620117 0.233398
vn -0.407715 0.837402 -0.363770
vn -0.748779 0.620117 0.233398
vn -0.431885 0.881104 0.191406
vn 0.073730 0.557129 -0.826904
vn 0.276855 0.833252 -0.478271
vn 0.661865 0.580322 -0.474121
vn 0.073730 0.557129 -0.826904
vn 0.661865 0.580322 -0.474121
vn 0.680420 0.179199 -0.710205
vn 0.502441 0.862305 -0.059570
vn 0.854736 0.510742 0.091309
vn 0.849609 0.478760 -0.220703
vn 0.502441 0.862305 -0.059570
vn 0.014160 0.980713 -0.194580
vn 0.008057 0.992676 0.118652
vn 0.496094 0.420898 0.759033
vn 0.614014 0.695801 0.372070
vn 0.204102 0.905762 0.371094
vn 0.496094 0.420898 0.759033
vn 0.204102 0.905762 0.371094
vn -0.138428 0.750732 0.645752
vn -0.431885 0.881104 0.191406
vn -0.748779 0.620117 0.233398
vn -0.411133 0.465088 0.783691
vn -0.431885 0.881104 0.191406
vn -0.411133 0.465088 0.783691
vn -0.138428 0.750732 0.645752
vn -0.138428 0.750732 0.645752
vn -0.411133 0.465088 0.783691
vn 0.315674 0.062988 0.946533
vn -0.138428 0.750732 0.645752
vn 0.315674 0.062988 0.946533
vn 0.496094 0.420898 0.759033
vn -0.407715 0.837402 -0.363770
vn 0.014160 0.980713 -0.194580
vn 0.276855 0.833252 -0.478271
vn -0.407715 0.837402 -0.363770
vn 0.276855 0.833252 -0.478271
vn 0.073730 0.557129 -0.826904
vn 0.331787 -0.588135 -0.737305
vn 0.295410 -0.723389 -0.623779
vn -0.382080 -0.477051 -0.791260
vn 0.331787 -0.588135 -0.737305
vn -0.382080 -0.477051 -0.791260
vn -0.404785 -0.233887 -0.883789
vn 0.680420 0.179199 -0.710205
vn 0.661865 0.580322 -0.474121
vn 0.849609 0.478760 -0.220703
vn 0.680420 0.179199 -0.710205
vn 0.849609 0.478760 -0.220703
vn 0.966064 0.035156 -0.255127
vn 0.632568 -0.647461 0.424316
vn 0.395264 -0.769775 0.500732
vn 0.581299 -0.806885 -0.103760
vn 0.632568 -0.647461 0.424316
vn 0.581299 -0.806885 -0.103760
vn 0.683105 -0.696289 -0.219482
vn 0.949463 0.092285 0.299316
vn 0.854736 0.510742 0.091309
vn 0.614014 0.695801 0.372070
vn 0.949463 0.092285 0.299316
vn 0.614014 0.695801 0.372070
vn 0.496094 0.420898 0.759033
vn -0.664551 0.033691 0.746338
vn -0.785889 -0.179688 0.591309
vn -0.280273 -0.472412 0.835449
vn -0.664551 0.033691 0.746338
vn -0.280273 -0.472412 0.835449
vn 0.040039 -0.349854 0.935791
vn -0.138428 0.750732 0.645752
vn 0.204102 0.905762 0.371094
vn 0.008057 0.992676 0.118652
vn -0.138428 0.750732 0.645752
vn 0.008057 0.992676 0.118652
vn -0.431885 0.881104 0.191406
vn -0.917725 0.099854 -0.383789
vn -0.913574 -0.147949 -0.378662
vn -0.984619 -0.090088 0.148438
vn -0.917725 0.099854 -0.383789
vn -0.984619 -0.090088 0.148438
vn -0.955322 0.170410 0.241211
vn 0.559570 -0.210205 -0.801514
vn 0.474121 -0.375732 -0.795898
vn -0.259521 0.040039 -0.964844
vn 0.559570 -0.210205 -0.801514
vn -0.259521 0.040039 -0.964844
vn -0.158447 0.206787 -0.965332
vn 0.894043 -0.370605 -0.250488
vn 0.808594 -0.538330 -0.236572
vn 0.474121 -0.375732 -0.795898
vn 0.894043 -0.370605 -0.250488
vn 0.474121 -0.375732 -0.795898
vn 0.559570 -0.210205 -0.801514
vn 0.860107 -0.303223 0.409912
vn 0.772217 -0.469482 0.427490
vn 0.808594 -0.538330 -0.236572
vn 0.860107 -0.303223 0.409912
vn 0.808594 -0.538330 -0.236572
vn 0.894043 -0.370605 -0.250488
vn 0.315674 0.062988 0.946533
vn 0.221191 -0.105713 0.969238
vn 0.772217 -0.469482 0.427490
vn 0.315674 0.062988 0.946533
vn 0.772217 -0.469482 0.427490
vn 0.860107 -0.303223 0.409912
vn -0.411133 0.465088 0.783691
vn -0.512451 0.309814 0.800537
vn 0.221191 -0.105713 0.969238
vn -0.411133 0.465088 0.783691
vn 0.221191 -0.105713 0.969238
vn 0.315674 0.062988 0.946533
vn -0.748779 0.620117 0.233398
vn -0.852539 0.462891 0.241699
vn -0.512451 0.309814 0.800537
vn -0.748779 0.620117 0.233398
vn -0.512451 0.309814 0.800537
vn -0.411133 0.465088 0.783691
vn -0.713135 0.555420 -0.427246
vn -0.814941 0.396484 -0.422607
vn -0.852539 0.462891 0.241699
vn -0.713135 0.555420 -0.427246
vn -0.852539 0.462891 0.241699
vn -0.748779 0.620117 0.233398
vn -0.158447 0.206787 -0.965332
vn -0.259521 0.040039 -0.964844
vn -0.814941 0.396484 -0.422607
vn -0.158447 0.206787 -0.965332
vn -0.814941 0.396484 -0.422607
vn -0.713135 0.555420 -0.427246
vn 0.040039 -0.349854 0.935791
vn 0.221191 -0.105713 0.969238
vn -0.512451 0.309814 0.800537
vn 0.040039 -0.349854 0.935791
vn -0.512451 0.309814 0.800537
vn -0.664551 0.033691 0.746338
vn -0.664551 0.033691 0.746338
vn -0.512451 0.309814 0.800537
vn -0.852539 0.462891 0.241699
vn -0.664551 0.033691 0.746338
vn -0.852539 0.462891 0.241699
vn -0.955322 0.170410 0.241211
vn -0.955322 0.170410 0.241211
vn -0.852539 0.462891 0.241699
vn -0.814941 0.396484 -0.422607
vn -0.955322 0.170410 0.241211
vn -0.814941 0.396484 -0.422607
vn -0.917725 0.099854 -0.383789
vn -0.917725 0.099854 -0.383789
vn -0.814941 0.396484 -0.422607
vn -0.259521 0.040039 -0.964844
vn -0.917725 0.099854 -0.383789
vn -0.259521 0.040039 -0.964844
vn -0.404785 -0.233887 -0.883789
vn -0.404785 -0.233887 -0.883789
vn -0.259521 0.040039 -0.964844
vn 0.474121 -0.375732 -0.795898
vn -0.404785 -0.233887 -0.883789
vn 0.474121 -0.375732 -0.795898
vn 0.331787 -0.588135 -0.737305
vn 0.331787 -0.588135 -0.737305
vn 0.474121 -0.375732 -0.795898
vn 0.808594 -0.538330 -0.236572
vn 0.331787 -0.588135 -0.737305
vn 0.808594 -0.538330 -0.236572
vn 0.683105 -0.696289 -0.219482
vn 0.683105 -0.696289 -0.219482
vn 0.808594 -0.538330 -0.236572
vn 0.772217 -0.469482 0.427490
vn 0.683105 -0.696289 -0.219482
vn 0.772217 -0.469482 0.427490
vn 0.632568 -0.647461 0.424316
vn 0.632568 -0.647461 0.424316
vn 0.772217 -0.469482 0.427490
vn 0.221191 -0.105713 0.969238
vn 0.632568 -0.647461 0.424316
vn 0.221191 -0.105713 0.969238
vn 0.040039 -0.349854 0.935791
vn 0.680420 0.179199 -0.710205
vn 0.559570 -0.210205 -0.801514
vn -0.158447 0.206787 -0.965332
vn 0.680420 0.179199 -0.710205
vn -0.158447 0.206787 -0.965332
vn 0.073730 0.557129 -0.826904
vn 0.966064 0.035156 -0.255127
vn 0.894043 -0.370605 -0.250488
vn 0.559570 -0.210205 -0.801514
vn 0.966064 0.035156 -0.255127
vn 0.559570 -0.210205 -0.801514
vn 0.680420 0.179199 -0.710205
vn 0.949463 0.092285 0.299316
vn 0.860107 -0.303223 0.409912
vn 0.894043 -0.370605 -0.250488
vn 0.949463 0.092285 0.299316
vn 0.894043 -0.370605 -0.250488
vn 0.966064 0.035156 -0.255127
vn 0.496094 0.420898 0.759033
vn 0.315674 0.062988 0.946533
vn 0.860107 -0.303223 0.409912
vn 0.496094 0.420898 0.759033
vn 0.860107 -0.303223 0.409912
vn 0.949463 0.092285 0.299316
vn 0.008057 0.992676 0.118652
vn 0.204102 0.905762 0.371094
vn 0.502441 0.862305 -0.059570
vn 0.502441 0.862305 -0.059570
vn 0.204102 0.905762 0.371094
vn 0.614014 0.695801 0.372070
vn 0.849609 0.478760 -0.220703
vn 0.661865 0.580322 -0.474121
vn 0.502441 0.862305 -0.059570
vn 0.502441 0.862305 -0.059570
vn 0.661865 0.580322 -0.474121
vn 0.276855 0.833252 -0.478271
vn -0.745361 -0.090332 -0.660156
vn -0.455566 -0.154541 -0.876465
vn -0.662109 -0.201172 -0.721680
vn -0.745361 -0.090332 -0.660156
vn -0.662109 -0.201172 -0.721680
vn -0.881348 -0.457764 -0.116211
vn -0.455566 -0.154541 -0.876465
vn 0.216064 -0.096191 -0.971436
vn -0.249023 -0.552490 -0.795166
vn 0.682861 -0.729248 0.035889
vn 0.580811 -0.558594 0.591797
vn 0.136963 -0.798340 0.586182
vn 0.147949 0.981689 0.118652
vn 0.147949 0.981689 0.118652
vn 0.147949 0.981689 0.118652
vn 0.147949 0.981689 0.118652
vn 0.147949 0.981689 0.118652
vn 0.147949 0.981689 0.118652
vn 0.682861 -0.729248 0.035889
vn 0.419189 -0.594238 -0.686035
vn 0.753662 -0.455078 -0.473877
vn -0.881348 -0.457764 -0.116211
vn -0.629639 -0.341064 0.697754
vn -0.762451 -0.303955 0.571045
vn -0.881348 -0.457764 -0.116211
vn -0.762451 -0.303955 0.571045
vn -0.948975 -0.079834 0.304199
vn -0.492920 -0.630127 0.599609
vn -0.629639 -0.341064 0.697754
vn -0.881348 -0.457764 -0.116211
vn -0.249023 -0.552490 -0.795166
vn -0.344971 -0.935791 -0.068848
vn -0.881348 -0.457764 -0.116211
vn -0.182129 -0.282959 0.941406
vn -0.762451 -0.303955 0.571045
vn -0.629639 -0.341064 0.697754
vn -0.182129 -0.282959 0.941406
vn -0.629639 -0.341064 0.697754
vn -0.492920 -0.630127 0.599609
vn 0.147949 0.981689 0.118652
vn 0.147949 0.981689 0.118652
vn 0.147949 0.981689 0.118652
vn 0.147949 0.981689 0.118652
vn 0.147949 0.981689 0.118652
vn 0.147949 0.981689 0.118652
vn 0.179688 -0.974854 -0.130859
vn -0.344971 -0.935791 -0.068848
vn -0.249023 -0.552490 -0.795166
vn 0.179688 -0.974854 -0.130859
vn -0.249023 -0.552490 -0.795166
vn 0.419189 -0.594238 -0.686035
vn 0.136963 -0.798340 0.586182
vn -0.492920 -0.630127 0.599609
vn -0.344971 -0.935791 -0.068848
vn 0.136963 -0.798340 0.586182
vn -0.344971 -0.935791 -0.068848
vn 0.179688 -0.974854 -0.130859
vn 0.136963 -0.798340 0.586182
vn 0.580811 -0.558594 0.591797
vn -0.182129 -0.282959 0.941406
vn -0.492920 -0.630127 0.599609
vn 0.136963 -0.798340 0.586182
vn -0.182129 -0.282959 0.941406
vn 0.216064 -0.096191 -0.971436
vn 0.753662 -0.455078 -0.473877
vn 0.419189 -0.594238 -0.686035
vn 0.419189 -0.594238 -0.686035
vn -0.249023 -0.552490 -0.795166
vn 0.216064 -0.096191 -0.971436
vn 0.147949 0.981689 0.118652
vn 0.147949 0.981689 0.118652
vn 0.147949 0.981689 0.118652
vn 0.753662 -0.455078 -0.473877
vn 0.580811 -0.558594 0.591797
vn 0.682861 -0.729248 0.035889
vn 0.682861 -0.729248 0.035889
vn 0.179688 -0.974854 -0.130859
vn 0.419189 -0.594238 -0.686035
vn 0.136963 -0.798340 0.586182
vn 0.179688 -0.974854 -0.130859
vn 0.682861 -0.729248 0.035889
vn 0.147949 0.981689 0.118652
vn 0.147949 0.981689 0.118652
vn 0.147949 0.981689 0.118652
vn 0.147949 0.981689 0.118652
vn 0.147949 0.981689 0.118652
vn 0.147949 0.981689 0.118652
vn -0.507568 -0.575195 0.641113
vn 0.203613 -0.390381 0.897705
vn 0.022705 -0.388916 0.920898
vn -0.507568 -0.575195 0.641113
vn 0.022705 -0.388916 0.920898
vn -0.329346 -0.200684 0.922363
vn 0.655273 -0.262207 0.708252
vn 0.022705 -0.388916 0.920898
vn 0.203613 -0.390381 0.897705
vn 0.655273 -0.262207 0.708252
vn 0.203613 -0.390381 0.897705
vn 0.250488 -0.656738 0.710938
vn -0.192139 -0.564697 -0.802246
vn 0.161133 -0.366455 -0.916260
vn 0.555176 -0.618408 -0.555908
vn 0.049316 0.998047 0.037354
vn 0.049316 0.998047 0.037354
vn 0.049316 0.998047 0.037354
vn 0.049316 0.998047 0.037354
vn 0.049316 0.998047 0.037354
vn 0.049316 0.998047 0.037354
vn 0.893799 -0.432129 -0.118896
vn 0.649414 -0.733398 0.200439
vn 0.555176 -0.618408 -0.555908
vn -0.957275 -0.233643 0.169189
vn -0.940430 -0.260986 -0.217041
vn -0.880615 -0.465576 0.085938
vn -0.957275 -0.233643 0.169189
vn -0.880615 -0.465576 0.085938
vn -0.507568 -0.575195 0.641113
vn -0.263916 -0.952881 0.148438
vn -0.507568 -0.575195 0.641113
vn -0.880615 -0.465576 0.085938
vn -0.263916 -0.952881 0.148438
vn -0.880615 -0.465576 0.085938
vn -0.674805 -0.625000 -0.391846
vn 0.250488 -0.656738 0.710938
vn 0.203613 -0.390381 0.897705
vn -0.507568 -0.575195 0.641113
vn 0.250488 -0.656738 0.710938
vn -0.507568 -0.575195 0.641113
vn -0.263916 -0.952881 0.148438
vn -0.674805 -0.625000 -0.391846
vn -0.880615 -0.465576 0.085938
vn -0.940430 -0.260986 -0.217041
vn -0.674805 -0.625000 -0.391846
vn -0.940430 -0.260986 -0.217041
vn -0.611328 -0.109619 -0.783447
vn 0.049316 0.998047 0.037354
vn 0.049316 0.998047 0.037354
vn 0.049316 0.998047 0.037354
vn 0.049316 0.998047 0.037354
vn 0.049316 0.998047 0.037354
vn 0.049316 0.998047 0.037354
vn 0.649414 -0.733398 0.200439
vn 0.250488 -0.656738 0.710938
vn -0.263916 -0.952881 0.148438
vn 0.649414 -0.733398 0.200439
vn -0.263916 -0.952881 0.148438
vn 0.146484 -0.944824 -0.292725
vn 0.146484 -0.944824 -0.292725
vn -0.263916 -0.952881 0.148438
vn -0.674805 -0.625000 -0.391846
vn 0.146484 -0.944824 -0.292725
vn -0.674805 -0.625000 -0.391846
vn -0.192139 -0.564697 -0.802246
vn -0.611328 -0.109619 -0.783447
vn 0.161133 -0.366455 -0.916260
vn -0.192139 -0.564697 -0.802246
vn -0.611328 -0.109619 -0.783447
vn -0.192139 -0.564697 -0.802246
vn -0.674805 -0.625000 -0.391846
vn 0.649414 -0.733398 0.200439
vn 0.893799 -0.432129 -0.118896
vn 0.655273 -0.262207 0.708252
vn 0.655273 -0.262207 0.708252
vn 0.250488 -0.656738 0.710938
vn 0.649414 -0.733398 0.200439
vn 0.049316 0.998047 0.037354
vn 0.049316 0.998047 0.037354
vn 0.049316 0.998047 0.037354
vn 0.555176 -0.618408 -0.555908
vn 0.161133 -0.366455 -0.916260
vn 0.893799 -0.432129 -0.118896
vn 0.649414 -0.733398 0.200439
vn 0.146484 -0.944824 -0.292725
vn 0.555176 -0.618408 -0.555908
vn 0.555176 -0.618408 -0.555908
vn 0.146484 -0.944824 -0.292725
vn -0.192139 -0.564697 -0.802246
vn 0.049316 0.998047 0.037354
vn 0.049316 0.998047 0.037354
vn 0.049316 0.998047 0.037354
vn 0.049316 0.998047 0.037354
vn 0.049316 0.998047 0.037354
vn 0.049316 0.998047 0.037354
vn -0.881348 -0.457764 -0.116211
vn -0.344971 -0.935791 -0.068848
vn -0.492920 -0.630127 0.599609
vn -0.881348 -0.457764 -0.116211
vn -0.662109 -0.201172 -0.721680
vn -0.249023 -0.552490 -0.795166
vn -0.249023 -0.552490 -0.795166
vn -0.662109 -0.201172 -0.721680
vn -0.455566 -0.154541 -0.876465
vn 0.653564 -0.616943 -0.437988
vn 0.030762 -0.842773 -0.537109
vn 0.079834 -0.887939 -0.452637
vn 0.653564 -0.616943 -0.437988
vn 0.079834 -0.887939 -0.452637
vn 0.604980 -0.645508 -0.465820
vn 0.960938 -0.272461 0.047363
vn 0.653564 -0.616943 -0.437988
vn 0.604980 -0.645508 -0.465820
vn 0.960938 -0.272461 0.047363
vn 0.604980 -0.645508 -0.465820
vn 0.978516 -0.205566 0.013916
vn 0.846191 0.413818 0.335205
vn 0.715088 0.010986 0.698486
vn 0.978516 -0.205566 0.013916
vn 0.846191 0.413818 0.335205
vn 0.978516 -0.205566 0.013916
vn 0.962402 0.144287 -0.229736
vn 0.260986 0.510010 0.819336
vn 0.112305 0.001221 0.993652
vn 0.715088 0.010986 0.698486
vn 0.260986 0.510010 0.819336
vn 0.715088 0.010986 0.698486
vn 0.846191 0.413818 0.335205
vn -0.476807 0.307373 0.823242
vn -0.489258 -0.250244 0.835205
vn 0.112305 0.001221 0.993652
vn -0.476807 0.307373 0.823242
vn 0.112305 0.001221 0.993652
vn 0.260986 0.510010 0.819336
vn -0.935303 -0.075195 0.344971
vn -0.737549 -0.596191 0.316406
vn -0.489258 -0.250244 0.835205
vn -0.935303 -0.075195 0.344971
vn -0.489258 -0.250244 0.835205
vn -0.476807 0.307373 0.823242
vn -0.846191 -0.413818 -0.335205
vn -0.486816 -0.833984 -0.258789
vn -0.737549 -0.596191 0.316406
vn -0.846191 -0.413818 -0.335205
vn -0.737549 -0.596191 0.316406
vn -0.935303 -0.075195 0.344971
vn -0.130615 -0.494873 -0.858887
vn 0.079834 -0.887939 -0.452637
vn -0.486816 -0.833984 -0.258789
vn -0.130615 -0.494873 -0.858887
vn -0.486816 -0.833984 -0.258789
vn -0.846191 -0.413818 -0.335205
vn 0.604980 -0.645508 -0.465820
vn 0.079834 -0.887939 -0.452637
vn -0.130615 -0.494873 -0.858887
vn 0.604980 -0.645508 -0.465820
vn -0.130615 -0.494873 -0.858887
vn 0.688232 -0.183594 -0.701660
vn 0.978516 -0.205566 0.013916
vn 0.604980 -0.645508 -0.465820
vn 0.688232 -0.183594 -0.701660
vn 0.978516 -0.205566 0.013916
vn 0.688232 -0.183594 -0.701660
vn 0.962402 0.144287 -0.229736
vn -0.256104 0.762695 -0.593506
vn -0.362305 0.770020 -0.524902
vn -0.237549 0.856689 -0.457520
vn -0.212646 0.926758 -0.309082
vn -0.106445 0.919678 -0.377441
vn -0.237549 0.856689 -0.457520
vn -0.136963 0.803711 -0.578613
vn -0.256104 0.762695 -0.593506
vn -0.237549 0.856689 -0.457520
vn -0.106445 0.919678 -0.377441
vn -0.074951 0.868652 -0.489258
vn -0.237549 0.856689 -0.457520
vn -0.331787 0.885986 -0.323730
vn -0.212646 0.926758 -0.309082
vn -0.237549 0.856689 -0.457520
vn -0.362305 0.770020 -0.524902
vn -0.393799 0.820801 -0.413086
vn -0.237549 0.856689 -0.457520
vn -0.393799 0.820801 -0.413086
vn -0.331787 0.885986 -0.323730
vn -0.237549 0.856689 -0.457520
vn 0.237549 -0.856689 0.457520
vn 0.190186 -0.962646 0.192139
vn 0.388428 -0.910156 0.143311
vn -0.004639 -0.697021 0.716797
vn 0.237549 -0.856689 0.457520
vn 0.313477 -0.626465 0.713379
vn 0.516602 -0.659668 0.545410
vn 0.313477 -0.626465 0.713379
vn 0.237549 -0.856689 0.457520
vn 0.547607 -0.777344 0.309326
vn 0.516602 -0.659668 0.545410
vn 0.237549 -0.856689 0.457520
vn -0.014648 -0.970703 0.239746
vn 0.190186 -0.962646 0.192139
vn 0.237549 -0.856689 0.457520
vn -0.114014 -0.876465 0.467285
vn -0.014648 -0.970703 0.239746
vn 0.237549 -0.856689 0.457520
vn -0.486816 -0.833984 -0.258789
vn 0.079834 -0.887939 -0.452637
vn 0.030762 -0.842773 -0.537109
vn -0.486816 -0.833984 -0.258789
vn 0.030762 -0.842773 -0.537109
vn -0.542480 -0.817627 -0.191895
vn -0.737549 -0.596191 0.316406
vn -0.486816 -0.833984 -0.258789
vn -0.542480 -0.817627 -0.191895
vn -0.737549 -0.596191 0.316406
vn -0.542480 -0.817627 -0.191895
vn -0.730957 -0.556152 0.395020
vn -0.489258 -0.250244 0.835205
vn -0.737549 -0.596191 0.316406
vn -0.730957 -0.556152 0.395020
vn -0.489258 -0.250244 0.835205
vn -0.730957 -0.556152 0.395020
vn -0.423584 -0.211670 0.880615
vn 0.112305 0.001221 0.993652
vn -0.489258 -0.250244 0.835205
vn -0.423584 -0.211670 0.880615
vn 0.112305 0.001221 0.993652
vn -0.423584 -0.211670 0.880615
vn 0.198975 0.013916 0.979736
vn 0.715088 0.010986 0.698486
vn 0.112305 0.001221 0.993652
vn 0.198975 0.013916 0.979736
vn 0.715088 0.010986 0.698486
vn 0.198975 0.013916 0.979736
vn 0.772461 -0.010986 0.634521
vn 0.978516 -0.205566 0.013916
vn 0.715088 0.010986 0.698486
vn 0.772461 -0.010986 0.634521
vn 0.978516 -0.205566 0.013916
vn 0.772461 -0.010986 0.634521
vn 0.960938 -0.272461 0.047363
vn -0.542480 -0.817627 -0.191895
vn 0.030762 -0.842773 -0.537109
vn -0.138672 -0.466553 -0.873291
vn -0.542480 -0.817627 -0.191895
vn -0.138672 -0.466553 -0.873291
vn -0.780518 -0.423584 -0.459473
vn -0.730957 -0.556152 0.395020
vn -0.542480 -0.817627 -0.191895
vn -0.780518 -0.423584 -0.459473
vn -0.730957 -0.556152 0.395020
vn -0.780518 -0.423584 -0.459473
vn -0.969727 -0.115967 0.214600
vn -0.423584 -0.211670 0.880615
vn -0.730957 -0.556152 0.395020
vn -0.969727 -0.115967 0.214600
vn -0.423584 -0.211670 0.880615
vn -0.969727 -0.115967 0.214600
vn -0.595459 0.275879 0.754395
vn 0.198975 0.013916 0.979736
vn -0.423584 -0.211670 0.880615
vn -0.595459 0.275879 0.754395
vn 0.198975 0.013916 0.979736
vn -0.595459 0.275879 0.754395
vn 0.122803 0.522949 0.843262
vn 0.772461 -0.010986 0.634521
vn 0.198975 0.013916 0.979736
vn 0.122803 0.522949 0.843262
vn 0.772461 -0.010986 0.634521
vn 0.122803 0.522949 0.843262
vn 0.764648 0.480225 0.429199
vn 0.960938 -0.272461 0.047363
vn 0.772461 -0.010986 0.634521
vn 0.764648 0.480225 0.429199
vn 0.960938 -0.272461 0.047363
vn 0.764648 0.480225 0.429199
vn 0.953857 0.172363 -0.244873
vn -0.780518 -0.423584 -0.459473
vn -0.138672 -0.466553 -0.873291
vn -0.138428 -0.466553 -0.873535
vn -0.780518 -0.423584 -0.459473
vn -0.138428 -0.466553 -0.873535
vn -0.780273 -0.423584 -0.459717
vn -0.969727 -0.115967 0.214600
vn -0.780518 -0.423584 -0.459473
vn -0.780273 -0.423584 -0.459717
vn -0.969727 -0.115967 0.214600
vn -0.780273 -0.423584 -0.459717
vn -0.969727 -0.115967 0.214355
vn -0.595459 0.275879 0.754395
vn -0.969727 -0.115967 0.214600
vn -0.969727 -0.115967 0.214355
vn -0.595459 0.275879 0.754395
vn -0.969727 -0.115967 0.214355
vn -0.595703 0.275879 0.754150
vn 0.122803 0.522949 0.843262
vn -0.595459 0.275879 0.754395
vn -0.595703 0.275879 0.754150
vn 0.122803 0.522949 0.843262
vn -0.595703 0.275879 0.754150
vn 0.122559 0.522949 0.843262
vn 0.764648 0.480225 0.429199
vn 0.122803 0.522949 0.843262
vn 0.122559 0.522949 0.843262
vn 0.764648 0.480225 0.429199
vn 0.122559 0.522949 0.843262
vn 0.764648 0.480225 0.429443
vn 0.953857 0.172363 -0.244873
vn 0.764648 0.480225 0.429199
vn 0.764648 0.480225 0.429443
vn 0.953857 0.172363 -0.244873
vn 0.764648 0.480225 0.429443
vn 0.954102 0.172607 -0.244385
vn -0.780273 -0.423584 -0.459717
vn -0.138428 -0.466553 -0.873535
vn -0.041016 -0.891357 -0.450928
vn -0.780273 -0.423584 -0.459717
vn -0.041016 -0.891357 -0.450928
vn -0.627930 -0.774658 -0.074219
vn -0.969727 -0.115967 0.214355
vn -0.780273 -0.423584 -0.459717
vn -0.627930 -0.774658 -0.074219
vn -0.969727 -0.115967 0.214355
vn -0.627930 -0.774658 -0.074219
vn -0.706055 -0.477539 0.522461
vn -0.595703 0.275879 0.754150
vn -0.969727 -0.115967 0.214355
vn -0.706055 -0.477539 0.522461
vn -0.595703 0.275879 0.754150
vn -0.706055 -0.477539 0.522461
vn -0.377441 -0.061768 0.923828
vn 0.122559 0.522949 0.843262
vn -0.595703 0.275879 0.754150
vn -0.377441 -0.061768 0.923828
vn 0.122559 0.522949 0.843262
vn -0.377441 -0.061768 0.923828
vn 0.259766 0.022949 0.965332
vn 0.764648 0.480225 0.429443
vn 0.122559 0.522949 0.843262
vn 0.259766 0.022949 0.965332
vn 0.764648 0.480225 0.429443
vn 0.259766 0.022949 0.965332
vn 0.809570 -0.026855 0.586182
vn 0.954102 0.172607 -0.244385
vn 0.764648 0.480225 0.429443
vn 0.809570 -0.026855 0.586182
vn 0.954102 0.172607 -0.244385
vn 0.809570 -0.026855 0.586182
vn 0.952637 -0.303711 -0.006592
vn -0.706055 -0.477539 0.522461
vn -0.114014 -0.876465 0.467285
vn -0.004639 -0.697021 0.716797
vn -0.706055 -0.477539 0.522461
vn -0.004639 -0.697021 0.716797
vn -0.377441 -0.061768 0.923828
vn 0.259766 0.022949 0.965332
vn -0.377441 -0.061768 0.923828
vn -0.004639 -0.697021 0.716797
vn 0.259766 0.022949 0.965332
vn -0.004639 -0.697021 0.716797
vn 0.313477 -0.626465 0.713379
vn 0.809570 -0.026855 0.586182
vn 0.259766 0.022949 0.965332
vn 0.313477 -0.626465 0.713379
vn 0.809570 -0.026855 0.586182
vn 0.313477 -0.626465 0.713379
vn 0.516602 -0.659668 0.545410
vn 0.952637 -0.303711 -0.006592
vn 0.809570 -0.026855 0.586182
vn 0.516602 -0.659668 0.545410
vn 0.952637 -0.303711 -0.006592
vn 0.516602 -0.659668 0.545410
vn 0.547607 -0.777344 0.309326
vn -0.627930 -0.774658 -0.074219
vn -0.014648 -0.970703 0.239746
vn -0.114014 -0.876465 0.467285
vn -0.627930 -0.774658 -0.074219
vn -0.114014 -0.876465 0.467285
vn -0.706055 -0.477539 0.522461
vn -0.041016 -0.891357 -0.450928
vn 0.190186 -0.962646 0.192139
vn -0.014648 -0.970703 0.239746
vn -0.041016 -0.891357 -0.450928
vn -0.014648 -0.970703 0.239746
vn -0.627930 -0.774658 -0.074219
vn -0.004639 -0.697021 0.716797
vn -0.114014 -0.876465 0.467285
vn 0.237549 -0.856689 0.457520
vn -0.041016 -0.891357 -0.450928
vn 0.604980 -0.645508 -0.465820
vn 0.388428 -0.910156 0.143311
vn -0.041016 -0.891357 -0.450928
vn 0.388428 -0.910156 0.143311
vn 0.190186 -0.962646 0.192139
vn -0.138428 -0.466553 -0.873535
vn 0.579834 -0.219482 -0.784424
vn 0.604980 -0.645508 -0.465820
vn -0.138428 -0.466553 -0.873535
vn 0.604980 -0.645508 -0.465820
vn -0.041016 -0.891357 -0.450928
vn -0.138672 -0.466553 -0.873291
vn 0.579590 -0.219482 -0.784424
vn 0.579834 -0.219482 -0.784424
vn -0.138672 -0.466553 -0.873291
vn 0.579834 -0.219482 -0.784424
vn -0.138428 -0.466553 -0.873535
vn 0.030762 -0.842773 -0.537109
vn 0.653564 -0.616943 -0.437988
vn 0.579590 -0.219482 -0.784424
vn 0.030762 -0.842773 -0.537109
vn 0.579590 -0.219482 -0.784424
vn -0.138672 -0.466553 -0.873291
vn -0.074951 0.868652 -0.489258
vn -0.136963 0.803711 -0.578613
vn -0.237549 0.856689 -0.457520
vn 0.653564 -0.616943 -0.437988
vn 0.960938 -0.272461 0.047363
vn 0.953857 0.172363 -0.244873
vn 0.653564 -0.616943 -0.437988
vn 0.953857 0.172363 -0.244873
vn 0.579590 -0.219482 -0.784424
vn 0.579590 -0.219482 -0.784424
vn 0.953857 0.172363 -0.244873
vn 0.954102 0.172607 -0.244385
vn 0.579590 -0.219482 -0.784424
vn 0.954102 0.172607 -0.244385
vn 0.579834 -0.219482 -0.784424
vn 0.579834 -0.219482 -0.784424
vn 0.954102 0.172607 -0.244385
vn 0.952637 -0.303711 -0.006592
vn 0.579834 -0.219482 -0.784424
vn 0.952637 -0.303711 -0.006592
vn 0.604980 -0.645508 -0.465820
vn 0.604980 -0.645508 -0.465820
vn 0.952637 -0.303711 -0.006592
vn 0.547607 -0.777344 0.309326
vn 0.604980 -0.645508 -0.465820
vn 0.547607 -0.777344 0.309326
vn 0.388428 -0.910156 0.143311
vn 0.388428 -0.910156 0.143311
vn 0.547607 -0.777344 0.309326
vn 0.237549 -0.856689 0.457520
vn 0.151855 0.806152 0.571533
vn 0.375000 0.160156 0.912842
vn 0.616943 0.249756 0.746094
vn 0.616943 0.249756 0.746094
vn 0.375000 0.160156 0.912842
vn -0.182617 0.185059 0.965332
vn 0.616943 0.249756 0.746094
vn -0.182617 0.185059 0.965332
vn 0.637207 0.026855 0.770020
vn -0.722168 -0.138916 -0.677490
vn -0.862061 -0.076172 -0.500488
vn -0.890869 0.173096 -0.419434
vn -0.722168 -0.138916 -0.677490
vn -0.890869 0.173096 -0.419434
vn -0.591797 0.217285 -0.775879
vn 0.710938 0.700928 0.053955
vn 0.209473 0.828369 -0.519043
vn -0.138428 0.987305 -0.075439
vn 0.710938 0.700928 0.053955
vn -0.138428 0.987305 -0.075439
vn 0.151855 0.806152 0.571533
vn -0.731445 0.667480 -0.137939
vn -0.566406 0.653809 0.501465
vn -0.411621 0.803955 0.428467
vn -0.591797 0.217285 -0.775879
vn -0.890869 0.173096 -0.419434
vn -0.731445 0.667480 -0.137939
vn -0.591797 0.217285 -0.775879
vn -0.731445 0.667480 -0.137939
vn -0.396240 0.533691 -0.746826
vn -0.138428 0.987305 -0.075439
vn -0.731445 0.667480 -0.137939
vn -0.411621 0.803955 0.428467
vn -0.396240 0.533691 -0.746826
vn -0.731445 0.667480 -0.137939
vn -0.138428 0.987305 -0.075439
vn -0.798340 0.049316 0.600098
vn -0.052734 0.014404 0.998291
vn -0.182617 0.185059 0.965332
vn -0.798340 0.049316 0.600098
vn -0.182617 0.185059 0.965332
vn -0.683838 0.396240 0.612305
vn 0.291992 0.400635 -0.868164
vn 0.161621 0.014160 -0.986572
vn -0.236084 0.139160 -0.961670
vn -0.882568 0.395508 0.253174
vn -0.683838 0.396240 0.612305
vn -0.566406 0.653809 0.501465
vn -0.882568 0.395508 0.253174
vn -0.566406 0.653809 0.501465
vn -0.731445 0.667480 -0.137939
vn -0.529053 0.583984 0.615479
vn -0.566406 0.653809 0.501465
vn -0.683838 0.396240 0.612305
vn -0.529053 0.583984 0.615479
vn -0.683838 0.396240 0.612305
vn -0.182617 0.185059 0.965332
vn -0.411621 0.803955 0.428467
vn 0.151855 0.806152 0.571533
vn -0.138428 0.987305 -0.075439
vn -0.897705 -0.278564 -0.341064
vn -0.996826 -0.000488 -0.078613
vn -0.862061 -0.076172 -0.500488
vn -0.996826 -0.000488 -0.078613
vn -0.897705 -0.278564 -0.341064
vn -0.798340 0.049316 0.600098
vn 0.637207 0.026855 0.770020
vn -0.182617 0.185059 0.965332
vn -0.052734 0.014404 0.998291
vn 0.637207 0.026855 0.770020
vn -0.052734 0.014404 0.998291
vn 0.738770 -0.104248 0.665527
vn -0.798340 0.049316 0.600098
vn -0.683838 0.396240 0.612305
vn -0.882568 0.395508 0.253174
vn -0.798340 0.049316 0.600098
vn -0.882568 0.395508 0.253174
vn -0.996826 -0.000488 -0.078613
vn -0.996826 -0.000488 -0.078613
vn -0.882568 0.395508 0.253174
vn -0.890869 0.173096 -0.419434
vn -0.996826 -0.000488 -0.078613
vn -0.890869 0.173096 -0.419434
vn -0.862061 -0.076172 -0.500488
vn -0.735352 -0.300293 -0.607178
vn -0.897705 -0.278564 -0.341064
vn -0.862061 -0.076172 -0.500488
vn -0.735352 -0.300293 -0.607178
vn -0.862061 -0.076172 -0.500488
vn -0.722168 -0.138916 -0.677490
vn -0.411621 0.803955 0.428467
vn -0.566406 0.653809 0.501465
vn -0.529053 0.583984 0.615479
vn -0.411621 0.803955 0.428467
vn -0.529053 0.583984 0.615479
vn 0.151855 0.806152 0.571533
vn -0.890869 0.173096 -0.419434
vn -0.882568 0.395508 0.253174
vn -0.731445 0.667480 -0.137939
vn 0.695801 0.490479 -0.524170
vn 0.760986 0.257812 -0.594971
vn 0.291992 0.400635 -0.868164
vn 0.695801 0.490479 -0.524170
vn 0.291992 0.400635 -0.868164
vn 0.209473 0.828369 -0.519043
vn 0.753662 -0.063232 -0.653809
vn 0.991211 -0.104736 -0.080322
vn 0.907471 -0.322510 -0.268311
vn 0.753662 -0.063232 -0.653809
vn 0.907471 -0.322510 -0.268311
vn 0.596680 -0.444092 -0.667969
vn 0.116455 -0.107910 -0.987061
vn 0.116455 -0.107910 -0.987061
vn 0.116455 -0.107910 -0.987061
vn 0.116455 -0.107910 -0.987061
vn 0.116455 -0.107910 -0.987061
vn 0.116455 -0.107910 -0.987061
vn 0.291992 0.400635 -0.868164
vn 0.760986 0.257812 -0.594971
vn 0.753662 -0.063232 -0.653809
vn 0.291992 0.400635 -0.868164
vn 0.753662 -0.063232 -0.653809
vn 0.161621 0.014160 -0.986572
vn 0.991211 -0.104736 -0.080322
vn 0.753662 -0.063232 -0.653809
vn 0.760986 0.257812 -0.594971
vn 0.991211 -0.104736 -0.080322
vn 0.760986 0.257812 -0.594971
vn 0.807861 0.224609 -0.544678
vn 0.209473 0.828369 -0.519043
vn 0.710938 0.700928 0.053955
vn 0.695801 0.490479 -0.524170
vn -0.307617 -0.131836 -0.942139
vn 0.219482 -0.319824 -0.921631
vn -0.343750 -0.403076 -0.847900
vn 0.596680 -0.444092 -0.667969
vn -0.343750 -0.403076 -0.847900
vn 0.219482 -0.319824 -0.921631
vn 0.219482 -0.319824 -0.921631
vn 0.161621 0.014160 -0.986572
vn 0.753662 -0.063232 -0.653809
vn 0.219482 -0.319824 -0.921631
vn 0.753662 -0.063232 -0.653809
vn 0.596680 -0.444092 -0.667969
vn -0.307617 -0.131836 -0.942139
vn -0.236084 0.139160 -0.961670
vn 0.161621 0.014160 -0.986572
vn -0.307617 -0.131836 -0.942139
vn 0.161621 0.014160 -0.986572
vn 0.219482 -0.319824 -0.921631
vn 0.807861 0.224609 -0.544678
vn 0.760986 0.257812 -0.594971
vn 0.695801 0.490479 -0.524170
vn 0.807861 0.224609 -0.544678
vn 0.695801 0.490479 -0.524170
vn 0.710938 0.700928 0.053955
vn 0.738770 -0.104248 0.665527
vn 0.907471 -0.322510 -0.268311
vn 0.991211 -0.104736 -0.080322
vn 0.738770 -0.104248 0.665527
vn 0.991211 -0.104736 -0.080322
vn 0.637207 0.026855 0.770020
vn 0.637207 0.026855 0.770020
vn 0.991211 -0.104736 -0.080322
vn 0.886230 0.035400 0.461670
vn 0.637207 0.026855 0.770020
vn 0.886230 0.035400 0.461670
vn 0.616943 0.249756 0.746094
vn 0.616943 0.249756 0.746094
vn 0.886230 0.035400 0.461670
vn 0.710938 0.700928 0.053955
vn 0.616943 0.249756 0.746094
vn 0.710938 0.700928 0.053955
vn 0.151855 0.806152 0.571533
vn -0.978271 0.201904 -0.045166
vn -0.978271 0.201904 -0.045166
vn -0.978271 0.201904 -0.045166
vn -0.978271 0.201904 -0.045166
vn -0.978271 0.201904 -0.045166
vn -0.978271 0.201904 -0.045166
vn -0.722168 -0.138916 -0.677490
vn -0.307617 -0.131836 -0.942139
vn -0.343750 -0.403076 -0.847900
vn -0.722168 -0.138916 -0.677490
vn -0.343750 -0.403076 -0.847900
vn -0.735352 -0.300293 -0.607178
vn -0.591797 0.217285 -0.775879
vn -0.236084 0.139160 -0.961670
vn -0.307617 -0.131836 -0.942139
vn -0.591797 0.217285 -0.775879
vn -0.307617 -0.131836 -0.942139
vn -0.722168 -0.138916 -0.677490
vn -0.396240 0.533691 -0.746826
vn 0.291992 0.400635 -0.868164
vn -0.236084 0.139160 -0.961670
vn -0.396240 0.533691 -0.746826
vn -0.236084 0.139160 -0.961670
vn -0.591797 0.217285 -0.775879
vn 0.209473 0.828369 -0.519043
vn 0.291992 0.400635 -0.868164
vn -0.396240 0.533691 -0.746826
vn -0.396240 0.533691 -0.746826
vn -0.138428 0.987305 -0.075439
vn 0.209473 0.828369 -0.519043
vn -0.483154 -0.273438 0.831543
vn 0.116699 -0.948730 0.293213
vn 0.560547 -0.150391 0.813965
vn -0.483154 -0.273438 0.831543
vn -0.901855 0.405762 0.146973
vn -0.787109 -0.604736 -0.118896
vn -0.068848 0.686523 0.723633
vn 0.560547 -0.150391 0.813965
vn 0.787109 0.604736 0.118896
vn -0.068848 0.686523 0.723633
vn -0.116699 0.948730 -0.293213
vn -0.901855 0.405762 0.146973
vn 0.068848 -0.686523 -0.723633
vn 0.901855 -0.405762 -0.146973
vn 0.116699 -0.948730 0.293213
vn 0.068848 -0.686523 -0.723633
vn -0.787109 -0.604736 -0.118896
vn -0.560547 0.150391 -0.813965
vn 0.483154 0.273438 -0.831543
vn 0.787109 0.604736 0.118896
vn 0.901855 -0.405762 -0.146973
vn 0.483154 0.273438 -0.831543
vn -0.560547 0.150391 -0.813965
vn -0.116699 0.948730 -0.293213
vn -0.483154 -0.273438 0.831543
vn -0.787109 -0.604736 -0.118896
vn 0.116699 -0.948730 0.293213
vn 0.068848 -0.686523 -0.723633
vn 0.116699 -0.948730 0.293213
vn -0.787109 -0.604736 -0.118896
vn -0.068848 0.686523 0.723633
vn 0.787109 0.604736 0.118896
vn -0.116699 0.948730 -0.293213
vn 0.483154 0.273438 -0.831543
vn -0.116699 0.948730 -0.293213
vn 0.787109 0.604736 0.118896
vn 0.560547 -0.150391 0.813965
vn -0.068848 0.686523 0.723633
vn -0.483154 -0.273438 0.831543
vn -0.901855 0.405762 0.146973
vn -0.483154 -0.273438 0.831543
vn -0.068848 0.686523 0.723633
vn 0.901855 -0.405762 -0.146973
vn 0.068848 -0.686523 -0.723633
vn 0.483154 0.273438 -0.831543
vn -0.560547 0.150391 -0.813965
vn 0.483154 0.273438 -0.831543
vn 0.068848 -0.686523 -0.723633
vn 0.116699 -0.948730 0.293213
vn 0.901855 -0.405762 -0.146973
vn 0.560547 -0.150391 0.813965
vn 0.787109 0.604736 0.118896
vn 0.560547 -0.150391 0.813965
vn 0.901855 -0.405762 -0.146973
vn -0.787109 -0.604736 -0.118896
vn -0.901855 0.405762 0.146973
vn -0.560547 0.150391 -0.813965
vn -0.116699 0.948730 -0.293213
vn -0.560547 0.150391 -0.813965
vn -0.901855 0.405762 0.146973
vn 0.466553 -0.423340 -0.776367
vn 0.624268 -0.664307 -0.410645
vn 0.665283 -0.498779 -0.555176
vn 0.466553 -0.423340 -0.776367
vn 0.665283 -0.498779 -0.555176
vn 0.444092 -0.297607 -0.844727
vn 0.997314 -0.071533 0.003662
vn 0.857910 -0.420166 -0.295166
vn 0.950928 -0.280273 -0.130127
vn 0.624268 -0.664307 -0.410645
vn 0.950928 -0.280273 -0.130127
vn 0.857910 -0.420166 -0.295166
vn 0.624268 -0.664307 -0.410645
vn 0.857910 -0.420166 -0.295166
vn 0.665283 -0.498779 -0.555176
vn 0.980713 0.095703 -0.170166
vn 0.788330 0.200684 -0.581299
vn 0.823486 0.216553 -0.523926
vn 0.980713 0.095703 -0.170166
vn 0.823486 0.216553 -0.523926
vn 0.990234 0.049316 -0.129883
vn 0.569580 -0.076660 -0.818115
vn 0.637451 0.067383 -0.767334
vn 0.466553 -0.423340 -0.776367
vn 0.569580 -0.076660 -0.818115
vn 0.466553 -0.423340 -0.776367
vn 0.444092 -0.297607 -0.844727
vn 0.823486 0.216553 -0.523926
vn 0.788330 0.200684 -0.581299
vn 0.637451 0.067383 -0.767334
vn 0.823486 0.216553 -0.523926
vn 0.637451 0.067383 -0.767334
vn 0.569580 -0.076660 -0.818115
vn -0.189209 -0.024170 0.981445
vn 0.026367 0.101807 0.994385
vn -0.709473 0.192627 0.677490
vn -0.189209 -0.024170 0.981445
vn -0.709473 0.192627 0.677490
vn -0.700439 0.065674 0.710449
vn -0.331787 -0.940430 -0.071777
vn -0.500977 -0.828369 0.249756
vn -0.521973 -0.830811 0.191895
vn 0.602295 -0.189453 0.775146
vn 0.485596 -0.469727 0.737061
vn 0.737549 -0.665283 0.114990
vn 0.602295 -0.189453 0.775146
vn 0.737549 -0.665283 0.114990
vn 0.945557 -0.314941 -0.080566
vn 0.695801 -0.368896 -0.615967
vn 0.591797 -0.654053 -0.470703
vn 0.156006 -0.598389 -0.785645
vn 0.695801 -0.368896 -0.615967
vn 0.156006 -0.598389 -0.785645
vn 0.089111 -0.272217 -0.958008
vn 0.945557 -0.314941 -0.080566
vn 0.737549 -0.665283 0.114990
vn 0.591797 -0.654053 -0.470703
vn 0.945557 -0.314941 -0.080566
vn 0.591797 -0.654053 -0.470703
vn 0.695801 -0.368896 -0.615967
vn 0.087402 -0.919189 -0.383545
vn 0.156006 -0.598389 -0.785645
vn 0.591797 -0.654053 -0.470703
vn 0.087402 -0.919189 -0.383545
vn 0.591797 -0.654053 -0.470703
vn 0.307373 -0.925537 -0.219971
vn -0.737549 -0.189697 -0.647949
vn -0.647461 -0.438721 -0.622803
vn -0.929932 -0.350342 0.110596
vn -0.737549 -0.189697 -0.647949
vn -0.929932 -0.350342 0.110596
vn -0.969971 0.123047 0.208740
vn -0.031738 -0.971680 -0.232910
vn 0.017822 -0.978516 -0.204834
vn -0.331787 -0.940430 -0.071777
vn -0.189209 -0.024170 0.981445
vn -0.215088 -0.354980 0.909668
vn 0.485596 -0.469727 0.737061
vn -0.189209 -0.024170 0.981445
vn 0.485596 -0.469727 0.737061
vn 0.602295 -0.189453 0.775146
vn -0.709717 -0.696289 0.105957
vn -0.929932 -0.350342 0.110596
vn -0.647461 -0.438721 -0.622803
vn -0.709717 -0.696289 0.105957
vn -0.647461 -0.438721 -0.622803
vn -0.428955 -0.830566 -0.354980
vn 0.407959 -0.888428 0.209473
vn -0.148926 -0.978027 0.145508
vn 0.307373 -0.925537 -0.219971
vn 0.210938 -0.787109 0.579102
vn 0.485596 -0.469727 0.737061
vn -0.215088 -0.354980 0.909668
vn 0.210938 -0.787109 0.579102
vn -0.215088 -0.354980 0.909668
vn -0.269531 -0.749268 0.604492
vn 0.210938 -0.787109 0.579102
vn -0.148926 -0.978027 0.145508
vn 0.407959 -0.888428 0.209473
vn 0.997314 -0.071533 0.003662
vn 0.990234 0.049316 -0.129883
vn 0.993408 -0.018799 0.111084
vn -0.428955 -0.830566 -0.354980
vn -0.647461 -0.438721 -0.622803
vn 0.156006 -0.598389 -0.785645
vn -0.428955 -0.830566 -0.354980
vn 0.156006 -0.598389 -0.785645
vn 0.087402 -0.919189 -0.383545
vn 0.089111 -0.272217 -0.958008
vn 0.156006 -0.598389 -0.785645
vn -0.647461 -0.438721 -0.622803
vn 0.089111 -0.272217 -0.958008
vn -0.647461 -0.438721 -0.622803
vn -0.737549 -0.189697 -0.647949
vn -0.709717 -0.696289 0.105957
vn -0.148926 -0.978027 0.145508
vn -0.564697 -0.699463 0.437744
vn -0.269531 -0.749268 0.604492
vn -0.215088 -0.354980 0.909668
vn -0.709473 -0.276367 0.647949
vn -0.269531 -0.749268 0.604492
vn -0.709473 -0.276367 0.647949
vn -0.564697 -0.699463 0.437744
vn -0.969971 0.123047 0.208740
vn -0.929932 -0.350342 0.110596
vn -0.709473 -0.276367 0.647949
vn -0.969971 0.123047 0.208740
vn -0.709473 -0.276367 0.647949
vn -0.700439 0.065674 0.710449
vn -0.969971 0.123047 0.208740
vn -0.939453 0.310059 0.145264
vn -0.934814 0.173828 -0.308838
vn -0.969971 0.123047 0.208740
vn -0.934814 0.173828 -0.308838
vn -0.737549 -0.189697 -0.647949
vn 0.089111 -0.272217 -0.958008
vn -0.737549 -0.189697 -0.647949
vn -0.151123 -0.071777 -0.985840
vn 0.089111 -0.272217 -0.958008
vn -0.151123 -0.071777 -0.985840
vn 0.444092 -0.297607 -0.844727
vn 0.857910 -0.420166 -0.295166
vn 0.997314 -0.071533 0.003662
vn 0.945557 -0.314941 -0.080566
vn 0.945557 -0.314941 -0.080566
vn 0.997314 -0.071533 0.003662
vn 0.790283 -0.057373 0.609619
vn 0.945557 -0.314941 -0.080566
vn 0.790283 -0.057373 0.609619
vn 0.602295 -0.189453 0.775146
vn 0.602295 -0.189453 0.775146
vn 0.790283 -0.057373 0.609619
vn 0.026367 0.101807 0.994385
vn 0.602295 -0.189453 0.775146
vn 0.026367 0.101807 0.994385
vn -0.189209 -0.024170 0.981445
vn -0.700439 0.065674 0.710449
vn -0.709473 -0.276367 0.647949
vn -0.215088 -0.354980 0.909668
vn -0.700439 0.065674 0.710449
vn -0.215088 -0.354980 0.909668
vn -0.189209 -0.024170 0.981445
vn -0.969971 0.123047 0.208740
vn -0.700439 0.065674 0.710449
vn -0.709473 0.192627 0.677490
vn -0.969971 0.123047 0.208740
vn -0.709473 0.192627 0.677490
vn -0.939453 0.310059 0.145264
vn 0.444092 -0.297607 -0.844727
vn 0.665283 -0.498779 -0.555176
vn 0.695801 -0.368896 -0.615967
vn 0.444092 -0.297607 -0.844727
vn 0.695801 -0.368896 -0.615967
vn 0.089111 -0.272217 -0.958008
vn 0.945557 -0.314941 -0.080566
vn 0.695801 -0.368896 -0.615967
vn 0.665283 -0.498779 -0.555176
vn 0.945557 -0.314941 -0.080566
vn 0.665283 -0.498779 -0.555176
vn 0.857910 -0.420166 -0.295166
vn 0.950928 -0.280273 -0.130127
vn 0.980713 0.095703 -0.170166
vn 0.990234 0.049316 -0.129883
vn 0.950928 -0.280273 -0.130127
vn 0.990234 0.049316 -0.129883
vn 0.997314 -0.071533 0.003662
vn -0.428955 -0.830566 -0.354980
vn -0.148926 -0.978027 0.145508
vn -0.709717 -0.696289 0.105957
vn 0.087402 -0.919189 -0.383545
vn -0.148926 -0.978027 0.145508
vn -0.428955 -0.830566 -0.354980
vn 0.307373 -0.925537 -0.219971
vn -0.148926 -0.978027 0.145508
vn 0.087402 -0.919189 -0.383545
vn 0.307373 -0.925537 -0.219971
vn 0.591797 -0.654053 -0.470703
vn 0.737549 -0.665283 0.114990
vn 0.307373 -0.925537 -0.219971
vn 0.737549 -0.665283 0.114990
vn 0.407959 -0.888428 0.209473
vn 0.407959 -0.888428 0.209473
vn 0.737549 -0.665283 0.114990
vn 0.485596 -0.469727 0.737061
vn 0.407959 -0.888428 0.209473
vn 0.485596 -0.469727 0.737061
vn 0.210938 -0.787109 0.579102
vn -0.269531 -0.749268 0.604492
vn -0.148926 -0.978027 0.145508
vn 0.210938 -0.787109 0.579102
vn -0.564697 -0.699463 0.437744
vn -0.148926 -0.978027 0.145508
vn -0.269531 -0.749268 0.604492
vn -0.564697 -0.699463 0.437744
vn -0.709473 -0.276367 0.647949
vn -0.929932 -0.350342 0.110596
vn -0.564697 -0.699463 0.437744
vn -0.929932 -0.350342 0.110596
vn -0.709717 -0.696289 0.105957
vn -0.331787 -0.940430 -0.071777
vn -0.512207 -0.856201 -0.063232
vn -0.277832 -0.923340 -0.264160
vn -0.331787 -0.940430 -0.071777
vn -0.521973 -0.830811 0.191895
vn -0.512207 -0.856201 -0.063232
vn -0.277832 -0.923340 -0.264160
vn -0.031738 -0.971680 -0.232910
vn -0.331787 -0.940430 -0.071777
vn 0.993408 -0.018799 0.111084
vn 0.790283 -0.057373 0.609619
vn 0.997314 -0.071533 0.003662
vn 0.104004 -0.916260 -0.386719
vn 0.078125 -0.754150 0.651611
vn -0.789062 -0.609375 0.075195
vn -0.543457 0.073242 0.836182
vn -0.901611 0.422852 -0.088379
vn -0.789062 -0.609375 0.075195
vn 0.543457 -0.073242 -0.836182
vn 0.104004 -0.916260 -0.386719
vn -0.501465 -0.188477 -0.844238
vn -0.901611 0.422852 -0.088379
vn -0.078125 0.754150 -0.651611
vn -0.501465 -0.188477 -0.844238
vn 0.078125 -0.754150 0.651611
vn 0.901611 -0.422852 0.088379
vn 0.501465 0.188477 0.844238
vn -0.104004 0.916260 0.386719
vn -0.543457 0.073242 0.836182
vn 0.501465 0.188477 0.844238
vn 0.901611 -0.422852 0.088379
vn 0.543457 -0.073242 -0.836182
vn 0.789062 0.609375 -0.075195
vn -0.078125 0.754150 -0.651611
vn -0.104004 0.916260 0.386719
vn 0.789062 0.609375 -0.075195
vn 0.078125 -0.754150 0.651611
vn -0.543457 0.073242 0.836182
vn -0.789062 -0.609375 0.075195
vn -0.543457 0.073242 0.836182
vn 0.078125 -0.754150 0.651611
vn 0.501465 0.188477 0.844238
vn -0.078125 0.754150 -0.651611
vn 0.543457 -0.073242 -0.836182
vn -0.501465 -0.188477 -0.844238
vn 0.543457 -0.073242 -0.836182
vn -0.078125 0.754150 -0.651611
vn 0.789062 0.609375 -0.075195
vn -0.789062 -0.609375 0.075195
vn -0.501465 -0.188477 -0.844238
vn 0.104004 -0.916260 -0.386719
vn -0.501465 -0.188477 -0.844238
vn -0.789062 -0.609375 0.075195
vn -0.901611 0.422852 -0.088379
vn 0.789062 0.609375 -0.075195
vn 0.501465 0.188477 0.844238
vn 0.901611 -0.422852 0.088379
vn 0.501465 0.188477 0.844238
vn 0.789062 0.609375 -0.075195
vn -0.104004 0.916260 0.386719
vn 0.104004 -0.916260 -0.386719
vn 0.901611 -0.422852 0.088379
vn 0.078125 -0.754150 0.651611
vn 0.901611 -0.422852 0.088379
vn 0.104004 -0.916260 -0.386719
vn 0.543457 -0.073242 -0.836182
vn -0.104004 0.916260 0.386719
vn -0.901611 0.422852 -0.088379
vn -0.543457 0.073242 0.836182
vn -0.901611 0.422852 -0.088379
vn -0.104004 0.916260 0.386719
vn -0.078125 0.754150 -0.651611
usemtl Texture
f 1/1/1 2/2/2 3/3/3
f 4/4/4 5/5/5 6/6/6
f 7/7/7 8/8/8 9/9/9
f 10/10/10 11/11/11 12/12/12
f 13/13/13 14/14/14 15/15/15
f 16/16/16 17/17/17 18/18/18
f 19/19/19 20/20/20 21/21/21
f 22/22/22 23/23/23 24/24/24
f 25/25/25 26/26/26 27/27/27
f 28/28/28 29/29/29 30/30/30
f 31/31/31 32/32/32 33/33/33
f 34/34/34 35/35/35 36/36/36
f 37/37/37 38/38/38 39/39/39
f 40/40/40 41/41/41 42/42/42
f 43/43/43 44/44/44 45/45/45
f 46/46/46 47/47/47 48/48/48
f 49/49/49 50/50/50 51/51/51
f 52/52/52 53/53/53 54/54/54
f 55/55/55 56/56/56 57/57/57
f 58/58/58 59/59/59 60/60/60
f 61/61/61 62/62/62 63/63/63
f 64/64/64 65/65/65 66/66/66
f 67/67/67 68/68/68 69/69/69
f 70/70/70 71/71/71 72/72/72
f 73/73/73 74/74/74 75/75/75
f 76/76/76 77/77/77 78/78/78
f 79/79/79 80/80/80 81/81/81
f 82/82/82 83/83/83 84/84/84
f 85/85/85 86/86/86 87/87/87
f 88/88/88 89/89/89 90/90/90
f 91/91/91 92/92/92 93/93/93
f 94/94/94 95/95/95 96/96/96
f 97/97/97 98/98/98 99/99/99
f 100/100/100 101/101/101 102/102/102
f 103/103/103 104/104/104 105/105/105
f 106/106/106 107/107/107 108/108/108
f 109/109/109 110/110/110 111/111/111
f 112/112/112 113/113/113 114/114/114
f 115/115/115 116/116/116 117/117/117
f 118/118/118 119/119/119 120/120/120
f 121/121/121 122/122/122 123/123/123
f 124/124/124 125/125/125 126/126/126
f 127/127/127 128/128/128 129/129/129
f 130/130/130 131/131/131 132/132/132
f 133/133/133 134/134/134 135/135/135
f 136/136/136 137/137/137 138/138/138
f 139/139/139 140/140/140 141/141/141
f 142/142/142 143/143/143 144/144/144
f 145/145/145 146/146/146 147/147/147
f 148/148/148 149/149/149 150/150/150
f 151/151/151 152/152/152 153/153/153
f 154/154/154 155/155/155 156/156/156
f 157/157/157 158/158/158 159/159/159
f 160/160/160 161/161/161 162/162/162
f 163/163/163 164/164/164 165/165/165
f 166/166/166 167/167/167 168/168/168
f 169/169/169 170/170/170 171/171/171
f 172/172/172 173/173/173 174/174/174
f 175/175/175 176/176/176 177/177/177
f 178/178/178 179/179/179 180/180/180
f 181/181/181 182/182/182 183/183/183
f 184/184/184 185/185/185 186/186/186
f 187/187/187 188/188/188 189/189/189
f 190/190/190 191/191/191 192/192/192
f 193/193/193 194/194/194 195/195/195
f 196/196/196 197/197/197 198/198/198
f 199/199/199 200/200/200 201/201/201
f 202/202/202 203/203/203 204/204/204
f 205/205/205 206/206/206 207/207/207
f 208/208/208 209/209/209 210/210/210
f 211/211/211 212/212/212 213/213/213
f 214/214/214 215/215/215 216/216/216
f 217/217/217 218/218/218 219/219/219
f 220/220/220 221/221/221 222/222/222
f 223/223/223 224/224/224 225/225/225
f 226/226/226 227/227/227 228/228/228
f 229/229/229 230/230/230 231/231/231
f 232/232/232 233/233/233 234/234/234
f 235/235/235 236/236/236 237/237/237
f 238/238/238 239/239/239 240/240/240
f 241/241/241 242/242/242 243/243/243
f 244/244/244 245/245/245 246/246/246
f 247/247/247 248/248/248 249/249/249
f 250/250/250 251/251/251 252/252/252
f 253/253/253 254/254/254 255/255/255
f 256/256/256 257/257/257 258/258/258
f 259/259/259 260/260/260 261/261/261
f 262/262/262 263/263/263 264/264/264
f 265/265/265 266/266/266 267/267/267
f 268/268/268 269/269/269 270/270/270
f 271/271/271 272/272/272 273/273/273
f 274/274/274 275/275/275 276/276/276
f 277/277/277 278/278/278 279/279/279
f 280/280/280 281/281/281 282/282/282
f 283/283/283 284/284/284 285/285/285
f 286/286/286 287/287/287 288/288/288
f 289/289/289 290/290/290 291/291/291
f 292/292/292 293/293/293 294/294/294
f 295/295/295 296/296/296 297/297/297
f 298/298/298 299/299/299 300/300/300
f 301/301/301 302/302/302 303/303/303
f 304/304/304 305/305/305 306/306/306
f 307/307/307 308/308/308 309/309/309
f 310/310/310 311/311/311 312/312/312
f 313/313/313 314/314/314 315/315/315
f 316/316/316 317/317/317 318/318/318
f 319/319/319 320/320/320 321/321/321
f 322/322/322 323/323/323 324/324/324
f 325/325/325 326/326/326 327/327/327
f 328/328/328 329/329/329 330/330/330
f 331/331/331 332/332/332 333/333/333
f 334/334/334 335/335/335 336/336/336
f 337/337/337 338/338/338 339/339/339
f 340/340/340 341/341/341 342/342/342
f 343/343/343 344/344/344 345/345/345
f 346/346/346 347/347/347 348/348/348
f 349/349/349 350/350/350 351/351/351
f 352/352/352 353/353/353 354/354/354
f 355/355/355 356/356/356 357/357/357
f 358/358/358 359/359/359 360/360/360
f 361/361/361 362/362/362 363/363/363
f 364/364/364 365/365/365 366/366/366
f 367/367/367 368/368/368 369/369/369
f 370/370/370 371/371/371 372/372/372
f 373/373/373 374/374/374 375/375/375
f 376/376/376 377/377/377 378/378/378
f 379/379/379 380/380/380 381/381/381
f 382/382/382 383/383/383 384/384/384
f 385/385/385 386/386/386 387/387/387
f 388/388/388 389/389/389 390/390/390
f 391/391/391 392/392/392 393/393/393
f 394/394/394 395/395/395 396/396/396
f 397/397/397 398/398/398 399/399/399
f 400/400/400 401/401/401 402/402/402
f 403/403/403 404/404/404 405/405/405
f 406/406/406 407/407/407 408/408/408
f 409/409/409 410/410/410 411/411/411
f 412/412/412 413/413/413 414/414/414
f 415/415/415 416/416/416 417/417/417
f 418/418/418 419/419/419 420/420/420
f 421/421/421 422/422/422 423/423/423
f 424/424/424 425/425/425 426/426/426
f 427/427/427 428/428/428 429/429/429
f 430/430/430 431/431/431 432/432/432
f 433/433/433 434/434/434 435/435/435
f 436/436/436 437/437/437 438/438/438
f 439/439/439 440/440/440 441/441/441
f 442/442/442 443/443/443 444/444/444
f 445/445/445 446/446/446 447/447/447
f 448/448/448 449/449/449 450/450/450
f 451/451/451 452/452/452 453/453/453
f 454/454/454 455/455/455 456/456/456
f 457/457/457 458/458/458 459/459/459
f 460/460/460 461/461/461 462/462/462
f 463/463/463 464/464/464 465/465/465
f 466/466/466 467/467/467 468/468/468
f 469/469/469 470/470/470 471/471/471
f 472/472/472 473/473/473 474/474/474
f 475/475/475 476/476/476 477/477/477
f 478/478/478 479/479/479 480/480/480
f 481/481/481 482/482/482 483/483/483
f 484/484/484 485/485/485 486/486/486
f 487/487/487 488/488/488 489/489/489
f 490/490/490 491/491/491 492/492/492
f 493/493/493 494/494/494 495/495/495
f 496/496/496 497/497/497 498/498/498
f 499/499/499 500/500/500 501/501/501
f 502/502/502 503/503/503 504/504/504
f 505/505/505 506/506/506 507/507/507
f 508/508/508 509/509/509 510/510/510
f 511/511/511 512/512/512 513/513/513
f 514/514/514 515/515/515 516/516/516
f 517/517/517 518/518/518 519/519/519
f 520/520/520 521/521/521 522/522/522
f 523/523/523 524/524/524 525/525/525
f 526/526/526 527/527/527 528/528/528
f 529/529/529 530/530/530 531/531/531
f 532/532/532 533/533/533 534/534/534
f 535/535/535 536/536/536 537/537/537
f 538/538/538 539/539/539 540/540/540
f 541/541/541 542/542/542 543/543/543
f 544/544/544 545/545/545 546/546/546
f 547/547/547 548/548/548 549/549/549
f 550/550/550 551/551/551 552/552/552
f 553/553/553 554/554/554 555/555/555
f 556/556/556 557/557/557 558/558/558
f 559/559/559 560/560/560 561/561/561
f 562/562/562 563/563/563 564/564/564
f 565/565/565 566/566/566 567/567/567
f 568/568/568 569/569/569 570/570/570
f 571/571/571 572/572/572 573/573/573
f 574/574/574 575/575/575 576/576/576
f 577/577/577 578/578/578 579/579/579
f 580/580/580 581/581/581 582/582/582
f 583/583/583 584/584/584 585/585/585
f 586/586/586 587/587/587 588/588/588
f 589/589/589 590/590/590 591/591/591
f 592/592/592 593/593/593 594/594/594
f 595/595/595 596/596/596 597/597/597
f 598/598/598 599/599/599 600/600/600
f 601/601/601 602/602/602 603/603/603
f 604/604/604 605/605/605 606/606/606
f 607/607/607 608/608/608 609/609/609
f 610/610/610 611/611/611 612/612/612
f 613/613/613 614/614/614 615/615/615
f 616/616/616 617/617/617 618/618/618
f 619/619/619 620/620/620 621/621/621
f 622/622/622 623/623/623 624/624/624
f 625/625/625 626/626/626 627/627/627
f 628/628/628 629/629/629 630/630/630
f 631/631/631 632/632/632 633/633/633
f 634/634/634 635/635/635 636/636/636
f 637/637/637 638/638/638 639/639/639
f 640/640/640 641/641/641 642/642/642
f 643/643/643 644/644/644 645/645/645
f 646/646/646 647/647/647 648/648/648
f 649/649/649 650/650/650 651/651/651
f 652/652/652 653/653/653 654/654/654
f 655/655/655 656/656/656 657/657/657
f 658/658/658 659/659/659 660/660/660
f 661/661/661 662/662/662 663/663/663
f 664/664/664 665/665/665 666/666/666
f 667/667/667 668/668/668 669/669/669
f 670/670/670 671/671/671 672/672/672
f 673/673/673 674/674/674 675/675/675
f 676/676/676 677/677/677 678/678/678
f 679/679/679 680/680/680 681/681/681
f 682/682/682 683/683/683 684/684/684
f 685/685/685 686/686/686 687/687/687
f 688/688/688 689/689/689 690/690/690
f 691/691/691 692/692/692 693/693/693
f 694/694/694 695/695/695 696/696/696
f 697/697/697 698/698/698 699/699/699
f 700/700/700 701/701/701 702/702/702
f 703/703/703 704/704/704 705/705/705
f 706/706/706 707/707/707 708/708/708
f 709/709/709 710/710/710 711/711/711
f 712/712/712 713/713/713 714/714/714
f 715/715/715 716/716/716 717/717/717
f 718/718/718 719/719/719 720/720/720
f 721/721/721 722/722/722 723/723/723
f 724/724/724 725/725/725 726/726/726
f 727/727/727 728/728/728 729/729/729
f 730/730/730 731/731/731 732/732/732
f 733/733/733 734/734/734 735/735/735
f 736/736/736 737/737/737 738/738/738
f 739/739/739 740/740/740 741/741/741
f 742/742/742 743/743/743 744/744/744
f 745/745/745 746/746/746 747/747/747
f 748/748/748 749/749/749 750/750/750
f 751/751/751 752/752/752 753/753/753
f 754/754/754 755/755/755 756/756/756
f 757/757/757 758/758/758 759/759/759
f 760/760/760 761/761/761 762/762/762
f 763/763/763 764/764/764 765/765/765
f 766/766/766 767/767/767 768/768/768
f 769/769/769 770/770/770 771/771/771
f 772/772/772 773/773/773 774/774/774
f 775/775/775 776/776/776 777/777/777
f 778/778/778 779/779/779 780/780/780
f 781/781/781 782/782/782 783/783/783
f 784/784/784 785/785/785 786/786/786
f 787/787/787 788/788/788 789/789/789
f 790/790/790 791/791/791 792/792/792
f 793/793/793 794/794/794 795/795/795
f 796/796/796 797/797/797 798/798/798
f 799/799/799 800/800/800 801/801/801
f 802/802/802 803/803/803 804/804/804
f 805/805/805 806/806/806 807/807/807
f 808/808/808 809/809/809 810/810/810
f 811/811/811 812/812/812 813/813/813
f 814/814/814 815/815/815 816/816/816
f 817/817/817 818/818/818 819/819/819
f 820/820/820 821/821/821 822/822/822
f 823/823/823 824/824/824 825/825/825
f 826/826/826 827/827/827 828/828/828
f 829/829/829 830/830/830 831/831/831
f 832/832/832 833/833/833 834/834/834
f 835/835/835 836/836/836 837/837/837
f 838/838/838 839/839/839 840/840/840
f 841/841/841 842/842/842 843/843/843
f 844/844/844 845/845/845 846/846/846
f 847/847/847 848/848/848 849/849/849
f 850/850/850 851/851/851 852/852/852
f 853/853/853 854/854/854 855/855/855
f 856/856/856 857/857/857 858/858/858
f 859/859/859 860/860/860 861/861/861
f 862/862/862 863/863/863 864/864/864
f 865/865/865 866/866/866 867/867/867
f 868/868/868 869/869/869 870/870/870
f 871/871/871 872/872/872 873/873/873
f 874/874/874 875/875/875 876/876/876
f 877/877/877 878/878/878 879/879/879
f 880/880/880 881/881/881 882/882/882
f 883/883/883 884/884/884 885/885/885
f 886/886/886 887/887/887 888/888/888
f 889/889/889 890/890/890 891/891/891
f 892/892/892 893/893/893 894/894/894
f 895/895/895 896/896/896 897/897/897
f 898/898/898 899/899/899 900/900/900
f 901/901/901 902/902/902 903/903/903
f 904/904/904 905/905/905 906/906/906
f 907/907/907 908/908/908 909/909/909
f 910/910/910 911/911/911 912/912/912
f 913/913/913 914/914/914 915/915/915
f 916/916/916 917/917/917 918/918/918
f 919/919/919 920/920/920 921/921/921
f 922/922/922 923/923/923 924/924/924
f 925/925/925 926/926/926 927/927/927
f 928/928/928 929/929/929 930/930/930
f 931/931/931 932/932/932 933/933/933
f 934/934/934 935/935/935 936/936/936
f 937/937/937 938/938/938 939/939/939
f 940/940/940 941/941/941 942/942/942
f 943/943/943 944/944/944 945/945/945
f 946/946/946 947/947/947 948/948/948
f 949/949/949 950/950/950 951/951/951
f 952/952/952 953/953/953 954/954/954
f 955/955/955 956/956/956 957/957/957
f 958/958/958 959/959/959 960/960/960
f 961/961/961 962/962/962 963/963/963
f 964/964/964 965/965/965 966/966/966
f 967/967/967 968/968/968 969/969/969
f 970/970/970 971/971/971 972/972/972
f 973/973/973 974/974/974 975/975/975
f 976/976/976 977/977/977 978/978/978
f 979/979/979 980/980/980 981/981/981
f 982/982/982 983/983/983 984/984/984
f 985/985/985 986/986/986 987/987/987
f 988/988/988 989/989/989 990/990/990
f 991/991/991 992/992/992 993/993/993
f 994/994/994 995/995/995 996/996/996
f 997/997/997 998/998/998 999/999/999
f 1000/1000/1000 1001/1001/1001 1002/1002/1002
f 1003/1003/1003 1004/1004/1004 1005/1005/1005
f 1006/1006/1006 1007/1007/1007 1008/1008/1008
f 1009/1009/1009 1010/1010/1010 1011/1011/1011
f 1012/1012/1012 1013/1013/1013 1014/1014/1014
f 1015/1015/1015 1016/1016/1016 1017/1017/1017
f 1018/1018/1018 1019/1019/1019 1020/1020/1020
f 1021/1021/1021 1022/1022/1022 1023/1023/1023
f 1024/1024/1024 1025/1025/1025 1026/1026/1026
f 1027/1027/1027 1028/1028/1028 1029/1029/1029
f 1030/1030/1030 1031/1031/1031 1032/1032/1032
f 1033/1033/1033 1034/1034/1034 1035/1035/1035
f 1036/1036/1036 1037/1037/1037 1038/1038/1038
f 1039/1039/1039 1040/1040/1040 1041/1041/1041
f 1042/1042/1042 1043/1043/1043 1044/1044/1044
f 1045/1045/1045 1046/1046/1046 1047/1047/1047
f 1048/1048/1048 1049/1049/1049 1050/1050/1050
f 1051/1051/1051 1052/1052/1052 1053/1053/1053
f 1054/1054/1054 1055/1055/1055 1056/1056/1056
f 1057/1057/1057 1058/1058/1058 1059/1059/1059
f 1060/1060/1060 1061/1061/1061 1062/1062/1062
f 1063/1063/1063 1064/1064/1064 1065/1065/1065
f 1066/1066/1066 1067/1067/1067 1068/1068/1068
f 1069/1069/1069 1070/1070/1070 1071/1071/1071
f 1072/1072/1072 1073/1073/1073 1074/1074/1074
f 1075/1075/1075 1076/1076/1076 1077/1077/1077
f 1078/1078/1078 1079/1079/1079 1080/1080/1080
f 1081/1081/1081 1082/1082/1082 1083/1083/1083
f 1084/1084/1084 1085/1085/1085 1086/1086/1086
f 1087/1087/1087 1088/1088/1088 1089/1089/1089
f 1090/1090/1090 1091/1091/1091 1092/1092/1092
f 1093/1093/1093 1094/1094/1094 1095/1095/1095
f 1096/1096/1096 1097/1097/1097 1098/1098/1098
f 1099/1099/1099 1100/1100/1100 1101/1101/1101
f 1102/1102/1102 1103/1103/1103 1104/1104/1104
f 1105/1105/1105 1106/1106/1106 1107/1107/1107
f 1108/1108/1108 1109/1109/1109 1110/1110/1110
f 1111/1111/1111 1112/1112/1112 1113/1113/1113
f 1114/1114/1114 1115/1115/1115 1116/1116/1116
f 1117/1117/1117 1118/1118/1118 1119/1119/1119
f 1120/1120/1120 1121/1121/1121 1122/1122/1122
f 1123/1123/1123 1124/1124/1124 1125/1125/1125
f 1126/1126/1126 1127/1127/1127 1128/1128/1128
f 1129/1129/1129 1130/1130/1130 1131/1131/1131
f 1132/1132/1132 1133/1133/1133 1134/1134/1134
f 1135/1135/1135 1136/1136/1136 1137/1137/1137
f 1138/1138/1138 1139/1139/1139 1140/1140/1140
f 1141/1141/1141 1142/1142/1142 1143/1143/1143
f 1144/1144/1144 1145/1145/1145 1146/1146/1146
f 1147/1147/1147 1148/1148/1148 1149/1149/1149
f 1150/1150/1150 1151/1151/1151 1152/1152/1152
f 1153/1153/1153 1154/1154/1154 1155/1155/1155
f 1156/1156/1156 1157/1157/1157 1158/1158/1158
f 1159/1159/1159 1160/1160/1160 1161/1161/1161
f 1162/1162/1162 1163/1163/1163 1164/1164/1164
f 1165/1165/1165 1166/1166/1166 1167/1167/1167
f 1168/1168/1168 1169/1169/1169 1170/1170/1170
f 1171/1171/1171 1172/1172/1172 1173/1173/1173
f 1174/1174/1174 1175/1175/1175 1176/1176/1176
f 1177/1177/1177 1178/1178/1178 1179/1179/1179
f 1180/1180/1180 1181/1181/1181 1182/1182/1182
f 1183/1183/1183 1184/1184/1184 1185/1185/1185
f 1186/1186/1186 1187/1187/1187 1188/1188/1188
f 1189/1189/1189 1190/1190/1190 1191/1191/1191
f 1192/1192/1192 1193/1193/1193 1194/1194/1194
f 1195/1195/1195 1196/1196/1196 1197/1197/1197
f 1198/1198/1198 1199/1199/1199 1200/1200/1200
f 1201/1201/1201 1202/1202/1202 1203/1203/1203
f 1204/1204/1204 1205/1205/1205 1206/1206/1206
f 1207/1207/1207 1208/1208/1208 1209/1209/1209
f 1210/1210/1210 1211/1211/1211 1212/1212/1212
f 1213/1213/1213 1214/1214/1214 1215/1215/1215
f 1216/1216/1216 1217/1217/1217 1218/1218/1218
f 1219/1219/1219 1220/1220/1220 1221/1221/1221
f 1222/1222/1222 1223/1223/1223 1224/1224/1224
f 1225/1225/1225 1226/1226/1226 1227/1227/1227
f 1228/1228/1228 1229/1229/1229 1230/1230/1230
f 1231/1231/1231 1232/1232/1232 1233/1233/1233
f 1234/1234/1234 1235/1235/1235 1236/1236/1236
f 1237/1237/1237 1238/1238/1238 1239/1239/1239
f 1240/1240/1240 1241/1241/1241 1242/1242/1242
f 1243/1243/1243 1244/1244/1244 1245/1245/1245
f 1246/1246/1246 1247/1247/1247 1248/1248/1248
f 1249/1249/1249 1250/1250/1250 1251/1251/1251
f 1252/1252/1252 1253/1253/1253 1254/1254/1254
f 1255/1255/1255 1256/1256/1256 1257/1257/1257
f 1258/1258/1258 1259/1259/1259 1260/1260/1260
f 1261/1261/1261 1262/1262/1262 1263/1263/1263
f 1264/1264/1264 1265/1265/1265 1266/1266/1266
f 1267/1267/1267 1268/1268/1268 1269/1269/1269
f 1270/1270/1270 1271/1271/1271 1272/1272/1272
f 1273/1273/1273 1274/1274/1274 1275/1275/1275
f 1276/1276/1276 1277/1277/1277 1278/1278/1278
f 1279/1279/1279 1280/1280/1280 1281/1281/1281
f 1282/1282/1282 1283/1283/1283 1284/1284/1284
f 1285/1285/1285 1286/1286/1286 1287/1287/1287
f 1288/1288/1288 1289/1289/1289 1290/1290/1290
f 1291/1291/1291 1292/1292/1292 1293/1293/1293
f 1294/1294/1294 1295/1295/1295 1296/1296/1296
f 1297/1297/1297 1298/1298/1298 1299/1299/1299
f 1300/1300/1300 1301/1301/1301 1302/1302/1302
f 1303/1303/1303 1304/1304/1304 1305/1305/1305
f 1306/1306/1306 1307/1307/1307 1308/1308/1308
f 1309/1309/1309 1310/1310/1310 1311/1311/1311
f 1312/1312/1312 1313/1313/1313 1314/1314/1314
f 1315/1315/1315 1316/1316/1316 1317/1317/1317
f 1318/1318/1318 1319/1319/1319 1320/1320/1320
f 1321/1321/1321 1322/1322/1322 1323/1323/1323
f 1324/1324/1324 1325/1325/1325 1326/1326/1326
f 1327/1327/1327 1328/1328/1328 1329/1329/1329
f 1330/1330/1330 1331/1331/1331 1332/1332/1332
f 1333/1333/1333 1334/1334/1334 1335/1335/1335
f 1336/1336/1336 1337/1337/1337 1338/1338/1338
f 1339/1339/1339 1340/1340/1340 1341/1341/1341
f 1342/1342/1342 1343/1343/1343 1344/1344/1344
f 1345/1345/1345 1346/1346/1346 1347/1347/1347
