# OBJ file
mtllib bnb.ico.mtl
v -1.299316 2.450195 0.813721 0.290196 0.290196 0.290196 #0.000000
v -1.574707 2.774414 0.687500 0.290196 0.290196 0.290196 #0.000000
v -1.587158 2.439697 0.340576 0.290196 0.290196 0.290196 #0.000000
v -0.319580 1.996826 0.832764 0.290196 0.290196 0.290196 #0.000000
v -1.587158 2.439697 0.340576 0.290196 0.290196 0.290196 #0.000000
v -0.390381 1.895264 0.320801 0.290196 0.290196 0.290196 #0.000000
v -1.299316 2.450195 0.813721 0.290196 0.290196 0.290196 #0.000000
v -1.587158 2.439697 0.340576 0.290196 0.290196 0.290196 #0.000000
v -0.319580 1.996826 0.832764 0.290196 0.290196 0.290196 #0.000000
v 1.069336 2.959717 0.881592 0.290196 0.290196 0.290196 #0.000000
v 0.812500 2.975586 1.250732 0.290196 0.290196 0.290196 #0.000000
v 0.783691 2.612793 1.169678 0.290196 0.290196 0.290196 #0.000000
v 0.783691 2.612793 1.169678 0.290196 0.290196 0.290196 #0.000000
v 1.082031 2.659912 0.924316 0.290196 0.290196 0.290196 #0.000000
v 1.069336 2.959717 0.881592 0.290196 0.290196 0.290196 #0.000000
v -1.389893 3.299561 0.706787 0.290196 0.290196 0.290196 #0.000000
v -0.947754 3.105957 1.262451 0.290196 0.290196 0.290196 #0.000000
v -0.594971 3.371094 1.305420 0.290196 0.290196 0.290196 #0.000000
v -0.594971 3.371094 1.305420 0.290196 0.290196 0.290196 #0.000000
v -0.915283 3.669678 0.763428 0.290196 0.290196 0.290196 #0.000000
v -1.389893 3.299561 0.706787 0.290196 0.290196 0.290196 #0.000000
v 0.958496 1.799805 0.555664 0.290196 0.290196 0.290196 #0.000000
v 0.710449 1.921875 0.826416 0.290196 0.290196 0.290196 #0.000000
v 0.509277 1.752686 0.313477 0.290196 0.290196 0.290196 #0.000000
v 0.509277 1.752686 0.313477 0.290196 0.290196 0.290196 #0.000000
v 0.886230 1.751709 0.219971 0.290196 0.290196 0.290196 #0.000000
v 0.958496 1.799805 0.555664 0.290196 0.290196 0.290196 #0.000000
v 1.499268 3.272217 -0.156982 0.290196 0.290196 0.290196 #0.000000
v 1.218750 3.286133 0.426025 0.290196 0.290196 0.290196 #0.000000
v 1.257080 3.023682 0.646973 0.290196 0.290196 0.290196 #0.000000
v 1.257080 3.023682 0.646973 0.290196 0.290196 0.290196 #0.000000
v 1.547119 3.155518 -0.086914 0.290196 0.290196 0.290196 #0.000000
v 1.499268 3.272217 -0.156982 0.290196 0.290196 0.290196 #0.000000
v 1.082031 2.659912 0.924316 0.290196 0.290196 0.290196 #0.000000
v 1.319824 2.682861 0.752197 0.290196 0.290196 0.290196 #0.000000
v 1.257080 3.023682 0.646973 0.290196 0.290196 0.290196 #0.000000
v 1.257080 3.023682 0.646973 0.290196 0.290196 0.290196 #0.000000
v 1.069336 2.959717 0.881592 0.290196 0.290196 0.290196 #0.000000
v 1.082031 2.659912 0.924316 0.290196 0.290196 0.290196 #0.000000
v 1.229736 2.256592 0.867432 0.290196 0.290196 0.290196 #0.000000
v 1.835938 2.283447 0.336426 0.290196 0.290196 0.290196 #0.000000
v 1.878662 2.777344 0.128418 0.290196 0.290196 0.290196 #0.000000
v 1.878662 2.777344 0.128418 0.290196 0.290196 0.290196 #0.000000
v 1.319824 2.682861 0.752197 0.290196 0.290196 0.290196 #0.000000
v 1.229736 2.256592 0.867432 0.290196 0.290196 0.290196 #0.000000
v 1.797119 1.795898 0.142090 0.290196 0.290196 0.290196 #0.000000
v 1.975098 2.251709 -0.026123 0.290196 0.290196 0.290196 #0.000000
v 1.835938 2.283447 0.336426 0.290196 0.290196 0.290196 #0.000000
v 1.835938 2.283447 0.336426 0.290196 0.290196 0.290196 #0.000000
v 1.621338 1.825684 0.470703 0.290196 0.290196 0.290196 #0.000000
v 1.797119 1.795898 0.142090 0.290196 0.290196 0.290196 #0.000000
v 1.978760 2.734863 -0.235352 0.290196 0.290196 0.290196 #0.000000
v 1.878662 2.777344 0.128418 0.290196 0.290196 0.290196 #0.000000
v 1.835938 2.283447 0.336426 0.290196 0.290196 0.290196 #0.000000
v 1.835938 2.283447 0.336426 0.290196 0.290196 0.290196 #0.000000
v 1.975098 2.251709 -0.026123 0.290196 0.290196 0.290196 #0.000000
v 1.978760 2.734863 -0.235352 0.290196 0.290196 0.290196 #0.000000
v -0.882568 1.982422 -0.239502 0.290196 0.290196 0.290196 #0.000000
v -0.996338 2.109131 -0.339355 0.290196 0.290196 0.290196 #0.000000
v -1.811523 2.350342 -0.500244 0.290196 0.290196 0.290196 #0.000000
v -1.811523 2.350342 -0.500244 0.290196 0.290196 0.290196 #0.000000
v -1.819824 2.102051 -0.578857 0.290196 0.290196 0.290196 #0.000000
v -0.882568 1.982422 -0.239502 0.290196 0.290196 0.290196 #0.000000
v -0.863281 1.874268 -0.053467 0.290196 0.290196 0.290196 #0.000000
v -0.882568 1.982422 -0.239502 0.290196 0.290196 0.290196 #0.000000
v -1.819824 2.102051 -0.578857 0.290196 0.290196 0.290196 #0.000000
v -1.819824 2.102051 -0.578857 0.290196 0.290196 0.290196 #0.000000
v -1.761230 1.818848 -0.332275 0.290196 0.290196 0.290196 #0.000000
v -0.863281 1.874268 -0.053467 0.290196 0.290196 0.290196 #0.000000
v 0.509277 1.752686 0.313477 0.290196 0.290196 0.290196 #0.000000
v -0.390381 1.895264 0.320801 0.290196 0.290196 0.290196 #0.000000
v -0.488281 1.964355 -0.005615 0.290196 0.290196 0.290196 #0.000000
v -0.488281 1.964355 -0.005615 0.290196 0.290196 0.290196 #0.000000
v 0.243896 1.825928 0.018066 0.290196 0.290196 0.290196 #0.000000
v 0.509277 1.752686 0.313477 0.290196 0.290196 0.290196 #0.000000
v 1.504883 3.108643 -0.600342 0.290196 0.290196 0.290196 #0.000000
v 1.521240 3.204102 -0.431396 0.290196 0.290196 0.290196 #0.000000
v 1.498535 2.951660 -0.399170 0.290196 0.290196 0.290196 #0.000000
v 1.498535 2.951660 -0.399170 0.290196 0.290196 0.290196 #0.000000
v 1.385498 2.886475 -0.518799 0.290196 0.290196 0.290196 #0.000000
v 1.504883 3.108643 -0.600342 0.290196 0.290196 0.290196 #0.000000
v 1.504883 3.108643 -0.600342 0.290196 0.290196 0.290196 #0.000000
v 1.385498 2.886475 -0.518799 0.290196 0.290196 0.290196 #0.000000
v 1.476563 2.981689 -0.825928 0.290196 0.290196 0.290196 #0.000000
v 1.304199 2.716553 -0.521484 0.290196 0.290196 0.290196 #0.000000
v 1.392334 2.648682 -1.151611 0.290196 0.290196 0.290196 #0.000000
v 1.476563 2.981689 -0.825928 0.290196 0.290196 0.290196 #0.000000
v 1.476563 2.981689 -0.825928 0.290196 0.290196 0.290196 #0.000000
v 1.385498 2.886475 -0.518799 0.290196 0.290196 0.290196 #0.000000
v 1.304199 2.716553 -0.521484 0.290196 0.290196 0.290196 #0.000000
v 1.219971 2.470215 -0.266846 0.290196 0.290196 0.290196 #0.000000
v 1.498535 2.951660 -0.399170 0.290196 0.290196 0.290196 #0.000000
v 1.243408 1.768555 -0.286621 0.290196 0.290196 0.290196 #0.000000
v 1.243408 1.768555 -0.286621 0.290196 0.290196 0.290196 #0.000000
v 0.997803 2.039307 -0.100586 0.290196 0.290196 0.290196 #0.000000
v 1.219971 2.470215 -0.266846 0.290196 0.290196 0.290196 #0.000000
v 0.922607 2.114502 -0.184814 0.290196 0.290196 0.290196 #0.000000
v 1.164795 2.483887 -0.309326 0.290196 0.290196 0.290196 #0.000000
v 1.219971 2.470215 -0.266846 0.290196 0.290196 0.290196 #0.000000
v 1.219971 2.470215 -0.266846 0.290196 0.290196 0.290196 #0.000000
v 0.997803 2.039307 -0.100586 0.290196 0.290196 0.290196 #0.000000
v 0.922607 2.114502 -0.184814 0.290196 0.290196 0.290196 #0.000000
v 1.304199 2.716553 -0.521484 0.290196 0.290196 0.290196 #0.000000
v 1.385498 2.886475 -0.518799 0.290196 0.290196 0.290196 #0.000000
v 1.219971 2.470215 -0.266846 0.290196 0.290196 0.290196 #0.000000
v 1.219971 2.470215 -0.266846 0.290196 0.290196 0.290196 #0.000000
v 1.164795 2.483887 -0.309326 0.290196 0.290196 0.290196 #0.000000
v 1.304199 2.716553 -0.521484 0.290196 0.290196 0.290196 #0.000000
v 0.509277 1.752686 0.313477 0.290196 0.290196 0.290196 #0.000000
v 0.243896 1.825928 0.018066 0.290196 0.290196 0.290196 #0.000000
v 0.703369 1.837646 -0.010010 0.290196 0.290196 0.290196 #0.000000
v 0.703369 1.837646 -0.010010 0.290196 0.290196 0.290196 #0.000000
v 0.886230 1.751709 0.219971 0.290196 0.290196 0.290196 #0.000000
v 0.509277 1.752686 0.313477 0.290196 0.290196 0.290196 #0.000000
v -0.311768 1.892578 -0.209229 0.290196 0.290196 0.290196 #0.000000
v 0.505859 1.911621 -0.135498 0.290196 0.290196 0.290196 #0.000000
v 0.703369 1.837646 -0.010010 0.290196 0.290196 0.290196 #0.000000
v 0.703369 1.837646 -0.010010 0.290196 0.290196 0.290196 #0.000000
v 0.243896 1.825928 0.018066 0.290196 0.290196 0.290196 #0.000000
v -0.311768 1.892578 -0.209229 0.290196 0.290196 0.290196 #0.000000
v 0.922607 2.114502 -0.184814 0.290196 0.290196 0.290196 #0.000000
v 0.997803 2.039307 -0.100586 0.290196 0.290196 0.290196 #0.000000
v 0.703369 1.837646 -0.010010 0.290196 0.290196 0.290196 #0.000000
v 0.703369 1.837646 -0.010010 0.290196 0.290196 0.290196 #0.000000
v 0.505859 1.911621 -0.135498 0.290196 0.290196 0.290196 #0.000000
v 0.922607 2.114502 -0.184814 0.290196 0.290196 0.290196 #0.000000
v 0.710449 1.921875 0.826416 0.290196 0.290196 0.290196 #0.000000
v 1.020996 1.906250 0.837158 0.290196 0.290196 0.290196 #0.000000
v 1.229736 2.256592 0.867432 0.290196 0.290196 0.290196 #0.000000
v 1.229736 2.256592 0.867432 0.290196 0.290196 0.290196 #0.000000
v 0.929443 2.271729 0.954834 0.290196 0.290196 0.290196 #0.000000
v 0.710449 1.921875 0.826416 0.290196 0.290196 0.290196 #0.000000
v 1.082031 2.659912 0.924316 0.290196 0.290196 0.290196 #0.000000
v 0.929443 2.271729 0.954834 0.290196 0.290196 0.290196 #0.000000
v 1.229736 2.256592 0.867432 0.290196 0.290196 0.290196 #0.000000
v 1.229736 2.256592 0.867432 0.290196 0.290196 0.290196 #0.000000
v 1.319824 2.682861 0.752197 0.290196 0.290196 0.290196 #0.000000
v 1.082031 2.659912 0.924316 0.290196 0.290196 0.290196 #0.000000
v 1.978760 2.734863 -0.235352 0.290196 0.290196 0.290196 #0.000000
v 1.774658 2.935059 -0.345703 0.290196 0.290196 0.290196 #0.000000
v 1.716553 3.035889 -0.004883 0.290196 0.290196 0.290196 #0.000000
v 1.716553 3.035889 -0.004883 0.290196 0.290196 0.290196 #0.000000
v 1.878662 2.777344 0.128418 0.290196 0.290196 0.290196 #0.000000
v 1.978760 2.734863 -0.235352 0.290196 0.290196 0.290196 #0.000000
v 1.498535 2.951660 -0.399170 0.290196 0.290196 0.290196 #0.000000
v 1.547119 3.155518 -0.086914 0.290196 0.290196 0.290196 #0.000000
v 1.716553 3.035889 -0.004883 0.290196 0.290196 0.290196 #0.000000
v 1.716553 3.035889 -0.004883 0.290196 0.290196 0.290196 #0.000000
v 1.774658 2.935059 -0.345703 0.290196 0.290196 0.290196 #0.000000
v 1.498535 2.951660 -0.399170 0.290196 0.290196 0.290196 #0.000000
v 1.227051 1.670166 -1.045410 0.290196 0.290196 0.290196 #0.000000
v 1.277100 2.062988 -1.200195 0.290196 0.290196 0.290196 #0.000000
v 1.279785 1.837646 -1.155029 0.290196 0.290196 0.290196 #0.000000
v 1.542480 2.092285 -1.118164 0.290196 0.290196 0.290196 #0.000000
v 1.541260 1.836914 -1.032227 0.290196 0.290196 0.290196 #0.000000
v 1.279785 1.837646 -1.155029 0.290196 0.290196 0.290196 #0.000000
v 1.279785 1.837646 -1.155029 0.290196 0.290196 0.290196 #0.000000
v 1.388184 2.132324 -1.223145 0.290196 0.290196 0.290196 #0.000000
v 1.542480 2.092285 -1.118164 0.290196 0.290196 0.290196 #0.000000
v 1.497559 1.620361 -0.923828 0.290196 0.290196 0.290196 #0.000000
v 1.332031 1.568359 -0.995850 0.290196 0.290196 0.290196 #0.000000
v 1.279785 1.837646 -1.155029 0.290196 0.290196 0.290196 #0.000000
v 1.279785 1.837646 -1.155029 0.290196 0.290196 0.290196 #0.000000
v 1.541260 1.836914 -1.032227 0.290196 0.290196 0.290196 #0.000000
v 1.497559 1.620361 -0.923828 0.290196 0.290196 0.290196 #0.000000
v 1.304199 2.716553 -0.521484 0.290196 0.290196 0.290196 #0.000000
v 1.164795 2.483887 -0.309326 0.290196 0.290196 0.290196 #0.000000
v 1.115479 2.362305 -0.256592 0.290196 0.290196 0.290196 #0.000000
v 1.115479 2.362305 -0.256592 0.290196 0.290196 0.290196 #0.000000
v 1.165771 2.350098 -0.245605 0.290196 0.290196 0.290196 #0.000000
v 1.304199 2.716553 -0.521484 0.290196 0.290196 0.290196 #0.000000
v 0.922607 2.114502 -0.184814 0.290196 0.290196 0.290196 #0.000000
v 0.892334 2.073486 -0.147217 0.290196 0.290196 0.290196 #0.000000
v 1.115479 2.362305 -0.256592 0.290196 0.290196 0.290196 #0.000000
v 1.115479 2.362305 -0.256592 0.290196 0.290196 0.290196 #0.000000
v 1.164795 2.483887 -0.309326 0.290196 0.290196 0.290196 #0.000000
v 0.922607 2.114502 -0.184814 0.290196 0.290196 0.290196 #0.000000
v 1.304199 2.716553 -0.521484 0.290196 0.290196 0.290196 #0.000000
v 1.165771 2.350098 -0.245605 0.290196 0.290196 0.290196 #0.000000
v 1.176025 2.035889 -0.157959 0.290196 0.290196 0.290196 #0.000000
v 1.176025 2.035889 -0.157959 0.290196 0.290196 0.290196 #0.000000
v 1.249268 2.025146 -0.391113 0.290196 0.290196 0.290196 #0.000000
v 1.304199 2.716553 -0.521484 0.290196 0.290196 0.290196 #0.000000
v 0.922607 2.114502 -0.184814 0.290196 0.290196 0.290196 #0.000000
v 0.505859 1.911621 -0.135498 0.290196 0.290196 0.290196 #0.000000
v 0.414551 1.864746 -0.079834 0.290196 0.290196 0.290196 #0.000000
v 0.414551 1.864746 -0.079834 0.290196 0.290196 0.290196 #0.000000
v 0.892334 2.073486 -0.147217 0.290196 0.290196 0.290196 #0.000000
v 0.922607 2.114502 -0.184814 0.290196 0.290196 0.290196 #0.000000
v -0.311768 1.892578 -0.209229 0.290196 0.290196 0.290196 #0.000000
v -0.364258 1.783936 -0.065674 0.290196 0.290196 0.290196 #0.000000
v 0.414551 1.864746 -0.079834 0.290196 0.290196 0.290196 #0.000000
v 0.414551 1.864746 -0.079834 0.290196 0.290196 0.290196 #0.000000
v 0.505859 1.911621 -0.135498 0.290196 0.290196 0.290196 #0.000000
v -0.311768 1.892578 -0.209229 0.290196 0.290196 0.290196 #0.000000
v -0.893799 1.706787 0.083984 0.290196 0.290196 0.290196 #0.000000
v -0.422363 1.320313 0.088135 0.290196 0.290196 0.290196 #0.000000
v 0.405029 1.405029 0.065186 0.290196 0.290196 0.290196 #0.000000
v -0.893799 1.706787 0.083984 0.290196 0.290196 0.290196 #0.000000
v 0.405029 1.405029 0.065186 0.290196 0.290196 0.290196 #0.000000
v 0.414551 1.864746 -0.079834 0.290196 0.290196 0.290196 #0.000000
v -0.893799 1.706787 0.083984 0.290196 0.290196 0.290196 #0.000000
v 0.414551 1.864746 -0.079834 0.290196 0.290196 0.290196 #0.000000
v -0.364258 1.783936 -0.065674 0.290196 0.290196 0.290196 #0.000000
v -0.311768 1.892578 -0.209229 0.290196 0.290196 0.290196 #0.000000
v -0.882568 1.982422 -0.239502 0.290196 0.290196 0.290196 #0.000000
v -0.863281 1.874268 -0.053467 0.290196 0.290196 0.290196 #0.000000
v -0.863281 1.874268 -0.053467 0.290196 0.290196 0.290196 #0.000000
v -0.364258 1.783936 -0.065674 0.290196 0.290196 0.290196 #0.000000
v -0.311768 1.892578 -0.209229 0.290196 0.290196 0.290196 #0.000000
v 1.304199 2.716553 -0.521484 0.290196 0.290196 0.290196 #0.000000
v 1.249268 2.025146 -0.391113 0.290196 0.290196 0.290196 #0.000000
v 1.321777 1.940674 -0.987305 0.290196 0.290196 0.290196 #0.000000
v 1.321777 1.940674 -0.987305 0.290196 0.290196 0.290196 #0.000000
v 1.392334 2.648682 -1.151611 0.290196 0.290196 0.290196 #0.000000
v 1.304199 2.716553 -0.521484 0.290196 0.290196 0.290196 #0.000000
v 1.498535 2.951660 -0.399170 0.290196 0.290196 0.290196 #0.000000
v 1.521240 3.204102 -0.431396 0.290196 0.290196 0.290196 #0.000000
v 1.499268 3.272217 -0.156982 0.290196 0.290196 0.290196 #0.000000
v 1.499268 3.272217 -0.156982 0.290196 0.290196 0.290196 #0.000000
v 1.547119 3.155518 -0.086914 0.290196 0.290196 0.290196 #0.000000
v 1.498535 2.951660 -0.399170 0.290196 0.290196 0.290196 #0.000000
v 1.978760 2.734863 -0.235352 0.290196 0.290196 0.290196 #0.000000
v 1.975098 2.251709 -0.026123 0.290196 0.290196 0.290196 #0.000000
v 1.987793 2.148193 -0.332520 0.290196 0.290196 0.290196 #0.000000
v 1.987793 2.148193 -0.332520 0.290196 0.290196 0.290196 #0.000000
v 1.975586 2.588379 -0.532959 0.290196 0.290196 0.290196 #0.000000
v 1.978760 2.734863 -0.235352 0.290196 0.290196 0.290196 #0.000000
v 1.797119 1.795898 0.142090 0.290196 0.290196 0.290196 #0.000000
v 1.812256 1.721924 -0.166260 0.290196 0.290196 0.290196 #0.000000
v 1.987793 2.148193 -0.332520 0.290196 0.290196 0.290196 #0.000000
v 1.987793 2.148193 -0.332520 0.290196 0.290196 0.290196 #0.000000
v 1.975098 2.251709 -0.026123 0.290196 0.290196 0.290196 #0.000000
v 1.797119 1.795898 0.142090 0.290196 0.290196 0.290196 #0.000000
v 1.749268 1.636475 -0.460205 0.290196 0.290196 0.290196 #0.000000
v 1.916992 2.017578 -0.593506 0.290196 0.290196 0.290196 #0.000000
v 1.987793 2.148193 -0.332520 0.290196 0.290196 0.290196 #0.000000
v 1.987793 2.148193 -0.332520 0.290196 0.290196 0.290196 #0.000000
v 1.812256 1.721924 -0.166260 0.290196 0.290196 0.290196 #0.000000
v 1.749268 1.636475 -0.460205 0.290196 0.290196 0.290196 #0.000000
v 1.886719 2.398193 -0.787354 0.290196 0.290196 0.290196 #0.000000
v 1.975586 2.588379 -0.532959 0.290196 0.290196 0.290196 #0.000000
v 1.987793 2.148193 -0.332520 0.290196 0.290196 0.290196 #0.000000
v 1.987793 2.148193 -0.332520 0.290196 0.290196 0.290196 #0.000000
v 1.916992 2.017578 -0.593506 0.290196 0.290196 0.290196 #0.000000
v 1.886719 2.398193 -0.787354 0.290196 0.290196 0.290196 #0.000000
v 1.498535 2.951660 -0.399170 0.290196 0.290196 0.290196 #0.000000
v 1.774658 2.935059 -0.345703 0.290196 0.290196 0.290196 #0.000000
v 1.743896 2.750732 -0.630615 0.290196 0.290196 0.290196 #0.000000
v 1.743896 2.750732 -0.630615 0.290196 0.290196 0.290196 #0.000000
v 1.455566 2.625732 -0.612061 0.290196 0.290196 0.290196 #0.000000
v 1.498535 2.951660 -0.399170 0.290196 0.290196 0.290196 #0.000000
v 1.978760 2.734863 -0.235352 0.290196 0.290196 0.290196 #0.000000
v 1.975586 2.588379 -0.532959 0.290196 0.290196 0.290196 #0.000000
v 1.743896 2.750732 -0.630615 0.290196 0.290196 0.290196 #0.000000
v 1.743896 2.750732 -0.630615 0.290196 0.290196 0.290196 #0.000000
v 1.774658 2.935059 -0.345703 0.290196 0.290196 0.290196 #0.000000
v 1.978760 2.734863 -0.235352 0.290196 0.290196 0.290196 #0.000000
v 1.886719 2.398193 -0.787354 0.290196 0.290196 0.290196 #0.000000
v 1.634033 2.514404 -0.906250 0.290196 0.290196 0.290196 #0.000000
v 1.743896 2.750732 -0.630615 0.290196 0.290196 0.290196 #0.000000
v 1.743896 2.750732 -0.630615 0.290196 0.290196 0.290196 #0.000000
v 1.975586 2.588379 -0.532959 0.290196 0.290196 0.290196 #0.000000
v 1.886719 2.398193 -0.787354 0.290196 0.290196 0.290196 #0.000000
v 1.373779 2.382813 -0.917236 0.290196 0.290196 0.290196 #0.000000
v 1.455566 2.625732 -0.612061 0.290196 0.290196 0.290196 #0.000000
v 1.743896 2.750732 -0.630615 0.290196 0.290196 0.290196 #0.000000
v 1.743896 2.750732 -0.630615 0.290196 0.290196 0.290196 #0.000000
v 1.634033 2.514404 -0.906250 0.290196 0.290196 0.290196 #0.000000
v 1.373779 2.382813 -0.917236 0.290196 0.290196 0.290196 #0.000000
v 1.797119 1.795898 0.142090 0.290196 0.290196 0.290196 #0.000000
v 1.490967 1.676270 0.131592 0.290196 0.290196 0.290196 #0.000000
v 1.494141 1.601807 -0.169189 0.290196 0.290196 0.290196 #0.000000
v 1.494141 1.601807 -0.169189 0.290196 0.290196 0.290196 #0.000000
v 1.812256 1.721924 -0.166260 0.290196 0.290196 0.290196 #0.000000
v 1.797119 1.795898 0.142090 0.290196 0.290196 0.290196 #0.000000
v 1.256348 1.649414 -0.644043 0.290196 0.290196 0.290196 #0.000000
v 1.464844 1.519043 -0.508057 0.290196 0.290196 0.290196 #0.000000
v 1.494141 1.601807 -0.169189 0.290196 0.290196 0.290196 #0.000000
v 1.494141 1.601807 -0.169189 0.290196 0.290196 0.290196 #0.000000
v 1.243408 1.768555 -0.286621 0.290196 0.290196 0.290196 #0.000000
v 1.256348 1.649414 -0.644043 0.290196 0.290196 0.290196 #0.000000
v 1.749268 1.636475 -0.460205 0.290196 0.290196 0.290196 #0.000000
v 1.812256 1.721924 -0.166260 0.290196 0.290196 0.290196 #0.000000
v 1.494141 1.601807 -0.169189 0.290196 0.290196 0.290196 #0.000000
v 1.494141 1.601807 -0.169189 0.290196 0.290196 0.290196 #0.000000
v 1.464844 1.519043 -0.508057 0.290196 0.290196 0.290196 #0.000000
v 1.749268 1.636475 -0.460205 0.290196 0.290196 0.290196 #0.000000
v 1.373779 2.382813 -0.917236 0.290196 0.290196 0.290196 #0.000000
v 1.634033 2.514404 -0.906250 0.290196 0.290196 0.290196 #0.000000
v 1.521484 2.322754 -1.136963 0.290196 0.290196 0.290196 #0.000000
v 1.521484 2.322754 -1.136963 0.290196 0.290196 0.290196 #0.000000
v 1.321289 2.204346 -1.160400 0.290196 0.290196 0.290196 #0.000000
v 1.373779 2.382813 -0.917236 0.290196 0.290196 0.290196 #0.000000
v 1.886719 2.398193 -0.787354 0.290196 0.290196 0.290196 #0.000000
v 1.741455 2.237793 -1.004395 0.290196 0.290196 0.290196 #0.000000
v 1.521484 2.322754 -1.136963 0.290196 0.290196 0.290196 #0.000000
v 1.521484 2.322754 -1.136963 0.290196 0.290196 0.290196 #0.000000
v 1.634033 2.514404 -0.906250 0.290196 0.290196 0.290196 #0.000000
v 1.886719 2.398193 -0.787354 0.290196 0.290196 0.290196 #0.000000
v 1.542480 2.092285 -1.118164 0.290196 0.290196 0.290196 #0.000000
v 1.388184 2.132324 -1.223145 0.290196 0.290196 0.290196 #0.000000
v 1.521484 2.322754 -1.136963 0.290196 0.290196 0.290196 #0.000000
v 1.521484 2.322754 -1.136963 0.290196 0.290196 0.290196 #0.000000
v 1.741455 2.237793 -1.004395 0.290196 0.290196 0.290196 #0.000000
v 1.542480 2.092285 -1.118164 0.290196 0.290196 0.290196 #0.000000
v 1.277100 2.062988 -1.200195 0.290196 0.290196 0.290196 #0.000000
v 1.321289 2.204346 -1.160400 0.290196 0.290196 0.290196 #0.000000
v 1.521484 2.322754 -1.136963 0.290196 0.290196 0.290196 #0.000000
v 1.521484 2.322754 -1.136963 0.290196 0.290196 0.290196 #0.000000
v 1.388184 2.132324 -1.223145 0.290196 0.290196 0.290196 #0.000000
v 1.277100 2.062988 -1.200195 0.290196 0.290196 0.290196 #0.000000
v 1.886719 2.398193 -0.787354 0.290196 0.290196 0.290196 #0.000000
v 1.916992 2.017578 -0.593506 0.290196 0.290196 0.290196 #0.000000
v 1.804932 1.905029 -0.819824 0.290196 0.290196 0.290196 #0.000000
v 1.804932 1.905029 -0.819824 0.290196 0.290196 0.290196 #0.000000
v 1.741455 2.237793 -1.004395 0.290196 0.290196 0.290196 #0.000000
v 1.886719 2.398193 -0.787354 0.290196 0.290196 0.290196 #0.000000
v 1.749268 1.636475 -0.460205 0.290196 0.290196 0.290196 #0.000000
v 1.648438 1.570557 -0.728760 0.290196 0.290196 0.290196 #0.000000
v 1.804932 1.905029 -0.819824 0.290196 0.290196 0.290196 #0.000000
v 1.804932 1.905029 -0.819824 0.290196 0.290196 0.290196 #0.000000
v 1.916992 2.017578 -0.593506 0.290196 0.290196 0.290196 #0.000000
v 1.749268 1.636475 -0.460205 0.290196 0.290196 0.290196 #0.000000
v 1.497559 1.620361 -0.923828 0.290196 0.290196 0.290196 #0.000000
v 1.541260 1.836914 -1.032227 0.290196 0.290196 0.290196 #0.000000
v 1.804932 1.905029 -0.819824 0.290196 0.290196 0.290196 #0.000000
v 1.804932 1.905029 -0.819824 0.290196 0.290196 0.290196 #0.000000
v 1.648438 1.570557 -0.728760 0.290196 0.290196 0.290196 #0.000000
v 1.497559 1.620361 -0.923828 0.290196 0.290196 0.290196 #0.000000
v 1.542480 2.092285 -1.118164 0.290196 0.290196 0.290196 #0.000000
v 1.741455 2.237793 -1.004395 0.290196 0.290196 0.290196 #0.000000
v 1.804932 1.905029 -0.819824 0.290196 0.290196 0.290196 #0.000000
v 1.804932 1.905029 -0.819824 0.290196 0.290196 0.290196 #0.000000
v 1.541260 1.836914 -1.032227 0.290196 0.290196 0.290196 #0.000000
v 1.542480 2.092285 -1.118164 0.290196 0.290196 0.290196 #0.000000
v 1.749268 1.636475 -0.460205 0.290196 0.290196 0.290196 #0.000000
v 1.464844 1.519043 -0.508057 0.290196 0.290196 0.290196 #0.000000
v 1.403564 1.480957 -0.800781 0.290196 0.290196 0.290196 #0.000000
v 1.403564 1.480957 -0.800781 0.290196 0.290196 0.290196 #0.000000
v 1.648438 1.570557 -0.728760 0.290196 0.290196 0.290196 #0.000000
v 1.749268 1.636475 -0.460205 0.290196 0.290196 0.290196 #0.000000
v 1.256348 1.649414 -0.644043 0.290196 0.290196 0.290196 #0.000000
v 1.235107 1.597412 -0.924561 0.290196 0.290196 0.290196 #0.000000
v 1.403564 1.480957 -0.800781 0.290196 0.290196 0.290196 #0.000000
v 1.403564 1.480957 -0.800781 0.290196 0.290196 0.290196 #0.000000
v 1.464844 1.519043 -0.508057 0.290196 0.290196 0.290196 #0.000000
v 1.256348 1.649414 -0.644043 0.290196 0.290196 0.290196 #0.000000
v 1.332031 1.568359 -0.995850 0.290196 0.290196 0.290196 #0.000000
v 1.403564 1.480957 -0.800781 0.290196 0.290196 0.290196 #0.000000
v 1.235107 1.597412 -0.924561 0.290196 0.290196 0.290196 #0.000000
v 1.235107 1.597412 -0.924561 0.290196 0.290196 0.290196 #0.000000
v 1.227051 1.670166 -1.045410 0.290196 0.290196 0.290196 #0.000000
v 1.332031 1.568359 -0.995850 0.290196 0.290196 0.290196 #0.000000
v 1.497559 1.620361 -0.923828 0.290196 0.290196 0.290196 #0.000000
v 1.648438 1.570557 -0.728760 0.290196 0.290196 0.290196 #0.000000
v 1.403564 1.480957 -0.800781 0.290196 0.290196 0.290196 #0.000000
v 1.403564 1.480957 -0.800781 0.290196 0.290196 0.290196 #0.000000
v 1.332031 1.568359 -0.995850 0.290196 0.290196 0.290196 #0.000000
v 1.497559 1.620361 -0.923828 0.290196 0.290196 0.290196 #0.000000
v 0.405029 1.405029 0.065186 0.290196 0.290196 0.290196 #0.000000
v 0.976807 1.432861 -0.229980 0.290196 0.290196 0.290196 #0.000000
v 1.072266 1.855225 -0.114990 0.290196 0.290196 0.290196 #0.000000
v -0.334961 0.934570 -1.362549 0.290196 0.290196 0.290196 #0.000000
v -0.881104 0.969238 -1.344971 0.290196 0.290196 0.290196 #0.000000
v -0.317871 1.263672 -1.778809 0.290196 0.290196 0.290196 #0.000000
v -0.317871 1.263672 -1.778809 0.290196 0.290196 0.290196 #0.000000
v 0.546143 1.066162 -1.335205 0.290196 0.290196 0.290196 #0.000000
v -0.334961 0.934570 -1.362549 0.290196 0.290196 0.290196 #0.000000
v 1.029541 1.310791 -0.744141 0.290196 0.290196 0.290196 #0.000000
v 0.512695 0.954834 -0.690430 0.290196 0.290196 0.290196 #0.000000
v 0.546143 1.066162 -1.335205 0.290196 0.290196 0.290196 #0.000000
v 0.546143 1.066162 -1.335205 0.290196 0.290196 0.290196 #0.000000
v 0.955811 1.312256 -1.212891 0.290196 0.290196 0.290196 #0.000000
v 1.029541 1.310791 -0.744141 0.290196 0.290196 0.290196 #0.000000
v 1.230225 2.854980 -1.484619 0.290196 0.290196 0.290196 #0.000000
v 1.392334 2.648682 -1.151611 0.290196 0.290196 0.290196 #0.000000
v 1.193604 2.547607 -1.650635 0.290196 0.290196 0.290196 #0.000000
v -1.819824 2.102051 -0.578857 0.290196 0.290196 0.290196 #0.000000
v -1.811523 2.350342 -0.500244 0.290196 0.290196 0.290196 #0.000000
v -1.987793 2.536865 -0.661621 0.290196 0.290196 0.290196 #0.000000
v -1.987793 2.536865 -0.661621 0.290196 0.290196 0.290196 #0.000000
v -1.980225 2.367188 -0.821289 0.290196 0.290196 0.290196 #0.000000
v -1.819824 2.102051 -0.578857 0.290196 0.290196 0.290196 #0.000000
v -1.980225 2.367188 -0.821289 0.290196 0.290196 0.290196 #0.000000
v -1.956299 2.160400 -0.886719 0.290196 0.290196 0.290196 #0.000000
v -1.819824 2.102051 -0.578857 0.290196 0.290196 0.290196 #0.000000
v -1.891357 3.050049 -0.658691 0.290196 0.290196 0.290196 #0.000000
v -1.925293 2.857422 -0.956543 0.290196 0.290196 0.290196 #0.000000
v -1.987793 2.536865 -0.661621 0.290196 0.290196 0.290196 #0.000000
v -1.987793 2.536865 -0.661621 0.290196 0.290196 0.290196 #0.000000
v -1.979736 2.658936 -0.434326 0.290196 0.290196 0.290196 #0.000000
v -1.891357 3.050049 -0.658691 0.290196 0.290196 0.290196 #0.000000
v -1.579590 2.864258 -1.562988 0.290196 0.290196 0.290196 #0.000000
v -1.933838 2.614746 -1.188477 0.290196 0.290196 0.290196 #0.000000
v -1.925293 2.857422 -0.956543 0.290196 0.290196 0.290196 #0.000000
v -1.925293 2.857422 -0.956543 0.290196 0.290196 0.290196 #0.000000
v -1.537598 3.176270 -1.277588 0.290196 0.290196 0.290196 #0.000000
v -1.579590 2.864258 -1.562988 0.290196 0.290196 0.290196 #0.000000
v -1.915283 1.926514 -0.830811 0.290196 0.290196 0.290196 #0.000000
v -1.956299 2.160400 -0.886719 0.290196 0.290196 0.290196 #0.000000
v -1.917480 2.328125 -1.312988 0.290196 0.290196 0.290196 #0.000000
v -1.917480 2.328125 -1.312988 0.290196 0.290196 0.290196 #0.000000
v -1.876465 2.002441 -1.288574 0.290196 0.290196 0.290196 #0.000000
v -1.915283 1.926514 -0.830811 0.290196 0.290196 0.290196 #0.000000
v -0.022705 3.708008 -1.235352 0.290196 0.290196 0.290196 #0.000000
v 0.839355 3.535156 -1.065674 0.290196 0.290196 0.290196 #0.000000
v 0.782959 3.270020 -1.486572 0.290196 0.290196 0.290196 #0.000000
v 0.782959 3.270020 -1.486572 0.290196 0.290196 0.290196 #0.000000
v -0.112061 3.396240 -1.647217 0.290196 0.290196 0.290196 #0.000000
v -0.022705 3.708008 -1.235352 0.290196 0.290196 0.290196 #0.000000
v 0.867920 3.702148 -0.612793 0.290196 0.290196 0.290196 #0.000000
v 1.303955 3.308838 -0.812744 0.290196 0.290196 0.290196 #0.000000
v 0.839355 3.535156 -1.065674 0.290196 0.290196 0.290196 #0.000000
v 1.303955 3.308838 -0.812744 0.290196 0.290196 0.290196 #0.000000
v 0.867920 3.702148 -0.612793 0.290196 0.290196 0.290196 #0.000000
v 1.298340 3.442383 -0.363770 0.290196 0.290196 0.290196 #0.000000
v 1.303955 3.308838 -0.812744 0.290196 0.290196 0.290196 #0.000000
v 0.782959 3.270020 -1.486572 0.290196 0.290196 0.290196 #0.000000
v 0.839355 3.535156 -1.065674 0.290196 0.290196 0.290196 #0.000000
v 0.782959 3.270020 -1.486572 0.290196 0.290196 0.290196 #0.000000
v 1.303955 3.308838 -0.812744 0.290196 0.290196 0.290196 #0.000000
v 1.267334 3.111084 -1.192871 0.290196 0.290196 0.290196 #0.000000
v 0.782959 3.270020 -1.486572 0.290196 0.290196 0.290196 #0.000000
v 1.230225 2.854980 -1.484619 0.290196 0.290196 0.290196 #0.000000
v 0.718018 2.932373 -1.817627 0.290196 0.290196 0.290196 #0.000000
v 1.230225 2.854980 -1.484619 0.290196 0.290196 0.290196 #0.000000
v 0.782959 3.270020 -1.486572 0.290196 0.290196 0.290196 #0.000000
v 1.267334 3.111084 -1.192871 0.290196 0.290196 0.290196 #0.000000
v 1.230225 2.854980 -1.484619 0.290196 0.290196 0.290196 #0.000000
v 0.659912 2.545898 -2.014648 0.290196 0.290196 0.290196 #0.000000
v 0.718018 2.932373 -1.817627 0.290196 0.290196 0.290196 #0.000000
v 0.659912 2.545898 -2.014648 0.290196 0.290196 0.290196 #0.000000
v 1.230225 2.854980 -1.484619 0.290196 0.290196 0.290196 #0.000000
v 1.193604 2.547607 -1.650635 0.290196 0.290196 0.290196 #0.000000
v -0.803223 3.365479 -1.531250 0.290196 0.290196 0.290196 #0.000000
v -1.537598 3.176270 -1.277588 0.290196 0.290196 0.290196 #0.000000
v -1.470947 3.429199 -0.920166 0.290196 0.290196 0.290196 #0.000000
v -1.470947 3.429199 -0.920166 0.290196 0.290196 0.290196 #0.000000
v -0.713867 3.666992 -1.138428 0.290196 0.290196 0.290196 #0.000000
v -0.803223 3.365479 -1.531250 0.290196 0.290196 0.290196 #0.000000
v -0.625732 3.881592 -0.714355 0.290196 0.290196 0.290196 #0.000000
v -0.713867 3.666992 -1.138428 0.290196 0.290196 0.290196 #0.000000
v -1.470947 3.429199 -0.920166 0.290196 0.290196 0.290196 #0.000000
v -1.470947 3.429199 -0.920166 0.290196 0.290196 0.290196 #0.000000
v -1.384521 3.613770 -0.538574 0.290196 0.290196 0.290196 #0.000000
v -0.625732 3.881592 -0.714355 0.290196 0.290196 0.290196 #0.000000
v -0.803223 3.365479 -1.531250 0.290196 0.290196 0.290196 #0.000000
v -0.713867 3.666992 -1.138428 0.290196 0.290196 0.290196 #0.000000
v -0.022705 3.708008 -1.235352 0.290196 0.290196 0.290196 #0.000000
v -0.022705 3.708008 -1.235352 0.290196 0.290196 0.290196 #0.000000
v -0.112061 3.396240 -1.647217 0.290196 0.290196 0.290196 #0.000000
v -0.803223 3.365479 -1.531250 0.290196 0.290196 0.290196 #0.000000
v -0.803223 3.365479 -1.531250 0.290196 0.290196 0.290196 #0.000000
v -0.112061 3.396240 -1.647217 0.290196 0.290196 0.290196 #0.000000
v -0.202148 3.008789 -1.971680 0.290196 0.290196 0.290196 #0.000000
v -0.202148 3.008789 -1.971680 0.290196 0.290196 0.290196 #0.000000
v -0.880127 2.994873 -1.843750 0.290196 0.290196 0.290196 #0.000000
v -0.803223 3.365479 -1.531250 0.290196 0.290196 0.290196 #0.000000
v -0.803223 3.365479 -1.531250 0.290196 0.290196 0.290196 #0.000000
v -0.880127 2.994873 -1.843750 0.290196 0.290196 0.290196 #0.000000
v -1.579590 2.864258 -1.562988 0.290196 0.290196 0.290196 #0.000000
v -1.579590 2.864258 -1.562988 0.290196 0.290196 0.290196 #0.000000
v -1.537598 3.176270 -1.277588 0.290196 0.290196 0.290196 #0.000000
v -0.803223 3.365479 -1.531250 0.290196 0.290196 0.290196 #0.000000
v -0.930176 2.572021 -2.026855 0.290196 0.290196 0.290196 #0.000000
v -1.592285 2.501709 -1.729492 0.290196 0.290196 0.290196 #0.000000
v -1.579590 2.864258 -1.562988 0.290196 0.290196 0.290196 #0.000000
v -1.579590 2.864258 -1.562988 0.290196 0.290196 0.290196 #0.000000
v -0.880127 2.994873 -1.843750 0.290196 0.290196 0.290196 #0.000000
v -0.930176 2.572021 -2.026855 0.290196 0.290196 0.290196 #0.000000
v -1.721191 1.461914 -0.527832 0.290196 0.290196 0.290196 #0.000000
v -1.617920 1.677490 -0.196533 0.290196 0.290196 0.290196 #0.000000
v -1.761230 1.818848 -0.332275 0.290196 0.290196 0.290196 #0.000000
v -1.761230 1.818848 -0.332275 0.290196 0.290196 0.290196 #0.000000
v -1.842041 1.686768 -0.697021 0.290196 0.290196 0.290196 #0.000000
v -1.721191 1.461914 -0.527832 0.290196 0.290196 0.290196 #0.000000
v 1.249268 2.025146 -0.391113 0.290196 0.290196 0.290196 #0.000000
v 1.176025 2.035889 -0.157959 0.290196 0.290196 0.290196 #0.000000
v 1.072266 1.855225 -0.114990 0.290196 0.290196 0.290196 #0.000000
v 1.072266 1.855225 -0.114990 0.290196 0.290196 0.290196 #0.000000
v 1.134033 1.704346 -0.324707 0.290196 0.290196 0.290196 #0.000000
v 1.249268 2.025146 -0.391113 0.290196 0.290196 0.290196 #0.000000
v -1.915283 1.926514 -0.830811 0.290196 0.290196 0.290196 #0.000000
v -1.876465 2.002441 -1.288574 0.290196 0.290196 0.290196 #0.000000
v -1.800049 1.672607 -1.168213 0.290196 0.290196 0.290196 #0.000000
v -1.800049 1.672607 -1.168213 0.290196 0.290196 0.290196 #0.000000
v -1.842041 1.686768 -0.697021 0.290196 0.290196 0.290196 #0.000000
v -1.915283 1.926514 -0.830811 0.290196 0.290196 0.290196 #0.000000
v -1.431641 1.342285 -1.452881 0.290196 0.290196 0.290196 #0.000000
v -1.676270 1.372070 -1.004150 0.290196 0.290196 0.290196 #0.000000
v -1.516357 1.710693 -1.616455 0.290196 0.290196 0.290196 #0.000000
v -1.516357 1.710693 -1.616455 0.290196 0.290196 0.290196 #0.000000
v -0.894287 1.288818 -1.670898 0.290196 0.290196 0.290196 #0.000000
v -1.431641 1.342285 -1.452881 0.290196 0.290196 0.290196 #0.000000
v -0.923096 1.670654 -1.900146 0.290196 0.290196 0.290196 #0.000000
v -1.516357 1.710693 -1.616455 0.290196 0.290196 0.290196 #0.000000
v -1.570557 2.098145 -1.729004 0.290196 0.290196 0.290196 #0.000000
v -1.570557 2.098145 -1.729004 0.290196 0.290196 0.290196 #0.000000
v -0.939697 2.114502 -2.032227 0.290196 0.290196 0.290196 #0.000000
v -0.923096 1.670654 -1.900146 0.290196 0.290196 0.290196 #0.000000
v -0.930176 2.572021 -2.026855 0.290196 0.290196 0.290196 #0.000000
v -0.939697 2.114502 -2.032227 0.290196 0.290196 0.290196 #0.000000
v -1.570557 2.098145 -1.729004 0.290196 0.290196 0.290196 #0.000000
v -1.570557 2.098145 -1.729004 0.290196 0.290196 0.290196 #0.000000
v -1.592285 2.501709 -1.729492 0.290196 0.290196 0.290196 #0.000000
v -0.930176 2.572021 -2.026855 0.290196 0.290196 0.290196 #0.000000
v -0.923096 1.670654 -1.900146 0.290196 0.290196 0.290196 #0.000000
v -0.939697 2.114502 -2.032227 0.290196 0.290196 0.290196 #0.000000
v -0.308594 2.103516 -2.166748 0.290196 0.290196 0.290196 #0.000000
v -0.308594 2.103516 -2.166748 0.290196 0.290196 0.290196 #0.000000
v -0.318848 1.653320 -2.027588 0.290196 0.290196 0.290196 #0.000000
v -0.923096 1.670654 -1.900146 0.290196 0.290196 0.290196 #0.000000
v -0.923096 1.670654 -1.900146 0.290196 0.290196 0.290196 #0.000000
v -0.318848 1.653320 -2.027588 0.290196 0.290196 0.290196 #0.000000
v -0.317871 1.263672 -1.778809 0.290196 0.290196 0.290196 #0.000000
v -0.317871 1.263672 -1.778809 0.290196 0.290196 0.290196 #0.000000
v -0.894287 1.288818 -1.670898 0.290196 0.290196 0.290196 #0.000000
v -0.923096 1.670654 -1.900146 0.290196 0.290196 0.290196 #0.000000
v -0.308594 2.103516 -2.166748 0.290196 0.290196 0.290196 #0.000000
v 0.621338 2.126465 -2.025146 0.290196 0.290196 0.290196 #0.000000
v 0.595459 1.719971 -1.898193 0.290196 0.290196 0.290196 #0.000000
v 0.595459 1.719971 -1.898193 0.290196 0.290196 0.290196 #0.000000
v -0.318848 1.653320 -2.027588 0.290196 0.290196 0.290196 #0.000000
v -0.308594 2.103516 -2.166748 0.290196 0.290196 0.290196 #0.000000
v 1.193604 2.547607 -1.650635 0.290196 0.290196 0.290196 #0.000000
v 1.160889 2.193359 -1.659424 0.290196 0.290196 0.290196 #0.000000
v 0.621338 2.126465 -2.025146 0.290196 0.290196 0.290196 #0.000000
v 0.621338 2.126465 -2.025146 0.290196 0.290196 0.290196 #0.000000
v 0.659912 2.545898 -2.014648 0.290196 0.290196 0.290196 #0.000000
v 1.193604 2.547607 -1.650635 0.290196 0.290196 0.290196 #0.000000
v 1.116455 1.842041 -1.558838 0.290196 0.290196 0.290196 #0.000000
v 0.595459 1.719971 -1.898193 0.290196 0.290196 0.290196 #0.000000
v 0.621338 2.126465 -2.025146 0.290196 0.290196 0.290196 #0.000000
v 0.621338 2.126465 -2.025146 0.290196 0.290196 0.290196 #0.000000
v 1.160889 2.193359 -1.659424 0.290196 0.290196 0.290196 #0.000000
v 1.116455 1.842041 -1.558838 0.290196 0.290196 0.290196 #0.000000
v 1.116455 1.842041 -1.558838 0.290196 0.290196 0.290196 #0.000000
v 1.044189 1.542480 -1.397461 0.290196 0.290196 0.290196 #0.000000
v 0.572510 1.367676 -1.668457 0.290196 0.290196 0.290196 #0.000000
v 0.572510 1.367676 -1.668457 0.290196 0.290196 0.290196 #0.000000
v 0.595459 1.719971 -1.898193 0.290196 0.290196 0.290196 #0.000000
v 1.116455 1.842041 -1.558838 0.290196 0.290196 0.290196 #0.000000
v 0.955811 1.312256 -1.212891 0.290196 0.290196 0.290196 #0.000000
v 0.546143 1.066162 -1.335205 0.290196 0.290196 0.290196 #0.000000
v 0.572510 1.367676 -1.668457 0.290196 0.290196 0.290196 #0.000000
v 0.572510 1.367676 -1.668457 0.290196 0.290196 0.290196 #0.000000
v 1.044189 1.542480 -1.397461 0.290196 0.290196 0.290196 #0.000000
v 0.955811 1.312256 -1.212891 0.290196 0.290196 0.290196 #0.000000
v 1.160889 2.193359 -1.659424 0.290196 0.290196 0.290196 #0.000000
v 1.392334 2.648682 -1.151611 0.290196 0.290196 0.290196 #0.000000
v 1.321777 1.940674 -0.987305 0.290196 0.290196 0.290196 #0.000000
v 1.321777 1.940674 -0.987305 0.290196 0.290196 0.290196 #0.000000
v 1.201660 1.895264 -1.289307 0.290196 0.290196 0.290196 #0.000000
v 1.160889 2.193359 -1.659424 0.290196 0.290196 0.290196 #0.000000
v 1.134033 1.704346 -0.324707 0.290196 0.290196 0.290196 #0.000000
v 1.181152 1.603271 -0.852783 0.290196 0.290196 0.290196 #0.000000
v 1.321777 1.940674 -0.987305 0.290196 0.290196 0.290196 #0.000000
v 1.321777 1.940674 -0.987305 0.290196 0.290196 0.290196 #0.000000
v 1.249268 2.025146 -0.391113 0.290196 0.290196 0.290196 #0.000000
v 1.134033 1.704346 -0.324707 0.290196 0.290196 0.290196 #0.000000
v 1.044189 1.542480 -1.397461 0.290196 0.290196 0.290196 #0.000000
v 1.201660 1.895264 -1.289307 0.290196 0.290196 0.290196 #0.000000
v 1.321777 1.940674 -0.987305 0.290196 0.290196 0.290196 #0.000000
v 1.321777 1.940674 -0.987305 0.290196 0.290196 0.290196 #0.000000
v 1.181152 1.603271 -0.852783 0.290196 0.290196 0.290196 #0.000000
v 1.044189 1.542480 -1.397461 0.290196 0.290196 0.290196 #0.000000
v -1.948486 2.710938 -0.143066 0.290196 0.290196 0.290196 #0.000000
v -1.779541 2.807861 0.306396 0.290196 0.290196 0.290196 #0.000000
v -1.624756 3.314453 0.223145 0.290196 0.290196 0.290196 #0.000000
v -1.624756 3.314453 0.223145 0.290196 0.290196 0.290196 #0.000000
v -1.829590 3.189697 -0.340088 0.290196 0.290196 0.290196 #0.000000
v -1.948486 2.710938 -0.143066 0.290196 0.290196 0.290196 #0.000000
v -0.027588 2.770752 1.957764 0.290196 0.290196 0.290196 #0.000000
v -0.434570 1.932617 1.687744 0.290196 0.290196 0.290196 #0.000000
v 0.206543 1.908447 1.690918 0.290196 0.290196 0.290196 #0.000000
v -0.317139 2.118652 1.100830 0.290196 0.290196 0.290196 #0.000000
v 0.301270 2.095703 1.071289 0.290196 0.290196 0.290196 #0.000000
v 0.206543 1.908447 1.690918 0.290196 0.290196 0.290196 #0.000000
v 0.206543 1.908447 1.690918 0.290196 0.290196 0.290196 #0.000000
v -0.434570 1.932617 1.687744 0.290196 0.290196 0.290196 #0.000000
v -0.317139 2.118652 1.100830 0.290196 0.290196 0.290196 #0.000000
v 0.808594 2.516846 1.889160 0.290196 0.290196 0.290196 #0.000000
v 0.813965 2.949707 2.023926 0.290196 0.290196 0.290196 #0.000000
v -0.027588 2.770752 1.957764 0.290196 0.290196 0.290196 #0.000000
v -0.027588 2.770752 1.957764 0.290196 0.290196 0.290196 #0.000000
v 0.813965 2.949707 2.023926 0.290196 0.290196 0.290196 #0.000000
v 0.704102 3.239502 2.112549 0.290196 0.290196 0.290196 #0.000000
v 0.206543 1.908447 1.690918 0.290196 0.290196 0.290196 #0.000000
v 0.562012 2.127197 1.764648 0.290196 0.290196 0.290196 #0.000000
v -0.027588 2.770752 1.957764 0.290196 0.290196 0.290196 #0.000000
v -0.027588 2.770752 1.957764 0.290196 0.290196 0.290196 #0.000000
v 0.562012 2.127197 1.764648 0.290196 0.290196 0.290196 #0.000000
v 0.808594 2.516846 1.889160 0.290196 0.290196 0.290196 #0.000000
v -1.034668 2.718018 1.924561 0.290196 0.290196 0.290196 #0.000000
v -0.891846 2.257813 1.782715 0.290196 0.290196 0.290196 #0.000000
v -0.027588 2.770752 1.957764 0.290196 0.290196 0.290196 #0.000000
v -0.552979 3.319092 2.118652 0.290196 0.290196 0.290196 #0.000000
v -0.879883 3.055420 2.031738 0.290196 0.290196 0.290196 #0.000000
v -0.027588 2.770752 1.957764 0.290196 0.290196 0.290196 #0.000000
v -0.027588 2.770752 1.957764 0.290196 0.290196 0.290196 #0.000000
v -0.879883 3.055420 2.031738 0.290196 0.290196 0.290196 #0.000000
v -1.034668 2.718018 1.924561 0.290196 0.290196 0.290196 #0.000000
v -0.027588 2.770752 1.957764 0.290196 0.290196 0.290196 #0.000000
v 0.704102 3.239502 2.112549 0.290196 0.290196 0.290196 #0.000000
v 0.373535 3.413574 2.161377 0.290196 0.290196 0.290196 #0.000000
v -0.027588 2.770752 1.957764 0.290196 0.290196 0.290196 #0.000000
v -0.073486 3.449463 2.166748 0.290196 0.290196 0.290196 #0.000000
v -0.552979 3.319092 2.118652 0.290196 0.290196 0.290196 #0.000000
v 0.813965 2.949707 2.023926 0.290196 0.290196 0.290196 #0.000000
v 0.808594 2.516846 1.889160 0.290196 0.290196 0.290196 #0.000000
v 0.783691 2.612793 1.169678 0.290196 0.290196 0.290196 #0.000000
v 0.783691 2.612793 1.169678 0.290196 0.290196 0.290196 #0.000000
v 0.812500 2.975586 1.250732 0.290196 0.290196 0.290196 #0.000000
v 0.813965 2.949707 2.023926 0.290196 0.290196 0.290196 #0.000000
v 0.813965 2.949707 2.023926 0.290196 0.290196 0.290196 #0.000000
v 0.812500 2.975586 1.250732 0.290196 0.290196 0.290196 #0.000000
v 0.751221 3.232178 1.297363 0.290196 0.290196 0.290196 #0.000000
v 0.751221 3.232178 1.297363 0.290196 0.290196 0.290196 #0.000000
v 0.704102 3.239502 2.112549 0.290196 0.290196 0.290196 #0.000000
v 0.813965 2.949707 2.023926 0.290196 0.290196 0.290196 #0.000000
v 0.562012 2.127197 1.764648 0.290196 0.290196 0.290196 #0.000000
v 0.206543 1.908447 1.690918 0.290196 0.290196 0.290196 #0.000000
v 0.301270 2.095703 1.071289 0.290196 0.290196 0.290196 #0.000000
v 0.301270 2.095703 1.071289 0.290196 0.290196 0.290196 #0.000000
v 0.653076 2.299316 1.123779 0.290196 0.290196 0.290196 #0.000000
v 0.562012 2.127197 1.764648 0.290196 0.290196 0.290196 #0.000000
v 0.562012 2.127197 1.764648 0.290196 0.290196 0.290196 #0.000000
v 0.653076 2.299316 1.123779 0.290196 0.290196 0.290196 #0.000000
v 0.783691 2.612793 1.169678 0.290196 0.290196 0.290196 #0.000000
v 0.783691 2.612793 1.169678 0.290196 0.290196 0.290196 #0.000000
v 0.808594 2.516846 1.889160 0.290196 0.290196 0.290196 #0.000000
v 0.562012 2.127197 1.764648 0.290196 0.290196 0.290196 #0.000000
v -1.034668 2.718018 1.924561 0.290196 0.290196 0.290196 #0.000000
v -1.158691 2.740723 1.195557 0.290196 0.290196 0.290196 #0.000000
v -0.984131 2.351807 1.145996 0.290196 0.290196 0.290196 #0.000000
v -0.984131 2.351807 1.145996 0.290196 0.290196 0.290196 #0.000000
v -0.891846 2.257813 1.782715 0.290196 0.290196 0.290196 #0.000000
v -1.034668 2.718018 1.924561 0.290196 0.290196 0.290196 #0.000000
v -0.879883 3.055420 2.031738 0.290196 0.290196 0.290196 #0.000000
v -0.552979 3.319092 2.118652 0.290196 0.290196 0.290196 #0.000000
v -0.594971 3.371094 1.305420 0.290196 0.290196 0.290196 #0.000000
v -0.594971 3.371094 1.305420 0.290196 0.290196 0.290196 #0.000000
v -0.947754 3.105957 1.262451 0.290196 0.290196 0.290196 #0.000000
v -0.879883 3.055420 2.031738 0.290196 0.290196 0.290196 #0.000000
v -0.879883 3.055420 2.031738 0.290196 0.290196 0.290196 #0.000000
v -0.947754 3.105957 1.262451 0.290196 0.290196 0.290196 #0.000000
v -1.158691 2.740723 1.195557 0.290196 0.290196 0.290196 #0.000000
v -1.158691 2.740723 1.195557 0.290196 0.290196 0.290196 #0.000000
v -1.034668 2.718018 1.924561 0.290196 0.290196 0.290196 #0.000000
v -0.879883 3.055420 2.031738 0.290196 0.290196 0.290196 #0.000000
v 0.704102 3.239502 2.112549 0.290196 0.290196 0.290196 #0.000000
v 0.751221 3.232178 1.297363 0.290196 0.290196 0.290196 #0.000000
v 0.376953 3.435791 1.309326 0.290196 0.290196 0.290196 #0.000000
v 0.376953 3.435791 1.309326 0.290196 0.290196 0.290196 #0.000000
v 0.373535 3.413574 2.161377 0.290196 0.290196 0.290196 #0.000000
v 0.704102 3.239502 2.112549 0.290196 0.290196 0.290196 #0.000000
v -0.552979 3.319092 2.118652 0.290196 0.290196 0.290196 #0.000000
v -0.073486 3.449463 2.166748 0.290196 0.290196 0.290196 #0.000000
v -0.149902 3.523438 1.320801 0.290196 0.290196 0.290196 #0.000000
v -0.149902 3.523438 1.320801 0.290196 0.290196 0.290196 #0.000000
v -0.594971 3.371094 1.305420 0.290196 0.290196 0.290196 #0.000000
v -0.552979 3.319092 2.118652 0.290196 0.290196 0.290196 #0.000000
v -1.676270 1.372070 -1.004150 0.290196 0.290196 0.290196 #0.000000
v -1.323242 1.135498 -1.299072 0.290196 0.290196 0.290196 #0.000000
v -1.375977 1.023193 -0.773193 0.290196 0.290196 0.290196 #0.000000
v 1.134033 1.704346 -0.324707 0.290196 0.290196 0.290196 #0.000000
v 0.976807 1.432861 -0.229980 0.290196 0.290196 0.290196 #0.000000
v 1.029541 1.310791 -0.744141 0.290196 0.290196 0.290196 #0.000000
v 1.029541 1.310791 -0.744141 0.290196 0.290196 0.290196 #0.000000
v 1.181152 1.603271 -0.852783 0.290196 0.290196 0.290196 #0.000000
v 1.134033 1.704346 -0.324707 0.290196 0.290196 0.290196 #0.000000
v -1.829590 3.189697 -0.340088 0.290196 0.290196 0.290196 #0.000000
v -1.891357 3.050049 -0.658691 0.290196 0.290196 0.290196 #0.000000
v -1.979736 2.658936 -0.434326 0.290196 0.290196 0.290196 #0.000000
v -1.979736 2.658936 -0.434326 0.290196 0.290196 0.290196 #0.000000
v -1.948486 2.710938 -0.143066 0.290196 0.290196 0.290196 #0.000000
v -1.829590 3.189697 -0.340088 0.290196 0.290196 0.290196 #0.000000
v 0.512695 0.954834 -0.690430 0.290196 0.290196 0.290196 #0.000000
v 1.029541 1.310791 -0.744141 0.290196 0.290196 0.290196 #0.000000
v 0.976807 1.432861 -0.229980 0.290196 0.290196 0.290196 #0.000000
v 0.976807 1.432861 -0.229980 0.290196 0.290196 0.290196 #0.000000
v 0.454590 1.116211 -0.134277 0.290196 0.290196 0.290196 #0.000000
v 0.512695 0.954834 -0.690430 0.290196 0.290196 0.290196 #0.000000
v -1.980225 2.367188 -0.821289 0.290196 0.290196 0.290196 #0.000000
v -1.987793 2.536865 -0.661621 0.290196 0.290196 0.290196 #0.000000
v -1.925293 2.857422 -0.956543 0.290196 0.290196 0.290196 #0.000000
v -1.925293 2.857422 -0.956543 0.290196 0.290196 0.290196 #0.000000
v -1.933838 2.614746 -1.188477 0.290196 0.290196 0.290196 #0.000000
v -1.980225 2.367188 -0.821289 0.290196 0.290196 0.290196 #0.000000
v -1.917480 2.328125 -1.312988 0.290196 0.290196 0.290196 #0.000000
v -1.956299 2.160400 -0.886719 0.290196 0.290196 0.290196 #0.000000
v -1.980225 2.367188 -0.821289 0.290196 0.290196 0.290196 #0.000000
v -1.980225 2.367188 -0.821289 0.290196 0.290196 0.290196 #0.000000
v -1.933838 2.614746 -1.188477 0.290196 0.290196 0.290196 #0.000000
v -1.917480 2.328125 -1.312988 0.290196 0.290196 0.290196 #0.000000
v -1.721191 1.461914 -0.527832 0.290196 0.290196 0.290196 #0.000000
v -1.842041 1.686768 -0.697021 0.290196 0.290196 0.290196 #0.000000
v -1.800049 1.672607 -1.168213 0.290196 0.290196 0.290196 #0.000000
v -1.800049 1.672607 -1.168213 0.290196 0.290196 0.290196 #0.000000
v -1.676270 1.372070 -1.004150 0.290196 0.290196 0.290196 #0.000000
v -1.721191 1.461914 -0.527832 0.290196 0.290196 0.290196 #0.000000
v -1.361816 1.144043 -0.268066 0.290196 0.290196 0.290196 #0.000000
v -1.227539 1.454346 0.028320 0.290196 0.290196 0.290196 #0.000000
v -1.617920 1.677490 -0.196533 0.290196 0.290196 0.290196 #0.000000
v -1.617920 1.677490 -0.196533 0.290196 0.290196 0.290196 #0.000000
v -1.721191 1.461914 -0.527832 0.290196 0.290196 0.290196 #0.000000
v -1.361816 1.144043 -0.268066 0.290196 0.290196 0.290196 #0.000000
v -0.916504 1.007324 -0.205566 0.290196 0.290196 0.290196 #0.000000
v -0.936035 1.381592 0.084473 0.290196 0.290196 0.290196 #0.000000
v -1.361816 1.144043 -0.268066 0.290196 0.290196 0.290196 #0.000000
v -1.361816 1.144043 -0.268066 0.290196 0.290196 0.290196 #0.000000
v -0.915283 0.860840 -0.735107 0.290196 0.290196 0.290196 #0.000000
v -0.916504 1.007324 -0.205566 0.290196 0.290196 0.290196 #0.000000
v -1.747070 2.441895 -0.281006 0.290196 0.290196 0.290196 #0.000000
v -1.713623 2.449219 -0.082275 0.290196 0.290196 0.290196 #0.000000
v -1.948486 2.710938 -0.143066 0.290196 0.290196 0.290196 #0.000000
v -1.948486 2.710938 -0.143066 0.290196 0.290196 0.290196 #0.000000
v -1.979736 2.658936 -0.434326 0.290196 0.290196 0.290196 #0.000000
v -1.747070 2.441895 -0.281006 0.290196 0.290196 0.290196 #0.000000
v -1.979736 2.658936 -0.434326 0.290196 0.290196 0.290196 #0.000000
v -1.987793 2.536865 -0.661621 0.290196 0.290196 0.290196 #0.000000
v -1.811523 2.350342 -0.500244 0.290196 0.290196 0.290196 #0.000000
v -1.811523 2.350342 -0.500244 0.290196 0.290196 0.290196 #0.000000
v -1.747070 2.441895 -0.281006 0.290196 0.290196 0.290196 #0.000000
v -1.979736 2.658936 -0.434326 0.290196 0.290196 0.290196 #0.000000
v -1.956299 2.160400 -0.886719 0.290196 0.290196 0.290196 #0.000000
v -1.915283 1.926514 -0.830811 0.290196 0.290196 0.290196 #0.000000
v -1.819824 2.102051 -0.578857 0.290196 0.290196 0.290196 #0.000000
v -1.842041 1.686768 -0.697021 0.290196 0.290196 0.290196 #0.000000
v -1.761230 1.818848 -0.332275 0.290196 0.290196 0.290196 #0.000000
v -1.819824 2.102051 -0.578857 0.290196 0.290196 0.290196 #0.000000
v -1.819824 2.102051 -0.578857 0.290196 0.290196 0.290196 #0.000000
v -1.915283 1.926514 -0.830811 0.290196 0.290196 0.290196 #0.000000
v -1.842041 1.686768 -0.697021 0.290196 0.290196 0.290196 #0.000000
v -0.893799 1.706787 0.083984 0.290196 0.290196 0.290196 #0.000000
v -1.227539 1.454346 0.028320 0.290196 0.290196 0.290196 #0.000000
v -0.936035 1.381592 0.084473 0.290196 0.290196 0.290196 #0.000000
v -0.936035 1.381592 0.084473 0.290196 0.290196 0.290196 #0.000000
v -0.422363 1.320313 0.088135 0.290196 0.290196 0.290196 #0.000000
v -0.893799 1.706787 0.083984 0.290196 0.290196 0.290196 #0.000000
v 1.243408 1.768555 -0.286621 0.290196 0.290196 0.290196 #0.000000
v 1.494141 1.601807 -0.169189 0.290196 0.290196 0.290196 #0.000000
v 1.490967 1.676270 0.131592 0.290196 0.290196 0.290196 #0.000000
v 0.886230 1.751709 0.219971 0.290196 0.290196 0.290196 #0.000000
v 0.703369 1.837646 -0.010010 0.290196 0.290196 0.290196 #0.000000
v 0.997803 2.039307 -0.100586 0.290196 0.290196 0.290196 #0.000000
v 1.257080 3.023682 0.646973 0.290196 0.290196 0.290196 #0.000000
v 1.319824 2.682861 0.752197 0.290196 0.290196 0.290196 #0.000000
v 1.878662 2.777344 0.128418 0.290196 0.290196 0.290196 #0.000000
v 1.878662 2.777344 0.128418 0.290196 0.290196 0.290196 #0.000000
v 1.716553 3.035889 -0.004883 0.290196 0.290196 0.290196 #0.000000
v 1.257080 3.023682 0.646973 0.290196 0.290196 0.290196 #0.000000
v 1.490967 1.676270 0.131592 0.290196 0.290196 0.290196 #0.000000
v 1.621338 1.825684 0.470703 0.290196 0.290196 0.290196 #0.000000
v 1.020996 1.906250 0.837158 0.290196 0.290196 0.290196 #0.000000
v 1.020996 1.906250 0.837158 0.290196 0.290196 0.290196 #0.000000
v 0.958496 1.799805 0.555664 0.290196 0.290196 0.290196 #0.000000
v 1.490967 1.676270 0.131592 0.290196 0.290196 0.290196 #0.000000
v 1.621338 1.825684 0.470703 0.290196 0.290196 0.290196 #0.000000
v 1.835938 2.283447 0.336426 0.290196 0.290196 0.290196 #0.000000
v 1.229736 2.256592 0.867432 0.290196 0.290196 0.290196 #0.000000
v 1.229736 2.256592 0.867432 0.290196 0.290196 0.290196 #0.000000
v 1.020996 1.906250 0.837158 0.290196 0.290196 0.290196 #0.000000
v 1.621338 1.825684 0.470703 0.290196 0.290196 0.290196 #0.000000
v 1.170410 3.503418 0.314697 0.290196 0.290196 0.290196 #0.000000
v 1.298340 3.442383 -0.363770 0.290196 0.290196 0.290196 #0.000000
v 0.867920 3.702148 -0.612793 0.290196 0.290196 0.290196 #0.000000
v 0.867920 3.702148 -0.612793 0.290196 0.290196 0.290196 #0.000000
v 0.812744 3.722412 0.177734 0.290196 0.290196 0.290196 #0.000000
v 1.170410 3.503418 0.314697 0.290196 0.290196 0.290196 #0.000000
v -0.490479 4.023193 0.070313 0.290196 0.290196 0.290196 #0.000000
v -0.625732 3.881592 -0.714355 0.290196 0.290196 0.290196 #0.000000
v -1.384521 3.613770 -0.538574 0.290196 0.290196 0.290196 #0.000000
v -1.384521 3.613770 -0.538574 0.290196 0.290196 0.290196 #0.000000
v -1.172852 3.766602 0.148682 0.290196 0.290196 0.290196 #0.000000
v -0.490479 4.023193 0.070313 0.290196 0.290196 0.290196 #0.000000
v -1.470947 3.429199 -0.920166 0.290196 0.290196 0.290196 #0.000000
v -1.891357 3.050049 -0.658691 0.290196 0.290196 0.290196 #0.000000
v -1.829590 3.189697 -0.340088 0.290196 0.290196 0.290196 #0.000000
v -1.829590 3.189697 -0.340088 0.290196 0.290196 0.290196 #0.000000
v -1.384521 3.613770 -0.538574 0.290196 0.290196 0.290196 #0.000000
v -1.470947 3.429199 -0.920166 0.290196 0.290196 0.290196 #0.000000
v -1.917480 2.328125 -1.312988 0.290196 0.290196 0.290196 #0.000000
v -1.933838 2.614746 -1.188477 0.290196 0.290196 0.290196 #0.000000
v -1.579590 2.864258 -1.562988 0.290196 0.290196 0.290196 #0.000000
v -1.579590 2.864258 -1.562988 0.290196 0.290196 0.290196 #0.000000
v -1.592285 2.501709 -1.729492 0.290196 0.290196 0.290196 #0.000000
v -1.917480 2.328125 -1.312988 0.290196 0.290196 0.290196 #0.000000
v 1.044189 1.542480 -1.397461 0.290196 0.290196 0.290196 #0.000000
v 1.116455 1.842041 -1.558838 0.290196 0.290196 0.290196 #0.000000
v 1.201660 1.895264 -1.289307 0.290196 0.290196 0.290196 #0.000000
v -1.323242 1.135498 -1.299072 0.290196 0.290196 0.290196 #0.000000
v -0.881104 0.969238 -1.344971 0.290196 0.290196 0.290196 #0.000000
v -0.915283 0.860840 -0.735107 0.290196 0.290196 0.290196 #0.000000
v -0.915283 0.860840 -0.735107 0.290196 0.290196 0.290196 #0.000000
v -1.375977 1.023193 -0.773193 0.290196 0.290196 0.290196 #0.000000
v -1.323242 1.135498 -1.299072 0.290196 0.290196 0.290196 #0.000000
v 1.029541 1.310791 -0.744141 0.290196 0.290196 0.290196 #0.000000
v 0.955811 1.312256 -1.212891 0.290196 0.290196 0.290196 #0.000000
v 1.044189 1.542480 -1.397461 0.290196 0.290196 0.290196 #0.000000
v 1.044189 1.542480 -1.397461 0.290196 0.290196 0.290196 #0.000000
v 1.181152 1.603271 -0.852783 0.290196 0.290196 0.290196 #0.000000
v 1.029541 1.310791 -0.744141 0.290196 0.290196 0.290196 #0.000000
v -1.470947 3.429199 -0.920166 0.290196 0.290196 0.290196 #0.000000
v -1.537598 3.176270 -1.277588 0.290196 0.290196 0.290196 #0.000000
v -1.925293 2.857422 -0.956543 0.290196 0.290196 0.290196 #0.000000
v -1.925293 2.857422 -0.956543 0.290196 0.290196 0.290196 #0.000000
v -1.891357 3.050049 -0.658691 0.290196 0.290196 0.290196 #0.000000
v -1.470947 3.429199 -0.920166 0.290196 0.290196 0.290196 #0.000000
v -1.917480 2.328125 -1.312988 0.290196 0.290196 0.290196 #0.000000
v -1.592285 2.501709 -1.729492 0.290196 0.290196 0.290196 #0.000000
v -1.570557 2.098145 -1.729004 0.290196 0.290196 0.290196 #0.000000
v -1.570557 2.098145 -1.729004 0.290196 0.290196 0.290196 #0.000000
v -1.876465 2.002441 -1.288574 0.290196 0.290196 0.290196 #0.000000
v -1.917480 2.328125 -1.312988 0.290196 0.290196 0.290196 #0.000000
v -1.570557 2.098145 -1.729004 0.290196 0.290196 0.290196 #0.000000
v -1.516357 1.710693 -1.616455 0.290196 0.290196 0.290196 #0.000000
v -1.800049 1.672607 -1.168213 0.290196 0.290196 0.290196 #0.000000
v -1.800049 1.672607 -1.168213 0.290196 0.290196 0.290196 #0.000000
v -1.876465 2.002441 -1.288574 0.290196 0.290196 0.290196 #0.000000
v -1.570557 2.098145 -1.729004 0.290196 0.290196 0.290196 #0.000000
v -1.624756 3.314453 0.223145 0.290196 0.290196 0.290196 #0.000000
v -1.172852 3.766602 0.148682 0.290196 0.290196 0.290196 #0.000000
v -1.384521 3.613770 -0.538574 0.290196 0.290196 0.290196 #0.000000
v -1.384521 3.613770 -0.538574 0.290196 0.290196 0.290196 #0.000000
v -1.829590 3.189697 -0.340088 0.290196 0.290196 0.290196 #0.000000
v -1.624756 3.314453 0.223145 0.290196 0.290196 0.290196 #0.000000
v 1.499268 3.272217 -0.156982 0.290196 0.290196 0.290196 #0.000000
v 1.298340 3.442383 -0.363770 0.290196 0.290196 0.290196 #0.000000
v 1.170410 3.503418 0.314697 0.290196 0.290196 0.290196 #0.000000
v 1.476563 2.981689 -0.825928 0.290196 0.290196 0.290196 #0.000000
v 1.392334 2.648682 -1.151611 0.290196 0.290196 0.290196 #0.000000
v 1.230225 2.854980 -1.484619 0.290196 0.290196 0.290196 #0.000000
v 1.230225 2.854980 -1.484619 0.290196 0.290196 0.290196 #0.000000
v 1.267334 3.111084 -1.192871 0.290196 0.290196 0.290196 #0.000000
v 1.476563 2.981689 -0.825928 0.290196 0.290196 0.290196 #0.000000
v 1.521240 3.204102 -0.431396 0.290196 0.290196 0.290196 #0.000000
v 1.504883 3.108643 -0.600342 0.290196 0.290196 0.290196 #0.000000
v 1.303955 3.308838 -0.812744 0.290196 0.290196 0.290196 #0.000000
v 1.303955 3.308838 -0.812744 0.290196 0.290196 0.290196 #0.000000
v 1.298340 3.442383 -0.363770 0.290196 0.290196 0.290196 #0.000000
v 1.521240 3.204102 -0.431396 0.290196 0.290196 0.290196 #0.000000
v 1.201660 1.895264 -1.289307 0.290196 0.290196 0.290196 #0.000000
v 1.116455 1.842041 -1.558838 0.290196 0.290196 0.290196 #0.000000
v 1.160889 2.193359 -1.659424 0.290196 0.290196 0.290196 #0.000000
v 1.392334 2.648682 -1.151611 0.290196 0.290196 0.290196 #0.000000
v 1.160889 2.193359 -1.659424 0.290196 0.290196 0.290196 #0.000000
v 1.193604 2.547607 -1.650635 0.290196 0.290196 0.290196 #0.000000
v 1.476563 2.981689 -0.825928 0.290196 0.290196 0.290196 #0.000000
v 1.267334 3.111084 -1.192871 0.290196 0.290196 0.290196 #0.000000
v 1.303955 3.308838 -0.812744 0.290196 0.290196 0.290196 #0.000000
v 1.303955 3.308838 -0.812744 0.290196 0.290196 0.290196 #0.000000
v 1.504883 3.108643 -0.600342 0.290196 0.290196 0.290196 #0.000000
v 1.476563 2.981689 -0.825928 0.290196 0.290196 0.290196 #0.000000
v 1.298340 3.442383 -0.363770 0.290196 0.290196 0.290196 #0.000000
v 1.499268 3.272217 -0.156982 0.290196 0.290196 0.290196 #0.000000
v 1.521240 3.204102 -0.431396 0.290196 0.290196 0.290196 #0.000000
v 0.301270 2.095703 1.071289 0.290196 0.290196 0.290196 #0.000000
v -0.317139 2.118652 1.100830 0.290196 0.290196 0.290196 #0.000000
v -0.319580 1.996826 0.832764 0.290196 0.290196 0.290196 #0.000000
v -0.319580 1.996826 0.832764 0.290196 0.290196 0.290196 #0.000000
v 0.710449 1.921875 0.826416 0.290196 0.290196 0.290196 #0.000000
v 0.301270 2.095703 1.071289 0.290196 0.290196 0.290196 #0.000000
v 0.751221 3.232178 1.297363 0.290196 0.290196 0.290196 #0.000000
v 0.812500 2.975586 1.250732 0.290196 0.290196 0.290196 #0.000000
v 1.069336 2.959717 0.881592 0.290196 0.290196 0.290196 #0.000000
v 1.069336 2.959717 0.881592 0.290196 0.290196 0.290196 #0.000000
v 1.029297 3.295410 0.820313 0.290196 0.290196 0.290196 #0.000000
v 0.751221 3.232178 1.297363 0.290196 0.290196 0.290196 #0.000000
v 0.245361 3.803955 0.804199 0.290196 0.290196 0.290196 #0.000000
v -0.149902 3.523438 1.320801 0.290196 0.290196 0.290196 #0.000000
v 0.376953 3.435791 1.309326 0.290196 0.290196 0.290196 #0.000000
v 0.705566 3.559814 0.781982 0.290196 0.290196 0.290196 #0.000000
v 0.158691 4.004395 0.052734 0.290196 0.290196 0.290196 #0.000000
v 0.245361 3.803955 0.804199 0.290196 0.290196 0.290196 #0.000000
v 0.301270 2.095703 1.071289 0.290196 0.290196 0.290196 #0.000000
v 0.710449 1.921875 0.826416 0.290196 0.290196 0.290196 #0.000000
v 0.929443 2.271729 0.954834 0.290196 0.290196 0.290196 #0.000000
v 0.929443 2.271729 0.954834 0.290196 0.290196 0.290196 #0.000000
v 0.653076 2.299316 1.123779 0.290196 0.290196 0.290196 #0.000000
v 0.301270 2.095703 1.071289 0.290196 0.290196 0.290196 #0.000000
v 0.929443 2.271729 0.954834 0.290196 0.290196 0.290196 #0.000000
v 1.082031 2.659912 0.924316 0.290196 0.290196 0.290196 #0.000000
v 0.783691 2.612793 1.169678 0.290196 0.290196 0.290196 #0.000000
v 0.783691 2.612793 1.169678 0.290196 0.290196 0.290196 #0.000000
v 0.653076 2.299316 1.123779 0.290196 0.290196 0.290196 #0.000000
v 0.929443 2.271729 0.954834 0.290196 0.290196 0.290196 #0.000000
v 0.751221 3.232178 1.297363 0.290196 0.290196 0.290196 #0.000000
v 1.029297 3.295410 0.820313 0.290196 0.290196 0.290196 #0.000000
v 0.705566 3.559814 0.781982 0.290196 0.290196 0.290196 #0.000000
v 0.705566 3.559814 0.781982 0.290196 0.290196 0.290196 #0.000000
v 0.376953 3.435791 1.309326 0.290196 0.290196 0.290196 #0.000000
v 0.751221 3.232178 1.297363 0.290196 0.290196 0.290196 #0.000000
v -1.389893 3.299561 0.706787 0.290196 0.290196 0.290196 #0.000000
v -1.574707 2.774414 0.687500 0.290196 0.290196 0.290196 #0.000000
v -1.158691 2.740723 1.195557 0.290196 0.290196 0.290196 #0.000000
v -1.158691 2.740723 1.195557 0.290196 0.290196 0.290196 #0.000000
v -0.947754 3.105957 1.262451 0.290196 0.290196 0.290196 #0.000000
v -1.389893 3.299561 0.706787 0.290196 0.290196 0.290196 #0.000000
v -0.358887 3.847900 0.738281 0.290196 0.290196 0.290196 #0.000000
v -0.915283 3.669678 0.763428 0.290196 0.290196 0.290196 #0.000000
v -0.594971 3.371094 1.305420 0.290196 0.290196 0.290196 #0.000000
v -0.594971 3.371094 1.305420 0.290196 0.290196 0.290196 #0.000000
v -0.149902 3.523438 1.320801 0.290196 0.290196 0.290196 #0.000000
v -0.358887 3.847900 0.738281 0.290196 0.290196 0.290196 #0.000000
v -0.308594 2.103516 -2.166748 0.290196 0.290196 0.290196 #0.000000
v -0.246094 2.576904 -2.124756 0.290196 0.290196 0.290196 #0.000000
v 0.659912 2.545898 -2.014648 0.290196 0.290196 0.290196 #0.000000
v -0.246094 2.576904 -2.124756 0.290196 0.290196 0.290196 #0.000000
v -0.308594 2.103516 -2.166748 0.290196 0.290196 0.290196 #0.000000
v -0.930176 2.572021 -2.026855 0.290196 0.290196 0.290196 #0.000000
v 0.454590 1.116211 -0.134277 0.290196 0.290196 0.290196 #0.000000
v 0.405029 1.405029 0.065186 0.290196 0.290196 0.290196 #0.000000
v -0.422363 1.320313 0.088135 0.290196 0.290196 0.290196 #0.000000
v -0.422363 1.320313 0.088135 0.290196 0.290196 0.290196 #0.000000
v -0.401123 1.020020 -0.151367 0.290196 0.290196 0.290196 #0.000000
v 0.454590 1.116211 -0.134277 0.290196 0.290196 0.290196 #0.000000
v 0.454590 1.116211 -0.134277 0.290196 0.290196 0.290196 #0.000000
v -0.401123 1.020020 -0.151367 0.290196 0.290196 0.290196 #0.000000
v -0.353760 0.827637 -0.740234 0.290196 0.290196 0.290196 #0.000000
v -0.353760 0.827637 -0.740234 0.290196 0.290196 0.290196 #0.000000
v 0.512695 0.954834 -0.690430 0.290196 0.290196 0.290196 #0.000000
v 0.454590 1.116211 -0.134277 0.290196 0.290196 0.290196 #0.000000
v 0.066162 3.938477 -0.683350 0.290196 0.290196 0.290196 #0.000000
v 0.158691 4.004395 0.052734 0.290196 0.290196 0.290196 #0.000000
v 0.867920 3.702148 -0.612793 0.290196 0.290196 0.290196 #0.000000
v 0.867920 3.702148 -0.612793 0.290196 0.290196 0.290196 #0.000000
v -0.022705 3.708008 -1.235352 0.290196 0.290196 0.290196 #0.000000
v 0.066162 3.938477 -0.683350 0.290196 0.290196 0.290196 #0.000000
v -0.202148 3.008789 -1.971680 0.290196 0.290196 0.290196 #0.000000
v -0.112061 3.396240 -1.647217 0.290196 0.290196 0.290196 #0.000000
v 0.782959 3.270020 -1.486572 0.290196 0.290196 0.290196 #0.000000
v 0.782959 3.270020 -1.486572 0.290196 0.290196 0.290196 #0.000000
v 0.718018 2.932373 -1.817627 0.290196 0.290196 0.290196 #0.000000
v -0.202148 3.008789 -1.971680 0.290196 0.290196 0.290196 #0.000000
v -0.317871 1.263672 -1.778809 0.290196 0.290196 0.290196 #0.000000
v -0.318848 1.653320 -2.027588 0.290196 0.290196 0.290196 #0.000000
v 0.595459 1.719971 -1.898193 0.290196 0.290196 0.290196 #0.000000
v 0.595459 1.719971 -1.898193 0.290196 0.290196 0.290196 #0.000000
v 0.572510 1.367676 -1.668457 0.290196 0.290196 0.290196 #0.000000
v -0.317871 1.263672 -1.778809 0.290196 0.290196 0.290196 #0.000000
v 1.256348 1.649414 -0.644043 0.290196 0.290196 0.290196 #0.000000
v 1.243408 1.768555 -0.286621 0.290196 0.290196 0.290196 #0.000000
v 1.455566 2.625732 -0.612061 0.290196 0.290196 0.290196 #0.000000
v 1.455566 2.625732 -0.612061 0.290196 0.290196 0.290196 #0.000000
v 1.373779 2.382813 -0.917236 0.290196 0.290196 0.290196 #0.000000
v 1.256348 1.649414 -0.644043 0.290196 0.290196 0.290196 #0.000000
v 1.243408 1.768555 -0.286621 0.290196 0.290196 0.290196 #0.000000
v 1.490967 1.676270 0.131592 0.290196 0.290196 0.290196 #0.000000
v 0.958496 1.799805 0.555664 0.290196 0.290196 0.290196 #0.000000
v 1.243408 1.768555 -0.286621 0.290196 0.290196 0.290196 #0.000000
v 0.958496 1.799805 0.555664 0.290196 0.290196 0.290196 #0.000000
v 0.886230 1.751709 0.219971 0.290196 0.290196 0.290196 #0.000000
v 1.243408 1.768555 -0.286621 0.290196 0.290196 0.290196 #0.000000
v 0.886230 1.751709 0.219971 0.290196 0.290196 0.290196 #0.000000
v 0.997803 2.039307 -0.100586 0.290196 0.290196 0.290196 #0.000000
v 1.219971 2.470215 -0.266846 0.290196 0.290196 0.290196 #0.000000
v 1.385498 2.886475 -0.518799 0.290196 0.290196 0.290196 #0.000000
v 1.498535 2.951660 -0.399170 0.290196 0.290196 0.290196 #0.000000
v 1.498535 2.951660 -0.399170 0.290196 0.290196 0.290196 #0.000000
v 1.455566 2.625732 -0.612061 0.290196 0.290196 0.290196 #0.000000
v 1.243408 1.768555 -0.286621 0.290196 0.290196 0.290196 #0.000000
v 1.321289 2.204346 -1.160400 0.290196 0.290196 0.290196 #0.000000
v 1.277100 2.062988 -1.200195 0.290196 0.290196 0.290196 #0.000000
v 1.227051 1.670166 -1.045410 0.290196 0.290196 0.290196 #0.000000
v 1.227051 1.670166 -1.045410 0.290196 0.290196 0.290196 #0.000000
v 1.235107 1.597412 -0.924561 0.290196 0.290196 0.290196 #0.000000
v 1.321289 2.204346 -1.160400 0.290196 0.290196 0.290196 #0.000000
v 1.277100 2.062988 -1.200195 0.290196 0.290196 0.290196 #0.000000
v 1.388184 2.132324 -1.223145 0.290196 0.290196 0.290196 #0.000000
v 1.279785 1.837646 -1.155029 0.290196 0.290196 0.290196 #0.000000
v 1.279785 1.837646 -1.155029 0.290196 0.290196 0.290196 #0.000000
v 1.332031 1.568359 -0.995850 0.290196 0.290196 0.290196 #0.000000
v 1.227051 1.670166 -1.045410 0.290196 0.290196 0.290196 #0.000000
v 1.256348 1.649414 -0.644043 0.290196 0.290196 0.290196 #0.000000
v 1.373779 2.382813 -0.917236 0.290196 0.290196 0.290196 #0.000000
v 1.321289 2.204346 -1.160400 0.290196 0.290196 0.290196 #0.000000
v 1.321289 2.204346 -1.160400 0.290196 0.290196 0.290196 #0.000000
v 1.235107 1.597412 -0.924561 0.290196 0.290196 0.290196 #0.000000
v 1.256348 1.649414 -0.644043 0.290196 0.290196 0.290196 #0.000000
v -0.984131 2.351807 1.145996 0.290196 0.290196 0.290196 #0.000000
v -1.158691 2.740723 1.195557 0.290196 0.290196 0.290196 #0.000000
v -1.574707 2.774414 0.687500 0.290196 0.290196 0.290196 #0.000000
v -1.574707 2.774414 0.687500 0.290196 0.290196 0.290196 #0.000000
v -1.779541 2.807861 0.306396 0.290196 0.290196 0.290196 #0.000000
v -1.587158 2.439697 0.340576 0.290196 0.290196 0.290196 #0.000000
v 1.029297 3.295410 0.820313 0.290196 0.290196 0.290196 #0.000000
v 1.069336 2.959717 0.881592 0.290196 0.290196 0.290196 #0.000000
v 1.257080 3.023682 0.646973 0.290196 0.290196 0.290196 #0.000000
v 1.257080 3.023682 0.646973 0.290196 0.290196 0.290196 #0.000000
v 1.716553 3.035889 -0.004883 0.290196 0.290196 0.290196 #0.000000
v 1.547119 3.155518 -0.086914 0.290196 0.290196 0.290196 #0.000000
v 1.499268 3.272217 -0.156982 0.290196 0.290196 0.290196 #0.000000
v 1.170410 3.503418 0.314697 0.290196 0.290196 0.290196 #0.000000
v 1.218750 3.286133 0.426025 0.290196 0.290196 0.290196 #0.000000
v 1.170410 3.503418 0.314697 0.290196 0.290196 0.290196 #0.000000
v 0.705566 3.559814 0.781982 0.290196 0.290196 0.290196 #0.000000
v 1.029297 3.295410 0.820313 0.290196 0.290196 0.290196 #0.000000
v 0.705566 3.559814 0.781982 0.290196 0.290196 0.290196 #0.000000
v 1.170410 3.503418 0.314697 0.290196 0.290196 0.290196 #0.000000
v 0.812744 3.722412 0.177734 0.290196 0.290196 0.290196 #0.000000
v -1.779541 2.807861 0.306396 0.290196 0.290196 0.290196 #0.000000
v -1.574707 2.774414 0.687500 0.290196 0.290196 0.290196 #0.000000
v -1.389893 3.299561 0.706787 0.290196 0.290196 0.290196 #0.000000
v -1.389893 3.299561 0.706787 0.290196 0.290196 0.290196 #0.000000
v -1.624756 3.314453 0.223145 0.290196 0.290196 0.290196 #0.000000
v -1.779541 2.807861 0.306396 0.290196 0.290196 0.290196 #0.000000
v -0.915283 3.669678 0.763428 0.290196 0.290196 0.290196 #0.000000
v -0.358887 3.847900 0.738281 0.290196 0.290196 0.290196 #0.000000
v -0.490479 4.023193 0.070313 0.290196 0.290196 0.290196 #0.000000
v -0.490479 4.023193 0.070313 0.290196 0.290196 0.290196 #0.000000
v -1.172852 3.766602 0.148682 0.290196 0.290196 0.290196 #0.000000
v -0.915283 3.669678 0.763428 0.290196 0.290196 0.290196 #0.000000
v -1.624756 3.314453 0.223145 0.290196 0.290196 0.290196 #0.000000
v -1.389893 3.299561 0.706787 0.290196 0.290196 0.290196 #0.000000
v -0.915283 3.669678 0.763428 0.290196 0.290196 0.290196 #0.000000
v -0.915283 3.669678 0.763428 0.290196 0.290196 0.290196 #0.000000
v -1.172852 3.766602 0.148682 0.290196 0.290196 0.290196 #0.000000
v -1.624756 3.314453 0.223145 0.290196 0.290196 0.290196 #0.000000
v -0.390381 1.895264 0.320801 0.290196 0.290196 0.290196 #0.000000
v 0.509277 1.752686 0.313477 0.290196 0.290196 0.290196 #0.000000
v 0.710449 1.921875 0.826416 0.290196 0.290196 0.290196 #0.000000
v 0.710449 1.921875 0.826416 0.290196 0.290196 0.290196 #0.000000
v -0.319580 1.996826 0.832764 0.290196 0.290196 0.290196 #0.000000
v -0.390381 1.895264 0.320801 0.290196 0.290196 0.290196 #0.000000
v -1.948486 2.710938 -0.143066 0.290196 0.290196 0.290196 #0.000000
v -1.713623 2.449219 -0.082275 0.290196 0.290196 0.290196 #0.000000
v -1.587158 2.439697 0.340576 0.290196 0.290196 0.290196 #0.000000
v -1.587158 2.439697 0.340576 0.290196 0.290196 0.290196 #0.000000
v -1.779541 2.807861 0.306396 0.290196 0.290196 0.290196 #0.000000
v -1.948486 2.710938 -0.143066 0.290196 0.290196 0.290196 #0.000000
v 1.490967 1.676270 0.131592 0.290196 0.290196 0.290196 #0.000000
v 1.797119 1.795898 0.142090 0.290196 0.290196 0.290196 #0.000000
v 1.621338 1.825684 0.470703 0.290196 0.290196 0.290196 #0.000000
v 1.020996 1.906250 0.837158 0.290196 0.290196 0.290196 #0.000000
v 0.710449 1.921875 0.826416 0.290196 0.290196 0.290196 #0.000000
v 0.958496 1.799805 0.555664 0.290196 0.290196 0.290196 #0.000000
v 0.705566 3.559814 0.781982 0.290196 0.290196 0.290196 #0.000000
v 0.812744 3.722412 0.177734 0.290196 0.290196 0.290196 #0.000000
v 0.158691 4.004395 0.052734 0.290196 0.290196 0.290196 #0.000000
v 0.158691 4.004395 0.052734 0.290196 0.290196 0.290196 #0.000000
v -0.490479 4.023193 0.070313 0.290196 0.290196 0.290196 #0.000000
v -0.358887 3.847900 0.738281 0.290196 0.290196 0.290196 #0.000000
v 0.867920 3.702148 -0.612793 0.290196 0.290196 0.290196 #0.000000
v 0.839355 3.535156 -1.065674 0.290196 0.290196 0.290196 #0.000000
v -0.022705 3.708008 -1.235352 0.290196 0.290196 0.290196 #0.000000
v -0.022705 3.708008 -1.235352 0.290196 0.290196 0.290196 #0.000000
v -0.713867 3.666992 -1.138428 0.290196 0.290196 0.290196 #0.000000
v -0.625732 3.881592 -0.714355 0.290196 0.290196 0.290196 #0.000000
v -0.625732 3.881592 -0.714355 0.290196 0.290196 0.290196 #0.000000
v -0.490479 4.023193 0.070313 0.290196 0.290196 0.290196 #0.000000
v 0.158691 4.004395 0.052734 0.290196 0.290196 0.290196 #0.000000
v 0.158691 4.004395 0.052734 0.290196 0.290196 0.290196 #0.000000
v 0.812744 3.722412 0.177734 0.290196 0.290196 0.290196 #0.000000
v 0.867920 3.702148 -0.612793 0.290196 0.290196 0.290196 #0.000000
v 0.659912 2.545898 -2.014648 0.290196 0.290196 0.290196 #0.000000
v 0.621338 2.126465 -2.025146 0.290196 0.290196 0.290196 #0.000000
v -0.308594 2.103516 -2.166748 0.290196 0.290196 0.290196 #0.000000
v -0.308594 2.103516 -2.166748 0.290196 0.290196 0.290196 #0.000000
v -0.939697 2.114502 -2.032227 0.290196 0.290196 0.290196 #0.000000
v -0.930176 2.572021 -2.026855 0.290196 0.290196 0.290196 #0.000000
v -0.930176 2.572021 -2.026855 0.290196 0.290196 0.290196 #0.000000
v -0.880127 2.994873 -1.843750 0.290196 0.290196 0.290196 #0.000000
v -0.202148 3.008789 -1.971680 0.290196 0.290196 0.290196 #0.000000
v -0.202148 3.008789 -1.971680 0.290196 0.290196 0.290196 #0.000000
v 0.718018 2.932373 -1.817627 0.290196 0.290196 0.290196 #0.000000
v 0.659912 2.545898 -2.014648 0.290196 0.290196 0.290196 #0.000000
v -0.364258 1.783936 -0.065674 0.290196 0.290196 0.290196 #0.000000
v -0.863281 1.874268 -0.053467 0.290196 0.290196 0.290196 #0.000000
v -0.893799 1.706787 0.083984 0.290196 0.290196 0.290196 #0.000000
v -0.881104 0.969238 -1.344971 0.290196 0.290196 0.290196 #0.000000
v -0.894287 1.288818 -1.670898 0.290196 0.290196 0.290196 #0.000000
v -0.317871 1.263672 -1.778809 0.290196 0.290196 0.290196 #0.000000
v -0.317871 1.263672 -1.778809 0.290196 0.290196 0.290196 #0.000000
v 0.572510 1.367676 -1.668457 0.290196 0.290196 0.290196 #0.000000
v 0.546143 1.066162 -1.335205 0.290196 0.290196 0.290196 #0.000000
v 0.546143 1.066162 -1.335205 0.290196 0.290196 0.290196 #0.000000
v 0.512695 0.954834 -0.690430 0.290196 0.290196 0.290196 #0.000000
v -0.353760 0.827637 -0.740234 0.290196 0.290196 0.290196 #0.000000
v -0.353760 0.827637 -0.740234 0.290196 0.290196 0.290196 #0.000000
v -0.915283 0.860840 -0.735107 0.290196 0.290196 0.290196 #0.000000
v -0.881104 0.969238 -1.344971 0.290196 0.290196 0.290196 #0.000000
v 1.072266 1.855225 -0.114990 0.290196 0.290196 0.290196 #0.000000
v 1.176025 2.035889 -0.157959 0.290196 0.290196 0.290196 #0.000000
v 1.165771 2.350098 -0.245605 0.290196 0.290196 0.290196 #0.000000
v 1.165771 2.350098 -0.245605 0.290196 0.290196 0.290196 #0.000000
v 1.115479 2.362305 -0.256592 0.290196 0.290196 0.290196 #0.000000
v 0.892334 2.073486 -0.147217 0.290196 0.290196 0.290196 #0.000000
v -1.516357 1.710693 -1.616455 0.290196 0.290196 0.290196 #0.000000
v -0.923096 1.670654 -1.900146 0.290196 0.290196 0.290196 #0.000000
v -0.894287 1.288818 -1.670898 0.290196 0.290196 0.290196 #0.000000
v -0.894287 1.288818 -1.670898 0.290196 0.290196 0.290196 #0.000000
v -0.881104 0.969238 -1.344971 0.290196 0.290196 0.290196 #0.000000
v -1.323242 1.135498 -1.299072 0.290196 0.290196 0.290196 #0.000000
v -1.676270 1.372070 -1.004150 0.290196 0.290196 0.290196 #0.000000
v -1.800049 1.672607 -1.168213 0.290196 0.290196 0.290196 #0.000000
v -1.516357 1.710693 -1.616455 0.290196 0.290196 0.290196 #0.000000
v -0.073486 3.449463 2.166748 0.290196 0.290196 0.290196 #0.000000
v -0.027588 2.770752 1.957764 0.290196 0.290196 0.290196 #0.000000
v 0.373535 3.413574 2.161377 0.290196 0.290196 0.290196 #0.000000
v -0.936035 1.381592 0.084473 0.290196 0.290196 0.290196 #0.000000
v -1.227539 1.454346 0.028320 0.290196 0.290196 0.290196 #0.000000
v -1.361816 1.144043 -0.268066 0.290196 0.290196 0.290196 #0.000000
v -1.361816 1.144043 -0.268066 0.290196 0.290196 0.290196 #0.000000
v -1.375977 1.023193 -0.773193 0.290196 0.290196 0.290196 #0.000000
v -0.915283 0.860840 -0.735107 0.290196 0.290196 0.290196 #0.000000
v -0.915283 0.860840 -0.735107 0.290196 0.290196 0.290196 #0.000000
v -0.353760 0.827637 -0.740234 0.290196 0.290196 0.290196 #0.000000
v -0.401123 1.020020 -0.151367 0.290196 0.290196 0.290196 #0.000000
v -0.401123 1.020020 -0.151367 0.290196 0.290196 0.290196 #0.000000
v -0.422363 1.320313 0.088135 0.290196 0.290196 0.290196 #0.000000
v -0.936035 1.381592 0.084473 0.290196 0.290196 0.290196 #0.000000
v 0.405029 1.405029 0.065186 0.290196 0.290196 0.290196 #0.000000
v 0.454590 1.116211 -0.134277 0.290196 0.290196 0.290196 #0.000000
v 0.976807 1.432861 -0.229980 0.290196 0.290196 0.290196 #0.000000
v 0.976807 1.432861 -0.229980 0.290196 0.290196 0.290196 #0.000000
v 1.134033 1.704346 -0.324707 0.290196 0.290196 0.290196 #0.000000
v 1.072266 1.855225 -0.114990 0.290196 0.290196 0.290196 #0.000000
v 0.892334 2.073486 -0.147217 0.290196 0.290196 0.290196 #0.000000
v 0.414551 1.864746 -0.079834 0.290196 0.290196 0.290196 #0.000000
v 0.405029 1.405029 0.065186 0.290196 0.290196 0.290196 #0.000000
v 0.892334 2.073486 -0.147217 0.290196 0.290196 0.290196 #0.000000
v 0.405029 1.405029 0.065186 0.290196 0.290196 0.290196 #0.000000
v 1.072266 1.855225 -0.114990 0.290196 0.290196 0.290196 #0.000000
v 0.892334 2.073486 -0.147217 0.290196 0.290196 0.290196 #0.000000
v 1.072266 1.855225 -0.114990 0.290196 0.290196 0.290196 #0.000000
v 1.165771 2.350098 -0.245605 0.290196 0.290196 0.290196 #0.000000
v -1.587158 2.439697 0.340576 0.290196 0.290196 0.290196 #0.000000
v -1.713623 2.449219 -0.082275 0.290196 0.290196 0.290196 #0.000000
v -0.488281 1.964355 -0.005615 0.290196 0.290196 0.290196 #0.000000
v -0.488281 1.964355 -0.005615 0.290196 0.290196 0.290196 #0.000000
v -0.390381 1.895264 0.320801 0.290196 0.290196 0.290196 #0.000000
v -1.587158 2.439697 0.340576 0.290196 0.290196 0.290196 #0.000000
v -0.027588 2.770752 1.957764 0.290196 0.290196 0.290196 #0.000000
v -0.891846 2.257813 1.782715 0.290196 0.290196 0.290196 #0.000000
v -0.434570 1.932617 1.687744 0.290196 0.290196 0.290196 #0.000000
v -0.319580 1.996826 0.832764 0.290196 0.290196 0.290196 #0.000000
v -0.317139 2.118652 1.100830 0.290196 0.290196 0.290196 #0.000000
v -0.984131 2.351807 1.145996 0.290196 0.290196 0.290196 #0.000000
v -1.617920 1.677490 -0.196533 0.290196 0.290196 0.290196 #0.000000
v -0.893799 1.706787 0.083984 0.290196 0.290196 0.290196 #0.000000
v -0.863281 1.874268 -0.053467 0.290196 0.290196 0.290196 #0.000000
v -0.863281 1.874268 -0.053467 0.290196 0.290196 0.290196 #0.000000
v -1.761230 1.818848 -0.332275 0.290196 0.290196 0.290196 #0.000000
v -1.617920 1.677490 -0.196533 0.290196 0.290196 0.290196 #0.000000
v -0.984131 2.351807 1.145996 0.290196 0.290196 0.290196 #0.000000
v -0.317139 2.118652 1.100830 0.290196 0.290196 0.290196 #0.000000
v -0.434570 1.932617 1.687744 0.290196 0.290196 0.290196 #0.000000
v -0.434570 1.932617 1.687744 0.290196 0.290196 0.290196 #0.000000
v -0.891846 2.257813 1.782715 0.290196 0.290196 0.290196 #0.000000
v -0.984131 2.351807 1.145996 0.290196 0.290196 0.290196 #0.000000
v -1.227539 1.454346 0.028320 0.290196 0.290196 0.290196 #0.000000
v -0.893799 1.706787 0.083984 0.290196 0.290196 0.290196 #0.000000
v -1.617920 1.677490 -0.196533 0.290196 0.290196 0.290196 #0.000000
v -1.721191 1.461914 -0.527832 0.290196 0.290196 0.290196 #0.000000
v -1.676270 1.372070 -1.004150 0.290196 0.290196 0.290196 #0.000000
v -1.375977 1.023193 -0.773193 0.290196 0.290196 0.290196 #0.000000
v -1.375977 1.023193 -0.773193 0.290196 0.290196 0.290196 #0.000000
v -1.361816 1.144043 -0.268066 0.290196 0.290196 0.290196 #0.000000
v -1.721191 1.461914 -0.527832 0.290196 0.290196 0.290196 #0.000000
v -0.488281 1.964355 -0.005615 0.290196 0.290196 0.290196 #0.000000
v -1.713623 2.449219 -0.082275 0.290196 0.290196 0.290196 #0.000000
v -1.747070 2.441895 -0.281006 0.290196 0.290196 0.290196 #0.000000
v -1.747070 2.441895 -0.281006 0.290196 0.290196 0.290196 #0.000000
v -1.811523 2.350342 -0.500244 0.290196 0.290196 0.290196 #0.000000
v -0.996338 2.109131 -0.339355 0.290196 0.290196 0.290196 #0.000000
v -1.747070 2.441895 -0.281006 0.290196 0.290196 0.290196 #0.000000
v -0.996338 2.109131 -0.339355 0.290196 0.290196 0.290196 #0.000000
v -0.882568 1.982422 -0.239502 0.290196 0.290196 0.290196 #0.000000
v -0.488281 1.964355 -0.005615 0.290196 0.290196 0.290196 #0.000000
v -1.747070 2.441895 -0.281006 0.290196 0.290196 0.290196 #0.000000
v -0.882568 1.982422 -0.239502 0.290196 0.290196 0.290196 #0.000000
v -0.882568 1.982422 -0.239502 0.290196 0.290196 0.290196 #0.000000
v -0.311768 1.892578 -0.209229 0.290196 0.290196 0.290196 #0.000000
v 0.243896 1.825928 0.018066 0.290196 0.290196 0.290196 #0.000000
v -0.488281 1.964355 -0.005615 0.290196 0.290196 0.290196 #0.000000
v -0.882568 1.982422 -0.239502 0.290196 0.290196 0.290196 #0.000000
v 0.243896 1.825928 0.018066 0.290196 0.290196 0.290196 #0.000000
v 0.245361 3.803955 0.804199 0.290196 0.290196 0.290196 #0.000000
v 0.376953 3.435791 1.309326 0.290196 0.290196 0.290196 #0.000000
v 0.705566 3.559814 0.781982 0.290196 0.290196 0.290196 #0.000000
v -0.149902 3.523438 1.320801 0.290196 0.290196 0.290196 #0.000000
v -0.073486 3.449463 2.166748 0.290196 0.290196 0.290196 #0.000000
v 0.373535 3.413574 2.161377 0.290196 0.290196 0.290196 #0.000000
v -0.149902 3.523438 1.320801 0.290196 0.290196 0.290196 #0.000000
v 0.373535 3.413574 2.161377 0.290196 0.290196 0.290196 #0.000000
v 0.376953 3.435791 1.309326 0.290196 0.290196 0.290196 #0.000000
v 0.066162 3.938477 -0.683350 0.290196 0.290196 0.290196 #0.000000
v -0.022705 3.708008 -1.235352 0.290196 0.290196 0.290196 #0.000000
v -0.625732 3.881592 -0.714355 0.290196 0.290196 0.290196 #0.000000
v -0.625732 3.881592 -0.714355 0.290196 0.290196 0.290196 #0.000000
v 0.158691 4.004395 0.052734 0.290196 0.290196 0.290196 #0.000000
v 0.066162 3.938477 -0.683350 0.290196 0.290196 0.290196 #0.000000
v 0.245361 3.803955 0.804199 0.290196 0.290196 0.290196 #0.000000
v 0.158691 4.004395 0.052734 0.290196 0.290196 0.290196 #0.000000
v -0.358887 3.847900 0.738281 0.290196 0.290196 0.290196 #0.000000
v -0.358887 3.847900 0.738281 0.290196 0.290196 0.290196 #0.000000
v -0.149902 3.523438 1.320801 0.290196 0.290196 0.290196 #0.000000
v 0.245361 3.803955 0.804199 0.290196 0.290196 0.290196 #0.000000
v -0.334961 0.934570 -1.362549 0.290196 0.290196 0.290196 #0.000000
v 0.546143 1.066162 -1.335205 0.290196 0.290196 0.290196 #0.000000
v -0.353760 0.827637 -0.740234 0.290196 0.290196 0.290196 #0.000000
v -0.353760 0.827637 -0.740234 0.290196 0.290196 0.290196 #0.000000
v -0.881104 0.969238 -1.344971 0.290196 0.290196 0.290196 #0.000000
v -0.334961 0.934570 -1.362549 0.290196 0.290196 0.290196 #0.000000
v -0.916504 1.007324 -0.205566 0.290196 0.290196 0.290196 #0.000000
v -0.915283 0.860840 -0.735107 0.290196 0.290196 0.290196 #0.000000
v -0.401123 1.020020 -0.151367 0.290196 0.290196 0.290196 #0.000000
v -0.401123 1.020020 -0.151367 0.290196 0.290196 0.290196 #0.000000
v -0.936035 1.381592 0.084473 0.290196 0.290196 0.290196 #0.000000
v -0.916504 1.007324 -0.205566 0.290196 0.290196 0.290196 #0.000000
v -0.202148 3.008789 -1.971680 0.290196 0.290196 0.290196 #0.000000
v -0.246094 2.576904 -2.124756 0.290196 0.290196 0.290196 #0.000000
v -0.930176 2.572021 -2.026855 0.290196 0.290196 0.290196 #0.000000
v -0.246094 2.576904 -2.124756 0.290196 0.290196 0.290196 #0.000000
v -0.202148 3.008789 -1.971680 0.290196 0.290196 0.290196 #0.000000
v 0.659912 2.545898 -2.014648 0.290196 0.290196 0.290196 #0.000000
v -0.984131 2.351807 1.145996 0.290196 0.290196 0.290196 #0.000000
v -1.299316 2.450195 0.813721 0.290196 0.290196 0.290196 #0.000000
v -0.319580 1.996826 0.832764 0.290196 0.290196 0.290196 #0.000000
v -0.984131 2.351807 1.145996 0.290196 0.290196 0.290196 #0.000000
v -1.574707 2.774414 0.687500 0.290196 0.290196 0.290196 #0.000000
v -1.299316 2.450195 0.813721 0.290196 0.290196 0.290196 #0.000000
v 1.218750 3.286133 0.426025 0.290196 0.290196 0.290196 #0.000000
v 1.170410 3.503418 0.314697 0.290196 0.290196 0.290196 #0.000000
v 1.029297 3.295410 0.820313 0.290196 0.290196 0.290196 #0.000000
v 1.218750 3.286133 0.426025 0.290196 0.290196 0.290196 #0.000000
v 1.029297 3.295410 0.820313 0.290196 0.290196 0.290196 #0.000000
v 1.257080 3.023682 0.646973 0.290196 0.290196 0.290196 #0.000000
v -1.431641 1.342285 -1.452881 0.290196 0.290196 0.290196 #0.000000
v -0.894287 1.288818 -1.670898 0.290196 0.290196 0.290196 #0.000000
v -1.323242 1.135498 -1.299072 0.290196 0.290196 0.290196 #0.000000
v -1.323242 1.135498 -1.299072 0.290196 0.290196 0.290196 #0.000000
v -1.676270 1.372070 -1.004150 0.290196 0.290196 0.290196 #0.000000
v -1.431641 1.342285 -1.452881 0.290196 0.290196 0.290196 #0.000000
vt 0.359863 0.953613 0.000000
vt 0.359863 0.953613 0.000000
vt 0.359863 0.953613 0.000000
vt 0.359863 0.953613 0.000000
vt 0.359863 0.953613 0.000000
vt 0.359863 0.953613 0.000000
vt 0.359863 0.953613 0.000000
vt 0.359863 0.953613 0.000000
vt 0.359863 0.953613 0.000000
vt 0.359863 0.953613 0.000000
vt 0.359863 0.953613 0.000000
vt 0.359863 0.953613 0.000000
vt 0.359863 0.953613 0.000000
vt 0.359863 0.953613 0.000000
vt 0.359863 0.953613 0.000000
vt 0.359863 0.953613 0.000000
vt 0.359863 0.953613 0.000000
vt 0.359863 0.953613 0.000000
vt 0.359863 0.953613 0.000000
vt 0.359863 0.953613 0.000000
vt 0.359863 0.953613 0.000000
vt 0.359863 0.953613 0.000000
vt 0.359863 0.953613 0.000000
vt 0.359863 0.953613 0.000000
vt 0.359863 0.953613 0.000000
vt 0.359863 0.953613 0.000000
vt 0.359863 0.953613 0.000000
vt 0.359863 0.953613 0.000000
vt 0.359863 0.953613 0.000000
vt 0.359863 0.953613 0.000000
vt 0.359863 0.953613 0.000000
vt 0.359863 0.953613 0.000000
vt 0.359863 0.953613 0.000000
vt 0.359863 0.953613 0.000000
vt 0.359863 0.953613 0.000000
vt 0.359863 0.953613 0.000000
vt 0.359863 0.953613 0.000000
vt 0.359863 0.953613 0.000000
vt 0.359863 0.953613 0.000000
vt 0.359863 0.953613 0.000000
vt 0.359863 0.953613 0.000000
vt 0.359863 0.953613 0.000000
vt 0.359863 0.953613 0.000000
vt 0.359863 0.953613 0.000000
vt 0.359863 0.953613 0.000000
vt 0.359863 0.953613 0.000000
vt 0.359863 0.953613 0.000000
vt 0.359863 0.953613 0.000000
vt 0.359863 0.953613 0.000000
vt 0.359863 0.953613 0.000000
vt 0.359863 0.953613 0.000000
vt 0.359863 0.953613 0.000000
vt 0.359863 0.953613 0.000000
vt 0.359863 0.953613 0.000000
vt 0.359863 0.953613 0.000000
vt 0.359863 0.953613 0.000000
vt 0.359863 0.953613 0.000000
vt 0.359863 0.953613 0.000000
vt 0.359863 0.953613 0.000000
vt 0.359863 0.953613 0.000000
vt 0.359863 0.953613 0.000000
vt 0.359863 0.953613 0.000000
vt 0.359863 0.953613 0.000000
vt 0.359863 0.953613 0.000000
vt 0.359863 0.953613 0.000000
vt 0.359863 0.953613 0.000000
vt 0.359863 0.953613 0.000000
vt 0.359863 0.953613 0.000000
vt 0.359863 0.953613 0.000000
vt 0.359863 0.953613 0.000000
vt 0.359863 0.953613 0.000000
vt 0.359863 0.953613 0.000000
vt 0.359863 0.953613 0.000000
vt 0.359863 0.953613 0.000000
vt 0.359863 0.953613 0.000000
vt 0.359863 0.953613 0.000000
vt 0.359863 0.953613 0.000000
vt 0.359863 0.953613 0.000000
vt 0.359863 0.953613 0.000000
vt 0.359863 0.953613 0.000000
vt 0.359863 0.953613 0.000000
vt 0.359863 0.953613 0.000000
vt 0.359863 0.953613 0.000000
vt 0.359863 0.953613 0.000000
vt 0.359863 0.953613 0.000000
vt 0.359863 0.953613 0.000000
vt 0.359863 0.953613 0.000000
vt 0.359863 0.953613 0.000000
vt 0.359863 0.953613 0.000000
vt 0.359863 0.953613 0.000000
vt 0.359863 0.953613 0.000000
vt 0.359863 0.953613 0.000000
vt 0.359863 0.953613 0.000000
vt 0.359863 0.953613 0.000000
vt 0.359863 0.953613 0.000000
vt 0.359863 0.953613 0.000000
vt 0.359863 0.953613 0.000000
vt 0.359863 0.953613 0.000000
vt 0.359863 0.953613 0.000000
vt 0.359863 0.953613 0.000000
vt 0.359863 0.953613 0.000000
vt 0.359863 0.953613 0.000000
vt 0.359863 0.953613 0.000000
vt 0.359863 0.953613 0.000000
vt 0.359863 0.953613 0.000000
vt 0.359863 0.953613 0.000000
vt 0.359863 0.953613 0.000000
vt 0.359863 0.953613 0.000000
vt 0.359863 0.953613 0.000000
vt 0.359863 0.953613 0.000000
vt 0.359863 0.953613 0.000000
vt 0.359863 0.953613 0.000000
vt 0.359863 0.953613 0.000000
vt 0.359863 0.953613 0.000000
vt 0.359863 0.953613 0.000000
vt 0.359863 0.953613 0.000000
vt 0.359863 0.953613 0.000000
vt 0.359863 0.953613 0.000000
vt 0.359863 0.953613 0.000000
vt 0.359863 0.953613 0.000000
vt 0.359863 0.953613 0.000000
vt 0.359863 0.953613 0.000000
vt 0.359863 0.953613 0.000000
vt 0.359863 0.953613 0.000000
vt 0.359863 0.953613 0.000000
vt 0.359863 0.953613 0.000000
vt 0.359863 0.953613 0.000000
vt 0.359863 0.953613 0.000000
vt 0.359863 0.953613 0.000000
vt 0.359863 0.953613 0.000000
vt 0.359863 0.953613 0.000000
vt 0.359863 0.953613 0.000000
vt 0.359863 0.953613 0.000000
vt 0.359863 0.953613 0.000000
vt 0.359863 0.953613 0.000000
vt 0.359863 0.953613 0.000000
vt 0.359863 0.953613 0.000000
vt 0.359863 0.953613 0.000000
vt 0.359863 0.953613 0.000000
vt 0.359863 0.953613 0.000000
vt 0.359863 0.953613 0.000000
vt 0.359863 0.953613 0.000000
vt 0.359863 0.953613 0.000000
vt 0.359863 0.953613 0.000000
vt 0.359863 0.953613 0.000000
vt 0.359863 0.953613 0.000000
vt 0.359863 0.953613 0.000000
vt 0.359863 0.953613 0.000000
vt 0.359863 0.953613 0.000000
vt 0.359863 0.953613 0.000000
vt 0.359863 0.953613 0.000000
vt 0.359863 0.953613 0.000000
vt 0.359863 0.953613 0.000000
vt 0.359863 0.953613 0.000000
vt 0.359863 0.953613 0.000000
vt 0.359863 0.953613 0.000000
vt 0.359863 0.953613 0.000000
vt 0.359863 0.953613 0.000000
vt 0.359863 0.953613 0.000000
vt 0.359863 0.953613 0.000000
vt 0.359863 0.953613 0.000000
vt 0.359863 0.953613 0.000000
vt 0.359863 0.953613 0.000000
vt 0.359863 0.953613 0.000000
vt 0.359863 0.953613 0.000000
vt 0.359863 0.953613 0.000000
vt 0.359863 0.953613 0.000000
vt 0.359863 0.953613 0.000000
vt 0.359863 0.953613 0.000000
vt 0.359863 0.953613 0.000000
vt 0.359863 0.953613 0.000000
vt 0.359863 0.953613 0.000000
vt 0.359863 0.953613 0.000000
vt 0.359863 0.953613 0.000000
vt 0.359863 0.953613 0.000000
vt 0.359863 0.953613 0.000000
vt 0.359863 0.953613 0.000000
vt 0.359863 0.953613 0.000000
vt 0.359863 0.953613 0.000000
vt 0.359863 0.953613 0.000000
vt 0.359863 0.953613 0.000000
vt 0.359863 0.953613 0.000000
vt 0.359863 0.953613 0.000000
vt 0.359863 0.953613 0.000000
vt 0.359863 0.953613 0.000000
vt 0.359863 0.953613 0.000000
vt 0.359863 0.953613 0.000000
vt 0.359863 0.953613 0.000000
vt 0.359863 0.953613 0.000000
vt 0.359863 0.953613 0.000000
vt 0.359863 0.953613 0.000000
vt 0.359863 0.953613 0.000000
vt 0.359863 0.953613 0.000000
vt 0.359863 0.953613 0.000000
vt 0.359863 0.953613 0.000000
vt 0.359863 0.953613 0.000000
vt 0.359863 0.953613 0.000000
vt 0.359863 0.953613 0.000000
vt 0.359863 0.953613 0.000000
vt 0.359863 0.953613 0.000000
vt 0.359863 0.953613 0.000000
vt 0.359863 0.953613 0.000000
vt 0.359863 0.953613 0.000000
vt 0.359863 0.953613 0.000000
vt 0.359863 0.953613 0.000000
vt 0.359863 0.953613 0.000000
vt 0.359863 0.953613 0.000000
vt 0.359863 0.953613 0.000000
vt 0.359863 0.953613 0.000000
vt 0.359863 0.953613 0.000000
vt 0.359863 0.953613 0.000000
vt 0.359863 0.953613 0.000000
vt 0.359863 0.953613 0.000000
vt 0.359863 0.953613 0.000000
vt 0.359863 0.953613 0.000000
vt 0.359863 0.953613 0.000000
vt 0.359863 0.953613 0.000000
vt 0.359863 0.953613 0.000000
vt 0.359863 0.953613 0.000000
vt 0.359863 0.953613 0.000000
vt 0.359863 0.953613 0.000000
vt 0.359863 0.953613 0.000000
vt 0.359863 0.953613 0.000000
vt 0.359863 0.953613 0.000000
vt 0.359863 0.953613 0.000000
vt 0.359863 0.953613 0.000000
vt 0.359863 0.953613 0.000000
vt 0.359863 0.953613 0.000000
vt 0.359863 0.953613 0.000000
vt 0.359863 0.953613 0.000000
vt 0.359863 0.953613 0.000000
vt 0.359863 0.953613 0.000000
vt 0.359863 0.953613 0.000000
vt 0.359863 0.953613 0.000000
vt 0.359863 0.953613 0.000000
vt 0.359863 0.953613 0.000000
vt 0.359863 0.953613 0.000000
vt 0.359863 0.953613 0.000000
vt 0.359863 0.953613 0.000000
vt 0.359863 0.953613 0.000000
vt 0.359863 0.953613 0.000000
vt 0.359863 0.953613 0.000000
vt 0.359863 0.953613 0.000000
vt 0.359863 0.953613 0.000000
vt 0.359863 0.953613 0.000000
vt 0.359863 0.953613 0.000000
vt 0.359863 0.953613 0.000000
vt 0.359863 0.953613 0.000000
vt 0.359863 0.953613 0.000000
vt 0.359863 0.953613 0.000000
vt 0.359863 0.953613 0.000000
vt 0.359863 0.953613 0.000000
vt 0.359863 0.953613 0.000000
vt 0.359863 0.953613 0.000000
vt 0.359863 0.953613 0.000000
vt 0.359863 0.953613 0.000000
vt 0.359863 0.953613 0.000000
vt 0.359863 0.953613 0.000000
vt 0.359863 0.953613 0.000000
vt 0.359863 0.953613 0.000000
vt 0.359863 0.953613 0.000000
vt 0.359863 0.953613 0.000000
vt 0.359863 0.953613 0.000000
vt 0.359863 0.953613 0.000000
vt 0.359863 0.953613 0.000000
vt 0.359863 0.953613 0.000000
vt 0.359863 0.953613 0.000000
vt 0.359863 0.953613 0.000000
vt 0.359863 0.953613 0.000000
vt 0.359863 0.953613 0.000000
vt 0.359863 0.953613 0.000000
vt 0.359863 0.953613 0.000000
vt 0.359863 0.953613 0.000000
vt 0.359863 0.953613 0.000000
vt 0.359863 0.953613 0.000000
vt 0.359863 0.953613 0.000000
vt 0.359863 0.953613 0.000000
vt 0.359863 0.953613 0.000000
vt 0.359863 0.953613 0.000000
vt 0.359863 0.953613 0.000000
vt 0.359863 0.953613 0.000000
vt 0.359863 0.953613 0.000000
vt 0.359863 0.953613 0.000000
vt 0.359863 0.953613 0.000000
vt 0.359863 0.953613 0.000000
vt 0.359863 0.953613 0.000000
vt 0.359863 0.953613 0.000000
vt 0.359863 0.953613 0.000000
vt 0.359863 0.953613 0.000000
vt 0.359863 0.953613 0.000000
vt 0.359863 0.953613 0.000000
vt 0.359863 0.953613 0.000000
vt 0.359863 0.953613 0.000000
vt 0.359863 0.953613 0.000000
vt 0.359863 0.953613 0.000000
vt 0.359863 0.953613 0.000000
vt 0.359863 0.953613 0.000000
vt 0.359863 0.953613 0.000000
vt 0.359863 0.953613 0.000000
vt 0.359863 0.953613 0.000000
vt 0.359863 0.953613 0.000000
vt 0.359863 0.953613 0.000000
vt 0.359863 0.953613 0.000000
vt 0.359863 0.953613 0.000000
vt 0.359863 0.953613 0.000000
vt 0.359863 0.953613 0.000000
vt 0.359863 0.953613 0.000000
vt 0.359863 0.953613 0.000000
vt 0.359863 0.953613 0.000000
vt 0.359863 0.953613 0.000000
vt 0.359863 0.953613 0.000000
vt 0.359863 0.953613 0.000000
vt 0.359863 0.953613 0.000000
vt 0.359863 0.953613 0.000000
vt 0.359863 0.953613 0.000000
vt 0.359863 0.953613 0.000000
vt 0.359863 0.953613 0.000000
vt 0.359863 0.953613 0.000000
vt 0.359863 0.953613 0.000000
vt 0.359863 0.953613 0.000000
vt 0.359863 0.953613 0.000000
vt 0.359863 0.953613 0.000000
vt 0.359863 0.953613 0.000000
vt 0.359863 0.953613 0.000000
vt 0.359863 0.953613 0.000000
vt 0.359863 0.953613 0.000000
vt 0.359863 0.953613 0.000000
vt 0.359863 0.953613 0.000000
vt 0.359863 0.953613 0.000000
vt 0.359863 0.953613 0.000000
vt 0.359863 0.953613 0.000000
vt 0.359863 0.953613 0.000000
vt 0.359863 0.953613 0.000000
vt 0.359863 0.953613 0.000000
vt 0.359863 0.953613 0.000000
vt 0.359863 0.953613 0.000000
vt 0.359863 0.953613 0.000000
vt 0.359863 0.953613 0.000000
vt 0.359863 0.953613 0.000000
vt 0.359863 0.953613 0.000000
vt 0.359863 0.953613 0.000000
vt 0.359863 0.953613 0.000000
vt 0.359863 0.953613 0.000000
vt 0.359863 0.953613 0.000000
vt 0.359863 0.953613 0.000000
vt 0.359863 0.953613 0.000000
vt 0.359863 0.953613 0.000000
vt 0.359863 0.953613 0.000000
vt 0.359863 0.953613 0.000000
vt 0.359863 0.953613 0.000000
vt 0.359863 0.953613 0.000000
vt 0.359863 0.953613 0.000000
vt 0.359863 0.953613 0.000000
vt 0.359863 0.953613 0.000000
vt 0.359863 0.953613 0.000000
vt 0.359863 0.953613 0.000000
vt 0.359863 0.953613 0.000000
vt 0.359863 0.953613 0.000000
vt 0.359863 0.953613 0.000000
vt 0.359863 0.953613 0.000000
vt 0.359863 0.953613 0.000000
vt 0.359863 0.953613 0.000000
vt 0.359863 0.953613 0.000000
vt 0.501465 0.096191 0.000000
vt 0.671143 0.109619 0.000000
vt 0.476807 0.215332 0.000000
vt 0.476807 0.215332 0.000000
vt 0.230225 0.133545 0.000000
vt 0.501465 0.096191 0.000000
vt 0.359863 0.953613 0.000000
vt 0.359863 0.953613 0.000000
vt 0.359863 0.953613 0.000000
vt 0.359863 0.953613 0.000000
vt 0.359863 0.953613 0.000000
vt 0.359863 0.953613 0.000000
vt 0.359863 0.953613 0.000000
vt 0.359863 0.953613 0.000000
vt 0.359863 0.953613 0.000000
vt 0.359863 0.953613 0.000000
vt 0.359863 0.953613 0.000000
vt 0.359863 0.953613 0.000000
vt 0.359863 0.953613 0.000000
vt 0.359863 0.953613 0.000000
vt 0.359863 0.953613 0.000000
vt 0.359863 0.953613 0.000000
vt 0.359863 0.953613 0.000000
vt 0.359863 0.953613 0.000000
vt 0.359863 0.953613 0.000000
vt 0.359863 0.953613 0.000000
vt 0.359863 0.953613 0.000000
vt 0.359863 0.953613 0.000000
vt 0.359863 0.953613 0.000000
vt 0.359863 0.953613 0.000000
vt 0.876709 0.729492 0.000000
vt 0.995361 0.639160 0.000000
vt 0.987061 0.709717 0.000000
vt 0.987061 0.709717 0.000000
vt 0.877197 0.820557 0.000000
vt 0.876709 0.729492 0.000000
vt 0.359863 0.953613 0.000000
vt 0.359863 0.953613 0.000000
vt 0.359863 0.953613 0.000000
vt 0.359863 0.953613 0.000000
vt 0.359863 0.953613 0.000000
vt 0.359863 0.953613 0.000000
vt 0.359863 0.953613 0.000000
vt 0.359863 0.953613 0.000000
vt 0.359863 0.953613 0.000000
vt 0.359863 0.953613 0.000000
vt 0.359863 0.953613 0.000000
vt 0.359863 0.953613 0.000000
vt 0.359863 0.953613 0.000000
vt 0.359863 0.953613 0.000000
vt 0.359863 0.953613 0.000000
vt 0.359863 0.953613 0.000000
vt 0.359863 0.953613 0.000000
vt 0.359863 0.953613 0.000000
vt 0.359863 0.953613 0.000000
vt 0.359863 0.953613 0.000000
vt 0.359863 0.953613 0.000000
vt 0.359863 0.953613 0.000000
vt 0.359863 0.953613 0.000000
vt 0.359863 0.953613 0.000000
vt 0.149902 0.846436 0.000000
vt 0.011963 0.710693 0.000000
vt 0.154785 0.748535 0.000000
vt 0.011963 0.710693 0.000000
vt 0.149902 0.846436 0.000000
vt 0.013916 0.783691 0.000000
vt 0.011963 0.710693 0.000000
vt 0.163574 0.630615 0.000000
vt 0.154785 0.748535 0.000000
vt 0.163574 0.630615 0.000000
vt 0.011963 0.710693 0.000000
vt 0.015381 0.617188 0.000000
vt 0.359863 0.953613 0.000000
vt 0.359863 0.953613 0.000000
vt 0.359863 0.953613 0.000000
vt 0.359863 0.953613 0.000000
vt 0.359863 0.953613 0.000000
vt 0.359863 0.953613 0.000000
vt 0.359863 0.953613 0.000000
vt 0.359863 0.953613 0.000000
vt 0.359863 0.953613 0.000000
vt 0.359863 0.953613 0.000000
vt 0.359863 0.953613 0.000000
vt 0.359863 0.953613 0.000000
vt 0.359863 0.953613 0.000000
vt 0.359863 0.953613 0.000000
vt 0.359863 0.953613 0.000000
vt 0.359863 0.953613 0.000000
vt 0.359863 0.953613 0.000000
vt 0.359863 0.953613 0.000000
vt 0.638428 0.885986 0.000000
vt 0.419189 0.896240 0.000000
vt 0.432129 0.782227 0.000000
vt 0.432129 0.782227 0.000000
vt 0.647461 0.777100 0.000000
vt 0.638428 0.885986 0.000000
vt 0.638428 0.885986 0.000000
vt 0.647461 0.777100 0.000000
vt 0.876709 0.729492 0.000000
vt 0.876709 0.729492 0.000000
vt 0.877197 0.820557 0.000000
vt 0.638428 0.885986 0.000000
vt 0.654541 0.646973 0.000000
vt 0.873047 0.618164 0.000000
vt 0.876709 0.729492 0.000000
vt 0.876709 0.729492 0.000000
vt 0.647461 0.777100 0.000000
vt 0.654541 0.646973 0.000000
vt 0.359863 0.953613 0.000000
vt 0.359863 0.953613 0.000000
vt 0.359863 0.953613 0.000000
vt 0.359863 0.953613 0.000000
vt 0.359863 0.953613 0.000000
vt 0.359863 0.953613 0.000000
vt 0.359863 0.953613 0.000000
vt 0.359863 0.953613 0.000000
vt 0.359863 0.953613 0.000000
vt 0.359863 0.953613 0.000000
vt 0.359863 0.953613 0.000000
vt 0.359863 0.953613 0.000000
vt 0.359863 0.953613 0.000000
vt 0.359863 0.953613 0.000000
vt 0.359863 0.953613 0.000000
vt 0.359863 0.953613 0.000000
vt 0.359863 0.953613 0.000000
vt 0.359863 0.953613 0.000000
vt 0.836182 0.235596 0.000000
vt 0.932617 0.232178 0.000000
vt 0.854736 0.359619 0.000000
vt 0.854736 0.359619 0.000000
vt 0.659912 0.222656 0.000000
vt 0.836182 0.235596 0.000000
vt 0.658203 0.353027 0.000000
vt 0.854736 0.359619 0.000000
vt 0.866211 0.488281 0.000000
vt 0.866211 0.488281 0.000000
vt 0.657227 0.500000 0.000000
vt 0.658203 0.353027 0.000000
vt 0.654541 0.646973 0.000000
vt 0.657227 0.500000 0.000000
vt 0.866211 0.488281 0.000000
vt 0.866211 0.488281 0.000000
vt 0.873047 0.618164 0.000000
vt 0.654541 0.646973 0.000000
vt 0.658203 0.353027 0.000000
vt 0.657227 0.500000 0.000000
vt 0.455811 0.497803 0.000000
vt 0.455811 0.497803 0.000000
vt 0.465576 0.348633 0.000000
vt 0.658203 0.353027 0.000000
vt 0.658203 0.353027 0.000000
vt 0.465576 0.348633 0.000000
vt 0.476807 0.215332 0.000000
vt 0.476807 0.215332 0.000000
vt 0.659912 0.222656 0.000000
vt 0.658203 0.353027 0.000000
vt 0.455811 0.497803 0.000000
vt 0.175049 0.496338 0.000000
vt 0.188965 0.361572 0.000000
vt 0.188965 0.361572 0.000000
vt 0.465576 0.348633 0.000000
vt 0.455811 0.497803 0.000000
vt 0.015381 0.617188 0.000000
vt 0.025146 0.503662 0.000000
vt 0.175049 0.496338 0.000000
vt 0.175049 0.496338 0.000000
vt 0.163574 0.630615 0.000000
vt 0.015381 0.617188 0.000000
vt 0.043701 0.387695 0.000000
vt 0.188965 0.361572 0.000000
vt 0.175049 0.496338 0.000000
vt 0.175049 0.496338 0.000000
vt 0.025146 0.503662 0.000000
vt 0.043701 0.387695 0.000000
vt 0.043701 0.387695 0.000000
vt 0.073486 0.286377 0.000000
vt 0.206787 0.240967 0.000000
vt 0.206787 0.240967 0.000000
vt 0.188965 0.361572 0.000000
vt 0.043701 0.387695 0.000000
vt 0.109375 0.207031 0.000000
vt 0.230225 0.133545 0.000000
vt 0.206787 0.240967 0.000000
vt 0.206787 0.240967 0.000000
vt 0.073486 0.286377 0.000000
vt 0.109375 0.207031 0.000000
vt 0.359863 0.953613 0.000000
vt 0.359863 0.953613 0.000000
vt 0.359863 0.953613 0.000000
vt 0.359863 0.953613 0.000000
vt 0.359863 0.953613 0.000000
vt 0.359863 0.953613 0.000000
vt 0.359863 0.953613 0.000000
vt 0.359863 0.953613 0.000000
vt 0.359863 0.953613 0.000000
vt 0.359863 0.953613 0.000000
vt 0.359863 0.953613 0.000000
vt 0.359863 0.953613 0.000000
vt 0.359863 0.953613 0.000000
vt 0.359863 0.953613 0.000000
vt 0.359863 0.953613 0.000000
vt 0.359863 0.953613 0.000000
vt 0.359863 0.953613 0.000000
vt 0.359863 0.953613 0.000000
vt 0.359863 0.953613 0.000000
vt 0.359863 0.953613 0.000000
vt 0.359863 0.953613 0.000000
vt 0.359863 0.953613 0.000000
vt 0.359863 0.953613 0.000000
vt 0.359863 0.953613 0.000000
vt 0.228271 0.944336 0.000000
vt 0.255371 0.877197 0.000000
vt 0.212646 0.875244 0.000000
vt 0.076660 0.937988 0.000000
vt 0.076660 0.937988 0.000000
vt 0.076660 0.937988 0.000000
vt 0.076660 0.937988 0.000000
vt 0.076660 0.937988 0.000000
vt 0.076660 0.937988 0.000000
vt 0.172363 0.924072 0.000000
vt 0.171875 0.958740 0.000000
vt 0.228271 0.944336 0.000000
vt 0.228271 0.944336 0.000000
vt 0.171875 0.958740 0.000000
vt 0.179443 0.981934 0.000000
vt 0.212646 0.875244 0.000000
vt 0.188721 0.892822 0.000000
vt 0.228271 0.944336 0.000000
vt 0.228271 0.944336 0.000000
vt 0.188721 0.892822 0.000000
vt 0.172363 0.924072 0.000000
vt 0.295654 0.940186 0.000000
vt 0.285889 0.903320 0.000000
vt 0.228271 0.944336 0.000000
vt 0.263428 0.988281 0.000000
vt 0.285156 0.967285 0.000000
vt 0.228271 0.944336 0.000000
vt 0.228271 0.944336 0.000000
vt 0.285156 0.967285 0.000000
vt 0.295654 0.940186 0.000000
vt 0.228271 0.944336 0.000000
vt 0.179443 0.981934 0.000000
vt 0.201416 0.995850 0.000000
vt 0.228271 0.944336 0.000000
vt 0.231201 0.998779 0.000000
vt 0.263428 0.988281 0.000000
vt 0.076660 0.937988 0.000000
vt 0.076660 0.937988 0.000000
vt 0.076660 0.937988 0.000000
vt 0.076660 0.937988 0.000000
vt 0.076660 0.937988 0.000000
vt 0.076660 0.937988 0.000000
vt 0.076660 0.937988 0.000000
vt 0.076660 0.937988 0.000000
vt 0.076660 0.937988 0.000000
vt 0.076660 0.937988 0.000000
vt 0.076660 0.937988 0.000000
vt 0.076660 0.937988 0.000000
vt 0.076660 0.937988 0.000000
vt 0.076660 0.937988 0.000000
vt 0.076660 0.937988 0.000000
vt 0.076660 0.937988 0.000000
vt 0.076660 0.937988 0.000000
vt 0.076660 0.937988 0.000000
vt 0.076660 0.937988 0.000000
vt 0.076660 0.937988 0.000000
vt 0.076660 0.937988 0.000000
vt 0.076660 0.937988 0.000000
vt 0.076660 0.937988 0.000000
vt 0.076660 0.937988 0.000000
vt 0.076660 0.937988 0.000000
vt 0.076660 0.937988 0.000000
vt 0.076660 0.937988 0.000000
vt 0.076660 0.937988 0.000000
vt 0.076660 0.937988 0.000000
vt 0.076660 0.937988 0.000000
vt 0.076660 0.937988 0.000000
vt 0.076660 0.937988 0.000000
vt 0.076660 0.937988 0.000000
vt 0.076660 0.937988 0.000000
vt 0.076660 0.937988 0.000000
vt 0.076660 0.937988 0.000000
vt 0.076660 0.937988 0.000000
vt 0.076660 0.937988 0.000000
vt 0.076660 0.937988 0.000000
vt 0.076660 0.937988 0.000000
vt 0.076660 0.937988 0.000000
vt 0.076660 0.937988 0.000000
vt 0.076660 0.937988 0.000000
vt 0.076660 0.937988 0.000000
vt 0.076660 0.937988 0.000000
vt 0.076660 0.937988 0.000000
vt 0.076660 0.937988 0.000000
vt 0.076660 0.937988 0.000000
vt 0.076660 0.937988 0.000000
vt 0.076660 0.937988 0.000000
vt 0.076660 0.937988 0.000000
vt 0.076660 0.937988 0.000000
vt 0.076660 0.937988 0.000000
vt 0.076660 0.937988 0.000000
vt 0.359863 0.953613 0.000000
vt 0.359863 0.953613 0.000000
vt 0.359863 0.953613 0.000000
vt 0.359863 0.953613 0.000000
vt 0.359863 0.953613 0.000000
vt 0.359863 0.953613 0.000000
vt 0.359863 0.953613 0.000000
vt 0.359863 0.953613 0.000000
vt 0.359863 0.953613 0.000000
vt 0.359863 0.953613 0.000000
vt 0.359863 0.953613 0.000000
vt 0.359863 0.953613 0.000000
vt 0.359863 0.953613 0.000000
vt 0.359863 0.953613 0.000000
vt 0.359863 0.953613 0.000000
vt 0.359863 0.953613 0.000000
vt 0.359863 0.953613 0.000000
vt 0.359863 0.953613 0.000000
vt 0.359863 0.953613 0.000000
vt 0.359863 0.953613 0.000000
vt 0.359863 0.953613 0.000000
vt 0.359863 0.953613 0.000000
vt 0.359863 0.953613 0.000000
vt 0.359863 0.953613 0.000000
vt 0.359863 0.953613 0.000000
vt 0.359863 0.953613 0.000000
vt 0.359863 0.953613 0.000000
vt 0.359863 0.953613 0.000000
vt 0.359863 0.953613 0.000000
vt 0.359863 0.953613 0.000000
vt 0.359863 0.953613 0.000000
vt 0.359863 0.953613 0.000000
vt 0.359863 0.953613 0.000000
vt 0.359863 0.953613 0.000000
vt 0.359863 0.953613 0.000000
vt 0.359863 0.953613 0.000000
vt 0.359863 0.953613 0.000000
vt 0.359863 0.953613 0.000000
vt 0.359863 0.953613 0.000000
vt 0.359863 0.953613 0.000000
vt 0.359863 0.953613 0.000000
vt 0.359863 0.953613 0.000000
vt 0.359863 0.953613 0.000000
vt 0.359863 0.953613 0.000000
vt 0.359863 0.953613 0.000000
vt 0.359863 0.953613 0.000000
vt 0.359863 0.953613 0.000000
vt 0.359863 0.953613 0.000000
vt 0.359863 0.953613 0.000000
vt 0.359863 0.953613 0.000000
vt 0.359863 0.953613 0.000000
vt 0.359863 0.953613 0.000000
vt 0.359863 0.953613 0.000000
vt 0.359863 0.953613 0.000000
vt 0.359863 0.953613 0.000000
vt 0.359863 0.953613 0.000000
vt 0.359863 0.953613 0.000000
vt 0.359863 0.953613 0.000000
vt 0.359863 0.953613 0.000000
vt 0.359863 0.953613 0.000000
vt 0.359863 0.953613 0.000000
vt 0.359863 0.953613 0.000000
vt 0.359863 0.953613 0.000000
vt 0.359863 0.953613 0.000000
vt 0.359863 0.953613 0.000000
vt 0.359863 0.953613 0.000000
vt 0.359863 0.953613 0.000000
vt 0.359863 0.953613 0.000000
vt 0.359863 0.953613 0.000000
vt 0.359863 0.953613 0.000000
vt 0.359863 0.953613 0.000000
vt 0.359863 0.953613 0.000000
vt 0.359863 0.953613 0.000000
vt 0.359863 0.953613 0.000000
vt 0.359863 0.953613 0.000000
vt 0.359863 0.953613 0.000000
vt 0.359863 0.953613 0.000000
vt 0.359863 0.953613 0.000000
vt 0.359863 0.953613 0.000000
vt 0.359863 0.953613 0.000000
vt 0.359863 0.953613 0.000000
vt 0.359863 0.953613 0.000000
vt 0.359863 0.953613 0.000000
vt 0.359863 0.953613 0.000000
vt 0.359863 0.953613 0.000000
vt 0.359863 0.953613 0.000000
vt 0.359863 0.953613 0.000000
vt 0.359863 0.953613 0.000000
vt 0.359863 0.953613 0.000000
vt 0.359863 0.953613 0.000000
vt 0.359863 0.953613 0.000000
vt 0.359863 0.953613 0.000000
vt 0.359863 0.953613 0.000000
vt 0.359863 0.953613 0.000000
vt 0.359863 0.953613 0.000000
vt 0.359863 0.953613 0.000000
vt 0.359863 0.953613 0.000000
vt 0.359863 0.953613 0.000000
vt 0.359863 0.953613 0.000000
vt 0.359863 0.953613 0.000000
vt 0.359863 0.953613 0.000000
vt 0.359863 0.953613 0.000000
vt 0.359863 0.953613 0.000000
vt 0.359863 0.953613 0.000000
vt 0.359863 0.953613 0.000000
vt 0.359863 0.953613 0.000000
vt 0.359863 0.953613 0.000000
vt 0.359863 0.953613 0.000000
vt 0.359863 0.953613 0.000000
vt 0.359863 0.953613 0.000000
vt 0.359863 0.953613 0.000000
vt 0.359863 0.953613 0.000000
vt 0.359863 0.953613 0.000000
vt 0.359863 0.953613 0.000000
vt 0.359863 0.953613 0.000000
vt 0.359863 0.953613 0.000000
vt 0.359863 0.953613 0.000000
vt 0.359863 0.953613 0.000000
vt 0.359863 0.953613 0.000000
vt 0.359863 0.953613 0.000000
vt 0.992920 0.550537 0.000000
vt 0.995361 0.639160 0.000000
vt 0.876709 0.729492 0.000000
vt 0.876709 0.729492 0.000000
vt 0.873047 0.618164 0.000000
vt 0.992920 0.550537 0.000000
vt 0.359863 0.953613 0.000000
vt 0.359863 0.953613 0.000000
vt 0.359863 0.953613 0.000000
vt 0.359863 0.953613 0.000000
vt 0.359863 0.953613 0.000000
vt 0.359863 0.953613 0.000000
vt 0.359863 0.953613 0.000000
vt 0.359863 0.953613 0.000000
vt 0.359863 0.953613 0.000000
vt 0.359863 0.953613 0.000000
vt 0.359863 0.953613 0.000000
vt 0.359863 0.953613 0.000000
vt 0.359863 0.953613 0.000000
vt 0.359863 0.953613 0.000000
vt 0.359863 0.953613 0.000000
vt 0.359863 0.953613 0.000000
vt 0.359863 0.953613 0.000000
vt 0.359863 0.953613 0.000000
vt 0.359863 0.953613 0.000000
vt 0.359863 0.953613 0.000000
vt 0.359863 0.953613 0.000000
vt 0.992920 0.550537 0.000000
vt 0.873047 0.618164 0.000000
vt 0.866211 0.488281 0.000000
vt 0.866211 0.488281 0.000000
vt 0.981445 0.444824 0.000000
vt 0.992920 0.550537 0.000000
vt 0.866211 0.488281 0.000000
vt 0.854736 0.359619 0.000000
vt 0.963379 0.334473 0.000000
vt 0.963379 0.334473 0.000000
vt 0.981445 0.444824 0.000000
vt 0.866211 0.488281 0.000000
vt 0.359863 0.953613 0.000000
vt 0.359863 0.953613 0.000000
vt 0.359863 0.953613 0.000000
vt 0.359863 0.953613 0.000000
vt 0.359863 0.953613 0.000000
vt 0.359863 0.953613 0.000000
vt 0.359863 0.953613 0.000000
vt 0.359863 0.953613 0.000000
vt 0.359863 0.953613 0.000000
vt 0.359863 0.953613 0.000000
vt 0.359863 0.953613 0.000000
vt 0.359863 0.953613 0.000000
vt 0.359863 0.953613 0.000000
vt 0.359863 0.953613 0.000000
vt 0.359863 0.953613 0.000000
vt 0.359863 0.953613 0.000000
vt 0.359863 0.953613 0.000000
vt 0.359863 0.953613 0.000000
vt 0.359863 0.953613 0.000000
vt 0.359863 0.953613 0.000000
vt 0.359863 0.953613 0.000000
vt 0.359863 0.953613 0.000000
vt 0.359863 0.953613 0.000000
vt 0.359863 0.953613 0.000000
vt 0.359863 0.953613 0.000000
vt 0.359863 0.953613 0.000000
vt 0.359863 0.953613 0.000000
vt 0.359863 0.953613 0.000000
vt 0.359863 0.953613 0.000000
vt 0.359863 0.953613 0.000000
vt 0.359863 0.953613 0.000000
vt 0.359863 0.953613 0.000000
vt 0.359863 0.953613 0.000000
vt 0.359863 0.953613 0.000000
vt 0.359863 0.953613 0.000000
vt 0.359863 0.953613 0.000000
vt 0.359863 0.953613 0.000000
vt 0.359863 0.953613 0.000000
vt 0.359863 0.953613 0.000000
vt 0.359863 0.953613 0.000000
vt 0.359863 0.953613 0.000000
vt 0.359863 0.953613 0.000000
vt 0.359863 0.953613 0.000000
vt 0.359863 0.953613 0.000000
vt 0.359863 0.953613 0.000000
vt 0.359863 0.953613 0.000000
vt 0.359863 0.953613 0.000000
vt 0.359863 0.953613 0.000000
vt 0.359863 0.953613 0.000000
vt 0.359863 0.953613 0.000000
vt 0.359863 0.953613 0.000000
vt 0.359863 0.953613 0.000000
vt 0.359863 0.953613 0.000000
vt 0.359863 0.953613 0.000000
vt 0.359863 0.953613 0.000000
vt 0.359863 0.953613 0.000000
vt 0.359863 0.953613 0.000000
vt 0.359863 0.953613 0.000000
vt 0.359863 0.953613 0.000000
vt 0.359863 0.953613 0.000000
vt 0.359863 0.953613 0.000000
vt 0.359863 0.953613 0.000000
vt 0.359863 0.953613 0.000000
vt 0.359863 0.953613 0.000000
vt 0.359863 0.953613 0.000000
vt 0.359863 0.953613 0.000000
vt 0.359863 0.953613 0.000000
vt 0.359863 0.953613 0.000000
vt 0.359863 0.953613 0.000000
vt 0.359863 0.953613 0.000000
vt 0.359863 0.953613 0.000000
vt 0.359863 0.953613 0.000000
vt 0.359863 0.953613 0.000000
vt 0.359863 0.953613 0.000000
vt 0.359863 0.953613 0.000000
vt 0.359863 0.953613 0.000000
vt 0.359863 0.953613 0.000000
vt 0.359863 0.953613 0.000000
vt 0.359863 0.953613 0.000000
vt 0.359863 0.953613 0.000000
vt 0.359863 0.953613 0.000000
vt 0.359863 0.953613 0.000000
vt 0.359863 0.953613 0.000000
vt 0.359863 0.953613 0.000000
vt 0.455811 0.497803 0.000000
vt 0.438477 0.648438 0.000000
vt 0.163574 0.630615 0.000000
vt 0.438477 0.648438 0.000000
vt 0.455811 0.497803 0.000000
vt 0.654541 0.646973 0.000000
vt 0.359863 0.953613 0.000000
vt 0.359863 0.953613 0.000000
vt 0.359863 0.953613 0.000000
vt 0.359863 0.953613 0.000000
vt 0.359863 0.953613 0.000000
vt 0.359863 0.953613 0.000000
vt 0.359863 0.953613 0.000000
vt 0.359863 0.953613 0.000000
vt 0.359863 0.953613 0.000000
vt 0.359863 0.953613 0.000000
vt 0.359863 0.953613 0.000000
vt 0.359863 0.953613 0.000000
vt 0.359863 0.953613 0.000000
vt 0.359863 0.953613 0.000000
vt 0.359863 0.953613 0.000000
vt 0.359863 0.953613 0.000000
vt 0.359863 0.953613 0.000000
vt 0.359863 0.953613 0.000000
vt 0.432129 0.782227 0.000000
vt 0.419189 0.896240 0.000000
vt 0.149902 0.846436 0.000000
vt 0.149902 0.846436 0.000000
vt 0.154785 0.748535 0.000000
vt 0.432129 0.782227 0.000000
vt 0.476807 0.215332 0.000000
vt 0.465576 0.348633 0.000000
vt 0.188965 0.361572 0.000000
vt 0.188965 0.361572 0.000000
vt 0.206787 0.240967 0.000000
vt 0.476807 0.215332 0.000000
vt 0.359863 0.953613 0.000000
vt 0.359863 0.953613 0.000000
vt 0.359863 0.953613 0.000000
vt 0.359863 0.953613 0.000000
vt 0.359863 0.953613 0.000000
vt 0.359863 0.953613 0.000000
vt 0.359863 0.953613 0.000000
vt 0.359863 0.953613 0.000000
vt 0.359863 0.953613 0.000000
vt 0.359863 0.953613 0.000000
vt 0.359863 0.953613 0.000000
vt 0.359863 0.953613 0.000000
vt 0.359863 0.953613 0.000000
vt 0.359863 0.953613 0.000000
vt 0.359863 0.953613 0.000000
vt 0.359863 0.953613 0.000000
vt 0.359863 0.953613 0.000000
vt 0.359863 0.953613 0.000000
vt 0.359863 0.953613 0.000000
vt 0.359863 0.953613 0.000000
vt 0.359863 0.953613 0.000000
vt 0.359863 0.953613 0.000000
vt 0.359863 0.953613 0.000000
vt 0.359863 0.953613 0.000000
vt 0.359863 0.953613 0.000000
vt 0.359863 0.953613 0.000000
vt 0.359863 0.953613 0.000000
vt 0.359863 0.953613 0.000000
vt 0.359863 0.953613 0.000000
vt 0.359863 0.953613 0.000000
vt 0.359863 0.953613 0.000000
vt 0.359863 0.953613 0.000000
vt 0.359863 0.953613 0.000000
vt 0.359863 0.953613 0.000000
vt 0.359863 0.953613 0.000000
vt 0.359863 0.953613 0.000000
vt 0.359863 0.953613 0.000000
vt 0.359863 0.953613 0.000000
vt 0.359863 0.953613 0.000000
vt 0.359863 0.953613 0.000000
vt 0.359863 0.953613 0.000000
vt 0.359863 0.953613 0.000000
vt 0.359863 0.953613 0.000000
vt 0.359863 0.953613 0.000000
vt 0.359863 0.953613 0.000000
vt 0.359863 0.953613 0.000000
vt 0.359863 0.953613 0.000000
vt 0.359863 0.953613 0.000000
vt 0.359863 0.953613 0.000000
vt 0.359863 0.953613 0.000000
vt 0.359863 0.953613 0.000000
vt 0.359863 0.953613 0.000000
vt 0.359863 0.953613 0.000000
vt 0.359863 0.953613 0.000000
vt 0.359863 0.953613 0.000000
vt 0.359863 0.953613 0.000000
vt 0.359863 0.953613 0.000000
vt 0.359863 0.953613 0.000000
vt 0.359863 0.953613 0.000000
vt 0.359863 0.953613 0.000000
vt 0.359863 0.953613 0.000000
vt 0.359863 0.953613 0.000000
vt 0.359863 0.953613 0.000000
vt 0.359863 0.953613 0.000000
vt 0.359863 0.953613 0.000000
vt 0.359863 0.953613 0.000000
vt 0.359863 0.953613 0.000000
vt 0.359863 0.953613 0.000000
vt 0.359863 0.953613 0.000000
vt 0.359863 0.953613 0.000000
vt 0.359863 0.953613 0.000000
vt 0.359863 0.953613 0.000000
vt 0.359863 0.953613 0.000000
vt 0.359863 0.953613 0.000000
vt 0.359863 0.953613 0.000000
vt 0.359863 0.953613 0.000000
vt 0.359863 0.953613 0.000000
vt 0.359863 0.953613 0.000000
vt 0.359863 0.953613 0.000000
vt 0.359863 0.953613 0.000000
vt 0.359863 0.953613 0.000000
vt 0.359863 0.953613 0.000000
vt 0.359863 0.953613 0.000000
vt 0.359863 0.953613 0.000000
vt 0.359863 0.953613 0.000000
vt 0.359863 0.953613 0.000000
vt 0.359863 0.953613 0.000000
vt 0.359863 0.953613 0.000000
vt 0.359863 0.953613 0.000000
vt 0.359863 0.953613 0.000000
vt 0.359863 0.953613 0.000000
vt 0.359863 0.953613 0.000000
vt 0.359863 0.953613 0.000000
vt 0.359863 0.953613 0.000000
vt 0.359863 0.953613 0.000000
vt 0.359863 0.953613 0.000000
vt 0.359863 0.953613 0.000000
vt 0.359863 0.953613 0.000000
vt 0.359863 0.953613 0.000000
vt 0.359863 0.953613 0.000000
vt 0.359863 0.953613 0.000000
vt 0.359863 0.953613 0.000000
vt 0.359863 0.953613 0.000000
vt 0.359863 0.953613 0.000000
vt 0.359863 0.953613 0.000000
vt 0.359863 0.953613 0.000000
vt 0.359863 0.953613 0.000000
vt 0.359863 0.953613 0.000000
vt 0.359863 0.953613 0.000000
vt 0.359863 0.953613 0.000000
vt 0.359863 0.953613 0.000000
vt 0.359863 0.953613 0.000000
vt 0.359863 0.953613 0.000000
vt 0.359863 0.953613 0.000000
vt 0.163574 0.630615 0.000000
vt 0.175049 0.496338 0.000000
vt 0.455811 0.497803 0.000000
vt 0.455811 0.497803 0.000000
vt 0.657227 0.500000 0.000000
vt 0.654541 0.646973 0.000000
vt 0.654541 0.646973 0.000000
vt 0.647461 0.777100 0.000000
vt 0.432129 0.782227 0.000000
vt 0.432129 0.782227 0.000000
vt 0.154785 0.748535 0.000000
vt 0.163574 0.630615 0.000000
vt 0.359863 0.953613 0.000000
vt 0.359863 0.953613 0.000000
vt 0.359863 0.953613 0.000000
vt 0.671143 0.109619 0.000000
vt 0.659912 0.222656 0.000000
vt 0.476807 0.215332 0.000000
vt 0.476807 0.215332 0.000000
vt 0.206787 0.240967 0.000000
vt 0.230225 0.133545 0.000000
vt 0.359863 0.953613 0.000000
vt 0.359863 0.953613 0.000000
vt 0.359863 0.953613 0.000000
vt 0.359863 0.953613 0.000000
vt 0.359863 0.953613 0.000000
vt 0.359863 0.953613 0.000000
vt 0.359863 0.953613 0.000000
vt 0.359863 0.953613 0.000000
vt 0.359863 0.953613 0.000000
vt 0.359863 0.953613 0.000000
vt 0.359863 0.953613 0.000000
vt 0.359863 0.953613 0.000000
vt 0.854736 0.359619 0.000000
vt 0.658203 0.353027 0.000000
vt 0.659912 0.222656 0.000000
vt 0.659912 0.222656 0.000000
vt 0.671143 0.109619 0.000000
vt 0.822021 0.141602 0.000000
vt 0.932617 0.232178 0.000000
vt 0.963379 0.334473 0.000000
vt 0.854736 0.359619 0.000000
vt 0.231201 0.998779 0.000000
vt 0.228271 0.944336 0.000000
vt 0.201416 0.995850 0.000000
vt 0.359863 0.953613 0.000000
vt 0.359863 0.953613 0.000000
vt 0.359863 0.953613 0.000000
vt 0.359863 0.953613 0.000000
vt 0.359863 0.953613 0.000000
vt 0.359863 0.953613 0.000000
vt 0.359863 0.953613 0.000000
vt 0.359863 0.953613 0.000000
vt 0.359863 0.953613 0.000000
vt 0.359863 0.953613 0.000000
vt 0.359863 0.953613 0.000000
vt 0.359863 0.953613 0.000000
vt 0.359863 0.953613 0.000000
vt 0.359863 0.953613 0.000000
vt 0.359863 0.953613 0.000000
vt 0.359863 0.953613 0.000000
vt 0.359863 0.953613 0.000000
vt 0.359863 0.953613 0.000000
vt 0.359863 0.953613 0.000000
vt 0.359863 0.953613 0.000000
vt 0.359863 0.953613 0.000000
vt 0.359863 0.953613 0.000000
vt 0.359863 0.953613 0.000000
vt 0.359863 0.953613 0.000000
vt 0.359863 0.953613 0.000000
vt 0.359863 0.953613 0.000000
vt 0.359863 0.953613 0.000000
vt 0.359863 0.953613 0.000000
vt 0.359863 0.953613 0.000000
vt 0.359863 0.953613 0.000000
vt 0.359863 0.953613 0.000000
vt 0.359863 0.953613 0.000000
vt 0.359863 0.953613 0.000000
vt 0.228271 0.944336 0.000000
vt 0.285889 0.903320 0.000000
vt 0.255371 0.877197 0.000000
vt 0.359863 0.953613 0.000000
vt 0.359863 0.953613 0.000000
vt 0.359863 0.953613 0.000000
vt 0.359863 0.953613 0.000000
vt 0.359863 0.953613 0.000000
vt 0.359863 0.953613 0.000000
vt 0.359863 0.953613 0.000000
vt 0.359863 0.953613 0.000000
vt 0.359863 0.953613 0.000000
vt 0.076660 0.937988 0.000000
vt 0.076660 0.937988 0.000000
vt 0.076660 0.937988 0.000000
vt 0.076660 0.937988 0.000000
vt 0.076660 0.937988 0.000000
vt 0.076660 0.937988 0.000000
vt 0.359863 0.953613 0.000000
vt 0.359863 0.953613 0.000000
vt 0.359863 0.953613 0.000000
vt 0.359863 0.953613 0.000000
vt 0.359863 0.953613 0.000000
vt 0.359863 0.953613 0.000000
vt 0.359863 0.953613 0.000000
vt 0.359863 0.953613 0.000000
vt 0.359863 0.953613 0.000000
vt 0.359863 0.953613 0.000000
vt 0.359863 0.953613 0.000000
vt 0.359863 0.953613 0.000000
vt 0.359863 0.953613 0.000000
vt 0.359863 0.953613 0.000000
vt 0.359863 0.953613 0.000000
vt 0.359863 0.953613 0.000000
vt 0.359863 0.953613 0.000000
vt 0.359863 0.953613 0.000000
vt 0.359863 0.953613 0.000000
vt 0.359863 0.953613 0.000000
vt 0.359863 0.953613 0.000000
vt 0.359863 0.953613 0.000000
vt 0.359863 0.953613 0.000000
vt 0.359863 0.953613 0.000000
vt 0.359863 0.953613 0.000000
vt 0.359863 0.953613 0.000000
vt 0.359863 0.953613 0.000000
vt 0.359863 0.953613 0.000000
vt 0.359375 0.952393 0.000000
vt 0.359863 0.953613 0.000000
vt 0.076660 0.937988 0.000000
vt 0.076660 0.937988 0.000000
vt 0.076660 0.937988 0.000000
vt 0.076660 0.937988 0.000000
vt 0.076660 0.937988 0.000000
vt 0.076660 0.937988 0.000000
vt 0.359863 0.953613 0.000000
vt 0.359863 0.953613 0.000000
vt 0.359863 0.953613 0.000000
vt 0.359863 0.953613 0.000000
vt 0.359863 0.953613 0.000000
vt 0.359863 0.953613 0.000000
vt 0.359863 0.953613 0.000000
vt 0.359863 0.953613 0.000000
vt 0.359863 0.953613 0.000000
vt 0.359863 0.953613 0.000000
vt 0.359863 0.953613 0.000000
vt 0.359863 0.953613 0.000000
vt 0.359863 0.953613 0.000000
vt 0.359863 0.953613 0.000000
vt 0.359863 0.953613 0.000000
vt 0.359863 0.953613 0.000000
vt 0.359863 0.953613 0.000000
vt 0.359863 0.953613 0.000000
vt 0.359863 0.953613 0.000000
vt 0.359863 0.953613 0.000000
vt 0.359863 0.953613 0.000000
vt 0.359863 0.953613 0.000000
vt 0.359863 0.953613 0.000000
vt 0.359863 0.953613 0.000000
vt 0.432129 0.782227 0.000000
vt 0.438477 0.648438 0.000000
vt 0.654541 0.646973 0.000000
vt 0.438477 0.648438 0.000000
vt 0.432129 0.782227 0.000000
vt 0.163574 0.630615 0.000000
vt 0.359863 0.953613 0.000000
vt 0.359863 0.953613 0.000000
vt 0.359863 0.953613 0.000000
vt 0.359863 0.953613 0.000000
vt 0.359863 0.953613 0.000000
vt 0.359863 0.953613 0.000000
vt 0.359863 0.953613 0.000000
vt 0.359863 0.953613 0.000000
vt 0.359863 0.953613 0.000000
vt 0.359863 0.953613 0.000000
vt 0.359863 0.953613 0.000000
vt 0.359863 0.953613 0.000000
vt 0.836182 0.235596 0.000000
vt 0.659912 0.222656 0.000000
vt 0.822021 0.141602 0.000000
vt 0.822021 0.141602 0.000000
vt 0.932617 0.232178 0.000000
vt 0.836182 0.235596 0.000000
vn 0.610352 0.380615 0.694336
vn 0.812012 0.548584 0.198242
vn 0.632324 0.266846 0.727051
vn 0.240967 0.315186 0.917725
vn 0.632324 0.266846 0.727051
vn 0.243652 0.116943 0.962646
vn 0.610352 0.380615 0.694336
vn 0.632324 0.266846 0.727051
vn 0.240967 0.315186 0.917725
vn -0.773193 0.626953 -0.094727
vn -0.953369 0.301025 -0.014893
vn -0.891846 0.395508 0.218262
vn -0.891846 0.395508 0.218262
vn -0.583740 0.807617 -0.080078
vn -0.773193 0.626953 -0.094727
vn 0.704590 0.551514 -0.445801
vn 0.718018 0.396484 -0.571533
vn 0.470703 0.394531 -0.788818
vn 0.470703 0.394531 -0.788818
vn 0.442139 0.421387 -0.791504
vn 0.704590 0.551514 -0.445801
vn 0.023438 0.209717 0.977295
vn -0.008301 0.621338 0.783203
vn 0.089355 0.008057 0.995850
vn 0.089355 0.008057 0.995850
vn 0.067383 -0.280762 0.957275
vn 0.023438 0.209717 0.977295
vn -0.875244 0.140625 -0.462402
vn -0.824463 0.386230 -0.413330
vn -0.711914 0.539063 -0.449951
vn -0.711914 0.539063 -0.449951
vn -0.784912 -0.014893 -0.618896
vn -0.875244 0.140625 -0.462402
vn -0.583740 0.807617 -0.080078
vn -0.641846 0.739990 -0.199707
vn -0.711914 0.539063 -0.449951
vn -0.711914 0.539063 -0.449951
vn -0.773193 0.626953 -0.094727
vn -0.583740 0.807617 -0.080078
vn -0.470215 0.878662 0.081299
vn -0.859619 0.510254 0.024170
vn -0.789063 0.519775 -0.326904
vn -0.789063 0.519775 -0.326904
vn -0.641846 0.739990 -0.199707
vn -0.470215 0.878662 0.081299
vn -0.737305 0.291504 0.609131
vn -0.968262 0.229248 0.097412
vn -0.859619 0.510254 0.024170
vn -0.859619 0.510254 0.024170
vn -0.547119 0.609863 0.572998
vn -0.737305 0.291504 0.609131
vn -0.929688 -0.009766 -0.367676
vn -0.789063 0.519775 -0.326904
vn -0.859619 0.510254 0.024170
vn -0.859619 0.510254 0.024170
vn -0.968262 0.229248 0.097412
vn -0.929688 -0.009766 -0.367676
vn 0.386963 0.851074 0.354248
vn 0.499268 0.504639 0.704102
vn 0.612549 0.714111 0.338379
vn 0.612549 0.714111 0.338379
vn 0.808350 0.586670 -0.047119
vn 0.386963 0.851074 0.354248
vn 0.079346 0.693848 -0.715332
vn 0.386963 0.851074 0.354248
vn 0.808350 0.586670 -0.047119
vn 0.808350 0.586670 -0.047119
vn 0.779053 0.616455 -0.111816
vn 0.079346 0.693848 -0.715332
vn 0.089355 0.008057 0.995850
vn 0.243652 0.116943 0.962646
vn 0.309082 0.109375 0.944580
vn 0.309082 0.109375 0.944580
vn 0.105469 -0.056396 0.992676
vn 0.089355 0.008057 0.995850
vn -0.972412 -0.229736 0.036377
vn -0.919922 -0.131348 -0.368896
vn -0.615479 -0.702881 -0.356201
vn -0.615479 -0.702881 -0.356201
vn -0.860596 -0.136230 0.490234
vn -0.972412 -0.229736 0.036377
vn -0.972412 -0.229736 0.036377
vn -0.860596 -0.136230 0.490234
vn -0.987061 -0.159668 -0.013672
vn -0.950195 0.245605 0.191162
vn -0.978516 -0.188721 0.081787
vn -0.987061 -0.159668 -0.013672
vn -0.987061 -0.159668 -0.013672
vn -0.860596 -0.136230 0.490234
vn -0.950195 0.245605 0.191162
vn -0.313477 -0.804932 0.503174
vn -0.615479 -0.702881 -0.356201
vn 0.790039 -0.311768 0.527344
vn 0.790039 -0.311768 0.527344
vn 0.108398 -0.837158 0.535889
vn -0.313477 -0.804932 0.503174
vn 0.326904 -0.902344 -0.279785
vn -0.796143 -0.093506 0.597656
vn -0.313477 -0.804932 0.503174
vn -0.313477 -0.804932 0.503174
vn 0.108398 -0.837158 0.535889
vn 0.326904 -0.902344 -0.279785
vn -0.950195 0.245605 0.191162
vn -0.860596 -0.136230 0.490234
vn -0.313477 -0.804932 0.503174
vn -0.313477 -0.804932 0.503174
vn -0.796143 -0.093506 0.597656
vn -0.950195 0.245605 0.191162
vn 0.089355 0.008057 0.995850
vn 0.105469 -0.056396 0.992676
vn -0.116943 -0.514893 0.849121
vn -0.116943 -0.514893 0.849121
vn 0.067383 -0.280762 0.957275
vn 0.089355 0.008057 0.995850
vn -0.023438 0.947266 -0.319336
vn 0.264648 -0.899658 -0.346436
vn -0.116943 -0.514893 0.849121
vn -0.116943 -0.514893 0.849121
vn 0.105469 -0.056396 0.992676
vn -0.023438 0.947266 -0.319336
vn 0.326904 -0.902344 -0.279785
vn 0.108398 -0.837158 0.535889
vn -0.116943 -0.514893 0.849121
vn -0.116943 -0.514893 0.849121
vn 0.264648 -0.899658 -0.346436
vn 0.326904 -0.902344 -0.279785
vn -0.008301 0.621338 0.783203
vn -0.118408 0.666016 0.736084
vn -0.470215 0.878662 0.081299
vn -0.470215 0.878662 0.081299
vn -0.385498 0.840332 0.380615
vn -0.008301 0.621338 0.783203
vn -0.583740 0.807617 -0.080078
vn -0.385498 0.840332 0.380615
vn -0.470215 0.878662 0.081299
vn -0.470215 0.878662 0.081299
vn -0.641846 0.739990 -0.199707
vn -0.583740 0.807617 -0.080078
vn -0.929688 -0.009766 -0.367676
vn -0.467041 -0.355225 -0.809570
vn -0.614990 0.018311 -0.788086
vn -0.614990 0.018311 -0.788086
vn -0.789063 0.519775 -0.326904
vn -0.929688 -0.009766 -0.367676
vn -0.615479 -0.702881 -0.356201
vn -0.784912 -0.014893 -0.618896
vn -0.614990 0.018311 -0.788086
vn -0.614990 0.018311 -0.788086
vn -0.467041 -0.355225 -0.809570
vn -0.615479 -0.702881 -0.356201
vn 0.892334 -0.371094 0.255859
vn 0.629639 -0.746826 -0.213135
vn -0.115479 -0.917725 0.379883
vn -0.541992 -0.814453 0.206543
vn -0.521484 -0.768311 0.370850
vn -0.115479 -0.917725 0.379883
vn -0.115479 -0.917725 0.379883
vn -0.132568 -0.990967 -0.016113
vn -0.541992 -0.814453 0.206543
vn -0.508545 -0.658447 0.554688
vn 0.034424 -0.649414 0.759521
vn -0.115479 -0.917725 0.379883
vn -0.115479 -0.917725 0.379883
vn -0.521484 -0.768311 0.370850
vn -0.508545 -0.658447 0.554688
vn -0.950195 0.245605 0.191162
vn -0.796143 -0.093506 0.597656
vn 0.089600 0.832520 -0.546387
vn 0.089600 0.832520 -0.546387
vn -0.141602 0.917236 -0.372070
vn -0.950195 0.245605 0.191162
vn 0.326904 -0.902344 -0.279785
vn 0.171875 0.854980 -0.489014
vn 0.089600 0.832520 -0.546387
vn 0.089600 0.832520 -0.546387
vn -0.796143 -0.093506 0.597656
vn 0.326904 -0.902344 -0.279785
vn -0.950195 0.245605 0.191162
vn -0.141602 0.917236 -0.372070
vn -0.750000 0.661133 -0.007568
vn -0.750000 0.661133 -0.007568
vn -0.941162 0.264404 0.210205
vn -0.950195 0.245605 0.191162
vn 0.326904 -0.902344 -0.279785
vn 0.264648 -0.899658 -0.346436
vn 0.131836 0.619629 -0.773438
vn 0.131836 0.619629 -0.773438
vn 0.171875 0.854980 -0.489014
vn 0.326904 -0.902344 -0.279785
vn -0.023438 0.947266 -0.319336
vn -0.028809 0.561035 -0.826904
vn 0.131836 0.619629 -0.773438
vn 0.131836 0.619629 -0.773438
vn 0.264648 -0.899658 -0.346436
vn -0.023438 0.947266 -0.319336
vn 0.099609 0.908936 -0.404541
vn -0.014893 0.927734 0.372559
vn -0.181152 0.980469 0.074463
vn 0.099609 0.908936 -0.404541
vn -0.181152 0.980469 0.074463
vn 0.131836 0.619629 -0.773438
vn 0.099609 0.908936 -0.404541
vn 0.131836 0.619629 -0.773438
vn -0.028809 0.561035 -0.826904
vn -0.023438 0.947266 -0.319336
vn 0.386963 0.851074 0.354248
vn 0.079346 0.693848 -0.715332
vn 0.079346 0.693848 -0.715332
vn -0.028809 0.561035 -0.826904
vn -0.023438 0.947266 -0.319336
vn -0.950195 0.245605 0.191162
vn -0.941162 0.264404 0.210205
vn -0.966064 -0.066162 0.249023
vn -0.966064 -0.066162 0.249023
vn -0.978516 -0.188721 0.081787
vn -0.950195 0.245605 0.191162
vn -0.615479 -0.702881 -0.356201
vn -0.919922 -0.131348 -0.368896
vn -0.875244 0.140625 -0.462402
vn -0.875244 0.140625 -0.462402
vn -0.784912 -0.014893 -0.618896
vn -0.615479 -0.702881 -0.356201
vn -0.929688 -0.009766 -0.367676
vn -0.968262 0.229248 0.097412
vn -0.978271 -0.042480 0.202637
vn -0.978271 -0.042480 0.202637
vn -0.886475 -0.340332 -0.313232
vn -0.929688 -0.009766 -0.367676
vn -0.737305 0.291504 0.609131
vn -0.695801 0.130615 0.706055
vn -0.978271 -0.042480 0.202637
vn -0.978271 -0.042480 0.202637
vn -0.968262 0.229248 0.097412
vn -0.737305 0.291504 0.609131
vn -0.671387 0.001465 0.740967
vn -0.937500 -0.223633 0.266113
vn -0.978271 -0.042480 0.202637
vn -0.978271 -0.042480 0.202637
vn -0.695801 0.130615 0.706055
vn -0.671387 0.001465 0.740967
vn -0.811279 -0.544678 -0.211914
vn -0.886475 -0.340332 -0.313232
vn -0.978271 -0.042480 0.202637
vn -0.978271 -0.042480 0.202637
vn -0.937500 -0.223633 0.266113
vn -0.811279 -0.544678 -0.211914
vn -0.615479 -0.702881 -0.356201
vn -0.467041 -0.355225 -0.809570
vn -0.238281 -0.628662 -0.739990
vn -0.238281 -0.628662 -0.739990
vn 0.832764 -0.326904 -0.446533
vn -0.615479 -0.702881 -0.356201
vn -0.929688 -0.009766 -0.367676
vn -0.886475 -0.340332 -0.313232
vn -0.238281 -0.628662 -0.739990
vn -0.238281 -0.628662 -0.739990
vn -0.467041 -0.355225 -0.809570
vn -0.929688 -0.009766 -0.367676
vn -0.811279 -0.544678 -0.211914
vn -0.097900 -0.666748 -0.738770
vn -0.238281 -0.628662 -0.739990
vn -0.238281 -0.628662 -0.739990
vn -0.886475 -0.340332 -0.313232
vn -0.811279 -0.544678 -0.211914
vn 0.661865 -0.343994 -0.665527
vn 0.832764 -0.326904 -0.446533
vn -0.238281 -0.628662 -0.739990
vn -0.238281 -0.628662 -0.739990
vn -0.097900 -0.666748 -0.738770
vn 0.661865 -0.343994 -0.665527
vn -0.737305 0.291504 0.609131
vn 0.004395 0.239746 0.970703
vn 0.074219 0.244629 0.966553
vn 0.074219 0.244629 0.966553
vn -0.695801 0.130615 0.706055
vn -0.737305 0.291504 0.609131
vn 0.933105 0.145752 0.327881
vn 0.149414 0.202148 0.967773
vn 0.074219 0.244629 0.966553
vn 0.074219 0.244629 0.966553
vn 0.790039 -0.311768 0.527344
vn 0.933105 0.145752 0.327881
vn -0.671387 0.001465 0.740967
vn -0.695801 0.130615 0.706055
vn 0.074219 0.244629 0.966553
vn 0.074219 0.244629 0.966553
vn 0.149414 0.202148 0.967773
vn -0.671387 0.001465 0.740967
vn 0.661865 -0.343994 -0.665527
vn -0.097900 -0.666748 -0.738770
vn -0.128174 -0.849365 -0.511719
vn -0.128174 -0.849365 -0.511719
vn 0.904785 -0.181641 -0.384521
vn 0.661865 -0.343994 -0.665527
vn -0.811279 -0.544678 -0.211914
vn -0.679443 -0.733643 0.000244
vn -0.128174 -0.849365 -0.511719
vn -0.128174 -0.849365 -0.511719
vn -0.097900 -0.666748 -0.738770
vn -0.811279 -0.544678 -0.211914
vn -0.541992 -0.814453 0.206543
vn -0.132568 -0.990967 -0.016113
vn -0.128174 -0.849365 -0.511719
vn -0.128174 -0.849365 -0.511719
vn -0.679443 -0.733643 0.000244
vn -0.541992 -0.814453 0.206543
vn 0.629639 -0.746826 -0.213135
vn 0.904785 -0.181641 -0.384521
vn -0.128174 -0.849365 -0.511719
vn -0.128174 -0.849365 -0.511719
vn -0.132568 -0.990967 -0.016113
vn 0.629639 -0.746826 -0.213135
vn -0.811279 -0.544678 -0.211914
vn -0.937500 -0.223633 0.266113
vn -0.784912 -0.519531 0.336914
vn -0.784912 -0.519531 0.336914
vn -0.679443 -0.733643 0.000244
vn -0.811279 -0.544678 -0.211914
vn -0.671387 0.001465 0.740967
vn -0.612305 -0.335693 0.715576
vn -0.784912 -0.519531 0.336914
vn -0.784912 -0.519531 0.336914
vn -0.937500 -0.223633 0.266113
vn -0.671387 0.001465 0.740967
vn -0.508545 -0.658447 0.554688
vn -0.521484 -0.768311 0.370850
vn -0.784912 -0.519531 0.336914
vn -0.784912 -0.519531 0.336914
vn -0.612305 -0.335693 0.715576
vn -0.508545 -0.658447 0.554688
vn -0.541992 -0.814453 0.206543
vn -0.679443 -0.733643 0.000244
vn -0.784912 -0.519531 0.336914
vn -0.784912 -0.519531 0.336914
vn -0.521484 -0.768311 0.370850
vn -0.541992 -0.814453 0.206543
vn -0.671387 0.001465 0.740967
vn 0.149414 0.202148 0.967773
vn 0.023682 -0.117432 0.992676
vn 0.023682 -0.117432 0.992676
vn -0.612305 -0.335693 0.715576
vn -0.671387 0.001465 0.740967
vn 0.933105 0.145752 0.327881
vn 0.871582 -0.054688 0.487061
vn 0.023682 -0.117432 0.992676
vn 0.023682 -0.117432 0.992676
vn 0.149414 0.202148 0.967773
vn 0.933105 0.145752 0.327881
vn 0.034424 -0.649414 0.759521
vn 0.023682 -0.117432 0.992676
vn 0.871582 -0.054688 0.487061
vn 0.871582 -0.054688 0.487061
vn 0.892334 -0.371094 0.255859
vn 0.034424 -0.649414 0.759521
vn -0.508545 -0.658447 0.554688
vn -0.612305 -0.335693 0.715576
vn 0.023682 -0.117432 0.992676
vn 0.023682 -0.117432 0.992676
vn 0.034424 -0.649414 0.759521
vn -0.508545 -0.658447 0.554688
vn -0.181152 0.980469 0.074463
vn -0.658203 0.502441 0.560303
vn -0.538574 0.836914 0.095947
vn -0.038330 -0.406006 0.912842
vn 0.182129 -0.435547 0.881348
vn -0.003174 -0.754150 0.656494
vn -0.003174 -0.754150 0.656494
vn -0.338135 -0.351318 0.872803
vn -0.038330 -0.406006 0.912842
vn -0.771729 0.014648 0.635498
vn -0.404541 0.114258 0.907227
vn -0.338135 -0.351318 0.872803
vn -0.338135 -0.351318 0.872803
vn -0.655518 -0.340576 0.673584
vn -0.771729 0.014648 0.635498
vn -0.726563 -0.590088 -0.351563
vn -0.978516 -0.188721 0.081787
vn -0.740234 -0.668945 -0.066162
vn 0.808350 0.586670 -0.047119
vn 0.612549 0.714111 0.338379
vn 0.978516 0.181152 0.095947
vn 0.978516 0.181152 0.095947
vn 0.996582 0.034180 0.073730
vn 0.808350 0.586670 -0.047119
vn 0.996582 0.034180 0.073730
vn 0.981445 0.120361 0.148438
vn 0.808350 0.586670 -0.047119
vn 0.911621 -0.096924 -0.398682
vn 0.893311 -0.248047 -0.374268
vn 0.978516 0.181152 0.095947
vn 0.978516 0.181152 0.095947
vn 0.966797 0.183838 0.176514
vn 0.911621 -0.096924 -0.398682
vn 0.614502 -0.643311 -0.456299
vn 0.926758 -0.319336 -0.196777
vn 0.893311 -0.248047 -0.374268
vn 0.893311 -0.248047 -0.374268
vn 0.583984 -0.479492 -0.654785
vn 0.614502 -0.643311 -0.456299
vn 0.981201 0.053467 0.184082
vn 0.981445 0.120361 0.148438
vn 0.927734 -0.372314 0.016357
vn 0.927734 -0.372314 0.016357
vn 0.899902 -0.363770 0.239990
vn 0.981201 0.053467 0.184082
vn -0.075439 -0.497314 -0.864014
vn -0.420654 -0.432129 -0.797363
vn -0.388184 -0.616699 -0.684570
vn -0.388184 -0.616699 -0.684570
vn -0.039063 -0.693604 -0.718994
vn -0.075439 -0.497314 -0.864014
vn -0.434814 -0.177002 -0.882813
vn -0.689453 -0.341553 -0.638428
vn -0.420654 -0.432129 -0.797363
vn -0.689453 -0.341553 -0.638428
vn -0.434814 -0.177002 -0.882813
vn -0.629883 -0.095703 -0.770508
vn -0.689453 -0.341553 -0.638428
vn -0.388184 -0.616699 -0.684570
vn -0.420654 -0.432129 -0.797363
vn -0.388184 -0.616699 -0.684570
vn -0.689453 -0.341553 -0.638428
vn -0.712646 -0.445068 -0.541748
vn -0.388184 -0.616699 -0.684570
vn -0.726563 -0.590088 -0.351563
vn -0.365967 -0.782471 -0.503174
vn -0.726563 -0.590088 -0.351563
vn -0.388184 -0.616699 -0.684570
vn -0.712646 -0.445068 -0.541748
vn -0.726563 -0.590088 -0.351563
vn -0.330322 -0.918213 -0.217529
vn -0.365967 -0.782471 -0.503174
vn -0.330322 -0.918213 -0.217529
vn -0.726563 -0.590088 -0.351563
vn -0.740234 -0.668945 -0.066162
vn 0.267090 -0.627930 -0.730713
vn 0.583984 -0.479492 -0.654785
vn 0.568115 -0.334473 -0.751709
vn 0.568115 -0.334473 -0.751709
vn 0.253906 -0.474854 -0.842285
vn 0.267090 -0.627930 -0.730713
vn 0.194824 -0.271973 -0.942139
vn 0.253906 -0.474854 -0.842285
vn 0.568115 -0.334473 -0.751709
vn 0.568115 -0.334473 -0.751709
vn 0.546143 -0.096191 -0.832031
vn 0.194824 -0.271973 -0.942139
vn 0.267090 -0.627930 -0.730713
vn 0.253906 -0.474854 -0.842285
vn -0.075439 -0.497314 -0.864014
vn -0.075439 -0.497314 -0.864014
vn -0.039063 -0.693604 -0.718994
vn 0.267090 -0.627930 -0.730713
vn 0.267090 -0.627930 -0.730713
vn -0.039063 -0.693604 -0.718994
vn -0.011230 -0.851563 -0.523926
vn -0.011230 -0.851563 -0.523926
vn 0.285400 -0.794189 -0.536377
vn 0.267090 -0.627930 -0.730713
vn 0.267090 -0.627930 -0.730713
vn 0.285400 -0.794189 -0.536377
vn 0.614502 -0.643311 -0.456299
vn 0.614502 -0.643311 -0.456299
vn 0.583984 -0.479492 -0.654785
vn 0.267090 -0.627930 -0.730713
vn 0.297852 -0.930176 -0.213867
vn 0.633057 -0.758057 -0.156006
vn 0.614502 -0.643311 -0.456299
vn 0.614502 -0.643311 -0.456299
vn 0.285400 -0.794189 -0.536377
vn 0.297852 -0.930176 -0.213867
vn 0.850342 0.213379 0.480713
vn 0.603760 0.795654 -0.047119
vn 0.779053 0.616455 -0.111816
vn 0.779053 0.616455 -0.111816
vn 0.956299 0.160645 0.243896
vn 0.850342 0.213379 0.480713
vn -0.941162 0.264404 0.210205
vn -0.750000 0.661133 -0.007568
vn -0.538574 0.836914 0.095947
vn -0.538574 0.836914 0.095947
vn -0.902588 0.260986 0.341553
vn -0.941162 0.264404 0.210205
vn 0.981201 0.053467 0.184082
vn 0.899902 -0.363770 0.239990
vn 0.874023 -0.277344 0.398193
vn 0.874023 -0.277344 0.398193
vn 0.956299 0.160645 0.243896
vn 0.981201 0.053467 0.184082
vn 0.586914 -0.588379 0.555908
vn 0.786865 -0.246826 0.565186
vn 0.609619 -0.670654 0.422119
vn 0.609619 -0.670654 0.422119
vn 0.299316 -0.747070 0.593262
vn 0.586914 -0.588379 0.555908
vn 0.292480 -0.873047 0.389648
vn 0.609619 -0.670654 0.422119
vn 0.621094 -0.761475 0.184082
vn 0.621094 -0.761475 0.184082
vn 0.320068 -0.937744 0.133301
vn 0.292480 -0.873047 0.389648
vn 0.297852 -0.930176 -0.213867
vn 0.320068 -0.937744 0.133301
vn 0.621094 -0.761475 0.184082
vn 0.621094 -0.761475 0.184082
vn 0.633057 -0.758057 -0.156006
vn 0.297852 -0.930176 -0.213867
vn 0.292480 -0.873047 0.389648
vn 0.320068 -0.937744 0.133301
vn 0.023193 -0.991943 0.124268
vn 0.023193 -0.991943 0.124268
vn 0.021240 -0.906982 0.420166
vn 0.292480 -0.873047 0.389648
vn 0.292480 -0.873047 0.389648
vn 0.021240 -0.906982 0.420166
vn -0.003174 -0.754150 0.656494
vn -0.003174 -0.754150 0.656494
vn 0.299316 -0.747070 0.593262
vn 0.292480 -0.873047 0.389648
vn 0.023193 -0.991943 0.124268
vn -0.440430 -0.883301 0.159424
vn -0.300781 -0.857178 0.417725
vn -0.300781 -0.857178 0.417725
vn 0.021240 -0.906982 0.420166
vn 0.023193 -0.991943 0.124268
vn -0.740234 -0.668945 -0.066162
vn -0.850342 -0.494141 0.180176
vn -0.440430 -0.883301 0.159424
vn -0.440430 -0.883301 0.159424
vn -0.330322 -0.918213 -0.217529
vn -0.740234 -0.668945 -0.066162
vn -0.719727 -0.591064 0.364014
vn -0.300781 -0.857178 0.417725
vn -0.440430 -0.883301 0.159424
vn -0.440430 -0.883301 0.159424
vn -0.850342 -0.494141 0.180176
vn -0.719727 -0.591064 0.364014
vn -0.719727 -0.591064 0.364014
vn -0.820313 -0.326660 0.469238
vn -0.435303 -0.666016 0.605469
vn -0.435303 -0.666016 0.605469
vn -0.300781 -0.857178 0.417725
vn -0.719727 -0.591064 0.364014
vn -0.655518 -0.340576 0.673584
vn -0.338135 -0.351318 0.872803
vn -0.435303 -0.666016 0.605469
vn -0.435303 -0.666016 0.605469
vn -0.820313 -0.326660 0.469238
vn -0.655518 -0.340576 0.673584
vn -0.850342 -0.494141 0.180176
vn -0.978516 -0.188721 0.081787
vn -0.966064 -0.066162 0.249023
vn -0.966064 -0.066162 0.249023
vn -0.918701 -0.279053 0.279053
vn -0.850342 -0.494141 0.180176
vn -0.902588 0.260986 0.341553
vn -0.905029 -0.006592 0.425049
vn -0.966064 -0.066162 0.249023
vn -0.966064 -0.066162 0.249023
vn -0.941162 0.264404 0.210205
vn -0.902588 0.260986 0.341553
vn -0.820313 -0.326660 0.469238
vn -0.918701 -0.279053 0.279053
vn -0.966064 -0.066162 0.249023
vn -0.966064 -0.066162 0.249023
vn -0.905029 -0.006592 0.425049
vn -0.820313 -0.326660 0.469238
vn 0.942139 0.247559 0.225098
vn 0.906250 0.421143 -0.029297
vn 0.779053 0.262451 -0.569092
vn 0.779053 0.262451 -0.569092
vn 0.857910 0.024170 -0.512695
vn 0.942139 0.247559 0.225098
vn 0.014160 0.954590 0.296875
vn 0.015381 0.953857 0.299561
vn 0.014648 0.953857 0.299316
vn 0.152832 -0.029297 0.987793
vn -0.253418 0.291504 0.922119
vn -0.159180 -0.268311 0.949951
vn -0.159180 -0.268311 0.949951
vn 0.328125 -0.238037 0.913818
vn 0.152832 -0.029297 0.987793
vn 0.011963 0.954590 0.297119
vn 0.011719 0.954834 0.296631
vn 0.014160 0.954590 0.296875
vn 0.014160 0.954590 0.296875
vn 0.011719 0.954834 0.296631
vn 0.012695 0.955078 0.295410
vn 0.014648 0.953857 0.299316
vn 0.012939 0.954346 0.298340
vn 0.014160 0.954590 0.296875
vn 0.014160 0.954590 0.296875
vn 0.012939 0.954346 0.298340
vn 0.011963 0.954590 0.297119
vn 0.015869 0.954346 0.297607
vn 0.015381 0.953857 0.299316
vn 0.014160 0.954590 0.296875
vn 0.015625 0.955078 0.295166
vn 0.015625 0.955078 0.295654
vn 0.014160 0.954590 0.296875
vn 0.014160 0.954590 0.296875
vn 0.015625 0.955078 0.295654
vn 0.015869 0.954346 0.297607
vn 0.014160 0.954590 0.296875
vn 0.012695 0.955078 0.295410
vn 0.012695 0.955322 0.294678
vn 0.014160 0.954590 0.296875
vn 0.013916 0.955078 0.295166
vn 0.015625 0.955078 0.295166
vn -0.991943 0.004395 -0.124756
vn -0.961670 -0.068359 0.265137
vn -0.891846 0.395508 0.218262
vn -0.891846 0.395508 0.218262
vn -0.953369 0.301025 -0.014893
vn -0.991943 0.004395 -0.124756
vn -0.991943 0.004395 -0.124756
vn -0.953369 0.301025 -0.014893
vn -0.795898 0.320557 -0.513184
vn -0.795898 0.320557 -0.513184
vn -0.667236 0.033691 -0.743896
vn -0.991943 0.004395 -0.124756
vn -0.736816 -0.101807 0.668213
vn -0.159180 -0.268311 0.949951
vn -0.253418 0.291504 0.922119
vn -0.253418 0.291504 0.922119
vn -0.646484 0.386475 0.657715
vn -0.736816 -0.101807 0.668213
vn -0.736816 -0.101807 0.668213
vn -0.646484 0.386475 0.657715
vn -0.891846 0.395508 0.218262
vn -0.891846 0.395508 0.218262
vn -0.961670 -0.068359 0.265137
vn -0.736816 -0.101807 0.668213
vn 0.980957 0.140869 0.132813
vn 0.901367 0.420166 -0.103271
vn 0.684326 0.211426 0.697510
vn 0.684326 0.211426 0.697510
vn 0.802979 0.028564 0.594971
vn 0.980957 0.140869 0.132813
vn 0.777832 0.118652 -0.616943
vn 0.418457 0.090576 -0.903564
vn 0.470703 0.394531 -0.788818
vn 0.470703 0.394531 -0.788818
vn 0.718018 0.396484 -0.571533
vn 0.777832 0.118652 -0.616943
vn 0.777832 0.118652 -0.616943
vn 0.718018 0.396484 -0.571533
vn 0.901367 0.420166 -0.103271
vn 0.901367 0.420166 -0.103271
vn 0.980957 0.140869 0.132813
vn 0.777832 0.118652 -0.616943
vn -0.667236 0.033691 -0.743896
vn -0.795898 0.320557 -0.513184
vn -0.370117 0.266846 -0.889648
vn -0.370117 0.266846 -0.889648
vn -0.241455 0.044189 -0.969238
vn -0.667236 0.033691 -0.743896
vn 0.418457 0.090576 -0.903564
vn 0.096436 0.095215 -0.990723
vn 0.072021 0.281982 -0.956543
vn 0.072021 0.281982 -0.956543
vn 0.470703 0.394531 -0.788818
vn 0.418457 0.090576 -0.903564
vn 0.786865 -0.246826 0.565186
vn 0.468994 -0.398682 0.787842
vn 0.588135 0.001221 0.808594
vn -0.902588 0.260986 0.341553
vn -0.658203 0.502441 0.560303
vn -0.771729 0.014648 0.635498
vn -0.771729 0.014648 0.635498
vn -0.905029 -0.006592 0.425049
vn -0.902588 0.260986 0.341553
vn 0.857910 0.024170 -0.512695
vn 0.911621 -0.096924 -0.398682
vn 0.966797 0.183838 0.176514
vn 0.966797 0.183838 0.176514
vn 0.942139 0.247559 0.225098
vn 0.857910 0.024170 -0.512695
vn -0.404541 0.114258 0.907227
vn -0.771729 0.014648 0.635498
vn -0.658203 0.502441 0.560303
vn -0.658203 0.502441 0.560303
vn -0.235107 0.586182 0.774902
vn -0.404541 0.114258 0.907227
vn 0.996582 0.034180 0.073730
vn 0.978516 0.181152 0.095947
vn 0.893311 -0.248047 -0.374268
vn 0.893311 -0.248047 -0.374268
vn 0.926758 -0.319336 -0.196777
vn 0.996582 0.034180 0.073730
vn 0.927734 -0.372314 0.016357
vn 0.981445 0.120361 0.148438
vn 0.996582 0.034180 0.073730
vn 0.996582 0.034180 0.073730
vn 0.926758 -0.319336 -0.196777
vn 0.927734 -0.372314 0.016357
vn 0.850342 0.213379 0.480713
vn 0.956299 0.160645 0.243896
vn 0.874023 -0.277344 0.398193
vn 0.874023 -0.277344 0.398193
vn 0.786865 -0.246826 0.565186
vn 0.850342 0.213379 0.480713
vn 0.509277 0.514404 0.689453
vn 0.394043 0.900146 0.184082
vn 0.603760 0.795654 -0.047119
vn 0.603760 0.795654 -0.047119
vn 0.850342 0.213379 0.480713
vn 0.509277 0.514404 0.689453
vn 0.179199 0.544678 0.819092
vn 0.162109 0.891113 0.423340
vn 0.509277 0.514404 0.689453
vn 0.509277 0.514404 0.689453
vn 0.214111 0.068604 0.974121
vn 0.179199 0.544678 0.819092
vn 0.582520 0.218994 0.782471
vn 0.579102 0.141113 0.802734
vn 0.942139 0.247559 0.225098
vn 0.942139 0.247559 0.225098
vn 0.966797 0.183838 0.176514
vn 0.582520 0.218994 0.782471
vn 0.966797 0.183838 0.176514
vn 0.978516 0.181152 0.095947
vn 0.612549 0.714111 0.338379
vn 0.612549 0.714111 0.338379
vn 0.582520 0.218994 0.782471
vn 0.966797 0.183838 0.176514
vn 0.981445 0.120361 0.148438
vn 0.981201 0.053467 0.184082
vn 0.808350 0.586670 -0.047119
vn 0.956299 0.160645 0.243896
vn 0.779053 0.616455 -0.111816
vn 0.808350 0.586670 -0.047119
vn 0.808350 0.586670 -0.047119
vn 0.981201 0.053467 0.184082
vn 0.956299 0.160645 0.243896
vn 0.099609 0.908936 -0.404541
vn 0.394043 0.900146 0.184082
vn 0.162109 0.891113 0.423340
vn 0.162109 0.891113 0.423340
vn -0.014893 0.927734 0.372559
vn 0.099609 0.908936 -0.404541
vn 0.790039 -0.311768 0.527344
vn 0.074219 0.244629 0.966553
vn 0.004395 0.239746 0.970703
vn 0.067383 -0.280762 0.957275
vn -0.116943 -0.514893 0.849121
vn 0.108398 -0.837158 0.535889
vn -0.711914 0.539063 -0.449951
vn -0.641846 0.739990 -0.199707
vn -0.789063 0.519775 -0.326904
vn -0.789063 0.519775 -0.326904
vn -0.614990 0.018311 -0.788086
vn -0.711914 0.539063 -0.449951
vn 0.004395 0.239746 0.970703
vn -0.547119 0.609863 0.572998
vn -0.118408 0.666016 0.736084
vn -0.118408 0.666016 0.736084
vn 0.023438 0.209717 0.977295
vn 0.004395 0.239746 0.970703
vn -0.547119 0.609863 0.572998
vn -0.859619 0.510254 0.024170
vn -0.470215 0.878662 0.081299
vn -0.470215 0.878662 0.081299
vn -0.118408 0.666016 0.736084
vn -0.547119 0.609863 0.572998
vn -0.639648 0.241943 -0.729248
vn -0.629883 -0.095703 -0.770508
vn -0.434814 -0.177002 -0.882813
vn -0.434814 -0.177002 -0.882813
vn -0.418701 0.157471 -0.894287
vn -0.639648 0.241943 -0.729248
vn 0.215088 0.074463 -0.973633
vn 0.194824 -0.271973 -0.942139
vn 0.546143 -0.096191 -0.832031
vn 0.546143 -0.096191 -0.832031
vn 0.518799 0.157471 -0.840088
vn 0.215088 0.074463 -0.973633
vn 0.568115 -0.334473 -0.751709
vn 0.911621 -0.096924 -0.398682
vn 0.857910 0.024170 -0.512695
vn 0.857910 0.024170 -0.512695
vn 0.546143 -0.096191 -0.832031
vn 0.568115 -0.334473 -0.751709
vn 0.927734 -0.372314 0.016357
vn 0.926758 -0.319336 -0.196777
vn 0.614502 -0.643311 -0.456299
vn 0.614502 -0.643311 -0.456299
vn 0.633057 -0.758057 -0.156006
vn 0.927734 -0.372314 0.016357
vn -0.820313 -0.326660 0.469238
vn -0.719727 -0.591064 0.364014
vn -0.918701 -0.279053 0.279053
vn 0.468994 -0.398682 0.787842
vn 0.182129 -0.435547 0.881348
vn 0.214111 0.068604 0.974121
vn 0.214111 0.068604 0.974121
vn 0.588135 0.001221 0.808594
vn 0.468994 -0.398682 0.787842
vn -0.771729 0.014648 0.635498
vn -0.655518 -0.340576 0.673584
vn -0.820313 -0.326660 0.469238
vn -0.820313 -0.326660 0.469238
vn -0.905029 -0.006592 0.425049
vn -0.771729 0.014648 0.635498
vn 0.568115 -0.334473 -0.751709
vn 0.583984 -0.479492 -0.654785
vn 0.893311 -0.248047 -0.374268
vn 0.893311 -0.248047 -0.374268
vn 0.911621 -0.096924 -0.398682
vn 0.568115 -0.334473 -0.751709
vn 0.927734 -0.372314 0.016357
vn 0.633057 -0.758057 -0.156006
vn 0.621094 -0.761475 0.184082
vn 0.621094 -0.761475 0.184082
vn 0.899902 -0.363770 0.239990
vn 0.927734 -0.372314 0.016357
vn 0.621094 -0.761475 0.184082
vn 0.609619 -0.670654 0.422119
vn 0.874023 -0.277344 0.398193
vn 0.874023 -0.277344 0.398193
vn 0.899902 -0.363770 0.239990
vn 0.621094 -0.761475 0.184082
vn 0.779053 0.262451 -0.569092
vn 0.518799 0.157471 -0.840088
vn 0.546143 -0.096191 -0.832031
vn 0.546143 -0.096191 -0.832031
vn 0.857910 0.024170 -0.512695
vn 0.779053 0.262451 -0.569092
vn -0.875244 0.140625 -0.462402
vn -0.629883 -0.095703 -0.770508
vn -0.639648 0.241943 -0.729248
vn -0.987061 -0.159668 -0.013672
vn -0.978516 -0.188721 0.081787
vn -0.726563 -0.590088 -0.351563
vn -0.726563 -0.590088 -0.351563
vn -0.712646 -0.445068 -0.541748
vn -0.987061 -0.159668 -0.013672
vn -0.919922 -0.131348 -0.368896
vn -0.972412 -0.229736 0.036377
vn -0.689453 -0.341553 -0.638428
vn -0.689453 -0.341553 -0.638428
vn -0.629883 -0.095703 -0.770508
vn -0.919922 -0.131348 -0.368896
vn -0.918701 -0.279053 0.279053
vn -0.719727 -0.591064 0.364014
vn -0.850342 -0.494141 0.180176
vn -0.978516 -0.188721 0.081787
vn -0.850342 -0.494141 0.180176
vn -0.740234 -0.668945 -0.066162
vn -0.987061 -0.159668 -0.013672
vn -0.712646 -0.445068 -0.541748
vn -0.689453 -0.341553 -0.638428
vn -0.689453 -0.341553 -0.638428
vn -0.972412 -0.229736 0.036377
vn -0.987061 -0.159668 -0.013672
vn -0.629883 -0.095703 -0.770508
vn -0.875244 0.140625 -0.462402
vn -0.919922 -0.131348 -0.368896
vn -0.253418 0.291504 0.922119
vn 0.152832 -0.029297 0.987793
vn 0.240967 0.315186 0.917725
vn 0.240967 0.315186 0.917725
vn -0.008301 0.621338 0.783203
vn -0.253418 0.291504 0.922119
vn -0.795898 0.320557 -0.513184
vn -0.953369 0.301025 -0.014893
vn -0.773193 0.626953 -0.094727
vn -0.773193 0.626953 -0.094727
vn -0.743652 0.482422 -0.462402
vn -0.795898 0.320557 -0.513184
vn -0.228027 0.397461 -0.888672
vn 0.072021 0.281982 -0.956543
vn -0.370117 0.266846 -0.889648
vn -0.455322 0.367432 -0.810791
vn -0.195068 0.077393 -0.977539
vn -0.228027 0.397461 -0.888672
vn -0.253418 0.291504 0.922119
vn -0.008301 0.621338 0.783203
vn -0.385498 0.840332 0.380615
vn -0.385498 0.840332 0.380615
vn -0.646484 0.386475 0.657715
vn -0.253418 0.291504 0.922119
vn -0.385498 0.840332 0.380615
vn -0.583740 0.807617 -0.080078
vn -0.891846 0.395508 0.218262
vn -0.891846 0.395508 0.218262
vn -0.646484 0.386475 0.657715
vn -0.385498 0.840332 0.380615
vn -0.795898 0.320557 -0.513184
vn -0.743652 0.482422 -0.462402
vn -0.455322 0.367432 -0.810791
vn -0.455322 0.367432 -0.810791
vn -0.370117 0.266846 -0.889648
vn -0.795898 0.320557 -0.513184
vn 0.704590 0.551514 -0.445801
vn 0.812012 0.548584 0.198242
vn 0.901367 0.420166 -0.103271
vn 0.901367 0.420166 -0.103271
vn 0.718018 0.396484 -0.571533
vn 0.704590 0.551514 -0.445801
vn 0.120605 0.407959 -0.904785
vn 0.442139 0.421387 -0.791504
vn 0.470703 0.394531 -0.788818
vn 0.470703 0.394531 -0.788818
vn 0.072021 0.281982 -0.956543
vn 0.120605 0.407959 -0.904785
vn 0.023193 -0.991943 0.124268
vn 0.007324 -0.976807 -0.213867
vn -0.330322 -0.918213 -0.217529
vn 0.007324 -0.976807 -0.213867
vn 0.023193 -0.991943 0.124268
vn 0.297852 -0.930176 -0.213867
vn -0.235107 0.586182 0.774902
vn -0.181152 0.980469 0.074463
vn -0.014893 0.927734 0.372559
vn -0.014893 0.927734 0.372559
vn 0.008789 0.565186 0.824707
vn -0.235107 0.586182 0.774902
vn -0.235107 0.586182 0.774902
vn 0.008789 0.565186 0.824707
vn -0.050781 0.035156 0.998047
vn -0.050781 0.035156 0.998047
vn -0.404541 0.114258 0.907227
vn -0.235107 0.586182 0.774902
vn -0.114258 -0.253418 -0.960449
vn -0.195068 0.077393 -0.977539
vn -0.434814 -0.177002 -0.882813
vn -0.434814 -0.177002 -0.882813
vn -0.075439 -0.497314 -0.864014
vn -0.114258 -0.253418 -0.960449
vn -0.011230 -0.851563 -0.523926
vn -0.039063 -0.693604 -0.718994
vn -0.388184 -0.616699 -0.684570
vn -0.388184 -0.616699 -0.684570
vn -0.365967 -0.782471 -0.503174
vn -0.011230 -0.851563 -0.523926
vn -0.003174 -0.754150 0.656494
vn 0.021240 -0.906982 0.420166
vn -0.300781 -0.857178 0.417725
vn -0.300781 -0.857178 0.417725
vn -0.435303 -0.666016 0.605469
vn -0.003174 -0.754150 0.656494
vn 0.933105 0.145752 0.327881
vn 0.790039 -0.311768 0.527344
vn 0.832764 -0.326904 -0.446533
vn 0.832764 -0.326904 -0.446533
vn 0.661865 -0.343994 -0.665527
vn 0.933105 0.145752 0.327881
vn 0.790039 -0.311768 0.527344
vn 0.004395 0.239746 0.970703
vn 0.023438 0.209717 0.977295
vn 0.790039 -0.311768 0.527344
vn 0.023438 0.209717 0.977295
vn 0.067383 -0.280762 0.957275
vn 0.790039 -0.311768 0.527344
vn 0.067383 -0.280762 0.957275
vn 0.108398 -0.837158 0.535889
vn -0.313477 -0.804932 0.503174
vn -0.860596 -0.136230 0.490234
vn -0.615479 -0.702881 -0.356201
vn -0.615479 -0.702881 -0.356201
vn 0.832764 -0.326904 -0.446533
vn 0.790039 -0.311768 0.527344
vn 0.904785 -0.181641 -0.384521
vn 0.629639 -0.746826 -0.213135
vn 0.892334 -0.371094 0.255859
vn 0.892334 -0.371094 0.255859
vn 0.871582 -0.054688 0.487061
vn 0.904785 -0.181641 -0.384521
vn 0.629639 -0.746826 -0.213135
vn -0.132568 -0.990967 -0.016113
vn -0.115479 -0.917725 0.379883
vn -0.115479 -0.917725 0.379883
vn 0.034424 -0.649414 0.759521
vn 0.892334 -0.371094 0.255859
vn 0.933105 0.145752 0.327881
vn 0.661865 -0.343994 -0.665527
vn 0.904785 -0.181641 -0.384521
vn 0.904785 -0.181641 -0.384521
vn 0.871582 -0.054688 0.487061
vn 0.933105 0.145752 0.327881
vn 0.684326 0.211426 0.697510
vn 0.901367 0.420166 -0.103271
vn 0.812012 0.548584 0.198242
vn 0.812012 0.548584 0.198242
vn 0.906250 0.421143 -0.029297
vn 0.632324 0.266846 0.727051
vn -0.743652 0.482422 -0.462402
vn -0.773193 0.626953 -0.094727
vn -0.711914 0.539063 -0.449951
vn -0.711914 0.539063 -0.449951
vn -0.614990 0.018311 -0.788086
vn -0.784912 -0.014893 -0.618896
vn -0.875244 0.140625 -0.462402
vn -0.639648 0.241943 -0.729248
vn -0.824463 0.386230 -0.413330
vn -0.639648 0.241943 -0.729248
vn -0.455322 0.367432 -0.810791
vn -0.743652 0.482422 -0.462402
vn -0.455322 0.367432 -0.810791
vn -0.639648 0.241943 -0.729248
vn -0.418701 0.157471 -0.894287
vn 0.906250 0.421143 -0.029297
vn 0.812012 0.548584 0.198242
vn 0.704590 0.551514 -0.445801
vn 0.704590 0.551514 -0.445801
vn 0.779053 0.262451 -0.569092
vn 0.906250 0.421143 -0.029297
vn 0.442139 0.421387 -0.791504
vn 0.120605 0.407959 -0.904785
vn 0.215088 0.074463 -0.973633
vn 0.215088 0.074463 -0.973633
vn 0.518799 0.157471 -0.840088
vn 0.442139 0.421387 -0.791504
vn 0.779053 0.262451 -0.569092
vn 0.704590 0.551514 -0.445801
vn 0.442139 0.421387 -0.791504
vn 0.442139 0.421387 -0.791504
vn 0.518799 0.157471 -0.840088
vn 0.779053 0.262451 -0.569092
vn 0.243652 0.116943 0.962646
vn 0.089355 0.008057 0.995850
vn -0.008301 0.621338 0.783203
vn -0.008301 0.621338 0.783203
vn 0.240967 0.315186 0.917725
vn 0.243652 0.116943 0.962646
vn 0.942139 0.247559 0.225098
vn 0.579102 0.141113 0.802734
vn 0.632324 0.266846 0.727051
vn 0.632324 0.266846 0.727051
vn 0.906250 0.421143 -0.029297
vn 0.942139 0.247559 0.225098
vn 0.004395 0.239746 0.970703
vn -0.737305 0.291504 0.609131
vn -0.547119 0.609863 0.572998
vn -0.118408 0.666016 0.736084
vn -0.008301 0.621338 0.783203
vn 0.023438 0.209717 0.977295
vn -0.455322 0.367432 -0.810791
vn -0.418701 0.157471 -0.894287
vn -0.195068 0.077393 -0.977539
vn -0.195068 0.077393 -0.977539
vn 0.215088 0.074463 -0.973633
vn 0.120605 0.407959 -0.904785
vn -0.434814 -0.177002 -0.882813
vn -0.420654 -0.432129 -0.797363
vn -0.075439 -0.497314 -0.864014
vn -0.075439 -0.497314 -0.864014
vn 0.253906 -0.474854 -0.842285
vn 0.194824 -0.271973 -0.942139
vn 0.194824 -0.271973 -0.942139
vn 0.215088 0.074463 -0.973633
vn -0.195068 0.077393 -0.977539
vn -0.195068 0.077393 -0.977539
vn -0.418701 0.157471 -0.894287
vn -0.434814 -0.177002 -0.882813
vn -0.330322 -0.918213 -0.217529
vn -0.440430 -0.883301 0.159424
vn 0.023193 -0.991943 0.124268
vn 0.023193 -0.991943 0.124268
vn 0.320068 -0.937744 0.133301
vn 0.297852 -0.930176 -0.213867
vn 0.297852 -0.930176 -0.213867
vn 0.285400 -0.794189 -0.536377
vn -0.011230 -0.851563 -0.523926
vn -0.011230 -0.851563 -0.523926
vn -0.365967 -0.782471 -0.503174
vn -0.330322 -0.918213 -0.217529
vn -0.028809 0.561035 -0.826904
vn 0.079346 0.693848 -0.715332
vn 0.099609 0.908936 -0.404541
vn 0.182129 -0.435547 0.881348
vn 0.299316 -0.747070 0.593262
vn -0.003174 -0.754150 0.656494
vn -0.003174 -0.754150 0.656494
vn -0.435303 -0.666016 0.605469
vn -0.338135 -0.351318 0.872803
vn -0.338135 -0.351318 0.872803
vn -0.404541 0.114258 0.907227
vn -0.050781 0.035156 0.998047
vn -0.050781 0.035156 0.998047
vn 0.214111 0.068604 0.974121
vn 0.182129 -0.435547 0.881348
vn -0.538574 0.836914 0.095947
vn -0.750000 0.661133 -0.007568
vn -0.141602 0.917236 -0.372070
vn -0.141602 0.917236 -0.372070
vn 0.089600 0.832520 -0.546387
vn 0.171875 0.854980 -0.489014
vn 0.609619 -0.670654 0.422119
vn 0.292480 -0.873047 0.389648
vn 0.299316 -0.747070 0.593262
vn 0.299316 -0.747070 0.593262
vn 0.182129 -0.435547 0.881348
vn 0.468994 -0.398682 0.787842
vn 0.786865 -0.246826 0.565186
vn 0.874023 -0.277344 0.398193
vn 0.609619 -0.670654 0.422119
vn 0.013916 0.955078 0.295166
vn 0.014160 0.954590 0.296875
vn 0.012695 0.955322 0.294678
vn 0.162109 0.891113 0.423340
vn 0.394043 0.900146 0.184082
vn 0.509277 0.514404 0.689453
vn 0.509277 0.514404 0.689453
vn 0.588135 0.001221 0.808594
vn 0.214111 0.068604 0.974121
vn 0.214111 0.068604 0.974121
vn -0.050781 0.035156 0.998047
vn 0.008789 0.565186 0.824707
vn 0.008789 0.565186 0.824707
vn -0.014893 0.927734 0.372559
vn 0.162109 0.891113 0.423340
vn -0.181152 0.980469 0.074463
vn -0.235107 0.586182 0.774902
vn -0.658203 0.502441 0.560303
vn -0.658203 0.502441 0.560303
vn -0.902588 0.260986 0.341553
vn -0.538574 0.836914 0.095947
vn 0.171875 0.854980 -0.489014
vn 0.131836 0.619629 -0.773438
vn -0.181152 0.980469 0.074463
vn 0.171875 0.854980 -0.489014
vn -0.181152 0.980469 0.074463
vn -0.538574 0.836914 0.095947
vn 0.171875 0.854980 -0.489014
vn -0.538574 0.836914 0.095947
vn -0.141602 0.917236 -0.372070
vn 0.632324 0.266846 0.727051
vn 0.579102 0.141113 0.802734
vn 0.309082 0.109375 0.944580
vn 0.309082 0.109375 0.944580
vn 0.243652 0.116943 0.962646
vn 0.632324 0.266846 0.727051
vn 0.014160 0.954590 0.296875
vn 0.015381 0.953857 0.299316
vn 0.015381 0.953857 0.299561
vn 0.240967 0.315186 0.917725
vn 0.152832 -0.029297 0.987793
vn 0.684326 0.211426 0.697510
vn 0.603760 0.795654 -0.047119
vn 0.099609 0.908936 -0.404541
vn 0.079346 0.693848 -0.715332
vn 0.079346 0.693848 -0.715332
vn 0.779053 0.616455 -0.111816
vn 0.603760 0.795654 -0.047119
vn 0.684326 0.211426 0.697510
vn 0.152832 -0.029297 0.987793
vn 0.328125 -0.238037 0.913818
vn 0.328125 -0.238037 0.913818
vn 0.802979 0.028564 0.594971
vn 0.684326 0.211426 0.697510
vn 0.394043 0.900146 0.184082
vn 0.099609 0.908936 -0.404541
vn 0.603760 0.795654 -0.047119
vn 0.850342 0.213379 0.480713
vn 0.786865 -0.246826 0.565186
vn 0.588135 0.001221 0.808594
vn 0.588135 0.001221 0.808594
vn 0.509277 0.514404 0.689453
vn 0.850342 0.213379 0.480713
vn 0.309082 0.109375 0.944580
vn 0.579102 0.141113 0.802734
vn 0.582520 0.218994 0.782471
vn 0.582520 0.218994 0.782471
vn 0.612549 0.714111 0.338379
vn 0.499268 0.504639 0.704102
vn 0.582520 0.218994 0.782471
vn 0.499268 0.504639 0.704102
vn 0.386963 0.851074 0.354248
vn 0.309082 0.109375 0.944580
vn 0.582520 0.218994 0.782471
vn 0.386963 0.851074 0.354248
vn 0.386963 0.851074 0.354248
vn -0.023438 0.947266 -0.319336
vn 0.105469 -0.056396 0.992676
vn 0.309082 0.109375 0.944580
vn 0.386963 0.851074 0.354248
vn 0.105469 -0.056396 0.992676
vn -0.228027 0.397461 -0.888672
vn -0.370117 0.266846 -0.889648
vn -0.455322 0.367432 -0.810791
vn 0.072021 0.281982 -0.956543
vn 0.096436 0.095215 -0.990723
vn -0.241455 0.044189 -0.969238
vn 0.072021 0.281982 -0.956543
vn -0.241455 0.044189 -0.969238
vn -0.370117 0.266846 -0.889648
vn -0.114258 -0.253418 -0.960449
vn -0.075439 -0.497314 -0.864014
vn 0.194824 -0.271973 -0.942139
vn 0.194824 -0.271973 -0.942139
vn -0.195068 0.077393 -0.977539
vn -0.114258 -0.253418 -0.960449
vn -0.228027 0.397461 -0.888672
vn -0.195068 0.077393 -0.977539
vn 0.120605 0.407959 -0.904785
vn 0.120605 0.407959 -0.904785
vn 0.072021 0.281982 -0.956543
vn -0.228027 0.397461 -0.888672
vn -0.038330 -0.406006 0.912842
vn -0.338135 -0.351318 0.872803
vn -0.050781 0.035156 0.998047
vn -0.050781 0.035156 0.998047
vn 0.182129 -0.435547 0.881348
vn -0.038330 -0.406006 0.912842
vn 0.179199 0.544678 0.819092
vn 0.214111 0.068604 0.974121
vn 0.008789 0.565186 0.824707
vn 0.008789 0.565186 0.824707
vn 0.162109 0.891113 0.423340
vn 0.179199 0.544678 0.819092
vn -0.011230 -0.851563 -0.523926
vn 0.007324 -0.976807 -0.213867
vn 0.297852 -0.930176 -0.213867
vn 0.007324 -0.976807 -0.213867
vn -0.011230 -0.851563 -0.523926
vn -0.330322 -0.918213 -0.217529
vn 0.684326 0.211426 0.697510
vn 0.610352 0.380615 0.694336
vn 0.240967 0.315186 0.917725
vn 0.684326 0.211426 0.697510
vn 0.812012 0.548584 0.198242
vn 0.610352 0.380615 0.694336
vn -0.824463 0.386230 -0.413330
vn -0.639648 0.241943 -0.729248
vn -0.743652 0.482422 -0.462402
vn -0.824463 0.386230 -0.413330
vn -0.743652 0.482422 -0.462402
vn -0.711914 0.539063 -0.449951
vn 0.586914 -0.588379 0.555908
vn 0.299316 -0.747070 0.593262
vn 0.468994 -0.398682 0.787842
vn 0.468994 -0.398682 0.787842
vn 0.786865 -0.246826 0.565186
vn 0.586914 -0.588379 0.555908
usemtl Texture
f 1/1/1 2/2/2 3/3/3
f 4/4/4 5/5/5 6/6/6
f 7/7/7 8/8/8 9/9/9
f 10/10/10 11/11/11 12/12/12
f 13/13/13 14/14/14 15/15/15
f 16/16/16 17/17/17 18/18/18
f 19/19/19 20/20/20 21/21/21
f 22/22/22 23/23/23 24/24/24
f 25/25/25 26/26/26 27/27/27
f 28/28/28 29/29/29 30/30/30
f 31/31/31 32/32/32 33/33/33
f 34/34/34 35/35/35 36/36/36
f 37/37/37 38/38/38 39/39/39
f 40/40/40 41/41/41 42/42/42
f 43/43/43 44/44/44 45/45/45
f 46/46/46 47/47/47 48/48/48
f 49/49/49 50/50/50 51/51/51
f 52/52/52 53/53/53 54/54/54
f 55/55/55 56/56/56 57/57/57
f 58/58/58 59/59/59 60/60/60
f 61/61/61 62/62/62 63/63/63
f 64/64/64 65/65/65 66/66/66
f 67/67/67 68/68/68 69/69/69
f 70/70/70 71/71/71 72/72/72
f 73/73/73 74/74/74 75/75/75
f 76/76/76 77/77/77 78/78/78
f 79/79/79 80/80/80 81/81/81
f 82/82/82 83/83/83 84/84/84
f 85/85/85 86/86/86 87/87/87
f 88/88/88 89/89/89 90/90/90
f 91/91/91 92/92/92 93/93/93
f 94/94/94 95/95/95 96/96/96
f 97/97/97 98/98/98 99/99/99
f 100/100/100 101/101/101 102/102/102
f 103/103/103 104/104/104 105/105/105
f 106/106/106 107/107/107 108/108/108
f 109/109/109 110/110/110 111/111/111
f 112/112/112 113/113/113 114/114/114
f 115/115/115 116/116/116 117/117/117
f 118/118/118 119/119/119 120/120/120
f 121/121/121 122/122/122 123/123/123
f 124/124/124 125/125/125 126/126/126
f 127/127/127 128/128/128 129/129/129
f 130/130/130 131/131/131 132/132/132
f 133/133/133 134/134/134 135/135/135
f 136/136/136 137/137/137 138/138/138
f 139/139/139 140/140/140 141/141/141
f 142/142/142 143/143/143 144/144/144
f 145/145/145 146/146/146 147/147/147
f 148/148/148 149/149/149 150/150/150
f 151/151/151 152/152/152 153/153/153
f 154/154/154 155/155/155 156/156/156
f 157/157/157 158/158/158 159/159/159
f 160/160/160 161/161/161 162/162/162
f 163/163/163 164/164/164 165/165/165
f 166/166/166 167/167/167 168/168/168
f 169/169/169 170/170/170 171/171/171
f 172/172/172 173/173/173 174/174/174
f 175/175/175 176/176/176 177/177/177
f 178/178/178 179/179/179 180/180/180
f 181/181/181 182/182/182 183/183/183
f 184/184/184 185/185/185 186/186/186
f 187/187/187 188/188/188 189/189/189
f 190/190/190 191/191/191 192/192/192
f 193/193/193 194/194/194 195/195/195
f 196/196/196 197/197/197 198/198/198
f 199/199/199 200/200/200 201/201/201
f 202/202/202 203/203/203 204/204/204
f 205/205/205 206/206/206 207/207/207
f 208/208/208 209/209/209 210/210/210
f 211/211/211 212/212/212 213/213/213
f 214/214/214 215/215/215 216/216/216
f 217/217/217 218/218/218 219/219/219
f 220/220/220 221/221/221 222/222/222
f 223/223/223 224/224/224 225/225/225
f 226/226/226 227/227/227 228/228/228
f 229/229/229 230/230/230 231/231/231
f 232/232/232 233/233/233 234/234/234
f 235/235/235 236/236/236 237/237/237
f 238/238/238 239/239/239 240/240/240
f 241/241/241 242/242/242 243/243/243
f 244/244/244 245/245/245 246/246/246
f 247/247/247 248/248/248 249/249/249
f 250/250/250 251/251/251 252/252/252
f 253/253/253 254/254/254 255/255/255
f 256/256/256 257/257/257 258/258/258
f 259/259/259 260/260/260 261/261/261
f 262/262/262 263/263/263 264/264/264
f 265/265/265 266/266/266 267/267/267
f 268/268/268 269/269/269 270/270/270
f 271/271/271 272/272/272 273/273/273
f 274/274/274 275/275/275 276/276/276
f 277/277/277 278/278/278 279/279/279
f 280/280/280 281/281/281 282/282/282
f 283/283/283 284/284/284 285/285/285
f 286/286/286 287/287/287 288/288/288
f 289/289/289 290/290/290 291/291/291
f 292/292/292 293/293/293 294/294/294
f 295/295/295 296/296/296 297/297/297
f 298/298/298 299/299/299 300/300/300
f 301/301/301 302/302/302 303/303/303
f 304/304/304 305/305/305 306/306/306
f 307/307/307 308/308/308 309/309/309
f 310/310/310 311/311/311 312/312/312
f 313/313/313 314/314/314 315/315/315
f 316/316/316 317/317/317 318/318/318
f 319/319/319 320/320/320 321/321/321
f 322/322/322 323/323/323 324/324/324
f 325/325/325 326/326/326 327/327/327
f 328/328/328 329/329/329 330/330/330
f 331/331/331 332/332/332 333/333/333
f 334/334/334 335/335/335 336/336/336
f 337/337/337 338/338/338 339/339/339
f 340/340/340 341/341/341 342/342/342
f 343/343/343 344/344/344 345/345/345
f 346/346/346 347/347/347 348/348/348
f 349/349/349 350/350/350 351/351/351
f 352/352/352 353/353/353 354/354/354
f 355/355/355 356/356/356 357/357/357
f 358/358/358 359/359/359 360/360/360
f 361/361/361 362/362/362 363/363/363
f 364/364/364 365/365/365 366/366/366
f 367/367/367 368/368/368 369/369/369
f 370/370/370 371/371/371 372/372/372
f 373/373/373 374/374/374 375/375/375
f 376/376/376 377/377/377 378/378/378
f 379/379/379 380/380/380 381/381/381
f 382/382/382 383/383/383 384/384/384
f 385/385/385 386/386/386 387/387/387
f 388/388/388 389/389/389 390/390/390
f 391/391/391 392/392/392 393/393/393
f 394/394/394 395/395/395 396/396/396
f 397/397/397 398/398/398 399/399/399
f 400/400/400 401/401/401 402/402/402
f 403/403/403 404/404/404 405/405/405
f 406/406/406 407/407/407 408/408/408
f 409/409/409 410/410/410 411/411/411
f 412/412/412 413/413/413 414/414/414
f 415/415/415 416/416/416 417/417/417
f 418/418/418 419/419/419 420/420/420
f 421/421/421 422/422/422 423/423/423
f 424/424/424 425/425/425 426/426/426
f 427/427/427 428/428/428 429/429/429
f 430/430/430 431/431/431 432/432/432
f 433/433/433 434/434/434 435/435/435
f 436/436/436 437/437/437 438/438/438
f 439/439/439 440/440/440 441/441/441
f 442/442/442 443/443/443 444/444/444
f 445/445/445 446/446/446 447/447/447
f 448/448/448 449/449/449 450/450/450
f 451/451/451 452/452/452 453/453/453
f 454/454/454 455/455/455 456/456/456
f 457/457/457 458/458/458 459/459/459
f 460/460/460 461/461/461 462/462/462
f 463/463/463 464/464/464 465/465/465
f 466/466/466 467/467/467 468/468/468
f 469/469/469 470/470/470 471/471/471
f 472/472/472 473/473/473 474/474/474
f 475/475/475 476/476/476 477/477/477
f 478/478/478 479/479/479 480/480/480
f 481/481/481 482/482/482 483/483/483
f 484/484/484 485/485/485 486/486/486
f 487/487/487 488/488/488 489/489/489
f 490/490/490 491/491/491 492/492/492
f 493/493/493 494/494/494 495/495/495
f 496/496/496 497/497/497 498/498/498
f 499/499/499 500/500/500 501/501/501
f 502/502/502 503/503/503 504/504/504
f 505/505/505 506/506/506 507/507/507
f 508/508/508 509/509/509 510/510/510
f 511/511/511 512/512/512 513/513/513
f 514/514/514 515/515/515 516/516/516
f 517/517/517 518/518/518 519/519/519
f 520/520/520 521/521/521 522/522/522
f 523/523/523 524/524/524 525/525/525
f 526/526/526 527/527/527 528/528/528
f 529/529/529 530/530/530 531/531/531
f 532/532/532 533/533/533 534/534/534
f 535/535/535 536/536/536 537/537/537
f 538/538/538 539/539/539 540/540/540
f 541/541/541 542/542/542 543/543/543
f 544/544/544 545/545/545 546/546/546
f 547/547/547 548/548/548 549/549/549
f 550/550/550 551/551/551 552/552/552
f 553/553/553 554/554/554 555/555/555
f 556/556/556 557/557/557 558/558/558
f 559/559/559 560/560/560 561/561/561
f 562/562/562 563/563/563 564/564/564
f 565/565/565 566/566/566 567/567/567
f 568/568/568 569/569/569 570/570/570
f 571/571/571 572/572/572 573/573/573
f 574/574/574 575/575/575 576/576/576
f 577/577/577 578/578/578 579/579/579
f 580/580/580 581/581/581 582/582/582
f 583/583/583 584/584/584 585/585/585
f 586/586/586 587/587/587 588/588/588
f 589/589/589 590/590/590 591/591/591
f 592/592/592 593/593/593 594/594/594
f 595/595/595 596/596/596 597/597/597
f 598/598/598 599/599/599 600/600/600
f 601/601/601 602/602/602 603/603/603
f 604/604/604 605/605/605 606/606/606
f 607/607/607 608/608/608 609/609/609
f 610/610/610 611/611/611 612/612/612
f 613/613/613 614/614/614 615/615/615
f 616/616/616 617/617/617 618/618/618
f 619/619/619 620/620/620 621/621/621
f 622/622/622 623/623/623 624/624/624
f 625/625/625 626/626/626 627/627/627
f 628/628/628 629/629/629 630/630/630
f 631/631/631 632/632/632 633/633/633
f 634/634/634 635/635/635 636/636/636
f 637/637/637 638/638/638 639/639/639
f 640/640/640 641/641/641 642/642/642
f 643/643/643 644/644/644 645/645/645
f 646/646/646 647/647/647 648/648/648
f 649/649/649 650/650/650 651/651/651
f 652/652/652 653/653/653 654/654/654
f 655/655/655 656/656/656 657/657/657
f 658/658/658 659/659/659 660/660/660
f 661/661/661 662/662/662 663/663/663
f 664/664/664 665/665/665 666/666/666
f 667/667/667 668/668/668 669/669/669
f 670/670/670 671/671/671 672/672/672
f 673/673/673 674/674/674 675/675/675
f 676/676/676 677/677/677 678/678/678
f 679/679/679 680/680/680 681/681/681
f 682/682/682 683/683/683 684/684/684
f 685/685/685 686/686/686 687/687/687
f 688/688/688 689/689/689 690/690/690
f 691/691/691 692/692/692 693/693/693
f 694/694/694 695/695/695 696/696/696
f 697/697/697 698/698/698 699/699/699
f 700/700/700 701/701/701 702/702/702
f 703/703/703 704/704/704 705/705/705
f 706/706/706 707/707/707 708/708/708
f 709/709/709 710/710/710 711/711/711
f 712/712/712 713/713/713 714/714/714
f 715/715/715 716/716/716 717/717/717
f 718/718/718 719/719/719 720/720/720
f 721/721/721 722/722/722 723/723/723
f 724/724/724 725/725/725 726/726/726
f 727/727/727 728/728/728 729/729/729
f 730/730/730 731/731/731 732/732/732
f 733/733/733 734/734/734 735/735/735
f 736/736/736 737/737/737 738/738/738
f 739/739/739 740/740/740 741/741/741
f 742/742/742 743/743/743 744/744/744
f 745/745/745 746/746/746 747/747/747
f 748/748/748 749/749/749 750/750/750
f 751/751/751 752/752/752 753/753/753
f 754/754/754 755/755/755 756/756/756
f 757/757/757 758/758/758 759/759/759
f 760/760/760 761/761/761 762/762/762
f 763/763/763 764/764/764 765/765/765
f 766/766/766 767/767/767 768/768/768
f 769/769/769 770/770/770 771/771/771
f 772/772/772 773/773/773 774/774/774
f 775/775/775 776/776/776 777/777/777
f 778/778/778 779/779/779 780/780/780
f 781/781/781 782/782/782 783/783/783
f 784/784/784 785/785/785 786/786/786
f 787/787/787 788/788/788 789/789/789
f 790/790/790 791/791/791 792/792/792
f 793/793/793 794/794/794 795/795/795
f 796/796/796 797/797/797 798/798/798
f 799/799/799 800/800/800 801/801/801
f 802/802/802 803/803/803 804/804/804
f 805/805/805 806/806/806 807/807/807
f 808/808/808 809/809/809 810/810/810
f 811/811/811 812/812/812 813/813/813
f 814/814/814 815/815/815 816/816/816
f 817/817/817 818/818/818 819/819/819
f 820/820/820 821/821/821 822/822/822
f 823/823/823 824/824/824 825/825/825
f 826/826/826 827/827/827 828/828/828
f 829/829/829 830/830/830 831/831/831
f 832/832/832 833/833/833 834/834/834
f 835/835/835 836/836/836 837/837/837
f 838/838/838 839/839/839 840/840/840
f 841/841/841 842/842/842 843/843/843
f 844/844/844 845/845/845 846/846/846
f 847/847/847 848/848/848 849/849/849
f 850/850/850 851/851/851 852/852/852
f 853/853/853 854/854/854 855/855/855
f 856/856/856 857/857/857 858/858/858
f 859/859/859 860/860/860 861/861/861
f 862/862/862 863/863/863 864/864/864
f 865/865/865 866/866/866 867/867/867
f 868/868/868 869/869/869 870/870/870
f 871/871/871 872/872/872 873/873/873
f 874/874/874 875/875/875 876/876/876
f 877/877/877 878/878/878 879/879/879
f 880/880/880 881/881/881 882/882/882
f 883/883/883 884/884/884 885/885/885
f 886/886/886 887/887/887 888/888/888
f 889/889/889 890/890/890 891/891/891
f 892/892/892 893/893/893 894/894/894
f 895/895/895 896/896/896 897/897/897
f 898/898/898 899/899/899 900/900/900
f 901/901/901 902/902/902 903/903/903
f 904/904/904 905/905/905 906/906/906
f 907/907/907 908/908/908 909/909/909
f 910/910/910 911/911/911 912/912/912
f 913/913/913 914/914/914 915/915/915
f 916/916/916 917/917/917 918/918/918
f 919/919/919 920/920/920 921/921/921
f 922/922/922 923/923/923 924/924/924
f 925/925/925 926/926/926 927/927/927
f 928/928/928 929/929/929 930/930/930
f 931/931/931 932/932/932 933/933/933
f 934/934/934 935/935/935 936/936/936
f 937/937/937 938/938/938 939/939/939
f 940/940/940 941/941/941 942/942/942
f 943/943/943 944/944/944 945/945/945
f 946/946/946 947/947/947 948/948/948
f 949/949/949 950/950/950 951/951/951
f 952/952/952 953/953/953 954/954/954
f 955/955/955 956/956/956 957/957/957
f 958/958/958 959/959/959 960/960/960
f 961/961/961 962/962/962 963/963/963
f 964/964/964 965/965/965 966/966/966
f 967/967/967 968/968/968 969/969/969
f 970/970/970 971/971/971 972/972/972
f 973/973/973 974/974/974 975/975/975
f 976/976/976 977/977/977 978/978/978
f 979/979/979 980/980/980 981/981/981
f 982/982/982 983/983/983 984/984/984
f 985/985/985 986/986/986 987/987/987
f 988/988/988 989/989/989 990/990/990
f 991/991/991 992/992/992 993/993/993
f 994/994/994 995/995/995 996/996/996
f 997/997/997 998/998/998 999/999/999
f 1000/1000/1000 1001/1001/1001 1002/1002/1002
f 1003/1003/1003 1004/1004/1004 1005/1005/1005
f 1006/1006/1006 1007/1007/1007 1008/1008/1008
f 1009/1009/1009 1010/1010/1010 1011/1011/1011
f 1012/1012/1012 1013/1013/1013 1014/1014/1014
f 1015/1015/1015 1016/1016/1016 1017/1017/1017
f 1018/1018/1018 1019/1019/1019 1020/1020/1020
f 1021/1021/1021 1022/1022/1022 1023/1023/1023
f 1024/1024/1024 1025/1025/1025 1026/1026/1026
f 1027/1027/1027 1028/1028/1028 1029/1029/1029
f 1030/1030/1030 1031/1031/1031 1032/1032/1032
f 1033/1033/1033 1034/1034/1034 1035/1035/1035
f 1036/1036/1036 1037/1037/1037 1038/1038/1038
f 1039/1039/1039 1040/1040/1040 1041/1041/1041
f 1042/1042/1042 1043/1043/1043 1044/1044/1044
f 1045/1045/1045 1046/1046/1046 1047/1047/1047
f 1048/1048/1048 1049/1049/1049 1050/1050/1050
f 1051/1051/1051 1052/1052/1052 1053/1053/1053
f 1054/1054/1054 1055/1055/1055 1056/1056/1056
f 1057/1057/1057 1058/1058/1058 1059/1059/1059
f 1060/1060/1060 1061/1061/1061 1062/1062/1062
f 1063/1063/1063 1064/1064/1064 1065/1065/1065
f 1066/1066/1066 1067/1067/1067 1068/1068/1068
f 1069/1069/1069 1070/1070/1070 1071/1071/1071
f 1072/1072/1072 1073/1073/1073 1074/1074/1074
f 1075/1075/1075 1076/1076/1076 1077/1077/1077
f 1078/1078/1078 1079/1079/1079 1080/1080/1080
f 1081/1081/1081 1082/1082/1082 1083/1083/1083
f 1084/1084/1084 1085/1085/1085 1086/1086/1086
f 1087/1087/1087 1088/1088/1088 1089/1089/1089
f 1090/1090/1090 1091/1091/1091 1092/1092/1092
f 1093/1093/1093 1094/1094/1094 1095/1095/1095
f 1096/1096/1096 1097/1097/1097 1098/1098/1098
f 1099/1099/1099 1100/1100/1100 1101/1101/1101
f 1102/1102/1102 1103/1103/1103 1104/1104/1104
f 1105/1105/1105 1106/1106/1106 1107/1107/1107
f 1108/1108/1108 1109/1109/1109 1110/1110/1110
f 1111/1111/1111 1112/1112/1112 1113/1113/1113
f 1114/1114/1114 1115/1115/1115 1116/1116/1116
f 1117/1117/1117 1118/1118/1118 1119/1119/1119
f 1120/1120/1120 1121/1121/1121 1122/1122/1122
f 1123/1123/1123 1124/1124/1124 1125/1125/1125
f 1126/1126/1126 1127/1127/1127 1128/1128/1128
f 1129/1129/1129 1130/1130/1130 1131/1131/1131
f 1132/1132/1132 1133/1133/1133 1134/1134/1134
f 1135/1135/1135 1136/1136/1136 1137/1137/1137
f 1138/1138/1138 1139/1139/1139 1140/1140/1140
f 1141/1141/1141 1142/1142/1142 1143/1143/1143
f 1144/1144/1144 1145/1145/1145 1146/1146/1146
f 1147/1147/1147 1148/1148/1148 1149/1149/1149
f 1150/1150/1150 1151/1151/1151 1152/1152/1152
f 1153/1153/1153 1154/1154/1154 1155/1155/1155
f 1156/1156/1156 1157/1157/1157 1158/1158/1158
f 1159/1159/1159 1160/1160/1160 1161/1161/1161
f 1162/1162/1162 1163/1163/1163 1164/1164/1164
f 1165/1165/1165 1166/1166/1166 1167/1167/1167
f 1168/1168/1168 1169/1169/1169 1170/1170/1170
f 1171/1171/1171 1172/1172/1172 1173/1173/1173
f 1174/1174/1174 1175/1175/1175 1176/1176/1176
f 1177/1177/1177 1178/1178/1178 1179/1179/1179
f 1180/1180/1180 1181/1181/1181 1182/1182/1182
f 1183/1183/1183 1184/1184/1184 1185/1185/1185
f 1186/1186/1186 1187/1187/1187 1188/1188/1188
f 1189/1189/1189 1190/1190/1190 1191/1191/1191
f 1192/1192/1192 1193/1193/1193 1194/1194/1194
f 1195/1195/1195 1196/1196/1196 1197/1197/1197
f 1198/1198/1198 1199/1199/1199 1200/1200/1200
f 1201/1201/1201 1202/1202/1202 1203/1203/1203
f 1204/1204/1204 1205/1205/1205 1206/1206/1206
f 1207/1207/1207 1208/1208/1208 1209/1209/1209
f 1210/1210/1210 1211/1211/1211 1212/1212/1212
f 1213/1213/1213 1214/1214/1214 1215/1215/1215
f 1216/1216/1216 1217/1217/1217 1218/1218/1218
f 1219/1219/1219 1220/1220/1220 1221/1221/1221
f 1222/1222/1222 1223/1223/1223 1224/1224/1224
f 1225/1225/1225 1226/1226/1226 1227/1227/1227
f 1228/1228/1228 1229/1229/1229 1230/1230/1230
f 1231/1231/1231 1232/1232/1232 1233/1233/1233
f 1234/1234/1234 1235/1235/1235 1236/1236/1236