# OBJ file
mtllib meine.ico.mtl
v 1.193848 1.340088 -0.904541 0.498039 0.498039 0.498039 #1.000000
v 1.239258 1.133789 -0.705566 0.498039 0.498039 0.498039 #1.000000
v 1.281250 0.836670 -1.174805 0.498039 0.498039 0.498039 #1.000000
v 1.239258 1.133789 -0.705566 0.498039 0.498039 0.498039 #1.000000
v 1.366943 0.660645 -0.944336 0.498039 0.498039 0.498039 #1.000000
v 1.281250 0.836670 -1.174805 0.498039 0.498039 0.498039 #1.000000
v -1.078125 1.340088 -0.904541 0.498039 0.498039 0.498039 #1.000000
v -1.165527 0.836670 -1.174805 0.498039 0.498039 0.498039 #1.000000
v -1.123535 1.133789 -0.705566 0.498039 0.498039 0.498039 #1.000000
v -1.165527 0.836670 -1.174805 0.498039 0.498039 0.498039 #1.000000
v -1.250977 0.660645 -0.944336 0.498039 0.498039 0.498039 #1.000000
v -1.123535 1.133789 -0.705566 0.498039 0.498039 0.498039 #1.000000
v -0.088135 0.932373 -1.040283 0.498039 0.498039 0.498039 #1.000000
v -0.088135 1.292969 -0.839355 0.498039 0.498039 0.498039 #1.000000
v 0.199219 0.932373 -1.040283 0.498039 0.498039 0.498039 #1.000000
v -0.088135 1.292969 -0.839355 0.498039 0.498039 0.498039 #1.000000
v 0.199219 1.292969 -0.839355 0.498039 0.498039 0.498039 #1.000000
v 0.199219 0.932373 -1.040283 0.498039 0.498039 0.498039 #1.000000
v 0.199219 0.820801 -0.853760 0.498039 0.498039 0.498039 #1.000000
v 0.273682 1.275391 -0.450195 0.498039 0.498039 0.498039 #1.000000
v -0.088135 0.820801 -0.853760 0.498039 0.498039 0.498039 #1.000000
v 0.273682 1.275391 -0.450195 0.498039 0.498039 0.498039 #1.000000
v -0.165283 1.275391 -0.450195 0.498039 0.498039 0.498039 #1.000000
v -0.088135 0.820801 -0.853760 0.498039 0.498039 0.498039 #1.000000
v 0.199219 0.820801 -0.853760 0.498039 0.498039 0.498039 #1.000000
v -0.088135 0.820801 -0.853760 0.498039 0.498039 0.498039 #1.000000
v 0.199219 0.932373 -1.040283 0.498039 0.498039 0.498039 #1.000000
v -0.088135 0.820801 -0.853760 0.498039 0.498039 0.498039 #1.000000
v -0.088135 0.932373 -1.040283 0.498039 0.498039 0.498039 #1.000000
v 0.199219 0.932373 -1.040283 0.498039 0.498039 0.498039 #1.000000
v 0.199219 1.292969 -0.839355 0.498039 0.498039 0.498039 #1.000000
v -0.088135 1.292969 -0.839355 0.498039 0.498039 0.498039 #1.000000
v 0.273682 1.275391 -0.450195 0.498039 0.498039 0.498039 #1.000000
v -0.088135 1.292969 -0.839355 0.498039 0.498039 0.498039 #1.000000
v -0.165283 1.275391 -0.450195 0.498039 0.498039 0.498039 #1.000000
v 0.273682 1.275391 -0.450195 0.498039 0.498039 0.498039 #1.000000
v 0.781494 1.051514 -1.200684 0.498039 0.498039 0.498039 #1.000000
v 0.226807 0.993408 -0.948975 0.498039 0.498039 0.498039 #1.000000
v 0.713867 1.425537 -1.002686 0.498039 0.498039 0.498039 #1.000000
v 0.713867 1.425537 -1.002686 0.498039 0.498039 0.498039 #1.000000
v 0.226807 0.993408 -0.948975 0.498039 0.498039 0.498039 #1.000000
v 0.222900 1.114014 -0.859619 0.498039 0.498039 0.498039 #1.000000
v 1.086670 0.957520 -1.242432 0.498039 0.498039 0.498039 #1.000000
v 0.781494 1.051514 -1.200684 0.498039 0.498039 0.498039 #1.000000
v 1.000244 1.449219 -0.983643 0.498039 0.498039 0.498039 #1.000000
v 1.000244 1.449219 -0.983643 0.498039 0.498039 0.498039 #1.000000
v 0.781494 1.051514 -1.200684 0.498039 0.498039 0.498039 #1.000000
v 0.713867 1.425537 -1.002686 0.498039 0.498039 0.498039 #1.000000
v 1.281250 0.836670 -1.174805 0.498039 0.498039 0.498039 #1.000000
v 1.086670 0.957520 -1.242432 0.498039 0.498039 0.498039 #1.000000
v 1.193848 1.340088 -0.904541 0.498039 0.498039 0.498039 #1.000000
v 1.193848 1.340088 -0.904541 0.498039 0.498039 0.498039 #1.000000
v 1.086670 0.957520 -1.242432 0.498039 0.498039 0.498039 #1.000000
v 1.000244 1.449219 -0.983643 0.498039 0.498039 0.498039 #1.000000
v 1.366943 0.660645 -0.944336 0.498039 0.498039 0.498039 #1.000000
v 1.239258 1.133789 -0.705566 0.498039 0.498039 0.498039 #1.000000
v 1.241211 0.635010 -0.877441 0.498039 0.498039 0.498039 #1.000000
v 1.093262 1.073975 -0.695557 0.498039 0.498039 0.498039 #1.000000
v 1.241211 0.635010 -0.877441 0.498039 0.498039 0.498039 #1.000000
v 1.239258 1.133789 -0.705566 0.498039 0.498039 0.498039 #1.000000
v 1.241211 0.635010 -0.877441 0.498039 0.498039 0.498039 #1.000000
v 1.093262 1.073975 -0.695557 0.498039 0.498039 0.498039 #1.000000
v 0.349854 0.889893 -0.936035 0.498039 0.498039 0.498039 #1.000000
v 0.307129 1.042725 -0.852051 0.498039 0.498039 0.498039 #1.000000
v 0.349854 0.889893 -0.936035 0.498039 0.498039 0.498039 #1.000000
v 1.093262 1.073975 -0.695557 0.498039 0.498039 0.498039 #1.000000
v 0.349854 0.889893 -0.936035 0.498039 0.498039 0.498039 #1.000000
v 0.307129 1.042725 -0.852051 0.498039 0.498039 0.498039 #1.000000
v 0.174072 0.926514 -0.862549 0.498039 0.498039 0.498039 #1.000000
v 0.168701 1.023926 -0.786133 0.498039 0.498039 0.498039 #1.000000
v 0.174072 0.926514 -0.862549 0.498039 0.498039 0.498039 #1.000000
v 0.307129 1.042725 -0.852051 0.498039 0.498039 0.498039 #1.000000
v 0.222900 1.114014 -0.859619 0.498039 0.498039 0.498039 #1.000000
v 0.226807 0.993408 -0.948975 0.498039 0.498039 0.498039 #1.000000
v 0.168701 1.023926 -0.786133 0.498039 0.498039 0.498039 #1.000000
v 0.226807 0.993408 -0.948975 0.498039 0.498039 0.498039 #1.000000
v 0.174072 0.926514 -0.862549 0.498039 0.498039 0.498039 #1.000000
v 0.168701 1.023926 -0.786133 0.498039 0.498039 0.498039 #1.000000
v -1.125488 0.635010 -0.877441 0.498039 0.498039 0.498039 #1.000000
v -0.234131 0.889893 -0.936035 0.498039 0.498039 0.498039 #1.000000
v -0.977539 1.073975 -0.695557 0.498039 0.498039 0.498039 #1.000000
v -0.234131 0.889893 -0.936035 0.498039 0.498039 0.498039 #1.000000
v -0.191406 1.042725 -0.852051 0.498039 0.498039 0.498039 #1.000000
v -0.977539 1.073975 -0.695557 0.498039 0.498039 0.498039 #1.000000
v -0.234131 0.889893 -0.936035 0.498039 0.498039 0.498039 #1.000000
v -0.058350 0.926514 -0.862549 0.498039 0.498039 0.498039 #1.000000
v -0.191406 1.042725 -0.852051 0.498039 0.498039 0.498039 #1.000000
v -0.058350 0.926514 -0.862549 0.498039 0.498039 0.498039 #1.000000
v -0.052979 1.023926 -0.786133 0.498039 0.498039 0.498039 #1.000000
v -0.191406 1.042725 -0.852051 0.498039 0.498039 0.498039 #1.000000
v -0.107178 1.114014 -0.859619 0.498039 0.498039 0.498039 #1.000000
v -0.052979 1.023926 -0.786133 0.498039 0.498039 0.498039 #1.000000
v -0.111084 0.993408 -0.948975 0.498039 0.498039 0.498039 #1.000000
v -0.111084 0.993408 -0.948975 0.498039 0.498039 0.498039 #1.000000
v -0.052979 1.023926 -0.786133 0.498039 0.498039 0.498039 #1.000000
v -0.058350 0.926514 -0.862549 0.498039 0.498039 0.498039 #1.000000
v -0.665771 1.051514 -1.200684 0.498039 0.498039 0.498039 #1.000000
v -0.598145 1.425537 -1.002686 0.498039 0.498039 0.498039 #1.000000
v -0.111084 0.993408 -0.948975 0.498039 0.498039 0.498039 #1.000000
v -0.598145 1.425537 -1.002686 0.498039 0.498039 0.498039 #1.000000
v -0.107178 1.114014 -0.859619 0.498039 0.498039 0.498039 #1.000000
v -0.111084 0.993408 -0.948975 0.498039 0.498039 0.498039 #1.000000
v -0.970703 0.957520 -1.242432 0.498039 0.498039 0.498039 #1.000000
v -0.884521 1.449219 -0.983643 0.498039 0.498039 0.498039 #1.000000
v -0.665771 1.051514 -1.200684 0.498039 0.498039 0.498039 #1.000000
v -0.884521 1.449219 -0.983643 0.498039 0.498039 0.498039 #1.000000
v -0.598145 1.425537 -1.002686 0.498039 0.498039 0.498039 #1.000000
v -0.665771 1.051514 -1.200684 0.498039 0.498039 0.498039 #1.000000
v -1.165527 0.836670 -1.174805 0.498039 0.498039 0.498039 #1.000000
v -1.078125 1.340088 -0.904541 0.498039 0.498039 0.498039 #1.000000
v -0.970703 0.957520 -1.242432 0.498039 0.498039 0.498039 #1.000000
v -1.078125 1.340088 -0.904541 0.498039 0.498039 0.498039 #1.000000
v -0.884521 1.449219 -0.983643 0.498039 0.498039 0.498039 #1.000000
v -0.970703 0.957520 -1.242432 0.498039 0.498039 0.498039 #1.000000
v -1.250977 0.660645 -0.944336 0.498039 0.498039 0.498039 #1.000000
v -1.125488 0.635010 -0.877441 0.498039 0.498039 0.498039 #1.000000
v -1.123535 1.133789 -0.705566 0.498039 0.498039 0.498039 #1.000000
v -1.125488 0.635010 -0.877441 0.498039 0.498039 0.498039 #1.000000
v -0.977539 1.073975 -0.695557 0.498039 0.498039 0.498039 #1.000000
v -1.123535 1.133789 -0.705566 0.498039 0.498039 0.498039 #1.000000
v 1.193848 1.340088 -0.904541 0.498039 0.498039 0.498039 #1.000000
v 1.281250 0.836670 -1.174805 0.498039 0.498039 0.498039 #1.000000
v 1.239258 1.133789 -0.705566 0.498039 0.498039 0.498039 #1.000000
v 1.281250 0.836670 -1.174805 0.498039 0.498039 0.498039 #1.000000
v 1.366943 0.660645 -0.944336 0.498039 0.498039 0.498039 #1.000000
v 1.239258 1.133789 -0.705566 0.498039 0.498039 0.498039 #1.000000
v -1.078125 1.340088 -0.904541 0.498039 0.498039 0.498039 #1.000000
v -1.123535 1.133789 -0.705566 0.498039 0.498039 0.498039 #1.000000
v -1.165527 0.836670 -1.174805 0.498039 0.498039 0.498039 #1.000000
v -1.165527 0.836670 -1.174805 0.498039 0.498039 0.498039 #1.000000
v -1.123535 1.133789 -0.705566 0.498039 0.498039 0.498039 #1.000000
v -1.250977 0.660645 -0.944336 0.498039 0.498039 0.498039 #1.000000
v 0.781494 1.051514 -1.200684 0.498039 0.498039 0.498039 #1.000000
v 0.713867 1.425537 -1.002686 0.498039 0.498039 0.498039 #1.000000
v 0.226807 0.993408 -0.948975 0.498039 0.498039 0.498039 #1.000000
v 0.713867 1.425537 -1.002686 0.498039 0.498039 0.498039 #1.000000
v 0.222900 1.114014 -0.859619 0.498039 0.498039 0.498039 #1.000000
v 0.226807 0.993408 -0.948975 0.498039 0.498039 0.498039 #1.000000
v 1.086670 0.957520 -1.242432 0.498039 0.498039 0.498039 #1.000000
v 1.000244 1.449219 -0.983643 0.498039 0.498039 0.498039 #1.000000
v 0.781494 1.051514 -1.200684 0.498039 0.498039 0.498039 #1.000000
v 1.000244 1.449219 -0.983643 0.498039 0.498039 0.498039 #1.000000
v 0.713867 1.425537 -1.002686 0.498039 0.498039 0.498039 #1.000000
v 0.781494 1.051514 -1.200684 0.498039 0.498039 0.498039 #1.000000
v 1.281250 0.836670 -1.174805 0.498039 0.498039 0.498039 #1.000000
v 1.193848 1.340088 -0.904541 0.498039 0.498039 0.498039 #1.000000
v 1.086670 0.957520 -1.242432 0.498039 0.498039 0.498039 #1.000000
v 1.193848 1.340088 -0.904541 0.498039 0.498039 0.498039 #1.000000
v 1.000244 1.449219 -0.983643 0.498039 0.498039 0.498039 #1.000000
v 1.086670 0.957520 -1.242432 0.498039 0.498039 0.498039 #1.000000
v 1.366943 0.660645 -0.944336 0.498039 0.498039 0.498039 #1.000000
v 1.241211 0.635010 -0.877441 0.498039 0.498039 0.498039 #1.000000
v 1.239258 1.133789 -0.705566 0.498039 0.498039 0.498039 #1.000000
v 1.093262 1.073975 -0.695557 0.498039 0.498039 0.498039 #1.000000
v 1.239258 1.133789 -0.705566 0.498039 0.498039 0.498039 #1.000000
v 1.241211 0.635010 -0.877441 0.498039 0.498039 0.498039 #1.000000
v 1.241211 0.635010 -0.877441 0.498039 0.498039 0.498039 #1.000000
v 0.349854 0.889893 -0.936035 0.498039 0.498039 0.498039 #1.000000
v 1.093262 1.073975 -0.695557 0.498039 0.498039 0.498039 #1.000000
v 0.307129 1.042725 -0.852051 0.498039 0.498039 0.498039 #1.000000
v 1.093262 1.073975 -0.695557 0.498039 0.498039 0.498039 #1.000000
v 0.349854 0.889893 -0.936035 0.498039 0.498039 0.498039 #1.000000
v 0.349854 0.889893 -0.936035 0.498039 0.498039 0.498039 #1.000000
v 0.174072 0.926514 -0.862549 0.498039 0.498039 0.498039 #1.000000
v 0.307129 1.042725 -0.852051 0.498039 0.498039 0.498039 #1.000000
v 0.168701 1.023926 -0.786133 0.498039 0.498039 0.498039 #1.000000
v 0.307129 1.042725 -0.852051 0.498039 0.498039 0.498039 #1.000000
v 0.174072 0.926514 -0.862549 0.498039 0.498039 0.498039 #1.000000
v 0.222900 1.114014 -0.859619 0.498039 0.498039 0.498039 #1.000000
v 0.168701 1.023926 -0.786133 0.498039 0.498039 0.498039 #1.000000
v 0.226807 0.993408 -0.948975 0.498039 0.498039 0.498039 #1.000000
v 0.168701 1.023926 -0.786133 0.498039 0.498039 0.498039 #1.000000
v 0.174072 0.926514 -0.862549 0.498039 0.498039 0.498039 #1.000000
v 0.226807 0.993408 -0.948975 0.498039 0.498039 0.498039 #1.000000
v -1.125488 0.635010 -0.877441 0.498039 0.498039 0.498039 #1.000000
v -0.977539 1.073975 -0.695557 0.498039 0.498039 0.498039 #1.000000
v -0.234131 0.889893 -0.936035 0.498039 0.498039 0.498039 #1.000000
v -0.234131 0.889893 -0.936035 0.498039 0.498039 0.498039 #1.000000
v -0.977539 1.073975 -0.695557 0.498039 0.498039 0.498039 #1.000000
v -0.191406 1.042725 -0.852051 0.498039 0.498039 0.498039 #1.000000
v -0.234131 0.889893 -0.936035 0.498039 0.498039 0.498039 #1.000000
v -0.191406 1.042725 -0.852051 0.498039 0.498039 0.498039 #1.000000
v -0.058350 0.926514 -0.862549 0.498039 0.498039 0.498039 #1.000000
v -0.058350 0.926514 -0.862549 0.498039 0.498039 0.498039 #1.000000
v -0.191406 1.042725 -0.852051 0.498039 0.498039 0.498039 #1.000000
v -0.052979 1.023926 -0.786133 0.498039 0.498039 0.498039 #1.000000
v -0.107178 1.114014 -0.859619 0.498039 0.498039 0.498039 #1.000000
v -0.111084 0.993408 -0.948975 0.498039 0.498039 0.498039 #1.000000
v -0.052979 1.023926 -0.786133 0.498039 0.498039 0.498039 #1.000000
v -0.111084 0.993408 -0.948975 0.498039 0.498039 0.498039 #1.000000
v -0.058350 0.926514 -0.862549 0.498039 0.498039 0.498039 #1.000000
v -0.052979 1.023926 -0.786133 0.498039 0.498039 0.498039 #1.000000
v -0.665771 1.051514 -1.200684 0.498039 0.498039 0.498039 #1.000000
v -0.111084 0.993408 -0.948975 0.498039 0.498039 0.498039 #1.000000
v -0.598145 1.425537 -1.002686 0.498039 0.498039 0.498039 #1.000000
v -0.111084 0.993408 -0.948975 0.498039 0.498039 0.498039 #1.000000
v -0.107178 1.114014 -0.859619 0.498039 0.498039 0.498039 #1.000000
v -0.598145 1.425537 -1.002686 0.498039 0.498039 0.498039 #1.000000
v -0.970703 0.957520 -1.242432 0.498039 0.498039 0.498039 #1.000000
v -0.665771 1.051514 -1.200684 0.498039 0.498039 0.498039 #1.000000
v -0.884521 1.449219 -0.983643 0.498039 0.498039 0.498039 #1.000000
v -0.665771 1.051514 -1.200684 0.498039 0.498039 0.498039 #1.000000
v -0.598145 1.425537 -1.002686 0.498039 0.498039 0.498039 #1.000000
v -0.884521 1.449219 -0.983643 0.498039 0.498039 0.498039 #1.000000
v -1.165527 0.836670 -1.174805 0.498039 0.498039 0.498039 #1.000000
v -0.970703 0.957520 -1.242432 0.498039 0.498039 0.498039 #1.000000
v -1.078125 1.340088 -0.904541 0.498039 0.498039 0.498039 #1.000000
v -0.970703 0.957520 -1.242432 0.498039 0.498039 0.498039 #1.000000
v -0.884521 1.449219 -0.983643 0.498039 0.498039 0.498039 #1.000000
v -1.078125 1.340088 -0.904541 0.498039 0.498039 0.498039 #1.000000
v -1.250977 0.660645 -0.944336 0.498039 0.498039 0.498039 #1.000000
v -1.123535 1.133789 -0.705566 0.498039 0.498039 0.498039 #1.000000
v -1.125488 0.635010 -0.877441 0.498039 0.498039 0.498039 #1.000000
v -1.125488 0.635010 -0.877441 0.498039 0.498039 0.498039 #1.000000
v -1.123535 1.133789 -0.705566 0.498039 0.498039 0.498039 #1.000000
v -0.977539 1.073975 -0.695557 0.498039 0.498039 0.498039 #1.000000
v -0.539795 0.390869 -1.287354 0.498039 0.498039 0.498039 #1.000000
v -0.304688 0.733154 -1.157227 0.498039 0.498039 0.498039 #1.000000
v -0.817383 0.675049 -1.016357 0.498039 0.498039 0.498039 #1.000000
v -0.304688 0.733154 -1.157227 0.498039 0.498039 0.498039 #1.000000
v -0.593994 0.947021 -0.964111 0.498039 0.498039 0.498039 #1.000000
v -0.817383 0.675049 -1.016357 0.498039 0.498039 0.498039 #1.000000
v -0.608398 0.106934 -1.379395 0.498039 0.498039 0.498039 #1.000000
v -0.539795 0.390869 -1.287354 0.498039 0.498039 0.498039 #1.000000
v -0.929199 0.465332 -1.009521 0.498039 0.498039 0.498039 #1.000000
v -0.539795 0.390869 -1.287354 0.498039 0.498039 0.498039 #1.000000
v -0.817383 0.675049 -1.016357 0.498039 0.498039 0.498039 #1.000000
v -0.929199 0.465332 -1.009521 0.498039 0.498039 0.498039 #1.000000
v -0.180908 1.191162 -0.833984 0.498039 0.498039 0.498039 #1.000000
v -0.593994 0.947021 -0.964111 0.498039 0.498039 0.498039 #1.000000
v -0.140137 0.852783 -1.045166 0.498039 0.498039 0.498039 #1.000000
v -0.304688 0.733154 -1.157227 0.498039 0.498039 0.498039 #1.000000
v -0.140137 0.852783 -1.045166 0.498039 0.498039 0.498039 #1.000000
v -0.593994 0.947021 -0.964111 0.498039 0.498039 0.498039 #1.000000
v 0.680908 1.379883 -0.304688 0.498039 0.498039 0.498039 #1.000000
v -0.180908 1.191162 -0.833984 0.498039 0.498039 0.498039 #1.000000
v 0.216309 0.958740 -0.853516 0.498039 0.498039 0.498039 #1.000000
v -0.140137 0.852783 -1.045166 0.498039 0.498039 0.498039 #1.000000
v 0.216309 0.958740 -0.853516 0.498039 0.498039 0.498039 #1.000000
v -0.180908 1.191162 -0.833984 0.498039 0.498039 0.498039 #1.000000
v 0.216309 0.958740 -0.853516 0.498039 0.498039 0.498039 #1.000000
v 1.096191 1.000488 -0.161621 0.498039 0.498039 0.498039 #1.000000
v 0.680908 1.379883 -0.304688 0.498039 0.498039 0.498039 #1.000000
v 1.096191 1.000488 -0.161621 0.498039 0.498039 0.498039 #1.000000
v 1.096191 1.473389 0.092529 0.498039 0.498039 0.498039 #1.000000
v 0.680908 1.379883 -0.304688 0.498039 0.498039 0.498039 #1.000000
v 1.096191 1.000488 -0.161621 0.498039 0.498039 0.498039 #1.000000
v 1.333984 0.899170 0.455811 0.498039 0.498039 0.498039 #1.000000
v 1.096191 1.473389 0.092529 0.498039 0.498039 0.498039 #1.000000
v 1.333984 0.899170 0.455811 0.498039 0.498039 0.498039 #1.000000
v 1.284912 1.488037 0.624023 0.498039 0.498039 0.498039 #1.000000
v 1.096191 1.473389 0.092529 0.498039 0.498039 0.498039 #1.000000
v 1.168945 0.691650 0.953369 0.498039 0.498039 0.498039 #1.000000
v 1.096191 1.344238 1.082764 0.498039 0.498039 0.498039 #1.000000
v 1.333984 0.899170 0.455811 0.498039 0.498039 0.498039 #1.000000
v 1.333984 0.899170 0.455811 0.498039 0.498039 0.498039 #1.000000
v 1.096191 1.344238 1.082764 0.498039 0.498039 0.498039 #1.000000
v 1.284912 1.488037 0.624023 0.498039 0.498039 0.498039 #1.000000
v 0.581299 0.426758 1.322754 0.498039 0.498039 0.498039 #1.000000
v 0.581299 1.159912 1.375977 0.498039 0.498039 0.498039 #1.000000
v 1.168945 0.691650 0.953369 0.498039 0.498039 0.498039 #1.000000
v 1.168945 0.691650 0.953369 0.498039 0.498039 0.498039 #1.000000
v 0.581299 1.159912 1.375977 0.498039 0.498039 0.498039 #1.000000
v 1.096191 1.344238 1.082764 0.498039 0.498039 0.498039 #1.000000
v 0.057861 0.322754 1.437500 0.498039 0.498039 0.498039 #1.000000
v 0.057861 1.092529 1.489258 0.498039 0.498039 0.498039 #1.000000
v 0.581299 0.426758 1.322754 0.498039 0.498039 0.498039 #1.000000
v 0.581299 0.426758 1.322754 0.498039 0.498039 0.498039 #1.000000
v 0.057861 1.092529 1.489258 0.498039 0.498039 0.498039 #1.000000
v 0.581299 1.159912 1.375977 0.498039 0.498039 0.498039 #1.000000
v 0.057861 0.322754 1.437500 0.498039 0.498039 0.498039 #1.000000
v -0.465576 0.426758 1.322754 0.498039 0.498039 0.498039 #1.000000
v 0.057861 1.092529 1.489258 0.498039 0.498039 0.498039 #1.000000
v -0.465576 0.426758 1.322754 0.498039 0.498039 0.498039 #1.000000
v -0.465576 1.159912 1.375977 0.498039 0.498039 0.498039 #1.000000
v 0.057861 1.092529 1.489258 0.498039 0.498039 0.498039 #1.000000
v -0.465576 0.426758 1.322754 0.498039 0.498039 0.498039 #1.000000
v -1.053223 0.691650 0.953369 0.498039 0.498039 0.498039 #1.000000
v -0.465576 1.159912 1.375977 0.498039 0.498039 0.498039 #1.000000
v -1.053223 0.691650 0.953369 0.498039 0.498039 0.498039 #1.000000
v -0.980469 1.344238 1.082764 0.498039 0.498039 0.498039 #1.000000
v -0.465576 1.159912 1.375977 0.498039 0.498039 0.498039 #1.000000
v -1.053223 0.691650 0.953369 0.498039 0.498039 0.498039 #1.000000
v -1.218262 0.899170 0.455811 0.498039 0.498039 0.498039 #1.000000
v -0.980469 1.344238 1.082764 0.498039 0.498039 0.498039 #1.000000
v -1.218262 0.899170 0.455811 0.498039 0.498039 0.498039 #1.000000
v -1.168945 1.488037 0.624023 0.498039 0.498039 0.498039 #1.000000
v -0.980469 1.344238 1.082764 0.498039 0.498039 0.498039 #1.000000
v -0.980469 1.000488 -0.161621 0.498039 0.498039 0.498039 #1.000000
v -0.980469 1.473389 0.092529 0.498039 0.498039 0.498039 #1.000000
v -1.218262 0.899170 0.455811 0.498039 0.498039 0.498039 #1.000000
v -1.218262 0.899170 0.455811 0.498039 0.498039 0.498039 #1.000000
v -0.980469 1.473389 0.092529 0.498039 0.498039 0.498039 #1.000000
v -1.168945 1.488037 0.624023 0.498039 0.498039 0.498039 #1.000000
v -0.100586 0.958740 -0.853516 0.498039 0.498039 0.498039 #1.000000
v -0.565186 1.379883 -0.304688 0.498039 0.498039 0.498039 #1.000000
v -0.980469 1.000488 -0.161621 0.498039 0.498039 0.498039 #1.000000
v -0.980469 1.000488 -0.161621 0.498039 0.498039 0.498039 #1.000000
v -0.565186 1.379883 -0.304688 0.498039 0.498039 0.498039 #1.000000
v -0.980469 1.473389 0.092529 0.498039 0.498039 0.498039 #1.000000
v -0.565186 1.379883 -0.304688 0.498039 0.498039 0.498039 #1.000000
v -0.100586 0.958740 -0.853516 0.498039 0.498039 0.498039 #1.000000
v 0.296631 1.191162 -0.833984 0.498039 0.498039 0.498039 #1.000000
v -0.100586 0.958740 -0.853516 0.498039 0.498039 0.498039 #1.000000
v 0.255859 0.852783 -1.045166 0.498039 0.498039 0.498039 #1.000000
v 0.296631 1.191162 -0.833984 0.498039 0.498039 0.498039 #1.000000
v 0.296631 1.191162 -0.833984 0.498039 0.498039 0.498039 #1.000000
v 0.255859 0.852783 -1.045166 0.498039 0.498039 0.498039 #1.000000
v 0.709717 0.947021 -0.964111 0.498039 0.498039 0.498039 #1.000000
v 0.255859 0.852783 -1.045166 0.498039 0.498039 0.498039 #1.000000
v 0.420410 0.733154 -1.157227 0.498039 0.498039 0.498039 #1.000000
v 0.709717 0.947021 -0.964111 0.498039 0.498039 0.498039 #1.000000
v 0.655518 0.390869 -1.287354 0.498039 0.498039 0.498039 #1.000000
v 0.933105 0.675049 -1.016357 0.498039 0.498039 0.498039 #1.000000
v 0.420410 0.733154 -1.157227 0.498039 0.498039 0.498039 #1.000000
v 0.420410 0.733154 -1.157227 0.498039 0.498039 0.498039 #1.000000
v 0.933105 0.675049 -1.016357 0.498039 0.498039 0.498039 #1.000000
v 0.709717 0.947021 -0.964111 0.498039 0.498039 0.498039 #1.000000
v 0.724121 0.106934 -1.379395 0.498039 0.498039 0.498039 #1.000000
v 1.044922 0.465332 -1.009521 0.498039 0.498039 0.498039 #1.000000
v 0.655518 0.390869 -1.287354 0.498039 0.498039 0.498039 #1.000000
v 0.655518 0.390869 -1.287354 0.498039 0.498039 0.498039 #1.000000
v 1.044922 0.465332 -1.009521 0.498039 0.498039 0.498039 #1.000000
v 0.933105 0.675049 -1.016357 0.498039 0.498039 0.498039 #1.000000
v -0.539795 0.390869 -1.287354 0.498039 0.498039 0.498039 #1.000000
v -0.817383 0.675049 -1.016357 0.498039 0.498039 0.498039 #1.000000
v -0.304688 0.733154 -1.157227 0.498039 0.498039 0.498039 #1.000000
v -0.817383 0.675049 -1.016357 0.498039 0.498039 0.498039 #1.000000
v -0.593994 0.947021 -0.964111 0.498039 0.498039 0.498039 #1.000000
v -0.304688 0.733154 -1.157227 0.498039 0.498039 0.498039 #1.000000
v -0.608398 0.106934 -1.379395 0.498039 0.498039 0.498039 #1.000000
v -0.929199 0.465332 -1.009521 0.498039 0.498039 0.498039 #1.000000
v -0.539795 0.390869 -1.287354 0.498039 0.498039 0.498039 #1.000000
v -0.929199 0.465332 -1.009521 0.498039 0.498039 0.498039 #1.000000
v -0.817383 0.675049 -1.016357 0.498039 0.498039 0.498039 #1.000000
v -0.539795 0.390869 -1.287354 0.498039 0.498039 0.498039 #1.000000
v -0.180908 1.191162 -0.833984 0.498039 0.498039 0.498039 #1.000000
v -0.140137 0.852783 -1.045166 0.498039 0.498039 0.498039 #1.000000
v -0.593994 0.947021 -0.964111 0.498039 0.498039 0.498039 #1.000000
v -0.304688 0.733154 -1.157227 0.498039 0.498039 0.498039 #1.000000
v -0.593994 0.947021 -0.964111 0.498039 0.498039 0.498039 #1.000000
v -0.140137 0.852783 -1.045166 0.498039 0.498039 0.498039 #1.000000
v 0.680908 1.379883 -0.304688 0.498039 0.498039 0.498039 #1.000000
v 0.216309 0.958740 -0.853516 0.498039 0.498039 0.498039 #1.000000
v -0.180908 1.191162 -0.833984 0.498039 0.498039 0.498039 #1.000000
v -0.140137 0.852783 -1.045166 0.498039 0.498039 0.498039 #1.000000
v -0.180908 1.191162 -0.833984 0.498039 0.498039 0.498039 #1.000000
v 0.216309 0.958740 -0.853516 0.498039 0.498039 0.498039 #1.000000
v 0.216309 0.958740 -0.853516 0.498039 0.498039 0.498039 #1.000000
v 0.680908 1.379883 -0.304688 0.498039 0.498039 0.498039 #1.000000
v 1.096191 1.000488 -0.161621 0.498039 0.498039 0.498039 #1.000000
v 0.680908 1.379883 -0.304688 0.498039 0.498039 0.498039 #1.000000
v 1.096191 1.473389 0.092529 0.498039 0.498039 0.498039 #1.000000
v 1.096191 1.000488 -0.161621 0.498039 0.498039 0.498039 #1.000000
v 1.096191 1.000488 -0.161621 0.498039 0.498039 0.498039 #1.000000
v 1.096191 1.473389 0.092529 0.498039 0.498039 0.498039 #1.000000
v 1.333984 0.899170 0.455811 0.498039 0.498039 0.498039 #1.000000
v 1.096191 1.473389 0.092529 0.498039 0.498039 0.498039 #1.000000
v 1.284912 1.488037 0.624023 0.498039 0.498039 0.498039 #1.000000
v 1.333984 0.899170 0.455811 0.498039 0.498039 0.498039 #1.000000
v 1.168945 0.691650 0.953369 0.498039 0.498039 0.498039 #1.000000
v 1.333984 0.899170 0.455811 0.498039 0.498039 0.498039 #1.000000
v 1.096191 1.344238 1.082764 0.498039 0.498039 0.498039 #1.000000
v 1.333984 0.899170 0.455811 0.498039 0.498039 0.498039 #1.000000
v 1.284912 1.488037 0.624023 0.498039 0.498039 0.498039 #1.000000
v 1.096191 1.344238 1.082764 0.498039 0.498039 0.498039 #1.000000
v 0.581299 0.426758 1.322754 0.498039 0.498039 0.498039 #1.000000
v 1.168945 0.691650 0.953369 0.498039 0.498039 0.498039 #1.000000
v 0.581299 1.159912 1.375977 0.498039 0.498039 0.498039 #1.000000
v 1.168945 0.691650 0.953369 0.498039 0.498039 0.498039 #1.000000
v 1.096191 1.344238 1.082764 0.498039 0.498039 0.498039 #1.000000
v 0.581299 1.159912 1.375977 0.498039 0.498039 0.498039 #1.000000
v 0.057861 0.322754 1.437500 0.498039 0.498039 0.498039 #1.000000
v 0.581299 0.426758 1.322754 0.498039 0.498039 0.498039 #1.000000
v 0.057861 1.092529 1.489258 0.498039 0.498039 0.498039 #1.000000
v 0.581299 0.426758 1.322754 0.498039 0.498039 0.498039 #1.000000
v 0.581299 1.159912 1.375977 0.498039 0.498039 0.498039 #1.000000
v 0.057861 1.092529 1.489258 0.498039 0.498039 0.498039 #1.000000
v 0.057861 0.322754 1.437500 0.498039 0.498039 0.498039 #1.000000
v 0.057861 1.092529 1.489258 0.498039 0.498039 0.498039 #1.000000
v -0.465576 0.426758 1.322754 0.498039 0.498039 0.498039 #1.000000
v 0.057861 1.092529 1.489258 0.498039 0.498039 0.498039 #1.000000
v -0.465576 1.159912 1.375977 0.498039 0.498039 0.498039 #1.000000
v -0.465576 0.426758 1.322754 0.498039 0.498039 0.498039 #1.000000
v -0.465576 0.426758 1.322754 0.498039 0.498039 0.498039 #1.000000
v -0.465576 1.159912 1.375977 0.498039 0.498039 0.498039 #1.000000
v -1.053223 0.691650 0.953369 0.498039 0.498039 0.498039 #1.000000
v -0.465576 1.159912 1.375977 0.498039 0.498039 0.498039 #1.000000
v -0.980469 1.344238 1.082764 0.498039 0.498039 0.498039 #1.000000
v -1.053223 0.691650 0.953369 0.498039 0.498039 0.498039 #1.000000
v -1.053223 0.691650 0.953369 0.498039 0.498039 0.498039 #1.000000
v -0.980469 1.344238 1.082764 0.498039 0.498039 0.498039 #1.000000
v -1.218262 0.899170 0.455811 0.498039 0.498039 0.498039 #1.000000
v -0.980469 1.344238 1.082764 0.498039 0.498039 0.498039 #1.000000
v -1.168945 1.488037 0.624023 0.498039 0.498039 0.498039 #1.000000
v -1.218262 0.899170 0.455811 0.498039 0.498039 0.498039 #1.000000
v -0.980469 1.000488 -0.161621 0.498039 0.498039 0.498039 #1.000000
v -1.218262 0.899170 0.455811 0.498039 0.498039 0.498039 #1.000000
v -0.980469 1.473389 0.092529 0.498039 0.498039 0.498039 #1.000000
v -1.218262 0.899170 0.455811 0.498039 0.498039 0.498039 #1.000000
v -1.168945 1.488037 0.624023 0.498039 0.498039 0.498039 #1.000000
v -0.980469 1.473389 0.092529 0.498039 0.498039 0.498039 #1.000000
v -0.100586 0.958740 -0.853516 0.498039 0.498039 0.498039 #1.000000
v -0.980469 1.000488 -0.161621 0.498039 0.498039 0.498039 #1.000000
v -0.565186 1.379883 -0.304688 0.498039 0.498039 0.498039 #1.000000
v -0.980469 1.000488 -0.161621 0.498039 0.498039 0.498039 #1.000000
v -0.980469 1.473389 0.092529 0.498039 0.498039 0.498039 #1.000000
v -0.565186 1.379883 -0.304688 0.498039 0.498039 0.498039 #1.000000
v -0.565186 1.379883 -0.304688 0.498039 0.498039 0.498039 #1.000000
v 0.296631 1.191162 -0.833984 0.498039 0.498039 0.498039 #1.000000
v -0.100586 0.958740 -0.853516 0.498039 0.498039 0.498039 #1.000000
v -0.100586 0.958740 -0.853516 0.498039 0.498039 0.498039 #1.000000
v 0.296631 1.191162 -0.833984 0.498039 0.498039 0.498039 #1.000000
v 0.255859 0.852783 -1.045166 0.498039 0.498039 0.498039 #1.000000
v 0.296631 1.191162 -0.833984 0.498039 0.498039 0.498039 #1.000000
v 0.709717 0.947021 -0.964111 0.498039 0.498039 0.498039 #1.000000
v 0.255859 0.852783 -1.045166 0.498039 0.498039 0.498039 #1.000000
v 0.255859 0.852783 -1.045166 0.498039 0.498039 0.498039 #1.000000
v 0.709717 0.947021 -0.964111 0.498039 0.498039 0.498039 #1.000000
v 0.420410 0.733154 -1.157227 0.498039 0.498039 0.498039 #1.000000
v 0.655518 0.390869 -1.287354 0.498039 0.498039 0.498039 #1.000000
v 0.420410 0.733154 -1.157227 0.498039 0.498039 0.498039 #1.000000
v 0.933105 0.675049 -1.016357 0.498039 0.498039 0.498039 #1.000000
v 0.420410 0.733154 -1.157227 0.498039 0.498039 0.498039 #1.000000
v 0.709717 0.947021 -0.964111 0.498039 0.498039 0.498039 #1.000000
v 0.933105 0.675049 -1.016357 0.498039 0.498039 0.498039 #1.000000
v 0.724121 0.106934 -1.379395 0.498039 0.498039 0.498039 #1.000000
v 0.655518 0.390869 -1.287354 0.498039 0.498039 0.498039 #1.000000
v 1.044922 0.465332 -1.009521 0.498039 0.498039 0.498039 #1.000000
v 0.655518 0.390869 -1.287354 0.498039 0.498039 0.498039 #1.000000
v 0.933105 0.675049 -1.016357 0.498039 0.498039 0.498039 #1.000000
v 1.044922 0.465332 -1.009521 0.498039 0.498039 0.498039 #1.000000
v -0.598389 2.372070 0.233154 0.498039 0.498039 0.498039 #1.000000
v -0.007080 4.371582 -0.278320 0.498039 0.498039 0.498039 #1.000000
v -0.308594 4.326660 0.469238 0.498039 0.498039 0.498039 #1.000000
v -0.374756 2.405518 -0.322021 0.498039 0.498039 0.498039 #1.000000
v -0.007080 4.371582 -0.278320 0.498039 0.498039 0.498039 #1.000000
v -0.598389 2.372070 0.233154 0.498039 0.498039 0.498039 #1.000000
v -0.295654 4.200439 0.828613 0.498039 0.498039 0.498039 #1.000000
v -0.598389 2.372070 0.233154 0.498039 0.498039 0.498039 #1.000000
v -0.308594 4.326660 0.469238 0.498039 0.498039 0.498039 #1.000000
v -0.598389 2.372070 0.233154 0.498039 0.498039 0.498039 #1.000000
v -0.295654 4.200439 0.828613 0.498039 0.498039 0.498039 #1.000000
v -0.505859 2.288086 0.516357 0.498039 0.498039 0.498039 #1.000000
v 0.319580 4.142578 1.073242 0.498039 0.498039 0.498039 #1.000000
v -0.505859 2.288086 0.516357 0.498039 0.498039 0.498039 #1.000000
v -0.295654 4.200439 0.828613 0.498039 0.498039 0.498039 #1.000000
v -0.505859 2.288086 0.516357 0.498039 0.498039 0.498039 #1.000000
v 0.319580 4.142578 1.073242 0.498039 0.498039 0.498039 #1.000000
v -0.067139 2.168457 0.687012 0.498039 0.498039 0.498039 #1.000000
v 0.536621 3.829346 0.785889 0.498039 0.498039 0.498039 #1.000000
v -0.067139 2.168457 0.687012 0.498039 0.498039 0.498039 #1.000000
v 0.319580 4.142578 1.073242 0.498039 0.498039 0.498039 #1.000000
v -0.067139 2.168457 0.687012 0.498039 0.498039 0.498039 #1.000000
v 0.536621 3.829346 0.785889 0.498039 0.498039 0.498039 #1.000000
v 0.206055 2.152588 0.546387 0.498039 0.498039 0.498039 #1.000000
v 0.838135 3.874512 0.038086 0.498039 0.498039 0.498039 #1.000000
v 0.206055 2.152588 0.546387 0.498039 0.498039 0.498039 #1.000000
v 0.536621 3.829346 0.785889 0.498039 0.498039 0.498039 #1.000000
v 0.206055 2.152588 0.546387 0.498039 0.498039 0.498039 #1.000000
v 0.838135 3.874512 0.038086 0.498039 0.498039 0.498039 #1.000000
v 0.429932 2.186279 -0.008545 0.498039 0.498039 0.498039 #1.000000
v 0.329346 2.227783 -0.296875 0.498039 0.498039 0.498039 #1.000000
v 0.838135 3.874512 0.038086 0.498039 0.498039 0.498039 #1.000000
v 0.870117 4.225098 -0.292480 0.498039 0.498039 0.498039 #1.000000
v 0.429932 2.186279 -0.008545 0.498039 0.498039 0.498039 #1.000000
v 0.838135 3.874512 0.038086 0.498039 0.498039 0.498039 #1.000000
v 0.329346 2.227783 -0.296875 0.498039 0.498039 0.498039 #1.000000
v 0.254639 4.282715 -0.537354 0.498039 0.498039 0.498039 #1.000000
v 0.329346 2.227783 -0.296875 0.498039 0.498039 0.498039 #1.000000
v 0.870117 4.225098 -0.292480 0.498039 0.498039 0.498039 #1.000000
v 0.329346 2.227783 -0.296875 0.498039 0.498039 0.498039 #1.000000
v 0.254639 4.282715 -0.537354 0.498039 0.498039 0.498039 #1.000000
v -0.109131 2.347412 -0.467773 0.498039 0.498039 0.498039 #1.000000
v -0.374756 2.405518 -0.322021 0.498039 0.498039 0.498039 #1.000000
v 0.254639 4.282715 -0.537354 0.498039 0.498039 0.498039 #1.000000
v -0.007080 4.371582 -0.278320 0.498039 0.498039 0.498039 #1.000000
v -0.109131 2.347412 -0.467773 0.498039 0.498039 0.498039 #1.000000
v 0.254639 4.282715 -0.537354 0.498039 0.498039 0.498039 #1.000000
v -0.374756 2.405518 -0.322021 0.498039 0.498039 0.498039 #1.000000
v 0.197754 2.046387 0.284912 0.498039 0.498039 0.498039 #1.000000
v 1.128906 3.417480 0.419189 0.498039 0.498039 0.498039 #1.000000
v 1.325684 3.228271 -0.373535 1.000000 1.000000 1.000000 #1.000000
v 0.687012 3.312988 1.266602 0.498039 0.498039 0.498039 #1.000000
v 1.128906 3.417480 0.419189 0.498039 0.498039 0.498039 #1.000000
v 0.197754 2.046387 0.284912 0.498039 0.498039 0.498039 #1.000000
v -0.034912 3.000977 1.669922 0.498039 0.498039 0.498039 #1.000000
v 0.687012 3.312988 1.266602 0.498039 0.498039 0.498039 #1.000000
v 0.197754 2.046387 0.284912 0.498039 0.498039 0.498039 #1.000000
v 0.865479 3.480225 2.183594 0.498039 0.498039 0.498039 #1.000000
v 1.572510 4.035889 1.304443 1.000000 1.000000 1.000000 #1.000000
v 0.687012 3.312988 1.266602 0.498039 0.498039 0.498039 #1.000000
v 1.572510 4.035889 1.304443 1.000000 1.000000 1.000000 #1.000000
v 1.128906 3.417480 0.419189 0.498039 0.498039 0.498039 #1.000000
v 0.687012 3.312988 1.266602 0.498039 0.498039 0.498039 #1.000000
v -0.237305 2.544189 1.120850 0.498039 0.498039 0.498039 #1.000000
v 0.197754 2.046387 0.284912 0.498039 0.498039 0.498039 #1.000000
v -0.258789 1.969727 0.160400 0.498039 0.498039 0.498039 #1.000000
v -0.034912 3.000977 1.669922 0.498039 0.498039 0.498039 #1.000000
v 0.197754 2.046387 0.284912 0.498039 0.498039 0.498039 #1.000000
v -0.237305 2.544189 1.120850 0.498039 0.498039 0.498039 #1.000000
v 0.119141 3.089600 2.048828 0.498039 0.498039 0.498039 #1.000000
v 0.687012 3.312988 1.266602 0.498039 0.498039 0.498039 #1.000000
v -0.034912 3.000977 1.669922 0.498039 0.498039 0.498039 #1.000000
v 0.865479 3.480225 2.183594 0.498039 0.498039 0.498039 #1.000000
v 0.687012 3.312988 1.266602 0.498039 0.498039 0.498039 #1.000000
v 0.119141 3.089600 2.048828 0.498039 0.498039 0.498039 #1.000000
v 1.572510 4.035889 1.304443 1.000000 1.000000 1.000000 #1.000000
v 1.940674 3.725830 0.368408 1.000000 1.000000 1.000000 #1.000000
v 1.128906 3.417480 0.419189 0.498039 0.498039 0.498039 #1.000000
v 1.325684 3.228271 -0.373535 1.000000 1.000000 1.000000 #1.000000
v 1.128906 3.417480 0.419189 0.498039 0.498039 0.498039 #1.000000
v 1.940674 3.725830 0.368408 1.000000 1.000000 1.000000 #1.000000
v 0.706787 2.783691 -0.374023 0.498039 0.498039 0.498039 #1.000000
v 0.197754 2.046387 0.284912 0.498039 0.498039 0.498039 #1.000000
v 1.325684 3.228271 -0.373535 1.000000 1.000000 1.000000 #1.000000
v 0.197754 2.046387 0.284912 0.498039 0.498039 0.498039 #1.000000
v 0.706787 2.783691 -0.374023 0.498039 0.498039 0.498039 #1.000000
v -0.110352 2.014160 -0.086914 0.498039 0.498039 0.498039 #1.000000
v -0.064697 2.518311 1.599609 1.000000 1.000000 1.000000 #1.000000
v 0.848633 2.577148 1.472412 1.000000 1.000000 1.000000 #1.000000
v 0.061523 2.022217 0.255371 0.498039 0.498039 0.498039 #1.000000
v 0.848633 2.577148 1.472412 1.000000 1.000000 1.000000 #1.000000
v 1.468506 3.049316 1.595947 1.000000 1.000000 1.000000 #1.000000
v 0.061523 2.022217 0.255371 0.498039 0.498039 0.498039 #1.000000
v 0.061523 2.022217 0.255371 0.498039 0.498039 0.498039 #1.000000
v -1.246338 2.815674 1.438965 0.498039 0.498039 0.498039 #1.000000
v -0.064697 2.518311 1.599609 1.000000 1.000000 1.000000 #1.000000
v -0.546631 2.192627 2.194336 0.498039 0.498039 0.498039 #1.000000
v 0.535889 1.863281 2.331055 0.498039 0.498039 0.498039 #1.000000
v -0.064697 2.518311 1.599609 1.000000 1.000000 1.000000 #1.000000
v 0.061523 2.022217 0.255371 0.498039 0.498039 0.498039 #1.000000
v -0.834961 2.754395 0.458496 0.498039 0.498039 0.498039 #1.000000
v -1.246338 2.815674 1.438965 0.498039 0.498039 0.498039 #1.000000
v -0.295410 2.245117 -0.396729 0.498039 0.498039 0.498039 #1.000000
v -0.834961 2.754395 0.458496 0.498039 0.498039 0.498039 #1.000000
v 0.061523 2.022217 0.255371 0.498039 0.498039 0.498039 #1.000000
v -0.546631 2.192627 2.194336 0.498039 0.498039 0.498039 #1.000000
v -0.064697 2.518311 1.599609 1.000000 1.000000 1.000000 #1.000000
v -1.246338 2.815674 1.438965 0.498039 0.498039 0.498039 #1.000000
v 0.848633 2.577148 1.472412 1.000000 1.000000 1.000000 #1.000000
v 0.535889 1.863281 2.331055 0.498039 0.498039 0.498039 #1.000000
v 1.271973 2.449219 2.266357 0.498039 0.498039 0.498039 #1.000000
v -0.064697 2.518311 1.599609 1.000000 1.000000 1.000000 #1.000000
v 0.535889 1.863281 2.331055 0.498039 0.498039 0.498039 #1.000000
v 0.848633 2.577148 1.472412 1.000000 1.000000 1.000000 #1.000000
v 1.271973 2.449219 2.266357 0.498039 0.498039 0.498039 #1.000000
v 1.468506 3.049316 1.595947 1.000000 1.000000 1.000000 #1.000000
v 0.848633 2.577148 1.472412 1.000000 1.000000 1.000000 #1.000000
v 1.556396 2.582764 1.983398 0.498039 0.498039 0.498039 #1.000000
v 1.468506 3.049316 1.595947 1.000000 1.000000 1.000000 #1.000000
v 1.271973 2.449219 2.266357 0.498039 0.498039 0.498039 #1.000000
v 0.061523 2.022217 0.255371 0.498039 0.498039 0.498039 #1.000000
v 0.753418 2.752197 0.450684 0.498039 0.498039 0.498039 #1.000000
v -0.030273 2.249268 -0.397705 0.498039 0.498039 0.498039 #1.000000
v 1.468506 3.049316 1.595947 1.000000 1.000000 1.000000 #1.000000
v 0.753418 2.752197 0.450684 0.498039 0.498039 0.498039 #1.000000
v 0.061523 2.022217 0.255371 0.498039 0.498039 0.498039 #1.000000
v -1.052490 3.061035 0.936035 0.498039 0.498039 0.498039 #1.000000
v -0.674316 3.091064 1.907471 0.498039 0.498039 0.498039 #1.000000
v -0.123291 2.097656 0.097900 0.498039 0.498039 0.498039 #1.000000
v -0.123291 2.097656 0.097900 0.498039 0.498039 0.498039 #1.000000
v -0.964844 3.183350 0.137695 0.498039 0.498039 0.498039 #1.000000
v -1.052490 3.061035 0.936035 0.498039 0.498039 0.498039 #1.000000
v -0.123291 2.097656 0.097900 0.498039 0.498039 0.498039 #1.000000
v -0.593994 3.507568 -1.014648 0.498039 0.498039 0.498039 #1.000000
v -0.964844 3.183350 0.137695 0.498039 0.498039 0.498039 #1.000000
v -1.951416 3.791016 0.870605 1.000000 1.000000 1.000000 #1.000000
v -0.964844 3.183350 0.137695 0.498039 0.498039 0.498039 #1.000000
v -1.671875 3.681152 -0.087891 1.000000 1.000000 1.000000 #1.000000
v 0.580811 2.174316 -0.204834 0.498039 0.498039 0.498039 #1.000000
v -0.593994 3.507568 -1.014648 0.498039 0.498039 0.498039 #1.000000
v -0.123291 2.097656 0.097900 0.498039 0.498039 0.498039 #1.000000
v -0.964844 3.183350 0.137695 0.498039 0.498039 0.498039 #1.000000
v -0.593994 3.507568 -1.014648 0.498039 0.498039 0.498039 #1.000000
v -1.671875 3.681152 -0.087891 1.000000 1.000000 1.000000 #1.000000
v -1.951416 3.791016 0.870605 1.000000 1.000000 1.000000 #1.000000
v -1.052490 3.061035 0.936035 0.498039 0.498039 0.498039 #1.000000
v -0.964844 3.183350 0.137695 0.498039 0.498039 0.498039 #1.000000
v -1.052490 3.061035 0.936035 0.498039 0.498039 0.498039 #1.000000
v -1.951416 3.791016 0.870605 1.000000 1.000000 1.000000 #1.000000
v -1.806396 3.631348 1.422363 1.000000 1.000000 1.000000 #1.000000
v -1.756348 3.364746 1.615234 1.000000 1.000000 1.000000 #1.000000
v -1.052490 3.061035 0.936035 0.498039 0.498039 0.498039 #1.000000
v -1.806396 3.631348 1.422363 1.000000 1.000000 1.000000 #1.000000
v -0.674316 3.091064 1.907471 0.498039 0.498039 0.498039 #1.000000
v -1.052490 3.061035 0.936035 0.498039 0.498039 0.498039 #1.000000
v -1.756348 3.364746 1.615234 1.000000 1.000000 1.000000 #1.000000
v 0.564697 2.122803 0.054688 0.498039 0.498039 0.498039 #1.000000
v -0.123291 2.097656 0.097900 0.498039 0.498039 0.498039 #1.000000
v -0.674316 3.091064 1.907471 0.498039 0.498039 0.498039 #1.000000
v -0.154053 3.858643 1.385986 0.498039 0.498039 0.498039 #1.000000
v -0.047119 2.136719 0.128662 0.498039 0.498039 0.498039 #1.000000
v -0.757080 3.930664 1.018066 0.498039 0.498039 0.498039 #1.000000
v -0.047119 2.136719 0.128662 0.498039 0.498039 0.498039 #1.000000
v -0.154053 3.858643 1.385986 0.498039 0.498039 0.498039 #1.000000
v 0.522949 2.945313 0.769775 0.498039 0.498039 0.498039 #1.000000
v -0.696289 3.140137 0.068359 0.498039 0.498039 0.498039 #1.000000
v -0.560059 3.185059 -0.371582 0.498039 0.498039 0.498039 #1.000000
v -0.939941 3.479492 -0.085938 0.498039 0.498039 0.498039 #1.000000
v -0.560059 3.185059 -0.371582 0.498039 0.498039 0.498039 #1.000000
v -0.696289 3.140137 0.068359 0.498039 0.498039 0.498039 #1.000000
v -0.047119 2.136719 0.128662 0.498039 0.498039 0.498039 #1.000000
v -0.757080 3.930664 1.018066 0.498039 0.498039 0.498039 #1.000000
v -0.047119 2.136719 0.128662 0.498039 0.498039 0.498039 #1.000000
v -0.696289 3.140137 0.068359 0.498039 0.498039 0.498039 #1.000000
v 0.255127 2.141846 -0.308105 0.498039 0.498039 0.498039 #1.000000
v -0.560059 3.185059 -0.371582 0.498039 0.498039 0.498039 #1.000000
v -0.047119 2.136719 0.128662 0.498039 0.498039 0.498039 #1.000000
v -0.560059 3.185059 -0.371582 0.498039 0.498039 0.498039 #1.000000
v 0.255127 2.141846 -0.308105 0.498039 0.498039 0.498039 #1.000000
v 0.165283 2.444092 -0.636719 0.498039 0.498039 0.498039 #1.000000
v 0.868896 2.993652 0.500244 0.498039 0.498039 0.498039 #1.000000
v 0.522949 2.945313 0.769775 0.498039 0.498039 0.498039 #1.000000
v 0.824707 3.198486 0.949951 0.498039 0.498039 0.498039 #1.000000
v 0.522949 2.945313 0.769775 0.498039 0.498039 0.498039 #1.000000
v 0.868896 2.993652 0.500244 0.498039 0.498039 0.498039 #1.000000
v -0.047119 2.136719 0.128662 0.498039 0.498039 0.498039 #1.000000
v 0.868896 2.993652 0.500244 0.498039 0.498039 0.498039 #1.000000
v 0.255127 2.141846 -0.308105 0.498039 0.498039 0.498039 #1.000000
v -0.047119 2.136719 0.128662 0.498039 0.498039 0.498039 #1.000000
v 0.255127 2.141846 -0.308105 0.498039 0.498039 0.498039 #1.000000
v 0.868896 2.993652 0.500244 0.498039 0.498039 0.498039 #1.000000
v 0.655029 2.394287 -0.323242 0.498039 0.498039 0.498039 #1.000000
v -0.939941 3.479492 -0.085938 0.498039 0.498039 0.498039 #1.000000
v -0.757080 3.930664 1.018066 0.498039 0.498039 0.498039 #1.000000
v -0.696289 3.140137 0.068359 0.498039 0.498039 0.498039 #1.000000
v -0.939941 3.479492 -0.085938 0.498039 0.498039 0.498039 #1.000000
v -1.154053 4.151611 1.453369 1.000000 1.000000 1.000000 #1.000000
v -0.757080 3.930664 1.018066 0.498039 0.498039 0.498039 #1.000000
v -0.154053 3.858643 1.385986 0.498039 0.498039 0.498039 #1.000000
v -1.154053 4.151611 1.453369 1.000000 1.000000 1.000000 #1.000000
v -0.291504 4.039307 2.010742 1.000000 1.000000 1.000000 #1.000000
v -1.154053 4.151611 1.453369 1.000000 1.000000 1.000000 #1.000000
v -0.154053 3.858643 1.385986 0.498039 0.498039 0.498039 #1.000000
v -0.757080 3.930664 1.018066 0.498039 0.498039 0.498039 #1.000000
v 0.824707 3.198486 0.949951 0.498039 0.498039 0.498039 #1.000000
v -0.154053 3.858643 1.385986 0.498039 0.498039 0.498039 #1.000000
v -0.291504 4.039307 2.010742 1.000000 1.000000 1.000000 #1.000000
v -0.154053 3.858643 1.385986 0.498039 0.498039 0.498039 #1.000000
v 0.824707 3.198486 0.949951 0.498039 0.498039 0.498039 #1.000000
v 0.522949 2.945313 0.769775 0.498039 0.498039 0.498039 #1.000000
v 0.744873 3.897217 1.021973 0.498039 0.498039 0.498039 #1.000000
v -0.214111 4.394287 1.385498 1.000000 1.000000 1.000000 #1.000000
v 1.280762 4.314453 1.322266 1.000000 1.000000 1.000000 #1.000000
v -0.214111 4.394287 1.385498 1.000000 1.000000 1.000000 #1.000000
v 0.744873 3.897217 1.021973 0.498039 0.498039 0.498039 #1.000000
v -0.130127 3.657715 0.859131 0.498039 0.498039 0.498039 #1.000000
v 0.409668 2.512207 0.628906 0.498039 0.498039 0.498039 #1.000000
v -0.130127 3.657715 0.859131 0.498039 0.498039 0.498039 #1.000000
v 0.744873 3.897217 1.021973 0.498039 0.498039 0.498039 #1.000000
v -0.130127 3.657715 0.859131 0.498039 0.498039 0.498039 #1.000000
v 0.409668 2.512207 0.628906 0.498039 0.498039 0.498039 #1.000000
v -0.212402 2.582764 0.597412 0.498039 0.498039 0.498039 #1.000000
v 1.150879 4.070313 0.070801 0.498039 0.498039 0.498039 #1.000000
v 0.877930 4.256104 -0.634766 1.000000 1.000000 1.000000 #1.000000
v 0.706787 3.747559 -0.566650 0.498039 0.498039 0.498039 #1.000000
v 1.732910 4.450684 0.325439 1.000000 1.000000 1.000000 #1.000000
v 0.877930 4.256104 -0.634766 1.000000 1.000000 1.000000 #1.000000
v 1.150879 4.070313 0.070801 0.498039 0.498039 0.498039 #1.000000
v 0.718018 2.504395 0.083252 0.498039 0.498039 0.498039 #1.000000
v 0.706787 3.747559 -0.566650 0.498039 0.498039 0.498039 #1.000000
v 0.404541 2.567383 -0.493652 0.498039 0.498039 0.498039 #1.000000
v 1.150879 4.070313 0.070801 0.498039 0.498039 0.498039 #1.000000
v 0.706787 3.747559 -0.566650 0.498039 0.498039 0.498039 #1.000000
v 0.718018 2.504395 0.083252 0.498039 0.498039 0.498039 #1.000000
v 1.732910 4.450684 0.325439 1.000000 1.000000 1.000000 #1.000000
v 0.744873 3.897217 1.021973 0.498039 0.498039 0.498039 #1.000000
v 1.280762 4.314453 1.322266 1.000000 1.000000 1.000000 #1.000000
v 1.150879 4.070313 0.070801 0.498039 0.498039 0.498039 #1.000000
v 0.744873 3.897217 1.021973 0.498039 0.498039 0.498039 #1.000000
v 1.732910 4.450684 0.325439 1.000000 1.000000 1.000000 #1.000000
v 1.150879 4.070313 0.070801 0.498039 0.498039 0.498039 #1.000000
v 0.409668 2.512207 0.628906 0.498039 0.498039 0.498039 #1.000000
v 0.744873 3.897217 1.021973 0.498039 0.498039 0.498039 #1.000000
v 0.718018 2.504395 0.083252 0.498039 0.498039 0.498039 #1.000000
v 0.409668 2.512207 0.628906 0.498039 0.498039 0.498039 #1.000000
v 1.150879 4.070313 0.070801 0.498039 0.498039 0.498039 #1.000000
v 0.446777 3.991699 -0.577393 0.498039 0.498039 0.498039 #1.000000
v 0.706787 3.747559 -0.566650 0.498039 0.498039 0.498039 #1.000000
v 0.877930 4.256104 -0.634766 1.000000 1.000000 1.000000 #1.000000
v 0.706787 3.747559 -0.566650 0.498039 0.498039 0.498039 #1.000000
v 0.446777 3.991699 -0.577393 0.498039 0.498039 0.498039 #1.000000
v 0.028320 3.317383 -0.737305 0.498039 0.498039 0.498039 #1.000000
v 0.028320 3.317383 -0.737305 0.498039 0.498039 0.498039 #1.000000
v 0.404541 2.567383 -0.493652 0.498039 0.498039 0.498039 #1.000000
v 0.706787 3.747559 -0.566650 0.498039 0.498039 0.498039 #1.000000
v 0.088379 2.587891 -0.582520 0.498039 0.498039 0.498039 #1.000000
v 0.404541 2.567383 -0.493652 0.498039 0.498039 0.498039 #1.000000
v 0.028320 3.317383 -0.737305 0.498039 0.498039 0.498039 #1.000000
v 0.028320 3.317383 -0.737305 0.498039 0.498039 0.498039 #1.000000
v -0.299072 2.628418 -0.416748 0.498039 0.498039 0.498039 #1.000000
v 0.088379 2.587891 -0.582520 0.498039 0.498039 0.498039 #1.000000
v -0.489746 3.024658 -0.381836 0.498039 0.498039 0.498039 #1.000000
v -0.299072 2.628418 -0.416748 0.498039 0.498039 0.498039 #1.000000
v 0.028320 3.317383 -0.737305 0.498039 0.498039 0.498039 #1.000000
v 0.028320 3.317383 -0.737305 0.498039 0.498039 0.498039 #1.000000
v -0.568115 3.552734 -0.194336 0.498039 0.498039 0.498039 #1.000000
v -0.489746 3.024658 -0.381836 0.498039 0.498039 0.498039 #1.000000
v 0.446777 3.991699 -0.577393 0.498039 0.498039 0.498039 #1.000000
v -0.568115 3.552734 -0.194336 0.498039 0.498039 0.498039 #1.000000
v 0.028320 3.317383 -0.737305 0.498039 0.498039 0.498039 #1.000000
v -0.249756 3.043213 -0.213623 0.498039 0.498039 0.498039 #1.000000
v -0.526123 2.645752 0.020264 0.498039 0.498039 0.498039 #1.000000
v -0.286377 2.634277 -0.260254 0.498039 0.498039 0.498039 #1.000000
v -0.416748 3.258789 -0.038086 0.498039 0.498039 0.498039 #1.000000
v -0.526123 2.645752 0.020264 0.498039 0.498039 0.498039 #1.000000
v -0.249756 3.043213 -0.213623 0.498039 0.498039 0.498039 #1.000000
v -0.416748 3.258789 -0.038086 0.498039 0.498039 0.498039 #1.000000
v -0.228027 3.525391 -0.167236 0.498039 0.498039 0.498039 #1.000000
v -0.327637 3.799561 -0.036865 0.498039 0.498039 0.498039 #1.000000
v -0.228027 3.525391 -0.167236 0.498039 0.498039 0.498039 #1.000000
v -0.416748 3.258789 -0.038086 0.498039 0.498039 0.498039 #1.000000
v -0.249756 3.043213 -0.213623 0.498039 0.498039 0.498039 #1.000000
v -0.431641 3.259766 0.396484 0.498039 0.498039 0.498039 #1.000000
v -0.327637 3.799561 -0.036865 0.498039 0.498039 0.498039 #1.000000
v -0.691162 4.107910 0.629395 1.000000 1.000000 1.000000 #1.000000
v -0.416748 3.258789 -0.038086 0.498039 0.498039 0.498039 #1.000000
v -0.327637 3.799561 -0.036865 0.498039 0.498039 0.498039 #1.000000
v -0.431641 3.259766 0.396484 0.498039 0.498039 0.498039 #1.000000
v -0.431641 3.259766 0.396484 0.498039 0.498039 0.498039 #1.000000
v -0.526123 2.645752 0.020264 0.498039 0.498039 0.498039 #1.000000
v -0.416748 3.258789 -0.038086 0.498039 0.498039 0.498039 #1.000000
v -0.450195 2.603027 0.338867 0.498039 0.498039 0.498039 #1.000000
v -0.526123 2.645752 0.020264 0.498039 0.498039 0.498039 #1.000000
v -0.431641 3.259766 0.396484 0.498039 0.498039 0.498039 #1.000000
v -0.431641 3.259766 0.396484 0.498039 0.498039 0.498039 #1.000000
v -0.212402 2.582764 0.597412 0.498039 0.498039 0.498039 #1.000000
v -0.450195 2.603027 0.338867 0.498039 0.498039 0.498039 #1.000000
v -0.130127 3.657715 0.859131 0.498039 0.498039 0.498039 #1.000000
v -0.212402 2.582764 0.597412 0.498039 0.498039 0.498039 #1.000000
v -0.431641 3.259766 0.396484 0.498039 0.498039 0.498039 #1.000000
v -0.130127 3.657715 0.859131 0.498039 0.498039 0.498039 #1.000000
v -0.691162 4.107910 0.629395 1.000000 1.000000 1.000000 #1.000000
v -0.214111 4.394287 1.385498 1.000000 1.000000 1.000000 #1.000000
v -0.691162 4.107910 0.629395 1.000000 1.000000 1.000000 #1.000000
v -0.130127 3.657715 0.859131 0.498039 0.498039 0.498039 #1.000000
v -0.431641 3.259766 0.396484 0.498039 0.498039 0.498039 #1.000000
v 0.218262 1.843262 0.174072 0.498039 0.498039 0.498039 #1.000000
v 0.136230 4.199707 -0.101563 1.000000 1.000000 1.000000 #1.000000
v -0.160889 4.080566 0.169922 1.000000 1.000000 1.000000 #1.000000
v 0.218262 1.843262 0.174072 0.498039 0.498039 0.498039 #1.000000
v 0.569092 4.354492 0.034424 1.000000 1.000000 1.000000 #1.000000
v 0.136230 4.199707 -0.101563 1.000000 1.000000 1.000000 #1.000000
v 0.218262 1.843262 0.174072 0.498039 0.498039 0.498039 #1.000000
v -0.041504 4.109863 0.592773 1.000000 1.000000 1.000000 #1.000000
v 0.370117 4.053467 0.736572 1.000000 1.000000 1.000000 #1.000000
v 0.370117 4.053467 0.736572 1.000000 1.000000 1.000000 #1.000000
v 0.667236 4.172607 0.464844 1.000000 1.000000 1.000000 #1.000000
v 0.218262 1.843262 0.174072 0.498039 0.498039 0.498039 #1.000000
v 0.218262 1.843262 0.174072 0.498039 0.498039 0.498039 #1.000000
v 0.667236 4.172607 0.464844 1.000000 1.000000 1.000000 #1.000000
v 0.569092 4.354492 0.034424 1.000000 1.000000 1.000000 #1.000000
v 0.218262 1.843262 0.174072 0.498039 0.498039 0.498039 #1.000000
v -0.160889 4.080566 0.169922 1.000000 1.000000 1.000000 #1.000000
v -0.041504 4.109863 0.592773 1.000000 1.000000 1.000000 #1.000000
v 1.593506 2.885010 1.138428 0.498039 0.498039 0.498039 #1.000000
v 1.461670 2.906738 -0.083008 0.498039 0.498039 0.498039 #1.000000
v 0.034424 2.026611 0.474365 0.498039 0.498039 0.498039 #1.000000
v 1.461670 2.906738 -0.083008 0.498039 0.498039 0.498039 #1.000000
v 1.063477 3.122070 -0.888916 0.498039 0.498039 0.498039 #1.000000
v 0.034424 2.026611 0.474365 0.498039 0.498039 0.498039 #1.000000
v 1.063477 3.122070 -0.888916 0.498039 0.498039 0.498039 #1.000000
v 0.895752 3.731445 -1.360840 1.000000 1.000000 1.000000 #1.000000
v 0.034424 2.026611 0.474365 0.498039 0.498039 0.498039 #1.000000
v 1.458496 3.316895 -1.268311 1.000000 1.000000 1.000000 #1.000000
v 2.108398 2.630615 -0.994385 0.498039 0.498039 0.498039 #1.000000
v 1.706787 3.318115 -1.499756 0.498039 0.498039 0.498039 #1.000000
v 1.945068 3.057617 -0.622070 1.000000 1.000000 1.000000 #1.000000
v 2.108398 2.630615 -0.994385 0.498039 0.498039 0.498039 #1.000000
v 1.458496 3.316895 -1.268311 1.000000 1.000000 1.000000 #1.000000
v 0.034424 2.026611 0.474365 0.498039 0.498039 0.498039 #1.000000
v 0.572754 2.638672 0.960449 0.498039 0.498039 0.498039 #1.000000
v 1.593506 2.885010 1.138428 0.498039 0.498039 0.498039 #1.000000
v 1.945068 3.057617 -0.622070 1.000000 1.000000 1.000000 #1.000000
v 2.226807 2.666992 0.138428 0.498039 0.498039 0.498039 #1.000000
v 2.108398 2.630615 -0.994385 0.498039 0.498039 0.498039 #1.000000
v 2.226807 2.666992 0.138428 0.498039 0.498039 0.498039 #1.000000
v 1.945068 3.057617 -0.622070 1.000000 1.000000 1.000000 #1.000000
v 1.923828 2.829102 0.627686 1.000000 1.000000 1.000000 #1.000000
v 1.923828 2.829102 0.627686 1.000000 1.000000 1.000000 #1.000000
v 1.461670 2.906738 -0.083008 0.498039 0.498039 0.498039 #1.000000
v 1.593506 2.885010 1.138428 0.498039 0.498039 0.498039 #1.000000
v 1.945068 3.057617 -0.622070 1.000000 1.000000 1.000000 #1.000000
v 1.461670 2.906738 -0.083008 0.498039 0.498039 0.498039 #1.000000
v 1.923828 2.829102 0.627686 1.000000 1.000000 1.000000 #1.000000
v 1.945068 3.057617 -0.622070 1.000000 1.000000 1.000000 #1.000000
v 1.063477 3.122070 -0.888916 0.498039 0.498039 0.498039 #1.000000
v 1.461670 2.906738 -0.083008 0.498039 0.498039 0.498039 #1.000000
v 1.063477 3.122070 -0.888916 0.498039 0.498039 0.498039 #1.000000
v 1.945068 3.057617 -0.622070 1.000000 1.000000 1.000000 #1.000000
v 1.458496 3.316895 -1.268311 1.000000 1.000000 1.000000 #1.000000
v 1.458496 3.316895 -1.268311 1.000000 1.000000 1.000000 #1.000000
v 1.706787 3.318115 -1.499756 0.498039 0.498039 0.498039 #1.000000
v 1.331299 3.424072 -1.662842 0.498039 0.498039 0.498039 #1.000000
v 1.458496 3.316895 -1.268311 1.000000 1.000000 1.000000 #1.000000
v 0.895752 3.731445 -1.360840 1.000000 1.000000 1.000000 #1.000000
v 1.063477 3.122070 -0.888916 0.498039 0.498039 0.498039 #1.000000
v 1.331299 3.424072 -1.662842 0.498039 0.498039 0.498039 #1.000000
v 0.895752 3.731445 -1.360840 1.000000 1.000000 1.000000 #1.000000
v 1.458496 3.316895 -1.268311 1.000000 1.000000 1.000000 #1.000000
v 0.034424 2.026611 0.474365 0.498039 0.498039 0.498039 #1.000000
v 0.895752 3.731445 -1.360840 1.000000 1.000000 1.000000 #1.000000
v 0.101318 2.975830 -0.518555 0.498039 0.498039 0.498039 #1.000000
v -0.144531 3.040771 -0.843750 0.498039 0.498039 0.498039 #1.000000
v -1.024170 3.020752 -0.559814 0.498039 0.498039 0.498039 #1.000000
v -0.156006 1.758545 0.419189 0.498039 0.498039 0.498039 #1.000000
v 1.068848 3.204834 -0.741699 0.498039 0.498039 0.498039 #1.000000
v -0.144531 3.040771 -0.843750 0.498039 0.498039 0.498039 #1.000000
v -0.156006 1.758545 0.419189 0.498039 0.498039 0.498039 #1.000000
v -1.024170 3.020752 -0.559814 0.498039 0.498039 0.498039 #1.000000
v -1.611816 3.483643 -0.310303 1.000000 1.000000 1.000000 #1.000000
v -0.156006 1.758545 0.419189 0.498039 0.498039 0.498039 #1.000000
v -0.162354 2.950928 -1.705322 1.000000 1.000000 1.000000 #1.000000
v -0.893311 2.885254 -1.704102 0.498039 0.498039 0.498039 #1.000000
v -0.626221 3.276611 -1.353027 1.000000 1.000000 1.000000 #1.000000
v -0.162354 2.950928 -1.705322 1.000000 1.000000 1.000000 #1.000000
v -0.144531 3.040771 -0.843750 0.498039 0.498039 0.498039 #1.000000
v 1.068848 3.204834 -0.741699 0.498039 0.498039 0.498039 #1.000000
v -0.626221 3.276611 -1.353027 1.000000 1.000000 1.000000 #1.000000
v -0.144531 3.040771 -0.843750 0.498039 0.498039 0.498039 #1.000000
v -0.162354 2.950928 -1.705322 1.000000 1.000000 1.000000 #1.000000
v -1.370361 3.287354 -0.942871 1.000000 1.000000 1.000000 #1.000000
v -0.893311 2.885254 -1.704102 0.498039 0.498039 0.498039 #1.000000
v -1.560547 3.342285 -1.218750 0.498039 0.498039 0.498039 #1.000000
v -0.626221 3.276611 -1.353027 1.000000 1.000000 1.000000 #1.000000
v -0.893311 2.885254 -1.704102 0.498039 0.498039 0.498039 #1.000000
v -1.370361 3.287354 -0.942871 1.000000 1.000000 1.000000 #1.000000
v 0.790771 2.622314 0.105225 0.498039 0.498039 0.498039 #1.000000
v 1.068848 3.204834 -0.741699 0.498039 0.498039 0.498039 #1.000000
v -0.156006 1.758545 0.419189 0.498039 0.498039 0.498039 #1.000000
v -0.626221 3.276611 -1.353027 1.000000 1.000000 1.000000 #1.000000
v -1.024170 3.020752 -0.559814 0.498039 0.498039 0.498039 #1.000000
v -0.144531 3.040771 -0.843750 0.498039 0.498039 0.498039 #1.000000
v -1.024170 3.020752 -0.559814 0.498039 0.498039 0.498039 #1.000000
v -0.626221 3.276611 -1.353027 1.000000 1.000000 1.000000 #1.000000
v -1.370361 3.287354 -0.942871 1.000000 1.000000 1.000000 #1.000000
v -1.370361 3.287354 -0.942871 1.000000 1.000000 1.000000 #1.000000
v -1.560547 3.342285 -1.218750 0.498039 0.498039 0.498039 #1.000000
v -1.791504 3.301270 -0.866943 0.498039 0.498039 0.498039 #1.000000
v -1.370361 3.287354 -0.942871 1.000000 1.000000 1.000000 #1.000000
v -1.611816 3.483643 -0.310303 1.000000 1.000000 1.000000 #1.000000
v -1.024170 3.020752 -0.559814 0.498039 0.498039 0.498039 #1.000000
v -1.791504 3.301270 -0.866943 0.498039 0.498039 0.498039 #1.000000
v -1.611816 3.483643 -0.310303 1.000000 1.000000 1.000000 #1.000000
v -1.370361 3.287354 -0.942871 1.000000 1.000000 1.000000 #1.000000
v -0.156006 1.758545 0.419189 0.498039 0.498039 0.498039 #1.000000
v -1.611816 3.483643 -0.310303 1.000000 1.000000 1.000000 #1.000000
v -0.776367 2.614746 0.366211 0.498039 0.498039 0.498039 #1.000000
v -0.598389 2.372070 0.233154 0.498039 0.498039 0.498039 #1.000000
v -0.308594 4.326660 0.469238 0.498039 0.498039 0.498039 #1.000000
v -0.007080 4.371582 -0.278320 0.498039 0.498039 0.498039 #1.000000
v -0.374756 2.405518 -0.322021 0.498039 0.498039 0.498039 #1.000000
v -0.598389 2.372070 0.233154 0.498039 0.498039 0.498039 #1.000000
v -0.007080 4.371582 -0.278320 0.498039 0.498039 0.498039 #1.000000
v -0.295654 4.200439 0.828613 0.498039 0.498039 0.498039 #1.000000
v -0.308594 4.326660 0.469238 0.498039 0.498039 0.498039 #1.000000
v -0.598389 2.372070 0.233154 0.498039 0.498039 0.498039 #1.000000
v -0.598389 2.372070 0.233154 0.498039 0.498039 0.498039 #1.000000
v -0.505859 2.288086 0.516357 0.498039 0.498039 0.498039 #1.000000
v -0.295654 4.200439 0.828613 0.498039 0.498039 0.498039 #1.000000
v 0.319580 4.142578 1.073242 0.498039 0.498039 0.498039 #1.000000
v -0.295654 4.200439 0.828613 0.498039 0.498039 0.498039 #1.000000
v -0.505859 2.288086 0.516357 0.498039 0.498039 0.498039 #1.000000
v -0.505859 2.288086 0.516357 0.498039 0.498039 0.498039 #1.000000
v -0.067139 2.168457 0.687012 0.498039 0.498039 0.498039 #1.000000
v 0.319580 4.142578 1.073242 0.498039 0.498039 0.498039 #1.000000
v 0.536621 3.829346 0.785889 0.498039 0.498039 0.498039 #1.000000
v 0.319580 4.142578 1.073242 0.498039 0.498039 0.498039 #1.000000
v -0.067139 2.168457 0.687012 0.498039 0.498039 0.498039 #1.000000
v -0.067139 2.168457 0.687012 0.498039 0.498039 0.498039 #1.000000
v 0.206055 2.152588 0.546387 0.498039 0.498039 0.498039 #1.000000
v 0.536621 3.829346 0.785889 0.498039 0.498039 0.498039 #1.000000
v 0.838135 3.874512 0.038086 0.498039 0.498039 0.498039 #1.000000
v 0.536621 3.829346 0.785889 0.498039 0.498039 0.498039 #1.000000
v 0.206055 2.152588 0.546387 0.498039 0.498039 0.498039 #1.000000
v 0.206055 2.152588 0.546387 0.498039 0.498039 0.498039 #1.000000
v 0.429932 2.186279 -0.008545 0.498039 0.498039 0.498039 #1.000000
v 0.838135 3.874512 0.038086 0.498039 0.498039 0.498039 #1.000000
v 0.329346 2.227783 -0.296875 0.498039 0.498039 0.498039 #1.000000
v 0.870117 4.225098 -0.292480 0.498039 0.498039 0.498039 #1.000000
v 0.838135 3.874512 0.038086 0.498039 0.498039 0.498039 #1.000000
v 0.429932 2.186279 -0.008545 0.498039 0.498039 0.498039 #1.000000
v 0.329346 2.227783 -0.296875 0.498039 0.498039 0.498039 #1.000000
v 0.838135 3.874512 0.038086 0.498039 0.498039 0.498039 #1.000000
v 0.254639 4.282715 -0.537354 0.498039 0.498039 0.498039 #1.000000
v 0.870117 4.225098 -0.292480 0.498039 0.498039 0.498039 #1.000000
v 0.329346 2.227783 -0.296875 0.498039 0.498039 0.498039 #1.000000
v 0.329346 2.227783 -0.296875 0.498039 0.498039 0.498039 #1.000000
v -0.109131 2.347412 -0.467773 0.498039 0.498039 0.498039 #1.000000
v 0.254639 4.282715 -0.537354 0.498039 0.498039 0.498039 #1.000000
v -0.374756 2.405518 -0.322021 0.498039 0.498039 0.498039 #1.000000
v -0.007080 4.371582 -0.278320 0.498039 0.498039 0.498039 #1.000000
v 0.254639 4.282715 -0.537354 0.498039 0.498039 0.498039 #1.000000
v -0.109131 2.347412 -0.467773 0.498039 0.498039 0.498039 #1.000000
v -0.374756 2.405518 -0.322021 0.498039 0.498039 0.498039 #1.000000
v 0.254639 4.282715 -0.537354 0.498039 0.498039 0.498039 #1.000000
v 0.197754 2.046387 0.284912 0.498039 0.498039 0.498039 #1.000000
v 1.325684 3.228271 -0.373535 1.000000 1.000000 1.000000 #1.000000
v 1.128906 3.417480 0.419189 0.498039 0.498039 0.498039 #1.000000
v 0.687012 3.312988 1.266602 0.498039 0.498039 0.498039 #1.000000
v 0.197754 2.046387 0.284912 0.498039 0.498039 0.498039 #1.000000
v 1.128906 3.417480 0.419189 0.498039 0.498039 0.498039 #1.000000
v -0.034912 3.000977 1.669922 0.498039 0.498039 0.498039 #1.000000
v 0.197754 2.046387 0.284912 0.498039 0.498039 0.498039 #1.000000
v 0.687012 3.312988 1.266602 0.498039 0.498039 0.498039 #1.000000
v 0.865479 3.480225 2.183594 0.498039 0.498039 0.498039 #1.000000
v 0.687012 3.312988 1.266602 0.498039 0.498039 0.498039 #1.000000
v 1.572510 4.035889 1.304443 1.000000 1.000000 1.000000 #1.000000
v 1.572510 4.035889 1.304443 1.000000 1.000000 1.000000 #1.000000
v 0.687012 3.312988 1.266602 0.498039 0.498039 0.498039 #1.000000
v 1.128906 3.417480 0.419189 0.498039 0.498039 0.498039 #1.000000
v -0.237305 2.544189 1.120850 0.498039 0.498039 0.498039 #1.000000
v -0.258789 1.969727 0.160400 0.498039 0.498039 0.498039 #1.000000
v 0.197754 2.046387 0.284912 0.498039 0.498039 0.498039 #1.000000
v -0.034912 3.000977 1.669922 0.498039 0.498039 0.498039 #1.000000
v -0.237305 2.544189 1.120850 0.498039 0.498039 0.498039 #1.000000
v 0.197754 2.046387 0.284912 0.498039 0.498039 0.498039 #1.000000
v 0.119141 3.089600 2.048828 0.498039 0.498039 0.498039 #1.000000
v -0.034912 3.000977 1.669922 0.498039 0.498039 0.498039 #1.000000
v 0.687012 3.312988 1.266602 0.498039 0.498039 0.498039 #1.000000
v 0.865479 3.480225 2.183594 0.498039 0.498039 0.498039 #1.000000
v 0.119141 3.089600 2.048828 0.498039 0.498039 0.498039 #1.000000
v 0.687012 3.312988 1.266602 0.498039 0.498039 0.498039 #1.000000
v 1.572510 4.035889 1.304443 1.000000 1.000000 1.000000 #1.000000
v 1.128906 3.417480 0.419189 0.498039 0.498039 0.498039 #1.000000
v 1.940674 3.725830 0.368408 1.000000 1.000000 1.000000 #1.000000
v 1.325684 3.228271 -0.373535 1.000000 1.000000 1.000000 #1.000000
v 1.940674 3.725830 0.368408 1.000000 1.000000 1.000000 #1.000000
v 1.128906 3.417480 0.419189 0.498039 0.498039 0.498039 #1.000000
v 0.706787 2.783691 -0.374023 0.498039 0.498039 0.498039 #1.000000
v 1.325684 3.228271 -0.373535 1.000000 1.000000 1.000000 #1.000000
v 0.197754 2.046387 0.284912 0.498039 0.498039 0.498039 #1.000000
v 0.197754 2.046387 0.284912 0.498039 0.498039 0.498039 #1.000000
v -0.110352 2.014160 -0.086914 0.498039 0.498039 0.498039 #1.000000
v 0.706787 2.783691 -0.374023 0.498039 0.498039 0.498039 #1.000000
v -0.064697 2.518311 1.599609 1.000000 1.000000 1.000000 #1.000000
v 0.061523 2.022217 0.255371 0.498039 0.498039 0.498039 #1.000000
v 0.848633 2.577148 1.472412 1.000000 1.000000 1.000000 #1.000000
v 0.848633 2.577148 1.472412 1.000000 1.000000 1.000000 #1.000000
v 0.061523 2.022217 0.255371 0.498039 0.498039 0.498039 #1.000000
v 1.468506 3.049316 1.595947 1.000000 1.000000 1.000000 #1.000000
v 0.061523 2.022217 0.255371 0.498039 0.498039 0.498039 #1.000000
v -0.064697 2.518311 1.599609 1.000000 1.000000 1.000000 #1.000000
v -1.246338 2.815674 1.438965 0.498039 0.498039 0.498039 #1.000000
v -0.546631 2.192627 2.194336 0.498039 0.498039 0.498039 #1.000000
v -0.064697 2.518311 1.599609 1.000000 1.000000 1.000000 #1.000000
v 0.535889 1.863281 2.331055 0.498039 0.498039 0.498039 #1.000000
v 0.061523 2.022217 0.255371 0.498039 0.498039 0.498039 #1.000000
v -1.246338 2.815674 1.438965 0.498039 0.498039 0.498039 #1.000000
v -0.834961 2.754395 0.458496 0.498039 0.498039 0.498039 #1.000000
v -0.295410 2.245117 -0.396729 0.498039 0.498039 0.498039 #1.000000
v 0.061523 2.022217 0.255371 0.498039 0.498039 0.498039 #1.000000
v -0.834961 2.754395 0.458496 0.498039 0.498039 0.498039 #1.000000
v -0.546631 2.192627 2.194336 0.498039 0.498039 0.498039 #1.000000
v -1.246338 2.815674 1.438965 0.498039 0.498039 0.498039 #1.000000
v -0.064697 2.518311 1.599609 1.000000 1.000000 1.000000 #1.000000
v 0.848633 2.577148 1.472412 1.000000 1.000000 1.000000 #1.000000
v 1.271973 2.449219 2.266357 0.498039 0.498039 0.498039 #1.000000
v 0.535889 1.863281 2.331055 0.498039 0.498039 0.498039 #1.000000
v -0.064697 2.518311 1.599609 1.000000 1.000000 1.000000 #1.000000
v 0.848633 2.577148 1.472412 1.000000 1.000000 1.000000 #1.000000
v 0.535889 1.863281 2.331055 0.498039 0.498039 0.498039 #1.000000
v 1.271973 2.449219 2.266357 0.498039 0.498039 0.498039 #1.000000
v 0.848633 2.577148 1.472412 1.000000 1.000000 1.000000 #1.000000
v 1.468506 3.049316 1.595947 1.000000 1.000000 1.000000 #1.000000
v 1.556396 2.582764 1.983398 0.498039 0.498039 0.498039 #1.000000
v 1.271973 2.449219 2.266357 0.498039 0.498039 0.498039 #1.000000
v 1.468506 3.049316 1.595947 1.000000 1.000000 1.000000 #1.000000
v 0.061523 2.022217 0.255371 0.498039 0.498039 0.498039 #1.000000
v -0.030273 2.249268 -0.397705 0.498039 0.498039 0.498039 #1.000000
v 0.753418 2.752197 0.450684 0.498039 0.498039 0.498039 #1.000000
v 1.468506 3.049316 1.595947 1.000000 1.000000 1.000000 #1.000000
v 0.061523 2.022217 0.255371 0.498039 0.498039 0.498039 #1.000000
v 0.753418 2.752197 0.450684 0.498039 0.498039 0.498039 #1.000000
v -1.052490 3.061035 0.936035 0.498039 0.498039 0.498039 #1.000000
v -0.123291 2.097656 0.097900 0.498039 0.498039 0.498039 #1.000000
v -0.674316 3.091064 1.907471 0.498039 0.498039 0.498039 #1.000000
v -0.123291 2.097656 0.097900 0.498039 0.498039 0.498039 #1.000000
v -1.052490 3.061035 0.936035 0.498039 0.498039 0.498039 #1.000000
v -0.964844 3.183350 0.137695 0.498039 0.498039 0.498039 #1.000000
v -0.123291 2.097656 0.097900 0.498039 0.498039 0.498039 #1.000000
v -0.964844 3.183350 0.137695 0.498039 0.498039 0.498039 #1.000000
v -0.593994 3.507568 -1.014648 0.498039 0.498039 0.498039 #1.000000
v -1.951416 3.791016 0.870605 1.000000 1.000000 1.000000 #1.000000
v -1.671875 3.681152 -0.087891 1.000000 1.000000 1.000000 #1.000000
v -0.964844 3.183350 0.137695 0.498039 0.498039 0.498039 #1.000000
v 0.580811 2.174316 -0.204834 0.498039 0.498039 0.498039 #1.000000
v -0.123291 2.097656 0.097900 0.498039 0.498039 0.498039 #1.000000
v -0.593994 3.507568 -1.014648 0.498039 0.498039 0.498039 #1.000000
v -0.964844 3.183350 0.137695 0.498039 0.498039 0.498039 #1.000000
v -1.671875 3.681152 -0.087891 1.000000 1.000000 1.000000 #1.000000
v -0.593994 3.507568 -1.014648 0.498039 0.498039 0.498039 #1.000000
v -1.951416 3.791016 0.870605 1.000000 1.000000 1.000000 #1.000000
v -0.964844 3.183350 0.137695 0.498039 0.498039 0.498039 #1.000000
v -1.052490 3.061035 0.936035 0.498039 0.498039 0.498039 #1.000000
v -1.052490 3.061035 0.936035 0.498039 0.498039 0.498039 #1.000000
v -1.806396 3.631348 1.422363 1.000000 1.000000 1.000000 #1.000000
v -1.951416 3.791016 0.870605 1.000000 1.000000 1.000000 #1.000000
v -1.756348 3.364746 1.615234 1.000000 1.000000 1.000000 #1.000000
v -1.806396 3.631348 1.422363 1.000000 1.000000 1.000000 #1.000000
v -1.052490 3.061035 0.936035 0.498039 0.498039 0.498039 #1.000000
v -0.674316 3.091064 1.907471 0.498039 0.498039 0.498039 #1.000000
v -1.756348 3.364746 1.615234 1.000000 1.000000 1.000000 #1.000000
v -1.052490 3.061035 0.936035 0.498039 0.498039 0.498039 #1.000000
v 0.564697 2.122803 0.054688 0.498039 0.498039 0.498039 #1.000000
v -0.674316 3.091064 1.907471 0.498039 0.498039 0.498039 #1.000000
v -0.123291 2.097656 0.097900 0.498039 0.498039 0.498039 #1.000000
v -0.154053 3.858643 1.385986 0.498039 0.498039 0.498039 #1.000000
v -0.757080 3.930664 1.018066 0.498039 0.498039 0.498039 #1.000000
v -0.047119 2.136719 0.128662 0.498039 0.498039 0.498039 #1.000000
v -0.047119 2.136719 0.128662 0.498039 0.498039 0.498039 #1.000000
v 0.522949 2.945313 0.769775 0.498039 0.498039 0.498039 #1.000000
v -0.154053 3.858643 1.385986 0.498039 0.498039 0.498039 #1.000000
v -0.696289 3.140137 0.068359 0.498039 0.498039 0.498039 #1.000000
v -0.939941 3.479492 -0.085938 0.498039 0.498039 0.498039 #1.000000
v -0.560059 3.185059 -0.371582 0.498039 0.498039 0.498039 #1.000000
v -0.560059 3.185059 -0.371582 0.498039 0.498039 0.498039 #1.000000
v -0.047119 2.136719 0.128662 0.498039 0.498039 0.498039 #1.000000
v -0.696289 3.140137 0.068359 0.498039 0.498039 0.498039 #1.000000
v -0.757080 3.930664 1.018066 0.498039 0.498039 0.498039 #1.000000
v -0.696289 3.140137 0.068359 0.498039 0.498039 0.498039 #1.000000
v -0.047119 2.136719 0.128662 0.498039 0.498039 0.498039 #1.000000
v 0.255127 2.141846 -0.308105 0.498039 0.498039 0.498039 #1.000000
v -0.047119 2.136719 0.128662 0.498039 0.498039 0.498039 #1.000000
v -0.560059 3.185059 -0.371582 0.498039 0.498039 0.498039 #1.000000
v -0.560059 3.185059 -0.371582 0.498039 0.498039 0.498039 #1.000000
v 0.165283 2.444092 -0.636719 0.498039 0.498039 0.498039 #1.000000
v 0.255127 2.141846 -0.308105 0.498039 0.498039 0.498039 #1.000000
v 0.868896 2.993652 0.500244 0.498039 0.498039 0.498039 #1.000000
v 0.824707 3.198486 0.949951 0.498039 0.498039 0.498039 #1.000000
v 0.522949 2.945313 0.769775 0.498039 0.498039 0.498039 #1.000000
v 0.522949 2.945313 0.769775 0.498039 0.498039 0.498039 #1.000000
v -0.047119 2.136719 0.128662 0.498039 0.498039 0.498039 #1.000000
v 0.868896 2.993652 0.500244 0.498039 0.498039 0.498039 #1.000000
v 0.868896 2.993652 0.500244 0.498039 0.498039 0.498039 #1.000000
v -0.047119 2.136719 0.128662 0.498039 0.498039 0.498039 #1.000000
v 0.255127 2.141846 -0.308105 0.498039 0.498039 0.498039 #1.000000
v 0.255127 2.141846 -0.308105 0.498039 0.498039 0.498039 #1.000000
v 0.655029 2.394287 -0.323242 0.498039 0.498039 0.498039 #1.000000
v 0.868896 2.993652 0.500244 0.498039 0.498039 0.498039 #1.000000
v -0.939941 3.479492 -0.085938 0.498039 0.498039 0.498039 #1.000000
v -0.696289 3.140137 0.068359 0.498039 0.498039 0.498039 #1.000000
v -0.757080 3.930664 1.018066 0.498039 0.498039 0.498039 #1.000000
v -0.939941 3.479492 -0.085938 0.498039 0.498039 0.498039 #1.000000
v -0.757080 3.930664 1.018066 0.498039 0.498039 0.498039 #1.000000
v -1.154053 4.151611 1.453369 1.000000 1.000000 1.000000 #1.000000
v -0.154053 3.858643 1.385986 0.498039 0.498039 0.498039 #1.000000
v -0.291504 4.039307 2.010742 1.000000 1.000000 1.000000 #1.000000
v -1.154053 4.151611 1.453369 1.000000 1.000000 1.000000 #1.000000
v -1.154053 4.151611 1.453369 1.000000 1.000000 1.000000 #1.000000
v -0.757080 3.930664 1.018066 0.498039 0.498039 0.498039 #1.000000
v -0.154053 3.858643 1.385986 0.498039 0.498039 0.498039 #1.000000
v 0.824707 3.198486 0.949951 0.498039 0.498039 0.498039 #1.000000
v -0.291504 4.039307 2.010742 1.000000 1.000000 1.000000 #1.000000
v -0.154053 3.858643 1.385986 0.498039 0.498039 0.498039 #1.000000
v -0.154053 3.858643 1.385986 0.498039 0.498039 0.498039 #1.000000
v 0.522949 2.945313 0.769775 0.498039 0.498039 0.498039 #1.000000
v 0.824707 3.198486 0.949951 0.498039 0.498039 0.498039 #1.000000
v 0.744873 3.897217 1.021973 0.498039 0.498039 0.498039 #1.000000
v 1.280762 4.314453 1.322266 1.000000 1.000000 1.000000 #1.000000
v -0.214111 4.394287 1.385498 1.000000 1.000000 1.000000 #1.000000
v -0.214111 4.394287 1.385498 1.000000 1.000000 1.000000 #1.000000
v -0.130127 3.657715 0.859131 0.498039 0.498039 0.498039 #1.000000
v 0.744873 3.897217 1.021973 0.498039 0.498039 0.498039 #1.000000
v 0.409668 2.512207 0.628906 0.498039 0.498039 0.498039 #1.000000
v 0.744873 3.897217 1.021973 0.498039 0.498039 0.498039 #1.000000
v -0.130127 3.657715 0.859131 0.498039 0.498039 0.498039 #1.000000
v -0.130127 3.657715 0.859131 0.498039 0.498039 0.498039 #1.000000
v -0.212402 2.582764 0.597412 0.498039 0.498039 0.498039 #1.000000
v 0.409668 2.512207 0.628906 0.498039 0.498039 0.498039 #1.000000
v 1.150879 4.070313 0.070801 0.498039 0.498039 0.498039 #1.000000
v 0.706787 3.747559 -0.566650 0.498039 0.498039 0.498039 #1.000000
v 0.877930 4.256104 -0.634766 1.000000 1.000000 1.000000 #1.000000
v 1.732910 4.450684 0.325439 1.000000 1.000000 1.000000 #1.000000
v 1.150879 4.070313 0.070801 0.498039 0.498039 0.498039 #1.000000
v 0.877930 4.256104 -0.634766 1.000000 1.000000 1.000000 #1.000000
v 0.718018 2.504395 0.083252 0.498039 0.498039 0.498039 #1.000000
v 0.404541 2.567383 -0.493652 0.498039 0.498039 0.498039 #1.000000
v 0.706787 3.747559 -0.566650 0.498039 0.498039 0.498039 #1.000000
v 1.150879 4.070313 0.070801 0.498039 0.498039 0.498039 #1.000000
v 0.718018 2.504395 0.083252 0.498039 0.498039 0.498039 #1.000000
v 0.706787 3.747559 -0.566650 0.498039 0.498039 0.498039 #1.000000
v 1.732910 4.450684 0.325439 1.000000 1.000000 1.000000 #1.000000
v 1.280762 4.314453 1.322266 1.000000 1.000000 1.000000 #1.000000
v 0.744873 3.897217 1.021973 0.498039 0.498039 0.498039 #1.000000
v 1.150879 4.070313 0.070801 0.498039 0.498039 0.498039 #1.000000
v 1.732910 4.450684 0.325439 1.000000 1.000000 1.000000 #1.000000
v 0.744873 3.897217 1.021973 0.498039 0.498039 0.498039 #1.000000
v 1.150879 4.070313 0.070801 0.498039 0.498039 0.498039 #1.000000
v 0.744873 3.897217 1.021973 0.498039 0.498039 0.498039 #1.000000
v 0.409668 2.512207 0.628906 0.498039 0.498039 0.498039 #1.000000
v 0.718018 2.504395 0.083252 0.498039 0.498039 0.498039 #1.000000
v 1.150879 4.070313 0.070801 0.498039 0.498039 0.498039 #1.000000
v 0.409668 2.512207 0.628906 0.498039 0.498039 0.498039 #1.000000
v 0.446777 3.991699 -0.577393 0.498039 0.498039 0.498039 #1.000000
v 0.877930 4.256104 -0.634766 1.000000 1.000000 1.000000 #1.000000
v 0.706787 3.747559 -0.566650 0.498039 0.498039 0.498039 #1.000000
v 0.706787 3.747559 -0.566650 0.498039 0.498039 0.498039 #1.000000
v 0.028320 3.317383 -0.737305 0.498039 0.498039 0.498039 #1.000000
v 0.446777 3.991699 -0.577393 0.498039 0.498039 0.498039 #1.000000
v 0.028320 3.317383 -0.737305 0.498039 0.498039 0.498039 #1.000000
v 0.706787 3.747559 -0.566650 0.498039 0.498039 0.498039 #1.000000
v 0.404541 2.567383 -0.493652 0.498039 0.498039 0.498039 #1.000000
v 0.088379 2.587891 -0.582520 0.498039 0.498039 0.498039 #1.000000
v 0.028320 3.317383 -0.737305 0.498039 0.498039 0.498039 #1.000000
v 0.404541 2.567383 -0.493652 0.498039 0.498039 0.498039 #1.000000
v 0.028320 3.317383 -0.737305 0.498039 0.498039 0.498039 #1.000000
v 0.088379 2.587891 -0.582520 0.498039 0.498039 0.498039 #1.000000
v -0.299072 2.628418 -0.416748 0.498039 0.498039 0.498039 #1.000000
v -0.489746 3.024658 -0.381836 0.498039 0.498039 0.498039 #1.000000
v 0.028320 3.317383 -0.737305 0.498039 0.498039 0.498039 #1.000000
v -0.299072 2.628418 -0.416748 0.498039 0.498039 0.498039 #1.000000
v 0.028320 3.317383 -0.737305 0.498039 0.498039 0.498039 #1.000000
v -0.489746 3.024658 -0.381836 0.498039 0.498039 0.498039 #1.000000
v -0.568115 3.552734 -0.194336 0.498039 0.498039 0.498039 #1.000000
v 0.446777 3.991699 -0.577393 0.498039 0.498039 0.498039 #1.000000
v 0.028320 3.317383 -0.737305 0.498039 0.498039 0.498039 #1.000000
v -0.568115 3.552734 -0.194336 0.498039 0.498039 0.498039 #1.000000
v -0.249756 3.043213 -0.213623 0.498039 0.498039 0.498039 #1.000000
v -0.286377 2.634277 -0.260254 0.498039 0.498039 0.498039 #1.000000
v -0.526123 2.645752 0.020264 0.498039 0.498039 0.498039 #1.000000
v -0.416748 3.258789 -0.038086 0.498039 0.498039 0.498039 #1.000000
v -0.249756 3.043213 -0.213623 0.498039 0.498039 0.498039 #1.000000
v -0.526123 2.645752 0.020264 0.498039 0.498039 0.498039 #1.000000
v -0.416748 3.258789 -0.038086 0.498039 0.498039 0.498039 #1.000000
v -0.327637 3.799561 -0.036865 0.498039 0.498039 0.498039 #1.000000
v -0.228027 3.525391 -0.167236 0.498039 0.498039 0.498039 #1.000000
v -0.228027 3.525391 -0.167236 0.498039 0.498039 0.498039 #1.000000
v -0.249756 3.043213 -0.213623 0.498039 0.498039 0.498039 #1.000000
v -0.416748 3.258789 -0.038086 0.498039 0.498039 0.498039 #1.000000
v -0.431641 3.259766 0.396484 0.498039 0.498039 0.498039 #1.000000
v -0.691162 4.107910 0.629395 1.000000 1.000000 1.000000 #1.000000
v -0.327637 3.799561 -0.036865 0.498039 0.498039 0.498039 #1.000000
v -0.416748 3.258789 -0.038086 0.498039 0.498039 0.498039 #1.000000
v -0.431641 3.259766 0.396484 0.498039 0.498039 0.498039 #1.000000
v -0.327637 3.799561 -0.036865 0.498039 0.498039 0.498039 #1.000000
v -0.431641 3.259766 0.396484 0.498039 0.498039 0.498039 #1.000000
v -0.416748 3.258789 -0.038086 0.498039 0.498039 0.498039 #1.000000
v -0.526123 2.645752 0.020264 0.498039 0.498039 0.498039 #1.000000
v -0.450195 2.603027 0.338867 0.498039 0.498039 0.498039 #1.000000
v -0.431641 3.259766 0.396484 0.498039 0.498039 0.498039 #1.000000
v -0.526123 2.645752 0.020264 0.498039 0.498039 0.498039 #1.000000
v -0.431641 3.259766 0.396484 0.498039 0.498039 0.498039 #1.000000
v -0.450195 2.603027 0.338867 0.498039 0.498039 0.498039 #1.000000
v -0.212402 2.582764 0.597412 0.498039 0.498039 0.498039 #1.000000
v -0.130127 3.657715 0.859131 0.498039 0.498039 0.498039 #1.000000
v -0.431641 3.259766 0.396484 0.498039 0.498039 0.498039 #1.000000
v -0.212402 2.582764 0.597412 0.498039 0.498039 0.498039 #1.000000
v -0.130127 3.657715 0.859131 0.498039 0.498039 0.498039 #1.000000
v -0.214111 4.394287 1.385498 1.000000 1.000000 1.000000 #1.000000
v -0.691162 4.107910 0.629395 1.000000 1.000000 1.000000 #1.000000
v -0.691162 4.107910 0.629395 1.000000 1.000000 1.000000 #1.000000
v -0.431641 3.259766 0.396484 0.498039 0.498039 0.498039 #1.000000
v -0.130127 3.657715 0.859131 0.498039 0.498039 0.498039 #1.000000
v 0.218262 1.843262 0.174072 0.498039 0.498039 0.498039 #1.000000
v -0.160889 4.080566 0.169922 1.000000 1.000000 1.000000 #1.000000
v 0.136230 4.199707 -0.101563 1.000000 1.000000 1.000000 #1.000000
v 0.218262 1.843262 0.174072 0.498039 0.498039 0.498039 #1.000000
v 0.136230 4.199707 -0.101563 1.000000 1.000000 1.000000 #1.000000
v 0.569092 4.354492 0.034424 1.000000 1.000000 1.000000 #1.000000
v 0.218262 1.843262 0.174072 0.498039 0.498039 0.498039 #1.000000
v 0.370117 4.053467 0.736572 1.000000 1.000000 1.000000 #1.000000
v -0.041504 4.109863 0.592773 1.000000 1.000000 1.000000 #1.000000
v 0.370117 4.053467 0.736572 1.000000 1.000000 1.000000 #1.000000
v 0.218262 1.843262 0.174072 0.498039 0.498039 0.498039 #1.000000
v 0.667236 4.172607 0.464844 1.000000 1.000000 1.000000 #1.000000
v 0.218262 1.843262 0.174072 0.498039 0.498039 0.498039 #1.000000
v 0.569092 4.354492 0.034424 1.000000 1.000000 1.000000 #1.000000
v 0.667236 4.172607 0.464844 1.000000 1.000000 1.000000 #1.000000
v 0.218262 1.843262 0.174072 0.498039 0.498039 0.498039 #1.000000
v -0.041504 4.109863 0.592773 1.000000 1.000000 1.000000 #1.000000
v -0.160889 4.080566 0.169922 1.000000 1.000000 1.000000 #1.000000
v 1.593506 2.885010 1.138428 0.498039 0.498039 0.498039 #1.000000
v 0.034424 2.026611 0.474365 0.498039 0.498039 0.498039 #1.000000
v 1.461670 2.906738 -0.083008 0.498039 0.498039 0.498039 #1.000000
v 1.461670 2.906738 -0.083008 0.498039 0.498039 0.498039 #1.000000
v 0.034424 2.026611 0.474365 0.498039 0.498039 0.498039 #1.000000
v 1.063477 3.122070 -0.888916 0.498039 0.498039 0.498039 #1.000000
v 1.063477 3.122070 -0.888916 0.498039 0.498039 0.498039 #1.000000
v 0.034424 2.026611 0.474365 0.498039 0.498039 0.498039 #1.000000
v 0.895752 3.731445 -1.360840 1.000000 1.000000 1.000000 #1.000000
v 1.458496 3.316895 -1.268311 1.000000 1.000000 1.000000 #1.000000
v 1.706787 3.318115 -1.499756 0.498039 0.498039 0.498039 #1.000000
v 2.108398 2.630615 -0.994385 0.498039 0.498039 0.498039 #1.000000
v 1.945068 3.057617 -0.622070 1.000000 1.000000 1.000000 #1.000000
v 1.458496 3.316895 -1.268311 1.000000 1.000000 1.000000 #1.000000
v 2.108398 2.630615 -0.994385 0.498039 0.498039 0.498039 #1.000000
v 0.034424 2.026611 0.474365 0.498039 0.498039 0.498039 #1.000000
v 1.593506 2.885010 1.138428 0.498039 0.498039 0.498039 #1.000000
v 0.572754 2.638672 0.960449 0.498039 0.498039 0.498039 #1.000000
v 1.945068 3.057617 -0.622070 1.000000 1.000000 1.000000 #1.000000
v 2.108398 2.630615 -0.994385 0.498039 0.498039 0.498039 #1.000000
v 2.226807 2.666992 0.138428 0.498039 0.498039 0.498039 #1.000000
v 2.226807 2.666992 0.138428 0.498039 0.498039 0.498039 #1.000000
v 1.923828 2.829102 0.627686 1.000000 1.000000 1.000000 #1.000000
v 1.945068 3.057617 -0.622070 1.000000 1.000000 1.000000 #1.000000
v 1.923828 2.829102 0.627686 1.000000 1.000000 1.000000 #1.000000
v 1.593506 2.885010 1.138428 0.498039 0.498039 0.498039 #1.000000
v 1.461670 2.906738 -0.083008 0.498039 0.498039 0.498039 #1.000000
v 1.945068 3.057617 -0.622070 1.000000 1.000000 1.000000 #1.000000
v 1.923828 2.829102 0.627686 1.000000 1.000000 1.000000 #1.000000
v 1.461670 2.906738 -0.083008 0.498039 0.498039 0.498039 #1.000000
v 1.945068 3.057617 -0.622070 1.000000 1.000000 1.000000 #1.000000
v 1.461670 2.906738 -0.083008 0.498039 0.498039 0.498039 #1.000000
v 1.063477 3.122070 -0.888916 0.498039 0.498039 0.498039 #1.000000
v 1.063477 3.122070 -0.888916 0.498039 0.498039 0.498039 #1.000000
v 1.458496 3.316895 -1.268311 1.000000 1.000000 1.000000 #1.000000
v 1.945068 3.057617 -0.622070 1.000000 1.000000 1.000000 #1.000000
v 1.458496 3.316895 -1.268311 1.000000 1.000000 1.000000 #1.000000
v 1.331299 3.424072 -1.662842 0.498039 0.498039 0.498039 #1.000000
v 1.706787 3.318115 -1.499756 0.498039 0.498039 0.498039 #1.000000
v 1.458496 3.316895 -1.268311 1.000000 1.000000 1.000000 #1.000000
v 1.063477 3.122070 -0.888916 0.498039 0.498039 0.498039 #1.000000
v 0.895752 3.731445 -1.360840 1.000000 1.000000 1.000000 #1.000000
v 1.331299 3.424072 -1.662842 0.498039 0.498039 0.498039 #1.000000
v 1.458496 3.316895 -1.268311 1.000000 1.000000 1.000000 #1.000000
v 0.895752 3.731445 -1.360840 1.000000 1.000000 1.000000 #1.000000
v 0.034424 2.026611 0.474365 0.498039 0.498039 0.498039 #1.000000
v 0.101318 2.975830 -0.518555 0.498039 0.498039 0.498039 #1.000000
v 0.895752 3.731445 -1.360840 1.000000 1.000000 1.000000 #1.000000
v -0.144531 3.040771 -0.843750 0.498039 0.498039 0.498039 #1.000000
v -0.156006 1.758545 0.419189 0.498039 0.498039 0.498039 #1.000000
v -1.024170 3.020752 -0.559814 0.498039 0.498039 0.498039 #1.000000
v 1.068848 3.204834 -0.741699 0.498039 0.498039 0.498039 #1.000000
v -0.156006 1.758545 0.419189 0.498039 0.498039 0.498039 #1.000000
v -0.144531 3.040771 -0.843750 0.498039 0.498039 0.498039 #1.000000
v -1.024170 3.020752 -0.559814 0.498039 0.498039 0.498039 #1.000000
v -0.156006 1.758545 0.419189 0.498039 0.498039 0.498039 #1.000000
v -1.611816 3.483643 -0.310303 1.000000 1.000000 1.000000 #1.000000
v -0.162354 2.950928 -1.705322 1.000000 1.000000 1.000000 #1.000000
v -0.626221 3.276611 -1.353027 1.000000 1.000000 1.000000 #1.000000
v -0.893311 2.885254 -1.704102 0.498039 0.498039 0.498039 #1.000000
v -0.162354 2.950928 -1.705322 1.000000 1.000000 1.000000 #1.000000
v 1.068848 3.204834 -0.741699 0.498039 0.498039 0.498039 #1.000000
v -0.144531 3.040771 -0.843750 0.498039 0.498039 0.498039 #1.000000
v -0.626221 3.276611 -1.353027 1.000000 1.000000 1.000000 #1.000000
v -0.162354 2.950928 -1.705322 1.000000 1.000000 1.000000 #1.000000
v -0.144531 3.040771 -0.843750 0.498039 0.498039 0.498039 #1.000000
v -1.370361 3.287354 -0.942871 1.000000 1.000000 1.000000 #1.000000
v -1.560547 3.342285 -1.218750 0.498039 0.498039 0.498039 #1.000000
v -0.893311 2.885254 -1.704102 0.498039 0.498039 0.498039 #1.000000
v -0.626221 3.276611 -1.353027 1.000000 1.000000 1.000000 #1.000000
v -1.370361 3.287354 -0.942871 1.000000 1.000000 1.000000 #1.000000
v -0.893311 2.885254 -1.704102 0.498039 0.498039 0.498039 #1.000000
v 0.790771 2.622314 0.105225 0.498039 0.498039 0.498039 #1.000000
v -0.156006 1.758545 0.419189 0.498039 0.498039 0.498039 #1.000000
v 1.068848 3.204834 -0.741699 0.498039 0.498039 0.498039 #1.000000
v -0.626221 3.276611 -1.353027 1.000000 1.000000 1.000000 #1.000000
v -0.144531 3.040771 -0.843750 0.498039 0.498039 0.498039 #1.000000
v -1.024170 3.020752 -0.559814 0.498039 0.498039 0.498039 #1.000000
v -1.024170 3.020752 -0.559814 0.498039 0.498039 0.498039 #1.000000
v -1.370361 3.287354 -0.942871 1.000000 1.000000 1.000000 #1.000000
v -0.626221 3.276611 -1.353027 1.000000 1.000000 1.000000 #1.000000
v -1.370361 3.287354 -0.942871 1.000000 1.000000 1.000000 #1.000000
v -1.791504 3.301270 -0.866943 0.498039 0.498039 0.498039 #1.000000
v -1.560547 3.342285 -1.218750 0.498039 0.498039 0.498039 #1.000000
v -1.370361 3.287354 -0.942871 1.000000 1.000000 1.000000 #1.000000
v -1.024170 3.020752 -0.559814 0.498039 0.498039 0.498039 #1.000000
v -1.611816 3.483643 -0.310303 1.000000 1.000000 1.000000 #1.000000
v -1.791504 3.301270 -0.866943 0.498039 0.498039 0.498039 #1.000000
v -1.370361 3.287354 -0.942871 1.000000 1.000000 1.000000 #1.000000
v -1.611816 3.483643 -0.310303 1.000000 1.000000 1.000000 #1.000000
v -0.156006 1.758545 0.419189 0.498039 0.498039 0.498039 #1.000000
v -0.776367 2.614746 0.366211 0.498039 0.498039 0.498039 #1.000000
v -1.611816 3.483643 -0.310303 1.000000 1.000000 1.000000 #1.000000
v -0.592773 0.111084 -0.539551 0.498039 0.498039 0.498039 #1.000000
v 0.000000 2.236816 0.267578 0.498039 0.498039 0.498039 #1.000000
v -0.479248 0.057861 -0.521484 0.498039 0.498039 0.498039 #1.000000
v -0.592773 0.111084 -0.539551 0.498039 0.498039 0.498039 #1.000000
v -0.121582 2.263916 0.243408 0.498039 0.498039 0.498039 #1.000000
v 0.000000 2.236816 0.267578 0.498039 0.498039 0.498039 #1.000000
v 0.066895 2.260986 0.162842 0.498039 0.498039 0.498039 #1.000000
v -0.479248 0.057861 -0.521484 0.498039 0.498039 0.498039 #1.000000
v 0.000000 2.236816 0.267578 0.498039 0.498039 0.498039 #1.000000
v -0.479248 0.057861 -0.521484 0.498039 0.498039 0.498039 #1.000000
v 0.066895 2.260986 0.162842 0.498039 0.498039 0.498039 #1.000000
v -0.413574 0.067139 -0.629639 0.498039 0.498039 0.498039 #1.000000
v -0.121582 2.263916 0.243408 0.498039 0.498039 0.498039 #1.000000
v -0.413574 0.067139 -0.629639 0.498039 0.498039 0.498039 #1.000000
v 0.066895 2.260986 0.162842 0.498039 0.498039 0.498039 #1.000000
v -0.413574 0.067139 -0.629639 0.498039 0.498039 0.498039 #1.000000
v -0.121582 2.263916 0.243408 0.498039 0.498039 0.498039 #1.000000
v -0.592773 0.111084 -0.539551 0.498039 0.498039 0.498039 #1.000000
v 1.381836 1.904053 1.004883 0.498039 0.498039 0.498039 #1.000000
v -0.270752 0.799072 -0.368652 0.498039 0.498039 0.498039 #1.000000
v 1.412842 1.862793 0.995605 0.498039 0.498039 0.498039 #1.000000
v -0.270752 0.799072 -0.368652 0.498039 0.498039 0.498039 #1.000000
v 1.381836 1.904053 1.004883 0.498039 0.498039 0.498039 #1.000000
v -0.359375 0.916992 -0.342285 0.498039 0.498039 0.498039 #1.000000
v -0.303223 2.567383 -1.025879 0.498039 0.498039 0.498039 #1.000000
v -0.214111 1.035400 -0.258057 0.498039 0.498039 0.498039 #1.000000
v -0.204346 1.100342 -0.123291 0.498039 0.498039 0.498039 #1.000000
v -0.303223 2.567383 -1.025879 0.498039 0.498039 0.498039 #1.000000
v -0.306396 2.544678 -1.072998 0.498039 0.498039 0.498039 #1.000000
v -0.214111 1.035400 -0.258057 0.498039 0.498039 0.498039 #1.000000
v -1.847168 2.399902 0.552490 0.498039 0.498039 0.498039 #1.000000
v -0.211182 0.950928 -0.310303 0.498039 0.498039 0.498039 #1.000000
v -0.247314 0.860107 -0.196533 0.498039 0.498039 0.498039 #1.000000
v -0.211182 0.950928 -0.310303 0.498039 0.498039 0.498039 #1.000000
v -1.847168 2.399902 0.552490 0.498039 0.498039 0.498039 #1.000000
v -1.834473 2.431641 0.512695 0.498039 0.498039 0.498039 #1.000000
v -0.247314 0.860107 -0.196533 0.498039 0.498039 0.498039 #1.000000
v -1.860352 2.414307 0.503662 0.498039 0.498039 0.498039 #1.000000
v -1.847168 2.399902 0.552490 0.498039 0.498039 0.498039 #1.000000
v -1.860352 2.414307 0.503662 0.498039 0.498039 0.498039 #1.000000
v -0.247314 0.860107 -0.196533 0.498039 0.498039 0.498039 #1.000000
v -0.285156 0.901123 -0.335693 0.498039 0.498039 0.498039 #1.000000
v -0.270752 0.799072 -0.368652 0.498039 0.498039 0.498039 #1.000000
v 1.376465 1.882080 1.028076 0.498039 0.498039 0.498039 #1.000000
v 1.412842 1.862793 0.995605 0.498039 0.498039 0.498039 #1.000000
v 1.376465 1.882080 1.028076 0.498039 0.498039 0.498039 #1.000000
v -0.270752 0.799072 -0.368652 0.498039 0.498039 0.498039 #1.000000
v -0.374512 0.854248 -0.275635 0.498039 0.498039 0.498039 #1.000000
v -0.306396 2.544678 -1.072998 0.498039 0.498039 0.498039 #1.000000
v -0.293457 1.100098 -0.148682 0.498039 0.498039 0.498039 #1.000000
v -0.214111 1.035400 -0.258057 0.498039 0.498039 0.498039 #1.000000
v -0.293457 1.100098 -0.148682 0.498039 0.498039 0.498039 #1.000000
v -0.306396 2.544678 -1.072998 0.498039 0.498039 0.498039 #1.000000
v -0.334229 2.567139 -1.034668 0.498039 0.498039 0.498039 #1.000000
v -0.303223 2.567383 -1.025879 0.498039 0.498039 0.498039 #1.000000
v -0.293457 1.100098 -0.148682 0.498039 0.498039 0.498039 #1.000000
v -0.334229 2.567139 -1.034668 0.498039 0.498039 0.498039 #1.000000
v -0.293457 1.100098 -0.148682 0.498039 0.498039 0.498039 #1.000000
v -0.303223 2.567383 -1.025879 0.498039 0.498039 0.498039 #1.000000
v -0.204346 1.100342 -0.123291 0.498039 0.498039 0.498039 #1.000000
v -0.285156 0.901123 -0.335693 0.498039 0.498039 0.498039 #1.000000
v -1.834473 2.431641 0.512695 0.498039 0.498039 0.498039 #1.000000
v -1.860352 2.414307 0.503662 0.498039 0.498039 0.498039 #1.000000
v -0.211182 0.950928 -0.310303 0.498039 0.498039 0.498039 #1.000000
v -1.834473 2.431641 0.512695 0.498039 0.498039 0.498039 #1.000000
v -0.285156 0.901123 -0.335693 0.498039 0.498039 0.498039 #1.000000
v -0.374512 0.854248 -0.275635 0.498039 0.498039 0.498039 #1.000000
v 1.381836 1.904053 1.004883 0.498039 0.498039 0.498039 #1.000000
v 1.376465 1.882080 1.028076 0.498039 0.498039 0.498039 #1.000000
v -0.359375 0.916992 -0.342285 0.498039 0.498039 0.498039 #1.000000
v 1.381836 1.904053 1.004883 0.498039 0.498039 0.498039 #1.000000
v -0.374512 0.854248 -0.275635 0.498039 0.498039 0.498039 #1.000000
v -0.237549 1.601074 0.027344 0.498039 0.498039 0.498039 #1.000000
v 0.206055 2.152588 0.546387 0.498039 0.498039 0.498039 #1.000000
v 0.429932 2.186279 -0.008545 0.498039 0.498039 0.498039 #1.000000
v -0.237549 1.601074 0.027344 0.498039 0.498039 0.498039 #1.000000
v -0.374756 2.405518 -0.322021 0.498039 0.498039 0.498039 #1.000000
v -0.598389 2.372070 0.233154 0.498039 0.498039 0.498039 #1.000000
v 1.438232 1.890381 1.006592 0.498039 0.498039 0.498039 #1.000000
v 1.972900 2.277588 0.646240 0.498039 0.498039 0.498039 #1.000000
v 1.615967 1.932861 1.160156 0.498039 0.498039 0.498039 #1.000000
v 1.655518 2.195557 0.440918 0.498039 0.498039 0.498039 #1.000000
v 1.972900 2.277588 0.646240 0.498039 0.498039 0.498039 #1.000000
v 1.438232 1.890381 1.006592 0.498039 0.498039 0.498039 #1.000000
v 1.972900 2.277588 0.646240 0.498039 0.498039 0.498039 #1.000000
v 2.245361 1.723389 1.604736 0.498039 0.498039 0.498039 #1.000000
v 1.615967 1.932861 1.160156 0.498039 0.498039 0.498039 #1.000000
v 0.887207 1.563965 0.577881 0.498039 0.498039 0.498039 #1.000000
v 1.655518 2.195557 0.440918 0.498039 0.498039 0.498039 #1.000000
v 1.438232 1.890381 1.006592 0.498039 0.498039 0.498039 #1.000000
v 1.438232 1.890381 1.006592 0.498039 0.498039 0.498039 #1.000000
v 1.240967 2.014160 1.787598 0.498039 0.498039 0.498039 #1.000000
v 0.976563 1.951416 1.499756 0.498039 0.498039 0.498039 #1.000000
v 1.615967 1.932861 1.160156 0.498039 0.498039 0.498039 #1.000000
v 1.240967 2.014160 1.787598 0.498039 0.498039 0.498039 #1.000000
v 1.438232 1.890381 1.006592 0.498039 0.498039 0.498039 #1.000000
v 1.615967 1.932861 1.160156 0.498039 0.498039 0.498039 #1.000000
v 2.245361 1.723389 1.604736 0.498039 0.498039 0.498039 #1.000000
v 1.240967 2.014160 1.787598 0.498039 0.498039 0.498039 #1.000000
v 1.438232 1.890381 1.006592 0.498039 0.498039 0.498039 #1.000000
v 0.976563 1.951416 1.499756 0.498039 0.498039 0.498039 #1.000000
v 0.887207 1.563965 0.577881 0.498039 0.498039 0.498039 #1.000000
v 0.366943 1.423096 0.744385 0.498039 0.498039 0.498039 #1.000000
v 0.883301 1.606201 1.447998 0.498039 0.498039 0.498039 #1.000000
v 0.348633 1.409180 1.385986 0.498039 0.498039 0.498039 #1.000000
v 0.865234 1.567871 0.684814 0.498039 0.498039 0.498039 #1.000000
v 0.883301 1.606201 1.447998 0.498039 0.498039 0.498039 #1.000000
v 0.366943 1.423096 0.744385 0.498039 0.498039 0.498039 #1.000000
v 0.883301 1.606201 1.447998 0.498039 0.498039 0.498039 #1.000000
v 0.315918 1.005371 2.261963 0.498039 0.498039 0.498039 #1.000000
v 0.348633 1.409180 1.385986 0.498039 0.498039 0.498039 #1.000000
v 0.378906 1.243896 0.178711 0.498039 0.498039 0.498039 #1.000000
v 0.865234 1.567871 0.684814 0.498039 0.498039 0.498039 #1.000000
v 0.366943 1.423096 0.744385 0.498039 0.498039 0.498039 #1.000000
v 0.366943 1.423096 0.744385 0.498039 0.498039 0.498039 #1.000000
v -0.179443 1.628418 1.418457 0.498039 0.498039 0.498039 #1.000000
v -0.120605 1.588623 0.657227 0.498039 0.498039 0.498039 #1.000000
v 0.348633 1.409180 1.385986 0.498039 0.498039 0.498039 #1.000000
v -0.179443 1.628418 1.418457 0.498039 0.498039 0.498039 #1.000000
v 0.366943 1.423096 0.744385 0.498039 0.498039 0.498039 #1.000000
v 0.348633 1.409180 1.385986 0.498039 0.498039 0.498039 #1.000000
v 0.315918 1.005371 2.261963 0.498039 0.498039 0.498039 #1.000000
v -0.179443 1.628418 1.418457 0.498039 0.498039 0.498039 #1.000000
v 0.366943 1.423096 0.744385 0.498039 0.498039 0.498039 #1.000000
v -0.120605 1.588623 0.657227 0.498039 0.498039 0.498039 #1.000000
v 0.378906 1.243896 0.178711 0.498039 0.498039 0.498039 #1.000000
v 0.970703 1.640381 -0.183594 0.498039 0.498039 0.498039 #1.000000
v 1.216309 1.987549 -1.260986 0.498039 0.498039 0.498039 #1.000000
v 1.623535 1.727051 -0.695068 0.498039 0.498039 0.498039 #1.000000
v 0.479736 1.814209 -0.618164 0.498039 0.498039 0.498039 #1.000000
v 1.216309 1.987549 -1.260986 0.498039 0.498039 0.498039 #1.000000
v 0.970703 1.640381 -0.183594 0.498039 0.498039 0.498039 #1.000000
v 1.216309 1.987549 -1.260986 0.498039 0.498039 0.498039 #1.000000
v 2.261963 1.656982 -1.078125 0.498039 0.498039 0.498039 #1.000000
v 1.623535 1.727051 -0.695068 0.498039 0.498039 0.498039 #1.000000
v 0.423340 1.317627 0.252197 0.498039 0.498039 0.498039 #1.000000
v 0.479736 1.814209 -0.618164 0.498039 0.498039 0.498039 #1.000000
v 0.970703 1.640381 -0.183594 0.498039 0.498039 0.498039 #1.000000
v 0.970703 1.640381 -0.183594 0.498039 0.498039 0.498039 #1.000000
v 2.065430 2.018311 -0.172119 0.498039 0.498039 0.498039 #1.000000
v 1.267578 1.842773 0.391602 0.498039 0.498039 0.498039 #1.000000
v 1.623535 1.727051 -0.695068 0.498039 0.498039 0.498039 #1.000000
v 2.065430 2.018311 -0.172119 0.498039 0.498039 0.498039 #1.000000
v 0.970703 1.640381 -0.183594 0.498039 0.498039 0.498039 #1.000000
v 1.623535 1.727051 -0.695068 0.498039 0.498039 0.498039 #1.000000
v 2.261963 1.656982 -1.078125 0.498039 0.498039 0.498039 #1.000000
v 2.065430 2.018311 -0.172119 0.498039 0.498039 0.498039 #1.000000
v 0.970703 1.640381 -0.183594 0.498039 0.498039 0.498039 #1.000000
v 1.267578 1.842773 0.391602 0.498039 0.498039 0.498039 #1.000000
v 0.423340 1.317627 0.252197 0.498039 0.498039 0.498039 #1.000000
v -0.477539 2.652344 -1.396240 0.498039 0.498039 0.498039 #1.000000
v -1.188721 2.876465 -1.742920 0.498039 0.498039 0.498039 #1.000000
v -0.720703 2.720459 -1.931885 0.498039 0.498039 0.498039 #1.000000
v -0.866699 2.748047 -1.129150 0.498039 0.498039 0.498039 #1.000000
v -1.188721 2.876465 -1.742920 0.498039 0.498039 0.498039 #1.000000
v -0.477539 2.652344 -1.396240 0.498039 0.498039 0.498039 #1.000000
v -1.188721 2.876465 -1.742920 0.498039 0.498039 0.498039 #1.000000
v -0.991943 2.676025 -2.446045 0.498039 0.498039 0.498039 #1.000000
v -0.720703 2.720459 -1.931885 0.498039 0.498039 0.498039 #1.000000
v -0.260010 2.418457 -0.951904 0.498039 0.498039 0.498039 #1.000000
v -0.866699 2.748047 -1.129150 0.498039 0.498039 0.498039 #1.000000
v -0.477539 2.652344 -1.396240 0.498039 0.498039 0.498039 #1.000000
v -0.477539 2.652344 -1.396240 0.498039 0.498039 0.498039 #1.000000
v -0.294922 2.955322 -2.138672 0.498039 0.498039 0.498039 #1.000000
v -0.037598 2.821289 -1.496338 0.498039 0.498039 0.498039 #1.000000
v -0.720703 2.720459 -1.931885 0.498039 0.498039 0.498039 #1.000000
v -0.294922 2.955322 -2.138672 0.498039 0.498039 0.498039 #1.000000
v -0.477539 2.652344 -1.396240 0.498039 0.498039 0.498039 #1.000000
v -0.720703 2.720459 -1.931885 0.498039 0.498039 0.498039 #1.000000
v -0.991943 2.676025 -2.446045 0.498039 0.498039 0.498039 #1.000000
v -0.294922 2.955322 -2.138672 0.498039 0.498039 0.498039 #1.000000
v -0.477539 2.652344 -1.396240 0.498039 0.498039 0.498039 #1.000000
v -0.037598 2.821289 -1.496338 0.498039 0.498039 0.498039 #1.000000
v -0.260010 2.418457 -0.951904 0.498039 0.498039 0.498039 #1.000000
v -1.846436 2.419922 0.568359 0.498039 0.498039 0.498039 #1.000000
v -2.023193 2.777344 1.006836 0.498039 0.498039 0.498039 #1.000000
v -2.040527 2.542480 0.683838 0.498039 0.498039 0.498039 #1.000000
v -1.669434 2.561279 0.953613 0.498039 0.498039 0.498039 #1.000000
v -2.023193 2.777344 1.006836 0.498039 0.498039 0.498039 #1.000000
v -1.846436 2.419922 0.568359 0.498039 0.498039 0.498039 #1.000000
v -2.023193 2.777344 1.006836 0.498039 0.498039 0.498039 #1.000000
v -2.387451 2.699951 0.813965 0.498039 0.498039 0.498039 #1.000000
v -2.040527 2.542480 0.683838 0.498039 0.498039 0.498039 #1.000000
v -1.301025 1.953857 0.286621 0.498039 0.498039 0.498039 #1.000000
v -1.669434 2.561279 0.953613 0.498039 0.498039 0.498039 #1.000000
v -1.846436 2.419922 0.568359 0.498039 0.498039 0.498039 #1.000000
v -1.846436 2.419922 0.568359 0.498039 0.498039 0.498039 #1.000000
v -2.154541 2.871582 0.348877 0.498039 0.498039 0.498039 #1.000000
v -1.867188 2.765381 0.215576 0.498039 0.498039 0.498039 #1.000000
v -2.040527 2.542480 0.683838 0.498039 0.498039 0.498039 #1.000000
v -2.154541 2.871582 0.348877 0.498039 0.498039 0.498039 #1.000000
v -1.846436 2.419922 0.568359 0.498039 0.498039 0.498039 #1.000000
v -2.040527 2.542480 0.683838 0.498039 0.498039 0.498039 #1.000000
v -2.387451 2.699951 0.813965 0.498039 0.498039 0.498039 #1.000000
v -2.154541 2.871582 0.348877 0.498039 0.498039 0.498039 #1.000000
v -1.846436 2.419922 0.568359 0.498039 0.498039 0.498039 #1.000000
v -1.867188 2.765381 0.215576 0.498039 0.498039 0.498039 #1.000000
v -1.301025 1.953857 0.286621 0.498039 0.498039 0.498039 #1.000000
v -0.806396 1.885498 -0.100098 0.498039 0.498039 0.498039 #1.000000
v -1.249023 2.439209 0.116943 0.498039 0.498039 0.498039 #1.000000
v -1.049805 2.317383 -0.297852 0.498039 0.498039 0.498039 #1.000000
v -0.967285 1.900635 0.302734 0.498039 0.498039 0.498039 #1.000000
v -1.249023 2.439209 0.116943 0.498039 0.498039 0.498039 #1.000000
v -0.806396 1.885498 -0.100098 0.498039 0.498039 0.498039 #1.000000
v -1.249023 2.439209 0.116943 0.498039 0.498039 0.498039 #1.000000
v -1.579346 2.724365 -0.742188 0.498039 0.498039 0.498039 #1.000000
v -1.049805 2.317383 -0.297852 0.498039 0.498039 0.498039 #1.000000
v -0.689453 1.414551 -0.012207 0.498039 0.498039 0.498039 #1.000000
v -0.967285 1.900635 0.302734 0.498039 0.498039 0.498039 #1.000000
v -0.806396 1.885498 -0.100098 0.498039 0.498039 0.498039 #1.000000
v -0.806396 1.885498 -0.100098 0.498039 0.498039 0.498039 #1.000000
v -0.672607 2.457031 -0.552734 0.498039 0.498039 0.498039 #1.000000
v -0.432617 1.917480 -0.318604 0.498039 0.498039 0.498039 #1.000000
v -1.049805 2.317383 -0.297852 0.498039 0.498039 0.498039 #1.000000
v -0.672607 2.457031 -0.552734 0.498039 0.498039 0.498039 #1.000000
v -0.806396 1.885498 -0.100098 0.498039 0.498039 0.498039 #1.000000
v -1.049805 2.317383 -0.297852 0.498039 0.498039 0.498039 #1.000000
v -1.579346 2.724365 -0.742188 0.498039 0.498039 0.498039 #1.000000
v -0.672607 2.457031 -0.552734 0.498039 0.498039 0.498039 #1.000000
v -0.806396 1.885498 -0.100098 0.498039 0.498039 0.498039 #1.000000
v -0.432617 1.917480 -0.318604 0.498039 0.498039 0.498039 #1.000000
v -0.689453 1.414551 -0.012207 0.498039 0.498039 0.498039 #1.000000
v -0.890625 1.458984 0.757568 0.498039 0.498039 0.498039 #1.000000
v -0.477051 1.264160 1.821777 0.498039 0.498039 0.498039 #1.000000
v -1.152588 1.220703 1.512451 0.498039 0.498039 0.498039 #1.000000
v -0.226074 1.494141 0.889160 0.498039 0.498039 0.498039 #1.000000
v -0.477051 1.264160 1.821777 0.498039 0.498039 0.498039 #1.000000
v -0.890625 1.458984 0.757568 0.498039 0.498039 0.498039 #1.000000
v -1.294434 1.013916 1.830322 0.498039 0.498039 0.498039 #1.000000
v -0.477051 1.264160 1.821777 0.498039 0.498039 0.498039 #1.000000
v -1.604492 0.433350 2.376709 0.498039 0.498039 0.498039 #1.000000
v -0.477051 1.264160 1.821777 0.498039 0.498039 0.498039 #1.000000
v -1.294434 1.013916 1.830322 0.498039 0.498039 0.498039 #1.000000
v -1.152588 1.220703 1.512451 0.498039 0.498039 0.498039 #1.000000
v -0.706299 1.439453 0.009277 0.498039 0.498039 0.498039 #1.000000
v -0.226074 1.494141 0.889160 0.498039 0.498039 0.498039 #1.000000
v -0.890625 1.458984 0.757568 0.498039 0.498039 0.498039 #1.000000
v -1.419922 1.846924 0.586182 0.498039 0.498039 0.498039 #1.000000
v -1.152588 1.220703 1.512451 0.498039 0.498039 0.498039 #1.000000
v -1.764160 1.644287 1.495117 0.498039 0.498039 0.498039 #1.000000
v -1.152588 1.220703 1.512451 0.498039 0.498039 0.498039 #1.000000
v -1.419922 1.846924 0.586182 0.498039 0.498039 0.498039 #1.000000
v -0.890625 1.458984 0.757568 0.498039 0.498039 0.498039 #1.000000
v -1.764160 1.644287 1.495117 0.498039 0.498039 0.498039 #1.000000
v -1.294434 1.013916 1.830322 0.498039 0.498039 0.498039 #1.000000
v -1.604492 0.433350 2.376709 0.498039 0.498039 0.498039 #1.000000
v -1.294434 1.013916 1.830322 0.498039 0.498039 0.498039 #1.000000
v -1.764160 1.644287 1.495117 0.498039 0.498039 0.498039 #1.000000
v -1.152588 1.220703 1.512451 0.498039 0.498039 0.498039 #1.000000
v -0.890625 1.458984 0.757568 0.498039 0.498039 0.498039 #1.000000
v -1.419922 1.846924 0.586182 0.498039 0.498039 0.498039 #1.000000
v -0.706299 1.439453 0.009277 0.498039 0.498039 0.498039 #1.000000
v -0.237549 1.601074 0.027344 0.498039 0.498039 0.498039 #1.000000
v 0.329346 2.227783 -0.296875 0.498039 0.498039 0.498039 #1.000000
v -0.109131 2.347412 -0.467773 0.498039 0.498039 0.498039 #1.000000
v -0.237549 1.601074 0.027344 0.498039 0.498039 0.498039 #1.000000
v -0.505859 2.288086 0.516357 0.498039 0.498039 0.498039 #1.000000
v -0.067139 2.168457 0.687012 0.498039 0.498039 0.498039 #1.000000
v 0.329346 2.227783 -0.296875 0.498039 0.498039 0.498039 #1.000000
v -0.237549 1.601074 0.027344 0.498039 0.498039 0.498039 #1.000000
v 0.429932 2.186279 -0.008545 0.498039 0.498039 0.498039 #1.000000
v -0.374756 2.405518 -0.322021 0.498039 0.498039 0.498039 #1.000000
v -0.237549 1.601074 0.027344 0.498039 0.498039 0.498039 #1.000000
v -0.109131 2.347412 -0.467773 0.498039 0.498039 0.498039 #1.000000
v -0.237549 1.601074 0.027344 0.498039 0.498039 0.498039 #1.000000
v -0.598389 2.372070 0.233154 0.498039 0.498039 0.498039 #1.000000
v -0.505859 2.288086 0.516357 0.498039 0.498039 0.498039 #1.000000
v 0.206055 2.152588 0.546387 0.498039 0.498039 0.498039 #1.000000
v -0.237549 1.601074 0.027344 0.498039 0.498039 0.498039 #1.000000
v -0.067139 2.168457 0.687012 0.498039 0.498039 0.498039 #1.000000
v -0.237549 1.601074 0.027344 0.498039 0.498039 0.498039 #1.000000
v 0.429932 2.186279 -0.008545 0.498039 0.498039 0.498039 #1.000000
v 0.206055 2.152588 0.546387 0.498039 0.498039 0.498039 #1.000000
v -0.237549 1.601074 0.027344 0.498039 0.498039 0.498039 #1.000000
v -0.598389 2.372070 0.233154 0.498039 0.498039 0.498039 #1.000000
v -0.374756 2.405518 -0.322021 0.498039 0.498039 0.498039 #1.000000
v 1.438232 1.890381 1.006592 0.498039 0.498039 0.498039 #1.000000
v 1.615967 1.932861 1.160156 0.498039 0.498039 0.498039 #1.000000
v 1.972900 2.277588 0.646240 0.498039 0.498039 0.498039 #1.000000
v 1.655518 2.195557 0.440918 0.498039 0.498039 0.498039 #1.000000
v 1.438232 1.890381 1.006592 0.498039 0.498039 0.498039 #1.000000
v 1.972900 2.277588 0.646240 0.498039 0.498039 0.498039 #1.000000
v 1.972900 2.277588 0.646240 0.498039 0.498039 0.498039 #1.000000
v 1.615967 1.932861 1.160156 0.498039 0.498039 0.498039 #1.000000
v 2.245361 1.723389 1.604736 0.498039 0.498039 0.498039 #1.000000
v 0.887207 1.563965 0.577881 0.498039 0.498039 0.498039 #1.000000
v 1.438232 1.890381 1.006592 0.498039 0.498039 0.498039 #1.000000
v 1.655518 2.195557 0.440918 0.498039 0.498039 0.498039 #1.000000
v 1.438232 1.890381 1.006592 0.498039 0.498039 0.498039 #1.000000
v 0.976563 1.951416 1.499756 0.498039 0.498039 0.498039 #1.000000
v 1.240967 2.014160 1.787598 0.498039 0.498039 0.498039 #1.000000
v 1.615967 1.932861 1.160156 0.498039 0.498039 0.498039 #1.000000
v 1.438232 1.890381 1.006592 0.498039 0.498039 0.498039 #1.000000
v 1.240967 2.014160 1.787598 0.498039 0.498039 0.498039 #1.000000
v 1.615967 1.932861 1.160156 0.498039 0.498039 0.498039 #1.000000
v 1.240967 2.014160 1.787598 0.498039 0.498039 0.498039 #1.000000
v 2.245361 1.723389 1.604736 0.498039 0.498039 0.498039 #1.000000
v 1.438232 1.890381 1.006592 0.498039 0.498039 0.498039 #1.000000
v 0.887207 1.563965 0.577881 0.498039 0.498039 0.498039 #1.000000
v 0.976563 1.951416 1.499756 0.498039 0.498039 0.498039 #1.000000
v 0.366943 1.423096 0.744385 0.498039 0.498039 0.498039 #1.000000
v 0.348633 1.409180 1.385986 0.498039 0.498039 0.498039 #1.000000
v 0.883301 1.606201 1.447998 0.498039 0.498039 0.498039 #1.000000
v 0.865234 1.567871 0.684814 0.498039 0.498039 0.498039 #1.000000
v 0.366943 1.423096 0.744385 0.498039 0.498039 0.498039 #1.000000
v 0.883301 1.606201 1.447998 0.498039 0.498039 0.498039 #1.000000
v 0.883301 1.606201 1.447998 0.498039 0.498039 0.498039 #1.000000
v 0.348633 1.409180 1.385986 0.498039 0.498039 0.498039 #1.000000
v 0.315918 1.005371 2.261963 0.498039 0.498039 0.498039 #1.000000
v 0.378906 1.243896 0.178711 0.498039 0.498039 0.498039 #1.000000
v 0.366943 1.423096 0.744385 0.498039 0.498039 0.498039 #1.000000
v 0.865234 1.567871 0.684814 0.498039 0.498039 0.498039 #1.000000
v 0.366943 1.423096 0.744385 0.498039 0.498039 0.498039 #1.000000
v -0.120605 1.588623 0.657227 0.498039 0.498039 0.498039 #1.000000
v -0.179443 1.628418 1.418457 0.498039 0.498039 0.498039 #1.000000
v 0.348633 1.409180 1.385986 0.498039 0.498039 0.498039 #1.000000
v 0.366943 1.423096 0.744385 0.498039 0.498039 0.498039 #1.000000
v -0.179443 1.628418 1.418457 0.498039 0.498039 0.498039 #1.000000
v 0.348633 1.409180 1.385986 0.498039 0.498039 0.498039 #1.000000
v -0.179443 1.628418 1.418457 0.498039 0.498039 0.498039 #1.000000
v 0.315918 1.005371 2.261963 0.498039 0.498039 0.498039 #1.000000
v 0.366943 1.423096 0.744385 0.498039 0.498039 0.498039 #1.000000
v 0.378906 1.243896 0.178711 0.498039 0.498039 0.498039 #1.000000
v -0.120605 1.588623 0.657227 0.498039 0.498039 0.498039 #1.000000
v 0.970703 1.640381 -0.183594 0.498039 0.498039 0.498039 #1.000000
v 1.623535 1.727051 -0.695068 0.498039 0.498039 0.498039 #1.000000
v 1.216309 1.987549 -1.260986 0.498039 0.498039 0.498039 #1.000000
v 0.479736 1.814209 -0.618164 0.498039 0.498039 0.498039 #1.000000
v 0.970703 1.640381 -0.183594 0.498039 0.498039 0.498039 #1.000000
v 1.216309 1.987549 -1.260986 0.498039 0.498039 0.498039 #1.000000
v 1.216309 1.987549 -1.260986 0.498039 0.498039 0.498039 #1.000000
v 1.623535 1.727051 -0.695068 0.498039 0.498039 0.498039 #1.000000
v 2.261963 1.656982 -1.078125 0.498039 0.498039 0.498039 #1.000000
v 0.423340 1.317627 0.252197 0.498039 0.498039 0.498039 #1.000000
v 0.970703 1.640381 -0.183594 0.498039 0.498039 0.498039 #1.000000
v 0.479736 1.814209 -0.618164 0.498039 0.498039 0.498039 #1.000000
v 0.970703 1.640381 -0.183594 0.498039 0.498039 0.498039 #1.000000
v 1.267578 1.842773 0.391602 0.498039 0.498039 0.498039 #1.000000
v 2.065430 2.018311 -0.172119 0.498039 0.498039 0.498039 #1.000000
v 1.623535 1.727051 -0.695068 0.498039 0.498039 0.498039 #1.000000
v 0.970703 1.640381 -0.183594 0.498039 0.498039 0.498039 #1.000000
v 2.065430 2.018311 -0.172119 0.498039 0.498039 0.498039 #1.000000
v 1.623535 1.727051 -0.695068 0.498039 0.498039 0.498039 #1.000000
v 2.065430 2.018311 -0.172119 0.498039 0.498039 0.498039 #1.000000
v 2.261963 1.656982 -1.078125 0.498039 0.498039 0.498039 #1.000000
v 0.970703 1.640381 -0.183594 0.498039 0.498039 0.498039 #1.000000
v 0.423340 1.317627 0.252197 0.498039 0.498039 0.498039 #1.000000
v 1.267578 1.842773 0.391602 0.498039 0.498039 0.498039 #1.000000
v -0.477539 2.652344 -1.396240 0.498039 0.498039 0.498039 #1.000000
v -0.720703 2.720459 -1.931885 0.498039 0.498039 0.498039 #1.000000
v -1.188721 2.876465 -1.742920 0.498039 0.498039 0.498039 #1.000000
v -0.866699 2.748047 -1.129150 0.498039 0.498039 0.498039 #1.000000
v -0.477539 2.652344 -1.396240 0.498039 0.498039 0.498039 #1.000000
v -1.188721 2.876465 -1.742920 0.498039 0.498039 0.498039 #1.000000
v -1.188721 2.876465 -1.742920 0.498039 0.498039 0.498039 #1.000000
v -0.720703 2.720459 -1.931885 0.498039 0.498039 0.498039 #1.000000
v -0.991943 2.676025 -2.446045 0.498039 0.498039 0.498039 #1.000000
v -0.260010 2.418457 -0.951904 0.498039 0.498039 0.498039 #1.000000
v -0.477539 2.652344 -1.396240 0.498039 0.498039 0.498039 #1.000000
v -0.866699 2.748047 -1.129150 0.498039 0.498039 0.498039 #1.000000
v -0.477539 2.652344 -1.396240 0.498039 0.498039 0.498039 #1.000000
v -0.037598 2.821289 -1.496338 0.498039 0.498039 0.498039 #1.000000
v -0.294922 2.955322 -2.138672 0.498039 0.498039 0.498039 #1.000000
v -0.720703 2.720459 -1.931885 0.498039 0.498039 0.498039 #1.000000
v -0.477539 2.652344 -1.396240 0.498039 0.498039 0.498039 #1.000000
v -0.294922 2.955322 -2.138672 0.498039 0.498039 0.498039 #1.000000
v -0.720703 2.720459 -1.931885 0.498039 0.498039 0.498039 #1.000000
v -0.294922 2.955322 -2.138672 0.498039 0.498039 0.498039 #1.000000
v -0.991943 2.676025 -2.446045 0.498039 0.498039 0.498039 #1.000000
v -0.477539 2.652344 -1.396240 0.498039 0.498039 0.498039 #1.000000
v -0.260010 2.418457 -0.951904 0.498039 0.498039 0.498039 #1.000000
v -0.037598 2.821289 -1.496338 0.498039 0.498039 0.498039 #1.000000
v -1.846436 2.419922 0.568359 0.498039 0.498039 0.498039 #1.000000
v -2.040527 2.542480 0.683838 0.498039 0.498039 0.498039 #1.000000
v -2.023193 2.777344 1.006836 0.498039 0.498039 0.498039 #1.000000
v -1.669434 2.561279 0.953613 0.498039 0.498039 0.498039 #1.000000
v -1.846436 2.419922 0.568359 0.498039 0.498039 0.498039 #1.000000
v -2.023193 2.777344 1.006836 0.498039 0.498039 0.498039 #1.000000
v -2.023193 2.777344 1.006836 0.498039 0.498039 0.498039 #1.000000
v -2.040527 2.542480 0.683838 0.498039 0.498039 0.498039 #1.000000
v -2.387451 2.699951 0.813965 0.498039 0.498039 0.498039 #1.000000
v -1.301025 1.953857 0.286621 0.498039 0.498039 0.498039 #1.000000
v -1.846436 2.419922 0.568359 0.498039 0.498039 0.498039 #1.000000
v -1.669434 2.561279 0.953613 0.498039 0.498039 0.498039 #1.000000
v -1.846436 2.419922 0.568359 0.498039 0.498039 0.498039 #1.000000
v -1.867188 2.765381 0.215576 0.498039 0.498039 0.498039 #1.000000
v -2.154541 2.871582 0.348877 0.498039 0.498039 0.498039 #1.000000
v -2.040527 2.542480 0.683838 0.498039 0.498039 0.498039 #1.000000
v -1.846436 2.419922 0.568359 0.498039 0.498039 0.498039 #1.000000
v -2.154541 2.871582 0.348877 0.498039 0.498039 0.498039 #1.000000
v -2.040527 2.542480 0.683838 0.498039 0.498039 0.498039 #1.000000
v -2.154541 2.871582 0.348877 0.498039 0.498039 0.498039 #1.000000
v -2.387451 2.699951 0.813965 0.498039 0.498039 0.498039 #1.000000
v -1.846436 2.419922 0.568359 0.498039 0.498039 0.498039 #1.000000
v -1.301025 1.953857 0.286621 0.498039 0.498039 0.498039 #1.000000
v -1.867188 2.765381 0.215576 0.498039 0.498039 0.498039 #1.000000
v -0.806396 1.885498 -0.100098 0.498039 0.498039 0.498039 #1.000000
v -1.049805 2.317383 -0.297852 0.498039 0.498039 0.498039 #1.000000
v -1.249023 2.439209 0.116943 0.498039 0.498039 0.498039 #1.000000
v -0.967285 1.900635 0.302734 0.498039 0.498039 0.498039 #1.000000
v -0.806396 1.885498 -0.100098 0.498039 0.498039 0.498039 #1.000000
v -1.249023 2.439209 0.116943 0.498039 0.498039 0.498039 #1.000000
v -1.249023 2.439209 0.116943 0.498039 0.498039 0.498039 #1.000000
v -1.049805 2.317383 -0.297852 0.498039 0.498039 0.498039 #1.000000
v -1.579346 2.724365 -0.742188 0.498039 0.498039 0.498039 #1.000000
v -0.689453 1.414551 -0.012207 0.498039 0.498039 0.498039 #1.000000
v -0.806396 1.885498 -0.100098 0.498039 0.498039 0.498039 #1.000000
v -0.967285 1.900635 0.302734 0.498039 0.498039 0.498039 #1.000000
v -0.806396 1.885498 -0.100098 0.498039 0.498039 0.498039 #1.000000
v -0.432617 1.917480 -0.318604 0.498039 0.498039 0.498039 #1.000000
v -0.672607 2.457031 -0.552734 0.498039 0.498039 0.498039 #1.000000
v -1.049805 2.317383 -0.297852 0.498039 0.498039 0.498039 #1.000000
v -0.806396 1.885498 -0.100098 0.498039 0.498039 0.498039 #1.000000
v -0.672607 2.457031 -0.552734 0.498039 0.498039 0.498039 #1.000000
v -1.049805 2.317383 -0.297852 0.498039 0.498039 0.498039 #1.000000
v -0.672607 2.457031 -0.552734 0.498039 0.498039 0.498039 #1.000000
v -1.579346 2.724365 -0.742188 0.498039 0.498039 0.498039 #1.000000
v -0.806396 1.885498 -0.100098 0.498039 0.498039 0.498039 #1.000000
v -0.689453 1.414551 -0.012207 0.498039 0.498039 0.498039 #1.000000
v -0.432617 1.917480 -0.318604 0.498039 0.498039 0.498039 #1.000000
v -0.890625 1.458984 0.757568 0.498039 0.498039 0.498039 #1.000000
v -1.152588 1.220703 1.512451 0.498039 0.498039 0.498039 #1.000000
v -0.477051 1.264160 1.821777 0.498039 0.498039 0.498039 #1.000000
v -0.226074 1.494141 0.889160 0.498039 0.498039 0.498039 #1.000000
v -0.890625 1.458984 0.757568 0.498039 0.498039 0.498039 #1.000000
v -0.477051 1.264160 1.821777 0.498039 0.498039 0.498039 #1.000000
v -1.294434 1.013916 1.830322 0.498039 0.498039 0.498039 #1.000000
v -1.604492 0.433350 2.376709 0.498039 0.498039 0.498039 #1.000000
v -0.477051 1.264160 1.821777 0.498039 0.498039 0.498039 #1.000000
v -0.477051 1.264160 1.821777 0.498039 0.498039 0.498039 #1.000000
v -1.152588 1.220703 1.512451 0.498039 0.498039 0.498039 #1.000000
v -1.294434 1.013916 1.830322 0.498039 0.498039 0.498039 #1.000000
v -0.706299 1.439453 0.009277 0.498039 0.498039 0.498039 #1.000000
v -0.890625 1.458984 0.757568 0.498039 0.498039 0.498039 #1.000000
v -0.226074 1.494141 0.889160 0.498039 0.498039 0.498039 #1.000000
v -1.419922 1.846924 0.586182 0.498039 0.498039 0.498039 #1.000000
v -1.764160 1.644287 1.495117 0.498039 0.498039 0.498039 #1.000000
v -1.152588 1.220703 1.512451 0.498039 0.498039 0.498039 #1.000000
v -1.152588 1.220703 1.512451 0.498039 0.498039 0.498039 #1.000000
v -0.890625 1.458984 0.757568 0.498039 0.498039 0.498039 #1.000000
v -1.419922 1.846924 0.586182 0.498039 0.498039 0.498039 #1.000000
v -1.764160 1.644287 1.495117 0.498039 0.498039 0.498039 #1.000000
v -1.604492 0.433350 2.376709 0.498039 0.498039 0.498039 #1.000000
v -1.294434 1.013916 1.830322 0.498039 0.498039 0.498039 #1.000000
v -1.294434 1.013916 1.830322 0.498039 0.498039 0.498039 #1.000000
v -1.152588 1.220703 1.512451 0.498039 0.498039 0.498039 #1.000000
v -1.764160 1.644287 1.495117 0.498039 0.498039 0.498039 #1.000000
v -0.890625 1.458984 0.757568 0.498039 0.498039 0.498039 #1.000000
v -0.706299 1.439453 0.009277 0.498039 0.498039 0.498039 #1.000000
v -1.419922 1.846924 0.586182 0.498039 0.498039 0.498039 #1.000000
v -0.237549 1.601074 0.027344 0.498039 0.498039 0.498039 #1.000000
v -0.109131 2.347412 -0.467773 0.498039 0.498039 0.498039 #1.000000
v 0.329346 2.227783 -0.296875 0.498039 0.498039 0.498039 #1.000000
v -0.237549 1.601074 0.027344 0.498039 0.498039 0.498039 #1.000000
v -0.067139 2.168457 0.687012 0.498039 0.498039 0.498039 #1.000000
v -0.505859 2.288086 0.516357 0.498039 0.498039 0.498039 #1.000000
v 0.329346 2.227783 -0.296875 0.498039 0.498039 0.498039 #1.000000
v 0.429932 2.186279 -0.008545 0.498039 0.498039 0.498039 #1.000000
v -0.237549 1.601074 0.027344 0.498039 0.498039 0.498039 #1.000000
v -0.374756 2.405518 -0.322021 0.498039 0.498039 0.498039 #1.000000
v -0.109131 2.347412 -0.467773 0.498039 0.498039 0.498039 #1.000000
v -0.237549 1.601074 0.027344 0.498039 0.498039 0.498039 #1.000000
v -0.237549 1.601074 0.027344 0.498039 0.498039 0.498039 #1.000000
v -0.505859 2.288086 0.516357 0.498039 0.498039 0.498039 #1.000000
v -0.598389 2.372070 0.233154 0.498039 0.498039 0.498039 #1.000000
v 0.206055 2.152588 0.546387 0.498039 0.498039 0.498039 #1.000000
v -0.067139 2.168457 0.687012 0.498039 0.498039 0.498039 #1.000000
v -0.237549 1.601074 0.027344 0.498039 0.498039 0.498039 #1.000000
vt 0.014893 0.765625 0.000000
vt 0.233643 0.765625 0.000000
vt 0.014893 0.981689 0.000000
vt 0.233643 0.765625 0.000000
vt 0.233643 0.981689 0.000000
vt 0.014893 0.981689 0.000000
vt 0.014893 0.981689 0.000000
vt 0.014893 0.765625 0.000000
vt 0.233643 0.981689 0.000000
vt 0.014893 0.765625 0.000000
vt 0.233643 0.765625 0.000000
vt 0.233643 0.981689 0.000000
vt 0.014893 0.765625 0.000000
vt 0.233643 0.765625 0.000000
vt 0.014893 0.981689 0.000000
vt 0.233643 0.765625 0.000000
vt 0.233643 0.981689 0.000000
vt 0.014893 0.981689 0.000000
vt 0.014893 0.765625 0.000000
vt 0.233643 0.765625 0.000000
vt 0.014893 0.981689 0.000000
vt 0.233643 0.765625 0.000000
vt 0.233643 0.981689 0.000000
vt 0.014893 0.981689 0.000000
vt 0.232178 0.764160 0.000000
vt 0.232178 0.982910 0.000000
vt 0.016113 0.764160 0.000000
vt 0.232178 0.982910 0.000000
vt 0.016113 0.982910 0.000000
vt 0.016113 0.764160 0.000000
vt 0.232178 0.764160 0.000000
vt 0.232178 0.982910 0.000000
vt 0.016113 0.764160 0.000000
vt 0.232178 0.982910 0.000000
vt 0.016113 0.982910 0.000000
vt 0.016113 0.764160 0.000000
vt 0.232178 0.982910 0.000000
vt 0.016113 0.982910 0.000000
vt 0.232178 0.764160 0.000000
vt 0.232178 0.764160 0.000000
vt 0.016113 0.982910 0.000000
vt 0.016113 0.764160 0.000000
vt 0.232178 0.982910 0.000000
vt 0.016113 0.982910 0.000000
vt 0.232178 0.764160 0.000000
vt 0.232178 0.764160 0.000000
vt 0.016113 0.982910 0.000000
vt 0.016113 0.764160 0.000000
vt 0.232178 0.982910 0.000000
vt 0.016113 0.982910 0.000000
vt 0.232178 0.764160 0.000000
vt 0.232178 0.764160 0.000000
vt 0.016113 0.982910 0.000000
vt 0.016113 0.764160 0.000000
vt 0.016113 0.982910 0.000000
vt 0.016113 0.764160 0.000000
vt 0.232178 0.982910 0.000000
vt 0.232178 0.764160 0.000000
vt 0.232178 0.982910 0.000000
vt 0.016113 0.764160 0.000000
vt 0.016113 0.982910 0.000000
vt 0.016113 0.764160 0.000000
vt 0.232178 0.982910 0.000000
vt 0.232178 0.764160 0.000000
vt 0.232178 0.982910 0.000000
vt 0.016113 0.764160 0.000000
vt 0.016113 0.982910 0.000000
vt 0.016113 0.764160 0.000000
vt 0.232178 0.982910 0.000000
vt 0.232178 0.764160 0.000000
vt 0.232178 0.982910 0.000000
vt 0.016113 0.764160 0.000000
vt 0.232178 0.764160 0.000000
vt 0.232178 0.982910 0.000000
vt 0.016113 0.764160 0.000000
vt 0.232178 0.982910 0.000000
vt 0.016113 0.982910 0.000000
vt 0.016113 0.764160 0.000000
vt 0.016113 0.764160 0.000000
vt 0.232178 0.764160 0.000000
vt 0.016113 0.982910 0.000000
vt 0.232178 0.764160 0.000000
vt 0.232178 0.982910 0.000000
vt 0.016113 0.982910 0.000000
vt 0.016113 0.764160 0.000000
vt 0.232178 0.764160 0.000000
vt 0.016113 0.982910 0.000000
vt 0.232178 0.764160 0.000000
vt 0.232178 0.982910 0.000000
vt 0.016113 0.982910 0.000000
vt 0.232178 0.982910 0.000000
vt 0.016113 0.982910 0.000000
vt 0.232178 0.764160 0.000000
vt 0.232178 0.764160 0.000000
vt 0.016113 0.982910 0.000000
vt 0.016113 0.764160 0.000000
vt 0.232178 0.764160 0.000000
vt 0.232178 0.982910 0.000000
vt 0.016113 0.764160 0.000000
vt 0.232178 0.982910 0.000000
vt 0.016113 0.982910 0.000000
vt 0.016113 0.764160 0.000000
vt 0.232178 0.764160 0.000000
vt 0.232178 0.982910 0.000000
vt 0.016113 0.764160 0.000000
vt 0.232178 0.982910 0.000000
vt 0.016113 0.982910 0.000000
vt 0.016113 0.764160 0.000000
vt 0.232178 0.764160 0.000000
vt 0.232178 0.982910 0.000000
vt 0.016113 0.764160 0.000000
vt 0.232178 0.982910 0.000000
vt 0.016113 0.982910 0.000000
vt 0.016113 0.764160 0.000000
vt 0.016113 0.764160 0.000000
vt 0.232178 0.764160 0.000000
vt 0.016113 0.982910 0.000000
vt 0.232178 0.764160 0.000000
vt 0.232178 0.982910 0.000000
vt 0.016113 0.982910 0.000000
vt 0.014893 0.765625 0.000000
vt 0.014893 0.981689 0.000000
vt 0.233643 0.765625 0.000000
vt 0.014893 0.981689 0.000000
vt 0.233643 0.981689 0.000000
vt 0.233643 0.765625 0.000000
vt 0.014893 0.981689 0.000000
vt 0.233643 0.981689 0.000000
vt 0.014893 0.765625 0.000000
vt 0.014893 0.765625 0.000000
vt 0.233643 0.981689 0.000000
vt 0.233643 0.765625 0.000000
vt 0.232178 0.982910 0.000000
vt 0.232178 0.764160 0.000000
vt 0.016113 0.982910 0.000000
vt 0.232178 0.764160 0.000000
vt 0.016113 0.764160 0.000000
vt 0.016113 0.982910 0.000000
vt 0.232178 0.982910 0.000000
vt 0.232178 0.764160 0.000000
vt 0.016113 0.982910 0.000000
vt 0.232178 0.764160 0.000000
vt 0.016113 0.764160 0.000000
vt 0.016113 0.982910 0.000000
vt 0.232178 0.982910 0.000000
vt 0.232178 0.764160 0.000000
vt 0.016113 0.982910 0.000000
vt 0.232178 0.764160 0.000000
vt 0.016113 0.764160 0.000000
vt 0.016113 0.982910 0.000000
vt 0.016113 0.982910 0.000000
vt 0.232178 0.982910 0.000000
vt 0.016113 0.764160 0.000000
vt 0.232178 0.764160 0.000000
vt 0.016113 0.764160 0.000000
vt 0.232178 0.982910 0.000000
vt 0.016113 0.982910 0.000000
vt 0.232178 0.982910 0.000000
vt 0.016113 0.764160 0.000000
vt 0.232178 0.764160 0.000000
vt 0.016113 0.764160 0.000000
vt 0.232178 0.982910 0.000000
vt 0.016113 0.982910 0.000000
vt 0.232178 0.982910 0.000000
vt 0.016113 0.764160 0.000000
vt 0.232178 0.764160 0.000000
vt 0.016113 0.764160 0.000000
vt 0.232178 0.982910 0.000000
vt 0.232178 0.764160 0.000000
vt 0.016113 0.764160 0.000000
vt 0.232178 0.982910 0.000000
vt 0.016113 0.764160 0.000000
vt 0.016113 0.982910 0.000000
vt 0.232178 0.982910 0.000000
vt 0.016113 0.764160 0.000000
vt 0.016113 0.982910 0.000000
vt 0.232178 0.764160 0.000000
vt 0.232178 0.764160 0.000000
vt 0.016113 0.982910 0.000000
vt 0.232178 0.982910 0.000000
vt 0.016113 0.764160 0.000000
vt 0.016113 0.982910 0.000000
vt 0.232178 0.764160 0.000000
vt 0.232178 0.764160 0.000000
vt 0.016113 0.982910 0.000000
vt 0.232178 0.982910 0.000000
vt 0.232178 0.982910 0.000000
vt 0.232178 0.764160 0.000000
vt 0.016113 0.982910 0.000000
vt 0.232178 0.764160 0.000000
vt 0.016113 0.764160 0.000000
vt 0.016113 0.982910 0.000000
vt 0.232178 0.764160 0.000000
vt 0.016113 0.764160 0.000000
vt 0.232178 0.982910 0.000000
vt 0.016113 0.764160 0.000000
vt 0.016113 0.982910 0.000000
vt 0.232178 0.982910 0.000000
vt 0.232178 0.764160 0.000000
vt 0.016113 0.764160 0.000000
vt 0.232178 0.982910 0.000000
vt 0.016113 0.764160 0.000000
vt 0.016113 0.982910 0.000000
vt 0.232178 0.982910 0.000000
vt 0.232178 0.764160 0.000000
vt 0.016113 0.764160 0.000000
vt 0.232178 0.982910 0.000000
vt 0.016113 0.764160 0.000000
vt 0.016113 0.982910 0.000000
vt 0.232178 0.982910 0.000000
vt 0.016113 0.764160 0.000000
vt 0.016113 0.982910 0.000000
vt 0.232178 0.764160 0.000000
vt 0.232178 0.764160 0.000000
vt 0.016113 0.982910 0.000000
vt 0.232178 0.982910 0.000000
vt 0.234131 0.765381 0.000000
vt 0.015381 0.765381 0.000000
vt 0.234131 0.984375 0.000000
vt 0.015381 0.765381 0.000000
vt 0.015381 0.984375 0.000000
vt 0.234131 0.984375 0.000000
vt 0.234131 0.765381 0.000000
vt 0.015381 0.765381 0.000000
vt 0.234131 0.984375 0.000000
vt 0.015381 0.765381 0.000000
vt 0.015381 0.984375 0.000000
vt 0.234131 0.984375 0.000000
vt 0.015381 0.984375 0.000000
vt 0.234131 0.984375 0.000000
vt 0.015381 0.765381 0.000000
vt 0.234131 0.765381 0.000000
vt 0.015381 0.765381 0.000000
vt 0.234131 0.984375 0.000000
vt 0.015381 0.984375 0.000000
vt 0.234131 0.984375 0.000000
vt 0.015381 0.765381 0.000000
vt 0.234131 0.765381 0.000000
vt 0.015381 0.765381 0.000000
vt 0.234131 0.984375 0.000000
vt 0.234131 0.765381 0.000000
vt 0.015381 0.765381 0.000000
vt 0.234131 0.984375 0.000000
vt 0.015381 0.765381 0.000000
vt 0.015381 0.984375 0.000000
vt 0.234131 0.984375 0.000000
vt 0.234131 0.765381 0.000000
vt 0.015381 0.765381 0.000000
vt 0.234131 0.984375 0.000000
vt 0.015381 0.765381 0.000000
vt 0.015381 0.984375 0.000000
vt 0.234131 0.984375 0.000000
vt 0.015381 0.765381 0.000000
vt 0.015381 0.984375 0.000000
vt 0.234131 0.765381 0.000000
vt 0.234131 0.765381 0.000000
vt 0.015381 0.984375 0.000000
vt 0.234131 0.984375 0.000000
vt 0.015381 0.765381 0.000000
vt 0.015381 0.984375 0.000000
vt 0.234131 0.765381 0.000000
vt 0.234131 0.765381 0.000000
vt 0.015381 0.984375 0.000000
vt 0.234131 0.984375 0.000000
vt 0.015381 0.765381 0.000000
vt 0.015381 0.984375 0.000000
vt 0.234131 0.765381 0.000000
vt 0.234131 0.765381 0.000000
vt 0.015381 0.984375 0.000000
vt 0.234131 0.984375 0.000000
vt 0.234131 0.765381 0.000000
vt 0.015381 0.765381 0.000000
vt 0.234131 0.984375 0.000000
vt 0.015381 0.765381 0.000000
vt 0.015381 0.984375 0.000000
vt 0.234131 0.984375 0.000000
vt 0.234131 0.765381 0.000000
vt 0.015381 0.765381 0.000000
vt 0.234131 0.984375 0.000000
vt 0.015381 0.765381 0.000000
vt 0.015381 0.984375 0.000000
vt 0.234131 0.984375 0.000000
vt 0.234131 0.765381 0.000000
vt 0.015381 0.765381 0.000000
vt 0.234131 0.984375 0.000000
vt 0.015381 0.765381 0.000000
vt 0.015381 0.984375 0.000000
vt 0.234131 0.984375 0.000000
vt 0.015381 0.765381 0.000000
vt 0.015381 0.984375 0.000000
vt 0.234131 0.765381 0.000000
vt 0.234131 0.765381 0.000000
vt 0.015381 0.984375 0.000000
vt 0.234131 0.984375 0.000000
vt 0.015381 0.765381 0.000000
vt 0.015381 0.984375 0.000000
vt 0.234131 0.765381 0.000000
vt 0.234131 0.765381 0.000000
vt 0.015381 0.984375 0.000000
vt 0.234131 0.984375 0.000000
vt 0.234131 0.984375 0.000000
vt 0.234131 0.765381 0.000000
vt 0.015381 0.984375 0.000000
vt 0.234131 0.765381 0.000000
vt 0.015381 0.765381 0.000000
vt 0.015381 0.984375 0.000000
vt 0.234131 0.984375 0.000000
vt 0.234131 0.765381 0.000000
vt 0.015381 0.984375 0.000000
vt 0.234131 0.765381 0.000000
vt 0.015381 0.765381 0.000000
vt 0.015381 0.984375 0.000000
vt 0.015381 0.765381 0.000000
vt 0.015381 0.984375 0.000000
vt 0.234131 0.765381 0.000000
vt 0.234131 0.765381 0.000000
vt 0.015381 0.984375 0.000000
vt 0.234131 0.984375 0.000000
vt 0.015381 0.765381 0.000000
vt 0.015381 0.984375 0.000000
vt 0.234131 0.765381 0.000000
vt 0.234131 0.765381 0.000000
vt 0.015381 0.984375 0.000000
vt 0.234131 0.984375 0.000000
vt 0.234131 0.765381 0.000000
vt 0.234131 0.984375 0.000000
vt 0.015381 0.765381 0.000000
vt 0.234131 0.984375 0.000000
vt 0.015381 0.984375 0.000000
vt 0.015381 0.765381 0.000000
vt 0.234131 0.765381 0.000000
vt 0.234131 0.984375 0.000000
vt 0.015381 0.765381 0.000000
vt 0.234131 0.984375 0.000000
vt 0.015381 0.984375 0.000000
vt 0.015381 0.765381 0.000000
vt 0.015381 0.984375 0.000000
vt 0.015381 0.765381 0.000000
vt 0.234131 0.984375 0.000000
vt 0.234131 0.765381 0.000000
vt 0.234131 0.984375 0.000000
vt 0.015381 0.765381 0.000000
vt 0.015381 0.984375 0.000000
vt 0.015381 0.765381 0.000000
vt 0.234131 0.984375 0.000000
vt 0.234131 0.765381 0.000000
vt 0.234131 0.984375 0.000000
vt 0.015381 0.765381 0.000000
vt 0.234131 0.765381 0.000000
vt 0.234131 0.984375 0.000000
vt 0.015381 0.765381 0.000000
vt 0.234131 0.984375 0.000000
vt 0.015381 0.984375 0.000000
vt 0.015381 0.765381 0.000000
vt 0.234131 0.765381 0.000000
vt 0.234131 0.984375 0.000000
vt 0.015381 0.765381 0.000000
vt 0.234131 0.984375 0.000000
vt 0.015381 0.984375 0.000000
vt 0.015381 0.765381 0.000000
vt 0.015381 0.765381 0.000000
vt 0.234131 0.765381 0.000000
vt 0.015381 0.984375 0.000000
vt 0.234131 0.765381 0.000000
vt 0.234131 0.984375 0.000000
vt 0.015381 0.984375 0.000000
vt 0.015381 0.765381 0.000000
vt 0.234131 0.765381 0.000000
vt 0.015381 0.984375 0.000000
vt 0.234131 0.765381 0.000000
vt 0.234131 0.984375 0.000000
vt 0.015381 0.984375 0.000000
vt 0.015381 0.765381 0.000000
vt 0.234131 0.765381 0.000000
vt 0.015381 0.984375 0.000000
vt 0.234131 0.765381 0.000000
vt 0.234131 0.984375 0.000000
vt 0.015381 0.984375 0.000000
vt 0.234131 0.765381 0.000000
vt 0.234131 0.984375 0.000000
vt 0.015381 0.765381 0.000000
vt 0.234131 0.984375 0.000000
vt 0.015381 0.984375 0.000000
vt 0.015381 0.765381 0.000000
vt 0.234131 0.765381 0.000000
vt 0.234131 0.984375 0.000000
vt 0.015381 0.765381 0.000000
vt 0.234131 0.984375 0.000000
vt 0.015381 0.984375 0.000000
vt 0.015381 0.765381 0.000000
vt 0.234131 0.765381 0.000000
vt 0.234131 0.984375 0.000000
vt 0.015381 0.765381 0.000000
vt 0.234131 0.984375 0.000000
vt 0.015381 0.984375 0.000000
vt 0.015381 0.765381 0.000000
vt 0.015381 0.765381 0.000000
vt 0.234131 0.765381 0.000000
vt 0.015381 0.984375 0.000000
vt 0.234131 0.765381 0.000000
vt 0.234131 0.984375 0.000000
vt 0.015381 0.984375 0.000000
vt 0.015381 0.765381 0.000000
vt 0.234131 0.765381 0.000000
vt 0.015381 0.984375 0.000000
vt 0.234131 0.765381 0.000000
vt 0.234131 0.984375 0.000000
vt 0.015381 0.984375 0.000000
vt 0.234131 0.984375 0.000000
vt 0.015381 0.984375 0.000000
vt 0.234131 0.765381 0.000000
vt 0.234131 0.765381 0.000000
vt 0.015381 0.984375 0.000000
vt 0.015381 0.765381 0.000000
vt 0.234131 0.984375 0.000000
vt 0.015381 0.984375 0.000000
vt 0.234131 0.765381 0.000000
vt 0.234131 0.765381 0.000000
vt 0.015381 0.984375 0.000000
vt 0.015381 0.765381 0.000000
vt 0.015381 0.765381 0.000000
vt 0.234131 0.765381 0.000000
vt 0.015381 0.984375 0.000000
vt 0.234131 0.765381 0.000000
vt 0.234131 0.984375 0.000000
vt 0.015381 0.984375 0.000000
vt 0.015381 0.765381 0.000000
vt 0.234131 0.765381 0.000000
vt 0.015381 0.984375 0.000000
vt 0.234131 0.765381 0.000000
vt 0.234131 0.984375 0.000000
vt 0.015381 0.984375 0.000000
vt 0.529785 0.575928 0.000000
vt 0.366455 0.891846 0.000000
vt 0.545410 0.895020 0.000000
vt 0.396973 0.573486 0.000000
vt 0.366455 0.891846 0.000000
vt 0.529785 0.575928 0.000000
vt 0.633545 0.879639 0.000000
vt 0.529785 0.575928 0.000000
vt 0.545410 0.895020 0.000000
vt 0.529785 0.575928 0.000000
vt 0.633545 0.879639 0.000000
vt 0.598877 0.566162 0.000000
vt 0.692871 0.873779 0.000000
vt 0.598877 0.566162 0.000000
vt 0.633545 0.879639 0.000000
vt 0.598877 0.566162 0.000000
vt 0.692871 0.873779 0.000000
vt 0.642090 0.549316 0.000000
vt 0.631104 0.819092 0.000000
vt 0.642090 0.549316 0.000000
vt 0.692871 0.873779 0.000000
vt 0.642090 0.549316 0.000000
vt 0.631104 0.819092 0.000000
vt 0.608887 0.544678 0.000000
vt 0.452148 0.815918 0.000000
vt 0.608887 0.544678 0.000000
vt 0.631104 0.819092 0.000000
vt 0.608887 0.544678 0.000000
vt 0.452148 0.815918 0.000000
vt 0.476074 0.542480 0.000000
vt 0.406738 0.544922 0.000000
vt 0.452148 0.815918 0.000000
vt 0.366211 0.867920 0.000000
vt 0.476074 0.542480 0.000000
vt 0.452148 0.815918 0.000000
vt 0.406738 0.544922 0.000000
vt 0.306885 0.873779 0.000000
vt 0.406738 0.544922 0.000000
vt 0.366211 0.867920 0.000000
vt 0.406738 0.544922 0.000000
vt 0.306885 0.873779 0.000000
vt 0.363525 0.562012 0.000000
vt 0.396973 0.573486 0.000000
vt 0.306885 0.873779 0.000000
vt 0.366455 0.891846 0.000000
vt 0.363525 0.562012 0.000000
vt 0.306885 0.873779 0.000000
vt 0.396973 0.573486 0.000000
vt 0.500977 0.560059 0.000000
vt 0.612305 0.804443 0.000000
vt 0.635742 0.758789 0.000000
vt 0.559570 0.799072 0.000000
vt 0.612305 0.804443 0.000000
vt 0.500977 0.560059 0.000000
vt 0.473145 0.750244 0.000000
vt 0.559570 0.799072 0.000000
vt 0.500977 0.560059 0.000000
vt 0.580811 0.842773 0.000000
vt 0.665283 0.927490 0.000000
vt 0.559570 0.799072 0.000000
vt 0.665283 0.927490 0.000000
vt 0.612305 0.804443 0.000000
vt 0.559570 0.799072 0.000000
vt 0.448975 0.660889 0.000000
vt 0.500977 0.560059 0.000000
vt 0.446533 0.544678 0.000000
vt 0.473145 0.750244 0.000000
vt 0.500977 0.560059 0.000000
vt 0.448975 0.660889 0.000000
vt 0.491699 0.771729 0.000000
vt 0.559570 0.799072 0.000000
vt 0.473145 0.750244 0.000000
vt 0.580811 0.842773 0.000000
vt 0.559570 0.799072 0.000000
vt 0.491699 0.771729 0.000000
vt 0.665283 0.927490 0.000000
vt 0.709229 0.858154 0.000000
vt 0.612305 0.804443 0.000000
vt 0.635742 0.758789 0.000000
vt 0.612305 0.804443 0.000000
vt 0.709229 0.858154 0.000000
vt 0.561768 0.680176 0.000000
vt 0.500977 0.560059 0.000000
vt 0.635742 0.758789 0.000000
vt 0.500977 0.560059 0.000000
vt 0.561768 0.680176 0.000000
vt 0.464111 0.548584 0.000000
vt 0.469727 0.663818 0.000000
vt 0.578857 0.672363 0.000000
vt 0.484863 0.555420 0.000000
vt 0.578857 0.672363 0.000000
vt 0.652832 0.757568 0.000000
vt 0.484863 0.555420 0.000000
vt 0.484863 0.555420 0.000000
vt 0.328613 0.713867 0.000000
vt 0.469727 0.663818 0.000000
vt 0.412109 0.615479 0.000000
vt 0.541504 0.559326 0.000000
vt 0.469727 0.663818 0.000000
vt 0.484863 0.555420 0.000000
vt 0.377686 0.687988 0.000000
vt 0.328613 0.713867 0.000000
vt 0.442139 0.584717 0.000000
vt 0.377686 0.687988 0.000000
vt 0.484863 0.555420 0.000000
vt 0.412109 0.615479 0.000000
vt 0.469727 0.663818 0.000000
vt 0.328613 0.713867 0.000000
vt 0.578857 0.672363 0.000000
vt 0.541504 0.559326 0.000000
vt 0.629395 0.661865 0.000000
vt 0.469727 0.663818 0.000000
vt 0.541504 0.559326 0.000000
vt 0.578857 0.672363 0.000000
vt 0.629395 0.661865 0.000000
vt 0.652832 0.757568 0.000000
vt 0.578857 0.672363 0.000000
vt 0.663330 0.681152 0.000000
vt 0.652832 0.757568 0.000000
vt 0.629395 0.661865 0.000000
vt 0.484863 0.555420 0.000000
vt 0.567383 0.687500 0.000000
vt 0.473877 0.585449 0.000000
vt 0.652832 0.757568 0.000000
vt 0.567383 0.687500 0.000000
vt 0.484863 0.555420 0.000000
vt 0.351563 0.749512 0.000000
vt 0.396729 0.769775 0.000000
vt 0.462646 0.566406 0.000000
vt 0.462646 0.566406 0.000000
vt 0.362061 0.758789 0.000000
vt 0.351563 0.749512 0.000000
vt 0.462646 0.566406 0.000000
vt 0.406494 0.798340 0.000000
vt 0.362061 0.758789 0.000000
vt 0.256592 0.877441 0.000000
vt 0.362061 0.758789 0.000000
vt 0.277588 0.843262 0.000000
vt 0.546875 0.575195 0.000000
vt 0.406494 0.798340 0.000000
vt 0.462646 0.566406 0.000000
vt 0.362061 0.758789 0.000000
vt 0.406494 0.798340 0.000000
vt 0.277588 0.843262 0.000000
vt 0.256592 0.877441 0.000000
vt 0.351563 0.749512 0.000000
vt 0.362061 0.758789 0.000000
vt 0.351563 0.749512 0.000000
vt 0.256592 0.877441 0.000000
vt 0.261719 0.857910 0.000000
vt 0.267578 0.813721 0.000000
vt 0.351563 0.749512 0.000000
vt 0.261719 0.857910 0.000000
vt 0.396729 0.769775 0.000000
vt 0.351563 0.749512 0.000000
vt 0.267578 0.813721 0.000000
vt 0.544922 0.570068 0.000000
vt 0.462646 0.566406 0.000000
vt 0.396729 0.769775 0.000000
vt 0.458984 0.897461 0.000000
vt 0.471680 0.573730 0.000000
vt 0.386963 0.904541 0.000000
vt 0.471680 0.573730 0.000000
vt 0.458984 0.897461 0.000000
vt 0.539795 0.726563 0.000000
vt 0.394287 0.750000 0.000000
vt 0.410400 0.751221 0.000000
vt 0.364990 0.807617 0.000000
vt 0.410400 0.751221 0.000000
vt 0.394287 0.750000 0.000000
vt 0.471680 0.573730 0.000000
vt 0.386963 0.904541 0.000000
vt 0.471680 0.573730 0.000000
vt 0.394287 0.750000 0.000000
vt 0.507813 0.567871 0.000000
vt 0.410400 0.751221 0.000000
vt 0.471680 0.573730 0.000000
vt 0.410400 0.751221 0.000000
vt 0.507813 0.567871 0.000000
vt 0.497070 0.616211 0.000000
vt 0.581299 0.730957 0.000000
vt 0.539795 0.726563 0.000000
vt 0.575928 0.773926 0.000000
vt 0.539795 0.726563 0.000000
vt 0.581299 0.730957 0.000000
vt 0.471680 0.573730 0.000000
vt 0.581299 0.730957 0.000000
vt 0.507813 0.567871 0.000000
vt 0.471680 0.573730 0.000000
vt 0.507813 0.567871 0.000000
vt 0.581299 0.730957 0.000000
vt 0.555664 0.612305 0.000000
vt 0.364990 0.807617 0.000000
vt 0.386963 0.904541 0.000000
vt 0.394287 0.750000 0.000000
vt 0.364990 0.807617 0.000000
vt 0.339600 0.950195 0.000000
vt 0.386963 0.904541 0.000000
vt 0.458984 0.897461 0.000000
vt 0.339600 0.950195 0.000000
vt 0.442627 0.938965 0.000000
vt 0.339600 0.950195 0.000000
vt 0.458984 0.897461 0.000000
vt 0.386963 0.904541 0.000000
vt 0.575928 0.773926 0.000000
vt 0.458984 0.897461 0.000000
vt 0.442627 0.938965 0.000000
vt 0.458984 0.897461 0.000000
vt 0.575928 0.773926 0.000000
vt 0.539795 0.726563 0.000000
vt 0.566406 0.898682 0.000000
vt 0.451904 0.992188 0.000000
vt 0.630371 0.977051 0.000000
vt 0.451904 0.992188 0.000000
vt 0.566406 0.898682 0.000000
vt 0.461914 0.853760 0.000000
vt 0.526367 0.647705 0.000000
vt 0.461914 0.853760 0.000000
vt 0.566406 0.898682 0.000000
vt 0.461914 0.853760 0.000000
vt 0.526367 0.647705 0.000000
vt 0.451904 0.659668 0.000000
vt 0.614746 0.914551 0.000000
vt 0.582275 0.936523 0.000000
vt 0.561768 0.847656 0.000000
vt 0.684326 0.985840 0.000000
vt 0.582275 0.936523 0.000000
vt 0.614746 0.914551 0.000000
vt 0.563232 0.637939 0.000000
vt 0.561768 0.847656 0.000000
vt 0.525635 0.640137 0.000000
vt 0.614746 0.914551 0.000000
vt 0.561768 0.847656 0.000000
vt 0.563232 0.637939 0.000000
vt 0.684326 0.985840 0.000000
vt 0.566406 0.898682 0.000000
vt 0.630371 0.977051 0.000000
vt 0.614746 0.914551 0.000000
vt 0.566406 0.898682 0.000000
vt 0.684326 0.985840 0.000000
vt 0.614746 0.914551 0.000000
vt 0.526367 0.647705 0.000000
vt 0.566406 0.898682 0.000000
vt 0.563232 0.637939 0.000000
vt 0.526367 0.647705 0.000000
vt 0.614746 0.914551 0.000000
vt 0.530762 0.890625 0.000000
vt 0.561768 0.847656 0.000000
vt 0.582275 0.936523 0.000000
vt 0.561768 0.847656 0.000000
vt 0.530762 0.890625 0.000000
vt 0.480713 0.769043 0.000000
vt 0.480713 0.769043 0.000000
vt 0.525635 0.640137 0.000000
vt 0.561768 0.847656 0.000000
vt 0.488037 0.642334 0.000000
vt 0.525635 0.640137 0.000000
vt 0.480713 0.769043 0.000000
vt 0.480713 0.769043 0.000000
vt 0.441650 0.652100 0.000000
vt 0.488037 0.642334 0.000000
vt 0.418945 0.722656 0.000000
vt 0.441650 0.652100 0.000000
vt 0.480713 0.769043 0.000000
vt 0.480713 0.769043 0.000000
vt 0.409424 0.818848 0.000000
vt 0.418945 0.722656 0.000000
vt 0.530762 0.890625 0.000000
vt 0.409424 0.818848 0.000000
vt 0.480713 0.769043 0.000000
vt 0.447510 0.728516 0.000000
vt 0.414551 0.661865 0.000000
vt 0.443115 0.655518 0.000000
vt 0.427490 0.769287 0.000000
vt 0.414551 0.661865 0.000000
vt 0.447510 0.728516 0.000000
vt 0.427490 0.769287 0.000000
vt 0.450195 0.814453 0.000000
vt 0.438232 0.864990 0.000000
vt 0.450195 0.814453 0.000000
vt 0.427490 0.769287 0.000000
vt 0.447510 0.728516 0.000000
vt 0.425781 0.776367 0.000000
vt 0.438232 0.864990 0.000000
vt 0.394775 0.929932 0.000000
vt 0.427490 0.769287 0.000000
vt 0.438232 0.864990 0.000000
vt 0.425781 0.776367 0.000000
vt 0.425781 0.776367 0.000000
vt 0.414551 0.661865 0.000000
vt 0.427490 0.769287 0.000000
vt 0.423584 0.659424 0.000000
vt 0.414551 0.661865 0.000000
vt 0.425781 0.776367 0.000000
vt 0.425781 0.776367 0.000000
vt 0.451904 0.659668 0.000000
vt 0.423584 0.659424 0.000000
vt 0.461914 0.853760 0.000000
vt 0.451904 0.659668 0.000000
vt 0.425781 0.776367 0.000000
vt 0.461914 0.853760 0.000000
vt 0.394775 0.929932 0.000000
vt 0.451904 0.992188 0.000000
vt 0.394775 0.929932 0.000000
vt 0.461914 0.853760 0.000000
vt 0.425781 0.776367 0.000000
vt 0.503418 0.522461 0.000000
vt 0.493652 0.934814 0.000000
vt 0.458252 0.917969 0.000000
vt 0.503418 0.522461 0.000000
vt 0.545410 0.964355 0.000000
vt 0.493652 0.934814 0.000000
vt 0.503418 0.522461 0.000000
vt 0.472412 0.929688 0.000000
vt 0.521729 0.921875 0.000000
vt 0.521729 0.921875 0.000000
vt 0.557129 0.938721 0.000000
vt 0.503418 0.522461 0.000000
vt 0.503418 0.522461 0.000000
vt 0.557129 0.938721 0.000000
vt 0.545410 0.964355 0.000000
vt 0.503418 0.522461 0.000000
vt 0.458252 0.917969 0.000000
vt 0.472412 0.929688 0.000000
vt 0.667725 0.721436 0.000000
vt 0.651855 0.706543 0.000000
vt 0.481445 0.559570 0.000000
vt 0.651855 0.706543 0.000000
vt 0.604492 0.732178 0.000000
vt 0.481445 0.559570 0.000000
vt 0.604492 0.732178 0.000000
vt 0.584473 0.832520 0.000000
vt 0.481445 0.559570 0.000000
vt 0.651611 0.760742 0.000000
vt 0.729248 0.643555 0.000000
vt 0.681152 0.757324 0.000000
vt 0.709717 0.724854 0.000000
vt 0.729248 0.643555 0.000000
vt 0.651611 0.760742 0.000000
vt 0.481445 0.559570 0.000000
vt 0.545898 0.675293 0.000000
vt 0.667725 0.721436 0.000000
vt 0.709717 0.724854 0.000000
vt 0.743408 0.667480 0.000000
vt 0.729248 0.643555 0.000000
vt 0.743408 0.667480 0.000000
vt 0.709717 0.724854 0.000000
vt 0.707275 0.703613 0.000000
vt 0.707275 0.703613 0.000000
vt 0.651855 0.706543 0.000000
vt 0.667725 0.721436 0.000000
vt 0.709717 0.724854 0.000000
vt 0.651855 0.706543 0.000000
vt 0.707275 0.703613 0.000000
vt 0.709717 0.724854 0.000000
vt 0.604492 0.732178 0.000000
vt 0.651855 0.706543 0.000000
vt 0.604492 0.732178 0.000000
vt 0.709717 0.724854 0.000000
vt 0.651611 0.760742 0.000000
vt 0.651611 0.760742 0.000000
vt 0.681152 0.757324 0.000000
vt 0.636475 0.773438 0.000000
vt 0.651611 0.760742 0.000000
vt 0.584473 0.832520 0.000000
vt 0.604492 0.732178 0.000000
vt 0.636475 0.773438 0.000000
vt 0.584473 0.832520 0.000000
vt 0.651611 0.760742 0.000000
vt 0.481445 0.559570 0.000000
vt 0.584473 0.832520 0.000000
vt 0.489502 0.711914 0.000000
vt 0.460205 0.718506 0.000000
vt 0.354980 0.719238 0.000000
vt 0.458740 0.511230 0.000000
vt 0.604980 0.749023 0.000000
vt 0.460205 0.718506 0.000000
vt 0.458740 0.511230 0.000000
vt 0.354980 0.719238 0.000000
vt 0.284912 0.804932 0.000000
vt 0.458740 0.511230 0.000000
vt 0.458008 0.689209 0.000000
vt 0.370605 0.677734 0.000000
vt 0.402588 0.752197 0.000000
vt 0.458008 0.689209 0.000000
vt 0.460205 0.718506 0.000000
vt 0.604980 0.749023 0.000000
vt 0.402588 0.752197 0.000000
vt 0.460205 0.718506 0.000000
vt 0.458008 0.689209 0.000000
vt 0.313721 0.760498 0.000000
vt 0.370605 0.677734 0.000000
vt 0.291016 0.765869 0.000000
vt 0.402588 0.752197 0.000000
vt 0.370605 0.677734 0.000000
vt 0.313721 0.760498 0.000000
vt 0.571777 0.659180 0.000000
vt 0.604980 0.749023 0.000000
vt 0.458740 0.511230 0.000000
vt 0.402588 0.752197 0.000000
vt 0.354980 0.719238 0.000000
vt 0.460205 0.718506 0.000000
vt 0.354980 0.719238 0.000000
vt 0.402588 0.752197 0.000000
vt 0.313721 0.760498 0.000000
vt 0.313721 0.760498 0.000000
vt 0.291016 0.765869 0.000000
vt 0.263428 0.764160 0.000000
vt 0.313721 0.760498 0.000000
vt 0.284912 0.804932 0.000000
vt 0.354980 0.719238 0.000000
vt 0.263428 0.764160 0.000000
vt 0.284912 0.804932 0.000000
vt 0.313721 0.760498 0.000000
vt 0.458740 0.511230 0.000000
vt 0.284912 0.804932 0.000000
vt 0.384766 0.661865 0.000000
vt 0.529785 0.575928 0.000000
vt 0.545410 0.895020 0.000000
vt 0.366455 0.891846 0.000000
vt 0.396973 0.573486 0.000000
vt 0.529785 0.575928 0.000000
vt 0.366455 0.891846 0.000000
vt 0.633545 0.879639 0.000000
vt 0.545410 0.895020 0.000000
vt 0.529785 0.575928 0.000000
vt 0.529785 0.575928 0.000000
vt 0.598877 0.566162 0.000000
vt 0.633545 0.879639 0.000000
vt 0.692871 0.873779 0.000000
vt 0.633545 0.879639 0.000000
vt 0.598877 0.566162 0.000000
vt 0.598877 0.566162 0.000000
vt 0.642090 0.549316 0.000000
vt 0.692871 0.873779 0.000000
vt 0.631104 0.819092 0.000000
vt 0.692871 0.873779 0.000000
vt 0.642090 0.549316 0.000000
vt 0.642090 0.549316 0.000000
vt 0.608887 0.544678 0.000000
vt 0.631104 0.819092 0.000000
vt 0.452148 0.815918 0.000000
vt 0.631104 0.819092 0.000000
vt 0.608887 0.544678 0.000000
vt 0.608887 0.544678 0.000000
vt 0.476074 0.542480 0.000000
vt 0.452148 0.815918 0.000000
vt 0.406738 0.544922 0.000000
vt 0.366211 0.867920 0.000000
vt 0.452148 0.815918 0.000000
vt 0.476074 0.542480 0.000000
vt 0.406738 0.544922 0.000000
vt 0.452148 0.815918 0.000000
vt 0.306885 0.873779 0.000000
vt 0.366211 0.867920 0.000000
vt 0.406738 0.544922 0.000000
vt 0.406738 0.544922 0.000000
vt 0.363525 0.562012 0.000000
vt 0.306885 0.873779 0.000000
vt 0.396973 0.573486 0.000000
vt 0.366455 0.891846 0.000000
vt 0.306885 0.873779 0.000000
vt 0.363525 0.562012 0.000000
vt 0.396973 0.573486 0.000000
vt 0.306885 0.873779 0.000000
vt 0.500977 0.560059 0.000000
vt 0.635742 0.758789 0.000000
vt 0.612305 0.804443 0.000000
vt 0.559570 0.799072 0.000000
vt 0.500977 0.560059 0.000000
vt 0.612305 0.804443 0.000000
vt 0.473145 0.750244 0.000000
vt 0.500977 0.560059 0.000000
vt 0.559570 0.799072 0.000000
vt 0.580811 0.842773 0.000000
vt 0.559570 0.799072 0.000000
vt 0.665283 0.927490 0.000000
vt 0.665283 0.927490 0.000000
vt 0.559570 0.799072 0.000000
vt 0.612305 0.804443 0.000000
vt 0.448975 0.660889 0.000000
vt 0.446533 0.544678 0.000000
vt 0.500977 0.560059 0.000000
vt 0.473145 0.750244 0.000000
vt 0.448975 0.660889 0.000000
vt 0.500977 0.560059 0.000000
vt 0.491699 0.771729 0.000000
vt 0.473145 0.750244 0.000000
vt 0.559570 0.799072 0.000000
vt 0.580811 0.842773 0.000000
vt 0.491699 0.771729 0.000000
vt 0.559570 0.799072 0.000000
vt 0.665283 0.927490 0.000000
vt 0.612305 0.804443 0.000000
vt 0.709229 0.858154 0.000000
vt 0.635742 0.758789 0.000000
vt 0.709229 0.858154 0.000000
vt 0.612305 0.804443 0.000000
vt 0.561768 0.680176 0.000000
vt 0.635742 0.758789 0.000000
vt 0.500977 0.560059 0.000000
vt 0.500977 0.560059 0.000000
vt 0.464111 0.548584 0.000000
vt 0.561768 0.680176 0.000000
vt 0.469727 0.663818 0.000000
vt 0.484863 0.555420 0.000000
vt 0.578857 0.672363 0.000000
vt 0.578857 0.672363 0.000000
vt 0.484863 0.555420 0.000000
vt 0.652832 0.757568 0.000000
vt 0.484863 0.555420 0.000000
vt 0.469727 0.663818 0.000000
vt 0.328613 0.713867 0.000000
vt 0.412109 0.615479 0.000000
vt 0.469727 0.663818 0.000000
vt 0.541504 0.559326 0.000000
vt 0.484863 0.555420 0.000000
vt 0.328613 0.713867 0.000000
vt 0.377686 0.687988 0.000000
vt 0.442139 0.584717 0.000000
vt 0.484863 0.555420 0.000000
vt 0.377686 0.687988 0.000000
vt 0.412109 0.615479 0.000000
vt 0.328613 0.713867 0.000000
vt 0.469727 0.663818 0.000000
vt 0.578857 0.672363 0.000000
vt 0.629395 0.661865 0.000000
vt 0.541504 0.559326 0.000000
vt 0.469727 0.663818 0.000000
vt 0.578857 0.672363 0.000000
vt 0.541504 0.559326 0.000000
vt 0.629395 0.661865 0.000000
vt 0.578857 0.672363 0.000000
vt 0.652832 0.757568 0.000000
vt 0.663330 0.681152 0.000000
vt 0.629395 0.661865 0.000000
vt 0.652832 0.757568 0.000000
vt 0.484863 0.555420 0.000000
vt 0.473877 0.585449 0.000000
vt 0.567383 0.687500 0.000000
vt 0.652832 0.757568 0.000000
vt 0.484863 0.555420 0.000000
vt 0.567383 0.687500 0.000000
vt 0.351563 0.749512 0.000000
vt 0.462646 0.566406 0.000000
vt 0.396729 0.769775 0.000000
vt 0.462646 0.566406 0.000000
vt 0.351563 0.749512 0.000000
vt 0.362061 0.758789 0.000000
vt 0.462646 0.566406 0.000000
vt 0.362061 0.758789 0.000000
vt 0.406494 0.798340 0.000000
vt 0.256592 0.877441 0.000000
vt 0.277588 0.843262 0.000000
vt 0.362061 0.758789 0.000000
vt 0.546875 0.575195 0.000000
vt 0.462646 0.566406 0.000000
vt 0.406494 0.798340 0.000000
vt 0.362061 0.758789 0.000000
vt 0.277588 0.843262 0.000000
vt 0.406494 0.798340 0.000000
vt 0.256592 0.877441 0.000000
vt 0.362061 0.758789 0.000000
vt 0.351563 0.749512 0.000000
vt 0.351563 0.749512 0.000000
vt 0.261719 0.857910 0.000000
vt 0.256592 0.877441 0.000000
vt 0.267578 0.813721 0.000000
vt 0.261719 0.857910 0.000000
vt 0.351563 0.749512 0.000000
vt 0.396729 0.769775 0.000000
vt 0.267578 0.813721 0.000000
vt 0.351563 0.749512 0.000000
vt 0.544922 0.570068 0.000000
vt 0.396729 0.769775 0.000000
vt 0.462646 0.566406 0.000000
vt 0.458984 0.897461 0.000000
vt 0.386963 0.904541 0.000000
vt 0.471680 0.573730 0.000000
vt 0.471680 0.573730 0.000000
vt 0.539795 0.726563 0.000000
vt 0.458984 0.897461 0.000000
vt 0.394287 0.750000 0.000000
vt 0.364990 0.807617 0.000000
vt 0.410400 0.751221 0.000000
vt 0.410400 0.751221 0.000000
vt 0.471680 0.573730 0.000000
vt 0.394287 0.750000 0.000000
vt 0.386963 0.904541 0.000000
vt 0.394287 0.750000 0.000000
vt 0.471680 0.573730 0.000000
vt 0.507813 0.567871 0.000000
vt 0.471680 0.573730 0.000000
vt 0.410400 0.751221 0.000000
vt 0.410400 0.751221 0.000000
vt 0.497070 0.616211 0.000000
vt 0.507813 0.567871 0.000000
vt 0.581299 0.730957 0.000000
vt 0.575928 0.773926 0.000000
vt 0.539795 0.726563 0.000000
vt 0.539795 0.726563 0.000000
vt 0.471680 0.573730 0.000000
vt 0.581299 0.730957 0.000000
vt 0.581299 0.730957 0.000000
vt 0.471680 0.573730 0.000000
vt 0.507813 0.567871 0.000000
vt 0.507813 0.567871 0.000000
vt 0.555664 0.612305 0.000000
vt 0.581299 0.730957 0.000000
vt 0.364990 0.807617 0.000000
vt 0.394287 0.750000 0.000000
vt 0.386963 0.904541 0.000000
vt 0.364990 0.807617 0.000000
vt 0.386963 0.904541 0.000000
vt 0.339600 0.950195 0.000000
vt 0.458984 0.897461 0.000000
vt 0.442627 0.938965 0.000000
vt 0.339600 0.950195 0.000000
vt 0.339600 0.950195 0.000000
vt 0.386963 0.904541 0.000000
vt 0.458984 0.897461 0.000000
vt 0.575928 0.773926 0.000000
vt 0.442627 0.938965 0.000000
vt 0.458984 0.897461 0.000000
vt 0.458984 0.897461 0.000000
vt 0.539795 0.726563 0.000000
vt 0.575928 0.773926 0.000000
vt 0.566406 0.898682 0.000000
vt 0.630371 0.977051 0.000000
vt 0.451904 0.992188 0.000000
vt 0.451904 0.992188 0.000000
vt 0.461914 0.853760 0.000000
vt 0.566406 0.898682 0.000000
vt 0.526367 0.647705 0.000000
vt 0.566406 0.898682 0.000000
vt 0.461914 0.853760 0.000000
vt 0.461914 0.853760 0.000000
vt 0.451904 0.659668 0.000000
vt 0.526367 0.647705 0.000000
vt 0.614746 0.914551 0.000000
vt 0.561768 0.847656 0.000000
vt 0.582275 0.936523 0.000000
vt 0.684326 0.985840 0.000000
vt 0.614746 0.914551 0.000000
vt 0.582275 0.936523 0.000000
vt 0.563232 0.637939 0.000000
vt 0.525635 0.640137 0.000000
vt 0.561768 0.847656 0.000000
vt 0.614746 0.914551 0.000000
vt 0.563232 0.637939 0.000000
vt 0.561768 0.847656 0.000000
vt 0.684326 0.985840 0.000000
vt 0.630371 0.977051 0.000000
vt 0.566406 0.898682 0.000000
vt 0.614746 0.914551 0.000000
vt 0.684326 0.985840 0.000000
vt 0.566406 0.898682 0.000000
vt 0.614746 0.914551 0.000000
vt 0.566406 0.898682 0.000000
vt 0.526367 0.647705 0.000000
vt 0.563232 0.637939 0.000000
vt 0.614746 0.914551 0.000000
vt 0.526367 0.647705 0.000000
vt 0.530762 0.890625 0.000000
vt 0.582275 0.936523 0.000000
vt 0.561768 0.847656 0.000000
vt 0.561768 0.847656 0.000000
vt 0.480713 0.769043 0.000000
vt 0.530762 0.890625 0.000000
vt 0.480713 0.769043 0.000000
vt 0.561768 0.847656 0.000000
vt 0.525635 0.640137 0.000000
vt 0.488037 0.642334 0.000000
vt 0.480713 0.769043 0.000000
vt 0.525635 0.640137 0.000000
vt 0.480713 0.769043 0.000000
vt 0.488037 0.642334 0.000000
vt 0.441650 0.652100 0.000000
vt 0.418945 0.722656 0.000000
vt 0.480713 0.769043 0.000000
vt 0.441650 0.652100 0.000000
vt 0.480713 0.769043 0.000000
vt 0.418945 0.722656 0.000000
vt 0.409424 0.818848 0.000000
vt 0.530762 0.890625 0.000000
vt 0.480713 0.769043 0.000000
vt 0.409424 0.818848 0.000000
vt 0.447510 0.728516 0.000000
vt 0.443115 0.655518 0.000000
vt 0.414551 0.661865 0.000000
vt 0.427490 0.769287 0.000000
vt 0.447510 0.728516 0.000000
vt 0.414551 0.661865 0.000000
vt 0.427490 0.769287 0.000000
vt 0.438232 0.864990 0.000000
vt 0.450195 0.814453 0.000000
vt 0.450195 0.814453 0.000000
vt 0.447510 0.728516 0.000000
vt 0.427490 0.769287 0.000000
vt 0.425781 0.776367 0.000000
vt 0.394775 0.929932 0.000000
vt 0.438232 0.864990 0.000000
vt 0.427490 0.769287 0.000000
vt 0.425781 0.776367 0.000000
vt 0.438232 0.864990 0.000000
vt 0.425781 0.776367 0.000000
vt 0.427490 0.769287 0.000000
vt 0.414551 0.661865 0.000000
vt 0.423584 0.659424 0.000000
vt 0.425781 0.776367 0.000000
vt 0.414551 0.661865 0.000000
vt 0.425781 0.776367 0.000000
vt 0.423584 0.659424 0.000000
vt 0.451904 0.659668 0.000000
vt 0.461914 0.853760 0.000000
vt 0.425781 0.776367 0.000000
vt 0.451904 0.659668 0.000000
vt 0.461914 0.853760 0.000000
vt 0.451904 0.992188 0.000000
vt 0.394775 0.929932 0.000000
vt 0.394775 0.929932 0.000000
vt 0.425781 0.776367 0.000000
vt 0.461914 0.853760 0.000000
vt 0.503418 0.522461 0.000000
vt 0.458252 0.917969 0.000000
vt 0.493652 0.934814 0.000000
vt 0.503418 0.522461 0.000000
vt 0.493652 0.934814 0.000000
vt 0.545410 0.964355 0.000000
vt 0.503418 0.522461 0.000000
vt 0.521729 0.921875 0.000000
vt 0.472412 0.929688 0.000000
vt 0.521729 0.921875 0.000000
vt 0.503418 0.522461 0.000000
vt 0.557129 0.938721 0.000000
vt 0.503418 0.522461 0.000000
vt 0.545410 0.964355 0.000000
vt 0.557129 0.938721 0.000000
vt 0.503418 0.522461 0.000000
vt 0.472412 0.929688 0.000000
vt 0.458252 0.917969 0.000000
vt 0.667725 0.721436 0.000000
vt 0.481445 0.559570 0.000000
vt 0.651855 0.706543 0.000000
vt 0.651855 0.706543 0.000000
vt 0.481445 0.559570 0.000000
vt 0.604492 0.732178 0.000000
vt 0.604492 0.732178 0.000000
vt 0.481445 0.559570 0.000000
vt 0.584473 0.832520 0.000000
vt 0.651611 0.760742 0.000000
vt 0.681152 0.757324 0.000000
vt 0.729248 0.643555 0.000000
vt 0.709717 0.724854 0.000000
vt 0.651611 0.760742 0.000000
vt 0.729248 0.643555 0.000000
vt 0.481445 0.559570 0.000000
vt 0.667725 0.721436 0.000000
vt 0.545898 0.675293 0.000000
vt 0.709717 0.724854 0.000000
vt 0.729248 0.643555 0.000000
vt 0.743408 0.667480 0.000000
vt 0.743408 0.667480 0.000000
vt 0.707275 0.703613 0.000000
vt 0.709717 0.724854 0.000000
vt 0.707275 0.703613 0.000000
vt 0.667725 0.721436 0.000000
vt 0.651855 0.706543 0.000000
vt 0.709717 0.724854 0.000000
vt 0.707275 0.703613 0.000000
vt 0.651855 0.706543 0.000000
vt 0.709717 0.724854 0.000000
vt 0.651855 0.706543 0.000000
vt 0.604492 0.732178 0.000000
vt 0.604492 0.732178 0.000000
vt 0.651611 0.760742 0.000000
vt 0.709717 0.724854 0.000000
vt 0.651611 0.760742 0.000000
vt 0.636475 0.773438 0.000000
vt 0.681152 0.757324 0.000000
vt 0.651611 0.760742 0.000000
vt 0.604492 0.732178 0.000000
vt 0.584473 0.832520 0.000000
vt 0.636475 0.773438 0.000000
vt 0.651611 0.760742 0.000000
vt 0.584473 0.832520 0.000000
vt 0.481445 0.559570 0.000000
vt 0.489502 0.711914 0.000000
vt 0.584473 0.832520 0.000000
vt 0.460205 0.718506 0.000000
vt 0.458740 0.511230 0.000000
vt 0.354980 0.719238 0.000000
vt 0.604980 0.749023 0.000000
vt 0.458740 0.511230 0.000000
vt 0.460205 0.718506 0.000000
vt 0.354980 0.719238 0.000000
vt 0.458740 0.511230 0.000000
vt 0.284912 0.804932 0.000000
vt 0.458008 0.689209 0.000000
vt 0.402588 0.752197 0.000000
vt 0.370605 0.677734 0.000000
vt 0.458008 0.689209 0.000000
vt 0.604980 0.749023 0.000000
vt 0.460205 0.718506 0.000000
vt 0.402588 0.752197 0.000000
vt 0.458008 0.689209 0.000000
vt 0.460205 0.718506 0.000000
vt 0.313721 0.760498 0.000000
vt 0.291016 0.765869 0.000000
vt 0.370605 0.677734 0.000000
vt 0.402588 0.752197 0.000000
vt 0.313721 0.760498 0.000000
vt 0.370605 0.677734 0.000000
vt 0.571777 0.659180 0.000000
vt 0.458740 0.511230 0.000000
vt 0.604980 0.749023 0.000000
vt 0.402588 0.752197 0.000000
vt 0.460205 0.718506 0.000000
vt 0.354980 0.719238 0.000000
vt 0.354980 0.719238 0.000000
vt 0.313721 0.760498 0.000000
vt 0.402588 0.752197 0.000000
vt 0.313721 0.760498 0.000000
vt 0.263428 0.764160 0.000000
vt 0.291016 0.765869 0.000000
vt 0.313721 0.760498 0.000000
vt 0.354980 0.719238 0.000000
vt 0.284912 0.804932 0.000000
vt 0.263428 0.764160 0.000000
vt 0.313721 0.760498 0.000000
vt 0.284912 0.804932 0.000000
vt 0.458740 0.511230 0.000000
vt 0.384766 0.661865 0.000000
vt 0.284912 0.804932 0.000000
vt 0.894043 0.785645 0.000000
vt 0.863037 0.941650 0.000000
vt 0.888184 0.782715 0.000000
vt 0.894043 0.785645 0.000000
vt 0.869385 0.943115 0.000000
vt 0.863037 0.941650 0.000000
vt 0.859619 0.942627 0.000000
vt 0.888184 0.782715 0.000000
vt 0.863037 0.941650 0.000000
vt 0.888184 0.782715 0.000000
vt 0.859619 0.942627 0.000000
vt 0.884766 0.782715 0.000000
vt 0.869385 0.943115 0.000000
vt 0.884766 0.782715 0.000000
vt 0.859619 0.942627 0.000000
vt 0.884766 0.782715 0.000000
vt 0.869385 0.943115 0.000000
vt 0.894043 0.785645 0.000000
vt 0.790527 0.925781 0.000000
vt 0.877197 0.853760 0.000000
vt 0.788818 0.923340 0.000000
vt 0.877197 0.853760 0.000000
vt 0.790527 0.925781 0.000000
vt 0.881836 0.860840 0.000000
vt 0.878906 0.954346 0.000000
vt 0.874268 0.868164 0.000000
vt 0.873779 0.872803 0.000000
vt 0.878906 0.954346 0.000000
vt 0.879150 0.952881 0.000000
vt 0.874268 0.868164 0.000000
vt 0.959961 0.952637 0.000000
vt 0.874023 0.863037 0.000000
vt 0.875977 0.858154 0.000000
vt 0.874023 0.863037 0.000000
vt 0.959961 0.952637 0.000000
vt 0.959229 0.954346 0.000000
vt 0.875977 0.858154 0.000000
vt 0.960693 0.953369 0.000000
vt 0.959961 0.952637 0.000000
vt 0.960693 0.953369 0.000000
vt 0.875977 0.858154 0.000000
vt 0.877930 0.859863 0.000000
vt 0.877197 0.853760 0.000000
vt 0.790771 0.924805 0.000000
vt 0.788818 0.923340 0.000000
vt 0.790771 0.924805 0.000000
vt 0.877197 0.853760 0.000000
vt 0.882813 0.857422 0.000000
vt 0.879150 0.952881 0.000000
vt 0.878418 0.872559 0.000000
vt 0.874268 0.868164 0.000000
vt 0.878418 0.872559 0.000000
vt 0.879150 0.952881 0.000000
vt 0.880615 0.954346 0.000000
vt 0.878906 0.954346 0.000000
vt 0.878418 0.872559 0.000000
vt 0.880615 0.954346 0.000000
vt 0.878418 0.872559 0.000000
vt 0.878906 0.954346 0.000000
vt 0.873779 0.872803 0.000000
vt 0.877930 0.859863 0.000000
vt 0.959229 0.954346 0.000000
vt 0.960693 0.953369 0.000000
vt 0.874023 0.863037 0.000000
vt 0.959229 0.954346 0.000000
vt 0.877930 0.859863 0.000000
vt 0.882813 0.857422 0.000000
vt 0.790527 0.925781 0.000000
vt 0.790771 0.924805 0.000000
vt 0.881836 0.860840 0.000000
vt 0.790527 0.925781 0.000000
vt 0.882813 0.857422 0.000000
vt 0.888428 0.865967 0.000000
vt 0.824951 0.955322 0.000000
vt 0.792725 0.849365 0.000000
vt 0.888428 0.865967 0.000000
vt 0.907959 0.786377 0.000000
vt 0.940186 0.892334 0.000000
vt 0.881592 0.816162 0.000000
vt 0.785156 0.870361 0.000000
vt 0.877197 0.889893 0.000000
vt 0.796143 0.785400 0.000000
vt 0.785156 0.870361 0.000000
vt 0.881592 0.816162 0.000000
vt 0.785156 0.870361 0.000000
vt 0.862305 0.996826 0.000000
vt 0.877197 0.889893 0.000000
vt 0.881104 0.754639 0.000000
vt 0.796143 0.785400 0.000000
vt 0.881592 0.816162 0.000000
vt 0.881592 0.816162 0.000000
vt 0.978271 0.913330 0.000000
vt 0.975342 0.825195 0.000000
vt 0.877197 0.889893 0.000000
vt 0.978271 0.913330 0.000000
vt 0.881592 0.816162 0.000000
vt 0.877197 0.889893 0.000000
vt 0.862305 0.996826 0.000000
vt 0.978271 0.913330 0.000000
vt 0.881592 0.816162 0.000000
vt 0.975342 0.825195 0.000000
vt 0.881104 0.754639 0.000000
vt 0.868652 0.822021 0.000000
vt 0.767334 0.898193 0.000000
vt 0.872314 0.893311 0.000000
vt 0.770752 0.814209 0.000000
vt 0.767334 0.898193 0.000000
vt 0.868652 0.822021 0.000000
vt 0.767334 0.898193 0.000000
vt 0.878662 0.993896 0.000000
vt 0.872314 0.893311 0.000000
vt 0.866455 0.761230 0.000000
vt 0.770752 0.814209 0.000000
vt 0.868652 0.822021 0.000000
vt 0.868652 0.822021 0.000000
vt 0.976074 0.894775 0.000000
vt 0.964600 0.810791 0.000000
vt 0.872314 0.893311 0.000000
vt 0.976074 0.894775 0.000000
vt 0.868652 0.822021 0.000000
vt 0.872314 0.893311 0.000000
vt 0.878662 0.993896 0.000000
vt 0.976074 0.894775 0.000000
vt 0.868652 0.822021 0.000000
vt 0.964600 0.810791 0.000000
vt 0.866455 0.761230 0.000000
vt 0.871826 0.825684 0.000000
vt 0.756348 0.916260 0.000000
vt 0.874512 0.894531 0.000000
vt 0.762451 0.833740 0.000000
vt 0.756348 0.916260 0.000000
vt 0.871826 0.825684 0.000000
vt 0.756348 0.916260 0.000000
vt 0.886230 0.989990 0.000000
vt 0.874512 0.894531 0.000000
vt 0.873047 0.766113 0.000000
vt 0.762451 0.833740 0.000000
vt 0.871826 0.825684 0.000000
vt 0.871826 0.825684 0.000000
vt 0.984863 0.880615 0.000000
vt 0.974365 0.800781 0.000000
vt 0.874512 0.894531 0.000000
vt 0.984863 0.880615 0.000000
vt 0.871826 0.825684 0.000000
vt 0.874512 0.894531 0.000000
vt 0.886230 0.989990 0.000000
vt 0.984863 0.880615 0.000000
vt 0.871826 0.825684 0.000000
vt 0.974365 0.800781 0.000000
vt 0.873047 0.766113 0.000000
vt 0.871826 0.823242 0.000000
vt 0.756104 0.885742 0.000000
vt 0.870117 0.892578 0.000000
vt 0.766846 0.804443 0.000000
vt 0.756104 0.885742 0.000000
vt 0.871826 0.823242 0.000000
vt 0.756104 0.885742 0.000000
vt 0.871094 0.990234 0.000000
vt 0.870117 0.892578 0.000000
vt 0.875244 0.763428 0.000000
vt 0.766846 0.804443 0.000000
vt 0.871826 0.823242 0.000000
vt 0.871826 0.823242 0.000000
vt 0.979736 0.906738 0.000000
vt 0.974365 0.823975 0.000000
vt 0.870117 0.892578 0.000000
vt 0.979736 0.906738 0.000000
vt 0.871826 0.823242 0.000000
vt 0.870117 0.892578 0.000000
vt 0.871094 0.990234 0.000000
vt 0.979736 0.906738 0.000000
vt 0.871826 0.823242 0.000000
vt 0.974365 0.823975 0.000000
vt 0.875244 0.763428 0.000000
vt 0.864746 0.812256 0.000000
vt 0.757080 0.889893 0.000000
vt 0.860596 0.878662 0.000000
vt 0.770996 0.812012 0.000000
vt 0.757080 0.889893 0.000000
vt 0.864746 0.812256 0.000000
vt 0.757080 0.889893 0.000000
vt 0.871826 0.983643 0.000000
vt 0.860596 0.878662 0.000000
vt 0.876465 0.760986 0.000000
vt 0.770996 0.812012 0.000000
vt 0.864746 0.812256 0.000000
vt 0.864746 0.812256 0.000000
vt 0.945801 0.861816 0.000000
vt 0.946045 0.786133 0.000000
vt 0.860596 0.878662 0.000000
vt 0.945801 0.861816 0.000000
vt 0.864746 0.812256 0.000000
vt 0.860596 0.878662 0.000000
vt 0.871826 0.983643 0.000000
vt 0.945801 0.861816 0.000000
vt 0.864746 0.812256 0.000000
vt 0.946045 0.786133 0.000000
vt 0.876465 0.760986 0.000000
vt 0.873047 0.803955 0.000000
vt 0.803223 0.817871 0.000000
vt 0.873047 0.860840 0.000000
vt 0.807861 0.758301 0.000000
vt 0.803223 0.817871 0.000000
vt 0.873047 0.803955 0.000000
vt 0.803223 0.817871 0.000000
vt 0.869385 0.979004 0.000000
vt 0.873047 0.860840 0.000000
vt 0.871094 0.774414 0.000000
vt 0.807861 0.758301 0.000000
vt 0.873047 0.803955 0.000000
vt 0.873047 0.803955 0.000000
vt 0.946777 0.867188 0.000000
vt 0.940918 0.804199 0.000000
vt 0.873047 0.860840 0.000000
vt 0.946777 0.867188 0.000000
vt 0.873047 0.803955 0.000000
vt 0.873047 0.860840 0.000000
vt 0.869385 0.979004 0.000000
vt 0.946777 0.867188 0.000000
vt 0.873047 0.803955 0.000000
vt 0.940918 0.804199 0.000000
vt 0.871094 0.774414 0.000000
vt 0.875000 0.834229 0.000000
vt 0.753418 0.918213 0.000000
vt 0.871582 0.904541 0.000000
vt 0.766602 0.833252 0.000000
vt 0.753418 0.918213 0.000000
vt 0.875000 0.834229 0.000000
vt 0.873779 0.935547 0.000000
vt 0.753418 0.918213 0.000000
vt 0.871094 0.991699 0.000000
vt 0.753418 0.918213 0.000000
vt 0.873779 0.935547 0.000000
vt 0.871582 0.904541 0.000000
vt 0.873047 0.767822 0.000000
vt 0.766602 0.833252 0.000000
vt 0.875000 0.834229 0.000000
vt 0.994385 0.826416 0.000000
vt 0.871582 0.904541 0.000000
vt 0.994141 0.910889 0.000000
vt 0.871582 0.904541 0.000000
vt 0.994385 0.826416 0.000000
vt 0.875000 0.834229 0.000000
vt 0.994141 0.910889 0.000000
vt 0.873779 0.935547 0.000000
vt 0.871094 0.991699 0.000000
vt 0.873779 0.935547 0.000000
vt 0.994141 0.910889 0.000000
vt 0.871582 0.904541 0.000000
vt 0.875000 0.834229 0.000000
vt 0.994385 0.826416 0.000000
vt 0.873047 0.767822 0.000000
vt 0.888428 0.865967 0.000000
vt 0.807129 0.794189 0.000000
vt 0.870117 0.759766 0.000000
vt 0.888428 0.865967 0.000000
vt 0.926758 0.947266 0.000000
vt 0.864014 0.981689 0.000000
vt 0.807129 0.794189 0.000000
vt 0.888428 0.865967 0.000000
vt 0.792725 0.849365 0.000000
vt 0.907959 0.786377 0.000000
vt 0.888428 0.865967 0.000000
vt 0.870117 0.759766 0.000000
vt 0.888428 0.865967 0.000000
vt 0.940186 0.892334 0.000000
vt 0.926758 0.947266 0.000000
vt 0.824951 0.955322 0.000000
vt 0.888428 0.865967 0.000000
vt 0.864014 0.981689 0.000000
vt 0.888428 0.865967 0.000000
vt 0.792725 0.849365 0.000000
vt 0.824951 0.955322 0.000000
vt 0.888428 0.865967 0.000000
vt 0.940186 0.892334 0.000000
vt 0.907959 0.786377 0.000000
vt 0.881592 0.816162 0.000000
vt 0.877197 0.889893 0.000000
vt 0.785156 0.870361 0.000000
vt 0.796143 0.785400 0.000000
vt 0.881592 0.816162 0.000000
vt 0.785156 0.870361 0.000000
vt 0.785156 0.870361 0.000000
vt 0.877197 0.889893 0.000000
vt 0.862305 0.996826 0.000000
vt 0.881104 0.754639 0.000000
vt 0.881592 0.816162 0.000000
vt 0.796143 0.785400 0.000000
vt 0.881592 0.816162 0.000000
vt 0.975342 0.825195 0.000000
vt 0.978271 0.913330 0.000000
vt 0.877197 0.889893 0.000000
vt 0.881592 0.816162 0.000000
vt 0.978271 0.913330 0.000000
vt 0.877197 0.889893 0.000000
vt 0.978271 0.913330 0.000000
vt 0.862305 0.996826 0.000000
vt 0.881592 0.816162 0.000000
vt 0.881104 0.754639 0.000000
vt 0.975342 0.825195 0.000000
vt 0.868652 0.822021 0.000000
vt 0.872314 0.893311 0.000000
vt 0.767334 0.898193 0.000000
vt 0.770752 0.814209 0.000000
vt 0.868652 0.822021 0.000000
vt 0.767334 0.898193 0.000000
vt 0.767334 0.898193 0.000000
vt 0.872314 0.893311 0.000000
vt 0.878662 0.993896 0.000000
vt 0.866455 0.761230 0.000000
vt 0.868652 0.822021 0.000000
vt 0.770752 0.814209 0.000000
vt 0.868652 0.822021 0.000000
vt 0.964600 0.810791 0.000000
vt 0.976074 0.894775 0.000000
vt 0.872314 0.893311 0.000000
vt 0.868652 0.822021 0.000000
vt 0.976074 0.894775 0.000000
vt 0.872314 0.893311 0.000000
vt 0.976074 0.894775 0.000000
vt 0.878662 0.993896 0.000000
vt 0.868652 0.822021 0.000000
vt 0.866455 0.761230 0.000000
vt 0.964600 0.810791 0.000000
vt 0.871826 0.825684 0.000000
vt 0.874512 0.894531 0.000000
vt 0.756348 0.916260 0.000000
vt 0.762451 0.833740 0.000000
vt 0.871826 0.825684 0.000000
vt 0.756348 0.916260 0.000000
vt 0.756348 0.916260 0.000000
vt 0.874512 0.894531 0.000000
vt 0.886230 0.989990 0.000000
vt 0.873047 0.766113 0.000000
vt 0.871826 0.825684 0.000000
vt 0.762451 0.833740 0.000000
vt 0.871826 0.825684 0.000000
vt 0.974365 0.800781 0.000000
vt 0.984863 0.880615 0.000000
vt 0.874512 0.894531 0.000000
vt 0.871826 0.825684 0.000000
vt 0.984863 0.880615 0.000000
vt 0.874512 0.894531 0.000000
vt 0.984863 0.880615 0.000000
vt 0.886230 0.989990 0.000000
vt 0.871826 0.825684 0.000000
vt 0.873047 0.766113 0.000000
vt 0.974365 0.800781 0.000000
vt 0.871826 0.823242 0.000000
vt 0.870117 0.892578 0.000000
vt 0.756104 0.885742 0.000000
vt 0.766846 0.804443 0.000000
vt 0.871826 0.823242 0.000000
vt 0.756104 0.885742 0.000000
vt 0.756104 0.885742 0.000000
vt 0.870117 0.892578 0.000000
vt 0.871094 0.990234 0.000000
vt 0.875244 0.763428 0.000000
vt 0.871826 0.823242 0.000000
vt 0.766846 0.804443 0.000000
vt 0.871826 0.823242 0.000000
vt 0.974365 0.823975 0.000000
vt 0.979736 0.906738 0.000000
vt 0.870117 0.892578 0.000000
vt 0.871826 0.823242 0.000000
vt 0.979736 0.906738 0.000000
vt 0.870117 0.892578 0.000000
vt 0.979736 0.906738 0.000000
vt 0.871094 0.990234 0.000000
vt 0.871826 0.823242 0.000000
vt 0.875244 0.763428 0.000000
vt 0.974365 0.823975 0.000000
vt 0.864746 0.812256 0.000000
vt 0.860596 0.878662 0.000000
vt 0.757080 0.889893 0.000000
vt 0.770996 0.812012 0.000000
vt 0.864746 0.812256 0.000000
vt 0.757080 0.889893 0.000000
vt 0.757080 0.889893 0.000000
vt 0.860596 0.878662 0.000000
vt 0.871826 0.983643 0.000000
vt 0.876465 0.760986 0.000000
vt 0.864746 0.812256 0.000000
vt 0.770996 0.812012 0.000000
vt 0.864746 0.812256 0.000000
vt 0.946045 0.786133 0.000000
vt 0.945801 0.861816 0.000000
vt 0.860596 0.878662 0.000000
vt 0.864746 0.812256 0.000000
vt 0.945801 0.861816 0.000000
vt 0.860596 0.878662 0.000000
vt 0.945801 0.861816 0.000000
vt 0.871826 0.983643 0.000000
vt 0.864746 0.812256 0.000000
vt 0.876465 0.760986 0.000000
vt 0.946045 0.786133 0.000000
vt 0.873047 0.803955 0.000000
vt 0.873047 0.860840 0.000000
vt 0.803223 0.817871 0.000000
vt 0.807861 0.758301 0.000000
vt 0.873047 0.803955 0.000000
vt 0.803223 0.817871 0.000000
vt 0.803223 0.817871 0.000000
vt 0.873047 0.860840 0.000000
vt 0.869385 0.979004 0.000000
vt 0.871094 0.774414 0.000000
vt 0.873047 0.803955 0.000000
vt 0.807861 0.758301 0.000000
vt 0.873047 0.803955 0.000000
vt 0.940918 0.804199 0.000000
vt 0.946777 0.867188 0.000000
vt 0.873047 0.860840 0.000000
vt 0.873047 0.803955 0.000000
vt 0.946777 0.867188 0.000000
vt 0.873047 0.860840 0.000000
vt 0.946777 0.867188 0.000000
vt 0.869385 0.979004 0.000000
vt 0.873047 0.803955 0.000000
vt 0.871094 0.774414 0.000000
vt 0.940918 0.804199 0.000000
vt 0.875000 0.834229 0.000000
vt 0.871582 0.904541 0.000000
vt 0.753418 0.918213 0.000000
vt 0.766602 0.833252 0.000000
vt 0.875000 0.834229 0.000000
vt 0.753418 0.918213 0.000000
vt 0.873779 0.935547 0.000000
vt 0.871094 0.991699 0.000000
vt 0.753418 0.918213 0.000000
vt 0.753418 0.918213 0.000000
vt 0.871582 0.904541 0.000000
vt 0.873779 0.935547 0.000000
vt 0.873047 0.767822 0.000000
vt 0.875000 0.834229 0.000000
vt 0.766602 0.833252 0.000000
vt 0.994385 0.826416 0.000000
vt 0.994141 0.910889 0.000000
vt 0.871582 0.904541 0.000000
vt 0.871582 0.904541 0.000000
vt 0.875000 0.834229 0.000000
vt 0.994385 0.826416 0.000000
vt 0.994141 0.910889 0.000000
vt 0.871094 0.991699 0.000000
vt 0.873779 0.935547 0.000000
vt 0.873779 0.935547 0.000000
vt 0.871582 0.904541 0.000000
vt 0.994141 0.910889 0.000000
vt 0.875000 0.834229 0.000000
vt 0.873047 0.767822 0.000000
vt 0.994385 0.826416 0.000000
vt 0.888428 0.865967 0.000000
vt 0.870117 0.759766 0.000000
vt 0.807129 0.794189 0.000000
vt 0.888428 0.865967 0.000000
vt 0.864014 0.981689 0.000000
vt 0.926758 0.947266 0.000000
vt 0.807129 0.794189 0.000000
vt 0.792725 0.849365 0.000000
vt 0.888428 0.865967 0.000000
vt 0.907959 0.786377 0.000000
vt 0.870117 0.759766 0.000000
vt 0.888428 0.865967 0.000000
vt 0.888428 0.865967 0.000000
vt 0.926758 0.947266 0.000000
vt 0.940186 0.892334 0.000000
vt 0.824951 0.955322 0.000000
vt 0.864014 0.981689 0.000000
vt 0.888428 0.865967 0.000000
vn -0.750488 -0.407227 -0.520020
vn -0.851563 0.032959 0.522949
vn -0.886230 -0.348633 -0.304199
vn -0.851563 0.032959 0.522949
vn -0.896729 -0.018555 0.441895
vn -0.886230 -0.348633 -0.304199
vn 0.750488 -0.407227 -0.520020
vn 0.886230 -0.348633 -0.304199
vn 0.851563 0.032959 0.522949
vn 0.886230 -0.348633 -0.304199
vn 0.896729 -0.018555 0.441650
vn 0.851563 0.032959 0.522949
vn 0.000000 0.258545 -0.965820
vn 0.000000 -0.873291 -0.486816
vn 0.000000 0.258545 -0.965820
vn 0.000000 -0.873291 -0.486816
vn 0.000000 -0.873291 -0.486816
vn 0.000000 0.258545 -0.965820
vn 0.000000 0.988281 0.151855
vn 0.000000 -0.388672 0.921143
vn 0.000000 0.988281 0.151855
vn 0.000000 -0.388672 0.921143
vn 0.000000 -0.388672 0.921143
vn 0.000000 0.988281 0.151855
vn 0.000000 0.988281 0.151855
vn 0.000000 0.988281 0.151855
vn 0.000000 0.258545 -0.965820
vn 0.000000 0.988281 0.151855
vn 0.000000 0.258545 -0.965820
vn 0.000000 0.258545 -0.965820
vn 0.000000 -0.873291 -0.486816
vn 0.000000 -0.873291 -0.486816
vn 0.000000 -0.388672 0.921143
vn 0.000000 -0.873291 -0.486816
vn 0.000000 -0.388672 0.921143
vn 0.000000 -0.388672 0.921143
vn 0.127197 -0.445068 -0.886230
vn 0.720703 -0.353760 -0.595703
vn 0.314941 -0.459473 -0.830322
vn 0.314941 -0.459473 -0.830322
vn 0.720703 -0.353760 -0.595703
vn 0.738525 -0.385254 -0.552979
vn -0.381104 -0.483643 -0.787598
vn 0.127197 -0.445068 -0.886230
vn -0.203369 -0.484131 -0.850830
vn -0.203369 -0.484131 -0.850830
vn 0.127197 -0.445068 -0.886230
vn 0.314941 -0.459473 -0.830322
vn -0.886230 -0.348633 -0.304199
vn -0.381104 -0.483643 -0.787598
vn -0.750488 -0.407227 -0.520020
vn -0.750488 -0.407227 -0.520020
vn -0.381104 -0.483643 -0.787598
vn -0.203369 -0.484131 -0.850830
vn -0.896729 -0.018555 0.441895
vn -0.851563 0.032959 0.522949
vn -0.177490 0.357422 0.916748
vn 0.045410 0.425781 0.903564
vn -0.177490 0.357422 0.916748
vn -0.851563 0.032959 0.522949
vn -0.177490 0.357422 0.916748
vn 0.045410 0.425781 0.903564
vn 0.016602 0.456055 0.889648
vn -0.189697 0.501465 0.843994
vn 0.016602 0.456055 0.889648
vn 0.045410 0.425781 0.903564
vn 0.016602 0.456055 0.889648
vn -0.189697 0.501465 0.843994
vn 0.139893 0.493896 0.858154
vn 0.998779 0.048828 -0.003662
vn 0.139893 0.493896 0.858154
vn -0.189697 0.501465 0.843994
vn 0.738525 -0.385254 -0.552979
vn 0.720703 -0.353760 -0.595703
vn 0.998779 0.048828 -0.003662
vn 0.720703 -0.353760 -0.595703
vn 0.139893 0.493896 0.858154
vn 0.998779 0.048828 -0.003662
vn 0.177490 0.357422 0.916748
vn -0.016602 0.456055 0.889648
vn -0.045410 0.425781 0.903564
vn -0.016602 0.456055 0.889648
vn 0.189697 0.501465 0.843994
vn -0.045410 0.425781 0.903564
vn -0.016602 0.456055 0.889648
vn -0.139893 0.493896 0.858154
vn 0.189697 0.501465 0.843994
vn -0.139893 0.493896 0.858154
vn -0.998779 0.048828 -0.003662
vn 0.189697 0.501465 0.843994
vn -0.738525 -0.385254 -0.552979
vn -0.998779 0.048828 -0.003662
vn -0.720703 -0.353760 -0.595703
vn -0.720703 -0.353760 -0.595703
vn -0.998779 0.048828 -0.003662
vn -0.139893 0.493896 0.858154
vn -0.127197 -0.445068 -0.886230
vn -0.314941 -0.459473 -0.830322
vn -0.720703 -0.353760 -0.595703
vn -0.314941 -0.459473 -0.830322
vn -0.738525 -0.385254 -0.552979
vn -0.720703 -0.353760 -0.595703
vn 0.381104 -0.483643 -0.787598
vn 0.203369 -0.484131 -0.850830
vn -0.127197 -0.445068 -0.886230
vn 0.203369 -0.484131 -0.850830
vn -0.314941 -0.459473 -0.830322
vn -0.127197 -0.445068 -0.886230
vn 0.886230 -0.348633 -0.304199
vn 0.750488 -0.407227 -0.520020
vn 0.381104 -0.483643 -0.787598
vn 0.750488 -0.407227 -0.520020
vn 0.203369 -0.484131 -0.850830
vn 0.381104 -0.483643 -0.787598
vn 0.896729 -0.018555 0.441650
vn 0.177490 0.357422 0.916748
vn 0.851563 0.032959 0.522949
vn 0.177490 0.357422 0.916748
vn -0.045410 0.425781 0.903564
vn 0.851563 0.032959 0.522949
vn 0.750488 0.407227 0.520020
vn 0.886230 0.348633 0.304199
vn 0.851563 -0.032959 -0.522949
vn 0.886230 0.348633 0.304199
vn 0.896729 0.018555 -0.441895
vn 0.851563 -0.032959 -0.522949
vn -0.750488 0.407227 0.520020
vn -0.851563 -0.032959 -0.522949
vn -0.886230 0.348633 0.304199
vn -0.886230 0.348633 0.304199
vn -0.851563 -0.032959 -0.522949
vn -0.896729 0.018555 -0.441650
vn -0.127197 0.445068 0.886230
vn -0.314941 0.459473 0.830322
vn -0.720703 0.353760 0.595703
vn -0.314941 0.459473 0.830322
vn -0.738525 0.385254 0.552979
vn -0.720703 0.353760 0.595703
vn 0.381104 0.483643 0.787598
vn 0.203369 0.484131 0.850830
vn -0.127197 0.445068 0.886230
vn 0.203369 0.484131 0.850830
vn -0.314941 0.459473 0.830322
vn -0.127197 0.445068 0.886230
vn 0.886230 0.348633 0.304199
vn 0.750488 0.407227 0.520020
vn 0.381104 0.483643 0.787598
vn 0.750488 0.407227 0.520020
vn 0.203369 0.484131 0.850830
vn 0.381104 0.483643 0.787598
vn 0.896729 0.018555 -0.441895
vn 0.177490 -0.357422 -0.916748
vn 0.851563 -0.032959 -0.522949
vn -0.045410 -0.425781 -0.903564
vn 0.851563 -0.032959 -0.522949
vn 0.177490 -0.357422 -0.916748
vn 0.177490 -0.357422 -0.916748
vn -0.016602 -0.456055 -0.889648
vn -0.045410 -0.425781 -0.903564
vn 0.189697 -0.501465 -0.843994
vn -0.045410 -0.425781 -0.903564
vn -0.016602 -0.456055 -0.889648
vn -0.016602 -0.456055 -0.889648
vn -0.139893 -0.493896 -0.858154
vn 0.189697 -0.501465 -0.843994
vn -0.998779 -0.048828 0.003662
vn 0.189697 -0.501465 -0.843994
vn -0.139893 -0.493896 -0.858154
vn -0.738525 0.385254 0.552979
vn -0.998779 -0.048828 0.003662
vn -0.720703 0.353760 0.595703
vn -0.998779 -0.048828 0.003662
vn -0.139893 -0.493896 -0.858154
vn -0.720703 0.353760 0.595703
vn -0.177490 -0.357422 -0.916748
vn 0.045410 -0.425781 -0.903564
vn 0.016602 -0.456055 -0.889648
vn 0.016602 -0.456055 -0.889648
vn 0.045410 -0.425781 -0.903564
vn -0.189697 -0.501465 -0.843994
vn 0.016602 -0.456055 -0.889648
vn -0.189697 -0.501465 -0.843994
vn 0.139893 -0.493896 -0.858154
vn 0.139893 -0.493896 -0.858154
vn -0.189697 -0.501465 -0.843994
vn 0.998779 -0.048828 0.003662
vn 0.738525 0.385254 0.552979
vn 0.720703 0.353760 0.595703
vn 0.998779 -0.048828 0.003662
vn 0.720703 0.353760 0.595703
vn 0.139893 -0.493896 -0.858154
vn 0.998779 -0.048828 0.003662
vn 0.127197 0.445068 0.886230
vn 0.720703 0.353760 0.595703
vn 0.314941 0.459473 0.830322
vn 0.720703 0.353760 0.595703
vn 0.738525 0.385254 0.552979
vn 0.314941 0.459473 0.830322
vn -0.381104 0.483643 0.787598
vn 0.127197 0.445068 0.886230
vn -0.203369 0.484131 0.850830
vn 0.127197 0.445068 0.886230
vn 0.314941 0.459473 0.830322
vn -0.203369 0.484131 0.850830
vn -0.886230 0.348633 0.304199
vn -0.381104 0.483643 0.787598
vn -0.750488 0.407227 0.520020
vn -0.381104 0.483643 0.787598
vn -0.203369 0.484131 0.850830
vn -0.750488 0.407227 0.520020
vn -0.896729 0.018555 -0.441650
vn -0.851563 -0.032959 -0.522949
vn -0.177490 -0.357422 -0.916748
vn -0.177490 -0.357422 -0.916748
vn -0.851563 -0.032959 -0.522949
vn 0.045410 -0.425781 -0.903564
vn -0.438477 0.381592 0.813477
vn -0.188965 0.536865 0.822021
vn -0.369629 0.391357 0.842529
vn -0.188965 0.536865 0.822021
vn -0.107666 0.543457 0.832275
vn -0.369629 0.391357 0.842529
vn -0.490234 0.373779 0.787109
vn -0.438477 0.381592 0.813477
vn -0.510498 0.314941 0.799805
vn -0.438477 0.381592 0.813477
vn -0.369629 0.391357 0.842529
vn -0.510498 0.314941 0.799805
vn 0.184814 0.562012 0.805908
vn -0.107666 0.543457 0.832275
vn 0.080566 0.586182 0.805908
vn -0.188965 0.536865 0.822021
vn 0.080566 0.586182 0.805908
vn -0.107666 0.543457 0.832275
vn 0.500732 0.448975 0.739746
vn 0.184814 0.562012 0.805908
vn 0.392578 0.500488 0.771484
vn 0.080566 0.586182 0.805908
vn 0.392578 0.500488 0.771484
vn 0.184814 0.562012 0.805908
vn 0.392578 0.500488 0.771484
vn 0.722900 0.311279 0.616455
vn 0.500732 0.448975 0.739746
vn 0.722900 0.311279 0.616455
vn 0.844238 0.251709 0.472656
vn 0.500732 0.448975 0.739746
vn 0.722900 0.311279 0.616455
vn 0.995117 0.095947 -0.010498
vn 0.844238 0.251709 0.472656
vn 0.995117 0.095947 -0.010498
vn 0.996582 0.077148 -0.020752
vn 0.844238 0.251709 0.472656
vn 0.707520 -0.045654 -0.705078
vn 0.838867 -0.034668 -0.542725
vn 0.995117 0.095947 -0.010498
vn 0.995117 0.095947 -0.010498
vn 0.838867 -0.034668 -0.542725
vn 0.996582 0.077148 -0.020752
vn 0.336670 -0.066406 -0.939209
vn 0.436035 -0.081299 -0.895996
vn 0.707520 -0.045654 -0.705078
vn 0.707520 -0.045654 -0.705078
vn 0.436035 -0.081299 -0.895996
vn 0.838867 -0.034668 -0.542725
vn 0.000000 -0.066895 -0.997559
vn 0.000000 -0.069580 -0.997559
vn 0.336670 -0.066406 -0.939209
vn 0.336670 -0.066406 -0.939209
vn 0.000000 -0.069580 -0.997559
vn 0.436035 -0.081299 -0.895996
vn 0.000000 -0.066895 -0.997559
vn -0.336670 -0.066406 -0.939209
vn 0.000000 -0.069580 -0.997559
vn -0.336670 -0.066406 -0.939209
vn -0.436035 -0.081299 -0.895996
vn 0.000000 -0.069580 -0.997559
vn -0.336670 -0.066406 -0.939209
vn -0.707520 -0.045654 -0.705078
vn -0.436035 -0.081299 -0.895996
vn -0.707520 -0.045654 -0.705078
vn -0.838867 -0.034668 -0.542725
vn -0.436035 -0.081299 -0.895996
vn -0.707520 -0.045654 -0.705078
vn -0.995117 0.095947 -0.010498
vn -0.838867 -0.034668 -0.542725
vn -0.995117 0.095947 -0.010498
vn -0.996582 0.077148 -0.020752
vn -0.838867 -0.034668 -0.542725
vn -0.722900 0.311279 0.616455
vn -0.844238 0.251709 0.472656
vn -0.995117 0.095947 -0.010498
vn -0.995117 0.095947 -0.010498
vn -0.844238 0.251709 0.472656
vn -0.996582 0.077148 -0.020752
vn -0.392578 0.500488 0.771484
vn -0.500732 0.448975 0.739746
vn -0.722900 0.311279 0.616455
vn -0.722900 0.311279 0.616455
vn -0.500732 0.448975 0.739746
vn -0.844238 0.251709 0.472656
vn -0.500732 0.448975 0.739746
vn -0.392578 0.500488 0.771484
vn -0.184814 0.562012 0.805908
vn -0.392578 0.500488 0.771484
vn -0.080566 0.586182 0.805908
vn -0.184814 0.562012 0.805908
vn -0.184814 0.562012 0.805908
vn -0.080566 0.586182 0.805908
vn 0.107666 0.543457 0.832275
vn -0.080566 0.586182 0.805908
vn 0.188965 0.536865 0.822021
vn 0.107666 0.543457 0.832275
vn 0.438477 0.381836 0.813477
vn 0.369629 0.391357 0.842529
vn 0.188965 0.536865 0.822021
vn 0.188965 0.536865 0.822021
vn 0.369629 0.391357 0.842529
vn 0.107666 0.543457 0.832275
vn 0.490234 0.373779 0.787109
vn 0.510498 0.314941 0.799805
vn 0.438477 0.381836 0.813477
vn 0.438477 0.381836 0.813477
vn 0.510498 0.314941 0.799805
vn 0.369629 0.391357 0.842529
vn 0.438477 -0.381592 -0.813477
vn 0.369629 -0.391357 -0.842529
vn 0.188965 -0.536865 -0.822021
vn 0.369629 -0.391357 -0.842529
vn 0.107666 -0.543457 -0.832275
vn 0.188965 -0.536865 -0.822021
vn 0.490234 -0.373779 -0.787109
vn 0.510498 -0.314941 -0.799805
vn 0.438477 -0.381592 -0.813477
vn 0.510498 -0.314941 -0.799805
vn 0.369629 -0.391357 -0.842529
vn 0.438477 -0.381592 -0.813477
vn -0.184814 -0.562012 -0.805908
vn -0.080566 -0.586182 -0.805908
vn 0.107666 -0.543457 -0.832275
vn 0.188965 -0.536865 -0.822021
vn 0.107666 -0.543457 -0.832275
vn -0.080566 -0.586182 -0.805908
vn -0.500732 -0.448975 -0.739746
vn -0.392578 -0.500488 -0.771484
vn -0.184814 -0.562012 -0.805908
vn -0.080566 -0.586182 -0.805908
vn -0.184814 -0.562012 -0.805908
vn -0.392578 -0.500488 -0.771484
vn -0.392578 -0.500488 -0.771484
vn -0.500732 -0.448975 -0.739746
vn -0.722900 -0.311279 -0.616455
vn -0.500732 -0.448975 -0.739746
vn -0.844238 -0.251709 -0.472656
vn -0.722900 -0.311279 -0.616455
vn -0.722900 -0.311279 -0.616455
vn -0.844238 -0.251709 -0.472656
vn -0.995117 -0.095947 0.010498
vn -0.844238 -0.251709 -0.472656
vn -0.996582 -0.077148 0.020752
vn -0.995117 -0.095947 0.010498
vn -0.707520 0.045654 0.705078
vn -0.995117 -0.095947 0.010498
vn -0.838867 0.034668 0.542725
vn -0.995117 -0.095947 0.010498
vn -0.996582 -0.077148 0.020752
vn -0.838867 0.034668 0.542725
vn -0.336670 0.066406 0.939209
vn -0.707520 0.045654 0.705078
vn -0.436035 0.081299 0.895996
vn -0.707520 0.045654 0.705078
vn -0.838867 0.034668 0.542725
vn -0.436035 0.081299 0.895996
vn 0.000000 0.066895 0.997559
vn -0.336670 0.066406 0.939209
vn 0.000000 0.069580 0.997559
vn -0.336670 0.066406 0.939209
vn -0.436035 0.081299 0.895996
vn 0.000000 0.069580 0.997559
vn 0.000000 0.066895 0.997559
vn 0.000000 0.069580 0.997559
vn 0.336670 0.066406 0.939209
vn 0.000000 0.069580 0.997559
vn 0.436035 0.081299 0.895996
vn 0.336670 0.066406 0.939209
vn 0.336670 0.066406 0.939209
vn 0.436035 0.081299 0.895996
vn 0.707520 0.045654 0.705078
vn 0.436035 0.081299 0.895996
vn 0.838867 0.034668 0.542725
vn 0.707520 0.045654 0.705078
vn 0.707520 0.045654 0.705078
vn 0.838867 0.034668 0.542725
vn 0.995117 -0.095947 0.010498
vn 0.838867 0.034668 0.542725
vn 0.996582 -0.077148 0.020752
vn 0.995117 -0.095947 0.010498
vn 0.722900 -0.311279 -0.616455
vn 0.995117 -0.095947 0.010498
vn 0.844238 -0.251709 -0.472656
vn 0.995117 -0.095947 0.010498
vn 0.996582 -0.077148 0.020752
vn 0.844238 -0.251709 -0.472656
vn 0.392578 -0.500488 -0.771484
vn 0.722900 -0.311279 -0.616455
vn 0.500732 -0.448975 -0.739746
vn 0.722900 -0.311279 -0.616455
vn 0.844238 -0.251709 -0.472656
vn 0.500732 -0.448975 -0.739746
vn 0.500732 -0.448975 -0.739746
vn 0.184814 -0.562012 -0.805908
vn 0.392578 -0.500488 -0.771484
vn 0.392578 -0.500488 -0.771484
vn 0.184814 -0.562012 -0.805908
vn 0.080566 -0.586182 -0.805908
vn 0.184814 -0.562012 -0.805908
vn -0.107666 -0.543457 -0.832275
vn 0.080566 -0.586182 -0.805908
vn 0.080566 -0.586182 -0.805908
vn -0.107666 -0.543457 -0.832275
vn -0.188965 -0.536865 -0.822021
vn -0.438477 -0.381836 -0.813477
vn -0.188965 -0.536865 -0.822021
vn -0.369629 -0.391357 -0.842529
vn -0.188965 -0.536865 -0.822021
vn -0.107666 -0.543457 -0.832275
vn -0.369629 -0.391357 -0.842529
vn -0.490234 -0.373779 -0.787109
vn -0.438477 -0.381836 -0.813477
vn -0.510498 -0.314941 -0.799805
vn -0.438477 -0.381836 -0.813477
vn -0.369629 -0.391357 -0.842529
vn -0.510498 -0.314941 -0.799805
vn -0.986328 0.142822 0.081055
vn -0.853271 0.170410 0.492432
vn -0.976563 0.161865 0.141113
vn -0.716553 0.131348 0.684814
vn -0.853271 0.170410 0.492432
vn -0.986328 0.142822 0.081055
vn -0.866211 0.029297 -0.498291
vn -0.986328 0.142822 0.081055
vn -0.976563 0.161865 0.141113
vn -0.986328 0.142822 0.081055
vn -0.866211 0.029297 -0.498291
vn -0.618408 -0.058594 -0.783447
vn -0.058350 -0.181396 -0.981445
vn -0.618408 -0.058594 -0.783447
vn -0.866211 0.029297 -0.498291
vn -0.618408 -0.058594 -0.783447
vn -0.058350 -0.181396 -0.981445
vn 0.245361 -0.215820 -0.944824
vn 0.681396 -0.246338 -0.688965
vn 0.245361 -0.215820 -0.944824
vn -0.058350 -0.181396 -0.981445
vn 0.245361 -0.215820 -0.944824
vn 0.681396 -0.246338 -0.688965
vn 0.795654 -0.236328 -0.557373
vn 0.968506 -0.243896 -0.046143
vn 0.795654 -0.236328 -0.557373
vn 0.681396 -0.246338 -0.688965
vn 0.795654 -0.236328 -0.557373
vn 0.968506 -0.243896 -0.046143
vn 0.971924 -0.234863 -0.001465
vn 0.718018 -0.185059 0.670898
vn 0.968506 -0.243896 -0.046143
vn 0.747803 -0.200928 0.632568
vn 0.971924 -0.234863 -0.001465
vn 0.968506 -0.243896 -0.046143
vn 0.718018 -0.185059 0.670898
vn -0.126709 0.001465 0.991699
vn 0.718018 -0.185059 0.670898
vn 0.747803 -0.200928 0.632568
vn 0.718018 -0.185059 0.670898
vn -0.126709 0.001465 0.991699
vn -0.072754 -0.021973 0.997070
vn -0.716553 0.131348 0.684814
vn -0.126709 0.001465 0.991699
vn -0.853271 0.170410 0.492432
vn -0.072754 -0.021973 0.997070
vn -0.126709 0.001465 0.991699
vn -0.716553 0.131348 0.684814
vn 0.556641 -0.795166 -0.239746
vn 0.586182 -0.740479 -0.328125
vn 0.603027 -0.793945 -0.074951
vn 0.593018 -0.777100 -0.209961
vn 0.586182 -0.740479 -0.328125
vn 0.556641 -0.795166 -0.239746
vn 0.417725 -0.814209 -0.402832
vn 0.593018 -0.777100 -0.209961
vn 0.556641 -0.795166 -0.239746
vn 0.544922 -0.836914 -0.046387
vn 0.541260 -0.810059 -0.224121
vn 0.593018 -0.777100 -0.209961
vn 0.541260 -0.810059 -0.224121
vn 0.586182 -0.740479 -0.328125
vn 0.593018 -0.777100 -0.209961
vn 0.107178 -0.828613 -0.549316
vn 0.556641 -0.795166 -0.239746
vn 0.003906 -0.858154 -0.513184
vn 0.417725 -0.814209 -0.402832
vn 0.556641 -0.795166 -0.239746
vn 0.107178 -0.828613 -0.549316
vn 0.434082 -0.898682 -0.058350
vn 0.593018 -0.777100 -0.209961
vn 0.417725 -0.814209 -0.402832
vn 0.544922 -0.836914 -0.046387
vn 0.593018 -0.777100 -0.209961
vn 0.434082 -0.898682 -0.058350
vn 0.541260 -0.810059 -0.224121
vn 0.350830 -0.865234 -0.357666
vn 0.586182 -0.740479 -0.328125
vn 0.603027 -0.793945 -0.074951
vn 0.586182 -0.740479 -0.328125
vn 0.350830 -0.865234 -0.357666
vn 0.541504 -0.736328 0.405273
vn 0.556641 -0.795166 -0.239746
vn 0.603027 -0.793945 -0.074951
vn 0.556641 -0.795166 -0.239746
vn 0.541504 -0.736328 0.405273
vn 0.552246 -0.734131 0.394531
vn -0.114746 -0.960205 0.253662
vn 0.409668 -0.873779 0.261719
vn 0.118652 -0.992432 0.024414
vn 0.409668 -0.873779 0.261719
vn 0.454102 -0.787354 0.416504
vn 0.118652 -0.992432 0.024414
vn 0.118652 -0.992432 0.024414
vn -0.385986 -0.906006 0.173096
vn -0.114746 -0.960205 0.253662
vn -0.150635 -0.810303 0.565918
vn 0.117920 -0.808594 0.576172
vn -0.114746 -0.960205 0.253662
vn 0.118652 -0.992432 0.024414
vn -0.640869 -0.763428 0.076904
vn -0.385986 -0.906006 0.173096
vn -0.620605 -0.780518 -0.072998
vn -0.640869 -0.763428 0.076904
vn 0.118652 -0.992432 0.024414
vn -0.150635 -0.810303 0.565918
vn -0.114746 -0.960205 0.253662
vn -0.385986 -0.906006 0.173096
vn 0.409668 -0.873779 0.261719
vn 0.117920 -0.808594 0.576172
vn 0.290039 -0.768311 0.570313
vn -0.114746 -0.960205 0.253662
vn 0.117920 -0.808594 0.576172
vn 0.409668 -0.873779 0.261719
vn 0.290039 -0.768311 0.570313
vn 0.454102 -0.787354 0.416504
vn 0.409668 -0.873779 0.261719
vn -0.375732 -0.633057 0.676758
vn 0.454102 -0.787354 0.416504
vn 0.290039 -0.768311 0.570313
vn 0.118652 -0.992432 0.024414
vn 0.730469 -0.610352 0.305664
vn 0.729492 -0.607178 0.313965
vn 0.454102 -0.787354 0.416504
vn 0.730469 -0.610352 0.305664
vn 0.118652 -0.992432 0.024414
vn -0.630615 -0.770020 0.095215
vn -0.278320 -0.909180 -0.309082
vn -0.545410 -0.827637 0.131104
vn -0.545410 -0.827637 0.131104
vn -0.641113 -0.727295 0.244385
vn -0.630615 -0.770020 0.095215
vn -0.545410 -0.827637 0.131104
vn -0.494629 -0.699219 0.515869
vn -0.641113 -0.727295 0.244385
vn -0.600586 -0.792480 0.104736
vn -0.641113 -0.727295 0.244385
vn -0.512207 -0.828857 0.223877
vn -0.239746 -0.649414 0.721436
vn -0.494629 -0.699219 0.515869
vn -0.545410 -0.827637 0.131104
vn -0.641113 -0.727295 0.244385
vn -0.494629 -0.699219 0.515869
vn -0.512207 -0.828857 0.223877
vn -0.600586 -0.792480 0.104736
vn -0.630615 -0.770020 0.095215
vn -0.641113 -0.727295 0.244385
vn -0.630615 -0.770020 0.095215
vn -0.600586 -0.792480 0.104736
vn -0.689941 -0.661377 0.293457
vn -0.548584 -0.810059 0.206055
vn -0.630615 -0.770020 0.095215
vn -0.689941 -0.661377 0.293457
vn -0.278320 -0.909180 -0.309082
vn -0.630615 -0.770020 0.095215
vn -0.548584 -0.810059 0.206055
vn 0.062744 -0.866455 -0.494873
vn -0.545410 -0.827637 0.131104
vn -0.278320 -0.909180 -0.309082
vn -0.289307 -0.799561 -0.525879
vn -0.360840 -0.845947 -0.391846
vn -0.533691 -0.724854 -0.435303
vn -0.360840 -0.845947 -0.391846
vn -0.289307 -0.799561 -0.525879
vn 0.219727 -0.711182 -0.667480
vn -0.828125 -0.559570 -0.025146
vn -0.731445 -0.583252 0.352783
vn -0.621094 -0.766602 -0.162109
vn -0.731445 -0.583252 0.352783
vn -0.828125 -0.559570 -0.025146
vn -0.360840 -0.845947 -0.391846
vn -0.533691 -0.724854 -0.435303
vn -0.360840 -0.845947 -0.391846
vn -0.828125 -0.559570 -0.025146
vn -0.135498 -0.990479 0.009521
vn -0.731445 -0.583252 0.352783
vn -0.360840 -0.845947 -0.391846
vn -0.731445 -0.583252 0.352783
vn -0.135498 -0.990479 0.009521
vn -0.729248 -0.590820 0.344482
vn 0.490234 -0.761230 -0.424072
vn 0.219727 -0.711182 -0.667480
vn -0.037354 -0.851074 -0.523438
vn 0.219727 -0.711182 -0.667480
vn 0.490234 -0.761230 -0.424072
vn -0.360840 -0.845947 -0.391846
vn 0.490234 -0.761230 -0.424072
vn -0.135498 -0.990479 0.009521
vn -0.360840 -0.845947 -0.391846
vn -0.135498 -0.990479 0.009521
vn 0.490234 -0.761230 -0.424072
vn 0.494629 -0.758789 -0.423584
vn -0.621094 -0.766602 -0.162109
vn -0.533691 -0.724854 -0.435303
vn -0.828125 -0.559570 -0.025146
vn -0.621094 -0.766602 -0.162109
vn -0.202148 -0.937500 -0.282715
vn -0.533691 -0.724854 -0.435303
vn -0.289307 -0.799561 -0.525879
vn -0.202148 -0.937500 -0.282715
vn -0.390625 -0.903564 -0.175293
vn -0.202148 -0.937500 -0.282715
vn -0.289307 -0.799561 -0.525879
vn -0.533691 -0.724854 -0.435303
vn -0.037354 -0.851074 -0.523438
vn -0.289307 -0.799561 -0.525879
vn -0.390625 -0.903564 -0.175293
vn -0.289307 -0.799561 -0.525879
vn -0.037354 -0.851074 -0.523438
vn 0.219727 -0.711182 -0.667480
vn 0.376709 -0.681152 -0.627441
vn -0.220947 -0.585205 -0.780029
vn 0.313721 -0.785889 -0.532227
vn -0.220947 -0.585205 -0.780029
vn 0.376709 -0.681152 -0.627441
vn -0.400635 -0.364258 -0.840576
vn 0.469238 -0.306641 -0.827881
vn -0.400635 -0.364258 -0.840576
vn 0.376709 -0.681152 -0.627441
vn -0.400635 -0.364258 -0.840576
vn 0.469238 -0.306641 -0.827881
vn -0.579834 -0.126465 -0.804688
vn 0.863770 -0.497070 0.080078
vn 0.547119 -0.437744 0.713135
vn 0.559814 -0.178711 0.808838
vn 0.587158 -0.806152 0.070557
vn 0.547119 -0.437744 0.713135
vn 0.863770 -0.497070 0.080078
vn 0.947266 -0.266602 0.176514
vn 0.559814 -0.178711 0.808838
vn 0.503418 -0.200928 0.840088
vn 0.863770 -0.497070 0.080078
vn 0.559814 -0.178711 0.808838
vn 0.947266 -0.266602 0.176514
vn 0.587158 -0.806152 0.070557
vn 0.376709 -0.681152 -0.627441
vn 0.313721 -0.785889 -0.532227
vn 0.863770 -0.497070 0.080078
vn 0.376709 -0.681152 -0.627441
vn 0.587158 -0.806152 0.070557
vn 0.863770 -0.497070 0.080078
vn 0.469238 -0.306641 -0.827881
vn 0.376709 -0.681152 -0.627441
vn 0.947266 -0.266602 0.176514
vn 0.469238 -0.306641 -0.827881
vn 0.863770 -0.497070 0.080078
vn -0.137939 0.177490 0.974365
vn 0.559814 -0.178711 0.808838
vn 0.547119 -0.437744 0.713135
vn 0.559814 -0.178711 0.808838
vn -0.137939 0.177490 0.974365
vn -0.202148 0.012207 0.979248
vn -0.202148 0.012207 0.979248
vn 0.503418 -0.200928 0.840088
vn 0.559814 -0.178711 0.808838
vn -0.078125 -0.212891 0.973877
vn 0.503418 -0.200928 0.840088
vn -0.202148 0.012207 0.979248
vn -0.202148 0.012207 0.979248
vn -0.448975 -0.192139 0.872314
vn -0.078125 -0.212891 0.973877
vn -0.568604 0.007813 0.822510
vn -0.448975 -0.192139 0.872314
vn -0.202148 0.012207 0.979248
vn -0.202148 0.012207 0.979248
vn -0.560303 0.330322 0.759277
vn -0.568604 0.007813 0.822510
vn -0.137939 0.177490 0.974365
vn -0.560303 0.330322 0.759277
vn -0.202148 0.012207 0.979248
vn -0.699951 0.098877 0.707031
vn -0.940186 0.103271 0.323730
vn -0.750000 0.140381 0.646240
vn -0.860352 0.129883 0.492432
vn -0.940186 0.103271 0.323730
vn -0.699951 0.098877 0.707031
vn -0.860352 0.129883 0.492432
vn -0.659668 0.106201 0.743896
vn -0.905273 0.040283 0.422607
vn -0.659668 0.106201 0.743896
vn -0.860352 0.129883 0.492432
vn -0.699951 0.098877 0.707031
vn -0.959229 -0.050781 -0.277588
vn -0.905273 0.040283 0.422607
vn -0.842285 -0.408447 -0.351074
vn -0.860352 0.129883 0.492432
vn -0.905273 0.040283 0.422607
vn -0.959229 -0.050781 -0.277588
vn -0.959229 -0.050781 -0.277588
vn -0.940186 0.103271 0.323730
vn -0.860352 0.129883 0.492432
vn -0.883057 -0.015869 -0.468506
vn -0.940186 0.103271 0.323730
vn -0.959229 -0.050781 -0.277588
vn -0.959229 -0.050781 -0.277588
vn -0.579834 -0.126465 -0.804688
vn -0.883057 -0.015869 -0.468506
vn -0.400635 -0.364258 -0.840576
vn -0.579834 -0.126465 -0.804688
vn -0.959229 -0.050781 -0.277588
vn -0.400635 -0.364258 -0.840576
vn -0.842285 -0.408447 -0.351074
vn -0.220947 -0.585205 -0.780029
vn -0.842285 -0.408447 -0.351074
vn -0.400635 -0.364258 -0.840576
vn -0.959229 -0.050781 -0.277588
vn 0.044922 -0.992676 0.111328
vn -0.181885 -0.120361 0.975830
vn -0.945313 -0.160645 0.282959
vn 0.044922 -0.992676 0.111328
vn 0.717041 -0.137939 0.682861
vn -0.181885 -0.120361 0.975830
vn 0.044922 -0.992676 0.111328
vn -0.719971 -0.204834 -0.662842
vn 0.211914 -0.254639 -0.943359
vn 0.211914 -0.254639 -0.943359
vn 0.950439 -0.211426 -0.227051
vn 0.044922 -0.992676 0.111328
vn 0.044922 -0.992676 0.111328
vn 0.950439 -0.211426 -0.227051
vn 0.717041 -0.137939 0.682861
vn 0.044922 -0.992676 0.111328
vn -0.945313 -0.160645 0.282959
vn -0.719971 -0.204834 -0.662842
vn 0.136230 -0.952637 -0.271484
vn 0.169922 -0.966797 0.190186
vn 0.142334 -0.947754 0.285156
vn 0.169922 -0.966797 0.190186
vn -0.043457 -0.847412 0.528809
vn 0.142334 -0.947754 0.285156
vn -0.043457 -0.847412 0.528809
vn -0.339600 -0.747559 0.570557
vn 0.142334 -0.947754 0.285156
vn -0.432129 -0.854736 0.286865
vn -0.782959 -0.620850 0.035400
vn -0.352295 -0.853760 0.383057
vn -0.412842 -0.904053 0.108887
vn -0.782959 -0.620850 0.035400
vn -0.432129 -0.854736 0.286865
vn 0.142334 -0.947754 0.285156
vn 0.016846 -0.630859 -0.775391
vn 0.136230 -0.952637 -0.271484
vn -0.412842 -0.904053 0.108887
vn -0.790771 -0.611572 0.020996
vn -0.782959 -0.620850 0.035400
vn -0.790771 -0.611572 0.020996
vn -0.412842 -0.904053 0.108887
vn -0.247803 -0.961670 0.114990
vn -0.247803 -0.961670 0.114990
vn 0.169922 -0.966797 0.190186
vn 0.136230 -0.952637 -0.271484
vn -0.412842 -0.904053 0.108887
vn 0.169922 -0.966797 0.190186
vn -0.247803 -0.961670 0.114990
vn -0.412842 -0.904053 0.108887
vn -0.043457 -0.847412 0.528809
vn 0.169922 -0.966797 0.190186
vn -0.043457 -0.847412 0.528809
vn -0.412842 -0.904053 0.108887
vn -0.432129 -0.854736 0.286865
vn -0.432129 -0.854736 0.286865
vn -0.352295 -0.853760 0.383057
vn -0.397461 -0.909668 0.119141
vn -0.432129 -0.854736 0.286865
vn -0.339600 -0.747559 0.570557
vn -0.043457 -0.847412 0.528809
vn -0.397461 -0.909668 0.119141
vn -0.339600 -0.747559 0.570557
vn -0.432129 -0.854736 0.286865
vn 0.142334 -0.947754 0.285156
vn -0.339600 -0.747559 0.570557
vn -0.048096 -0.720215 0.691650
vn -0.121338 -0.929932 0.346924
vn -0.386230 -0.845459 0.368164
vn -0.238770 -0.860596 0.449463
vn 0.311523 -0.887451 0.339111
vn -0.121338 -0.929932 0.346924
vn -0.238770 -0.860596 0.449463
vn -0.386230 -0.845459 0.368164
vn -0.564453 -0.821777 -0.077148
vn -0.238770 -0.860596 0.449463
vn -0.122559 -0.932373 -0.339844
vn -0.036621 -0.842041 -0.537842
vn -0.112061 -0.980957 -0.157715
vn -0.122559 -0.932373 -0.339844
vn -0.121338 -0.929932 0.346924
vn 0.311523 -0.887451 0.339111
vn -0.112061 -0.980957 -0.157715
vn -0.121338 -0.929932 0.346924
vn -0.122559 -0.932373 -0.339844
vn -0.196533 -0.975830 -0.093994
vn -0.036621 -0.842041 -0.537842
vn -0.279053 -0.960205 -0.001221
vn -0.112061 -0.980957 -0.157715
vn -0.036621 -0.842041 -0.537842
vn -0.196533 -0.975830 -0.093994
vn 0.575439 -0.749512 0.326416
vn 0.311523 -0.887451 0.339111
vn -0.238770 -0.860596 0.449463
vn -0.112061 -0.980957 -0.157715
vn -0.386230 -0.845459 0.368164
vn -0.121338 -0.929932 0.346924
vn -0.386230 -0.845459 0.368164
vn -0.112061 -0.980957 -0.157715
vn -0.196533 -0.975830 -0.093994
vn -0.196533 -0.975830 -0.093994
vn -0.279053 -0.960205 -0.001221
vn -0.018555 -0.996826 -0.076904
vn -0.196533 -0.975830 -0.093994
vn -0.564453 -0.821777 -0.077148
vn -0.386230 -0.845459 0.368164
vn -0.018555 -0.996826 -0.076904
vn -0.564453 -0.821777 -0.077148
vn -0.196533 -0.975830 -0.093994
vn -0.238770 -0.860596 0.449463
vn -0.564453 -0.821777 -0.077148
vn -0.789307 -0.555664 -0.260742
vn 0.986328 -0.142822 -0.081055
vn 0.976563 -0.161865 -0.141113
vn 0.853271 -0.170410 -0.492432
vn 0.716553 -0.131348 -0.684814
vn 0.986328 -0.142822 -0.081055
vn 0.853271 -0.170410 -0.492432
vn 0.866211 -0.029297 0.498291
vn 0.976563 -0.161865 -0.141113
vn 0.986328 -0.142822 -0.081055
vn 0.986328 -0.142822 -0.081055
vn 0.618408 0.058594 0.783447
vn 0.866211 -0.029297 0.498291
vn 0.058350 0.181396 0.981445
vn 0.866211 -0.029297 0.498291
vn 0.618408 0.058594 0.783447
vn 0.618408 0.058594 0.783447
vn -0.245361 0.215820 0.944824
vn 0.058350 0.181396 0.981445
vn -0.681396 0.246338 0.688965
vn 0.058350 0.181396 0.981445
vn -0.245361 0.215820 0.944824
vn -0.245361 0.215820 0.944824
vn -0.795654 0.236328 0.557373
vn -0.681396 0.246338 0.688965
vn -0.968506 0.243896 0.046143
vn -0.681396 0.246338 0.688965
vn -0.795654 0.236328 0.557373
vn -0.795654 0.236328 0.557373
vn -0.971924 0.234863 0.001465
vn -0.968506 0.243896 0.046143
vn -0.718018 0.185059 -0.670898
vn -0.747803 0.200928 -0.632568
vn -0.968506 0.243896 0.046143
vn -0.971924 0.234863 0.001465
vn -0.718018 0.185059 -0.670898
vn -0.968506 0.243896 0.046143
vn 0.126709 -0.001465 -0.991699
vn -0.747803 0.200928 -0.632568
vn -0.718018 0.185059 -0.670898
vn -0.718018 0.185059 -0.670898
vn 0.072754 0.021973 -0.997070
vn 0.126709 -0.001465 -0.991699
vn 0.716553 -0.131348 -0.684814
vn 0.853271 -0.170410 -0.492432
vn 0.126709 -0.001465 -0.991699
vn 0.072754 0.021973 -0.997070
vn 0.716553 -0.131348 -0.684814
vn 0.126709 -0.001465 -0.991699
vn -0.556641 0.795166 0.239746
vn -0.603027 0.793945 0.074951
vn -0.586182 0.740479 0.328125
vn -0.593018 0.777100 0.209961
vn -0.556641 0.795166 0.239746
vn -0.586182 0.740479 0.328125
vn -0.417725 0.814209 0.402832
vn -0.556641 0.795166 0.239746
vn -0.593018 0.777100 0.209961
vn -0.544922 0.836914 0.046387
vn -0.593018 0.777100 0.209961
vn -0.541260 0.810059 0.224121
vn -0.541260 0.810059 0.224121
vn -0.593018 0.777100 0.209961
vn -0.586182 0.740479 0.328125
vn -0.107178 0.828613 0.549316
vn -0.003906 0.858154 0.513184
vn -0.556641 0.795166 0.239746
vn -0.417725 0.814209 0.402832
vn -0.107178 0.828613 0.549316
vn -0.556641 0.795166 0.239746
vn -0.434082 0.898682 0.058350
vn -0.417725 0.814209 0.402832
vn -0.593018 0.777100 0.209961
vn -0.544922 0.836914 0.046387
vn -0.434082 0.898682 0.058350
vn -0.593018 0.777100 0.209961
vn -0.541260 0.810059 0.224121
vn -0.586182 0.740479 0.328125
vn -0.350830 0.865234 0.357666
vn -0.603027 0.793945 0.074951
vn -0.350830 0.865234 0.357666
vn -0.586182 0.740479 0.328125
vn -0.541504 0.736328 -0.405273
vn -0.603027 0.793945 0.074951
vn -0.556641 0.795166 0.239746
vn -0.556641 0.795166 0.239746
vn -0.552246 0.734131 -0.394531
vn -0.541504 0.736328 -0.405273
vn 0.114746 0.960205 -0.253662
vn -0.118652 0.992432 -0.024414
vn -0.409668 0.873779 -0.261719
vn -0.409668 0.873779 -0.261719
vn -0.118652 0.992432 -0.024414
vn -0.454102 0.787354 -0.416504
vn -0.118652 0.992432 -0.024414
vn 0.114746 0.960205 -0.253662
vn 0.385986 0.906006 -0.173096
vn 0.150635 0.810303 -0.565918
vn 0.114746 0.960205 -0.253662
vn -0.117920 0.808594 -0.576172
vn -0.118652 0.992432 -0.024414
vn 0.385986 0.906006 -0.173096
vn 0.640869 0.763428 -0.076904
vn 0.620605 0.780518 0.072998
vn -0.118652 0.992432 -0.024414
vn 0.640869 0.763428 -0.076904
vn 0.150635 0.810303 -0.565918
vn 0.385986 0.906006 -0.173096
vn 0.114746 0.960205 -0.253662
vn -0.409668 0.873779 -0.261719
vn -0.290039 0.768311 -0.570313
vn -0.117920 0.808594 -0.576172
vn 0.114746 0.960205 -0.253662
vn -0.409668 0.873779 -0.261719
vn -0.117920 0.808594 -0.576172
vn -0.290039 0.768311 -0.570313
vn -0.409668 0.873779 -0.261719
vn -0.454102 0.787354 -0.416504
vn 0.375732 0.633057 -0.676758
vn -0.290039 0.768311 -0.570313
vn -0.454102 0.787354 -0.416504
vn -0.118652 0.992432 -0.024414
vn -0.729492 0.607178 -0.313965
vn -0.730469 0.610352 -0.305664
vn -0.454102 0.787354 -0.416504
vn -0.118652 0.992432 -0.024414
vn -0.730469 0.610352 -0.305664
vn 0.630615 0.770020 -0.095215
vn 0.545410 0.827637 -0.131104
vn 0.278320 0.909180 0.309082
vn 0.545410 0.827637 -0.131104
vn 0.630615 0.770020 -0.095215
vn 0.641113 0.727295 -0.244385
vn 0.545410 0.827637 -0.131104
vn 0.641113 0.727295 -0.244385
vn 0.494629 0.699219 -0.515869
vn 0.600586 0.792480 -0.104736
vn 0.512207 0.828857 -0.223877
vn 0.641113 0.727295 -0.244385
vn 0.239746 0.649414 -0.721436
vn 0.545410 0.827637 -0.131104
vn 0.494629 0.699219 -0.515869
vn 0.641113 0.727295 -0.244385
vn 0.512207 0.828857 -0.223877
vn 0.494629 0.699219 -0.515869
vn 0.600586 0.792480 -0.104736
vn 0.641113 0.727295 -0.244385
vn 0.630615 0.770020 -0.095215
vn 0.630615 0.770020 -0.095215
vn 0.689941 0.661377 -0.293457
vn 0.600586 0.792480 -0.104736
vn 0.548584 0.810059 -0.206055
vn 0.689941 0.661377 -0.293457
vn 0.630615 0.770020 -0.095215
vn 0.278320 0.909180 0.309082
vn 0.548584 0.810059 -0.206055
vn 0.630615 0.770020 -0.095215
vn -0.062744 0.866455 0.494873
vn 0.278320 0.909180 0.309082
vn 0.545410 0.827637 -0.131104
vn 0.289307 0.799561 0.525879
vn 0.533691 0.724854 0.435303
vn 0.360840 0.845947 0.391846
vn 0.360840 0.845947 0.391846
vn -0.219727 0.711182 0.667480
vn 0.289307 0.799561 0.525879
vn 0.828125 0.559570 0.025146
vn 0.621094 0.766602 0.162109
vn 0.731445 0.583252 -0.352783
vn 0.731445 0.583252 -0.352783
vn 0.360840 0.845947 0.391846
vn 0.828125 0.559570 0.025146
vn 0.533691 0.724854 0.435303
vn 0.828125 0.559570 0.025146
vn 0.360840 0.845947 0.391846
vn 0.135498 0.990479 -0.009521
vn 0.360840 0.845947 0.391846
vn 0.731445 0.583252 -0.352783
vn 0.731445 0.583252 -0.352783
vn 0.729248 0.590820 -0.344482
vn 0.135498 0.990479 -0.009521
vn -0.490234 0.761230 0.424072
vn 0.037354 0.851074 0.523438
vn -0.219727 0.711182 0.667480
vn -0.219727 0.711182 0.667480
vn 0.360840 0.845947 0.391846
vn -0.490234 0.761230 0.424072
vn -0.490234 0.761230 0.424072
vn 0.360840 0.845947 0.391846
vn 0.135498 0.990479 -0.009521
vn 0.135498 0.990479 -0.009521
vn -0.494629 0.758789 0.423584
vn -0.490234 0.761230 0.424072
vn 0.621094 0.766602 0.162109
vn 0.828125 0.559570 0.025146
vn 0.533691 0.724854 0.435303
vn 0.621094 0.766602 0.162109
vn 0.533691 0.724854 0.435303
vn 0.202148 0.937500 0.282715
vn 0.289307 0.799561 0.525879
vn 0.390625 0.903564 0.175293
vn 0.202148 0.937500 0.282715
vn 0.202148 0.937500 0.282715
vn 0.533691 0.724854 0.435303
vn 0.289307 0.799561 0.525879
vn 0.037354 0.851074 0.523438
vn 0.390625 0.903564 0.175293
vn 0.289307 0.799561 0.525879
vn 0.289307 0.799561 0.525879
vn -0.219727 0.711182 0.667480
vn 0.037354 0.851074 0.523438
vn -0.376709 0.681152 0.627441
vn -0.313721 0.785889 0.532227
vn 0.220947 0.585205 0.780029
vn 0.220947 0.585205 0.780029
vn 0.400635 0.364258 0.840576
vn -0.376709 0.681152 0.627441
vn -0.469238 0.306641 0.827881
vn -0.376709 0.681152 0.627441
vn 0.400635 0.364258 0.840576
vn 0.400635 0.364258 0.840576
vn 0.579834 0.126465 0.804688
vn -0.469238 0.306641 0.827881
vn -0.863770 0.497070 -0.080078
vn -0.559814 0.178711 -0.808838
vn -0.547119 0.437744 -0.713135
vn -0.587158 0.806152 -0.070557
vn -0.863770 0.497070 -0.080078
vn -0.547119 0.437744 -0.713135
vn -0.947266 0.266602 -0.176514
vn -0.503418 0.200928 -0.840088
vn -0.559814 0.178711 -0.808838
vn -0.863770 0.497070 -0.080078
vn -0.947266 0.266602 -0.176514
vn -0.559814 0.178711 -0.808838
vn -0.587158 0.806152 -0.070557
vn -0.313721 0.785889 0.532227
vn -0.376709 0.681152 0.627441
vn -0.863770 0.497070 -0.080078
vn -0.587158 0.806152 -0.070557
vn -0.376709 0.681152 0.627441
vn -0.863770 0.497070 -0.080078
vn -0.376709 0.681152 0.627441
vn -0.469238 0.306641 0.827881
vn -0.947266 0.266602 -0.176514
vn -0.863770 0.497070 -0.080078
vn -0.469238 0.306641 0.827881
vn 0.137939 -0.177490 -0.974365
vn -0.547119 0.437744 -0.713135
vn -0.559814 0.178711 -0.808838
vn -0.559814 0.178711 -0.808838
vn 0.202148 -0.012207 -0.979248
vn 0.137939 -0.177490 -0.974365
vn 0.202148 -0.012207 -0.979248
vn -0.559814 0.178711 -0.808838
vn -0.503418 0.200928 -0.840088
vn 0.078125 0.212891 -0.973877
vn 0.202148 -0.012207 -0.979248
vn -0.503418 0.200928 -0.840088
vn 0.202148 -0.012207 -0.979248
vn 0.078125 0.212891 -0.973877
vn 0.448975 0.192139 -0.872314
vn 0.568604 -0.007813 -0.822510
vn 0.202148 -0.012207 -0.979248
vn 0.448975 0.192139 -0.872314
vn 0.202148 -0.012207 -0.979248
vn 0.568604 -0.007813 -0.822510
vn 0.560303 -0.330322 -0.759277
vn 0.137939 -0.177490 -0.974365
vn 0.202148 -0.012207 -0.979248
vn 0.560303 -0.330322 -0.759277
vn 0.699951 -0.098877 -0.707031
vn 0.750000 -0.140381 -0.646240
vn 0.940186 -0.103271 -0.323730
vn 0.860352 -0.129883 -0.492432
vn 0.699951 -0.098877 -0.707031
vn 0.940186 -0.103271 -0.323730
vn 0.860352 -0.129883 -0.492432
vn 0.905273 -0.040283 -0.422607
vn 0.659668 -0.106201 -0.743896
vn 0.659668 -0.106201 -0.743896
vn 0.699951 -0.098877 -0.707031
vn 0.860352 -0.129883 -0.492432
vn 0.959229 0.050781 0.277588
vn 0.842285 0.408447 0.351074
vn 0.905273 -0.040283 -0.422607
vn 0.860352 -0.129883 -0.492432
vn 0.959229 0.050781 0.277588
vn 0.905273 -0.040283 -0.422607
vn 0.959229 0.050781 0.277588
vn 0.860352 -0.129883 -0.492432
vn 0.940186 -0.103271 -0.323730
vn 0.883057 0.015869 0.468506
vn 0.959229 0.050781 0.277588
vn 0.940186 -0.103271 -0.323730
vn 0.959229 0.050781 0.277588
vn 0.883057 0.015869 0.468506
vn 0.579834 0.126465 0.804688
vn 0.400635 0.364258 0.840576
vn 0.959229 0.050781 0.277588
vn 0.579834 0.126465 0.804688
vn 0.400635 0.364258 0.840576
vn 0.220947 0.585205 0.780029
vn 0.842285 0.408447 0.351074
vn 0.842285 0.408447 0.351074
vn 0.959229 0.050781 0.277588
vn 0.400635 0.364258 0.840576
vn -0.044922 0.992676 -0.111328
vn 0.945313 0.160645 -0.282959
vn 0.181885 0.120361 -0.975830
vn -0.044922 0.992676 -0.111328
vn 0.181885 0.120361 -0.975830
vn -0.717041 0.137939 -0.682861
vn -0.044922 0.992676 -0.111328
vn -0.211914 0.254639 0.943359
vn 0.719971 0.204834 0.662842
vn -0.211914 0.254639 0.943359
vn -0.044922 0.992676 -0.111328
vn -0.950439 0.211426 0.227051
vn -0.044922 0.992676 -0.111328
vn -0.717041 0.137939 -0.682861
vn -0.950439 0.211426 0.227051
vn -0.044922 0.992676 -0.111328
vn 0.719971 0.204834 0.662842
vn 0.945313 0.160645 -0.282959
vn -0.136230 0.952637 0.271484
vn -0.142334 0.947754 -0.285156
vn -0.169922 0.966797 -0.190186
vn -0.169922 0.966797 -0.190186
vn -0.142334 0.947754 -0.285156
vn 0.043457 0.847412 -0.528809
vn 0.043457 0.847412 -0.528809
vn -0.142334 0.947754 -0.285156
vn 0.339600 0.747559 -0.570557
vn 0.432129 0.854736 -0.286865
vn 0.352295 0.853760 -0.383057
vn 0.782959 0.620850 -0.035400
vn 0.412842 0.904053 -0.108887
vn 0.432129 0.854736 -0.286865
vn 0.782959 0.620850 -0.035400
vn -0.142334 0.947754 -0.285156
vn -0.136230 0.952637 0.271484
vn -0.016846 0.630859 0.775391
vn 0.412842 0.904053 -0.108887
vn 0.782959 0.620850 -0.035400
vn 0.790771 0.611572 -0.020996
vn 0.790771 0.611572 -0.020996
vn 0.247803 0.961670 -0.114990
vn 0.412842 0.904053 -0.108887
vn 0.247803 0.961670 -0.114990
vn -0.136230 0.952637 0.271484
vn -0.169922 0.966797 -0.190186
vn 0.412842 0.904053 -0.108887
vn 0.247803 0.961670 -0.114990
vn -0.169922 0.966797 -0.190186
vn 0.412842 0.904053 -0.108887
vn -0.169922 0.966797 -0.190186
vn 0.043457 0.847412 -0.528809
vn 0.043457 0.847412 -0.528809
vn 0.432129 0.854736 -0.286865
vn 0.412842 0.904053 -0.108887
vn 0.432129 0.854736 -0.286865
vn 0.397461 0.909668 -0.119141
vn 0.352295 0.853760 -0.383057
vn 0.432129 0.854736 -0.286865
vn 0.043457 0.847412 -0.528809
vn 0.339600 0.747559 -0.570557
vn 0.397461 0.909668 -0.119141
vn 0.432129 0.854736 -0.286865
vn 0.339600 0.747559 -0.570557
vn -0.142334 0.947754 -0.285156
vn 0.048096 0.720215 -0.691650
vn 0.339600 0.747559 -0.570557
vn 0.121338 0.929932 -0.346924
vn 0.238770 0.860596 -0.449463
vn 0.386230 0.845459 -0.368164
vn -0.311523 0.887451 -0.339111
vn 0.238770 0.860596 -0.449463
vn 0.121338 0.929932 -0.346924
vn 0.386230 0.845459 -0.368164
vn 0.238770 0.860596 -0.449463
vn 0.564453 0.821777 0.077148
vn 0.122559 0.932373 0.339844
vn 0.112061 0.980957 0.157715
vn 0.036621 0.842041 0.537842
vn 0.122559 0.932373 0.339844
vn -0.311523 0.887451 -0.339111
vn 0.121338 0.929932 -0.346924
vn 0.112061 0.980957 0.157715
vn 0.122559 0.932373 0.339844
vn 0.121338 0.929932 -0.346924
vn 0.196533 0.975830 0.093994
vn 0.279053 0.960205 0.001221
vn 0.036621 0.842041 0.537842
vn 0.112061 0.980957 0.157715
vn 0.196533 0.975830 0.093994
vn 0.036621 0.842041 0.537842
vn -0.575439 0.749512 -0.326416
vn 0.238770 0.860596 -0.449463
vn -0.311523 0.887451 -0.339111
vn 0.112061 0.980957 0.157715
vn 0.121338 0.929932 -0.346924
vn 0.386230 0.845459 -0.368164
vn 0.386230 0.845459 -0.368164
vn 0.196533 0.975830 0.093994
vn 0.112061 0.980957 0.157715
vn 0.196533 0.975830 0.093994
vn 0.018555 0.996826 0.076904
vn 0.279053 0.960205 0.001221
vn 0.196533 0.975830 0.093994
vn 0.386230 0.845459 -0.368164
vn 0.564453 0.821777 0.077148
vn 0.018555 0.996826 0.076904
vn 0.196533 0.975830 0.093994
vn 0.564453 0.821777 0.077148
vn 0.238770 0.860596 -0.449463
vn 0.789307 0.555664 0.260742
vn 0.564453 0.821777 0.077148
vn -0.650635 -0.128418 -0.748291
vn 0.120850 -0.362061 -0.924072
vn 0.549805 -0.388184 -0.739258
vn -0.650635 -0.128418 -0.748291
vn -0.714111 0.370605 0.593506
vn 0.120850 -0.362061 -0.924072
vn 0.971680 -0.230713 -0.046875
vn 0.549805 -0.388184 -0.739258
vn 0.120850 -0.362061 -0.924072
vn 0.549805 -0.388184 -0.739258
vn 0.971680 -0.230713 -0.046875
vn 0.091797 0.321777 0.942139
vn -0.714111 0.370605 0.593506
vn 0.091797 0.321777 0.942139
vn 0.971680 -0.230713 -0.046875
vn 0.091797 0.321777 0.942139
vn -0.714111 0.370605 0.593506
vn -0.650635 -0.128418 -0.748291
vn -0.258545 0.907471 0.330322
vn 0.698730 -0.593018 0.399658
vn 0.698730 -0.593018 0.399658
vn 0.698730 -0.593018 0.399658
vn -0.258545 0.907471 0.330322
vn -0.258545 0.907471 0.330322
vn 0.638184 0.434082 -0.635498
vn 0.868164 -0.193359 0.456787
vn 0.638184 0.434082 -0.635498
vn 0.638184 0.434082 -0.635498
vn -0.528809 -0.427979 0.732666
vn 0.868164 -0.193359 0.456787
vn 0.517090 0.125244 -0.846436
vn 0.704102 0.696777 -0.135010
vn -0.531738 -0.746826 -0.399170
vn 0.704102 0.696777 -0.135010
vn 0.517090 0.125244 -0.846436
vn 0.340332 0.713379 0.612061
vn -0.531738 -0.746826 -0.399170
vn -0.727783 -0.493408 0.475830
vn 0.517090 0.125244 -0.846436
vn -0.727783 -0.493408 0.475830
vn -0.531738 -0.746826 -0.399170
vn -0.375488 0.118896 0.918945
vn 0.698730 -0.593018 0.399658
vn -0.279297 -0.535156 -0.796875
vn 0.698730 -0.593018 0.399658
vn -0.279297 -0.535156 -0.796875
vn 0.698730 -0.593018 0.399658
vn -0.658691 0.203369 -0.724121
vn -0.528809 -0.427979 0.732666
vn -0.926514 0.175049 -0.332764
vn 0.868164 -0.193359 0.456787
vn -0.926514 0.175049 -0.332764
vn -0.528809 -0.427979 0.732666
vn -0.926514 0.175293 -0.332764
vn 0.638184 0.434082 -0.635498
vn -0.926514 0.175049 -0.332764
vn -0.926514 0.175293 -0.332764
vn -0.926514 0.175049 -0.332764
vn 0.638184 0.434082 -0.635498
vn 0.638184 0.434082 -0.635498
vn -0.375488 0.118896 0.918945
vn 0.340332 0.713379 0.612061
vn -0.727783 -0.493408 0.475830
vn 0.704102 0.696777 -0.135010
vn 0.340332 0.713379 0.612061
vn -0.375488 0.118896 0.918945
vn -0.658691 0.203369 -0.724121
vn -0.258545 0.907471 0.330322
vn -0.279297 -0.535156 -0.796875
vn -0.258545 0.907471 0.330322
vn -0.258545 0.907471 0.330322
vn -0.658691 0.203369 -0.724121
vn -0.210693 -0.968018 0.135742
vn 0.472168 -0.774902 -0.419678
vn 0.656494 -0.752441 0.052246
vn -0.210693 -0.968018 0.135742
vn -0.717285 -0.376709 0.585938
vn -0.911133 -0.395996 0.113037
vn -0.326660 0.945068 -0.010498
vn -0.318359 0.872559 -0.370117
vn -0.084717 0.980469 -0.176270
vn -0.513916 0.821533 -0.245850
vn -0.318359 0.872559 -0.370117
vn -0.326660 0.945068 -0.010498
vn -0.318359 0.872559 -0.370117
vn 0.107422 0.949219 -0.294922
vn -0.084717 0.980469 -0.176270
vn -0.456055 0.885498 0.088135
vn -0.513916 0.821533 -0.245850
vn -0.326660 0.945068 -0.010498
vn -0.326660 0.945068 -0.010498
vn 0.052002 0.993408 0.101563
vn -0.156006 0.951660 0.263672
vn -0.084717 0.980469 -0.176270
vn 0.052002 0.993408 0.101563
vn -0.326660 0.945068 -0.010498
vn -0.084717 0.980469 -0.176270
vn 0.107422 0.949219 -0.294922
vn 0.052002 0.993408 0.101563
vn -0.326660 0.945068 -0.010498
vn -0.156006 0.951660 0.263672
vn -0.456055 0.885498 0.088135
vn 0.023682 0.993896 0.105957
vn -0.335938 0.934326 -0.118408
vn 0.014160 0.974121 -0.225098
vn -0.293701 0.940674 0.168701
vn -0.335938 0.934326 -0.118408
vn 0.023682 0.993896 0.105957
vn -0.335938 0.934326 -0.118408
vn 0.007324 0.907959 -0.418701
vn 0.014160 0.974121 -0.225098
vn 0.028320 0.953125 0.300781
vn -0.293701 0.940674 0.168701
vn 0.023682 0.993896 0.105957
vn 0.023682 0.993896 0.105957
vn 0.367676 0.919434 -0.137939
vn 0.341797 0.927246 0.151123
vn 0.014160 0.974121 -0.225098
vn 0.367676 0.919434 -0.137939
vn 0.023682 0.993896 0.105957
vn 0.014160 0.974121 -0.225098
vn 0.007324 0.907959 -0.418701
vn 0.367676 0.919434 -0.137939
vn 0.023682 0.993896 0.105957
vn 0.341797 0.927246 0.151123
vn 0.028320 0.953125 0.300781
vn -0.195068 0.972656 -0.124512
vn 0.147949 0.942139 -0.300537
vn -0.016357 0.999512 0.015137
vn -0.034668 0.913574 -0.404785
vn 0.147949 0.942139 -0.300537
vn -0.195068 0.972656 -0.124512
vn 0.147949 0.942139 -0.300537
vn 0.062988 0.994873 0.077148
vn -0.016357 0.999512 0.015137
vn -0.342529 0.907715 -0.241455
vn -0.034668 0.913574 -0.404785
vn -0.195068 0.972656 -0.124512
vn -0.195068 0.972656 -0.124512
vn -0.258545 0.927490 0.269043
vn -0.426025 0.899414 0.096436
vn -0.016357 0.999512 0.015137
vn -0.258545 0.927490 0.269043
vn -0.195068 0.972656 -0.124512
vn -0.016357 0.999512 0.015137
vn 0.062988 0.994873 0.077148
vn -0.258545 0.927490 0.269043
vn -0.195068 0.972656 -0.124512
vn -0.426025 0.899414 0.096436
vn -0.342529 0.907715 -0.241455
vn 0.026367 0.967285 -0.252197
vn 0.274170 0.959717 0.056396
vn -0.064209 0.996338 -0.052979
vn 0.339355 0.926270 -0.162842
vn 0.274170 0.959717 0.056396
vn 0.026367 0.967285 -0.252197
vn 0.274170 0.959717 0.056396
vn -0.101563 0.994141 0.031982
vn -0.064209 0.996338 -0.052979
vn 0.107178 0.900391 -0.421387
vn 0.339355 0.926270 -0.162842
vn 0.026367 0.967285 -0.252197
vn 0.026367 0.967285 -0.252197
vn -0.355225 0.902588 -0.242188
vn -0.240234 0.875000 -0.419678
vn -0.064209 0.996338 -0.052979
vn -0.355225 0.902588 -0.242188
vn 0.026367 0.967285 -0.252197
vn -0.064209 0.996338 -0.052979
vn -0.101563 0.994141 0.031982
vn -0.355225 0.902588 -0.242188
vn 0.026367 0.967285 -0.252197
vn -0.240234 0.875000 -0.419678
vn 0.107178 0.900391 -0.421387
vn 0.562744 0.826416 0.011963
vn 0.235352 0.798340 0.554199
vn 0.441895 0.893555 0.077881
vn 0.411133 0.778076 0.474609
vn 0.235352 0.798340 0.554199
vn 0.562744 0.826416 0.011963
vn 0.235352 0.798340 0.554199
vn 0.397705 0.916016 0.047363
vn 0.441895 0.893555 0.077881
vn 0.649902 0.759766 -0.001221
vn 0.411133 0.778076 0.474609
vn 0.562744 0.826416 0.011963
vn 0.562744 0.826416 0.011963
vn 0.556641 0.659424 -0.504883
vn 0.607422 0.585205 -0.536865
vn 0.441895 0.893555 0.077881
vn 0.556641 0.659424 -0.504883
vn 0.562744 0.826416 0.011963
vn 0.441895 0.893555 0.077881
vn 0.397705 0.916016 0.047363
vn 0.556641 0.659424 -0.504883
vn 0.562744 0.826416 0.011963
vn 0.607422 0.585205 -0.536865
vn 0.649902 0.759766 -0.001221
vn 0.658936 0.479004 -0.579590
vn 0.743408 0.640625 -0.191895
vn 0.499756 0.739990 -0.449707
vn 0.853271 0.406982 -0.325195
vn 0.743408 0.640625 -0.191895
vn 0.658936 0.479004 -0.579590
vn 0.743408 0.640625 -0.191895
vn 0.373291 0.861328 -0.344238
vn 0.499756 0.739990 -0.449707
vn 0.720215 0.295654 -0.627441
vn 0.853271 0.406982 -0.325195
vn 0.658936 0.479004 -0.579590
vn 0.658936 0.479004 -0.579590
vn 0.283936 0.626221 -0.725830
vn 0.438477 0.394043 -0.807373
vn 0.499756 0.739990 -0.449707
vn 0.283936 0.626221 -0.725830
vn 0.658936 0.479004 -0.579590
vn 0.499756 0.739990 -0.449707
vn 0.373291 0.861328 -0.344238
vn 0.283936 0.626221 -0.725830
vn 0.658936 0.479004 -0.579590
vn 0.438477 0.394043 -0.807373
vn 0.720215 0.295654 -0.627441
vn 0.149414 0.968018 -0.201172
vn -0.189209 0.898193 -0.396240
vn 0.210693 0.868408 -0.448486
vn -0.070313 0.993408 -0.089355
vn -0.189209 0.898193 -0.396240
vn 0.149414 0.968018 -0.201172
vn 0.054688 0.750732 -0.657959
vn -0.189209 0.898193 -0.396240
vn 0.015381 0.680908 -0.731934
vn -0.189209 0.898193 -0.396240
vn 0.054688 0.750732 -0.657959
vn 0.210693 0.868408 -0.448486
vn 0.273193 0.960938 -0.042236
vn -0.070313 0.993408 -0.089355
vn 0.149414 0.968018 -0.201172
vn 0.516602 0.801514 -0.300537
vn 0.210693 0.868408 -0.448486
vn 0.410400 0.687012 -0.599121
vn 0.210693 0.868408 -0.448486
vn 0.516602 0.801514 -0.300537
vn 0.149414 0.968018 -0.201172
vn 0.410400 0.687012 -0.599121
vn 0.054688 0.750732 -0.657959
vn 0.015381 0.680908 -0.731934
vn 0.054688 0.750732 -0.657959
vn 0.410400 0.687012 -0.599121
vn 0.210693 0.868408 -0.448486
vn 0.149414 0.968018 -0.201172
vn 0.516602 0.801514 -0.300537
vn 0.273193 0.960938 -0.042236
vn -0.210693 -0.968018 0.135742
vn 0.413086 -0.684570 0.600342
vn -0.183350 -0.521240 0.833252
vn -0.210693 -0.968018 0.135742
vn -0.695068 -0.576660 -0.428955
vn -0.088135 -0.743652 -0.662354
vn 0.413086 -0.684570 0.600342
vn -0.210693 -0.968018 0.135742
vn 0.656494 -0.752441 0.052246
vn -0.717285 -0.376709 0.585938
vn -0.210693 -0.968018 0.135742
vn -0.183350 -0.521240 0.833252
vn -0.210693 -0.968018 0.135742
vn -0.911133 -0.395996 0.113037
vn -0.695068 -0.576660 -0.428955
vn 0.472168 -0.774902 -0.419678
vn -0.210693 -0.968018 0.135742
vn -0.088135 -0.743652 -0.662354
vn 0.210693 0.968018 -0.135742
vn -0.656494 0.752441 -0.052246
vn -0.472168 0.774902 0.419678
vn 0.210693 0.968018 -0.135742
vn 0.911133 0.395996 -0.113037
vn 0.717285 0.376709 -0.585938
vn 0.326660 -0.945068 0.010498
vn 0.084717 -0.980469 0.176270
vn 0.318359 -0.872559 0.370117
vn 0.513916 -0.821533 0.245850
vn 0.326660 -0.945068 0.010498
vn 0.318359 -0.872559 0.370117
vn 0.318359 -0.872559 0.370117
vn 0.084717 -0.980469 0.176270
vn -0.107422 -0.949219 0.294922
vn 0.456055 -0.885498 -0.088135
vn 0.326660 -0.945068 0.010498
vn 0.513916 -0.821533 0.245850
vn 0.326660 -0.945068 0.010498
vn 0.156006 -0.951660 -0.263672
vn -0.052002 -0.993408 -0.101563
vn 0.084717 -0.980469 0.176270
vn 0.326660 -0.945068 0.010498
vn -0.052002 -0.993408 -0.101563
vn 0.084717 -0.980469 0.176270
vn -0.052002 -0.993408 -0.101563
vn -0.107422 -0.949219 0.294922
vn 0.326660 -0.945068 0.010498
vn 0.456055 -0.885498 -0.088135
vn 0.156006 -0.951660 -0.263672
vn -0.023682 -0.993896 -0.105957
vn -0.014160 -0.974121 0.225098
vn 0.335938 -0.934326 0.118408
vn 0.293701 -0.940674 -0.168701
vn -0.023682 -0.993896 -0.105957
vn 0.335938 -0.934326 0.118408
vn 0.335938 -0.934326 0.118408
vn -0.014160 -0.974121 0.225098
vn -0.007324 -0.907959 0.418701
vn -0.028320 -0.953125 -0.300781
vn -0.023682 -0.993896 -0.105957
vn 0.293701 -0.940674 -0.168701
vn -0.023682 -0.993896 -0.105957
vn -0.341797 -0.927246 -0.151123
vn -0.367676 -0.919434 0.137939
vn -0.014160 -0.974121 0.225098
vn -0.023682 -0.993896 -0.105957
vn -0.367676 -0.919434 0.137939
vn -0.014160 -0.974121 0.225098
vn -0.367676 -0.919434 0.137939
vn -0.007324 -0.907959 0.418701
vn -0.023682 -0.993896 -0.105957
vn -0.028320 -0.953125 -0.300781
vn -0.341797 -0.927246 -0.151123
vn 0.195068 -0.972656 0.124512
vn 0.016357 -0.999512 -0.015137
vn -0.147949 -0.942139 0.300537
vn 0.034668 -0.913574 0.404785
vn 0.195068 -0.972656 0.124512
vn -0.147949 -0.942139 0.300537
vn -0.147949 -0.942139 0.300537
vn 0.016357 -0.999512 -0.015137
vn -0.062988 -0.994873 -0.077148
vn 0.342529 -0.907715 0.241455
vn 0.195068 -0.972656 0.124512
vn 0.034668 -0.913574 0.404785
vn 0.195068 -0.972656 0.124512
vn 0.426025 -0.899414 -0.096436
vn 0.258545 -0.927490 -0.269043
vn 0.016357 -0.999512 -0.015137
vn 0.195068 -0.972656 0.124512
vn 0.258545 -0.927490 -0.269043
vn 0.016357 -0.999512 -0.015137
vn 0.258545 -0.927490 -0.269043
vn -0.062988 -0.994873 -0.077148
vn 0.195068 -0.972656 0.124512
vn 0.342529 -0.907715 0.241455
vn 0.426025 -0.899414 -0.096436
vn -0.026367 -0.967285 0.252197
vn 0.064209 -0.996338 0.052979
vn -0.274170 -0.959717 -0.056396
vn -0.339355 -0.926270 0.162842
vn -0.026367 -0.967285 0.252197
vn -0.274170 -0.959717 -0.056396
vn -0.274170 -0.959717 -0.056396
vn 0.064209 -0.996338 0.052979
vn 0.101563 -0.994141 -0.031982
vn -0.107178 -0.900391 0.421387
vn -0.026367 -0.967285 0.252197
vn -0.339355 -0.926270 0.162842
vn -0.026367 -0.967285 0.252197
vn 0.240234 -0.875000 0.419678
vn 0.355225 -0.902588 0.242188
vn 0.064209 -0.996338 0.052979
vn -0.026367 -0.967285 0.252197
vn 0.355225 -0.902588 0.242188
vn 0.064209 -0.996338 0.052979
vn 0.355225 -0.902588 0.242188
vn 0.101563 -0.994141 -0.031982
vn -0.026367 -0.967285 0.252197
vn -0.107178 -0.900391 0.421387
vn 0.240234 -0.875000 0.419678
vn -0.562744 -0.826416 -0.011963
vn -0.441895 -0.893555 -0.077881
vn -0.235352 -0.798340 -0.554199
vn -0.411133 -0.778076 -0.474609
vn -0.562744 -0.826416 -0.011963
vn -0.235352 -0.798340 -0.554199
vn -0.235352 -0.798340 -0.554199
vn -0.441895 -0.893555 -0.077881
vn -0.397705 -0.916016 -0.047363
vn -0.649902 -0.759766 0.001221
vn -0.562744 -0.826416 -0.011963
vn -0.411133 -0.778076 -0.474609
vn -0.562744 -0.826416 -0.011963
vn -0.607422 -0.585205 0.536865
vn -0.556641 -0.659424 0.504883
vn -0.441895 -0.893555 -0.077881
vn -0.562744 -0.826416 -0.011963
vn -0.556641 -0.659424 0.504883
vn -0.441895 -0.893555 -0.077881
vn -0.556641 -0.659424 0.504883
vn -0.397705 -0.916016 -0.047363
vn -0.562744 -0.826416 -0.011963
vn -0.649902 -0.759766 0.001221
vn -0.607422 -0.585205 0.536865
vn -0.658936 -0.479004 0.579590
vn -0.499756 -0.739990 0.449707
vn -0.743408 -0.640625 0.191895
vn -0.853271 -0.406982 0.325195
vn -0.658936 -0.479004 0.579590
vn -0.743408 -0.640625 0.191895
vn -0.743408 -0.640625 0.191895
vn -0.499756 -0.739990 0.449707
vn -0.373291 -0.861328 0.344238
vn -0.720215 -0.295654 0.627441
vn -0.658936 -0.479004 0.579590
vn -0.853271 -0.406982 0.325195
vn -0.658936 -0.479004 0.579590
vn -0.438477 -0.394043 0.807373
vn -0.283936 -0.626221 0.725830
vn -0.499756 -0.739990 0.449707
vn -0.658936 -0.479004 0.579590
vn -0.283936 -0.626221 0.725830
vn -0.499756 -0.739990 0.449707
vn -0.283936 -0.626221 0.725830
vn -0.373291 -0.861328 0.344238
vn -0.658936 -0.479004 0.579590
vn -0.720215 -0.295654 0.627441
vn -0.438477 -0.394043 0.807373
vn -0.149414 -0.968018 0.201172
vn -0.210693 -0.868408 0.448486
vn 0.189209 -0.898193 0.396240
vn 0.070313 -0.993408 0.089355
vn -0.149414 -0.968018 0.201172
vn 0.189209 -0.898193 0.396240
vn -0.054688 -0.750732 0.657959
vn -0.015381 -0.680908 0.731934
vn 0.189209 -0.898193 0.396240
vn 0.189209 -0.898193 0.396240
vn -0.210693 -0.868408 0.448486
vn -0.054688 -0.750732 0.657959
vn -0.273193 -0.960938 0.042236
vn -0.149414 -0.968018 0.201172
vn 0.070313 -0.993408 0.089355
vn -0.516602 -0.801514 0.300537
vn -0.410400 -0.687012 0.599121
vn -0.210693 -0.868408 0.448486
vn -0.210693 -0.868408 0.448486
vn -0.149414 -0.968018 0.201172
vn -0.516602 -0.801514 0.300537
vn -0.410400 -0.687012 0.599121
vn -0.015381 -0.680908 0.731934
vn -0.054688 -0.750732 0.657959
vn -0.054688 -0.750732 0.657959
vn -0.210693 -0.868408 0.448486
vn -0.410400 -0.687012 0.599121
vn -0.149414 -0.968018 0.201172
vn -0.273193 -0.960938 0.042236
vn -0.516602 -0.801514 0.300537
vn 0.210693 0.968018 -0.135742
vn 0.183350 0.521240 -0.833252
vn -0.413086 0.684570 -0.600342
vn 0.210693 0.968018 -0.135742
vn 0.088135 0.743652 0.662354
vn 0.695068 0.576660 0.428955
vn -0.413086 0.684570 -0.600342
vn -0.656494 0.752441 -0.052246
vn 0.210693 0.968018 -0.135742
vn 0.717285 0.376709 -0.585938
vn 0.183350 0.521240 -0.833252
vn 0.210693 0.968018 -0.135742
vn 0.210693 0.968018 -0.135742
vn 0.695068 0.576660 0.428955
vn 0.911133 0.395996 -0.113037
vn -0.472168 0.774902 0.419678
vn 0.088135 0.743652 0.662354
vn 0.210693 0.968018 -0.135742
usemtl Texture
f 1/1/1 2/2/2 3/3/3
f 4/4/4 5/5/5 6/6/6
f 7/7/7 8/8/8 9/9/9
f 10/10/10 11/11/11 12/12/12
f 13/13/13 14/14/14 15/15/15
f 16/16/16 17/17/17 18/18/18
f 19/19/19 20/20/20 21/21/21
f 22/22/22 23/23/23 24/24/24
f 25/25/25 26/26/26 27/27/27
f 28/28/28 29/29/29 30/30/30
f 31/31/31 32/32/32 33/33/33
f 34/34/34 35/35/35 36/36/36
f 37/37/37 38/38/38 39/39/39
f 40/40/40 41/41/41 42/42/42
f 43/43/43 44/44/44 45/45/45
f 46/46/46 47/47/47 48/48/48
f 49/49/49 50/50/50 51/51/51
f 52/52/52 53/53/53 54/54/54
f 55/55/55 56/56/56 57/57/57
f 58/58/58 59/59/59 60/60/60
f 61/61/61 62/62/62 63/63/63
f 64/64/64 65/65/65 66/66/66
f 67/67/67 68/68/68 69/69/69
f 70/70/70 71/71/71 72/72/72
f 73/73/73 74/74/74 75/75/75
f 76/76/76 77/77/77 78/78/78
f 79/79/79 80/80/80 81/81/81
f 82/82/82 83/83/83 84/84/84
f 85/85/85 86/86/86 87/87/87
f 88/88/88 89/89/89 90/90/90
f 91/91/91 92/92/92 93/93/93
f 94/94/94 95/95/95 96/96/96
f 97/97/97 98/98/98 99/99/99
f 100/100/100 101/101/101 102/102/102
f 103/103/103 104/104/104 105/105/105
f 106/106/106 107/107/107 108/108/108
f 109/109/109 110/110/110 111/111/111
f 112/112/112 113/113/113 114/114/114
f 115/115/115 116/116/116 117/117/117
f 118/118/118 119/119/119 120/120/120
f 121/121/121 122/122/122 123/123/123
f 124/124/124 125/125/125 126/126/126
f 127/127/127 128/128/128 129/129/129
f 130/130/130 131/131/131 132/132/132
f 133/133/133 134/134/134 135/135/135
f 136/136/136 137/137/137 138/138/138
f 139/139/139 140/140/140 141/141/141
f 142/142/142 143/143/143 144/144/144
f 145/145/145 146/146/146 147/147/147
f 148/148/148 149/149/149 150/150/150
f 151/151/151 152/152/152 153/153/153
f 154/154/154 155/155/155 156/156/156
f 157/157/157 158/158/158 159/159/159
f 160/160/160 161/161/161 162/162/162
f 163/163/163 164/164/164 165/165/165
f 166/166/166 167/167/167 168/168/168
f 169/169/169 170/170/170 171/171/171
f 172/172/172 173/173/173 174/174/174
f 175/175/175 176/176/176 177/177/177
f 178/178/178 179/179/179 180/180/180
f 181/181/181 182/182/182 183/183/183
f 184/184/184 185/185/185 186/186/186
f 187/187/187 188/188/188 189/189/189
f 190/190/190 191/191/191 192/192/192
f 193/193/193 194/194/194 195/195/195
f 196/196/196 197/197/197 198/198/198
f 199/199/199 200/200/200 201/201/201
f 202/202/202 203/203/203 204/204/204
f 205/205/205 206/206/206 207/207/207
f 208/208/208 209/209/209 210/210/210
f 211/211/211 212/212/212 213/213/213
f 214/214/214 215/215/215 216/216/216
f 217/217/217 218/218/218 219/219/219
f 220/220/220 221/221/221 222/222/222
f 223/223/223 224/224/224 225/225/225
f 226/226/226 227/227/227 228/228/228
f 229/229/229 230/230/230 231/231/231
f 232/232/232 233/233/233 234/234/234
f 235/235/235 236/236/236 237/237/237
f 238/238/238 239/239/239 240/240/240
f 241/241/241 242/242/242 243/243/243
f 244/244/244 245/245/245 246/246/246
f 247/247/247 248/248/248 249/249/249
f 250/250/250 251/251/251 252/252/252
f 253/253/253 254/254/254 255/255/255
f 256/256/256 257/257/257 258/258/258
f 259/259/259 260/260/260 261/261/261
f 262/262/262 263/263/263 264/264/264
f 265/265/265 266/266/266 267/267/267
f 268/268/268 269/269/269 270/270/270
f 271/271/271 272/272/272 273/273/273
f 274/274/274 275/275/275 276/276/276
f 277/277/277 278/278/278 279/279/279
f 280/280/280 281/281/281 282/282/282
f 283/283/283 284/284/284 285/285/285
f 286/286/286 287/287/287 288/288/288
f 289/289/289 290/290/290 291/291/291
f 292/292/292 293/293/293 294/294/294
f 295/295/295 296/296/296 297/297/297
f 298/298/298 299/299/299 300/300/300
f 301/301/301 302/302/302 303/303/303
f 304/304/304 305/305/305 306/306/306
f 307/307/307 308/308/308 309/309/309
f 310/310/310 311/311/311 312/312/312
f 313/313/313 314/314/314 315/315/315
f 316/316/316 317/317/317 318/318/318
f 319/319/319 320/320/320 321/321/321
f 322/322/322 323/323/323 324/324/324
f 325/325/325 326/326/326 327/327/327
f 328/328/328 329/329/329 330/330/330
f 331/331/331 332/332/332 333/333/333
f 334/334/334 335/335/335 336/336/336
f 337/337/337 338/338/338 339/339/339
f 340/340/340 341/341/341 342/342/342
f 343/343/343 344/344/344 345/345/345
f 346/346/346 347/347/347 348/348/348
f 349/349/349 350/350/350 351/351/351
f 352/352/352 353/353/353 354/354/354
f 355/355/355 356/356/356 357/357/357
f 358/358/358 359/359/359 360/360/360
f 361/361/361 362/362/362 363/363/363
f 364/364/364 365/365/365 366/366/366
f 367/367/367 368/368/368 369/369/369
f 370/370/370 371/371/371 372/372/372
f 373/373/373 374/374/374 375/375/375
f 376/376/376 377/377/377 378/378/378
f 379/379/379 380/380/380 381/381/381
f 382/382/382 383/383/383 384/384/384
f 385/385/385 386/386/386 387/387/387
f 388/388/388 389/389/389 390/390/390
f 391/391/391 392/392/392 393/393/393
f 394/394/394 395/395/395 396/396/396
f 397/397/397 398/398/398 399/399/399
f 400/400/400 401/401/401 402/402/402
f 403/403/403 404/404/404 405/405/405
f 406/406/406 407/407/407 408/408/408
f 409/409/409 410/410/410 411/411/411
f 412/412/412 413/413/413 414/414/414
f 415/415/415 416/416/416 417/417/417
f 418/418/418 419/419/419 420/420/420
f 421/421/421 422/422/422 423/423/423
f 424/424/424 425/425/425 426/426/426
f 427/427/427 428/428/428 429/429/429
f 430/430/430 431/431/431 432/432/432
f 433/433/433 434/434/434 435/435/435
f 436/436/436 437/437/437 438/438/438
f 439/439/439 440/440/440 441/441/441
f 442/442/442 443/443/443 444/444/444
f 445/445/445 446/446/446 447/447/447
f 448/448/448 449/449/449 450/450/450
f 451/451/451 452/452/452 453/453/453
f 454/454/454 455/455/455 456/456/456
f 457/457/457 458/458/458 459/459/459
f 460/460/460 461/461/461 462/462/462
f 463/463/463 464/464/464 465/465/465
f 466/466/466 467/467/467 468/468/468
f 469/469/469 470/470/470 471/471/471
f 472/472/472 473/473/473 474/474/474
f 475/475/475 476/476/476 477/477/477
f 478/478/478 479/479/479 480/480/480
f 481/481/481 482/482/482 483/483/483
f 484/484/484 485/485/485 486/486/486
f 487/487/487 488/488/488 489/489/489
f 490/490/490 491/491/491 492/492/492
f 493/493/493 494/494/494 495/495/495
f 496/496/496 497/497/497 498/498/498
f 499/499/499 500/500/500 501/501/501
f 502/502/502 503/503/503 504/504/504
f 505/505/505 506/506/506 507/507/507
f 508/508/508 509/509/509 510/510/510
f 511/511/511 512/512/512 513/513/513
f 514/514/514 515/515/515 516/516/516
f 517/517/517 518/518/518 519/519/519
f 520/520/520 521/521/521 522/522/522
f 523/523/523 524/524/524 525/525/525
f 526/526/526 527/527/527 528/528/528
f 529/529/529 530/530/530 531/531/531
f 532/532/532 533/533/533 534/534/534
f 535/535/535 536/536/536 537/537/537
f 538/538/538 539/539/539 540/540/540
f 541/541/541 542/542/542 543/543/543
f 544/544/544 545/545/545 546/546/546
f 547/547/547 548/548/548 549/549/549
f 550/550/550 551/551/551 552/552/552
f 553/553/553 554/554/554 555/555/555
f 556/556/556 557/557/557 558/558/558
f 559/559/559 560/560/560 561/561/561
f 562/562/562 563/563/563 564/564/564
f 565/565/565 566/566/566 567/567/567
f 568/568/568 569/569/569 570/570/570
f 571/571/571 572/572/572 573/573/573
f 574/574/574 575/575/575 576/576/576
f 577/577/577 578/578/578 579/579/579
f 580/580/580 581/581/581 582/582/582
f 583/583/583 584/584/584 585/585/585
f 586/586/586 587/587/587 588/588/588
f 589/589/589 590/590/590 591/591/591
f 592/592/592 593/593/593 594/594/594
f 595/595/595 596/596/596 597/597/597
f 598/598/598 599/599/599 600/600/600
f 601/601/601 602/602/602 603/603/603
f 604/604/604 605/605/605 606/606/606
f 607/607/607 608/608/608 609/609/609
f 610/610/610 611/611/611 612/612/612
f 613/613/613 614/614/614 615/615/615
f 616/616/616 617/617/617 618/618/618
f 619/619/619 620/620/620 621/621/621
f 622/622/622 623/623/623 624/624/624
f 625/625/625 626/626/626 627/627/627
f 628/628/628 629/629/629 630/630/630
f 631/631/631 632/632/632 633/633/633
f 634/634/634 635/635/635 636/636/636
f 637/637/637 638/638/638 639/639/639
f 640/640/640 641/641/641 642/642/642
f 643/643/643 644/644/644 645/645/645
f 646/646/646 647/647/647 648/648/648
f 649/649/649 650/650/650 651/651/651
f 652/652/652 653/653/653 654/654/654
f 655/655/655 656/656/656 657/657/657
f 658/658/658 659/659/659 660/660/660
f 661/661/661 662/662/662 663/663/663
f 664/664/664 665/665/665 666/666/666
f 667/667/667 668/668/668 669/669/669
f 670/670/670 671/671/671 672/672/672
f 673/673/673 674/674/674 675/675/675
f 676/676/676 677/677/677 678/678/678
f 679/679/679 680/680/680 681/681/681
f 682/682/682 683/683/683 684/684/684
f 685/685/685 686/686/686 687/687/687
f 688/688/688 689/689/689 690/690/690
f 691/691/691 692/692/692 693/693/693
f 694/694/694 695/695/695 696/696/696
f 697/697/697 698/698/698 699/699/699
f 700/700/700 701/701/701 702/702/702
f 703/703/703 704/704/704 705/705/705
f 706/706/706 707/707/707 708/708/708
f 709/709/709 710/710/710 711/711/711
f 712/712/712 713/713/713 714/714/714
f 715/715/715 716/716/716 717/717/717
f 718/718/718 719/719/719 720/720/720
f 721/721/721 722/722/722 723/723/723
f 724/724/724 725/725/725 726/726/726
f 727/727/727 728/728/728 729/729/729
f 730/730/730 731/731/731 732/732/732
f 733/733/733 734/734/734 735/735/735
f 736/736/736 737/737/737 738/738/738
f 739/739/739 740/740/740 741/741/741
f 742/742/742 743/743/743 744/744/744
f 745/745/745 746/746/746 747/747/747
f 748/748/748 749/749/749 750/750/750
f 751/751/751 752/752/752 753/753/753
f 754/754/754 755/755/755 756/756/756
f 757/757/757 758/758/758 759/759/759
f 760/760/760 761/761/761 762/762/762
f 763/763/763 764/764/764 765/765/765
f 766/766/766 767/767/767 768/768/768
f 769/769/769 770/770/770 771/771/771
f 772/772/772 773/773/773 774/774/774
f 775/775/775 776/776/776 777/777/777
f 778/778/778 779/779/779 780/780/780
f 781/781/781 782/782/782 783/783/783
f 784/784/784 785/785/785 786/786/786
f 787/787/787 788/788/788 789/789/789
f 790/790/790 791/791/791 792/792/792
f 793/793/793 794/794/794 795/795/795
f 796/796/796 797/797/797 798/798/798
f 799/799/799 800/800/800 801/801/801
f 802/802/802 803/803/803 804/804/804
f 805/805/805 806/806/806 807/807/807
f 808/808/808 809/809/809 810/810/810
f 811/811/811 812/812/812 813/813/813
f 814/814/814 815/815/815 816/816/816
f 817/817/817 818/818/818 819/819/819
f 820/820/820 821/821/821 822/822/822
f 823/823/823 824/824/824 825/825/825
f 826/826/826 827/827/827 828/828/828
f 829/829/829 830/830/830 831/831/831
f 832/832/832 833/833/833 834/834/834
f 835/835/835 836/836/836 837/837/837
f 838/838/838 839/839/839 840/840/840
f 841/841/841 842/842/842 843/843/843
f 844/844/844 845/845/845 846/846/846
f 847/847/847 848/848/848 849/849/849
f 850/850/850 851/851/851 852/852/852
f 853/853/853 854/854/854 855/855/855
f 856/856/856 857/857/857 858/858/858
f 859/859/859 860/860/860 861/861/861
f 862/862/862 863/863/863 864/864/864
f 865/865/865 866/866/866 867/867/867
f 868/868/868 869/869/869 870/870/870
f 871/871/871 872/872/872 873/873/873
f 874/874/874 875/875/875 876/876/876
f 877/877/877 878/878/878 879/879/879
f 880/880/880 881/881/881 882/882/882
f 883/883/883 884/884/884 885/885/885
f 886/886/886 887/887/887 888/888/888
f 889/889/889 890/890/890 891/891/891
f 892/892/892 893/893/893 894/894/894
f 895/895/895 896/896/896 897/897/897
f 898/898/898 899/899/899 900/900/900
f 901/901/901 902/902/902 903/903/903
f 904/904/904 905/905/905 906/906/906
f 907/907/907 908/908/908 909/909/909
f 910/910/910 911/911/911 912/912/912
f 913/913/913 914/914/914 915/915/915
f 916/916/916 917/917/917 918/918/918
f 919/919/919 920/920/920 921/921/921
f 922/922/922 923/923/923 924/924/924
f 925/925/925 926/926/926 927/927/927
f 928/928/928 929/929/929 930/930/930
f 931/931/931 932/932/932 933/933/933
f 934/934/934 935/935/935 936/936/936
f 937/937/937 938/938/938 939/939/939
f 940/940/940 941/941/941 942/942/942
f 943/943/943 944/944/944 945/945/945
f 946/946/946 947/947/947 948/948/948
f 949/949/949 950/950/950 951/951/951
f 952/952/952 953/953/953 954/954/954
f 955/955/955 956/956/956 957/957/957
f 958/958/958 959/959/959 960/960/960
f 961/961/961 962/962/962 963/963/963
f 964/964/964 965/965/965 966/966/966
f 967/967/967 968/968/968 969/969/969
f 970/970/970 971/971/971 972/972/972
f 973/973/973 974/974/974 975/975/975
f 976/976/976 977/977/977 978/978/978
f 979/979/979 980/980/980 981/981/981
f 982/982/982 983/983/983 984/984/984
f 985/985/985 986/986/986 987/987/987
f 988/988/988 989/989/989 990/990/990
f 991/991/991 992/992/992 993/993/993
f 994/994/994 995/995/995 996/996/996
f 997/997/997 998/998/998 999/999/999
f 1000/1000/1000 1001/1001/1001 1002/1002/1002
f 1003/1003/1003 1004/1004/1004 1005/1005/1005
f 1006/1006/1006 1007/1007/1007 1008/1008/1008
f 1009/1009/1009 1010/1010/1010 1011/1011/1011
f 1012/1012/1012 1013/1013/1013 1014/1014/1014
f 1015/1015/1015 1016/1016/1016 1017/1017/1017
f 1018/1018/1018 1019/1019/1019 1020/1020/1020
f 1021/1021/1021 1022/1022/1022 1023/1023/1023
f 1024/1024/1024 1025/1025/1025 1026/1026/1026
f 1027/1027/1027 1028/1028/1028 1029/1029/1029
f 1030/1030/1030 1031/1031/1031 1032/1032/1032
f 1033/1033/1033 1034/1034/1034 1035/1035/1035
f 1036/1036/1036 1037/1037/1037 1038/1038/1038
f 1039/1039/1039 1040/1040/1040 1041/1041/1041
f 1042/1042/1042 1043/1043/1043 1044/1044/1044
f 1045/1045/1045 1046/1046/1046 1047/1047/1047
f 1048/1048/1048 1049/1049/1049 1050/1050/1050
f 1051/1051/1051 1052/1052/1052 1053/1053/1053
f 1054/1054/1054 1055/1055/1055 1056/1056/1056
f 1057/1057/1057 1058/1058/1058 1059/1059/1059
f 1060/1060/1060 1061/1061/1061 1062/1062/1062
f 1063/1063/1063 1064/1064/1064 1065/1065/1065
f 1066/1066/1066 1067/1067/1067 1068/1068/1068
f 1069/1069/1069 1070/1070/1070 1071/1071/1071
f 1072/1072/1072 1073/1073/1073 1074/1074/1074
f 1075/1075/1075 1076/1076/1076 1077/1077/1077
f 1078/1078/1078 1079/1079/1079 1080/1080/1080
f 1081/1081/1081 1082/1082/1082 1083/1083/1083
f 1084/1084/1084 1085/1085/1085 1086/1086/1086
f 1087/1087/1087 1088/1088/1088 1089/1089/1089
f 1090/1090/1090 1091/1091/1091 1092/1092/1092
f 1093/1093/1093 1094/1094/1094 1095/1095/1095
f 1096/1096/1096 1097/1097/1097 1098/1098/1098
f 1099/1099/1099 1100/1100/1100 1101/1101/1101
f 1102/1102/1102 1103/1103/1103 1104/1104/1104
f 1105/1105/1105 1106/1106/1106 1107/1107/1107
f 1108/1108/1108 1109/1109/1109 1110/1110/1110
f 1111/1111/1111 1112/1112/1112 1113/1113/1113
f 1114/1114/1114 1115/1115/1115 1116/1116/1116
f 1117/1117/1117 1118/1118/1118 1119/1119/1119
f 1120/1120/1120 1121/1121/1121 1122/1122/1122
f 1123/1123/1123 1124/1124/1124 1125/1125/1125
f 1126/1126/1126 1127/1127/1127 1128/1128/1128
f 1129/1129/1129 1130/1130/1130 1131/1131/1131
f 1132/1132/1132 1133/1133/1133 1134/1134/1134
f 1135/1135/1135 1136/1136/1136 1137/1137/1137
f 1138/1138/1138 1139/1139/1139 1140/1140/1140
f 1141/1141/1141 1142/1142/1142 1143/1143/1143
f 1144/1144/1144 1145/1145/1145 1146/1146/1146
f 1147/1147/1147 1148/1148/1148 1149/1149/1149
f 1150/1150/1150 1151/1151/1151 1152/1152/1152
f 1153/1153/1153 1154/1154/1154 1155/1155/1155
f 1156/1156/1156 1157/1157/1157 1158/1158/1158
f 1159/1159/1159 1160/1160/1160 1161/1161/1161
f 1162/1162/1162 1163/1163/1163 1164/1164/1164
f 1165/1165/1165 1166/1166/1166 1167/1167/1167
f 1168/1168/1168 1169/1169/1169 1170/1170/1170
f 1171/1171/1171 1172/1172/1172 1173/1173/1173
f 1174/1174/1174 1175/1175/1175 1176/1176/1176
f 1177/1177/1177 1178/1178/1178 1179/1179/1179
f 1180/1180/1180 1181/1181/1181 1182/1182/1182
f 1183/1183/1183 1184/1184/1184 1185/1185/1185
f 1186/1186/1186 1187/1187/1187 1188/1188/1188
f 1189/1189/1189 1190/1190/1190 1191/1191/1191
f 1192/1192/1192 1193/1193/1193 1194/1194/1194
f 1195/1195/1195 1196/1196/1196 1197/1197/1197
f 1198/1198/1198 1199/1199/1199 1200/1200/1200
f 1201/1201/1201 1202/1202/1202 1203/1203/1203
f 1204/1204/1204 1205/1205/1205 1206/1206/1206
f 1207/1207/1207 1208/1208/1208 1209/1209/1209
f 1210/1210/1210 1211/1211/1211 1212/1212/1212
f 1213/1213/1213 1214/1214/1214 1215/1215/1215
f 1216/1216/1216 1217/1217/1217 1218/1218/1218
f 1219/1219/1219 1220/1220/1220 1221/1221/1221
f 1222/1222/1222 1223/1223/1223 1224/1224/1224
f 1225/1225/1225 1226/1226/1226 1227/1227/1227
f 1228/1228/1228 1229/1229/1229 1230/1230/1230
f 1231/1231/1231 1232/1232/1232 1233/1233/1233
f 1234/1234/1234 1235/1235/1235 1236/1236/1236
f 1237/1237/1237 1238/1238/1238 1239/1239/1239
f 1240/1240/1240 1241/1241/1241 1242/1242/1242
f 1243/1243/1243 1244/1244/1244 1245/1245/1245
f 1246/1246/1246 1247/1247/1247 1248/1248/1248
f 1249/1249/1249 1250/1250/1250 1251/1251/1251
f 1252/1252/1252 1253/1253/1253 1254/1254/1254
f 1255/1255/1255 1256/1256/1256 1257/1257/1257
f 1258/1258/1258 1259/1259/1259 1260/1260/1260
f 1261/1261/1261 1262/1262/1262 1263/1263/1263
f 1264/1264/1264 1265/1265/1265 1266/1266/1266
f 1267/1267/1267 1268/1268/1268 1269/1269/1269
f 1270/1270/1270 1271/1271/1271 1272/1272/1272
f 1273/1273/1273 1274/1274/1274 1275/1275/1275
f 1276/1276/1276 1277/1277/1277 1278/1278/1278
f 1279/1279/1279 1280/1280/1280 1281/1281/1281
f 1282/1282/1282 1283/1283/1283 1284/1284/1284
f 1285/1285/1285 1286/1286/1286 1287/1287/1287
f 1288/1288/1288 1289/1289/1289 1290/1290/1290
f 1291/1291/1291 1292/1292/1292 1293/1293/1293
f 1294/1294/1294 1295/1295/1295 1296/1296/1296
f 1297/1297/1297 1298/1298/1298 1299/1299/1299
f 1300/1300/1300 1301/1301/1301 1302/1302/1302
f 1303/1303/1303 1304/1304/1304 1305/1305/1305
f 1306/1306/1306 1307/1307/1307 1308/1308/1308
f 1309/1309/1309 1310/1310/1310 1311/1311/1311
f 1312/1312/1312 1313/1313/1313 1314/1314/1314
f 1315/1315/1315 1316/1316/1316 1317/1317/1317
f 1318/1318/1318 1319/1319/1319 1320/1320/1320
f 1321/1321/1321 1322/1322/1322 1323/1323/1323
f 1324/1324/1324 1325/1325/1325 1326/1326/1326
f 1327/1327/1327 1328/1328/1328 1329/1329/1329
f 1330/1330/1330 1331/1331/1331 1332/1332/1332
f 1333/1333/1333 1334/1334/1334 1335/1335/1335
f 1336/1336/1336 1337/1337/1337 1338/1338/1338
f 1339/1339/1339 1340/1340/1340 1341/1341/1341
f 1342/1342/1342 1343/1343/1343 1344/1344/1344
f 1345/1345/1345 1346/1346/1346 1347/1347/1347
f 1348/1348/1348 1349/1349/1349 1350/1350/1350
f 1351/1351/1351 1352/1352/1352 1353/1353/1353
f 1354/1354/1354 1355/1355/1355 1356/1356/1356
f 1357/1357/1357 1358/1358/1358 1359/1359/1359
f 1360/1360/1360 1361/1361/1361 1362/1362/1362
f 1363/1363/1363 1364/1364/1364 1365/1365/1365
f 1366/1366/1366 1367/1367/1367 1368/1368/1368
f 1369/1369/1369 1370/1370/1370 1371/1371/1371
f 1372/1372/1372 1373/1373/1373 1374/1374/1374
f 1375/1375/1375 1376/1376/1376 1377/1377/1377
f 1378/1378/1378 1379/1379/1379 1380/1380/1380
f 1381/1381/1381 1382/1382/1382 1383/1383/1383
f 1384/1384/1384 1385/1385/1385 1386/1386/1386
f 1387/1387/1387 1388/1388/1388 1389/1389/1389
f 1390/1390/1390 1391/1391/1391 1392/1392/1392
f 1393/1393/1393 1394/1394/1394 1395/1395/1395
f 1396/1396/1396 1397/1397/1397 1398/1398/1398
f 1399/1399/1399 1400/1400/1400 1401/1401/1401
f 1402/1402/1402 1403/1403/1403 1404/1404/1404
f 1405/1405/1405 1406/1406/1406 1407/1407/1407
f 1408/1408/1408 1409/1409/1409 1410/1410/1410
f 1411/1411/1411 1412/1412/1412 1413/1413/1413
f 1414/1414/1414 1415/1415/1415 1416/1416/1416
f 1417/1417/1417 1418/1418/1418 1419/1419/1419
f 1420/1420/1420 1421/1421/1421 1422/1422/1422
f 1423/1423/1423 1424/1424/1424 1425/1425/1425
f 1426/1426/1426 1427/1427/1427 1428/1428/1428
f 1429/1429/1429 1430/1430/1430 1431/1431/1431
f 1432/1432/1432 1433/1433/1433 1434/1434/1434
f 1435/1435/1435 1436/1436/1436 1437/1437/1437
f 1438/1438/1438 1439/1439/1439 1440/1440/1440
f 1441/1441/1441 1442/1442/1442 1443/1443/1443
f 1444/1444/1444 1445/1445/1445 1446/1446/1446
f 1447/1447/1447 1448/1448/1448 1449/1449/1449
f 1450/1450/1450 1451/1451/1451 1452/1452/1452
f 1453/1453/1453 1454/1454/1454 1455/1455/1455
f 1456/1456/1456 1457/1457/1457 1458/1458/1458
f 1459/1459/1459 1460/1460/1460 1461/1461/1461
f 1462/1462/1462 1463/1463/1463 1464/1464/1464
f 1465/1465/1465 1466/1466/1466 1467/1467/1467
f 1468/1468/1468 1469/1469/1469 1470/1470/1470
f 1471/1471/1471 1472/1472/1472 1473/1473/1473
f 1474/1474/1474 1475/1475/1475 1476/1476/1476
f 1477/1477/1477 1478/1478/1478 1479/1479/1479
f 1480/1480/1480 1481/1481/1481 1482/1482/1482
f 1483/1483/1483 1484/1484/1484 1485/1485/1485
f 1486/1486/1486 1487/1487/1487 1488/1488/1488
f 1489/1489/1489 1490/1490/1490 1491/1491/1491
f 1492/1492/1492 1493/1493/1493 1494/1494/1494
f 1495/1495/1495 1496/1496/1496 1497/1497/1497
f 1498/1498/1498 1499/1499/1499 1500/1500/1500
f 1501/1501/1501 1502/1502/1502 1503/1503/1503
f 1504/1504/1504 1505/1505/1505 1506/1506/1506
f 1507/1507/1507 1508/1508/1508 1509/1509/1509
f 1510/1510/1510 1511/1511/1511 1512/1512/1512
f 1513/1513/1513 1514/1514/1514 1515/1515/1515
f 1516/1516/1516 1517/1517/1517 1518/1518/1518
f 1519/1519/1519 1520/1520/1520 1521/1521/1521
f 1522/1522/1522 1523/1523/1523 1524/1524/1524
f 1525/1525/1525 1526/1526/1526 1527/1527/1527
f 1528/1528/1528 1529/1529/1529 1530/1530/1530
f 1531/1531/1531 1532/1532/1532 1533/1533/1533
f 1534/1534/1534 1535/1535/1535 1536/1536/1536
f 1537/1537/1537 1538/1538/1538 1539/1539/1539
f 1540/1540/1540 1541/1541/1541 1542/1542/1542
f 1543/1543/1543 1544/1544/1544 1545/1545/1545
f 1546/1546/1546 1547/1547/1547 1548/1548/1548
f 1549/1549/1549 1550/1550/1550 1551/1551/1551
f 1552/1552/1552 1553/1553/1553 1554/1554/1554
f 1555/1555/1555 1556/1556/1556 1557/1557/1557
f 1558/1558/1558 1559/1559/1559 1560/1560/1560
f 1561/1561/1561 1562/1562/1562 1563/1563/1563
f 1564/1564/1564 1565/1565/1565 1566/1566/1566
f 1567/1567/1567 1568/1568/1568 1569/1569/1569
f 1570/1570/1570 1571/1571/1571 1572/1572/1572
f 1573/1573/1573 1574/1574/1574 1575/1575/1575
f 1576/1576/1576 1577/1577/1577 1578/1578/1578
f 1579/1579/1579 1580/1580/1580 1581/1581/1581
f 1582/1582/1582 1583/1583/1583 1584/1584/1584
f 1585/1585/1585 1586/1586/1586 1587/1587/1587
f 1588/1588/1588 1589/1589/1589 1590/1590/1590
f 1591/1591/1591 1592/1592/1592 1593/1593/1593
f 1594/1594/1594 1595/1595/1595 1596/1596/1596
f 1597/1597/1597 1598/1598/1598 1599/1599/1599
f 1600/1600/1600 1601/1601/1601 1602/1602/1602
f 1603/1603/1603 1604/1604/1604 1605/1605/1605
f 1606/1606/1606 1607/1607/1607 1608/1608/1608
f 1609/1609/1609 1610/1610/1610 1611/1611/1611
f 1612/1612/1612 1613/1613/1613 1614/1614/1614
f 1615/1615/1615 1616/1616/1616 1617/1617/1617
f 1618/1618/1618 1619/1619/1619 1620/1620/1620
f 1621/1621/1621 1622/1622/1622 1623/1623/1623
f 1624/1624/1624 1625/1625/1625 1626/1626/1626
f 1627/1627/1627 1628/1628/1628 1629/1629/1629
f 1630/1630/1630 1631/1631/1631 1632/1632/1632
f 1633/1633/1633 1634/1634/1634 1635/1635/1635
f 1636/1636/1636 1637/1637/1637 1638/1638/1638
f 1639/1639/1639 1640/1640/1640 1641/1641/1641
f 1642/1642/1642 1643/1643/1643 1644/1644/1644
f 1645/1645/1645 1646/1646/1646 1647/1647/1647
f 1648/1648/1648 1649/1649/1649 1650/1650/1650
f 1651/1651/1651 1652/1652/1652 1653/1653/1653
f 1654/1654/1654 1655/1655/1655 1656/1656/1656
f 1657/1657/1657 1658/1658/1658 1659/1659/1659
f 1660/1660/1660 1661/1661/1661 1662/1662/1662
f 1663/1663/1663 1664/1664/1664 1665/1665/1665
f 1666/1666/1666 1667/1667/1667 1668/1668/1668
f 1669/1669/1669 1670/1670/1670 1671/1671/1671
f 1672/1672/1672 1673/1673/1673 1674/1674/1674
f 1675/1675/1675 1676/1676/1676 1677/1677/1677
f 1678/1678/1678 1679/1679/1679 1680/1680/1680
f 1681/1681/1681 1682/1682/1682 1683/1683/1683
f 1684/1684/1684 1685/1685/1685 1686/1686/1686
f 1687/1687/1687 1688/1688/1688 1689/1689/1689
f 1690/1690/1690 1691/1691/1691 1692/1692/1692
f 1693/1693/1693 1694/1694/1694 1695/1695/1695
f 1696/1696/1696 1697/1697/1697 1698/1698/1698
f 1699/1699/1699 1700/1700/1700 1701/1701/1701
f 1702/1702/1702 1703/1703/1703 1704/1704/1704
f 1705/1705/1705 1706/1706/1706 1707/1707/1707
f 1708/1708/1708 1709/1709/1709 1710/1710/1710
f 1711/1711/1711 1712/1712/1712 1713/1713/1713
f 1714/1714/1714 1715/1715/1715 1716/1716/1716
f 1717/1717/1717 1718/1718/1718 1719/1719/1719
f 1720/1720/1720 1721/1721/1721 1722/1722/1722
f 1723/1723/1723 1724/1724/1724 1725/1725/1725
f 1726/1726/1726 1727/1727/1727 1728/1728/1728
f 1729/1729/1729 1730/1730/1730 1731/1731/1731
f 1732/1732/1732 1733/1733/1733 1734/1734/1734